ID,Name_lang,Description_lang,ReputationIndex,ParentFactionID,Expansion,FriendshipRepID,Flags,ParagonFactionID,RenownFactionID,RenownCurrencyID,ReputationClassMask[0],ReputationClassMask[1],ReputationClassMask[2],ReputationClassMask[3],ReputationFlags[0],ReputationFlags[1],ReputationFlags[2],ReputationFlags[3],ReputationBase[0],ReputationBase[1],ReputationBase[2],ReputationBase[3],ReputationMax[0],ReputationMax[1],ReputationMax[2],ReputationMax[3],ParentFactionMod[0],ParentFactionMod[1],ParentFactionCap[0],ParentFactionCap[1],ReputationRaceMasks0[0],ReputationRaceMasks0[1],ReputationRaceMasks1[0],ReputationRaceMasks1[1],ReputationRaceMasks2[0],ReputationRaceMasks2[1],ReputationRaceMasks3[0],ReputationRaceMasks3[1]
1,ИГРОК: человек,,-1,0,0,0,0,0,0,0,0,0,0,0,0,0,0,0,0,0,0,0,0,0,0,0,1,1,5,5,0,0,0,0,0,0,0,0
2,ИГРОК: орк,,-1,0,0,0,0,0,0,0,0,0,0,0,0,0,0,0,0,0,0,0,0,0,0,0,1,1,5,5,0,0,0,0,0,0,0,0
3,ИГРОК: дворф,,-1,0,0,0,0,0,0,0,0,0,0,0,0,0,0,0,0,0,0,0,0,0,0,0,1,1,5,5,0,0,0,0,0,0,0,0
4,ИГРОК: Ночной эльф,,-1,0,0,0,0,0,0,0,0,0,0,0,0,0,0,0,0,0,0,0,0,0,0,0,1,1,5,5,0,0,0,0,0,0,0,0
5,ИГРОК: нежить,,-1,0,0,0,0,0,0,0,0,0,0,0,0,0,0,0,0,0,0,0,0,0,0,0,1,1,5,5,0,0,0,0,0,0,0,0
6,ИГРОК: таурен,,-1,0,0,0,0,0,0,0,0,0,0,0,0,0,0,0,0,0,0,0,0,0,0,0,1,1,5,5,0,0,0,0,0,0,0,0
7,Существо,,-1,0,0,0,0,0,0,0,0,0,0,0,0,0,0,0,0,0,0,0,0,0,0,0,1,1,5,5,0,0,0,0,0,0,0,0
8,ИГРОК: гном,,-1,0,0,0,0,0,0,0,0,0,0,0,0,0,0,0,0,0,0,0,0,0,0,0,1,1,5,5,0,0,0,0,0,0,0,0
9,ИГРОК: тролль,,-1,0,0,0,0,0,0,0,0,0,0,0,0,0,0,0,0,0,0,0,0,0,0,0,1,1,5,5,0,0,0,0,0,0,0,0
14,Монстр,,-1,0,0,0,0,0,0,0,0,0,0,0,0,0,0,0,0,0,0,0,0,0,0,0,1,1,5,5,0,0,0,0,0,0,0,0
15,Братство Справедливости,,-1,0,0,0,0,0,0,0,0,0,0,0,0,0,0,0,0,0,0,0,0,0,0,0,1,1,5,5,0,0,0,0,0,0,0,0
16,Гнолл: Речная Лапа,,-1,0,0,0,0,0,0,0,0,0,0,0,0,0,0,0,0,0,0,0,0,0,0,0,1,1,5,5,0,0,0,0,0,0,0,0
17,Гнолл: Племя Красногорья,,-1,0,0,0,0,0,0,0,0,0,0,0,0,0,0,0,0,0,0,0,0,0,0,0,1,1,5,5,0,0,0,0,0,0,0,0
18,Гнолл: Темношкуры,,-1,0,0,0,0,0,0,0,0,0,0,0,0,0,0,0,0,0,0,0,0,0,0,0,1,1,5,5,0,0,0,0,0,0,0,0
19,Мурлок,,-1,0,0,0,0,0,0,0,0,0,0,0,0,0,0,0,0,0,0,0,0,0,0,0,1,1,5,5,0,0,0,0,0,0,0,0
20,"Нежить, Плеть",,-1,0,0,0,0,0,0,0,0,0,0,0,0,0,0,0,0,0,0,0,0,0,0,0,1,1,5,5,0,0,0,0,0,0,0,0
21,Пиратская Бухта,"В этом процветающем приморском городе правит барон Ревилгаз, разбойник Черноводья. Город входит в картель Хитрой Шестеренки и ведет войну с Кровавым парусом.",1,169,0,0,0,0,0,0,0,0,0,0,64,0,0,0,500,0,0,0,42000,0,0,0,1,0.5,7,5,-1,-1,0,0,0,0,0,0
22,Животное: паук,,-1,0,0,0,0,0,0,0,0,0,0,0,0,0,0,0,0,0,0,0,0,0,0,0,1,1,5,5,0,0,0,0,0,0,0,0
23,Животное: кабан,,-1,0,0,0,0,0,0,0,0,0,0,0,0,0,0,0,0,0,0,0,0,0,0,0,1,1,5,5,0,0,0,0,0,0,0,0
24,Ворген,,-1,0,0,0,0,0,0,0,0,0,0,0,0,0,0,0,0,0,0,0,0,0,0,0,1,1,5,5,0,0,0,0,0,0,0,0
25,Кобольд,,-1,0,0,0,0,0,0,0,0,0,0,0,0,0,0,0,0,0,0,0,0,0,0,0,1,1,5,5,0,0,0,0,0,0,0,0
26,Тролль: Кровавый Скальп,,-1,0,0,0,0,0,0,0,0,0,0,0,0,0,0,0,0,0,0,0,0,0,0,0,1,1,5,5,0,0,0,0,0,0,0,0
27,Тролль: Дробители Черепов,,-1,0,0,0,0,0,0,0,0,0,0,0,0,0,0,0,0,0,0,0,0,0,0,0,1,1,5,5,0,0,0,0,0,0,0,0
28,Добыча,,-1,0,0,0,0,0,0,0,0,0,0,0,0,0,0,0,0,0,0,0,0,0,0,0,1,1,5,5,0,0,0,0,0,0,0,0
29,Животное: волк,,-1,0,0,0,0,0,0,0,0,0,0,0,0,0,0,0,0,0,0,0,0,0,0,0,1,1,5,5,0,0,0,0,0,0,0,0
30,Предатель братства Справедливости,,-1,0,0,0,0,0,0,0,0,0,0,0,0,0,0,0,0,0,0,0,0,0,0,0,1,1,5,5,0,0,0,0,0,0,0,0
31,Дружественный,,-1,0,0,0,0,0,0,0,0,0,0,0,0,0,0,0,0,0,0,0,0,0,0,0,1,1,5,5,0,0,0,0,0,0,0,0
32,Трогг,,-1,0,0,0,0,0,0,0,0,0,0,0,0,0,0,0,0,0,0,0,0,0,0,0,1,1,5,5,0,0,0,0,0,0,0,0
33,Тролль: Мерзлогривы,,-1,0,0,0,0,0,0,0,0,0,0,0,0,0,0,0,0,0,0,0,0,0,0,0,1,1,5,5,0,0,0,0,0,0,0,0
34,Орк: Черная гора,,-1,0,0,0,0,0,0,0,0,0,0,0,0,0,0,0,0,0,0,0,0,0,0,0,1,1,5,5,0,0,0,0,0,0,0,0
35,Злодей,,-1,0,0,0,0,0,0,0,0,0,0,0,0,0,0,0,0,0,0,0,0,0,0,0,1,1,5,5,0,0,0,0,0,0,0,0
36,Жертва,,-1,0,0,0,0,0,0,0,0,0,0,0,0,0,0,0,0,0,0,0,0,0,0,0,1,1,5,5,0,0,0,0,0,0,0,0
37,Животное: медведь,,-1,0,0,0,0,0,0,0,0,0,0,0,0,0,0,0,0,0,0,0,0,0,0,0,1,1,5,5,0,0,0,0,0,0,0,0
38,Огр,,-1,0,0,0,0,0,0,0,0,0,0,0,0,0,0,0,0,0,0,0,0,0,0,0,1,1,5,5,0,0,0,0,0,0,0,0
39,Наемники Курцена,,-1,0,0,0,0,0,0,0,0,0,0,0,0,0,0,0,0,0,0,0,0,0,0,0,1,1,5,5,0,0,0,0,0,0,0,0
40,Сопровождаемый,,-1,0,0,0,0,0,0,0,0,0,0,0,0,0,0,0,0,0,0,0,0,0,0,0,1,1,5,5,0,0,0,0,0,0,0,0
41,Торговая компания,,-1,0,0,0,0,0,0,0,0,0,0,0,0,0,0,0,0,0,0,0,0,0,0,0,1,1,5,5,0,0,0,0,0,0,0,0
42,Животное: ящер,,-1,0,0,0,0,0,0,0,0,0,0,0,0,0,0,0,0,0,0,0,0,0,0,0,1,1,5,5,0,0,0,0,0,0,0,0
43,Василиск,,-1,0,0,0,0,0,0,0,0,0,0,0,0,0,0,0,0,0,0,0,0,0,0,0,1,1,5,5,0,0,0,0,0,0,0,0
44,Зеленые драконы,,-1,0,0,0,0,0,0,0,0,0,0,0,0,0,0,0,0,0,0,0,0,0,0,0,1,1,5,5,0,0,0,0,0,0,0,0
45,Заблудшие,,-1,0,0,0,0,0,0,0,0,0,0,0,0,0,0,0,0,0,0,0,0,0,0,0,1,1,5,5,0,0,0,0,0,0,0,0
46,Кузнечное дело: ковка доспехов,,29,0,0,0,0,0,0,0,0,0,0,0,4,0,0,0,0,0,0,0,3000,0,0,0,1,1,5,5,-1,-1,0,0,0,0,0,0
47,Стальгорн,"Одна из столиц Альянса, населенная дворфами Дун Морога. Вотчина короля Магни.",20,469,0,0,0,0,0,0,0,0,0,0,273,6,17,0,3100,-42000,4000,0,42000,-42000,42000,0,1,0.25,4,7,-1321909175,0,1309324210,-1440044374,2052,0,0,0
48,Дворфы клана Черного Железа,,-1,0,0,0,0,0,0,0,0,0,0,0,0,0,0,0,0,0,0,0,0,0,0,0,1,1,5,5,0,0,0,0,0,0,0,0
49,Человек: Ночной дозор,,-1,0,0,0,0,0,0,0,0,0,0,0,0,0,0,0,0,0,0,0,0,0,0,0,1,1,5,5,0,0,0,0,0,0,0,0
50,Красные драконы,,-1,0,0,0,0,0,0,0,0,0,0,0,0,0,0,0,0,0,0,0,0,0,0,0,1,1,5,5,0,0,0,0,0,0,0,0
51,Гнолл: Мохошкур,,-1,0,0,0,0,0,0,0,0,0,0,0,0,0,0,0,0,0,0,0,0,0,0,0,1,1,5,5,0,0,0,0,0,0,0,0
52,Орк Скверны: клан Драконьей Пасти,,-1,0,0,0,0,0,0,0,0,0,0,0,0,0,0,0,0,0,0,0,0,0,0,0,1,1,5,5,0,0,0,0,0,0,0,0
53,Гном: зараженный,,-1,0,0,0,0,0,0,0,0,0,0,0,0,0,0,0,0,0,0,0,0,0,0,0,1,1,5,5,0,0,0,0,0,0,0,0
54,Гномреган,"Бывшие жители Гномрегана, живущие в Новом Городе Механиков и входящие в состав Альянса.",18,469,0,0,0,0,0,0,0,0,0,0,273,6,17,0,3100,-42000,4000,0,42000,-42000,42000,0,1,0.25,4,7,-1321923571,0,1309324210,-1440044374,16448,0,0,0
55,Леопард,,-1,0,0,0,0,0,0,0,0,0,0,0,0,0,0,0,0,0,0,0,0,0,0,0,1,1,5,5,0,0,0,0,0,0,0,0
56,Алый орден,,-1,0,0,0,0,0,0,0,0,0,0,0,0,0,0,0,0,0,0,0,0,0,0,0,1,1,5,5,0,0,0,0,0,0,0,0
57,Гнолл: Гнилошкуры,,-1,0,0,0,0,0,0,0,0,0,0,0,0,0,0,0,0,0,0,0,0,0,0,0,1,1,5,5,0,0,0,0,0,0,0,0
58,Животное: горилла,,-1,0,0,0,0,0,0,0,0,0,0,0,0,0,0,0,0,0,0,0,0,0,0,0,1,1,5,5,0,0,0,0,0,0,0,0
59,Братство Тория,Дворфы из братства Тория – прославленные мастера и лучшие знатоки тайн Черной горы.,4,1118,0,0,0,0,0,0,0,0,0,0,16,0,0,0,0,0,0,0,42000,0,0,0,0,0,5,5,-1,-1,0,0,0,0,0,0
60,Нага,,-1,0,0,0,0,0,0,0,0,0,0,0,0,0,0,0,0,0,0,0,0,0,0,0,1,1,5,5,0,0,0,0,0,0,0,0
61,Даларан,,-1,0,0,0,0,0,0,0,0,0,0,0,0,0,0,0,0,0,0,0,0,0,0,0,1,1,5,5,0,0,0,0,0,0,0,0
62,Неприкаянный дух,,-1,0,0,0,0,0,0,0,0,0,0,0,0,0,0,0,0,0,0,0,0,0,0,0,1,1,5,5,0,0,0,0,0,0,0,0
63,Мрачный Вой,,-1,0,0,0,0,0,0,0,0,0,0,0,0,0,0,0,0,0,0,0,0,0,0,0,1,1,5,5,0,0,0,0,0,0,0,0
64,Грелль,,-1,0,0,0,0,0,0,0,0,0,0,0,0,0,0,0,0,0,0,0,0,0,0,0,1,1,5,5,0,0,0,0,0,0,0,0
65,Фурболг,,-1,0,0,0,0,0,0,0,0,0,0,0,0,0,0,0,0,0,0,0,0,0,0,0,1,1,5,5,0,0,0,0,0,0,0,0
66,Орда: стандартный,,-1,0,0,0,0,0,0,0,0,0,0,0,0,0,0,0,0,0,0,0,0,0,0,0,1,1,5,5,0,0,0,0,0,0,0,0
67,Орда,,12,1118,0,0,0,0,0,0,0,0,0,0,25,14,0,0,3500,-42000,0,0,42000,-42000,0,0,0,0,5,5,1309324210,-1440044374,-1321907123,1427461461,0,0,0,0
68,Подгород,"Подземелья под Руинами Лордерона населены Отрекшимися, заключившими хрупкий союз с Ордой. Ими правит леди Сильвана Ветрокрылая.",17,67,0,0,0,0,0,0,0,0,0,0,273,6,17,17,500,-42000,4000,3100,42000,-42000,42000,42000,1,0.25,4,7,1309323682,0,-1321907123,1427461461,16,0,512,0
69,Дарнас,"Одна из столиц Альянса, расположенная на острове Тельдрассил и населенная ночными эльфами. Здесь правит жрица луны по имени Тиранда Шелест Ветра.",21,469,0,0,0,0,0,0,0,0,0,0,273,6,17,0,3100,-42000,4000,0,42000,-42000,42000,0,1,0.25,4,7,-1321907131,0,1309324210,-1440044374,8,0,0,0
70,Синдикат,"Преступное сообщество, организованное людьми. Действует почти на всей территории Альтеракских гор и предгорий Хилсбрада.",6,1118,0,0,0,0,0,0,0,0,0,0,2,0,0,0,-10000,0,0,0,0,0,0,0,0,0,5,5,-1,-1,0,0,0,0,0,0
71,Дружина Хилсбрада,,-1,0,0,0,0,0,0,0,0,0,0,0,0,0,0,0,0,0,0,0,0,0,0,0,1,1,5,5,0,0,0,0,0,0,0,0
72,Штормград,"Столица Альянса, один из последних оплотов могущества человеческой расы. Правит Штормградом молодой, но мудрый король Андуин Ринн.",19,469,0,0,0,0,0,0,0,0,0,0,273,6,17,0,3100,-42000,4000,0,42000,-42000,42000,0,1,0.25,4,7,825576524,0,1309324210,-1440044374,-2147483647,0,0,0
73,Демон,,-1,0,0,0,0,0,0,0,0,0,0,0,0,0,0,0,0,0,0,0,0,0,0,0,1,1,5,5,0,0,0,0,0,0,0,0
74,Элементаль,,-1,0,0,0,0,0,0,0,0,0,0,0,0,0,0,0,0,0,0,0,0,0,0,0,1,1,5,5,0,0,0,0,0,0,0,0
75,Дух,,-1,0,0,0,0,0,0,0,0,0,0,0,0,0,0,0,0,0,0,0,0,0,0,0,1,1,5,5,0,0,0,0,0,0,0,0
76,Оргриммар,"Эта столица Орды, основанная Траллом, служит домом для множества орочьих кланов Дуротара.",14,67,0,0,0,0,0,0,0,0,0,0,273,6,17,17,3100,-42000,4000,500,42000,-42000,42000,42000,1,0.25,4,7,1309315488,0,-1321907123,1427461461,8194,0,528,0
77,Сокровище,,-1,0,0,0,0,0,0,0,0,0,0,0,0,0,0,0,0,0,0,0,0,0,0,0,1,1,5,5,0,0,0,0,0,0,0,0
78,Гнолл: Грязнорылы,,-1,0,0,0,0,0,0,0,0,0,0,0,0,0,0,0,0,0,0,0,0,0,0,0,1,1,5,5,0,0,0,0,0,0,0,0
79,"Хилсбрад, мэр Южнобережья",,-1,0,0,0,0,0,0,0,0,0,0,0,0,0,0,0,0,0,0,0,0,0,0,0,1,1,5,5,0,0,0,0,0,0,0,0
80,Черные драконы,,-1,0,0,0,0,0,0,0,0,0,0,0,0,0,0,0,0,0,0,0,0,0,0,0,1,1,5,5,0,0,0,0,0,0,0,0
81,Громовой Утес,В этой столице Орды правит могучий таурен Бейн Кровавое Копыто.,16,67,0,0,0,0,0,0,0,0,0,0,273,6,17,17,3100,-42000,500,4000,42000,-42000,42000,42000,1,0.25,4,7,1175105922,0,-1321907123,1427461461,528,0,134217760,0
82,Тролль: Сухокожие,,-1,0,0,0,0,0,0,0,0,0,0,0,0,0,0,0,0,0,0,0,0,0,0,0,1,1,5,5,0,0,0,0,0,0,0,0
83,Кожевничество: сила стихий,,23,0,0,0,0,0,0,0,0,0,0,0,4,0,0,0,2999,0,0,0,3000,0,0,0,1,1,5,5,-1,-1,0,0,0,0,0,0
84,Свинобраз: Иглогривые,,-1,0,0,0,0,0,0,0,0,0,0,0,0,0,0,0,0,0,0,0,0,0,0,0,1,1,5,5,0,0,0,0,0,0,0,0
85,Свинобраз: Дыбогривы,,-1,0,0,0,0,0,0,0,0,0,0,0,0,0,0,0,0,0,0,0,0,0,0,0,1,1,5,5,0,0,0,0,0,0,0,0
86,Кожевничество: чешуя дракона,,22,0,0,0,0,0,0,0,0,0,0,0,4,0,0,0,2999,0,0,0,3000,0,0,0,1,1,5,5,-1,-1,0,0,0,0,0,0
87,Пираты Кровавого Паруса,"Кровожадные пираты, известные всем капитанам торговых кораблей. Заклятые враги жителей Пиратской Бухты.",0,1118,0,0,0,0,0,0,0,0,0,0,2,0,0,0,-6500,0,0,0,42000,0,0,0,0,0,5,5,-1,-1,0,0,0,0,0,0
88,Непроглядная пучина,,-1,0,0,0,0,0,0,0,0,0,0,0,0,0,0,0,0,0,0,0,0,0,0,0,1,1,5,5,0,0,0,0,0,0,0,0
89,Макрура,,-1,0,0,0,0,0,0,0,0,0,0,0,0,0,0,0,0,0,0,0,0,0,0,0,1,1,5,5,0,0,0,0,0,0,0,0
90,Кентавр: Колкар,,-1,0,0,0,0,0,0,0,0,0,0,0,0,0,0,0,0,0,0,0,0,0,0,0,1,1,5,5,0,0,0,0,0,0,0,0
91,Кентавр: Галак,,-1,0,0,0,0,0,0,0,0,0,0,0,0,0,0,0,0,0,0,0,0,0,0,0,1,1,5,5,0,0,0,0,0,0,0,0
92,Кентавры из племени Гелкис,Это племя кентавров обосновалось в южной части Пустошей. Заклятые враги племени Маграм.,2,1118,0,0,0,0,0,0,0,0,0,0,2,0,0,0,2000,0,0,0,42000,0,0,0,0,0,5,5,-1,-1,0,0,0,0,0,0
93,Кентавры из племени Маграм,Это племя кентавров обосновалось в восточной части Пустошей. Заклятые враги племени Гелкис.,3,1118,0,0,0,0,0,0,0,0,0,0,2,0,0,0,2000,0,0,0,42000,0,0,0,0,0,5,5,-1,-1,0,0,0,0,0,0
94,Мародин,,-1,0,0,0,0,0,0,0,0,0,0,0,0,0,0,0,0,0,0,0,0,0,0,0,1,1,5,5,0,0,0,0,0,0,0,0
108,Терамор,,-1,0,0,0,0,0,0,0,0,0,0,0,0,0,0,0,0,0,0,0,0,0,0,0,1,1,5,5,0,0,0,0,0,0,0,0
109,Свинобраз: Иглошкуры,,-1,0,0,0,0,0,0,0,0,0,0,0,0,0,0,0,0,0,0,0,0,0,0,0,1,1,5,5,0,0,0,0,0,0,0,0
110,Свинобраз: Иглогривые,,-1,0,0,0,0,0,0,0,0,0,0,0,0,0,0,0,0,0,0,0,0,0,0,0,1,1,5,5,0,0,0,0,0,0,0,0
111,Свинобраз: Мертвая Голова,,-1,0,0,0,0,0,0,0,0,0,0,0,0,0,0,0,0,0,0,0,0,0,0,0,1,1,5,5,0,0,0,0,0,0,0,0
128,Противник,,-1,0,0,0,0,0,0,0,0,0,0,0,0,0,0,0,0,0,0,0,0,0,0,0,1,1,5,5,0,0,0,0,0,0,0,0
148,Фауна,,-1,0,0,0,0,0,0,0,0,0,0,0,0,0,0,0,0,0,0,0,0,0,0,0,1,1,5,5,0,0,0,0,0,0,0,0
168,Караван Стражей Пустоты,,-1,0,0,0,0,0,0,0,0,0,0,0,0,0,0,0,0,0,0,0,0,0,0,0,1,1,5,5,0,0,0,0,0,0,0,0
169,Картель Хитрой Шестеренки,,10,1118,0,0,0,0,0,0,0,0,0,0,12,0,0,0,500,0,0,0,42000,0,0,0,0,0,5,5,-1,-1,0,0,0,0,0,0
189,Альянс: стандартный,,-1,0,0,0,0,0,0,0,0,0,0,0,0,0,0,0,0,0,0,0,0,0,0,0,1,1,5,5,0,0,0,0,0,0,0,0
209,Крепость Стражей Пустоты,,-1,0,0,0,0,0,0,0,0,0,0,0,0,0,0,0,0,0,0,0,0,0,0,0,1,1,5,5,0,0,0,0,0,0,0,0
229,Пещеры Стенаний,,-1,0,0,0,0,0,0,0,0,0,0,0,0,0,0,0,0,0,0,0,0,0,0,0,1,1,5,5,0,0,0,0,0,0,0,0
249,Силитиды,,-1,0,0,0,0,0,0,0,0,0,0,0,0,0,0,0,0,0,0,0,0,0,0,0,1,1,5,5,0,0,0,0,0,0,0,0
269,Дети Луносвета,,-1,0,0,0,0,0,0,0,0,0,0,0,0,0,0,0,0,0,0,0,0,0,0,0,1,1,5,5,0,0,0,0,0,0,0,0
270,Племя Зандалари,Эти тролли прибыли на остров Йоджамба в поисках помощи для борьбы с воскресшим Кровавым богом и его жрецами-Атал'аями в Зул'Гурубе.,51,1118,0,0,0,0,0,0,0,0,0,0,16,0,0,0,0,0,0,0,42000,0,0,0,0,0,5,5,-1,-1,0,0,0,0,0,0
289,Кузнечное дело: ковка оружия,,30,0,0,0,0,0,0,0,0,0,0,0,4,0,0,0,0,0,0,0,3000,0,0,0,1,1,5,5,-1,-1,0,0,0,0,0,0
309,Скорпид,,-1,0,0,0,0,0,0,0,0,0,0,0,0,0,0,0,0,0,0,0,0,0,0,0,1,1,5,5,0,0,0,0,0,0,0,0
310,Животное: летучая мышь,,-1,0,0,0,0,0,0,0,0,0,0,0,0,0,0,0,0,0,0,0,0,0,0,0,1,1,5,5,0,0,0,0,0,0,0,0
311,Титан,,-1,0,0,0,0,0,0,0,0,0,0,0,0,0,0,0,0,0,0,0,0,0,0,0,1,1,5,5,0,0,0,0,0,0,0,0
329,Надсмотрщик Физзул,,-1,0,0,0,0,0,0,0,0,0,0,0,0,0,0,0,0,0,0,0,0,0,0,0,1,1,5,5,0,0,0,0,0,0,0,0
349,Черный Ворон,В эту гильдию воров и убийц принимают только настоящих мастеров своего дела. Заклятые враги Синдиката.,5,1118,0,0,0,0,0,0,0,0,0,0,0,0,0,0,0,0,0,0,42000,0,0,0,0,0,5,5,-1,-1,0,0,0,0,0,0
369,Прибамбасск,"Столица картеля Хитрой Шестеренки, населенная лучшими инженерами, алхимиками и торговцами народа гоблинов.",7,169,0,0,0,0,0,0,0,0,0,0,64,0,0,0,500,0,0,0,42000,0,0,0,1,0.5,7,5,-1,-1,0,0,0,0,0,0
389,Гномреганский жук,,-1,0,0,0,0,0,0,0,0,0,0,0,0,0,0,0,0,0,0,0,0,0,0,0,1,1,5,5,0,0,0,0,0,0,0,0
409,Гарпия,,-1,0,0,0,0,0,0,0,0,0,0,0,0,0,0,0,0,0,0,0,0,0,0,0,1,1,5,5,0,0,0,0,0,0,0,0
429,Пылающий Клинок,,-1,0,0,0,0,0,0,0,0,0,0,0,0,0,0,0,0,0,0,0,0,0,0,0,1,1,5,5,0,0,0,0,0,0,0,0
449,Браконьер тенешелка,,-1,0,0,0,0,0,0,0,0,0,0,0,0,0,0,0,0,0,0,0,0,0,0,0,1,1,5,5,0,0,0,0,0,0,0,0
450,Лавовый паук,,-1,0,0,0,0,0,0,0,0,0,0,0,0,0,0,0,0,0,0,0,0,0,0,0,1,1,5,5,0,0,0,0,0,0,0,0
469,Альянс,,11,1118,0,0,0,0,0,0,0,0,0,0,25,14,0,0,3300,-42000,0,0,42000,-42000,0,0,0,0,5,5,-1321907123,1427461461,1309324210,-1440044374,0,0,0,0
470,Кабестан,Этот гоблинский город входит в картель Хитрой Шестеренки и уже много лет предоставляет убежище торговцам Степей.,9,169,0,0,0,0,0,0,0,0,0,0,64,0,0,0,500,0,0,0,42000,0,0,0,1,0.5,7,5,-1,-1,0,0,0,0,0,0
489,Гоблин: завсегдатай бара Черного Железа,,-1,0,0,0,0,0,0,0,0,0,0,0,0,0,0,0,0,0,0,0,0,0,0,0,1,1,5,5,0,0,0,0,0,0,0,0
509,Лига Аратора,Цель Лиги Аратора – вернуть низину Арати своим благодетелям из Штормграда.,53,891,0,0,0,0,0,0,0,0,0,0,16,2,0,0,0,-42000,0,0,42000,-42000,0,0,0,0,5,5,-1321907123,1427461461,1309324210,-1440044374,0,0,0,0
510,Осквернители,"Осквернители ведут борьбу за то, чтобы богатства низины Арати достались Орде.",52,892,0,0,0,0,0,0,0,0,0,0,16,2,0,0,0,-42000,0,0,42000,-42000,0,0,0,0,5,5,1309324210,-1440044374,-1321907123,1427461461,0,0,0,0
511,Великан,,-1,0,0,0,0,0,0,0,0,0,0,0,0,0,0,0,0,0,0,0,0,0,0,0,1,1,5,5,0,0,0,0,0,0,0,0
529,Серебряный Рассвет,"Организация, созданная для защиты Азерота от Плети. Крепости Серебряного Рассвета можно найти в Западных и Восточных Чумных землях.",13,1118,0,0,0,0,0,0,0,0,0,0,0,0,0,0,200,0,0,0,42000,0,0,0,0,0,5,5,-1,-1,0,0,0,0,0,0
530,Племя Черного Копья,"Тролли-изгнанники, примкнувшие к Траллу и вставшие на сторону Орды. Сейчас они считают своим домом Дуротар.",15,67,0,0,0,0,0,0,0,0,0,0,273,6,17,17,3100,-42000,500,4000,42000,-42000,42000,42000,1,0.25,4,7,235581730,0,-1321907123,1427461461,528,0,1073741952,0
531,Бронзовые драконы,,-1,0,0,0,0,0,0,0,0,0,0,0,0,0,0,0,0,0,0,0,0,0,0,0,1,1,5,5,0,0,0,0,0,0,0,0
532,Синие драконы,,-1,0,0,0,0,0,0,0,0,0,0,0,0,0,0,0,0,0,0,0,0,0,0,0,1,1,5,5,0,0,0,0,0,0,0,0
549,Кожевничество: традиции предков,,24,0,0,0,0,0,0,0,0,0,0,0,4,0,0,0,2999,0,0,0,3000,0,0,0,1,1,5,5,-1,-1,0,0,0,0,0,0
550,Инженерное дело: школа гоблинов,,26,0,0,0,0,0,0,0,0,0,0,0,4,0,0,0,2999,0,0,0,3000,0,0,0,1,1,5,5,-1,-1,0,0,0,0,0,0
551,Инженерное дело: школа гномов,,25,0,0,0,0,0,0,0,0,0,0,0,4,0,0,0,2999,0,0,0,3000,0,0,0,1,1,5,5,-1,-1,0,0,0,0,0,0
569,Кузнечное дело: ковка молотов,,33,0,0,0,0,0,0,0,0,0,0,0,4,0,0,0,0,0,0,0,3000,0,0,0,1,1,5,5,-1,-1,0,0,0,0,0,0
570,Кузнечное дело: ковка топоров,,31,0,0,0,0,0,0,0,0,0,0,0,4,0,0,0,0,0,0,0,3000,0,0,0,1,1,5,5,-1,-1,0,0,0,0,0,0
571,Кузнечное дело: ковка мечей,,32,0,0,0,0,0,0,0,0,0,0,0,4,0,0,0,0,0,0,0,3000,0,0,0,1,1,5,5,-1,-1,0,0,0,0,0,0
572,Тролль: Порочная Ветвь,,-1,0,0,0,0,0,0,0,0,0,0,0,0,0,0,0,0,0,0,0,0,0,0,0,1,1,5,5,0,0,0,0,0,0,0,0
573,Флибустьеры Южных Морей,,-1,0,0,0,0,0,0,0,0,0,0,0,0,0,0,0,0,0,0,0,0,0,0,0,1,1,5,5,0,0,0,0,0,0,0,0
574,Каэр Дарроу,,34,0,0,0,0,0,0,0,0,0,0,0,4,0,0,0,0,0,0,0,42000,0,0,0,1,1,5,5,-1,-1,0,0,0,0,0,0
575,"Фурболг, Неиспорченный",,-1,0,0,0,0,0,0,0,0,0,0,0,0,0,0,0,0,0,0,0,0,0,0,0,1,1,5,5,0,0,0,0,0,0,0,0
576,Древобрюхи,"Древобрюхи – единственное племя фурболгов, сумевшее избежать Порчи. Представители этого племени хранят традиции своего народа и стремятся прекратить мучения своих братьев.",35,1118,0,0,0,0,0,0,0,0,0,0,0,0,0,0,-2900,0,0,0,42000,0,0,0,0,0,5,5,-1,-1,0,0,0,0,0,0
577,Круговзор,"Торговый пост картеля Хитрой Шестеренки, расположенный на перекрестке основных торговых путей Зимних Ключей.",28,169,0,0,0,0,0,0,0,0,0,0,64,0,0,0,500,0,0,0,42000,0,0,0,1,0.5,7,5,-1,-1,0,0,0,0,0,0
589,Укротители ледопардов,"Малочисленное и замкнутое сообщество ночных эльфов, занимающихся разведением и дрессировкой ледопардов в Зимних Ключах.",27,1118,0,0,0,0,0,0,0,0,0,0,6,0,0,0,-42000,0,0,0,-42000,42000,0,0,0,0,5,5,1309324210,-1440044374,-1321907123,1427461461,0,0,0,0
609,Круг Кенария,"Друиды Круга Кенария, стоящие на страже природы, избрали своим домом Лунную поляну.",36,1118,0,0,0,0,0,0,7167,1024,0,0,16,16,0,0,0,2000,0,0,42000,42000,0,0,0,0,5,5,-1,-1,-878706520,0,0,0,0,0
629,Тролли из племени Пронзающего Копья,,-1,0,0,0,0,0,0,0,0,0,0,0,0,0,0,0,0,0,0,0,0,0,0,0,1,1,5,5,0,0,0,0,0,0,0,0
630,Дрессировщики равазавров,,-1,0,0,0,0,0,0,0,0,0,0,0,0,0,0,0,0,0,0,0,0,0,0,0,1,1,5,5,0,0,0,0,0,0,0,0
649,Мажордом Экзекутус,,-1,0,0,0,0,0,0,0,0,0,0,0,0,0,0,0,0,0,0,0,0,0,0,0,1,1,5,5,0,0,0,0,0,0,0,0
669,Животное: падальщик,,-1,0,0,0,0,0,0,0,0,0,0,0,0,0,0,0,0,0,0,0,0,0,0,0,1,1,5,5,0,0,0,0,0,0,0,0
670,Животное: кошка,,-1,0,0,0,0,0,0,0,0,0,0,0,0,0,0,0,0,0,0,0,0,0,0,0,1,1,5,5,0,0,0,0,0,0,0,0
671,Животное: краб,,-1,0,0,0,0,0,0,0,0,0,0,0,0,0,0,0,0,0,0,0,0,0,0,0,1,1,5,5,0,0,0,0,0,0,0,0
672,Животное: кроколиск,,-1,0,0,0,0,0,0,0,0,0,0,0,0,0,0,0,0,0,0,0,0,0,0,0,1,1,5,5,0,0,0,0,0,0,0,0
673,Животное: гиена,,-1,0,0,0,0,0,0,0,0,0,0,0,0,0,0,0,0,0,0,0,0,0,0,0,1,1,5,5,0,0,0,0,0,0,0,0
674,Животное: сова,,-1,0,0,0,0,0,0,0,0,0,0,0,0,0,0,0,0,0,0,0,0,0,0,0,1,1,5,5,0,0,0,0,0,0,0,0
675,Животное: скорпид,,-1,0,0,0,0,0,0,0,0,0,0,0,0,0,0,0,0,0,0,0,0,0,0,0,1,1,5,5,0,0,0,0,0,0,0,0
676,Животное: долгоног,,-1,0,0,0,0,0,0,0,0,0,0,0,0,0,0,0,0,0,0,0,0,0,0,0,1,1,5,5,0,0,0,0,0,0,0,0
677,Животное: черепаха,,-1,0,0,0,0,0,0,0,0,0,0,0,0,0,0,0,0,0,0,0,0,0,0,0,1,1,5,5,0,0,0,0,0,0,0,0
678,Животное: крылатый змей,,-1,0,0,0,0,0,0,0,0,0,0,0,0,0,0,0,0,0,0,0,0,0,0,0,1,1,5,5,0,0,0,0,0,0,0,0
679,Тренировочный манекен,,-1,0,0,0,0,0,0,0,0,0,0,0,0,0,0,0,0,0,0,0,0,0,0,0,1,1,5,5,0,0,0,0,0,0,0,0
689,Черные драконы: наживка,,-1,0,0,0,0,0,0,0,0,0,0,0,0,0,0,0,0,0,0,0,0,0,0,0,1,1,5,5,0,0,0,0,0,0,0,0
709,Поле боя: нейтральные,,-1,0,0,0,0,0,0,0,0,0,0,0,0,0,0,0,0,0,0,0,0,0,0,0,1,1,5,5,0,0,0,0,0,0,0,0
729,Азеротский клан Северного Волка,Клан Северного Волка стремится изгнать дворфов из клана Грозовой Вершины из Альтеракской долины.,41,892,0,0,0,0,0,0,0,0,0,0,16,6,0,0,0,-42000,0,0,42000,-42000,0,0,0,0,5,5,1309324210,-1440044374,-1321907123,1427461461,0,0,0,0
730,Стража Грозовой Вершины,"Отряд дворфов из клана Грозовой Вершины, вынужденный обосноваться в Альтеракской долине из-за орков из клана Северного Волка.",40,891,0,0,0,0,0,0,0,0,0,0,16,6,0,0,0,-42000,0,0,42000,-42000,0,0,0,0,5,5,-1321907123,1427461461,1309324210,-1440044374,0,0,0,0
749,Гидраксианские Повелители Вод,Эти элементали воды обосновались на островах к востоку от Азшары. Заклятые враги Рагнароса.,42,1118,0,0,0,0,0,0,0,0,0,0,0,0,0,0,0,0,0,0,42000,0,0,0,0,0,5,5,-1,-1,0,0,0,0,0,0
750,Сульфуронские Повелители Огня,,-1,0,0,0,0,0,0,0,0,0,0,0,0,0,0,0,0,0,0,0,0,0,0,0,1,1,5,5,0,0,0,0,0,0,0,0
769,Манекен-мишень Гизлока,,-1,0,0,0,0,0,0,0,0,0,0,0,0,0,0,0,0,0,0,0,0,0,0,0,1,1,5,5,0,0,0,0,0,0,0,0
770,Оберег Гизлока,,-1,0,0,0,0,0,0,0,0,0,0,0,0,0,0,0,0,0,0,0,0,0,0,0,1,1,5,5,0,0,0,0,0,0,0,0
771,Гизлок,,-1,0,0,0,0,0,0,0,0,0,0,0,0,0,0,0,0,0,0,0,0,0,0,0,1,1,5,5,0,0,0,0,0,0,0,0
789,Моро'гай,,-1,0,0,0,0,0,0,0,0,0,0,0,0,0,0,0,0,0,0,0,0,0,0,0,1,1,5,5,0,0,0,0,0,0,0,0
790,Хранитель душ Альянса,,-1,0,0,0,0,0,0,0,0,0,0,0,0,0,0,0,0,0,0,0,0,0,0,0,1,1,5,5,0,0,0,0,0,0,0,0
809,Шен'дралар,"Последние эльфы Забытого города утратили былое могущество, но все еще хранят знания о древних тайнах.",44,1118,0,0,0,0,0,0,0,0,0,0,16,0,0,0,0,0,0,0,42000,0,0,0,0,0,5,5,-1,-1,0,0,0,0,0,0
829,Огр: Капитан Давигром,,-1,0,0,0,0,0,0,0,0,0,0,0,0,0,0,0,0,0,0,0,0,0,0,0,1,1,5,5,0,0,0,0,0,0,0,0
849,Хранитель душ Орды,,-1,0,0,0,0,0,0,0,0,0,0,0,0,0,0,0,0,0,0,0,0,0,0,0,1,1,5,5,0,0,0,0,0,0,0,0
869,Джеденар,,-1,0,0,0,0,0,0,0,0,0,0,0,0,0,0,0,0,0,0,0,0,0,0,0,1,1,5,5,0,0,0,0,0,0,0,0
889,Всадники Песни Войны,"Грозные орки из клана Песни Войны, схватившиеcя с Среброкрылыми Часовыми в боях за контроль над ущельем Песни Войны.",46,892,0,0,0,0,0,0,0,0,0,0,16,6,0,0,0,-42000,0,0,42000,-42000,0,0,0,0,7,7,1309324210,-1440044374,-1321907123,1427461461,0,0,0,0
890,Среброкрылые Часовые,"Доблестные защитники Ясеневого леса, сражающиеся со Всадниками Песни Войны за владычество в ущелье Песни Войны.",45,891,0,0,0,0,0,0,0,0,0,0,16,6,0,0,0,-42000,0,0,42000,-42000,0,0,0,0,7,7,-1321907123,1427461461,1309324210,-1440044374,0,0,0,0
891,Силы Альянса,,47,1118,0,0,0,0,0,0,0,0,0,0,24,14,0,0,0,-42000,0,0,42000,-42000,0,0,0,0,5,5,-1321907123,1427461461,1309324210,-1440044374,0,0,0,0
892,Силы Орды,,48,1118,0,0,0,0,0,0,0,0,0,0,24,14,0,0,0,-42000,0,0,42000,-42000,0,0,0,0,5,5,1309324210,-1440044374,-1321907123,1427461461,0,0,0,0
893,Тролли Сломанного Клыка,,-1,0,0,0,0,0,0,0,0,0,0,0,0,0,0,0,0,0,0,0,0,0,0,0,1,1,5,5,0,0,0,0,0,0,0,0
909,Ярмарка Новолуния,"Ярмарка, на которой можно найти много странного и диковинного. Располагается она на таинственном острове, попасть на который можно лишь в течение первой недели каждого месяца.",50,1118,0,0,0,0,0,0,0,0,0,0,16,0,0,0,0,0,0,0,42000,0,0,0,0,0,5,5,-1,-1,0,0,0,0,0,0
910,Род Ноздорму,Эти потомки бронзовых драконов охраняют само Время и не слишком интересуются делами смертных.,54,1118,0,0,0,0,0,0,0,0,0,0,0,0,0,0,-42000,0,0,0,42000,0,0,0,0,0,5,5,-1,-1,0,0,0,0,0,0
911,Луносвет,"Столица Кель'Таласа, родины эльфов крови. Город, разрушенный Артасом в ходе нападения на Солнечный Колодец, сейчас вновь возродился к жизни.",55,67,0,0,0,0,0,0,0,0,0,0,273,6,17,17,400,-42000,4000,3100,42000,-42000,42000,42000,1,0.25,4,7,1309323682,0,-1321907123,1427461461,512,0,16,0
912,Армия Калимдора,,-1,0,0,0,0,0,0,0,0,0,0,0,0,0,0,0,0,0,0,0,0,0,0,0,1,1,5,5,0,0,0,0,0,0,0,0
914,ИГРОК: эльф крови,,-1,0,0,0,0,0,0,0,0,0,0,0,0,0,0,0,0,0,0,0,0,0,0,0,1,1,5,5,0,0,0,0,0,0,0,0
915,Армии К'Туна,,-1,0,0,0,0,0,0,0,0,0,0,0,0,0,0,0,0,0,0,0,0,0,0,0,1,1,5,5,0,0,0,0,0,0,0,0
916,Силитиды-захватчики,,-1,0,0,0,0,0,0,0,0,0,0,0,0,0,0,0,0,0,0,0,0,0,0,0,1,1,5,5,0,0,0,0,0,0,0,0
917,Дружина Стальгорна,,-1,0,0,0,0,0,0,0,0,0,0,0,0,0,0,0,0,0,0,0,0,0,0,0,1,1,5,5,0,0,0,0,0,0,0,0
918,ДУ противники,,-1,0,0,0,0,0,0,0,0,0,0,0,0,0,0,0,0,0,0,0,0,0,0,0,1,1,5,5,0,0,0,0,0,0,0,0
919,ДУ объекты,,-1,0,0,0,0,0,0,0,0,0,0,0,0,0,0,0,0,0,0,0,0,0,0,0,1,1,5,5,0,0,0,0,0,0,0,0
920,Красные,,-1,0,0,0,0,0,0,0,0,0,0,0,0,0,0,0,0,0,0,0,0,0,0,0,1,1,5,5,0,0,0,0,0,0,0,0
921,Синие,,-1,0,0,0,0,0,0,0,0,0,0,0,0,0,0,0,0,0,0,0,0,0,0,0,1,1,5,5,0,0,0,0,0,0,0,0
922,Транквиллион,"Этот город высших эльфов был брошен вскоре после нападения Плети на Кель'Талас. Сейчас в нем живут Отрекшиеся и эльфы крови, стремящиеся освободить Призрачные земли.",56,980,0,0,0,0,0,0,0,0,0,0,16,6,0,0,0,-42000,0,0,42000,-42000,0,0,0,0,5,5,1309324210,-1440044374,-1321907123,1427461461,0,0,0,0
923,Странники,,-1,0,0,0,0,0,0,0,0,0,0,0,0,0,0,0,0,0,0,0,0,0,0,0,1,1,5,5,0,0,0,0,0,0,0,0
925,Солнечные скитальцы,,-1,0,0,0,0,0,0,0,0,0,0,0,0,0,0,0,0,0,0,0,0,0,0,0,1,1,5,5,0,0,0,0,0,0,0,0
926,Гильдия Магистра,,-1,0,0,0,0,0,0,0,0,0,0,0,0,0,0,0,0,0,0,0,0,0,0,0,1,1,5,5,0,0,0,0,0,0,0,0
927,ИГРОК: дреней,,-1,0,0,0,0,0,0,0,0,0,0,0,0,0,0,0,0,0,0,0,0,0,0,0,1,1,5,5,0,0,0,0,0,0,0,0
928,Захватчики Плети,,-1,0,0,0,0,0,0,0,0,0,0,0,0,0,0,0,0,0,0,0,0,0,0,0,1,1,5,5,0,0,0,0,0,0,0,0
929,Клан Кровавого Молота,,-1,469,0,0,0,0,0,0,0,0,0,0,0,0,0,0,0,0,0,0,0,0,0,0,0,0,3,3,0,0,0,0,0,0,0,0
930,Экзодар,"Корабль наару, доставивший дренеев на Азерот. Стоящий на острове Лазурной Дымки, он служит домом этой благородной расы.",49,469,0,0,0,0,0,0,0,0,0,0,273,6,17,0,3100,-42000,4000,0,42000,-42000,42000,0,1,0.25,4,7,-1858779059,0,1309324210,-1440044374,536871936,0,0,0
932,Алдоры,"Этот древний орден дренейских жрецов, основанный Веленом, сейчас возглавляет верховная жрица Ишана. Представители Алдоров служат наару в Шаттрате и враждуют с Провидцами.",58,936,0,0,0,0,0,0,0,0,0,0,80,80,80,0,0,3500,-3500,0,42000,42000,42000,0,-1.1,1,7,7,-541066753,0,536871936,0,512,0,0,0
933,Консорциум,"Консорциум принца Харамада – слабоорганизованное сообщество астральных контрабандистов, торговцев и воров, пришедших в Запределье в погоне за прибылью.",60,980,0,0,0,0,0,0,0,0,0,0,16,0,0,0,0,0,0,0,42000,0,0,0,0,0,7,7,-1,-1,0,0,0,0,0,0
934,Провидцы,"Эту группу эльфов крови, отвергших путь Кель'таса, возглавляет Ворен'таль Провидец. К большому неудовольствию Алдоров, Провидцы заключили союз с наару из Шаттрата.",62,936,0,0,0,0,0,0,0,0,0,0,80,80,80,0,0,-3500,3500,0,42000,42000,42000,0,-1.1,1,7,7,-541066753,0,536871936,0,512,0,0,0
935,Ша'тар,"Группа могущественных наару, которая правит вновь отстроенным городом Шаттрат. Совместно с Алдорами и Провидцами они сражаются против Иллидана и Пылающего Легиона.",39,936,0,0,0,0,0,0,0,0,0,0,16,0,0,0,0,0,0,0,42000,0,0,0,0.5,0,4,3,-1,-1,0,0,0,0,0,0
936,Город Шаттрат,,59,980,0,0,0,0,0,0,0,0,0,0,28,0,0,0,0,0,0,0,42000,0,0,0,0,0,7,7,-1,-1,0,0,0,0,0,0
937,Тролль: Лесной,,-1,0,0,0,0,0,0,0,0,0,0,0,0,0,0,0,0,0,0,0,0,0,0,0,1,1,5,5,0,0,0,0,0,0,0,0
938,Оменай,,-1,0,0,0,0,0,0,0,0,0,0,0,0,0,0,0,0,0,0,0,0,0,0,0,1,1,5,5,0,0,0,0,0,0,0,0
940,Сыны Лотара,,-1,0,0,0,0,0,0,0,0,0,0,0,0,0,0,0,0,0,0,0,0,0,0,0,1,1,5,5,0,0,0,0,0,0,0,0
941,Маг'хары,"Замкнутая группа бурокожих орков, сумевшая полностью оградить себя от влияния демонов. Несмотря на все перемены, они хранят верность традициям своего народа.",61,980,0,0,0,0,0,0,0,0,0,0,16,6,0,0,-500,-42000,0,0,42000,-42000,0,0,0,0,5,5,1309324210,-1440044374,-1321907123,1427461461,0,0,0,0
942,Кенарийская экспедиция,"Экспедиция Круга Кенария, организованная для изучения фауны Запределья. Со времени открытия Темного портала ее численность и независимость заметно увеличились.",64,980,0,0,0,0,0,0,0,0,0,0,16,0,0,0,0,0,0,0,42000,0,0,0,0,0,5,5,-1,-1,0,0,0,0,0,0
943,Орк Скверны,,-1,0,0,0,0,0,0,0,0,0,0,0,0,0,0,0,0,0,0,0,0,0,0,0,1,1,5,5,0,0,0,0,0,0,0,0
944,Призрак орка Скверны,,-1,0,0,0,0,0,0,0,0,0,0,0,0,0,0,0,0,0,0,0,0,0,0,0,1,1,5,5,0,0,0,0,0,0,0,0
945,Призраки Сынов Лотара,,-1,0,0,0,0,0,0,0,0,0,0,0,0,0,0,0,0,0,0,0,0,0,0,0,1,1,5,5,0,0,0,0,0,0,0,0
946,Оплот Чести,"Эту заставу основали спутники Сынов Лотара – закаленные ветераны Альянса, первыми пришедшие в Дренор. Сейчас к ним присоединились воины из Штормграда и Стальгорна.",38,980,0,0,0,0,0,0,0,0,0,0,16,0,0,0,0,-42000,0,0,42000,-42000,0,0,0,0,5,5,-1321907123,1427461461,1309324210,-1440044374,0,0,0,0
947,Траллмар,"Эту крепость на полуострове Адского Пламени возвела экспедиция в Темный портал, снаряженная Траллом. Траллмар служит опорным пунктом Орды в Запределье.",37,980,0,0,0,0,0,0,0,0,0,0,16,0,0,0,0,-42000,0,0,42000,-42000,0,0,0,0,5,5,1309324210,-1440044374,-1321907123,1427461461,0,0,0,0
948,Тестовая фракция 2,,86,949,0,0,0,0,0,0,0,0,0,0,8,0,0,0,0,0,0,0,42000,0,0,0,1,1,5,5,58732543,0,0,0,0,0,0,0
949,Тестовая фракция 1,,85,0,0,184,0,0,0,0,0,0,0,0,24,0,0,0,0,0,0,0,62000,0,0,0,1,1,5,5,-1,-1,0,0,0,0,0,0
950,ToWoW: флаг,,-1,0,0,0,0,0,0,0,0,0,0,0,0,0,0,0,0,0,0,0,0,0,0,0,1,1,5,5,0,0,0,0,0,0,0,0
951,ToWoW - Flag Trigger Alliance (DND),,-1,0,0,0,0,0,0,0,0,0,0,0,0,0,0,0,0,0,0,0,0,0,0,0,1,1,5,5,0,0,0,0,0,0,0,0
952,Тестовая фракция 3,,87,948,0,0,0,0,0,0,0,0,0,0,0,0,0,0,0,0,0,0,42000,0,0,0,1,1,5,5,-1,-1,0,0,0,0,0,0
954,ToWoW - Flag Trigger Horde (DND),,-1,0,0,0,0,0,0,0,0,0,0,0,0,0,0,0,0,0,0,0,0,0,0,0,1,1,5,5,0,0,0,0,0,0,0,0
955,Сломленные,,-1,0,0,0,0,0,0,0,0,0,0,0,0,0,0,0,0,0,0,0,0,0,0,0,1,1,5,5,0,0,0,0,0,0,0,0
956,Братство Эфириум,,-1,0,0,0,0,0,0,0,0,0,0,0,0,0,0,0,0,0,0,0,0,0,0,0,1,1,5,5,0,0,0,0,0,0,0,0
957,Элементали земли,,-1,0,0,0,0,0,0,0,0,0,0,0,0,0,0,0,0,0,0,0,0,0,0,0,1,1,5,5,0,0,0,0,0,0,0,0
958,Боевые роботы,,-1,0,0,0,0,0,0,0,0,0,0,0,0,0,0,0,0,0,0,0,0,0,0,0,1,1,5,5,0,0,0,0,0,0,0,0
959,Добрый персонаж,,-1,0,0,0,0,0,0,0,0,0,0,0,0,0,0,0,0,0,0,0,0,0,0,0,1,1,5,5,0,0,0,0,0,0,0,0
960,Злой персонаж,,-1,0,0,0,0,0,0,0,0,0,0,0,0,0,0,0,0,0,0,0,0,0,0,0,1,1,5,5,0,0,0,0,0,0,0,0
961,Фурболг: племя Тихвой,,-1,0,0,0,0,0,0,0,0,0,0,0,0,0,0,0,0,0,0,0,0,0,0,0,1,1,5,5,0,0,0,0,0,0,0,0
962,Безумный совун,,-1,0,0,0,0,0,0,0,0,0,0,0,0,0,0,0,0,0,0,0,0,0,0,0,1,1,5,5,0,0,0,0,0,0,0,0
963,Шахматы: Альянс,,-1,0,0,0,0,0,0,0,0,0,0,0,0,0,0,0,0,0,0,0,0,0,0,0,1,1,5,5,0,0,0,0,0,0,0,0
964,Шахматы: Орда,,-1,0,0,0,0,0,0,0,0,0,0,0,0,0,0,0,0,0,0,0,0,0,0,0,1,1,5,5,0,0,0,0,0,0,0,0
965,Монстр: партнер по учебному бою,,-1,0,0,0,0,0,0,0,0,0,0,0,0,0,0,0,0,0,0,0,0,0,0,0,1,1,5,5,0,0,0,0,0,0,0,0
966,Монстр: партнер по учебному бою,,-1,0,0,0,0,0,0,0,0,0,0,0,0,0,0,0,0,0,0,0,0,0,0,0,1,1,5,5,0,0,0,0,0,0,0,0
967,Аметистовое Око,"Тайное братство Кирин-Тора, созданное для слежения за Медивом.",63,980,0,0,0,0,0,0,0,0,0,0,16,0,0,0,0,0,0,0,42000,0,0,0,0,0,5,5,-1,-1,0,0,0,0,0,0
968,Солнечные Ястребы,,-1,0,0,0,0,0,0,0,0,0,0,0,0,0,0,0,0,0,0,0,0,0,0,0,1,1,5,5,0,0,0,0,0,0,0,0
969,Длань Аргуса,,-1,0,0,0,0,0,0,0,0,0,0,0,0,0,0,0,0,0,0,0,0,0,0,0,1,1,5,5,0,0,0,0,0,0,0,0
970,Спореггар,"Спорлинги – мирная раса, издавна населяющая Запределье. Их дом находится в южной части Зангартопи.",65,980,0,0,0,0,0,0,0,0,0,0,0,0,0,0,-2500,0,0,0,42000,0,0,0,0,0,5,5,-1,-1,0,0,0,0,0,0
971,Грибной великан,,-1,0,0,0,0,0,0,0,0,0,0,0,0,0,0,0,0,0,0,0,0,0,0,0,1,1,5,5,0,0,0,0,0,0,0,0
972,Спороскат,,-1,0,0,0,0,0,0,0,0,0,0,0,0,0,0,0,0,0,0,0,0,0,0,0,1,1,5,5,0,0,0,0,0,0,0,0
973,Монстр: хищник,,-1,0,0,0,0,0,0,0,0,0,0,0,0,0,0,0,0,0,0,0,0,0,0,0,1,1,5,5,0,0,0,0,0,0,0,0
974,Монстр: добыча,,-1,0,0,0,0,0,0,0,0,0,0,0,0,0,0,0,0,0,0,0,0,0,0,0,1,1,5,5,0,0,0,0,0,0,0,0
975,Аномалия Бездны,,-1,0,0,0,0,0,0,0,0,0,0,0,0,0,0,0,0,0,0,0,0,0,0,0,1,1,5,5,0,0,0,0,0,0,0,0
976,Защитники Хиджала,,-1,0,0,0,0,0,0,0,0,0,0,0,0,0,0,0,0,0,0,0,0,0,0,0,1,1,5,5,0,0,0,0,0,0,0,0
977,Захватчики горы Хиджал,,-1,0,0,0,0,0,0,0,0,0,0,0,0,0,0,0,0,0,0,0,0,0,0,0,1,1,5,5,0,0,0,0,0,0,0,0
978,Куренай,"На языке дренеев это слово означает ""Искупленные"". Эти Сломленные, сумевшие вырваться из рабства и избравшие своим домом Награнд, стремятся вновь обрести свою судьбу.",66,980,0,0,0,0,0,0,0,0,0,0,16,0,0,0,-1200,-42000,0,0,42000,-42000,0,0,0,0,5,5,-1321907123,1427461461,1309324210,-1440044374,0,0,0,0
979,Служители Земли,,-1,0,0,0,0,0,0,0,0,0,0,0,0,0,0,0,0,0,0,0,0,0,0,0,1,1,5,5,0,0,0,0,0,0,0,0
980,The Burning Crusade,,43,0,1,0,0,0,0,0,0,0,0,0,4120,0,0,0,0,0,0,0,0,0,0,0,0,0,5,5,-1,-1,0,0,0,0,0,0
981,Араккоа,,-1,0,0,0,0,0,0,0,0,0,0,0,0,0,0,0,0,0,0,0,0,0,0,0,1,1,5,5,0,0,0,0,0,0,0,0
982,Знамя Зангартопи: Альянс,,-1,0,0,0,0,0,0,0,0,0,0,0,0,0,0,0,0,0,0,0,0,0,0,0,1,1,5,5,0,0,0,0,0,0,0,0
983,Знамя Зангартопи: Орда,,-1,0,0,0,0,0,0,0,0,0,0,0,0,0,0,0,0,0,0,0,0,0,0,0,1,1,5,5,0,0,0,0,0,0,0,0
984,Знамя Зангартопи: нейтральное,,-1,0,0,0,0,0,0,0,0,0,0,0,0,0,0,0,0,0,0,0,0,0,0,0,1,1,5,5,0,0,0,0,0,0,0,0
985,Пещеры Времени: Тралл,,-1,0,0,0,0,0,0,0,0,0,0,0,0,0,0,0,0,0,0,0,0,0,0,0,1,1,5,5,0,0,0,0,0,0,0,0
986,Пещеры Времени: Дарнхольд,,-1,0,0,0,0,0,0,0,0,0,0,0,0,0,0,0,0,0,0,0,0,0,0,0,1,1,5,5,0,0,0,0,0,0,0,0
987,Пещеры Времени: стражи Южнобережья,,-1,0,0,0,0,0,0,0,0,0,0,0,0,0,0,0,0,0,0,0,0,0,0,0,1,1,5,5,0,0,0,0,0,0,0,0
988,Прибежище Совета Теней,,-1,0,0,0,0,0,0,0,0,0,0,0,0,0,0,0,0,0,0,0,0,0,0,0,1,1,5,5,0,0,0,0,0,0,0,0
989,Хранители Времени,"Бронзовые драконы, лично отобранные Ноздорму для охраны пещер Времени.",67,980,0,0,0,0,0,0,0,0,0,0,16,0,0,0,0,0,0,0,42000,0,0,0,0,0,5,5,-1,-1,0,0,0,0,0,0
990,Песчаная Чешуя,"Тайное общество бронзовых драконов, возглавляемое Соридорми, ближайшей спутницей Ноздорму.",57,980,0,0,0,0,0,0,0,0,0,0,16,0,0,0,0,0,0,0,42000,0,0,0,0,0,5,5,-1,-1,0,0,0,0,0,0
991,Защитник Темного портала: Альянс,,-1,0,0,0,0,0,0,0,0,0,0,0,0,0,0,0,0,0,0,0,0,0,0,0,1,1,5,5,0,0,0,0,0,0,0,0
992,Защитник Темного портала: Орда,,-1,0,0,0,0,0,0,0,0,0,0,0,0,0,0,0,0,0,0,0,0,0,0,0,1,1,5,5,0,0,0,0,0,0,0,0
993,Захватчик Темного портала: Легион,,-1,0,0,0,0,0,0,0,0,0,0,0,0,0,0,0,0,0,0,0,0,0,0,0,1,1,5,5,0,0,0,0,0,0,0,0
994,Инициатор,"Используется в событии ""Черносерд Подстрекатель"".",-1,0,0,0,0,0,0,0,0,0,0,0,0,0,0,0,0,0,0,0,0,0,0,0,1,1,5,5,0,0,0,0,0,0,0,0
995,Инициатор 2,"Используется в событии ""Черносерд Подстрекатель"".",-1,0,0,0,0,0,0,0,0,0,0,0,0,0,0,0,0,0,0,0,0,0,0,0,1,1,5,5,0,0,0,0,0,0,0,0
996,Инициатор 3,"Используется в событии ""Черносерд Подстрекатель"".",-1,0,0,0,0,0,0,0,0,0,0,0,0,0,0,0,0,0,0,0,0,0,0,0,1,1,5,5,0,0,0,0,0,0,0,0
997,Инициатор 4,"Используется в событии ""Черносерд Подстрекатель"".",-1,0,0,0,0,0,0,0,0,0,0,0,0,0,0,0,0,0,0,0,0,0,0,0,1,1,5,5,0,0,0,0,0,0,0,0
998,Инициатор 5,"Используется в событии ""Черносерд Подстрекатель"".",-1,0,0,0,0,0,0,0,0,0,0,0,0,0,0,0,0,0,0,0,0,0,0,0,1,1,5,5,0,0,0,0,0,0,0,0
999,Существо с маной,,-1,0,0,0,0,0,0,0,0,0,0,0,0,0,0,0,0,0,0,0,0,0,0,0,1,1,5,5,0,0,0,0,0,0,0,0
1000,Слуга Кадгара,,-1,0,0,0,0,0,0,0,0,0,0,0,0,0,0,0,0,0,0,0,0,0,0,0,1,1,5,5,0,0,0,0,0,0,0,0
1001,Клан Камнерогов,,-1,0,0,0,0,0,0,0,0,0,0,0,0,0,0,0,0,0,0,0,0,0,0,0,1,1,5,5,0,0,0,0,0,0,0,0
1002,Братство Эфириум: манекен,,-1,0,0,0,0,0,0,0,0,0,0,0,0,0,0,0,0,0,0,0,0,0,0,0,1,1,5,5,0,0,0,0,0,0,0,0
1003,Протекторат,,-1,0,0,0,0,0,0,0,0,0,0,0,0,0,0,0,0,0,0,0,0,0,0,0,1,1,5,5,0,0,0,0,0,0,0,0
1004,Волшебный уничтожитель,,-1,0,0,0,0,0,0,0,0,0,0,0,0,0,0,0,0,0,0,0,0,0,0,0,1,1,5,5,0,0,0,0,0,0,0,0
1005,"Дружественный, скрытый",,68,0,0,0,0,0,0,0,-1,0,0,0,20,0,0,0,3000,0,0,0,30000,0,0,0,1,1,5,5,-1,-1,0,0,0,0,0,0
1006,Кирин'Вар: Датрик,,-1,0,0,0,0,0,0,0,0,0,0,0,0,0,0,0,0,0,0,0,0,0,0,0,1,1,5,5,0,0,0,0,0,0,0,0
1007,Кирин'Вар: Белмара,,-1,0,0,0,0,0,0,0,0,0,0,0,0,0,0,0,0,0,0,0,0,0,0,0,1,1,5,5,0,0,0,0,0,0,0,0
1008,Кирин'Вар: Люминрат,,-1,0,0,0,0,0,0,0,0,0,0,0,0,0,0,0,0,0,0,0,0,0,0,0,1,1,5,5,0,0,0,0,0,0,0,0
1009,Кирин'Вар: Кольен,,-1,0,0,0,0,0,0,0,0,0,0,0,0,0,0,0,0,0,0,0,0,0,0,0,1,1,5,5,0,0,0,0,0,0,0,0
1010,Прислужник Иллидана,,-1,0,0,0,0,0,0,0,0,0,0,0,0,0,0,0,0,0,0,0,0,0,0,0,1,1,5,5,0,0,0,0,0,0,0,0
1011,Нижний Город,"Среди изгнанников, нашедших приют в Шаттрате, встречаются представители самых разных рас и народов. Но стоит вам помочь одному из них, как об этом узнают все.",69,936,0,0,0,0,0,0,-1,0,0,0,16,0,0,0,0,0,0,0,42000,0,0,0,0,0,3,3,-1,-1,0,0,0,0,0,0
1012,Пеплоусты-служители,"Элита Сломленных, официально заключившая союз с Иллиданом. Пеплоусты – преданные сподвижники Акамы, готовые поддержать любые начинания своего господина.",70,980,0,0,0,0,0,0,0,0,0,0,16,0,0,0,0,0,0,0,42000,0,0,0,0,0,3,3,-1,-1,0,0,0,0,0,0
1013,Духи Призрачной Луны 1,,-1,0,0,0,0,0,0,0,0,0,0,0,0,0,0,0,0,0,0,0,0,0,0,0,1,1,5,5,0,0,0,0,0,0,0,0
1014,Духи Призрачной Луны 2,,-1,0,0,0,0,0,0,0,0,0,0,0,0,0,0,0,0,0,0,0,0,0,0,0,1,1,5,5,0,0,0,0,0,0,0,0
1015,Крылья Пустоты,"Необычный вид черных драконов, произошедший от потомков Смертокрыла, яйца которых были подвержены влиянию энергии Пустоты. Сейчас они ищут себя, пытаясь избавиться от мрачного наследия своего отца.",71,980,0,0,0,0,0,0,-1,0,0,0,2,0,0,0,-42000,0,0,0,42000,0,0,0,0,0,5,5,-1,-1,0,0,0,0,0,0
1016,Культ Змея,,-1,0,0,0,0,0,0,0,0,0,0,0,0,0,0,0,0,0,0,0,0,0,0,0,1,1,5,5,0,0,0,0,0,0,0,0
1017,Древень,,-1,0,0,0,0,0,0,0,0,0,0,0,0,0,0,0,0,0,0,0,0,0,0,0,1,1,5,5,0,0,0,0,0,0,0,0
1018,Демон Леотераса I,,-1,0,0,0,0,0,0,0,0,0,0,0,0,0,0,0,0,0,0,0,0,0,0,0,1,1,5,5,0,0,0,0,0,0,0,0
1019,Демон Леотераса II,,-1,0,0,0,0,0,0,0,0,0,0,0,0,0,0,0,0,0,0,0,0,0,0,0,1,1,5,5,0,0,0,0,0,0,0,0
1020,Демон Леотераса III,,-1,0,0,0,0,0,0,0,0,0,0,0,0,0,0,0,0,0,0,0,0,0,0,0,1,1,5,5,0,0,0,0,0,0,0,0
1021,Демон Леотераса IV,,-1,0,0,0,0,0,0,0,0,0,0,0,0,0,0,0,0,0,0,0,0,0,0,0,1,1,5,5,0,0,0,0,0,0,0,0
1022,Демон Леотераса V,,-1,0,0,0,0,0,0,0,0,0,0,0,0,0,0,0,0,0,0,0,0,0,0,0,1,1,5,5,0,0,0,0,0,0,0,0
1023,Азалот,,-1,0,0,0,0,0,0,0,0,0,0,0,0,0,0,0,0,0,0,0,0,0,0,0,1,1,5,5,0,0,0,0,0,0,0,0
1024,Камнедер,,-1,0,0,0,0,0,0,0,0,0,0,0,0,0,0,0,0,0,0,0,0,0,0,0,1,1,5,5,0,0,0,0,0,0,0,0
1025,Охотник на свежевальщиков,,-1,0,0,0,0,0,0,0,0,0,0,0,0,0,0,0,0,0,0,0,0,0,0,0,1,1,5,5,0,0,0,0,0,0,0,0
1026,Тень Призрачной Луны,,-1,0,0,0,0,0,0,0,0,0,0,0,0,0,0,0,0,0,0,0,0,0,0,0,1,1,5,5,0,0,0,0,0,0,0,0
1027,Переговорное устройство Легиона,,-1,0,0,0,0,0,0,0,0,0,0,0,0,0,0,0,0,0,0,0,0,0,0,0,1,1,5,5,0,0,0,0,0,0,0,0
1028,Древние из Леса Воронов,,-1,0,0,0,0,0,0,0,0,0,0,0,0,0,0,0,0,0,0,0,0,0,0,0,1,1,5,5,0,0,0,0,0,0,0,0
1029,Шахматы: дружественный ко всем,,-1,0,0,0,0,0,0,0,0,0,0,0,0,0,0,0,0,0,0,0,0,0,0,0,1,1,5,5,0,0,0,0,0,0,0,0
1030,Врата Черного храма: Иллидари,,-1,0,0,0,0,0,0,0,0,0,0,0,0,0,0,0,0,0,0,0,0,0,0,0,1,1,5,5,0,0,0,0,0,0,0,0
1031,Стражи небес Ша'тар,"Эти крылатые защитники Шаттрата готовы противостоять любой угрозе, спустившейся с неба Запределья.",72,936,0,0,0,0,0,0,-1,0,0,0,16,0,0,0,0,0,0,0,42000,0,0,0,0,0,5,5,-1,-1,0,0,0,0,0,0
1032,Зона 52,,-1,0,0,0,0,0,0,0,0,0,0,0,0,0,0,0,0,0,0,0,0,0,0,0,1,1,5,5,0,0,0,0,0,0,0,0
1033,Майев,,-1,0,0,0,0,0,0,0,0,0,0,0,0,0,0,0,0,0,0,0,0,0,0,0,1,1,5,5,0,0,0,0,0,0,0,0
1034,Призрачный Араккоа Скеттиса,,-1,0,0,0,0,0,0,0,0,0,0,0,0,0,0,0,0,0,0,0,0,0,0,0,1,1,5,5,0,0,0,0,0,0,0,0
1035,Араккоа Скеттиса,,-1,0,0,0,0,0,0,0,0,0,0,0,0,0,0,0,0,0,0,0,0,0,0,0,1,1,5,5,0,0,0,0,0,0,0,0
1036,Драконья Пасть: противник,,-1,0,0,0,0,0,0,0,0,0,0,0,0,0,0,0,0,0,0,0,0,0,0,0,1,1,5,5,0,0,0,0,0,0,0,0
1037,Авангард Альянса,"Объединенные силы Альянса в Нордсколе под командованием Экспедиции Отважных, а также ряд гражданских объединений, таких как Лига исследователей.",88,1097,0,0,0,0,0,0,0,0,0,0,136,6,0,0,0,0,0,0,42000,0,0,0,0,0,5,5,-1321907123,1427461461,1309324210,-1440044374,0,0,0,0
1038,Огри'ла,Поселение Огри'ла находится на западе Острогорья. Влияние апекситовых кристаллов позволило его жителям заметно превзойти в развитии обычных огров.,73,980,0,0,0,0,0,0,0,0,0,0,16,0,0,0,0,0,0,0,42000,0,0,0,0,0,5,5,-1,-1,0,0,0,0,0,0
1039,Опустошитель,,-1,0,0,0,0,0,0,0,0,0,0,0,0,0,0,0,0,0,0,0,0,0,0,0,1,1,5,5,0,0,0,0,0,0,0,0
1040,REUSE,,-1,0,0,0,0,0,0,0,0,0,0,0,0,0,0,0,0,0,0,0,0,0,0,0,1,1,5,5,0,0,0,0,0,0,0,0
1041,Бешенство,,-1,0,0,0,0,0,0,0,0,0,0,0,0,0,0,0,0,0,0,0,0,0,0,0,1,1,5,5,0,0,0,0,0,0,0,0
1042,Враг Стражи Небес,,-1,0,0,0,0,0,0,0,0,0,0,0,0,0,0,0,0,0,0,0,0,0,0,0,1,1,5,5,0,0,0,0,0,0,0,0
1043,Скунс: Петунья,,-1,0,0,0,0,0,0,0,0,0,0,0,0,0,0,0,0,0,0,0,0,0,0,0,1,1,5,5,0,0,0,0,0,0,0,0
1044,Тераморский дезертир,,-1,0,0,0,0,0,0,0,0,0,0,0,0,0,0,0,0,0,0,0,0,0,0,0,1,1,5,5,0,0,0,0,0,0,0,0
1045,Врайкул,,-1,0,0,0,0,0,0,0,0,0,0,0,0,0,0,0,0,0,0,0,0,0,0,0,1,1,5,5,0,0,0,0,0,0,0,0
1046,Пираты Cеверного моря,,-1,0,0,0,0,0,0,0,0,0,0,0,0,0,0,0,0,0,0,0,0,0,0,0,1,1,5,5,0,0,0,0,0,0,0,0
1047,Клыкарр,,-1,0,0,0,0,0,0,0,0,0,0,0,0,0,0,0,0,0,0,0,0,0,0,0,1,1,5,5,0,0,0,0,0,0,0,0
1048,UNUSED,,-1,0,0,0,0,0,0,0,0,0,0,0,0,0,0,0,0,0,0,0,0,0,0,0,1,1,5,5,0,0,0,0,0,0,0,0
1049,Тролль: Амани,,-1,0,0,0,0,0,0,0,0,0,0,0,0,0,0,0,0,0,0,0,0,0,0,0,1,1,5,5,0,0,0,0,0,0,0,0
1050,Экспедиция Отважных,"Объединенные силы Альянса в Нордсколе, воюющие с Плетью, под командованием короля Вариана Ринна.",74,1037,0,0,0,0,0,0,0,0,0,0,16,6,0,0,0,-42000,0,0,42000,-42000,0,0,0.5,0.5,7,7,-1321907123,1427461461,1309324210,-1440044374,0,0,0,0
1051,UNUSED,,-1,0,0,0,0,0,0,0,0,0,0,0,0,0,0,0,0,0,0,0,0,0,0,0,1,1,5,5,0,0,0,0,0,0,0,0
1052,Экспедиция Орды,"Объединенные силы Орды в Нордсколе, авангард армии Песни Войны.",75,1097,0,0,0,0,0,0,0,0,0,0,152,0,0,0,0,-42000,0,0,42000,-42000,0,0,0,0,5,5,1309324210,-1440044374,-1321907123,1427461461,0,0,0,0
1053,Западная Стража,,-1,0,0,0,0,0,0,0,0,0,0,0,0,0,0,0,0,0,0,0,0,0,0,0,1,1,5,5,0,0,0,0,0,0,0,0
1054,Пятнистый грифон,,-1,0,0,0,0,0,0,0,0,0,0,0,0,0,0,0,0,0,0,0,0,0,0,0,1,1,5,5,0,0,0,0,0,0,0,0
1055,Прирученный чумной пес,,-1,0,0,0,0,0,0,0,0,0,0,0,0,0,0,0,0,0,0,0,0,0,0,0,1,1,5,5,0,0,0,0,0,0,0,0
1056,Врайкул (Древний Дух 1),,-1,0,0,0,0,0,0,0,0,0,0,0,0,0,0,0,0,0,0,0,0,0,0,0,1,1,5,5,0,0,0,0,0,0,0,0
1057,Врайкул (Древний Дух 2),,-1,0,0,0,0,0,0,0,0,0,0,0,0,0,0,0,0,0,0,0,0,0,0,0,1,1,5,5,0,0,0,0,0,0,0,0
1058,Врайкул (Древний Дух 3),,-1,0,0,0,0,0,0,0,0,0,0,0,0,0,0,0,0,0,0,0,0,0,0,0,1,1,5,5,0,0,0,0,0,0,0,0
1059,Захват флага: Альянс,,-1,0,0,0,0,0,0,0,0,0,0,0,0,0,0,0,0,0,0,0,0,0,0,0,1,1,5,5,0,0,0,0,0,0,0,0
1060,TEST,,-1,0,0,0,0,0,0,0,0,0,0,0,0,0,0,0,0,0,0,0,0,0,0,0,1,1,5,5,0,0,0,0,0,0,0,0
1061,Врайкул,,-1,0,0,0,0,0,0,0,0,0,0,0,0,0,0,0,0,0,0,0,0,0,0,0,1,1,5,5,0,0,0,0,0,0,0,0
1062,Врайкул-гладиатор,,-1,0,0,0,0,0,0,0,0,0,0,0,0,0,0,0,0,0,0,0,0,0,0,0,1,1,5,5,0,0,0,0,0,0,0,0
1063,Валгардский боец,,-1,0,0,0,0,0,0,0,0,0,0,0,0,0,0,0,0,0,0,0,0,0,0,0,1,1,5,5,0,0,0,0,0,0,0,0
1064,Таунка,"Эти выносливые родственники тауренов стали бесценными разведчиками для армий Орды, направляющихся на север.",76,1052,0,0,0,0,0,0,0,0,0,0,16,6,0,0,0,-42000,0,0,42000,-42000,0,0,0.5,0.5,7,7,1309324210,-1440044374,-1321907123,1427461461,0,0,0,0
1065,"Монстр, силовая реакция 1",,-1,0,0,0,0,0,0,0,0,0,0,0,0,0,0,0,0,0,0,0,0,0,0,0,1,1,5,5,0,0,0,0,0,0,0,0
1066,"Монстр, силовая реакция 2",,-1,0,0,0,0,0,0,0,0,0,0,0,0,0,0,0,0,0,0,0,0,0,0,0,1,1,5,5,0,0,0,0,0,0,0,0
1067,Карающая Длань,"Отрекшиеся, откомандированные Сильваной Ветрокрылой для отмщения Артасу с помощью новейшего вида смертельной чумы.",77,1052,0,0,0,0,0,0,0,0,0,0,16,0,0,0,0,-42000,0,0,42000,-42000,0,0,0.5,0.5,7,7,1309324210,-1440044374,-1321907123,1427461461,0,0,0,0
1068,Лига исследователей,"Эта организация стремится пролить свет на происхождение расы дворфов, собирая реликвии Титанов. Результаты последних научных исследований побудили их заняться раскопками в Нордсколе.",78,1037,0,0,0,0,0,0,0,0,0,0,16,6,0,0,0,-42000,0,0,42000,-42000,0,0,0.5,0.5,7,7,-1321907123,1427461461,1309324210,-1440044374,0,0,0,0
1069,Скачки на баранах: бонус DND,,-1,0,0,0,0,0,0,0,0,0,0,0,0,0,0,0,0,0,0,0,0,0,0,0,1,1,5,5,0,0,0,0,0,0,0,0
1070,Скачки на баранах: ловушка DND,,-1,0,0,0,0,0,0,0,0,0,0,0,0,0,0,0,0,0,0,0,0,0,0,0,1,1,5,5,0,0,0,0,0,0,0,0
1071,Белочки Крейга,Тестовая фракция,-1,0,0,0,0,0,0,0,0,0,0,0,0,0,0,0,0,0,0,0,0,0,0,0,1,1,5,5,0,0,0,0,0,0,0,0
1072,[DNT] AC Major Faction Child Renown Test,,407,2503,9,0,0,0,0,0,0,0,0,0,0,0,0,0,0,0,0,0,42000,0,0,0,0,0,0,0,0,0,0,0,0,0,0,0
1073,Калу'ак,"Клыкарры – суровый, но мирный народ, который существует за счет рыбалки и охоты на китов. Недавно их поселения подверглись ожесточенным нападениям, поэтому клыкарры рады любым союзникам, предлагающим помощь.",79,1097,0,0,0,0,0,0,0,0,0,0,16,0,0,0,0,0,0,0,42000,0,0,0,0,0,5,5,-1,-1,0,0,0,0,0,0
1074,Праздник: бочка с водой,,-1,0,0,0,0,0,0,0,0,0,0,0,0,0,0,0,0,0,0,0,0,0,0,0,1,1,5,5,0,0,0,0,0,0,0,0
1075,Праздник: стандартный,,-1,0,0,0,0,0,0,0,0,0,0,0,0,0,0,0,0,0,0,0,0,0,0,0,1,1,5,5,0,0,0,0,0,0,0,0
1076,Железные дворфы,,-1,0,0,0,0,0,0,0,0,0,0,0,0,0,0,0,0,0,0,0,0,0,0,0,1,1,5,5,0,0,0,0,0,0,0,0
1077,Армия Расколотого Солнца,Последняя и решительная попытка Шаттрата отогнать принца Кель'таса от Солнечного Колодца.,80,936,0,0,0,0,0,0,0,0,0,0,16,0,0,0,0,0,0,0,42000,0,0,0,0,0,5,5,-1,-1,0,0,0,0,0,0
1078,Страж-спутник,,-1,0,0,0,0,0,0,0,0,0,0,0,0,0,0,0,0,0,0,0,0,0,0,0,1,1,5,5,0,0,0,0,0,0,0,0
1079,"Мурлок, Зимний Плавник",,-1,0,0,0,0,0,0,0,0,0,0,0,0,0,0,0,0,0,0,0,0,0,0,0,1,1,5,5,0,0,0,0,0,0,0,0
1080,"Союзник, силовая реакция 1",,-1,0,0,0,0,0,0,0,0,0,0,0,0,0,0,0,0,0,0,0,0,0,0,0,1,1,5,5,0,0,0,0,0,0,0,0
1081,"Object, Force Reaction",,-1,0,0,0,0,0,0,0,0,0,0,0,0,0,0,0,0,0,0,0,0,0,0,0,1,1,5,5,0,0,0,0,0,0,0,0
1083,REUSE,,-1,0,0,0,0,0,0,0,0,0,0,0,0,0,0,0,0,0,0,0,0,0,0,0,1,1,5,5,0,0,0,0,0,0,0,0
1084,Врайкул: Морской,,-1,0,0,0,0,0,0,0,0,0,0,0,0,0,0,0,0,0,0,0,0,0,0,0,1,1,5,5,0,0,0,0,0,0,0,0
1085,Армия Песни Войны,"Гаррош Адский Крик командует экспедиционными войсками Орды, прибывающими в Нордскол для встречи с Артасом и бесчисленными армиями Плети.",81,1052,0,0,0,0,0,0,0,0,0,0,6,16,0,0,-42000,0,0,0,-42000,42000,0,0,0.5,0.5,7,7,-1321907123,1427461461,1309324210,-1440044374,0,0,0,0
1086,Браконьер,,-1,0,0,0,0,0,0,0,0,0,0,0,0,0,0,0,0,0,0,0,0,0,0,0,1,1,5,5,0,0,0,0,0,0,0,0
1087,Праздничное чудовище,,-1,0,0,0,0,0,0,0,0,0,0,0,0,0,0,0,0,0,0,0,0,0,0,0,1,1,5,5,0,0,0,0,0,0,0,0
1088,Фурболг: Красный Клык,,-1,0,0,0,0,0,0,0,0,0,0,0,0,0,0,0,0,0,0,0,0,0,0,0,1,1,5,5,0,0,0,0,0,0,0,0
1089,Фурболг: Ледяная Лапа,,-1,0,0,0,0,0,0,0,0,0,0,0,0,0,0,0,0,0,0,0,0,0,0,0,1,1,5,5,0,0,0,0,0,0,0,0
1090,Кирин-Тор,"Верховные и простые маги, управляющие Далараном. В свете появления новых опасностей со стороны рода синих драконов и Плети они переместили свой город в сердце Нордскола.",84,1097,0,0,0,0,0,0,8063,8063,128,128,16,16,16,16,0,0,3000,3000,42000,42000,42000,42000,0,0,5,5,-1321907123,1427461461,1309324210,-1440044374,-1321907123,1427461461,1309324210,-1440044374
1091,Драконий союз,"Яростное неприятие родом синих драконов всех смертных, использующих магию, заставило другие роды объединиться под крылом красных драконов для борьбы со своими заблудшими собратьями.",83,1097,0,0,0,0,0,0,0,0,0,0,16,0,0,0,0,0,0,0,42000,0,0,0,0,0,5,5,-1,-1,0,0,0,0,0,0
1092,Азжол-Неруб,,-1,0,0,0,0,0,0,0,0,0,0,0,0,0,0,0,0,0,0,0,0,0,0,0,1,1,5,5,0,0,0,0,0,0,0,0
1093,REUSE,,-1,0,0,0,0,0,0,0,0,0,0,0,0,0,0,0,0,0,0,0,0,0,0,0,1,1,5,5,0,0,0,0,0,0,0,0
1094,Серебряный Союз,"Военная верхушка высших эльфов, не согласившаяся с принятием эльфов крови в Кирин-Тор. Возглавляемые Верисой Ветрокрылой, они присоединились к силам Альянса в Нордсколе.",90,1037,0,0,0,0,0,0,0,0,0,0,16,6,0,0,0,-42000,0,0,42000,-42000,0,0,0.5,0.5,7,7,-1321907123,1427461461,1309324210,-1440044374,0,0,0,0
1095,Зверолов из Седых холмов,,-1,0,0,0,0,0,0,0,0,0,0,0,0,0,0,0,0,0,0,0,0,0,0,0,1,1,5,5,0,0,0,0,0,0,0,0
1096,REUSE,,-1,0,0,0,0,0,0,0,0,0,0,0,0,0,0,0,0,0,0,0,0,0,0,0,1,1,5,5,0,0,0,0,0,0,0,0
1097,Wrath of the Lich King,,89,0,2,0,0,0,0,0,0,0,0,0,4104,0,0,0,0,0,0,0,0,0,0,0,0,0,5,5,-1,-1,0,0,0,0,0,0
1098,Рыцари Черного Клинка,"Оставив службу у Короля-лича, часть рыцарей смерти объединилась против своего бывшего хозяина под предводительством верховного лорда Дариона Могрейна.",91,1097,0,0,0,0,0,0,32,8159,0,0,16,16,0,0,3200,0,0,0,42000,42000,0,0,1,1,5,5,0,0,0,0,0,0,0,0
1099,Врата Гнева (Плеть),,-1,0,0,0,0,0,0,0,0,0,0,0,0,0,0,0,0,0,0,0,0,0,0,0,1,1,5,5,0,0,0,0,0,0,0,0
1100,Врата Гнева (Альянс),,-1,0,0,0,0,0,0,0,0,0,0,0,0,0,0,0,0,0,0,0,0,0,0,0,1,1,5,5,0,0,0,0,0,0,0,0
1101,Врата Гнева (Орда),,-1,0,0,0,0,0,0,0,0,0,0,0,0,0,0,0,0,0,0,0,0,0,0,0,1,1,5,5,0,0,0,0,0,0,0,0
1102,Захват флага: Орда,,-1,0,0,0,0,0,0,0,0,0,0,0,0,0,0,0,0,0,0,0,0,0,0,0,1,1,5,5,0,0,0,0,0,0,0,0
1103,Захват флага: Нейтральная сторона,,-1,0,0,0,0,0,0,0,0,0,0,0,0,0,0,0,0,0,0,0,0,0,0,0,1,1,5,5,0,0,0,0,0,0,0,0
1104,Племя Бешеного Сердца,"Изгнанное из родных земель Плетью, это свирепое племя волчеров остановилось в низине Шолазар с намерением обосноваться там. В силу своей агрессивной природы они вступили в конфликт с племенами горлоков, называемых Оракулами.",92,1117,0,0,0,0,0,0,0,0,0,0,16,0,0,0,0,0,0,0,42000,0,0,0,-2.2,1,7,7,-1,-1,0,0,0,0,0,0
1105,Оракулы,"Горлоки низины Шолазар – раса рептилий, считающих себя хранителями того немногого, что осталось от технологий титанов в этой зоне. Они находятся в состоянии обостряющейся территориальной войны с волчерами.",93,1117,0,0,0,0,0,0,0,0,0,0,16,0,0,0,0,0,0,0,42000,0,0,0,-2.2,1,7,7,-1,-1,0,0,0,0,0,0
1106,Серебряный Авангард,"Ведомый Тирионом Фордрингом, Серебряный Авангард объединил в себе реформированный орден Серебряной Длани и орден Серебряного Рассвета для борьбы против армий Короля-лича.",94,1097,0,0,0,0,0,0,0,0,0,0,16,0,0,0,0,0,0,0,42000,0,0,0,0,0,5,5,-1,-1,0,0,0,0,0,0
1107,Тролли Драккари,,-1,0,0,0,0,0,0,0,0,0,0,0,0,0,0,0,0,0,0,0,0,0,0,0,1,1,5,5,0,0,0,0,0,0,0,0
1108,ПВ - Артас,,-1,0,0,0,0,0,0,0,0,0,0,0,0,0,0,0,0,0,0,0,0,0,0,0,1,1,5,5,0,0,0,0,0,0,0,0
1109,ПВ - Житель Стратхольма,,-1,0,0,0,0,0,0,0,0,0,0,0,0,0,0,0,0,0,0,0,0,0,0,0,1,1,5,5,0,0,0,0,0,0,0,0
1110,ПВ - Плеть,,-1,0,0,0,0,0,0,0,0,0,0,0,0,0,0,0,0,0,0,0,0,0,0,0,1,1,5,5,0,0,0,0,0,0,0,0
1111,Фрейя,,-1,0,0,0,0,0,0,0,0,0,0,0,0,0,0,0,0,0,0,0,0,0,0,0,1,1,5,5,0,0,0,0,0,0,0,0
1112,Mount - Taxi - Alliance,,-1,0,0,0,0,0,0,0,0,0,0,0,0,0,0,0,0,0,0,0,0,0,0,0,1,1,5,5,0,0,0,0,0,0,0,0
1113,Mount - Taxi - Horde,,-1,0,0,0,0,0,0,0,0,0,0,0,0,0,0,0,0,0,0,0,0,0,0,0,1,1,5,5,0,0,0,0,0,0,0,0
1114,Mount - Taxi - Neutral,,-1,0,0,0,0,0,0,0,0,0,0,0,0,0,0,0,0,0,0,0,0,0,0,0,1,1,5,5,0,0,0,0,0,0,0,0
1115,Элементаль воды,,-1,0,0,0,0,0,0,0,0,0,0,0,0,0,0,0,0,0,0,0,0,0,0,0,1,1,5,5,0,0,0,0,0,0,0,0
1116,Элементаль воздуха,,-1,0,0,0,0,0,0,0,0,0,0,0,0,0,0,0,0,0,0,0,0,0,0,0,1,1,5,5,0,0,0,0,0,0,0,0
1117,Низина Шолазар,,95,1097,0,0,0,0,0,0,0,0,0,0,12,0,0,0,0,0,0,0,42000,0,0,0,0,0,5,5,-1,-1,0,0,0,0,0,0
1118,World of Warcraft,,96,0,0,0,0,0,0,0,0,0,0,0,4104,0,0,0,0,0,0,0,0,0,0,0,0,0,5,5,-1,-1,0,0,0,0,0,0
1119,Сыны Ходира,"Снежные великаны Грозовой гряды – воинственная раса, обитающая в Дун Ниффелеме.",97,1097,0,0,0,0,0,0,0,0,0,0,0,0,0,0,-42000,0,0,0,42000,0,0,0,0,0,5,5,-1,-1,0,0,0,0,0,0
1120,Железные великаны,,-1,0,0,0,0,0,0,0,0,0,0,0,0,0,0,0,0,0,0,0,0,0,0,0,1,1,5,5,0,0,0,0,0,0,0,0
1121,Ледяной врайкул,,-1,0,0,0,0,0,0,0,0,0,0,0,0,0,0,0,0,0,0,0,0,0,0,0,1,1,5,5,0,0,0,0,0,0,0,0
1122,Земельники с Грозовой гряды,,-1,0,0,0,0,0,0,0,0,0,0,0,0,0,0,0,0,0,0,0,0,0,0,0,1,1,5,5,0,0,0,0,0,0,0,0
1123,Monster Referee,,-1,0,0,0,0,0,0,0,0,0,0,0,0,0,0,0,0,0,0,0,0,0,0,0,1,1,5,5,0,0,0,0,0,0,0,0
1124,Похитители Солнца,"Путь в Даларан всегда был заказан для Орды, но благодаря стараниям верховного мага Этаса Похитителя Солнца ей все же открыли доступ в город. Последователи Этаса назвали в честь своего благодетеля целый район города – Прибежище Похитителя Солнца.",98,1052,0,0,0,0,0,0,0,0,0,0,16,6,0,0,0,-42000,0,0,42000,-42000,0,0,0.5,0.5,7,7,1309324210,-1440044374,-1321907123,1427461461,0,0,0,0
1125,Круг хильд,,-1,0,0,0,0,0,0,0,0,0,0,0,0,0,0,0,0,0,0,0,0,0,0,0,1,1,5,5,0,0,0,0,0,0,0,0
1126,Зиморожденные,"Загадочная раса снежных дворфов, живущих на Грозовой гряде. Недавно они подружились с путешественниками из Лиги исследователей и рады приветствовать друзей Альянса в своих поселениях.",99,1037,0,0,0,0,0,0,0,0,0,0,16,0,0,0,0,-42000,0,0,42000,-42000,0,0,0.5,0.5,7,7,-1321907123,1427461461,1309324210,-1440044374,0,0,0,0
1128,Сумеречный Молот,,-1,0,0,0,0,0,0,0,0,0,0,0,0,0,0,0,0,0,0,0,0,0,0,0,1,1,5,5,0,0,0,0,0,0,0,0
1129,Фурболг: Чернолесье,,-1,0,0,0,0,0,0,0,0,0,0,0,0,0,0,0,0,0,0,0,0,0,0,0,1,1,5,5,0,0,0,0,0,0,0,0
1130,Олень: Темные берега,,-1,0,0,0,0,0,0,0,0,0,0,0,0,0,0,0,0,0,0,0,0,0,0,0,1,1,5,5,0,0,0,0,0,0,0,0
1131,Медведь: Темные берега,,-1,0,0,0,0,0,0,0,0,0,0,0,0,0,0,0,0,0,0,0,0,0,0,0,1,1,5,5,0,0,0,0,0,0,0,0
1132,Лунопард: Темные берега,,-1,0,0,0,0,0,0,0,0,0,0,0,0,0,0,0,0,0,0,0,0,0,0,0,1,1,5,5,0,0,0,0,0,0,0,0
1133,Картель Трюмных Вод,"Картель Трюмных Вод, во главе которого стоит торговый принц Галливикс, является самой могущественной торговой организацией на острове Кезан. Штаб-квартира картеля располагается в порту Трюмных Вод, откуда ведется контроль за всей торговлей в Южных морях.",105,67,0,0,0,0,0,0,0,0,0,0,273,6,0,0,3100,-42000,0,0,42000,-42000,0,0,1,0.25,4,7,1309324210,-1440044374,-1321907123,1427461461,0,0,0,0
1134,Гилнеас,"Люди Гилнеаса живут в постоянной борьбе. Отгородившись стеной от остального человечества, сейчас они вынуждены сражаться с опасностями, которые зародились в самом королевстве.",106,469,0,0,0,0,0,0,0,0,0,0,273,6,17,0,0,-42000,3000,0,42000,-42000,42000,0,1,0.25,4,7,-1324004275,0,1309324210,-1440044374,2097152,0,0,0
1135,Служители Земли,"Сообщество самых могущественных шаманов Азерота, которые поддерживают баланс между силами стихий всего мира. Во время катаклизма они заняты устранением разрушительных последствий прихода Смертокрыла.",110,1162,0,0,0,0,0,0,0,0,0,0,16,0,0,0,0,0,0,0,42000,0,0,0,0,0,5,5,-1,-1,0,0,0,0,0,0
1136,Перенос с Транквиллиона,,100,0,0,0,0,0,0,0,0,0,0,0,4,0,0,0,0,0,0,0,42000,0,0,0,0,0,0,0,-1,-1,0,0,0,0,0,0
1137,Перенос с Укротителей Ледопардов,,101,0,0,0,0,0,0,0,-1,0,0,0,4,0,0,0,0,0,0,0,42000,0,0,0,0,0,0,0,-1,-1,0,0,0,0,0,0
1138,Катаклизм - нейтральное отношение,,-1,0,0,0,0,0,0,0,0,0,0,0,0,0,0,0,0,0,0,0,0,0,0,0,1,1,0,0,0,0,0,0,0,0,0,0
1142,Остатки Маграм,,-1,0,0,0,0,0,0,0,0,0,0,0,0,0,0,0,0,0,0,0,0,0,0,0,0,0,0,0,0,0,0,0,0,0,0,0
1143,Сыны племени Гелкис,,-1,0,0,0,0,0,0,0,0,0,0,0,0,0,0,0,0,0,0,0,0,0,0,0,0,0,0,0,0,0,0,0,0,0,0,0
1144,REUSE,,-1,0,0,0,0,0,0,0,0,0,0,0,0,0,0,0,0,0,0,0,0,0,0,0,0,0,0,0,0,0,0,0,0,0,0,0
1145,Ненавидит все,,-1,0,0,0,0,0,0,0,0,0,0,0,0,0,0,0,0,0,0,0,0,0,0,0,0,0,0,0,0,0,0,0,0,0,0,0
1152,ИГРОК: гоблин,,-1,0,0,0,0,0,0,0,0,0,0,0,0,0,0,0,0,0,0,0,0,0,0,0,1,1,5,5,0,0,0,0,0,0,0,0
1153,ИГРОК: ворген,,-1,0,0,0,0,0,0,0,0,0,0,0,0,0,0,0,0,0,0,0,0,0,0,0,1,1,5,5,0,0,0,0,0,0,0,0
1154,Перенос с Серебряного Союза,,102,0,0,0,0,0,0,0,0,0,0,0,4,0,0,0,0,0,0,0,42000,0,0,0,0,0,0,0,-1,-1,0,0,0,0,0,0
1155,Перенос с Похитителей Солнца,,103,0,0,0,0,0,0,0,0,0,0,0,4,0,0,0,0,0,0,0,42000,0,0,0,0,0,0,0,-1,-1,0,0,0,0,0,0
1156,Пепельный союз,"По условиям договора между Тирионом Фордрингом и Дарионом Могрейном Серебряный Авангард и рыцари Черного Клинка обязуются отложить решение разногласий до тех пор, пока Король-лич не будет повержен.",104,1097,0,0,0,0,0,0,0,0,0,0,16,0,0,0,0,0,0,0,42000,0,0,0,0,0,0,0,-1,-1,0,0,0,0,0,0
1157,Пигмей,,-1,0,0,0,0,0,0,0,0,0,0,0,0,0,0,0,0,0,0,0,0,0,0,0,0,0,0,0,0,0,0,0,0,0,0,0
1158,Стражи Хиджала,"Столкнувшись с неминуемой угрозой, нависшей над горой Хиджал, самые могущественные члены Круга Кенария объединили силы со своими союзниками, изумрудными драконами, чтобы отбить атаку элементалей Рагнароса и сил Сумеречного Молота.",113,1162,0,0,0,0,0,0,0,0,0,0,16,0,0,0,0,0,0,0,42000,0,0,0,0,0,0,0,-1,-1,0,0,0,0,0,0
1159,Захват флага: Альянс 2,,-1,0,0,0,0,0,0,0,0,0,0,0,0,0,0,0,0,0,0,0,0,0,0,0,1,1,5,5,0,0,0,0,0,0,0,0
1160,Захват флага: Орда 2,,-1,0,0,0,0,0,0,0,0,0,0,0,0,0,0,0,0,0,0,0,0,0,0,0,1,1,5,5,0,0,0,0,0,0,0,0
1161,Зловещий Тотем,,-1,0,0,0,0,0,0,0,0,0,0,0,0,0,0,0,0,0,0,0,0,0,0,0,0,0,0,0,0,0,0,0,0,0,0,0
1162,Cataclysm,,111,0,3,0,0,0,0,0,0,0,0,0,4104,0,0,0,0,0,0,0,0,0,0,0,0,0,0,0,-1,-1,0,0,0,0,0,0
1168,Гильдия,"Репутация в гильдии показывает, насколько активно вы участвуете в развитии гильдии. Она набирается автоматически по мере того, как вы накапливаете опыт для гильдии, и необходима для приобретения особых наград.",114,1169,0,0,2,0,0,0,0,0,0,0,528,0,0,0,0,0,0,0,42000,0,0,0,0,0,0,0,-1,-1,0,0,0,0,0,0
1169,Гильдия,,115,0,0,0,0,0,0,0,0,0,0,0,4120,0,0,0,0,0,0,0,0,0,0,0,0,0,0,0,-1,-1,0,0,0,0,0,0
1171,Теразан,"Обителью стихии земли – Подземьем – управляет Теразан и ее сыновья, каменные владыки. После того как Смертокрыл и его последователи нанесли серьезный урон ее владениям, Теразан не скрывает своего враждебного отношения ко всем чужакам.",116,1162,0,0,0,0,0,0,0,0,0,0,64,0,0,0,-42000,0,0,0,42000,0,0,0,0,0,0,0,-1,-1,0,0,0,0,0,0
1172,Клан Драконьей Пасти,"Когда-то сам Смертокрыл поручил этому клану своенравных орков поработить красных драконов, включая Алекстразу. Теперь клан потерял прежнюю силу и уменьшился в размерах. Клан обрел свой дом на Сумеречном нагорье.",117,1162,0,0,0,0,0,0,0,0,0,0,16,0,0,0,0,-42000,0,0,42000,-42000,0,0,0,0,0,0,1309324210,-1440044374,-1321907123,1427461461,0,0,0,0
1173,Рамкахены,"Рамкахены – народ, похожий на кошек – являются потомками тол'виров, стражей Ульдума. Хоть они и лишились своих каменных тел, защита тайн титанов по-прежнему является неотъемлемой частью их устоев и традиций.",118,1162,0,0,0,0,0,0,0,0,0,0,16,0,0,0,0,0,0,0,42000,0,0,0,0,0,0,0,-1,-1,0,0,0,0,0,0
1174,Клан Громового Молота,"Дворфы из клана Каменного Молота славятся своей почти безрассудной смелостью, а также являются непревзойденными наездниками на грифонах. Лишившись из-за клана Черного Железа своего дома в Грим Батоле, они расселились по Сумеречному нагорью.",119,1162,0,0,0,0,0,0,0,0,0,0,16,4,0,0,0,-42000,0,0,42000,-42000,0,0,0,0,0,0,-1321907123,1427461461,1309324210,-1440044374,0,0,0,0
1177,Защитники Тол Барада,"У этой армии свирепых воинов, некогда возглавляемой герцогом Реджинальдом Барадским II, тесные связи с крепостью Тол Барад. Защитники Тол Барада перешли на сторону Альянса, чтобы победить ордынцев и получить контроль над этим стратегически важным островом.",122,1162,0,0,0,0,0,0,0,0,0,0,0,6,0,0,0,-42000,0,0,42000,-42000,0,0,0,0,0,0,-1321907123,1427461461,1309324210,-1440044374,0,0,0,0
1178,Батальон Адского Крика,"Батальон Адского Крика – это элитный полк Орды, состоящий лишь из опытных бойцов, неоднократно участвовавших в боевых действиях. Бойцам, лично отобранным самим Гаррошем, был отдан приказ захватить Тол Барад. Слово ""поражение"" им неизвестно.",123,1162,0,0,0,0,0,0,0,0,0,0,6,16,0,0,-42000,0,0,0,-42000,42000,0,0,0,0,0,0,-1321907123,1427461461,1309324210,-1440044374,0,0,0,0
1179,Слизь,,-1,0,0,0,0,0,0,0,0,0,0,0,0,0,0,0,0,0,0,0,0,0,0,0,1,1,5,5,0,0,0,0,0,0,0,0
1181,"Дружественный, новый",,-1,0,0,0,0,0,0,0,0,0,0,0,0,0,0,0,0,0,0,0,0,0,0,0,1,1,0,0,0,0,0,0,0,0,0,0
1189,К-3,,-1,0,0,0,0,0,0,0,0,0,0,0,0,0,0,0,0,0,0,0,0,0,0,0,1,1,5,5,0,0,0,0,0,0,0,0
1204,Хиджальские мстители,"Разъяренные разрушениями, причиненными Повелителем огня, друиды Круга Кенария решили взять инициативу в свои руки. Сейчас они ведут ответную атаку на Рагнароса, смещая линию фронта вглубь Огненных Просторов.",127,1162,0,0,0,0,0,0,0,0,0,0,16,0,0,0,0,0,0,0,42000,0,0,0,0,0,0,0,-1,-1,0,0,0,0,0,0
1216,Академия Шан Си,Благородный Шан Си воспитал в своей академии вот уже три поколения пандаренов – искателей приключений.,131,1245,0,0,0,0,0,0,0,0,0,0,81,0,0,0,3000,0,0,0,42000,0,0,0,0,0,0,0,58720256,0,0,0,0,0,0,0
1228,Лесные хозены,"Молодая раса бойких, вспыльчивых людей-обезьян.",144,1245,0,0,0,0,0,0,0,0,0,0,2,2,0,0,-42000,-42000,0,0,42000,-42000,0,0,0,0,5,5,1309324210,-1440044374,-1321907123,1427461461,0,0,0,0
1233,Пещеры времени: Источник Вечности - Иллидан,,-1,0,0,0,0,0,0,0,0,0,0,0,0,0,0,0,0,0,0,0,0,0,0,0,1,1,0,0,0,0,0,0,0,0,0,0
1234,Пещеры времени: Источник Вечности - высшие эльфы,,-1,0,0,0,0,0,0,0,0,0,0,0,0,0,0,0,0,0,0,0,0,0,0,0,1,1,0,0,0,0,0,0,0,0,0,0
1235,Пещеры времени: Источник Вечности - Иллидан (незаметность),,-1,0,0,0,0,0,0,0,0,0,0,0,0,0,0,0,0,0,0,0,0,0,0,0,1,1,0,0,0,0,0,0,0,0,0,0
1237,Пещеры времени: Источник Вечности - демоны,,-1,0,0,0,0,0,0,0,0,0,0,0,0,0,0,0,0,0,0,0,0,0,0,0,1,1,0,0,0,0,0,0,0,0,0,0
1240,Пещеры времени: Источник Вечности - клубы демонов,,-1,0,0,0,0,0,0,0,0,0,0,0,0,0,0,0,0,0,0,0,0,0,0,0,0,0,0,0,0,0,0,0,0,0,0,0
1241,Пещеры времени: Источник Вечности - охотники,,-1,0,0,0,0,0,0,0,0,0,0,0,0,0,0,0,0,0,0,0,0,0,0,0,1,1,0,0,0,0,0,0,0,0,0,0
1242,Цзинь-юй Жемчужного Плавника,Сдержанный и прагматичный рыбий народ.,143,1245,0,0,0,0,0,0,-1,0,0,0,16,2,0,0,0,-42000,0,0,42000,-42000,0,0,0,0,0,0,-1321907123,1427461461,1309324210,-1440044374,0,0,0,0
1243,Хозены,Благородное и деятельное племя людей-обезьян.,-1,1245,0,0,0,0,0,0,2047,0,0,0,2,0,0,0,-42000,0,0,0,42000,0,0,0,0,0,0,0,1309324210,-1440044374,0,0,0,0,0,0
1245,Mists of Pandaria,,145,0,4,0,0,0,0,0,0,0,0,0,4104,0,0,0,0,0,0,0,0,0,0,0,0,0,0,0,-1,-1,0,0,0,0,0,0
1249,ИГРОК: дополнение 4,,-1,0,0,0,0,0,0,0,0,0,0,0,0,0,0,0,0,0,0,0,0,0,0,0,1,1,5,5,0,0,0,0,0,0,0,0
1252,Ша,Злые духи этих земель.,-1,0,0,0,0,0,0,0,0,0,0,0,0,0,0,0,0,0,0,0,0,0,0,0,0,0,0,0,0,0,0,0,0,0,0,0
1253,Хранители Восточного храма,,-1,0,0,0,0,0,0,0,0,0,0,0,0,0,0,0,0,0,0,0,0,0,0,0,0,0,0,0,0,0,0,0,0,0,0,0
1265,Шен'дралар,"Последние эльфы Забытого города, утратившие былое могущество, но сохранившие свою мудрость и великие тайны.",-1,1118,0,0,0,0,0,0,0,0,0,0,0,0,0,0,0,0,0,0,0,0,0,0,1,1,5,5,0,0,0,0,0,0,0,0
1268,Могу,"Могу, древние обитатели Пандарии, так и не смогли смириться с тем, что им пришлось делить эту землю с молодыми расами.",-1,1245,0,0,0,0,0,0,0,0,0,0,0,0,0,0,0,0,0,0,0,0,0,0,1,1,0,0,0,0,0,0,0,0,0,0
1269,Золотой Лотос,"Тайное сообщество пандаренов, намеревающееся раз и навсегда решить проблему с могу.",167,1245,0,0,1,0,0,0,0,0,0,0,16,0,0,0,0,0,0,0,42000,0,0,0,0,0,0,0,-1,-1,0,0,0,0,0,0
1270,Шадо-Пан,Этот орден незримых защитников святынь Пандарии окутан тайнами и легендами.,182,1245,0,0,1,0,0,0,0,0,0,0,16,0,0,0,0,0,0,0,42000,0,0,0,0,0,0,0,-1,-1,0,0,0,0,0,0
1271,Орден Облачного Змея,Хранители Восточного храма,154,1245,0,0,1,0,0,0,-1,0,0,0,16,0,0,0,3000,0,0,0,42000,0,0,0,0,0,0,0,-1,-1,0,0,0,0,0,0
1272,Земледельцы,Земледельцы – мирные и работящие жители Пандарии. Каждая семья обязана им своим сытным ужином.,171,1245,0,0,1,0,0,0,-1,0,0,0,152,0,0,0,0,0,0,0,42000,0,0,0,0,0,0,0,-1,-1,0,0,0,0,0,0
1273,Йогу Пьяный,"Йогу легко найти на дне бутылки самого дешевого варева, поставляемого хмелеварней Буйных Портеров.",156,1272,0,21,0,0,0,0,0,0,0,0,16,0,0,0,0,0,0,0,42000,0,0,0,0,0,0,0,-1,-1,0,0,0,0,0,0
1275,Элла,"Элла хочет стать великим пивоваром, но ей еще многому предстоит научиться!",158,1272,0,17,0,0,0,0,0,0,0,0,16,0,0,0,0,0,0,0,42000,0,0,0,0,0,0,0,-1,-1,0,0,0,0,0,0
1276,Старик Горная Лапа,Старик Горная Лапа – самый хитрый заводчик куриц в округе.,159,1272,0,22,0,0,0,0,0,0,0,0,16,0,0,0,0,0,0,0,42000,0,0,0,0,0,0,0,-1,-1,0,0,0,0,0,0
1277,Чи-Чи,"Если у вас когда-нибудь возникнет вопрос про овец, спросите Чи-Чи – он наверняка знает ответ.",160,1272,0,16,0,0,0,0,0,0,0,0,16,0,0,0,0,0,0,0,42000,0,0,0,0,0,0,0,-1,-1,0,0,0,0,0,0
1278,Шо,"Крепкая, суровая защитница фермерских угодий. Если вам нужен кто-то, кто может постоять за себя – зовите Шо!",161,1272,0,23,0,0,0,0,0,0,0,0,16,0,0,0,0,0,0,0,42000,0,0,0,0,0,0,0,-1,-1,0,0,0,0,0,0
1279,Хаохань Грязный Коготь,"Хаохань Грязный Коготь, уважаемый предводитель фракции земледельцев, как всегда по горло завален неотложными делами.",162,1272,0,20,0,0,0,0,0,0,0,0,16,0,0,0,0,0,0,0,42000,0,0,0,0,0,0,0,-1,-1,0,0,0,0,0,0
1280,Тина Грязный Коготь,Тина Грязный Коготь любит изящные вещи.,163,1272,0,24,0,0,0,0,0,0,0,0,16,0,0,0,0,0,0,0,42000,0,0,0,0,0,0,0,-1,-1,0,0,0,0,0,0
1281,Джина Грязный Коготь,"Управлять рынком Полугорья – нелегкое дело! Неудивительно, что Джина Грязный Коготь всегда такая нервная.",164,1272,0,19,0,0,0,0,0,0,0,0,16,0,0,0,0,0,0,0,42000,0,0,0,0,0,0,0,-1,-1,0,0,0,0,0,0
1282,Рыба Тростниковая Шкура,"Рыба Тростниковая Шкура смогла узнать об истории этого континента больше, чем успели забыть остальные жители города.",165,1272,0,18,0,0,0,0,0,0,0,0,16,0,0,0,0,0,0,0,42000,0,0,0,0,0,0,0,-1,-1,0,0,0,0,0,0
1283,Фермер Фун,Фермер Фун выращивает самые большие овощи в Плодородных землях!,166,1272,0,2,0,0,0,0,0,0,0,0,16,0,0,0,0,0,0,0,42000,0,0,0,0,0,0,0,-1,-1,0,0,0,0,0,0
1286,Хранители Красного Журавля,,-1,0,0,0,0,0,0,0,0,0,0,0,0,0,0,0,0,0,0,0,0,0,0,0,0,0,0,0,0,0,0,0,0,0,0,0
1302,Рыболовы,"Рыболовы – мастера удочки, которые кормят свой народ и щедро делятся богатыми познаниями в рыбалке.",172,1245,0,0,1,0,0,0,0,0,0,0,152,0,0,0,0,0,0,0,42000,0,0,0,0,0,0,0,-1,-1,0,0,0,0,0,0
1336,Стая богомолов,"Хищные стаи богомолов кружат по Жутким пустошам и Таулунским степям, сокрушая все на своем пути.",-1,1245,0,0,0,0,0,0,0,0,0,0,0,0,0,0,0,0,0,0,0,0,0,0,1,1,0,0,0,0,0,0,0,0,0,0
1337,Клакси,"Этих предводителей богомолов не затронули скверна и безумие, поразившие остатки некогда великого роя. Они хотят объединиться с прочими обитателями Пандарии, чтобы спасти свою королеву.",181,1245,0,0,1,0,0,0,0,0,0,0,16,0,0,0,0,0,0,0,42000,0,0,0,0,0,0,0,-1,-1,0,0,0,0,0,0
1338,Могу из клана Гуртан,,-1,0,0,0,0,0,0,0,0,0,0,0,0,0,0,0,0,0,0,0,0,0,0,0,0,0,0,0,0,0,0,0,0,0,0,0
1339,Могу из клана Хартак,,-1,0,0,0,0,0,0,0,0,0,0,0,0,0,0,0,0,0,0,0,0,0,0,0,0,0,0,0,0,0,0,0,0,0,0,0
1340,Могу из клана Коргеш,,-1,0,0,0,0,0,0,0,0,0,0,0,0,0,0,0,0,0,0,0,0,0,0,0,0,0,0,0,0,0,0,0,0,0,0,0
1341,Небожители,Эти отважные воины защищают храмы Пандарии от губительного влияния Ша.,183,1245,0,0,1,0,0,0,0,0,0,0,16,0,0,0,0,0,0,0,42000,0,0,0,0,0,0,0,-1,-1,0,0,0,0,0,0
1345,Хранители истории,"Хранители тайн Пандарии отважно бродят по континенту, собирая крохи знаний об истории своего народа.",184,1245,0,0,1,0,0,0,0,0,0,0,16,0,0,0,0,0,0,0,42000,0,0,0,0,0,0,0,-1,-1,0,0,0,0,0,0
1351,Хмелевары,Эти благородные пандарены свято хранят предаваемые из поколения в поколение секреты приготовления хмельных напитков.,186,1245,0,0,1,0,0,0,0,0,0,0,0,0,0,0,0,0,0,0,42000,0,0,0,0,0,0,0,-1,-1,0,0,0,0,0,0
1352,Пандарены Хоцзинь,"Возглавляемые отважным воином Цзи Огненная Лапа, пандарены Хоцзинь славятся стремительностью и готовностью защищать свои идеалы.",187,67,0,0,0,0,0,0,0,0,0,0,273,6,0,0,3100,-42000,0,0,42000,-42000,0,0,1,0.25,4,7,1309324210,-1440044374,-1321907123,1427461461,0,0,0,0
1353,Пандарены Тушуй,"Возглавляемые доблестной Аисой Воспевающей Облака, пандарены Тушуй всегда действуют осторожно и обдуманно.",188,469,0,0,0,0,0,0,0,0,0,0,273,6,17,0,3100,-42000,3000,0,42000,-42000,42000,0,1,0.25,4,7,-1324004275,0,1309324210,-1440044374,2097152,0,0,0
1357,Номи,"Это тайная фракция, помогая которой, вы можете заслужить доверие и расположение Номи.",191,0,0,25,0,0,0,0,0,0,0,0,4,0,0,0,0,0,0,0,42000,0,0,0,0,0,0,0,-1,-1,0,0,0,0,0,0
1358,Нат Пэгл,Страстный рыболов и любитель тонких вин. Пусть вас не обманывает его вспыльчивость – под показной раздражительностью скрывается желание поделиться жизненным опытом.,192,1302,0,26,0,0,0,0,0,0,0,0,16,0,0,0,0,0,0,0,42000,0,0,0,0,0,0,0,-1,-1,0,0,0,0,0,0
1359,Черный принц,"Черный принц Гневион – последний из рода черных драконов. Говорят, он щедро вознаграждает тех, кто заслужил его доверие.",193,1245,0,0,0,0,0,0,-1,0,0,0,16,0,0,0,2800,0,0,0,42000,0,0,0,0,0,0,0,-1,-1,0,0,0,0,0,0
1364,"Союзник, силовая реакция 2",,-1,0,0,0,0,0,0,0,0,0,0,0,0,0,0,0,0,0,0,0,0,0,0,0,1,1,5,5,0,0,0,0,0,0,0,0
1366,"Союзник, силовая реакция 3",,-1,0,0,0,0,0,0,0,0,0,0,0,0,0,0,0,0,0,0,0,0,0,0,0,1,1,5,5,0,0,0,0,0,0,0,0
1367,"Союзник, силовая реакция 4",,-1,0,0,0,0,0,0,0,0,0,0,0,0,0,0,0,0,0,0,0,0,0,0,0,1,1,5,5,0,0,0,0,0,0,0,0
1368,"Союзник, силовая реакция 5",,-1,0,0,0,0,0,0,0,0,0,0,0,0,0,0,0,0,0,0,0,0,0,0,0,1,1,5,5,0,0,0,0,0,0,0,0
1369,"Союзник, силовая реакция 6",,-1,0,0,0,0,0,0,0,0,0,0,0,0,0,0,0,0,0,0,0,0,0,0,0,1,1,5,5,0,0,0,0,0,0,0,0
1370,"Союзник, силовая реакция 7",,-1,0,0,0,0,0,0,0,0,0,0,0,0,0,0,0,0,0,0,0,0,0,0,0,1,1,5,5,0,0,0,0,0,0,0,0
1371,Деревня Лап'дон,,-1,0,0,0,0,0,0,0,0,0,0,0,0,0,0,0,0,0,0,0,0,0,0,0,0,0,0,0,0,0,0,0,0,0,0,0
1372,Деревня Медовой Росы,,-1,0,0,0,0,0,0,0,0,0,0,0,0,0,0,0,0,0,0,0,0,0,0,0,0,0,0,0,0,0,0,0,0,0,0,0
1374,"Арена ""Морд'Бой"" (сезон 1)",Первый сезон соревнований в бойцовской гильдии Орды прошел во время кампании в Пандарии.,197,892,0,171,0,0,0,0,0,0,0,0,16,0,0,0,0,0,0,0,9000,0,0,0,0,0,0,0,1309324210,-1440044374,0,0,0,0,0,0
1375,Армия Покорителей,"Войско Орды в Пандарии, базирующееся в Крепости Покорителей в Красарангских джунглях.",198,1245,0,0,1,0,0,0,0,0,0,0,144,2,0,0,0,-42000,0,0,42000,-42000,0,0,0,0,0,0,1309324210,-1440044374,-1321907123,1427461461,0,0,0,0
1376,"Операция ""Заслон""","Войско Альянса в Пандарии, базирующееся в Львином лагере в Красарангских джунглях.",199,1245,0,0,1,0,0,0,0,0,0,0,144,2,0,0,0,-42000,0,0,42000,-42000,0,0,0,0,0,0,-1321907123,1427461461,1309324210,-1440044374,0,0,0,0
1387,Армия Кирин-Тора,"Вдохновленная яростью Джайны, Армия Кирин-Тора пытается захватить Остров Грома во славу Альянса!",207,1245,0,0,1,0,0,0,0,0,0,0,144,2,0,0,3000,-42000,0,0,42000,-42000,0,0,0,0,0,0,-1321907123,1427461461,1309324210,-1440044374,0,0,0,0
1388,Войска Похитителей Солнца,"Изгнанные из Даларана Войска Похитителей Солнца сражаются, чтобы найти в руинах на Острове Грома могущественные артефакты могу и обеспечить свое будущее в том случае, если в Орде воцарит анархия.",208,1245,0,0,1,0,0,0,0,0,0,0,144,2,0,0,3000,-42000,0,0,42000,-42000,0,0,0,0,0,0,1309324210,-1440044374,-1321907123,1427461461,0,0,0,0
1416,Акама,"Акама утратил доверие к чернокниникам после того, как Иллидан поддался порче, а чернокнижники вторглись в Черный храм после Катаклизма.",221,1245,4,0,0,0,0,0,-1,0,0,0,0,0,0,0,500,0,0,0,1000,0,0,0,1,1,0,0,-1,-1,0,0,0,0,0,0
1419,"Потасовочная ""У Бизмо"" (сезон 1)",Первый сезон соревнований в бойцовской гильдии Альянса прошел во время кампании в Пандарии.,220,891,0,172,0,0,0,0,0,0,0,0,16,0,0,0,0,0,0,0,9000,0,0,0,0,0,0,0,-1321907123,1427461461,0,0,0,0,0,0
1433,"Monster, Enforced Neutral For Force Reaction",,227,0,0,0,0,0,0,0,-1,0,0,0,20,0,0,0,100,0,0,0,100,0,0,0,0,0,0,0,-1,-1,0,0,0,0,0,0
1435,Натиск Шадо-Пан,"Доблестные воины Шадо-Пан напали на Престол Гроз, чтобы победить живущее там зло и совершить акт правосудия, положив конец столетиям рабства, длившегося во время правления Властелина Грома.",228,1245,0,0,0,0,0,0,-1,0,0,0,16,0,0,0,0,0,0,0,42000,0,0,0,0,0,0,0,-1,-1,0,0,0,0,0,0
1440,Восстание Черного Копья,"Вол'джин открыто объявил о восстании, направленном против Гарроша Адского Крика. С помощью войск как Орды, так и Альянса, он занимается подготовкой нападения на Оргриммар.",229,1245,0,72,0,0,0,0,0,0,0,0,16,0,0,0,0,0,0,0,10000,0,0,0,0,0,0,0,-1,-1,0,0,0,0,0,0
1443,Кор'крон,,-1,0,0,0,0,0,0,0,0,0,0,0,0,0,0,0,0,0,0,0,0,0,0,0,0,0,0,0,0,0,0,0,0,0,0,0
1444,Warlords of Draenor,,230,0,5,0,0,0,0,0,0,0,0,0,4120,0,0,0,0,0,0,0,0,0,0,0,0,0,0,0,-1,-1,0,0,0,0,0,0
1445,Клан Северного Волка,"Клан Северного Волка с хребта Ледяного Огня – это сплоченное сообщество свирепых воинов, отлично приспособившихся выживать в суровых условиях Дренора.",231,1444,0,0,0,0,0,0,0,0,0,0,16,2,0,0,3000,-42000,0,0,42000,-42000,0,0,0,0,0,0,1309324210,-1440044374,-1321907123,1427461461,0,0,0,0
1447,Племя Черного Копья,,-1,0,0,0,0,0,0,0,0,0,0,0,0,0,0,0,0,0,0,0,0,0,0,0,0,0,0,0,0,0,0,0,0,0,0,0
1457,Древлинги,,-1,0,0,0,0,0,0,0,0,0,0,0,0,0,0,0,0,0,0,0,0,0,0,0,1,1,5,5,0,0,0,0,0,0,0,0
1483,Пожиратели древлингов,,-1,0,0,0,0,0,0,0,0,0,0,0,0,0,0,0,0,0,0,0,0,0,0,0,1,1,5,5,0,0,0,0,0,0,0,0
1491,Дозорные Времени,"Дозорные Времени охраняют временные потоки от тех, кто готов воспользоваться смертностью бронзовых драконов. Большинство Дозорных принадлежит к ученым или искателям приключений, которые прежде состояли в рядах Хранителей Времени.",-1,0,0,0,0,0,0,0,0,0,0,0,0,0,0,0,0,0,0,0,0,0,0,0,0,0,0,0,0,0,0,0,0,0,0,0
1492,Император Шаохао,"Шаохао, древний император Пандарии, – личность, заслуживающая самое глубокое уважение.",241,1245,0,0,0,0,0,0,-1,0,0,0,16,0,0,0,0,0,0,0,42000,0,0,0,0,0,0,0,-1,-1,0,0,0,0,0,0
1496,Огры Хребта Ледяного Огня,"Огры Хребта Ледяного Огня ничего интересного из себя не представляют, но стычки и ссоры любят.",-1,1444,0,0,0,0,0,0,0,0,0,0,0,0,0,0,0,0,0,0,0,0,0,0,1,1,0,0,0,0,0,0,0,0,0,0
1500,Красные фантомы,"Ордос захватил ваш разум. Он обратил вас против ваших же союзников, ввергнув в кровавую ярость.",-1,0,0,0,0,0,0,0,0,0,0,0,0,0,0,0,0,0,0,0,0,0,0,0,0,0,0,0,0,0,0,0,0,0,0,0
1508,Клан Призрачной Луны,,-1,0,0,0,0,0,0,0,0,0,0,0,0,0,0,0,0,0,0,0,0,0,0,0,0,0,0,0,0,0,0,0,0,0,0,0
1509,Бледнокожие,,-1,0,0,0,0,0,0,0,0,0,0,0,0,0,0,0,0,0,0,0,0,0,0,0,0,0,0,0,0,0,0,0,0,0,0,0
1514,Приверженцы Рухмар,Эти злобные существа поклоняются ужасной богине Рухмар и стремятся залить весь мир кровью своих врагов.,-1,0,0,0,0,0,0,0,0,0,0,0,0,0,0,0,0,0,0,0,0,0,0,0,1,1,0,0,0,0,0,0,0,0,0,0
1515,Араккоа-изгои,"Араккоа-изгои действуют незаметно и скрываются в тени, но стремятся к светлому будущему для своего народа.",247,1444,0,0,0,0,0,0,0,0,0,0,16,0,0,0,0,0,0,0,42000,0,0,0,0,0,0,0,-1,-1,0,0,0,0,0,0
1520,Изгнанники клана Призрачной Луны,,205,1444,0,0,0,0,0,0,0,0,0,0,20,0,0,0,0,0,0,0,0,0,0,0,1,1,0,0,0,0,0,0,0,0,0,0
1521,Совет Теней,,-1,0,0,0,0,0,0,0,0,0,0,0,0,0,0,0,0,0,0,0,0,0,0,0,0,0,0,0,0,0,0,0,0,0,0,0
1591,Дренорские дренеи,,-1,0,0,0,0,0,0,0,0,0,0,0,0,0,0,0,0,0,0,0,0,0,0,0,0,0,0,0,0,0,0,0,0,0,0,0
1617,Изначальные,,-1,0,0,0,0,0,0,0,0,0,0,0,0,0,0,0,0,0,0,0,0,0,0,0,0,0,0,0,0,0,0,0,0,0,0,0
1618,Крушители,,-1,0,0,0,0,0,0,0,0,0,0,0,0,0,0,0,0,0,0,0,0,0,0,0,0,0,0,0,0,0,0,0,0,0,0,0
1623,Железная Орда,Непрочный союз множества орочьих кланов Дренора под предводительством Громмаша Адского Крика.,-1,1245,0,0,0,0,0,0,0,0,0,0,0,0,0,0,0,0,0,0,0,0,0,0,1,1,0,0,0,0,0,0,0,0,0,0
1665,Саргераи,"Эти дренеи, чья сущность осквернена служением Совету Теней, жертвуют многим в стремлении обрести силу.",-1,0,0,0,0,0,0,0,0,0,0,0,0,0,0,0,0,0,0,0,0,0,0,0,0,0,0,0,0,0,0,0,0,0,0,0
1674,Дренорские споровики,,-1,0,0,0,0,0,0,0,0,0,0,0,0,0,0,0,0,0,0,0,0,0,0,0,0,0,0,0,0,0,0,0,0,0,0,0
1679,Операция: Аадварк,,251,1444,0,0,0,0,0,0,0,0,0,0,4,0,0,0,0,0,0,0,10000,0,0,0,0,0,0,0,0,0,0,0,0,0,0,0
1680,Клан Верховного Молота,Огры из клана Верховного Молота любят тоги и гладиаторские бои.,-1,1444,0,0,0,0,0,0,0,0,0,0,0,0,0,0,0,0,0,0,0,0,0,0,1,1,0,0,0,0,0,0,0,0,0,0
1681,Копье Вол'джина,"Войско Орды на Ашране, базирующееся в Копье Войны.",252,892,0,0,0,0,0,0,0,0,0,0,16,18,0,0,0,-42000,0,0,42000,-42000,0,0,0,0,0,0,1309324210,-1440044374,-1321907123,1427461461,0,0,0,0
1682,Авангард Ринна,"Войско Альянса на Ашране, базирующееся в Преграде Ветров.",253,891,0,0,0,0,0,0,0,0,0,0,16,18,0,0,0,-42000,0,0,42000,-42000,0,0,0,0,0,0,-1321907123,1427461461,1309324210,-1440044374,0,0,0,0
1687,Горгрондские горены,,-1,0,0,0,0,0,0,0,0,0,0,0,0,0,0,0,0,0,0,0,0,0,0,0,0,0,0,0,0,0,0,0,0,0,0,0
1690,"Арена ""Морд'Бой"" (сезон 2)",Второй сезон соревнований в бойцовской гильдии Орды прошел во время кампании на Дреноре.,136,892,0,212,0,0,0,0,0,0,0,0,16,0,0,0,0,0,0,0,7000,0,0,0,1,1,0,0,1309324210,-1440044374,0,0,0,0,0,0
1691,"Потасовочная ""У Бизмо"" (сезон 2)",Второй сезон соревнований в бойцовской гильдии Альянса прошел во время кампании на Дреноре.,135,891,0,210,0,0,0,0,0,0,0,0,16,0,0,0,0,0,0,0,7000,0,0,0,1,1,0,0,-1321907123,1427461461,0,0,0,0,0,0
1708,Клан Веселого Черепа,"Орки клана Веселого Черепа обитают в самых диких областях Дренора и смеются, как умалишенные, над грозящими им со всех сторон смертельными опасностями.",107,1444,0,0,0,0,0,0,0,0,0,0,16,2,0,0,3000,-42000,0,0,42000,-42000,0,0,0,0,0,0,1309324210,-1440044374,-1321907123,1427461461,0,0,0,0
1710,Защитники Ша'тар,Защитники Шаттрата пытаются вернуть контроль над столицей после коварного предательства.,121,1444,0,0,0,0,0,0,0,0,0,0,16,2,0,0,0,-42000,0,0,42000,-42000,0,0,0,0,0,0,-1321907123,1427461461,1309324210,-1440044374,0,0,0,0
1711,Археологическое общество Хитрой Шестеренки,"Гоблины из Археологического общества Хитрой Шестеренки хотят вернуть реликвии, похищенные ограми Награнда, с тем чтобы благородно продать их тому, кто предложит наибольшую мзду.",124,1444,0,0,0,0,0,0,0,0,0,0,16,0,0,0,0,0,0,0,42000,0,0,0,0,0,5,5,-1,-1,0,0,0,0,0,0
1712,GarInvasion_IronHorde,,125,1444,0,0,0,0,0,0,0,0,0,0,1028,0,0,0,0,0,0,0,42000,0,0,0,0,0,0,0,-1,-1,0,0,0,0,0,0
1713,GarInvasion_ShadowCouncil,,126,1444,0,0,0,0,0,0,0,0,0,0,1028,0,0,0,0,0,0,0,42000,0,0,0,0,0,0,0,-1,-1,0,0,0,0,0,0
1714,GarInvasion_Ogres,,128,1444,0,0,0,0,0,0,0,0,0,0,1028,0,0,0,0,0,0,0,42000,0,0,0,0,0,0,0,-1,-1,0,0,0,0,0,0
1715,GarInvasion_Primals,,129,1444,0,0,0,0,0,0,0,0,0,0,1028,0,0,0,0,0,0,0,42000,0,0,0,0,0,0,0,-1,-1,0,0,0,0,0,0
1716,GarInvasion_Breakers,,132,1444,0,0,0,0,0,0,0,0,0,0,1028,0,0,0,0,0,0,0,42000,0,0,0,0,0,0,0,-1,-1,0,0,0,0,0,0
1717,GarInvasion_ThunderLord,,133,1444,0,0,0,0,0,0,0,0,0,0,1028,0,0,0,0,0,0,0,42000,0,0,0,0,0,0,0,-1,-1,0,0,0,0,0,0
1718,GarInvasion_Shadowmoon,,134,1444,0,0,0,0,0,0,0,0,0,0,1028,0,0,0,0,0,0,0,42000,0,0,0,0,0,0,0,-1,-1,0,0,0,0,0,0
1731,Совет экзархов,Под руководством пяти могущественных экзархов дренеи Дренора пришли к процветанию в этом диком мире.,254,1444,0,0,0,0,0,0,0,0,0,0,16,2,0,0,3000,-42000,0,0,42000,-42000,0,0,0,0,0,0,-1321907123,1427461461,1309324210,-1440044374,0,0,0,0
1732,Дренорcкая Экспедиция Хитрой Шестеренки,На Дреноре открываются безграничные возможности при почти полном отсутствии конкурентов.,138,1444,0,0,0,0,0,0,-1,0,0,0,4,0,0,0,0,0,0,0,0,0,0,0,1,1,0,0,-1,-1,0,0,0,0,0,0
1733,Делвар Железный Кулак,"Ваш личный телохранитель, живущий в казармах. Вы можете подружиться с Делваром, сражаясь с ним плечом к плечу.",255,1735,0,164,0,0,0,0,0,0,0,0,16,0,0,0,0,0,0,0,20000,0,0,0,0,0,0,0,-1321907123,1427461461,0,0,0,0,0,0
1735,Телохранители из казарм,Разместите телохранителей в казармах.,242,1444,0,0,0,0,0,0,0,0,0,0,0,0,0,0,0,0,0,0,0,0,0,0,0,0,0,0,0,0,0,0,0,0,0,0
1736,Тормок,"Ваш личный телохранитель, живущий в казармах. Вы можете подружиться с Тормоком, сражаясь с ним плечом к плечу.",243,1735,0,160,0,0,0,0,0,0,0,0,16,0,0,0,0,0,0,0,20000,0,0,0,0,0,0,0,-1,-1,0,0,0,0,0,0
1737,Жрец Когтя Ишааль,"Ваш личный телохранитель, живущий в казармах. Вы можете подружиться с Ишаалем, сражаясь с ним плечом к плечу.",244,1735,0,166,0,0,0,0,0,0,0,0,16,0,0,0,0,0,0,0,20000,0,0,0,0,0,0,0,-1,-1,0,0,0,0,0,0
1738,Защитница Иллона,"Ваш личный телохранитель, живущий в казармах. Вы можете подружиться с Иллоной, сражаясь с ней плечом к плечу.",245,1735,0,162,0,0,0,0,0,0,0,0,16,0,0,0,0,0,0,0,20000,0,0,0,0,0,0,0,-1321907123,1427461461,0,0,0,0,0,0
1739,Вивианна,"Ваш личный телохранитель, живущий в казармах. Вы можете подружиться с Вивианной, сражаясь с ней плечом к плечу.",246,1735,0,165,0,0,0,0,0,0,0,0,16,0,0,0,0,0,0,0,20000,0,0,0,0,0,0,0,1309324210,-1440044374,0,0,0,0,0,0
1740,Аеда Ясная Заря,"Ваш личный телохранитель, живущий в казармах. Вы можете подружиться с Аедой, сражаясь с ней плечом к плечу.",248,1735,0,163,0,0,0,0,0,0,0,0,16,0,0,0,0,0,0,0,20000,0,0,0,0,0,0,0,1309324210,-1440044374,0,0,0,0,0,0
1741,Леорадж,"Ваш личный телохранитель, живущий в казармах. Вы можете подружиться с Леораджем, сражаясь с ним плечом к плечу.",137,1735,0,167,0,0,0,0,0,0,0,0,16,0,0,0,0,0,0,0,20000,0,0,0,0,0,0,0,-1,-1,0,0,0,0,0,0
1746,Награндские гронны,,-1,0,0,0,0,0,0,0,0,0,0,0,0,0,0,0,0,0,0,0,0,0,0,0,0,0,0,0,0,0,0,0,0,0,0,0
1747,Сокровище Колизея,,-1,0,0,0,0,0,0,0,0,0,0,0,0,0,0,0,0,0,0,0,0,0,0,0,1,1,5,5,0,0,0,0,0,0,0,0
1756,LVA_Looters,,-1,0,0,0,0,0,0,0,0,0,0,0,0,0,0,0,0,0,0,0,0,0,0,0,0,0,0,0,0,0,0,0,0,0,0,0
1757,LVA_Preservers,,-1,0,0,0,0,0,0,0,0,0,0,0,0,0,0,0,0,0,0,0,0,0,0,0,0,0,0,0,0,0,0,0,0,0,0,0
1758,LVA_Naturalists,,-1,0,0,0,0,0,0,0,0,0,0,0,0,0,0,0,0,0,0,0,0,0,0,0,0,0,0,0,0,0,0,0,0,0,0,0
1759,LVA_Machines,,-1,0,0,0,0,0,0,0,0,0,0,0,0,0,0,0,0,0,0,0,0,0,0,0,0,0,0,0,0,0,0,0,0,0,0,0
1760,Гладиаторы Верховного Молота,Огры из клана Верховного Молота любят тоги и гладиаторские бои.,-1,1444,0,0,0,0,0,0,0,0,0,0,0,0,0,0,0,0,0,0,0,0,0,0,1,1,0,0,0,0,0,0,0,0,0,0
1786,Захватчики из Пылающего Легиона,"Демоны, явившиеся неизвестно откуда и не имеющие равных себе в силе.",-1,0,0,0,0,0,0,0,0,0,0,0,0,0,0,0,0,0,0,0,0,0,0,0,0,0,0,0,0,0,0,0,0,0,0,0
1815,Выжившие из Гилнеаса,,140,1834,0,0,0,0,0,0,0,0,0,0,4,0,0,0,0,0,0,0,42000,0,0,0,0,0,0,0,-1,-1,0,0,0,0,0,0
1828,Племена Крутогорья,"Племена Крутогорья за годы заметно потеряли в численности и теперь, в свете нависшей угрозы со стороны дрогбаров, ищут новых союзников для спасения родных земель.",141,1834,0,0,0,2085,0,0,0,0,0,0,16,17,0,0,0,3000,0,0,42000,42000,0,0,0,0,5,5,-138412033,0,134217728,0,0,0,0,0
1833,Некоронованные,"Если ты задаешь этот вопрос, тебе уже крышка.",-1,1834,0,0,0,0,0,0,0,0,0,0,0,0,0,0,0,0,0,0,0,0,0,0,1,1,0,0,0,0,0,0,0,0,0,0
1834,Legion,,146,0,6,0,0,0,0,0,0,0,0,0,4120,0,0,0,0,0,0,0,0,0,0,0,0,0,0,0,-1,-1,0,0,0,0,0,0
1847,Длань Пророка,Ирель собрала под свои знамена оставшихся экзархов и созывает всех на священную войну во имя Велена. Они намереваются закрепиться в Танаанских джунглях и затем разгромить Гул'дана.,147,1444,0,0,0,0,0,0,0,0,0,0,16,2,0,0,3000,-42000,0,0,42000,-42000,0,0,0,0,0,0,-1321907123,1427461461,1309324210,-1440044374,0,0,0,0
1848,Охотники за головами,"Чтобы обезопасить Азерот от вторжения демонов, вождь Вол'джин намеревается нанести им сокрушительное поражение на Дреноре. Он собирает под свои знамена лучших бойцов, чтобы закрепиться на Танаанском полуострове и затем разгромить Гул'дана.",148,1444,0,0,0,0,0,0,0,0,0,0,16,2,0,0,3000,-42000,0,0,42000,-42000,0,0,0,0,0,0,1309324210,-1440044374,-1321907123,1427461461,0,0,0,0
1849,Орден Пробудившихся,"Эти араккоа, вынесшие все ужасы гражданской войны, надеются, что артефакты апекситов помогут вернуть их цивилизации былое величие.",149,1444,0,0,0,0,0,0,0,0,0,0,16,0,0,0,0,0,0,0,42000,0,0,0,0,0,5,5,-1,-1,0,0,0,0,0,0
1850,Охотники за саблеронами,"Коварные Танаанские джунгли привлекают своей опасностью самых искушенных охотников и Азерота, и Дренора. Одержать верх в схватке с танаанскими хищниками сможет лишь тот, кто сам уподобится им.",150,1444,0,0,0,0,0,0,0,0,0,0,16,0,0,0,0,0,0,0,42000,0,0,0,0,0,5,5,-1,-1,0,0,0,0,0,0
1859,Помраченные,"Эти изгнанники-ночнорожденные невыносимо страдают, лишившись доступа к Ночному Колодцу. Они выступают против союза своих сородичей с Легионом и стремятся к некоему подобию искупления.",151,1834,0,0,0,2089,0,0,0,0,0,0,16,16,17,0,0,0,42000,0,42000,42000,42000,0,0,0,5,5,-1321907123,1427461461,1242215346,0,67108864,0,0,0
1860,Жажда магии Талисры,Первая чародейка Талисра,152,1859,0,181,0,0,0,0,0,0,0,0,20,0,0,0,1,0,0,0,200,0,0,0,0,0,0,0,-1,-1,0,0,0,0,0,0
1861,Arcane Thirst (Silgryn) DEPRECATED,DEPRECATED,153,1859,0,182,0,0,0,0,0,0,0,0,20,0,0,0,0,0,0,0,42000,0,0,0,0,0,0,0,-1,-1,0,0,0,0,0,0
1862,Жажда магии Окулета,Главный телемант Окулет,155,1859,0,183,0,0,0,0,0,0,0,0,20,0,0,0,1,0,0,0,200,0,0,0,0,0,0,0,-1,-1,0,0,0,0,0,0
1883,Ткачи Снов,Друиды и их союзники в Валь'шаре с незапамятных времен охраняют Изумрудный Сон.,157,1834,0,0,0,2088,0,0,0,0,0,0,16,0,0,0,0,0,0,0,42000,0,0,0,0,0,5,5,-1,-1,0,0,0,0,0,0
1888,Яндвикские врайкулы,,168,1834,0,0,0,0,0,0,-1,0,0,0,6,0,0,0,-42000,0,0,0,42000,0,0,0,0,0,0,0,-1,-1,0,0,0,0,0,0
1894,Стражи,"После того как войска Легиона с помощью Гул'дана ворвались в Казематы Стражей, немногие уцелевшие Стражи намерены восстановить это узилище и снова изловить всех жутких тварей, вырвавшихся на свободу.",169,1834,0,0,0,2090,0,0,0,0,0,0,16,0,0,0,0,0,0,0,42000,0,0,0,0,0,5,5,-1,-1,0,0,0,0,0,0
1899,Лунные стражи,The Night Time is the Right Time [PH],176,1834,0,0,0,0,0,0,0,0,0,0,16,0,0,0,0,0,0,0,42000,0,0,0,0,0,5,5,-1,-1,0,0,0,0,0,0
1900,Двор Фарондиса,Призрачный двор Фарондиса вместе с союзниками ведет борьбу с захватчиками на проклятых землях Азсуны.,177,1834,0,0,0,2087,0,0,0,0,0,0,16,0,0,0,0,0,0,0,42000,0,0,0,0,0,5,5,-1,-1,0,0,0,0,0,0
1905,Друиды Рощи Снов,,-1,0,0,0,0,0,0,0,0,0,0,0,0,0,0,0,0,0,0,0,0,0,0,0,0,0,0,0,0,0,0,0,0,0,0,0
1910,Дрогбары,,-1,0,0,0,0,0,0,0,0,0,0,0,0,0,0,0,0,0,0,0,0,0,0,0,0,0,0,0,0,0,0,0,0,0,0,0
1911,Квалдиры-призраки,,-1,0,0,0,0,0,0,0,0,0,0,0,0,0,0,0,0,0,0,0,0,0,0,0,0,0,0,0,0,0,0,0,0,0,0,0
1912,Квалдиры,,-1,0,0,0,0,0,0,0,0,0,0,0,0,0,0,0,0,0,0,0,0,0,0,0,0,0,0,0,0,0,0,0,0,0,0,0
1913,Ночнорожденные,,-1,0,0,0,0,0,0,0,0,0,0,0,0,0,0,0,0,0,0,0,0,0,0,0,0,0,0,0,0,0,0,0,0,0,0,0
1914,Иссохшие,,-1,0,0,0,0,0,0,0,0,0,0,0,0,0,0,0,0,0,0,0,0,0,0,0,0,0,0,0,0,0,0,0,0,0,0,0
1919,Жажда магии Вальтруа,Чародейка Вальтруа,178,1859,0,185,0,0,0,0,0,0,0,0,20,0,0,0,1,0,0,0,200,0,0,0,0,0,0,0,-1,-1,0,0,0,0,0,0
1920,Лунные стражи,,-1,0,0,0,0,0,0,0,0,0,0,0,0,0,0,0,0,0,0,0,0,0,0,0,0,0,0,0,0,0,0,0,0,0,0,0
1947,Иллидари,Эльфы поклялись сражаться с Пылающим Легионом до последней капли крови.,195,1834,0,0,0,0,0,0,2048,2047,0,0,20,20,0,0,3000,0,0,0,42000,42000,0,0,1,1,0,0,0,0,0,0,0,0,0,0
1948,Валарьяры,"Избранные воины Одина, поклявшиеся служить ему всю жизнь и после нее.",196,1834,0,0,0,2086,0,0,0,0,0,0,16,16,0,0,0,0,0,0,42000,42000,0,0,0,0,5,5,-1321907123,1427461461,1309324210,-1440044374,0,0,0,0
1953,Кошмар,,-1,0,0,0,0,0,0,0,0,0,0,0,0,0,0,0,0,0,0,0,0,0,0,0,0,0,0,0,0,0,0,0,0,0,0,0
1962,Ночнорожденные-горожане,,-1,0,0,0,0,0,0,0,0,0,0,0,0,0,0,0,0,0,0,0,0,0,0,0,0,0,0,0,0,0,0,0,0,0,0,0
1975,Кудесник Маргосс,"Маргосс когда-то проходил обучение в Кирин-Торе, а к рыбалке обратился для снятия стресса.",200,1834,0,193,0,0,0,0,0,0,0,0,16,0,0,0,0,0,0,0,42000,0,0,0,0,0,0,0,-1,-1,0,0,0,0,0,0
1984,Спасатели,"Высоко в парящем городе Даларане Олиссара и Анжелика исцеляют раненых и болящих – и даже тех, кто находится на волосок от смерти. Они также продают медицинские товары заглянувшим к ним путникам.",201,1834,0,195,0,0,0,0,0,0,0,0,0,0,0,0,0,0,0,0,0,0,0,0,1,1,0,0,0,0,0,0,0,0,0,0
1989,Лунные стражи,,142,1834,0,0,0,0,0,0,0,0,0,0,4,0,0,0,42000,0,0,0,42000,0,0,0,0,0,0,0,-1,-1,0,0,0,0,0,0
2010,"Арена ""Морд'Бой"" (3-й сезон)",Третий сезон соревнований в бойцовской гильдии Орды прошел во время кампании на Расколотых островах.,206,892,0,340,0,0,0,0,0,0,0,0,16,0,0,0,0,0,0,0,7000,0,0,0,1,1,0,0,1309324210,-1440044374,0,0,0,0,0,0
2011,"Потасовочная ""У Бизмо"" (3-й сезон)",Третий сезон соревнований в бойцовской гильдии Альянса прошел во время кампании на Расколотых островах.,209,891,0,339,0,0,0,0,0,0,0,0,16,0,0,0,0,0,0,0,7000,0,0,0,1,1,0,0,-1321907123,1427461461,0,0,0,0,0,0
2012,Ночнорожденные-мятежники,,-1,0,0,0,0,0,0,0,0,0,0,0,0,0,0,0,0,0,0,0,0,0,0,0,0,0,0,0,0,0,0,0,0,0,0,0
2018,Отмщение Когтя,Союзники полубогини Авианы и защитники всех крылатых обитателей Расколотых островов.,211,1834,0,0,2,0,0,0,0,0,0,0,16,0,0,0,0,0,0,0,42000,0,0,0,0,0,5,5,-1,-1,0,0,0,0,0,0
2040,Отмщение Когтя,Союзники полубогини Авианы и защитники всех крылатых обитателей Расколотых островов.,-1,1834,0,0,0,0,0,0,0,0,0,0,0,0,0,0,0,0,0,0,0,0,0,0,1,1,5,5,0,0,0,0,0,0,0,0
2045,Армия погибели Легиона,"Союз защитников Азерота, поставивших своей целью сокрушить силы Легиона в гробнице Саргераса и на Расколотом берегу.",212,1834,0,0,0,2091,0,0,0,0,0,0,16,0,0,0,3000,0,0,0,42000,0,0,0,0,0,5,5,-1,-1,0,0,0,0,0,0
2063,Arne Test - Paragon Reputation Stormwind,"Столица Альянса, один из последних оплотов могущества человеческой расы. Правит Штормградом вернувшийся к власти король Вариан Ринн.",214,0,0,0,0,2062,0,0,0,0,0,0,276,6,20,4,3100,-42000,4000,0,42000,-42000,42000,0,1,0.25,4,7,0,0,0,0,0,0,0,0
2085,Племена Крутогорья (идеал),"Племена Крутогорья за годы заметно потеряли в численности и теперь, в свете нависшей угрозы со стороны дрогбаров, ищут новых союзников для спасения родных земель.",235,1834,0,0,0,0,0,0,0,0,0,0,16,0,0,0,0,0,0,0,42000,0,0,0,0,0,5,5,-1,-1,0,0,0,0,0,0
2086,Валарьяры (идеал),"Избранные воины Одина, поклявшиеся служить ему всю жизнь и после нее.",236,1834,0,0,0,0,0,0,0,0,0,0,16,16,0,0,0,0,0,0,42000,42000,0,0,0,0,5,5,-1321907123,1427461461,1309324210,-1440044374,0,0,0,0
2087,Двор Фарондиса (идеал),Призрачный двор Фарондиса вместе с союзниками ведет борьбу с захватчиками на проклятых землях Азсуны.,237,1834,0,0,0,0,0,0,0,0,0,0,16,0,0,0,0,0,0,0,42000,0,0,0,0,0,5,5,-1,-1,0,0,0,0,0,0
2088,Ткачи Снов (идеал),Друиды и их союзники в Валь'шаре с незапамятных времен охраняют Изумрудный Сон.,238,1834,0,0,0,0,0,0,0,0,0,0,16,0,0,0,0,0,0,0,42000,0,0,0,0,0,5,5,-1,-1,0,0,0,0,0,0
2089,Помраченные (идеал),"Эти изгнанники-ночнорожденные невыносимо страдают, лишившись доступа к Ночному Колодцу. Они выступают против союза своих сородичей с Легионом и стремятся к некоему подобию искупления.",239,1834,0,0,0,0,0,0,0,0,0,0,16,16,0,0,0,0,0,0,42000,42000,0,0,0,0,5,5,-1321907123,1427461461,1309324210,-1440044374,0,0,0,0
2090,Стражи (идеал),"После того как войска Легиона с помощью Гул'дана ворвались в Казематы Стражей, немногие уцелевшие Стражи намерены восстановить это узилище и снова изловить всех жутких тварей, вырвавшихся на свободу.",240,1834,0,0,0,0,0,0,0,0,0,0,16,0,0,0,0,0,0,0,42000,0,0,0,0,0,5,5,-1,-1,0,0,0,0,0,0
2091,Армия погибели Легиона (идеал),"Союз защитников Азерота, поставивших своей целью сокрушить силы Легиона в гробнице Саргераса и на Расколотом берегу.",249,1834,0,0,0,0,0,0,0,0,0,0,16,0,0,0,0,0,0,0,42000,0,0,0,0,0,5,5,-1,-1,0,0,0,0,0,0
2097,Илиссия Водная,Древняя хранительница королевского пруда в Азсуне.,256,1834,0,199,0,0,0,0,0,0,0,0,16,0,0,0,0,0,0,0,42000,0,0,0,0,0,0,0,-1,-1,0,0,0,0,0,0
2098,Хранительница Рейна,Смотритель за всей рыбой в Валь'шаре.,257,1834,0,204,0,0,0,0,0,0,0,0,16,0,0,0,0,0,0,0,42000,0,0,0,0,0,0,0,-1,-1,0,0,0,0,0,0
2099,Акуле Речной Рог,"Повелитель реки и всех рыб, обитающих в ней.",258,1834,0,200,0,0,0,0,0,0,0,0,16,0,0,0,0,0,0,0,42000,0,0,0,0,0,0,0,-1,-1,0,0,0,0,0,0
2100,Корбин,"Ворон с блестящими умными глазами, который очень любит рыбу.",259,1834,0,208,0,0,0,0,0,0,0,0,16,0,0,0,0,0,0,0,42000,0,0,0,0,0,0,0,-1,-1,0,0,0,0,0,0
2101,Ша'лет,"Таинственная иссохшая эльфийка, живущая у водопада.",260,1834,0,206,0,0,0,0,0,0,0,0,16,0,0,0,0,0,0,0,42000,0,0,0,0,0,0,0,-1,-1,0,0,0,0,0,0
2102,Бесс,"Бесс, призванный из далекого мира, собирает ракушки в надежде сотворить из них ""волшебные врата"", чтобы вернуться домой.",261,1834,0,202,0,0,0,0,0,0,0,0,16,0,0,0,0,0,0,0,42000,0,0,0,0,0,0,0,-1,-1,0,0,0,0,0,0
2103,Империя Зандалари,"Империя троллей Зандалари – древнейшая на Азероте. Ее народ заручился поддержкой грозных лоа, а ее флот не знает равных в Великом море.",262,2104,0,0,0,2378,0,0,0,0,0,0,16,6,17,0,0,-42000,9000,0,42000,-42000,42000,0,0,0,0,0,235582386,0,-1321907123,1427461461,1073741824,0,0,0
2104,Battle for Azeroth,,263,0,7,0,0,0,0,0,0,0,0,0,4104,0,0,0,0,0,0,0,0,0,0,0,0,0,0,0,-1,-1,0,0,0,0,0,0
2105,Назмани,,-1,0,0,0,0,0,0,0,0,0,0,0,0,0,0,0,0,0,0,0,0,0,0,0,0,0,0,0,0,0,0,0,0,0,0,0
2111,Зандаларские динозавры,,264,2104,0,0,0,0,0,0,0,0,0,0,6,2,0,0,-42000,-42000,0,0,-42000,42000,0,0,0,0,0,0,-1321907123,1427461461,1309324210,-1440044374,0,0,0,0
2120,Кул-Тирас - Тирагард,Островной народ Кул-Тираса издревле славится лучшими моряками на Азероте.,266,2160,0,0,0,0,0,0,0,0,0,0,20,6,20,0,0,-42000,9000,0,42000,-42000,42000,0,1,0,7,0,825576525,0,1309324210,-1440044374,-2147483648,0,0,0
2121,Каперы Великого моря,Вольные люди Великого моря. Везде и всегда они верны лишь собственной команде.,-1,0,0,0,0,0,0,0,0,0,0,0,0,0,0,0,0,0,0,0,0,0,0,0,0,0,0,0,0,0,0,0,0,0,0,0
2122,Братство Стальных Волн,"Банда жестоких пиратов, обосновавшихся в Вольной Гавани, что на Тирагардском поморье.",-1,0,0,0,0,0,0,0,0,0,0,0,0,0,0,0,0,0,0,0,0,0,0,0,0,0,0,0,0,0,0,0,0,0,0,0
2135,Хроми,"Хронорму (или просто Хроми) всегда была одной из самых деятельных и дружелюбных представительниц рода бронзовых драконов. Если вы укрепите свою связь с ней, это увеличит ее силу в сценарии ""Смерти Хроми"".",265,1834,0,209,0,0,0,0,0,0,0,0,16,0,0,0,0,0,0,0,15100,0,0,0,0,0,0,0,-1,-1,0,0,0,0,0,0
2155,Тролли крови,,-1,0,0,0,0,0,0,0,0,0,0,0,0,0,0,0,0,0,0,0,0,0,0,0,0,0,0,0,0,0,0,0,0,0,0,0
2156,Экспедиция Таланджи,"Принцесса Таланджи и ее союзники сражаются, чтобы защитить Зулдазар от нашествия троллей крови.",267,2104,0,0,0,2380,0,0,0,0,0,0,16,2,0,0,0,-42000,0,0,42000,-42000,0,0,0,0,0,0,1309324210,-1440044374,-1321907123,1427461461,0,0,0,0
2157,Армия Чести,"Особое подразделение армии Орды, призванное подорвать деятельность Альянса в Кул-Тирасе.",268,2104,0,0,0,2385,0,0,0,0,0,0,16,2,0,0,3000,-42000,0,0,42000,-42000,0,0,0,0,0,0,1309324210,-1440044374,-1321907123,1427461461,0,0,0,0
2158,Жители Вол'дуна,"Жители Вол'дуна – изгои и бродяги. Они давно приспособились к жизни в пустыне и прекрасно себя чувствуют там, где любой другой умер бы от жажды и истощения.",269,2104,0,0,0,2382,0,0,0,0,0,0,16,20,17,0,0,-3000,9000,0,42000,-3000,42000,0,0,0,0,0,1309320114,0,-1321907123,1427461461,4096,0,0,0
2159,7-й легион,"Особое подразделение армии Альянса, призванное подорвать деятельность Орды в Зандаларе.",270,2104,0,0,0,2384,0,0,0,0,0,0,16,2,0,0,3000,-42000,0,0,42000,-42000,0,0,0,0,0,0,-1321907123,1427461461,1309324210,-1440044374,0,0,0,0
2160,Адмиралтейство Праудмуров,"Хозяева морей и обладатели сильнейшего флота на Азероте. Благородный дом Праудмуров издавна правит Кул-Тирасом, а их вотчиной является город Боралус.",271,2104,0,0,0,2379,0,0,0,0,0,0,16,2,17,0,0,-42000,9000,0,42000,-42000,42000,0,0,0,0,0,825576525,0,1309324210,-1440044374,-2147483648,0,0,0
2161,Орден Пылающих Углей,"Древний кул-тирасский орден, созданный для борьбы с ведьмами. Клинки ордена Пылающих Углей всегда направляло знание.",272,2104,0,0,0,2383,0,0,0,0,0,0,16,2,0,0,0,-42000,0,0,42000,-42000,0,0,0,0,0,0,-1321907123,1427461461,1309324210,-1440044374,0,0,0,0
2162,Орден Возрождения Шторма,"В ордене Возрождения Шторма нашли приют фермеры, солдаты и даже таинственные жрецы моря. Их цель – восстановить долину Штормов и вновь занять свое место в Кул-Тирасе.",273,2104,0,0,0,2381,0,0,0,0,0,0,16,2,0,0,0,-42000,0,0,42000,-42000,0,0,0,0,0,0,-1321907123,1427461461,1309324210,-1440044374,0,0,0,0
2163,Тортолланские искатели,"Тортолланские искатели странствуют по миру и бережно собирают по крупицам запретные знания, пополняя свою и без того богатую коллекцию.",274,2104,0,0,0,2387,0,0,0,0,0,0,16,0,0,0,0,0,0,0,42000,0,0,0,0,0,0,0,-1,-1,0,0,0,0,0,0
2164,Защитники Азерот,"Защитники Азерот во главе с Магни Бронзобородом пытаются исцелить рану, нанесенную их родному миру мечом Саргераса, и спасти его от гибели.",275,2104,0,0,0,2386,0,0,0,0,0,0,16,0,0,0,0,0,0,0,42000,0,0,0,0,0,0,0,-1,-1,0,0,0,0,0,0
2165,Армия Света,"После падения Аргуса лучшие дренейские воины последовали за первой наару Зе'рой, и в какие только миры не заносила их эта вечная война... С тех пор ряды озаренных пополнились новыми бойцами из тех, кому посчастливилось пережить нашествие врага.",276,1834,0,0,0,2166,0,0,0,0,0,0,16,17,0,0,3000,6000,0,0,42000,42000,0,0,0,0,0,0,-541065217,0,536870912,0,0,0,0,0
2166,Армия Света (идеал),,277,1834,6,0,0,0,0,0,0,0,0,0,16,0,0,0,0,0,0,0,42000,0,0,0,0,0,5,5,-1,-1,0,0,0,0,0,0
2167,Защитники Аргуса (идеал),,278,1893,0,0,0,0,0,0,0,0,0,0,16,0,0,0,0,0,0,0,42000,0,0,0,0,0,0,0,-1,-1,0,0,0,0,0,0
2170,Защитники Аргуса,"Противостоять Пылающему Легиону на Аргусе решились многие, но покинуть его удалось не всем. Воодушевленные прибытием новых союзников, эти беженцы и изгои готовы сражаться с новыми силами, чтобы вернуть себе свой дом.",279,1834,6,0,0,2167,0,0,0,0,0,0,16,17,0,0,0,3000,0,0,42000,42000,0,0,0,0,0,0,-272629761,0,268435456,0,0,0,0,0
2176,"Neutral, Force Reaction 1",,-1,0,0,0,0,0,0,0,0,0,0,0,0,0,0,0,0,0,0,0,0,0,0,0,0,0,0,0,0,0,0,0,0,0,0,0
2177,"Neutral, Force Reaction 2",,-1,0,0,0,0,0,0,0,0,0,0,0,0,0,0,0,0,0,0,0,0,0,0,0,0,0,0,0,0,0,0,0,0,0,0,0
2178,"Neutral, Force Reaction 3",,-1,0,0,0,0,0,0,0,0,0,0,0,0,0,0,0,0,0,0,0,0,0,0,0,0,0,0,0,0,0,0,0,0,0,0,0
2179,"Neutral, Force Reaction 4",,-1,0,0,0,0,0,0,0,0,0,0,0,0,0,0,0,0,0,0,0,0,0,0,0,0,0,0,0,0,0,0,0,0,0,0,0
2185,Братство Трюмных Крыс,"Неординарная команда из представителей самых разнообразных рас, которых только можно встретить в Вольной Гавани, что на Тирагардском поморье.",-1,0,0,0,0,0,0,0,0,0,0,0,0,0,0,0,0,0,0,0,0,0,0,0,0,0,0,0,0,0,0,0,0,0,0,0
2186,Братство Чернозубых,"Команда тертых жизнью головорезов, никогда не гнушающихся доброй драки. Одна из многих пиратских шаек Вольной Гавани, что на Тирагардском поморье.",-1,0,0,0,0,0,0,0,0,0,0,0,0,0,0,0,0,0,0,0,0,0,0,0,0,0,0,0,0,0,0,0,0,0,0,0
2187,Братство Волнорезов,"Команда ловких наемников и бандитов, всегда верных тому, кто предложит больше. Между вылазками они отсиживаются в Вольной Гавани, что на Тирагардском поморье.",-1,0,0,0,0,0,0,0,0,0,0,0,0,0,0,0,0,0,0,0,0,0,0,0,0,0,0,0,0,0,0,0,0,0,0,0
2192,Корпорация Эшвейнов,"Грузовая и производственная компания, базирующаяся в Боралусе. По слухам, что гуляют в столице Кул-Тираса, эта влиятельная организация – не более, чем официальное прикрытие для настоящей криминальной империи.",-1,0,0,0,0,0,0,0,0,0,0,0,0,0,0,0,0,0,0,0,0,0,0,0,0,0,0,0,0,0,0,0,0,0,0,0
2218,8.0 Hidden Object - Red,,-1,0,0,0,0,0,0,0,0,0,0,0,0,0,0,0,0,0,0,0,0,0,0,0,1,1,5,5,0,0,0,0,0,0,0,0
2219,8.0 Hidden Object - Withered - Red,,-1,0,0,0,0,0,0,0,0,0,0,0,0,0,0,0,0,0,0,0,0,0,0,0,1,1,5,5,0,0,0,0,0,0,0,0
2220,8.0 Hidden Object - Withered - Blue,,-1,0,0,0,0,0,0,0,0,0,0,0,0,0,0,0,0,0,0,0,0,0,0,0,1,1,5,5,0,0,0,0,0,0,0,0
2221,8.0 Hidden Object - Withered - Green,,-1,0,0,0,0,0,0,0,0,0,0,0,0,0,0,0,0,0,0,0,0,0,0,0,1,1,5,5,0,0,0,0,0,0,0,0
2222,8.0 Hidden Object - Withered - Yellow,,-1,0,0,0,0,0,0,0,0,0,0,0,0,0,0,0,0,0,0,0,0,0,0,0,1,1,5,5,0,0,0,0,0,0,0,0
2227,Beast - Bee,,-1,0,0,0,0,0,0,0,0,0,0,0,0,0,0,0,0,0,0,0,0,0,0,0,1,1,5,5,0,0,0,0,0,0,0,0
2228,Beast - Wendigo,,-1,0,0,0,0,0,0,0,0,0,0,0,0,0,0,0,0,0,0,0,0,0,0,0,1,1,5,5,0,0,0,0,0,0,0,0
2229,"PLAYER, Void Elf",,-1,0,0,0,0,0,0,0,0,0,0,0,0,0,0,0,0,0,0,0,0,0,0,0,1,1,5,5,0,0,0,0,0,0,0,0
2230,"PLAYER, Highmountain Tauren",,-1,0,0,0,0,0,0,0,0,0,0,0,0,0,0,0,0,0,0,0,0,0,0,0,1,1,5,5,0,0,0,0,0,0,0,0
2231,"PLAYER, Nightborne",,-1,0,0,0,0,0,0,0,0,0,0,0,0,0,0,0,0,0,0,0,0,0,0,0,1,1,5,5,0,0,0,0,0,0,0,0
2232,"PLAYER, Lightforged Draenei",,-1,0,0,0,0,0,0,0,0,0,0,0,0,0,0,0,0,0,0,0,0,0,0,0,1,1,5,5,0,0,0,0,0,0,0,0
2233,Dino Training - Pterrodax,,282,2104,0,213,0,0,0,0,-1,0,0,0,4,0,0,0,0,0,0,0,42000,0,0,0,0,0,0,0,-1,-1,0,0,0,0,0,0
2258,Вендиго,,-1,0,0,0,0,0,0,0,0,0,0,0,0,0,0,0,0,0,0,0,0,0,0,0,0,0,0,0,0,0,0,0,0,0,0,0
2259,Пчелы,,-1,0,0,0,0,0,0,0,0,0,0,0,0,0,0,0,0,0,0,0,0,0,0,0,0,0,0,0,0,0,0,0,0,0,0,0
2264,Кул-Тирас - Друствар,Островной народ Кул-Тираса издревле славится лучшими моряками на Азероте.,285,2161,0,0,0,0,0,0,0,0,0,0,20,6,0,0,0,-42000,0,0,42000,-42000,0,0,1,0,7,0,-1321907123,1427461461,1309324210,-1440044374,0,0,0,0
2265,Кул-Тирас - долина Штормов,Островной народ Кул-Тираса издревле славится лучшими моряками на Азероте.,286,2162,0,0,0,0,0,0,0,0,0,0,20,6,0,0,0,-42000,0,0,42000,-42000,0,0,1,0,7,0,-1321907123,1427461461,1309324210,-1440044374,0,0,0,0
2370,Обучение динозавров – Дикорог,,288,2104,0,315,0,0,0,0,-1,0,0,0,4,0,0,0,0,0,0,0,42000,0,0,0,0,0,0,0,-1,-1,0,0,0,0,0,0
2371,"Потасовочная ""У Бизмо"" (4-й сезон)",Четвертый сезон соревнований в бойцовской гильдии Альянса прошел во время кампании в Кул-Тирасе.,289,891,0,505,0,0,0,0,0,0,0,0,16,0,0,0,0,0,0,0,7000,0,0,0,1,1,0,0,-1321907123,1427461461,0,0,0,0,0,0
2372,"Арена ""Морд'Бой"" (4-й сезон)",Четвертый сезон соревнований в бойцовской гильдии Орды прошел во время кампании в Кул-Тирасе.,290,892,0,512,0,0,0,0,0,0,0,0,16,0,0,0,0,0,0,0,7000,0,0,0,1,1,0,0,1309324210,-1440044374,0,0,0,0,0,0
2373,Освобожденные,"Эти беженцы – бывшие рабы наг, которые объединились, чтобы сбросить ярмо и обрести свободу.",291,2104,0,0,0,2374,0,0,-1,0,0,0,16,20,0,0,0,0,0,0,42000,0,0,0,0,0,0,0,1309324210,-1440044374,-1321907123,1427461461,0,0,0,0
2374,Освобожденные (идеал),"Эти беженцы – бывшие рабы наг, которые объединились, чтобы сбросить ярмо и обрести свободу.",292,2104,0,0,0,0,0,0,-1,0,0,0,16,20,0,0,0,0,0,0,42000,0,0,0,0,0,0,0,1309324210,-1440044374,-1321907123,1427461461,0,0,0,0
2375,Мастер охоты Акана,Мастер охоты Акана – умелый боец и мастер выживания.,293,2104,0,316,0,0,0,0,-1,0,0,0,4,0,0,0,0,0,0,0,42000,0,0,0,0,0,0,0,-1321907123,1427461461,0,0,0,0,0,0
2376,Оракул Ори,"Оракул Ори – мудрый и могучий шаман, повелевающий силой стихий.",294,2104,0,317,0,0,0,0,-1,0,0,0,4,0,0,0,0,0,0,0,42000,0,0,0,0,0,0,0,-1321907123,1427461461,0,0,0,0,0,0
2377,Мастер клинка Иновари,"Мастер клинка Иновари – опытный воин, заслуживший уважение всех анкоа.",295,2104,0,318,0,0,0,0,-1,0,0,0,4,0,0,0,0,0,0,0,42000,0,0,0,0,0,0,0,-1321907123,1427461461,0,0,0,0,0,0
2378,Империя Зандалари (идеал),"Империя троллей Зандалари – древнейшая на Азероте. Ее народ заручился поддержкой грозных лоа, а ее флот не знает равных в Великом море.",296,2104,0,0,0,0,0,0,0,0,0,0,16,6,0,0,0,-42000,0,0,42000,-42000,0,0,0,0,0,0,1309324210,-1440044374,-1321907123,1427461461,0,0,0,0
2379,Адмиралтейство Праудмуров (идеал),"Хозяева морей и обладатели сильнейшего флота на Азероте. Благородный дом Праудмуров издавна правит Кул-Тирасом, а их вотчиной является город Боралус.",297,2104,0,0,0,0,0,0,0,0,0,0,16,2,0,0,0,-42000,0,0,42000,-42000,0,0,0,0,0,0,-1321907123,1427461461,1309324210,-1440044374,0,0,0,0
2380,Экспедиция Таланджи (идеал),"Принцесса Таланджи и ее союзники сражаются, чтобы защитить Зулдазар от нашествия троллей крови.",298,2104,0,0,0,0,0,0,0,0,0,0,16,2,0,0,0,-42000,0,0,42000,-42000,0,0,0,0,0,0,1309324210,-1440044374,-1321907123,1427461461,0,0,0,0
2381,Орден Возрождения Шторма (идеал),"В ордене Возрождения Шторма нашли приют фермеры, солдаты и даже таинственные жрецы моря. Их цель – восстановить долину Штормов и вновь занять свое место в Кул-Тирасе.",299,2104,0,0,0,0,0,0,0,0,0,0,16,2,0,0,0,-42000,0,0,42000,-42000,0,0,0,0,0,0,-1321907123,1427461461,1309324210,-1440044374,0,0,0,0
2382,Жители Вол'дуна (идеал),"Жители Вол'дуна – изгои и бродяги. Они давно приспособились к жизни в пустыне и прекрасно себя чувствуют там, где любой другой умер бы от жажды и истощения.",300,2104,0,0,0,0,0,0,0,0,0,0,16,20,0,0,0,-3000,0,0,42000,-3000,0,0,0,0,0,0,1309324210,-1440044374,-1321907123,1427461461,0,0,0,0
2383,Орден Пылающих Углей (идеал),"Древний кул-тирасский орден, созданный для борьбы с ведьмами. Клинки ордена Пылающих Углей всегда направляло знание.",301,2104,0,0,0,0,0,0,0,0,0,0,16,2,0,0,0,-42000,0,0,42000,-42000,0,0,0,0,0,0,-1321907123,1427461461,1309324210,-1440044374,0,0,0,0
2384,7-й легион (идеал),"Особое подразделение армии Альянса, призванное подорвать деятельность Орды в Зандаларе.",302,2104,0,0,0,0,0,0,0,0,0,0,16,2,0,0,0,-42000,0,0,42000,-42000,0,0,0,0,0,0,-1321907123,1427461461,1309324210,-1440044374,0,0,0,0
2385,Армия Чести (идеал),"Особое подразделение армии Орды, призванное подорвать деятельность Альянса в Кул-Тирасе.",303,2104,0,0,0,0,0,0,0,0,0,0,16,2,0,0,0,-42000,0,0,42000,-42000,0,0,0,0,0,0,1309324210,-1440044374,-1321907123,1427461461,0,0,0,0
2386,Защитники Азерот (идеал),"Защитники Азерот во главе с Магни Бронзобородом пытаются исцелить рану, нанесенную их родному миру мечом Саргераса, и спасти его от гибели.",304,2104,0,0,0,0,0,0,0,0,0,0,16,0,0,0,0,0,0,0,42000,0,0,0,0,0,0,0,-1,-1,0,0,0,0,0,0
2387,Тортолланские искатели (идеал),"Тортолланские искатели странствуют по миру и бережно собирают по крупицам запретные знания, пополняя свою и без того богатую коллекцию.",305,2104,0,0,0,0,0,0,0,0,0,0,16,0,0,0,0,0,0,0,42000,0,0,0,0,0,0,0,-1,-1,0,0,0,0,0,0
2388,Поэн Солежабрик,Фракция – Орда 1,306,2104,0,323,0,0,0,0,-1,0,0,0,4,0,0,0,0,0,0,0,42000,0,0,0,0,0,0,0,1309324210,-1440044374,0,0,0,0,0,0
2389,Нери Остроерш,Фракция – Орда 2,307,2104,0,320,0,0,0,0,-1,0,0,0,4,0,0,0,0,0,0,0,42000,0,0,0,0,0,0,0,1309324210,-1440044374,0,0,0,0,0,0
2390,Вим Соленодух,Фракция – Орда 3,308,2104,0,324,0,0,0,0,-1,0,0,0,4,0,0,0,0,0,0,0,42000,0,0,0,0,0,0,0,1309324210,-1440044374,0,0,0,0,0,0
2391,Ржавоболтское сопротивление,Ржавоболтское сопротивление борется с тиранией короля Мехагона и не дает безумному гению осуществить его темные замыслы.,309,2104,0,0,0,2392,0,0,0,0,0,0,16,17,0,0,0,9000,0,0,42000,42000,0,0,0,0,0,0,-4210689,0,16384,0,0,0,0,0
2392,Ржавоболтское сопротивление (идеал),Ржавоболтское сопротивление борется с тиранией короля Мехагона и не дает безумному гению осуществить его темные замыслы.,310,2104,0,0,0,0,0,0,0,0,0,0,16,0,0,0,0,0,0,0,42000,0,0,0,0,0,0,0,-1,-1,0,0,0,0,0,0
2394,Раки-отшельники,,-1,0,0,0,0,0,0,0,0,0,0,0,0,0,0,0,0,0,0,0,0,0,0,0,0,0,0,0,0,0,0,0,0,0,0,0
2395,Улей Медокрылов,"Вид пчел, отличающихся невероятными размерами. Они совсем недавно появились в долине Штормов и быстро привлекли внимание энтомологов и искателей приключений.",312,2104,0,0,0,0,0,0,-1,-1,0,0,16,20,0,0,0,0,0,0,42000,42000,0,0,1,1,0,0,-1321907123,1427461461,1309324210,-1440044374,0,0,0,0
2396,Трутень из улья Медокрылов,,313,0,0,326,0,0,0,0,-1,0,0,0,20,0,0,0,0,0,0,0,42000,0,0,0,1,1,0,0,-1,-1,0,0,0,0,0,0
2397,Пчеломатка улья Медокрылов,,314,0,0,327,0,0,0,0,-1,0,0,0,20,0,0,0,0,0,0,0,42000,0,0,0,1,1,0,0,-1,-1,0,0,0,0,0,0
2398,Фуражир из улья Медокрылов,,315,0,0,325,0,0,0,0,-1,0,0,0,20,0,0,0,0,0,0,0,42000,0,0,0,1,1,0,0,-1,-1,0,0,0,0,0,0
2400,Клинки Волн,"Клинки Волн – клан древней расы подводных воинов анкоа, которые бросают вызов самым опасным глубинам океана.",317,2104,0,0,0,2401,0,0,-1,0,0,0,16,20,0,0,0,0,0,0,42000,0,0,0,0,0,0,0,-1321907123,1427461461,1309324210,-1440044374,0,0,0,0
2401,Анкоа из клана Клинков Волн (идеал),"Клинки Волн – клан древней расы подводных воинов анкоа, которые бросают вызов самым опасным глубинам океана.",318,2104,0,0,0,0,0,0,-1,0,0,0,16,20,0,0,0,0,0,0,42000,0,0,0,0,0,0,0,-1321907123,1427461461,1309324210,-1440044374,0,0,0,0
2404,Дом Кадавров,TBD,-1,0,0,0,0,0,0,0,0,0,0,0,0,0,0,0,0,0,0,0,0,0,0,0,1,1,0,0,0,0,0,0,0,0,0,0
2405,Дом Ритуалов,TBD,-1,0,0,0,0,0,0,0,0,0,0,0,0,0,0,0,0,0,0,0,0,0,0,0,1,1,0,0,0,0,0,0,0,0,0,0
2406,Дом Избранных,,-1,2414,0,0,0,0,0,0,0,0,0,0,0,0,0,0,0,0,0,0,0,0,0,0,1,1,0,0,0,0,0,0,0,0,0,0
2407,Перерожденные,"Кирии, завершившие трудный процесс отрешения от груза смертных воспоминаний, удостаиваются чести пройти ритуал перерождения, в ходе которого они получают крылья и клянутся вечно служить Архонту.",333,2414,0,0,20,2441,0,0,-1,0,0,0,16,0,0,0,0,0,0,0,42000,0,0,0,0,0,0,0,-1,-1,0,0,0,0,0,0
2408,Темные кирии,,-1,0,0,0,0,0,0,0,0,0,0,0,0,0,0,0,0,0,0,0,0,0,0,0,0,0,0,0,0,0,0,0,0,0,0,0
2410,Неумирающая армия,"Давным-давно Примас основал пять домов Малдраксуса, чтобы создать непобедимую армию. Сила, хитрость и ум этих непреклонных бойцов и заклинателей защищают Темные Земли от всех угроз.",332,2414,0,0,20,2440,0,0,-1,0,0,0,16,0,0,0,0,0,0,0,42000,0,0,0,0,0,0,0,-1,-1,0,0,0,0,0,0
2411,Каменный легион,,-1,0,0,0,0,0,0,0,0,0,0,0,0,0,0,0,0,0,0,0,0,0,0,0,0,0,0,0,0,0,0,0,0,0,0,0
2412,Грехопад,,-1,2414,8,0,0,0,0,0,0,0,0,0,0,0,0,0,0,0,0,0,0,0,0,0,1,1,0,0,0,0,0,0,0,0,0,0
2413,Двор Жнецов,"Бессчетные века Ревендретом правил сир Денатрий, но теперь власть в этом мире перешла ко Двору Жнецов. Эти благородные вентиры остаются верны своему долгу и помогают душам гордецов обрести искупление.",321,2414,0,0,20,2442,0,0,-1,0,0,0,16,0,0,0,0,0,0,0,42000,0,0,0,0,0,0,0,-1,-1,0,0,0,0,0,0
2414,Темные Земли,,322,0,8,0,0,0,0,0,0,0,0,0,4104,0,0,0,0,0,0,0,0,0,0,0,0,0,0,0,-1,-1,0,0,0,0,0,0
2415,Раджани,"Клан могу, верный хранителю титанов Ра. Они выполняют свой долг, защищая двигатель Налак'ша от прислужников Н'Зота.",323,2104,0,0,0,2416,0,0,0,0,0,0,16,0,0,0,0,0,0,0,42000,0,0,0,0,0,0,0,-1,-1,0,0,0,0,0,0
2416,Раджани (идеал),"Клан могу, верный хранителю титанов Ра. Они выполняют свой долг, защищая двигатель Налак'ша от прислужников Н'Зота.",324,2104,0,0,0,0,0,0,0,0,0,0,16,0,0,0,0,0,0,0,42000,0,0,0,0,0,0,0,-1,-1,0,0,0,0,0,0
2417,Ульдумский союз,"Коалиция населяющих Ульдум племен и фракций во главе с тол'вирами, созданная для защиты Кузни Созидания от врагов.",325,2104,0,0,0,2418,0,0,0,0,0,0,16,0,0,0,0,0,0,0,42000,0,0,0,0,0,0,0,-1,-1,0,0,0,0,0,0
2418,Ульдумский союз (идеал),"Коалиция населяющих Ульдум племен и фракций во главе с тол'вирами, созданная для защиты Кузни Созидания от врагов.",326,2104,0,0,0,0,0,0,0,0,0,0,16,0,0,0,0,0,0,0,42000,0,0,0,0,0,0,0,-1,-1,0,0,0,0,0,0
2419,Н'Зот,,-1,0,0,0,0,0,0,0,0,0,0,0,0,0,0,0,0,0,0,0,0,0,0,0,0,0,0,0,0,0,0,0,0,0,0,0
2422,Ночной народец,"Королева Зимы призывает Дикую Охоту, когда Арденвельду грозит великая опасность. В час, когда лесное царство страдает от засухи анимы и нашествия врагов, лучшие охотники и охотницы готовы встать на его защиту.",328,2465,0,0,0,0,0,0,-1,0,0,0,20,0,0,0,0,0,0,0,42000,0,0,0,1,1,7,7,-1,-1,0,0,0,0,0,0
2427,Молодой акир,,329,2104,0,365,0,0,0,0,-1,0,0,0,4,0,0,0,0,0,0,0,42000,0,0,0,0,0,0,0,-1,-1,0,0,0,0,0,0
2431,Owen Test,,330,0,0,0,0,0,0,0,4095,0,0,0,0,0,0,0,0,0,0,0,0,0,0,0,0,0,0,0,-1325316096,0,1308635136,0,0,0,0,0
2432,Ве'нари,"Ве'нари знает об Утробе больше, чем кто-либо, и она может поделиться этими знаниями с вами, если вы заслужите ее уважение.",331,2414,0,366,20,2474,0,0,-1,0,0,0,16,0,0,0,0,0,0,0,42000,0,0,0,0,0,0,0,-1,-1,0,0,0,0,0,0
2437,Торгаст – охрана,,-1,0,0,0,0,0,0,0,0,0,0,0,0,0,0,0,0,0,0,0,0,0,0,0,0,0,0,0,0,0,0,0,0,0,0,0
2438,Торгаст – заключенный,,-1,0,0,0,0,0,0,0,0,0,0,0,0,0,0,0,0,0,0,0,0,0,0,0,0,0,0,0,0,0,0,0,0,0,0,0
2439,Нераскаявшиеся,"Истово преданные Обвинительнице архивариусы восстанавливают и вносят в каталог камни грехов, разбитые на части Лорд-камергером и его инквизиторами.",334,2414,0,0,20,0,0,0,-1,0,0,0,0,0,0,0,0,0,0,0,42000,0,0,0,0,0,0,0,-1,-1,0,0,0,0,0,0
2440,Неумирающая армия (Идеал),"Давным-давно Примас основал пять домов Малдраксуса, чтобы создать непобедимую армию. Сила, хитрость и ум этих непреклонных бойцов и заклинателей защищают Темные Земли от всех угроз.",320,2414,0,0,20,0,0,0,-1,0,0,0,16,0,0,0,0,0,0,0,42000,0,0,0,0,0,0,0,-1,-1,0,0,0,0,0,0
2441,Перерожденные (Идеал),"Кирии, завершившие трудный процесс отрешения от груза смертных воспоминаний, удостаиваются чести пройти ритуал перерождения, в ходе которого они получают крылья и клянутся вечно служить Архонту.",335,2414,0,0,20,0,0,0,-1,0,0,0,16,0,0,0,0,0,0,0,42000,0,0,0,0,0,0,0,-1,-1,0,0,0,0,0,0
2442,Двор Жнецов (Идеал),"Бессчетные века Ревендретом правил сир Денатрий, но теперь власть в этом мире перешла ко Двору Жнецов. Эти благородные вентиры остаются верны своему долгу и помогают душам гордецов обрести искупление.",336,2414,0,0,20,0,0,0,-1,0,0,0,16,0,0,0,0,0,0,0,42000,0,0,0,0,0,0,0,-1,-1,0,0,0,0,0,0
2444,Дикая Охота (Идеал),"Королева Зимы призывает Дикую Охоту, когда Арденвельду грозит великая опасность. В час, когда лесное царство страдает от засухи анимы и нашествия врагов, лучшие охотники и охотницы готовы встать на его защиту.",338,2414,0,0,20,0,0,0,-1,0,0,0,16,0,0,0,0,0,0,0,42000,0,0,0,0,0,0,0,-1,-1,0,0,0,0,0,0
2445,Пепельный двор,"В Ревендрете открылся новый двор, где принц Ренатал пытается объединить союзников из разных частей Темных Земель и укрепить влияние своего ковенанта.",339,2414,0,0,0,0,0,0,-1,0,0,0,152,0,0,0,0,0,0,0,42000,0,0,0,0,0,0,0,-1,-1,0,0,0,0,0,0
2446,Баронесса Вайш,Неугомонная предводительница наг все видит и делает выводы.,340,2445,0,367,0,0,0,0,-1,0,0,0,16,0,0,0,0,0,0,0,42000,0,0,0,0,0,0,0,-1,-1,0,0,0,0,0,0
2447,Леди Лунная Ягода,Леди Лунная Ягода известна переменчивым нравом и любовью к розыгрышам – но она пользуется большим влиянием при Дворе Ночи.,341,2445,0,368,0,0,0,0,-1,0,0,0,16,0,0,0,0,0,0,0,42000,0,0,0,0,0,0,0,-1,-1,0,0,0,0,0,0
2448,Миканикос,Миканикос – верховный автоматург Бастиона и все время возится с новыми изобретениями.,342,2445,0,370,0,0,0,0,-1,0,0,0,16,0,0,0,0,0,0,0,42000,0,0,0,0,0,0,0,-1,-1,0,0,0,0,0,0
2449,Графиня,"Хозяйка на одних приемах и желанная гостья на других, Графиня имеет большой вес в обществе Ревендрета.",343,2445,0,371,0,0,0,0,-1,0,0,0,16,0,0,0,0,0,0,0,42000,0,0,0,0,0,0,0,-1,-1,0,0,0,0,0,0
2450,Александрос Могрейн,Испепелитель побывал в бесчисленном множестве битв при жизни и не обрел покой после смерти.,344,2445,0,372,0,0,0,0,-1,0,0,0,16,0,0,0,0,0,0,0,42000,0,0,0,0,0,0,0,-1,-1,0,0,0,0,0,0
2451,Капитан-егерь Корейн,Капитан-егерь Корейн страшна на поле боя и не любит торжественные церемонии.,345,2445,0,373,0,0,0,0,-1,0,0,0,16,0,0,0,0,0,0,0,42000,0,0,0,0,0,0,0,-1,-1,0,0,0,0,0,0
2452,Полемарх Адрест,Этот перерожденный – суровый воин и без приказа не будет даже веселиться на приеме.,346,2445,0,375,0,0,0,0,-1,0,0,0,16,0,0,0,0,0,0,0,42000,0,0,0,0,0,0,0,-1,-1,0,0,0,0,0,0
2453,Рендл и Дуборыл,"Трудолюбие должно вознаграждаться. А мало кто в Грехопаде работает так же упорно, как Рендл и Дуборыл!",347,2445,0,376,0,0,0,0,-1,0,0,0,16,0,0,0,0,0,0,0,42000,0,0,0,0,0,0,0,-1,-1,0,0,0,0,0,0
2454,Чуфа,Чуфа и его друзья – социальные животные во всех смыслах этого выражения.,348,2445,0,377,0,0,0,0,-1,0,0,0,16,0,0,0,0,0,0,0,42000,0,0,0,0,0,0,0,-1,-1,0,0,0,0,0,0
2455,Хранитель склепа Каззир,"Упрямый и принципиальный хранитель склепа Каззир всегда готов сражаться за то, что ему дорого.",349,2445,0,379,0,0,0,0,-1,0,0,0,16,0,0,0,0,0,0,0,42000,0,0,0,0,0,0,0,-1,-1,0,0,0,0,0,0
2456,Дроман Алиот,"Могучая медведица Алиот – дикая богиня, но отнюдь не дикарка.",350,2445,0,381,0,0,0,0,-1,0,0,0,16,0,0,0,0,0,0,0,42000,0,0,0,0,0,0,0,-1,-1,0,0,0,0,0,0
2457,Великий мастер Воул,Воул серьезно относится к своим обязанностям организатора боев в Театре Боли.,351,2445,0,382,0,0,0,0,-1,0,0,0,16,0,0,0,0,0,0,0,42000,0,0,0,0,0,0,0,-1,-1,0,0,0,0,0,0
2458,Клейя и Пелагий,"Клейя и Пелагий – медиумы, всегда помогающие друг другу. Их друзья среди вентиров будут рады видеть их снова.",352,2445,0,383,0,0,0,0,-1,0,0,0,16,0,0,0,0,0,0,0,42000,0,0,0,0,0,0,0,-1,-1,0,0,0,0,0,0
2459,Сика,На этой выдающейся распорядительнице держится весь Бастион.,353,2445,0,384,0,0,0,0,-1,0,0,0,16,0,0,0,0,0,0,0,42000,0,0,0,0,0,0,0,-1,-1,0,0,0,0,0,0
2460,Камнелоб,"Наш простодушный друг встречает всех, кто приходит в Пепельный Предел.",354,2445,0,385,0,0,0,0,-1,0,0,0,16,0,0,0,0,0,0,0,42000,0,0,0,0,0,0,0,-1,-1,0,0,0,0,0,0
2461,Изобретатель чумы Марилет,"Его эксперименты не всегда хорошо кончаются, но в итоге лучший эксперт по слизи в Малдраксусе всегда находит решение.",355,2445,0,387,0,0,0,0,-1,0,0,0,16,0,0,0,0,0,0,0,42000,0,0,0,0,0,0,0,-1,-1,0,0,0,0,0,0
2462,Штопальщики,"Штопальщики славятся своей способностью делать кадавров из плоти, анимы и костей. Эти мастера могут стать ценнейшими союзниками в Малдраксусе. Отколовшись от предательского дома Кадавров, они обосновались в разделочной Мясника.",356,2414,0,389,0,0,0,0,-1,0,0,0,16,0,0,0,0,0,0,0,42000,0,0,0,0,0,0,0,-1,-1,0,0,0,0,0,0
2463,Чесночник,"Чесночник – невообразимо древнее, похожее на гриб существо, живущее в Арденвельде и составляющее важную часть экосистемы этого мира. Ваша готовность помочь тронула то, что заменяет ему сердце, и у него для вас найдется еще много работы.",357,2414,0,390,0,0,0,0,-1,0,0,0,20,0,0,0,0,0,0,0,42000,0,0,0,0,0,0,0,-1,-1,0,0,0,0,0,0
2464,Двор Ночи,"Засуха анимы и вторжение друстов поглощают все внимание Королевы Зимы и Дикой Охоты, и дроман Двора Ночи делает все возможное, чтобы защитить дикие семена и рощи.",358,2414,0,391,20,0,0,0,-1,0,0,0,16,0,0,0,0,0,0,0,42000,0,0,0,0,0,0,0,-1,-1,0,0,0,0,0,0
2465,Дикая Охота,"Королева Зимы призывает Дикую Охоту, когда Арденвельду грозит великая опасность. В час, когда лесное царство страдает от засухи анимы и нашествия врагов, лучшие охотники и охотницы готовы встать на его защиту.",359,2414,0,0,20,2444,0,0,-1,0,0,0,16,0,0,0,0,0,0,0,42000,0,0,0,0,0,0,0,-1,-1,0,0,0,0,0,0
2468,Кортия,,-1,0,0,0,0,0,0,0,0,0,0,0,0,0,0,0,0,0,0,0,0,0,0,0,0,0,0,0,0,0,0,0,0,0,0,0
2469,Понимание фракталов,Откройте тайны творения.,360,2414,0,392,0,0,0,0,-1,0,0,0,16,0,0,0,0,0,0,0,15000,0,0,0,0,0,0,0,-1,-1,0,0,0,0,0,0
2470,Легион Смерти,"Объединенные силы ковенантов Темных Земель, готовые штурмовать Святилище Господства.",361,2414,0,0,20,2471,0,0,-1,0,0,0,16,0,0,0,0,0,0,0,42000,0,0,0,0,0,0,0,-1,-1,0,0,0,0,0,0
2471,Легион Смерти (идеал),"Объединенные силы ковенантов Темных Земель, готовые штурмовать Святилище Господства.",362,2414,0,0,20,0,0,0,-1,0,0,0,16,0,0,0,0,0,0,0,42000,0,0,0,0,0,0,0,-1,-1,0,0,0,0,0,0
2472,Кодекс архивариуса,"Служители Кортии посвятили себя изучению реликвий Темных Земель. Под руководством архивариуса они занимаются поиском артефактов, разбросанных по всей Кортии во время вторжения Верных Утробе.",363,2414,0,393,20,2473,0,0,-1,0,0,0,16,0,0,0,0,0,0,0,41000,0,0,0,0,0,0,0,-1,-1,0,0,0,0,0,0
2473,Кодекс архивариуса (идеал),"Служители Кортии посвятили себя изучению реликвий Темных Земель. Под руководством архивариуса они занимаются поиском артефактов, разбросанных по всей Кортии во время вторжения Верных Утробе.",364,2414,0,0,20,0,0,0,-1,0,0,0,16,0,0,0,0,0,0,0,42000,0,0,0,0,0,0,0,-1,-1,0,0,0,0,0,0
2474,Ве'нари (идеал),"Ве'нари знает об Утробе больше, чем кто-либо, и она может поделиться этими знаниями с вами, если вы заслужите ее уважение.",365,2414,0,0,20,0,0,0,-1,0,0,0,16,0,0,0,0,0,0,0,42000,0,0,0,0,0,0,0,-1,-1,0,0,0,0,0,0
2478,Просветленные,"Когда-то Просветленные были членами картеля Аль, но отказались от борьбы за богатство и славу ради службы Предвечным. Добейтесь их расположения, и брокеры откроют вам то, что им удалось узнать.",284,2414,0,0,20,2479,0,0,-1,0,0,0,16,0,0,0,0,0,0,0,42000,0,0,0,0,0,0,0,-1,-1,0,0,0,0,0,0
2479,Просветленные (идеал),"Когда-то Просветленные были членами картеля Аль, но отказались от борьбы за богатство и славу ради службы Предвечным. Добейтесь их расположения, и брокеры откроют вам то, что им удалось узнать.",368,2414,0,0,20,0,0,0,-1,0,0,0,16,0,0,0,0,0,0,0,42000,0,0,0,0,0,0,0,-1,-1,0,0,0,0,0,0
2480,Автомы,,-1,2414,0,0,0,0,0,0,0,0,0,0,0,0,0,0,0,0,0,0,0,0,0,0,1,1,0,0,0,0,0,0,0,0,0,0
2502,Приманенные монстры Зерет Мортиса,,-1,0,0,0,0,0,0,0,0,0,0,0,0,0,0,0,0,0,0,0,0,0,0,0,0,0,0,0,0,0,0,0,0,0,0,0
2503,Кентавры Маруук,Равнины Он'ары населяет не один клан кентавров. Здесь они внимают зову ветра и самозабвенно охотятся на диких зверей.,401,2506,9,0,6,2504,0,2002,-1,0,0,0,16,0,0,0,0,0,0,0,2500,0,0,0,0,0,0,0,-1,-1,0,0,0,0,0,0
2504,Кентавры Маруук (идеал),Равнины Он'ары населяет не один клан кентавров. Здесь они внимают зову ветра и самозабвенно охотятся на диких зверей.,373,2506,9,0,6,0,0,0,-1,0,0,0,16,0,0,0,0,0,0,0,42000,0,0,0,0,0,0,0,-1,-1,0,0,0,0,0,0
2506,Dragonflight,,374,0,9,0,0,0,0,0,0,0,0,0,4120,0,0,0,0,0,0,0,0,0,0,0,0,0,0,0,-1,-1,0,0,0,0,0,0
2507,Драконья экспедиция,"Совместная экспедиция Лиги исследователей и Реликвария включает бесстрашных искателей приключений, ученых и ремесленников, стремящихся раскрыть тайны Драконьих островов.",369,2506,9,0,6,2508,0,2021,-1,0,0,0,152,0,0,0,0,0,0,0,2500,0,0,0,0,0,0,0,-1,-1,0,0,0,0,0,0
2508,Драконья экспедиция (идеал),"Совместная экспедиция Лиги исследователей и Реликвария включает бесстрашных искателей приключений, ученых и ремесленников, стремящихся раскрыть тайны Драконьих островов.",375,2506,9,0,6,0,0,0,-1,0,0,0,16,0,0,0,0,0,0,0,42000,0,0,0,0,0,0,0,-1,-1,0,0,0,0,0,0
2509,Клан Шикаар,,376,2503,9,0,0,0,0,0,-1,0,0,0,2068,0,0,0,0,0,0,0,42000,0,0,0,0,0,0,0,-1,-1,0,0,0,0,0,0
2510,Союз Вальдраккена,"Союз Вальдраккена заседает в самом древнем городе драконов. Он представляет объединенную силу всех драконьих семейств, направленную на защиту не только родных островов, но и всего Азерота.",377,2506,9,0,6,2552,0,2088,-1,0,0,0,152,0,0,0,0,0,0,0,2500,0,0,0,0,0,0,0,-1,-1,0,0,0,0,0,0
2511,Искарские клыкарры,Искарские клыкарры живут на Драконьих островах уже несколько столетий. Они стремятся к гармонии и обожают делиться историями об окружающем мире.,378,2506,9,0,6,2551,0,2087,-1,0,0,0,16,0,0,0,0,0,0,0,2500,0,0,0,0,0,0,0,-1,-1,0,0,0,0,0,0
2512,Клан Айлааг,,379,2503,9,0,0,0,0,0,-1,0,0,0,2068,0,0,0,0,0,0,0,42000,0,0,0,0,0,0,0,-1,-1,0,0,0,0,0,0
2513,Клан Он'ир,,380,2503,9,0,0,0,0,0,-1,0,0,0,2068,0,0,0,0,0,0,0,42000,0,0,0,0,0,0,0,-1,-1,0,0,0,0,0,0
2514,Воины стихий,,-1,0,0,0,0,0,0,0,0,0,0,0,0,0,0,0,0,0,0,0,0,0,0,0,0,0,0,0,0,0,0,0,0,0,0,0
2516,Джарадины,,-1,0,0,0,0,0,0,0,0,0,0,0,0,0,0,0,0,0,0,0,0,0,0,0,1,1,0,0,0,0,0,0,0,0,0,0
2517,Гневион,"Гневион, раньше поглощенный заботами об Азероте, обратил свой взгляд на будущее черных драконов... и свою судьбу.",381,2510,9,396,4,0,0,0,-1,0,0,0,16,0,0,0,0,0,0,0,42000,0,0,0,0,0,0,0,-1,-1,0,0,0,0,0,0
2518,Сабеллиан,"Сабеллиан дал жизнь новому, неоскверненному поколению черных драконов и готов защищать его любой ценой.",382,2510,9,397,4,0,0,0,-1,0,0,0,16,0,0,0,0,0,0,0,42000,0,0,0,0,0,0,0,-1,-1,0,0,0,0,0,0
2519,Расхитители,,-1,0,0,0,0,0,0,0,0,0,0,0,0,0,0,0,0,0,0,0,0,0,0,0,0,0,0,0,0,0,0,0,0,0,0,0
2520,Клан Нокхуд,,414,2506,0,0,0,0,0,0,-1,0,0,0,2054,0,0,0,-40000,0,0,0,42000,0,0,0,0,0,0,0,-1,-1,0,0,0,0,0,0
2521,Клан Нокуд (идеал),,384,2506,9,0,0,0,0,0,-1,0,0,0,2068,0,0,0,0,0,0,0,42000,0,0,0,0,0,0,0,-1,-1,0,0,0,0,0,0
2522,Клан Тирай,,385,2503,9,0,0,0,0,0,-1,0,0,0,2068,0,0,0,0,0,0,0,42000,0,0,0,0,0,0,0,-1,-1,0,0,0,0,0,0
2523,Темные Когти,"Темные Когти под предводительством отважного дракомандира Золомолот должны были стать секретным оружием черных драконов. Эти могучие драктиры сражаются и теперь. Они способны переломить ход любой битвы, каким бы безнадежным ни казалось их положение.",386,67,9,0,0,0,0,0,-1,-1,-1,0,272,2,17,0,0,-42000,3000,0,42000,-42000,42000,0,0,0,0,0,1309291442,0,-1321907123,1427461461,32768,0,0,0
2524,Обсидиановые Хранители,Обсидиановые Хранители под предводительством стойкого дракомандира Лазуратела должны были стать защитниками черных драконов. Великолепно обученные драктиры и теперь готовы защищать союзников в любом сражении.,387,469,9,0,0,0,0,0,-1,-1,-1,0,272,2,273,0,0,-42000,3000,0,42000,-42000,42000,0,0,0,0,0,-1321972659,0,1309324210,-1440044374,65536,0,0,0
2525,Элементали огня,,-1,0,0,0,0,0,0,0,0,0,0,0,0,0,0,0,0,0,0,0,0,0,0,0,1,1,5,5,0,0,0,0,0,0,0,0
2526,Фурболги из клана Зимней Шкуры,"Фурболги из клана Зимней Шкуры говорят на никому не знакомом языке. Возможно, в будущем вам удастся узнать о них больше.",411,2506,0,0,0,0,0,0,0,0,0,0,0,0,0,0,-2900,0,0,0,42000,0,0,0,0,0,0,0,-1,-1,0,0,0,0,0,0
2542,Клан Укхел,,372,2506,0,0,0,0,0,0,-1,0,0,0,2054,0,0,0,-42000,0,0,0,-42000,0,0,0,0,0,0,0,-1,-1,0,0,0,0,0,0
2544,Консорциум ремесленников – филиал на Драконьих островах,,402,2510,0,398,4,0,0,0,-1,0,0,0,16,0,0,0,0,0,0,0,42000,0,0,0,0,0,0,0,-1,-1,0,0,0,0,0,0
2550,Кобальтовая ассамблея,"Когда-то в Кобальтовой ассамблее синие драконы создавали великолепные творения и зачаровывали их тайной магией. Теперь она перешла под власть Расколотого Пламени, которые собираются обратить ее магию во зло.",408,2510,0,400,4,0,0,0,-1,0,0,0,16,0,0,0,100,0,0,0,42000,0,0,0,0,0,0,0,-1,-1,0,0,0,0,0,0
2551,Искарские клыкарры (идеал),Искарские клыкарры живут на Драконьих островах уже несколько столетий. Они стремятся к гармонии и обожают делиться историями об окружающем мире.,409,2506,9,0,6,0,0,0,-1,0,0,0,16,0,0,0,0,0,0,0,42000,0,0,0,0,0,0,0,-1,-1,0,0,0,0,0,0
2552,Союз Вальдраккена (идеал),"Союз Вальдраккена заседает в самом древнем городе драконов. Он представляет объединенную силу всех драконьих семейств, направленную на защиту не только родных островов, но и всего Азерота.",410,2506,9,0,6,0,0,0,-1,0,0,0,16,0,0,0,0,0,0,0,42000,0,0,0,0,0,0,0,-1,-1,0,0,0,0,0,0
2553,Соридорми,"Под предводительством Соридорми Дозорные Времени путешествуют по потокам времени и защищают наш мир от несчетных угроз из альтернативных реальностей. Когда нашей временной линии угрожает коллапс или нападение из других измерений, Соридорми собирает защитников и восстанавливает контроль над ситуацией.",432,2510,9,411,4,0,0,0,-1,0,0,0,16,0,0,0,0,0,0,0,42000,0,0,0,0,0,0,0,-1,-1,0,0,0,0,0,0
2554,Клан Тогус,,412,2503,0,0,0,0,0,0,-1,0,0,0,2052,0,0,0,0,0,0,0,42000,0,0,0,0,0,0,0,-1,-1,0,0,0,0,0,0
2555,Клан Кейган,,413,2506,0,0,0,0,0,0,-1,0,0,0,2054,0,0,0,-6000,0,0,0,42000,0,0,0,0,0,0,0,-1,-1,0,0,0,0,0,0
2564,Лоаммские ниффы,"Глубоко под Драконьими островами, в пещере Заралек, находится ниффский город Лоамм. Там живут дружелюбные торговцы, которые славятся гостеприимностью, хорошим обонянием и весьма необычной системой бартера.",421,2506,9,0,6,2565,0,2402,-1,0,0,0,16,0,0,0,0,0,0,0,2500,0,0,0,0,0,0,0,-1,-1,0,0,0,0,0,0
2565,Лоаммские ниффы (идеал),"Глубоко под Драконьими островами, в пещере Заралек, находится ниффский город Лоамм. Там живут дружелюбные торговцы, которые славятся гостеприимностью, хорошим обонянием и весьма необычной системой бартера.",422,2506,9,0,6,0,0,0,-1,0,0,0,16,0,0,0,0,0,0,0,42000,0,0,0,0,0,0,0,-1,-1,0,0,0,0,0,0
2568,Гонщик Мерцающего Огга,"Бриггуль не отпустит Склизя абы с кем. Вначале докажите, что вы умеете дрессировать улиток.",425,2506,0,408,0,0,0,0,-1,0,0,0,16,0,0,0,0,0,0,0,2800,0,0,0,0,0,0,0,-1,-1,0,0,0,0,0,0
2569,The War Within,,383,0,10,0,0,0,0,0,-1,0,0,0,4120,0,0,0,0,0,0,0,0,0,0,0,0,0,0,0,-1,-1,0,0,0,0,0,0
2570,Арати Тайносводья,"Арати из экспедиции Тайносводья оберегают звезду Беледар от многочисленных опасностей под Каз Алгаром. Вдали от родной империи за морем они построили новый дом, черпая силу в вере в Священное Пламя.",426,2569,10,0,4,2611,0,2901,-1,0,0,0,16,0,0,0,0,0,0,0,2500,0,0,0,0,0,0,0,-1,-1,0,0,0,0,0,0
2574,Стражи Сна,"Союз, в который объединились представители различных рас, чтобы защищать Изумрудный Сон от любой угрозы.",430,2506,9,0,6,2575,0,2653,-1,0,0,0,16,0,0,0,0,0,0,0,2500,0,0,0,0,0,0,0,-1,-1,0,0,0,0,0,0
2575,Стражи Сна (идеал),"Союз, в который объединились представители различных рас, чтобы защищать Изумрудный Сон от любой угрозы.",431,2506,9,0,6,0,0,0,0,0,0,0,0,0,0,0,0,0,0,0,0,0,0,0,0,0,0,0,0,0,0,0,0,0,0,0
2576,Друиды пламени,,-1,0,0,0,0,0,0,0,0,0,0,0,0,0,0,0,0,0,0,0,0,0,0,0,0,0,0,0,0,0,0,0,0,0,0,0
2590,Совет Дорногала,"Совет Дорногала, заседающий в зале Основания, под руководством надзирателя Меррикса принимает решения, влияющие на судьбу всех земельников на острове Дорн.",442,2569,10,0,4,2612,0,2900,-1,0,0,0,16,0,0,0,0,0,0,0,2500,0,0,0,0,0,0,0,-1,-1,0,0,0,0,0,0
2593,Команда Бочконога,"Команда свободолюбивых изгоев, бесчинствующих под знаменем капитана Бочконога.",203,0,9,0,38,0,0,2814,-1,0,0,0,16,0,0,0,0,0,0,0,2500,0,0,0,0,0,0,0,-1,-1,0,0,0,0,0,0
2594,Ассамблея глубин,"В Гулких глубинах множество забытых машин ждет ремонта. Глашатаи механизмов – талантливые инженеры, но кобольды растаскивают все оставленные запчасти. Здесь рады всем, кто захочет исследовать глубины и помочь с восстановлением машин.",444,2569,10,0,6,2613,0,2898,-1,0,0,0,16,0,0,0,0,0,0,0,2500,0,0,0,0,0,0,0,-1,-1,0,0,0,0,0,0
2595,Орден Ночи,,-1,2569,10,0,0,0,0,0,0,0,0,0,0,0,0,0,0,0,0,0,0,0,0,0,1,1,0,0,0,0,0,0,0,0,0,0
2596,Отрезанные нити (идеал),"Период неспокойного правления королевы Ансурек породил немало инакомыслящих. Отрезанные нити ловко скрываются среди придворных, чтобы положить конец власти королевы изнутри.",445,2569,10,0,6,0,0,0,-1,0,0,0,16,0,0,0,0,0,0,0,7500,0,0,0,0,0,0,0,-1,-1,0,0,0,0,0,0
2600,Отрезанные нити,"Период неспокойного правления королевы Ансурек породил немало инакомыслящих. Отрезанные нити ловко скрываются среди придворных, чтобы положить конец власти королевы изнутри.",446,2569,10,0,6,2596,0,2904,-1,0,0,0,4248,0,0,0,0,0,0,0,2500,0,0,0,0,0,0,0,-1,-1,0,0,0,0,0,0
2601,Прядильщица,"Вдова Арак'най, в прошлом королевская прядильщица, теперь пристально следит за своим бывшим домом. Благодаря шпионам и плетенышам мало что может ускользнуть от ее взора.",447,2600,10,416,6,2648,0,0,-1,0,0,0,16,0,0,0,0,0,0,0,20000,0,0,0,0,0,0,7,-1,-1,0,0,0,0,0,0
2602,Теневой базар,Управляет поведением существ на Теневом базаре в Городе Нитей.,-1,2600,10,0,4,0,0,0,0,0,0,0,0,0,0,0,0,0,0,0,0,0,0,0,1,1,0,0,0,0,0,0,0,0,0,0
2604,Команда Бочконога (идеал),"Команда свободолюбивых изгоев, бесчинствующих под знаменем капитана Бочконога.",202,0,9,0,6,0,0,0,-1,0,0,0,16,0,0,0,0,0,0,0,42000,0,0,0,0,0,0,0,-1,-1,0,0,0,0,0,0
2605,Генерал,"Ануб'азал когда-то был самым уважаемым полководцем в Аз-Кахете, однако Ансурек заменила его одним из своих вознесенных. Такое нельзя терпеть.",449,2600,10,417,6,2649,0,0,-1,0,0,0,16,0,0,0,0,0,0,0,20000,0,0,0,0,0,0,7,-1,-1,0,0,0,0,0,0
2606,Верхние Лощины,Управляет поведением существ в Верхних Лощинах в Городе Нитей.,-1,2600,10,0,4,0,0,0,0,0,0,0,0,0,0,0,0,0,0,0,0,0,0,0,1,1,0,0,0,0,0,0,0,0,0,0
2607,Визирь,"Поднявшись до столь высокого – и опасного – положения, вершитель Низрек стал самым верным советником королевы Ансурек. К счастью, она пока не знает, что все свободное время Низрек посвящает борьбе против ее правления.",451,2600,10,418,6,2647,0,0,-1,0,0,0,16,0,0,0,0,0,0,0,20000,0,0,0,0,0,0,7,-1,-1,0,0,0,0,0,0
2609,Подкопы,Управляет поведением существ в Подкопах в Городе Нитей.,-1,2600,10,0,4,0,0,0,0,0,0,0,0,0,0,0,0,0,0,0,0,0,0,0,1,1,0,0,0,0,0,0,0,0,0,0
2610,"Аз-кахетский неруб (всегда враждебный, невидимый)","Управляет поведением всегда враждебных нерубов. Они действуют как монстры, но другие нерубы не атакуют их (даже союзники игрока). Можно применять к большинству противников-нерубов.",-1,2600,10,0,0,0,0,0,0,0,0,0,0,0,0,0,0,0,0,0,0,0,0,0,1,1,0,0,0,0,0,0,0,0,0,0
2611,Арати Тайносводья (идеал),"Арати из экспедиции Тайносводья оберегают звезду Беледар от многочисленных опасностей под Каз Алгаром. Вдали от родной империи за морем они построили новый дом, черпая силу в вере в Священное Пламя.",453,2569,10,0,6,0,0,0,-1,0,0,0,16,0,0,0,0,0,0,0,42000,0,0,0,0,0,0,0,-1,-1,0,0,0,0,0,0
2612,Совет Дорногала (идеал),"Совет Дорногала, заседающий в зале Основания, под руководством надзирателя Меррикса принимает решения, влияющие на судьбу всех земельников на острове Дорн.",454,2569,10,0,6,0,0,0,-1,0,0,0,16,0,0,0,0,0,0,0,42000,0,0,0,0,0,0,0,-1,-1,0,0,0,0,0,0
2613,Ассамблея глубин (идеал),"В Гулких глубинах множество забытых машин ждет ремонта. Глашатаи механизмов – талантливые инженеры, но кобольды растаскивают все оставленные запчасти. Здесь рады всем, кто захочет исследовать глубины и помочь с восстановлением машин.",455,2569,10,0,6,0,0,0,-1,0,0,0,16,0,0,0,0,0,0,0,42000,0,0,0,0,0,0,0,-1,-1,0,0,0,0,0,0
2614,Осадная крепость,Controls creature behavior in the Siegehold POI of Azj-Kahet.  ONLY USED IN LEVEL UP CAMPAIGN CH 2.,-1,2600,10,0,0,0,0,0,0,0,0,0,0,0,0,0,0,0,0,0,0,0,0,0,1,1,0,0,0,0,0,0,0,0,0,0
2615,Азеротские Архивы,"Группа исследователей из Драконьей экспедиции, занимающаяся сохранением древностей для будущих поколений.",457,2507,9,419,4,0,0,0,-1,0,0,0,16,0,0,0,0,0,0,0,42000,0,0,0,0,0,0,0,-1,-1,0,0,0,0,0,0
2616,Крушитель Бочконога,,-1,2506,9,0,0,2604,0,2814,0,0,0,0,0,0,0,0,0,0,0,0,0,0,0,0,1,1,0,0,0,0,0,0,0,0,0,0
2635,Сплетение,Управляет поведением существ в Сплетении в Городе Нитей.,-1,2600,10,0,4,0,0,0,0,0,0,0,0,0,0,0,0,0,0,0,0,0,0,0,1,1,0,0,0,0,0,0,0,0,0,0
2637,ИГРОК: земельник из Альянса,,-1,0,0,0,0,0,0,0,0,0,0,0,0,0,0,0,0,0,0,0,0,0,0,0,1,1,5,5,0,0,0,0,0,0,0,0
2638,ИГРОК: земельник из Орды,,-1,0,0,0,0,0,0,0,0,0,0,0,0,0,0,0,0,0,0,0,0,0,0,0,1,1,5,5,0,0,0,0,0,0,0,0
2640,Бранн Бронзобород,Верный спутник в вылазках,448,2569,0,412,6,0,0,0,-1,0,0,0,16,0,0,0,0,0,0,0,9335900,0,0,0,0,0,0,0,-1,-1,0,0,0,0,0,0
2644,Вылазки: 1-й сезон,,456,2569,10,0,102,0,0,3022,-1,0,0,0,0,0,0,0,0,0,0,0,4200,0,0,0,0,0,0,0,-1,-1,0,0,0,0,0,0
2645,Земельники,,467,2590,9,0,4,0,0,0,-1,0,0,0,2068,0,0,0,3000,0,0,0,42000,0,0,0,1,0,7,0,-1,-1,0,0,0,0,0,0
2647,Визирь (идеал),"Поднявшись до столь высокого – и опасного – положения, вершитель Низрек стал самым верным советником королевы Ансурек. К счастью, она пока не знает, что все свободное время Низрек посвящает борьбе против ее правления.",468,2600,0,0,6,0,0,0,-1,0,0,0,16,0,0,0,0,0,0,0,0,0,0,0,0,0,0,0,-1,-1,0,0,0,0,0,0
2648,Прядильщица (идеал),"Вдова Арак'най, в прошлом королевская прядильщица, теперь пристально следит за своим бывшим домом. Благодаря шпионам и плетенышам мало что может ускользнуть от ее взора.",469,2600,0,0,6,0,0,0,-1,0,0,0,16,0,0,0,0,0,0,0,0,0,0,0,0,0,0,0,-1,-1,0,0,0,0,0,0
2649,Генерал (идеал),"Ануб'азал когда-то был самым уважаемым полководцем в Аз-Кахете, однако Ансурек заменила его одним из своих вознесенных. Такое нельзя терпеть.",470,2600,0,0,6,0,0,0,-1,0,0,0,16,0,0,0,0,0,0,0,0,0,0,0,0,0,0,0,-1,-1,0,0,0,0,0,0
2652,Охрана Мрачных Минеров,"Наемники Джастора Галливикса, ""защищающие"" народ и ресурсы Нижней Шахты.",-1,2653,0,0,0,0,0,0,0,0,0,0,0,0,0,0,0,0,0,0,0,0,0,0,1,1,7,5,0,0,0,0,0,0,0,0
2653,Картели Нижней Шахты,"Нижняя Шахта – очень необычный город. Вместо королей и вождей всем заправляют картели, и в них мечтают попасть абсолютно все. Так даже лучше – ведь король бывает только один, а картелей в Нижних Шахтах много, и от очередного партнера они не откажутся.",478,2569,10,0,6,2667,0,3120,-1,0,0,0,152,0,0,0,0,0,0,0,2500,0,0,0,0,0,7,7,-1,-1,0,0,0,0,0,0
2657,11.2 Ethereum,,-1,2569,10,0,0,0,0,0,0,0,0,0,0,0,0,0,0,0,0,0,0,0,0,0,1,1,0,0,0,0,0,0,0,0,0,0
2658,Концерн К'ареша,"Союз картелей брокеров и эфириалов, объединившихся, чтобы совершить невозможное: спасти осколки их уничтоженного мира от Всепоглощающего.",471,2569,10,0,6,2659,0,3128,-1,0,0,0,16,0,0,0,0,0,0,0,2500,0,0,0,0,0,0,0,-1,-1,0,0,0,0,0,0
2659,Концерн К'ареша (идеал),"Союз картелей брокеров и эфириалов, объединившихся, чтобы совершить невозможное: спасти осколки их уничтоженного мира от Всепоглощающего.",472,2569,9,0,6,0,0,0,-1,0,0,0,16,0,0,0,0,0,0,0,42000,0,0,0,0,0,0,0,-1,-1,0,0,0,0,0,0
2662,[PH] The Power of Friendship,[PH] This is the bucket for all neighborhood visitors who can become friends with the player.,473,2569,0,0,0,0,0,0,-1,0,0,0,152,0,0,0,0,0,0,0,42000,0,0,0,0,0,0,0,-1,-1,0,0,0,0,0,0
2663,Миира,Миира покинула родной Вол'дун в торговой повозке и отправилась путешествовать по миру вместе с лучшими друзьями – альпаками Долли и Крапинкой.,474,2662,0,487,0,0,0,0,-1,0,0,0,16,0,0,0,0,0,0,0,42000,0,0,0,0,0,0,0,-1,-1,0,0,0,0,0,0
2664,Флинн Фэйрвинд,"Флинн когда-то командовал пиратским кораблем у берегов Кул-Тираса, хотя с тех пор принес присягу служить Альянсу (пока ему платят).",475,2662,0,489,0,0,0,0,-1,0,0,0,16,0,0,0,0,0,0,0,42000,0,0,0,0,0,0,0,-1,-1,0,0,0,0,0,0
2665,Лиллистраза,"Лиллистраза живет в Рубиновом святилище Жизни на Драконьих островах, но любопытство иногда тянет ее в путешествия по чужим краям.",476,2662,0,488,0,0,0,0,-1,0,0,0,16,0,0,0,0,0,0,0,42000,0,0,0,0,0,0,0,-1,-1,0,0,0,0,0,0
2666,Байки за чашкой,Небольшая кофейня Улесья.,477,2662,0,490,0,0,0,0,-1,0,0,0,16,0,0,0,0,0,0,0,42000,0,0,0,0,0,0,0,-1,-1,0,0,0,0,0,0
2667,Картели Нижней Шахты (идеал),"Нижняя Шахта – очень необычный город. Вместо королей и вождей всем заправляют картели, и в них мечтают попасть абсолютно все. Так даже лучше – ведь король бывает только один, а картелей в Нижних Шахтах много, и от очередного партнера они не откажутся.",479,2569,0,0,6,0,0,0,-1,0,0,0,16,0,0,0,0,0,0,0,2500,0,0,0,0,0,7,7,-1,-1,0,0,0,0,0,0
2668,Мрачные Решалы (идеал),"На службе у Галливикса Мрачные Решалы не нажили себе друзей, но гоблины проигрывать не умеют. Так что они сменили название и перепрофилировались – только без старых обид, идет? Ничего личного, просто бизнес.",480,2653,0,0,6,0,0,0,-1,0,0,0,16,0,0,0,0,0,0,0,42000,0,0,0,0,0,5,5,-1,-1,0,0,0,0,0,0
2669,Мрачные Решалы,"На службе у Галливикса Мрачные Решалы не нажили себе друзей, но гоблины проигрывать не умеют. Так что они сменили название и перепрофилировались – только без старых обид, идет? Ничего личного, просто бизнес.",481,2653,10,0,6,2668,0,0,-1,0,0,0,16,0,0,0,0,0,0,0,42000,0,0,0,0,0,1,7,-1,-1,0,0,0,0,0,0
2670,Торговая компания (идеал),"У Торговой компании так себе репутация, но если надо что-то добыть, пробурить или раскопать, быстрее них никто не справится. Ищете добреньких-хорошеньких – вам в библиотеку. А по части сырья – это к Торговой компании.",482,2653,0,0,6,0,0,0,-1,0,0,0,16,0,0,0,0,0,0,0,42000,0,0,0,0,0,5,5,-1,-1,0,0,0,0,0,0
2671,Торговая компания,"У Торговой компании так себе репутация, но если надо что-то добыть, пробурить или раскопать, быстрее них никто не справится. Ищете добреньких-хорошеньких – вам в библиотеку. А по части сырья – это к Торговой компании.",483,2653,10,0,6,2670,0,0,-1,0,0,0,16,0,0,0,3000,0,0,0,42000,0,0,0,0,0,3,7,-1,-1,0,0,0,0,0,0
2672,Картель Трюмных Вод (идеал),"На долю картеля Трюмных Вод выпало многовато взлетов и падений, но лучшие изобретатели и конструкторы собрались у них. От городов и надувных игрушек до [ЗАСЕКРЕЧЕНО] – картель Трюмных Вод всегда все построит по высшему разряду.",484,2653,0,0,6,0,0,0,-1,0,0,0,16,0,0,0,0,0,0,0,42000,0,0,0,0,0,5,5,-1,-1,0,0,0,0,0,0
2673,Картель Трюмных Вод,"На долю картеля Трюмных Вод выпало многовато взлетов и падений, но лучшие изобретатели и конструкторы собрались у них. От городов и надувных игрушек до [ЗАСЕКРЕЧЕНО] – картель Трюмных Вод всегда все построит по высшему разряду.",485,2653,10,0,6,2672,0,0,-1,0,0,0,16,0,0,0,3000,0,0,0,42000,0,0,0,0,0,3,7,-1,-1,0,0,0,0,0,0
2674,Картель Черноводья (идеал),"Картель Черноводья раньше довольствовался пиратством и лишь недавно громко заявил о себе. Но перевозки и люкс-круизы уже обеспечили ему немалую известность. Они доставят любой груз куда угодно и когда угодно, причем теперь все чистенько и по закону.",486,2653,0,0,6,0,0,0,-1,0,0,0,16,0,0,0,0,0,0,0,42000,0,0,0,0,0,7,7,-1,-1,0,0,0,0,0,0
2675,Картель Черноводья,"Картель Черноводья раньше довольствовался пиратством и лишь недавно громко заявил о себе. Но перевозки и люкс-круизы уже обеспечили ему немалую известность. Они доставят любой груз куда угодно и когда угодно, причем теперь все чистенько и по закону.",487,2653,10,0,6,2674,0,0,-1,0,0,0,16,0,0,0,3000,0,0,0,42000,0,0,0,0,0,3,7,-1,-1,0,0,0,0,0,0
2676,Картель Хитрой Шестеренки (идеал),"Картель Хитрой Шестеренки – наверное, самый старый и крупный в Нижней Шахте. Они держат долю практически в каждой отрасли, а их влияние простирается даже за пределы Азерота. После прихода к власти Гогенмогеля, изобретателя знаменитого эликсира, в наши дни картель специализируется на алхимии.",488,2653,0,0,6,0,0,0,-1,0,0,0,16,0,0,0,0,0,0,0,42000,0,0,0,0,0,5,5,-1,-1,0,0,0,0,0,0
2677,Картель Хитрой Шестеренки,"Картель Хитрой Шестеренки – наверное, самый старый и крупный в Нижней Шахте. Они держат долю практически в каждой отрасли, а их влияние простирается даже за пределы Азерота. После прихода к власти Гогенмогеля, изобретателя знаменитого эликсира, в наши дни картель специализируется на алхимии.",489,2653,10,0,6,2676,0,0,-1,0,0,0,16,0,0,0,3000,0,0,0,42000,0,0,0,0,0,3,7,-1,-1,0,0,0,0,0,0
2683,Вылазки: 2-й сезон,,493,2569,10,0,102,0,0,3130,-1,0,0,0,0,0,0,0,0,0,0,0,4200,0,0,0,0,0,0,0,-1,-1,0,0,0,0,0,0
2684,Клуб лояльности Галаджио (идеал),"В Галаджио меняется руководство – точнее, скоро поменяется. А значит, надо заранее их подмазать. Поэтому помогите Галаджио преобразиться и заодно заведите новых друзей.",494,2653,10,0,6,0,0,0,-1,0,0,0,16,0,0,0,0,0,0,0,42000,0,0,0,0,0,0,0,-1,-1,0,0,0,0,0,0
2685,Клуб лояльности Галаджио,"В Галаджио меняется руководство – точнее, скоро поменяется. А значит, надо заранее их подмазать. Поэтому помогите Галаджио преобразиться и заодно заведите новых друзей.",495,2653,10,0,6,2684,0,3315,-1,0,0,0,16,0,0,0,0,0,0,0,2500,0,0,0,0,0,7,7,-1,-1,0,0,0,0,0,0
2688,Сияние Пламени,"Армии Тайносводья не хватает бойцов, и чтобы отбиться от новой угрозы, добровольцы, способные держать в руках оружие, создали Сияние Пламени. Они приглашают в свои ряды всех, кто готов встать на защиту Тайносводья.",496,2569,10,0,6,2689,0,3140,-1,0,0,0,16,0,0,0,0,0,0,0,2500,0,0,0,0,0,0,0,-1,-1,0,0,0,0,0,0
2689,Сияние Пламени (идеал),"Армии Тайносводья не хватает бойцов, и чтобы отбиться от новой угрозы, добровольцы, способные держать в руках оружие, создали Сияние Пламени. Они приглашают в свои ряды всех, кто готов встать на защиту Тайносводья.",497,2569,10,0,6,0,0,0,-1,0,0,0,16,0,0,0,0,0,0,0,2500,0,0,0,0,0,0,0,-1,-1,0,0,0,0,0,0
2692,Торговая компания,11.1 NPC/CREATURE ONLY,-1,0,0,0,0,0,0,0,0,0,0,0,0,0,0,0,0,0,0,0,0,0,0,0,1,1,7,7,0,0,0,0,0,0,0,0
2693,Путь участника вылазки (1-й сезон),,498,2569,10,0,70,0,0,0,-1,0,0,0,4248,0,0,0,0,0,0,0,2500,0,0,0,0,0,0,0,-1,-1,0,0,0,0,0,0
2695,Test Account Wide Stormwind (DNT),Testing faction-restricted account wide factions (DNT),500,0,0,0,100,0,0,0,0,0,0,0,276,6,20,0,3000,-42000,4000,0,42000,-42000,42000,0,1,0.25,4,7,825576524,0,1309324210,-1440044374,-2147483647,0,0,0
2696,Племя Амани,Амани завоевали большую часть Восточных королевств и владели ею тысячи лет. Однако с тех пор эльфы и люди оттеснили лесных троллей на нынешние территории Зул'Амана и колонизировали их прежние владения.,501,2698,11,0,6,2705,0,3355,-1,0,0,0,152,0,0,0,0,0,0,0,2500,0,0,0,0,0,0,0,-1,-1,0,0,0,0,0,0
2697,Chase's test faction (DNT),Testing for AVU (DNT),504,469,0,0,244,0,0,0,-1,0,0,0,4,4,4,4,300,0,0,0,40000,0,0,0,1,1,4,7,-1321907123,1427461461,0,0,0,0,0,0
2698,Midnight,,503,0,11,0,0,0,0,0,-1,0,0,0,24,0,0,0,0,0,0,0,0,0,0,0,0,0,0,0,-1,-1,0,0,0,0,0,0
2699,Сингулярность,"В круговороте ужаса и разрушений, именуемом Бурей Бездны, выживают лишь самые находчивые и сильные. Именно из таких бойцов магистр Умбрий и другие рен'дорай собрали Сингулярность – отряд, готовый преодолеть опасности этих суровых земель и дать отпор Ксал'атат.",502,2698,11,0,6,2725,0,3388,-1,0,0,0,16,0,0,0,0,0,0,0,2500,0,0,0,0,0,0,0,-1,-1,0,0,0,0,0,0
2700,DEPRECATED Fungarian Fighting Ring,,505,2698,11,0,32,0,0,0,-1,0,0,0,20,0,0,0,0,0,0,0,0,0,0,0,0,0,0,0,-1,-1,0,0,0,0,0,0
2704,Хара'ти,"Хара'ти пришли в Харандар, следуя за пением богини. Они ухаживают за ее колыбелью, надеясь однажды дождаться ее возвращения.",509,2698,11,0,6,2726,0,3369,-1,0,0,0,16,0,0,0,0,0,0,0,2500,0,0,0,0,0,0,0,-1,-1,0,0,0,0,0,0
2705,Племя Амани (идеал),"12.0 Z2 Zul'lAman - Main Faction, Paragon",510,2698,0,0,6,0,0,0,-1,0,0,0,144,0,0,0,0,0,0,0,42000,0,0,0,0,0,4,4,-1,-1,0,0,0,0,0,0
2706,Племя Сухокожих,12.0 Z2 Zul'Aman - Amani Sub Faction,-1,2696,0,0,0,0,0,0,0,0,0,0,0,0,0,0,0,0,0,0,0,0,0,0,1,1,4,4,0,0,0,0,0,0,0,0
2709,Передовые силы Света,12.0 New Army of the Light,-1,2698,0,0,4,0,0,0,0,0,0,0,0,0,0,0,0,0,0,0,0,0,0,0,1,1,0,0,0,0,0,0,0,0,0,0
2710,Двор Луносвета,"Принимая элегантные, разумные и взвешенные политические решения, придворные Луносвета делают так, чтобы их город сиял вечной неповторимой красотой.",515,2698,11,0,6,2727,0,3371,-1,0,0,0,4248,0,0,0,0,0,0,0,2500,0,0,0,0,0,4,4,-1,-1,0,0,0,0,0,0
2711,Магистры,"Элита луносветских магов. Магистры – самые одаренные из син'дорай, в совершенстве владеющие тайными искусствами. Их интеллектуальные способности отточены многими столетиями магических изысканий.",516,2710,10,497,6,0,0,0,-1,0,0,0,16,0,0,0,0,0,0,0,42000,0,0,0,0,0,4,4,-1,-1,0,0,0,0,0,0
2712,Рыцари крови,"Орден паладинов Луносвета. Доблестные герои и избранные защитники солнца, которые сражаются с врагами син'дорай под командованием леди Лиадрин.",517,2710,10,499,6,0,0,0,-1,0,0,0,16,0,0,0,0,0,0,0,42000,0,0,0,0,0,4,4,-1,-1,0,0,0,0,0,0
2713,Странники,"Элитные син'дорайские следопыты, отвечающие за безопасность границ и защищающие леса Вечной Песни.",518,2710,10,498,6,0,0,0,-1,0,0,0,16,0,0,0,0,0,0,0,42000,0,0,0,0,0,4,4,-1,-1,0,0,0,0,0,0
2714,Тени Закоулка,"Малочисленные, алчные – но практически незаменимые в деликатных вопросах. О Тенях Закоулка не принято говорить вслух, но можете быть уверены, что почти каждый житель Луносвета так или иначе имел с ними дело.",519,2710,10,500,6,0,0,0,-1,0,0,0,16,0,0,0,0,0,0,0,42000,0,0,0,0,0,4,4,-1,-1,0,0,0,0,0,0
2720,Луносвет,12.0 Silvermoon - NPC Faction Only,-1,0,0,0,0,0,0,0,0,0,0,0,0,0,0,0,0,0,0,0,0,0,0,0,0,0,0,0,0,0,0,0,0,0,0,0
2722,Вылазки: 3-й сезон,,524,2569,10,0,70,0,0,3271,-1,0,0,0,0,0,0,0,0,0,0,0,4200,0,0,0,0,0,0,0,-1,-1,0,0,0,0,0,0
2725,Сингулярность (идеал),"В круговороте ужаса и разрушений, именуемом Бурей Бездны, выживают лишь самые находчивые и сильные. Именно из таких бойцов магистр Умбрий и другие рен'дорай собрали Сингулярность – отряд, готовый преодолеть опасности этих суровых земель и дать отпор Ксал'атат.",525,2698,9,0,6,0,0,0,-1,0,0,0,16,0,0,0,0,0,0,0,42000,0,0,0,0,0,0,0,-1,-1,0,0,0,0,0,0
2726,Хара'ти (идеал),[DNT] Haranir tribe on haronar,526,2698,9,0,6,0,0,0,-1,0,0,0,16,0,0,0,0,0,0,0,42000,0,0,0,0,0,0,0,-1,-1,0,0,0,0,0,0
2727,Двор Луносвета (идеал),"12.0 Z1 Eversong - Main Faction, Paragon",527,2698,0,0,6,0,0,0,-1,0,0,0,144,0,0,0,0,0,0,0,42000,0,0,0,0,0,4,4,-1,-1,0,0,0,0,0,0
2728,ИГРОК: харанир из Орды,,-1,0,0,0,0,0,0,0,0,0,0,0,0,0,0,0,0,0,0,0,0,0,0,0,1,1,5,5,0,0,0,0,0,0,0,0
2729,ИГРОК: харанир из Альянса,,-1,0,0,0,0,0,0,0,0,0,0,0,0,0,0,0,0,0,0,0,0,0,0,0,1,1,5,5,0,0,0,0,0,0,0,0
2736,Крушители манагорнов,"Концерн К'ареша делает все, чтобы воссоединить народ своей умирающей планеты, но некоторые его участники предпочитают разбираться с проблемой напрямую. Крушители манагорнов прибегают к всевозможным способам шпионажа и саботажа, чтобы ослабить силы Салхадаара и положить конец его замыслам.",530,2569,10,0,6,0,0,3305,-1,0,0,0,16,0,0,0,0,0,0,0,2500,0,0,0,0,0,7,7,-1,-1,0,0,0,0,0,0
2739,Вылазки: обмен осколков ключа от сундука,,531,2569,0,0,234,0,0,3028,-1,0,0,0,0,0,0,0,0,0,0,0,100,0,0,0,0,0,0,0,-1,-1,0,0,0,0,0,0
2742,Вылазки: 1-й сезон,,532,2698,11,0,70,0,0,3317,-1,0,0,0,0,0,0,0,0,0,0,0,4200,0,0,0,0,0,0,0,-1,-1,0,0,0,0,0,0
2744,Валира Сангвинар,Верный спутник в вылазках,533,2698,0,501,6,0,0,0,-1,0,0,0,16,0,0,0,0,0,0,0,8989497,0,0,0,0,0,0,0,-1,-1,0,0,0,0,0,0
2764,Охота: 1-й сезон,"Хотя Азероту грозит много разных опасностей, Асталор Кровавая Клятва нашел уникальное решение для защиты Луносвета.",536,2698,11,0,70,0,0,3386,-1,0,0,0,16,0,0,0,0,0,0,0,4000,0,0,0,0,0,0,0,-1,-1,0,0,0,0,0,0
2766,"Арена ""Морд'Бой""",Существ со всех концов света собрали и выставили на арену для участия в кровавых поединках против героев Орды.,537,892,0,28,0,0,0,0,0,0,0,0,16,0,0,0,0,0,0,0,7000,0,0,0,1,1,0,0,1309324210,-1440044374,0,0,0,0,0,0
2767,"Потасовочная ""У Бизмо""",Группа жаждущих битвы воинов собрала существ со всех концов света и выставила их на арену для участия в кровавых поединках против героев Альянса.,538,891,0,43,0,0,0,0,0,0,0,0,16,0,0,0,0,0,0,0,7000,0,0,0,1,1,0,0,-1321907123,1427461461,0,0,0,0,0,0
2770,Дуэлянты Зубца убийцы,Глубоко в Буре Бездны бушует война между Видием и Зиадан.,539,2698,0,0,4,2774,0,0,-1,0,0,0,16,0,0,0,0,0,0,0,42000,0,0,0,0,0,0,0,-1,-1,0,0,0,0,0,0
2774,Дуэлянты Зубца убийцы (идеал),Глубоко в Буре Бездны бушует война между Видием и Зиадан.,543,2698,0,0,4,0,0,0,-1,0,0,0,16,0,0,0,0,0,0,0,42000,0,0,0,0,0,0,0,-1,-1,0,0,0,0,0,0
2780,Племя Призрачной Сосны,12.0 Z2 Zul'Aman - Amani Sub Faction,-1,2696,0,0,0,0,0,0,0,0,0,0,0,0,0,0,0,0,0,0,0,0,0,0,1,1,4,4,0,0,0,0,0,0,0,0
2781,Племя Сломанного Клыка,12.0 Z2 Zul'Aman - Amani Sub Faction,-1,2696,0,0,0,0,0,0,0,0,0,0,0,0,0,0,0,0,0,0,0,0,0,0,1,1,4,4,0,0,0,0,0,0,0,0
2792,Места проведения ритуалов,"Ощущая прилив хаоса после атак Бездны, враги стараются перенаправить его на ритуалы тьмы. Эти скопления кипучей магии нужно ликвидировать.",514,2698,11,0,6,2793,0,3428,-1,0,0,0,4248,0,0,0,0,0,0,0,2500,0,0,0,0,0,4,4,-1,-1,0,0,0,0,0,0
2793,Места проведения ритуалов (ритуал),"12.0.5 Ritual Sites - Feature, Paragon",546,2698,0,0,6,0,0,0,-1,0,0,0,144,0,0,0,0,0,0,0,42000,0,0,0,0,0,4,4,-1,-1,0,0,0,0,0,0
