ID,QuestTitle_lang,BulletText_lang,UniqueBitFlag,ConditionID,FiltActiveQuest,FiltClasses,FiltCompletedQuestLogic,FiltMaxFactionID,FiltMaxFactionValue,FiltMinFactionID,FiltMinFactionValue,FiltMinSkillID,FiltMinSkillValue,FiltNonActiveQuest,BreadCrumbID,StartItem,WorldStateExpressionID,QuestInfoID,ContentTuningID,CovenantID,Field_9_0_2_36206_022,Flags[0],Flags[1],Flags[2],FiltCompletedQuest[0],FiltCompletedQuest[1],FiltCompletedQuest[2],FiltRaceMasks[0],FiltRaceMasks[1]
11354,РАЗЫСКИВАЕТСЯ: ездовой хлыст Назана,,5351,0,0,-1,0,0,0,0,0,0,0,0,0,0,4824,85,820,0,2,4104,0,268435968,0,0,0,-1,-1
11362,РАЗЫСКИВАЕТСЯ: украшенный перьями посох Келидана,,5351,0,0,-1,0,0,0,0,0,0,0,0,0,0,4825,85,820,0,2,4104,0,268435968,0,0,0,-1,-1
11363,РАЗЫСКИВАЕТСЯ: печать Острорука,,5351,0,0,-1,0,0,0,0,0,0,0,0,0,0,4826,85,820,0,2,4104,0,268435968,0,0,0,-1,-1
11368,РАЗЫСКИВАЕТСЯ: сердце Зыбуна,,5351,0,0,-1,0,0,0,0,0,0,0,0,0,0,4827,85,820,0,2,4104,0,268435968,0,0,0,-1,-1
11369,РАЗЫСКИВАЕТСЯ: яйцо Черной Охотницы,,5351,0,0,-1,0,0,0,0,0,0,0,0,0,0,4828,85,820,0,2,4104,0,268435968,0,0,0,-1,-1
11370,РАЗЫСКИВАЕТСЯ: трактат полководца,,5351,0,0,-1,0,0,0,0,0,0,0,0,0,0,4829,85,820,0,2,4104,0,268435968,0,0,0,-1,-1
11371,РАЗЫСКИВАЮТСЯ: мирмидоны Резервуара Кривого Клыка,,5359,0,0,-1,0,0,0,0,0,0,0,0,0,0,4817,81,233,0,2,4104,0,268435968,0,0,0,-1,-1
11372,РАЗЫСКИВАЮТСЯ: головные перья Айкисса,,5351,0,0,-1,0,0,0,0,0,0,0,0,0,0,4830,85,820,0,2,4104,0,268435968,0,0,0,-1,-1
11373,РАЗЫСКИВАЕТСЯ: чудесный амулет Шаффара,,5351,0,0,-1,0,0,0,0,0,0,0,0,0,0,4831,85,820,0,2,4104,0,268435968,0,0,0,-1,-1
11374,РАЗЫСКИВАЕТСЯ: самоцвет души экзарха,,5351,0,0,-1,0,0,0,0,0,0,0,0,0,0,4832,85,820,0,2,4104,0,268435968,0,0,0,-1,-1
11375,РАЗЫСКИВАЕТСЯ: шепот Бормотуна,,5351,0,0,-1,0,0,0,0,0,0,0,0,0,0,4833,85,820,0,2,4104,0,268435968,0,0,0,-1,-1
11376,РАЗЫСКИВАЮТСЯ: злобные инструкторы,,5359,0,0,-1,0,0,0,0,0,0,0,0,0,0,4818,81,225,0,2,4104,0,268435968,0,0,0,-1,-1
11378,РАЗЫСКИВАЕТСЯ: голова Охотника Вечности,,5351,0,0,-1,0,0,0,0,0,0,0,0,0,0,4834,85,820,0,2,4104,0,268435968,0,0,0,-1,-1
11382,РАЗЫСКИВАЮТСЯ: песочные часы Эонуса,,5351,0,0,-1,0,0,0,0,0,0,0,0,0,0,4835,85,820,0,2,4104,0,268435968,0,0,0,-1,-1
11383,РАЗЫСКИВАЮТСЯ: повелители временного разлома,,5359,0,0,-1,0,0,0,0,0,0,0,0,0,0,4819,81,227,0,2,4104,0,268435968,0,0,0,-1,-1
11384,РАЗЫСКИВАЕТСЯ: отросток Узлодревня,,5351,0,0,-1,0,0,0,0,0,0,0,0,0,0,4836,85,820,0,2,4104,0,268435968,0,0,0,-1,-1
11385,РАЗЫСКИВАЮТСЯ: солнцеловы-чаротворцы,,5359,0,0,-1,0,0,0,0,0,0,0,0,0,0,4820,81,229,0,2,4104,0,268435968,0,0,0,-1,-1
11386,РАЗЫСКИВАЕТСЯ: проектор Паталеона,,5351,0,0,-1,0,0,0,0,0,0,0,0,0,0,4837,85,820,0,2,4104,0,268435968,0,0,0,-1,-1
11387,РАЗЫСКИВАЮТСЯ: разрушители Бурегорна,,5359,0,0,-1,0,0,0,0,0,0,0,0,0,0,4821,81,230,0,2,4104,0,268435968,0,0,0,-1,-1
11388,РАЗЫСКИВАЕТСЯ: свиток Скайрисса,,5351,0,0,-1,0,0,0,0,0,0,0,0,0,0,4838,85,820,0,2,4104,0,268435968,0,0,0,-1,-1
11389,РАЗЫСКИВАЮТСЯ: часовые Аркатраца,,5359,0,0,-1,0,0,0,0,0,0,0,0,0,0,4822,81,226,0,2,4104,0,268435968,0,0,0,-1,-1
11499,РАЗЫСКИВАЕТСЯ: перстень-печатка принца Кель'таса,,5351,0,0,-1,0,0,0,0,0,0,0,0,0,0,5046,85,820,0,2,4104,0,268435968,0,0,0,-1,-1
11500,РАЗЫСКИВАЮТСЯ: сестры Мучений,,5359,0,0,-1,0,0,0,0,0,0,0,0,0,0,5047,81,221,0,2,4104,0,268435968,0,0,0,-1,-1
11580,Осквернение огня,,5513,9484,0,-1,0,0,0,0,0,0,0,0,0,0,0,0,394,0,0,0,0,512,0,0,0,-1321907123,1427461461
11581,Осквернение огня,,5514,9484,0,-1,0,0,0,0,0,0,0,0,0,0,0,0,394,0,0,0,0,512,0,0,0,1309324210,-1440044374
11583,Поклонение огню,,5516,9484,0,-1,0,0,0,0,0,0,0,0,0,0,0,0,394,0,0,0,0,512,0,0,0,-1321907123,1427461461
11584,Поклонение огню,,5517,9484,0,-1,0,0,0,0,0,0,0,0,0,0,0,0,394,0,0,0,0,512,0,0,0,1309324210,-1440044374
11732,Осквернение огня,,5660,9484,0,-1,0,0,0,0,0,0,0,0,0,0,0,0,394,0,0,0,0,512,0,0,0,1309324210,-1440044374
11734,Осквернение огня,,5661,9484,0,-1,0,0,0,0,0,0,0,0,0,0,0,0,394,0,0,0,0,512,0,0,0,1309324210,-1440044374
11735,Осквернение огня,,5662,9484,0,-1,0,0,0,0,0,0,0,0,0,0,0,0,394,0,0,0,0,512,0,0,0,1309324210,-1440044374
11736,Осквернение огня,,5663,9484,0,-1,0,0,0,0,0,0,0,0,0,0,0,0,394,0,0,0,0,512,0,0,0,1309324210,-1440044374
11737,Осквернение огня,,5664,9484,0,-1,0,0,0,0,0,0,0,0,0,0,0,0,394,0,0,0,0,512,0,0,0,1309324210,-1440044374
11738,Осквернение огня,,5665,9484,0,-1,0,0,0,0,0,0,0,0,0,0,0,0,394,0,0,0,0,512,0,0,0,1309324210,-1440044374
11739,Осквернение огня,,5666,9484,0,-1,0,0,0,0,0,0,0,0,0,0,0,0,394,0,0,0,0,512,0,0,0,1309324210,-1440044374
11740,Осквернение огня,,5667,9484,0,-1,0,0,0,0,0,0,0,0,0,0,0,0,394,0,0,0,0,512,0,0,0,1309324210,-1440044374
11741,Осквернение огня,,5668,9484,0,-1,0,0,0,0,0,0,0,0,0,0,0,0,394,0,0,0,0,512,0,0,0,1309324210,-1440044374
11742,Осквернение огня,,5669,9484,0,-1,0,0,0,0,0,0,0,0,0,0,0,0,394,0,0,0,0,512,0,0,0,1309324210,-1440044374
11743,Осквернение огня,,5670,9484,0,-1,0,0,0,0,0,0,0,0,0,0,0,0,394,0,0,0,0,512,0,0,0,1309324210,-1440044374
11744,Осквернение огня,,5671,9484,0,-1,0,0,0,0,0,0,0,0,0,0,0,0,394,0,0,0,0,512,0,0,0,1309324210,-1440044374
11745,Осквернение огня,,5672,9484,0,-1,0,0,0,0,0,0,0,0,0,0,0,0,394,0,0,0,0,512,0,0,0,1309324210,-1440044374
11746,Осквернение огня,,5673,9484,0,-1,0,0,0,0,0,0,0,0,0,0,0,0,394,0,0,0,0,512,0,0,0,1309324210,-1440044374
11747,Осквернение огня,,5674,9484,0,-1,0,0,0,0,0,0,0,0,0,0,0,0,394,0,0,0,0,512,0,0,0,1309324210,-1440044374
11748,Осквернение огня,,5675,9484,0,-1,0,0,0,0,0,0,0,0,0,0,0,0,394,0,0,0,0,512,0,0,0,1309324210,-1440044374
11749,Осквернение огня,,5676,9484,0,-1,0,0,0,0,0,0,0,0,0,0,0,0,394,0,0,0,0,512,0,0,0,1309324210,-1440044374
11750,Осквернение огня,,5677,9484,0,-1,0,0,0,0,0,0,0,0,0,0,0,0,394,0,0,0,0,512,0,0,0,1309324210,-1440044374
11751,Осквернение огня,,5678,9484,0,-1,0,0,0,0,0,0,0,0,0,0,0,0,394,0,0,0,0,512,0,0,0,1309324210,-1440044374
11752,Осквернение огня,,5679,9484,0,-1,0,0,0,0,0,0,0,0,0,0,0,0,394,0,0,0,0,512,0,0,0,1309324210,-1440044374
11753,Осквернение огня,,5680,9484,0,-1,0,0,0,0,0,0,0,0,0,0,0,0,394,0,0,0,0,512,0,0,0,1309324210,-1440044374
11754,Осквернение огня,,5681,9484,0,-1,0,0,0,0,0,0,0,0,0,0,0,0,394,0,0,0,0,512,0,0,0,1309324210,-1440044374
11755,Осквернение огня,,5682,9484,0,-1,0,0,0,0,0,0,0,0,0,0,0,0,394,0,0,0,0,512,0,0,0,1309324210,-1440044374
11756,Осквернение огня,,5683,9484,0,-1,0,0,0,0,0,0,0,0,0,0,0,0,394,0,0,0,0,512,0,0,0,1309324210,-1440044374
11757,Осквернение огня,,5684,9484,0,-1,0,0,0,0,0,0,0,0,0,0,0,0,394,0,0,0,0,512,0,0,0,1309324210,-1440044374
11758,Осквернение огня,,5685,9484,0,-1,0,0,0,0,0,0,0,0,0,0,0,0,394,0,0,0,0,512,0,0,0,1309324210,-1440044374
11759,Осквернение огня,,5686,9484,0,-1,0,0,0,0,0,0,0,0,0,0,0,0,394,0,0,0,0,512,0,0,0,1309324210,-1440044374
11760,Осквернение огня,,5687,9484,0,-1,0,0,0,0,0,0,0,0,0,0,0,0,394,0,0,0,0,512,0,0,0,1309324210,-1440044374
11761,Осквернение огня,,5688,9484,0,-1,0,0,0,0,0,0,0,0,0,0,0,0,394,0,0,0,0,512,0,0,0,1309324210,-1440044374
11762,Осквернение огня,,5689,9484,0,-1,0,0,0,0,0,0,0,0,0,0,0,0,394,0,0,0,0,512,0,0,0,1309324210,-1440044374
11763,Осквернение огня,,5690,9484,0,-1,0,0,0,0,0,0,0,0,0,0,0,0,394,0,0,0,0,512,0,0,0,1309324210,-1440044374
11764,Осквернение огня,,5691,9484,0,-1,0,0,0,0,0,0,0,0,0,0,0,0,394,0,0,0,0,512,0,0,0,-1321907123,1427461461
11765,Осквернение огня,,5692,9484,0,-1,0,0,0,0,0,0,0,0,0,0,0,0,394,0,0,0,0,512,0,0,0,-1321907123,1427461461
11766,Осквернение огня,,5693,9484,0,-1,0,0,0,0,0,0,0,0,0,0,0,0,394,0,0,0,0,512,0,0,0,-1321907123,1427461461
11767,Осквернение огня,,5694,9484,0,-1,0,0,0,0,0,0,0,0,0,0,0,0,394,0,0,0,0,512,0,0,0,-1321907123,1427461461
11768,Осквернение огня,,5695,9484,0,-1,0,0,0,0,0,0,0,0,0,0,0,0,394,0,0,0,0,512,0,0,0,-1321907123,1427461461
11769,Осквернение огня,,5696,9484,0,-1,0,0,0,0,0,0,0,0,0,0,0,0,394,0,0,0,0,512,0,0,0,-1321907123,1427461461
11770,Осквернение огня,,5697,9484,0,-1,0,0,0,0,0,0,0,0,0,0,0,0,394,0,0,0,0,512,0,0,0,-1321907123,1427461461
11771,Осквернение огня,,5698,9484,0,-1,0,0,0,0,0,0,0,0,0,0,0,0,394,0,0,0,0,512,0,0,0,-1321907123,1427461461
11772,Осквернение огня,,5699,9484,0,-1,0,0,0,0,0,0,0,0,0,0,0,0,394,0,0,0,0,512,0,0,0,-1321907123,1427461461
11773,Осквернение огня,,5700,9484,0,-1,0,0,0,0,0,0,0,0,0,0,0,0,394,0,0,0,0,512,0,0,0,-1321907123,1427461461
11774,Осквернение огня,,5701,9484,0,-1,0,0,0,0,0,0,0,0,0,0,0,0,394,0,0,0,0,512,0,0,0,-1321907123,1427461461
11775,Осквернение огня,,5702,9484,0,-1,0,0,0,0,0,0,0,0,0,0,0,0,394,0,0,0,0,512,0,0,0,-1321907123,1427461461
11776,Осквернение огня,,5703,9484,0,-1,0,0,0,0,0,0,0,0,0,0,0,0,394,0,0,0,0,512,0,0,0,-1321907123,1427461461
11777,Осквернение огня,,5704,9484,0,-1,0,0,0,0,0,0,0,0,0,0,0,0,394,0,0,0,0,512,0,0,0,-1321907123,1427461461
11778,Осквернение огня,,5705,9484,0,-1,0,0,0,0,0,0,0,0,0,0,0,0,394,0,0,0,0,512,0,0,0,-1321907123,1427461461
11779,Осквернение огня,,5706,9484,0,-1,0,0,0,0,0,0,0,0,0,0,0,0,394,0,0,0,0,512,0,0,0,-1321907123,1427461461
11780,Осквернение огня,,5707,9484,0,-1,0,0,0,0,0,0,0,0,0,0,0,0,394,0,0,0,0,512,0,0,0,-1321907123,1427461461
11781,Осквернение огня,,5708,9484,0,-1,0,0,0,0,0,0,0,0,0,0,0,0,394,0,0,0,0,512,0,0,0,-1321907123,1427461461
11782,Осквернение огня,,5709,9484,0,-1,0,0,0,0,0,0,0,0,0,0,0,0,394,0,0,0,0,512,0,0,0,-1321907123,1427461461
11783,Осквернение огня,,5710,9484,0,-1,0,0,0,0,0,0,0,0,0,0,0,0,394,0,0,0,0,512,0,0,0,-1321907123,1427461461
11784,Осквернение огня,,5711,9484,0,-1,0,0,0,0,0,0,0,0,0,0,0,0,394,0,0,0,0,512,0,0,0,-1321907123,1427461461
11785,Осквернение огня,,5712,9484,0,-1,0,0,0,0,0,0,0,0,0,0,0,0,394,0,0,0,0,512,0,0,0,-1321907123,1427461461
11786,Осквернение огня,,5713,9484,0,-1,0,0,0,0,0,0,0,0,0,0,0,0,394,0,0,0,0,512,0,0,0,-1321907123,1427461461
11787,Осквернение огня,,5714,9484,0,-1,0,0,0,0,0,0,0,0,0,0,0,0,394,0,0,0,0,512,0,0,0,-1321907123,1427461461
11799,Осквернение огня,,5726,9484,0,-1,0,0,0,0,0,0,0,0,0,0,0,0,394,0,0,0,0,512,0,0,0,-1321907123,1427461461
11800,Осквернение огня,,5727,9484,0,-1,0,0,0,0,0,0,0,0,0,0,0,0,394,0,0,0,0,512,0,0,0,-1321907123,1427461461
11801,Осквернение огня,,5728,9484,0,-1,0,0,0,0,0,0,0,0,0,0,0,0,394,0,0,0,0,512,0,0,0,-1321907123,1427461461
11802,Осквернение огня,,5729,9484,0,-1,0,0,0,0,0,0,0,0,0,0,0,0,394,0,0,0,0,512,0,0,0,-1321907123,1427461461
11803,Осквернение огня,,5730,9484,0,-1,0,0,0,0,0,0,0,0,0,0,0,0,394,0,0,0,0,512,0,0,0,-1321907123,1427461461
11804,Поклонение огню,,5731,9484,0,-1,0,0,0,0,0,0,0,0,0,0,0,0,394,0,0,0,0,512,0,0,0,-1321907123,1427461461
11805,Поклонение огню,,5732,9484,0,-1,0,0,0,0,0,0,0,0,0,0,0,0,394,0,0,0,0,512,0,0,0,-1321907123,1427461461
11806,Поклонение огню,,5733,9484,0,-1,0,0,0,0,0,0,0,0,0,0,0,0,394,0,0,0,0,512,0,0,0,-1321907123,1427461461
11807,Поклонение огню,,5734,9484,0,-1,0,0,0,0,0,0,0,0,0,0,0,0,394,0,0,0,0,512,0,0,0,-1321907123,1427461461
11808,Поклонение огню,,5735,9484,0,-1,0,0,0,0,0,0,0,0,0,0,0,0,394,0,0,0,0,512,0,0,0,-1321907123,1427461461
11809,Поклонение огню,,5736,9484,0,-1,0,0,0,0,0,0,0,0,0,0,0,0,394,0,0,0,0,512,0,0,0,-1321907123,1427461461
11810,Поклонение огню,,5737,9484,0,-1,0,0,0,0,0,0,0,0,0,0,0,0,394,0,0,0,0,512,0,0,0,-1321907123,1427461461
11811,Поклонение огню,,5738,9484,0,-1,0,0,0,0,0,0,0,0,0,0,0,0,394,0,0,0,0,512,0,0,0,-1321907123,1427461461
11812,Поклонение огню,,5739,9484,0,-1,0,0,0,0,0,0,0,0,0,0,0,0,394,0,0,0,0,512,0,0,0,-1321907123,1427461461
11813,Поклонение огню,,5740,9484,0,-1,0,0,0,0,0,0,0,0,0,0,0,0,394,0,0,0,0,512,0,0,0,-1321907123,1427461461
11814,Поклонение огню,,5741,9484,0,-1,0,0,0,0,0,0,0,0,0,0,0,0,394,0,0,0,0,512,0,0,0,-1321907123,1427461461
11815,Поклонение огню,,5742,9484,0,-1,0,0,0,0,0,0,0,0,0,0,0,0,394,0,0,0,0,512,0,0,0,-1321907123,1427461461
11816,Поклонение огню,,5743,9484,0,-1,0,0,0,0,0,0,0,0,0,0,0,0,394,0,0,0,0,512,0,0,0,-1321907123,1427461461
11817,Поклонение огню,,5745,9484,0,-1,0,0,0,0,0,0,0,0,0,0,0,0,394,0,0,0,0,512,0,0,0,-1321907123,1427461461
11818,Поклонение огню,,5746,9484,0,-1,0,0,0,0,0,0,0,0,0,0,0,0,394,0,0,0,0,512,0,0,0,-1321907123,1427461461
11819,Поклонение огню,,5749,9484,0,-1,0,0,0,0,0,0,0,0,0,0,0,0,394,0,0,0,0,512,0,0,0,-1321907123,1427461461
11820,Поклонение огню,,5748,9484,0,-1,0,0,0,0,0,0,0,0,0,0,0,0,394,0,0,0,0,512,0,0,0,-1321907123,1427461461
11821,Поклонение огню,,5750,9484,0,-1,0,0,0,0,0,0,0,0,0,0,0,0,394,0,0,0,0,512,0,0,0,-1321907123,1427461461
11822,Поклонение огню,,5751,9484,0,-1,0,0,0,0,0,0,0,0,0,0,0,0,394,0,0,0,0,512,0,0,0,-1321907123,1427461461
11823,Поклонение огню,,5752,9484,0,-1,0,0,0,0,0,0,0,0,0,0,0,0,394,0,0,0,0,512,0,0,0,-1321907123,1427461461
11824,Поклонение огню,,5753,9484,0,-1,0,0,0,0,0,0,0,0,0,0,0,0,394,0,0,0,0,512,0,0,0,-1321907123,1427461461
11825,Поклонение огню,,5754,9484,0,-1,0,0,0,0,0,0,0,0,0,0,0,0,394,0,0,0,0,512,0,0,0,-1321907123,1427461461
11826,Поклонение огню,,5755,9484,0,-1,0,0,0,0,0,0,0,0,0,0,0,0,394,0,0,0,0,512,0,0,0,-1321907123,1427461461
11827,Поклонение огню,,5756,9484,0,-1,0,0,0,0,0,0,0,0,0,0,0,0,394,0,0,0,0,512,0,0,0,-1321907123,1427461461
11828,Поклонение огню,,5757,9484,0,-1,0,0,0,0,0,0,0,0,0,0,0,0,394,0,0,0,0,512,0,0,0,-1321907123,1427461461
11829,Поклонение огню,,5758,9484,0,-1,0,0,0,0,0,0,0,0,0,0,0,0,394,0,0,0,0,512,0,0,0,-1321907123,1427461461
11830,Поклонение огню,,5759,9484,0,-1,0,0,0,0,0,0,0,0,0,0,0,0,394,0,0,0,0,512,0,0,0,-1321907123,1427461461
11831,Поклонение огню,,5760,9484,0,-1,0,0,0,0,0,0,0,0,0,0,0,0,394,0,0,0,0,512,0,0,0,-1321907123,1427461461
11832,Поклонение огню,,5761,9484,0,-1,0,0,0,0,0,0,0,0,0,0,0,0,394,0,0,0,0,512,0,0,0,-1321907123,1427461461
11833,Поклонение огню,,5762,9484,0,-1,0,0,0,0,0,0,0,0,0,0,0,0,394,0,0,0,0,512,0,0,0,-1321907123,1427461461
11834,Поклонение огню,,5763,9484,0,-1,0,0,0,0,0,0,0,0,0,0,0,0,394,0,0,0,0,512,0,0,0,-1321907123,1427461461
11835,Поклонение огню,,5764,9484,0,-1,0,0,0,0,0,0,0,0,0,0,0,0,394,0,0,0,0,512,0,0,0,1309324210,-1440044374
11836,Поклонение огню,,5765,9484,0,-1,0,0,0,0,0,0,0,0,0,0,0,0,394,0,0,0,0,512,0,0,0,1309324210,-1440044374
11837,Поклонение огню,,5766,9484,0,-1,0,0,0,0,0,0,0,0,0,0,0,0,394,0,0,0,0,512,0,0,0,1309324210,-1440044374
11838,Поклонение огню,,5767,9484,0,-1,0,0,0,0,0,0,0,0,0,0,0,0,394,0,0,0,0,512,0,0,0,1309324210,-1440044374
11839,Поклонение огню,,5768,9484,0,-1,0,0,0,0,0,0,0,0,0,0,0,0,394,0,0,0,0,512,0,0,0,1309324210,-1440044374
11840,Поклонение огню,,5769,9484,0,-1,0,0,0,0,0,0,0,0,0,0,0,0,394,0,0,0,0,512,0,0,0,1309324210,-1440044374
11841,Поклонение огню,,5770,9484,0,-1,0,0,0,0,0,0,0,0,0,0,0,0,394,0,0,0,0,512,0,0,0,1309324210,-1440044374
11842,Поклонение огню,,5771,9484,0,-1,0,0,0,0,0,0,0,0,0,0,0,0,394,0,0,0,0,512,0,0,0,1309324210,-1440044374
11843,Поклонение огню,,5772,9484,0,-1,0,0,0,0,0,0,0,0,0,0,0,0,394,0,0,0,0,512,0,0,0,1309324210,-1440044374
11844,Поклонение огню,,5773,9484,0,-1,0,0,0,0,0,0,0,0,0,0,0,0,394,0,0,0,0,512,0,0,0,1309324210,-1440044374
11845,Поклонение огню,,5774,9484,0,-1,0,0,0,0,0,0,0,0,0,0,0,0,394,0,0,0,0,512,0,0,0,1309324210,-1440044374
11846,Поклонение огню,,5775,9484,0,-1,0,0,0,0,0,0,0,0,0,0,0,0,394,0,0,0,0,512,0,0,0,1309324210,-1440044374
11847,Поклонение огню,,5776,9484,0,-1,0,0,0,0,0,0,0,0,0,0,0,0,394,0,0,0,0,512,0,0,0,1309324210,-1440044374
11848,Поклонение огню,,5777,9484,0,-1,0,0,0,0,0,0,0,0,0,0,0,0,394,0,0,0,0,512,0,0,0,1309324210,-1440044374
11849,Поклонение огню,,5778,9484,0,-1,0,0,0,0,0,0,0,0,0,0,0,0,394,0,0,0,0,512,0,0,0,1309324210,-1440044374
11850,Поклонение огню,,5779,9484,0,-1,0,0,0,0,0,0,0,0,0,0,0,0,394,0,0,0,0,512,0,0,0,1309324210,-1440044374
11851,Поклонение огню,,5810,9484,0,-1,0,0,0,0,0,0,0,0,0,0,0,0,394,0,0,0,0,512,0,0,0,1309324210,-1440044374
11852,Поклонение огню,,5781,9484,0,-1,0,0,0,0,0,0,0,0,0,0,0,0,394,0,0,0,0,512,0,0,0,1309324210,-1440044374
11853,Поклонение огню,,5782,9484,0,-1,0,0,0,0,0,0,0,0,0,0,0,0,394,0,0,0,0,512,0,0,0,1309324210,-1440044374
11854,Поклонение огню,,5783,9484,0,-1,0,0,0,0,0,0,0,0,0,0,0,0,394,0,0,0,0,512,0,0,0,1309324210,-1440044374
11855,Поклонение огню,,5784,9484,0,-1,0,0,0,0,0,0,0,0,0,0,0,0,394,0,0,0,0,512,0,0,0,1309324210,-1440044374
11856,Поклонение огню,,5785,9484,0,-1,0,0,0,0,0,0,0,0,0,0,0,0,394,0,0,0,0,512,0,0,0,1309324210,-1440044374
11857,Поклонение огню,,5786,9484,0,-1,0,0,0,0,0,0,0,0,0,0,0,0,394,0,0,0,0,512,0,0,0,1309324210,-1440044374
11858,Поклонение огню,,5787,9484,0,-1,0,0,0,0,0,0,0,0,0,0,0,0,394,0,0,0,0,512,0,0,0,1309324210,-1440044374
11859,Поклонение огню,,5788,9484,0,-1,0,0,0,0,0,0,0,0,0,0,0,0,394,0,0,0,0,512,0,0,0,1309324210,-1440044374
11860,Поклонение огню,,5789,9484,0,-1,0,0,0,0,0,0,0,0,0,0,0,0,394,0,0,0,0,512,0,0,0,1309324210,-1440044374
11861,Поклонение огню,,5790,9484,0,-1,0,0,0,0,0,0,0,0,0,0,0,0,394,0,0,0,0,512,0,0,0,1309324210,-1440044374
11862,Поклонение огню,,5791,9484,0,-1,0,0,0,0,0,0,0,0,0,0,0,0,394,0,0,0,0,512,0,0,0,1309324210,-1440044374
11863,Поклонение огню,,5792,9484,0,-1,0,0,0,0,0,0,0,0,0,0,0,0,394,0,0,0,0,512,0,0,0,1309324210,-1440044374
11886,Необычная активность,,5818,9484,0,-1,0,0,0,0,0,0,0,0,0,35828,0,0,395,0,2,268435464,0,268436992,0,0,0,-1,-1
11964,Благовония для летних пламеней,,5893,9484,0,-1,0,0,0,0,0,0,0,0,0,35725,0,0,394,0,2,8,0,268435968,0,0,0,-1321907123,1427461461
11966,Благовония для праздничных сполохов,,5895,9484,0,-1,0,0,0,0,0,0,0,0,0,35725,0,0,394,0,2,8,0,268435968,0,0,0,1309324210,-1440044374
13440,Осквернение огня,,7203,9484,0,-1,0,0,0,0,0,0,0,0,0,0,0,0,394,0,0,0,0,512,0,0,0,1309324210,-1440044374
13441,Осквернение огня,,7202,9484,0,-1,0,0,0,0,0,0,0,0,0,0,0,0,394,0,0,0,0,512,0,0,0,-1321907123,1427461461
13442,Осквернение огня,,7204,9484,0,-1,0,0,0,0,0,0,0,0,0,0,0,0,394,0,0,0,0,512,0,0,0,1309324210,-1440044374
13443,Осквернение огня,,7207,9484,0,-1,0,0,0,0,0,0,0,0,0,0,0,0,394,0,0,0,0,512,0,0,0,1309324210,-1440044374
13444,Осквернение огня,,7208,9484,0,-1,0,0,0,0,0,0,0,0,0,0,0,0,394,0,0,0,0,512,0,0,0,1309324210,-1440044374
13445,Осквернение огня,,7211,9484,0,-1,0,0,0,0,0,0,0,0,0,0,0,0,394,0,0,0,0,512,0,0,0,1309324210,-1440044374
13446,Осквернение огня,,7212,9484,0,-1,0,0,0,0,0,0,0,0,0,0,0,0,394,0,0,0,0,512,0,0,0,1309324210,-1440044374
13447,Осквернение огня,,7215,9484,0,-1,0,0,0,0,0,0,0,0,0,0,0,0,394,0,0,0,0,512,0,0,0,1309324210,-1440044374
13449,Осквернение огня,,7216,9484,0,-1,0,0,0,0,0,0,0,0,0,0,0,0,394,0,0,0,0,512,0,0,0,1309324210,-1440044374
13450,Осквернение огня,,7205,9484,0,-1,0,0,0,0,0,0,0,0,0,0,0,0,394,0,0,0,0,512,0,0,0,-1321907123,1427461461
13451,Осквернение огня,,7206,9484,0,-1,0,0,0,0,0,0,0,0,0,0,0,0,394,0,0,0,0,512,0,0,0,-1321907123,1427461461
13453,Осквернение огня,,7209,9484,0,-1,0,0,0,0,0,0,0,0,0,0,0,0,394,0,0,0,0,512,0,0,0,-1321907123,1427461461
13454,Осквернение огня,,7210,9484,0,-1,0,0,0,0,0,0,0,0,0,0,0,0,394,0,0,0,0,512,0,0,0,-1321907123,1427461461
13455,Осквернение огня,,7213,9484,0,-1,0,0,0,0,0,0,0,0,0,0,0,0,394,0,0,0,0,512,0,0,0,-1321907123,1427461461
13457,Осквернение огня,,7214,9484,0,-1,0,0,0,0,0,0,0,0,0,0,0,0,394,0,0,0,0,512,0,0,0,-1321907123,1427461461
13458,Осквернение огня,,7217,9484,0,-1,0,0,0,0,0,0,0,0,0,0,0,0,394,0,0,0,0,512,0,0,0,-1321907123,1427461461
13485,Поклонение огню,,7220,9484,0,-1,0,0,0,0,0,0,0,0,0,0,0,0,394,0,0,0,0,512,0,0,0,-1321907123,1427461461
13486,Поклонение огню,,7225,9484,0,-1,0,0,0,0,0,0,0,0,0,0,0,0,394,0,0,0,0,512,0,0,0,-1321907123,1427461461
13487,Поклонение огню,,7222,9484,0,-1,0,0,0,0,0,0,0,0,0,0,0,0,394,0,0,0,0,512,0,0,0,-1321907123,1427461461
13488,Поклонение огню,,7224,9484,0,-1,0,0,0,0,0,0,0,0,0,0,0,0,394,0,0,0,0,512,0,0,0,-1321907123,1427461461
13489,Поклонение огню,,7223,9484,0,-1,0,0,0,0,0,0,0,0,0,0,0,0,394,0,0,0,0,512,0,0,0,-1321907123,1427461461
13490,Поклонение огню,,7226,9484,0,-1,0,0,0,0,0,0,0,0,0,0,0,0,394,0,0,0,0,512,0,0,0,-1321907123,1427461461
13491,Поклонение огню,,7221,9484,0,-1,0,0,0,0,0,0,0,0,0,0,0,0,394,0,0,0,0,512,0,0,0,-1321907123,1427461461
13492,Поклонение огню,,7227,9484,0,-1,0,0,0,0,0,0,0,0,0,0,0,0,394,0,0,0,0,512,0,0,0,-1321907123,1427461461
13493,Поклонение огню,,7228,9484,0,-1,0,0,0,0,0,0,0,0,0,0,0,0,394,0,0,0,0,512,0,0,0,1309324210,-1440044374
13494,Поклонение огню,,7233,9484,0,-1,0,0,0,0,0,0,0,0,0,0,0,0,394,0,0,0,0,512,0,0,0,1309324210,-1440044374
13495,Поклонение огню,,7230,9484,0,-1,0,0,0,0,0,0,0,0,0,0,0,0,394,0,0,0,0,512,0,0,0,1309324210,-1440044374
13496,Поклонение огню,,7232,9484,0,-1,0,0,0,0,0,0,0,0,0,0,0,0,394,0,0,0,0,512,0,0,0,1309324210,-1440044374
13497,Поклонение огню,,7231,9484,0,-1,0,0,0,0,0,0,0,0,0,0,0,0,394,0,0,0,0,512,0,0,0,1309324210,-1440044374
13498,Поклонение огню,,7234,9484,0,-1,0,0,0,0,0,0,0,0,0,0,0,0,394,0,0,0,0,512,0,0,0,1309324210,-1440044374
13499,Поклонение огню,,7229,9484,0,-1,0,0,0,0,0,0,0,0,0,0,0,0,394,0,0,0,0,512,0,0,0,1309324210,-1440044374
13500,Поклонение огню,,7235,9484,0,-1,0,0,0,0,0,0,0,0,0,0,0,0,394,0,0,0,0,512,0,0,0,1309324210,-1440044374
28910,Осквернение огня,,11855,9484,0,-1,0,0,0,0,0,0,0,0,0,0,0,0,394,0,0,0,0,512,0,0,0,1309324210,-1440044374
28911,Осквернение огня,,11856,9484,0,-1,0,0,0,0,0,0,0,0,0,0,0,0,394,0,0,0,0,512,0,0,0,-1321907123,1427461461
28912,Осквернение огня,,11857,9484,0,-1,0,0,0,0,0,0,0,0,0,0,0,0,394,0,0,0,0,512,0,0,0,1309324210,-1440044374
28913,Осквернение огня,,11858,9484,0,-1,0,0,0,0,0,0,0,0,0,0,0,0,394,0,0,0,0,512,0,0,0,1309324210,-1440044374
28914,Осквернение огня,,11859,9484,0,-1,0,0,0,0,0,0,0,0,0,0,0,0,394,0,0,0,0,512,0,0,0,-1321907123,1427461461
28915,Осквернение огня,,11860,9484,0,-1,0,0,0,0,0,0,0,0,0,0,0,0,394,0,0,0,0,512,0,0,0,1309324210,-1440044374
28916,Осквернение огня,,11861,9484,0,-1,0,0,0,0,0,0,0,0,0,0,0,0,394,0,0,0,0,512,0,0,0,1309324210,-1440044374
28917,Осквернение огня,,11888,9484,0,-1,0,0,0,0,0,0,0,0,0,0,0,0,394,0,0,0,0,512,0,0,0,-1321907123,1427461461
28918,Осквернение огня,,11863,9484,0,-1,0,0,0,0,0,0,0,0,0,0,0,0,394,0,0,0,0,512,0,0,0,-1321907123,1427461461
28919,Осквернение огня,,11864,9484,0,-1,0,0,0,0,0,0,0,0,0,0,0,0,394,0,0,0,0,512,0,0,0,-1321907123,1427461461
28920,Осквернение огня,,11865,9484,0,-1,0,0,0,0,0,0,0,0,0,0,0,0,394,0,0,0,0,512,0,0,0,-1321907123,1427461461
28921,Осквернение огня,,11866,9484,0,-1,0,0,0,0,0,0,0,0,0,0,0,0,394,0,0,0,0,512,0,0,0,1309324210,-1440044374
28922,Поклонение огню,,11868,9484,0,-1,0,0,0,0,0,0,0,0,0,0,0,0,394,0,0,0,0,512,0,0,0,-1321907123,1427461461
28923,Поклонение огню,,11869,9484,0,-1,0,0,0,0,0,0,0,0,0,0,0,0,394,0,0,0,0,512,0,0,0,1309324210,-1440044374
28924,Поклонение огню,,11870,9484,0,-1,0,0,0,0,0,0,0,0,0,0,0,0,394,0,0,0,0,512,0,0,0,1309324210,-1440044374
28925,Поклонение огню,,11871,9484,0,-1,0,0,0,0,0,0,0,0,0,0,0,0,394,0,0,0,0,512,0,0,0,-1321907123,1427461461
28926,Поклонение огню,,11872,9484,0,-1,0,0,0,0,0,0,0,0,0,0,0,0,394,0,0,0,0,512,0,0,0,-1321907123,1427461461
28927,Поклонение огню,,11873,9484,0,-1,0,0,0,0,0,0,0,0,0,0,0,0,394,0,0,0,0,512,0,0,0,1309324210,-1440044374
28928,Поклонение огню,,11874,9484,0,-1,0,0,0,0,0,0,0,0,0,0,0,0,394,0,0,0,0,512,0,0,0,-1321907123,1427461461
28929,Поклонение огню,,11875,9484,0,-1,0,0,0,0,0,0,0,0,0,0,0,0,394,0,0,0,0,512,0,0,0,-1321907123,1427461461
28930,Поклонение огню,,11876,9484,0,-1,0,0,0,0,0,0,0,0,0,0,0,0,394,0,0,0,0,512,0,0,0,1309324210,-1440044374
28931,Поклонение огню,,11877,9484,0,-1,0,0,0,0,0,0,0,0,0,0,0,0,394,0,0,0,0,512,0,0,0,1309324210,-1440044374
28932,Поклонение огню,,11878,9484,0,-1,0,0,0,0,0,0,0,0,0,0,0,0,394,0,0,0,0,512,0,0,0,-1321907123,1427461461
28933,Поклонение огню,,11879,9484,0,-1,0,0,0,0,0,0,0,0,0,0,0,0,394,0,0,0,0,512,0,0,0,1309324210,-1440044374
28943,Осквернение огня,,11890,9484,0,-1,0,0,0,0,0,0,0,0,0,0,0,0,394,0,0,0,0,512,0,0,0,1309324210,-1440044374
28944,Осквернение огня,,11891,9484,0,-1,0,0,0,0,0,0,0,0,0,0,0,0,394,0,0,0,0,512,0,0,0,-1321907123,1427461461
28945,Поклонение огню,,11892,9484,0,-1,0,0,0,0,0,0,0,0,0,0,0,0,394,0,0,0,0,512,0,0,0,-1321907123,1427461461
28946,Поклонение огню,,11893,9484,0,-1,0,0,0,0,0,0,0,0,0,0,0,0,394,0,0,0,0,512,0,0,0,1309324210,-1440044374
28947,Осквернение огня,,11894,9484,0,-1,0,0,0,0,0,0,0,0,0,0,0,0,394,0,0,0,0,512,0,0,0,1309324210,-1440044374
28948,Осквернение огня,,11895,9484,0,-1,0,0,0,0,0,0,0,0,0,0,0,0,394,0,0,0,0,512,0,0,0,-1321907123,1427461461
28949,Поклонение огню,,11896,9484,0,-1,0,0,0,0,0,0,0,0,0,0,0,0,394,0,0,0,0,512,0,0,0,1309324210,-1440044374
28950,Поклонение огню,,11897,9484,0,-1,0,0,0,0,0,0,0,0,0,0,0,0,394,0,0,0,0,512,0,0,0,-1321907123,1427461461
29030,Поклонение огню,Поклонитесь большому костру Служителей Земли на горе Хиджал.,11976,9484,0,-1,0,0,0,0,0,0,0,0,0,0,0,0,394,0,2,2097152,0,268435968,0,0,0,-1,-1
29031,Поклонение огню,Поклонитесь большому костру Служителей Земли в Вайш'ире.,11982,9484,0,-1,0,0,0,0,0,0,0,0,0,0,0,0,394,0,2,2097152,0,268435968,0,0,0,-1,-1
29036,Поклонение огню,Поклонитесь большому костру Служителей Земли в Подземье.,11983,9484,0,-1,0,0,0,0,0,0,0,0,0,0,0,0,394,0,2,2097152,0,268435968,0,0,0,-1,-1
30134,Дикость,,12939,0,0,-1,0,0,0,0,0,0,0,0,0,0,0,0,57,0,2,0,0,268435968,0,0,0,-1,-1
31001,Падение,,13601,0,0,-1,0,0,0,0,0,0,0,0,0,0,0,0,62,0,2,8,0,268435968,0,0,0,-1,-1
31394,Испытания Небожителей,,13906,0,0,-1,0,0,0,0,0,0,0,0,0,0,0,0,7210,0,2,1048584,0,268435968,0,0,0,-1321907123,1427461461
31395,Испытания Небожителей,,13906,0,0,-1,0,0,0,0,0,0,0,0,0,0,0,0,7210,0,2,1048584,0,268435968,0,0,0,1309324210,-1440044374
31511,Очевидец истории,,14001,0,0,-1,0,0,0,0,0,0,0,0,0,0,0,0,7210,0,2,8,0,268435968,31395,0,0,1309324210,-1440044374
31512,Очевидец истории,,14001,0,0,-1,0,0,0,0,0,0,0,0,0,0,0,0,7210,0,2,2097160,0,268435968,31394,0,0,-1321907123,1427461461
31697,Jeremy's Test Quest,,22887,0,0,-1,0,0,0,0,0,0,0,0,0,0,0,109,798,0,3,3735552,131072,268435456,0,0,0,-1,-1
32246,Встреча с разведчицей,,14562,0,0,-1,0,0,0,0,0,0,0,0,0,0,0,0,59,0,2,2097152,0,268435968,0,0,0,-1321907123,1427461461
32249,Встреча с разведчицей,,14562,0,0,-1,0,0,0,0,0,0,0,0,0,0,0,0,59,0,2,2097152,0,268435968,0,0,0,1309324210,-1440044374
32496,Осквернение огня,,14773,9484,0,-1,0,0,0,0,0,0,0,0,0,0,0,0,394,0,0,0,0,512,0,0,0,-1,-1
32497,Поклонение огню,Поклонитесь костру праздника Огненного солнцеворота в Жутких пустошах.,14774,9484,0,-1,0,0,0,0,0,0,0,0,0,0,0,0,394,0,2,2097152,0,268435968,0,0,0,-1,-1
32498,Поклонение огню,Поклонитесь костру праздника Огненного солнцеворота в Нефритовом лесу.,14775,9484,0,-1,0,0,0,0,0,0,0,0,0,0,0,0,394,0,2,2097152,0,268435968,0,0,0,-1,-1
32499,Поклонение огню,Поклонитесь костру праздника Огненного солнцеворота в Красарангских джунглях.,14772,9484,0,-1,0,0,0,0,0,0,0,0,0,0,0,0,394,0,2,2097152,0,268435968,0,0,0,-1,-1
32500,Поклонение огню,Поклонитесь костру праздника Огненного солнцеворота на вершине Кунь-Лай.,14776,9484,0,-1,0,0,0,0,0,0,0,0,0,0,0,0,394,0,2,2097152,0,268435968,0,0,0,-1,-1
32501,Поклонение огню,Поклонитесь костру праздника Огненного солнцеворота в Танлунских степях.,14777,9484,0,-1,0,0,0,0,0,0,0,0,0,0,0,0,394,0,2,2097152,0,268435968,0,0,0,-1,-1
32502,Поклонение огню,Поклонитесь костру праздника Огненного солнцеворота в долине Четырех Ветров.,14778,9484,0,-1,0,0,0,0,0,0,0,0,0,0,0,0,394,0,2,2097152,0,268435968,0,0,0,-1,-1
32503,Осквернение огня,,14779,9484,0,-1,0,0,0,0,0,0,0,0,0,0,0,0,394,0,0,0,0,512,0,0,0,-1,-1
32509,Поклонение огню,,14785,9484,0,-1,0,0,0,0,0,0,0,0,0,0,0,0,394,0,0,0,0,512,0,0,0,1309324210,-1440044374
32510,Поклонение огню,,14786,9484,0,-1,0,0,0,0,0,0,0,0,0,0,0,0,394,0,0,0,0,512,0,0,0,-1321907123,1427461461
32680,Надвигается буря,,14859,0,0,-1,0,0,0,0,0,0,0,0,0,0,0,0,167,0,2,572522504,0,268435968,0,0,0,1309324210,-1440044374
32681,Надвигается буря,,14859,0,0,-1,0,0,0,0,0,0,0,0,0,0,0,0,167,0,2,572522504,0,268435968,0,0,0,-1321907123,1427461461
33145,Холм Жестокого Холода,,15222,0,0,-1,0,0,0,0,0,0,0,0,0,0,0,0,64,0,3,34144256,8192,268435456,0,0,0,1309324210,-1440044374
34076,Погребальные поля,,15961,0,0,-1,0,0,0,0,0,0,0,0,0,0,0,0,63,0,3,34144256,0,268435456,0,0,0,-1321907123,1427461461
34496,Валуунские холмы,,16321,0,0,-1,0,0,0,0,0,0,0,0,0,0,0,0,63,0,3,34144256,0,268435456,0,0,0,-1321907123,1427461461
34501,Пещера Леденящего Ветра,,16326,0,0,-1,0,0,0,0,0,0,0,0,0,0,0,0,64,0,3,38338560,8192,268435456,0,0,0,1309324210,-1440044374
34504,Пещера Кровавых Шипов,,16329,0,0,-1,0,0,0,0,0,0,0,0,0,0,0,0,63,0,3,37289984,0,268435456,0,0,0,-1321907123,1427461461
34505,Запретный ледник,,16330,28902,0,-1,0,0,0,0,0,0,0,0,0,0,0,0,64,0,3,34144256,0,268435456,0,0,0,1309324210,-1440044374
34639,Опустошение Арууны,,16398,0,0,-1,0,0,0,0,0,0,0,0,0,0,0,0,66,0,3,589824,0,268435456,0,0,0,-1,-1
34660,Падение Зоркры,,16417,0,0,-1,0,0,0,0,0,0,0,0,0,0,0,0,66,0,3,34144256,0,268435456,0,0,0,-1,-1
34667,Двор Душ,,16424,0,0,-1,0,0,0,0,0,0,0,0,0,0,0,0,66,0,3,34144256,0,268435456,0,0,0,-1,-1
34723,Гавань Железного Кулака,,16470,0,0,-1,0,0,0,0,0,0,0,0,0,0,0,0,68,0,3,34144256,0,268435456,0,0,0,-1,-1
34724,Позабытые пещеры,,18083,0,0,-1,0,0,0,0,0,0,0,0,0,0,0,0,65,0,3,34144256,0,268435456,0,0,0,-1,-1
34726,Событие: бледная паучья праматерь,,18084,0,0,-1,0,0,0,0,0,0,0,0,0,0,0,0,0,0,3,33555464,0,0,0,0,0,-1,-1
34728,Мерцающая топь,,16472,0,0,-1,0,0,0,0,0,0,0,0,0,0,0,0,63,0,3,34144256,0,268435456,0,0,0,-1321907123,1427461461
35236,Орунайский берег,,16836,0,0,-1,0,0,0,0,0,0,0,0,0,0,0,0,66,0,3,34144256,0,268435456,0,0,0,-1321907123,1427461461
35237,Лесозаготовки Мор'грана,,16837,0,0,-1,0,0,0,0,0,0,0,0,0,0,0,0,66,0,3,34144256,0,268435456,0,0,0,1309324210,-1440044374
35250,Тестовое задание,,16847,0,0,-1,0,0,0,0,0,0,0,0,0,0,0,0,798,0,3,33554432,131328,268435456,0,0,0,-1,-1
35379,Охотничьи угодья Хеминга,,16917,0,0,-1,0,0,0,0,0,0,0,0,0,0,0,0,68,0,3,34144256,0,268435456,0,0,0,-1,-1
35637,Нападение на Земли Каменного Неистовства,,17076,33050,0,-1,0,0,0,0,0,0,0,0,0,0,0,0,816,0,3,41488384,524288,268435464,0,0,0,-1321907123,1427461461
35641,Нападение на Земли Каменного Неистовства,,17483,33050,0,-1,0,0,0,0,0,0,0,0,0,0,0,0,816,0,3,41488384,524288,268435464,0,0,0,1309324210,-1440044374
35649,Топь Терзаний,,17018,0,0,-1,0,0,0,0,0,0,0,0,0,0,0,0,67,0,3,34144256,0,268435456,0,0,0,-1,-1
35881,Руины первого бастиона,,17125,0,0,-1,0,0,0,0,0,0,0,0,0,0,0,0,65,0,3,34144256,0,268435456,0,0,0,-1,-1
35974,Атака на гнездовье Темного Прилива,,17747,32525,0,-1,0,0,0,0,0,0,0,0,0,0,0,0,816,0,3,37294080,524288,268435464,0,0,0,-1321907123,1427461461
35977,Атака на гнездовье Темного Прилива,,17748,32525,0,-1,0,0,0,0,0,0,0,0,0,0,0,0,816,0,3,37294080,524288,268435464,0,0,0,1309324210,-1440044374
36069,Атака на Скеттис,,17851,32526,0,-1,0,0,0,0,0,0,0,0,0,0,0,0,816,0,3,37294080,524288,268435464,0,0,0,-1321907123,1427461461
36070,Атака на Скеттис,,17852,32526,0,-1,0,0,0,0,0,0,0,0,0,0,0,0,816,0,3,37294080,524288,268435464,0,0,0,1309324210,-1440044374
36338,Атака на гавань Шаттрата,,19214,32529,0,-1,0,0,0,0,0,0,0,0,0,0,0,0,816,0,3,37294080,524288,268435464,0,0,0,1309324210,-1440044374
36347,Атака на Плато Сокретара,,19211,32524,0,-1,0,0,0,0,0,0,0,0,0,0,0,0,816,0,3,37294080,524288,268435464,0,0,0,1309324210,-1440044374
36348,Атака на Плато Сокретара,,19212,32524,0,-1,0,0,0,0,0,0,0,0,0,0,0,0,816,0,3,37294080,524288,268435464,0,0,0,-1321907123,1427461461
36383,Нападение на Яму,,17482,38227,0,-1,0,0,0,0,0,0,0,0,0,0,0,0,816,0,3,37294080,524288,268435464,0,0,0,-1321907123,1427461461
36473,Хребет Скорби,,17561,27805,0,-1,0,0,0,0,0,0,0,0,0,0,0,0,65,0,3,34144256,0,268435456,0,0,0,-1,-1
36476,Южная часть Гронн-каньона,,17565,27805,0,-1,0,0,0,0,0,0,0,0,0,0,0,0,65,0,3,34144256,0,268435456,0,0,0,-1,-1
36480,Долина Разрушений,,17569,31135,0,-1,0,0,0,0,0,0,0,0,0,0,0,0,65,0,3,34144256,0,268435456,0,0,0,-1,-1
36489,Нападение на Яму,,17482,38227,0,-1,0,0,0,0,0,0,0,0,0,0,0,0,816,0,3,37294080,524288,268435464,0,0,0,1309324210,-1440044374
36490,Нападение на Cтолпы Судьбы,,19213,32528,0,-1,0,0,0,0,0,0,0,0,0,0,0,0,816,0,3,37294080,524288,268435464,0,0,0,-1321907123,1427461461
36491,Нападение на Cтолпы Судьбы,,19218,32528,0,-1,0,0,0,0,0,0,0,0,0,0,0,0,816,0,3,37294080,524288,268435464,0,0,0,1309324210,-1440044374
36500,Терновое Цветение,,17582,27803,0,-1,0,0,0,0,0,0,0,0,0,0,0,0,65,0,3,38338560,0,268435456,0,0,0,-1,-1
36504,Ключи Вечного Рассвета,,17599,27803,0,-1,0,0,0,0,0,0,0,0,0,0,0,0,65,0,3,34144256,0,268435456,0,0,0,-1,-1
36520,Низина Хвостобоев,,17596,0,0,-1,0,0,0,0,0,0,0,0,0,0,0,0,65,0,3,34144256,0,268435456,0,0,0,-1,-1
36563,Болотная низина,,17619,0,0,-1,0,0,0,0,0,0,0,0,0,0,0,0,65,0,3,34144256,0,268435456,0,0,0,-1,-1
36564,Хитросплетение,,17620,27803,0,-1,0,0,0,0,0,0,0,0,0,0,0,0,65,0,3,34144256,0,268435456,0,0,0,-1,-1
36566,Арена Каменного Молота,,17622,27805,0,-1,0,0,0,0,0,0,0,0,0,0,0,0,65,0,3,34144256,0,268435456,0,0,0,-1,-1
36571,Чащоба Ию,,18072,0,0,-1,0,0,0,0,0,0,0,0,0,0,0,0,65,0,3,34144256,0,268435456,0,0,0,-1,-1
36590,Воющий утес,,17646,0,0,-1,0,0,0,0,0,0,0,0,0,0,0,0,67,0,3,34144256,0,268435456,0,0,0,-1,-1
36603,Серные источники,,17653,0,0,-1,0,0,0,0,0,0,0,0,0,0,0,0,65,0,3,34144256,0,268435456,0,0,0,-1,-1
36660,Владения Кровавой Гривы,,17698,29048,0,-1,0,0,0,0,0,0,0,0,0,0,0,0,67,0,3,34144256,0,268435456,0,0,0,-1,-1
36792,Цитадель Острорука,,17794,29095,0,-1,0,0,0,0,0,0,0,0,0,0,0,0,67,0,3,34144256,0,268435456,0,0,0,-1,-1
36807,Атака Шаттрата,,19215,38228,0,-1,0,0,0,0,0,0,0,0,0,0,0,0,816,0,3,37294080,524288,268435464,0,0,0,1309324210,-1440044374
36808,Атака на гавань Шаттрата,,19216,32529,0,-1,0,0,0,0,0,0,0,0,0,0,0,0,816,0,3,37294080,524288,268435464,0,0,0,-1321907123,1427461461
36809,Атака Шаттрата,,19217,38228,0,-1,0,0,0,0,0,0,0,0,0,0,0,0,816,0,3,37294080,524288,268435464,0,0,0,-1321907123,1427461461
36811,Отбить Фаронаар,,17804,39583,0,-1,2,0,0,0,0,0,0,0,0,0,0,0,331,0,3,570490888,0,268435456,36920,40815,0,-1,-1
36814,Атака на Заросли Вечного Цветения,,19209,32516,0,-1,0,0,0,0,0,0,0,0,0,0,0,0,816,0,3,37294080,524288,268435456,0,0,0,1309324210,-1440044374
36815,Атака на Заросли Вечного Цветения,,19210,32516,0,-1,0,0,0,0,0,0,0,0,0,0,0,0,816,0,3,37294080,524288,268435456,0,0,0,-1321907123,1427461461
36816,Операция: атака на Разбитый берег,,17808,32522,0,-1,0,0,0,0,0,0,0,0,0,0,0,0,816,0,3,37294080,524288,268435464,0,0,0,-1321907123,1427461461
36817,Операция: атака на Разбитый берег,,17809,32522,0,-1,0,0,0,0,0,0,0,0,0,0,0,0,816,0,3,37294080,524288,268435464,0,0,0,1309324210,-1440044374
36818,Нападение на сторожевой пост Мок'гол,,17810,32523,0,-1,0,0,0,0,0,0,0,0,0,0,0,0,816,0,3,37294080,524288,268435464,0,0,0,-1321907123,1427461461
36819,Нападение на сторожевой пост Мок'гол,,17811,32523,0,-1,0,0,0,0,0,0,0,0,0,0,0,0,816,0,3,37294080,524288,268435464,0,0,0,1309324210,-1440044374
36820,Атака на Горианскую арену испытаний,,18451,31356,0,-1,0,0,0,0,0,0,0,0,0,0,0,0,816,0,3,37289984,524288,268435464,0,0,0,-1321907123,1427461461
36821,Атака на Горианскую арену испытаний,,18452,31356,0,-1,0,0,0,0,0,0,0,0,0,0,0,0,816,0,3,41484288,532480,268435464,0,0,0,1309324210,-1440044374
36822,Атака осадного лагеря Железной Орды,,19208,32515,0,-1,0,0,0,0,0,0,0,0,0,0,0,0,816,0,3,37294080,524288,268435456,0,0,0,-1321907123,1427461461
36823,Атака осадного лагеря Железной Орды,,19207,32515,0,-1,0,0,0,0,0,0,0,0,0,0,0,0,816,0,3,37294080,524288,268435464,0,0,0,1309324210,-1440044374
36826,Атака на Магнарок,,17817,32520,0,-1,0,0,0,0,0,0,0,0,0,0,0,0,816,0,3,37294080,524288,268435464,0,0,0,-1321907123,1427461461
36827,Атака на Магнарок,,17842,32520,0,-1,0,0,0,0,0,0,0,0,0,0,0,0,816,0,3,37294080,524288,268435464,0,0,0,1309324210,-1440044374
36860,Атака Затерянного Гнездовья Анзу,,17848,32527,0,-1,0,0,0,0,0,0,0,0,0,0,0,0,816,0,3,37294080,524288,268435464,0,0,0,-1,-1
36868,Ашранская битва,,17850,0,0,-1,2,0,0,0,0,0,0,0,0,0,0,0,949,0,3,37294080,0,8,36548,36666,0,1309324210,-1440044374
36869,Ашранская битва,,17850,0,0,-1,2,0,0,0,0,0,0,0,0,0,0,0,949,0,3,37294080,0,8,36536,36666,0,1309324210,-1440044374
37280,Уступ Рыколапов,,18209,0,0,-1,0,0,0,0,0,0,0,0,0,0,0,0,68,0,3,34144256,0,268435456,0,0,0,-1,-1
37421,Шахта Кууро,,18332,30845,0,-1,0,0,0,0,0,0,0,0,0,0,0,0,66,0,3,34144256,0,268435456,0,0,0,-1,-1
37422,Зангарра,,18333,30846,0,-1,0,0,0,0,0,0,0,0,0,0,0,0,66,0,3,34144256,0,268435456,0,0,0,-1,-1
37466,Разрушенная академия,,18937,32683,0,-1,0,0,0,0,0,0,0,0,0,0,0,0,990,0,3,34144256,2,268468224,0,0,0,-1,-1
37495,Налет на бухту,,18385,39582,0,-1,0,0,0,0,0,0,0,0,0,0,0,0,331,0,3,34144256,0,268435456,37538,0,0,-1,-1
37585,Штурм осадного лагеря Железной Орды,,18448,31290,0,-1,0,0,0,0,0,0,0,0,0,0,0,0,816,0,3,37289984,524288,268435464,0,0,0,-1321907123,1427461461
37622,Штурм осадного лагеря Железной Орды,,18447,31290,0,-1,0,0,0,0,0,0,0,0,0,0,0,0,816,0,3,37289984,524288,268435464,0,0,0,1309324210,-1440044374
37623,Атака на Земли Каменного Неистовства,,18446,31355,0,-1,0,0,0,0,0,0,0,0,0,0,0,0,816,0,3,41484288,524288,268435464,0,0,0,-1321907123,1427461461
37624,Атака на Земли Каменного Неистовства,,18444,31355,0,-1,0,0,0,0,0,0,0,0,0,0,0,0,816,0,3,41484288,524288,268435464,0,0,0,1309324210,-1440044374
37625,Атака на Магнарок,,18445,31354,0,-1,0,0,0,0,0,0,0,0,0,0,0,0,816,0,3,37289984,524288,268435464,0,0,0,-1321907123,1427461461
37626,Атака на Магнарок,,18443,31354,0,-1,0,0,0,0,0,0,0,0,0,0,0,0,816,0,3,37289984,524288,268435464,0,0,0,1309324210,-1440044374
37627,Атака на Разбитый берег,,18449,31357,0,-1,0,0,0,0,0,0,0,0,0,0,0,0,816,0,3,37289984,524288,268435464,0,0,0,-1321907123,1427461461
37628,Атака на Разбитый берег,,18450,31357,0,-1,0,0,0,0,0,0,0,0,0,0,0,0,816,0,3,37289984,524288,268435464,0,0,0,1309324210,-1440044374
37629,Атака на сторожевой пост Мок'гол,,18453,31385,0,-1,0,0,0,0,0,0,0,0,0,0,0,0,816,0,3,37289984,524288,268435464,0,0,0,-1321907123,1427461461
37630,Атака на сторожевой пост Мок'гол,,18454,31385,0,-1,0,0,0,0,0,0,0,0,0,0,0,0,816,0,3,37289984,524288,268435464,0,0,0,1309324210,-1440044374
37631,Атака на Плато Сокретара,,18455,31358,0,-1,0,0,0,0,0,0,0,0,0,0,0,0,816,0,3,37289984,524288,268435464,0,0,0,-1321907123,1427461461
37632,Атака на Плато Сокретара,,18456,31358,0,-1,0,0,0,0,0,0,0,0,0,0,0,0,816,0,3,37289984,524288,268435464,0,0,0,1309324210,-1440044374
37633,Атака на гнездовье Темного Прилива,,18457,31359,0,-1,0,0,0,0,0,0,0,0,0,0,0,0,816,0,3,37289984,524288,268435464,0,0,0,-1321907123,1427461461
37634,Атака на гнездовье Темного Прилива,,18458,31359,0,-1,0,0,0,0,0,0,0,0,0,0,0,0,816,0,3,37289984,524288,268435464,0,0,0,1309324210,-1440044374
37635,Атака на гавань Шаттрата,,18459,31360,0,-1,0,0,0,0,0,0,0,0,0,0,0,0,816,0,3,37289984,524288,268435464,0,0,0,-1321907123,1427461461
37636,Атака на гавань Шаттрата,,18460,31360,0,-1,0,0,0,0,0,0,0,0,0,0,0,0,816,0,3,37289984,524288,268435464,0,0,0,1309324210,-1440044374
37749,Испытания Кадгара: Железные леди,,18535,0,0,-1,0,0,0,0,0,0,0,0,0,0,0,0,816,0,3,34177024,0,268468224,0,0,0,-1,-1
37779,Уравнять шансы,,18565,32683,0,-1,0,0,0,0,0,0,0,0,0,0,0,0,990,0,3,34144256,0,268468224,0,0,0,-1,-1
37865,Атака на гавань Железной крепости,,18652,0,0,-1,2,0,0,0,0,0,0,0,0,0,0,0,816,0,3,37294080,524288,268435464,37946,36666,0,1309324210,-1440044374
37866,Атака на гавань Железной крепости,,18654,0,0,-1,2,0,0,0,0,0,0,0,0,0,0,0,816,0,3,37294080,524288,268435464,37886,36666,0,-1321907123,1427461461
37921,Зачистка доков,,18697,0,0,-1,0,0,0,0,0,0,0,0,0,0,0,0,816,0,3,37289984,524288,268435456,38253,0,0,-1321907123,1427461461
37938,Атака на руины Кра'нака,,18716,0,0,-1,2,0,0,0,0,0,0,0,0,0,0,0,816,0,3,37294080,524288,268435464,37939,36666,0,-1321907123,1427461461
37963,Лишенные искупления,,18737,65868,0,-1,0,0,0,0,0,0,0,0,0,0,0,0,331,0,3,34144256,0,268468224,0,0,0,-1,-1
37965,Испорченное вино,,18744,49271,0,-1,0,0,0,0,0,0,0,0,0,0,0,0,990,0,3,34144256,0,268468224,0,0,0,-1,-1
37966,Атака на храм Ша'наар,,18740,0,0,-1,2,0,0,0,0,0,0,0,0,0,0,0,816,0,3,37294080,524288,268435464,37967,36666,0,-1321907123,1427461461
37970,Атака на кузню Скверны,,19110,0,0,-1,2,0,0,0,0,0,0,0,0,0,0,0,816,0,3,37294080,4,268435464,38437,36666,0,1309324210,-1440044374
38009,Атака на руины Кра'нака,,18716,0,0,-1,2,0,0,0,0,0,0,0,0,0,0,0,816,0,3,37294080,524288,268435464,38010,36666,0,1309324210,-1440044374
38020,Атака на храм Ша'наар,,18740,0,0,-1,2,0,0,0,0,0,0,0,0,0,0,0,816,0,3,37294080,524288,268435464,38021,36666,0,1309324210,-1440044374
38040,Кровопускание в Кровавой Глазнице,,18801,0,0,-1,2,0,0,0,0,0,0,0,0,0,0,0,816,0,3,37294080,524288,268435464,38041,36666,0,1309324210,-1440044374
38043,Кровопускание в Кровавой Глазнице,,18804,0,0,-1,2,0,0,0,0,0,0,0,0,0,0,0,816,0,3,37294080,524288,268435464,38042,36666,0,-1321907123,1427461461
38051,Битва на Железном фронте,,18816,0,0,-1,2,0,0,0,0,0,0,0,0,0,0,0,816,0,3,37294080,524288,268435464,38039,36666,0,-1321907123,1427461461
38054,Битва на Железном фронте,,18817,0,0,-1,2,0,0,0,0,0,0,0,0,0,0,0,816,0,3,37294080,524288,268435464,38038,36666,0,1309324210,-1440044374
38204,Атака на Горианскую арену испытаний,,19251,32530,0,-1,0,0,0,0,0,0,0,0,0,0,0,0,816,0,3,37289984,524288,268435464,0,0,0,-1321907123,1427461461
38205,Атака на Горианскую арену испытаний,,19250,32530,0,-1,0,0,0,0,0,0,0,0,0,0,0,0,816,0,3,41484288,532480,268435464,0,0,0,1309324210,-1440044374
38343,Настоящий ад,,19006,0,0,-1,0,0,0,0,0,0,0,0,0,0,0,0,334,0,3,38338560,8192,268468224,38818,0,0,-1,-1
38372,Проклятые сестры,,19044,65870,0,-1,0,0,0,0,0,0,0,0,0,0,0,0,990,0,3,34144256,0,268468224,0,0,0,-1,-1
38374,Нападение на дрекирьяров,,19077,33048,0,-1,0,0,0,0,0,0,0,0,0,0,0,0,334,0,3,38338560,8192,268468224,0,0,0,-1,-1
38409,Test Bonus Objective,,19083,0,0,-1,0,0,0,0,0,0,0,0,0,0,0,0,949,0,3,38338560,139264,268468224,0,0,0,-1,-1
38439,Атака на кузню Скверны,,19114,0,0,-1,2,0,0,0,0,0,0,0,0,0,0,0,816,0,3,37294080,4,268435464,38438,36666,0,-1321907123,1427461461
38442,Достойный претендент,,19117,35357,0,-1,0,0,0,0,0,0,0,0,0,0,0,0,334,0,3,38338560,8192,268435456,0,0,0,-1,-1
38569,Зачистка доков,,18697,0,0,-1,0,0,0,0,0,0,0,0,0,0,0,0,816,0,3,37289984,0,268435456,38567,0,0,1309324210,-1440044374
38587,Атака на Трон Кил'джедена,,19269,0,0,-1,2,0,0,0,0,0,0,0,0,0,0,0,816,0,3,37294080,4,268435464,38583,36666,0,-1321907123,1427461461
38588,Атака на Трон Кил'джедена,,19270,0,0,-1,2,0,0,0,0,0,0,0,0,0,0,0,816,0,3,37294080,4,268435464,38584,36666,0,1309324210,-1440044374
38708,Очищение реки,,19388,0,0,-1,0,0,0,0,0,0,0,0,0,0,0,0,949,0,3,34144256,0,268468224,0,0,0,-1,-1
38716,Крепость Черной Ладьи,,19397,0,0,-1,0,0,0,0,0,0,0,0,0,0,0,0,332,0,3,34144256,0,268468224,38718,0,0,-1,-1
38748,Руины Шала'нира,,19435,45636,0,-1,0,0,0,0,0,0,0,0,0,0,0,0,332,0,3,34144256,0,268468224,38684,0,0,-1,-1
38842,Лесная братва,,19533,0,0,-1,0,0,0,0,0,0,0,0,0,0,0,0,990,0,3,34144256,0,268468224,0,0,0,-1,-1
38865,Битва на Железном фронте,,19560,33454,0,-1,0,0,0,0,0,0,0,0,0,0,0,0,816,0,3,37289984,524288,268435464,0,0,0,1309324210,-1440044374
38866,Битва на Железном фронте,,19560,33454,0,-1,0,0,0,0,0,0,0,0,0,0,0,0,816,0,3,37289984,524288,268435464,0,0,0,-1321907123,1427461461
38868,Атака на руины Кра'нака,,19563,33455,0,-1,0,0,0,0,0,0,0,0,0,0,0,0,816,0,3,37289984,524288,268435464,0,0,0,-1321907123,1427461461
38869,Атака на руины Кра'нака,,19563,33455,0,-1,0,0,0,0,0,0,0,0,0,0,0,0,816,0,3,37289984,524288,268435464,0,0,0,1309324210,-1440044374
38870,Кровопускание в Кровавой Глазнице,,19564,33456,0,-1,0,0,0,0,0,0,0,0,0,0,0,0,816,0,3,37289984,524288,268435464,0,0,0,-1321907123,1427461461
38871,Кровопускание в Кровавой Глазнице,,19564,33456,0,-1,0,0,0,0,0,0,0,0,0,0,0,0,816,0,3,37289984,524288,268435464,0,0,0,1309324210,-1440044374
38876,Атака на кузню Скверны,,19570,33459,0,-1,0,0,0,0,0,0,0,0,0,0,0,0,816,0,3,37289984,4,268435464,0,0,0,1309324210,-1440044374
38877,Атака на кузню Скверны,,19570,33459,0,-1,0,0,0,0,0,0,0,0,0,0,0,0,816,0,3,37289984,4,268435464,0,0,0,-1321907123,1427461461
38939,Атака на Скольд-Ашиль,,19630,0,0,-1,0,0,0,0,0,0,0,0,0,0,0,0,334,0,3,38338560,8192,268468224,39154,0,0,-1,-1
39029,Защита храма,,19736,65872,0,-1,0,0,0,0,0,0,0,0,0,0,0,0,332,0,3,34144256,0,268468224,38641,0,0,-1,-1
39119,Атака на Скольд-Ашиль,,19830,0,0,-1,0,0,0,0,0,0,0,0,0,0,0,0,334,0,3,38338560,8192,268468224,39062,0,0,-1,-1
39274,Защита речных угодий,,19932,74379,0,-1,0,0,0,0,0,0,0,0,0,0,0,0,333,0,3,34144256,0,268468224,39496,0,0,-1,-1
39279,Атака на Мардум,,19936,38205,0,2048,0,0,0,0,0,0,0,0,0,0,0,0,699,0,3,34144512,0,268468224,0,0,0,-1,-1
39317,Осада Лиховестницы,,19968,0,0,-1,0,0,0,0,0,0,0,0,0,0,0,0,333,0,3,34144256,0,268468224,38913,0,0,-1,-1
39371,Небесные ведьмы,,20018,0,0,-1,0,0,0,0,0,0,0,0,0,0,0,0,990,0,3,34144256,0,268468224,0,0,0,-1,-1
39393,Долина Лунного Когтя,,20045,39500,0,-1,0,0,0,0,0,0,0,0,0,0,0,0,332,0,3,34144256,0,268435456,38382,0,0,-1,-1
39424,Все!,,20069,47899,0,-1,0,0,0,0,0,0,0,0,0,0,18685,109,347,0,3,41484544,0,268435456,0,0,0,-1,-1
39441,Кровопускание в Кровавой Глазнице,,20103,34867,0,-1,0,0,0,0,0,0,0,0,0,0,0,0,816,0,3,37294080,524288,268435464,0,0,0,-1321907123,1427461461
39442,Кровопускание в Кровавой Глазнице,,20107,34868,0,-1,0,0,0,0,0,0,0,0,0,0,0,0,816,0,3,37294080,524288,268435464,0,0,0,1309324210,-1440044374
39443,Битва на Железном фронте,,20097,34872,0,-1,0,0,0,0,0,0,0,0,0,0,0,0,816,0,3,37294080,524288,268435464,0,0,0,-1321907123,1427461461
39444,Битва на Железном фронте,,20098,34871,0,-1,0,0,0,0,0,0,0,0,0,0,0,0,816,0,3,37294080,524288,268435464,0,0,0,1309324210,-1440044374
39445,Атака на кузню Скверны,,20105,34879,0,-1,0,0,0,0,0,0,0,0,0,0,0,0,816,0,3,37294080,4,268435464,0,0,0,-1321907123,1427461461
39446,Атака на кузню Скверны,,20099,34876,0,-1,0,0,0,0,0,0,0,0,0,0,0,0,816,0,3,37294080,4,268435464,0,0,0,1309324210,-1440044374
39447,Атака на руины Кра'нака,,20095,34873,0,-1,0,0,0,0,0,0,0,0,0,0,0,0,816,0,3,37294080,524288,268435464,0,0,0,-1321907123,1427461461
39448,Атака на руины Кра'нака,,20101,34874,0,-1,0,0,0,0,0,0,0,0,0,0,0,0,816,0,3,37294080,524288,268435464,0,0,0,1309324210,-1440044374
39449,Атака на храм Ша'наар,,20096,34878,0,-1,0,0,0,0,0,0,0,0,0,0,0,0,816,0,3,37294080,524288,268435464,0,0,0,-1321907123,1427461461
39450,Атака на храм Ша'наар,,20100,34875,0,-1,0,0,0,0,0,0,0,0,0,0,0,0,816,0,3,37294080,524288,268435464,0,0,0,1309324210,-1440044374
39451,Атака на гавань Железной крепости,,20094,34869,0,-1,0,0,0,0,0,0,0,0,0,0,0,0,816,0,3,37294080,524288,268435464,0,0,0,-1321907123,1427461461
39452,Атака на гавань Железной крепости,,20102,34870,0,-1,0,0,0,0,0,0,0,0,0,0,0,0,816,0,3,37294080,524288,268435464,0,0,0,1309324210,-1440044374
39453,Атака на Трон Кил'джедена,,20104,34880,0,-1,0,0,0,0,0,0,0,0,0,0,0,0,816,0,3,37294080,4,268435464,0,0,0,-1321907123,1427461461
39454,Атака на Трон Кил'джедена,,20106,34877,0,-1,0,0,0,0,0,0,0,0,0,0,0,0,816,0,3,37294080,4,268435464,0,0,0,1309324210,-1440044374
39462,Изначальное возмездие,,21861,47899,0,-1,0,0,0,0,0,0,0,0,0,0,18333,109,347,0,3,34144512,0,268435456,0,0,0,-1,-1
39576,Отголоски Смертокрыла,,20221,74379,0,-1,0,0,0,0,0,0,0,0,0,0,0,0,333,0,3,34144256,0,268468224,39575,0,0,-1,-1
39742,Казематы Стражей,,20386,0,0,2048,0,0,0,0,0,0,0,0,0,0,0,0,699,0,3,34144512,0,268468224,38672,0,0,-1,-1
39998,Отбросить волнскорнские силы,,20684,0,0,-1,0,0,0,0,0,0,0,0,0,0,0,0,334,0,3,38338560,8192,268468224,40002,0,0,-1,-1
40050,Бухта кораблекрушения,,20743,0,0,-1,0,0,0,0,0,0,0,0,0,0,0,0,990,0,3,34144256,0,268468224,0,0,0,-1,-1
40111,Разогнать захватчиков из племени Трюмного Плавника,,20797,0,0,-1,0,0,0,0,0,0,0,0,0,0,0,0,990,0,3,38338560,8192,268468224,0,0,0,-1,-1
40121,Влияние силовых линий,,20805,0,0,-1,0,0,0,0,0,0,0,0,0,0,0,0,335,0,3,34144256,0,268468224,0,0,0,-1,-1
40226,Остатки клана Садж'тар,,20943,0,0,-1,0,0,0,0,0,0,0,0,0,0,0,0,335,0,3,34144256,0,268468224,41000,0,0,-1,-1
40277,Ночь битвы: Тиффани Нельсон,,21007,145934,0,-1,0,0,0,0,0,0,0,0,0,0,19014,115,347,0,3,3735808,0,268435456,0,0,0,-1,-1
40278,Зверье мое,,21008,132427,0,-1,0,0,0,0,0,0,0,0,0,0,19170,115,347,0,3,3735808,0,268435456,0,0,0,-1,-1
40279,Тренировка с Дурианом,,21009,145947,0,-1,0,0,0,0,0,0,0,0,0,0,18992,115,347,0,3,3735808,0,268435456,0,0,0,-1,-1
40280,Тренировка с Бреддой,,21010,132427,0,-1,0,0,0,0,0,0,0,0,0,0,18758,115,347,0,3,3735808,0,268435456,0,0,0,-1,-1
40282,Маленький браконьер и маленькие зверушки,,21013,132427,0,-1,0,0,0,0,0,0,0,0,0,0,18844,115,347,0,3,3735808,0,268435456,0,0,0,-1,-1
40298,Ночь битвы: Сэр Гальвстон,,21031,145934,0,-1,0,0,0,0,0,0,0,0,0,0,19015,115,347,0,3,3735808,0,268435456,0,0,0,-1,-1
40299,Ночь битвы: Бодхи Насылающий Волны,,21032,145934,0,-1,0,0,0,0,0,0,0,0,0,0,19016,115,347,0,3,3735808,0,268435456,0,0,0,-1,-1
40316,Визжащий утес,,21055,0,0,-1,0,0,0,0,0,0,0,0,0,0,0,0,990,0,3,37289984,0,268468224,0,0,0,-1,-1
40337,В замешательстве,,21090,145934,0,-1,0,0,0,0,0,0,0,0,0,0,19220,115,335,0,3,3735808,0,268435456,0,0,0,-1,-1
40390,Священная земля,,21145,47602,0,2,0,0,0,0,0,0,0,0,0,0,21313,135,336,0,3,37290240,0,268435456,0,0,0,-1,-1
40850,Пленники Серого Камня,,21692,47899,0,-1,0,0,0,0,0,0,0,0,0,0,18835,109,347,0,3,37290240,0,268435456,0,0,0,-1,-1
40895,Топь призраков,,21746,47899,0,-1,0,0,0,0,0,0,0,0,0,0,18254,109,347,0,3,34144512,0,268435456,0,0,0,-1,-1
40896,Погребальная песнь вождей,,21747,47899,0,-1,0,0,0,0,0,0,0,0,0,0,18259,109,347,0,3,37290240,0,268435456,0,0,0,-1,-1
40920,Добыча камнемага,,26247,47899,0,-1,0,0,0,0,0,0,0,0,0,0,18828,109,347,0,3,37290240,0,268435456,39027,0,0,-1,-1
40925,Ограбление камнегрызов,,21791,47899,0,-1,0,0,0,0,0,0,0,0,0,0,18834,109,347,0,3,41484544,8192,268435456,39027,0,0,-1,-1
40951,Базар камнегрызов,,21829,47899,0,-1,0,0,0,0,0,0,0,0,0,0,18829,109,347,0,3,41484544,8192,268435456,39027,0,0,-1,-1
40966,Ритуалисты среди нас,,22074,47899,0,-1,0,0,0,0,0,0,0,0,0,0,18647,109,347,0,3,37290240,0,268435456,0,0,0,-1,-1
40978,Озорные медведи,,21863,47899,0,-1,0,0,0,0,0,0,0,0,0,0,18623,109,347,0,3,37290240,0,268435456,0,0,0,-1,-1
40980,Чума плешивых,,21864,47899,0,-1,0,0,0,0,0,0,0,0,0,0,18624,109,347,0,3,37290240,0,268435456,0,0,0,-1,-1
40984,Вторжение мраководных наг: Крутогорье,,21891,47899,0,-1,0,0,0,0,0,0,0,0,0,0,18841,109,347,0,3,37290240,0,268435456,0,0,0,-1,-1
40985,Вторжение наг из клана Морозной Чешуи: Крутогорье,,21892,47899,0,-1,0,0,0,0,0,0,0,0,0,0,20815,109,347,0,3,37290240,0,268435456,0,0,0,-1,-1
41011,Ритуалы мрачноземов,,21850,47899,0,-1,0,0,0,0,0,0,0,0,0,0,18649,109,347,0,3,37290240,0,268435456,0,0,0,-1,-1
41013,Арена темнобрулов,,23463,143217,0,-1,0,0,0,0,0,0,0,0,0,0,18196,113,347,0,3,3735808,0,268435456,0,0,0,-1,-1
41014,Дорога ярости,,26248,47899,0,-1,0,0,0,0,0,0,0,0,0,0,18648,109,347,0,3,41615616,8192,268435456,0,0,0,-1,-1
41024,Заупокойная мертвых,,21901,47899,0,-1,0,0,0,0,0,0,0,0,0,0,18260,109,347,0,3,37290240,0,268435456,0,0,0,-1,-1
41025,Воскрешение павших,,21902,47899,0,-1,0,0,0,0,0,0,0,0,0,0,18261,109,347,0,3,37290240,0,268435456,0,0,0,-1,-1
41026,"Назад, во тьму",,21904,47899,0,-1,0,0,0,0,0,0,0,0,0,0,18262,109,347,0,3,37290240,0,268435456,0,0,0,-1,-1
41055,Изначальное возмездие,,21947,47899,0,-1,0,0,0,0,0,0,0,0,0,0,18334,109,347,0,3,34144512,0,268435456,0,0,0,-1,-1
41057,Изначальное возмездие,,21951,47899,0,-1,0,0,0,0,0,0,0,0,0,0,18335,109,347,0,3,34144512,0,268435456,0,0,0,-1,-1
41076,Испытание боеприпасов,,21967,47899,0,-1,0,0,0,0,0,0,0,0,0,0,18635,109,347,0,3,36241664,16384,268435456,0,0,0,-1,-1
41077,Испытание боеприпасов,,21968,47899,0,-1,0,0,0,0,0,0,0,0,0,0,18636,109,347,0,3,36241664,16384,268435456,0,0,0,-1,-1
41078,Испытание боеприпасов,,21969,47899,0,-1,0,0,0,0,0,0,0,0,0,0,18637,109,347,0,3,36241664,0,268435456,0,0,0,-1,-1
41089,Повелитель холмов,,21987,47899,0,-1,0,0,0,0,0,0,0,0,0,0,18201,136,347,0,3,3735808,0,268435456,0,0,0,-1,-1
41090,Повелитель холмов,,21986,47899,0,-1,0,0,0,0,0,0,0,0,0,0,18202,136,347,0,3,3735808,0,268435456,0,0,0,-1,-1
41091,Повелитель холмов,,21988,47899,0,-1,0,0,0,0,0,0,0,0,0,0,18203,136,347,0,3,3735808,0,268435456,0,0,0,-1,-1
41093,ОЧЕНЬ ОПАСЕН: Дургут,,22136,47899,0,-1,0,0,0,0,0,0,0,0,0,0,18213,136,347,0,3,3735872,0,268435456,0,0,0,-1,-1
41095,Самый важный урожай,,21997,47899,0,-1,0,0,0,0,0,0,0,0,0,0,18913,109,347,0,3,7930112,0,268435456,0,0,0,-1,-1
41122,Да заберут тебя туманы,,22021,47899,0,-1,0,0,0,0,0,0,0,0,0,0,18927,109,347,0,3,37290240,0,268435456,0,0,0,-1,-1
41127,Нашествие свинорылов,,22068,47899,0,-1,0,0,0,0,0,0,0,0,0,0,18929,109,347,0,3,37290240,0,268435456,0,0,0,-1,-1
41130,Не бойся плакальщика,,22033,47899,0,-1,0,0,0,0,0,0,0,0,0,0,18255,109,347,0,3,34144512,0,268435456,0,0,0,-1,-1
41144,Возвращение к реке,,22057,47899,0,-1,0,0,0,0,0,0,0,0,0,0,18330,109,347,0,3,37290240,8192,268435456,0,0,0,-1,-1
41145,Живая вода,,22058,47899,0,-1,0,0,0,0,0,0,0,0,0,0,18331,109,347,0,3,37290240,0,268435456,0,0,0,-1,-1
41196,Василиски силового камня,,22118,47899,0,-1,0,0,0,0,0,2566,25,0,0,0,18225,120,347,0,3,34144576,0,268435456,0,0,0,-1,-1
41198,Василиски силового камня,,22120,47899,0,-1,0,0,0,0,0,2566,25,0,0,0,18226,120,347,0,3,34144576,0,268435456,0,0,0,-1,-1
41199,Силовые грохотуны,,22122,47899,0,-1,0,0,0,0,0,2566,25,0,0,0,18227,120,347,0,3,34144576,0,268435456,0,0,0,-1,-1
41200,Обнажение пласта шершавого силового камня,,22121,47899,0,-1,0,0,0,0,0,2566,25,0,0,0,18228,120,347,0,3,34144576,0,268435456,0,0,0,-1,-1
41201,Обнажение пласта грубого силового камня,,22123,47899,0,-1,0,0,0,0,0,2566,25,0,0,0,18229,120,347,0,3,34144576,0,268435456,0,0,0,-1,-1
41202,Пласты сырого силового камня,,22124,47899,0,-1,0,0,0,0,0,2566,25,0,0,0,18230,120,347,0,3,34144576,0,268435456,0,0,0,-1,-1
41203,Залежи яркого силового камня,,22125,47899,0,-1,0,0,0,0,0,2566,25,0,0,0,18231,120,347,0,3,34144576,0,268435456,0,0,0,-1,-1
41204,Залежи твердого силового камня,,22126,47899,0,-1,0,0,0,0,0,2566,25,0,0,0,18232,120,347,0,3,34144576,0,268435456,0,0,0,-1,-1
41205,Залежи теплого силового камня,,22127,47899,0,-1,0,0,0,0,0,2566,25,0,0,0,18233,120,347,0,3,34144576,0,268435456,0,0,0,-1,-1
41206,Заказ: силовой камень,,22128,47899,0,-1,0,0,0,0,0,2566,25,0,0,0,18234,120,347,0,3,524608,0,268435456,0,0,0,-1,-1
41207,Требуются припасы: силовой камень,,22129,143217,0,-1,0,0,0,0,0,0,0,0,0,0,18235,109,347,0,3,524608,0,268435456,0,0,0,-1,-1
41208,Серный разрушитель,,22130,47899,0,-1,0,0,0,0,0,2566,25,0,0,0,18236,120,347,0,3,34144576,0,268435456,0,0,0,-1,-1
41209,Серный разрушитель,,22131,47899,0,-1,0,0,0,0,0,2566,25,0,0,0,18237,120,347,0,3,34144576,0,268435456,0,0,0,-1,-1
41210,Серный разрушитель,,22132,47899,0,-1,0,0,0,0,0,2566,25,0,0,0,18238,120,347,0,3,34144576,0,268435456,0,0,0,-1,-1
41211,Логово Нелтариона: сокровище Нелтариона,,22912,42902,0,-1,0,0,0,0,0,0,0,0,0,0,18839,137,347,0,3,35193152,0,268435458,0,0,0,-1,-1
41219,Цветущий лисоцвет,,22147,47899,0,-1,0,0,0,0,0,2550,25,0,0,0,18251,119,347,0,3,34144576,0,268435456,0,0,0,-1,-1
41223,Заказ: лисоцвет,,22151,47899,0,-1,0,0,0,0,0,2550,25,0,0,0,18266,119,347,0,3,524608,0,268435456,0,0,0,-1,-1
41224,Требуются припасы: лисоцвет,,22152,143217,0,-1,0,0,0,0,0,0,0,0,0,0,18267,109,347,0,3,524608,0,268435456,0,0,0,-1,-1
41225,Зверобой Скверны,,22153,47899,0,-1,0,0,0,0,0,2550,25,0,0,0,18268,119,347,0,3,34144576,0,268435456,0,0,0,-1,-1
41227,Штурм Сторожевой башни: вершина Корданы,,24888,143217,0,-1,0,0,0,0,0,0,0,0,0,0,18272,113,347,0,3,37290240,0,268435456,0,0,0,1309324210,-1440044374
41228,Поросль лисоцвета,,22156,47899,0,-1,0,0,0,0,0,2550,25,0,0,0,18269,119,347,0,3,34144576,0,268435456,0,0,0,-1,-1
41232,Толстая шкура железнорогого лося,,22162,47899,0,-1,0,0,0,0,0,2558,25,0,0,0,18278,124,347,0,3,34144576,0,268435456,0,0,0,-1,-1
41233,Щетинистая медвежья шкура,,22163,47899,0,-1,0,0,0,0,0,2558,25,0,0,0,18279,124,347,0,3,34144576,0,268435456,0,0,0,-1,-1
41234,Косматая шкура саблезуба,,22164,47899,0,-1,0,0,0,0,0,2558,25,0,0,0,18280,124,347,0,3,34144576,0,268435456,0,0,0,-1,-1
41235,Заказ: твердокаменная кожа,,22165,47899,0,-1,0,0,0,0,0,2558,25,0,0,0,18281,124,347,0,3,524608,0,268435456,0,0,0,-1,-1
41236,Где наше вино?,,22168,0,0,-1,0,0,0,0,0,0,0,0,0,0,18626,0,347,0,3,34144512,0,268435456,41559,0,0,-1,-1
41237,Требуются припасы: твердокаменная кожа,,22166,143217,0,-1,0,0,0,0,0,0,0,0,0,0,18282,109,347,0,3,524608,0,268435456,0,0,0,-1,-1
41238,Окаменевшие чешуйки червя,,22167,47899,0,-1,0,0,0,0,0,2558,25,0,0,0,18283,124,347,0,3,34144576,0,268435456,0,0,0,-1,-1
41239,Пропитанная Скверной шкура,,22169,47899,0,-1,0,0,0,0,0,2558,25,0,0,0,18284,124,347,0,3,34144576,0,268435456,0,0,0,-1,-1
41240,Заказ: лосось Крутогорья,,22170,47899,0,-1,0,0,0,0,0,356,75,0,0,0,18285,130,347,0,3,524608,0,268435456,0,0,0,-1,-1
41242,Кусок бекона,,22172,47899,0,-1,0,0,0,0,0,2542,25,0,0,0,18288,131,347,0,3,34144576,0,268435456,0,0,0,-1,-1
41243,Огромный лосось Крутогорья,,22173,47899,0,-1,0,0,0,0,0,356,75,0,0,0,18300,130,347,0,3,34144576,0,268435456,0,0,0,-1,-1
41244,Энергичный лосось Крутогорья,,22174,47899,0,-1,0,0,0,0,0,356,75,0,0,0,18301,130,347,0,3,34144576,0,268435456,0,0,0,-1,-1
41252,Дикая северная барракуда,,22182,47899,0,-1,0,0,0,0,0,356,75,0,0,0,18305,130,347,0,3,34144576,0,268435456,0,0,0,-1,-1
41253,Идущий на нерест лосось Крутогорья,,22183,47899,0,-1,0,0,0,0,0,356,75,0,0,0,18328,130,347,0,3,34144576,0,268435456,0,0,0,-1,-1
41257,Штурм Сторожевой башни: вершина Корданы,,22155,143217,0,-1,0,0,0,0,0,0,0,0,0,0,18430,113,347,0,3,37290240,0,268435456,0,0,0,-1321907123,1427461461
41259,Кусок бекона,,22209,47901,0,-1,0,0,0,0,0,2542,25,0,0,0,18336,131,347,0,3,34144576,0,268435456,0,0,0,-1,-1
41260,Кусок бекона,,22210,47895,0,-1,0,0,0,0,0,2542,25,0,0,0,18337,131,347,0,3,34144576,0,268435456,0,0,0,-1,-1
41261,Кусок бекона,,26359,47897,0,-1,0,0,0,0,0,2542,25,0,0,0,18338,131,347,0,3,34144576,0,268435456,0,0,0,-1,-1
41262,Кусок бекона,,22212,38948,0,-1,0,0,0,0,0,2542,25,0,0,0,18339,131,335,0,3,34144576,0,268435456,0,0,0,-1,-1
41264,Энергичная проклятая ставрида,,22214,47901,0,-1,0,0,0,0,0,356,75,0,0,0,18340,130,347,0,3,34144576,0,268435456,0,0,0,-1,-1
41265,Огромная проклятая ставрида,,22215,47901,0,-1,0,0,0,0,0,356,75,0,0,0,18341,130,347,0,3,34144576,0,268435456,0,0,0,-1,-1
41266,Рыбная ловля на плоту,,22216,47901,0,-1,0,0,0,0,0,356,75,0,0,0,18342,130,347,0,3,34144576,0,268435456,0,0,0,-1,-1
41267,Заказ: проклятая ставрида,,22217,47901,0,-1,0,0,0,0,0,356,75,0,0,0,18343,130,347,0,3,524608,16384,268435456,0,0,0,-1,-1
41268,Королева ставрид,,22218,47901,0,-1,0,0,0,0,0,356,75,0,0,0,18344,130,347,0,3,34144576,0,268435456,0,0,0,-1,-1
41269,Энергичный мохножабрый окунь,,22219,47895,0,-1,0,0,0,0,0,356,75,0,0,0,18345,130,347,0,3,34144576,0,268435456,0,0,0,-1,-1
41270,Огромный мохножабрый окунь,,22220,47895,0,-1,0,0,0,0,0,356,75,0,0,0,18346,130,347,0,3,34144576,0,268435456,0,0,0,-1,-1
41271,Погружение в Водоворот,,22221,47895,0,-1,0,0,0,0,0,356,75,0,0,0,18347,130,347,0,3,34144576,0,268435456,0,0,0,-1,-1
41272,Заказ: мохножабрый окунь,,22222,47895,0,-1,0,0,0,0,0,356,75,0,0,0,18348,130,347,0,3,524608,0,268435456,0,0,0,-1,-1
41273,Рыбалка с поплавком,,22223,47895,0,-1,0,0,0,0,0,356,75,0,0,0,18349,130,347,0,3,34275648,0,268435456,0,0,0,-1,-1
41274,Энергичный штормовой скат,,22224,47897,0,-1,0,0,0,0,0,356,75,0,0,0,18350,130,347,0,3,34144576,0,268435456,0,0,0,-1,-1
41275,Огромный штормовой скат,,22225,47897,0,-1,0,0,0,0,0,356,75,0,0,0,18351,130,347,0,3,34144576,0,268435456,0,0,0,-1,-1
41276,Рыбная ловля в реактивных сапогах,,22226,47897,0,-1,0,0,0,0,0,356,75,0,0,0,18352,130,347,0,3,34144576,0,268435456,0,0,0,-1,-1
41277,Заказ: штормовой скат,,22227,47897,0,-1,0,0,0,0,0,356,75,0,0,0,18353,130,347,0,3,524608,0,268435456,0,0,0,-1,-1
41278,Скользкие штормовые скаты,,22228,47897,0,-1,0,0,0,0,0,356,75,0,0,0,18354,130,347,0,3,1769792,8192,268435456,0,0,0,-1,-1
41279,Энергичный руночешуйный кои,,22229,38948,0,-1,0,0,0,0,0,356,75,0,0,0,18355,130,335,0,3,34144576,0,268435456,0,0,0,-1,-1
41280,Огромный руночешуйный кои,,22230,38948,0,-1,0,0,0,0,0,356,75,0,0,0,18356,130,335,0,3,34144576,0,268435456,0,0,0,-1,-1
41282,Заказ: руночешуйный кои,,22232,45166,0,-1,0,0,0,0,0,356,75,0,0,0,18358,130,335,0,3,524608,0,268435456,0,0,0,-1,-1
41283,Гроза рыболовов,,22233,38948,0,-1,0,0,0,0,0,356,75,0,0,0,18359,130,335,0,3,34144576,0,268435456,0,0,0,-1,-1
41286,Поросль айтрила,,22236,47901,0,-1,0,0,0,0,0,2550,25,0,0,0,18371,119,347,0,3,34144576,0,268435456,0,0,0,-1,-1
41287,Заказ: айтрил,,22237,47901,0,-1,0,0,0,0,0,2550,25,0,0,0,18372,119,347,0,3,524608,0,268435456,0,0,0,-1,-1
41288,Требуются припасы: айтрил,,22238,143777,0,-1,0,0,0,0,0,0,0,0,0,0,18373,109,347,0,3,524608,0,268435456,0,0,0,-1,-1
41289,Цветущий айтрил,,22239,47901,0,-1,0,0,0,0,0,2550,25,0,0,0,18374,119,347,0,3,34144576,0,268435456,0,0,0,-1,-1
41290,Водяной айтрил,,22240,47901,0,-1,0,0,0,0,0,2550,25,0,0,0,18375,119,347,0,3,34144576,0,268435456,0,0,0,-1,-1
41291,Поросль грезолиста,,22241,47895,0,-1,0,0,0,0,0,2550,25,0,0,0,18376,119,347,0,3,34144576,0,268435456,0,0,0,-1,-1
41292,Заказ: грезолист,,22242,47895,0,-1,0,0,0,0,0,2550,25,0,0,0,18377,119,347,0,3,524608,0,268435456,0,0,0,-1,-1
41293,Требуются припасы: грезолист,,22243,143219,0,-1,0,0,0,0,0,0,0,0,0,0,18378,109,347,0,3,524608,0,268435456,0,0,0,-1,-1
41294,Цветущий грезолист,,22244,47895,0,-1,0,0,0,0,0,2550,25,0,0,0,18379,119,347,0,3,34144576,0,268435456,0,0,0,-1,-1
41295,Усеянный грезолистами Древний,,22245,47895,0,-1,0,0,0,0,0,2550,25,0,0,0,18380,119,347,0,3,34144576,0,268435456,0,0,0,-1,-1
41296,Поросль фьярнскаггла,,22246,47897,0,-1,0,0,0,0,0,2550,25,0,0,0,18381,119,347,0,3,34144576,0,268435456,0,0,0,-1,-1
41297,Заказ: фьярнскаггл,,22247,47897,0,-1,0,0,0,0,0,2550,25,0,0,0,18382,119,347,0,3,524608,0,268435456,0,0,0,-1,-1
41298,Требуются припасы: фьярнскаггл,,22248,143218,0,-1,0,0,0,0,0,0,0,0,0,0,18383,109,347,0,3,524608,0,268435456,0,0,0,-1,-1
41299,Цветущий фьярнскаггл,,22249,47897,0,-1,0,0,0,0,0,2550,25,0,0,0,18384,119,347,0,3,34144576,0,268435456,0,0,0,-1,-1
41300,Опаленный фьярнскаггл,,22250,47897,0,-1,0,0,0,0,0,2550,25,0,0,0,18385,119,347,0,3,34144576,0,268435456,0,0,0,-1,-1
41301,Пучок звездной розы,,22251,38948,0,-1,0,0,0,0,0,2550,25,0,0,0,18386,119,335,0,3,34144576,0,268435456,0,0,0,-1,-1
41302,Заказ: звездная роза,,22252,45166,0,-1,0,0,0,0,0,2550,25,0,0,0,18387,119,335,0,3,524608,0,268435456,0,0,0,-1,-1
41303,Требуются припасы: звездные розы,,22253,45166,0,-1,0,0,0,0,0,0,0,0,0,0,18388,109,335,0,3,524608,0,268435456,0,0,0,-1,-1
41304,Цветущая звездная роза,,22254,38948,0,-1,0,0,0,0,0,2550,25,0,0,0,18389,119,335,0,3,34144576,0,268435456,0,0,0,-1,-1
41305,Ночнорожденный - торговец травами,,22255,38948,0,-1,0,0,0,0,0,2550,25,0,0,0,18390,119,335,0,3,34144576,0,268435456,0,0,0,-1,-1
41308,Приграничное подкрепление,,22262,38948,0,-1,0,0,0,0,0,0,0,0,0,0,18392,109,347,0,3,37290240,0,268435456,0,0,0,-1,-1
41311,Заказ: силовой камень,,22267,47901,0,-1,0,0,0,0,0,2566,25,0,0,0,18391,120,347,0,3,524608,0,268435456,0,0,0,-1,-1
41312,Заказ: силовой камень,,22268,47895,0,-1,0,0,0,0,0,2566,25,0,0,0,18393,120,347,0,3,524608,0,268435456,0,0,0,-1,-1
41313,Заказ: силовой камень,,22269,47897,0,-1,0,0,0,0,0,2566,25,0,0,0,18394,120,347,0,3,524608,0,268435456,0,0,0,-1,-1
41314,Заказ: сланец Скверны,,22270,45166,0,-1,0,0,0,0,0,2566,25,0,0,0,18395,120,335,0,3,524608,0,268435456,0,0,0,-1,-1
41315,Требуются припасы: силовой камень,,22271,143777,0,-1,0,0,0,0,0,0,0,0,0,0,18396,109,347,0,3,524608,0,268435456,0,0,0,-1,-1
41316,Требуются припасы: силовой камень,,22272,143219,0,-1,0,0,0,0,0,0,0,0,0,0,18397,109,347,0,3,524608,0,268435456,0,0,0,-1,-1
41317,Требуются припасы: силовой камень,,22273,143218,0,-1,0,0,0,0,0,0,0,0,0,0,18398,109,347,0,3,524608,0,268435456,0,0,0,-1,-1
41318,Требуются припасы: сланец Скверны,,22274,45166,0,-1,0,0,0,0,0,0,0,0,0,0,18399,109,335,0,3,524608,0,268435456,0,0,0,-1,-1
41322,Непоцарапанная чешуйка гиппогрифа,,22278,47901,0,-1,0,0,0,0,0,2558,25,0,0,0,18401,124,347,0,3,34144576,0,268435456,0,0,0,-1,-1
41323,Шкура жирного тюлева,,22279,47901,0,-1,0,0,0,0,0,2558,25,0,0,0,18402,124,347,0,3,34144576,0,268435456,0,0,0,-1,-1
41324,Шелковистый мех хищника,,22280,47901,0,-1,0,0,0,0,0,2558,25,0,0,0,18403,124,347,0,3,34144576,0,268435456,0,0,0,-1,-1
41326,Заказ: штормовая чешуя,,22284,47901,0,-1,0,0,0,0,0,2558,25,0,0,0,18405,124,347,0,3,524608,0,268435456,0,0,0,-1,-1
41327,Требуются припасы: штормовая чешуя,,22285,143777,0,-1,0,0,0,0,0,0,0,0,0,0,18406,109,347,0,3,524608,0,268435456,0,0,0,-1,-1
41333,Грубая волчья шкура,,22293,47895,0,-1,0,0,0,0,0,2558,25,0,0,0,18407,124,347,0,3,34144576,0,268435456,0,0,0,-1,-1
41334,Пахнущая мускусом медвежья шкура,,22291,47895,0,-1,0,0,0,0,0,2558,25,0,0,0,18408,124,347,0,3,34144576,0,268435456,0,0,0,-1,-1
41336,Щетинистая шкура мускена,,22292,47897,0,-1,0,0,0,0,0,2558,25,0,0,0,18409,124,347,0,3,34144576,0,268435456,0,0,0,-1,-1
41337,Нетронутая шкура оленя,,22294,47895,0,-1,0,0,0,0,0,2558,25,0,0,0,18410,124,347,0,3,34144576,0,268435456,0,0,0,-1,-1
41338,Заказ: твердокаменная кожа,,22295,47895,0,-1,0,0,0,0,0,2558,25,0,0,0,18411,124,347,0,3,524608,0,268435456,0,0,0,-1,-1
41339,Требуются припасы: твердокаменная кожа,,22296,143219,0,-1,0,0,0,0,0,0,0,0,0,0,18412,109,347,0,3,524608,0,268435456,0,0,0,-1,-1
41340,Идеальная чешуйка штормового дракона,,22297,47897,0,-1,0,0,0,0,0,2558,25,0,0,0,18413,124,347,0,3,34144576,0,268435456,0,0,0,-1,-1
41342,Толстая медвежья шкура,,22299,47897,0,-1,0,0,0,0,0,2558,25,0,0,0,18415,124,347,0,3,34144576,0,268435456,0,0,0,-1,-1
41343,Прочный осколок крабьего панциря,,22300,47897,0,-1,0,0,0,0,0,2558,25,0,0,0,18416,124,347,0,3,34144576,0,268435456,0,0,0,-1,-1
41344,Заказ: штормовая чешуя,,22301,47897,0,-1,0,0,0,0,0,2558,25,0,0,0,18417,124,347,0,3,524608,0,268435456,0,0,0,-1,-1
41345,Требуются припасы: штормовая чешуя,,22302,143218,0,-1,0,0,0,0,0,0,0,0,0,0,18418,109,347,0,3,524608,0,268435456,0,0,0,-1,-1
41346,Бархатная шкура ловчего,,22303,38948,0,-1,0,0,0,0,0,2558,25,0,0,0,18419,124,335,0,3,34144576,0,268435456,0,0,0,-1,-1
41347,Невероятно вонючая шкура гончей Скверны,,22304,38948,0,-1,0,0,0,0,0,2558,25,0,0,0,18420,124,335,0,3,34144576,0,268435456,0,0,0,-1,-1
41349,Каменный хитин краба,,22306,38948,0,-1,0,0,0,0,0,2558,25,0,0,0,18422,124,335,0,3,34144576,0,268435456,0,0,0,-1,-1
41350,Заказ: твердокаменная кожа,,22307,45166,0,-1,0,0,0,0,0,2558,25,0,0,0,18423,124,335,0,3,524608,0,268435456,0,0,0,-1,-1
41351,Требуются припасы: твердокаменная кожа,,22308,45166,0,-1,0,0,0,0,0,0,0,0,0,0,18424,109,335,0,3,524608,0,268435456,0,0,0,-1,-1
41352,Василиски сланца Скверны,,22309,38948,0,-1,0,0,0,0,0,2566,25,0,0,0,18425,120,335,0,3,34144576,0,268435456,0,0,0,-1,-1
41353,Обнажение пласта отвратительного сланца Скверны,,22310,38948,0,-1,0,0,0,0,0,2566,25,0,0,0,18427,120,335,0,3,34144576,0,268435456,0,0,0,-1,-1
41354,Пласты расколотого сланца Скверны,,22311,38948,0,-1,0,0,0,0,0,2566,25,0,0,0,18428,120,335,0,3,34144576,0,268435456,0,0,0,-1,-1
41357,Залежи первобытного сланца Скверны,,22312,38948,0,-1,0,0,0,0,0,2566,25,0,0,0,18429,120,335,0,3,34144576,0,268435456,0,0,0,-1,-1
41414,Оружие Смертокрыла,,26234,47899,0,-1,0,0,0,0,0,0,0,0,0,0,18426,109,347,0,3,37290240,0,268435456,0,0,0,-1,-1
41416,Возвращение Небесного Рога,,22384,47899,0,-1,0,0,0,0,0,0,0,0,0,0,18631,109,347,0,3,37290240,0,268435456,0,0,0,-1,-1
41417,Jeremy's Test Criteria-Based Progress Bar,,22382,0,0,-1,0,0,0,0,0,0,0,0,0,0,18632,0,333,0,3,589824,131072,268435456,0,0,0,-1,-1
41420,Штурм Сторожевой башни: вершина ночного стража,,22392,143217,0,-1,0,0,0,0,0,0,0,0,0,0,18430,113,347,0,3,37290240,0,268435456,0,0,0,1309324210,-1440044374
41421,Штурм Сторожевой башни: вершина ночного стража,,24887,143217,0,-1,0,0,0,0,0,0,0,0,0,0,18272,113,347,0,3,37290240,0,268435456,0,0,0,-1321907123,1427461461
41427,Нагакрушение,,22411,47897,0,-1,0,0,0,0,0,0,0,0,0,0,18656,109,347,0,3,37290240,0,268435456,0,0,0,-1,-1
41428,Неустойчивый портал,,22401,47899,0,-1,0,0,0,0,0,0,0,0,0,0,18686,109,347,0,3,41484544,0,268435456,0,0,0,-1,-1
41432,Залежи пылающего силового камня,,22413,47899,0,-1,0,0,0,0,0,2566,25,0,0,0,18658,120,347,0,3,34144576,0,268435456,0,0,0,-1,-1
41433,Огромные залежи силового камня,,22414,47899,0,-1,0,0,0,0,0,2566,25,0,0,0,18659,120,347,0,3,34144576,0,268435456,0,0,0,-1,-1
41434,Залежи светящегося силового камня,,22415,47901,0,-1,0,0,0,0,0,2566,25,0,0,0,18660,120,347,0,3,34144576,0,268435456,0,0,0,-1,-1
41435,Залежи мягкого силового камня,,22416,47901,0,-1,0,0,0,0,0,2566,25,0,0,0,18661,120,347,0,3,34144576,0,268435456,0,0,0,-1,-1
41437,Залежи мелкозернистого силового камня,,22417,47901,0,-1,0,0,0,0,0,2566,25,0,0,0,18662,120,347,0,3,34144576,0,268435456,0,0,0,-1,-1
41438,Залежи заряженного силового камня,,22418,47901,0,-1,0,0,0,0,0,2566,25,0,0,0,18663,120,347,0,3,34144576,0,268435456,0,0,0,-1,-1
41439,Залежи исключительного силового камня,,22419,47895,0,-1,0,0,0,0,0,2566,25,0,0,0,18664,120,347,0,3,34144576,0,268435456,0,0,0,-1,-1
41440,Залежи великолепного силового камня,,22420,47895,0,-1,0,0,0,0,0,2566,25,0,0,0,18665,120,347,0,3,34144576,0,268435456,0,0,0,-1,-1
41441,Залежи превосходного силового камня,,22422,47895,0,-1,0,0,0,0,0,2566,25,0,0,0,18666,120,347,0,3,34144576,0,268435456,0,0,0,-1,-1
41442,Залежи поразительного силового камня,,22423,47897,0,-1,0,0,0,0,0,2566,25,0,0,0,18667,120,347,0,3,34144576,0,268435456,0,0,0,-1,-1
41443,Залежи древнего силового камня,,22424,47897,0,-1,0,0,0,0,0,2566,25,0,0,0,18668,120,347,0,3,34144576,0,268435456,0,0,0,-1,-1
41444,Залежи темного силового камня,,22425,47897,0,-1,0,0,0,0,0,2566,25,0,0,0,18669,120,347,0,3,34144576,0,268435456,0,0,0,-1,-1
41445,Залежи грозового силового камня,,22426,47897,0,-1,0,0,0,0,0,2566,25,0,0,0,18670,120,347,0,3,34144576,0,268435456,0,0,0,-1,-1
41446,Залежи потемневшего сланца Скверны,,22427,38948,0,-1,0,0,0,0,0,2566,25,0,0,0,18671,120,335,0,3,34144576,0,268435456,0,0,0,-1,-1
41447,Залежи горючего сланца Скверны,,22428,38948,0,-1,0,0,0,0,0,2566,25,0,0,0,18672,120,335,0,3,34144576,0,268435456,0,0,0,-1,-1
41448,Залежи тяжелого сланца Скверны,,22429,38948,0,-1,0,0,0,0,0,2566,25,0,0,0,18673,120,335,0,3,34144576,0,268435456,0,0,0,-1,-1
41451,Атака на Хридшал,,22446,47897,0,-1,0,0,0,0,0,0,0,0,0,0,18674,109,347,0,3,41484544,0,268435456,0,0,0,-1,-1
41454,Обнажение пласта сияющего силового камня,,22670,47901,0,-1,0,0,0,0,0,2566,25,0,0,0,18678,120,347,0,3,34144576,0,268435456,0,0,0,-1,-1
41455,Обнажение пласта блестящего силового камня,,22440,47901,0,-1,0,0,0,0,0,2566,25,0,0,0,18679,120,347,0,3,34144576,0,268435456,0,0,0,-1,-1
41457,Обнажение пласта лучистого силового камня,,22442,47895,0,-1,0,0,0,0,0,2566,25,0,0,0,18680,120,347,0,3,34144576,0,268435456,0,0,0,-1,-1
41458,Обнажение пласта закаленного силового камня,,22443,47895,0,-1,0,0,0,0,0,2566,25,0,0,0,18681,120,347,0,3,34144576,0,268435456,0,0,0,-1,-1
41459,Обнажение пласта плотного силового камня,,22444,47897,0,-1,0,0,0,0,0,2566,25,0,0,0,18682,120,347,0,3,34144576,0,268435456,0,0,0,-1,-1
41460,Обнажение пласта изначального силового камня,,22445,47897,0,-1,0,0,0,0,0,2566,25,0,0,0,18683,120,347,0,3,38338880,0,268435456,0,0,0,-1,-1
41461,Обнажение пласта зловредного сланца Скверны,,22447,38948,0,-1,0,0,0,0,0,2566,25,0,0,0,18684,120,335,0,3,34144576,0,268435456,0,0,0,-1,-1
41464,"Не здесь, не сейчас, никогда",,22450,0,0,-1,0,0,0,0,0,0,0,0,0,0,0,0,335,0,2,37879816,0,268435968,41463,0,0,-1,-1
41467,Единственный возможный выбор,,22453,0,0,-1,0,0,0,0,0,0,0,0,0,135534,0,0,335,0,2,33685512,0,268435968,41464,0,0,-1,-1
41481,Серный разрушитель,,22464,47901,0,-1,0,0,0,0,0,2566,25,0,0,0,18688,120,347,0,3,34144576,0,268435456,0,0,0,-1,-1
41482,Серный разрушитель,,22465,47901,0,-1,0,0,0,0,0,2566,25,0,0,0,18689,120,347,0,3,34144576,0,268435456,0,0,0,-1,-1
41483,Серный разрушитель,,22466,47901,0,-1,0,0,0,0,0,2566,25,0,0,0,18690,120,347,0,3,34144576,0,268435456,0,0,0,-1,-1
41484,Серный разрушитель,,22468,47895,0,-1,0,0,0,0,0,2566,25,0,0,0,18691,120,347,0,3,34144576,0,268435456,0,0,0,-1,-1
41486,Серный разрушитель,,22469,47895,0,-1,0,0,0,0,0,2566,25,0,0,0,18692,120,347,0,3,34144576,0,268435456,0,0,0,-1,-1
41487,Серный разрушитель,,22470,47895,0,-1,0,0,0,0,0,2566,25,0,0,0,18693,120,347,0,3,34144576,0,268435456,0,0,0,-1,-1
41488,Серный разрушитель,,22471,47897,0,-1,0,0,0,0,0,2566,25,0,0,0,18694,120,347,0,3,34144576,0,268435456,0,0,0,-1,-1
41489,Серный разрушитель,,22472,47897,0,-1,0,0,0,0,0,2566,25,0,0,0,18695,120,347,0,3,34144576,0,268435456,0,0,0,-1,-1
41490,Серный разрушитель,,22473,47897,0,-1,0,0,0,0,0,2566,25,0,0,0,18696,120,347,0,3,34144576,0,268435456,0,0,0,-1,-1
41491,Серный разрушитель,,22474,38948,0,-1,0,0,0,0,0,2566,25,0,0,0,18697,120,335,0,3,34144576,0,268435456,0,0,0,-1,-1
41492,Серный разрушитель,,22475,38948,0,-1,0,0,0,0,0,2566,25,0,0,0,18698,120,335,0,3,34144576,0,268435456,0,0,0,-1,-1
41493,Серный разрушитель,,22476,38948,0,-1,0,0,0,0,0,2566,25,0,0,0,18699,120,335,0,3,34144576,0,268435456,0,0,0,-1,-1
41495,Пласты ослепительного силового камня,,22671,47901,0,-1,0,0,0,0,0,2566,25,0,0,0,18700,120,347,0,3,34144576,0,268435456,0,0,0,-1,-1
41496,Пласты необработанного силового камня,,22479,47895,0,-1,0,0,0,0,0,2566,25,0,0,0,18701,120,347,0,3,34144576,0,268435456,0,0,0,-1,-1
41497,Пласты дикого силового камня,,22478,47897,0,-1,0,0,0,0,0,2566,25,0,0,0,18702,120,347,0,3,34144576,0,268435456,0,0,0,-1,-1
41498,Василиски силового камня,,22480,47901,0,-1,0,0,0,0,0,2566,25,0,0,0,18703,120,347,0,3,34144576,0,268435456,0,0,0,-1,-1
41500,Силовые черви,,22483,47901,0,-1,0,0,0,0,0,2566,25,0,0,0,18704,120,347,0,3,34144576,0,268435456,0,0,0,-1,-1
41501,Василиски силового камня,,22484,47901,0,-1,0,0,0,0,0,2566,25,0,0,0,18705,120,347,0,3,34144576,0,268435456,0,0,0,-1,-1
41502,Василиски силового камня,,22485,47895,0,-1,0,0,0,0,0,2566,25,0,0,0,18706,120,347,0,3,34144576,0,268435456,0,0,0,-1,-1
41503,Василиски силового камня,,22486,47895,0,-1,0,0,0,0,0,2566,25,0,0,0,18707,120,347,0,3,34144576,0,268435456,0,0,0,-1,-1
41504,Василиски силового камня,,22487,47895,0,-1,0,0,0,0,0,2566,25,0,0,0,18708,120,347,0,3,34144576,0,268435456,0,0,0,-1,-1
41505,Василиски силового камня,,22488,47897,0,-1,0,0,0,0,0,2566,25,0,0,0,18709,120,347,0,3,34144576,0,268435456,0,0,0,-1,-1
41506,Василиски силового камня,,22489,47897,0,-1,0,0,0,0,0,2566,25,0,0,0,18710,120,347,0,3,34144576,0,268435456,0,0,0,-1,-1
41507,Василиски силового камня,,22490,47897,0,-1,0,0,0,0,0,2566,25,0,0,0,18711,120,347,0,3,34144576,0,268435456,0,0,0,-1,-1
41508,Василиски сланца Скверны,,22491,38948,0,-1,0,0,0,0,0,2566,25,0,0,0,18712,120,335,0,3,34144576,0,268435456,0,0,0,-1,-1
41509,Василиски сланца Скверны,,22492,38948,0,-1,0,0,0,0,0,2566,25,0,0,0,18713,120,335,0,3,34144576,0,268435456,0,0,0,-1,-1
41511,Зверобой Скверны,,22494,47899,0,-1,0,0,0,0,0,2550,25,0,0,0,18715,119,347,0,3,34144576,0,268435456,0,0,0,-1,-1
41512,Зверобой Скверны,,22495,47899,0,-1,0,0,0,0,0,2550,25,0,0,0,18716,119,347,0,3,34144576,0,268435456,0,0,0,-1,-1
41513,Зверобой Скверны,,22496,47901,0,-1,0,0,0,0,0,2550,25,0,0,0,18717,119,347,0,3,34144576,0,268435456,0,0,0,-1,-1
41514,Зверобой Скверны,,22497,47901,0,-1,0,0,0,0,0,2550,25,0,0,0,18718,119,347,0,3,34144576,0,268435456,0,0,0,-1,-1
41515,Зверобой Скверны,,22498,47901,0,-1,0,0,0,0,0,2550,25,0,0,0,18719,119,347,0,3,34144576,0,268435456,0,0,0,-1,-1
41516,Зверобой Скверны,,22499,47895,0,-1,0,0,0,0,0,2550,25,0,0,0,18720,119,347,0,3,34144576,0,268435456,0,0,0,-1,-1
41517,Зверобой Скверны,,22500,47895,0,-1,0,0,0,0,0,2550,25,0,0,0,18721,119,347,0,3,34144576,0,268435456,0,0,0,-1,-1
41518,Зверобой Скверны,,22501,47895,0,-1,0,0,0,0,0,2550,25,0,0,0,18722,119,347,0,3,34144576,0,268435456,0,0,0,-1,-1
41519,Зверобой Скверны,,22502,47897,0,-1,0,0,0,0,0,2550,25,0,0,0,18723,119,347,0,3,34144576,0,268435456,0,0,0,-1,-1
41520,Зверобой Скверны,,22503,47897,0,-1,0,0,0,0,0,2550,25,0,0,0,18724,119,347,0,3,34144576,0,268435456,0,0,0,-1,-1
41521,Зверобой Скверны,,22504,47897,0,-1,0,0,0,0,0,2550,25,0,0,0,18725,119,347,0,3,34144576,0,268435456,0,0,0,-1,-1
41522,Зверобой Скверны,,22505,38948,0,-1,0,0,0,0,0,2550,25,0,0,0,18726,119,335,0,3,34144576,0,268435456,0,0,0,-1,-1
41523,Зверобой Скверны,,22506,38948,0,-1,0,0,0,0,0,2550,25,0,0,0,18727,119,335,0,3,34144576,0,268435456,0,0,0,-1,-1
41524,Зверобой Скверны,,22507,38948,0,-1,0,0,0,0,0,2550,25,0,0,0,18728,119,335,0,3,34144576,0,268435456,0,0,0,-1,-1
41525,Дымчатый лисоцвет,,22508,47899,0,-1,0,0,0,0,0,2550,25,0,0,0,18729,119,347,0,3,34144576,0,268435456,0,0,0,-1,-1
41526,Кустистый лисоцвет,,22509,47899,0,-1,0,0,0,0,0,2550,25,0,0,0,18730,119,347,0,3,34144576,0,268435456,0,0,0,-1,-1
41527,Живой айтрил,,22510,47901,0,-1,0,0,0,0,0,2550,25,0,0,0,18732,119,347,0,3,34144576,0,268435456,0,0,0,-1,-1
41528,Радужный айтрил,,22511,47901,0,-1,0,0,0,0,0,2550,25,0,0,0,18733,119,347,0,3,34144576,0,268435456,0,0,0,-1,-1
41529,Кустистый айтрил,,22512,47901,0,-1,0,0,0,0,0,2550,25,0,0,0,18735,119,347,0,3,34144576,0,268435456,0,0,0,-1,-1
41530,Живой грезолист,,22513,47895,0,-1,0,0,0,0,0,2550,25,0,0,0,18736,119,347,0,3,34144576,0,268435456,0,0,0,-1,-1
41531,Радужный грезолист,,22514,47895,0,-1,0,0,0,0,0,2550,25,0,0,0,18737,119,347,0,3,34144576,0,268435456,0,0,0,-1,-1
41532,Кустистый грезолист,,22515,47895,0,-1,0,0,0,0,0,2550,25,0,0,0,18738,119,347,0,3,34144576,0,268435456,0,0,0,-1,-1
41533,Ароматный грезолист,,22516,47895,0,-1,0,0,0,0,0,2550,25,0,0,0,18739,119,347,0,3,34144576,0,268435456,0,0,0,-1,-1
41534,Ветвистый фьярнскаггл,,22517,47897,0,-1,0,0,0,0,0,2550,25,0,0,0,18740,119,347,0,3,34144576,0,268435456,0,0,0,-1,-1
41535,Колючий фьярнскаггл,,22518,47897,0,-1,0,0,0,0,0,2550,25,0,0,0,18741,119,347,0,3,34144576,0,268435456,0,0,0,-1,-1
41536,Пахучий фьярнскаггл,,22519,47897,0,-1,0,0,0,0,0,2550,25,0,0,0,18742,119,347,0,3,34144576,0,268435456,0,0,0,-1,-1
41537,Буйная звездная роза,,22672,38948,0,-1,0,0,0,0,0,2550,25,0,0,0,18743,119,335,0,3,34144576,0,268435456,0,0,0,-1,-1
41538,Радужная звездная роза,,22521,38948,0,-1,0,0,0,0,0,2550,25,0,0,0,18744,119,335,0,3,34144576,0,268435456,0,0,0,-1,-1
41539,Искрящаяся звездная роза,,22520,38948,0,-1,0,0,0,0,0,2550,25,0,0,0,18745,119,335,0,3,34144576,0,268435456,0,0,0,-1,-1
41544,Поросль лисоцвета,,22526,47899,0,-1,0,0,0,0,0,2550,25,0,0,0,18746,119,347,0,3,34144576,0,268435456,0,0,0,-1,-1
41545,Поросль айтрила,,22527,47901,0,-1,0,0,0,0,0,2550,25,0,0,0,18747,119,347,0,3,34144576,0,268435456,0,0,0,-1,-1
41546,Поросль грезолиста,,22530,47895,0,-1,0,0,0,0,0,2550,25,0,0,0,18748,119,347,0,3,34144576,0,268435456,0,0,0,-1,-1
41547,Поросль фьярнскаггла,,22528,47897,0,-1,0,0,0,0,0,2550,25,0,0,0,18749,119,347,0,3,34144576,0,268435456,0,0,0,-1,-1
41548,Пучок звездной розы,,22529,38948,0,-1,0,0,0,0,0,2550,25,0,0,0,18750,119,335,0,3,34144576,0,268435456,0,0,0,-1,-1
41549,Кусок бекона,,22531,47899,0,-1,0,0,0,0,0,2542,25,0,0,0,18759,131,347,0,3,34144576,0,268435456,0,0,0,-1,-1
41550,Кусок бекона,,22532,47899,0,-1,0,0,0,0,0,2542,25,0,0,0,18760,131,347,0,3,34144576,0,268435456,0,0,0,-1,-1
41551,Кусок бекона,,22533,47901,0,-1,0,0,0,0,0,2542,25,0,0,0,18761,131,347,0,3,34144576,0,268435456,0,0,0,-1,-1
41552,Кусок бекона,,22534,47901,0,-1,0,0,0,0,0,2542,25,0,0,0,18762,131,347,0,3,34144576,0,268435456,0,0,0,-1,-1
41553,Кусок бекона,,22535,47895,0,-1,0,0,0,0,0,2542,25,0,0,0,18763,131,347,0,3,34144576,0,268435456,0,0,0,-1,-1
41554,Кусок бекона,,22536,47895,0,-1,0,0,0,0,0,2542,25,0,0,0,18764,131,347,0,3,34144576,0,268435456,0,0,0,-1,-1
41555,Кусок бекона,,22537,47897,0,-1,0,0,0,0,0,2542,25,0,0,0,18765,131,347,0,3,34144576,0,268435456,0,0,0,-1,-1
41556,Кусок бекона,,22538,47897,0,-1,0,0,0,0,0,2542,25,0,0,0,18766,131,347,0,3,34144576,0,268435456,0,0,0,-1,-1
41557,Кусок бекона,,22539,38948,0,-1,0,0,0,0,0,2542,25,0,0,0,18767,131,335,0,3,34144576,0,268435456,0,0,0,-1,-1
41558,Кусок бекона,,22540,38948,0,-1,0,0,0,0,0,2542,25,0,0,0,18768,131,335,0,3,34144576,0,268435456,0,0,0,-1,-1
41560,Пропитанная Скверной шкура,,22543,47899,0,-1,0,0,0,0,0,2558,25,0,0,0,18770,124,347,0,3,34144576,0,268435456,0,0,0,-1,-1
41561,Пропитанная Скверной шкура,,22544,47899,0,-1,0,0,0,0,0,2558,25,0,0,0,18771,124,347,0,3,34144576,0,268435456,0,0,0,-1,-1
41562,Пропитанная Скверной шкура,,22545,47901,0,-1,0,0,0,0,0,2558,25,0,0,0,18772,124,347,0,3,34144576,0,268435456,0,0,0,-1,-1
41563,Пропитанная Скверной шкура,,22546,47901,0,-1,0,0,0,0,0,2558,25,0,0,0,18773,124,347,0,3,34144576,0,268435456,0,0,0,-1,-1
41564,Пропитанная Скверной шкура,,22547,47901,0,-1,0,0,0,0,0,2558,25,0,0,0,18774,124,347,0,3,34144576,0,268435456,0,0,0,-1,-1
41565,Пропитанная Скверной шкура,,22548,47895,0,-1,0,0,0,0,0,2558,25,0,0,0,18775,124,347,0,3,34144576,0,268435456,0,0,0,-1,-1
41566,Пропитанная Скверной шкура,,22549,47895,0,-1,0,0,0,0,0,2558,25,0,0,0,18776,124,347,0,3,34144576,0,268435456,0,0,0,-1,-1
41567,Пропитанная Скверной шкура,,22550,47895,0,-1,0,0,0,0,0,2558,25,0,0,0,18777,124,347,0,3,34144576,0,268435456,0,0,0,-1,-1
41568,Пропитанная Скверной шкура,,22551,47897,0,-1,0,0,0,0,0,2558,25,0,0,0,18778,124,347,0,3,34144576,0,268435456,0,0,0,-1,-1
41569,Пропитанная Скверной шкура,,22552,47897,0,-1,0,0,0,0,0,2558,25,0,0,0,18779,124,347,0,3,34144576,0,268435456,0,0,0,-1,-1
41570,Пропитанная Скверной шкура,,22553,47897,0,-1,0,0,0,0,0,2558,25,0,0,0,18780,124,347,0,3,34144576,0,268435456,0,0,0,-1,-1
41571,Пропитанная Скверной шкура,,22554,38948,0,-1,0,0,0,0,0,2558,25,0,0,0,18781,124,335,0,3,34144576,0,268435456,0,0,0,-1,-1
41572,Пропитанная Скверной шкура,,22555,38948,0,-1,0,0,0,0,0,2558,25,0,0,0,18782,124,335,0,3,34144576,0,268435456,0,0,0,-1,-1
41573,Пропитанная Скверной шкура,,22556,38948,0,-1,0,0,0,0,0,2558,25,0,0,0,18783,124,335,0,3,34144576,0,268435456,0,0,0,-1,-1
41582,Гладкая шкура солнечного жеребца,,22566,47901,0,-1,0,0,0,0,0,2558,25,0,0,0,19478,124,347,0,3,34144576,0,268435456,0,0,0,-1,-1
41596,Энергичный лосось Крутогорья,,22580,47899,0,-1,0,0,0,0,0,356,75,0,0,0,18804,130,347,0,3,34144576,0,268435456,0,0,0,-1,-1
41597,Энергичный лосось Крутогорья,,22581,47899,0,-1,0,0,0,0,0,356,75,0,0,0,18805,130,347,0,3,34144576,0,268435456,0,0,0,-1,-1
41598,Энергичная проклятая ставрида,,22583,47901,0,-1,0,0,0,0,0,356,75,0,0,0,18806,130,347,0,3,34144576,0,268435456,0,0,0,-1,-1
41599,Энергичная проклятая ставрида,,22582,47901,0,-1,0,0,0,0,0,356,75,0,0,0,18807,130,347,0,3,34144576,0,268435456,0,0,0,-1,-1
41600,Энергичный мохножабрый окунь,,22584,47895,0,-1,0,0,0,0,0,356,75,0,0,0,18808,130,347,0,3,34144576,0,268435456,0,0,0,-1,-1
41601,Энергичный мохножабрый окунь,,22585,47895,0,-1,0,0,0,0,0,356,75,0,0,0,18809,130,347,0,3,34144576,0,268435456,0,0,0,-1,-1
41602,Энергичный штормовой скат,,22586,47897,0,-1,0,0,0,0,0,356,75,0,0,0,18810,130,347,0,3,34144576,0,268435456,0,0,0,-1,-1
41603,Энергичный штормовой скат,,22587,47897,0,-1,0,0,0,0,0,356,75,0,0,0,18811,130,347,0,3,34144576,0,268435456,0,0,0,-1,-1
41604,Энергичный руночешуйный кои,,22588,38948,0,-1,0,0,0,0,0,356,75,0,0,0,18812,130,347,0,3,34144576,0,268435456,0,0,0,-1,-1
41605,Энергичный руночешуйный кои,,22589,38948,0,-1,0,0,0,0,0,356,75,0,0,0,18813,130,335,0,3,34144576,0,268435456,0,0,0,-1,-1
41609,Огромный лосось Крутогорья,,22598,47899,0,-1,0,0,0,0,0,356,75,0,0,0,18816,130,347,0,3,34144576,0,268435456,0,0,0,-1,-1
41610,Огромная проклятая ставрида,,22599,47901,0,-1,0,0,0,0,0,356,75,0,0,0,18817,130,347,0,3,34144576,0,268435456,0,0,0,-1,-1
41611,Огромная проклятая ставрида,,22600,47901,0,-1,0,0,0,0,0,356,75,0,0,0,18818,130,347,0,3,34144576,0,268435456,0,0,0,-1,-1
41612,Огромный мохножабрый окунь,,22601,47895,0,-1,0,0,0,0,0,356,75,0,0,0,18819,130,347,0,3,34144576,0,268435456,0,0,0,-1,-1
41613,Огромный мохножабрый окунь,,22602,47895,0,-1,0,0,0,0,0,356,75,0,0,0,18820,130,347,0,3,34144576,0,268435456,0,0,0,-1,-1
41614,Огромный штормовой скат,,22603,47897,0,-1,0,0,0,0,0,356,75,0,0,0,18821,130,347,0,3,34144576,0,268435456,0,0,0,-1,-1
41615,Огромный штормовой скат,,22604,47897,0,-1,0,0,0,0,0,356,75,0,0,0,18822,130,347,0,3,101253440,0,268435456,0,0,0,-1,-1
41616,Огромный руночешуйный кои,,22605,38948,0,-1,0,0,0,0,0,356,75,0,0,0,18823,130,335,0,3,34144576,64,268435456,0,0,0,-1,-1
41617,Огромный руночешуйный кои,,22606,38948,0,-1,0,0,0,0,0,356,75,0,0,0,18824,130,335,0,3,34144576,0,268435456,0,0,0,-1,-1
41622,Наследие Лиховестницы,,22611,47899,0,-1,0,0,0,0,0,0,0,0,0,0,18843,109,347,0,3,37290240,0,268435456,41694,0,0,-1,-1
41623,Защитники Крутогорья,,22613,39948,0,-1,0,0,0,0,0,0,0,0,0,0,18845,109,347,0,3,38338816,0,268435456,39992,0,0,-1,-1
41624,Рокко надо бы побриться,,22614,145947,0,-1,0,0,0,0,0,0,0,0,0,0,18846,115,347,0,3,3735808,0,268435456,0,0,0,-1,-1
41633,Заказ: наголенники из силового камня,,22623,47901,0,-1,0,0,0,0,0,2454,25,0,0,0,18848,116,347,0,3,524608,0,268435456,0,0,0,-1,-1
41634,Заказ: боевые наручи из силового камня,,22624,47895,0,-1,0,0,0,0,0,2454,25,0,0,0,18849,116,347,0,3,524608,0,268435456,0,0,0,-1,-1
41635,Заказ: сапоги из силового камня,,22625,47899,0,-1,0,0,0,0,0,2454,25,0,0,0,18850,116,347,0,3,524608,0,268435456,0,0,0,-1,-1
41636,Заказ: кираса из силового камня,,22626,47897,0,-1,0,0,0,0,0,2454,25,0,0,0,18851,116,347,0,3,524608,8192,268435456,0,0,0,-1,-1
41637,Заказ: наплечье из силового камня,,22627,45166,0,-1,0,0,0,0,0,2454,25,0,0,0,18852,116,335,0,3,524608,0,268435456,0,0,0,-1,-1
41638,Заказ: рукавицы из силового камня,,22628,38948,0,-1,0,0,0,0,0,2454,25,0,0,0,18853,116,347,0,3,524608,0,268435456,0,0,0,-1,-1
41639,Заказ: скованный битвой наплеч,,22629,47901,0,-1,0,0,0,0,0,2526,25,0,0,0,18854,117,347,0,3,524608,0,268435456,0,0,0,-1,-1
41640,Заказ: маска из выдубленной войной кожи,,22630,47895,0,-1,0,0,0,0,0,2526,25,0,0,0,18855,117,347,0,3,524608,0,268435456,0,0,0,-1,-1
41641,Заказ: скованные битвой поручи,,22673,47899,0,-1,0,0,0,0,0,2526,25,0,0,0,18856,117,347,0,3,524608,0,268435456,0,0,0,-1,-1
41642,Заказ: башмаки из выдубленной войной кожи,,22632,47897,0,-1,0,0,0,0,0,2526,25,0,0,0,18857,117,347,0,3,524608,0,268435456,0,0,0,-1,-1
41643,Заказ: скованные битвой поножи,,22631,45166,0,-1,0,0,0,0,0,2526,25,0,0,0,18858,117,335,0,3,524608,0,268435456,0,0,0,-1,-1
41644,Заказ: перчатки из выдубленной войной кожи,,22633,38948,0,-1,0,0,0,0,0,2526,25,0,0,0,18859,117,347,0,3,524608,0,268435456,0,0,0,-1,-1
41645,Заказ: эполеты из шелкового полотна,,22634,47901,0,-1,0,0,0,0,0,2534,25,0,0,0,18860,121,347,0,3,524608,0,268435456,0,0,0,-1,-1
41646,Заказ: перчатки из шелкового полотна,,22635,47895,0,-1,0,0,0,0,0,2534,25,0,0,0,18861,121,347,0,3,524608,0,268435456,0,0,0,-1,-1
41647,Заказ: одеяние из шелкового полотна,,22636,47899,0,-1,0,0,0,0,0,2534,25,0,0,0,18862,121,347,0,3,524608,0,268435456,0,0,0,-1,-1
41648,Заказ: наручи из шелкового полотна,,22637,47897,0,-1,0,0,0,0,0,2534,25,0,0,0,18863,121,347,0,3,524608,0,268435456,0,0,0,-1,-1
41649,Заказ: туфли из шелкового полотна,,22638,45166,0,-1,0,0,0,0,0,2534,25,0,0,0,18864,121,335,0,3,524608,0,268435456,0,0,0,-1,-1
41650,Заказ: капюшон из шелкового полотна,,22639,38948,0,-1,0,0,0,0,0,2534,25,0,0,0,18865,121,347,0,3,524608,0,268435456,0,0,0,-1,-1
41651,Заказ: подвеска из азсунита,,22640,47901,0,-1,0,0,0,0,0,2518,25,0,0,0,18866,125,347,0,3,524608,0,268435456,0,0,0,-1,-1
41652,Заказ: кольцо из темного янтаря,,22641,47895,0,-1,0,0,0,0,0,2518,25,0,0,0,18867,125,347,0,3,524608,0,268435456,0,0,0,-1,-1
41653,Заказ: подвеска из небесного камня,,22642,47899,0,-1,0,0,0,0,0,2518,25,0,0,0,18868,125,347,0,3,524608,0,268435456,0,0,0,-1,-1
41654,Заказ: кольцо с королевским опалом,,22643,47897,0,-1,0,0,0,0,0,2518,25,0,0,0,18869,125,347,0,3,524608,0,268435456,0,0,0,-1,-1
41655,Заказ: подвеска с королевским опалом,,22644,45166,0,-1,0,0,0,0,0,2518,25,0,0,0,18870,125,335,0,3,524608,0,268435456,0,0,0,-1,-1
41656,Заказ: кольцо из азсунита,,22645,38948,0,-1,0,0,0,0,0,2518,25,0,0,0,18871,125,347,0,3,524608,0,268435456,0,0,0,-1,-1
41657,Заказ: зелье чистой магии,,22646,47901,0,-1,0,0,0,0,0,2479,25,0,0,0,18872,118,347,0,3,524608,0,268435456,0,0,0,-1,-1
41658,Заказ: лесные эликсиры,,22647,47895,0,-1,0,0,0,0,0,2479,25,0,0,0,18873,118,347,0,3,524608,0,268435456,0,0,0,-1,-1
41659,Заказ: эликсиры лавины,,22648,47899,0,-1,0,0,0,0,0,2479,25,0,0,0,18874,118,347,0,3,524608,0,268435456,0,0,0,-1,-1
41660,Заказ: скагглсок,,22649,47897,0,-1,0,0,0,0,0,2479,25,0,0,0,18875,118,347,0,3,524608,0,268435456,0,0,0,-1,-1
41661,Заказ: зелья небесной поступи,,22650,45166,0,-1,0,0,0,0,0,2479,25,0,0,0,18876,118,335,0,3,524608,0,268435456,0,0,0,-1,-1
41662,Заказ: древние зелья омоложения,,22651,38948,0,-1,0,0,0,0,0,2479,25,0,0,0,18877,118,347,0,3,524608,0,268435456,0,0,0,-1,-1
41663,Заказ на вантийскую руну: Элерет Дикая Лань,,22652,47901,0,-1,0,0,0,0,0,2508,25,0,0,0,18878,126,347,0,3,524608,0,268435456,0,0,0,-1,-1
41664,Заказ на вантийскую руну: драконы Кошмара,,22653,47895,0,-1,0,0,0,0,0,2508,25,0,0,0,18879,126,347,0,3,524608,0,268435456,0,0,0,-1,-1
41665,Заказ на вантийскую руну: Урсок,,22654,47899,0,-1,0,0,0,0,0,2508,25,0,0,0,18880,126,347,0,3,524608,0,268435456,0,0,0,-1,-1
41666,Заказ на вантийскую руну: Низендра,,22655,47897,0,-1,0,0,0,0,0,2508,25,0,0,0,18881,126,347,0,3,524608,0,268435456,0,0,0,-1,-1
41667,Заказ на вантийскую руну: Ксавий,,22656,45166,0,-1,0,0,0,0,0,2508,25,0,0,0,18882,126,335,0,3,524608,0,268435456,0,0,0,-1,-1
41668,"Заказ на вантийскую руну: Ил'гинот, Сердце Порчи",,22657,38948,0,-1,0,0,0,0,0,2508,25,0,0,0,18883,126,347,0,3,524608,0,268435456,0,0,0,-1,-1
41669,Заказ: слово критического удара,,22658,47901,0,-1,0,0,0,0,0,2487,25,0,0,0,18884,123,347,0,3,524608,0,268435456,0,0,0,-1,-1
41670,Заказ: слово ловкости,,22659,47895,0,-1,0,0,0,0,0,2487,25,0,0,0,18885,123,347,0,3,524608,0,268435456,0,0,0,-1,-1
41671,Заказ: слово силы,,22660,47899,0,-1,0,0,0,0,0,2487,25,0,0,0,18886,123,347,0,3,524608,0,268435456,0,0,0,-1,-1
41672,Заказ: слово ускорения,,22661,47897,0,-1,0,0,0,0,0,2487,25,0,0,0,18887,123,347,0,3,524608,0,268435456,0,0,0,-1,-1
41673,Заказ: слово искусности,,22662,45166,0,-1,0,0,0,0,0,2487,25,0,0,0,18888,123,335,0,3,524608,0,268435456,0,0,0,-1,-1
41674,Заказ: слово интеллекта,,22663,38948,0,-1,0,0,0,0,0,2487,25,0,0,0,18889,123,347,0,3,524608,0,268435456,0,0,0,-1,-1
41675,Заказ: головное ружье с экспресс-крючком,,22664,47901,0,-1,0,0,0,0,0,2500,25,0,0,0,18890,122,347,0,3,524608,0,268435456,0,0,0,-1,-1
41676,Заказ: помповое перевязочное ружье,,22665,47895,0,-1,0,0,0,0,0,2500,25,0,0,0,18891,122,347,0,3,524608,0,268435456,0,0,0,-1,-1
41677,Заказ: автоматический молот,,22666,47899,0,-1,0,0,0,0,0,2500,25,0,0,0,18892,122,347,0,3,524608,0,268435456,0,0,0,-1,-1
41678,Заказ: оружейный ранец,,22667,47897,0,-1,0,0,0,0,0,2500,25,0,0,0,18893,122,347,0,3,524608,0,268435456,0,0,0,-1,-1
41679,Заказ: переносной пулемет,,22668,45166,0,-1,0,0,0,0,0,2500,25,0,0,0,18894,122,335,0,3,524608,0,268435456,0,0,0,-1,-1
41680,Заказ: пилон для обнаружения проблем,,22669,38948,0,-1,0,0,0,0,0,2500,25,0,0,0,18895,122,347,0,3,524608,0,268435456,0,0,0,-1,-1
41685,ОЧЕНЬ ОПАСНА: Ала'ваште,,22682,47899,0,-1,0,0,0,0,0,0,0,0,0,0,18902,136,347,0,3,3735872,0,268435456,0,0,0,-1,-1
41686,ОЧЕНЬ ОПАСЕН: Олокк Кораблекрушитель,,22683,47899,0,-1,0,0,0,0,0,0,0,0,0,0,18904,136,347,0,3,3735872,0,268435456,0,0,0,-1,-1
41687,Бой улиток!,,22686,145947,0,-1,0,0,0,0,0,0,0,0,0,0,18905,115,347,0,3,3735808,0,268435456,0,0,0,-1,-1
41691,Море перьев,,22692,47899,0,-1,0,0,0,0,0,0,0,0,0,0,18908,109,347,0,3,37290240,0,268435456,0,0,0,-1,-1
41692,Сборщики обломков кораблей,,22693,47899,0,-1,0,0,0,0,0,0,0,0,0,0,18910,109,347,0,3,37290240,0,268435456,0,0,0,-1,-1
41695,ОЧЕНЬ ОПАСНА: Осквернилия,,22699,47899,0,-1,0,0,0,0,0,0,0,0,0,0,18909,136,347,0,3,3735872,0,268435456,0,0,0,-1,-1
41696,ОЧЕНЬ ОПАСЕН: Мават'аки,,22701,47899,0,-1,0,0,0,0,0,0,0,0,0,0,18914,136,347,0,3,3735872,0,268435456,0,0,0,-1,-1
41697,"ОЧЕНЬ ОПАСНЫ: Колериан, Альтерия и Селения",,22702,38948,0,-1,0,0,0,0,0,0,0,0,0,0,18915,136,335,0,3,3735872,0,268435456,0,0,0,-1,-1
41699,Хрустящие крабы,,22704,47899,0,-1,0,0,0,0,0,0,0,0,0,0,18917,109,347,0,3,37290240,8192,268435456,0,0,0,-1,-1
41700,ОЧЕНЬ ОПАСЕН: Шалас'аман,,22708,47895,0,-1,0,0,0,0,0,0,0,0,0,0,18922,136,347,0,3,3735872,0,268435456,0,0,0,-1,-1
41701,Все тяжельше и тяжельше,,22705,47899,0,-1,0,0,0,0,0,0,0,0,0,0,18921,109,347,0,3,37290240,8192,268435456,0,0,0,-1,-1
41703,ОЧЕНЬ ОПАСЕН: Ормагрогг,,22707,47899,0,-1,0,0,0,0,0,0,0,0,0,0,18923,136,347,0,3,3735872,0,268435456,0,0,0,-1,-1
41705,Атака на Громовой Тотем,,22719,55295,0,-1,0,0,0,0,0,0,0,0,0,0,18924,109,347,0,3,41484544,8192,268435456,41694,0,0,-1,-1
41706,Соленые воды,,22723,47899,0,-1,0,0,0,0,0,0,0,0,0,0,18918,109,347,0,3,37290240,8192,268435456,0,0,0,-1,-1
41757,Отголоски Хранителя Земли,,22766,47899,0,-1,0,0,0,0,0,0,0,0,0,0,18933,109,347,0,3,34144512,0,268435456,0,0,0,-1,-1
41758,Обсидиановые Стражи,,22767,47899,0,-1,0,0,0,0,0,0,0,0,0,0,18934,109,347,0,3,38338816,0,268435456,0,0,0,-1,-1
41765,[NYI] Hunting Wager,,22802,47899,0,-1,0,0,0,0,0,0,0,0,0,0,18936,109,347,0,3,35193088,0,268435456,0,0,0,-1,-1
41766,Отряд защиты дикой природы,,22773,145947,0,-1,0,0,0,0,0,0,0,0,0,0,18935,115,347,0,3,3735808,0,268435456,0,0,0,-1,-1
41789,Возвращение на утес,,22812,47899,0,-1,0,0,0,0,0,0,0,0,0,0,18955,109,347,0,3,37290240,0,268435456,0,0,0,-1,-1
41794,Гроза Драконов,,22821,47897,0,-1,0,0,0,0,0,0,0,0,0,0,21030,109,347,0,3,37290240,0,268435456,0,0,0,-1,-1
41816,ОЧЕНЬ ОПАСЕН: Убдоб Бум-Бум,,22836,47899,0,-1,0,0,0,0,0,0,0,0,0,0,18966,136,347,0,3,3735872,0,268435456,0,0,0,-1,-1
41817,Череп надсмотрщика,,22837,38948,0,-1,0,0,0,0,0,0,0,0,0,0,18967,109,347,0,3,590080,0,268435456,0,0,0,-1,-1
41818,РАЗЫСКИВАЕТСЯ: величественный старорог,,22838,47899,0,-1,0,0,0,0,0,0,0,0,0,0,20552,109,347,0,3,3735872,0,268435456,0,0,0,-1,-1
41819,РАЗЫСКИВАЕТСЯ: Гурбог Крушака,,22839,47899,0,-1,0,0,0,0,0,0,0,0,0,0,19940,109,347,0,3,3735872,0,268435456,0,0,0,-1,-1
41820,Аритмичная прогулка,,22842,38948,0,-1,0,0,0,0,0,0,0,0,0,0,18972,109,347,0,3,590080,0,268435456,0,0,0,-1,-1
41821,РАЗЫСКИВАЕТСЯ: Шарра Дыхание Скверны,,22841,47899,0,-1,0,0,0,0,0,0,0,0,0,0,19835,109,347,0,3,3735872,0,268435456,0,0,0,-1,-1
41822,По следам его копыт,,22843,38948,0,-1,0,0,0,0,0,0,0,0,0,0,18970,109,347,0,3,590080,0,268435456,0,0,0,-1,-1
41823,Прах к праху,,22844,38948,0,-1,0,0,0,0,0,0,0,0,0,0,18973,109,347,0,3,590080,0,268435456,0,0,0,-1,-1
41824,РАЗЫСКИВАЕТСЯ: Арру,,22845,47899,0,-1,0,0,0,0,0,0,0,0,0,0,20555,109,347,0,3,3735872,0,268435456,0,0,0,-1,-1
41825,Крылатая угроза,,22846,38948,0,-1,0,0,0,0,0,0,0,0,0,0,18975,109,347,0,3,590080,0,268435456,0,0,0,-1,-1
41826,РАЗЫСКИВАЕТСЯ: Зобан Ненасытный,,22847,47899,0,-1,0,0,0,0,0,0,0,0,0,0,20576,109,347,0,3,3735872,0,268435456,0,0,0,-1,-1
41827,"То, что надо",,26360,38948,0,-1,0,0,0,0,0,0,0,0,0,0,18976,109,347,0,3,590080,0,268435456,0,0,0,-1,-1
41828,РАЗЫСКИВАЕТСЯ: Щетинник,,22848,47899,0,-1,0,0,0,0,0,0,0,0,0,0,20571,109,347,0,3,3735872,0,268435456,0,0,0,-1,-1
41829,Разведчик Темного Пера,,22849,38948,0,-1,0,0,0,0,0,0,0,0,0,0,18979,109,347,0,3,590080,0,268435456,0,0,0,-1,-1
41830,Укус демона,,22850,38948,0,-1,0,0,0,0,0,0,0,0,0,0,18980,109,347,0,3,590080,0,268435456,0,0,0,-1,-1
41832,Белый водный ужас,,22850,38948,0,-1,0,0,0,0,0,0,0,0,0,0,18982,109,347,0,3,590080,0,268435456,0,0,0,-1,-1
41833,Последняя скачка Грмлрмла,,22852,38948,0,-1,0,0,0,0,0,0,0,0,0,0,18983,109,347,0,3,590080,0,268435456,0,0,0,-1,-1
41835,Обесчервливание,,22853,38948,0,-1,0,0,0,0,0,0,0,0,0,0,18984,109,347,0,3,590080,0,268435456,0,0,0,-1,-1
41836,РАЗЫСКИВАЕТСЯ: Бодаш Алчный,,22854,47899,0,-1,0,0,0,0,0,0,0,0,0,0,19946,109,347,0,3,3735872,0,268435456,0,0,0,-1,-1
41837,Задира с берега Далеких Камней,,26361,38948,0,-1,0,0,0,0,0,0,0,0,0,0,18986,109,347,0,3,590080,0,268435456,0,0,0,-1,-1
41838,РАЗЫСКИВАЕТСЯ: Дрема,,22858,47899,0,-1,0,0,0,0,0,0,0,0,0,0,20546,109,347,0,3,3735872,0,268435456,0,0,0,-1,-1
41842,Начало пищевой цепи,,22859,38948,0,-1,0,0,0,0,0,0,0,0,0,0,18988,109,347,0,3,590080,0,268435456,0,0,0,-1,-1
41843,Невезучий Пак,,22860,38948,0,-1,0,0,0,0,0,0,0,0,0,0,18989,109,347,0,3,590080,0,268435456,0,0,0,-1,-1
41844,РАЗЫСКИВАЕТСЯ: Секхан,,26362,47899,0,-1,0,0,0,0,0,0,0,0,0,0,20549,109,347,0,3,3735872,0,268435456,0,0,0,-1,-1
41855,Отпор наглецам,,22879,145947,0,-1,0,0,0,0,0,0,0,0,0,0,18991,115,347,0,3,3735808,0,268435456,0,0,0,-1,-1
41857,Логово Нелтариона: рабы из племени Темного Камня,,22910,42902,0,-1,0,0,0,0,0,0,0,0,0,0,19009,137,347,0,3,35193088,0,268435458,0,0,0,-1,-1
41860,Разборки с сатирами,,22908,132427,0,-1,0,0,0,0,0,0,0,0,0,0,19002,115,347,0,3,3735808,0,268435456,0,0,0,-1,-1
41861,Знакомство с Пастью,,22909,145947,0,-1,0,0,0,0,0,0,0,0,0,0,19004,115,347,0,3,3735808,0,268435456,0,0,0,-1,-1
41862,Только питомцы могут предотвращать лесные пожары,,22911,145947,0,-1,0,0,0,0,0,0,0,0,0,0,19007,115,347,0,3,3735808,0,268435456,0,0,0,-1,-1
41864,Логово Нелтариона: хрустальный крушитель,,22913,42253,0,-1,0,0,0,0,0,0,0,0,0,0,19010,137,347,0,3,35193088,0,268435458,0,0,0,-1,-1
41865,Логово Нелтариона: каменная мать,,22914,42253,0,-1,0,0,0,0,0,0,0,0,0,0,19011,137,347,0,3,35193088,0,268435458,0,0,0,-1,-1
41866,Логово Нелтариона: зачумленный нетопырь,,22915,42253,0,-1,0,0,0,0,0,0,0,0,0,0,19012,137,347,0,3,35193088,0,268435458,0,0,0,-1,-1
41881,Ночь битвы: Гелиосий,,22931,145934,0,-1,0,0,0,0,0,0,0,0,0,0,19018,115,347,0,3,3735808,0,268435456,0,0,0,-1,-1
41886,Ночь битвы: Крысы!,,22942,145934,0,-1,0,0,0,0,0,0,0,0,0,0,19019,115,347,0,3,3735808,0,268435456,0,0,0,-1,-1
41895,Повелитель питомцев,,22951,145946,0,-1,0,0,0,0,0,0,0,0,0,0,19038,115,335,0,3,3735808,0,268435456,0,0,0,-1,-1
41896,"Операция ""Свободу мурлокам""",,26246,143777,0,-1,0,0,0,0,0,0,0,0,0,0,20198,113,347,0,3,590080,0,268435456,0,0,0,-1,-1
41902,В погоне за прибылью,,26357,21439,0,-1,0,0,0,0,0,0,0,0,0,0,0,0,347,0,3,3735552,131200,268435456,0,0,0,-1,-1
41914,Зачистка катакомб,,22968,145934,0,-1,0,0,0,0,0,0,0,0,0,0,19091,115,335,0,3,3735808,0,268435456,0,0,0,-1,-1
41925,Настоящий ад,,22986,39338,0,-1,0,0,0,0,0,0,0,0,0,0,19093,109,347,0,3,41484544,8192,268435456,0,0,0,-1,-1
41926,Вернувшийся чемпион,,23022,47897,0,-1,0,0,0,0,0,0,0,0,0,0,19094,109,347,0,3,41484544,8192,268435456,41694,0,0,-1,-1
41927,Бойня в Рунном лесу,,23026,47897,0,-1,0,0,0,0,0,0,0,0,0,0,19095,109,347,0,3,41484544,8192,268435456,41694,0,0,-1,-1
41930,Зов доблести,,22998,47897,0,-1,0,0,0,0,0,0,0,0,0,0,19097,109,347,0,3,41484544,8192,268435456,41694,0,0,-1,-1
41931,Маноотбор,,22992,145934,0,-1,0,0,0,0,0,0,0,0,0,0,19096,115,335,0,3,3735808,0,268435456,0,0,0,-1,-1
41935,Вьючные животные,,23002,145947,0,-1,0,0,0,0,0,0,0,0,0,0,19109,115,347,0,3,3735808,0,268435456,0,0,0,-1,-1
41936,Вызов брошен,,23013,47897,0,-1,0,0,0,0,0,0,0,0,0,0,19120,109,347,0,3,37290240,8192,268435456,0,0,0,-1,-1
41938,Братья Сковальда,,23018,47897,0,-1,0,0,0,0,0,0,0,0,0,0,19128,109,347,0,3,37290240,0,268435456,0,0,0,-1,-1
41944,Рейтинг Джарруна,,23028,145968,0,-1,0,0,0,0,0,0,0,0,0,0,19131,115,347,0,3,3735808,0,268435456,0,0,0,-1,-1
41948,Все питомцы попадают в рай,,23033,145947,0,-1,0,0,0,0,0,0,0,0,0,0,19144,115,347,0,3,3735808,0,268435456,0,0,0,-1,-1
41949,Возвращение дрекирьяров,,23045,47897,0,-1,0,0,0,0,0,0,0,0,0,0,19134,109,347,0,3,37290240,0,268435456,0,0,0,-1,-1
41950,И снова гром и молния!,,25514,47310,0,-1,0,0,0,0,0,0,0,0,0,0,19135,109,347,0,3,37290240,0,268435456,0,0,0,-1,-1
41955,Каменная династия,,23053,47895,0,-1,0,0,0,0,0,0,0,0,0,0,19143,109,347,0,3,41484544,0,268435456,0,0,0,-1,-1
41956,Окаменевшие послушники,,23054,47895,0,-1,0,0,0,0,0,0,0,0,0,0,19260,109,347,0,3,41484544,0,268435456,0,0,0,-1,-1
41958,"Ах, Омнитрон",,23059,145947,0,-1,0,0,0,0,0,0,0,0,0,0,19147,115,347,0,3,3735808,0,268435456,0,0,0,-1,-1
41961,Имущество крепости Черной Ладьи,,23062,47893,0,-1,0,0,0,0,0,0,0,0,0,0,19149,109,347,0,3,37290240,0,268435456,0,0,0,-1,-1
41962,Стражник из крепости Черной Ладьи,,23063,47895,0,-1,0,0,0,0,0,0,0,0,0,0,19150,109,347,0,3,34144512,0,268435456,0,0,0,-1,-1
41964,Отравленные воды,,23065,47895,0,-1,0,0,0,0,0,0,0,0,0,0,19145,109,347,0,3,37290240,8192,268435456,0,0,0,-1,-1
41965,Освобождение лунокрылов,,23067,47895,0,-1,0,0,0,0,0,0,0,0,0,0,19152,109,347,0,3,37290240,0,268435456,0,0,0,-1,-1
41980,Оборона храма,,23082,47895,0,-1,0,0,0,0,0,0,0,0,0,0,19178,109,347,0,3,37290240,0,268435456,0,0,0,-1,-1
41983,[NYI] Bear Necessities,,23086,47899,0,-1,0,0,0,0,0,0,0,0,0,0,19172,109,347,0,3,3735808,0,268435456,0,0,0,-1,-1
41984,Ползучие туманы,,23120,47897,0,-1,0,0,0,0,0,0,0,0,0,0,19169,109,347,0,3,41484544,8192,268435456,0,0,0,-1,-1
41990,На отбивные,,23100,145946,0,-1,0,0,0,0,0,0,0,0,0,0,19176,115,335,0,3,3735808,0,268435456,0,0,0,-1,-1
41992,Искаженный пепел,,23105,47895,0,-1,0,0,0,0,0,0,0,0,0,0,19179,109,347,0,3,37290240,0,268435456,0,0,0,-1,-1
41995,Темная порча,,23110,47895,0,-1,0,0,0,0,0,0,0,0,0,0,19181,109,347,0,3,37290240,0,268435456,0,0,0,-1,-1
41996,Путы Кошмара,,23117,47895,0,-1,0,0,0,0,0,0,0,0,0,0,19182,109,347,0,3,37290240,0,268435456,0,0,0,-1,-1
42004,Корабль призраков,,23140,47897,0,-1,0,0,0,0,0,0,0,0,0,0,19184,109,347,0,3,37290240,0,268435456,0,0,0,-1,-1
42013,Адская Пасть,,23148,47896,0,-1,0,0,0,0,0,0,0,0,0,0,19190,109,347,0,3,37290240,0,268435456,0,0,0,-1,-1
42014,Испорченное вино,,23149,47901,0,-1,0,0,0,0,0,0,0,0,0,0,19192,109,347,0,3,37290240,0,268435456,41694,0,0,-1,-1
42015,Нити Судьбы,,23150,145934,0,-1,0,0,0,0,0,0,0,0,0,0,19194,115,335,0,3,3735808,0,268435456,0,0,0,-1,-1
42018,Лишенные искупления,,23152,47901,0,-1,0,0,0,0,0,0,0,0,0,0,19196,109,347,0,3,37290240,0,268435456,41694,0,0,-1,-1
42019,Уравнять шансы,,23153,47901,0,-1,0,0,0,0,0,0,0,0,0,0,19197,109,347,0,3,37290240,0,268435456,41694,0,0,-1,-1
42021,Расследование в Мак'ране,,23154,47901,0,-1,0,0,0,0,0,0,0,0,0,0,19198,109,347,0,3,37290240,0,268435456,41694,0,0,-1,-1
42022,Разрушенная академия,,23155,47901,0,-1,0,0,0,0,0,0,0,0,0,0,19199,109,347,0,3,37290240,2,268435456,41694,0,0,-1,-1
42023,Битва в крепости Черной Ладьи,,23465,143219,0,-1,0,0,0,0,0,0,0,0,0,0,18197,113,347,0,3,3735808,0,268435456,0,0,0,-1,-1
42024,Друг моего врага,,23156,47901,0,-1,0,0,0,0,0,0,0,0,0,0,19200,136,347,0,3,37290240,0,268435456,41694,0,0,-1,-1
42025,Кулачный бой,,23464,143218,0,-1,0,0,0,0,0,0,0,0,0,0,18199,113,347,0,3,3735808,0,268435456,0,0,0,-1,-1
42026,Фаронаар в руинах,,23158,47901,0,-1,0,0,0,0,0,0,0,0,0,0,19201,109,347,0,3,577831176,8192,268435456,41694,0,0,-1,-1
42027,Фаронаар в хаосе,,23157,47901,0,-1,0,0,0,0,0,0,0,0,0,0,19202,109,347,0,3,577831176,8192,268435456,41694,0,0,-1,-1
42028,Погружение в Кошмар,,23164,47895,0,-1,0,0,0,0,0,0,0,0,0,0,19203,109,347,0,3,41484544,8192,268435456,0,0,0,-1,-1
42062,Ночь битвы: Самый младший Стежок,,23194,145934,0,-1,0,0,0,0,0,0,0,0,0,0,19221,115,347,0,3,3735808,0,268435456,0,0,0,-1,-1
42063,Размер не имеет значения,,23195,145947,0,-1,0,0,0,0,0,0,0,0,0,0,19222,115,347,0,3,3735808,0,268435456,0,0,0,-1,-1
42064,Это Иллид... Постой.,,23196,145947,0,-1,0,0,0,0,0,0,0,0,0,0,19223,115,347,0,3,3735808,0,268435456,0,0,0,-1,-1
42067,"Лают, да не кусают",,23199,145968,0,-1,0,0,0,0,0,0,0,0,0,0,19225,115,347,0,3,3735808,0,268435456,0,0,0,-1,-1
42070,Штурм Сторожевой башни: дозорный пункт звездного охотника,,24386,143219,0,-1,0,0,0,0,0,0,0,0,0,0,18630,113,347,0,3,37290240,0,268435456,0,0,0,1309324210,-1440044374
42071,Дань прошлому,,23217,41005,0,-1,0,0,0,0,0,0,0,0,0,0,19242,109,335,0,3,37290240,0,268435456,0,0,0,-1,-1
42075,Ботанический отпор,,23207,47895,0,-1,0,0,0,0,0,0,0,0,0,0,19227,109,347,0,3,41484544,8192,268435456,0,0,0,-1,-1
42076,Деревня в Темнотопи,,23208,47895,0,-1,0,0,0,0,0,0,0,0,0,0,19236,109,347,0,3,37290240,0,268435456,0,0,0,-1,-1
42077,Кошмары наяву,,23209,47895,0,-1,0,0,0,0,0,0,0,0,0,0,19240,109,347,0,3,41484544,0,268435456,0,0,0,-1,-1
42080,Крепость Браденсбрук,,23216,47895,0,-1,0,0,0,0,0,0,0,0,0,0,19241,109,347,0,3,41484544,8192,268435456,0,0,0,-1,-1
42082,Расколотое Средоточие,,23221,45613,0,-1,0,0,0,0,0,0,0,0,0,0,19244,109,335,0,3,41484544,8192,268435456,0,0,0,-1,-1
42086,Тотем Скверны,,23233,47899,0,-1,0,0,0,0,0,0,0,0,0,0,19246,109,347,0,3,37290240,0,268435456,41694,0,0,-1,-1
42087,Зеленый Ужас,,23237,47895,0,-1,0,0,0,0,0,0,0,0,0,0,19245,109,347,0,3,37290240,8192,268435456,0,0,0,-1,-1
42089,Павшие,,23239,45058,0,-1,0,0,0,0,0,0,0,0,0,0,19248,109,335,0,3,37290240,0,268435456,0,0,0,-1,-1
42090,Скользкие субъекты,,23242,45058,0,-1,0,0,0,0,0,0,0,0,0,140916,19250,109,335,0,3,37290240,8192,268435456,0,0,0,-1,-1
42094,Хранители Сна,,23247,47895,0,-1,0,0,0,0,0,0,0,0,0,0,19249,109,347,0,3,34144512,0,268435456,0,0,0,-1,-1
42095,Дракон Кошмара,,23251,47895,0,-1,0,0,0,0,0,0,0,0,0,0,19251,0,347,0,3,34144512,0,268435456,0,0,0,-1,-1
42099,"Задание ""Награда за голову"" – тест",,23261,0,0,-1,0,0,0,0,0,0,0,0,0,0,0,128,798,0,3,33554440,131072,268435456,0,0,0,-1,-1
42101,Язык ушедших,,23272,47901,0,-1,0,0,0,0,0,0,0,0,0,0,19255,109,347,0,3,37290240,0,268435456,41694,0,0,-1,-1
42105,Путаница с миксологией,,23277,47901,0,-1,0,0,0,0,0,0,0,0,0,0,19257,109,347,0,3,37290240,0,268435456,41694,0,0,-1,-1
42108,Ободрение ночных стражей,,23279,47901,0,-1,0,0,0,0,0,0,0,0,0,0,19261,109,347,0,3,37290240,8192,268435456,41694,0,0,-1,-1
42109,Bounty Quest Test 2,,23261,0,0,-1,0,0,0,0,0,0,0,0,0,0,0,128,798,0,3,33554440,131072,268435456,0,0,0,-1,-1
42111,Разведка боем,,23281,41005,0,-1,0,0,0,0,0,0,0,0,0,0,19262,109,335,0,3,37290240,0,268435456,0,0,0,-1,-1
42112,Возвращение иссохших,,23282,47901,0,-1,0,0,0,0,0,0,0,0,0,0,19263,109,347,0,3,37290240,0,268435456,41694,0,0,-1,-1
42119,Очистительный коктейль,,23290,47901,0,-1,0,0,0,0,0,0,0,0,0,0,19288,109,347,0,3,37290240,0,268435456,41694,0,0,-1,-1
42123,Возвращение Ллотиена,,23298,47901,0,-1,0,0,0,0,0,0,0,0,0,0,19305,109,347,0,3,37290240,0,268435456,41694,0,0,-1,-1
42124,Ведьмы и проклятия,,23300,47895,0,-1,0,0,0,0,0,0,0,0,0,0,19306,109,347,0,3,37290240,8192,268435456,0,0,0,-1,-1
42145,Нежданное появление,,23330,47895,0,-1,0,0,0,0,0,0,0,0,0,0,19325,109,347,0,3,37290240,8192,268435456,0,0,0,-1,-1
42146,"Ошеломленный, смущенный и очень милый",,23331,145947,0,-1,0,0,0,0,0,0,0,0,0,0,19331,115,347,0,3,3735808,0,268435456,0,0,0,-1,-1
42148,Вино подпортилось,,23334,145970,0,-1,0,0,0,0,0,0,0,0,0,0,19336,115,347,0,3,3735808,0,268435456,0,0,0,-1,-1
42150,Каль'делар: вторжение наг,,23339,47895,0,-1,0,0,0,0,0,0,0,0,0,0,19340,109,347,0,3,37290240,0,268435456,0,0,0,-1,-1
42151,Чистое небо,,23340,45619,0,-1,0,0,0,0,0,0,0,0,0,0,19341,109,335,0,3,41484544,8192,268435456,0,0,0,-1,-1
42154,Помощь малышам,,23341,145947,0,-1,0,0,0,0,0,0,0,0,0,0,19343,115,347,0,3,3735808,0,268435456,0,0,0,-1,-1
42159,Тренировки с ночными стражами,,23343,145947,0,-1,0,0,0,0,0,0,0,0,0,0,19347,115,347,0,3,3735808,0,268435456,0,0,0,-1,-1
42160,Незваные гости,,23344,47901,0,-1,0,0,0,0,0,0,0,0,0,0,19350,109,347,0,3,37290240,8192,268435456,41694,0,0,-1,-1
42165,Азсунские экземпляры,,23345,145947,0,-1,0,0,0,0,0,0,0,0,0,0,19385,115,347,0,3,3735808,0,268435456,0,0,0,-1,-1
42169,Выживший,,25395,45618,0,-1,0,0,0,0,0,0,0,0,0,0,19356,109,335,0,3,37290240,0,268435456,0,0,0,-1,-1
42172,Черви в Пещере силы,,23356,47901,0,-1,0,0,0,0,0,0,0,0,0,0,19366,109,347,0,3,37290240,8192,268435456,41694,0,0,-1,-1
42173,Электрогриль,,23361,47897,0,-1,0,0,0,0,0,0,0,0,0,0,19367,109,347,0,3,41484544,8192,268435456,41694,0,0,-1,-1
42174,Защитники Элуны,,23359,39947,0,-1,0,0,0,0,0,0,0,0,0,0,19352,109,347,0,3,39387392,0,268435456,39992,0,0,-1,-1
42176,Мятеж Сковальда,,23371,47897,0,-1,0,0,0,0,0,0,0,0,0,0,19353,109,347,0,3,40435968,8192,268435456,41694,0,0,-1,-1
42177,Возвращение Морхейма,,23368,47897,0,-1,0,0,0,0,0,0,0,0,0,0,19369,109,347,0,3,41484544,8192,268435456,41694,0,0,-1,-1
42178,Амортизатор,,23388,42474,0,-1,0,0,0,0,0,0,0,0,0,0,19370,109,347,0,3,41484544,8192,268435456,41694,0,0,-1,-1
42182,К бою!,,23387,47897,0,-1,0,0,0,0,0,0,0,0,0,0,19376,109,347,0,3,37290240,0,268435456,41694,0,0,1309324210,-1440044374
42183,К бою!,,24987,47897,0,-1,0,0,0,0,0,0,0,0,0,0,19376,109,347,0,3,37290240,0,268435456,41694,0,0,-1321907123,1427461461
42190,Защитник дикой природы,,23399,145947,0,-1,0,0,0,0,0,0,0,0,0,0,19392,115,347,0,3,3735808,0,268435456,0,0,0,-1,-1
42209,Освобождение одержимых,,23856,41006,0,-1,0,0,0,0,0,0,0,0,0,0,19381,135,335,0,3,41615616,0,268435456,0,0,0,-1,-1
42211,Родичи Леодрата,,23423,47901,0,-1,0,0,0,0,0,0,0,0,0,0,19382,109,347,0,3,37290240,8192,268435456,41694,0,0,-1,-1
42239,Чертоги Доблести: медвежий король,,23440,42253,0,-1,0,0,0,0,0,0,0,0,0,0,19308,137,347,0,3,35193088,0,268435458,0,0,0,-1,-1
42240,Чертоги Доблести: неуклюжие браконьеры,,23441,42253,0,-1,0,0,0,0,0,0,0,0,0,0,19307,137,347,0,3,35193088,0,268435458,0,0,0,-1,-1
42241,Чертоги Доблести: достойное испытание,,23442,42253,0,-1,0,0,0,0,0,0,0,0,0,0,19286,137,347,0,3,35193088,0,268435458,0,0,0,-1,-1
42242,Чертоги Доблести: дар Ветиру,,23443,42902,0,-1,0,0,0,0,0,0,0,0,0,0,19314,137,347,0,3,35193088,0,268435458,0,0,0,-1,-1
42243,Чертоги Доблести: деяния прошлого,,23446,42902,0,-1,0,0,0,0,0,0,0,0,0,0,19394,137,347,0,3,35193088,0,268435458,0,0,0,-1,-1
42269,Охотники за душами,,23448,45690,0,-1,0,0,0,0,0,0,0,0,0,0,19404,112,347,0,3,37290304,0,268435456,0,0,0,-1,-1
42270,Бич небес,,23452,45690,0,-1,0,0,0,0,0,0,0,0,0,0,19405,112,347,0,3,37290304,0,268435456,0,0,0,-1,-1
42274,Кто же подумает о молодняке?,,23456,47901,0,-1,0,0,0,0,0,0,0,0,0,0,19429,109,347,0,3,37290240,0,268435456,0,0,0,-1,-1
42275,Я на страже!,,23457,47901,0,-1,0,0,0,0,0,0,0,0,0,0,19430,109,347,0,3,37290240,0,268435456,0,0,0,-1,-1
42276,"Отвратительно, но полезно",,23458,47901,0,-1,0,0,0,0,0,0,0,0,0,0,19431,109,347,0,3,37290240,0,268435456,0,0,0,-1,-1
42277,Злоумышленники!,,23459,47901,0,-1,0,0,0,0,0,0,0,0,0,0,19432,109,347,0,3,37290240,0,268435456,0,0,0,-1,-1
42373,Месть за Темный Камень,,23512,74379,0,-1,5,0,0,0,0,0,0,0,0,0,0,0,333,0,3,38338560,0,268468224,39391,39425,39588,-1,-1
42431,Род Нитхегга,,23584,0,0,-1,0,0,0,0,0,0,0,0,0,0,0,0,990,0,3,38338560,8192,268468224,0,0,0,-1,-1
42442,Ночь битвы: Амалия,,23593,145934,0,-1,0,0,0,0,0,0,0,0,0,0,19474,115,347,0,3,3735808,0,268435456,0,0,0,-1,-1
42506,Фолианты минувших эпох,,23645,47901,0,-1,0,0,0,0,0,0,0,0,0,0,19483,109,347,0,3,37290240,0,268435456,0,0,0,-1,-1
42511,Неупокоенные души,,23651,47901,0,-1,0,0,0,0,0,0,0,0,0,0,19486,109,347,0,3,37290240,0,268435456,0,0,0,-1,-1
42620,РАЗЫСКИВАЕТСЯ: Аркавелл,,23753,47901,0,-1,0,0,0,0,0,0,0,0,0,0,19736,109,347,0,3,3735872,0,268435456,0,0,0,-1,-1
42623,Пиратство до добра не доводит,,23757,47901,0,-1,0,0,0,0,0,0,0,0,0,0,19514,109,347,0,3,37290240,0,268435456,0,0,0,-1,-1
42624,Командующие флота,,23758,47901,0,-1,0,0,0,0,0,0,0,0,0,0,19515,109,347,0,3,37290240,0,268435456,0,0,0,-1,-1
42631,РАЗЫСКИВАЕТСЯ: инквизитор Тивос,,23762,47901,0,-1,0,0,0,0,0,0,0,0,0,0,19740,109,347,0,3,3735872,0,268435456,0,0,0,-1,-1
42633,РАЗЫСКИВАЕТСЯ: Вортакс,,23766,47901,0,-1,0,0,0,0,0,0,0,0,0,0,19741,109,347,0,3,3735872,0,268435456,0,0,0,-1,-1
42636,РАЗЫСКИВАЕТСЯ: чародей Шал'иман,,23767,47901,0,-1,0,0,0,0,0,0,0,0,0,0,19735,109,347,0,3,3735872,0,268435456,0,0,0,-1,-1
42652,Древние экземпляры,,23832,47901,0,-1,0,0,0,0,0,0,0,0,0,0,19554,111,347,0,3,37290240,0,268435456,0,0,0,-1,-1
42711,Вечные маги,,23834,47901,0,-1,0,0,0,0,0,0,0,0,0,0,19555,109,347,0,3,37290240,0,268435456,0,0,0,-1,-1
42712,Око Азшары: убийственные клешни,,23838,42253,0,-1,0,0,0,0,0,0,0,0,0,0,19547,137,347,0,3,35193088,0,268435458,0,0,0,-1,-1
42713,Око Азшары: скользкий тип,,23843,42253,0,-1,0,0,0,0,0,0,0,0,0,0,19548,137,347,0,3,35193088,0,268435458,0,0,0,-1,-1
42714,Чаща Темного Сердца: Мифана,,23849,42253,0,-1,0,0,0,0,0,0,0,0,0,0,18130,137,347,0,3,37290240,0,268435458,0,0,0,-1,-1
42723,Око Азшары: крепкий панцирь,,23858,42253,0,-1,0,0,0,0,0,0,0,0,0,0,19549,137,347,0,3,35193088,0,268435458,0,0,0,-1,-1
42725,Разделение богатства,,23867,41006,0,-1,0,0,0,0,0,0,0,0,0,0,19582,135,335,0,3,37290240,0,268435456,0,0,0,-1,-1
42742,Чаща Темного Сердца: яростная гниль,,23887,42253,0,-1,0,0,0,0,0,0,0,0,0,0,18131,137,347,0,3,37290240,0,268435458,0,0,0,-1,-1
42743,Чаща Темного Сердца: Кудзилла,,23886,42253,0,-1,0,0,0,0,0,0,0,0,0,0,18132,137,347,0,3,37290240,0,268435458,0,0,0,-1,-1
42744,Чаща Темного Сердца: кто хранит хранителей,,23885,42902,0,-1,0,0,0,0,0,0,0,0,0,0,19552,137,347,0,3,37290240,0,268435458,0,0,0,-1,-1
42745,Чаща Темного Сердца: медвежьи услуги,,23884,42902,0,-1,0,0,0,0,0,0,0,0,0,0,19583,137,347,0,3,37290240,0,268435458,0,0,0,-1,-1
42746,Око Азшары: тупик,,23890,42902,0,-1,0,0,0,0,0,0,0,0,0,0,19550,137,347,0,3,35193088,0,268435458,0,0,0,-1,-1
42755,Око Азшары: азсунский жемчуг,,24902,42902,0,-1,0,0,0,0,0,0,0,0,0,0,19551,137,347,0,3,35193088,0,268435458,0,0,0,-1,-1
42757,Утроба Душ: гроза глубин,,23906,42253,0,-1,0,0,0,0,0,0,0,0,0,0,19573,137,347,0,3,35193088,0,268435458,0,0,0,-1,-1
42764,Квартал Звезд: призрак в машине,,23914,45063,0,-1,0,0,0,0,0,0,0,0,0,0,19589,137,335,0,3,35193088,0,268435458,0,0,0,-1,-1
42769,Квартал Звезд: принеси мне глаза,,23932,45063,0,-1,0,0,0,0,0,0,0,0,0,0,19590,137,335,0,3,35193088,0,268435458,0,0,0,-1,-1
42779,Спящая порча,,23946,45690,0,-1,0,0,0,0,0,0,0,0,0,0,19597,112,347,0,3,37290304,0,268435456,0,0,0,-1,-1
42780,Утроба Душ: из глубин ада,,23929,42253,0,-1,0,0,0,0,0,0,0,0,0,0,19574,137,347,0,3,35193088,0,268435458,0,0,0,-1,-1
42781,Квартал Звезд: обезоруживая дозорных,,23903,45063,0,-1,0,0,0,0,0,0,0,0,0,0,19591,137,335,0,3,35193088,0,268435458,0,0,0,-1,-1
42783,Квартал Звезд: цветущие в ночи,,23933,45063,0,-1,0,0,0,0,0,0,0,0,0,0,19592,137,335,0,3,35193088,0,268435458,0,0,0,-1,-1
42784,Квартал Звезд: лживый ученик,,23934,45063,0,-1,0,0,0,0,0,0,0,0,0,0,19593,137,335,0,3,35193088,0,268435458,0,0,0,-1,-1
42785,ОЧЕНЬ ОПАСНА: мать стаи Ильва,,23943,47897,0,-1,0,0,0,0,0,0,0,0,0,0,19598,136,347,0,3,37290304,0,268435456,0,0,0,-1,-1
42788,Утроба Душ: возвращение чудовища,,23959,42253,0,-1,0,0,0,0,0,0,0,0,0,0,19575,137,347,0,3,35193088,0,268435458,0,0,0,-1,-1
42795,РАЗЫСКИВАЕТСЯ: Санаар,,23963,38948,0,-1,0,0,0,0,0,0,0,0,0,0,20477,109,335,0,3,3735872,0,268435456,0,0,0,-1,-1
42796,РАЗЫСКИВАЕТСЯ: праматерь Шу'малис,,23964,38948,0,-1,0,0,0,0,0,0,0,0,0,0,20470,109,335,0,3,3735872,0,268435456,0,0,0,-1,-1
42797,ОЧЕНЬ ОПАСЕН: мастер косы Силь'раман,,25420,38948,0,-1,0,0,0,0,0,0,0,0,0,0,19187,136,335,0,3,3735872,0,268435456,0,0,0,-1,-1
42798,ОЧЕНЬ ОПАСНА: охотница Эстрид,,23968,47897,0,-1,0,0,0,0,0,0,0,0,0,0,19604,136,347,0,3,37290304,0,268435456,0,0,0,-1,-1
42799,ОЧЕНЬ ОПАСЕН: Оглок Неистовый,,23965,38948,0,-1,0,0,0,0,0,0,0,0,0,0,19610,136,335,0,3,3735872,0,268435456,0,0,0,-1,-1
42806,ОЧЕНЬ ОПАСЕН: Фьорлаг Могильный Холод,,23981,47897,0,-1,0,0,0,0,0,0,0,0,0,0,19618,136,347,0,3,37290304,0,268435456,0,0,0,-1,-1
42819,Карманный маг,,23996,45690,0,-1,0,0,0,0,0,0,0,0,0,0,19627,112,347,0,3,37290304,0,268435456,0,0,0,-1,-1
42820,ОЧЕНЬ ОПАСЕН: Эгир Сокрушитель Волн,,23998,47897,0,-1,0,0,0,0,0,0,0,0,0,0,19632,136,347,0,3,37290304,0,268435456,0,0,0,-1,-1
42830,Борьба с вредителями,,24041,41007,0,-1,0,0,0,0,0,0,0,0,0,0,19642,135,335,0,3,37421312,0,268435456,0,0,0,-1,-1
42859,Зелье надежды,,24163,41006,0,-1,0,0,0,0,0,0,0,0,0,0,19687,135,335,0,3,41484544,0,268435456,0,0,0,-1,-1
42861,ОЧЕНЬ ОПАСЕН: Камнепад Оползающий,,24048,47897,0,-1,0,0,0,0,0,0,0,0,0,0,19646,136,347,0,3,37290304,0,268435456,0,0,0,-1,-1
42864,ОЧЕНЬ ОПАСЕН: капитан Дарган,,24053,47897,0,-1,0,0,0,0,0,0,0,0,0,0,19647,136,347,0,3,37290304,0,268435456,0,0,0,-1,-1
42870,ОЧЕНЬ ОПАСЕН: Катоу Дикий,,24061,47895,0,-1,0,0,0,0,0,0,0,0,0,0,19655,136,347,0,3,37290304,0,268435456,0,0,0,-1,-1
42880,Как выполнить план,,24073,41007,0,-1,0,0,0,0,0,0,0,0,0,0,19657,135,335,0,3,37290240,0,268435456,0,0,0,-1,-1
42922,Казематы Стражей: процедура запуска,,24104,42902,0,-1,0,0,0,0,0,0,0,0,0,0,19666,137,347,0,3,35193088,0,268435458,0,0,0,-1,-1
42924,Казематы Стражей: очень темная материя,,24112,42902,0,-1,0,0,0,0,0,0,0,0,0,0,19668,137,347,0,3,35193088,0,268435458,0,0,0,-1,-1
42926,Казематы Стражей: как он туда забрался?,,24114,42253,0,-1,0,0,0,0,0,0,0,0,0,0,19670,137,347,0,3,35193088,0,268435458,0,0,0,-1,-1
42927,ОЧЕНЬ ОПАСНА: Мелисандра,,24131,47895,0,-1,0,0,0,0,0,0,0,0,0,0,19663,136,347,0,3,37290304,0,268435456,0,0,0,-1,-1
42953,ОЧЕНЬ ОПАСНА: стражница душ Альдора,,24142,47897,0,-1,0,0,0,0,0,0,0,0,0,0,19673,136,347,0,3,37290304,0,268435456,0,0,0,-1,-1
42962,Секретная переписка,,24156,41006,0,-1,0,0,0,0,0,0,0,0,0,137299,19677,135,335,0,3,37421312,6,268435456,0,0,0,-1,-1
42963,ОЧЕНЬ ОПАСЕН: Ральф Костолом,,24158,47897,0,-1,0,0,0,0,0,0,0,0,0,0,19678,136,347,0,3,37290304,0,268435456,0,0,0,-1,-1
42964,ОЧЕНЬ ОПАСНА: Лагерта,,24159,47897,0,-1,0,0,0,0,0,0,0,0,0,0,19639,136,347,0,3,37290304,0,268435456,0,0,0,-1,-1
42969,Шпион в наших рядах,,24161,41006,0,-1,0,0,0,0,0,0,0,0,0,0,19685,135,335,0,3,41484544,2,268435456,0,0,0,-1,-1
42991,ОЧЕНЬ ОПАСЕН: руновидец Сигвид,,24186,47897,0,-1,0,0,0,0,0,0,0,0,0,0,19690,136,347,0,3,37290304,0,268435456,0,0,0,-1,-1
43027,ОЧЕНЬ ОПАСЕН: Мортиферос,,24224,47901,0,-1,0,0,0,0,0,0,0,0,0,0,19697,136,347,0,3,37290304,0,268435456,0,0,0,-1,-1
43040,ОЧЕНЬ ОПАСЕН: Валакар Жаждущий,,24255,47901,0,-1,0,0,0,0,0,0,0,0,0,0,19698,136,347,0,3,37290304,0,268435456,0,0,0,-1,-1
43059,ОЧЕНЬ ОПАСЕН: Фьордан,,24254,47901,0,-1,0,0,0,0,0,0,0,0,0,0,19699,136,347,0,3,37290304,0,268435456,0,0,0,-1,-1
43063,ОЧЕНЬ ОПАСЕН: Грозовое Крыло,,24707,47901,0,-1,0,0,0,0,0,0,0,0,0,0,19700,136,347,0,3,37290304,0,268435456,0,0,0,-1,-1
43072,ОЧЕНЬ ОПАСНА: Шепчущая,,24267,47901,0,-1,0,0,0,0,0,0,0,0,0,0,19702,136,347,0,3,37290304,0,268435456,0,0,0,-1,-1
43079,ОЧЕНЬ ОПАСЕН: Воспламеан,,24706,47901,0,-1,0,0,0,0,0,0,0,0,0,0,19703,136,347,0,3,37290304,0,268435456,0,0,0,-1,-1
43091,ОЧЕНЬ ОПАСЕН: Арканор Могучий,,24289,47901,0,-1,0,0,0,0,0,0,0,0,0,0,19706,136,347,0,3,37290304,0,268435456,0,0,0,-1,-1
43098,ОЧЕНЬ ОПАСЕН: Марблуб Громадный,,24295,47901,0,-1,0,0,0,0,0,0,0,0,0,0,19707,136,347,0,3,37290304,0,268435456,0,0,0,-1,-1
43101,ОЧЕНЬ ОПАСЕН: знахарь Гргл-Бргл,,24348,47895,0,-1,0,0,0,0,0,0,0,0,0,0,19708,136,347,0,3,37290304,0,268435456,0,0,0,-1,-1
43121,ОЧЕНЬ ОПАСЕН: главный казначей Джабрилл,,24376,47901,0,-1,0,0,0,0,0,0,0,0,0,0,19724,136,347,0,3,37290304,0,268435456,0,0,0,-1,-1
43152,ОЧЕНЬ ОПАСЕН: Литерон,,24351,47895,0,-1,0,0,0,0,0,0,0,0,0,0,19730,136,347,0,3,37290304,0,268435456,0,0,0,-1,-1
43175,ОЧЕНЬ ОПАСЕН: Волнохват,,24375,47901,0,-1,0,0,0,0,0,0,0,0,0,0,19742,136,347,0,3,37290304,0,268435456,0,0,0,-1,-1
43183,Штурм Сторожевой башни: дозорный пункт звездного охотника,,24387,143219,0,-1,0,0,0,0,0,0,0,0,0,0,18675,113,347,0,3,37290240,0,268435456,0,0,0,-1321907123,1427461461
43192,Кошмар глубин,,24399,45690,0,-1,0,0,0,0,0,0,0,0,0,0,19603,112,347,0,3,37290304,0,268435456,0,0,0,-1,-1
43193,Вредоносные намерения,,24400,45690,0,-1,0,0,0,0,0,0,0,0,0,0,19695,112,347,0,3,37290304,0,268435456,0,0,0,-1,-1
43241,Поток кошмара,,24451,45636,0,-1,0,0,0,0,0,0,0,0,0,0,0,0,990,0,3,34144256,0,268468224,0,0,0,-1,-1
43247,Штурм Сторожевой башни: Шпиль последователей Тьмы,,24457,143219,0,-1,0,0,0,0,0,0,0,0,0,0,18675,113,347,0,3,37290240,0,268435456,0,0,0,1309324210,-1440044374
43248,Штурм Сторожевой башни: Шпиль последователей Тьмы,,24458,143219,0,-1,0,0,0,0,0,0,0,0,0,0,18630,113,347,0,3,37290240,0,268435456,0,0,0,-1321907123,1427461461
43324,Ярость совухов,,24566,47895,0,-1,0,0,0,0,0,0,0,0,0,0,19850,109,347,0,3,41484544,0,268435456,0,0,0,-1,-1
43325,Силовая гонка,,24561,48387,0,-1,0,0,0,0,0,0,0,0,0,0,20478,109,347,0,3,35193088,0,268435456,0,0,0,-1,-1
43326,Разведка,,24565,47904,0,-1,0,0,0,0,0,0,0,0,0,0,19852,109,347,0,3,35193088,0,268435456,0,0,0,-1,-1
43327,Магия полета,,24567,47901,0,-1,0,0,0,0,0,0,0,0,0,0,20479,109,347,0,3,-2112290560,0,268435456,0,0,0,-1,-1
43328,Загадка,,24568,47901,0,-1,0,0,0,0,0,0,0,0,0,0,20480,109,347,0,3,-2110193408,0,268435456,0,0,0,-1,-1
43330,Эффектный огонь,,24570,47904,0,-1,0,0,0,0,0,0,0,0,0,0,19855,109,347,0,3,35193088,0,268435456,0,0,0,-1,-1
43332,Грелль в лукошке,,24574,47895,0,-1,0,0,0,0,0,0,0,0,0,0,19883,109,347,0,3,41484544,0,268435456,0,0,0,-1,-1
43333,ОЧЕНЬ ОПАСНА: Нилаатрия Позабытая,,24578,47895,0,-1,0,0,0,0,0,0,0,0,0,0,19882,136,347,0,3,37290304,0,268435456,0,0,0,-1,-1
43336,Очищение от Кошмара,,24581,47895,0,-1,0,0,0,0,0,0,0,0,0,0,19886,109,347,0,3,37290240,0,268435456,0,0,0,-1,-1
43344,ОЧЕНЬ ОПАСНА: Аода Сухой Лепесток,,24599,47895,0,-1,0,0,0,0,0,0,0,0,0,0,19941,136,347,0,3,37290304,0,268435456,0,0,0,-1,-1
43345,ОЧЕНЬ ОПАСЕН: Предвестник криков,,24603,47895,0,-1,0,0,0,0,0,0,0,0,0,0,19943,136,347,0,3,37290304,0,268435456,0,0,0,-1,-1
43346,ОЧЕНЬ ОПАСЕН: Илдис,,24605,47895,0,-1,0,0,0,0,0,0,0,0,0,0,19954,136,347,0,3,37290304,0,268435456,0,0,0,-1,-1
43347,ОЧЕНЬ ОПАСЕН: Рабзах,,24608,47895,0,-1,0,0,0,0,0,0,0,0,0,0,19937,136,347,0,3,37290304,0,268435456,0,0,0,-1,-1
43426,РАЗЫСКИВАЕТСЯ: Брогозог,,24705,47901,0,-1,0,0,0,0,0,0,0,0,0,0,19737,109,347,0,3,3735872,0,268435456,0,0,0,-1,-1
43427,РАЗЫСКИВАЕТСЯ: повелитель инферналов,,24702,47901,0,-1,0,0,0,0,0,0,0,0,0,0,19739,109,347,0,3,3735872,0,268435456,0,0,0,-1,-1
43428,РАЗЫСКИВАЕТСЯ: Владыка судеб Казрок,,24703,47901,0,-1,0,0,0,0,0,0,0,0,0,0,19738,109,347,0,3,3735872,0,268435456,0,0,0,-1,-1
43429,РАЗЫСКИВАЕТСЯ: Сифоний,,24700,47901,0,-1,0,0,0,0,0,0,0,0,0,0,19753,109,347,0,3,3735872,0,268435456,0,0,0,-1,-1
43430,РАЗЫСКИВАЕТСЯ: капитан Воло'рен,,24704,47901,0,-1,0,0,0,0,0,0,0,0,0,0,19758,109,347,0,3,3735872,0,268435456,0,0,0,-1,-1
43431,РАЗЫСКИВАЕТСЯ: Вестник войны Мокс'на,,24693,47901,0,-1,0,0,0,0,0,0,0,0,0,0,19970,109,347,0,3,3735872,0,268435456,0,0,0,-1,-1
43432,РАЗЫСКИВАЕТСЯ: Нормантис Низложенный,,24701,47901,0,-1,0,0,0,0,0,0,0,0,0,0,19781,109,347,0,3,3735872,0,268435456,0,0,0,-1,-1
43434,РАЗЫСКИВАЕТСЯ: Фафнир,,24699,47897,0,-1,0,0,0,0,0,0,0,0,0,0,19792,109,347,0,3,3735872,0,268435456,0,0,0,-1,-1
43435,Бой продолжается,,24697,45616,0,-1,0,0,0,0,0,0,0,0,0,0,19973,109,335,0,3,37290240,8194,268435456,0,0,0,-1,-1
43436,РАЗЫСКИВАЕТСЯ: Глимар Железный Кулак,,24698,47897,0,-1,0,0,0,0,0,0,0,0,0,0,19895,109,347,0,3,3735872,0,268435456,0,0,0,-1,-1
43437,РАЗЫСКИВАЕТСЯ: Тан Ирглов,,24709,47897,0,-1,0,0,0,0,0,0,0,0,0,0,19900,109,347,0,3,3735872,0,268435456,0,0,0,-1,-1
43438,РАЗЫСКИВАЕТСЯ: Безымянный Король,,24721,47897,0,-1,0,0,0,0,0,0,0,0,0,0,19905,109,347,0,3,3735872,0,268435456,0,0,0,-1,-1
43445,Превосходство в воздухе,,24715,41856,0,-1,0,0,0,0,0,0,0,0,0,0,19974,109,335,0,3,41484544,8192,268435456,0,0,0,-1,-1
43448,Король во льдах,,24719,45690,0,-1,0,0,0,0,0,0,0,0,0,0,19975,112,347,0,3,37290304,0,268435456,0,0,0,-1,-1
43450,РАЗЫСКИВАЕТСЯ: Типтог Заблудший,,24722,47897,0,-1,0,0,0,0,0,0,0,0,0,0,19911,109,347,0,3,3735872,0,268435456,0,0,0,-1,-1
43451,РАЗЫСКИВАЕТСЯ: Ургев Кровавый Топор,,24724,47897,0,-1,0,0,0,0,0,0,0,0,0,0,19917,109,347,0,3,3735872,0,268435456,0,0,0,-1,-1
43452,РАЗЫСКИВАЕТСЯ: Изель Молот,,24723,47897,0,-1,0,0,0,0,0,0,0,0,0,0,19922,109,347,0,3,3735872,0,268435456,0,0,0,-1,-1
43453,РАЗЫСКИВАЕТСЯ: Ганнвал Мясник,,24725,47897,0,-1,0,0,0,0,0,0,0,0,0,0,19927,109,347,0,3,3735872,0,268435456,0,0,0,-1,-1
43454,РАЗЫСКИВАЕТСЯ: Эгил Бессмертный,,24726,47897,0,-1,0,0,0,0,0,0,0,0,0,0,19934,109,347,0,3,3735872,0,268435456,0,0,0,-1,-1
43455,РАЗЫСКИВАЕТСЯ: Всепоглощающий мрак,,25419,47899,0,-1,0,0,0,0,0,0,0,0,0,0,19800,109,347,0,3,3735872,0,268435456,0,0,0,-1,-1
43456,РАЗЫСКИВАЕТСЯ: Скал'вракс,,24727,47895,0,-1,0,0,0,0,0,0,0,0,0,0,19806,109,347,0,3,3735872,0,268435456,0,0,0,-1,-1
43457,РАЗЫСКИВАЕТСЯ: Териссия,,24728,47895,0,-1,0,0,0,0,0,0,0,0,0,0,19811,109,347,0,3,3735872,0,268435456,0,0,0,-1,-1
43458,РАЗЫСКИВАЕТСЯ: Перрекс,,24729,47895,0,-1,0,0,0,0,0,0,0,0,0,0,19816,109,347,0,3,3735872,0,268435456,0,0,0,-1,-1
43459,РАЗЫСКИВАЕТСЯ: Тондракс,,24730,47895,0,-1,0,0,0,0,0,0,0,0,0,0,19822,109,347,0,3,3735872,0,268435456,0,0,0,-1,-1
43460,РАЗЫСКИВАЕТСЯ: Киранис Сумеречный Шепот,,24731,47895,0,-1,0,0,0,0,0,0,0,0,0,0,19951,109,347,0,3,3735872,0,268435456,0,0,0,-1,-1
43483,Истребление Скверны,,24761,41989,0,-1,0,0,0,0,0,0,0,0,0,0,0,0,345,0,3,39387136,8192,268435456,0,0,0,-1,-1
43512,Ана-Муз,,24785,45690,0,-1,0,0,0,0,0,0,0,0,0,0,20023,112,335,0,3,37290304,0,268435456,0,0,0,-1,-1
43513,На'зак Одержимый,,24786,45690,0,-1,0,0,0,0,0,0,0,0,0,0,20025,112,335,0,3,37290304,0,268435456,0,0,0,-1,-1
43583,Жизнь всегда побеждает,,24866,42874,0,-1,0,0,0,0,0,0,0,0,0,0,20027,109,335,0,3,41484544,0,268435456,0,0,0,-1,-1
43598,Штурм Сторожевой башни: бастион Черного Ястреба,,24883,143218,0,-1,0,0,0,0,0,0,0,0,0,0,18753,113,347,0,3,37290240,0,268435456,0,0,0,1309324210,-1440044374
43599,Штурм Сторожевой башни: бастион Черного Ястреба,,24884,143218,0,-1,0,0,0,0,0,0,0,0,0,0,18752,113,347,0,3,37290240,0,268435456,0,0,0,-1321907123,1427461461
43600,Штурм Сторожевой башни: цитадель Шелеста Ветра,,24885,143218,0,-1,0,0,0,0,0,0,0,0,0,0,18752,113,347,0,3,37290240,0,268435456,0,0,0,1309324210,-1440044374
43601,Штурм Сторожевой башни: цитадель Шелеста Ветра,,24886,143218,0,-1,0,0,0,0,0,0,0,0,0,0,18753,113,347,0,3,37290240,0,268435456,0,0,0,-1321907123,1427461461
43605,РАЗЫСКИВАЕТСЯ: чародей Шал'иман,,25283,47901,0,-1,0,0,0,0,0,0,0,0,0,0,19718,135,347,0,3,3735872,0,268435456,0,0,0,-1,-1
43606,РАЗЫСКИВАЕТСЯ: Аркавелл,,25282,47901,0,-1,0,0,0,0,0,0,0,0,0,0,19717,135,347,0,3,3735872,0,268435456,0,0,0,-1,-1
43607,РАЗЫСКИВАЕТСЯ: Брогозог,,25281,47901,0,-1,0,0,0,0,0,0,0,0,0,0,19710,135,347,0,3,3735872,0,268435456,0,0,0,-1,-1
43608,РАЗЫСКИВАЕТСЯ: капитан Воло'рен,,25280,47901,0,-1,0,0,0,0,0,0,0,0,0,0,19757,135,347,0,3,3735872,0,268435456,0,0,0,-1,-1
43609,РАЗЫСКИВАЕТСЯ: Владыка судеб Казрок,,25279,47901,0,-1,0,0,0,0,0,0,0,0,0,0,19734,135,347,0,3,3735872,0,268435456,0,0,0,-1,-1
43610,РАЗЫСКИВАЕТСЯ: повелитель инферналов,,25278,47901,0,-1,0,0,0,0,0,0,0,0,0,0,19728,135,347,0,3,3735872,0,268435456,0,0,0,-1,-1
43611,РАЗЫСКИВАЕТСЯ: инквизитор Тивос,,25277,47901,0,-1,0,0,0,0,0,0,0,0,0,0,19716,135,347,0,3,3735872,0,268435456,0,0,0,-1,-1
43612,РАЗЫСКИВАЕТСЯ: Нормантис Низложенный,,25276,47901,0,-1,0,0,0,0,0,0,0,0,0,0,19766,135,347,0,3,3735872,0,268435456,0,0,0,-1,-1
43613,РАЗЫСКИВАЕТСЯ: Сифоний,,25274,47901,0,-1,0,0,0,0,0,0,0,0,0,0,19752,135,347,0,3,3735872,0,268435456,0,0,0,-1,-1
43614,РАЗЫСКИВАЕТСЯ: Вортакс,,25275,47901,0,-1,0,0,0,0,0,0,0,0,0,0,19715,135,347,0,3,3735872,0,268435456,0,0,0,-1,-1
43615,РАЗЫСКИВАЕТСЯ: Вестник войны Мокс'на,,25273,47901,0,-1,0,0,0,0,0,0,0,0,0,0,19762,135,347,0,3,3735872,0,268435456,0,0,0,-1,-1
43616,РАЗЫСКИВАЕТСЯ: Бодаш Алчный,,25301,47899,0,-1,0,0,0,0,0,0,0,0,0,0,19944,135,347,0,3,3735872,0,268435456,0,0,0,-1,-1
43617,РАЗЫСКИВАЕТСЯ: Всепоглощающий мрак,,25300,47899,0,-1,0,0,0,0,0,0,0,0,0,0,19799,135,347,0,3,3735872,0,268435456,0,0,0,-1,-1
43618,РАЗЫСКИВАЕТСЯ: Гурбог Крушака,,25299,47899,0,-1,0,0,0,0,0,0,0,0,0,0,19939,135,347,0,3,3735872,0,268435456,0,0,0,-1,-1
43619,РАЗЫСКИВАЕТСЯ: Шарра Дыхание Скверны,,25298,47899,0,-1,0,0,0,0,0,0,0,0,0,0,19834,135,347,0,3,3735872,0,268435456,0,0,0,-1,-1
43620,РАЗЫСКИВАЕТСЯ: Эгил Бессмертный,,25297,47897,0,-1,0,0,0,0,0,0,0,0,0,0,19932,135,347,0,3,3735872,0,268435456,0,0,0,-1,-1
43621,РАЗЫСКИВАЕТСЯ: Фафнир,,25296,47897,0,-1,0,0,0,0,0,0,0,0,0,0,19791,135,347,0,3,3735872,0,268435456,0,0,0,-1,-1
43622,РАЗЫСКИВАЕТСЯ: Глимар Железный Кулак,,25295,47897,0,-1,0,0,0,0,0,0,0,0,0,0,19894,135,347,0,3,3735872,0,268435456,0,0,0,-1,-1
43623,РАЗЫСКИВАЕТСЯ: Ганнвал Мясник,,25294,47897,0,-1,0,0,0,0,0,0,0,0,0,0,19925,135,347,0,3,3735872,0,268435456,0,0,0,-1,-1
43624,РАЗЫСКИВАЕТСЯ: Изель Молот,,25293,47897,0,-1,0,0,0,0,0,0,0,0,0,0,19920,135,347,0,3,3735872,0,268435456,0,0,0,-1,-1
43625,РАЗЫСКИВАЕТСЯ: Безымянный Король,,25292,47897,0,-1,0,0,0,0,0,0,0,0,0,0,19904,135,347,0,3,3735872,0,268435456,0,0,0,-1,-1
43626,РАЗЫСКИВАЕТСЯ: Тан Ирглов,,25291,47897,0,-1,0,0,0,0,0,0,0,0,0,0,19897,135,347,0,3,3735872,0,268435456,0,0,0,-1,-1
43627,РАЗЫСКИВАЕТСЯ: Типтог Заблудший,,25290,47897,0,-1,0,0,0,0,0,0,0,0,0,0,19909,135,347,0,3,3735872,0,268435456,0,0,0,-1,-1
43628,РАЗЫСКИВАЕТСЯ: Ургев Кровавый Топор,,25289,47897,0,-1,0,0,0,0,0,0,0,0,0,0,19915,135,347,0,3,3735872,0,268435456,0,0,0,-1,-1
43629,РАЗЫСКИВАЕТСЯ: Киранис Сумеречный Шепот,,25288,47895,0,-1,0,0,0,0,0,0,0,0,0,0,19949,135,347,0,3,3735872,0,268435456,0,0,0,-1,-1
43630,РАЗЫСКИВАЕТСЯ: Перрекс,,25287,47895,0,-1,0,0,0,0,0,0,0,0,0,0,19815,135,347,0,3,3735872,0,268435456,0,0,0,-1,-1
43631,РАЗЫСКИВАЕТСЯ: Скал'вракс,,25286,47895,0,-1,0,0,0,0,0,0,0,0,0,0,19805,135,347,0,3,3735872,0,268435456,0,0,0,-1,-1
43632,РАЗЫСКИВАЕТСЯ: Териссия,,25285,47895,0,-1,0,0,0,0,0,0,0,0,0,0,19810,135,347,0,3,3735872,0,268435456,0,0,0,-1,-1
43633,РАЗЫСКИВАЕТСЯ: Тондракс,,25284,47895,0,-1,0,0,0,0,0,0,0,0,0,0,19821,135,347,0,3,3735872,0,268435456,0,0,0,-1,-1
43637,Катакомбы Сурамара: Забитый водосток,,24897,45060,0,-1,0,0,0,0,0,0,0,0,0,0,20040,137,335,0,3,35193088,0,268435458,0,0,0,-1,-1
43638,Катакомбы Сурамара: Серебряный змей,,24898,45060,0,-1,0,0,0,0,0,0,0,0,0,0,20052,137,335,0,3,35193088,0,268435458,0,0,0,-1,-1
43639,Катакомбы Сурамара: Смерть чародея,,24899,45060,0,-1,0,0,0,0,0,0,0,0,0,0,20053,137,335,0,3,35193088,0,268435458,0,0,0,-1,-1
43640,Катакомбы Сурамара: Закрадывающиеся подозрения,,24900,45060,0,-1,0,0,0,0,0,0,0,0,0,0,20054,137,335,0,3,35193088,0,268435458,0,0,0,-1,-1
43641,Катакомбы Сурамара: Бродячая чума,,24901,45060,0,-1,0,0,0,0,0,0,0,0,0,0,20055,137,335,0,3,35193088,0,268435458,0,0,0,-1,-1
43642,Крепость Черной Ладьи: Печаль,,24905,42253,0,-1,0,0,0,0,0,0,0,0,0,0,20058,137,347,0,3,35193088,0,268435458,0,0,0,-1,-1
43709,Суровое пробуждение,,25022,47895,0,-1,0,0,0,0,0,0,0,0,0,0,20105,109,347,0,3,41484544,0,268435456,0,0,0,-1,-1
43710,Темные руны,,25049,47897,0,-1,0,0,0,0,0,0,0,0,0,0,20108,109,347,0,3,37290240,0,268435456,41694,0,0,-1,-1
43711,Крепость Черной Ладьи: Огонь!,,25045,42253,0,-1,0,0,0,0,0,0,0,0,0,0,20090,137,347,0,3,35193088,0,268435458,0,0,0,-1,-1
43712,Крепость Черной Ладьи: безумный чародей,,25047,42253,0,-1,0,0,0,0,0,0,0,0,0,0,20102,137,347,0,3,35193088,0,268435458,0,0,0,-1,-1
43714,Крепость Черной Ладьи: худший из худших,,25048,42253,0,-1,0,0,0,0,0,0,0,0,0,0,20113,137,347,0,3,35193088,0,268435458,0,0,0,-1,-1
43721,Хеларьяры явились,,25059,47897,0,-1,0,0,0,0,0,0,0,0,0,0,20116,136,347,0,3,37290240,0,268435456,41694,0,0,-1,-1
43722,Священные кости,,26355,47897,0,-1,0,0,0,0,0,0,0,0,0,0,20117,136,347,0,3,37290240,0,268435456,41694,0,0,-1,-1
43738,Прибрежная темнота,,25081,47895,0,-1,0,0,0,0,0,0,0,0,0,0,20122,109,347,0,3,41484544,8192,268435456,0,0,0,-1,-1
43745,Упокоение бури,,25061,47897,0,-1,0,0,0,0,0,0,0,0,0,0,20123,136,347,0,3,37290240,0,268435456,41694,0,0,-1,-1
43751,Корабль!,,25093,47897,0,-1,0,0,0,0,0,0,0,0,0,0,20138,109,347,0,3,41484544,0,268435456,41694,0,0,-1321907123,1427461461
43752,Корабль!,,25131,47897,0,-1,0,0,0,0,0,0,0,0,0,0,20138,109,347,0,3,41484544,0,268435456,41694,0,0,1309324210,-1440044374
43753,Силовая гонка,,25094,47895,0,-1,0,0,0,0,0,0,0,0,0,0,20490,109,347,0,3,35193088,0,268435456,0,0,0,-1,-1
43754,Разведка,,25095,47894,0,-1,0,0,0,0,0,0,0,0,0,0,19877,109,347,0,3,35193088,0,268435456,0,0,0,-1,-1
43755,Магия полета,,25096,47895,0,-1,0,0,0,0,0,0,0,0,0,0,20491,109,347,0,3,-2112290560,0,268435456,0,0,0,-1,-1
43756,Загадка,,25097,47895,0,-1,0,0,0,0,0,0,0,0,0,0,20492,109,347,0,3,-2110193408,0,268435456,0,0,0,-1,-1
43757,Эффектный огонь,,25098,47894,0,-1,0,0,0,0,0,0,0,0,0,0,19880,109,347,0,3,35193088,0,268435456,0,0,0,-1,-1
43758,Куда бы ни завел меня сумрак,,25101,47895,0,-1,0,0,0,0,0,0,0,0,0,0,20136,109,347,0,3,41484544,8192,268435456,0,0,0,-1,-1
43759,Где риф?,,25102,47895,0,-1,0,0,0,0,0,0,0,0,0,0,20139,109,347,0,3,41484544,8192,268435456,0,0,0,-1,-1
43762,Крепость Черной Ладьи: избавление предателя,,25107,42253,0,-1,0,0,0,0,0,0,0,0,0,0,20120,137,347,0,3,35193088,0,268435458,0,0,0,-1,-1
43764,Силовая гонка,,25109,47899,0,-1,0,0,0,0,0,0,0,0,0,0,20481,109,347,0,3,35193088,0,268435456,0,0,0,-1,-1
43765,Разведка,,25110,47900,0,-1,0,0,0,0,0,0,0,0,0,0,19858,109,347,0,3,35193088,0,268435456,0,0,0,-1,-1
43766,Магия полета,,25111,47899,0,-1,0,0,0,0,0,0,0,0,0,0,20482,109,347,0,3,-2112290560,0,268435456,0,0,0,-1,-1
43767,Загадка,,25112,48385,0,-1,0,0,0,0,0,0,0,0,0,0,20483,109,347,0,3,-2110193408,0,268435456,0,0,0,-1,-1
43768,Эффектный огонь,,25113,47900,0,-1,0,0,0,0,0,0,0,0,0,0,19862,109,347,0,3,35193088,0,268435456,0,0,0,-1,-1
43769,Силовая гонка,,25114,47897,0,-1,0,0,0,0,0,0,0,0,0,0,20484,109,347,0,3,35193088,0,268435456,0,0,0,-1,-1
43770,Разведка,,25115,47898,0,-1,0,0,0,0,0,0,0,0,0,0,19865,109,347,0,3,35193088,0,268435456,0,0,0,-1,-1
43771,Магия полета,,25116,48386,0,-1,0,0,0,0,0,0,0,0,0,0,20485,109,347,0,3,-2112290560,0,268435456,0,0,0,-1,-1
43772,Загадка,,25117,47897,0,-1,0,0,0,0,0,0,0,0,0,0,20486,109,347,0,3,-2110193408,0,268435456,0,0,0,-1,-1
43773,Эффектный огонь,,25118,47898,0,-1,0,0,0,0,0,0,0,0,0,0,19868,109,347,0,3,35193088,0,268435456,0,0,0,-1,-1
43774,Силовая гонка,,25120,38948,0,-1,0,0,0,0,0,0,0,0,0,0,20487,109,335,0,3,35193088,0,268435456,0,0,0,-1,-1
43776,Разведка,,25121,42886,0,-1,0,0,0,0,0,0,0,0,0,0,19871,109,335,0,3,35193088,0,268435456,0,0,0,-1,-1
43777,Магия полета,,25122,38948,0,-1,0,0,0,0,0,0,0,0,0,0,20488,109,335,0,3,-2112290560,0,268435456,0,0,0,-1,-1
43778,Загадка,,25123,38948,0,-1,0,0,0,0,0,0,0,0,0,0,20489,109,335,0,3,-2110193408,0,268435456,0,0,0,-1,-1
43784,Какой кошмар!,,25127,47895,0,-1,0,0,0,0,0,0,0,0,0,0,20153,109,347,0,3,41484544,0,268435456,0,0,0,-1,-1
43786,Гнезда вредителей,,25149,47897,0,-1,0,0,0,0,0,0,0,0,0,0,20159,109,347,0,3,37290240,0,268435456,41694,0,0,-1,-1
43798,ОЧЕНЬ ОПАСЕН: Косумот Алчущий,,25156,42706,0,-1,0,0,0,0,0,0,0,0,0,0,20161,136,347,0,3,37290304,0,268435456,0,0,0,-1,-1
43801,Всем по панцирю,,25163,47901,0,-1,0,0,0,0,0,0,0,0,0,0,20162,136,347,0,3,37290240,0,268435456,41694,0,0,-1,-1
43802,Водяные могилы,,25164,47901,0,-1,0,0,0,0,0,0,0,0,0,0,20163,136,347,0,3,37290240,0,268435456,41694,0,0,-1,-1
43803,Проблема с гигантским мурлоком,,25165,47901,0,-1,0,0,0,0,0,0,0,0,0,0,20164,136,347,0,3,37290240,0,268435456,41694,0,0,-1,-1
43804,Ненависть к Кольцам Ненависти,,25167,47901,0,-1,0,0,0,0,0,0,0,0,0,0,20165,136,347,0,3,37290240,0,268435456,41694,0,0,-1,-1
43805,Водное убийство,,25168,47901,0,-1,0,0,0,0,0,0,0,0,0,0,20166,136,347,0,3,37290240,0,268435456,41694,0,0,-1,-1
43807,Охота на иссохших: Янтарная долина,,25171,44105,0,-1,0,0,0,0,0,0,0,0,0,0,20167,109,335,0,3,37290240,8192,268435456,0,0,0,-1,-1
43814,Немыслимо подлые предатели,,25180,42728,0,-1,0,0,0,0,0,0,0,0,0,0,20171,136,335,0,3,36765960,0,268435456,0,0,0,-1,-1
43827,Порталы штормокрылов,,25190,42766,0,-1,0,0,0,0,0,0,0,0,0,129161,20177,109,347,0,3,41615616,8192,268435456,41694,0,0,-1,-1
43930,Друзья Тел'анора,,25264,45617,0,-1,0,0,0,0,0,0,0,0,0,0,20205,109,335,0,3,37290240,0,268435456,0,0,0,-1,-1
43932,Угнетающие силы,,25302,41006,0,-1,0,0,0,0,0,0,0,0,0,0,20207,135,335,0,3,37290240,0,268435456,0,0,0,-1,-1
43942,Артефакт Древнего берега,,25304,132203,0,-1,0,0,0,0,0,0,0,0,0,140249,0,0,331,0,2,33554432,0,268435968,0,0,0,-1,-1
43943,Строевая подготовка иссохших,,25306,44828,0,-1,0,0,0,0,0,0,0,0,0,0,20222,109,335,0,3,34144576,0,268435456,44636,0,0,-1,-1
43951,Старый долг,,25318,47897,0,-1,0,0,0,0,0,0,0,0,0,0,20226,109,347,0,3,37290240,0,268435456,41694,0,0,-1,-1
43959,Шантажисты дома Стеллерис,,25328,42728,0,-1,0,0,0,0,0,0,0,0,0,0,20228,136,335,0,3,37290240,0,268435456,0,0,0,-1,-1
43963,Вампираты!,,25337,47897,0,-1,0,0,0,0,0,0,0,0,0,0,20233,109,347,0,3,37290240,0,268435456,41694,0,0,-1,-1
43964,Пиршество ярла,,25393,42474,0,-1,0,0,0,0,0,0,0,0,0,0,18956,109,347,0,3,37290240,0,268435456,41694,0,0,-1,-1
43985,Темный прилив,,25377,45690,0,-1,0,0,0,0,0,0,0,0,0,0,20267,112,347,0,3,37290304,0,268435456,0,0,0,-1,-1
44002,Исследование морских глубин,,25389,41005,0,-1,0,0,0,0,0,0,0,0,0,0,20298,109,335,0,3,37290240,0,268435456,0,0,0,-1,-1
44010,РАЗЫСКИВАЕТСЯ: Орет Зловещий,,25405,38948,0,-1,0,0,0,0,0,0,0,0,0,0,20260,109,335,0,3,3735872,0,268435456,0,0,0,-1,-1
44011,Заблудший огонек,,25404,47895,0,-1,0,0,0,0,0,0,0,0,0,0,20349,109,347,0,3,41484544,8192,268435456,0,0,0,-1,-1
44012,РАЗЫСКИВАЕТСЯ: осадный мастер Эдрин,,25406,38948,0,-1,0,0,0,0,0,0,0,0,0,0,20266,109,335,0,3,3735872,0,268435456,0,0,0,-1,-1
44013,РАЗЫСКИВАЕТСЯ: страж Тор'эль,,25407,38948,0,-1,0,0,0,0,0,0,0,0,0,0,20272,109,335,0,3,3735872,0,268435456,0,0,0,-1,-1
44015,РАЗЫСКИВАЕТСЯ: Мал'дрет Осквернитель,,25412,38948,0,-1,0,0,0,0,0,0,0,0,0,0,20277,109,335,0,3,3735872,0,268435456,0,0,0,-1,-1
44016,РАЗЫСКИВАЕТСЯ: Кадрей,,25418,38948,0,-1,0,0,0,0,0,0,0,0,0,0,20282,109,335,0,3,3735872,0,268435456,0,0,0,-1,-1
44017,РАЗЫСКИВАЕТСЯ: аптекарь Фалдрен,,25414,38948,0,-1,0,0,0,0,0,0,0,0,0,0,20287,109,335,0,3,3735872,0,268435456,0,0,0,-1,-1
44018,РАЗЫСКИВАЕТСЯ: магистр Федрис,,25415,38948,0,-1,0,0,0,0,0,0,0,0,0,0,20292,109,335,0,3,3735872,0,268435456,0,0,0,-1,-1
44019,РАЗЫСКИВАЕТСЯ: лейтенант Стратмар,,25416,38948,0,-1,0,0,0,0,0,0,0,0,0,0,20297,109,335,0,3,3735872,0,268435456,0,0,0,-1,-1
44021,РАЗЫСКИВАЕТСЯ: Герта Гримдоттир,,25413,38948,0,-1,0,0,0,0,0,0,0,0,0,0,20303,109,335,0,3,3735872,0,268435456,0,0,0,-1,-1
44022,РАЗЫСКИВАЕТСЯ: Шал'ан,,25417,38948,0,-1,0,0,0,0,0,0,0,0,0,0,20322,109,335,0,3,3735872,0,268435456,0,0,0,-1,-1
44023,РАЗЫСКИВАЕТСЯ: осадный мастер Эдрин,,25421,38948,0,-1,0,0,0,0,0,0,0,0,0,0,20262,135,335,0,3,3735872,0,268435456,0,0,0,-1,-1
44024,РАЗЫСКИВАЕТСЯ: Шал'ан,,25422,38948,0,-1,0,0,0,0,0,0,0,0,0,0,20320,135,335,0,3,3735872,0,268435456,0,0,0,-1,-1
44025,РАЗЫСКИВАЕТСЯ: Орет Зловещий,,25423,38948,0,-1,0,0,0,0,0,0,0,0,0,0,20259,135,335,0,3,3735872,0,268435456,0,0,0,-1,-1
44026,РАЗЫСКИВАЕТСЯ: Мал'дрет Осквернитель,,25424,38948,0,-1,0,0,0,0,0,0,0,0,0,0,20276,135,335,0,3,3735872,0,268435456,0,0,0,-1,-1
44027,РАЗЫСКИВАЕТСЯ: магистр Федрис,,25425,38948,0,-1,0,0,0,0,0,0,0,0,0,0,20291,135,335,0,3,3735872,0,268435456,0,0,0,-1,-1
44028,РАЗЫСКИВАЕТСЯ: лейтенант Стратмар,,25426,38948,0,-1,0,0,0,0,0,0,0,0,0,0,20296,135,335,0,3,3735872,0,268435456,0,0,0,-1,-1
44029,РАЗЫСКИВАЕТСЯ: Герта Гримдоттир,,25427,38948,0,-1,0,0,0,0,0,0,0,0,0,0,20302,135,335,0,3,3735872,0,268435456,0,0,0,-1,-1
44030,РАЗЫСКИВАЕТСЯ: страж Тор'эль,,25428,38948,0,-1,0,0,0,0,0,0,0,0,0,0,20268,135,335,0,3,3735872,0,268435456,0,0,0,-1,-1
44031,РАЗЫСКИВАЕТСЯ: Кадрей,,25429,38948,0,-1,0,0,0,0,0,0,0,0,0,0,20281,135,335,0,3,3735872,0,268435456,0,0,0,-1,-1
44032,РАЗЫСКИВАЕТСЯ: аптекарь Фалдрен,,25430,38948,0,-1,0,0,0,0,0,0,0,0,0,0,20286,135,335,0,3,3735872,0,268435456,0,0,0,-1,-1
44033,Орешки!,,25436,47895,0,-1,0,0,0,0,0,0,0,0,0,0,20357,109,347,0,3,41484544,0,268435456,0,0,0,-1,-1
44044,Скверно прошедший эксперимент,,25458,47901,0,-1,0,0,0,0,0,0,0,0,0,0,20363,136,347,0,3,37290240,0,268435456,0,0,0,-1,-1
44048,Как нага на голову,,25465,47901,0,-1,0,0,0,0,0,0,0,0,0,0,20365,136,347,0,3,37290240,0,268435456,0,0,0,-1,-1
44049,Многоногое зло,,25466,47901,0,-1,0,0,0,0,0,0,0,0,0,0,20366,136,347,0,3,37290240,0,268435456,0,0,0,-1,-1
44050,Скверноподданные падут,,25471,47901,0,-1,0,0,0,0,0,0,0,0,0,0,20367,136,347,0,3,37290240,0,268435456,0,0,0,-1,-1
44054,Демоницид,,25475,47901,0,-1,0,0,0,0,0,0,0,0,0,0,20368,136,347,0,3,37290240,0,268435456,0,0,0,-1,-1
44067,Объединить силы,,25493,42728,0,-1,0,0,0,0,0,0,0,0,0,141253,20376,136,335,0,3,37421312,0,268435456,0,0,0,-1,-1
44113,ОЧЕНЬ ОПАСЕН: Ахронос,,25544,38948,0,-1,0,0,0,0,0,0,0,0,0,0,20421,136,335,0,3,37290304,0,268435456,0,0,0,-1,-1
44114,ОЧЕНЬ ОПАСНА: магистр Злисса,,25545,38948,0,-1,0,0,0,0,0,0,0,0,0,0,20422,136,335,0,3,37290304,0,268435456,0,0,0,-1,-1
44118,ОЧЕНЬ ОПАСЕН: ревизор Изиэль,,25550,38948,0,-1,0,0,0,0,0,0,0,0,0,0,20425,136,335,0,3,37290304,0,268435456,0,0,0,-1,-1
44119,ОЧЕНЬ ОПАСЕН: Волшакс Сокрушитель Воли,,25551,38948,0,-1,0,0,0,0,0,0,0,0,0,0,20426,136,335,0,3,37290304,0,268435456,0,0,0,-1,-1
44121,ОЧЕНЬ ОПАСЕН: Аз'жатар,,25553,38948,0,-1,0,0,0,0,0,0,0,0,0,0,20428,136,335,0,3,3735872,0,268435456,0,0,0,-1,-1
44122,ОЧЕНЬ ОПАСЕН: Сораллий,,25554,38948,0,-1,0,0,0,0,0,0,0,0,0,0,20430,136,335,0,3,3735872,0,268435456,0,0,0,-1,-1
44157,Охота на иссохших: Тел'анор,,25589,44105,0,-1,0,0,0,0,0,0,0,0,0,0,20439,109,335,0,3,37290240,8192,268435456,0,0,0,-1,-1
44158,Охота на иссохших: Фаланаар,,25590,44105,0,-1,0,0,0,0,0,0,0,0,0,0,20440,109,335,0,3,37290240,8192,268435456,0,0,0,-1,-1
44185,РАЗЫСКИВАЕТСЯ: Санаар,,25617,38948,0,-1,0,0,0,0,0,0,0,0,0,0,20476,135,335,0,3,3735872,0,268435456,0,0,0,-1,-1
44186,РАЗЫСКИВАЕТСЯ: праматерь Шу'малис,,25618,38948,0,-1,0,0,0,0,0,0,0,0,0,0,20468,135,335,0,3,3735872,0,268435456,0,0,0,-1,-1
44187,ОЧЕНЬ ОПАСЕН: Углекрыл,,25621,47901,0,-1,0,0,0,0,0,0,0,0,0,0,20504,136,347,0,3,37290304,0,268435456,0,0,0,-1,-1
44189,ОЧЕНЬ ОПАСЕН: Бестрикс,,25622,47901,0,-1,0,0,0,0,0,0,0,0,0,0,20503,136,347,0,3,37290304,0,268435456,0,0,0,-1,-1
44190,ОЧЕНЬ ОПАСНА: Джейд Темная Гавань,,25623,47901,0,-1,0,0,0,0,0,0,0,0,0,0,20505,136,347,0,3,37290304,0,268435456,0,0,0,-1,-1
44191,ОЧЕНЬ ОПАСЕН: Картакс,,25624,47901,0,-1,0,0,0,0,0,0,0,0,0,0,20506,136,347,0,3,37290304,0,268435456,0,0,0,-1,-1
44192,ОЧЕНЬ ОПАСНА: Лизанис Темная Душа,,25625,47901,0,-1,0,0,0,0,0,0,0,0,0,0,20507,136,347,0,3,37290304,0,268435456,0,0,0,-1,-1
44193,ОЧЕНЬ ОПАСЕН: морской король Волноросс,,25626,47901,0,-1,0,0,0,0,0,0,0,0,0,0,20508,136,347,0,3,37290304,0,268435456,0,0,0,-1,-1
44194,ОЧЕНЬ ОПАСЕН: Потокий,,25627,47901,0,-1,0,0,0,0,0,0,0,0,0,0,20509,136,347,0,3,37290304,0,268435456,0,0,0,-1,-1
44287,СМЕРТЕЛЬНО ОПАСЕН: иссохший Дж'им,,25801,45690,0,-1,0,0,0,0,0,0,0,0,0,0,20358,112,347,0,3,37290304,0,268435456,0,0,0,-1,-1
44289,РАЗЫСКИВАЕТСЯ: Арру,,25806,47899,0,-1,0,0,0,0,0,0,0,0,0,0,20554,135,347,0,3,3735872,0,268435456,0,0,0,-1,-1
44290,РАЗЫСКИВАЕТСЯ: Щетинник,,25807,47899,0,-1,0,0,0,0,0,0,0,0,0,0,20570,135,347,0,3,3735872,0,268435456,0,0,0,-1,-1
44291,РАЗЫСКИВАЕТСЯ: Зобан Ненасытный,,25808,47899,0,-1,0,0,0,0,0,0,0,0,0,0,20575,135,347,0,3,3735872,0,268435456,0,0,0,-1,-1
44292,РАЗЫСКИВАЕТСЯ: величественный старорог,,25809,47899,0,-1,0,0,0,0,0,0,0,0,0,0,20551,135,347,0,3,3735872,0,268435456,0,0,0,-1,-1
44293,РАЗЫСКИВАЕТСЯ: Дрема,,25810,47899,0,-1,0,0,0,0,0,0,0,0,0,0,20545,135,347,0,3,3735872,0,268435456,0,0,0,-1,-1
44294,РАЗЫСКИВАЕТСЯ: Секхан,,25811,47899,0,-1,0,0,0,0,0,0,0,0,0,0,20548,135,347,0,3,3735872,0,268435456,0,0,0,-1,-1
44298,РАЗЫСКИВАЕТСЯ: Болотожуть,,25815,47895,0,-1,0,0,0,0,0,0,0,0,0,0,20582,109,347,0,3,3735872,0,268435456,0,0,0,-1,-1
44299,РАЗЫСКИВАЕТСЯ: Черная Тень,,25816,47895,0,-1,0,0,0,0,0,0,0,0,0,0,20588,109,347,0,3,3735872,0,268435456,0,0,0,-1,-1
44300,РАЗЫСКИВАЕТСЯ: Сирсея,,25817,47895,0,-1,0,0,0,0,0,0,0,0,0,0,20593,109,347,0,3,3735872,0,268435456,0,0,0,-1,-1
44301,РАЗЫСКИВАЕТСЯ: Бахагар,,25818,47895,0,-1,0,0,0,0,0,0,0,0,0,0,20602,109,347,0,3,3735872,0,268435456,0,0,0,-1,-1
44302,РАЗЫСКИВАЕТСЯ: Сирсея,,25819,47895,0,-1,0,0,0,0,0,0,0,0,0,0,20592,135,347,0,3,3735872,0,268435456,0,0,0,-1,-1
44303,РАЗЫСКИВАЕТСЯ: Болотожуть,,25820,47895,0,-1,0,0,0,0,0,0,0,0,0,0,20581,135,347,0,3,3735872,0,268435456,0,0,0,-1,-1
44304,РАЗЫСКИВАЕТСЯ: Черная Тень,,25821,47895,0,-1,0,0,0,0,0,0,0,0,0,0,20587,135,347,0,3,3735872,0,268435456,0,0,0,-1,-1
44305,РАЗЫСКИВАЕТСЯ: Бахагар,,25822,47895,0,-1,0,0,0,0,0,0,0,0,0,0,20601,135,347,0,3,3735872,0,268435456,0,0,0,-1,-1
44494,Род Алекстразы,,26056,44612,0,-1,0,0,0,0,0,0,0,0,0,0,0,0,345,0,3,38338560,8192,268435456,0,0,0,-1,-1
44570,Поклонение огню,Поклонитесь костру праздника Огненного солнцеворота на пиках Арака.,26108,9484,0,-1,0,0,0,0,0,0,0,0,0,0,0,0,394,0,2,2097152,0,268435968,0,0,0,-1,-1
44571,Поклонение огню,Поклонитесь костру праздника Огненного солнцеворота в Таладоре.,26109,9484,0,-1,0,0,0,0,0,0,0,0,0,0,0,0,394,0,2,2097152,0,268435968,0,0,0,-1,-1
44572,Поклонение огню,Поклонитесь костру праздника Огненного солнцеворота в Награнде.,26110,9484,0,-1,0,0,0,0,0,0,0,0,0,0,0,0,394,0,2,2097152,0,268435968,0,0,0,-1,-1
44573,Поклонение огню,Поклонитесь костру праздника Огненного солнцеворота в Горгронде.,26111,9484,0,-1,0,0,0,0,0,0,0,0,0,0,0,0,394,0,2,2097152,0,268435968,0,0,0,-1,-1
44574,Поклонение огню,Поклонитесь костру праздника Огненного солнцеворота в Азсуне.,26112,9484,0,-1,0,0,0,0,0,0,0,0,0,0,0,0,394,0,2,2097152,0,268435968,0,0,0,-1,-1
44575,Поклонение огню,Поклонитесь костру праздника Огненного солнцеворота в Валь'шаре.,26113,9484,0,-1,0,0,0,0,0,0,0,0,0,0,0,0,394,0,2,2097152,0,268435968,0,0,0,-1,-1
44576,Поклонение огню,Поклонитесь костру праздника Огненного солнцеворота в Крутогорье.,26114,9484,0,-1,0,0,0,0,0,0,0,0,0,0,0,0,394,0,2,2097152,0,268435968,0,0,0,-1,-1
44577,Поклонение огню,Поклонитесь костру праздника Огненного солнцеворота в Штормхейме.,26115,9484,0,-1,0,0,0,0,0,0,0,0,0,0,0,0,394,0,2,2097152,0,268435968,0,0,0,-1,-1
44578,Поклонение огню,Поклонитесь костру праздника Огненного солнцеворота в Сурамаре.,26116,9484,0,-1,0,0,0,0,0,0,0,0,0,0,0,0,394,0,2,2097152,0,268435968,0,0,0,-1,-1
44579,Поклонение огню,,26117,9484,0,-1,0,0,0,0,0,0,0,0,0,0,0,0,394,0,0,0,0,512,0,0,0,-1321907123,1427461461
44580,Поклонение огню,,26118,9484,0,-1,0,0,0,0,0,0,0,0,0,0,0,0,394,0,0,0,0,512,0,0,0,1309324210,-1440044374
44582,Осквернение огня,,26120,9484,0,-1,0,0,0,0,0,0,0,0,0,0,0,0,394,0,0,0,0,512,0,0,0,1309324210,-1440044374
44583,Осквернение огня,,26119,9484,0,-1,0,0,0,0,0,0,0,0,0,0,0,0,394,0,0,0,0,512,0,0,0,-1321907123,1427461461
44613,Поклонение огню,,26146,9484,0,-1,0,0,0,0,0,0,0,0,0,0,0,0,394,0,0,0,0,512,0,0,0,-1321907123,1427461461
44614,Поклонение огню,,26147,9484,0,-1,0,0,0,0,0,0,0,0,0,0,0,0,394,0,0,0,0,512,0,0,0,1309324210,-1440044374
44624,Осквернение огня,,26159,9484,0,-1,0,0,0,0,0,0,0,0,0,0,0,0,394,0,0,0,0,512,0,0,0,1309324210,-1440044374
44627,Осквернение огня,,26160,9484,0,-1,0,0,0,0,0,0,0,0,0,0,0,0,394,0,0,0,0,512,0,0,0,-1321907123,1427461461
44730,Растерзанные мечты,,26249,49404,0,-1,0,0,0,0,0,0,0,0,0,0,20852,139,332,0,3,37290752,0,268435456,0,0,0,-1,-1
44737,Рейд хеларьяров: Серые мели,,26256,47903,0,-1,0,0,0,0,0,0,0,0,0,0,20860,135,347,0,3,37290240,0,268435456,0,0,0,-1,-1
44744,Линии жизни,,26263,45705,0,-1,0,0,0,0,0,0,0,0,0,0,20870,135,335,0,3,37290240,0,268435456,0,0,0,-1,-1
44746,Рейд хеларьяров: берег Далеких Камней,,26264,47902,0,-1,0,0,0,0,0,0,0,0,0,0,20875,135,347,0,3,37290240,0,268435456,0,0,0,-1,-1
44748,Крылатый ужас,,26266,47404,0,-1,0,0,0,0,0,0,0,0,0,0,21750,109,336,0,3,37290240,0,268435456,0,0,0,-1,-1
44751,Никого не бросать!,,26268,47404,0,-1,0,0,0,0,0,0,0,0,0,0,21463,109,336,0,3,37290240,8192,268435456,0,0,0,-1,-1
44759,Долина ужаса,,26276,49404,0,-1,0,0,0,0,0,0,0,0,0,0,20890,139,332,0,3,37290752,8192,268435456,0,0,0,-1,-1
44765,Рыбомания Тернистой долины,,26280,34333,0,-1,0,0,0,0,0,356,1,0,0,0,21650,130,391,0,3,524608,0,268435456,0,0,0,-1,-1
44769,Оружие для народа,,26284,45705,0,-1,0,0,0,0,0,0,0,0,0,0,20906,135,335,0,3,37421312,0,268435456,0,0,0,-1,-1
44776,Вялое настроение,,26291,47899,0,-1,0,0,0,0,0,0,0,0,0,0,20909,109,347,0,3,37290240,0,268435456,0,0,0,-1,-1
44780,Ответный удар,,26296,46746,0,-1,0,0,0,0,0,0,0,0,0,0,20910,135,335,0,3,37290240,0,268435456,0,0,0,-1,-1
44784,Тонкости владения жезлом,,26302,45821,0,-1,0,0,0,0,0,0,0,0,0,0,20911,109,347,0,3,38338816,8192,268435456,0,0,0,-1,-1
44786,Промежуточный экзамен: рунная грамота,,26304,45824,0,-1,0,0,0,0,0,0,0,0,0,0,20912,109,347,0,3,38338816,8192,268435456,0,0,0,-1,-1
44788,Рабочее исследование: бестиарий Азсуны,,26322,45825,0,-1,0,0,0,0,0,0,0,0,0,0,20913,109,347,0,3,38338816,8192,268435456,0,0,0,-1,-1
44799,Безопасное хранение,,26308,45705,0,-1,0,0,0,0,0,0,0,0,0,0,20919,135,335,0,3,37290240,0,268435456,0,0,0,-1,-1
44801,Защита Шал'Арана,,26309,45705,0,-1,0,0,0,0,0,0,0,0,0,0,20920,135,335,0,3,37290240,0,268435456,0,0,0,-1,-1
44802,Указания древних,,26512,45705,0,-1,0,0,0,0,0,0,0,0,0,0,20921,135,335,0,3,37290240,0,268435456,0,0,0,-1,-1
44805,В гуще событий,,26314,45840,0,-1,0,0,0,0,0,0,0,0,0,0,20923,135,335,0,3,37290240,0,268435456,0,0,0,-1,-1
44811,Помощь на подходе,,26315,45840,0,-1,0,0,0,0,0,0,0,0,0,0,20924,135,335,0,3,37290240,0,268435456,0,0,0,-1,-1
44812,Топливо на исходе,,26316,45840,0,-1,0,0,0,0,0,0,0,0,0,0,20925,135,335,0,3,37290240,0,268435456,0,0,0,-1,-1
44813,Помехи на силовых линиях,,26317,45705,0,-1,0,0,0,0,0,0,0,0,0,142446,20926,135,335,0,3,37290240,0,268435456,0,0,0,-1,-1
44815,Надоедливые приспешники,,26318,45705,0,-1,0,0,0,0,0,0,0,0,0,142401,20927,136,335,0,3,37290240,0,268435456,0,0,0,-1,-1
44816,Длительное воздействие,,26320,50838,0,-1,0,0,0,0,0,0,0,0,0,142509,20928,135,335,0,3,37290240,8192,268435456,0,0,0,-1,-1
44817,Разворошить осиное гнездо,,26321,45705,0,-1,0,0,0,0,0,0,0,0,0,0,20930,135,335,0,3,3735808,0,268435456,0,0,0,-1,-1
44823,Зачистка Громового Тотема,,26324,5703,0,-1,0,0,0,0,0,0,0,0,0,0,20932,109,347,0,3,38338816,8192,268435456,0,0,0,-1,-1
44846,Расчистка пути,,26553,47602,0,4093,0,0,0,0,0,0,0,0,0,0,21313,135,336,0,3,37290240,0,268435456,0,0,0,-1,-1
44847,Прямо из источника,,26346,47901,0,-1,0,0,0,0,0,0,0,0,0,0,20939,109,347,0,3,41484544,8192,268435456,37860,0,0,-1,-1
44856,Беготня за котиками,,26351,142529,0,-1,0,0,0,0,0,0,0,0,0,0,21101,109,335,0,3,38338816,8192,268435456,41197,0,0,-1,-1
44857,"Не там, не тогда и не навсегда",,26352,142529,0,-1,0,0,0,0,0,0,0,0,0,0,21028,109,335,0,3,41615616,8192,268435456,41464,0,0,-1,-1
44867,Сдержать натиск,,26367,45705,0,-1,0,0,0,0,0,0,0,0,0,0,20950,135,335,0,3,37290240,0,268435456,0,0,0,-1,-1
44884,Оборона Изумрудной бухты,,26383,49404,0,-1,0,0,0,0,0,0,0,0,0,0,20959,139,332,0,3,37290752,8192,268435456,0,0,0,-1,-1
44892,Стая снегоспинов!,,26392,47899,0,-1,0,0,0,0,0,0,0,0,0,0,20964,135,347,0,3,41484544,8192,268435456,41694,0,0,-1,-1
44893,Нашествие злобоклювов!,,26395,47897,0,-1,0,0,0,0,0,0,0,0,0,0,20966,135,347,0,3,41484544,8192,268435456,41694,0,0,-1,-1
44894,Стая кровоглядов!,,26394,47901,0,-1,0,0,0,0,0,0,0,0,0,0,20965,135,347,0,3,41484544,8192,268435456,41694,0,0,-1,-1
44895,Стая острокогтей!,,26393,47895,0,-1,0,0,0,0,0,0,0,0,0,0,20967,135,347,0,3,41484544,8192,268435456,0,0,0,-1,-1
44923,Рейд хеларьяров: Врект,,26417,45693,0,-1,0,0,0,0,0,0,0,0,0,0,20988,135,347,0,3,37290240,0,268435456,0,0,0,-1,-1
44932,Цитадель Ночи: эттин на пороге,,26426,46053,0,-1,0,0,0,0,0,0,0,0,0,0,20992,141,335,0,3,35193152,0,268435458,0,0,0,-1,-1
44933,Цитадель Ночи: ночные стенания,,26427,46053,0,-1,0,0,0,0,0,0,0,0,0,0,20994,141,335,0,3,35193152,0,268435458,0,0,0,-1,-1
44934,Цитадель Ночи: мерзкие ползуны,,26428,46053,0,-1,0,0,0,0,0,0,0,0,0,0,20995,141,335,0,3,35193152,0,268435458,0,0,0,-1,-1
44935,Цитадель Ночи: золоченый страж,,26429,46053,0,-1,0,0,0,0,0,0,0,0,0,0,20996,141,335,0,3,35193152,0,268435458,0,0,0,-1,-1
44936,Цитадель Ночи: пути снабжения,,26430,46053,0,-1,0,0,0,0,0,0,0,0,0,0,20997,141,335,0,3,35193152,0,268435458,0,0,0,-1,-1
44937,Цитадель Ночи: средоточие силы,,26431,46053,0,-1,0,0,0,0,0,0,0,0,0,0,20998,141,335,0,3,35193152,0,268435458,0,0,0,-1,-1
44938,Цитадель Ночи: удар любви,,26433,46053,0,-1,0,0,0,0,0,0,0,0,0,0,20999,141,335,0,3,35193152,0,268435458,0,0,0,-1,-1
44939,Цитадель Ночи: семена разрушения,,26432,46053,0,-1,0,0,0,0,0,0,0,0,0,0,21000,141,335,0,3,35193152,0,268435458,0,0,0,-1,-1
44942,Перья на ветру,,26683,47897,0,-1,0,0,0,0,0,0,0,0,0,0,21041,109,347,0,3,38338816,8192,268435456,42447,0,0,-1,-1
44943,Отвратительные когти,,26435,47897,0,-1,0,0,0,0,0,0,0,0,0,0,21029,109,347,0,3,41484544,8192,268435456,0,0,0,-1,-1
45032,Словно ветер,,26515,42886,0,-1,0,0,0,0,0,0,0,0,0,0,21002,109,335,0,3,-2112290560,0,268435456,0,0,0,-1,-1
45035,Зов битвы,,26517,47404,0,-1,0,0,0,0,0,0,0,0,0,0,21762,109,336,0,3,34144512,8192,268435456,0,0,0,-1,-1
45046,Словно ветер,,26526,47904,0,-1,0,0,0,0,0,0,0,0,0,0,21014,109,347,0,3,-2112290560,0,268435456,0,0,0,-1,-1
45047,Словно ветер,,26527,47894,0,-1,0,0,0,0,0,0,0,0,0,0,21015,109,347,0,3,-2112290560,0,268435456,0,0,0,-1,-1
45048,Словно ветер,,26528,47900,0,-1,0,0,0,0,0,0,0,0,0,0,21016,109,347,0,3,-2112290560,0,268435456,0,0,0,-1,-1
45049,Словно ветер,,26529,38948,0,-1,0,0,0,0,0,0,0,0,0,0,21017,109,347,0,3,-2112290560,0,268435456,0,0,0,-1,-1
45058,Освободите стражей!,,26535,49401,0,-1,0,0,0,0,0,0,0,0,0,0,21019,139,331,0,3,37290752,0,268435456,0,0,0,-1,-1
45068,Бочки веселухи,,26543,38948,0,-1,0,0,0,0,0,0,0,0,0,0,21022,109,335,0,3,-2110193408,0,268435456,0,0,0,-1,-1
45069,Бочки веселухи,,26544,47901,0,-1,0,0,0,0,0,0,0,0,0,0,21023,109,347,0,3,-2110193408,0,268435456,0,0,0,-1,-1
45070,Бочки веселухи,,26545,48388,0,-1,0,0,0,0,0,0,0,0,0,0,21024,109,347,0,3,-2110193408,0,268435456,0,0,0,-1,-1
45071,Бочки веселухи,,26546,47900,0,-1,0,0,0,0,0,0,0,0,0,0,21025,109,347,0,3,-2110193408,0,268435456,0,0,0,-1,-1
45072,Бочки веселухи,,26547,47898,0,-1,0,0,0,0,0,0,0,0,0,0,21026,109,347,0,3,-2110193408,0,268435456,0,0,0,-1,-1
45134,Пожинатели душ,,26580,49401,0,-1,0,0,0,0,0,0,0,0,0,0,21040,139,331,0,3,41485056,8192,268435456,0,0,0,-1,-1
45178,Сдерживание заражения,,26627,47602,0,4079,0,0,0,0,0,0,0,0,0,0,21804,135,336,0,3,37290240,0,268435456,0,0,0,-1,-1
45203,Битва за руины,,26647,49401,0,-1,0,0,0,0,0,0,0,0,0,0,21054,139,331,0,3,41485056,8192,268435456,0,0,0,-1,-1
45307,Внимание: клешни!,,26741,142529,0,-1,0,0,0,0,0,0,0,0,0,0,21093,109,335,0,3,41484544,8192,268435456,40230,0,0,-1,-1
45358,Сдерживание заражения,,26795,47602,0,16,0,0,0,0,0,0,0,0,0,0,21804,135,336,0,3,37290240,0,268435456,46034,0,0,-1,-1
45379,Охотник за сокровищами Икс'реегед,,26801,47404,0,-1,0,0,0,0,0,0,0,0,0,0,22420,135,336,0,3,41484608,8192,268435456,46666,0,0,-1,-1
45390,Души врайкулов,,26807,49403,0,-1,0,0,0,0,0,0,0,0,0,0,21108,139,334,0,3,7930624,8194,268435456,0,0,0,-1,-1
45439,Вторжение... мурлоков?,,26848,49403,0,-1,0,0,0,0,0,0,0,0,0,0,21135,139,334,0,3,7930624,8192,268435456,0,0,0,-1,-1
45472,Яйца кракена,,26872,47404,0,-1,0,0,0,0,0,0,0,0,0,0,21351,109,336,0,3,41484544,8192,268435456,0,0,0,-1,-1
45473,Огромная проблема,,26873,47404,0,-1,0,0,0,0,0,0,0,0,0,0,21379,109,336,0,3,37290240,0,268435456,0,0,0,-1,-1
45520,Вражеские порталы,,26918,47404,0,-1,0,0,0,0,0,0,0,0,0,0,21177,109,336,0,3,37290240,0,268435456,0,0,0,-1,-1
45531,Ползучая Скверна,,26929,47602,0,16,0,0,0,0,0,0,0,0,0,0,21268,135,336,0,3,37290240,8192,268435456,0,0,0,-1,-1
45541,"Что, нравится?!",,26937,47602,0,256,0,0,0,0,0,0,0,0,0,0,21196,135,336,0,3,37290240,8192,268435456,0,0,0,-1,-1
45542,Вражеские порталы,,26954,47404,0,-1,0,0,0,0,0,0,0,0,0,0,21210,109,336,0,3,37290240,0,268435456,0,0,0,-1,-1
45549,Смягчение порчи,,26943,47602,0,4,0,0,0,0,0,0,0,0,0,0,21809,135,336,0,3,37290240,0,268435456,46048,0,0,-1,-1
45550,Смягчение порчи,,26944,47602,0,4091,0,0,0,0,0,0,0,0,0,0,21809,135,336,0,3,37290240,0,268435456,0,0,0,-1,-1
45559,Вражеские порталы,,26953,47404,0,-1,0,0,0,0,0,0,0,0,0,0,21218,109,336,0,3,37290240,0,268435456,0,0,0,-1,-1
45626,Бомба на взводе,,27010,47602,0,3967,0,0,0,0,0,0,0,0,0,0,21249,135,336,0,3,37290240,0,268435456,0,0,0,-1,-1
45651,Руины Ан'Киража: Оссириан,,27512,47095,0,-1,0,0,0,0,0,0,0,0,0,0,21274,137,183,0,3,34144576,0,268436482,0,0,0,1309324210,-1440044374
45653,Сжечь это!,,27025,47602,0,128,0,0,0,0,0,0,0,0,0,0,21249,135,336,0,3,37290240,8192,268435456,0,0,0,-1,-1
45654,Ан'Кираж: К'Тун,,27511,47095,0,-1,0,0,0,0,0,0,0,0,0,0,21275,137,183,0,3,34144576,0,268436482,0,0,0,1309324210,-1440044374
45655,Колосс Аши,,27510,47154,0,-1,0,0,0,0,0,0,0,0,0,0,21276,111,183,0,3,34144576,0,268436480,0,0,0,1309324210,-1440044374
45656,Меньшие камни Ветров,,27509,47095,0,-1,0,0,0,0,0,0,0,0,0,0,21277,109,183,0,3,34144576,0,268436480,0,0,0,1309324210,-1440044374
45657,Силитист,,27506,47095,0,-1,0,0,0,0,0,0,0,0,0,0,21277,113,183,0,3,34144576,0,268436480,0,0,0,1309324210,-1440044374
45674,Колосс Регала,,27508,47155,0,-1,0,0,0,0,0,0,0,0,0,0,21300,111,183,0,3,34144576,0,268436480,0,0,0,1309324210,-1440044374
45675,Колосс Зоры,,27507,47156,0,-1,0,0,0,0,0,0,0,0,0,0,21301,111,183,0,3,34144576,0,268436480,0,0,0,1309324210,-1440044374
45694,Арахнацид,,27033,47404,0,-1,0,0,0,0,0,0,0,0,0,0,21760,109,336,0,3,37290240,0,268435456,0,0,0,-1,-1
45736,Руины Ан'Киража: Оссириан,,27023,47095,0,-1,0,0,0,0,0,0,0,0,0,0,21274,137,183,0,3,34144576,0,268436482,0,0,0,-1321907123,1427461461
45737,Ан'Кираж: К'Тун,,27026,47095,0,-1,0,0,0,0,0,0,0,0,0,0,21275,137,183,0,3,34144576,0,268436482,0,0,0,-1321907123,1427461461
45738,Колосс Аши,,27027,47154,0,-1,0,0,0,0,0,0,0,0,0,0,21276,111,183,0,3,34144576,0,268436480,0,0,0,-1321907123,1427461461
45739,Меньшие камни Ветров,,27028,47095,0,-1,0,0,0,0,0,0,0,0,0,0,21277,109,183,0,3,34144576,0,268436480,0,0,0,-1321907123,1427461461
45740,Силитист,,27029,47095,0,-1,0,0,0,0,0,0,0,0,0,0,21277,113,183,0,3,34144576,0,268436480,0,0,0,-1321907123,1427461461
45741,Колосс Регала,,27030,47155,0,-1,0,0,0,0,0,0,0,0,0,0,21300,111,183,0,3,34144576,0,268436480,0,0,0,-1321907123,1427461461
45742,Колосс Зоры,,27031,47156,0,-1,0,0,0,0,0,0,0,0,0,0,21301,111,183,0,3,34144576,0,268436480,0,0,0,-1321907123,1427461461
45743,Суд Одина,,27049,47602,0,1,0,0,0,0,0,0,0,0,0,0,21311,135,336,0,3,37290240,8192,268435456,0,0,0,-1,-1
45744,Падение Сквернскорна,,27050,47602,0,4094,0,0,0,0,0,0,0,0,0,0,21311,135,336,0,3,37290240,8192,268435456,0,0,0,-1,-1
45776,Без ключей никуда,,27066,47602,0,8,0,0,0,0,0,0,0,0,0,0,21337,135,336,0,3,37290240,8192,268435456,0,0,0,-1,-1
45786,Пир для гончих,,27067,49403,0,-1,0,0,0,0,0,0,0,0,0,0,21338,139,334,0,3,7930624,8192,268435456,0,0,0,-1,-1
45791,Материалы для войны,,27072,47404,0,-1,0,0,0,0,0,0,0,0,0,0,21339,109,336,0,3,37290240,0,268435456,0,0,0,-1,-1
45792,Натиск оккультистов,,27073,47602,0,3839,0,0,0,0,0,0,0,0,0,0,21802,135,336,0,3,37290240,0,268435456,0,0,0,-1,-1
45793,Натиск оккультистов,,27074,47602,0,256,0,0,0,0,0,0,0,0,0,0,21802,135,336,0,3,34144512,0,268435456,0,0,0,-1,-1
45797,Игра с зеленым огнем,,27078,47404,0,-1,0,0,0,0,0,0,0,0,0,0,21346,109,336,0,3,37290240,0,268435456,0,0,0,-1,-1
45804,Беснование!,,27084,49404,0,-1,0,0,0,0,0,0,0,0,0,0,21347,139,332,0,3,37290240,0,268435456,0,0,0,-1,-1
45805,Огненные ключи,,27086,47602,0,4087,0,0,0,0,0,0,0,0,0,0,21337,135,336,0,3,37290240,0,268435456,0,0,0,-1,-1
45806,Прогулка на лодке,,27087,47348,0,-1,0,0,0,0,0,0,0,0,0,0,21362,109,184,0,3,34144512,0,268436480,0,0,0,-1,-1
45807,Ловля мусора,,27088,47348,0,-1,0,0,0,0,0,0,0,0,0,0,21363,109,184,0,3,34144512,0,268436480,45806,0,0,-1,-1
45808,Веселые игры,,27089,47348,0,-1,0,0,0,0,0,0,0,0,0,0,21366,109,184,0,3,34144512,0,268436480,45806,0,0,-1,-1
45809,"Грог, ром и эль",,27090,47348,0,-1,0,0,0,0,0,0,0,0,0,0,21364,109,184,0,3,34144512,0,268436480,45806,0,0,-1,-1
45810,Гномы украли наши бомбы!,,27091,47348,0,-1,0,0,0,0,0,0,0,0,0,0,21365,109,184,0,3,34144512,0,268436480,45806,0,0,1309324210,-1440044374
45811,Гоблины украли наши бомбы!,,27091,47348,0,-1,0,0,0,0,0,0,0,0,0,0,21365,109,184,0,3,34144512,0,268436480,45806,0,0,-1321907123,1427461461
45837,Ползучая Скверна,,27118,47602,0,4079,0,0,0,0,0,0,0,0,0,0,21268,135,336,0,3,37290240,8192,268435456,0,0,0,-1,-1
45878,Безнаказанное истребление,,27147,47404,0,-1,0,0,0,0,0,0,0,0,0,0,21378,109,336,0,3,37290240,0,268435456,0,0,0,-1,-1
45921,Тал'зур,,27183,49404,0,-1,0,0,0,0,0,0,0,0,0,0,21367,142,332,0,3,37290304,0,268435456,0,0,0,-1,-1
45922,Агмозул,,27184,49404,0,-1,0,0,0,0,0,0,0,0,0,0,21368,142,332,0,3,37290304,0,268435456,0,0,0,-1,-1
45923,Глот,,27185,49404,0,-1,0,0,0,0,0,0,0,0,0,0,21369,142,332,0,3,37290304,0,268435456,0,0,0,-1,-1
45924,Чудовище из Бездны,,27186,49404,0,-1,0,0,0,0,0,0,0,0,0,0,21370,142,332,0,3,37290304,0,268435456,0,0,0,-1,-1
45925,Нез'вал,,27187,49404,0,-1,0,0,0,0,0,0,0,0,0,0,21371,142,332,0,3,37290304,0,268435456,0,0,0,-1,-1
45926,Зар'тес,,27188,49404,0,-1,0,0,0,0,0,0,0,0,0,0,21373,142,332,0,3,37290304,0,268435456,0,0,0,-1,-1
45927,Загмотар,,27189,49404,0,-1,0,0,0,0,0,0,0,0,0,0,21374,142,332,0,3,37290304,0,268435456,0,0,0,-1,-1
45928,Гелтрак,,27190,49404,0,-1,0,0,0,0,0,0,0,0,0,0,21375,142,332,0,3,37290304,0,268435456,0,0,0,-1,-1
45929,Очищение пламени,,27191,47602,0,64,0,0,0,0,0,0,0,0,0,0,21399,135,336,0,3,37290240,8192,268435456,0,0,0,-1,-1
45930,Не мы устроили пожар,,27192,47602,0,4031,0,0,0,0,0,0,0,0,0,0,21399,135,336,0,3,37290240,8192,268435456,0,0,0,-1,-1
45934,Нечестная игра,,27193,47404,0,-1,0,0,0,0,0,0,0,0,0,0,21401,109,336,0,3,37290240,8192,268435456,0,0,0,-1,-1
45969,Защита Древних,,27228,47602,0,1024,0,0,0,0,0,0,0,0,0,0,21422,136,336,0,3,37290240,0,268435456,0,0,0,-1,-1
45970,Выполненный долг,,27229,47404,0,-1,0,0,0,0,0,0,0,0,0,0,21465,111,336,0,3,37290240,0,268435456,0,0,0,-1,-1
45972,Проклятая чаща,,27231,63664,0,-1,0,0,0,0,0,0,0,0,0,0,0,0,1404,0,3,34144320,0,268468224,47428,0,0,-1,-1
45973,Необузданная сила,,27232,47666,0,3967,0,0,0,0,0,0,0,0,0,0,21407,135,336,0,3,37421312,8192,268435456,0,0,0,-1,-1
45977,"Там, где кнут...",,27242,47602,0,3839,0,0,0,0,0,0,0,0,0,0,21196,135,336,0,3,37290240,8192,268435456,0,0,0,-1,-1
45985,Адские падальщики,,27244,47404,0,-1,0,0,0,0,0,0,0,0,0,0,21410,109,336,0,3,37290240,0,268435456,0,0,0,-1,-1
45988,Древний скелет,,27247,47404,0,-1,0,0,0,0,0,0,0,0,0,0,21402,109,336,0,3,37290240,8192,268435456,0,0,0,-1,-1
46001,По законам охоты,,27260,47602,0,3071,0,0,0,0,0,0,0,0,0,0,21422,136,336,0,3,37290240,0,268435456,0,0,0,-1,-1
46006,Аркутаз,,27266,49403,0,-1,0,0,0,0,0,0,0,0,0,0,21424,142,334,0,3,37290304,0,268435456,0,0,0,-1,-1
46008,Бальназот,,27267,49403,0,-1,0,0,0,0,0,0,0,0,0,0,21425,142,334,0,3,37290304,0,268435456,0,0,0,-1,-1
46010,Костолом Корголат,,27268,49403,0,-1,0,0,0,0,0,0,0,0,0,0,21426,142,334,0,3,37290304,0,268435456,0,0,0,-1,-1
46011,Гигантский инфернал,,27269,49403,0,-1,0,0,0,0,0,0,0,0,0,0,21427,142,334,0,3,37290304,0,268435456,0,0,0,-1,-1
46012,Командир повелителей Скверны Ургоз,,27270,49403,0,-1,0,0,0,0,0,0,0,0,0,0,21428,142,334,0,3,37290304,0,268435456,0,0,0,-1,-1
46013,Призыватель огня Рок'дуун,,27271,49403,0,-1,0,0,0,0,0,0,0,0,0,0,21429,142,334,0,3,37290304,0,268435456,0,0,0,-1,-1
46014,Гелтрог,,27272,49403,0,-1,0,0,0,0,0,0,0,0,0,0,21430,142,334,0,3,37290304,0,268435456,0,0,0,-1,-1
46015,Идра'зуул,,27273,49403,0,-1,0,0,0,0,0,0,0,0,0,0,21431,142,334,0,3,37290304,0,268435456,0,0,0,-1,-1
46016,Магдрезот,,27274,49403,0,-1,0,0,0,0,0,0,0,0,0,0,21432,142,334,0,3,37290304,0,268435456,0,0,0,-1,-1
46017,Шел'дрозул,,27275,49403,0,-1,0,0,0,0,0,0,0,0,0,0,21433,142,334,0,3,37290304,0,268435456,0,0,0,-1,-1
46021,Тель'драз,,27280,49403,0,-1,0,0,0,0,0,0,0,0,0,0,21434,142,334,0,3,37290304,0,268435456,0,0,0,-1,-1
46032,Мучительное возвращение,,27291,47602,0,4063,0,0,0,0,0,0,0,0,0,0,21413,135,336,0,3,37290240,0,268435456,0,0,0,-1,-1
46046,Личная жизнь,,27305,47602,0,32,0,0,0,0,0,0,0,0,0,0,21413,135,336,0,3,37290240,0,268435456,0,0,0,-1,-1
46061,Приемный головастик,,27319,0,0,-1,0,0,0,0,0,0,0,0,0,0,21464,0,438,0,2,34603016,8192,268436992,0,0,0,-1,-1
46063,Завывающие мертвецы,,27320,47404,0,-1,0,0,0,0,0,0,0,0,0,0,21466,109,336,0,3,37290240,0,268435456,0,0,0,-1,-1
46066,Сквернотопырь для тебя,,27324,47404,0,-1,0,0,0,0,0,0,0,0,0,0,21469,111,336,0,3,37290240,0,268435456,0,0,0,-1,-1
46068,Верхом на наге,,27325,47404,0,-1,0,0,0,0,0,0,0,0,0,0,21470,109,336,0,3,41484544,0,268435456,0,0,0,-1,-1
46072,Скверность,,27430,47602,0,2048,0,0,0,0,0,0,0,0,0,0,21618,136,336,0,3,37290240,8192,268435456,0,0,0,-1,-1
46073,Уничтожение гарнизона,,27329,47404,0,-1,0,0,0,0,0,0,0,0,0,0,21471,109,336,0,3,37290240,0,268435456,0,0,0,-1,-1
46075,Охота за реликвиями,,27331,47404,0,-1,0,0,0,0,0,0,0,0,0,0,21404,109,336,0,3,41484544,8192,268435456,0,0,0,-1,-1
46076,Беспокойные духи,,27332,47602,0,4093,0,0,0,0,0,0,0,0,0,0,21403,135,336,0,3,37290240,8192,268435456,0,0,0,-1,-1
46077,Порабощенные Скверной духи,,27333,47602,0,2,0,0,0,0,0,0,0,0,0,0,21403,135,336,0,3,37290240,8192,268435456,46045,0,0,-1,-1
46104,Паучий яд,,27355,47602,0,512,0,0,0,0,0,0,0,0,0,0,21490,135,336,0,3,37290240,0,268435456,0,0,0,-1,-1
46105,Превосходство пауков,,27356,47602,0,3583,0,0,0,0,0,0,0,0,0,0,21490,135,336,0,3,37290240,0,268435456,0,0,0,-1,-1
46109,Стоять!,,27360,47404,0,-1,0,0,0,0,0,0,0,0,0,0,21489,111,336,0,3,37290240,8192,268435456,0,0,0,-1,-1
46111,Мастера иллидари: Сиссикс,,27362,145969,0,-1,0,0,0,0,0,0,0,0,0,0,21521,115,336,0,3,34144512,0,268435456,0,0,0,-1,-1
46112,Мастера иллидари: мадам Вишиоза,,27363,145969,0,-1,0,0,0,0,0,0,0,0,0,0,21522,115,336,0,3,34144512,0,268435456,0,0,0,-1,-1
46113,Мастера иллидари: безымянный мистик,,27364,145969,0,-1,0,0,0,0,0,0,0,0,0,0,21523,115,336,0,3,34144512,0,268435456,0,0,0,-1,-1
46116,Оскверненная земля,,27366,49401,0,-1,0,0,0,0,0,0,0,0,0,0,21076,139,331,0,3,37290240,0,268435456,0,0,0,-1,-1
46126,Оскверненные перья,,27370,47404,0,-1,0,0,0,0,0,0,0,0,0,0,21505,109,336,0,3,37290240,0,268435456,0,0,0,-1,-1
46134,Требуется огранщик,,27373,38948,0,-1,5,0,0,0,0,2518,25,0,0,0,21511,125,347,0,3,590144,0,268435456,40559,40560,40561,-1,-1
46135,Требуется огранщик,,27374,38948,0,-1,5,0,0,0,0,2518,25,0,0,0,21512,125,347,0,3,590144,0,268435456,40559,40560,40561,-1,-1
46136,Требуется огранщик,,27375,38948,0,-1,5,0,0,0,0,2518,25,0,0,0,21513,125,347,0,3,590144,0,268435456,40559,40560,40561,-1,-1
46137,Требуется огранщик,,27376,38948,0,-1,5,0,0,0,0,2518,25,0,0,0,21514,125,347,0,3,590144,0,268435456,40559,40560,40561,-1,-1
46138,Требуется огранщик,,27377,38948,0,-1,5,0,0,0,0,2518,25,0,0,0,21515,125,347,0,3,590144,0,268435456,40559,40560,40561,-1,-1
46139,Требуется огранщик,,27378,38948,0,-1,5,0,0,0,0,2518,25,0,0,0,21516,125,347,0,3,590144,0,268435456,40559,40560,40561,-1,-1
46146,Пылающие берега,,27380,49401,0,-1,0,0,0,0,0,0,0,0,0,0,21307,139,331,0,3,37290240,0,268435456,0,0,0,-1,-1
46160,Окованная Бездна,,27382,47404,0,-1,0,0,0,0,0,0,0,0,0,0,21520,109,336,0,3,37290240,0,268435456,0,0,0,-1,-1
46161,Призывательница Скверны Талезра,,27383,49401,0,-1,0,0,0,0,0,0,0,0,0,0,21435,142,331,0,3,37290304,0,268435456,0,0,0,-1,-1
46162,Поработитель Вал'рек,,27384,49401,0,-1,0,0,0,0,0,0,0,0,0,0,21436,142,331,0,3,37290304,0,268435456,0,0,0,-1,-1
46163,Таз'гул,,27385,49401,0,-1,0,0,0,0,0,0,0,0,0,0,21437,142,331,0,3,37290304,0,268435456,0,0,0,-1,-1
46164,Мал'зерий,,27386,49401,0,-1,0,0,0,0,0,0,0,0,0,0,21438,142,331,0,3,37290304,0,268435456,0,0,0,-1,-1
46165,Казруул,,27387,49401,0,-1,0,0,0,0,0,0,0,0,0,0,21439,142,331,0,3,37290304,0,268435456,0,0,0,-1,-1
46166,Гартулак Сокрушитель,,27388,49401,0,-1,0,0,0,0,0,0,0,0,0,0,21440,142,331,0,3,37290304,0,268435456,0,0,0,-1,-1
46167,Козрум,,27389,49401,0,-1,0,0,0,0,0,0,0,0,0,0,21441,142,331,0,3,37290304,0,268435456,0,0,0,-1,-1
46168,Командир Ворлакс,,27390,49401,0,-1,0,0,0,0,0,0,0,0,0,0,21442,142,331,0,3,37290304,0,268435456,0,0,0,-1,-1
46169,Дро'зек,,27391,49401,0,-1,0,0,0,0,0,0,0,0,0,0,21443,142,331,0,3,37290304,0,268435456,0,0,0,-1,-1
46170,Тар'гокк,,27392,49401,0,-1,0,0,0,0,0,0,0,0,0,0,21444,142,331,0,3,37290304,0,268435456,0,0,0,-1,-1
46175,Громовые раскаты,,27395,47404,0,-1,0,0,0,0,0,0,0,0,0,0,21524,109,336,0,3,37290240,0,268435456,0,0,0,-1,-1
46179,Сокрушение Легиона,,27397,49403,0,-1,0,0,0,0,0,0,0,0,0,0,21552,139,334,0,3,7930624,8192,268435456,0,0,0,-1,-1
46180,Сила нашего врага,,27398,47404,0,-1,0,0,0,0,0,0,0,0,0,0,21538,109,336,0,3,41484544,8192,268435456,0,0,0,-1,-1
46183,Командир Зартак,,27401,49402,0,-1,0,0,0,0,0,0,0,0,0,0,21445,142,333,0,3,37290304,0,268435456,0,0,0,-1,-1
46184,Гелготар,,27402,49402,0,-1,0,0,0,0,0,0,0,0,0,0,21446,142,333,0,3,37290304,0,268435456,0,0,0,-1,-1
46185,Ирокс,,27403,49402,0,-1,0,0,0,0,0,0,0,0,0,0,21447,142,333,0,3,37290304,0,268435456,0,0,0,-1,-1
46186,Икс'дрелот,,27404,49402,0,-1,0,0,0,0,0,0,0,0,0,0,21448,142,333,0,3,37290304,0,268435456,0,0,0,-1,-1
46187,Лартогг,,27405,49402,0,-1,0,0,0,0,0,0,0,0,0,0,21449,142,333,0,3,37290304,0,268435456,0,0,0,-1,-1
46188,Оргрокк,,27406,49402,0,-1,0,0,0,0,0,0,0,0,0,0,21450,142,333,0,3,37290304,0,268435456,0,0,0,-1,-1
46189,Шел'зуул,,27407,49402,0,-1,0,0,0,0,0,0,0,0,0,0,21451,142,333,0,3,37290304,0,268435456,0,0,0,-1,-1
46190,Ульгром,,27408,49402,0,-1,0,0,0,0,0,0,0,0,0,0,21452,142,333,0,3,37290304,0,268435456,0,0,0,-1,-1
46191,Балинар,,27409,49402,0,-1,0,0,0,0,0,0,0,0,0,0,21453,142,333,0,3,37290304,0,268435456,0,0,0,-1,-1
46192,Зар'вок,,27410,49402,0,-1,0,0,0,0,0,0,0,0,0,0,21454,142,333,0,3,37290304,0,268435456,0,0,0,-1,-1
46193,Порождения Скверны,,27411,49402,0,-1,0,0,0,0,0,0,0,0,0,0,21558,139,333,0,3,37290240,8192,268435456,0,0,0,-1,-1
46194,Волки Легиона,,27412,49402,0,-1,0,0,0,0,0,0,0,0,0,0,21560,139,333,0,3,41484544,8192,268435456,0,0,0,-1,-1
46195,Враг в небесах,,27413,49402,0,-1,0,0,0,0,0,0,0,0,0,0,21562,139,333,0,3,37290240,0,268435456,0,0,0,-1,-1
46196,Занятия окончены,,27414,49402,0,-1,0,0,0,0,0,0,0,0,0,0,21564,139,333,0,3,37290240,0,268435456,0,0,0,-1,-1
46197,Скверна пала с небес,,27415,49402,0,-1,0,0,0,0,0,0,0,0,0,0,21223,139,333,0,3,37290240,0,268435456,0,0,0,-1,-1
46198,Разрушительные самоцветы,,27416,47404,0,-1,0,0,0,0,0,0,0,0,0,0,21571,109,336,0,3,37290240,0,268435456,0,0,0,-1,-1
46201,Очиститесь водой,,27419,48357,0,-1,0,0,0,0,0,0,0,0,0,0,21815,109,336,0,3,41484544,8192,268435456,0,0,0,-1,-1
46209,Вспышка во тьме,,27425,47602,0,4,0,0,0,0,0,0,0,0,0,0,21581,135,336,0,3,41484544,8192,268435456,0,0,0,-1,-1
46212,Пора подниматься,,27427,47602,0,4091,0,0,0,0,0,0,0,0,0,0,21581,135,336,0,3,41484544,8192,268435456,0,0,0,-1,-1
46216,Застывшая порча,,27429,49403,0,-1,0,0,0,0,0,0,0,0,0,0,21608,139,334,0,3,7930624,8192,268435456,0,0,0,-1,-1
46236,Окаменевшие солдаты,,27444,47404,0,-1,0,0,0,0,0,0,0,0,0,0,21630,109,336,0,3,37290240,0,268435456,0,0,0,-1,-1
46261,Вкус порчи,,27469,49404,0,-1,0,0,0,0,0,0,0,0,0,0,20933,139,332,0,3,37290752,0,268435456,0,0,0,-1,-1
46262,Спасайте головастиков!,,27470,49402,0,-1,0,0,0,0,0,0,0,0,0,0,21566,139,333,0,3,37290240,0,268435456,0,0,0,-1,-1
46263,Плетение паутины Скверны,,27471,49401,0,-1,0,0,0,0,0,0,0,0,0,0,21506,139,331,0,3,41484544,8192,268435456,0,0,0,-1,-1
46264,Их взоры обращены к нам,,27472,49403,0,-1,0,0,0,0,0,0,0,0,0,0,21124,139,334,0,3,37290240,0,268435456,0,0,0,-1,-1
46265,Скверна и оленята,,27473,49404,0,-1,0,0,0,0,0,0,0,0,0,0,21657,139,332,0,3,37290752,0,268435456,0,0,0,-1,-1
46279,Заргром,,27485,49402,0,-1,0,0,0,0,0,0,0,0,0,0,21720,142,333,0,3,37290304,0,268435456,0,0,0,-1,-1
46288,Все на фронт,,27498,47602,0,2047,0,0,0,0,0,0,0,0,0,0,21618,136,336,0,3,37290240,8192,268435456,0,0,0,-1,-1
46308,Оставить след,,27518,47602,0,8,0,0,0,0,0,0,0,0,0,0,21801,135,336,0,3,41484544,8192,268435456,0,0,0,-1,-1
46325,Единый фронт,,27527,47404,0,-1,0,0,0,0,0,0,0,0,0,0,21777,111,336,0,3,37290240,8192,268435456,0,0,0,-1,-1
46360,Просто оглушительно,,27694,47602,0,4087,0,0,0,0,0,0,0,0,0,0,21801,135,336,0,3,41484544,8192,268435456,0,0,0,-1,-1
46500,Гробница Саргераса: легенда глубин,,28076,48842,0,-1,0,0,0,0,0,0,0,0,0,0,22024,141,336,0,3,35193152,0,268435458,0,0,0,-1,-1
46502,Гробница Саргераса: длань Легиона,,28078,48842,0,-1,0,0,0,0,0,0,0,0,0,0,22025,141,336,0,3,35193152,0,268435458,0,0,0,-1,-1
46503,Гробница Саргераса: урок боли,,28080,48842,0,-1,0,0,0,0,0,0,0,0,0,0,22026,141,336,0,3,35193152,0,268435458,0,0,0,-1,-1
46504,Гробница Саргераса: морская пучина,,28081,48842,0,-1,0,0,0,0,0,0,0,0,0,0,22027,141,336,0,3,35193152,0,268435458,0,0,0,-1,-1
46505,"Гробница Саргераса: пропавшая, но не забытая",,28082,48842,0,-1,0,0,0,0,0,0,0,0,0,0,22028,141,336,0,3,35193152,0,268435458,0,0,0,-1,-1
46506,Гробница Саргераса: жизнь после смерти,,28083,48842,0,-1,0,0,0,0,0,0,0,0,0,0,22029,141,336,0,3,35193152,0,268435458,0,0,0,-1,-1
46507,Гробница Саргераса: Жуткий Охотник,,28084,48842,0,-1,0,0,0,0,0,0,0,0,0,0,22030,141,336,0,3,35193152,0,268435458,0,0,0,-1,-1
46508,Гробница Саргераса: предел Азшары,,28085,48842,0,-1,0,0,0,0,0,0,0,0,0,0,22031,141,336,0,3,35193152,0,268435458,0,0,0,-1,-1
46707,Слуга! Этого тоже убить!,,27890,47404,0,-1,0,0,0,0,0,0,0,0,0,0,21816,109,336,0,3,41484544,0,268435456,0,0,0,-1,-1
46750,Резервный источник питания,,27918,48502,0,2048,0,0,0,0,0,0,0,0,0,0,21878,135,336,0,3,37421312,0,268435456,0,0,0,-1,-1
46752,На чужих крыльях,,27920,48502,0,2047,0,0,0,0,0,0,0,0,0,0,21878,135,336,0,3,37421312,0,268435456,0,0,0,-1,-1
46754,Магические звери,,27922,47666,0,128,0,0,0,0,0,0,0,0,0,0,21407,135,336,0,3,37421312,0,268435456,0,0,0,-1,-1
46755,Задание: ярость Скверны,,27923,48514,0,1,0,0,0,0,0,0,0,0,0,0,21883,135,336,0,3,41615616,8192,268435456,0,0,0,-1,-1
46756,Задание: обуздание Ярости Скверны,,27924,48514,0,4094,0,0,0,0,0,0,0,0,0,0,21883,135,336,0,3,37421312,0,268435456,0,0,0,-1,-1
46761,Хмельные бандиты,,27925,48521,0,3583,0,0,0,0,0,0,0,0,0,0,21885,135,336,0,3,41615616,8192,268435456,0,0,0,-1,-1
46762,Штормовой мед,,27926,48521,0,512,0,0,0,0,0,0,0,0,0,0,21885,135,336,0,3,41615616,8192,268435456,0,0,0,-1,-1
46763,Дрол'маз,,27928,49404,0,-1,0,0,0,0,0,0,0,0,0,0,21887,142,332,0,3,37290304,0,268435456,0,0,0,-1,-1
46766,Ульгтакс,,27929,49404,0,-1,0,0,0,0,0,0,0,0,0,0,21888,142,332,0,3,37290304,0,268435456,0,0,0,-1,-1
46811,Гнев праматери,,27967,47602,0,32,0,0,0,0,0,0,0,0,0,0,21921,135,336,0,3,41484544,8192,268435456,0,0,0,-1,-1
46814,Зов ледяного змея,,27971,47602,0,4063,0,0,0,0,0,0,0,0,0,0,21921,135,336,0,3,41484544,8192,268435456,0,0,0,-1,-1
46817,Огненное падение,,27973,47602,0,64,0,0,0,0,0,0,0,0,0,0,21928,135,336,0,3,37290240,0,268435456,0,0,0,-1,-1
46821,Мерзкие ползуны,,27978,47404,0,-1,0,0,0,0,0,0,0,0,0,0,21945,109,336,0,3,37421312,0,268435456,0,0,0,-1,-1
46822,Естественный отбор,,27979,47602,0,1024,0,0,0,0,0,0,0,0,0,0,21944,135,336,0,3,37290240,0,268435456,0,0,0,-1,-1
46825,Грязевые ванны,,27982,47404,0,-1,0,0,0,0,0,0,0,0,0,0,21947,109,336,0,3,37290240,0,268435456,0,0,0,-1,-1
46829,Стихийные неполадки,,27986,47602,0,4031,0,0,0,0,0,0,0,0,0,0,21928,135,336,0,3,37290240,0,268435456,0,0,0,-1,-1
46833,Освобожденная природа,,27990,47602,0,3071,0,0,0,0,0,0,0,0,0,0,21944,135,336,0,3,37290240,0,268435456,0,0,0,-1,-1
46844,Собор Вечной Ночи: владычица клинков,,27998,144768,0,-1,0,0,0,0,0,0,0,0,0,0,0,145,336,0,3,35193088,0,268435456,0,0,0,-1,-1
46865,Собор Вечной Ночи: мать пламени,,28003,144771,0,-1,0,0,0,0,0,0,0,0,0,0,0,145,336,0,3,35193088,0,268435456,0,0,0,-1,-1
46866,Пыточная,,28040,47404,0,-1,0,0,0,0,0,0,0,0,0,0,21999,109,336,0,3,37421312,0,268435456,0,0,0,-1,-1
46867,Собор Вечной Ночи: зверь Скверны,,28002,144772,0,-1,0,0,0,0,0,0,0,0,0,0,0,145,336,0,3,35192832,0,268435456,0,0,0,-1,-1
46868,Собор Вечной Ночи: мертвый инфернал,,28004,144770,0,-1,0,0,0,0,0,0,0,0,0,0,0,145,336,0,3,35193088,0,268435456,0,0,0,-1,-1
46869,Собор Вечной Ночи: жестокая искусительница,,28005,144769,0,-1,0,0,0,0,0,0,0,0,0,0,0,145,336,0,3,35193088,0,268435456,0,0,0,-1,-1
46932,Еще немного порчи,,28068,47404,0,-1,0,0,0,0,0,0,0,0,0,0,21576,109,336,0,3,37290240,0,268435456,0,0,0,-1,-1
46933,Скврнрглрглр,,28069,47404,0,-1,0,0,0,0,0,0,0,0,0,0,22009,109,336,0,3,37290240,8192,268435456,0,0,0,-1,-1
46942,Цена могущества,,28086,47404,0,-1,0,0,0,0,0,0,0,0,0,0,22049,109,336,0,3,41484544,0,268435456,0,0,0,-1,-1
46945,Си'ваш,,28088,143175,0,-1,0,0,0,0,0,0,0,0,0,0,21280,144,335,0,3,37290304,0,268435456,0,0,0,-1,-1
46947,Бруталл,,28090,143175,0,-1,0,0,0,0,0,0,0,0,0,0,21226,144,335,0,3,37290304,0,268435456,0,0,0,-1,-1
46948,Малификус,,28091,143175,0,-1,0,0,0,0,0,0,0,0,0,0,21227,144,335,0,3,37290304,0,268435456,0,0,0,-1,-1
47061,Апокрон,,28160,143175,0,-1,0,0,0,0,0,0,0,0,0,0,22242,144,335,0,3,37290304,0,268435456,0,0,0,-1,-1
47132,Огонь и лед Скверны,,28202,47404,0,-1,0,0,0,0,0,0,0,0,0,0,21456,109,336,0,3,37290240,8192,268435456,0,0,0,-1,-1
47135,Ради их же блага,,28205,50321,0,-1,0,0,0,0,0,0,0,0,0,0,22474,109,337,0,3,41484288,8192,268435456,0,0,0,-1,-1
47456,Усмирение Бездны,,28476,50321,0,-1,0,0,0,0,0,0,0,0,0,0,22515,109,337,0,3,41484288,8192,268435456,0,0,0,-1,-1
47496,Уничтожение убежища,,28505,50280,0,-1,0,0,0,0,0,0,0,0,0,0,22750,109,337,0,3,37289984,0,268435456,47182,0,0,-1,-1
47507,Казадуум,,28516,51611,0,-1,0,0,0,0,0,0,0,0,0,0,23299,136,337,0,3,37290048,0,268435456,0,0,0,-1,-1
47527,Жуткие ритуалы,,28533,0,0,-1,0,0,0,0,0,0,0,0,0,0,0,0,1407,0,3,40435712,8192,268468224,47521,0,0,1309324210,-1440044374
47542,Осадный мастер Вораан,,28544,50280,0,-1,0,0,0,0,0,0,0,0,0,0,22609,136,337,0,3,37290048,0,268435456,0,0,0,-1,-1
47551,Уроки огня и боли,,28553,50280,0,-1,0,0,0,0,0,0,0,0,0,0,22603,109,337,0,3,37289984,0,268435456,0,0,0,-1,-1
47552,Госпожа Ил'тендра,,28554,51561,0,-1,0,0,0,0,0,0,0,0,0,0,22606,136,337,0,3,37290048,0,268435456,0,0,0,-1,-1
47561,Язвоглот,,28562,51561,0,-1,0,0,0,0,0,0,0,0,0,0,22625,136,337,0,3,37290048,0,268435456,0,0,0,-1,-1
47563,Духи павших,,28564,50280,0,-1,0,0,0,0,0,0,0,0,0,152995,22627,109,337,0,3,37289984,0,268435456,0,0,0,-1,-1
47566,Гар'зот,,28567,51561,0,-1,0,0,0,0,0,0,0,0,0,0,22633,136,337,0,3,37290048,0,268435456,0,0,0,-1,-1
47567,Umbra'jin,,28568,0,0,-1,1,0,0,0,0,0,0,0,0,0,0,0,0,0,3,35652616,0,0,0,0,0,-1,-1
47624,Погребение,,28650,50280,0,-1,0,0,0,0,0,0,0,0,0,0,22655,109,337,0,3,37289984,0,268435456,48544,0,0,-1,-1
47625,Наш общий ритуал,,28651,50280,0,-1,0,0,0,0,0,0,0,0,0,0,22656,109,337,0,3,37289984,0,268435456,48544,0,0,-1,-1
47646,На привязи,,28664,50280,0,-1,0,0,0,0,0,0,0,0,0,0,22665,109,337,0,3,37289984,0,268435456,48544,0,0,-1,-1
47647,Монстры Зем'лана,,28687,0,0,-1,0,0,0,0,0,0,0,0,0,0,0,0,1406,0,3,41484544,8192,268468224,51054,0,0,1309324210,-1440044374
47704,Зверский голод ранишу,,28712,55564,0,-1,0,0,0,0,0,0,0,0,0,0,25091,109,464,0,3,38338816,8192,268435456,0,0,0,1309324210,-1440044374
47705,В тылу Легиона,,28713,52120,0,-1,0,0,0,0,0,0,0,0,0,0,23176,109,337,0,3,41484288,8192,268435456,0,0,0,-1,-1
47707,Плавка,,28715,50280,0,-1,0,0,0,0,0,0,0,0,0,0,22707,109,337,0,3,37289984,0,268435456,0,0,0,-1,-1
47712,Сокрушитель,,28720,50280,0,-1,0,0,0,0,0,0,0,0,0,0,22709,109,337,0,3,37289984,0,268435456,0,0,0,-1,-1
47720,Вечное отмщение,,28723,50280,0,-1,0,0,0,0,0,0,0,0,0,0,22714,109,337,0,3,37289984,0,268435456,0,0,0,-1,-1
47722,Watertusk,,28725,0,0,-1,1,0,0,0,0,0,0,0,0,0,0,0,189,0,3,35652616,0,0,0,0,0,-1,-1
47724,На осадном положении,,28726,50280,0,-1,0,0,0,0,0,0,0,0,0,0,22724,109,337,0,3,37289984,0,268435456,0,0,0,-1,-1
47728,Талестра Злобная,,28730,50280,0,-1,0,0,0,0,0,0,0,0,0,0,22725,136,337,0,3,37290048,0,268435456,0,0,0,-1,-1
47756,"Освобождение ""Чарки""",,28756,0,0,-1,0,0,0,0,0,0,0,0,0,0,0,0,1403,0,3,38338560,8192,268468224,47245,0,0,1309324210,-1440044374
47797,Сопутствующий риск,,28768,0,0,-1,1,0,0,0,0,0,0,0,0,0,0,0,1407,0,3,34144256,0,268468224,47737,0,0,1309324210,-1440044374
47828,Воспоминания павших,,28773,50321,0,-1,0,0,0,0,0,0,0,0,0,0,22914,109,337,0,3,37289984,0,268435456,0,0,0,-1,-1
47833,Темный чародей Воруун,,28778,50321,0,-1,0,0,0,0,0,0,0,0,0,0,22915,136,337,0,3,37290048,0,268435456,0,0,0,-1,-1
47834,X'ue,,28779,0,0,-1,1,0,0,0,0,0,0,0,0,0,0,0,189,0,3,35652616,0,0,0,0,0,-1,-1
47839,Angry Troll Spirit,,28783,0,0,-1,1,0,0,0,0,0,0,0,0,0,0,0,189,0,3,35652616,0,0,0,0,0,-1,-1
47842,Пепелище: Оскверненные пруды,,28786,34450,0,-1,0,0,0,0,0,0,0,0,0,0,22922,109,347,0,3,34144256,0,268435456,0,0,0,-1,-1
47844,Периодическое безумие,,28789,50321,0,-1,0,0,0,0,0,0,0,0,0,0,22923,109,337,0,3,37421056,0,268435456,47184,0,0,-1,-1
47858,Системы безопасности: активны,,28803,52120,0,-1,0,0,0,0,0,0,0,0,0,0,23178,109,337,0,3,41484288,8192,268435456,0,0,0,-1,-1
47875,Ириксанские демоны: Верфь Легиона,,28818,34450,0,-1,0,0,0,0,0,0,0,0,0,0,22927,109,347,0,3,34144256,0,268435456,0,0,0,-1,-1
47876,Шолот: ямы рабов,,28819,34450,0,-1,0,0,0,0,0,0,0,0,0,0,22928,109,347,0,3,34144256,0,268435456,0,0,0,-1,-1
47953,Терек Подборщик,,28870,50280,0,-1,0,0,0,0,0,0,0,0,0,0,23016,136,337,0,3,37290048,0,268435456,0,0,0,-1,-1
47969,Проклятие Листопадной Бухты,,28885,50981,0,-1,0,0,0,0,0,0,0,0,0,0,0,0,1404,0,3,34144320,0,268468224,48622,0,0,-1321907123,1427461461
47996,Истребление злобогрызов,,28905,51048,0,-1,0,0,0,0,0,0,0,0,0,0,0,0,1403,0,3,34144256,0,268468224,0,0,0,1309324210,-1440044374
48091,Вагат Обманутый,,28982,50280,0,-1,0,0,0,0,0,0,0,0,0,0,23101,136,337,0,3,37290048,0,268435456,0,0,0,-1,-1
48093,Угроза наг,,28984,61613,0,-1,0,0,0,0,0,0,0,0,0,0,0,0,1403,0,3,34144256,0,268468224,0,0,0,1309324210,-1440044374
48094,Сгусток Бездны,,28985,50321,0,-1,0,0,0,0,0,0,0,0,0,0,23216,109,337,0,3,37289984,0,268435456,0,0,0,-1,-1
48095,Темные эксперименты,,28986,50321,0,-1,0,0,0,0,0,0,0,0,0,0,23530,109,337,0,3,37289984,0,268435456,0,0,0,-1,-1
48096,Основы механики,,28987,52119,0,-1,0,0,0,0,0,0,0,0,0,0,23515,109,337,0,3,37289984,0,268435456,0,0,0,-1,-1
48097,Испытание Привратника: хитрость,,28988,52119,0,-1,1,0,0,0,0,0,0,0,0,0,23521,109,337,0,3,37289984,0,268435456,47685,48107,0,-1,-1
48098,Вредители,,28989,52120,0,-1,0,0,0,0,0,0,0,0,0,0,23265,109,337,0,3,37289984,0,268435456,47854,0,0,-1,-1
48099,Враждебная эхология,,28990,52119,0,-1,0,0,0,0,0,0,0,0,0,0,23263,109,337,0,3,37289984,0,268435456,0,0,0,-1,-1
48100,Оборона Эредата,,28991,52120,0,-1,0,0,0,0,0,0,0,0,0,0,23529,109,337,0,3,37289984,0,268435456,0,0,0,-1,-1
48101,Дерзкая проповедь,,28992,147714,0,-1,0,0,0,0,0,0,0,0,0,0,23683,109,337,0,3,37289984,0,268435456,0,0,0,-1,-1
48102,Образцы чешуи,,28993,52119,0,-1,0,0,0,0,0,0,0,0,0,0,23204,109,337,0,3,37289984,0,268435456,0,0,0,-1,-1
48103,Испытание Привратника: упорство,,28994,52119,0,-1,0,0,0,0,0,0,0,0,0,0,23522,109,337,0,3,35192832,0,268435456,47689,0,0,-1,-1
48105,Испытание равных,,28996,52119,0,-1,0,0,0,0,0,0,0,0,0,0,23523,109,337,0,3,37421056,0,268435456,0,0,0,-1,-1
48106,С любимыми не расставайтесь,,28997,50321,0,-1,0,0,0,0,0,0,0,0,0,0,23227,109,337,0,3,37289984,0,268435456,0,0,0,-1,-1
48175,Сокрытое в глубинах,,29008,50321,0,-1,0,0,0,0,0,0,0,0,0,0,23568,109,337,0,3,37289984,0,268435456,0,0,0,-1,-1
48181,Не-е-т!,,29017,0,0,-1,0,0,0,0,0,0,0,0,0,0,0,0,1404,0,3,34144256,0,268468224,0,0,0,-1321907123,1427461461
48192,Смолоплюй,,29025,50280,0,-1,0,0,0,0,0,0,0,0,0,0,23110,136,337,0,3,37290048,0,268435456,0,0,0,-1,-1
48282,Мать бесов Леглата,,29105,50280,0,-1,0,0,0,0,0,0,0,0,0,0,23170,136,337,0,3,37290048,0,268435456,0,0,0,-1,-1
48284,Жатва на полях,,29108,50280,0,-1,0,0,0,0,0,0,0,0,0,0,23393,109,337,0,3,37289984,0,268435456,0,0,0,-1,-1
48285,Превосходство в воздухе,,29109,50280,0,-1,0,0,0,0,0,0,0,0,0,0,23396,109,337,0,3,37289984,0,268435456,0,0,0,-1,-1
48286,Кристальные методы,,29110,50280,0,-1,0,0,0,0,0,0,0,0,0,0,23394,109,337,0,3,37289984,0,268435456,0,0,0,-1,-1
48287,Жнецы скорби,,29111,50280,0,-1,0,0,0,0,0,0,0,0,0,0,23395,109,337,0,3,37289984,0,268435456,0,0,0,-1,-1
48318,Заказ: эликсиры крови Света,,29123,51748,0,-1,0,0,0,0,0,2479,25,0,0,0,23182,118,337,0,3,524608,0,268435456,0,0,0,-1,-1
48323,Заказ: слезы наару,,29128,51747,0,-1,0,0,0,0,0,2479,25,0,0,0,23193,118,337,0,3,524608,0,268435456,0,0,0,-1,-1
48337,Заказ: астральный вьюнок,,29142,51750,0,-1,0,0,0,0,0,2550,25,0,0,0,23184,119,337,0,3,524608,0,268435456,0,0,0,-1,-1
48338,Требуются припасы: астральный вьюнок,,29143,51750,0,-1,0,0,0,0,0,0,0,0,0,0,23185,109,337,0,3,524608,0,268435456,0,0,0,-1,-1
48349,Заказ: эмпиреитовая руда,,29153,51750,0,-1,0,0,0,0,0,2566,25,0,0,0,23188,120,337,0,3,524608,0,268435456,0,0,0,-1,-1
48358,Требуются припасы: эмпиреитовая руда,,29162,51750,0,-1,0,0,0,0,0,0,0,0,0,0,23189,109,337,0,3,524608,0,268435456,0,0,0,-1,-1
48359,Заказ: демоническая кожа,,29163,51750,0,-1,0,0,0,0,0,2558,25,0,0,0,23190,124,337,0,3,524608,0,268435456,0,0,0,-1,-1
48360,Требуются припасы: демоническая кожа,,29164,51750,0,-1,0,0,0,0,0,0,0,0,0,0,23191,109,337,0,3,524608,0,268435456,0,0,0,-1,-1
48363,Заказ: цветистый малахит,,29167,51750,0,-1,0,0,0,0,0,2518,25,0,0,0,23194,125,337,0,3,524608,0,268435456,0,0,0,-1,-1
48364,Заказ: эсселиан,,29168,51750,0,-1,0,0,0,0,0,2518,25,0,0,0,23195,125,337,0,3,524608,0,268435456,0,0,0,-1,-1
48373,Заказ: светоткань,,29177,51750,0,-1,0,0,0,0,0,2534,75,0,0,0,23197,121,337,0,3,524608,0,268435456,0,0,0,-1,-1
48374,Требуются припасы: светоткань,,29178,51750,0,-1,0,0,0,0,0,0,0,0,0,0,23198,109,337,0,3,524608,0,268435456,0,0,0,-1,-1
48386,Турнир по джед'хин,,29188,52119,0,-1,0,0,0,0,0,0,0,0,0,0,23655,109,337,0,3,37289984,0,268435456,0,0,0,-1,-1
48465,Вракс'тул,,29250,51561,0,-1,0,0,0,0,0,0,0,0,0,0,23247,136,337,0,3,37290048,0,268435456,0,0,0,-1,-1
48466,Яд'орн,,29251,51561,0,-1,0,0,0,0,0,0,0,0,0,0,23248,136,337,0,3,37290048,0,268435456,0,0,0,-1,-1
48467,Пузцилла,,29252,51561,0,-1,0,0,0,0,0,0,0,0,0,0,23249,136,337,0,3,37290048,0,268435456,0,0,0,-1,-1
48474,Хранители склепов,,29255,52761,0,-1,0,0,0,0,0,0,0,0,0,0,0,0,1404,0,3,37289984,0,268468224,0,0,0,-1321907123,1427461461
48502,Владыка леса Нароу,,29274,113895,0,-1,0,0,0,0,0,0,0,0,0,0,23267,136,337,0,3,37290048,0,268435456,0,0,0,-1,-1
48503,Vindicator Hakbi,,29275,0,0,-1,1,0,0,0,0,0,0,0,0,0,0,0,189,0,3,35652616,0,0,0,0,0,-1,-1
48509,Командир Сатренаэль,,29279,50280,0,-1,0,0,0,0,0,0,0,0,0,0,23300,136,337,0,3,37290048,0,268435456,0,0,0,-1,-1
48510,Командир Викайя,,29280,50280,0,-1,0,0,0,0,0,0,0,0,0,0,23301,136,337,0,3,37290048,0,268435456,0,0,0,-1,-1
48511,Командир Эндаксий,,29281,50280,0,-1,0,0,0,0,0,0,0,0,0,0,23302,136,337,0,3,37290048,0,268435456,0,0,0,-1,-1
48512,Сестра Диверсия,,29282,50280,0,-1,0,0,0,0,0,0,0,0,0,0,23303,136,337,0,3,37290048,0,268435456,0,0,0,-1,-1
48514,Спящие чудища,,29284,51561,0,-1,0,0,0,0,0,0,0,0,0,0,23612,135,337,0,3,37289984,0,268435456,0,0,0,-1,-1
48525,Разнести в щепки,,29295,0,0,-1,0,0,0,0,0,0,0,0,0,0,0,0,1404,0,3,34144256,0,268468224,48519,0,0,-1321907123,1427461461
48526,Врассыпную,,29296,51561,0,-1,0,0,0,0,0,0,0,0,0,0,23318,135,337,0,3,37289984,0,268435456,0,0,0,-1,-1
48543,Kandak,,29312,0,0,-1,1,0,0,0,0,0,0,0,0,0,0,0,0,0,3,35652616,0,0,0,0,0,-1,-1
48588,Обеззараживание,,29353,54627,0,-1,0,0,0,0,0,0,0,0,0,0,0,0,1403,0,3,36241408,0,268468224,0,0,0,1309324210,-1440044374
48592,Оборона шпиля,,29356,51611,0,-1,0,0,0,0,0,0,0,0,0,0,23426,109,337,0,3,41484288,0,268435456,0,0,0,-1,-1
48614,Грозящие страдания,,29378,51611,0,-1,0,0,0,0,0,0,0,0,0,0,23433,109,337,0,3,41484288,0,268435456,0,0,0,-1,-1
48615,Война никогда не меняется,,29379,51611,0,-1,0,0,0,0,0,0,0,0,0,0,23434,109,337,0,3,37289984,0,268435456,0,0,0,-1,-1
48624,Кто спустил собак?,,29388,51561,0,-1,0,0,0,0,0,0,0,0,0,0,23436,135,337,0,3,37289984,0,268435456,0,0,0,-1,-1
48625,Ahalt'cob,,29389,0,0,-1,1,0,0,0,0,0,0,0,0,0,0,0,189,0,3,35652616,0,0,0,0,0,-1,-1
48637,Очистительный огонь,,29398,51561,0,-1,0,0,0,0,0,0,0,0,0,152648,23445,135,337,0,3,37421056,0,268435456,0,0,0,-1,-1
48640,Бессмертный эскадрон,,29401,51561,0,-1,0,0,0,0,0,0,0,0,0,152657,23447,135,337,0,3,37421056,0,268435456,0,0,0,-1,-1
48662,Короткие запалы,,29420,51561,0,-1,0,0,0,0,0,0,0,0,0,0,23452,135,337,0,3,37289984,0,268435456,0,0,0,-1,-1
48680,Только не пчелы!,,29438,0,0,-1,0,0,0,0,0,0,0,0,0,0,0,0,1404,0,3,34144320,0,268468224,48678,0,0,-1321907123,1427461461
48691,Цепь душ,,29449,51561,0,-1,0,0,0,0,0,0,0,0,0,152971,23455,135,337,0,3,37289984,0,268435456,0,0,0,-1,-1
48694,Искаженное чудовище,,29452,52119,0,-1,0,0,0,0,0,0,0,0,0,0,23457,136,337,0,3,37290048,0,268435456,0,0,0,-1,-1
48696,Пастух Кравос,,29454,52119,0,-1,0,0,0,0,0,0,0,0,0,0,23458,136,337,0,3,37290048,0,268435456,0,0,0,-1,-1
48698,Каара Бледная,,29456,50321,0,-1,0,0,0,0,0,0,0,0,0,0,23459,136,337,0,3,37290048,0,268435456,0,0,0,-1,-1
48701,Баруут Кровожадный,,29459,50321,0,-1,0,0,0,0,0,0,0,0,0,0,23460,136,337,0,3,37290048,0,268435456,0,0,0,-1,-1
48722,Физл Кексовор,,29480,52120,0,-1,0,0,0,0,0,0,0,0,0,0,23461,136,337,0,3,37290048,0,268435456,0,0,0,-1,-1
48723,Дозорный Танос,,29481,50321,0,-1,0,0,0,0,0,0,0,0,0,0,23462,136,337,0,3,37290048,0,268435456,0,0,0,-1,-1
48724,Дозорный Куро,,29482,52119,0,-1,0,0,0,0,0,0,0,0,0,0,23463,136,337,0,3,37290048,0,268435456,0,0,0,-1,-1
48725,Ядовитый небесный скат,,29483,50321,0,-1,0,0,0,0,0,0,0,0,0,0,23464,136,337,0,3,37290048,0,268435456,0,0,0,-1,-1
48726,Турек Мерцающий,,29484,50321,0,-1,0,0,0,0,0,0,0,0,0,0,23465,136,337,0,3,37290048,0,268435456,0,0,0,-1,-1
48727,Капитан Фарук,,29485,50321,0,-1,0,0,0,0,0,0,0,0,0,0,23466,136,337,0,3,37290048,0,268435456,0,0,0,-1,-1
48728,Мраколиск,,29486,50321,0,-1,0,0,0,0,0,0,0,0,0,0,23467,136,337,0,3,37290048,0,268435456,0,0,0,-1,-1
48729,Атаксон,,29487,50321,0,-1,0,0,0,0,0,0,0,0,0,0,23468,136,337,0,3,37290048,0,268435456,0,0,0,-1,-1
48730,Соролис Нелюбимец Судьбы,,29488,52119,0,-1,0,0,0,0,0,0,0,0,0,0,23469,136,337,0,3,37290048,0,268435456,0,0,0,-1,-1
48731,Вестник хаоса,,29489,50321,0,-1,0,0,0,0,0,0,0,0,0,0,23470,136,337,0,3,37290048,0,268435456,0,0,0,-1,-1
48732,Сабуул,,29490,50321,0,-1,0,0,0,0,0,0,0,0,0,0,23471,136,337,0,3,37290048,0,268435456,0,0,0,-1,-1
48733,Чемпион джед'хин Воруск,,29491,52119,0,-1,0,0,0,0,0,0,0,0,0,0,23472,136,337,0,3,37290048,0,268435456,0,0,0,-1,-1
48734,Надзирательница И'Беда,,29492,52120,0,-1,0,0,0,0,0,0,0,0,0,0,23473,136,337,0,3,37290048,0,268435456,0,0,0,-1,-1
48735,Надзирательница И'cорна,,29493,52120,0,-1,0,0,0,0,0,0,0,0,0,0,23474,136,337,0,3,37290048,0,268435456,0,0,0,-1,-1
48736,Надзирательница И'Морна,,29494,52120,0,-1,0,0,0,0,0,0,0,0,0,0,23475,136,337,0,3,37290048,0,268435456,0,0,0,-1,-1
48737,Инструктор Тарахна,,29495,52119,0,-1,0,0,0,0,0,0,0,0,0,0,23476,136,337,0,3,37290048,0,268435456,0,0,0,-1,-1
48738,Зул'тан Многоликий,,29496,52119,0,-1,0,0,0,0,0,0,0,0,0,0,23477,136,337,0,3,37290048,0,268435456,0,0,0,-1,-1
48739,Командир Ксетгар,,29497,52120,0,-1,0,0,0,0,0,0,0,0,0,0,23478,136,337,0,3,37290048,0,268435456,0,0,0,-1,-1
48740,Скрииг Пожиратель,,29498,52120,0,-1,0,0,0,0,0,0,0,0,0,0,23479,136,337,0,3,37290048,0,268435456,0,0,0,-1,-1
48777,Логово чудовищ,,29535,51561,0,-1,0,0,0,0,0,0,0,0,0,0,23481,135,337,0,3,37289984,0,268435456,0,0,0,-1,-1
48780,Гладий,,29538,51561,0,-1,0,0,0,0,0,0,0,0,0,0,23484,135,337,0,3,37289984,0,268435456,0,0,0,-1,-1
48783,Эффект внезапности,,29541,51561,0,-1,0,0,0,0,0,0,0,0,0,0,23504,135,337,0,3,37289984,0,268435456,0,0,0,-1,-1
48827,Варга,,29580,51561,0,-1,0,0,0,0,0,0,0,0,0,0,23535,136,337,0,3,37290048,0,268435456,0,0,0,-1,-1
48828,Лейтенант Закаар,,29581,51561,0,-1,0,0,0,0,0,0,0,0,0,0,23536,136,337,0,3,37290048,0,268435456,0,0,0,-1,-1
48829,Повелитель гнева Ярез,,29582,51561,0,-1,0,0,0,0,0,0,0,0,0,0,23537,136,337,0,3,37290048,0,268435456,0,0,0,-1,-1
48830,Инквизитор Ветроз,,29583,51561,0,-1,0,0,0,0,0,0,0,0,0,0,23538,136,337,0,3,37290048,0,268435456,0,0,0,-1,-1
48831,Командир Текслаз,,29584,51561,0,-1,0,0,0,0,0,0,0,0,0,0,23539,136,337,0,3,37290048,0,268435456,0,0,0,-1,-1
48832,Адмирал Рел'вар,,29585,51561,0,-1,0,0,0,0,0,0,0,0,0,0,23540,136,337,0,3,37290048,0,268435456,0,0,0,-1,-1
48833,Завершение ритуала,,29586,51561,0,-1,0,0,0,0,0,0,0,0,0,0,23608,111,337,0,3,37289984,0,268435456,0,0,0,-1,-1
48834,Миродробитель Скуул,,29587,51561,0,-1,0,0,0,0,0,0,0,0,0,0,23543,136,337,0,3,37290048,0,268435456,0,0,0,-1,-1
48835,Псарь Керракс,,29588,51561,0,-1,0,0,0,0,0,0,0,0,0,0,23544,136,337,0,3,37290048,0,268435456,0,0,0,-1,-1
48836,Смотритель Айвал,,29589,51561,0,-1,0,0,0,0,0,0,0,0,0,0,23545,136,337,0,3,37290048,0,268435456,0,0,0,-1,-1
48837,Провидец Ксанариан,,29590,51561,0,-1,0,0,0,0,0,0,0,0,0,0,23541,136,337,0,3,37290048,0,268435456,0,0,0,-1,-1
48852,Остановить Зардракса,,29605,52131,0,-1,0,0,0,0,0,0,0,0,0,0,0,0,1403,0,3,34144256,0,268468224,0,0,0,1309324210,-1440044374
48866,Хранительница Бездны Валсурана,,29616,51561,0,-1,0,0,0,0,0,0,0,0,0,0,23560,136,337,0,3,37290048,0,268435456,0,0,0,-1,-1
48867,Главный алхимик Мункул,,29617,51561,0,-1,0,0,0,0,0,0,0,0,0,0,23561,136,337,0,3,37290048,0,268435456,0,0,0,-1,-1
48875,Удачная смесь,,29624,51561,0,-1,0,0,0,0,0,0,0,0,0,0,23567,135,337,0,3,37289984,0,268435456,0,0,0,-1,-1
48931,Пробуждение чудовищ,,29675,51561,0,-1,0,0,0,0,0,0,0,0,0,0,23610,111,337,0,3,37289984,0,268435456,0,0,0,-1,-1
48934,Знак проклятых,,29677,53769,0,-1,0,0,0,0,0,0,0,0,0,0,0,0,1403,0,3,34144256,0,268468224,0,0,0,1309324210,-1440044374
48936,Слизон Последний из Змеев,,29679,52119,0,-1,0,0,0,0,0,0,0,0,0,0,23627,136,337,0,3,37290048,0,268435456,0,0,0,-1,-1
48951,Престол Триумвирата: Пасть Бездны,,29694,50321,0,-1,0,0,0,0,0,0,0,0,0,0,23660,137,337,0,3,35192832,0,268435458,0,0,0,-1,-1
48952,Брось им кость,,29695,51561,0,-1,0,0,0,0,0,0,0,0,0,0,23666,135,337,0,3,37289984,0,268435456,0,0,0,-1,-1
48953,Престол Триумвирата: Зовущий Тьму,,29696,50321,0,-1,0,0,0,0,0,0,0,0,0,0,23659,137,337,0,3,35192832,0,268435458,0,0,0,-1,-1
48957,Престол Триумвирата: Зедаат Клинок Бездны,,29698,50321,0,-1,0,0,0,0,0,0,0,0,0,0,23661,137,337,0,3,35192832,0,268435458,0,0,0,-1,-1
48958,Прерывание ритуала,,29699,51561,0,-1,0,0,0,0,0,0,0,0,0,0,23678,135,337,0,3,37289984,0,268435456,0,0,0,-1,-1
48959,Престол Триумвирата: темные разломы,,29700,50321,0,-1,0,0,0,0,0,0,0,0,0,0,23662,137,337,0,3,35192832,0,268435458,0,0,0,-1,-1
48983,Горное дело,,29722,51561,0,-1,0,0,0,0,0,0,0,0,0,0,23684,135,337,0,3,37289984,0,268435456,0,0,0,-1,-1
48985,Престол Триумвирата: Сумеречный предвестник Таруул,,29724,50321,0,-1,0,0,0,0,0,0,0,0,0,0,23663,137,337,0,3,35192832,0,268435458,0,0,0,-1,-1
49013,Удар силы,,29748,55564,0,-1,0,0,0,0,0,0,0,0,0,0,25446,109,464,0,3,34144256,8192,268435456,0,0,0,1309324210,-1440044374
49041,Сквернорог,,29774,145951,0,-1,0,0,0,0,0,0,0,0,0,0,23694,115,337,0,3,3735808,0,268435456,0,0,0,-1,-1
49042,Мерзокоготь,,29775,145951,0,-1,0,0,0,0,0,0,0,0,0,0,23695,115,337,0,3,3735808,0,268435456,0,0,0,-1,-1
49043,Смертосвет,,29776,145951,0,-1,0,0,0,0,0,0,0,0,0,0,23696,115,337,0,3,3735808,0,268435456,0,0,0,-1,-1
49044,Тошнот,,29777,145951,0,-1,0,0,0,0,0,0,0,0,0,0,23697,115,337,0,3,3735808,0,268435456,0,0,0,-1,-1
49045,Смертокрик,,29778,145951,0,-1,0,0,0,0,0,0,0,0,0,0,23698,115,337,0,3,3735808,0,268435456,0,0,0,-1,-1
49046,Костеглод,,29779,145951,0,-1,0,0,0,0,0,0,0,0,0,0,23699,115,337,0,3,3735808,0,268435456,0,0,0,-1,-1
49047,Баки,,29780,145956,0,-1,0,0,0,0,0,0,0,0,0,0,23700,115,337,0,3,3735808,0,268435456,0,0,0,-1,-1
49048,Храпун,,29781,145956,0,-1,0,0,0,0,0,0,0,0,0,0,23701,115,337,0,3,3735808,0,268435456,0,0,0,-1,-1
49049,Мракокрыл,,29782,145956,0,-1,0,0,0,0,0,0,0,0,0,0,23702,115,337,0,3,3735808,0,268435456,0,0,0,-1,-1
49050,Тенепрыг,,29783,145956,0,-1,0,0,0,0,0,0,0,0,0,0,23703,115,337,0,3,3735808,0,268435456,0,0,0,-1,-1
49051,Порченая кровь Аргуса,,29784,145956,0,-1,0,0,0,0,0,0,0,0,0,0,23704,115,337,0,3,3735808,0,268435456,0,0,0,-1,-1
49052,Мар'куус,,29785,145956,0,-1,0,0,0,0,0,0,0,0,0,0,23705,115,337,0,3,3735808,0,268435456,0,0,0,-1,-1
49053,Дозорный,,29786,145953,0,-1,0,0,0,0,0,0,0,0,0,0,23706,115,337,0,3,3735808,0,268435456,0,0,0,-1,-1
49054,Вспучень,,29787,145953,0,-1,0,0,0,0,0,0,0,0,0,0,23707,115,337,0,3,3735808,0,268435456,0,0,0,-1,-1
49055,Ухокус,,29788,145953,0,-1,0,0,0,0,0,0,0,0,0,0,23708,115,337,0,3,3735808,0,268435456,0,0,0,-1,-1
49056,Воришка,,29789,145953,0,-1,0,0,0,0,0,0,0,0,0,0,23709,115,337,0,3,3735808,0,268435456,0,0,0,-1,-1
49057,Миниксис,,29790,145953,0,-1,0,0,0,0,0,0,0,0,0,0,23710,115,337,0,3,3735808,0,268435456,0,0,0,-1,-1
49058,Многоликий,,29791,145953,0,-1,0,0,0,0,0,0,0,0,0,0,23711,115,337,0,3,3735808,0,268435456,0,0,0,-1,-1
49068,Спокойствие в бухте,,29797,55564,0,-1,0,0,0,0,0,0,0,0,0,0,23720,109,464,0,3,41484288,8192,268435456,0,0,0,1309324210,-1440044374
49300,Порча в крови,,29980,0,0,-1,0,0,0,0,0,0,0,0,0,0,0,0,1310,0,3,34144256,0,268468224,48366,0,0,-1321907123,1427461461
49315,Секреты Жемчужной отмели,,29995,61885,0,-1,0,0,0,0,0,0,0,0,0,0,0,0,1407,0,3,34144256,0,268468224,0,0,0,-1,-1
49345,Зарытое сокровище,,30025,55564,0,-1,0,0,0,0,0,0,0,0,0,0,25055,109,464,0,3,41484288,8192,268435456,0,0,0,1309324210,-1440044374
49367,Tracking Quest,,30044,0,0,-1,0,0,0,0,0,0,0,0,0,0,0,0,190,0,3,33555456,0,0,0,0,0,-1,-1
49368,Tracking Quest,,30045,0,0,-1,0,0,0,0,0,0,0,0,0,0,0,0,190,0,3,33555456,0,0,0,0,0,-1,-1
49369,Tracking Quest,,30046,0,0,-1,0,0,0,0,0,0,0,0,0,0,0,0,190,0,3,33555456,0,0,0,0,0,-1,-1
49397,Колбасная вечеринка,,30069,55564,0,-1,0,0,0,0,0,0,0,0,0,0,25198,109,464,0,3,34144256,0,268435456,0,0,0,-1321907123,1427461461
49406,Резня в Заламаре,,30078,53450,0,-1,0,0,0,0,0,0,0,0,0,0,0,0,1403,0,3,269025280,0,268468224,0,0,0,1309324210,-1440044374
49413,Сорванцы со свитками,,30084,55564,0,-1,0,0,0,0,0,0,0,0,0,0,24018,109,464,0,3,37289984,0,268435456,0,0,0,-1,-1
49444,Шмыг,,30112,68543,0,-1,0,0,0,0,0,0,0,0,0,0,23566,109,464,0,3,41484288,8192,268435456,0,0,0,1309324210,-1440044374
49529,Весенняя уборка,,30167,54391,0,-1,0,0,0,0,0,0,0,0,0,0,0,0,1310,0,3,34144256,0,268468224,0,0,0,-1321907123,1427461461
49675,Tracking Quest,,30237,0,0,-1,0,0,0,0,0,0,0,0,0,0,0,0,190,0,3,33555456,0,0,0,0,0,-1,-1
49695,Tracking Quest,,30257,0,0,-1,0,0,0,0,0,0,0,0,0,0,0,0,190,0,3,33555464,0,0,0,0,0,-1,-1
49739,Враг у ворот,,30283,62654,0,-1,0,0,0,0,0,0,0,0,0,0,0,0,1310,0,3,589824,0,268468224,49738,0,0,-1321907123,1427461461
49800,Атал'Дазар: пауки!,,30331,55564,0,-1,0,0,0,0,0,0,0,0,0,0,24143,137,464,0,3,35192832,0,268435458,0,0,0,-1,-1
49809,Атал'Дазар: из тени,,30340,55564,0,-1,0,0,0,0,0,0,0,0,0,0,24144,137,464,0,3,35192832,0,268435458,0,0,0,-1,-1
49888,Атал'Дазар: немного моджо,,30400,55564,0,-1,0,0,0,0,0,0,0,0,0,0,24145,137,464,0,3,35192832,0,268435458,0,0,0,-1,-1
49918,Гориллья теснина,,30430,66346,0,-1,0,0,0,0,0,0,0,0,0,0,0,0,1407,0,3,34144320,0,268468224,0,0,0,1309324210,-1440044374
49994,Стильное скольжение,,30491,55564,0,-1,0,0,0,0,0,0,0,0,0,0,26695,109,464,0,3,2686976,0,268435456,0,0,0,-1321907123,1427461461
50000,Чудовищные дела,,30497,55564,0,-1,0,0,0,0,0,0,0,0,0,0,25244,109,464,0,3,37289984,0,268435456,0,0,0,-1321907123,1427461461
50009,Сборщики обломков кораблей,,30506,0,0,-1,0,0,0,0,0,0,0,0,0,0,0,0,1310,0,3,34144256,0,268468224,50026,0,0,-1321907123,1427461461
50072,Test WQ Quest [RNM],,30567,0,0,-1,0,0,0,0,0,0,0,0,0,0,24378,115,347,0,3,34144256,196608,268435456,0,0,0,-1,-1
50080,Налет на налетчиков,,30575,62273,0,-1,0,0,0,0,0,0,0,0,0,0,0,0,1403,0,3,38338560,8192,268468224,0,0,0,1309324210,-1440044374
50091,Восстановление города,,30586,54736,0,-1,0,0,0,0,0,0,0,0,0,0,0,0,1404,0,3,37289984,0,268468224,0,0,0,-1321907123,1427461461
50133,Борьба с сорняками,,30618,54815,0,-1,1,0,0,0,0,0,0,0,0,0,0,0,1405,0,3,34144256,0,268468224,0,0,0,-1321907123,1427461461
50164,Полли хочет печенья?,,30649,55564,0,-1,0,0,0,0,0,0,0,0,0,154878,25319,109,464,0,3,38338560,8192,268435456,0,0,0,-1321907123,1427461461
50178,Тернии Корнистого пути,,30660,0,0,-1,0,0,0,0,0,0,0,0,0,0,0,0,1407,0,3,34144256,0,268468224,0,0,0,1309324210,-1440044374
50234,Команды Вольной Гавани,,30716,55564,0,-1,0,0,0,0,0,0,0,0,0,0,24483,109,464,0,3,4784128,8193,268435456,0,0,0,-1321907123,1427461461
50267,Xu'e,,30744,0,0,-1,1,0,0,0,0,0,0,0,0,0,0,0,0,0,3,35652616,0,0,0,0,0,-1,-1
50287,Бесконечная война горилл,,30768,55564,0,-1,0,0,0,0,0,0,0,0,0,0,24526,109,464,0,3,37290304,0,268435456,0,0,0,1309324210,-1440044374
50295,Через силу,,30775,70114,0,-1,0,0,0,0,0,0,0,0,0,0,24527,109,464,0,3,38338560,8192,268435456,0,0,0,-1321907123,1427461461
50296,Козомахер,,30776,55564,0,-1,0,0,0,0,0,0,0,0,0,153596,24528,109,464,0,3,34144256,0,268435456,0,0,0,-1321907123,1427461461
50299,Укрощение грифона,,30779,55564,0,-1,0,0,0,0,0,0,0,0,0,156928,24532,109,464,0,3,34144256,0,268435456,0,0,0,-1321907123,1427461461
50315,Этого не было в путеводителе,,30793,55564,0,-1,0,0,0,0,0,0,0,0,0,0,25380,109,464,0,3,38338560,8192,268435456,0,0,0,-1321907123,1427461461
50322,Пернатая причуда,,30799,55564,0,-1,0,0,0,0,0,0,0,0,0,0,25858,109,464,0,3,38338560,8192,268435456,0,0,0,-1321907123,1427461461
50324,"Живописный курорт ""Кипящие Ключи""",,30801,55564,0,-1,0,0,0,0,0,0,0,0,0,157540,26576,109,464,0,3,38338560,8192,268435456,0,0,0,-1321907123,1427461461
50357,Возврат шахты,,30833,5793,0,-1,0,0,0,0,0,0,0,0,0,0,0,0,1310,0,3,34144256,0,268468224,50349,0,0,-1321907123,1427461461
50369,Медвежье зелье,,30845,55564,0,-1,1,0,0,0,0,0,0,0,0,0,25411,109,464,0,3,3735552,0,268435456,0,0,0,-1321907123,1427461461
50421,Поединок на рее,,30896,55564,0,-1,0,0,0,0,0,0,0,0,0,0,25457,109,464,0,3,4784128,8192,268435456,0,0,0,-1321907123,1427461461
50443,До самых корней,,30918,55564,0,-1,0,0,0,0,0,0,0,0,0,0,24631,109,464,0,3,41484288,8192,268435456,0,0,0,1309324210,-1440044374
50448,Битва за Корлейн,,30924,0,0,-1,0,0,0,0,0,0,0,0,0,0,0,0,1404,0,3,38338560,0,268468224,50253,0,0,-1321907123,1427461461
50459,Вугтут,,30935,55564,0,-1,0,0,0,0,0,0,0,0,0,0,24588,136,464,0,3,37289984,0,268435456,0,0,0,-1,-1
50461,Зуджотгул,,30937,55564,0,-1,0,0,0,0,0,0,0,0,0,0,24589,136,464,0,3,37289984,0,268435456,0,0,0,-1,-1
50468,Шул-Нагрут,,30943,55564,0,-1,0,0,0,0,0,0,0,0,0,0,24590,136,464,0,3,37289984,0,268435456,0,0,0,-1,-1
50474,Та Сторона,,30945,55564,0,-1,0,0,0,0,0,0,0,0,0,0,24632,109,464,0,3,41484288,8192,268435456,0,0,0,1309324210,-1440044374
50483,Владыка Ксерксиз,,30954,55564,0,-1,0,0,0,0,0,0,0,0,0,0,24591,136,464,0,3,37289984,0,268435456,0,0,0,-1,-1
50488,Древний зуболом,,30958,55564,0,-1,0,0,0,0,0,0,0,0,0,0,24597,135,464,0,3,34144320,0,268435456,0,0,0,-1,-1
50489,Ксу'ба,,30959,55564,0,-1,0,0,0,0,0,0,0,0,0,0,24598,135,464,0,3,34144320,0,268435456,0,0,0,-1,-1
50490,Уроку Скованный,,30960,55564,0,-1,0,0,0,0,0,0,0,0,0,0,24599,135,464,0,3,34144320,0,268435456,0,0,0,-1,-1
50491,Труповестница Ял'кар,,30961,55564,0,-1,0,0,0,0,0,0,0,0,0,0,24600,135,464,0,3,34144320,0,268435456,0,0,0,-1,-1
50492,Проклятый сундук,,30962,55564,0,-1,0,0,0,0,0,0,0,0,0,0,24601,135,464,0,3,34144320,0,268435456,0,0,0,-1,-1
50496,Ненасытень,,30967,55564,0,-1,0,0,0,0,0,0,0,0,0,0,24602,135,464,0,3,34144320,0,268435456,0,0,0,-1,-1
50497,Милость Краг'вы,,30968,55564,0,-1,0,0,0,0,0,0,0,0,0,0,24635,109,464,0,3,41484288,8192,268435456,0,0,0,1309324210,-1440044374
50498,Кишкогрыз,,30969,55564,0,-1,0,0,0,0,0,0,0,0,0,0,24603,135,464,0,3,34144320,0,268435456,0,0,0,-1,-1
50499,Гвугнуг,,30970,55564,0,-1,0,0,0,0,0,0,0,0,0,0,24604,135,464,0,3,34144320,0,268435456,0,0,0,-1,-1
50501,Королева Тцзи'кик,,30972,55564,0,-1,0,0,0,0,0,0,0,0,0,0,24605,135,464,0,3,35192896,0,268435456,0,0,0,-1,-1
50502,Джакс'теб Неупокоенный,,30973,55564,0,-1,0,0,0,0,0,0,0,0,0,0,24606,135,464,0,3,34144320,0,268435456,0,0,0,-1,-1
50503,Джуба Изрубцованный,,30974,55564,0,-1,0,0,0,0,0,0,0,0,0,0,24607,135,464,0,3,34144320,0,268435456,0,0,0,-1,-1
50505,Каль'дракса,,30976,67269,0,-1,0,0,0,0,0,0,0,0,0,0,24608,135,464,0,3,34144320,0,268435456,0,0,0,-1,-1
50506,Король Кооба,,30977,55564,0,-1,0,0,0,0,0,0,0,0,0,0,24609,135,464,0,3,34144320,0,268435456,0,0,0,-1,-1
50507,Краббс,,30978,55564,0,-1,0,0,0,0,0,0,0,0,0,0,24610,135,464,0,3,34144320,0,268435456,0,0,0,-1,-1
50509,Ло'куно,,30980,55564,0,-1,0,0,0,0,0,0,0,0,0,0,24612,135,464,0,3,34144320,0,268435456,0,0,0,-1,-1
50510,Разжиревший завролиск,,30981,55564,0,-1,0,0,0,0,0,0,0,0,0,0,24613,135,464,0,3,34144320,0,268435456,0,0,0,-1,-1
50511,Баджиата,,30982,55564,0,-1,0,0,0,0,0,0,0,0,0,0,24614,135,464,0,3,34144320,0,268435456,0,0,0,-1,-1
50512,Разведчик Скраснисс,,30983,55564,0,-1,0,0,0,0,0,0,0,0,0,0,24615,135,464,0,3,34144320,0,268435456,0,0,0,-1,-1
50513,Зараженный страж,,30984,55564,0,-1,0,0,0,0,0,0,0,0,0,0,24616,135,464,0,3,34144320,0,268435456,0,0,0,-1,-1
50514,Изготовительница тотемов Джаш'га,,30985,55564,0,-1,0,0,0,0,0,0,0,0,0,0,24617,135,464,0,3,34144320,0,268435456,0,0,0,-1,-1
50515,Ядозуб,,30986,55564,0,-1,0,0,0,0,0,0,0,0,0,0,24618,135,464,0,3,34144320,0,268435456,0,0,0,-1,-1
50516,Боевая барабанщица Зурула,,30987,55564,0,-1,0,0,0,0,0,0,0,0,0,0,24619,135,464,0,3,34144320,0,268435456,0,0,0,-1,-1
50517,Мала'кили и Ронкор,,30988,55564,0,-1,0,0,0,0,0,0,0,0,0,0,24620,135,464,0,3,34144320,0,268435456,0,0,0,-1,-1
50518,Занксиб,,30989,55564,0,-1,0,0,0,0,0,0,0,0,0,0,24621,135,464,0,3,34144320,0,268435456,0,0,0,-1,-1
50519,За'амар,,30990,55564,0,-1,0,0,0,0,0,0,0,0,0,0,24623,135,464,0,3,34144320,0,268435456,0,0,0,-1,-1
50521,Выжженная земля,,30992,55564,0,-1,0,0,0,0,0,0,0,0,0,157847,25598,109,464,0,3,41615360,8192,268435456,0,0,0,1309324210,-1440044374
50524,Очищение храма,,30995,55564,0,-1,0,0,0,0,0,0,0,0,0,0,24664,109,464,0,3,41484288,8192,268435456,0,0,0,1309324210,-1440044374
50527,В тылу могу,,30998,66654,0,-1,0,0,0,0,0,0,0,0,0,0,24666,109,464,0,3,41484544,8192,268435456,52287,0,0,-1321907123,1427461461
50529,Духи внутри,,31000,55564,0,-1,0,0,0,0,0,0,0,0,0,0,24637,109,464,0,3,41484288,8192,268435456,0,0,0,1309324210,-1440044374
50540,Призыв к бою для растари,,31011,55564,0,-1,0,0,0,0,0,0,0,0,0,157858,24676,109,464,0,3,41615616,8192,268435456,0,0,0,1309324210,-1440044374
50545,Раздвоенная молния,,32725,55564,0,-1,0,0,0,0,0,0,0,0,0,0,24639,109,464,0,3,41484288,8192,268435456,0,0,0,1309324210,-1440044374
50547,Ножи Зула,,31020,55564,0,-1,0,0,0,0,0,0,0,0,0,0,24677,109,464,0,3,41484544,0,268435456,0,0,0,1309324210,-1440044374
50548,Исполнение королевской воли,,31021,55564,0,-1,0,0,0,0,0,0,0,0,0,0,24678,109,464,0,3,41615360,8192,268435456,0,0,0,1309324210,-1440044374
50549,Совершенно по-варварски,,31022,55564,0,-1,0,0,0,0,0,0,0,0,0,0,25611,109,464,0,3,41484288,8192,268435456,0,0,0,1309324210,-1440044374
50559,Все в твоей руке,,31032,66505,0,-1,5,0,0,0,0,0,0,0,0,0,25787,109,464,0,3,40435712,8192,268435456,0,0,0,1309324210,-1440044374
50564,Заряженный азеритом шлак,,31037,55564,0,-1,0,0,0,0,0,0,0,0,0,0,24680,135,464,0,3,37290048,0,268435456,0,0,0,-1,-1
50566,Потерянный свиток,,31039,55564,0,-1,0,0,0,0,0,0,0,0,0,0,24681,135,464,0,3,37290048,0,268435456,0,0,0,-1,-1
50568,Испытание Чага,,31041,55564,0,-1,0,0,0,0,0,0,0,0,0,0,24682,135,464,0,3,37290048,0,268435456,0,0,0,-1,-1
50570,Усиленный азеритом элементаль,,31043,55564,0,-1,0,0,0,0,0,0,0,0,0,0,24683,135,464,0,3,34144320,0,268435456,0,0,0,-1,-1
50571,Истребление,,31044,55564,0,-1,0,0,0,0,0,0,0,0,0,0,24684,109,464,0,3,41484544,0,268435456,0,0,0,1309324210,-1440044374
50572,Кровавое вторжение,,31045,67204,0,-1,0,0,0,0,0,0,0,0,0,154724,24642,109,464,0,3,41615360,8192,268435456,0,0,0,1309324210,-1440044374
50574,Способы сохранения,,31047,55564,0,-1,0,0,0,0,0,0,0,0,0,158067,24685,109,464,0,3,41615616,0,268435456,0,0,0,1309324210,-1440044374
50577,Пропавшие без вести,,31050,55564,0,-1,0,0,0,0,0,0,0,0,0,159761,25599,109,464,0,3,41484288,8192,268435456,0,0,0,1309324210,-1440044374
50578,Еще больше разрушения,,31051,55564,0,-1,0,0,0,0,0,0,0,0,0,0,24686,109,464,0,3,41484288,8192,268435456,0,0,0,1309324210,-1440044374
50581,Свитки и чешуя,,31054,70810,0,-1,0,0,0,0,0,0,0,0,0,0,25000,109,464,0,3,41484288,8192,268435456,0,0,0,1309324210,-1440044374
50587,Отрицательный отзыв,,31060,55564,0,-1,0,0,0,0,0,0,0,0,0,0,24644,109,464,0,3,41484288,8192,268435456,0,0,0,1309324210,-1440044374
50591,З-з-злодей,,31066,55564,0,-1,0,0,0,0,0,0,0,0,0,0,25748,109,464,0,3,34144256,16384,268435456,0,0,0,-1321907123,1427461461
50592,Маленький ужас,,31067,55564,0,-1,0,0,0,0,0,0,0,0,0,0,24999,109,464,0,3,41484288,8192,268435456,49681,0,0,1309324210,-1440044374
50619,Взлет предшествует падению,,31093,55564,0,-1,0,0,0,0,0,0,0,0,0,0,24997,109,464,0,3,38338560,8192,268435456,0,0,0,1309324210,-1440044374
50633,Нужные ингредиенты,,31105,55564,0,-1,0,0,0,0,0,0,0,0,0,0,24706,109,464,0,3,41484544,0,268435456,0,0,0,1309324210,-1440044374
50634,Спасите наши свитки!,,31106,55564,0,-1,0,0,0,0,0,0,0,0,0,0,24847,109,464,0,3,38338560,8192,268435456,0,0,0,1309324210,-1440044374
50636,Прожорливый монстр,,31108,55564,0,-1,0,0,0,0,0,0,0,0,0,0,24707,109,464,0,3,41484544,0,268435456,0,0,0,1309324210,-1440044374
50648,Непростые пузыри,,31120,55564,0,-1,0,0,0,0,0,0,0,0,0,0,24649,109,464,0,3,41484288,8192,268435456,0,0,0,1309324210,-1440044374
50650,Уничтожение Заламара,,31122,67203,0,-1,0,0,0,0,0,0,0,0,0,0,26030,109,464,0,3,272171008,0,268435456,0,0,0,1309324210,-1440044374
50651,Сдерживающий потенциал,,31123,55564,0,-1,0,0,0,0,0,0,0,0,0,158185,24713,109,464,0,3,41615616,0,268435456,0,0,0,-1321907123,1427461461
50652,Черная неблагодарность,,31124,55564,0,-1,0,0,0,0,0,0,0,0,0,0,24996,109,464,0,3,38338560,8192,268435456,0,0,0,1309324210,-1440044374
50660,Стратегия выживания,,31132,55564,0,-1,0,0,0,0,0,0,0,0,0,0,24652,109,464,0,3,41484288,8192,268435456,0,0,0,1309324210,-1440044374
50665,Мы отменим тролльский апокалипсис!,,31137,55564,0,-1,0,0,0,0,0,0,0,0,0,0,24654,109,464,0,3,272171008,0,268435456,0,0,0,1309324210,-1440044374
50667,Просрочка,,31139,55564,0,-1,0,0,0,0,0,0,0,0,0,0,24653,109,464,0,3,41484288,8192,268435456,0,0,0,1309324210,-1440044374
50676,Речная пошлина,,31149,55564,0,-1,0,0,0,0,0,0,0,0,0,0,24655,109,464,0,3,41484288,8192,268435456,0,0,0,1309324210,-1440044374
50689,Это все ямы,,31162,55564,0,-1,0,0,0,0,0,0,0,0,0,0,24656,109,464,0,3,272171264,0,268435456,0,0,0,1309324210,-1440044374
50695,Каннибалам здесь не место,,31167,55564,0,-1,0,0,0,0,0,0,0,0,0,0,25595,109,464,0,3,272171008,0,268435456,0,0,0,1309324210,-1440044374
50717,"Отстань от меня, тролль",,31189,55564,0,-1,0,0,0,0,0,0,0,0,0,158324,24658,109,464,0,3,272171264,0,268435456,0,0,0,1309324210,-1440044374
50718,Агент смерти,,31190,55564,0,-1,0,0,0,0,0,0,0,0,0,0,24659,109,464,0,3,41484288,8192,268435456,0,0,0,1309324210,-1440044374
50735,Детали захоронения,,31206,55564,0,-1,0,0,0,0,0,0,0,0,0,0,24660,109,464,0,3,41484288,8192,268435456,0,0,0,1309324210,-1440044374
50737,Заставить их замолчать,,31207,55564,0,-1,0,0,0,0,0,0,0,0,0,0,24743,109,464,0,3,41484544,0,268435456,0,0,0,-1321907123,1427461461
50744,Освежить им память,,31215,55564,0,-1,0,0,0,0,0,0,0,0,0,0,24755,109,464,0,3,41484544,0,268435456,0,0,0,1309324210,-1440044374
50747,Хороший амани – мертвый амани,,31218,55564,0,-1,0,0,0,0,0,0,0,0,0,0,24756,109,464,0,3,41484544,8192,268435456,0,0,0,-1321907123,1427461461
50756,Подземная эвакуация,,31227,55564,0,-1,0,0,0,0,0,0,0,0,0,158652,24757,109,464,0,3,8061184,0,268435456,0,0,0,-1321907123,1427461461
50765,Сбор детей,,31236,55564,0,-1,0,0,0,0,0,0,0,0,0,0,25002,109,464,0,3,38338560,8192,268435456,0,0,0,1309324210,-1440044374
50767,Банда Резчиков,,31238,55564,0,-1,0,0,0,0,0,0,0,0,0,0,25383,109,464,0,3,34144256,0,268435456,0,0,0,-1321907123,1427461461
50776,Лжепророки,,31247,55564,0,-1,0,0,0,0,0,0,0,0,0,0,26579,109,464,0,3,34144256,0,268435456,0,0,0,-1321907123,1427461461
50779,С чистого листа,,31250,56366,0,-1,0,0,0,0,0,0,0,0,0,0,0,0,1405,0,3,34144256,0,268468224,50612,0,0,-1321907123,1427461461
50782,Ходят слухи...,,31253,55564,0,-1,0,0,0,0,0,0,0,0,0,0,24763,109,464,0,3,41615616,0,268435456,0,0,0,-1321907123,1427461461
50786,Месть Краг'вы,,31257,55564,0,-1,0,0,0,0,0,0,0,0,0,0,24640,109,464,0,3,41484288,8192,268435456,0,0,0,1309324210,-1440044374
50792,Взяточничество,,31263,55564,0,-1,0,0,0,0,0,0,0,0,0,0,26581,109,464,0,3,34144256,0,268435456,0,0,0,-1321907123,1427461461
50805,Смерть призывателям небес,,31276,56202,0,-1,5,0,0,0,0,0,0,0,0,0,0,0,1406,0,3,34275328,0,268468224,0,0,0,1309324210,-1440044374
50813,Сбор груза,,31284,55564,0,-1,0,0,0,0,0,0,0,0,0,0,24661,109,464,0,3,41484288,8192,268435456,0,0,0,1309324210,-1440044374
50845,Кул'кразан,,31307,55564,0,-1,0,0,0,0,0,0,0,0,0,0,24785,135,464,0,3,37290048,0,268435456,0,0,0,-1,-1
50846,Охотница за головами Ли'за,,31308,55564,0,-1,0,0,0,0,0,0,0,0,0,0,24786,136,464,0,3,37289984,0,268435456,0,0,0,-1,-1
50847,Чудовищное дитя Резана,,31309,55564,0,-1,0,0,0,0,0,0,0,0,0,0,24787,136,464,0,3,37289984,0,268435456,0,0,0,-1,-1
50848,Бргл-Лргл Крушитель,,31310,0,0,-1,0,0,0,0,0,0,0,0,0,0,0,136,464,0,3,37290048,0,268435456,0,0,0,-1,-1
50849,Знахарь Хабра'ду,,31311,0,0,-1,0,0,0,0,0,0,0,0,0,0,0,136,464,0,3,37290048,0,268435456,0,0,0,-1,-1
50850,Тия'каван,,31312,55564,0,-1,0,0,0,0,0,0,0,0,0,0,24790,136,464,0,3,37289984,0,268435456,0,0,0,-1,-1
50851,Мор'фани Изгнанник,,31313,0,0,-1,0,0,0,0,0,0,0,0,0,0,0,136,464,0,3,37290048,0,268435456,0,0,0,-1,-1
50852,Леди Сейрин,,31314,0,0,-1,0,0,0,0,0,0,0,0,0,0,0,136,464,0,3,37290048,0,268435456,0,0,0,-1,-1
50853,Темен'рикс,,31315,55564,0,-1,0,0,0,0,0,0,0,0,0,0,24793,136,464,0,3,37289984,0,268435456,0,0,0,-1,-1
50854,Краснолап,,31316,55564,0,-1,0,0,0,0,0,0,0,0,0,0,24795,135,464,0,3,37290048,0,268435456,0,0,0,-1,-1
50855,Старый Р'гал,,31317,55564,0,-1,0,0,0,0,0,0,0,0,0,0,24796,136,464,0,3,37290048,0,268435456,0,0,0,-1321907123,1427461461
50857,Голракан,,31319,55564,0,-1,0,0,0,0,0,0,0,0,0,0,24797,135,464,0,3,37290048,0,268435456,0,0,0,-1,-1
50858,Небесная королева,,31320,55564,0,-1,0,0,0,0,0,0,0,0,0,0,24798,135,464,0,3,37290048,0,268435456,0,0,0,-1321907123,1427461461
50859,Кандак,,31321,55564,0,-1,0,0,0,0,0,0,0,0,0,0,24799,135,464,0,3,37290048,0,268435456,0,0,0,-1,-1
50861,Торраск Вековечный,,31323,55564,0,-1,0,0,0,0,0,0,0,0,0,0,24801,135,464,0,3,37290048,0,268435456,0,0,0,-1,-1
50862,Кровопуз,,31324,55564,0,-1,0,0,0,0,0,0,0,0,0,0,24802,135,464,0,3,37290048,0,268435456,0,0,0,-1,-1
50863,Аватара Золотала,,31325,55564,0,-1,0,0,0,0,0,0,0,0,0,0,24803,135,464,0,3,37290048,0,268435456,0,0,0,-1,-1
50864,Готака из культа Зула,,31326,55564,0,-1,0,0,0,0,0,0,0,0,0,0,24804,135,464,0,3,37290048,0,268435456,0,0,0,-1,-1
50866,Зайус,,31328,66345,0,-1,0,0,0,0,0,0,0,0,0,0,24805,135,464,0,3,37290048,0,268435456,0,0,0,-1,-1
50867,Тамбано,,31329,55564,0,-1,0,0,0,0,0,0,0,0,0,0,24806,135,464,0,3,37290048,0,268435456,0,0,0,-1,-1
50868,Тернокрыл,,31330,55564,0,-1,0,0,0,0,0,0,0,0,0,0,24807,135,464,0,3,37290048,0,268435456,0,0,0,-1,-1
50869,Кибоку,,31331,55564,0,-1,0,0,0,0,0,0,0,0,0,0,24808,135,464,0,3,37290048,0,268435456,0,0,0,-1,-1
50870,Г'наат,,31332,55564,0,-1,0,0,0,0,0,0,0,0,0,0,24809,135,464,0,3,37290048,0,268435456,0,0,0,-1,-1
50871,Кинжалозуб,,31333,55564,0,-1,0,0,0,0,0,0,0,0,0,0,24810,135,464,0,3,37290048,0,268435456,0,0,0,-1,-1
50872,Боевой кролуск Каркитисс,,31334,55564,0,-1,0,0,0,0,0,0,0,0,0,0,24811,135,464,0,3,37290048,0,268435456,0,0,0,-1,-1
50873,Странное яйцо,,31335,55564,0,-1,0,0,0,0,0,0,0,0,0,0,24812,135,464,0,3,37290048,0,268435456,0,0,0,-1,-1
50874,Хакби Восставший,,31336,55564,0,-1,0,0,0,0,0,0,0,0,0,0,24813,135,464,0,3,37290048,0,268435456,0,0,0,-1,-1
50875,Темноуст Джо'ла,,31337,55564,0,-1,0,0,0,0,0,0,0,0,0,0,24814,135,464,0,3,37290048,0,268435456,0,0,0,-1,-1
50876,Смертоклюв,,31338,55564,0,-1,0,0,0,0,0,0,0,0,0,0,24815,135,464,0,3,37290048,0,268435456,0,0,0,-1,-1
50877,Газ'ралка,,31339,55564,0,-1,0,0,0,0,0,0,0,0,0,0,24816,135,464,0,3,37290048,0,268435456,0,0,0,-1,-1
50885,Лэй-чжи,,31347,55564,0,-1,0,0,0,0,0,0,0,0,0,0,25019,135,464,0,3,37290048,0,268435456,0,0,0,-1,-1
50899,"Отстань от меня, тролль",,31361,55564,0,-1,0,0,0,0,0,0,0,0,0,158924,24850,109,464,0,3,272171008,0,268435456,0,0,0,-1321907123,1427461461
50936,Стратегия выживания,,31398,55564,0,-1,0,0,0,0,0,0,0,0,0,0,24848,109,464,0,3,41484288,8192,268435456,0,0,0,-1321907123,1427461461
50957,Ярость Резана,,31417,55564,0,-1,0,0,0,0,0,0,0,0,0,0,24888,109,464,0,3,40435712,8192,268435456,0,0,0,1309324210,-1440044374
50958,Следи за кошельком,,31418,55564,0,-1,0,0,0,0,0,0,0,0,0,0,26580,109,464,0,3,34144256,0,268435456,0,0,0,-1321907123,1427461461
50959,Ограбить пиратов,,31420,0,0,-1,0,0,0,0,0,0,0,0,0,0,0,0,1404,0,3,38338624,0,268468224,0,0,0,-1321907123,1427461461
50961,Спасите наши свитки!,,31106,55564,0,-1,0,0,0,0,0,0,0,0,0,0,24847,109,464,0,3,38338560,8192,268435456,0,0,0,-1321907123,1427461461
50962,Сбор груза,,31424,55564,0,-1,0,0,0,0,0,0,0,0,0,0,24846,109,464,0,3,41484288,8192,268435456,0,0,0,-1321907123,1427461461
50964,Ритуальный бой,,31426,61938,0,-1,0,0,0,0,0,0,0,0,0,0,24915,109,464,0,3,35323904,0,268435456,0,0,0,1309324210,-1440044374
50966,Команда зачистки,,31428,55564,0,-1,0,0,0,0,0,0,0,0,0,0,24998,109,464,0,3,38338560,8192,268435456,0,0,0,1309324210,-1440044374
50969,Действия в критическом положении,,31430,55564,0,-1,0,0,0,0,0,0,0,0,0,0,25233,109,464,0,3,41484288,8192,268435456,0,0,0,-1321907123,1427461461
50975,Добыча азерита,,31436,55564,0,-1,0,0,0,0,0,0,0,0,0,0,24940,151,464,0,3,272171008,0,268435456,0,0,0,-1,-1
50977,Потрясти контрабандистов,,31438,55564,0,-1,0,0,0,0,0,0,0,0,0,0,24941,109,464,0,3,34144256,0,268435456,0,0,0,-1321907123,1427461461
50981,Заказ: речной горох,,31442,55564,0,-1,0,0,0,0,0,2549,1,0,0,0,26156,119,464,0,3,524608,0,268435458,0,0,0,-1321907123,1427461461
50982,Заказ: звездный мох,,31443,55564,0,-1,0,0,0,0,0,2549,1,0,0,0,26157,119,464,0,3,524608,0,268435458,0,0,0,-1321907123,1427461461
50983,Заказ: укус Акунды,,31444,55564,0,-1,0,0,0,0,0,2549,1,0,0,0,26158,119,464,0,3,524608,0,268435458,0,0,0,-1321907123,1427461461
50984,Заказ: поцелуй зимы,,31445,55564,0,-1,0,0,0,0,0,2549,1,0,0,0,26159,119,464,0,3,524608,0,268435458,0,0,0,-1321907123,1427461461
50985,Заказ: пыльца сирены,,31446,55564,0,-1,0,0,0,0,0,2549,1,0,0,0,26160,119,464,0,3,524608,0,268435458,0,0,0,-1321907123,1427461461
50986,Заказ: морской стебель,,31447,55564,0,-1,0,0,0,0,0,2549,1,0,0,0,26161,119,464,0,3,524608,0,268435458,0,0,0,-1321907123,1427461461
50987,Заказ: монелитовая руда,,31448,55564,0,-1,0,0,0,0,0,2565,1,0,0,0,26175,120,464,0,3,524608,0,268435458,0,0,0,-1321907123,1427461461
50989,Заказ: руда штормового серебра,,31450,55564,0,-1,0,0,0,0,0,2565,1,0,0,0,26176,120,464,0,3,524608,0,268435458,0,0,0,-1321907123,1427461461
50991,Заказ: окровавленная кость,,31452,55564,0,-1,0,0,0,0,0,2557,1,0,0,0,26183,124,464,0,3,524608,0,268435458,0,0,0,-1321907123,1427461461
50992,Заказ: окаменевшая кость,,31453,55564,0,-1,0,0,0,0,0,2557,1,0,0,0,26184,124,464,0,3,524608,0,268435458,0,0,0,-1321907123,1427461461
50993,Заказ: шершавая кожа,,31454,55564,0,-1,0,0,0,0,0,2557,1,0,0,0,26185,124,464,0,3,524608,0,268435458,0,0,0,-1321907123,1427461461
50994,Заказ: штормовая шкура,,31455,55564,0,-1,0,0,0,0,0,2557,1,0,0,0,26186,124,464,0,3,524608,0,268435458,0,0,0,-1321907123,1427461461
50995,Заказ: поблескивающая чешуя,,31456,55564,0,-1,0,0,0,0,0,2557,1,0,0,0,26187,124,464,0,3,524608,0,268435458,0,0,0,-1321907123,1427461461
50996,Заказ: дымчатая чешуя,,31457,55564,0,-1,0,0,0,0,0,2557,1,0,0,0,26188,124,464,0,3,524608,0,268435458,0,0,0,-1321907123,1427461461
50997,Заказ: морской лен,,31458,55564,0,-1,0,0,0,0,0,197,1,0,0,0,26177,121,464,0,3,524608,0,268435458,0,0,0,-1321907123,1427461461
50998,Заказ: глубоководный шелк,,31459,55564,0,-1,0,0,0,0,0,197,1,0,0,0,26178,121,464,0,3,524608,0,268435458,0,0,0,-1321907123,1427461461
50999,Заказ: речной горох,,31460,55564,0,-1,0,0,0,0,0,2549,1,0,0,0,26229,119,464,0,3,524608,0,268435458,0,0,0,1309324210,-1440044374
51000,Заказ: звездный мох,,31463,55564,0,-1,0,0,0,0,0,2549,1,0,0,0,26230,119,464,0,3,524608,0,268435458,0,0,0,1309324210,-1440044374
51002,Заказ: укус Акунды,,31464,55564,0,-1,0,0,0,0,0,2549,1,0,0,0,26231,119,464,0,3,524608,0,268435458,0,0,0,1309324210,-1440044374
51003,Заказ: поцелуй зимы,,31465,55564,0,-1,0,0,0,0,0,2549,1,0,0,0,26232,119,464,0,3,524608,0,268435458,0,0,0,1309324210,-1440044374
51004,Заказ: пыльца сирены,,31466,55564,0,-1,0,0,0,0,0,2549,1,0,0,0,26233,119,464,0,3,524608,0,268435458,0,0,0,1309324210,-1440044374
51005,Заказ: морской стебель,,31467,55564,0,-1,0,0,0,0,0,2549,1,0,0,0,26234,119,464,0,3,524608,0,268435458,0,0,0,1309324210,-1440044374
51006,Заказ: монелитовая руда,,31468,67908,0,-1,0,0,0,0,0,2565,1,0,0,0,26251,120,464,0,3,524608,0,268435458,0,0,0,1309324210,-1440044374
51007,Заказ: руда штормового серебра,,31469,55564,0,-1,0,0,0,0,0,2565,1,0,0,0,26252,120,464,0,3,524608,0,268435458,0,0,0,1309324210,-1440044374
51008,Заказ: окровавленная кость,,31470,55564,0,-1,0,0,0,0,0,2557,1,0,0,0,26259,124,464,0,3,524608,0,268435458,0,0,0,1309324210,-1440044374
51009,Заказ: окаменевшая кость,,31471,55564,0,-1,0,0,0,0,0,2557,1,0,0,0,26260,124,464,0,3,524608,0,268435458,0,0,0,1309324210,-1440044374
51010,Заказ: шершавая кожа,,31472,55564,0,-1,0,0,0,0,0,2557,1,0,0,0,26261,124,464,0,3,524608,0,268435458,0,0,0,1309324210,-1440044374
51011,Заказ: штормовая шкура,,31473,55564,0,-1,0,0,0,0,0,2557,1,0,0,0,26262,124,464,0,3,524608,0,268435458,0,0,0,1309324210,-1440044374
51012,Заказ: поблескивающая чешуя,,31474,55564,0,-1,0,0,0,0,0,2557,1,0,0,0,26263,124,464,0,3,524608,0,268435458,0,0,0,1309324210,-1440044374
51013,Заказ: дымчатая чешуя,,31475,55564,0,-1,0,0,0,0,0,2557,1,0,0,0,26264,124,464,0,3,524608,0,268435458,0,0,0,1309324210,-1440044374
51014,Заказ: морской лен,,31476,55564,0,-1,0,0,0,0,0,197,1,0,0,0,26267,121,464,0,3,524608,0,268435458,0,0,0,1309324210,-1440044374
51015,Заказ: глубоководный шелк,,31477,55564,0,-1,0,0,0,0,0,197,1,0,0,0,26268,121,464,0,3,524608,0,268435458,0,0,0,1309324210,-1440044374
51017,Требуются припасы: монелитовая руда,,31479,55564,0,-1,0,0,0,0,0,0,0,0,0,0,26074,109,464,0,3,524608,0,268435458,0,0,0,-1321907123,1427461461
51021,Требуются припасы: руда штормового серебра,,31483,55564,0,-1,0,0,0,0,0,0,0,0,0,0,26075,109,464,0,3,524608,0,268435458,0,0,0,-1321907123,1427461461
51022,Требуются припасы: речной горох,,31484,55564,0,-1,0,0,0,0,0,0,0,0,0,0,26072,109,464,0,3,524608,0,268435458,0,0,0,-1321907123,1427461461
51023,Требуются припасы: звездный мох,,31485,55564,0,-1,0,0,0,0,0,0,0,0,0,0,26073,109,464,0,3,524608,0,268435458,0,0,0,-1321907123,1427461461
51024,Требуются припасы: укус Акунды,,31486,55564,0,-1,0,0,0,0,0,0,0,0,0,0,26127,109,464,0,3,524608,0,268435458,0,0,0,-1321907123,1427461461
51025,Требуются припасы: поцелуй зимы,,31487,55564,0,-1,0,0,0,0,0,0,0,0,0,0,26128,109,464,0,3,524608,0,268435458,0,0,0,-1321907123,1427461461
51026,Требуются припасы: пыльца сирены,,31488,55564,0,-1,0,0,0,0,0,0,0,0,0,0,26129,109,464,0,3,524608,0,268435458,0,0,0,-1321907123,1427461461
51027,Требуются припасы: морской стебель,,31489,55564,0,-1,0,0,0,0,0,0,0,0,0,0,26130,109,464,0,3,524608,0,268435458,0,0,0,-1321907123,1427461461
51028,Требуются припасы: окровавленная кость,,31490,55564,0,-1,0,0,0,0,0,0,0,0,0,0,26132,109,464,0,3,524608,0,268435458,0,0,0,-1321907123,1427461461
51029,Требуются припасы: окаменевшая кость,,31491,55564,0,-1,0,0,0,0,0,0,0,0,0,0,26133,109,464,0,3,524608,0,268435458,0,0,0,-1321907123,1427461461
51030,Требуются припасы: шершавая кожа,,31492,55564,0,-1,0,0,0,0,0,0,0,0,0,0,26134,109,464,0,3,524608,0,268435458,0,0,0,-1321907123,1427461461
51031,Требуются припасы: штормовая шкура,,31493,55564,0,-1,0,0,0,0,0,0,0,0,0,0,26135,109,464,0,3,524608,0,268435458,0,0,0,-1321907123,1427461461
51032,Требуются припасы: поблескивающая чешуя,,31494,55564,0,-1,0,0,0,0,0,0,0,0,0,0,26136,109,464,0,3,524608,0,268435458,0,0,0,-1321907123,1427461461
51033,Требуются припасы: дымчатая чешуя,,31495,55564,0,-1,0,0,0,0,0,0,0,0,0,0,26137,109,464,0,3,524608,0,268435458,0,0,0,-1321907123,1427461461
51034,Требуются припасы: морской лен,,31496,55564,0,-1,0,0,0,0,0,0,0,0,0,0,26138,109,464,0,3,524608,0,268435458,0,0,0,-1321907123,1427461461
51035,Требуются припасы: глубоководный шелк,,31497,55564,0,-1,0,0,0,0,0,0,0,0,0,0,26139,109,464,0,3,524608,0,268435458,0,0,0,-1321907123,1427461461
51036,Требуются припасы: речной горох,,31498,55564,0,-1,0,0,0,0,0,0,0,0,0,0,26222,109,464,0,3,524608,0,268435458,0,0,0,1309324210,-1440044374
51037,Требуются припасы: звездный мох,,31499,55564,0,-1,0,0,0,0,0,0,0,0,0,0,26223,109,464,0,3,524608,0,268435458,0,0,0,1309324210,-1440044374
51038,Требуются припасы: укус Акунды,,31500,55564,0,-1,0,0,0,0,0,0,0,0,0,0,26224,109,464,0,3,524608,0,268435458,0,0,0,1309324210,-1440044374
51039,Требуются припасы: поцелуй зимы,,31501,55564,0,-1,0,0,0,0,0,0,0,0,0,0,26225,109,464,0,3,524608,0,268435458,0,0,0,1309324210,-1440044374
51040,Требуются припасы: пыльца сирены,,31502,55564,0,-1,0,0,0,0,0,0,0,0,0,0,26227,109,464,0,3,524608,0,268435458,0,0,0,1309324210,-1440044374
51041,Требуются припасы: морской стебель,,31503,55564,0,-1,0,0,0,0,0,0,0,0,0,0,26228,109,464,0,3,524608,0,268435458,0,0,0,1309324210,-1440044374
51042,Требуются припасы: монелитовая руда,,31504,55564,0,-1,0,0,0,0,0,0,0,0,0,0,26249,109,464,0,3,524608,0,268435458,0,0,0,1309324210,-1440044374
51043,Требуются припасы: руда штормового серебра,,31505,55564,0,-1,0,0,0,0,0,0,0,0,0,0,26250,109,464,0,3,524608,0,268435458,0,0,0,1309324210,-1440044374
51044,Требуются припасы: окровавленная кость,,31506,55564,0,-1,0,0,0,0,0,0,0,0,0,0,26253,109,464,0,3,524608,0,268435458,0,0,0,1309324210,-1440044374
51045,Требуются припасы: окаменевшая кость,,31507,55564,0,-1,0,0,0,0,0,0,0,0,0,0,26254,109,464,0,3,524608,0,268435458,0,0,0,1309324210,-1440044374
51046,Требуются припасы: шершавая кожа,,31508,55564,0,-1,0,0,0,0,0,0,0,0,0,0,26255,109,464,0,3,524608,0,268435458,0,0,0,1309324210,-1440044374
51047,Требуются припасы: штормовая шкура,,31509,55564,0,-1,0,0,0,0,0,0,0,0,0,0,26256,109,464,0,3,524608,0,268435458,0,0,0,1309324210,-1440044374
51048,Требуются припасы: поблескивающая чешуя,,31510,55564,0,-1,0,0,0,0,0,0,0,0,0,0,26257,109,464,0,3,524608,0,268435458,0,0,0,1309324210,-1440044374
51049,Требуются припасы: дымчатая чешуя,,31511,55564,0,-1,0,0,0,0,0,0,0,0,0,0,26258,109,464,0,3,524608,0,268435458,0,0,0,1309324210,-1440044374
51050,Требуются припасы: морской лен,,31512,55564,0,-1,0,0,0,0,0,0,0,0,0,0,26265,109,464,0,3,524608,0,268435458,0,0,0,1309324210,-1440044374
51051,Требуются припасы: глубоководный шелк,,31513,55564,0,-1,0,0,0,0,0,0,0,0,0,0,26266,109,464,0,3,524608,0,268435458,0,0,0,1309324210,-1440044374
51064,Азеритовые раны,,31525,55564,0,-1,0,0,0,0,0,0,0,0,0,0,24952,151,464,0,3,7930112,8192,268435456,0,0,0,-1,-1
51081,Сиравон Доминатрикс,,31539,55564,0,-1,0,0,0,0,0,0,0,0,0,0,25021,135,464,0,3,37290048,0,268435456,0,0,0,-1,-1
51084,Темный летописец,,31542,55564,0,-1,0,0,0,0,0,0,0,0,0,0,25020,135,464,0,3,37290048,0,268435456,0,0,0,-1,-1
51090,Живописное поместье Норвингтонов,,31548,55564,0,-1,0,0,0,0,0,0,0,0,0,157540,26577,109,464,0,3,38338560,8192,268435456,0,0,0,-1321907123,1427461461
51092,Живописный Боралус,,31550,55564,0,-1,0,0,0,0,0,0,0,0,0,157540,26578,109,464,0,3,38338560,8192,268435456,0,0,0,-1321907123,1427461461
51095,Пеплогрив,,31553,55564,0,-1,0,0,0,0,0,0,0,0,0,0,24965,135,464,0,3,37290048,0,268435456,0,0,0,-1,-1
51096,Азери'тор,,31554,55564,0,-1,0,0,0,0,0,0,0,0,0,0,24966,135,464,0,3,37290048,0,268435456,0,0,0,-1,-1
51097,Перекормленный кролуск,,31555,55564,0,-1,0,0,0,0,0,0,0,0,0,0,24967,135,464,0,3,37290048,0,268435456,0,0,0,-1,-1
51098,Командор Колхаун,,31556,55564,0,-1,0,0,0,0,0,0,0,0,0,0,24968,135,464,0,3,37290048,0,268435456,0,0,0,-1,-1
51099,Жор-Жор Обжора,,31557,55564,0,-1,0,0,0,0,0,0,0,0,0,0,24969,135,464,0,3,37290048,0,268435456,0,0,0,-1,-1
51100,Джамбо Оклешенный,,31558,55564,0,-1,0,0,0,0,0,0,0,0,0,0,24970,135,464,0,3,37290048,0,268435456,0,0,0,-1,-1
51102,Камид Зверолов,,31560,55564,0,-1,0,0,0,0,0,0,0,0,0,0,24971,135,464,0,3,37290048,0,268435456,0,0,0,-1,-1
51103,Нез'ара,,31561,55564,0,-1,0,0,0,0,0,0,0,0,0,0,24972,135,464,0,3,37290048,0,268435456,0,0,0,-1,-1
51104,Призыватель небес Тескрис,,31562,55564,0,-1,0,0,0,0,0,0,0,0,0,0,24973,135,464,0,3,37290048,0,268435456,0,0,0,-1,-1
51105,Ак'тар,,31563,55564,0,-1,0,0,0,0,0,0,0,0,0,0,24974,135,464,0,3,37290048,0,268435456,0,0,0,-1,-1
51106,Сирена Наджин,,31564,55564,0,-1,0,0,0,0,0,0,0,0,0,0,24975,135,464,0,3,37290048,0,268435456,0,0,0,-1,-1
51107,Матриарх чешуйчатых завролисков,,31565,55564,0,-1,0,0,0,0,0,0,0,0,0,0,24976,135,464,0,3,37290048,0,268435456,0,0,0,-1,-1
51108,Мать роя Кракси,,31566,55564,0,-1,0,0,0,0,0,0,0,0,0,0,24977,135,464,0,3,37290048,0,268435456,0,0,0,-1,-1
51109,Выжженная земля,,31567,55564,0,-1,0,0,0,0,0,0,0,0,0,159745,25596,109,464,0,3,41615360,8192,268435456,0,0,0,-1321907123,1427461461
51112,Вестник войны Хоззик,,31570,55564,0,-1,0,0,0,0,0,0,0,0,0,0,24978,135,464,0,3,37290048,0,268435456,0,0,0,-1,-1
51113,Генерал Зотикс,,31571,55564,0,-1,0,0,0,0,0,0,0,0,0,0,24979,135,464,0,3,37290048,0,268435456,0,0,0,-1,-1
51114,Пленный матриарх,,31572,55564,0,-1,0,0,0,0,0,0,0,0,0,0,24980,135,464,0,3,37290048,0,268435456,0,0,0,-1,-1
51115,Зунаши Изгнанный,,31573,55564,0,-1,0,0,0,0,0,0,0,0,0,0,24981,135,464,0,3,37290048,0,268435456,0,0,0,-1,-1
51116,Рассекатель небес Кракит,,31574,55564,0,-1,0,0,0,0,0,0,0,0,0,0,24982,135,464,0,3,37290048,0,268435456,0,0,0,-1,-1
51117,Баджиани Скользкая,,31575,55564,0,-1,0,0,0,0,0,0,0,0,0,0,24983,135,464,0,3,37290048,0,268435456,0,0,0,-1,-1
51118,Кровокрыл-костеглод,,31576,55564,0,-1,0,0,0,0,0,0,0,0,0,0,24984,135,464,0,3,37290048,0,268435456,0,0,0,-1,-1
51119,Ватикур,,31577,55564,0,-1,0,0,0,0,0,0,0,0,0,0,24985,135,464,0,3,37290048,0,268435456,0,0,0,-1,-1
51120,"Стеф ""Мозгля"" Квинн",,31578,55564,0,-1,0,0,0,0,0,0,0,0,0,0,24986,135,464,0,3,37290048,0,268435456,0,0,0,-1,-1
51121,Разъяренный кролуск,,31579,55564,0,-1,0,0,0,0,0,0,0,0,0,0,24987,135,464,0,3,37290048,0,268435456,0,0,0,-1,-1
51122,Скорпокс,,31580,55564,0,-1,0,0,0,0,0,0,0,0,0,0,24988,135,464,0,3,37290048,0,268435456,0,0,0,-1,-1
51123,Сирокар,,31581,55564,0,-1,0,0,0,0,0,0,0,0,0,0,24989,135,464,0,3,37290048,0,268435456,0,0,0,-1,-1
51124,Охотник за древностями Хазаак,,31582,55564,0,-1,0,0,0,0,0,0,0,0,0,0,24990,135,464,0,3,37290048,0,268435456,0,0,0,-1,-1
51125,Джунглевый ткач - охотник,,31583,55564,0,-1,0,0,0,0,0,0,0,0,0,0,24991,135,464,0,3,37290048,0,268435456,0,0,0,-1,-1
51127,Все в твоей руке,,31585,67687,0,-1,5,0,0,0,0,0,0,0,0,0,24844,109,464,0,3,41484288,8192,268435456,0,0,0,-1321907123,1427461461
51131,Совершенно по-варварски,,31587,55564,0,-1,0,0,0,0,0,0,0,0,0,0,24843,109,464,0,3,41484288,8192,268435456,0,0,0,-1321907123,1427461461
51153,Мор'фани Изгнанник,,31606,55564,0,-1,0,0,0,0,0,0,0,0,0,0,25012,136,464,0,3,37289984,0,268435456,0,0,0,-1,-1
51154,Просрочка,,31607,55564,0,-1,0,0,0,0,0,0,0,0,0,0,24841,109,464,0,3,41484288,8192,268435456,0,0,0,-1321907123,1427461461
51155,Бргл-Лргл Крушитель,,31608,55564,0,-1,0,0,0,0,0,0,0,0,0,0,25014,136,464,0,3,37289984,0,268435456,0,0,0,-1,-1
51156,Заклинатель клыков Ксоррет,,31609,55564,0,-1,0,0,0,0,0,0,0,0,0,0,25015,136,464,0,3,37289984,0,268435456,0,0,0,-1,-1
51157,Голанар,,31610,55564,0,-1,0,0,0,0,0,0,0,0,0,0,25242,136,464,0,3,37289984,0,268435456,0,0,0,-1,-1
51166,До самых корней,,31619,55564,0,-1,0,0,0,0,0,0,0,0,0,0,24840,109,464,0,3,41484288,8192,268435456,0,0,0,-1321907123,1427461461
51172,Раздвоенная молния,,31018,55564,0,-1,0,0,0,0,0,0,0,0,0,0,24839,109,464,0,3,41484288,8192,268435456,0,0,0,-1321907123,1427461461
51173,Пустынная рыбалка,,31625,55564,0,-1,0,0,0,0,0,0,0,0,0,0,25029,109,464,0,3,7929856,8192,268435456,0,0,0,1309324210,-1440044374
51174,Инструкции не прилагаются,,31626,55564,0,-1,0,0,0,0,0,0,0,0,0,0,25026,109,464,0,3,37289984,8192,268435456,0,0,0,1309324210,-1440044374
51175,Азеритовые раны,,31627,55564,0,-1,0,0,0,0,0,0,0,0,0,0,25031,151,464,0,3,7929856,8192,268435456,0,0,0,-1,-1
51176,Пропавшие без вести,,31628,55564,0,-1,0,0,0,0,0,0,0,0,0,159761,25597,109,464,0,3,41484288,8192,268435456,0,0,0,-1321907123,1427461461
51178,Сотня троллей,,31630,55564,0,-1,0,0,0,0,0,0,0,0,0,0,25090,109,464,0,3,37289984,8192,268435456,0,0,0,-1321907123,1427461461
51179,Азеритовое безумие,,31631,55564,0,-1,0,0,0,0,0,0,0,0,0,0,25033,151,464,0,3,7930112,8192,268435456,0,0,0,-1,-1
51180,Инструкции не прилагаются,,31632,55564,0,-1,0,0,0,0,0,0,0,0,0,0,25027,109,464,0,3,37289984,8192,268435456,0,0,0,1309324210,-1440044374
51181,Инструкции не прилагаются,,31633,55564,0,-1,0,0,0,0,0,0,0,0,0,0,25028,109,464,0,3,37289984,8192,268435456,0,0,0,1309324210,-1440044374
51185,Азеритовое усиление,,31635,55564,0,-1,0,0,0,0,0,0,0,0,0,0,25034,151,464,0,3,3735552,0,268435456,0,0,0,-1,-1
51198,Главный удобритель,,31640,55564,0,-1,0,0,0,0,0,0,0,0,0,0,25038,109,464,0,3,41484288,8192,268435456,0,0,0,1309324210,-1440044374
51210,Сорвать осаду,,31651,55564,0,-1,0,0,0,0,0,0,0,0,0,0,25044,109,464,0,3,36241408,8192,268435456,0,0,0,1309324210,-1440044374
51212,Усадьба Уэйкрестов: ведьмина кухня,,31653,55564,0,-1,0,0,0,0,0,0,0,0,0,0,25045,137,464,0,3,34144256,0,268435458,0,0,0,-1,-1
51213,Усадьба Уэйкрестов: колдовство не поможет,,31654,55564,0,-1,0,0,0,0,0,0,0,0,0,0,25046,137,464,0,3,34144320,0,268435458,0,0,0,-1,-1
51216,Усадьба Уэйкрестов: накаркаешь беду,,31657,55564,0,-1,0,0,0,0,0,0,0,0,0,0,25047,137,464,0,3,34144320,0,268435458,0,0,0,-1,-1
51223,По битому стеклу,,31664,55564,0,-1,0,0,0,0,0,0,0,0,0,0,25051,109,464,0,3,41484544,0,268435456,0,0,0,1309324210,-1440044374
51225,Альбатризна,,31666,55564,0,-1,0,0,0,0,0,0,0,0,0,0,25054,109,464,0,3,34144256,0,268435456,0,0,0,-1321907123,1427461461
51228,Мясо быстрого приготовления,,31668,55564,0,-1,0,0,0,0,0,0,0,0,0,159796,25061,109,464,0,3,34275328,0,268435456,0,0,0,1309324210,-1440044374
51232,Сотня троллей,,31672,55564,0,-1,0,0,0,0,0,0,0,0,0,0,25089,109,464,0,3,37289984,8192,268435456,0,0,0,1309324210,-1440044374
51238,Покинутые в норах,,31675,55564,0,-1,0,0,0,0,0,0,0,0,0,0,25062,109,464,0,3,34144256,8192,268435456,0,0,0,1309324210,-1440044374
51239,Инструкции не прилагаются,,31676,55564,0,-1,0,0,0,0,0,0,0,0,0,0,25063,109,464,0,3,37289984,8192,268435456,0,0,0,1309324210,-1440044374
51241,Ведьма из Кул-Тираса: медведи с того света,,31678,55564,0,-1,0,0,0,0,0,0,0,0,0,0,25065,109,464,0,3,34144256,0,268435456,0,0,0,-1321907123,1427461461
51245,Не железный дровосек,,31682,55564,0,-1,0,0,0,0,0,0,0,0,0,0,25066,109,464,0,3,34144256,0,268435456,0,0,0,-1321907123,1427461461
51250,Конец канюкам!,,31687,55564,0,-1,0,0,0,0,0,0,0,0,0,0,25067,109,464,0,3,41484608,0,268435456,0,0,0,1309324210,-1440044374
51252,Пустынный цветок Киро,,31689,55564,0,-1,0,0,0,0,0,0,0,0,0,0,25070,109,464,0,3,34275328,0,268435456,0,0,0,1309324210,-1440044374
51284,Соколиная охота,,31697,55564,0,-1,0,0,0,0,0,0,0,0,0,152643,25931,109,464,0,3,34144256,8192,268435456,0,0,0,-1321907123,1427461461
51285,Жажда мяса,,31698,55564,0,-1,0,0,0,0,0,0,0,0,0,0,25080,109,464,0,3,7929856,8192,268435456,0,0,0,1309324210,-1440044374
51287,Тол Дагор: запечатанные припасы,,31700,55564,0,-1,0,0,0,0,0,0,0,0,0,0,25081,137,464,0,3,35192832,0,268435458,0,0,0,-1,-1
51296,"Тол Дагор: ""Гордость надзирателя""",,31701,55564,0,-1,0,0,0,0,0,0,0,0,0,0,25085,137,464,0,3,35192832,0,268435458,0,0,0,-1,-1
51297,Тол Дагор: недвижимость с видом на море,,31702,55564,0,-1,0,0,0,0,0,0,0,0,0,0,25088,137,464,0,3,35192832,0,268435458,0,0,0,-1,-1
51311,Наполняющий энергией экстракт,,31709,55564,0,-1,0,0,0,0,0,0,0,0,0,0,25891,109,464,0,3,34144256,0,268435456,0,0,0,-1321907123,1427461461
51315,Дикие шлепокряды,,31713,55564,0,-1,0,0,0,0,0,0,0,0,0,0,25093,109,464,0,3,38338560,8192,268435456,0,0,0,1309324210,-1440044374
51316,Прогулка по паутине,,31714,55564,0,-1,0,0,0,0,0,0,0,0,0,0,25094,109,464,0,3,41484288,8192,268435456,0,0,0,1309324210,-1440044374
51317,Грязные камни в грязи,,31715,55564,0,-1,0,0,0,0,0,0,0,0,0,0,25929,109,464,0,3,34144256,0,268435456,0,0,0,-1321907123,1427461461
51318,Хватайся за лодку,,31716,55564,0,-1,0,0,0,0,0,0,0,0,0,0,25236,109,464,0,3,40435712,8192,268435456,0,0,0,-1321907123,1427461461
51322,Крылья и жала,,31720,55564,0,-1,0,0,0,0,0,0,0,0,0,0,25098,109,464,0,3,38338560,8192,268435456,0,0,0,1309324210,-1440044374
51330,Крепкие семена,,31721,55564,0,-1,0,0,0,0,0,0,0,0,0,0,25096,109,464,0,3,41484544,0,268435456,0,0,0,1309324210,-1440044374
51333,Поднять якоря!,,31724,55564,0,-1,0,0,0,0,0,0,0,0,0,0,25237,109,464,0,3,40435712,8192,268435456,0,0,0,-1321907123,1427461461
51373,Везде есть уши,,31761,55564,0,-1,0,0,0,0,0,0,0,0,0,0,25116,109,464,0,3,41484544,0,268435456,0,0,0,-1321907123,1427461461
51374,Бесконечная война горилл,,31762,66345,0,-1,0,0,0,0,0,0,0,0,0,0,25121,109,464,0,3,37290304,0,268435456,0,0,0,-1321907123,1427461461
51377,Храм Сетралисс: экологические исследования,,31765,55564,0,-1,0,0,0,0,0,0,0,0,0,0,25124,137,464,0,3,35193088,0,268435458,0,0,0,-1,-1
51378,Храм Сетралисс: базар-зверинец,,31766,55564,0,-1,0,0,0,0,0,0,0,0,0,0,25125,137,464,0,3,35193088,0,268435458,0,0,0,-1,-1
51379,Храм Сетралисс: плыть по течению,,31767,55564,0,-1,0,0,0,0,0,0,0,0,0,0,25126,137,464,0,3,35193088,0,268435458,0,0,0,-1,-1
51385,Партия жал,,31771,67806,0,-1,0,0,0,0,0,0,0,0,0,0,25127,109,464,0,3,34144256,0,268435456,0,0,0,-1321907123,1427461461
51388,Остановить нашествие,,31773,55564,0,-1,0,0,0,0,0,0,0,0,0,0,25128,109,464,0,3,34144256,0,268435456,0,0,0,-1321907123,1427461461
51397,Прямо на дрель,,31780,55564,0,-1,0,0,0,0,0,0,0,0,0,0,25363,109,464,0,3,40435712,8192,268435456,0,0,0,-1321907123,1427461461
51405,Порча в бухте,,31786,55564,0,-1,0,0,0,0,0,0,0,0,0,0,25132,109,464,0,3,34144256,0,268435456,0,0,0,-1321907123,1427461461
51406,Охота лорда,,31788,70114,0,-1,0,0,0,0,0,0,0,0,0,0,25930,109,464,0,3,34144256,0,268435456,0,0,0,-1321907123,1427461461
51411,Добыча азерита,,31791,55564,0,-1,0,0,0,0,0,0,0,0,0,0,25017,151,464,0,3,272171008,0,268435456,0,0,0,-1,-1
51412,Азеритовое усиление,,31792,55564,0,-1,0,0,0,0,0,0,0,0,0,0,25005,151,464,0,3,3735552,0,268435456,0,0,0,-1,-1
51415,Азеритовое безумие,,31794,55564,0,-1,0,0,0,0,0,0,0,0,0,0,25018,151,464,0,3,7929856,8192,268435456,0,0,0,-1,-1
51422,Азеритовое безумие,,31798,55564,0,-1,0,0,0,0,0,0,0,0,0,0,25162,151,464,0,3,7929856,8192,268435456,0,0,0,-1,-1
51428,Азеритовые раны,,31802,55564,0,-1,0,0,0,0,0,0,0,0,0,0,25161,151,464,0,3,7929856,8192,268435456,0,0,0,-1,-1
51429,Король Клацклац,,31803,55564,0,-1,0,0,0,0,0,0,0,0,0,0,25171,135,464,0,3,37290048,0,268435456,0,0,0,-1,-1
51431,Призрачный голиаф,,31805,55564,0,-1,0,0,0,0,0,0,0,0,0,0,25176,136,464,0,3,34144256,0,268435456,0,0,0,-1,-1
51433,Матрона Морана,,31807,55564,0,-1,0,0,0,0,0,0,0,0,0,0,25175,136,464,0,3,34144256,0,268435456,0,0,0,-1,-1
51434,Каменный голем,,31808,55564,0,-1,0,0,0,0,0,0,0,0,0,0,25177,136,464,0,3,34144256,0,268435456,0,0,0,-1,-1
51444,Азеритовое усиление,,31818,55564,0,-1,0,0,0,0,0,0,0,0,0,0,25166,151,464,0,3,3735552,0,268435456,0,0,0,-1,-1
51450,Добыча азерита,,31824,55564,0,-1,0,0,0,0,0,0,0,0,0,0,25165,151,464,0,3,272171008,0,268435456,0,0,0,-1,-1
51453,Святилище Штормов: узрите чистую воду,,31825,55564,0,-1,0,0,0,0,0,0,0,0,0,0,25180,137,464,0,3,35192832,0,268435458,0,0,0,-1,-1
51454,Снова в бой,,31826,55564,0,-1,0,0,0,0,0,0,0,0,0,0,25181,109,464,0,3,34144256,0,268435456,0,0,0,-1321907123,1427461461
51455,Святилище Штормов: очищающие купели,,31827,55564,0,-1,0,0,0,0,0,0,0,0,0,0,25182,137,464,0,3,35192832,0,268435458,0,0,0,-1,-1
51456,Святилище Штормов: ползучая порча,,31828,55564,0,-1,0,0,0,0,0,0,0,0,0,0,25183,137,464,0,3,35192832,0,268435458,0,0,0,-1,-1
51457,Варгарбл Раздражительный,,31829,55564,0,-1,0,0,0,0,0,0,0,0,0,0,25184,135,464,0,3,34144320,0,268435456,0,0,0,-1,-1
51461,Мертвянка,,31830,55564,0,-1,0,0,0,0,0,0,0,0,0,0,25185,135,464,0,3,34144320,0,268435456,0,0,0,-1,-1
51462,Парашютисты,,31831,55564,0,-1,0,0,0,0,0,0,0,0,0,0,25389,109,464,0,3,36241408,0,268435456,0,0,0,1309324210,-1440044374
51463,Спасение с высоты,,31832,55564,0,-1,0,0,0,0,0,0,0,0,0,0,25390,109,464,0,3,36241408,0,268435456,0,0,0,1309324210,-1440044374
51466,Арвон Преданный,,31834,55564,0,-1,0,0,0,0,0,0,0,0,0,0,25187,135,464,0,3,34144320,0,268435456,0,0,0,-1,-1
51467,Хио'ги,,31835,55564,0,-1,0,0,0,0,0,0,0,0,0,0,25188,135,464,0,3,34144320,0,268435456,0,0,0,-1,-1
51468,Костешквал,,31836,55564,0,-1,0,0,0,0,0,0,0,0,0,0,25189,135,464,0,3,34144320,0,268435456,0,0,0,-1,-1
51469,Бетси,,31837,55564,0,-1,0,0,0,0,0,0,0,0,0,0,25190,135,464,0,3,34144320,0,268435456,0,0,0,-1,-1
51475,Брутальное сопровождение,,31842,55564,0,-1,0,0,0,0,0,0,0,0,0,0,25193,109,464,0,3,34144256,0,268435456,0,0,0,1309324210,-1440044374
51491,Гиблорог,,31853,55564,0,-1,0,0,0,0,0,0,0,0,0,0,25195,135,464,0,3,34144320,0,268435456,0,0,0,-1,-1
51494,Кровавые Врата,,31856,67077,0,-1,0,0,0,0,0,0,0,0,0,0,25199,109,464,0,3,34144256,0,268435456,0,0,0,1309324210,-1440044374
51495,Старая Ротана,,31857,57393,0,-1,0,0,0,0,0,0,0,0,0,0,25200,109,464,0,3,38338560,8192,268435456,0,0,0,1309324210,-1440044374
51496,По меркам лоа,,31858,65496,0,-1,0,0,0,0,0,0,0,0,0,0,25202,109,464,0,3,34144256,0,268435456,0,0,0,1309324210,-1440044374
51497,Обучение сглазу,,31859,65496,0,-1,0,0,0,0,0,0,0,0,0,160307,25201,109,464,0,3,34275328,0,268435456,0,0,0,1309324210,-1440044374
51500,Гробница королей: мастер боя снова в деле,,31861,55564,0,-1,0,0,0,0,0,0,0,0,0,0,26091,137,464,0,3,34144320,0,268435458,0,0,0,-1,-1
51501,Гробница королей: сплошные неисправности,,31862,55564,0,-1,0,0,0,0,0,0,0,0,0,0,26105,137,464,0,3,34144256,0,268435458,0,0,0,-1,-1
51502,Гробница королей: королевская стража,,31863,55564,0,-1,0,0,0,0,0,0,0,0,0,0,26106,137,464,0,3,34144256,0,268435458,0,0,0,-1,-1
51505,Дикобраз-матриарх,,31865,55564,0,-1,0,0,0,0,0,0,0,0,0,0,25203,135,464,0,3,34144320,0,268435456,0,0,0,-1,-1
51506,Королева шипожалов,,31866,55564,0,-1,0,0,0,0,0,0,0,0,0,0,25205,135,464,0,3,34144320,0,268435456,0,0,0,-1,-1
51507,Мясорог,,31867,55564,0,-1,0,0,0,0,0,0,0,0,0,0,25209,135,464,0,3,34144320,0,268435456,0,0,0,-1,-1
51508,Клещехват,,31868,55564,0,-1,0,0,0,0,0,0,0,0,0,0,25210,135,464,0,3,34144320,0,268435456,0,0,0,-1,-1
51512,Желчная матка,,31869,67266,0,-1,0,0,0,0,0,0,0,0,0,0,25211,135,464,0,3,34144320,0,268435456,0,0,0,-1,-1
51527,Палач Блэквелл,,31880,55564,0,-1,0,0,0,0,0,0,0,0,0,0,25218,135,464,0,3,34144320,0,268435456,0,0,0,-1,-1
51528,Капитан Ледфист,,31881,55564,0,-1,0,0,0,0,0,0,0,0,0,0,25219,135,464,0,3,34144320,0,268435456,0,0,0,-1,-1
51529,Коготь,,31882,55564,0,-1,0,0,0,0,0,0,0,0,0,0,25220,135,464,0,3,34144320,0,268435456,0,0,0,-1,-1
51530,Незваные гости,,31883,55564,0,-1,0,0,0,0,0,0,0,0,0,0,25224,109,464,0,3,34144256,0,268435456,0,0,0,-1321907123,1427461461
51534,Битва за Бреннадам,,31886,0,0,-1,1,0,0,0,0,0,0,0,0,0,0,0,1405,0,3,34144256,0,268468224,51163,0,0,-1321907123,1427461461
51541,Дугорь,,31892,55564,0,-1,0,0,0,0,0,0,0,0,0,0,25230,135,464,0,3,34144320,0,268435456,0,0,0,-1,-1
51542,Лавина,,31893,55564,0,-1,0,0,0,0,0,0,0,0,0,0,25231,135,464,0,3,34144320,0,268435456,0,0,0,-1,-1
51546,Это все ямы,,31897,55564,0,-1,0,0,0,0,0,0,0,0,0,0,24837,109,464,0,3,272171264,0,268435456,0,0,0,-1321907123,1427461461
51548,Отрицательный отзыв,,31899,55564,0,-1,0,0,0,0,0,0,0,0,0,0,25594,109,464,0,3,41484288,8192,268435456,0,0,0,-1321907123,1427461461
51550,Непростые пузыри,,31901,55564,0,-1,0,0,0,0,0,0,0,0,0,0,25802,109,464,0,3,41484288,8192,268435456,0,0,0,-1321907123,1427461461
51558,Очищение огнем,,31909,55564,0,-1,0,0,0,0,0,0,0,0,0,160870,25529,109,464,0,3,37289984,0,268435456,0,0,0,1309324210,-1440044374
51559,Поврежденный товар,,31910,55564,0,-1,0,0,0,0,0,0,0,0,0,160923,25565,109,464,0,3,37421056,0,268435456,0,0,0,1309324210,-1440044374
51561,Очищение огнем,,31912,55564,0,-1,0,0,0,0,0,0,0,0,0,160870,25530,109,464,0,3,37289984,0,268435456,0,0,0,-1321907123,1427461461
51562,Поврежденный товар,,31913,55564,0,-1,0,0,0,0,0,0,0,0,0,160923,25564,109,464,0,3,37421056,0,268435456,0,0,0,-1321907123,1427461461
51564,Главный удобритель,,31915,55564,0,-1,0,0,0,0,0,0,0,0,0,0,25568,109,464,0,3,41484288,8192,268435456,0,0,0,-1321907123,1427461461
51565,Жажда мяса,,31916,55564,0,-1,0,0,0,0,0,0,0,0,0,0,25569,109,464,0,3,7929856,8192,268435456,0,0,0,-1321907123,1427461461
51566,Возвращение зверя,,31917,55564,0,-1,0,0,0,0,0,0,0,0,0,0,25246,109,464,0,3,34144256,0,268435456,0,0,0,-1321907123,1427461461
51576,Хорошая ведьма – мертвая ведьма,,31927,55564,0,-1,0,0,0,0,0,0,0,0,0,0,25254,109,464,0,3,37289984,0,268435456,0,0,0,-1321907123,1427461461
51577,Оборона академии,,31928,68021,0,-1,0,0,0,0,0,0,0,0,0,0,25259,109,464,0,3,38338560,8192,268435456,0,0,0,-1321907123,1427461461
51578,Кроваво-красное море,,31929,55564,0,-1,0,0,0,0,0,0,0,0,0,0,25259,109,464,0,3,40435712,8192,268435456,0,0,0,1309324210,-1440044374
51579,Темный следопыт Клеа,,31930,55564,0,-1,0,0,0,0,0,0,0,0,0,0,25260,136,464,0,3,38338560,8192,268435456,0,0,0,-1321907123,1427461461
51580,Контр-адмирал Хейнсворт,,31931,55564,0,-1,0,0,0,0,0,0,0,0,0,0,25260,136,464,0,3,40435712,8192,268435456,0,0,0,1309324210,-1440044374
51581,Добыча азерита,,31932,55564,0,-1,0,0,0,0,0,0,0,0,0,0,25255,151,464,0,3,272171008,0,268435456,0,0,0,-1,-1
51583,Азеритовые раны,,31934,55564,0,-1,0,0,0,0,0,0,0,0,0,0,25256,151,464,0,3,7929856,8192,268435456,0,0,0,-1,-1
51584,Азеритовое безумие,,31935,55564,0,-1,0,0,0,0,0,0,0,0,0,0,25257,151,464,0,3,7929856,8192,268435456,0,0,0,-1,-1
51585,Довольно колдовства,,31936,55564,0,-1,1,0,0,0,0,0,0,0,0,0,25272,109,464,0,3,3735616,0,268435456,0,0,0,-1321907123,1427461461
51586,Азеритовое усиление,,31937,55564,0,-1,0,0,0,0,0,0,0,0,0,0,25258,151,464,0,3,3735552,0,268435456,0,0,0,-1,-1
51588,Знакомый враг,,31939,55564,0,-1,0,0,0,0,0,0,0,0,0,0,25437,109,464,0,3,34144256,0,268435456,0,0,0,-1321907123,1427461461
51604,Охота на охотников,,31954,55564,0,-1,0,0,0,0,0,0,0,0,0,0,25514,109,464,0,3,34144320,0,268435456,0,0,0,-1321907123,1427461461
51608,Азеритовое безумие,,31955,67313,0,-1,0,0,0,0,0,0,0,0,0,0,25275,151,464,0,3,7929856,8192,268435456,0,0,0,-1,-1
51609,Азеритовые раны,,31956,67313,0,-1,0,0,0,0,0,0,0,0,0,0,25276,151,464,0,3,7929856,8192,268435456,0,0,0,-1,-1
51610,Адара Уайт,,31957,55564,0,-1,0,0,0,0,0,0,0,0,0,0,25286,136,464,0,3,38338560,8192,268435456,0,0,0,-1,-1
51611,Призрак из глубин,,31958,55564,0,-1,0,0,0,0,0,0,0,0,0,0,25287,136,464,0,3,38338560,8192,268435456,0,0,0,-1,-1
51612,Азеритовое усиление,,31959,67266,0,-1,0,0,0,0,0,0,0,0,0,0,25274,151,464,0,3,3735552,0,268435456,0,0,0,-1,-1
51613,Пожиратель крови,,31960,55564,0,-1,0,0,0,0,0,0,0,0,0,0,25288,136,464,0,3,38338560,8192,268435456,0,0,0,-1,-1
51615,Добыча азерита,,31961,67313,0,-1,0,0,0,0,0,0,0,0,0,0,25273,151,464,0,3,272171008,0,268435456,0,0,0,-1,-1
51616,Последнее пристанище,,31962,55564,0,-1,0,0,0,0,0,0,0,0,0,0,25293,109,464,0,3,37289984,0,268435456,0,0,0,-1321907123,1427461461
51617,Азеритовое усиление,,31963,55564,0,-1,0,0,0,0,0,0,0,0,0,0,25291,151,464,0,3,3735552,0,268435456,0,0,0,-1,-1
51618,Азеритовое безумие,,31964,55564,0,-1,0,0,0,0,0,0,0,0,0,0,25290,151,464,0,3,7929856,8192,268435456,0,0,0,-1,-1
51619,Установка капканов,,31965,55564,0,-1,0,0,0,0,0,0,0,0,0,0,25441,109,464,0,3,34144256,0,268435456,0,0,0,-1321907123,1427461461
51620,Природные ресурсы,,31966,55564,0,-1,0,0,0,0,0,0,0,0,0,0,25442,109,464,0,3,37289984,0,268435456,0,0,0,-1321907123,1427461461
51621,Мудрость приливов,,33435,55564,0,-1,0,0,0,0,0,0,0,0,0,0,25296,109,464,0,3,38338560,8192,268435456,0,0,0,-1321907123,1427461461
51622,Мудрость приливов,,31967,55564,0,-1,0,0,0,0,0,0,0,0,0,0,25298,109,464,0,3,38338560,8192,268435456,0,0,0,1309324210,-1440044374
51623,Азеритовые раны,,31968,55564,0,-1,0,0,0,0,0,0,0,0,0,0,25289,151,464,0,3,7929856,8192,268435456,0,0,0,-1,-1
51625,Игра в панцири,,31970,55564,0,-1,0,0,0,0,0,0,0,0,0,0,25300,152,464,0,3,-2110193408,0,268435456,0,0,0,-1,-1
51626,Игра в панцири,,31971,55564,0,-1,0,0,0,0,0,0,0,0,0,0,25301,152,464,0,3,-2110193408,0,268435456,0,0,0,-1,-1
51627,Игра в панцири,,31972,55564,0,-1,0,0,0,0,0,0,0,0,0,0,25302,152,464,0,3,-2110193408,0,268435456,0,0,0,-1,-1
51628,Игра в панцири,,31973,55564,0,-1,0,0,0,0,0,0,0,0,0,0,25303,152,464,0,3,-2110193408,0,268435456,0,0,0,-1,-1
51629,Игра в панцири,,31974,67936,0,-1,0,0,0,0,0,0,0,0,0,0,25304,152,464,0,3,-2105999104,8192,268435456,0,0,0,-1,-1
51630,Игра в панцири,,31975,55564,0,-1,0,0,0,0,0,0,0,0,0,0,25305,152,464,0,3,-2110193408,0,268435456,0,0,0,-1,-1
51631,"Ло, ходи!",,31976,55564,0,-1,0,0,0,0,0,0,0,0,0,0,25306,152,464,0,3,-2110193408,0,268435456,0,0,0,-1,-1
51632,"Ло, ходи!",,31977,66774,0,-1,0,0,0,0,0,0,0,0,0,0,25307,152,464,0,3,-2110193408,0,268435456,0,0,0,-1,-1
51633,"Ло, ходи!",,31978,55564,0,-1,0,0,0,0,0,0,0,0,0,0,25308,152,464,0,3,-2110193408,0,268435456,0,0,0,-1,-1
51634,"Ло, ходи!",,31979,55564,0,-1,0,0,0,0,0,0,0,0,0,0,25309,152,464,0,3,-2110193408,0,268435456,0,0,0,-1,-1
51635,"Ло, ходи!",,31980,55564,0,-1,0,0,0,0,0,0,0,0,0,0,25310,152,464,0,3,-2105999104,8192,268435456,0,0,0,-1,-1
51636,"Ло, ходи!",,31981,55564,0,-1,0,0,0,0,0,0,0,0,0,0,25311,152,464,0,3,-2110193408,0,268435456,0,0,0,-1,-1
51637,Плацдарм,,31982,55564,0,-1,0,0,0,0,0,0,0,0,0,0,25312,152,464,0,3,-2110193408,0,268435456,0,0,0,-1,-1
51638,Плацдарм,,31983,55564,0,-1,0,0,0,0,0,0,0,0,0,0,25313,152,464,0,3,-2110193408,0,268435456,0,0,0,-1,-1
51639,Плацдарм,,31984,55564,0,-1,0,0,0,0,0,0,0,0,0,0,25314,152,464,0,3,-2110193408,8192,268435456,0,0,0,-1,-1
51640,Плацдарм,,31985,67269,0,-1,0,0,0,0,0,0,0,0,0,0,25315,152,464,0,3,-2110193408,0,268435456,0,0,0,-1,-1
51641,Плацдарм,,31986,55564,0,-1,0,0,0,0,0,0,0,0,0,0,25316,152,464,0,3,-2110193408,0,268435456,0,0,0,-1,-1
51642,Плацдарм,,31987,55564,0,-1,0,0,0,0,0,0,0,0,0,0,25317,152,464,0,3,-2110193408,0,268435456,0,0,0,-1,-1
51644,Добыча азерита,,31989,55564,0,-1,0,0,0,0,0,0,0,0,0,0,25292,151,464,0,3,272171008,0,268435456,0,0,0,-1,-1
51646,Полли хочет печенья?,,30649,55564,0,-1,0,0,0,0,0,0,0,0,0,154878,25319,109,464,0,3,38338560,8192,268435456,0,0,0,1309324210,-1440044374
51647,Команды Вольной Гавани,,33432,55564,0,-1,0,0,0,0,0,0,0,0,0,0,25320,109,464,0,3,4784128,8193,268435456,0,0,0,1309324210,-1440044374
51651,Попка,,31993,55564,0,-1,0,0,0,0,0,0,0,0,0,0,25321,135,464,0,3,38338624,8192,268435456,0,0,0,-1,-1
51652,Бармен Билл,,31994,55564,0,-1,0,0,0,0,0,0,0,0,0,0,25324,135,464,0,3,38338624,8192,268435456,0,0,0,-1,-1
51653,Ревизор Дольп,,31995,55564,0,-1,0,0,0,0,0,0,0,0,0,0,25325,135,464,0,3,38338624,8192,268435456,0,0,0,-1,-1
51654,Ругач,,31996,55564,0,-1,0,0,0,0,0,0,0,0,0,0,25326,135,464,0,3,38338624,8192,268435456,0,0,0,-1,-1
51655,Терес,,31997,55564,0,-1,0,0,0,0,0,0,0,0,0,0,25330,135,464,0,3,38338624,8192,268435456,0,0,0,-1,-1
51656,Укротитель завролисков Тупп,,31998,55564,0,-1,0,0,0,0,0,0,0,0,0,0,25339,135,464,0,3,38338624,8192,268435456,0,0,0,-1,-1
51657,Голем с двумя сердцами,,31999,55564,0,-1,0,0,0,0,0,0,0,0,0,0,25340,135,464,0,3,38338624,8192,268435456,0,0,0,-1,-1
51658,Делай лапки!,,32000,55564,0,-1,0,0,0,0,0,0,0,0,0,0,25347,109,464,0,3,34144256,0,268435456,0,0,0,-1321907123,1427461461
51659,Мерианэ,,32001,55564,0,-1,0,0,0,0,0,0,0,0,0,0,25341,135,464,0,3,38338624,8192,268435456,0,0,0,-1,-1
51660,Вожак стаи Асенья,,32002,55564,0,-1,0,0,0,0,0,0,0,0,0,0,25342,135,464,0,3,38338624,8192,268435456,0,0,0,-1,-1
51661,Бушующая зыбь,,32003,55564,0,-1,0,0,0,0,0,0,0,0,0,0,25343,135,464,0,3,38338624,8192,268435456,0,0,0,-1,-1
51662,Ужас небес Лисьей лощины,,32004,55564,0,-1,0,0,0,0,0,0,0,0,0,0,25344,135,464,0,3,38338624,8192,268435456,0,0,0,-1,-1
51664,Кулетт Вспыльчивый,,32006,55564,0,-1,0,0,0,0,0,0,0,0,0,0,25345,135,464,0,3,38338624,8192,268435456,0,0,0,-1,-1
51665,Матриарх Разора,,32007,55564,0,-1,0,0,0,0,0,0,0,0,0,0,25346,135,464,0,3,38338624,8192,268435456,0,0,0,-1,-1
51666,Башму,,32008,55564,0,-1,0,0,0,0,0,0,0,0,0,0,25348,135,464,0,3,38338624,8192,268435456,0,0,0,-1,-1
51667,Неисправимая птица,,32009,55564,0,-1,0,0,0,0,0,0,0,0,0,157845,25352,109,464,0,3,34275328,0,268435456,0,0,0,-1321907123,1427461461
51669,Черноглазый Барт,,32011,55564,0,-1,0,0,0,0,0,0,0,0,0,0,25349,135,464,0,3,38338624,8192,268435456,0,0,0,-1,-1
51670,Древохват-часовой,,32012,55564,0,-1,0,0,0,0,0,0,0,0,0,0,25350,135,464,0,3,38338624,8192,268435456,0,0,0,-1,-1
51671,Козомахер,,33434,70114,0,-1,0,0,0,0,0,0,0,0,0,153596,25351,109,464,0,3,34144256,0,268435456,0,0,0,1309324210,-1440044374
51672,Липкая паутина,,32013,55564,0,-1,0,0,0,0,0,0,0,0,0,0,25353,109,464,0,3,34144256,0,268435456,0,0,0,-1321907123,1427461461
51676,Чего хотят чайки,,32018,55564,0,-1,0,0,0,0,0,0,0,0,0,0,25369,109,464,0,3,34144256,0,268435456,0,0,0,-1321907123,1427461461
51681,Обычная ведьма,,32023,55564,0,-1,0,0,0,0,0,0,0,0,0,0,25372,109,464,0,3,34144256,0,268435456,0,0,0,-1321907123,1427461461
51682,Смерть ведьмам!,,33437,55564,0,-1,0,0,0,0,0,0,0,0,0,0,25370,109,464,0,3,38338560,8192,268435456,0,0,0,-1321907123,1427461461
51683,"Тактика ""Жги-руби!""",,32025,55564,0,-1,0,0,0,0,0,0,0,0,0,0,25375,109,464,0,3,34144256,0,268435456,0,0,0,-1321907123,1427461461
51686,Где мои ведьмы?,,32028,55564,0,-1,5,0,0,0,0,0,0,0,0,0,25376,109,464,0,3,38338560,0,268435456,0,0,0,-1321907123,1427461461
51687,Зловонное решение,,33438,55564,0,-1,0,0,0,0,0,0,0,0,0,160557,25377,109,464,0,3,38338560,8192,268435456,0,0,0,-1321907123,1427461461
51689,Спасение тортолланов,,32030,61475,0,-1,0,0,0,0,0,0,0,0,0,0,0,0,1403,0,3,34144256,0,268468224,0,0,0,1309324210,-1440044374
51690,Тени Корлейна,,32032,55564,0,-1,0,0,0,0,0,0,0,0,0,0,25420,109,464,0,3,38338560,8192,268435456,0,0,0,-1321907123,1427461461
51693,Перехват братства Стальных Волн,,32034,55564,0,-1,0,0,0,0,0,0,0,0,0,0,25385,109,464,0,3,38338624,0,268435456,0,0,0,-1321907123,1427461461
51694,Выбирай любую ведьму,,32035,55564,0,-1,0,0,0,0,0,0,0,0,0,160571,25392,109,464,0,3,38338560,0,268435456,0,0,0,-1321907123,1427461461
51697,Охота на охотников за трюфелями,,32038,55564,0,-1,0,0,0,0,0,0,0,0,0,0,25391,109,464,0,3,38338560,0,268435456,0,0,0,-1321907123,1427461461
51699,Монстр из Бесплотного мира,,32040,55564,0,-1,0,0,0,0,0,0,0,0,0,0,25518,136,464,0,3,34144256,0,268435456,0,0,0,-1,-1
51706,Мертвый Лес,,32047,55564,0,-1,0,0,0,0,0,0,0,0,0,0,25397,109,464,0,3,41484288,8192,268435456,0,0,0,-1321907123,1427461461
51707,Дороже золота,,32048,55564,0,-1,0,0,0,0,0,0,0,0,0,0,25396,109,464,0,3,38338560,0,268435456,0,0,0,-1321907123,1427461461
51709,Не шипожалить,,33440,55564,0,-1,0,0,0,0,0,0,0,0,0,0,25402,109,464,0,3,38338624,0,268435456,0,0,0,-1321907123,1427461461
51710,Возвращение йети,,33441,55564,0,-1,0,0,0,0,0,0,0,0,0,0,25403,109,464,0,3,38338560,0,268435456,0,0,0,-1321907123,1427461461
51719,Досадный промах,,32058,55564,0,-1,0,0,0,0,0,0,0,0,0,0,25405,109,464,0,3,34144256,0,268435456,0,0,0,1309324210,-1440044374
51727,Удар по дворфам из клана Черного Железа,,32066,55564,0,-1,0,0,0,0,0,0,0,0,0,0,25410,109,464,0,3,38338560,8192,268435456,0,0,0,1309324210,-1440044374
51737,Медвежье зелье,,30845,55564,0,-1,1,0,0,0,0,0,0,0,0,0,25411,109,464,0,3,3735552,0,268435456,0,0,0,1309324210,-1440044374
51738,Смерть ведьмам!,,32024,55564,0,-1,0,0,0,0,0,0,0,0,0,0,25412,109,464,0,3,38338560,8192,268435456,0,0,0,1309324210,-1440044374
51739,Возвращение йети,,32051,55564,0,-1,0,0,0,0,0,0,0,0,0,0,25445,109,464,0,3,38338560,0,268435456,0,0,0,1309324210,-1440044374
51740,Охота на охотников за трюфелями,,32038,55564,0,-1,0,0,0,0,0,0,0,0,0,0,25391,109,464,0,3,38338560,0,268435456,0,0,0,1309324210,-1440044374
51741,Не шипожалить,,32050,55564,0,-1,0,0,0,0,0,0,0,0,0,0,25415,109,464,0,3,38338624,0,268435456,0,0,0,1309324210,-1440044374
51742,Перехват братства Стальных Волн,,33439,55564,0,-1,0,0,0,0,0,0,0,0,0,0,25416,109,464,0,3,38338624,0,268435456,0,0,0,1309324210,-1440044374
51743,Дороже золота,,32048,67266,0,-1,0,0,0,0,0,0,0,0,0,0,25396,109,464,0,3,38338560,0,268435456,0,0,0,1309324210,-1440044374
51745,Зловонное решение,,32029,55564,0,-1,0,0,0,0,0,0,0,0,0,160557,25418,109,464,0,3,38338560,8192,268435456,0,0,0,1309324210,-1440044374
51746,Тени Корлейна,,32032,55564,0,-1,0,0,0,0,0,0,0,0,0,0,25420,109,464,0,3,38338560,8192,268435456,0,0,0,1309324210,-1440044374
51747,Заблаговременное предупреждение,,32076,55564,0,-1,1,0,0,0,0,0,0,0,0,0,25424,109,464,0,3,3735552,0,268435456,0,0,0,1309324210,-1440044374
51754,Завидное упорство,,32083,55564,0,-1,0,0,0,0,0,0,0,0,0,0,25425,109,464,0,3,38338560,8192,268435456,0,0,0,1309324210,-1440044374
51758,Доставка оружия,,32087,55564,0,-1,0,0,0,0,0,0,0,0,0,0,25388,109,464,0,3,34144256,0,268435456,0,0,0,-1321907123,1427461461
51759,Волнолом Сколот,,32088,55564,0,-1,0,0,0,0,0,0,0,0,0,0,25433,135,464,0,3,41484352,8192,268435456,0,0,0,-1,-1
51760,Зверский голод ранишу,,32089,55564,0,-1,0,0,0,0,0,0,0,0,0,0,25434,109,464,0,3,38338816,8192,268435456,0,0,0,-1321907123,1427461461
51761,Знакомый враг,,31939,55564,0,-1,0,0,0,0,0,0,0,0,0,0,25437,109,464,0,3,34144256,0,268435456,0,0,0,1309324210,-1440044374
51763,Спасение пленных в Зем'лане,,32091,55564,0,-1,0,0,0,0,0,0,0,0,0,0,25438,109,464,0,3,34144512,0,268435456,0,0,0,1309324210,-1440044374
51764,Охота на охотников,,31954,55564,0,-1,0,0,0,0,0,0,0,0,0,0,25514,109,464,0,3,34144320,0,268435456,0,0,0,1309324210,-1440044374
51765,Липкая паутина,,33436,55564,0,-1,0,0,0,0,0,0,0,0,0,0,25440,109,464,0,3,34144256,0,268435456,0,0,0,1309324210,-1440044374
51767,Установка капканов,,31965,55564,0,-1,0,0,0,0,0,0,0,0,0,0,25441,109,464,0,3,34144256,0,268435456,0,0,0,1309324210,-1440044374
51768,Природные ресурсы,,31966,55564,0,-1,0,0,0,0,0,0,0,0,0,0,25442,109,464,0,3,37289984,0,268435456,0,0,0,1309324210,-1440044374
51769,Чего хотят чайки,,32018,55564,0,-1,0,0,0,0,0,0,0,0,0,0,25369,109,464,0,3,34144256,0,268435456,0,0,0,1309324210,-1440044374
51774,Рагна,,32097,55564,0,-1,0,0,0,0,0,0,0,0,0,0,25447,135,464,0,3,41484352,8192,268435456,0,0,0,-1,-1
51776,Бурношторм,,32099,55564,0,-1,0,0,0,0,0,0,0,0,0,0,25448,135,464,0,3,41484352,8192,268435456,0,0,0,-1,-1
51777,Дагрус Презренный,,32100,68611,0,-1,0,0,0,0,0,0,0,0,0,0,25449,135,464,0,3,41484352,8192,268435456,0,0,0,-1,-1
51778,Длинноклык,,32101,55564,0,-1,0,0,0,0,0,0,0,0,0,0,25452,135,464,0,3,41484352,8192,268435456,0,0,0,-1,-1
51779,Мрачноморд Безмозглый,,32103,55564,0,-1,0,0,0,0,0,0,0,0,0,0,25451,135,464,0,3,41484352,8192,268435456,0,0,0,-1,-1
51780,Ужин для Долли и Крапинки,,32104,55564,0,-1,0,0,0,0,0,0,0,0,0,0,25453,109,464,0,3,34144256,8192,268435456,0,0,0,1309324210,-1440044374
51781,Бригадир Скриппс,,32105,55564,0,-1,0,0,0,0,0,0,0,0,0,0,25455,135,464,0,3,41484352,8192,268435456,0,0,0,-1,-1
51782,Капитан Остроспин,,32106,55564,0,-1,0,0,0,0,0,0,0,0,0,0,25456,135,464,0,3,41484352,8192,268435456,0,0,0,-1,-1
51783,Спасение пленных в Зем'лане,,32107,67933,0,-1,0,0,0,0,0,0,0,0,0,0,25454,109,464,0,3,34144512,0,268435456,0,0,0,-1321907123,1427461461
51791,Испытание бурлящего тотема,,33443,55564,0,-1,0,0,0,0,0,0,0,0,0,0,25464,109,464,0,3,34275584,8192,268435456,0,0,0,1309324210,-1440044374
51792,Испытание извергающегося тотема,,32116,55564,0,-1,0,0,0,0,0,0,0,0,0,0,25465,109,464,0,3,34144512,8192,268435456,0,0,0,1309324210,-1440044374
51793,Испытание бурлящего тотема,,33442,55564,0,-1,0,0,0,0,0,0,0,0,0,0,25466,109,464,0,3,34144512,8192,268435456,0,0,0,-1321907123,1427461461
51794,Испытание извергающегося тотема,,32115,55564,0,-1,0,0,0,0,0,0,0,0,0,0,25467,109,464,0,3,34144512,8192,268435456,0,0,0,-1321907123,1427461461
51804,Стремительное вмешательство,,32125,55564,0,-1,0,0,0,0,0,0,0,0,0,0,25471,109,464,0,3,34144256,8192,268435456,0,0,0,-1321907123,1427461461
51806,"""Антивредитель II""",,32127,55564,0,-1,0,0,0,0,0,0,0,0,0,0,25481,136,464,0,3,37289984,0,268435456,0,0,0,-1,-1
51811,Пойманные тортолланы,,32132,55564,0,-1,0,0,0,0,0,0,0,0,0,0,25488,109,464,0,3,38338560,8192,268435456,0,0,0,1309324210,-1440044374
51814,Прожорливый монстр,,32134,55564,0,-1,0,0,0,0,0,0,0,0,0,0,25485,109,464,0,3,38338816,0,268435456,0,0,0,-1321907123,1427461461
51815,Истребление,,32135,55564,0,-1,0,0,0,0,0,0,0,0,0,0,25486,109,464,0,3,38338816,0,268435456,0,0,0,-1321907123,1427461461
51816,Нужные ингредиенты,,32136,55564,0,-1,0,0,0,0,0,0,0,0,0,0,25487,109,464,0,3,38338816,0,268435456,0,0,0,-1321907123,1427461461
51817,Пойманные тортолланы,,32157,70823,0,-1,0,0,0,0,0,0,0,0,0,0,25489,109,464,0,3,38338560,8192,268435456,0,0,0,-1321907123,1427461461
51820,Нефтяное безобразие,,32140,55564,0,-1,0,0,0,0,0,0,0,0,0,0,25492,109,464,0,3,38338624,8192,268435456,0,0,0,-1321907123,1427461461
51821,Спокойствие в бухте,,32141,55564,0,-1,0,0,0,0,0,0,0,0,0,0,25482,109,464,0,3,38338560,8192,268435456,0,0,0,-1321907123,1427461461
51822,Свитки и чешуя,,32142,70810,0,-1,0,0,0,0,0,0,0,0,0,0,25493,109,464,0,3,38338560,8192,268435456,0,0,0,-1321907123,1427461461
51824,Вы здесь надолго,,32143,55564,0,-1,0,0,0,0,0,0,0,0,0,0,25494,109,464,0,3,38338560,8192,268435456,0,0,0,-1321907123,1427461461
51827,Они подступили сзади,,32144,55564,0,-1,0,0,0,0,0,0,0,0,0,160739,25468,109,464,0,3,38338560,8192,268435456,0,0,0,1309324210,-1440044374
51828,Сожжение кораблей,,32145,55564,0,-1,0,0,0,0,0,0,0,0,0,0,25495,109,464,0,3,38338560,8192,268435456,0,0,0,1309324210,-1440044374
51831,Быстрый удар,,32148,55564,0,-1,0,0,0,0,0,0,0,0,0,0,25521,109,464,0,3,38338560,8192,268435456,0,0,0,-1321907123,1427461461
51832,Блуждая в трех соснах,,32149,55564,0,-1,0,0,0,0,0,0,0,0,0,0,25497,109,464,0,3,34144256,0,268435456,0,0,0,1309324210,-1440044374
51834,Никаких переговоров,,32151,55564,0,-1,0,0,0,0,0,0,0,0,0,0,25538,109,464,0,3,34144256,8192,268435456,0,0,0,-1321907123,1427461461
51836,Добыча ресурсов,,32153,55564,0,-1,0,0,0,0,0,0,0,0,0,0,25498,109,464,0,3,38338560,8192,268435456,0,0,0,-1321907123,1427461461
51839,Сквиргл-Из-Глубин,,32155,55564,0,-1,0,0,0,0,0,0,0,0,0,0,25501,135,464,0,3,34144320,0,268435456,0,0,0,-1,-1
51840,Нефтяное безобразие,,32156,55564,0,-1,0,0,0,0,0,0,0,0,0,0,25503,109,464,0,3,38338624,8192,268435456,0,0,0,1309324210,-1440044374
51841,Черножал,,32158,55564,0,-1,0,0,0,0,0,0,0,0,0,0,25504,135,464,0,3,34144320,0,268435456,0,0,0,-1,-1
51842,Карла Смирк,,32159,55564,0,-1,0,0,0,0,0,0,0,0,0,0,25505,135,464,0,3,34144320,0,268435456,0,0,0,-1,-1
51843,17А-НТ3Р4,,32160,55564,0,-1,0,0,0,0,0,0,0,0,0,0,25506,135,464,0,3,34144320,0,268435456,0,0,0,-1,-1
51844,Чрезвычайка,,32161,55564,0,-1,0,0,0,0,0,0,0,0,0,0,25507,135,464,0,3,34144320,0,268435456,0,0,0,-1,-1
51847,Торторезка,,32162,55564,0,-1,0,0,0,0,0,0,0,0,0,0,25508,135,464,0,3,34144320,0,268435456,0,0,0,-1,-1
51848,Капитан Винтерсейл,,32163,55564,0,-1,0,0,0,0,0,0,0,0,0,0,25509,135,464,0,3,34144320,0,268435456,0,0,0,-1,-1
51849,Урагания,,32164,55564,0,-1,0,0,0,0,0,0,0,0,0,0,25510,135,464,0,3,34144320,0,268435456,0,0,0,-1,-1
51850,Спасти оазис,,32165,55564,0,-1,0,0,0,0,0,0,0,0,0,0,25511,109,464,0,3,34144512,8192,268435456,0,0,0,1309324210,-1440044374
51853,Спасти оазис,,32166,55564,0,-1,0,0,0,0,0,0,0,0,0,0,25512,109,464,0,3,34144512,8192,268435456,0,0,0,-1321907123,1427461461
51854,Я – акула,,32167,55564,0,-1,0,0,0,0,0,0,0,0,0,0,25513,109,464,0,3,40435712,8192,268435456,0,0,0,-1321907123,1427461461
51855,Жизнь пирата – вот это по мне!,,32168,55564,0,-1,0,0,0,0,0,0,0,0,0,0,25515,109,464,0,3,38338560,8192,268435456,0,0,0,-1321907123,1427461461
51856,Подгнилье: Гниложор,,32169,55564,0,-1,0,0,0,0,0,0,0,0,0,0,25762,137,464,0,3,35192896,0,268435458,0,0,0,-1,-1
51874,Прожорливый вепрь,,32174,55564,0,-1,0,0,0,0,0,0,0,0,0,0,25519,135,464,0,3,34144320,0,268435456,0,0,0,-1,-1
51884,Буйный голем,,32184,55564,0,-1,0,0,0,0,0,0,0,0,0,0,25523,135,464,0,3,34144320,0,268435456,0,0,0,-1,-1
51886,Игол'ничек,,32186,55564,0,-1,0,0,0,0,0,0,0,0,0,0,25528,135,464,0,3,41484352,8192,268435456,0,0,0,-1,-1
51887,Грибное трио,,32187,55564,0,-1,0,0,0,0,0,0,0,0,0,0,25527,135,464,0,3,34144320,0,268435456,0,0,0,-1,-1
51890,"Ранджа, последний ледниковый медведь",,32190,55564,0,-1,0,0,0,0,0,0,0,0,0,0,25532,135,464,0,3,34144320,0,268435456,0,0,0,-1,-1
51891,Ситиан Проворный,,32191,55564,0,-1,0,0,0,0,0,0,0,0,0,0,25533,135,464,0,3,34144320,0,268435456,0,0,0,-1,-1
51892,Чешуетряс Ядовитый,,32192,55564,0,-1,0,0,0,0,0,0,0,0,0,0,25534,135,464,0,3,34144320,0,268435456,0,0,0,-1,-1
51893,Пилозуб,,32193,55564,0,-1,0,0,0,0,0,0,0,0,0,0,25535,135,464,0,3,34144320,0,268435456,0,0,0,-1,-1
51894,Щуплий Дрейфующий,,32194,55564,0,-1,0,0,0,0,0,0,0,0,0,0,25536,135,464,0,3,34144320,0,268435456,0,0,0,-1,-1
51895,Шато Ползю,,32195,55564,0,-1,0,0,0,0,0,0,0,0,0,0,25537,135,464,0,3,34144320,0,268435456,0,0,0,-1,-1
51897,Ледышник,,32197,55564,0,-1,0,0,0,0,0,0,0,0,0,0,25539,135,464,0,3,34144320,0,268435456,0,0,0,-1,-1
51900,Следуя за отступниками,,32200,55564,0,-1,0,0,0,0,0,0,0,0,0,0,25543,109,464,0,3,34144512,8192,268435456,0,0,0,1309324210,-1440044374
51901,Членистовредитель,,32201,55564,0,-1,0,0,0,0,0,0,0,0,0,0,25553,135,464,0,3,41484352,8192,268435456,0,0,0,-1,-1
51905,Усиленный корпусолом,,32203,55564,0,-1,0,0,0,0,0,0,0,0,0,0,25544,136,464,0,3,37289984,0,268435456,0,0,0,-1,-1
51906,Сестра Марта,,32204,55564,0,-1,0,0,0,0,0,0,0,0,0,0,25545,135,464,0,3,34144320,0,268435456,0,0,0,-1,-1
51908,Невермор,,32206,55564,0,-1,0,0,0,0,0,0,0,0,0,0,25547,135,464,0,3,34144320,0,268435456,0,0,0,-1,-1
51909,Грозгор,,32207,55564,0,-1,0,0,0,0,0,0,0,0,0,0,25548,135,464,0,3,34144320,0,268435456,0,0,0,-1,-1
51917,Бешол,,32213,55564,0,-1,0,0,0,0,0,0,0,0,0,0,25549,135,464,0,3,34144320,0,268435456,0,0,0,-1,-1
51919,Эмили Мэйвилл,,32214,55564,0,-1,0,0,0,0,0,0,0,0,0,0,25550,135,464,0,3,34144320,0,268435456,0,0,0,-1,-1
51920,Большая крольчиха,,32215,55564,0,-1,0,0,0,0,0,0,0,0,0,0,25551,135,464,0,3,34144320,0,268435456,0,0,0,-1,-1
51921,Разливень,,32216,55564,0,-1,0,0,0,0,0,0,0,0,0,0,25552,135,464,0,3,41484352,8192,268435456,0,0,0,-1,-1
51924,Следуя за отступниками,,32200,55564,0,-1,0,0,0,0,0,0,0,0,0,0,25543,109,464,0,3,34144512,8192,268435456,0,0,0,-1321907123,1427461461
51925,Инструкции не прилагаются,,32219,55564,0,-1,0,0,0,0,0,0,0,0,0,0,25554,109,464,0,3,34144256,8192,268435456,0,0,0,-1321907123,1427461461
51928,Инструкции не прилагаются,,32222,55564,0,-1,0,0,0,0,0,0,0,0,0,0,25555,109,464,0,3,34144256,8192,268435456,0,0,0,-1321907123,1427461461
51931,Инструкции не прилагаются,,32225,55564,0,-1,0,0,0,0,0,0,0,0,0,0,25556,109,464,0,3,34144256,8192,268435456,0,0,0,-1321907123,1427461461
51933,Инструкции не прилагаются,,32227,55564,0,-1,0,0,0,0,0,0,0,0,0,0,25557,109,464,0,3,34144256,8192,268435456,0,0,0,-1321907123,1427461461
51947,"""Саблетрон""",,32241,55564,0,-1,0,0,0,0,0,0,0,0,0,0,25561,135,464,0,3,41484352,8192,268435456,0,0,0,-1,-1
51948,Предоставить защиту,,32242,55564,0,-1,0,0,0,0,0,0,0,0,0,0,25558,109,464,0,3,38338560,8192,268435456,0,0,0,1309324210,-1440044374
51957,Гнев Воррика,,32251,55564,0,-1,0,0,0,0,0,0,0,0,0,0,25562,109,464,0,3,40435968,8192,268435456,0,0,0,1309324210,-1440044374
51963,Гнев Воррика,,32255,55564,0,-1,0,0,0,0,0,0,0,0,0,0,25563,109,464,0,3,40435968,8192,268435456,0,0,0,-1321907123,1427461461
51970,Ресторатор,,32259,55564,0,-1,0,0,0,0,0,0,0,0,0,0,25566,135,464,0,3,34144320,0,268435456,0,0,0,-1,-1
51972,Потерявшийся козел,,32260,55564,0,-1,0,0,0,0,0,0,0,0,0,0,25567,135,464,0,3,34144256,0,268435456,0,0,0,-1,-1
51974,"""Саблетрон""",,32262,55564,0,-1,0,0,0,0,0,0,0,0,0,0,25573,135,464,0,3,41484352,8192,268435456,0,0,0,-1,-1
51976,"""Саблетрон""",,32264,55564,0,-1,0,0,0,0,0,0,0,0,0,0,25572,135,464,0,3,41484352,8192,268435456,0,0,0,-1,-1
51977,"""Саблетрон""",,32265,55564,0,-1,0,0,0,0,0,0,0,0,0,0,25570,135,464,0,3,41484352,8192,268435456,0,0,0,-1,-1
51978,"""Саблетрон""",,32266,55564,0,-1,0,0,0,0,0,0,0,0,0,0,25571,135,464,0,3,41484352,8192,268435456,0,0,0,-1,-1
51981,Приют заклинателя земли,,32269,55564,0,-1,0,0,0,0,0,0,0,0,0,0,25579,109,464,0,3,38338560,8192,268435456,0,0,0,-1321907123,1427461461
51983,Месть Воррика,,33444,55564,0,-1,0,0,0,0,0,0,0,0,0,0,25578,109,464,0,3,38338816,8192,268435456,0,0,0,1309324210,-1440044374
51988,"Уитни ""Стальной Коготь"" Рэмси",,32276,55564,0,-1,0,0,0,0,0,0,0,0,0,0,25583,135,464,0,3,34144320,0,268435456,0,0,0,-1,-1
51989,Бредан Белая Стена,,32277,55564,0,-1,0,0,0,0,0,0,0,0,0,0,25584,135,464,0,3,34144320,0,268435456,0,0,0,-1,-1
51995,Месть Воррика,,32271,55564,0,-1,0,0,0,0,0,0,0,0,0,0,25580,109,464,0,3,38338816,8192,268435456,0,0,0,-1321907123,1427461461
51996,Приют заклинателя земли,,32280,55564,0,-1,0,0,0,0,0,0,0,0,0,0,25592,109,464,0,3,38338560,8192,268435456,0,0,0,1309324210,-1440044374
51997,Цель идет ко дну,,32281,55564,0,-1,0,0,0,0,0,0,0,0,0,0,25591,109,464,0,3,38338816,8192,268435456,0,0,0,1309324210,-1440044374
52004,Контрразведка,,32288,55564,0,-1,0,0,0,0,0,0,0,0,0,0,25593,109,464,0,3,38338560,8192,268435456,0,0,0,1309324210,-1440044374
52006,Упреждающий удар,,32290,55564,0,-1,0,0,0,0,0,0,0,0,0,0,24646,109,464,0,3,38338560,8192,268435456,0,0,0,1309324210,-1440044374
52007,Орудия войны,,32291,55564,0,-1,0,0,0,0,0,0,0,0,0,160988,25606,109,464,0,3,38338560,8192,268435456,0,0,0,1309324210,-1440044374
52009,Люди-крабы,,32293,131226,0,-1,0,0,0,0,0,0,0,0,0,0,25613,115,464,0,3,3735808,0,268435456,0,0,0,-1,-1
52010,Путы судьбы,,33445,55564,0,-1,0,0,0,0,0,0,0,0,0,0,25612,109,464,0,3,38338560,8192,268435456,0,0,0,-1321907123,1427461461
52011,Опасные поля,,33446,55564,0,-1,0,0,0,0,0,0,0,0,0,0,25619,109,464,0,3,40435712,8192,268435456,0,0,0,-1321907123,1427461461
52045,Абордажный патруль,,33447,55564,0,-1,0,0,0,0,0,0,0,0,0,0,25631,109,464,0,3,40435712,8192,268435456,0,0,0,-1321907123,1427461461
52047,Противостояние буре,,32317,55564,0,-1,0,0,0,0,0,0,0,0,0,0,25644,109,464,0,3,38338560,8192,268435456,0,0,0,-1321907123,1427461461
52054,Слишком много,,32322,55564,0,-1,0,0,0,0,0,0,0,0,0,0,28007,109,464,0,3,38338560,8192,268435456,0,0,0,-1321907123,1427461461
52056,Путы судьбы,,32294,55564,0,-1,0,0,0,0,0,0,0,0,0,0,25643,109,464,0,3,38338560,8192,268435456,0,0,0,1309324210,-1440044374
52057,Противостояние буре,,32317,55564,0,-1,0,0,0,0,0,0,0,0,0,0,25644,109,464,0,3,38338560,8192,268435456,0,0,0,1309324210,-1440044374
52059,Цель идет ко дну,,32324,55564,0,-1,0,0,0,0,0,0,0,0,0,0,25635,109,464,0,3,38338816,8192,268435456,0,0,0,-1321907123,1427461461
52063,Абордажный патруль,,32316,55564,0,-1,0,0,0,0,0,0,0,0,0,0,25648,109,464,0,3,40435712,8192,268435456,0,0,0,1309324210,-1440044374
52064,Опасные поля,,32295,55564,0,-1,0,0,0,0,0,0,0,0,0,0,25653,109,464,0,3,40435712,8192,268435456,0,0,0,1309324210,-1440044374
52071,Гора Шипошкурых,,32333,55564,0,-1,0,0,0,0,0,0,0,0,0,0,25666,109,464,0,3,38338560,8192,268435456,0,0,0,-1321907123,1427461461
52115,В тени кракена,,32340,55564,0,-1,0,0,0,0,0,0,0,0,0,0,25697,109,464,0,3,38338560,8192,268435456,0,0,0,1309324210,-1440044374
52117,Гора Шипошкурых,,32333,55564,0,-1,0,0,0,0,0,0,0,0,0,0,25666,109,464,0,3,38338560,8192,268435456,0,0,0,1309324210,-1440044374
52119,Добыча азерита по-гоблински,,32343,55564,0,-1,0,0,0,0,0,0,0,0,0,0,25702,109,464,0,3,34144256,0,268435456,0,0,0,1309324210,-1440044374
52120,Добыча азерита по-гномски,,32344,55564,0,-1,0,0,0,0,0,0,0,0,0,0,25710,109,464,0,3,34144256,0,268435456,0,0,0,-1321907123,1427461461
52124,"Все, что плохо лежит",,32348,55564,0,-1,0,0,0,0,0,0,0,0,0,0,25718,109,464,0,3,34144256,0,268435456,0,0,0,1309324210,-1440044374
52126,У маленькой свинки острые зубы,,32350,55564,0,-1,0,0,0,0,0,0,0,0,0,0,25719,115,464,0,3,3735808,0,268435456,0,0,0,-1,-1
52133,Хороший мальчик!,,32357,55564,0,-1,0,0,0,0,0,0,0,0,0,0,25738,109,464,0,3,39387136,8192,268435456,0,0,0,-1321907123,1427461461
52140,Колючая проблема,,32364,55564,0,-1,0,0,0,0,0,0,0,0,0,0,25791,109,464,0,3,38338560,8192,268435456,0,0,0,-1321907123,1427461461
52142,Пополнение запасов,,32366,55564,0,-1,0,0,0,0,0,0,0,0,0,0,25750,109,464,0,3,34144256,0,268435456,0,0,0,-1321907123,1427461461
52143,Маленькие грузчики,,32367,55564,0,-1,0,0,0,0,0,0,0,0,0,0,26374,109,464,0,3,38338560,8192,268435456,0,0,0,-1321907123,1427461461
52144,Авария в литейной,,32368,55564,0,-1,0,0,0,0,0,0,0,0,0,0,26377,109,464,0,3,34144256,0,268435456,0,0,0,-1321907123,1427461461
52145,"Раз-два, взяли!",,32369,69433,0,-1,0,0,0,0,0,0,0,0,0,0,26399,109,464,0,3,39387136,0,268435456,0,0,0,-1321907123,1427461461
52155,Сокровище приливов,,32380,55564,0,-1,0,0,0,0,0,0,0,0,0,0,26378,109,464,0,3,34144256,0,268435456,0,0,0,-1321907123,1427461461
52157,Леденящая встреча,,32382,62193,0,-1,0,0,0,0,0,0,0,0,0,0,25749,112,464,0,3,37290304,0,268435456,0,0,0,-1,-1
52159,Будут знать!,,33448,55564,0,-1,0,0,0,0,0,0,0,0,0,0,26396,109,464,0,3,38338560,8192,268435456,0,0,0,-1321907123,1427461461
52160,Пополнение запасов,,32366,55564,0,-1,0,0,0,0,0,0,0,0,0,0,25750,109,464,0,3,34144256,0,268435456,0,0,0,1309324210,-1440044374
52162,Tracking Quest,,32386,0,0,-1,0,0,0,0,0,0,0,0,0,0,0,0,464,0,3,33588224,0,0,0,0,0,-1,-1
52163,Крылатый тайфун,,32387,62193,0,-1,0,0,0,0,0,0,0,0,0,0,25760,112,464,0,3,37290048,0,268435456,0,0,0,-1,-1
52164,Раз-гром!,,32388,55564,0,-1,0,0,0,0,0,0,0,0,0,0,25752,109,464,0,3,38338560,8192,268435456,0,0,0,-1321907123,1427461461
52165,Автоматизированный хаос,,32389,131226,0,-1,0,0,0,0,0,0,0,0,0,0,25753,115,464,0,3,3735808,0,268435456,0,0,0,-1,-1
52166,Безликий глашатай,,32390,62193,0,-1,0,0,0,0,0,0,0,0,0,0,25739,112,464,0,3,34144320,0,268435456,0,0,0,-1,-1
52167,Неудержимые налетчики,,32391,55564,0,-1,0,0,0,0,0,0,0,0,0,0,26385,109,464,0,3,4784192,8192,268435456,0,0,0,-1321907123,1427461461
52168,Зажигаем,,32392,64064,0,-1,0,0,0,0,0,0,0,0,0,0,25756,109,464,0,3,34144256,0,268435456,0,0,0,-1321907123,1427461461
52169,Матриарх,,32394,62193,0,-1,0,0,0,0,0,0,0,0,0,0,25761,112,464,0,3,34144576,0,268435456,0,0,0,-1,-1
52174,Змеи на отмели,,32399,55564,0,-1,0,0,0,0,0,0,0,0,0,0,25766,109,464,0,3,38338560,8192,268435456,0,0,0,-1321907123,1427461461
52179,Укрепленное сопротивление,,32402,55564,0,-1,0,0,0,0,0,0,0,0,0,0,25767,109,464,0,3,38338560,8192,268435456,0,0,0,-1321907123,1427461461
52180,Позор Бреннадама,,32403,64064,0,-1,0,0,0,0,0,0,0,0,0,0,25768,109,464,0,3,34144256,0,268435456,0,0,0,-1321907123,1427461461
52181,Дым и тени,,32404,67111,0,-1,0,0,0,0,0,0,0,0,0,0,24506,112,464,0,3,34144576,0,268435456,0,0,0,-1,-1
52182,Этот самый азерит,,32405,62340,0,-1,0,0,0,0,0,0,0,0,0,0,26084,109,288,0,3,41484288,8192,268435456,0,0,0,1309324210,-1440044374
52196,Занесенные песком кости,,32419,62193,0,-1,0,0,0,0,0,0,0,0,0,0,25772,112,464,0,3,589888,0,268435456,0,0,0,-1,-1
52198,Стремительный танк,,32421,64064,0,-1,0,0,0,0,0,0,0,0,0,0,25779,109,464,0,3,36241408,0,268435456,0,0,0,-1321907123,1427461461
52199,Раз-гром!,,32422,55564,0,-1,0,0,0,0,0,0,0,0,0,0,25780,109,464,0,3,38338560,8192,268435456,0,0,0,1309324210,-1440044374
52200,Черепашья тактика,,32423,55564,0,-1,0,0,0,0,0,0,0,0,0,0,25781,109,464,0,3,39387136,8192,268435456,0,0,0,-1321907123,1427461461
52207,Этот самый азерит,,32427,62340,0,-1,0,0,0,0,0,0,0,0,0,0,26100,109,288,0,3,41484288,8192,268435456,0,0,0,-1321907123,1427461461
52209,Черепашья тактика,,32429,55564,0,-1,0,0,0,0,0,0,0,0,0,0,25784,109,464,0,3,39387136,8192,268435456,0,0,0,1309324210,-1440044374
52211,Красный восход,,32448,55564,0,-1,0,0,0,0,0,0,0,0,0,0,25637,109,464,0,3,38338560,8192,268435456,0,0,0,-1321907123,1427461461
52218,Ночные ужасы,,32438,131226,0,-1,0,0,0,0,0,0,0,0,0,0,25786,115,464,0,3,3735808,0,268435456,0,0,0,-1,-1
52229,Слишком много,,32450,55564,0,-1,0,0,0,0,0,0,0,0,0,0,25788,109,464,0,3,38338560,8192,268435456,0,0,0,1309324210,-1440044374
52230,Мелкие монеты,,32451,55564,0,-1,0,0,0,0,0,0,0,0,0,158226,25789,109,464,0,3,38338560,8192,268435456,0,0,0,-1321907123,1427461461
52236,Колючая проблема,,32364,55564,0,-1,0,0,0,0,0,0,0,0,0,0,25791,109,464,0,3,38338560,8192,268435456,0,0,0,1309324210,-1440044374
52237,Подгнилье: неупокоенный кошмар,,32453,55564,0,-1,0,0,0,0,0,0,0,0,0,0,25763,137,464,0,3,34144320,0,268435458,0,0,0,-1,-1
52238,Подгнилье: загадочные споры,,32454,55564,0,-1,0,0,0,0,0,0,0,0,0,0,25764,137,464,0,3,34144256,0,268435458,0,0,0,-1,-1
52239,Мелкие монеты,,32455,55564,0,-1,0,0,0,0,0,0,0,0,0,158226,25792,109,464,0,3,38338560,8192,268435456,0,0,0,1309324210,-1440044374
52243,Топливо для разрушителей,,32459,62340,0,-1,0,0,0,0,0,0,0,0,0,0,26087,109,288,0,3,41484288,8192,268435456,0,0,0,1309324210,-1440044374
52244,Остановить бурение,,32460,62340,0,-1,0,0,0,0,0,0,0,0,0,0,26103,109,288,0,3,41484288,8192,268435456,0,0,0,-1321907123,1427461461
52248,Берег Ксибалы,,32464,55564,0,-1,0,0,0,0,0,0,0,0,0,0,25797,109,464,0,3,38338560,8192,268435456,0,0,0,1309324210,-1440044374
52249,Берег Ксибалы,,32465,55564,0,-1,0,0,0,0,0,0,0,0,0,0,25798,109,464,0,3,38338560,8192,268435456,0,0,0,-1321907123,1427461461
52250,Спасение Ксибалы,,32466,66138,0,-1,0,0,0,0,0,0,0,0,0,0,25799,109,464,0,3,37289984,0,268435456,0,0,0,-1321907123,1427461461
52251,Неудачная разведка,,32467,55564,0,-1,0,0,0,0,0,0,0,0,0,0,25800,109,464,0,3,38338560,8192,268435456,0,0,0,-1321907123,1427461461
52271,Со вкусом морской соли,,32485,55564,0,-1,0,0,0,0,0,0,0,0,0,0,25807,109,464,0,3,38338560,8192,268435456,0,0,0,-1321907123,1427461461
52278,Разбойный азерит,,32491,67266,0,-1,0,0,0,0,0,0,0,0,0,0,25812,115,464,0,3,3735808,0,268435456,0,0,0,-1,-1
52280,Со вкусом морской соли,,32493,55564,0,-1,0,0,0,0,0,0,0,0,0,0,25813,109,464,0,3,38338560,8192,268435456,0,0,0,1309324210,-1440044374
52295,ЗОЛОТАЯ ЖИЛА!!!: элементали-наемники,,32507,55564,0,-1,0,0,0,0,0,0,0,0,0,0,25814,137,464,0,3,35192832,0,268435458,0,0,0,-1,-1
52297,Это ж-ж-ж неспроста!,,32509,55564,0,-1,0,0,0,0,0,0,0,0,0,0,25818,115,464,0,3,3735808,0,268435456,0,0,0,-1,-1
52298,ЗОЛОТАЯ ЖИЛА!!!: рог – секрет его ума!,,32510,55564,0,-1,0,0,0,0,0,0,0,0,0,0,25819,137,464,0,3,35192832,0,268435458,0,0,0,-1,-1
52299,Флагеллятор,,32511,55564,0,-1,0,0,0,0,0,0,0,0,0,0,25816,135,464,0,3,41484352,8192,268435456,0,0,0,-1,-1
52300,Вагга Узловатый Бивень,,32512,55564,0,-1,0,0,0,0,0,0,0,0,0,0,25820,135,464,0,3,41484352,8192,268435456,0,0,0,-1,-1
52301,Лозомант Рата,,32513,55564,0,-1,0,0,0,0,0,0,0,0,0,0,25822,135,464,0,3,41484352,8192,268435456,0,0,0,-1,-1
52302,ЗОЛОТАЯ ЖИЛА!!!: у него очень много бомб,,32514,55564,0,-1,0,0,0,0,0,0,0,0,0,0,25823,137,464,0,3,35192832,0,268435458,0,0,0,-1,-1
52306,Квакух,,32518,55564,0,-1,0,0,0,0,0,0,0,0,0,0,25838,135,464,0,3,41484352,8192,268435456,0,0,0,-1,-1
52307,Духовная помощь,,32519,62340,0,-1,0,0,0,0,0,0,0,0,0,0,26102,109,288,0,3,41484288,8192,268435456,0,0,0,-1321907123,1427461461
52309,Песчаный зубан,,32521,55564,0,-1,0,0,0,0,0,0,0,0,0,0,25839,135,464,0,3,41484352,8192,268435456,0,0,0,-1,-1
52310,Пораженный порчей косатик,,32522,55564,0,-1,0,0,0,0,0,0,0,0,0,0,25843,135,464,0,3,41484352,8192,268435456,0,0,0,-1,-1
52312,Тушите свет,,32524,62340,0,-1,0,0,0,0,0,0,0,0,0,0,26086,109,288,0,3,41484288,8192,268435456,0,0,0,1309324210,-1440044374
52315,Северус Изгой,,32527,55564,0,-1,0,0,0,0,0,0,0,0,0,0,25844,135,464,0,3,41484352,8192,268435456,0,0,0,-1,-1
52316,Странные морские существа,,32528,55564,0,-1,0,0,0,0,0,0,0,0,0,0,25847,115,464,0,3,3735808,0,268435456,0,0,0,-1,-1
52321,Брык,,32533,55564,0,-1,0,0,0,0,0,0,0,0,0,0,25854,135,464,0,3,41484352,8192,268435456,0,0,0,-1,-1
52322,Тайя Морской Завыватель,,32534,55564,0,-1,0,0,0,0,0,0,0,0,0,0,25857,135,464,0,3,41484352,8192,268435456,0,0,0,-1,-1
52325,Пойманное зло,,32536,55564,0,-1,0,0,0,0,0,0,0,0,0,0,25859,115,464,0,3,3735808,0,268435456,0,0,0,-1,-1
52328,Улька Сос,,32539,55564,0,-1,0,0,0,0,0,0,0,0,0,0,25860,135,464,0,3,41484352,8192,268435456,0,0,0,-1,-1
52330,Пчелопотам,,32541,55564,0,-1,0,0,0,0,0,0,0,0,0,0,25864,136,464,0,3,37289984,0,268435456,0,0,0,-1,-1
52331,Заказ: зелье обмана Демитрия,,32542,55564,0,-1,0,0,0,0,0,2478,1,0,0,0,28105,118,464,0,3,524608,0,268435458,0,0,0,-1321907123,1427461461
52332,Заказ: зелье легкой поступи,,32543,55564,0,-1,0,0,0,0,0,2478,1,0,0,0,28106,118,464,0,3,524608,0,268435458,0,0,0,-1321907123,1427461461
52333,Заказ: зелье морских туманов,,32544,55564,0,-1,0,0,0,0,0,2478,1,0,0,0,28107,118,464,0,3,524608,0,268435458,0,0,0,-1321907123,1427461461
52334,Заказ: зелье сокрытия,,32545,55564,0,-1,0,0,0,0,0,2478,1,0,0,0,28108,118,464,0,3,524608,0,268435458,0,0,0,-1321907123,1427461461
52335,Заказ: зелье обмана Демитрия,,32546,55564,0,-1,0,0,0,0,0,2478,1,0,0,0,28165,118,464,0,3,524608,0,268435458,0,0,0,1309324210,-1440044374
52336,Заказ: зелье легкой поступи,,32547,55564,0,-1,0,0,0,0,0,2478,1,0,0,0,28164,118,464,0,3,524608,0,268435458,0,0,0,1309324210,-1440044374
52337,Заказ: зелье морских туманов,,32548,55564,0,-1,0,0,0,0,0,2478,1,0,0,0,28163,118,464,0,3,524608,0,268435458,0,0,0,1309324210,-1440044374
52338,Заказ: зелье сокрытия,,32549,55564,0,-1,0,0,0,0,0,2478,1,0,0,0,28162,118,464,0,3,524608,0,268435458,0,0,0,1309324210,-1440044374
52339,Заказ: укрепленные монелитом стремена,,32550,55564,0,-1,0,0,0,0,0,2437,1,0,0,0,26123,116,464,0,3,524608,0,268435458,0,0,0,-1321907123,1427461461
52340,Заказ: укрепленные монелитом подковы,,32551,55564,0,-1,0,0,0,0,0,2437,1,0,0,0,26124,116,464,0,3,524608,0,268435458,0,0,0,-1321907123,1427461461
52341,Заказ: укрепленные монелитом стремена,,32552,55564,0,-1,0,0,0,0,0,2437,1,0,0,0,26197,116,464,0,3,524608,0,268435458,0,0,0,1309324210,-1440044374
52342,Заказ: укрепленные монелитом подковы,,32553,55564,0,-1,0,0,0,0,0,2437,1,0,0,0,26198,116,464,0,3,524608,0,268435458,0,0,0,1309324210,-1440044374
52343,"Едят, как орки",,32554,62340,0,-1,0,0,0,0,0,0,0,0,0,0,26088,109,288,0,3,41484288,8192,268435456,0,0,0,1309324210,-1440044374
52344,Заказ: кул-тирамису,,32555,55564,0,-1,0,0,0,0,0,2541,1,0,0,0,28109,131,464,0,3,524608,0,268435458,0,0,0,-1,-1
52345,Заказ: пироги с вороникой,,32556,55564,0,-1,0,0,0,0,0,2541,1,0,0,0,28110,131,464,0,3,524608,0,268435458,0,0,0,-1,-1
52346,Заказ: матросский пирог,,32557,55564,0,-1,0,0,0,0,0,2541,1,0,0,0,28111,131,464,0,3,524608,0,268435458,0,0,0,-1,-1
52347,Заказ: окорок в медовой глазури,,32558,55564,0,-1,0,0,0,0,0,2541,1,0,0,0,28112,131,464,0,3,524608,0,268435458,0,0,0,-1,-1
52348,Заказ: троллебяка,,32559,55564,0,-1,0,0,0,0,0,2541,1,0,0,0,28161,131,464,0,3,524608,0,268435458,0,0,0,-1,-1
52349,Заказ: пу'динго,,32560,55564,0,-1,0,0,0,0,0,2541,1,0,0,0,28160,131,464,0,3,524608,0,268435458,0,0,0,-1,-1
52350,Заказ: болотные фиш-энд-чипс,,32561,55564,0,-1,0,0,0,0,0,2541,1,0,0,0,28159,131,464,0,3,524608,0,268435458,0,0,0,-1,-1
52351,Заказ: окунь со специями,,32562,55564,0,-1,0,0,0,0,0,2541,1,0,0,0,28158,131,464,0,3,524608,0,268435458,0,0,0,-1,-1
52352,Зеритарж,,32563,55564,0,-1,0,0,0,0,0,0,0,0,0,0,25765,136,464,0,3,37289984,0,268435456,0,0,0,-1,-1
52353,Заказ: чары для кольца – знак ускорения,,32564,55564,0,-1,0,0,0,0,0,2486,1,0,0,0,28113,123,464,0,3,524608,0,268435458,0,0,0,-1321907123,1427461461
52354,Заказ: чары для кольца – знак искусности,,32565,55564,0,-1,0,0,0,0,0,2486,1,0,0,0,28114,123,464,0,3,524608,0,268435458,0,0,0,-1321907123,1427461461
52355,Заказ: чары для оружия – прибрежная волна,,32566,55564,0,-1,0,0,0,0,0,2486,1,0,0,0,28115,123,464,0,3,524608,0,268435458,0,0,0,-1321907123,1427461461
52356,Заказ: чары для оружия – вихрь стихий,,32567,55564,0,-1,0,0,0,0,0,2486,1,0,0,0,28116,123,464,0,3,524608,0,268435458,0,0,0,-1321907123,1427461461
52357,Заказ: чары для оружия - быстрая навигация,,32568,55564,0,-1,0,0,0,0,0,2486,1,0,0,0,28117,123,464,0,3,524608,0,268435458,0,0,0,-1321907123,1427461461
52358,Заказ: чары для кольца – знак ускорения,,32569,55564,0,-1,0,0,0,0,0,2486,1,0,0,0,28157,123,464,0,3,524608,0,268435458,0,0,0,1309324210,-1440044374
52359,Заказ: чары для кольца – знак искусности,,32570,55564,0,-1,0,0,0,0,0,2486,1,0,0,0,28156,123,464,0,3,524608,0,268435458,0,0,0,1309324210,-1440044374
52360,Заказ: чары для оружия – прибрежная волна,,32571,55564,0,-1,0,0,0,0,0,2486,1,0,0,0,28155,123,464,0,3,524608,0,268435458,0,0,0,1309324210,-1440044374
52361,Заказ: чары для оружия – вихрь стихий,,32572,55564,0,-1,0,0,0,0,0,2486,1,0,0,0,28154,123,464,0,3,524608,0,268435458,0,0,0,1309324210,-1440044374
52362,Заказ: чары для оружия - быстрая навигация,,32573,55564,0,-1,0,0,0,0,0,2486,1,0,0,0,28153,123,464,0,3,524608,0,268435458,0,0,0,1309324210,-1440044374
52363,Заказ: зажигательные боеприпасы,,32574,55564,0,-1,0,0,0,0,0,2499,1,0,0,0,28118,122,464,0,3,524608,0,268435458,0,0,0,-1321907123,1427461461
52364,Заказ: турбораспространитель чумы,,32575,55564,0,-1,0,0,0,0,0,2499,1,0,0,0,28119,122,464,0,3,524608,0,268435458,0,0,0,-1321907123,1427461461
52365,"Заказ: ""ЖГУН""",,32576,55564,0,-1,0,0,0,0,0,2499,1,0,0,0,28120,122,464,0,3,524608,0,268435458,0,0,0,-1321907123,1427461461
52366,"Заказ: ""Турбопосудина XA-1000""",,32577,55564,0,-1,0,0,0,0,0,2499,1,0,0,0,28121,122,464,0,3,524608,0,268435458,0,0,0,-1321907123,1427461461
52367,Заказ: электрошокер для мотивирования транспортных средств,,32578,55564,0,-1,0,0,0,0,0,2499,1,0,0,0,28122,122,464,0,3,524608,0,268435458,0,0,0,-1321907123,1427461461
52368,"Заказ: прицел ""вороньего гнезда""",,32579,55564,0,-1,0,0,0,0,0,2499,1,0,0,0,28123,122,464,0,3,524608,0,268435458,0,0,0,-1321907123,1427461461
52369,Заказ: зажигательные боеприпасы,,32580,55564,0,-1,0,0,0,0,0,2499,1,0,0,0,28152,122,464,0,3,524608,0,268435458,0,0,0,1309324210,-1440044374
52370,Заказ: турбораспространитель чумы,,32581,55564,0,-1,0,0,0,0,0,2499,1,0,0,0,28151,122,464,0,3,524608,0,268435458,0,0,0,1309324210,-1440044374
52371,"Заказ: ""ЖГУН""",,32582,55564,0,-1,0,0,0,0,0,2499,1,0,0,0,28150,122,464,0,3,524608,0,268435458,0,0,0,1309324210,-1440044374
52372,"Заказ: ""Турбопосудина XA-1000""",,32583,55564,0,-1,0,0,0,0,0,2499,1,0,0,0,28149,122,464,0,3,524608,0,268435458,0,0,0,1309324210,-1440044374
52373,Заказ: электрошокер для мотивирования транспортных средств,,32584,55564,0,-1,0,0,0,0,0,2499,1,0,0,0,28148,122,464,0,3,524608,0,268435458,0,0,0,1309324210,-1440044374
52374,"Заказ: прицел ""вороньего гнезда""",,32585,55564,0,-1,0,0,0,0,0,2499,1,0,0,0,28147,122,464,0,3,524608,0,268435458,0,0,0,1309324210,-1440044374
52375,Требуются припасы: сом Великого моря,,32586,55564,0,-1,0,0,0,0,0,0,0,0,0,0,26070,109,464,0,3,524608,0,268435458,0,0,0,-1321907123,1427461461
52376,Требуются припасы: песочный плутишка,,32587,55564,0,-1,0,0,0,0,0,0,0,0,0,0,26071,109,464,0,3,524608,0,268435458,0,0,0,-1321907123,1427461461
52377,Требуются припасы: тирагардский окунь,,32588,55564,0,-1,0,0,0,0,0,0,0,0,0,0,26149,109,464,0,3,524608,0,268435458,0,0,0,-1321907123,1427461461
52378,Требуются припасы: склизкая макрель,,32589,55564,0,-1,0,0,0,0,0,0,0,0,0,0,26125,109,464,0,3,524608,0,268435458,0,0,0,-1321907123,1427461461
52379,Требуются припасы: краснохвостый голец,,32590,55564,0,-1,0,0,0,0,0,0,0,0,0,0,26126,109,464,0,3,524608,0,268435458,0,0,0,-1321907123,1427461461
52380,Требуются припасы: бешеная клыкозубая сельдь,,32591,55564,0,-1,0,0,0,0,0,0,0,0,0,0,26150,109,464,0,3,524608,0,268435458,0,0,0,-1321907123,1427461461
52381,Требуются припасы: полосатый окунь,,32592,55564,0,-1,0,0,0,0,0,0,0,0,0,0,26189,109,464,0,3,524608,0,268435458,0,0,0,-1321907123,1427461461
52382,Требуются припасы: сом Великого моря,,32593,55564,0,-1,0,0,0,0,0,0,0,0,0,0,26215,109,464,0,3,524608,0,268435458,0,0,0,1309324210,-1440044374
52383,Требуются припасы: песочный плутишка,,32594,55564,0,-1,0,0,0,0,0,0,0,0,0,0,26216,109,464,0,3,524608,0,268435458,0,0,0,1309324210,-1440044374
52384,Требуются припасы: тирагардский окунь,,32595,55564,0,-1,0,0,0,0,0,0,0,0,0,0,26217,109,464,0,3,524608,0,268435458,0,0,0,1309324210,-1440044374
52385,Требуются припасы: склизкая макрель,,32596,55564,0,-1,0,0,0,0,0,0,0,0,0,0,26218,109,464,0,3,524608,0,268435458,0,0,0,1309324210,-1440044374
52386,Требуются припасы: краснохвостый голец,,32597,55564,0,-1,0,0,0,0,0,0,0,0,0,0,26219,109,464,0,3,524608,0,268435458,0,0,0,1309324210,-1440044374
52387,Требуются припасы: бешеная клыкозубая сельдь,,32598,55564,0,-1,0,0,0,0,0,0,0,0,0,0,26220,109,464,0,3,524608,0,268435458,0,0,0,1309324210,-1440044374
52388,Требуются припасы: полосатый окунь,,32599,55564,0,-1,0,0,0,0,0,0,0,0,0,0,26221,109,464,0,3,524608,0,268435458,0,0,0,1309324210,-1440044374
52389,Заказ: контракт с адмиралтейством Праудмуров,,32600,55564,0,-1,0,0,0,0,0,2507,1,0,0,0,28126,126,464,0,3,524608,0,268435458,0,0,0,-1321907123,1427461461
52390,Заказ: контракт с орденом Пылающих Углей,,32601,55564,0,-1,0,0,0,0,0,2507,1,0,0,0,28124,126,464,0,3,524608,0,268435458,0,0,0,-1321907123,1427461461
52391,Заказ: контракт с орденом Возрождения Шторма,,32602,55564,0,-1,0,0,0,0,0,2507,1,0,0,0,28125,126,464,0,3,524608,0,268435458,0,0,0,-1321907123,1427461461
52392,Заказ: ультрамариновый краситель,,32603,55564,0,-1,0,0,0,0,0,2507,1,0,0,0,26162,126,464,0,3,524608,0,268435458,0,0,0,-1321907123,1427461461
52393,Заказ: контракт с тортолланскими искателями,,32604,55564,0,-1,0,0,0,0,0,2507,1,0,0,0,28143,126,464,0,3,524608,0,268435458,0,0,0,-1,-1
52394,Заказ: контракт с Защитниками Азерот,,32605,55564,0,-1,0,0,0,0,0,2507,1,0,0,0,28127,126,464,0,3,524608,0,268435458,0,0,0,-1,-1
52395,Заказ: контракт с империей Зандалари,,32606,55564,0,-1,0,0,0,0,0,2507,1,0,0,0,28146,126,464,0,3,524608,0,268435458,0,0,0,1309324210,-1440044374
52396,Заказ: контракт с экспедицией Таланджи,,32607,55564,0,-1,0,0,0,0,0,2507,1,0,0,0,28145,126,464,0,3,524608,0,268435458,0,0,0,1309324210,-1440044374
52397,Заказ: контракт с жителями Вол'дуна,,32608,55564,0,-1,0,0,0,0,0,2507,1,0,0,0,28144,126,464,0,3,524608,0,268435458,0,0,0,1309324210,-1440044374
52398,Заказ: ультрамариновый краситель,,32609,55564,0,-1,0,0,0,0,0,2507,1,0,0,0,26235,126,464,0,3,524608,0,268435458,0,0,0,1309324210,-1440044374
52400,Заказ: кианит,,32611,55564,0,-1,0,0,0,0,0,755,1,0,0,0,26165,125,464,0,3,524608,0,268435458,0,0,0,-1321907123,1427461461
52402,Заказ: виридий,,32613,55564,0,-1,0,0,0,0,0,755,1,0,0,0,26166,125,464,0,3,524608,0,268435458,0,0,0,-1321907123,1427461461
52404,Заказ: солнцекамень,,32615,55564,0,-1,0,0,0,0,0,755,1,0,0,0,26167,125,464,0,3,524608,0,268435458,0,0,0,-1321907123,1427461461
52405,Заказ: кубилин,,32616,55564,0,-1,0,0,0,0,0,755,1,0,0,0,26168,125,464,0,3,524608,0,268435458,0,0,0,-1321907123,1427461461
52406,Заказ: рубеллит,,32617,55564,0,-1,0,0,0,0,0,755,1,0,0,0,26169,125,464,0,3,524608,0,268435458,0,0,0,-1321907123,1427461461
52407,Заказ: золотистый берилл,,32618,55564,0,-1,0,0,0,0,0,755,1,0,0,0,26170,125,464,0,3,524608,0,268435458,0,0,0,-1321907123,1427461461
52408,Заказ: кианит,,32619,55564,0,-1,0,0,0,0,0,755,1,0,0,0,26239,125,464,0,3,524608,0,268435458,0,0,0,1309324210,-1440044374
52409,Заказ: виридий,,32620,55564,0,-1,0,0,0,0,0,755,1,0,0,0,26240,125,464,0,3,524608,0,268435458,0,0,0,1309324210,-1440044374
52410,Заказ: солнцекамень,,32621,55564,0,-1,0,0,0,0,0,755,1,0,0,0,26241,125,464,0,3,524608,0,268435458,0,0,0,1309324210,-1440044374
52411,Заказ: кубилин,,32622,55564,0,-1,0,0,0,0,0,755,1,0,0,0,26242,125,464,0,3,524608,0,268435458,0,0,0,1309324210,-1440044374
52412,Заказ: рубеллит,,32623,55564,0,-1,0,0,0,0,0,755,1,0,0,0,26243,125,464,0,3,524608,0,268435458,0,0,0,1309324210,-1440044374
52413,Заказ: золотистый берилл,,32624,55564,0,-1,0,0,0,0,0,755,1,0,0,0,26244,125,464,0,3,524608,0,268435458,0,0,0,1309324210,-1440044374
52414,Заказ: барабаны Водоворота,,32625,55564,0,-1,0,0,0,0,0,2525,1,0,0,0,26171,117,464,0,3,524608,0,268435458,0,0,0,-1321907123,1427461461
52415,Заказ: конский доспех из шершавой кожи,,32626,55564,0,-1,0,0,0,0,0,2525,1,0,0,0,26172,117,464,0,3,524608,0,268435458,0,0,0,-1321907123,1427461461
52416,Заказ: водолазный костюм из поблескивающей чешуи,,32627,55564,0,-1,0,0,0,0,0,2525,1,0,0,0,26173,117,464,0,3,524608,0,268435458,0,0,0,-1321907123,1427461461
52417,Заказ: водолазный шлем из поблескивающей чешуи,,32628,55564,0,-1,0,0,0,0,0,2525,1,0,0,0,26174,117,464,0,3,524608,0,268435458,0,0,0,-1321907123,1427461461
52418,Заказ: барабаны Водоворота,,32629,55564,0,-1,0,0,0,0,0,2525,1,0,0,0,26245,117,464,0,3,524608,0,268435458,0,0,0,1309324210,-1440044374
52419,Заказ: конский доспех из шершавой кожи,,32630,55564,0,-1,0,0,0,0,0,2525,1,0,0,0,26246,117,464,0,3,524608,0,268435458,0,0,0,1309324210,-1440044374
52420,Заказ: водолазный костюм из поблескивающей чешуи,,32631,55564,0,-1,0,0,0,0,0,2525,1,0,0,0,26247,117,464,0,3,524608,0,268435458,0,0,0,1309324210,-1440044374
52421,Заказ: водолазный шлем из поблескивающей чешуи,,32632,55564,0,-1,0,0,0,0,0,2525,1,0,0,0,26248,117,464,0,3,524608,0,268435458,0,0,0,1309324210,-1440044374
52422,Заказ: боевой стяг духа свободы,,32633,55564,0,-1,0,0,0,0,0,2533,1,0,0,0,28128,121,464,0,3,524608,0,268435458,0,0,0,-1321907123,1427461461
52423,Заказ: боевой стяг стойкости фаланги,,32634,55564,0,-1,0,0,0,0,0,2533,1,0,0,0,28129,121,464,0,3,524608,0,268435458,0,0,0,-1321907123,1427461461
52424,Заказ: боевой стяг быстрого сбора,,32635,55564,0,-1,0,0,0,0,0,2533,1,0,0,0,28130,121,464,0,3,524608,0,268435458,0,0,0,-1321907123,1427461461
52425,Заказ: боевой стяг духа свободы,,32636,55564,0,-1,0,0,0,0,0,2533,1,0,0,0,28142,121,464,0,3,524608,0,268435458,0,0,0,1309324210,-1440044374
52426,Заказ: боевой стяг стойкости фаланги,,32637,55564,0,-1,0,0,0,0,0,2533,1,0,0,0,28141,121,464,0,3,524608,0,268435458,0,0,0,1309324210,-1440044374
52427,Заказ: боевой стяг быстрого сбора,,32638,55564,0,-1,0,0,0,0,0,2533,1,0,0,0,28140,121,464,0,3,524608,0,268435458,0,0,0,1309324210,-1440044374
52430,Неплохое местечко,,32641,55564,0,-1,0,0,0,0,0,0,0,0,0,0,25882,115,464,0,3,3735808,0,268435456,0,0,0,-1,-1
52432,Шквал,,32643,55564,0,-1,0,0,0,0,0,0,0,0,0,0,25888,135,464,0,3,41484352,8192,268435456,0,0,0,-1,-1
52446,Сестра Абсинтия,,32656,55564,0,-1,0,0,0,0,0,0,0,0,0,0,25892,135,464,0,3,41484352,8192,268435456,0,0,0,-1,-1
52452,Дадалия Сладкоголосая,,32661,55564,0,-1,0,0,0,0,0,0,0,0,0,0,25900,135,464,0,3,41484352,8192,268435456,0,0,0,-1,-1
52454,Вольная Гавань: жуткий капитан Вандегрим,,32663,55564,0,-1,0,0,0,0,0,0,0,0,0,0,24907,137,464,0,3,35192832,0,268435458,0,0,0,-1,-1
52455,Несокрушимость,,32664,55564,0,-1,0,0,0,0,0,0,0,0,0,0,25905,115,464,0,3,3735808,0,268435456,0,0,0,-1,-1
52456,Вольная Гавань: Старый Медузник,,32665,55564,0,-1,0,0,0,0,0,0,0,0,0,0,24908,137,464,0,3,35192832,0,268435458,0,0,0,-1,-1
52458,Вольная Гавань: пригоршня песо,,32667,55564,0,-1,0,0,0,0,0,0,0,0,0,0,24929,137,464,0,3,35192832,0,268435458,0,0,0,-1,-1
52459,Вихрекрыл,,32668,55564,0,-1,0,0,0,0,0,0,0,0,0,0,25908,135,464,0,3,41484352,8192,268435456,0,0,0,-1,-1
52463,Эгол Молот,,32671,55564,0,-1,0,0,0,0,0,0,0,0,0,0,25926,135,464,0,3,41484352,8192,268435456,0,0,0,-1,-1
52464,Оска Окровавленная,,32672,55564,0,-1,0,0,0,0,0,0,0,0,0,0,25927,135,464,0,3,41484352,8192,268435456,0,0,0,-1,-1
52471,Вот это туша!,,32678,55564,0,-1,0,0,0,0,0,0,0,0,0,0,25940,115,464,0,3,3735808,0,268435456,0,0,0,-1,-1
52474,Браконьер Зейн,,32681,55564,0,-1,0,0,0,0,0,0,0,0,0,0,25941,135,464,0,3,41484352,8192,268435456,0,0,0,-1,-1
52475,Добыча для орлов,,32682,65921,0,-1,0,0,0,0,0,0,0,0,0,0,26924,259,706,0,3,40435968,8192,268435456,0,0,0,-1321907123,1427461461
52476,Король-лишайник,,32683,55564,0,-1,0,0,0,0,0,0,0,0,0,0,25944,135,464,0,3,41484352,8192,268435456,0,0,0,-1,-1
52504,Опять мясо,,32704,62340,0,-1,0,0,0,0,0,0,0,0,0,0,26104,109,288,0,3,41484288,8192,268435456,0,0,0,-1321907123,1427461461
52505,Подрезать колючки,,32705,62340,0,-1,0,0,0,0,0,0,0,0,0,0,26085,109,288,0,3,41484288,8192,268435456,0,0,0,1309324210,-1440044374
52506,Затупить шипы,,32706,62340,0,-1,0,0,0,0,0,0,0,0,0,0,26101,109,288,0,3,40435712,8192,268435456,0,0,0,-1321907123,1427461461
52507,Головоногая неприятность,,32707,55564,0,-1,0,0,0,0,0,0,0,0,0,0,26024,109,464,0,3,38338560,8192,268435456,0,0,0,-1321907123,1427461461
52747,Adherent of the Abyss,,32717,0,0,-1,0,0,0,0,0,0,0,0,0,0,0,0,188,0,3,33621000,0,0,0,0,0,-1,-1
52751,Странные собаки,,32721,55564,0,-1,0,0,0,0,0,0,0,0,0,0,26017,115,464,0,3,3735808,0,268435456,0,0,0,-1,-1
52752,Бдительные наблюдатели,,32722,55564,0,-1,0,0,0,0,0,0,0,0,0,0,26018,109,464,0,3,38338560,8192,268435456,0,0,0,1309324210,-1440044374
52754,Болотные жители,,32723,55564,0,-1,0,0,0,0,0,0,0,0,0,0,26019,115,464,0,3,3735808,0,268435456,0,0,0,-1,-1
52755,Задать жару,,32724,55564,0,-1,0,0,0,0,0,0,0,0,0,0,26020,109,464,0,3,38338560,8192,268435456,0,0,0,1309324210,-1440044374
52756,Заснеженный путь к свободе,,32726,55564,0,-1,0,0,0,0,0,0,0,0,0,0,26021,109,464,0,3,38338560,8192,268435456,0,0,0,1309324210,-1440044374
52757,Преступления племени Грязного Камня,,32727,55564,0,-1,0,0,0,0,0,0,0,0,0,0,26022,109,464,0,3,38338624,8192,268435456,0,0,0,1309324210,-1440044374
52760,Легче легкого,,32730,55564,0,-1,0,0,0,0,0,0,0,0,0,0,26039,109,464,0,3,40435712,8192,268435456,0,0,0,1309324210,-1440044374
52761,Осада Боралуса: кровавые деньги,,32731,55564,0,-1,0,0,0,0,0,0,0,0,0,0,26441,137,464,0,3,35192832,0,268435458,0,0,0,-1321907123,1427461461
52763,Осада Боралуса: сломать строй врага,,32733,55564,0,-1,0,0,0,0,0,0,0,0,0,0,26023,137,464,0,3,35192832,0,268435458,0,0,0,1309324210,-1440044374
52771,Осада Боралуса: разбить оковы,,32741,55564,0,-1,0,0,0,0,0,0,0,0,0,0,26440,137,464,0,3,35192832,0,268435458,0,0,0,-1321907123,1427461461
52775,"Осада Боралуса: было твое, стало мое!",,32745,55564,0,-1,0,0,0,0,0,0,0,0,0,0,26025,137,464,0,3,35192832,0,268435458,0,0,0,1309324210,-1440044374
52778,Осада Боралуса: разбить Орду,,32748,55564,0,-1,0,0,0,0,0,0,0,0,0,0,26442,137,464,0,3,34144256,0,268435458,0,0,0,-1321907123,1427461461
52779,Крог в болоте,,32749,55564,0,-1,0,0,0,0,0,0,0,0,0,0,26029,115,464,0,3,3735808,0,268435456,0,0,0,-1,-1
52780,Осада Боралуса: разбить Альянс,,32750,55564,0,-1,0,0,0,0,0,0,0,0,0,0,26028,137,464,0,3,34144256,0,268435458,0,0,0,1309324210,-1440044374
52785,Уничтожение Заламара,,31122,67455,0,-1,0,0,0,0,0,0,0,0,0,0,26030,109,464,0,3,273219584,0,268435456,0,0,0,-1321907123,1427461461
52794,Ящеры и отчетность,,32762,55564,0,-1,0,0,0,0,0,0,0,0,0,0,26041,109,464,0,3,38338560,8192,268435456,0,0,0,-1321907123,1427461461
52798,Новые подопечные,,32766,55564,0,-1,1,0,0,0,0,0,0,52129,0,0,26048,109,464,0,3,40435712,8192,268435456,0,0,0,1309324210,-1440044374
52799,Вожак стаи,,32767,55564,0,-1,0,0,0,0,0,0,0,0,0,0,26057,115,464,0,3,3735808,0,268435456,0,0,0,-1,-1
52803,Случайный ужас,,32771,55564,0,-1,0,0,0,0,0,0,0,0,0,0,26060,115,464,0,3,3735808,0,268435456,0,0,0,-1,-1
52804,"То, что таится в глубинах",,32772,55564,0,-1,0,0,0,0,0,0,0,0,0,0,26063,109,464,0,3,38338560,8192,268435456,0,0,0,1309324210,-1440044374
52805,Через силу,,33433,55564,0,-1,0,0,0,0,0,0,0,0,0,0,26064,109,464,0,3,38338560,8192,268435456,0,0,0,1309324210,-1440044374
52832,Азеритовое усиление,,32799,55564,0,-1,0,0,0,0,0,0,0,0,0,0,26069,151,464,0,3,3735552,0,268435456,0,0,0,-1,-1
52847,"""Гибельный вой""",,32814,63859,0,-1,0,0,0,0,0,0,0,0,0,0,0,112,464,0,3,34144576,0,268435456,0,0,0,-1321907123,1427461461
52848,"""Львиный рык""",,32815,63860,0,-1,0,0,0,0,0,0,0,0,0,0,0,112,464,0,3,34144576,0,268435456,0,0,0,1309324210,-1440044374
52849,Азеритовое усиление,,32816,55564,0,-1,0,0,0,0,0,0,0,0,0,0,26078,151,464,0,3,3735552,0,268435456,0,0,0,-1,-1
52850,Кийо и его команда,,32817,55564,0,-1,0,0,0,0,0,0,0,0,0,0,26094,115,464,0,3,3735808,0,268435456,0,0,0,-1,-1
52856,Змеи на террасе,,32823,55564,0,-1,0,0,0,0,0,0,0,0,0,0,26097,115,464,0,3,3735808,0,268435456,0,0,0,-1,-1
52858,Азеритовое усиление,,32825,55564,0,-1,0,0,0,0,0,0,0,0,0,0,26082,151,464,0,3,3735552,0,268435456,0,0,0,-1,-1
52862,Азеритовое усиление,,32829,55564,0,-1,0,0,0,0,0,0,0,0,0,0,26109,151,464,0,3,3735552,0,268435456,0,0,0,-1,-1
52864,Какие еще порабощающие растения?,,32831,55564,0,-1,0,0,0,0,0,0,0,0,0,0,26120,115,464,0,3,3735808,0,268435456,0,0,0,-1,-1
52865,Устранение преграды,,32832,55564,0,-1,0,0,0,0,0,0,0,0,0,0,26119,109,464,0,3,34144256,0,268435456,0,0,0,-1321907123,1427461461
52869,Азеритовое усиление,,32836,55564,0,-1,0,0,0,0,0,0,0,0,0,0,26117,151,464,0,3,3735552,0,268435456,0,0,0,-1,-1
52871,Азеритовое усиление,,32838,55564,0,-1,0,0,0,0,0,0,0,0,0,0,26113,151,464,0,3,3735552,0,268435456,0,0,0,-1,-1
52872,Добыча азерита,,32839,55564,0,-1,0,0,0,0,0,0,0,0,0,0,26108,151,464,0,3,271122432,0,268435456,0,0,0,-1,-1
52873,Добыча азерита,,32840,55564,0,-1,0,0,0,0,0,0,0,0,0,0,26112,151,464,0,3,271122432,0,268435456,0,0,0,-1,-1
52874,Добыча азерита,,32841,55564,0,-1,0,0,0,0,0,0,0,0,0,0,26116,151,464,0,3,272171008,0,268435456,0,0,0,-1,-1
52875,Добыча азерита,,32842,55564,0,-1,0,0,0,0,0,0,0,0,0,0,26077,151,464,0,3,271122432,0,268435456,0,0,0,-1,-1
52877,Добыча азерита,,32844,55564,0,-1,0,0,0,0,0,0,0,0,0,0,26081,151,464,0,3,271122432,0,268435456,0,0,0,-1,-1
52878,Обитатели пустыни,,32845,55564,0,-1,0,0,0,0,0,0,0,0,0,0,26202,115,464,0,3,3735808,0,268435456,0,0,0,-1,-1
52879,Жесткая политика,,32846,55564,0,-1,0,0,0,0,0,0,0,0,0,0,26226,109,464,0,3,35192832,0,268435456,0,0,0,-1321907123,1427461461
52880,Милден Грязноморд,,32847,55564,0,-1,0,0,0,0,0,0,0,0,0,0,26272,135,464,0,3,41484352,8192,268435456,0,0,0,-1,-1
52882,Контролируемое горение,,32846,55564,0,-1,0,0,0,0,0,0,0,0,0,0,26226,109,464,0,3,35192832,0,268435456,0,0,0,1309324210,-1440044374
52883,Прорыв,,32849,62340,0,-1,0,0,0,0,0,0,0,0,0,162602,26284,109,288,0,3,41484288,8192,268435456,0,0,0,1309324210,-1440044374
52884,Азеритовые раны,,32850,55564,0,-1,0,0,0,0,0,0,0,0,0,0,26066,151,464,0,3,7930112,8192,268435456,0,0,0,-1,-1
52885,Волшебный дракончик,,32851,62340,0,-1,0,0,0,0,0,0,0,0,0,0,26285,109,288,0,3,38338560,8192,268435456,0,0,0,-1321907123,1427461461
52889,Эрозий,,32854,55564,0,-1,0,0,0,0,0,0,0,0,0,0,26277,135,464,0,3,41484352,8192,268435456,0,0,0,-1,-1
52890,Некая магия,,32855,62340,0,-1,0,0,0,0,0,0,0,0,0,0,26286,109,288,0,3,38338560,8192,268435456,0,0,0,1309324210,-1440044374
52891,Одним вендиго меньше,,32856,55564,0,-1,0,0,0,0,0,0,0,0,0,0,26276,109,464,0,3,34144256,8192,268435456,0,0,0,-1321907123,1427461461
52892,"Зверьки – друзья, а не еда",,32858,55564,0,-1,0,0,0,0,0,0,0,0,0,0,26278,115,464,0,3,3735808,0,268435456,0,0,0,-1,-1
52893,Единство взглядов,,32860,62340,0,-1,0,0,0,0,0,0,0,0,0,0,26287,109,288,0,3,38338560,8192,268435456,0,0,0,-1321907123,1427461461
52894,Меня не остановишь,,32861,62340,0,-1,0,0,0,0,0,0,0,0,0,0,26288,109,288,0,3,38338560,8192,268435456,0,0,0,1309324210,-1440044374
52895,Арбория,,32862,62340,0,-1,0,0,0,0,0,0,0,0,0,0,26289,109,288,0,3,38338560,8192,268435456,0,0,0,-1321907123,1427461461
52896,Под напором,,32863,62340,0,-1,0,0,0,0,0,0,0,0,0,0,26283,109,288,0,3,40435712,8192,268435456,0,0,0,1309324210,-1440044374
52897,Разрушительная мощь,,32864,62340,0,-1,0,0,0,0,0,0,0,0,0,0,26282,109,288,0,3,4784128,8192,268435456,0,0,0,-1321907123,1427461461
52923,Пополнение коллекции,,32890,55564,0,-1,0,0,0,0,0,0,0,0,0,0,26291,115,464,0,3,3735808,0,268435456,0,0,0,-1,-1
52924,Медоварне нужна помощь,,32891,55564,0,-1,0,0,0,0,0,0,0,0,0,0,26293,109,464,0,3,34144256,0,268435456,0,0,0,-1321907123,1427461461
52935,Новая эра,,32893,55564,0,-1,0,0,0,0,0,0,0,0,0,155919,26295,109,464,0,3,38469632,0,268435456,0,0,0,-1321907123,1427461461
52936,Чумная политика,,32893,55564,0,-1,0,0,0,0,0,0,0,0,0,0,26295,109,464,0,3,38338560,0,268435456,0,0,0,1309324210,-1440044374
52937,Сегодня Жевака будет крушить,,32894,55564,0,-1,0,0,0,0,0,0,0,0,0,0,26297,115,464,0,3,3735808,0,268435456,0,0,0,-1,-1
52938,Хорошее начало,,32895,55564,0,-1,0,0,0,0,0,0,0,0,0,0,26299,115,464,0,3,3735808,0,268435456,0,0,0,-1,-1
52939,Сбор боеприпасов,,32896,55564,0,-1,0,0,0,0,0,0,0,0,0,0,26300,109,464,0,3,34144256,0,268435456,0,0,0,-1321907123,1427461461
52940,Доставка оружия,,32896,55564,0,-1,0,0,0,0,0,0,0,0,0,0,26300,109,464,0,3,34144256,0,268435456,0,0,0,1309324210,-1440044374
52941,Свет во тьме,,32897,68611,0,-1,0,0,0,0,0,0,0,0,0,0,26307,109,464,0,3,35323904,0,268435456,0,0,0,-1321907123,1427461461
52947,Эттинам здесь не место,,32903,55564,0,-1,0,0,0,0,0,0,0,0,0,0,26375,109,464,0,3,34144256,8192,268435456,0,0,0,-1321907123,1427461461
52964,Проблемы с вредителями,,32921,55564,0,-1,0,0,0,0,0,0,0,0,0,0,26327,109,464,0,3,720896,8192,268435456,0,0,0,-1321907123,1427461461
52968,Пора пролить немного крови,,32897,55564,0,-1,0,0,0,0,0,0,0,0,0,0,26307,109,464,0,3,34144256,0,268435456,0,0,0,1309324210,-1440044374
52972,Любимый внук,,32927,55564,0,-1,0,0,0,0,0,0,0,0,0,0,26331,109,464,0,3,34144256,0,268435456,0,0,0,-1321907123,1427461461
52979,Ритуальное очищение,,32935,68611,0,-1,0,0,0,0,0,0,0,0,0,0,26333,109,464,0,3,36372480,1,268435456,0,0,0,-1321907123,1427461461
52982,Источник беспокойства,,32939,55564,0,-1,0,0,0,0,0,0,0,0,0,0,26336,109,464,0,3,34144256,8192,268435456,51712,0,0,-1321907123,1427461461
52983,Все или ничего,,32940,62340,0,-1,0,0,0,0,0,0,0,0,0,0,26340,109,288,0,3,38338560,8192,268435456,0,0,0,-1321907123,1427461461
52984,Все или ничего,,32941,62340,0,-1,0,0,0,0,0,0,0,0,0,0,26339,109,288,0,3,38338560,8192,268435456,0,0,0,1309324210,-1440044374
52986,Роковой сосуд,,32935,55564,0,-1,0,0,0,0,0,0,0,0,0,0,26333,109,464,0,3,36372480,1,268435456,0,0,0,1309324210,-1440044374
52987,Зажигаем!,,32943,55564,0,-1,0,0,0,0,0,0,0,0,0,0,26337,109,464,0,3,34144256,8192,268435456,51712,0,0,-1321907123,1427461461
52988,Уборка,,32944,55564,0,-1,0,0,0,0,0,0,0,0,0,0,26343,109,464,0,3,34144256,0,268435456,0,0,0,-1321907123,1427461461
53008,Мудрость жрецов,,32944,55564,0,-1,0,0,0,0,0,0,0,0,0,0,26343,109,464,0,3,34144256,0,268435456,0,0,0,1309324210,-1440044374
53009,Держитесь там!,,32965,62340,0,-1,0,0,0,0,0,0,0,0,0,0,26426,109,288,0,3,38338560,8192,268435456,0,0,0,1309324210,-1440044374
53010,Ни шагу назад,,32966,62340,0,-1,0,0,0,0,0,0,0,0,0,0,26425,109,288,0,3,38338560,8192,268435456,0,0,0,-1321907123,1427461461
53012,Серьезные игрушки,,32968,69435,0,-1,0,0,0,0,0,0,0,0,0,0,26338,109,464,0,3,40435712,8192,268435456,51712,0,0,-1321907123,1427461461
53025,Выживает сильнейший,,32981,55564,0,-1,0,0,0,0,0,0,0,0,0,0,26345,109,464,0,3,34144256,0,268435456,0,0,0,-1321907123,1427461461
53027,На краю славы,,33449,55564,0,-1,0,0,0,0,0,0,0,0,0,0,26348,109,464,0,3,34144256,0,268435456,0,0,0,1309324210,-1440044374
53040,Укрощение шквала,,32994,55564,0,-1,0,0,0,0,0,0,0,0,0,0,26350,109,464,0,3,34144256,0,268435456,0,0,0,-1321907123,1427461461
53042,Зовущий бурю,,32994,55564,0,-1,0,0,0,0,0,0,0,0,0,0,26350,109,464,0,3,34144256,0,268435456,0,0,0,1309324210,-1440044374
53076,Авария в литейной,,32368,55564,0,-1,0,0,0,0,0,0,0,0,0,0,26377,109,464,0,3,34144256,512,268435456,0,0,0,1309324210,-1440044374
53078,Сокровище приливов,,32380,55564,0,-1,0,0,0,0,0,0,0,0,0,0,26378,109,464,0,3,34144256,0,268435456,0,0,0,1309324210,-1440044374
53106,Спасительная кадильница,,33052,63483,0,-1,0,0,0,0,0,0,0,0,0,163212,26452,109,464,0,3,37289984,0,268435456,0,0,0,-1321907123,1427461461
53107,Грабеж и припасы,,33053,63483,0,-1,0,0,0,0,0,0,0,0,0,0,26451,109,464,0,3,37289984,0,268435456,0,0,0,-1321907123,1427461461
53108,Борьба с предрассудками,,33054,63483,0,-1,0,0,0,0,0,0,0,0,0,157771,26453,109,464,0,3,37289984,0,268435456,0,0,0,-1321907123,1427461461
53111,Tracking Quest,,33057,0,0,-1,0,0,0,0,0,0,0,0,0,0,0,0,0,0,3,33621000,0,0,0,0,0,-1,-1
53165,Покончить с кражей древностей,,33098,55564,0,-1,0,0,0,0,0,0,0,0,0,0,26397,109,464,0,3,38338560,8192,268435456,52261,0,0,-1321907123,1427461461
53188,Ледяной фристайл,,33120,55564,0,-1,0,0,0,0,0,0,0,0,0,0,26852,109,464,0,3,2686976,0,268435456,0,0,0,-1321907123,1427461461
53189,Скользкий спуск,,33121,55564,0,-1,0,0,0,0,0,0,0,0,0,0,26854,109,464,0,3,2686976,0,268435456,0,0,0,-1321907123,1427461461
53196,Будут знать!,,32384,55564,0,-1,0,0,0,0,0,0,0,0,0,0,26398,109,464,0,3,38338560,8192,268435456,0,0,0,1309324210,-1440044374
53200,Tracking Quest,,33131,0,0,-1,0,0,0,0,0,0,0,0,0,0,0,0,0,0,3,33621000,0,0,0,0,0,-1,-1
53201,Tracking Quest,,33132,0,0,-1,0,0,0,0,0,0,0,0,0,0,0,0,0,0,3,33621000,0,0,0,0,0,-1,-1
53202,Tracking Quest,,33133,0,0,-1,0,0,0,0,0,0,0,0,0,0,0,0,0,0,3,33621000,0,0,0,0,0,-1,-1
53203,Tracking Quest,,33134,0,0,-1,0,0,0,0,0,0,0,0,0,0,0,0,0,0,3,33621000,0,0,0,0,0,-1,-1
53204,Tracking Quest,,33135,0,0,-1,0,0,0,0,0,0,0,0,0,0,0,0,0,0,3,33621000,0,0,0,0,0,-1,-1
53214,Tracking Quest,,33141,0,0,-1,0,0,0,0,0,0,0,0,0,0,0,0,0,0,3,33621000,0,0,0,0,0,-1,-1
53215,Tracking Quest,,33142,0,0,-1,0,0,0,0,0,0,0,0,0,0,0,0,188,0,3,37815304,8192,0,0,0,0,-1,-1
53266,Цветущий морской стебель,,33200,55564,0,-1,0,0,0,0,0,2549,1,0,0,0,26599,119,464,0,3,34144576,0,268435458,0,0,0,-1,-1
53270,Разросшийся речной горох,,33204,55564,0,-1,0,0,0,0,0,2549,1,0,0,0,26600,119,464,0,3,34144576,0,268435458,0,0,0,-1,-1
53271,Цветущий звездный мох,,33205,55564,0,-1,0,0,0,0,0,2549,1,0,0,0,26601,119,464,0,3,590144,0,268435458,0,0,0,-1,-1
53272,Цветущий укус сирены,,33206,55564,0,-1,0,0,0,0,0,2549,1,0,0,0,26602,119,464,0,3,590144,0,268435458,0,0,0,-1,-1
53273,Поросль поцелуя зимы,,33207,67266,0,-1,0,0,0,0,0,2549,1,0,0,0,26603,119,464,0,3,590144,0,268435458,0,0,0,-1,-1
53274,Разросшаяся якорь-трава,,33208,55564,0,-1,0,0,0,0,0,2549,1,0,0,0,26604,119,464,0,3,34144576,0,268435458,0,0,0,-1,-1
53277,Цветущий морской стебель,,33212,55564,0,-1,0,0,0,0,0,2549,1,0,0,0,26605,119,464,0,3,34144576,0,268435458,0,0,0,-1,-1
53278,Разросшийся речной горох,,33213,55564,0,-1,0,0,0,0,0,2549,1,0,0,0,26606,119,464,0,3,34144576,0,268435458,0,0,0,-1,-1
53279,Цветущий звездный мох,,33214,55564,0,-1,0,0,0,0,0,2549,1,0,0,0,26607,119,464,0,3,590144,0,268435458,0,0,0,-1,-1
53280,Цветущий укус сирены,,33215,55564,0,-1,0,0,0,0,0,2549,1,0,0,0,26608,119,464,0,3,590144,0,268435458,0,0,0,-1,-1
53281,Поросль поцелуя зимы,,33216,55564,0,-1,0,0,0,0,0,2549,1,0,0,0,26609,119,464,0,3,590144,0,268435458,0,0,0,-1,-1
53282,Разросшаяся якорь-трава,,33217,55564,0,-1,0,0,0,0,0,2549,1,0,0,0,26610,119,464,0,3,590144,0,268435458,0,0,0,-1,-1
53283,Цветущий морской стебель,,33218,55564,0,-1,0,0,0,0,0,2549,1,0,0,0,26611,119,464,0,3,34144576,0,268435458,0,0,0,-1,-1
53284,Разросшийся речной горох,,33219,55564,0,-1,0,0,0,0,0,2549,1,0,0,0,26612,119,464,0,3,34144576,0,268435458,0,0,0,-1,-1
53285,Цветущий звездный мох,,33220,55564,0,-1,0,0,0,0,0,2549,1,0,0,0,26613,119,464,0,3,590144,0,268435458,0,0,0,-1,-1
53286,Цветущий укус сирены,,33221,55564,0,-1,0,0,0,0,0,2549,1,0,0,0,26614,119,464,0,3,590144,0,268435458,0,0,0,-1,-1
53287,Поросль поцелуя зимы,,33222,55564,0,-1,0,0,0,0,0,2549,1,0,0,0,26615,119,464,0,3,590144,0,268435458,0,0,0,-1,-1
53288,Разросшаяся якорь-трава,,33223,55564,0,-1,0,0,0,0,0,2549,1,0,0,0,26616,119,464,0,3,590144,0,268435458,0,0,0,-1,-1
53289,Цветущий морской стебель,,33224,67269,0,-1,0,0,0,0,0,2549,1,0,0,0,26582,119,464,0,3,34144576,0,268435458,0,0,0,-1,-1
53290,Разросшийся речной горох,,33225,55564,0,-1,0,0,0,0,0,2549,1,0,0,0,26584,119,464,0,3,34144576,0,268435458,0,0,0,-1,-1
53291,Цветущий звездный мох,,33226,55564,0,-1,0,0,0,0,0,2549,1,0,0,0,26585,119,464,0,3,590144,0,268435458,0,0,0,-1,-1
53292,Цветущий укус сирены,,33227,55564,0,-1,0,0,0,0,0,2549,1,0,0,0,26586,119,464,0,3,590144,0,268435458,0,0,0,-1,-1
53293,Разросшаяся якорь-трава,,33228,55564,0,-1,0,0,0,0,0,2549,1,0,0,0,26587,119,464,0,3,590144,0,268435458,0,0,0,-1,-1
53294,Поросль укуса Акунды,,33229,55564,0,-1,0,0,0,0,0,2549,1,0,0,0,26592,119,464,0,3,590144,0,268435458,0,0,0,-1,-1
53296,Цветущий морской стебель,,33231,55564,0,-1,0,0,0,0,0,2549,1,0,0,0,26588,119,464,0,3,34144576,0,268435458,0,0,0,-1,-1
53297,Разросшийся речной горох,,33232,55564,0,-1,0,0,0,0,0,2549,1,0,0,0,26589,119,464,0,3,34144576,0,268435458,0,0,0,-1,-1
53298,Цветущий звездный мох,,33233,55564,0,-1,0,0,0,0,0,2549,1,0,0,0,26590,119,464,0,3,590144,0,268435458,0,0,0,-1,-1
53299,Цветущий укус сирены,,33234,55564,0,-1,0,0,0,0,0,2549,1,0,0,0,26591,119,464,0,3,590144,0,268435458,0,0,0,-1,-1
53300,Разросшаяся якорь-трава,,33235,55564,0,-1,0,0,0,0,0,2549,1,0,0,0,26593,119,464,0,3,590144,0,268435458,0,0,0,-1,-1
53301,Цветущий морской стебель,,33236,55564,0,-1,0,0,0,0,0,2549,1,0,0,0,26594,119,464,0,3,34144576,0,268435458,0,0,0,-1,-1
53302,Разросшийся речной горох,,33237,55564,0,-1,0,0,0,0,0,2549,1,0,0,0,26595,119,464,0,3,34144576,0,268435458,0,0,0,-1,-1
53303,Цветущий звездный мох,,33238,55564,0,-1,0,0,0,0,0,2549,1,0,0,0,26596,119,464,0,3,590144,0,268435458,0,0,0,-1,-1
53304,Цветущий укус сирены,,33239,55564,0,-1,0,0,0,0,0,2549,1,0,0,0,26597,119,464,0,3,590144,0,268435458,0,0,0,-1,-1
53305,Разросшаяся якорь-трава,,33240,55564,0,-1,0,0,0,0,0,2549,1,0,0,0,26598,119,464,0,3,590144,0,268435458,0,0,0,-1,-1
53308,Сияющий монелит,,33244,55564,0,-1,0,0,0,0,0,2565,1,0,0,0,26617,120,464,0,3,34144576,0,268435458,0,0,0,-1,-1
53311,Мерцающее штормовое серебро,,33247,55564,0,-1,0,0,0,0,0,2565,1,0,0,0,26618,120,464,0,3,34144576,0,268435458,0,0,0,-1,-1
53312,Блестящая платина,,33248,55564,0,-1,0,0,0,0,0,2565,1,0,0,0,26619,120,464,0,3,34144576,0,268435458,0,0,0,-1,-1
53313,Твердый монелит,,33249,55564,0,-1,0,0,0,0,0,2565,1,0,0,0,26620,120,464,0,3,34144576,0,268435458,0,0,0,-1,-1
53314,Прочное штормовое серебро,,33250,55564,0,-1,0,0,0,0,0,2565,1,0,0,0,26621,120,464,0,3,34144576,0,268435458,0,0,0,-1,-1
53315,Мягкая платина,,33251,55564,0,-1,0,0,0,0,0,2565,1,0,0,0,26622,120,464,0,3,34144576,0,268435458,0,0,0,-1,-1
53316,Укрепленный монелит,,33252,55564,0,-1,0,0,0,0,0,2565,1,0,0,0,26623,120,464,0,3,34144576,0,268435458,0,0,0,-1,-1
53317,Твердое штормовое серебро,,33253,55564,0,-1,0,0,0,0,0,2565,1,0,0,0,26624,120,464,0,3,34144576,0,268435458,0,0,0,-1,-1
53318,Ковкая платина,,33254,55564,0,-1,0,0,0,0,0,2565,1,0,0,0,26625,120,464,0,3,34144576,0,268435458,0,0,0,-1,-1
53319,Наш священный лес,,33255,62340,0,-1,0,0,0,0,0,0,0,0,0,0,26423,109,288,0,3,38338560,8192,268435456,0,0,0,-1321907123,1427461461
53320,Уже у нас в руках,,33256,62340,0,-1,0,0,0,0,0,0,0,0,0,0,26424,109,288,0,3,38338560,8192,268435456,0,0,0,1309324210,-1440044374
53321,Сияющий монелит,,33257,55564,0,-1,0,0,0,0,0,2565,1,0,0,0,26634,120,464,0,3,34144576,0,268435458,0,0,0,-1,-1
53322,Мерцающее штормовое серебро,,33258,55564,0,-1,0,0,0,0,0,2565,1,0,0,0,26633,120,464,0,3,34144576,0,268435458,0,0,0,-1,-1
53323,Блестящая платина,,33259,55564,0,-1,0,0,0,0,0,2565,1,0,0,0,26632,120,464,0,3,34144576,0,268435458,0,0,0,-1,-1
53324,Твердый монелит,,33260,55564,0,-1,0,0,0,0,0,2565,1,0,0,0,26631,120,464,0,3,34144576,0,268435458,0,0,0,-1,-1
53325,Прочное штормовое серебро,,33261,55564,0,-1,0,0,0,0,0,2565,1,0,0,0,26630,120,464,0,3,34144576,0,268435458,0,0,0,-1,-1
53326,Мягкая платина,,33262,55564,0,-1,0,0,0,0,0,2565,1,0,0,0,26629,120,464,0,3,34144576,0,268435458,0,0,0,-1,-1
53327,Укрепленный монелит,,33263,55564,0,-1,0,0,0,0,0,2565,1,0,0,0,26628,120,464,0,3,34144576,0,268435458,0,0,0,-1,-1
53328,Твердое штормовое серебро,,33264,55564,0,-1,0,0,0,0,0,2565,1,0,0,0,26627,120,464,0,3,34144576,0,268435458,0,0,0,-1,-1
53329,Ковкая платина,,33265,55564,0,-1,0,0,0,0,0,2565,1,0,0,0,26626,120,464,0,3,34144576,0,268435458,0,0,0,-1,-1
53331,Лучший номер,,33267,55564,0,-1,0,0,0,0,0,0,0,0,0,0,26439,109,464,0,3,39387136,0,268435456,0,0,0,-1321907123,1427461461
53343,Спасительная кадильница,,33052,63483,0,-1,0,0,0,0,0,0,0,0,0,163212,26452,109,464,0,3,37289984,0,268435456,0,0,0,1309324210,-1440044374
53344,Борьба с предрассудками,,33054,63483,0,-1,0,0,0,0,0,0,0,0,0,157771,26453,109,464,0,3,37289984,0,268435456,0,0,0,1309324210,-1440044374
53345,Грабеж и припасы,,33053,63483,0,-1,0,0,0,0,0,0,0,0,0,0,26451,109,464,0,3,37289984,0,268435456,0,0,0,1309324210,-1440044374
53346,Трогательные трогги,,33274,55564,0,-1,0,0,0,0,0,0,0,0,0,0,26514,109,464,0,3,36241408,0,268435456,0,0,0,-1321907123,1427461461
53435,Азерит для Орды,,33337,64610,0,-1,0,0,0,0,0,0,0,0,0,0,0,261,289,0,2,101220608,67108864,268435490,0,0,0,1309324210,-1440044374
53436,Азерит для Альянса,,33337,64610,0,-1,0,0,0,0,0,0,0,0,0,0,0,261,289,0,2,101220608,67108864,268435490,0,0,0,-1321907123,1427461461
53497,Освобождение,,33383,63694,0,-1,0,0,0,0,0,0,0,0,0,0,26656,109,288,0,3,34144256,0,268435456,0,0,0,-1321907123,1427461461
53498,Демонстрация силы,,33384,63694,0,-1,0,0,0,0,0,0,0,0,0,0,26655,109,288,0,3,34144256,0,268435456,0,0,0,1309324210,-1440044374
53520,Взрыв!,,33404,62340,0,-1,0,0,0,0,0,0,0,0,0,0,26694,109,288,0,3,34144256,0,268435456,0,0,0,-1321907123,1427461461
53549,Сумка с наградой,,33430,0,0,-1,0,0,0,0,0,0,0,0,0,0,0,41,464,0,3,101253184,0,268435456,0,0,0,-1,-1
53552,Бум-бочка,,33453,62340,0,-1,0,0,0,0,0,0,0,0,0,0,26727,109,288,0,3,34144256,0,268435456,0,0,0,1309324210,-1440044374
53564,Tracking Quest,,33457,0,0,-1,0,0,0,0,0,0,0,0,0,0,0,0,0,0,3,33621000,0,0,0,0,0,-1,-1
53584,Tracking Quest,,33479,0,0,-1,0,0,0,0,0,0,0,0,0,0,0,0,0,0,3,33621000,0,0,0,0,0,-1,-1
53585,Tracking Quest,,33480,0,0,-1,0,0,0,0,0,0,0,0,0,0,0,0,0,0,3,33621000,0,0,0,0,0,-1,-1
53586,Tracking Quest,,33481,0,0,-1,0,0,0,0,0,0,0,0,0,0,0,0,0,0,3,33621000,0,0,0,0,0,-1,-1
53587,Tracking Quest,,33482,0,0,-1,0,0,0,0,0,0,0,0,0,0,0,0,0,0,3,33621000,0,0,0,0,0,-1,-1
53588,Tracking Quest,,33483,0,0,-1,0,0,0,0,0,0,0,0,0,0,0,0,0,0,3,33621000,0,0,0,0,0,-1,-1
53589,Tracking Quest,,33484,0,0,-1,0,0,0,0,0,0,0,0,0,0,0,0,0,0,3,33621000,0,0,0,0,0,-1,-1
53590,Tracking Quest,,33485,0,0,-1,0,0,0,0,0,0,0,0,0,0,0,0,0,0,3,33621000,0,0,0,0,0,-1,-1
53591,Tracking Quest,,33486,0,0,-1,0,0,0,0,0,0,0,0,0,0,0,0,0,0,3,33621000,0,0,0,0,0,-1,-1
53592,Tracking Quest,,33487,0,0,-1,0,0,0,0,0,0,0,0,0,0,0,0,0,0,3,33621000,0,0,0,0,0,-1,-1
53593,Tracking Quest,,33488,0,0,-1,0,0,0,0,0,0,0,0,0,0,0,0,0,0,3,33621000,0,0,0,0,0,-1,-1
53594,Tracking Quest,,33489,0,0,-1,0,0,0,0,0,0,0,0,0,0,0,0,0,0,3,33621000,0,0,0,0,0,-1,-1
53595,Tracking Quest,,33490,0,0,-1,0,0,0,0,0,0,0,0,0,0,0,0,0,0,3,33621000,0,0,0,0,0,-1,-1
53596,Tracking Quest,,33491,0,0,-1,0,0,0,0,0,0,0,0,0,0,0,0,0,0,3,33621000,0,0,0,0,0,-1,-1
53597,Tracking Quest,,33492,0,0,-1,0,0,0,0,0,0,0,0,0,0,0,0,0,0,3,33621000,0,0,0,0,0,-1,-1
53598,Tracking Quest,,33493,0,0,-1,0,0,0,0,0,0,0,0,0,0,0,0,0,0,3,33621000,0,0,0,0,0,-1,-1
53599,Tracking Quest,,33494,0,0,-1,0,0,0,0,0,0,0,0,0,0,0,0,0,0,3,33621000,0,0,0,0,0,-1,-1
53600,Tracking Quest,,33495,0,0,-1,0,0,0,0,0,0,0,0,0,0,0,0,0,0,3,33621000,0,0,0,0,0,-1,-1
53601,Tracking Quest,,33496,0,0,-1,0,0,0,0,0,0,0,0,0,0,0,0,0,0,3,33621000,0,0,0,0,0,-1,-1
53699,Незваные гости,,33607,65921,0,-1,0,0,0,0,0,0,0,0,0,0,26925,259,706,0,3,40435968,8192,268435456,0,0,0,-1321907123,1427461461
53704,Слегка нетрезвое ополчение,,33598,65921,0,-1,0,0,0,0,0,0,0,0,0,0,27049,259,706,0,3,40435968,8192,268435456,0,0,0,-1321907123,1427461461
53706,Спасение припасов,,33599,65921,0,-1,0,0,0,0,0,0,0,0,0,0,27080,259,706,0,3,36241664,0,268435456,0,0,0,-1321907123,1427461461
53707,Сожжение припасов,,33600,65921,0,-1,0,0,0,0,0,0,0,0,0,0,27080,259,706,0,3,36241664,0,268435456,0,0,0,1309324210,-1440044374
53712,Неприветливые небеса,,33602,65921,0,-1,0,0,0,0,0,0,0,0,0,0,26964,259,706,0,3,40435968,8192,268435456,0,0,0,-1321907123,1427461461
53713,Мокрая работенка: Бриджпорт,,33604,65921,0,-1,0,0,0,0,0,0,0,0,0,0,26965,259,706,0,3,37290240,0,268435456,0,0,0,1309324210,-1440044374
53714,Аптекарь Джеррод,,33605,67187,0,-1,0,0,0,0,0,0,0,0,0,0,26962,260,706,0,3,36241728,0,268435456,0,0,0,-1321907123,1427461461
53715,Страж огня Витон Темная Вспышка,,33606,65921,0,-1,0,0,0,0,0,0,0,0,0,0,26966,260,706,0,3,36241728,0,268435456,0,0,0,-1321907123,1427461461
53716,Чрезвычайная ситуация на Восточной станции,,33608,67264,0,-1,0,0,0,0,0,0,0,0,0,0,27148,259,706,0,3,36241664,0,268435456,0,0,0,1309324210,-1440044374
53717,Удержать нагорье,,33609,65921,0,-1,0,0,0,0,0,0,0,0,0,0,27078,259,706,0,3,36241664,0,268435456,0,0,0,-1321907123,1427461461
53724,Темная охотница Мутумба,,33616,65921,0,-1,0,0,0,0,0,0,0,0,0,0,26989,260,706,0,3,36241728,0,268435456,0,0,0,-1321907123,1427461461
53726,Ботоломство,,33618,65921,0,-1,0,0,0,0,0,0,0,0,0,0,27002,259,706,0,3,40435968,8192,268435456,0,0,0,-1321907123,1427461461
53752,Бомбозакидательство,,33639,65921,0,-1,0,0,0,0,0,0,0,0,0,0,27081,259,706,0,3,36241664,0,268435456,0,0,0,1309324210,-1440044374
53753,Бомбозакидательство,,33640,65921,0,-1,0,0,0,0,0,0,0,0,0,0,27081,259,706,0,3,36241664,0,268435456,0,0,0,-1321907123,1427461461
53755,Чумной саботаж,,33642,65921,0,-1,0,0,0,0,0,0,0,0,0,0,27017,259,706,0,3,36241664,0,268435456,0,0,0,-1321907123,1427461461
53759,Кто внизу – берегись!,,33646,65921,0,-1,0,0,0,0,0,0,0,0,0,0,26924,259,706,0,3,40435968,8192,268435456,0,0,0,1309324210,-1440044374
53768,Яростные стычки,,33654,65921,0,-1,0,0,0,0,0,0,0,0,0,0,27079,259,706,0,3,36241664,0,268435456,0,0,0,-1321907123,1427461461
53769,Яростные стычки,,33655,65921,0,-1,0,0,0,0,0,0,0,0,0,0,27079,259,706,0,3,36241664,0,268435456,0,0,0,1309324210,-1440044374
53770,TBD - OLD PORTAL QUEST (NOT USED),,33656,65921,0,-1,0,0,0,0,0,0,0,0,0,0,3785,113,706,0,3,39387392,8192,268435456,0,0,0,-1321907123,1427461461
53771,Гурин Говорящий с Камнем,,33657,65921,0,-1,0,0,0,0,0,0,0,0,0,0,27015,260,706,0,3,36241728,0,268435456,0,0,0,-1321907123,1427461461
53772,Загг Вырвиглаз,,33658,65921,0,-1,0,0,0,0,0,0,0,0,0,0,27075,260,706,0,3,36241728,0,268435456,0,0,0,-1321907123,1427461461
53773,Атака наг!,,33659,66421,0,-1,0,0,0,0,0,0,0,0,0,0,27077,111,706,0,3,41484544,8192,268435456,0,0,0,-1,-1
53784,Осадный инженер Кракельбах,,33670,65921,0,-1,0,0,0,0,0,0,0,0,0,0,27076,260,706,0,3,36241728,0,268435456,0,0,0,-1321907123,1427461461
53803,Fist of Orgrimmar - TBD OLD PORTAL QUEST,,33687,65921,0,-1,0,0,0,0,0,0,0,0,0,0,3785,113,706,0,3,39387392,8192,268435456,0,0,0,-1321907123,1427461461
53804,Диномант Закуру,,33688,65921,0,-1,0,0,0,0,0,0,0,0,0,0,27089,260,706,0,3,36241728,0,268435456,0,0,0,-1321907123,1427461461
53808,Ползком к победе,,33692,65921,0,-1,0,0,0,0,0,0,0,0,0,0,27002,259,706,0,3,40435968,8192,268435456,0,0,0,1309324210,-1440044374
53812,Хитрая ловушка,,33696,65921,0,-1,0,0,0,0,0,0,0,0,0,0,27092,260,706,0,3,36241728,0,268435456,0,0,0,-1321907123,1427461461
53814,Первый сержант Стальной Клык,,33698,65921,0,-1,0,0,0,0,0,0,0,0,0,0,27098,260,706,0,3,36241728,0,268435456,0,0,0,-1321907123,1427461461
53832,Меры против саботажа,,33715,67264,0,-1,0,0,0,0,0,0,0,0,0,0,27014,259,706,0,3,40435968,8192,268435456,0,0,0,1309324210,-1440044374
53857,Капитан Гарок,,33739,65921,0,-1,0,0,0,0,0,0,0,0,0,0,27110,260,706,0,3,36241728,0,268435456,0,0,0,-1321907123,1427461461
53860,Azerite Transport (NOT USED),,33742,0,0,-1,0,0,0,0,0,0,0,0,0,0,3785,113,706,0,3,36241664,0,268435456,0,0,0,1309324210,-1440044374
53867,Инженер Держиболт,,33749,65921,0,-1,0,0,0,0,0,0,0,0,0,0,27131,260,706,0,3,36241728,0,268435456,0,0,0,-1321907123,1427461461
53874,Пусть обретут покой,,33755,66632,0,-1,0,0,0,0,0,0,0,0,0,0,27439,109,464,0,3,34144256,0,268435456,0,0,0,1309324210,-1440044374
53875,Корсар на день,,33756,65921,0,-1,0,0,0,0,0,0,0,0,0,0,27145,259,706,0,3,40435968,8192,268435456,0,0,0,1309324210,-1440044374
53877,Столкновение на Восточной станции,,33757,65921,0,-1,0,0,0,0,0,0,0,0,0,0,27148,259,706,0,3,36241664,0,268435456,0,0,0,-1321907123,1427461461
53878,Экстренная эвакуация,,33758,65921,0,-1,0,0,0,0,0,0,0,0,0,0,27078,259,706,0,3,36241664,0,268435456,0,0,0,1309324210,-1440044374
53886,Самостоятельная экскурсия,,33766,67268,0,-1,0,0,0,0,0,0,0,0,0,0,27152,259,706,0,3,40435968,8192,268435456,0,0,0,1309324210,-1440044374
53945,Атака наг!,,33836,66420,0,-1,0,0,0,0,0,0,0,0,0,0,27166,111,706,0,3,41484544,8192,268435456,0,0,0,-1,-1
53950,Взрывы на склоне Серого Камня,,33826,67264,0,-1,0,0,0,0,0,0,0,0,0,0,27178,259,706,0,3,36241664,0,268435456,0,0,0,1309324210,-1440044374
53951,Взрывы на склоне Серого Камня,,33827,65921,0,-1,0,0,0,0,0,0,0,0,0,0,27178,259,706,0,3,36241664,0,268435456,0,0,0,-1321907123,1427461461
53963,Атака наг!,,33837,66349,0,-1,0,0,0,0,0,0,0,0,0,0,27181,111,706,0,3,41484544,8192,268435456,0,0,0,-1,-1
53979,Атака наг!,,33853,66339,0,-1,0,0,0,0,0,0,0,0,0,0,27209,111,706,0,3,41484544,8192,268435456,0,0,0,-1,-1
53983,Мокрая работенка: рыцарь из форта,,33855,65921,0,-1,0,0,0,0,0,0,0,0,0,0,27210,259,706,0,3,36241664,0,268435456,0,0,0,1309324210,-1440044374
53994,Атака наг!,,33866,66419,0,-1,0,0,0,0,0,0,0,0,0,0,27238,111,706,0,3,41484544,8192,268435456,0,0,0,-1,-1
54011,Мокрая работенка: Застава Арома,,33882,67265,0,-1,0,0,0,0,0,0,0,0,0,0,27253,259,706,0,3,37290240,0,268435456,0,0,0,1309324210,-1440044374
54014,Мокрая работенка: кровь в песке,,33885,65921,0,-1,0,0,0,0,0,0,0,0,0,0,27262,259,706,0,3,36241664,0,268435456,0,0,0,-1321907123,1427461461
54016,Перевозка азерита,,33887,65921,0,-1,0,0,0,0,0,0,0,0,0,0,27260,260,706,0,3,36241728,0,268435456,0,0,0,1309324210,-1440044374
54017,Мокрая работенка: крааль боевых ящеров,,33888,65921,0,-1,0,0,0,0,0,0,0,0,0,0,27259,259,706,0,3,37290240,0,268435456,0,0,0,-1321907123,1427461461
54020,Мокрая работенка: Сумеречные проливы,,33891,65921,0,-1,0,0,0,0,0,0,0,0,0,0,27256,259,706,0,3,36241664,0,268435456,0,0,0,-1321907123,1427461461
54051,Атака наг!,,33939,66341,0,-1,0,0,0,0,0,0,0,0,0,0,27306,111,706,0,3,41484544,8192,268435456,0,0,0,-1,-1
54060,Атака наг!,,33944,66342,0,-1,0,0,0,0,0,0,0,0,0,0,27333,111,706,0,3,41484544,8192,268435456,0,0,0,-1,-1
54089,Омгар Смертепоклонник,,33973,65921,0,-1,0,0,0,0,0,0,0,0,0,0,27365,260,706,0,3,36241728,0,268435456,0,0,0,-1321907123,1427461461
54091,Силач Джон,,33975,71588,0,-1,0,0,0,0,0,0,0,0,0,0,27366,260,706,0,3,36241728,0,268435456,0,0,0,1309324210,-1440044374
54112,Ткачиха туманов Нянь,,33994,67264,0,-1,0,0,0,0,0,0,0,0,0,0,27375,260,706,0,3,36241728,0,268435456,0,0,0,1309324210,-1440044374
54119,Хартфорд Штернбах,,33996,67264,0,-1,0,0,0,0,0,0,0,0,0,0,27385,260,706,0,3,36241728,0,268435456,0,0,0,1309324210,-1440044374
54127,С ранцем в бой,,34005,68084,0,-1,0,0,0,0,0,0,0,0,0,0,27421,259,706,0,3,41484608,8192,268435456,0,0,0,-1321907123,1427461461
54129,Первый помощник Мэлоун,,34007,65921,0,-1,0,0,0,0,0,0,0,0,0,0,27398,260,706,0,3,36241728,0,268435456,0,0,0,-1321907123,1427461461
54143,С высоты птичьего полета,,34022,67187,0,-1,0,0,0,0,0,0,0,0,0,0,27409,259,706,0,3,40435968,8192,268435456,0,0,0,-1321907123,1427461461
54154,Шпионы среди холмов,,34027,65921,0,-1,0,0,0,0,0,0,0,0,0,0,27151,259,706,0,3,40435968,8192,268435456,0,0,0,1309324210,-1440044374
54162,Жесткая посадка,,34032,65921,0,-1,0,0,0,0,0,0,0,0,0,0,27150,259,706,0,3,40435968,8192,268435456,0,0,0,1309324210,-1440044374
54166,Поднять паруса,,34036,21439,0,-1,0,0,0,0,0,0,0,0,0,0,0,109,289,0,3,34177280,0,268435458,0,0,0,1309324210,-1440044374
54167,Поднять паруса,,34036,21439,0,-1,0,0,0,0,0,0,0,0,0,0,0,109,289,0,3,34177280,0,268435458,0,0,0,-1321907123,1427461461
54170,Ормин Ракетбоньк,,34039,65921,0,-1,0,0,0,0,0,0,0,0,0,0,27419,260,706,0,3,36241728,0,268435456,0,0,0,1309324210,-1440044374
54182,Братцы-лицеломы картеля Трюмных Вод,,34047,65921,0,-1,0,0,0,0,0,0,0,0,0,0,27427,260,706,0,3,36241728,0,268435456,0,0,0,-1321907123,1427461461
54187,Чаепитие для двоих,,34052,55564,0,-1,0,0,0,0,0,0,0,0,0,0,27433,109,464,0,3,34144256,0,268435456,0,0,0,-1321907123,1427461461
54188,Боты всмятку,,34053,65921,0,-1,0,0,0,0,0,0,0,0,0,0,27429,259,706,0,3,40435968,8192,268435456,0,0,0,-1321907123,1427461461
54189,Ползком по пустыне,,34054,65921,0,-1,0,0,0,0,0,0,0,0,0,0,27429,259,706,0,3,40435968,8192,268435456,0,0,0,1309324210,-1440044374
54190,Чаепитие для двоих,,34055,55564,0,-1,0,0,0,0,0,0,0,0,0,0,27433,109,464,0,3,34144256,0,268435456,0,0,0,1309324210,-1440044374
54236,Атака наг!,,34101,66416,0,-1,0,0,0,0,0,0,0,0,0,0,27456,111,706,0,3,41484544,8192,268435456,0,0,0,-1,-1
54237,Тогот Смертельная Хватка,,34102,65921,0,-1,0,0,0,0,0,0,0,0,0,0,27446,260,706,0,3,36241728,0,268435456,0,0,0,-1321907123,1427461461
54243,Веселье по-гоблински,,34107,66497,0,-1,0,0,0,0,0,0,0,0,0,0,27449,109,464,0,3,41615360,8192,268435456,0,0,0,-1321907123,1427461461
54245,Азеритовые разборки,,34109,65921,0,-1,0,0,0,0,0,0,0,0,0,0,27457,259,706,0,3,36241664,0,268435456,0,0,0,-1321907123,1427461461
54246,Азеритовые разборки,,34110,65921,0,-1,0,0,0,0,0,0,0,0,0,0,27457,259,706,0,3,36241664,0,268435456,0,0,0,1309324210,-1440044374
54251,"""Дипломат""",,34115,67264,0,-1,0,0,0,0,0,0,0,0,0,0,27464,260,706,0,3,36241728,0,268435456,0,0,0,1309324210,-1440044374
54253,Бомбы брошены,,34117,65921,0,-1,0,0,0,0,0,0,0,0,0,0,27466,259,706,0,3,36241664,0,268435456,0,0,0,1309324210,-1440044374
54254,Бомбы брошены,,34118,65921,0,-1,0,0,0,0,0,0,0,0,0,0,27466,259,706,0,3,36241664,0,268435456,0,0,0,-1321907123,1427461461
54257,Капитан Гринсейлз,,34121,67264,0,-1,0,0,0,0,0,0,0,0,0,0,27468,260,706,0,3,36241728,0,268435456,0,0,0,1309324210,-1440044374
54266,Главный артиллерист Искроломец,,34130,65921,0,-1,0,0,0,0,0,0,0,0,0,0,27475,260,706,0,3,36241728,0,268435456,0,0,0,-1321907123,1427461461
54267,Атака наг!,,34131,66418,0,-1,0,0,0,0,0,0,0,0,0,0,27480,111,706,0,3,41484544,8192,268435456,0,0,0,-1,-1
54268,Импульсная тяга,,34132,66160,0,-1,0,0,0,0,0,0,0,0,0,0,27481,259,706,0,3,40435968,8192,268435456,0,0,0,1309324210,-1440044374
54272,Боевые роботы,,34136,65921,0,-1,0,0,0,0,0,0,0,0,0,0,27485,259,706,0,3,36241664,0,268435456,0,0,0,-1321907123,1427461461
54273,Боевые роботы,,34137,65921,0,-1,0,0,0,0,0,0,0,0,0,0,27485,259,706,0,3,36241664,0,268435456,0,0,0,1309324210,-1440044374
54281,Разбомбить баллисты,,34145,65921,0,-1,0,0,0,0,0,0,0,0,0,0,27495,259,706,0,3,40435968,8192,268435456,0,0,0,-1321907123,1427461461
54287,Атака наг!,,34151,66417,0,-1,0,0,0,0,0,0,0,0,0,0,27496,111,706,0,3,41484544,8192,268435456,0,0,0,-1,-1
54295,Мастер-артиллерист Гудвин,,34159,67264,0,-1,0,0,0,0,0,0,0,0,0,0,27497,260,706,0,3,36241728,0,268435456,0,0,0,1309324210,-1440044374
54298,Теория притяжения,,34162,65921,0,-1,0,0,0,0,0,0,0,0,0,0,27150,259,706,0,3,40435968,8192,268435456,0,0,0,-1321907123,1427461461
54308,Техника безопасности в шахтах,,34172,65921,0,-1,0,0,0,0,0,0,0,0,0,0,27500,259,706,0,3,36241664,0,268435456,51696,0,0,1309324210,-1440044374
54313,Tracking Quest,,34176,0,0,-1,0,0,0,0,0,0,0,0,0,0,0,0,0,0,3,33621256,0,0,0,0,0,1309324210,-1440044374
54314,Tracking Quest,,34177,0,0,-1,0,0,0,0,0,0,0,0,0,0,0,0,0,0,3,33621256,0,0,0,0,0,-1,-1
54315,Tracking Quest,,34178,0,0,-1,0,0,0,0,0,0,0,0,0,0,0,0,0,0,3,35718408,0,0,0,0,0,-1,-1
54316,Tracking Quest,,34179,0,0,-1,0,0,0,0,0,0,0,0,0,0,0,0,0,0,3,33621256,0,0,0,0,0,-1,-1
54317,Tracking Quest,,34180,0,0,-1,0,0,0,0,0,0,0,0,0,0,0,0,0,0,3,33621256,0,0,0,0,0,-1,-1
54318,Tracking Quest,,34181,0,0,-1,0,0,0,0,0,0,0,0,0,0,0,0,0,0,3,33621256,0,0,0,0,0,-1,-1
54319,Tracking Quest,,34182,0,0,-1,0,0,0,0,0,0,0,0,0,0,0,0,0,0,3,33621256,0,0,0,0,0,-1,-1
54322,Tracking Quest,,34185,0,0,-1,0,0,0,0,0,0,0,0,0,0,0,0,0,0,3,35718408,0,0,0,0,0,-1,-1
54323,Tracking Quest,,34186,0,0,-1,0,0,0,0,0,0,0,0,0,0,0,0,0,0,3,33621256,0,0,0,0,0,-1,-1
54324,Tracking Quest,,34187,0,0,-1,0,0,0,0,0,0,0,0,0,0,0,0,0,0,3,33621256,0,0,0,0,0,-1,-1
54325,Tracking Quest,,34188,0,0,-1,0,0,0,0,0,0,0,0,0,0,0,0,0,0,3,33621256,0,0,0,0,0,-1,-1
54326,Tracking Quest,,34189,0,0,-1,0,0,0,0,0,0,0,0,0,0,0,0,0,0,3,33621256,0,0,0,0,0,-1,-1
54328,Рыцарь-капитан Джозиф,,34191,65921,0,-1,0,0,0,0,0,0,0,0,0,0,27531,260,706,0,3,36241728,0,268435456,0,0,0,1309324210,-1440044374
54399,Tracking Quest,,34262,0,0,-1,0,0,0,0,0,0,0,0,0,0,0,0,0,0,3,33621256,0,0,0,0,0,-1,-1
54400,Tracking Quest,,34263,0,0,-1,0,0,0,0,0,0,0,0,0,0,0,0,0,0,3,33621256,0,0,0,0,0,-1,-1
54401,Tracking Quest,,34264,0,0,-1,0,0,0,0,0,0,0,0,0,0,0,0,0,0,3,33621256,0,0,0,0,0,-1,-1
54403,Жрица моря Кларисса,,34266,65921,0,-1,0,0,0,0,0,0,0,0,0,0,27601,260,706,0,3,36241728,0,268435456,0,0,0,1309324210,-1440044374
54414,Буря с Пика ветров,,34277,65921,0,-1,0,0,0,0,0,0,0,0,0,0,27603,259,706,0,3,36241664,0,268435456,0,0,0,1309324210,-1440044374
54415,Вульпера на день,,34278,65921,0,-1,0,0,0,0,0,0,0,0,0,0,27708,259,706,0,3,40435968,8192,268435456,0,0,0,1309324210,-1440044374
54434,Маг Бездны Вечерняя Тень,,34297,65921,0,-1,0,0,0,0,0,0,0,0,0,0,27602,260,706,0,3,36241728,0,268435456,0,0,0,1309324210,-1440044374
54437,Овинн Граддок,,34299,65921,0,-1,0,0,0,0,0,0,0,0,0,0,27608,260,706,0,3,36241728,0,268435456,0,0,0,1309324210,-1440044374
54442,Дрессировщик Уоткинс,,34303,65921,0,-1,0,0,0,0,0,0,0,0,0,0,27613,260,706,0,3,36241728,0,268435456,0,0,0,1309324210,-1440044374
54448,Охота за азеритом,,34309,67265,0,-1,0,0,0,0,0,0,0,0,0,0,27621,259,706,0,3,36241664,0,268435456,0,0,0,1309324210,-1440044374
54449,Охота за азеритом,,34310,67282,0,-1,0,0,0,0,0,0,0,0,0,0,27621,259,706,0,3,36241664,0,268435456,0,0,0,-1321907123,1427461461
54467,Наследие руин,,34316,67254,0,-1,0,0,0,0,0,0,0,0,0,0,28036,109,691,0,3,34144512,0,268435456,51722,0,0,1309324210,-1440044374
54468,Налая Пернатая Искательница,,34317,65921,0,-1,0,0,0,0,0,0,0,0,0,0,27622,260,706,0,3,36241728,0,268435456,0,0,0,1309324210,-1440044374
54471,Забота о раненых,,34319,65921,0,-1,0,0,0,0,0,0,0,0,0,0,27625,259,706,0,3,36241664,0,268435456,0,0,0,-1321907123,1427461461
54472,Вспахать поле,,34320,67265,0,-1,0,0,0,0,0,0,0,0,0,0,27625,259,706,0,3,36241664,0,268435456,0,0,0,1309324210,-1440044374
54488,Охотник за головами Зул'аки,,34330,65921,0,-1,0,0,0,0,0,0,0,0,0,0,27626,260,706,0,3,36241728,0,268435456,0,0,0,-1321907123,1427461461
54496,Сухопутные крысы!,,34338,67254,0,-1,0,0,0,0,0,0,0,0,0,0,28037,109,691,0,3,34144512,0,268435456,51722,0,0,1309324210,-1440044374
54497,Опасное сочетание,,34339,67254,0,-1,0,0,0,0,0,0,0,0,0,0,28038,109,691,0,3,34144512,0,268435456,51722,0,0,1309324210,-1440044374
54498,Проблемы танков,,34340,65921,0,-1,0,0,0,0,0,0,0,0,0,0,27639,259,706,0,3,36241664,0,268435456,0,0,0,-1321907123,1427461461
54499,Сумеречные ритуалы,,34341,67254,0,-1,0,0,0,0,0,0,0,0,0,0,28039,109,691,0,3,34144512,0,268435456,51722,0,0,1309324210,-1440044374
54500,Неиспользуемая сила,,34342,65921,0,-1,0,0,0,0,0,0,0,0,0,0,27635,259,706,0,3,36241664,0,268435456,0,0,0,-1321907123,1427461461
54502,Дождь из маны,,34342,67268,0,-1,0,0,0,0,0,0,0,0,0,0,27635,259,706,0,3,36241664,0,268435456,0,0,0,1309324210,-1440044374
54503,Ползучая банда,,34343,67268,0,-1,0,0,0,0,0,0,0,0,0,0,27641,259,706,0,3,40435968,8192,268435456,0,0,0,1309324210,-1440044374
54504,Капитан разведчиков Серокнопс,,34344,65921,0,-1,0,0,0,0,0,0,0,0,0,0,27642,260,706,0,3,36241728,0,268435456,0,0,0,-1321907123,1427461461
54505,Все на груз!,,34345,65921,0,-1,0,0,0,0,0,0,0,0,0,0,27643,259,706,0,3,36241664,0,268435456,0,0,0,1309324210,-1440044374
54506,Грибковая эпидемия,,34346,67265,0,-1,0,0,0,0,0,0,0,0,0,0,27644,259,706,0,3,36241664,0,268435456,0,0,0,1309324210,-1440044374
54507,Грибковая эпидемия,,34347,65921,0,-1,0,0,0,0,0,0,0,0,0,0,27644,259,706,0,3,36241664,0,268435456,0,0,0,-1321907123,1427461461
54508,Не устоит ни один мост!,,34348,65921,0,-1,0,0,0,0,0,0,0,0,0,0,27646,260,706,0,3,36241728,0,268435456,0,0,0,-1321907123,1427461461
54509,Наконечник трезубца,,34349,67254,0,-1,0,0,0,0,0,0,0,0,0,0,28040,109,691,0,3,34144512,0,268435456,51722,0,0,1309324210,-1440044374
54511,Смерть бессмертным капитанам!,,34351,65921,0,-1,0,0,0,0,0,0,0,0,0,0,27648,260,706,0,3,36241728,0,268435456,0,0,0,-1321907123,1427461461
54512,Очищающий прилив,,34352,65921,0,-1,0,0,0,0,0,0,0,0,0,0,27649,259,706,0,3,40435968,0,268435456,0,0,0,-1321907123,1427461461
54513,Пора динозаврить!,,34353,65921,0,-1,0,0,0,0,0,0,0,0,0,0,27654,260,706,0,3,36241728,0,268435456,0,0,0,-1321907123,1427461461
54514,Пленники Темной Чешуи,,34354,67254,0,-1,0,0,0,0,0,0,0,0,0,0,28041,109,691,0,3,34144512,0,268435456,51722,0,0,1309324210,-1440044374
54515,Заклинатель волн Мака,,34355,65921,0,-1,0,0,0,0,0,0,0,0,0,0,27655,260,706,0,3,36241728,0,268435456,0,0,0,-1321907123,1427461461
54516,Ящик и бочка,,34357,65921,0,-1,0,0,0,0,0,0,0,0,0,0,27657,259,706,0,3,40435968,8192,268435456,0,0,0,1309324210,-1440044374
54520,Опаленные саженцы,,34360,67254,0,-1,0,0,0,0,0,0,0,0,0,0,28042,109,691,0,3,34144512,0,268435456,51722,0,0,1309324210,-1440044374
54521,Украденные чары,,34361,67254,0,-1,0,0,0,0,0,0,0,0,0,0,28043,109,691,0,3,34144512,0,268435456,51722,0,0,1309324210,-1440044374
54522,Для орка мелковат,,34362,65921,0,-1,0,0,0,0,0,0,0,0,0,0,27665,260,706,0,3,36241728,0,268435456,0,0,0,1309324210,-1440044374
54523,Бликулия Штуковспых,,34363,65921,0,-1,0,0,0,0,0,0,0,0,0,0,27666,260,706,0,3,36241728,0,268435456,0,0,0,1309324210,-1440044374
54524,Ящик и бочка,,34364,65921,0,-1,0,0,0,0,0,0,0,0,0,0,27657,259,706,0,3,40435968,8192,268435456,0,0,0,-1321907123,1427461461
54525,Tracking Quest,,34365,0,0,-1,0,0,0,0,0,0,0,0,0,0,0,259,0,0,3,34149632,0,0,0,0,0,-1,-1
54526,Tracking Quest,,34366,0,0,-1,0,0,0,0,0,0,0,0,0,0,0,259,0,0,3,34149632,0,0,0,0,0,-1,-1
54527,Охотник на динозавров Дикобород,,34367,65921,0,-1,0,0,0,0,0,0,0,0,0,0,27671,260,706,0,3,36241728,0,268435456,0,0,0,1309324210,-1440044374
54528,Назад в глубины,,34368,67254,0,-1,0,0,0,0,0,0,0,0,0,0,28044,109,691,0,3,34144512,0,268435456,51722,0,0,1309324210,-1440044374
54531,"Все, что можно спасти",,34370,67254,0,-1,0,0,0,0,0,0,0,0,0,0,28045,109,691,0,3,34144512,0,268435456,51722,0,0,1309324210,-1440044374
54532,Редеющий лес,,34371,65921,0,-1,0,0,0,0,0,0,0,0,0,0,27678,260,706,0,3,36241728,0,268435456,0,0,0,1309324210,-1440044374
54533,Это ваше?,,34372,65921,0,-1,0,0,0,0,0,0,0,0,0,0,27682,259,706,0,3,36241664,0,268435456,0,0,0,-1321907123,1427461461
54534,Чумное прикосновение,,34373,67268,0,-1,0,0,0,0,0,0,0,0,0,0,27682,259,706,0,3,40435968,0,268435456,0,0,0,1309324210,-1440044374
54535,Хранитель порталов Ромиир,,34374,65921,0,-1,0,0,0,0,0,0,0,0,0,0,27683,260,706,0,3,36241728,0,268435456,0,0,0,1309324210,-1440044374
54536,Разжигая пламя,,34375,67254,0,-1,0,0,0,0,0,0,0,0,0,0,28046,109,691,0,3,34144512,8192,268435456,51722,0,0,1309324210,-1440044374
54537,Желчетоп,,34376,65921,0,-1,0,0,0,0,0,0,0,0,0,0,27688,260,706,0,3,36241728,0,268435456,0,0,0,-1321907123,1427461461
54538,Стычка у моста,,34377,67268,0,-1,0,0,0,0,0,0,0,0,0,0,27691,259,706,0,3,36241664,0,268435456,0,0,0,1309324210,-1440044374
54539,Стычка у моста,,34378,65921,0,-1,0,0,0,0,0,0,0,0,0,0,27691,259,706,0,3,36241664,0,268435456,0,0,0,-1321907123,1427461461
54540,Всадник рока Хелгрим,,34379,66544,0,-1,0,0,0,0,0,0,0,0,0,0,27699,135,691,0,3,37290048,0,268435456,0,0,0,-1321907123,1427461461
54541,Рыцарь-капитан Алдрин,,34380,66543,0,-1,0,0,0,0,0,0,0,0,0,0,27699,135,691,0,3,37290048,0,268435456,0,0,0,1309324210,-1440044374
54542,Жуткий призрак,,34381,66543,0,-1,0,0,0,0,0,0,0,0,0,0,27698,135,691,0,3,37290048,0,268435456,0,0,0,1309324210,-1440044374
54543,Охотник за головами Рог,,34382,66543,0,-1,0,0,0,0,0,0,0,0,0,0,27702,135,691,0,3,37290048,0,268435456,0,0,0,1309324210,-1440044374
54544,Укротитель Кама,,34383,66543,0,-1,0,0,0,0,0,0,0,0,0,0,27694,135,691,0,3,37290048,0,268435456,0,0,0,1309324210,-1440044374
54545,Нимар Душегуб,,34384,66543,0,-1,0,0,0,0,0,0,0,0,0,0,27703,135,691,0,3,37290048,0,268435456,0,0,0,1309324210,-1440044374
54546,Певица,,34385,66543,0,-1,0,0,0,0,0,0,0,0,0,0,27705,135,691,0,3,37290048,0,268435456,0,0,0,1309324210,-1440044374
54547,Дарбелла Монтроуз,,34386,66543,0,-1,0,0,0,0,0,0,0,0,0,0,27695,135,691,0,3,37290048,0,268435456,0,0,0,1309324210,-1440044374
54548,Гнилобрюх,,34387,66543,0,-1,0,0,0,0,0,0,0,0,0,0,27696,135,691,0,3,37290048,0,268435456,0,0,0,1309324210,-1440044374
54549,Коворк,,34388,66543,0,-1,0,0,0,0,0,0,0,0,0,0,27701,135,691,0,3,37290048,0,268435456,0,0,0,1309324210,-1440044374
54550,Руул Одинокий Камень,,34389,66543,0,-1,0,0,0,0,0,0,0,0,0,0,27704,135,691,0,3,37290048,0,268435456,0,0,0,1309324210,-1440044374
54551,Залас Сухокожий,,34390,66543,0,-1,0,0,0,0,0,0,0,0,0,0,27706,135,691,0,3,37290048,0,268435456,0,0,0,1309324210,-1440044374
54552,Геомант Кремненож,,34391,66543,0,-1,0,0,0,0,0,0,0,0,0,0,27697,135,691,0,3,37290048,0,268435456,0,0,0,1309324210,-1440044374
54553,Кор'греш Холодная Ярость,,34392,66543,0,-1,0,0,0,0,0,0,0,0,0,0,27700,135,691,0,3,37290048,0,268435456,0,0,0,1309324210,-1440044374
54554,Вожак наездников Скрог,,34393,65921,0,-1,0,0,0,0,0,0,0,0,0,0,27707,260,706,0,3,36241728,0,268435456,0,0,0,-1321907123,1427461461
54555,"""Осад-о-матик 9000""",,34394,65921,0,-1,0,0,0,0,0,0,0,0,0,0,27709,260,706,0,3,36241728,0,268435456,0,0,0,-1321907123,1427461461
54561,Залас Сухокожий,,34390,66544,0,-1,0,0,0,0,0,0,0,0,0,0,27706,135,691,0,3,37290048,0,268435456,0,0,0,-1321907123,1427461461
54562,Певица,,34385,66544,0,-1,0,0,0,0,0,0,0,0,0,0,27705,135,691,0,3,37290048,0,268435456,0,0,0,-1321907123,1427461461
54563,Руул Одинокий Камень,,34389,66544,0,-1,0,0,0,0,0,0,0,0,0,0,27704,135,691,0,3,37290048,0,268435456,0,0,0,-1321907123,1427461461
54564,Нимар Душегуб,,34384,66544,0,-1,0,0,0,0,0,0,0,0,0,0,27703,135,691,0,3,37290048,0,268435456,0,0,0,-1321907123,1427461461
54565,Охотник за головами Рог,,34382,66544,0,-1,0,0,0,0,0,0,0,0,0,0,27702,135,691,0,3,37290048,0,268435456,0,0,0,-1321907123,1427461461
54566,Коворк,,34388,66544,0,-1,0,0,0,0,0,0,0,0,0,0,27701,135,691,0,3,37290048,0,268435456,0,0,0,-1321907123,1427461461
54567,Кор'греш Холодная Ярость,,34392,66544,0,-1,0,0,0,0,0,0,0,0,0,0,27700,135,691,0,3,37290048,0,268435456,0,0,0,-1321907123,1427461461
54568,Древесный владыка Алдрий,,34400,66543,0,-1,0,0,0,0,0,0,0,0,0,0,27693,136,691,0,3,37289984,0,268435456,0,0,0,1309324210,-1440044374
54569,Жуткий призрак,,34381,66544,0,-1,0,0,0,0,0,0,0,0,0,0,27698,135,691,0,3,37290048,0,268435456,0,0,0,-1321907123,1427461461
54570,Геомант Кремненож,,34391,66544,0,-1,0,0,0,0,0,0,0,0,0,0,27697,135,691,0,3,37290048,0,268435456,0,0,0,-1321907123,1427461461
54571,Гнилобрюх,,34387,66544,0,-1,0,0,0,0,0,0,0,0,0,0,27696,135,691,0,3,37290048,0,268435456,0,0,0,-1321907123,1427461461
54572,Дарбелла Монтроуз,,34386,66544,0,-1,0,0,0,0,0,0,0,0,0,0,27695,135,691,0,3,37290048,0,268435456,0,0,0,-1321907123,1427461461
54573,Укротитель Кама,,34383,66544,0,-1,0,0,0,0,0,0,0,0,0,0,27694,135,691,0,3,37290048,0,268435456,0,0,0,-1321907123,1427461461
54574,Джин'таго,,34397,65921,0,-1,0,0,0,0,0,0,0,0,0,0,27710,260,706,0,3,36241728,0,268435456,0,0,0,-1321907123,1427461461
54578,Древесный владыка Алдрий,,34400,66544,0,-1,0,0,0,0,0,0,0,0,0,0,27693,136,691,0,3,37289984,0,268435456,0,0,0,-1321907123,1427461461
54583,Пылающий гигант,,34405,66543,0,-1,0,0,0,0,0,0,0,0,0,0,27711,136,691,0,3,37289984,0,268435456,0,0,0,1309324210,-1440044374
54584,Водяной гигант,,34406,66543,0,-1,0,0,0,0,0,0,0,0,0,0,27712,136,691,0,3,37289984,0,268435456,0,0,0,1309324210,-1440044374
54585,Эхо Мизраэль,,34407,66543,0,-1,0,0,0,0,0,0,0,0,0,0,27713,136,691,0,3,37289984,0,268435456,0,0,0,1309324210,-1440044374
54586,Фозрук,,34408,66543,0,-1,0,0,0,0,0,0,0,0,0,0,27714,136,691,0,3,37289984,0,268435456,0,0,0,1309324210,-1440044374
54587,Молок Сокрушитель,,34409,66543,0,-1,0,0,0,0,0,0,0,0,0,0,27715,136,691,0,3,37289984,0,268435456,0,0,0,1309324210,-1440044374
54588,Надзиратель Крикс,,34410,66543,0,-1,0,0,0,0,0,0,0,0,0,0,27716,136,691,0,3,37289984,0,268435456,0,0,0,1309324210,-1440044374
54589,Чумной сарыч,,34411,66543,0,-1,0,0,0,0,0,0,0,0,0,0,27717,136,691,0,3,37289984,0,268435456,0,0,0,1309324210,-1440044374
54590,Яроклюв,,34412,66543,0,-1,0,0,0,0,0,0,0,0,0,0,27718,136,691,0,3,37289984,0,268435456,0,0,0,1309324210,-1440044374
54591,Рокочущий гигант,,34413,66543,0,-1,0,0,0,0,0,0,0,0,0,0,27719,136,691,0,3,37289984,0,268435456,0,0,0,1309324210,-1440044374
54592,Головокуска,,34414,66543,0,-1,0,0,0,0,0,0,0,0,0,0,27720,136,691,0,3,37289984,0,268435456,0,0,0,1309324210,-1440044374
54593,Громовой гигант,,34415,66543,0,-1,0,0,0,0,0,0,0,0,0,0,27721,136,691,0,3,37289984,0,268435456,0,0,0,1309324210,-1440044374
54594,Ядомар,,34416,66543,0,-1,0,0,0,0,0,0,0,0,0,0,27722,136,691,0,3,37289984,0,268435456,0,0,0,1309324210,-1440044374
54595,Мертведица,,34417,66543,0,-1,0,0,0,0,0,0,0,0,0,0,27723,136,691,0,3,37289984,0,268435456,0,0,0,1309324210,-1440044374
54596,Мертведица,,34417,66544,0,-1,0,0,0,0,0,0,0,0,0,0,27723,136,691,0,3,37289984,0,268435456,0,0,0,-1321907123,1427461461
54597,Ядомар,,34416,66544,0,-1,0,0,0,0,0,0,0,0,0,0,27722,136,691,0,3,37289984,0,268435456,0,0,0,-1321907123,1427461461
54598,Громовой гигант,,34415,66544,0,-1,0,0,0,0,0,0,0,0,0,0,27721,136,691,0,3,37289984,0,268435456,0,0,0,-1321907123,1427461461
54599,Головокуска,,34414,66544,0,-1,0,0,0,0,0,0,0,0,0,0,27720,136,691,0,3,37289984,0,268435456,0,0,0,-1321907123,1427461461
54600,Рокочущий гигант,,34413,66544,0,-1,0,0,0,0,0,0,0,0,0,0,27719,136,691,0,3,37289984,0,268435456,0,0,0,-1321907123,1427461461
54601,Яроклюв,,34412,66544,0,-1,0,0,0,0,0,0,0,0,0,0,27718,136,691,0,3,37289984,0,268435456,0,0,0,-1321907123,1427461461
54602,Чумной сарыч,,34411,66544,0,-1,0,0,0,0,0,0,0,0,0,0,27717,136,691,0,3,37289984,0,268435456,0,0,0,-1321907123,1427461461
54603,Надзиратель Крикс,,34410,66544,0,-1,0,0,0,0,0,0,0,0,0,0,27716,136,691,0,3,37289984,0,268435456,0,0,0,-1321907123,1427461461
54604,Молок Сокрушитель,,34409,66544,0,-1,0,0,0,0,0,0,0,0,0,0,27715,136,691,0,3,37289984,0,268435456,0,0,0,-1321907123,1427461461
54605,Фозрук,,34408,66544,0,-1,0,0,0,0,0,0,0,0,0,0,27714,136,691,0,3,37289984,0,268435456,0,0,0,-1321907123,1427461461
54606,Эхо Мизраэль,,34407,66544,0,-1,0,0,0,0,0,0,0,0,0,0,27713,136,691,0,3,37289984,0,268435456,0,0,0,-1321907123,1427461461
54607,Водяной гигант,,34406,66544,0,-1,0,0,0,0,0,0,0,0,0,0,27712,136,691,0,3,37289984,0,268435456,0,0,0,-1321907123,1427461461
54608,Пылающий гигант,,34405,66544,0,-1,0,0,0,0,0,0,0,0,0,0,27711,136,691,0,3,37289984,0,268435456,0,0,0,-1321907123,1427461461
54609,Укротительница Дракара,,34418,65921,0,-1,0,0,0,0,0,0,0,0,0,0,27724,260,706,0,3,36241728,0,268435456,0,0,0,-1321907123,1427461461
54612,Кровь и пепел,,34419,67254,0,-1,0,0,0,0,0,0,0,0,0,0,28047,109,691,0,3,34144512,0,268435456,51722,0,0,1309324210,-1440044374
54613,Дважды изгои,,34420,66543,0,-1,0,0,0,0,0,0,0,0,0,0,27746,109,691,0,3,3735552,0,268435456,0,0,0,1309324210,-1440044374
54614,Экстренный экзорцизм,,34421,66543,0,-1,0,0,0,0,0,0,0,0,0,0,27747,109,691,0,3,589824,0,268435456,0,0,0,1309324210,-1440044374
54615,Лиге не победить,,34422,66543,0,-1,0,0,0,0,0,0,0,0,0,0,27745,109,691,0,3,12124160,0,268435456,0,0,0,1309324210,-1440044374
54616,Смерть клану Тяжелого Кулака!,,34423,66543,0,-1,0,0,0,0,0,0,0,0,0,0,27748,109,691,0,3,3735552,0,268435456,0,0,0,1309324210,-1440044374
54617,Грехи Синдиката,,34424,66543,0,-1,0,0,0,0,0,0,0,0,0,0,27749,109,691,0,3,3735552,0,268435456,0,0,0,1309324210,-1440044374
54619,Смерть Сухокожим!,,34425,66543,0,-1,0,0,0,0,0,0,0,0,0,0,27750,109,691,0,3,3735552,0,268435456,0,0,0,1309324210,-1440044374
54620,Смерть Осквернителям!,,34426,66544,0,-1,0,0,0,0,0,0,0,0,0,0,27745,109,691,0,3,3735552,0,268435456,0,0,0,-1321907123,1427461461
54621,Дважды изгои,,34427,66544,0,-1,0,0,0,0,0,0,0,0,0,0,27746,109,691,0,3,3735552,0,268435456,0,0,0,-1321907123,1427461461
54622,Экстренный экзорцизм,,34428,66544,0,-1,0,0,0,0,0,0,0,0,0,0,27747,109,691,0,3,589824,0,268435456,0,0,0,-1321907123,1427461461
54623,Смерть клану Тяжелого Кулака!,,34429,66544,0,-1,0,0,0,0,0,0,0,0,0,0,27748,109,691,0,3,3735552,0,268435456,0,0,0,-1321907123,1427461461
54624,Грехи Синдиката,,34430,66544,0,-1,0,0,0,0,0,0,0,0,0,0,27749,109,691,0,3,3735552,0,268435456,0,0,0,-1321907123,1427461461
54625,Смерть Сухокожим!,,34431,66544,0,-1,0,0,0,0,0,0,0,0,0,0,27750,109,691,0,3,3735552,0,268435456,0,0,0,-1321907123,1427461461
54636,Повелитель песков Содир,,34432,65921,0,-1,0,0,0,0,0,0,0,0,0,0,27726,260,706,0,3,36241728,0,268435456,0,0,0,-1321907123,1427461461
54638,Барабанный бой,,34433,65921,0,-1,0,0,0,0,0,0,0,0,0,0,27727,260,706,0,3,36241728,0,268435456,0,0,0,-1321907123,1427461461
54643,Ивзон Вечный,,34439,65921,0,-1,0,0,0,0,0,0,0,0,0,0,27730,260,706,0,3,36241728,0,268435456,0,0,0,1309324210,-1440044374
54644,Перевозка азерита,,34440,65921,0,-1,0,0,0,0,0,0,0,0,0,0,27737,260,706,0,3,36241728,0,268435456,0,0,0,1309324210,-1440044374
54645,Неистовство земли,,34441,65921,0,-1,0,0,0,0,0,0,0,0,0,0,27738,260,706,0,3,36241728,0,268435456,0,0,0,1309324210,-1440044374
54646,Главнокомандующий Фьюри,,34442,65921,0,-1,0,0,0,0,0,0,0,0,0,0,27743,260,706,0,3,36241728,0,268435456,0,0,0,1309324210,-1440044374
54647,Урон от эля,,34443,67187,0,-1,0,0,0,0,0,0,0,0,0,0,27744,259,706,0,3,36241664,0,268435456,0,0,0,-1321907123,1427461461
54648,Возвращение калдорай,,34444,67254,0,-1,0,0,0,0,0,0,0,0,0,0,28048,109,691,0,3,36241664,0,268435456,51722,0,0,1309324210,-1440044374
54649,Пламя войны,,34445,65921,0,-1,0,0,0,0,0,0,0,0,0,0,27751,260,706,0,3,36241728,0,268435456,0,0,0,1309324210,-1440044374
54650,Мак'лак,,34446,65921,0,-1,0,0,0,0,0,0,0,0,0,0,27634,260,706,0,3,36241728,0,268435456,0,0,0,-1321907123,1427461461
54662,Тайное становится явным,,34456,67187,0,-1,0,0,0,0,0,0,0,0,0,0,27754,259,706,0,3,40435968,8192,268435456,0,0,0,-1321907123,1427461461
54663,Темный охотник Вол'трис,,34457,65921,0,-1,0,0,0,0,0,0,0,0,0,0,27757,260,706,0,3,36241728,0,268435456,0,0,0,-1321907123,1427461461
54664,Перевозка азерита,,34458,67268,0,-1,0,0,0,0,0,0,0,0,0,0,27759,260,706,0,3,36241728,0,268435456,0,0,0,1309324210,-1440044374
54665,Герцогиня Песнь Павших,,34459,67187,0,-1,0,0,0,0,0,0,0,0,0,0,27760,260,706,0,3,36241728,0,268435456,0,0,0,-1321907123,1427461461
54666,Караванщик Быстрая Стрела,,34460,65921,0,-1,0,0,0,0,0,0,0,0,0,0,27758,260,706,0,3,36241728,0,268435456,0,0,0,-1321907123,1427461461
54667,Наследие руин,,34461,67252,0,-1,0,0,0,0,0,0,0,0,0,0,28036,109,691,0,3,34144512,0,268435456,51722,0,0,-1321907123,1427461461
54668,Чужая шахта,,34462,67252,0,-1,0,0,0,0,0,0,0,0,0,0,28037,109,691,0,3,34144512,0,268435456,51722,0,0,-1321907123,1427461461
54669,Опасное сочетание,,34463,67252,0,-1,0,0,0,0,0,0,0,0,0,0,28038,109,691,0,3,34144512,0,268435456,51722,0,0,-1321907123,1427461461
54671,Заросшее древо,,34464,67268,0,-1,0,0,0,0,0,0,0,0,0,0,27761,260,706,0,3,36241728,0,268435456,0,0,0,1309324210,-1440044374
54672,Сумеречные ритуалы,,34465,67252,0,-1,0,0,0,0,0,0,0,0,0,0,28039,109,691,0,3,34144512,0,268435456,51722,0,0,-1321907123,1427461461
54673,Наконечник трезубца,,34466,67252,0,-1,0,0,0,0,0,0,0,0,0,0,28040,109,691,0,3,34144512,0,268435456,51722,0,0,-1321907123,1427461461
54674,Узники клана Темной Чешуи,,34467,67252,0,-1,0,0,0,0,0,0,0,0,0,0,28041,109,691,0,3,34144512,0,268435456,51722,0,0,-1321907123,1427461461
54675,Охотничий сезон,,34468,67252,0,-1,0,0,0,0,0,0,0,0,0,0,28042,109,691,0,3,34144512,0,268435456,51722,0,0,-1321907123,1427461461
54676,Кристаллы Нарассина,,34469,67252,0,-1,0,0,0,0,0,0,0,0,0,0,28043,109,691,0,3,34144512,0,268435456,51722,0,0,-1321907123,1427461461
54677,Назад в глубины,,34470,67252,0,-1,0,0,0,0,0,0,0,0,0,0,28044,109,691,0,3,34144512,0,268435456,51722,0,0,-1321907123,1427461461
54678,"Все, что можно спасти",,34471,67252,0,-1,0,0,0,0,0,0,0,0,0,0,28045,109,691,0,3,34144512,0,268435456,51722,0,0,-1321907123,1427461461
54679,Разжигая пламя,,34472,67252,0,-1,0,0,0,0,0,0,0,0,0,0,28046,109,691,0,3,34144512,8192,268435456,51722,0,0,-1321907123,1427461461
54680,Чумной мастер Герберт,,34473,65921,0,-1,0,0,0,0,0,0,0,0,0,0,27763,260,706,0,3,36241728,0,268435456,0,0,0,-1321907123,1427461461
54681,Караван с азеритом,,34474,67265,0,-1,0,0,0,0,0,0,0,0,0,0,27762,260,706,0,3,36241728,0,268435456,0,0,0,1309324210,-1440044374
54684,Чародей Квинтрил,,34476,65921,0,-1,0,0,0,0,0,0,0,0,0,0,27765,260,706,0,3,36241728,0,268435456,0,0,0,-1321907123,1427461461
54685,Железная воля,,34477,65921,0,-1,0,0,0,0,0,0,0,0,0,0,27767,259,706,0,3,36241664,0,268435456,0,0,0,1309324210,-1440044374
54686,Неотложное состояние,,34478,67265,0,-1,0,0,0,0,0,0,0,0,0,0,27768,260,706,0,3,36241728,0,268435456,0,0,0,1309324210,-1440044374
54688,Инквизитор Эрик,,34480,67265,0,-1,0,0,0,0,0,0,0,0,0,0,27772,260,706,0,3,36241728,0,268435456,0,0,0,1309324210,-1440044374
54689,Туши свет,,34481,65921,0,-1,0,0,0,0,0,0,0,0,0,0,27775,259,706,0,3,40435968,8192,268435456,0,0,0,1309324210,-1440044374
54690,Снайпер Мэддок,,34482,67265,0,-1,0,0,0,0,0,0,0,0,0,0,27774,260,706,0,3,36241728,0,268435456,0,0,0,1309324210,-1440044374
54691,Хмелевар Линь,,34483,65921,0,-1,0,0,0,0,0,0,0,0,0,0,27780,260,706,0,3,36241728,0,268435456,0,0,0,-1321907123,1427461461
54692,Магистр Кристалинн,,34484,67265,0,-1,0,0,0,0,0,0,0,0,0,0,27779,260,706,0,3,36241728,0,268435456,0,0,0,1309324210,-1440044374
54693,Птерожуть Орды,,34485,65921,0,-1,0,0,0,0,0,0,0,0,0,0,27781,260,706,0,3,36241728,0,268435456,0,0,0,-1321907123,1427461461
54694,Буревестница Морка,,34486,65921,0,-1,0,0,0,0,0,0,0,0,0,0,27786,260,706,0,3,36241728,0,268435456,0,0,0,-1321907123,1427461461
54697,Экзоскелет озаренных,,34489,67268,0,-1,0,0,0,0,0,0,0,0,0,0,27792,260,706,0,3,36241728,0,268435456,0,0,0,1309324210,-1440044374
54698,Преломить копья,,34490,67252,0,-1,0,0,0,0,0,0,0,0,0,0,28051,109,691,0,3,34144512,8192,268435456,51722,0,0,-1321907123,1427461461
54699,Гномское инженерное дело в лучших традициях,,34491,67268,0,-1,0,0,0,0,0,0,0,0,0,0,27793,260,706,0,3,36241728,0,268435456,0,0,0,1309324210,-1440044374
54700,Томас Вандергриф,,34492,67268,0,-1,0,0,0,0,0,0,0,0,0,0,27795,260,706,0,3,36241728,0,268435456,0,0,0,1309324210,-1440044374
54701,Гнев равазавра,,34493,65921,0,-1,0,0,0,0,0,0,0,0,0,0,27811,259,706,0,3,36241664,0,268435456,0,0,0,1309324210,-1440044374
54707,Осадотрон,,34498,67268,0,-1,0,0,0,0,0,0,0,0,0,0,27796,260,706,0,3,36241728,0,268435456,0,0,0,1309324210,-1440044374
54711,Зилли Вандерключ и Гриззвальд,,34502,67265,0,-1,0,0,0,0,0,0,0,0,0,0,27798,260,706,0,3,36241728,0,268435456,0,0,0,1309324210,-1440044374
54712,Ингредиенты для чар,,34503,65921,0,-1,0,0,0,0,0,0,0,0,0,0,27811,259,706,0,3,36241664,0,268435456,0,0,0,-1321907123,1427461461
54714,Tracking Quest,,34505,0,0,-1,0,0,0,0,0,0,0,0,0,0,0,0,0,0,3,33621256,0,0,0,0,0,-1,-1
54715,Tracking Quest,,34506,0,0,-1,0,0,0,0,0,0,0,0,0,0,0,0,0,0,3,33621256,0,0,0,0,0,-1,-1
54716,Tracking Quest,,34507,0,0,-1,0,0,0,0,0,0,0,0,0,0,0,0,0,0,3,33621256,0,0,0,0,0,-1,-1
54717,Tracking Quest,,34508,0,0,-1,0,0,0,0,0,0,0,0,0,0,0,0,0,0,3,33621256,0,0,0,0,0,-1,-1
54718,Tracking Quest,,34509,0,0,-1,0,0,0,0,0,0,0,0,0,0,0,0,0,0,3,33621256,0,0,0,0,0,-1,-1
54719,Воргены в руднике,,34510,67254,0,-1,0,0,0,0,0,0,0,0,0,0,28049,109,691,0,3,34144512,0,268435456,51722,0,0,1309324210,-1440044374
54720,Tracking Quest,,34511,0,0,-1,0,0,0,0,0,0,0,0,0,0,0,0,0,0,3,33621256,0,0,0,0,0,-1,-1
54722,Новый поворот событий,,34513,67254,0,-1,0,0,0,0,0,0,0,0,0,0,28050,109,691,0,3,36241664,0,268435456,51722,0,0,1309324210,-1440044374
54724,Конец Чернолесья,,34515,67254,0,-1,0,0,0,0,0,0,0,0,0,0,28051,109,691,0,3,34144512,0,268435456,51722,0,0,1309324210,-1440044374
54736,Осквернение огня,,34527,9484,0,-1,0,0,0,0,0,0,0,0,0,0,0,0,394,0,0,0,0,512,0,0,0,1309324210,-1440044374
54737,Поклонение огню,,34528,9484,0,-1,0,0,0,0,0,0,0,0,0,0,0,0,394,0,0,0,0,512,0,0,0,-1321907123,1427461461
54739,Осквернение огня,,34530,9484,0,-1,0,0,0,0,0,0,0,0,0,0,0,0,394,0,0,0,0,512,0,0,0,1309324210,-1440044374
54741,Поклонение огню,,34532,9484,0,-1,0,0,0,0,0,0,0,0,0,0,0,0,394,0,0,0,0,512,0,0,0,-1321907123,1427461461
54742,Осквернение огня,,34533,9484,0,-1,0,0,0,0,0,0,0,0,0,0,0,0,394,0,0,0,0,512,0,0,0,1309324210,-1440044374
54743,Поклонение огню,,34534,9484,0,-1,0,0,0,0,0,0,0,0,0,0,0,0,394,0,0,0,0,512,0,0,0,-1321907123,1427461461
54744,Осквернение огня,,34535,9484,0,-1,0,0,0,0,0,0,0,0,0,0,0,0,394,0,0,0,0,512,0,0,0,-1321907123,1427461461
54745,Поклонение огню,,34536,9484,0,-1,0,0,0,0,0,0,0,0,0,0,0,0,394,0,0,0,0,512,0,0,0,1309324210,-1440044374
54746,Осквернение огня,,34537,9484,0,-1,0,0,0,0,0,0,0,0,0,0,0,0,394,0,0,0,0,512,0,0,0,-1321907123,1427461461
54747,Поклонение огню,,34538,9484,0,-1,0,0,0,0,0,0,0,0,0,0,0,0,394,0,0,0,0,512,0,0,0,1309324210,-1440044374
54749,Осквернение огня,,34540,9484,0,-1,0,0,0,0,0,0,0,0,0,0,0,0,394,0,0,0,0,512,0,0,0,-1321907123,1427461461
54750,Поклонение огню,,34541,9484,0,-1,0,0,0,0,0,0,0,0,0,0,0,0,394,0,0,0,0,512,0,0,0,1309324210,-1440044374
54769,Tracking Quest,,34558,0,0,-1,0,0,0,0,0,0,0,0,0,0,0,0,0,0,3,33621256,0,0,0,0,0,-1,-1
54771,Tracking Quest,,34560,0,0,-1,0,0,0,0,0,0,0,0,0,0,0,0,0,0,3,33621256,0,0,0,0,0,-1,-1
54772,Tracking Quest,,34561,0,0,-1,0,0,0,0,0,0,0,0,0,0,0,0,0,0,3,33621256,0,0,0,0,0,-1,-1
54773,Tracking Quest,,34562,0,0,-1,0,0,0,0,0,0,0,0,0,0,0,0,0,0,3,33621256,0,0,0,0,0,-1,-1
54774,Tracking Quest,,34563,0,0,-1,0,0,0,0,0,0,0,0,0,0,0,0,0,0,3,33621256,0,0,0,0,0,-1,-1
54775,Tracking Quest,,34564,0,0,-1,0,0,0,0,0,0,0,0,0,0,0,0,0,0,3,33621256,0,0,0,0,0,-1,-1
54776,Tracking Quest,,34565,0,0,-1,0,0,0,0,0,0,0,0,0,0,0,0,0,0,3,33621256,0,0,0,0,0,-1,-1
54777,Tracking Quest,,34566,0,0,-1,0,0,0,0,0,0,0,0,0,0,0,0,0,0,3,35718408,0,0,0,0,0,-1,-1
54778,Tracking Quest,,34567,0,0,-1,0,0,0,0,0,0,0,0,0,0,0,0,0,0,3,35718408,0,0,0,0,0,-1,-1
54779,Tracking Quest,,34568,0,0,-1,0,0,0,0,0,0,0,0,0,0,0,0,0,0,3,33621256,0,0,0,0,0,-1,-1
54780,Tracking Quest,,34569,0,0,-1,0,0,0,0,0,0,0,0,0,0,0,0,0,0,3,33621256,0,0,0,0,0,-1,-1
54781,Что на обед?,,34570,147656,0,-1,65536,0,0,0,0,0,0,0,0,0,0,0,4311,0,2,39846144,8192,268435976,91931,0,0,-1,-1
54782,Tracking Quest,,34571,0,0,-1,0,0,0,0,0,0,0,0,0,0,0,0,0,0,3,33621256,0,0,0,0,0,1309324210,-1440044374
54784,Освобождение Чернолесья,,34574,67252,0,-1,0,0,0,0,0,0,0,0,0,0,28047,109,691,0,3,34144512,8192,268435456,51722,0,0,-1321907123,1427461461
54786,Остановить поставки,,34576,67034,0,-1,0,0,0,0,0,0,0,0,0,0,27919,259,706,0,3,40435968,8192,268435456,0,0,0,-1321907123,1427461461
54788,Гидрат,,34578,67254,0,-1,0,0,0,0,0,0,0,0,0,0,27924,136,691,0,3,37290240,0,268435456,51722,0,0,1309324210,-1440044374
54789,Циклар,,34579,67254,0,-1,0,0,0,0,0,0,0,0,0,0,27925,136,691,0,3,37290240,0,268435456,51722,0,0,1309324210,-1440044374
54790,Воспламос,,34580,67254,0,-1,0,0,0,0,0,0,0,0,0,0,27926,136,691,0,3,37290240,0,268435456,51722,0,0,1309324210,-1440044374
54791,Гранокк,,34581,67254,0,-1,0,0,0,0,0,0,0,0,0,0,27927,136,691,0,3,37290240,0,268435456,51722,0,0,1309324210,-1440044374
54792,Ону,,34582,67254,0,-1,0,0,0,0,0,0,0,0,0,0,27928,136,691,0,3,37290240,0,268435456,51722,0,0,1309324210,-1440044374
54793,Атрикус Нарассин,,34583,67254,0,-1,0,0,0,0,0,0,0,0,0,0,27929,136,691,0,3,37290240,0,268435456,51722,0,0,1309324210,-1440044374
54794,Соггот Скользящий,,34584,67254,0,-1,0,0,0,0,0,0,0,0,0,0,27930,136,691,0,3,37290240,0,268435456,51722,0,0,1309324210,-1440044374
54795,Аман,,34585,67254,0,-1,0,0,0,0,0,0,0,0,0,0,27931,136,691,0,3,37290240,0,268435456,51722,0,0,1309324210,-1440044374
54796,Расколокол,,34586,67254,0,-1,0,0,0,0,0,0,0,0,0,0,27932,136,691,0,3,37290240,0,268435456,51722,0,0,1309324210,-1440044374
54797,Алаш'анир,,34587,67254,0,-1,0,0,0,0,0,0,0,0,0,0,27933,136,691,0,3,37290240,0,268435456,51722,0,0,1309324210,-1440044374
54798,Бешеное Перо,,34588,67254,0,-1,0,0,0,0,0,0,0,0,0,0,27935,135,691,0,3,37290304,0,268435456,51722,0,0,1309324210,-1440044374
54799,Грен Деримех,,34589,67254,0,-1,0,0,0,0,0,0,0,0,0,0,27936,135,691,0,3,37290304,0,268435456,51722,0,0,1309324210,-1440044374
54800,Сумеречный пророк Грэм,,34590,67254,0,-1,0,0,0,0,0,0,0,0,0,0,27937,135,691,0,3,37290304,0,268435456,51722,0,0,1309324210,-1440044374
54801,Камнемаг Ссра'весс,,34591,67254,0,-1,0,0,0,0,0,0,0,0,0,0,27938,135,691,0,3,37290304,0,268435456,51722,0,0,1309324210,-1440044374
54802,Мрггр'марр,,34592,67254,0,-1,0,0,0,0,0,0,0,0,0,0,27939,135,691,0,3,37290304,0,268435456,51722,0,0,1309324210,-1440044374
54803,Блескошип,,34593,67254,0,-1,0,0,0,0,0,0,0,0,0,0,27940,135,691,0,3,37290304,0,268435456,51722,0,0,1309324210,-1440044374
54804,Глрглрр,,34594,67254,0,-1,0,0,0,0,0,0,0,0,0,0,27941,135,691,0,3,37290304,0,268435456,51722,0,0,1309324210,-1440044374
54805,Нагазавр,,34595,67254,0,-1,0,0,0,0,0,0,0,0,0,0,27942,135,691,0,3,37290304,0,268435456,51722,0,0,1309324210,-1440044374
54806,Командир Рал'эш,,34596,67254,0,-1,0,0,0,0,0,0,0,0,0,0,27943,135,691,0,3,37290304,0,268435456,51722,0,0,1309324210,-1440044374
54807,Сапер Одетта,,34597,67254,0,-1,0,0,0,0,0,0,0,0,0,0,27944,135,691,0,3,37290304,0,268435456,51722,0,0,1309324210,-1440044374
54808,Телар Лунная Заря,,34598,67254,0,-1,0,0,0,0,0,0,0,0,0,0,27945,135,691,0,3,37290304,0,268435456,51722,0,0,1309324210,-1440044374
54809,Атилия Огненная Роса,,34599,67254,0,-1,0,0,0,0,0,0,0,0,0,0,27946,135,691,0,3,37290304,0,268435456,51722,0,0,1309324210,-1440044374
54810,Злорог,,34600,67254,0,-1,0,0,0,0,0,0,0,0,0,0,27947,135,691,0,3,37290304,0,268435456,51722,0,0,1309324210,-1440044374
54811,Чернолап,,34601,67254,0,-1,0,0,0,0,0,0,0,0,0,0,27948,135,691,0,3,37290304,0,268435456,51722,0,0,1309324210,-1440044374
54812,Тенекоготь,,34602,67254,0,-1,0,0,0,0,0,0,0,0,0,0,27949,135,691,0,3,37290304,0,268435456,51722,0,0,1309324210,-1440044374
54816,Гидрат,,34603,67252,0,-1,0,0,0,0,0,0,0,0,0,0,27924,136,691,0,3,37290240,0,268435456,51722,0,0,-1321907123,1427461461
54817,Циклар,,34604,67252,0,-1,0,0,0,0,0,0,0,0,0,0,27925,136,691,0,3,37290240,0,268435456,51722,0,0,-1321907123,1427461461
54818,Воспламос,,34605,67252,0,-1,0,0,0,0,0,0,0,0,0,0,27926,136,691,0,3,37290240,0,268435456,51722,0,0,-1321907123,1427461461
54819,Гранокк,,34606,67252,0,-1,0,0,0,0,0,0,0,0,0,0,27927,136,691,0,3,37290240,0,268435456,51722,0,0,-1321907123,1427461461
54820,Зим'кага,,34607,67252,0,-1,0,0,0,0,0,0,0,0,0,0,27928,136,691,0,3,37290240,0,268435456,51722,0,0,-1321907123,1427461461
54821,Атрикус Нарассин,,34608,67252,0,-1,0,0,0,0,0,0,0,0,0,0,27929,136,691,0,3,37290240,0,268435456,51722,0,0,-1321907123,1427461461
54822,Соггот Скользящий,,34609,67252,0,-1,0,0,0,0,0,0,0,0,0,0,27930,136,691,0,3,37290240,0,268435456,51722,0,0,-1321907123,1427461461
54823,Аман,,34610,67252,0,-1,0,0,0,0,0,0,0,0,0,0,27931,136,691,0,3,37290240,0,268435456,51722,0,0,-1321907123,1427461461
54824,Расколокол,,34611,67252,0,-1,0,0,0,0,0,0,0,0,0,0,27932,136,691,0,3,37290240,0,268435456,51722,0,0,-1321907123,1427461461
54825,Алаш'анир,,34612,67252,0,-1,0,0,0,0,0,0,0,0,0,0,27933,136,691,0,3,37290240,0,268435456,51722,0,0,-1321907123,1427461461
54826,Бешеное Перо,,34613,67252,0,-1,0,0,0,0,0,0,0,0,0,0,27935,135,691,0,3,37290304,0,268435456,51722,0,0,-1321907123,1427461461
54827,Грен Деримех,,34614,67252,0,-1,0,0,0,0,0,0,0,0,0,0,27936,135,691,0,3,37290304,0,268435456,51722,0,0,-1321907123,1427461461
54828,Сумеречный пророк Грэм,,34615,67252,0,-1,0,0,0,0,0,0,0,0,0,0,27937,135,691,0,3,37290304,0,268435456,51722,0,0,-1321907123,1427461461
54829,Камнемаг Ссра'весс,,34616,67252,0,-1,0,0,0,0,0,0,0,0,0,0,27938,135,691,0,3,37290304,0,268435456,51722,0,0,-1321907123,1427461461
54830,Мрггр'марр,,34617,67252,0,-1,0,0,0,0,0,0,0,0,0,0,27939,135,691,0,3,37290304,0,268435456,51722,0,0,-1321907123,1427461461
54831,Блескошип,,34618,67252,0,-1,0,0,0,0,0,0,0,0,0,0,27940,135,691,0,3,37290304,0,268435456,51722,0,0,-1321907123,1427461461
54832,Глрглрр,,34619,67252,0,-1,0,0,0,0,0,0,0,0,0,0,27941,135,691,0,3,37290304,0,268435456,51722,0,0,-1321907123,1427461461
54833,Нагазавр,,34620,67252,0,-1,0,0,0,0,0,0,0,0,0,0,27942,135,691,0,3,37290304,0,268435456,51722,0,0,-1321907123,1427461461
54834,Командир Рал'эш,,34621,67252,0,-1,0,0,0,0,0,0,0,0,0,0,27943,135,691,0,3,37290304,0,268435456,51722,0,0,-1321907123,1427461461
54835,Палач Мохо,,34622,67252,0,-1,0,0,0,0,0,0,0,0,0,0,27944,135,691,0,3,37290304,0,268435456,51722,0,0,-1321907123,1427461461
54836,Командир Дральд,,34623,67252,0,-1,0,0,0,0,0,0,0,0,0,0,27945,135,691,0,3,37290304,0,268435456,51722,0,0,-1321907123,1427461461
54837,"""Испепелятор V""",,34624,67252,0,-1,0,0,0,0,0,0,0,0,0,0,27946,135,691,0,3,37290304,0,268435456,51722,0,0,-1321907123,1427461461
54838,Кроз Ярость Крови,,34625,67252,0,-1,0,0,0,0,0,0,0,0,0,0,27947,135,691,0,3,37290304,0,268435456,51722,0,0,-1321907123,1427461461
54839,Что наше по праву,,34626,65921,0,-1,0,0,0,0,0,0,0,0,0,0,27950,260,706,0,3,40436032,8192,268435456,0,0,0,-1321907123,1427461461
54840,Агата Вирмвуд,,34627,67252,0,-1,0,0,0,0,0,0,0,0,0,0,27948,135,691,0,3,37290304,0,268435456,51722,0,0,-1321907123,1427461461
54841,Оруэлл Стивенсон,,34628,67252,0,-1,0,0,0,0,0,0,0,0,0,0,27949,135,691,0,3,37290304,0,268435456,51722,0,0,-1321907123,1427461461
54856,Бандиты из картеля Трюмных Вод,,34638,67252,0,-1,0,0,0,0,0,0,0,0,0,0,28049,109,691,0,3,34144512,0,268435456,51722,0,0,-1321907123,1427461461
54857,Новый поворот событий,,34639,67252,0,-1,0,0,0,0,0,0,0,0,0,0,28050,109,691,0,3,36241664,0,268435456,51722,0,0,-1321907123,1427461461
54858,Сейчас вылетит глефа,,34640,67252,0,-1,0,0,0,0,0,0,0,0,0,0,28048,109,691,0,3,40435968,0,268435456,51722,0,0,-1321907123,1427461461
54895,Ивус Трухлявый,,34676,67252,0,-1,0,0,0,0,0,0,0,0,0,0,0,112,691,0,3,37290304,0,268435456,51722,0,0,-1321907123,1427461461
54896,Ивус Лесной Властелин,,34677,67254,0,-1,0,0,0,0,0,0,0,0,0,0,0,112,691,0,3,37290304,0,268435456,51722,0,0,1309324210,-1440044374
54949,Еще больше голодных ртов,,34725,70829,0,-1,0,0,0,0,0,0,0,0,0,166905,29155,266,690,0,2,37880064,40960,268435968,0,0,0,-1321907123,1427461461
54965,Расчлененные боты,,34741,67818,0,-1,0,0,0,0,0,0,0,0,0,0,0,0,7209,0,2,36700416,32768,268435968,55736,0,0,-1,-1
55032,Цепи рабства,,34788,70829,0,-1,0,0,0,0,0,0,0,0,0,0,29156,266,690,0,2,37880064,40960,268435968,0,0,0,-1321907123,1427461461
55215,Цикл жизни,,34953,55564,0,-1,0,0,0,0,0,0,0,0,0,0,28301,152,464,0,3,-2110193408,0,268435456,0,0,0,-1,-1
55264,Каллиграфия,,34999,55564,0,-1,0,0,0,0,0,0,0,0,0,0,28332,152,464,0,3,-2110193408,0,268435456,0,0,0,-1321907123,1427461461
55300,Цикл жизни,,35018,55564,0,-1,0,0,0,0,0,0,0,0,0,0,28352,152,464,0,3,-2110193408,0,268435456,0,0,0,-1,-1
55301,Цикл жизни,,35019,55564,0,-1,0,0,0,0,0,0,0,0,0,0,28353,152,464,0,3,-2110193408,0,268435456,0,0,0,-1,-1
55302,Цикл жизни,,35020,55564,0,-1,0,0,0,0,0,0,0,0,0,0,28354,152,464,0,3,-2110193408,0,268435456,0,0,0,-1,-1
55303,Цикл жизни,,35021,55564,0,-1,0,0,0,0,0,0,0,0,0,0,28355,152,464,0,3,-2110193408,0,268435456,0,0,0,-1,-1
55304,Цикл жизни,,35022,55564,0,-1,0,0,0,0,0,0,0,0,0,0,28356,152,464,0,3,-2110193408,0,268435456,0,0,0,-1,-1
55340,Каллиграфия,,35057,55564,0,-1,0,0,0,0,0,0,0,0,0,0,28368,152,464,0,3,-2110193408,0,268435456,0,0,0,-1321907123,1427461461
55341,Каллиграфия,,35058,55564,0,-1,0,0,0,0,0,0,0,0,0,0,28369,152,464,0,3,-2110193408,0,268435456,0,0,0,-1321907123,1427461461
55342,Каллиграфия,,35059,55564,0,-1,0,0,0,0,0,0,0,0,0,0,28368,152,464,0,3,-2110193408,0,268435456,0,0,0,1309324210,-1440044374
55343,Каллиграфия,,35060,55564,0,-1,0,0,0,0,0,0,0,0,0,0,28332,152,464,0,3,-2110193408,0,268435456,0,0,0,1309324210,-1440044374
55344,Каллиграфия,,35061,55564,0,-1,0,0,0,0,0,0,0,0,0,0,28369,152,464,0,3,-2110193408,0,268435456,0,0,0,1309324210,-1440044374
55350,Нападение: наступление аматетов,Вернитесь к главнокомандующему Камзесу в Рамкахен.,35065,75566,0,-1,0,0,0,0,0,0,0,0,0,0,30233,268,703,0,3,36176128,524288,268435458,0,0,0,-1,-1
55354,Фронт: Вир'наал,,35068,77117,0,-1,0,0,0,0,0,0,0,0,0,0,31039,109,703,0,3,36241408,524288,268447744,55349,0,0,-1,-1
55355,Тренировочная площадка Клинков Света,,35069,77117,0,-1,0,0,0,0,0,0,0,0,0,0,31038,109,703,0,3,36241408,524288,268447744,55349,0,0,-1,-1
55356,Маяк Солнечного короля,,35070,77117,0,-1,0,0,0,0,0,0,0,0,0,0,31032,109,703,0,3,36241408,524288,268447744,0,0,0,-1,-1
55357,Маяк Солнечного короля,,35071,77117,0,-1,0,0,0,0,0,0,0,0,0,0,31033,109,703,0,3,36241408,524288,268447744,55349,0,0,-1,-1
55358,Маяк Солнечного короля,,35072,77117,0,-1,0,0,0,0,0,0,0,0,0,0,31034,109,703,0,3,36241408,524288,268447744,55349,0,0,-1,-1
55359,Ритуал перерождения,,35073,77117,0,-1,0,0,0,0,0,0,0,0,0,0,31035,109,703,0,3,36241408,524288,268447744,55349,0,0,-1,-1
55360,Незапечатанная гробница,,35074,77117,0,-1,0,0,0,0,0,0,0,0,0,0,31036,109,703,0,3,36241408,524288,268447744,55349,0,0,-1,-1
55361,Пропавший шаман,,35075,0,0,-1,0,0,0,0,0,0,0,0,0,0,0,0,690,0,2,38928384,8192,268435968,56350,0,0,-1321907123,1427461461
55362,Неистовство стихий,,35076,0,0,-1,0,0,0,0,0,0,0,0,0,167748,0,0,690,0,2,306315264,8192,268435968,55361,0,0,-1321907123,1427461461
55363,Спасение оракула,,35077,0,0,-1,0,0,0,0,0,0,0,0,0,0,0,0,690,0,2,39976960,8192,268435968,55361,0,0,-1321907123,1427461461
55466,Вук'лаз Землелом,,35180,75790,0,-1,0,0,0,0,0,0,0,0,0,0,30713,112,703,0,3,37290304,0,268435456,55349,0,0,-1,-1
55625,Средоточия силы,,35322,70830,0,-1,0,0,0,0,0,0,0,0,0,0,29157,266,690,0,2,37880064,40960,268435968,0,0,0,-1321907123,1427461461
55629,Vignette - Kaneb-ti,,35326,0,0,-1,0,0,0,0,0,0,0,0,0,0,0,0,0,0,3,33559552,0,0,0,0,0,-1,-1
55633,Затонувший сундук,,35330,70828,0,-1,0,0,0,0,0,0,0,0,0,0,29158,266,690,0,2,37880064,40960,268435968,0,0,0,-1321907123,1427461461
55636,Труд всей жизни,,35331,70830,0,-1,0,0,0,0,0,0,0,0,0,0,29159,266,690,0,2,39846144,40960,268435968,0,0,0,-1321907123,1427461461
55637,Бедные несчастные души,,35332,70828,0,-1,0,0,0,0,0,0,0,0,0,0,29160,266,690,0,2,37748992,40960,268435968,0,0,0,-1321907123,1427461461
55638,Вино из водорослики,,35333,71080,0,-1,0,0,0,0,0,0,0,0,0,0,29247,266,690,0,2,37749000,40960,268435968,0,0,0,1309324210,-1440044374
55640,Видение Штормграда,,35335,0,0,-1,0,0,0,0,0,0,0,0,0,0,3785,135,737,0,3,67731456,0,268435456,0,0,0,-1,-1
55659,Реликвии Раскола,,35351,70829,0,-1,0,0,0,0,0,0,0,0,0,0,29161,266,690,0,2,37748992,40960,268435968,0,0,0,-1321907123,1427461461
55661,Отрава как противоядие,,35353,71080,0,-1,0,0,0,0,0,0,0,0,0,0,29248,266,690,0,2,4325640,40960,268435968,0,0,0,1309324210,-1440044374
55662,Чародейский тайник,,35354,70829,0,-1,0,0,0,0,0,0,0,0,0,0,29162,266,690,0,2,37748992,40960,268435968,0,0,0,-1321907123,1427461461
55663,Сломанное управление,,35355,71080,0,-1,0,0,0,0,0,0,0,0,0,0,29249,266,690,0,2,37749000,40960,268435968,0,0,0,1309324210,-1440044374
55664,Деморализация противника,,35356,71082,0,-1,0,0,0,0,0,0,0,0,0,0,29250,266,690,0,2,33554696,32768,268435968,0,0,0,1309324210,-1440044374
55665,Темный сад,,35357,71081,0,-1,0,0,0,0,0,0,0,0,0,0,29251,266,690,0,2,36700424,32768,268435968,0,0,0,1309324210,-1440044374
55670,Боевой флот аматетов,,35362,77117,0,-1,0,0,0,0,0,0,0,0,0,0,31037,109,703,0,3,36241408,532480,268447744,55349,0,0,-1,-1
55681,Раскопки в песке,,35375,70828,0,-1,0,0,0,0,0,0,0,0,0,0,29163,266,690,0,2,37814528,40960,268435968,0,0,0,-1321907123,1427461461
55683,Забытые воспоминания,,35377,70830,0,-1,0,0,0,0,0,0,0,0,0,0,29164,266,690,0,2,37748992,40960,268435968,0,0,0,-1321907123,1427461461
55695,Пахнет как новенький,,35387,70583,0,-1,1,0,0,0,0,0,0,0,0,0,0,0,7209,0,2,39850240,40960,268435968,55736,54929,0,-1,-1
55701,Когти морского варана,,35393,70829,0,-1,0,0,0,0,0,0,0,0,0,0,29165,266,690,0,2,39846144,40960,268435968,0,0,0,-1321907123,1427461461
55714,Тайник Бездны,,35401,70830,0,-1,0,0,0,0,0,0,0,0,0,0,29166,266,690,0,2,37748992,40960,268435968,0,0,0,-1321907123,1427461461
55715,Чтобы на всех хватило,,35402,71081,0,-1,0,0,0,0,0,0,0,0,0,168253,29252,266,690,0,2,37749000,40960,268435968,0,0,0,1309324210,-1440044374
55716,Vignette - Uat-ka the Sun's Wrath,,35403,0,0,-1,0,0,0,0,0,0,0,0,0,0,0,0,0,0,3,33559560,0,0,0,0,0,-1,-1
55728,Укрепленный тайник,,35415,70828,0,-1,0,0,0,0,0,0,0,0,0,0,29167,266,690,0,2,37748992,40960,268435968,0,0,0,-1321907123,1427461461
55750,Разыскивается: леди Наз'жесс,,35432,70828,0,-1,0,0,0,0,0,0,0,0,0,0,29168,266,690,0,2,37748992,40960,268435968,0,0,0,-1321907123,1427461461
55751,Сердце воды,,35433,71081,0,-1,0,0,0,0,0,0,0,0,0,0,29253,266,690,0,2,33554696,32768,268435968,0,0,0,1309324210,-1440044374
55766,Ракушечная распродажа,,35448,71081,0,-1,0,0,0,0,0,0,0,0,0,0,29254,266,690,0,2,33554696,32768,268435968,0,0,0,1309324210,-1440044374
55767,Перенаправление,,35449,71081,0,-1,0,0,0,0,0,0,0,0,0,0,29255,266,690,0,2,39846152,40960,268435968,0,0,0,1309324210,-1440044374
55768,Новый вид водорослей,,35450,71080,0,-1,0,0,0,0,0,0,0,0,0,0,29256,266,690,0,2,33554696,32768,268435968,0,0,0,1309324210,-1440044374
55770,Разыскивается: командир Сарж'ет,,35452,70830,0,-1,0,0,0,0,0,0,0,0,0,0,29169,266,690,0,2,37748992,40960,268435968,0,0,0,-1321907123,1427461461
55771,Разыскивается: лорд Ха'касс,,35453,70828,0,-1,0,0,0,0,0,0,0,0,0,0,29170,266,690,0,2,37748992,40960,268435968,0,0,0,-1321907123,1427461461
55772,Разыскивается: леди Наржисс,,35454,70830,0,-1,0,0,0,0,0,0,0,0,0,0,29171,266,690,0,2,37748992,40960,268435968,0,0,0,-1321907123,1427461461
55773,Разыскивается: Глер'тьогг,,35455,70828,0,-1,0,0,0,0,0,0,0,0,0,0,29172,266,690,0,2,37748992,40960,268435968,0,0,0,-1321907123,1427461461
55774,Разыскивается: инквизитор Итриза,,35456,70830,0,-1,0,0,0,0,0,0,0,0,0,0,29173,266,690,0,2,37748992,40960,268435968,0,0,0,-1321907123,1427461461
55775,Разыскивается: Хаггронар,,35457,70829,0,-1,0,0,0,0,0,0,0,0,0,0,29174,266,690,0,2,37748992,40960,268435968,0,0,0,-1321907123,1427461461
55776,Разыскивается: Эморнет,,35458,70829,0,-1,0,0,0,0,0,0,0,0,0,0,29175,266,690,0,2,37748992,40960,268435968,0,0,0,-1321907123,1427461461
55777,Разыскивается: Браксика,,35459,70829,0,-1,0,0,0,0,0,0,0,0,0,0,29176,266,690,0,2,37748992,40960,268435968,0,0,0,-1321907123,1427461461
55813,Высокая цель,,35495,70584,0,-1,0,0,0,0,0,0,0,0,0,169279,0,0,7209,0,2,37753088,40960,268435968,55736,0,0,-1,-1
55845,Планы нападения,,35526,70828,0,-1,0,0,0,0,0,0,0,0,0,168396,29177,266,690,0,2,37748992,40960,268435968,0,0,0,-1321907123,1427461461
55846,Запретные ритуалы,,35527,70830,0,-1,0,0,0,0,0,0,0,0,0,0,29178,266,690,0,2,37748992,40960,268435968,0,0,0,-1321907123,1427461461
55871,Собираем друзей,,35552,71081,0,-1,0,0,0,0,0,0,0,0,0,168407,29257,266,690,0,2,37749000,40960,268435968,0,0,0,1309324210,-1440044374
55872,Где они прячутся,,35553,71082,0,-1,0,0,0,0,0,0,0,0,0,168432,29258,266,690,0,2,37749000,40960,268435968,0,0,0,1309324210,-1440044374
55873,Убить Критча,,35554,71080,0,-1,0,0,0,0,0,0,0,0,0,0,29259,266,690,0,2,37749000,40960,268435968,0,0,0,1309324210,-1440044374
55874,Заделать гейзеры,,35555,71082,0,-1,0,0,0,0,0,0,0,0,0,168482,29261,266,690,0,2,37749000,40960,268435968,0,0,0,1309324210,-1440044374
55875,Заделать гейзеры,,35556,71082,0,-1,0,0,0,0,0,0,0,0,0,168482,29262,266,690,0,2,37880072,40960,268435968,0,0,0,1309324210,-1440044374
55876,Заделать гейзеры,,35557,71082,0,-1,0,0,0,0,0,0,0,0,0,168482,29263,266,690,0,2,37749000,40960,268435968,0,0,0,1309324210,-1440044374
55877,Заделать гейзеры,,35558,71082,0,-1,0,0,0,0,0,0,0,0,0,168482,29264,266,690,0,2,37749000,40960,268435968,0,0,0,1309324210,-1440044374
55878,Заделать гейзеры,,35559,71082,0,-1,0,0,0,0,0,0,0,0,0,168482,29265,266,690,0,2,37880072,40960,268435968,0,0,0,1309324210,-1440044374
55883,"Парить, как скат",,35564,71081,0,-1,0,0,0,0,0,0,0,0,0,168425,29266,266,690,0,2,37749000,40960,268435968,0,0,0,1309324210,-1440044374
55884,Безумное нашествие,,35565,70076,0,-1,0,0,0,0,0,0,0,0,0,0,28750,109,690,0,3,34144512,8192,268435456,0,0,0,-1,-1
55886,Занш'ир-изверг,,35567,70076,0,-1,0,0,0,0,0,0,0,0,0,0,28754,135,690,0,3,37290240,0,268435456,0,0,0,-1,-1
55887,Защитница Алзана Громовая Стрела,,35568,70076,0,-1,0,0,0,0,0,0,0,0,0,0,28760,136,690,0,3,37290240,0,268435456,0,0,0,-1,-1
55888,Защитница Куалина Ледяное Копье,,35569,70076,0,-1,0,0,0,0,0,0,0,0,0,0,28759,136,690,0,3,37290240,0,268435456,0,0,0,-1,-1
55889,Защитник Кик'сжул Голос Глубин,,35570,70076,0,-1,0,0,0,0,0,0,0,0,0,0,28758,136,690,0,3,37290240,0,268435456,0,0,0,-1,-1
55890,Защитник Выз'олго Похититель Разума,,35571,70076,0,-1,0,0,0,0,0,0,0,0,0,0,28757,136,690,0,3,37290240,0,268435456,0,0,0,-1,-1
55891,"Защитник Алдрантисс, страж ее владений",,35572,70076,0,-1,0,0,0,0,0,0,0,0,0,0,28756,136,690,0,3,37290240,0,268435456,0,0,0,-1,-1
55892,"Защитник Эльданар, эгида ее величия",,35573,70076,0,-1,0,0,0,0,0,0,0,0,0,0,28755,136,690,0,3,37290240,0,268435456,0,0,0,-1,-1
55893,"Азанз, Скользящий Клинок",,35574,70076,0,-1,0,0,0,0,0,0,0,0,0,0,28768,135,690,0,3,37290240,0,268435456,0,0,0,-1,-1
55894,"Зоко, ее железный защитник",,35575,70076,0,-1,0,0,0,0,0,0,0,0,0,0,28767,135,690,0,3,37290240,0,268435456,0,0,0,-1,-1
55895,Ледяные ветра Жьелы,,35576,70076,0,-1,0,0,0,0,0,0,0,0,0,0,28766,135,690,0,3,37290240,0,268435456,0,0,0,-1,-1
55896,"Ундана, ледяная убийца",,35577,70076,0,-1,0,0,0,0,0,0,0,0,0,0,28765,135,690,0,3,37290240,0,268435456,0,0,0,-1,-1
55897,"Сзун, истязатель рабов",,35578,70076,0,-1,0,0,0,0,0,0,0,0,0,0,28764,135,690,0,3,37290240,0,268435456,0,0,0,-1,-1
55898,Говорящая с бурей Шалан'али,,35579,70076,0,-1,0,0,0,0,0,0,0,0,0,0,28763,135,690,0,3,37290240,0,268435456,0,0,0,-1,-1
55899,Ширакесс - астральная искательница,,35580,70076,0,-1,0,0,0,0,0,0,0,0,0,0,28762,135,690,0,3,37290240,0,268435456,0,0,0,-1,-1
55900,"Кассар, мастер темных клинков",,35581,70076,0,-1,0,0,0,0,0,0,0,0,0,0,28761,135,690,0,3,37290240,0,268435456,0,0,0,-1,-1
55901,Ржавоболтское сопротивление,,35582,70022,0,-1,131073,0,0,0,0,0,0,0,0,0,28998,109,7209,0,3,40436032,8192,268435456,56131,55623,0,-1,-1
55970,Ложное раскаяние,,35649,70076,0,-1,0,0,0,0,0,0,0,0,0,0,28843,109,690,0,3,34144512,0,268435456,0,0,0,-1,-1
55973,Эксперименты в туннелях кольчатых змеев,,35650,70076,0,-1,0,0,0,0,0,0,0,0,0,168634,28845,109,690,0,3,34144512,0,268435456,0,0,0,-1,-1
55980,Новая чешуя,,35656,71082,0,-1,0,0,0,0,0,0,0,0,0,0,29267,266,690,0,2,33554696,32768,268435968,0,0,0,1309324210,-1440044374
55982,Повелители воды,,35658,70076,0,-1,0,0,0,0,0,0,0,0,0,0,28867,109,690,0,3,34144512,0,268435456,0,0,0,-1,-1
55984,Лучшая защита,,35660,69973,0,-1,0,0,0,0,0,0,0,0,0,0,29268,266,690,0,2,38797576,40960,268435968,0,0,0,1309324210,-1440044374
55985,Блистательнее блестящих,,35661,71080,0,-1,0,0,0,0,0,0,0,0,0,0,29269,266,690,0,2,33554696,32768,268435968,0,0,0,1309324210,-1440044374
55986,Разбить пару яиц,,35662,71080,0,-1,0,0,0,0,0,0,0,0,0,0,29270,266,690,0,2,33554696,32768,268435968,0,0,0,1309324210,-1440044374
55993,Немного остроты,,35669,71080,0,-1,0,0,0,0,0,0,0,0,0,0,29271,266,690,0,2,33554696,32768,268435968,0,0,0,1309324210,-1440044374
55994,Не принимать внутрь!,,35670,70585,0,-1,131073,0,0,0,0,0,0,0,0,0,0,0,7209,0,2,40898816,40960,268435968,56328,56329,0,-1,-1
55997,Голодные-преголодные гидры,,35673,70736,0,-1,0,0,0,0,0,0,0,0,0,0,28892,109,690,0,3,38338816,0,268435456,0,0,0,-1,-1
56000,Нашествие крабов!,,35676,70829,0,-1,0,0,0,0,0,0,0,0,0,0,29179,266,690,0,2,37748992,40960,268435968,0,0,0,-1321907123,1427461461
56001,Захмелевшие злобные мурлоки,,35677,70828,0,-1,0,0,0,0,0,0,0,0,0,0,29180,266,690,0,2,37748992,40960,268435968,0,0,0,-1321907123,1427461461
56002,Мугглргл Мггурчаля,,35678,70830,0,-1,0,0,0,0,0,0,0,0,0,0,29181,266,690,0,2,37748992,40960,268435968,0,0,0,-1321907123,1427461461
56003,Сундук с руническим замком,,35679,69938,0,-1,0,0,0,0,0,0,0,0,0,0,28898,109,690,0,3,36241664,0,268435456,0,0,0,-1,-1
56006,Сундук с руническим замком,,35682,69938,0,-1,0,0,0,0,0,0,0,0,0,0,28901,109,690,0,3,36241664,0,268435456,0,0,0,-1,-1
56007,Сундук с руническим замком,,35683,69938,0,-1,0,0,0,0,0,0,0,0,0,0,28903,109,690,0,3,36241664,0,268435456,0,0,0,-1,-1
56008,Сундук с руническим замком,,35684,69938,0,-1,0,0,0,0,0,0,0,0,0,0,28899,109,690,0,3,36241664,0,268435456,0,0,0,-1,-1
56009,Сундук с руническим замком,,35685,69938,0,-1,0,0,0,0,0,0,0,0,0,0,28900,109,690,0,3,36241664,0,268435456,0,0,0,-1,-1
56010,Сундук с руническим замком,,35686,69938,0,-1,0,0,0,0,0,0,0,0,0,0,28902,109,690,0,3,36241664,0,268435456,0,0,0,-1,-1
56011,Сундук с руническим замком,,35687,69938,0,-1,0,0,0,0,0,0,0,0,0,0,28905,109,690,0,3,36241664,0,268435456,0,0,0,-1,-1
56012,Сундук с руническим замком,,35688,69938,0,-1,0,0,0,0,0,0,0,0,0,0,28909,109,690,0,3,36241664,0,268435456,0,0,0,-1,-1
56013,Сундук с руническим замком,,35689,69938,0,-1,0,0,0,0,0,0,0,0,0,0,28906,109,690,0,3,36241664,0,268435456,0,0,0,-1,-1
56014,Сундук с руническим замком,,35690,69938,0,-1,0,0,0,0,0,0,0,0,0,0,28907,109,690,0,3,36241664,0,268435456,0,0,0,-1,-1
56015,Сундук с руническим замком,,35691,69938,0,-1,0,0,0,0,0,0,0,0,0,0,28904,109,690,0,3,36241664,0,268435456,0,0,0,-1,-1
56016,Сундук с руническим замком,,35692,69938,0,-1,0,0,0,0,0,0,0,0,0,0,28908,109,690,0,3,36241664,0,268435456,0,0,0,-1,-1
56017,Сундук с руническим замком,,35693,69938,0,-1,0,0,0,0,0,0,0,0,0,0,28911,109,690,0,3,36241664,0,268435456,0,0,0,-1,-1
56018,Сундук с руническим замком,,35694,69938,0,-1,0,0,0,0,0,0,0,0,0,0,28915,109,690,0,3,36241664,0,268435456,0,0,0,-1,-1
56019,Сундук с руническим замком,,35695,69938,0,-1,0,0,0,0,0,0,0,0,0,0,28912,109,690,0,3,36241664,0,268435456,0,0,0,-1,-1
56020,Сундук с руническим замком,,35696,69938,0,-1,0,0,0,0,0,0,0,0,0,0,28913,109,690,0,3,36241664,0,268435456,0,0,0,-1,-1
56021,Сундук с руническим замком,,35697,69938,0,-1,0,0,0,0,0,0,0,0,0,0,28910,109,690,0,3,36241664,0,268435456,0,0,0,-1,-1
56022,Сундук с руническим замком,,35698,69938,0,-1,0,0,0,0,0,0,0,0,0,0,28914,109,690,0,3,36241664,0,268435456,0,0,0,-1,-1
56023,Сундук с магическим замком,,35699,69938,0,-1,0,0,0,0,0,0,0,0,0,0,28918,109,690,0,3,34144512,0,268435456,0,0,0,-1,-1
56024,Сундук с магическим замком,,35700,69938,0,-1,0,0,0,0,0,0,0,0,0,0,28917,109,690,0,3,34144512,0,268435456,0,0,0,-1,-1
56025,Сундук с магическим замком,,35701,69938,0,-1,0,0,0,0,0,0,0,0,0,0,28916,109,690,0,3,34144512,0,268435456,0,0,0,-1,-1
56032,Грязная дюжина,,35705,70076,0,-1,0,0,0,0,0,0,0,0,0,0,28939,109,690,0,3,34144512,0,268435456,0,0,0,-1,-1
56035,Самые вкусные устрицы,,35707,71081,0,-1,0,0,0,0,0,0,0,0,0,168672,29272,266,690,0,2,37880072,40960,268435968,0,0,0,1309324210,-1440044374
56036,Ситуация накаляется,,35708,70076,0,-1,0,0,0,0,0,0,0,0,0,0,28938,109,690,0,3,34144512,0,268435456,0,0,0,-1,-1
56041,Панцирь смерти,,35713,70076,0,-1,0,0,0,0,0,0,0,0,0,0,28945,109,690,0,3,38338816,0,268435456,0,0,0,-1,-1
56048,Утонувшие оракулы,,35719,70076,0,-1,0,0,0,0,0,0,0,0,0,0,28949,109,690,0,3,34144512,8192,268435456,0,0,0,-1,-1
56050,Событие PvP: битва за Назжатар,,35723,71797,0,-1,0,0,0,0,0,0,0,0,0,0,28948,113,464,0,3,622912,0,268435456,0,0,0,-1,-1
56056,Глубинный ужас,,35729,70076,0,-1,0,0,0,0,0,0,0,0,0,0,28606,112,690,0,3,34144320,0,268435456,0,0,0,-1,-1
56057,Страж душ,,35730,70076,0,-1,0,0,0,0,0,0,0,0,0,0,28610,112,690,0,3,34144320,0,268435456,0,0,0,-1,-1
56064,Нападение: Темная Империя,Вернитесь к хранителю истории Чо в Обитель Мудрости.,35737,75565,0,-1,0,0,0,0,0,0,0,0,0,0,29473,268,703,0,3,34078976,524288,268435458,0,0,0,-1,-1
56074,Проводник Бездны,,35747,77107,0,-1,0,0,0,0,0,0,0,0,0,0,31021,109,703,0,3,36241664,524288,268447744,0,0,0,-1,-1
56075,Похищенная сила,,35748,71081,0,-1,0,0,0,0,0,0,0,0,0,0,29273,266,690,0,2,37749000,40960,268435968,0,0,0,1309324210,-1440044374
56076,Ритуал глубин,,35749,77107,0,-1,0,0,0,0,0,0,0,0,0,0,31024,109,703,0,3,36241664,524288,268447744,0,0,0,-1,-1
56078,Время мурловать,,35751,70076,0,-1,0,0,0,0,0,0,0,0,0,0,28975,109,690,0,3,38338816,8192,268435456,0,0,0,-1,-1
56082,Буйство ботов,,35755,70582,0,-1,0,0,0,0,0,0,0,0,0,0,0,0,7209,0,2,40898816,40960,268435968,55736,0,0,-1321907123,1427461461
56083,Небезопасные условия работы,,35756,70582,0,-1,0,0,0,0,0,0,0,0,0,0,0,0,7209,0,2,37753088,8192,268435968,55736,0,0,1309324210,-1440044374
56090,Битва за хмелеварню Буйных Портеров,,35762,77107,0,-1,0,0,0,0,0,0,0,0,0,0,31025,109,703,0,3,36241664,524288,268447744,0,0,0,-1,-1
56099,Купель порчи,,35772,77107,0,-1,0,0,0,0,0,0,0,0,0,0,31026,109,703,0,3,36241664,524288,268447744,0,0,0,-1,-1
56121,Прыгучие медузы,,35793,70076,0,-1,0,0,0,0,0,0,0,0,0,0,28993,109,690,0,3,34144512,0,268435456,0,0,0,-1,-1
56131,Безопасность прежде всего,,35801,70252,0,-1,131073,0,0,0,0,0,0,0,0,0,28997,109,7209,0,3,40436032,8192,268435456,55736,55623,0,-1,-1
56139,Сокровища Свалки,,35809,70022,0,-1,131073,0,0,0,0,0,0,0,0,0,28874,109,7209,0,3,6881600,8256,268435456,56131,55623,0,-1,-1
56141,Безопасность прежде всего,,35811,70022,0,-1,131073,0,0,0,0,0,0,0,0,0,28999,109,7209,0,3,40436032,8192,268435456,56131,55623,0,-1,-1
56146,Вино из водорослики,,35333,70828,0,-1,0,0,0,0,0,0,0,0,0,0,29182,266,690,0,2,37748992,40960,268435968,0,0,0,-1321907123,1427461461
56149,Чтобы на всех хватило,,35819,70829,0,-1,0,0,0,0,0,0,0,0,0,168253,29184,266,690,0,2,37748992,40960,268435968,0,0,0,-1321907123,1427461461
56150,Убить Критча,,35820,70829,0,-1,0,0,0,0,0,0,0,0,0,0,29186,266,690,0,2,37748992,40960,268435968,0,0,0,-1321907123,1427461461
56151,Любимое блюдо Поэна,,35963,71081,0,-1,0,0,0,0,0,0,0,0,0,0,29274,266,690,0,2,33554696,32768,268435968,0,0,0,1309324210,-1440044374
56152,Новая чешуя,,35822,70829,0,-1,0,0,0,0,0,0,0,0,0,0,29193,266,690,0,2,37748992,40960,268435968,0,0,0,-1321907123,1427461461
56153,Самые вкусные устрицы,,35707,70828,0,-1,0,0,0,0,0,0,0,0,0,168672,29194,266,690,0,2,37880064,40960,268435968,0,0,0,-1321907123,1427461461
56154,Где они прячутся,,35824,70828,0,-1,0,0,0,0,0,0,0,0,0,168432,29185,266,690,0,2,37748992,40960,268435968,0,0,0,-1321907123,1427461461
56155,Заделать гейзеры,,35555,70830,0,-1,0,0,0,0,0,0,0,0,0,168482,29187,266,690,0,2,37748992,40960,268435968,0,0,0,-1321907123,1427461461
56156,Закаленный клинок,,35826,0,0,-1,0,0,0,0,0,0,0,0,0,0,0,0,690,0,2,40894464,8192,268435968,55363,0,0,-1321907123,1427461461
56157,Заделать гейзеры,,35556,70830,0,-1,0,0,0,0,0,0,0,0,0,168482,29188,266,690,0,2,37880064,40960,268435968,0,0,0,-1321907123,1427461461
56158,Заделать гейзеры,,35557,70830,0,-1,0,0,0,0,0,0,0,0,0,168482,29189,266,690,0,2,37748992,40960,268435968,0,0,0,-1321907123,1427461461
56159,Заделать гейзеры,,35558,70830,0,-1,0,0,0,0,0,0,0,0,0,168482,29190,266,690,0,2,37748992,40960,268435968,0,0,0,-1321907123,1427461461
56160,Заделать гейзеры,,35559,70828,0,-1,0,0,0,0,0,0,0,0,0,168482,29192,266,690,0,2,37880064,40960,268435968,0,0,0,-1321907123,1427461461
56163,Порабощенный элементаль,,35829,77107,0,-1,0,0,0,0,0,0,0,0,0,0,31027,109,703,0,3,36241664,524288,268447744,0,0,0,-1,-1
56177,Проводник Бездны,,35843,77107,0,-1,0,0,0,0,0,0,0,0,0,0,31022,109,703,0,3,36241664,524288,268447744,0,0,0,-1,-1
56178,Проводник Бездны,,35844,77107,0,-1,0,0,0,0,0,0,0,0,0,0,31023,109,703,0,3,36241664,524288,268447744,0,0,0,-1,-1
56180,Порабощенный элементаль,,35846,77107,0,-1,0,0,0,0,0,0,0,0,0,0,31028,109,703,0,3,36241664,524288,268447744,0,0,0,-1,-1
56222,Разыскивается: леди Наз'жесс,,35888,71082,0,-1,0,0,0,0,0,0,0,0,0,0,29275,266,690,0,2,37748992,40960,268435968,0,0,0,-1,-1
56223,Разыскивается: командир Сарж'ет,,35889,71080,0,-1,0,0,0,0,0,0,0,0,0,0,29276,266,690,0,2,37748992,40960,268435968,0,0,0,-1,-1
56224,Разыскивается: лорд Ха'касс,,35890,71082,0,-1,0,0,0,0,0,0,0,0,0,0,29277,266,690,0,2,37748992,40960,268435968,0,0,0,-1,-1
56225,Разыскивается: леди Наржисс,,35891,71080,0,-1,0,0,0,0,0,0,0,0,0,0,29278,266,690,0,2,37748992,40960,268435968,0,0,0,-1,-1
56226,Разыскивается: Глер'тьогг,,35892,71082,0,-1,0,0,0,0,0,0,0,0,0,0,29279,266,690,0,2,37748992,40960,268435968,0,0,0,-1,-1
56227,Разыскивается: инквизитор Итриза,,35893,71080,0,-1,0,0,0,0,0,0,0,0,0,0,29280,266,690,0,2,37748992,40960,268435968,0,0,0,-1,-1
56231,Укрепленный тайник,,35897,71082,0,-1,0,0,0,0,0,0,0,0,0,0,29281,266,690,0,2,37748992,40960,268435968,0,0,0,1309324210,-1440044374
56232,Тайник Бездны,,35898,71080,0,-1,0,0,0,0,0,0,0,0,0,0,29282,266,690,0,2,37748992,40960,268435968,0,0,0,1309324210,-1440044374
56233,Чародейский тайник,,35899,71081,0,-1,0,0,0,0,0,0,0,0,0,0,29283,266,690,0,2,37748992,40960,268435968,0,0,0,1309324210,-1440044374
56264,Нашествие крабов!,,35925,71081,0,-1,0,0,0,0,0,0,0,0,0,0,29284,266,690,0,2,37748992,40960,268435968,0,0,0,1309324210,-1440044374
56265,Захмелевшие злобные мурлоки,,35926,71081,0,-1,0,0,0,0,0,0,0,0,0,0,29285,266,690,0,2,37748992,40960,268435968,0,0,0,1309324210,-1440044374
56266,Мугглргл Мггурчаля,,35927,71080,0,-1,0,0,0,0,0,0,0,0,0,0,29287,266,690,0,2,37748992,40960,268435968,0,0,0,1309324210,-1440044374
56308,Нападение: появление акиров,Поговорите с Ариком Жалом Скорпида у обелиска Луны.,35970,75566,0,-1,0,0,0,0,0,0,0,0,0,0,29038,268,703,0,3,36176128,524288,268435458,0,0,0,-1,-1
56326,Ни гнома воронам,,35982,71222,0,-1,1,0,0,0,0,0,0,0,0,0,0,0,7209,0,2,37753088,41024,268435968,55736,0,0,-1,-1
56327,Расчлененные боты,,35983,70581,0,-1,131073,0,0,0,0,0,0,0,0,0,0,0,7209,0,2,40898816,8192,268435968,54965,56330,0,-1,-1
56328,Не принимать внутрь!,,35984,0,0,-1,0,0,0,0,0,0,0,0,0,0,0,0,7209,0,2,39846144,40960,268435968,55736,0,0,-1,-1
56330,Tracking Quest,,35986,0,0,-1,0,0,0,0,0,0,0,0,0,0,0,0,0,0,2,33559560,0,512,0,0,0,-1,-1
56334,Восстание робота,,35990,71223,0,-1,0,0,0,0,0,0,0,0,0,0,0,0,7209,0,2,37753088,40960,268435968,55736,0,0,-1,-1
56370,Разбить пару яиц,,35662,70829,0,-1,0,0,0,0,0,0,0,0,0,0,29183,266,690,0,2,37748992,40960,268435968,0,0,0,-1321907123,1427461461
56373,Кто пожрал всех пучеглазок?,,36019,71224,0,-1,0,0,0,0,0,2592,1,0,0,0,0,0,7209,0,2,39850240,40960,268435968,55736,0,0,-1,-1
56380,Ремонт,,36026,71225,0,-1,0,0,0,0,0,0,0,0,0,0,0,0,7209,0,2,39850240,40960,268435968,55736,0,0,-1,-1
56381,Принц Хвостоверт,,36027,70722,0,-1,0,0,0,0,0,0,0,0,0,0,29111,115,690,0,3,3735808,0,268435456,0,0,0,-1,-1
56382,Хрум,,36028,70722,0,-1,0,0,0,0,0,0,0,0,0,0,29112,115,690,0,3,3735808,0,268435456,0,0,0,-1,-1
56383,Тишина,,36029,70722,0,-1,0,0,0,0,0,0,0,0,0,0,29113,115,690,0,3,3735808,0,268435456,0,0,0,-1,-1
56384,Темношипый скрытень,,36030,70722,0,-1,0,0,0,0,0,0,0,0,0,0,29114,115,690,0,3,3735808,0,268435456,0,0,0,-1,-1
56385,Жемчужнопанцирный ползун,,36031,70722,0,-1,0,0,0,0,0,0,0,0,0,0,29115,115,690,0,3,3735808,0,268435456,0,0,0,-1,-1
56386,Древнее порождение Налаады,,36032,70722,0,-1,0,0,0,0,0,0,0,0,0,0,29116,115,690,0,3,3735808,0,268435456,0,0,0,-1,-1
56387,Прожорливый чешуйник,,36033,70722,0,-1,0,0,0,0,0,0,0,0,0,0,29117,115,690,0,3,3735808,0,268435456,0,0,0,-1,-1
56388,Мозгохват,,36034,70722,0,-1,0,0,0,0,0,0,0,0,0,0,29118,115,690,0,3,3735808,0,268435456,0,0,0,-1,-1
56389,Морской капустник,,36035,70722,0,-1,0,0,0,0,0,0,0,0,0,0,29119,115,690,0,3,3735808,0,268435456,0,0,0,-1,-1
56390,Вольтожор,,36036,70722,0,-1,0,0,0,0,0,0,0,0,0,0,29120,115,690,0,3,3735808,0,268435456,0,0,0,-1,-1
56391,Бешеная режезубка,,36037,70722,0,-1,0,0,0,0,0,0,0,0,0,0,29121,115,690,0,3,3735808,0,268435456,0,0,0,-1,-1
56392,Гигантская опаловая раковина,,36038,70722,0,-1,0,0,0,0,0,0,0,0,0,0,29122,115,690,0,3,3735808,0,268435456,0,0,0,-1,-1
56393,Гноможор,,36039,70723,0,-1,0,0,0,0,0,0,0,0,0,0,29123,115,7209,0,3,3735808,0,268435456,0,0,0,-1,-1
56394,Трубочих,,36040,70723,0,-1,0,0,0,0,0,0,0,0,0,0,29124,115,7209,0,3,3735808,0,268435456,0,0,0,-1,-1
56395,"Златобот ""хД""",,36041,70723,0,-1,0,0,0,0,0,0,0,0,0,0,29125,115,7209,0,3,3735808,0,268435456,0,0,0,-1,-1
56396,Скрипяк,,36042,70723,0,-1,0,0,0,0,0,0,0,0,0,0,29126,115,7209,0,3,3735808,0,268435456,0,0,0,-1,-1
56397,Микроподавитель ЕУ-9,,36043,70723,0,-1,0,0,0,0,0,0,0,0,0,0,29127,115,7209,0,3,3735808,0,268435456,0,0,0,-1,-1
56398,Изделие №35,,36044,70723,0,-1,0,0,0,0,0,0,0,0,0,0,29128,115,7209,0,3,3735808,0,268435456,0,0,0,-1,-1
56399,Изделие №6,,36045,70723,0,-1,0,0,0,0,0,0,0,0,0,0,29129,115,7209,0,3,3735808,0,268435456,0,0,0,-1,-1
56400,Изделие №17,,36046,70723,0,-1,0,0,0,0,0,0,0,0,0,0,29130,115,7209,0,3,3735808,0,268435456,0,0,0,-1,-1
56402,Монеты Скитальцев Пустыни,,36048,76114,0,-1,0,0,0,0,0,0,0,0,0,0,31209,0,703,0,2,35651720,32768,268435968,57915,0,0,-1,-1
56434,РАЗЫСКИВАЮТСЯ: Крысанчик и Турботрогг,,36064,71226,0,-1,0,0,0,0,0,0,0,0,0,0,0,1,7209,0,2,39850240,40960,268435968,55736,0,0,-1,-1
56532,"Взорви их, ""Норбит""!",,36148,71227,0,-1,0,0,0,0,0,0,0,0,0,0,0,0,7209,0,2,39850240,40960,268435968,55736,0,0,-1,-1
56550,Уборка трупов,,36166,76113,0,-1,0,0,0,0,0,0,0,0,0,174323,31208,0,703,0,2,35651720,32768,268435968,57954,0,0,-1,-1
56570,Заказ: сильный настой стремительных течений,,36179,70076,0,-1,0,0,0,0,0,2478,1,0,0,0,29350,118,464,0,3,524608,0,268435458,0,0,0,-1321907123,1427461461
56767,Заказ: сильный настой бездонных глубин,,36372,70076,0,-1,0,0,0,0,0,2478,1,0,0,0,29351,118,464,0,3,524608,0,268435458,0,0,0,-1321907123,1427461461
56768,Заказ: сильный настой силы прибоя,,36373,70076,0,-1,0,0,0,0,0,2478,1,0,0,0,29352,118,464,0,3,524608,0,268435458,0,0,0,-1321907123,1427461461
56769,Заказ: сильный настой бескрайнего горизонта,,36374,70076,0,-1,0,0,0,0,0,2478,1,0,0,0,29353,118,464,0,3,524608,0,268435458,0,0,0,-1321907123,1427461461
56770,Заказ: сильный настой стремительных течений,,36179,70076,0,-1,0,0,0,0,0,2478,1,0,0,0,29350,118,464,0,3,524608,0,268435458,0,0,0,1309324210,-1440044374
56772,Заказ: сильный настой бездонных глубин,,36372,70076,0,-1,0,0,0,0,0,2478,1,0,0,0,29351,118,464,0,3,524608,0,268435458,0,0,0,1309324210,-1440044374
56773,Заказ: сильный настой бескрайнего горизонта,,36374,70076,0,-1,0,0,0,0,0,2478,1,0,0,0,29353,118,464,0,3,524608,0,268435458,0,0,0,1309324210,-1440044374
56774,Заказ: сильный настой силы прибоя,,36373,70076,0,-1,0,0,0,0,0,2478,1,0,0,0,29352,118,464,0,3,524608,0,268435458,0,0,0,1309324210,-1440044374
56793,"Заказ: ""Биг Мех"" от Мехдолотс",,36394,70076,0,-1,0,0,0,0,0,2541,1,0,0,0,29413,131,464,0,3,524608,0,268435458,0,0,0,-1321907123,1427461461
56794,Заказ: картошка по-флотски,,36395,70076,0,-1,0,0,0,0,0,2541,1,0,0,0,29414,131,464,0,3,524608,0,268435458,0,0,0,-1321907123,1427461461
56795,Заказ: пучинские котлеты,,36396,70076,0,-1,0,0,0,0,0,2541,1,0,0,0,29415,131,464,0,3,524608,0,268435458,0,0,0,-1321907123,1427461461
56796,Заказ: ароматная какавья,,36397,70076,0,-1,0,0,0,0,0,2541,1,0,0,0,29416,131,464,0,3,524608,0,268435458,0,0,0,-1321907123,1427461461
56797,Заказ: бил'тонг,,36398,70076,0,-1,0,0,0,0,0,2541,1,0,0,0,29417,131,464,0,3,524608,0,268435458,0,0,0,-1321907123,1427461461
56798,Заказ: бил'тонг,,36398,70076,0,-1,0,0,0,0,0,2541,1,0,0,0,29417,131,464,0,3,524608,0,268435458,0,0,0,1309324210,-1440044374
56799,Заказ: ароматная какавья,,36397,70076,0,-1,0,0,0,0,0,2541,1,0,0,0,29416,131,464,0,3,524608,0,268435458,0,0,0,1309324210,-1440044374
56800,Заказ: пучинские котлеты,,36396,70076,0,-1,0,0,0,0,0,2541,1,0,0,0,29415,131,464,0,3,524608,0,268435458,0,0,0,1309324210,-1440044374
56801,Заказ: картошка по-флотски,,36395,70076,0,-1,0,0,0,0,0,2541,1,0,0,0,29414,131,464,0,3,524608,0,268435458,0,0,0,1309324210,-1440044374
56802,"Заказ: ""Биг Мех"" от Мехдолотс",,36394,70076,0,-1,0,0,0,0,0,2541,1,0,0,0,29413,131,464,0,3,524608,0,268435458,0,0,0,1309324210,-1440044374
56818,Заказ: чары для оружия – шкура наги,,36530,70076,0,-1,0,0,0,0,0,2486,1,0,0,0,29412,123,464,0,3,524608,0,268435458,0,0,0,1309324210,-1440044374
56819,Заказ: чары для оружия – океанское восстановление,,36414,70076,0,-1,0,0,0,0,0,2486,1,0,0,0,29410,123,464,0,3,524608,0,268435458,0,0,0,1309324210,-1440044374
56820,Заказ: чары для оружия – усилитель,,36415,70076,0,-1,0,0,0,0,0,2486,1,0,0,0,29411,123,464,0,3,524608,0,268435458,0,0,0,1309324210,-1440044374
56821,Заказ: чары для оружия – гениальность машиниста,,36416,70076,0,-1,0,0,0,0,0,2486,1,0,0,0,29409,123,464,0,3,524608,0,268435458,0,0,0,1309324210,-1440044374
56824,Заказ: чары для оружия – гениальность машиниста,,36416,70076,0,-1,0,0,0,0,0,2486,1,0,0,0,29409,123,464,0,3,524608,0,268435458,0,0,0,-1321907123,1427461461
56825,Заказ: чары для оружия – океанское восстановление,,36414,70076,0,-1,0,0,0,0,0,2486,1,0,0,0,29410,123,464,0,3,524608,0,268435458,0,0,0,-1321907123,1427461461
56826,Заказ: чары для оружия – усилитель,,36415,70076,0,-1,0,0,0,0,0,2486,1,0,0,0,29411,123,464,0,3,524608,0,268435458,0,0,0,-1321907123,1427461461
56827,Заказ: чары для оружия – шкура наги,,36530,70076,0,-1,0,0,0,0,0,2486,1,0,0,0,29412,123,464,0,3,524608,0,268435458,0,0,0,-1321907123,1427461461
56889,Раненые Скитальцы Пустыни,,36478,76112,0,-1,0,0,0,0,0,0,0,0,0,174326,31207,0,703,0,2,35782792,32768,268435968,57969,0,0,-1,-1
56914,Разгневанные жители,,36503,0,0,-1,0,0,0,0,0,0,0,0,0,0,0,115,464,0,3,3768576,0,268435456,0,0,0,-1,-1
56934,Обсидиановый разрушитель,,36524,5703,0,-1,0,0,0,0,0,0,0,0,0,0,29038,109,703,0,3,36241408,0,268435456,0,0,0,-1,-1
57008,Нападение: враждебные кланы,Вернитесь к буревестнику Цяню в Тихий приют.,36588,75565,0,-1,0,0,0,0,0,0,0,0,0,0,29494,268,703,0,3,34078976,524288,268435458,0,0,0,-1,-1
57023,Утяжеленная реликвия могу,,36602,77112,0,-1,0,0,0,0,0,0,0,0,0,0,31010,109,703,0,3,36241664,524288,268447744,0,0,0,-1,-1
57049,Хранилище душ,,36627,77112,0,-1,0,0,0,0,0,0,0,0,0,0,31011,109,703,0,3,36241664,524288,268447744,0,0,0,-1,-1
57085,Усиленная боевая повозка,,36663,77120,0,-1,0,0,0,0,0,0,0,0,0,0,31060,109,703,0,3,36241408,524288,268447744,0,0,0,-1,-1
57087,Уничтожитель клана Барук,,36665,77112,0,-1,0,0,0,0,0,0,0,0,0,0,31012,109,703,0,3,36241664,524288,268447744,0,0,0,-1,-1
57089,Инкубатор вил'тиков,,36667,77120,0,-1,0,0,0,0,0,0,0,0,0,0,31061,109,703,0,3,36241408,524288,268447744,0,0,0,-1,-1
57101,Клетка для змеев клана Цзань-Тень,,36679,77112,0,-1,0,0,0,0,0,0,0,0,0,0,31013,109,703,0,3,40435968,524288,268447744,0,0,0,-1,-1
57146,Прорыв порчи,,36716,77107,0,-1,0,0,0,0,0,0,0,0,0,0,31029,109,703,0,3,40435968,524288,268447744,0,0,0,-1,-1
57157,Нападение: Темная Империя,Вернитесь к верховному жрецу Амету в Рамкахен.,36725,75566,0,-1,0,0,0,0,0,0,0,0,0,0,29865,268,703,0,3,36176128,524288,268435458,0,0,0,-1,-1
57158,Грозовое усиление,,36726,77112,0,-1,0,0,0,0,0,0,0,0,0,0,31014,109,703,0,3,40435968,524288,268447744,0,0,0,-1,-1
57171,Страж Золотой Ветви,,36739,77112,0,-1,0,0,0,0,0,0,0,0,0,0,31015,109,703,0,3,40435968,524288,268447744,0,0,0,-1,-1
57177,С чистого листа,,36745,80434,0,-1,0,0,0,0,0,0,0,0,0,0,0,0,746,0,3,34144256,0,268435456,59021,0,0,-1,-1
57205,Небольшие трудности,,36773,74689,0,-1,0,0,0,0,0,0,0,0,0,0,30133,109,837,0,3,41484544,8192,268435456,0,0,0,-1,-1
57215,Машина вознесения,,36783,77117,0,-1,0,0,0,0,0,0,0,0,0,0,31040,109,703,0,3,36241408,524288,268447744,55349,0,0,-1,-1
57217,Раскопанный хранитель,,36784,77117,0,-1,0,0,0,0,0,0,0,0,0,0,31041,109,703,0,3,36241408,524288,268447744,55349,0,0,-1,-1
57218,Раскопанный хранитель,,36785,77117,0,-1,0,0,0,0,0,0,0,0,0,0,31042,109,703,0,3,36241408,524288,268447744,55349,0,0,-1,-1
57219,Раскопанный хранитель,,36786,77117,0,-1,0,0,0,0,0,0,0,0,0,0,31043,109,703,0,3,36241408,524288,268447744,55349,0,0,-1,-1
57223,Раскопанный хранитель,,36790,77117,0,-1,0,0,0,0,0,0,0,0,0,0,31044,109,703,0,3,36241408,524288,268447744,55349,0,0,-1,-1
57234,Солнечный коллектор,,36799,77117,0,-1,0,0,0,0,0,0,0,0,0,0,31045,109,703,0,3,36241408,524288,268447744,55349,0,0,-1,-1
57235,Солнечный коллектор,,36800,77117,0,-1,0,0,0,0,0,0,0,0,0,0,31046,109,703,0,3,36241408,524288,268447744,55349,0,0,-1,-1
57243,Невольничий лагерь аматетов,,36808,77117,0,-1,0,0,0,0,0,0,0,0,0,0,31047,109,703,0,3,36241408,524288,268447744,55349,0,0,-1,-1
57256,Арена Избранников бури,,36818,77112,0,-1,0,0,0,0,0,0,0,0,0,0,31016,109,703,0,3,40435968,524288,268447744,0,0,0,-1,-1
57272,Зачарованное кровью чучело,,36833,77112,0,-1,0,0,0,0,0,0,0,0,0,0,31017,109,703,0,3,40435968,524288,268447744,0,0,0,-1,-1
57277,Vignette - Muminah the Incandescent,,36838,0,0,-1,0,0,0,0,0,0,0,0,0,0,0,0,0,0,3,34149376,0,0,0,0,0,-1,-1
57287,Прорывы Бездны,,36847,77106,0,-1,0,0,0,0,0,0,0,0,0,0,30360,109,703,0,3,40435712,532480,268447744,0,0,0,-1,-1
57299,Таинственный саркофаг,,36859,77112,0,-1,0,0,0,0,0,0,0,0,0,0,31018,109,703,0,3,40435968,524288,268447744,0,0,0,-1,-1
57301,Бездушные смеси,,36861,0,0,-1,0,0,0,0,0,0,0,0,0,0,0,0,1340,0,2,40927240,8192,268435968,58431,0,0,-1,-1
57323,Сковать змея,,36875,77112,0,-1,0,0,0,0,0,0,0,0,0,0,31019,109,703,0,3,40435968,524288,268447744,0,0,0,-1,-1
57326,Выгодные образцы,,36878,71941,0,-1,0,0,0,0,0,0,0,0,0,0,0,0,7209,0,2,39850248,8192,268435968,55736,0,0,1309324210,-1440044374
57327,Образцы для вдохновения,,36877,71941,0,-1,0,0,0,0,0,0,0,0,0,0,0,0,7209,0,2,39850248,8192,268435968,55736,0,0,-1321907123,1427461461
57328,Разрушение лагеря,,36879,0,0,-1,1,0,0,0,0,0,0,0,0,0,31376,109,837,0,3,36241664,0,268435968,57559,62706,0,-1,-1
57330,Время мести,,36881,70076,0,-1,0,0,0,0,0,0,0,0,0,0,29709,109,690,0,3,34144512,0,268435456,0,0,0,-1,-1
57331,Спасательные операции,,36882,70076,0,-1,0,0,0,0,0,0,0,0,0,0,29710,109,690,0,3,34144512,0,268435456,0,0,0,-1,-1
57333,Терраса ужасов,,36884,70076,0,-1,0,0,0,0,0,0,0,0,0,0,29715,109,690,0,3,37290240,0,268435456,0,0,0,-1,-1
57334,Мурлочья пещера,,36885,70076,0,-1,0,0,0,0,0,0,0,0,0,0,29712,109,690,0,3,34144512,0,268435456,0,0,0,-1,-1
57335,Мурлочьи мытарства,,36886,70076,0,-1,0,0,0,0,0,0,0,0,0,0,29713,109,690,0,3,34144512,0,268435456,0,0,0,-1,-1
57336,Покой для призраков,,36887,70076,0,-1,0,0,0,0,0,0,0,0,0,0,29714,109,690,0,3,34144512,0,268435456,0,0,0,-1,-1
57338,Планомерное истребление,,36889,70076,0,-1,0,0,0,0,0,0,0,0,0,0,29716,109,690,0,3,34144512,0,268435456,0,0,0,-1,-1
57339,Ритуал строительства,,36890,77112,0,-1,0,0,0,0,0,0,0,0,0,0,31020,109,703,0,3,40435968,524288,268447744,0,0,0,-1,-1
57340,Деликатесы из глубинного ската,,36891,70076,0,-1,0,0,0,0,0,0,0,0,0,0,29718,109,690,0,3,34144512,0,268435456,0,0,0,-1,-1
57353,Повышенная кольчатость,,36903,70076,0,-1,0,0,0,0,0,0,0,0,0,0,29729,109,690,0,3,37290240,0,268435456,0,0,0,-1,-1
57354,Старые долги,,36904,70076,0,-1,0,0,0,0,0,0,0,0,0,0,29733,109,690,0,3,37290240,0,268435456,0,0,0,-1,-1
57359,Ритуал призыва,,36906,77106,0,-1,0,0,0,0,0,0,0,0,0,0,30361,109,703,0,3,36241408,524288,268447744,0,0,0,-1,-1
57375,Пульсирующий нарост,,36919,77107,0,-1,0,0,0,0,0,0,0,0,0,0,31030,109,703,0,3,40435968,524288,268447744,0,0,0,-1,-1
57379,Зараженная нефритовая статуя,,36923,77107,0,-1,0,0,0,0,0,0,0,0,0,0,31031,109,703,0,3,40435968,524288,268447744,0,0,0,-1,-1
57384,Регенерирующее чудовище,,36928,77120,0,-1,0,0,0,0,0,0,0,0,0,0,31062,109,703,0,3,36241408,524288,268447744,0,0,0,-1,-1
57404,Улей опустошителей,,36948,77120,0,-1,0,0,0,0,0,0,0,0,0,0,31063,109,703,0,3,36241408,524288,268447744,0,0,0,-1,-1
57429,Погребальный костер бесформенного чудовища,,36973,77106,0,-1,0,0,0,0,0,0,0,0,0,0,30991,109,703,0,3,36241408,524288,268447744,0,0,0,-1,-1
57443,Грязная работенка: обрушение,,36987,0,0,-1,1,0,0,0,0,0,0,0,0,0,31374,109,837,0,3,36241664,8192,268435456,57559,62706,0,-1,-1
57445,Тележка с супом-лапшой Чиня,,36989,77120,0,-1,0,0,0,0,0,0,0,0,0,0,31064,109,703,0,3,36241408,524288,268447744,0,0,0,-1,-1
57449,Палач Н'Зота,,36993,77106,0,-1,0,0,0,0,0,0,0,0,0,0,30992,109,703,0,3,36241408,524288,268447744,0,0,0,-1,-1
57453,Призыватель роя,,36996,77120,0,-1,0,0,0,0,0,0,0,0,0,0,31065,109,703,0,3,36241408,524288,268447744,0,0,0,-1,-1
57456,Поглотитель душ,,36999,77106,0,-1,0,0,0,0,0,0,0,0,0,0,30993,109,703,0,3,36241408,524288,268447744,0,0,0,-1,-1
57465,Грязная работенка: обработка дерева,,37008,0,0,-1,1,0,0,0,0,0,0,0,0,0,31375,109,837,0,3,36241664,8192,268435456,57559,62706,0,-1,-1
57476,Место кормления вил'тиков,,37017,77120,0,-1,0,0,0,0,0,0,0,0,0,0,31066,109,703,0,3,36241408,524288,268447744,0,0,0,-1,-1
57484,Ритуал пробуждения,,37024,77120,0,-1,0,0,0,0,0,0,0,0,0,0,31067,109,703,0,3,36241408,524288,268447744,0,0,0,-1,-1
57508,Боевое знамя зара'тиков,,37041,77120,0,-1,0,0,0,0,0,0,0,0,0,0,31068,109,703,0,3,36241408,524288,268447744,0,0,0,-1,-1
57510,Темный лорд Тараксис,,37043,0,0,-1,0,0,0,0,0,0,0,0,0,0,0,0,742,0,3,34148672,0,268439552,0,0,0,-1,-1
57517,Призыватель роя,,37050,77120,0,-1,0,0,0,0,0,0,0,0,0,0,31069,109,703,0,3,36241408,524288,268447744,0,0,0,-1,-1
57519,Призыватель роя,,37053,77120,0,-1,0,0,0,0,0,0,0,0,0,0,31070,109,703,0,3,36241408,524288,268447744,0,0,0,-1,-1
57521,Усиленная боевая повозка,,37055,77120,0,-1,0,0,0,0,0,0,0,0,0,0,31071,109,703,0,3,36241408,524288,268447744,0,0,0,-1,-1
57522,Зов Бездны,,37056,77106,0,-1,0,0,0,0,0,0,0,0,0,0,30994,109,703,0,3,40435712,532480,268447744,0,0,0,-1,-1
57540,Инкубатор куньчунов,,37074,77120,0,-1,0,0,0,0,0,0,0,0,0,0,31072,109,703,0,3,36241408,524288,268447744,0,0,0,-1,-1
57541,Зов Бездны,,37075,77106,0,-1,0,0,0,0,0,0,0,0,0,0,30995,109,703,0,3,40435712,532480,268447744,0,0,0,-1,-1
57542,Призыватель роя,,37076,77120,0,-1,0,0,0,0,0,0,0,0,0,0,31073,109,703,0,3,36241408,524288,268447744,0,0,0,-1,-1
57543,Палач Н'Зота,,37077,77106,0,-1,0,0,0,0,0,0,0,0,0,0,30996,109,703,0,3,36241408,524288,268447744,0,0,0,-1,-1
57556,Утроба – еженедельные сокровища,,37090,5703,0,-1,0,0,0,0,0,0,0,0,0,0,0,109,742,0,3,33024,0,268435456,0,0,0,-1,-1
57558,Инкубатор вил'тиков,,37091,77120,0,-1,0,0,0,0,0,0,0,0,0,0,31074,109,703,0,3,36241408,524288,268447744,0,0,0,-1,-1
57580,Палач Н'Зота,,37113,77106,0,-1,0,0,0,0,0,0,0,0,0,0,30997,109,703,0,3,36241408,524288,268447744,0,0,0,-1,-1
57582,Палач Н'Зота,,37114,77106,0,-1,0,0,0,0,0,0,0,0,0,0,30998,109,703,0,3,36241408,524288,268447744,0,0,0,-1,-1
57585,Зов Бездны,,37117,77106,0,-1,0,0,0,0,0,0,0,0,0,0,30999,109,703,0,3,40435712,532480,268447744,0,0,0,-1,-1
57586,Поглотитель душ,,37118,77106,0,-1,0,0,0,0,0,0,0,0,0,0,31000,109,703,0,3,36241408,524288,268447744,0,0,0,-1,-1
57587,Поглотитель душ,,37119,77106,0,-1,0,0,0,0,0,0,0,0,0,0,31001,109,703,0,3,36241408,524288,268447744,0,0,0,-1,-1
57588,Поглотитель душ,,37120,77106,0,-1,0,0,0,0,0,0,0,0,0,0,31002,109,703,0,3,36241408,524288,268447744,0,0,0,-1,-1
57589,Поглотитель душ,,37121,77106,0,-1,0,0,0,0,0,0,0,0,0,0,31003,109,703,0,3,36241408,524288,268447744,0,0,0,-1,-1
57590,Поглотитель душ,,37122,77106,0,-1,0,0,0,0,0,0,0,0,0,0,31004,109,703,0,3,36241408,524288,268447744,0,0,0,-1,-1
57591,Поглотитель душ,,37123,77106,0,-1,0,0,0,0,0,0,0,0,0,0,31005,109,703,0,3,36241408,524288,268447744,0,0,0,-1,-1
57592,Палач Н'Зота,,37124,77106,0,-1,0,0,0,0,0,0,0,0,0,0,31006,109,703,0,3,36241408,524288,268447744,0,0,0,-1,-1
57620,Ритуал призыва,,37150,77106,0,-1,0,0,0,0,0,0,0,0,0,0,30379,109,703,0,3,36241408,524288,268447744,0,0,0,-1,-1
57621,Ритуал призыва,,37151,77106,0,-1,0,0,0,0,0,0,0,0,0,0,30380,109,703,0,3,36241408,524288,268447744,0,0,0,-1,-1
57650,Хороший враг – мертвый враг,,37184,88288,0,-1,0,0,0,0,0,0,0,0,0,0,30516,109,837,0,3,40435968,8192,268435456,0,0,0,-1,-1
57718,Каменные узы,,37253,75058,0,-1,0,0,0,0,0,0,0,0,0,0,31187,0,703,0,2,35651720,32768,268435968,0,0,0,-1,-1
57720,Защитники могу,,37255,75059,0,-1,0,0,0,0,0,0,0,0,0,0,31188,0,703,0,2,35651720,32768,268435968,0,0,0,-1,-1
57721,Трофеи войны,,37256,75060,0,-1,0,0,0,0,0,0,0,0,0,0,31190,0,703,0,2,35651720,32768,268435968,0,0,0,-1,-1
57728,Нападение: нескончаемый рой,Вернитесь к Таоши в Тихий приют.,37261,75565,0,-1,0,0,0,0,0,0,0,0,0,0,30231,268,703,0,3,34078976,524288,268435458,0,0,0,-1,-1
57737,Спасение рамкахенов,,37268,74880,0,-1,0,0,0,0,0,0,0,0,0,0,31205,0,703,0,2,35651720,32768,268435968,0,0,0,-1,-1
57773,Бездна отчаяния,,37302,74878,0,-1,0,0,0,0,0,0,0,0,0,0,31203,0,703,0,2,35651720,32768,268435968,0,0,0,-1,-1
57774,Девять жизней,,37303,74879,0,-1,0,0,0,0,0,0,0,0,0,0,31204,0,703,0,2,35651720,32768,268435968,0,0,0,-1,-1
57917,[DNT] Test - JAM,,37441,0,0,-1,0,0,0,0,0,0,0,0,0,0,0,0,798,0,2,37748744,0,268436002,0,0,0,-1,-1
57968,Скитающиеся по пустыне мертвецы,,37489,76116,0,-1,0,0,0,0,0,0,0,0,0,0,31211,0,703,0,2,35651720,32768,268435968,57956,0,0,-1,-1
58010,"Больше, больше частей!",,37529,76110,0,-1,0,0,0,0,0,0,0,0,0,0,31205,0,703,0,2,39846024,32768,268435968,56576,0,0,-1,-1
58084,Силки душ,,37593,73555,0,-1,0,0,0,0,0,0,0,0,0,0,31377,109,837,0,3,40435968,8192,268435456,0,0,0,-1,-1
58123,Fai Quest [internal only],,37630,0,0,-1,0,0,0,0,0,0,0,0,0,0,0,109,798,0,3,34144256,131072,268435456,0,0,0,-1,-1
58144,Синяки и шишки,,37648,73555,0,-1,0,0,0,0,0,0,0,0,0,0,31378,109,837,0,3,36241664,0,268435456,0,0,0,-1,-1
58146,За Альянс,,37650,0,0,-1,0,0,0,0,0,0,0,0,0,0,0,0,863,0,2,39845896,8192,268435976,0,0,0,16384,0
58147,Чужак в чужой стране,,37651,0,0,-1,0,0,0,0,0,0,0,0,0,0,0,0,863,0,2,37748744,8192,268435976,58146,0,0,16384,0
58151,Прислужники Н'Зота,,37654,74480,0,-1,0,0,0,0,0,0,0,0,0,0,0,0,703,0,2,33558536,32768,268435968,0,0,0,-1,-1
58155,Рука во мраке,,37658,74481,0,-1,0,0,0,0,0,0,0,0,0,0,0,0,703,0,2,34607112,32768,268435968,0,0,0,-1,-1
58156,Победить тьму,,37659,74482,0,-1,0,0,0,0,0,0,0,0,0,0,0,0,703,0,2,34607112,32768,268435968,0,0,0,-1,-1
58167,Превентивные меры,,37670,74483,0,-1,0,0,0,0,0,0,0,0,0,0,0,0,703,0,2,33558536,32768,268435968,0,0,0,-1,-1
58168,Тьма следит за тобой,,37671,74484,0,-1,0,0,0,0,0,0,0,0,0,173810,0,0,703,0,2,33558536,32768,268435968,0,0,0,-1,-1
58207,Избавление от вредителей,,37710,74689,0,-1,0,0,0,0,0,0,0,0,0,0,30102,109,2060,0,3,40435968,8192,268435456,0,0,0,-1,-1
58216,Пожирающая пасть,,37719,77106,0,-1,0,0,0,0,0,0,0,0,0,0,30988,109,703,0,3,36241408,524288,268447744,0,0,0,-1,-1
58221,Сведение счетов,,37724,74689,0,-1,0,0,0,0,0,0,0,0,0,0,30105,109,2060,0,3,40435968,8192,268435456,0,0,0,-1,-1
58229,Ободряющий клич,,37732,74881,0,-1,0,0,0,0,0,0,0,0,0,0,31206,0,703,0,2,35651720,32768,268435968,0,0,0,-1,-1
58230,Ослепить глаза,,37733,74882,0,-1,0,0,0,0,0,0,0,0,0,0,31207,0,703,0,2,35651720,32768,268435968,0,0,0,-1,-1
58231,Мудрость безумия,,37734,74883,0,-1,0,0,0,0,0,0,0,0,0,0,31208,0,703,0,2,35651720,32768,268435968,0,0,0,-1,-1
58232,Порядок среди хаоса,,37735,74884,0,-1,0,0,0,0,0,0,0,0,0,0,31209,1,703,0,2,35651720,32768,268435968,0,0,0,-1,-1
58233,Искаженные заразители,,37736,74885,0,-1,0,0,0,0,0,0,0,0,0,0,31210,0,703,0,2,35651720,32768,268435968,0,0,0,-1,-1
58234,Сомнительные ресурсы,,37737,74886,0,-1,0,0,0,0,0,0,0,0,0,0,31211,0,703,0,2,35651720,32768,268435968,0,0,0,-1,-1
58235,Якоря Темной Империи,,37738,74887,0,-1,0,0,0,0,0,0,0,0,0,0,31212,0,703,0,2,35651720,32768,268435968,0,0,0,-1,-1
58236,Разрушение символов,,37739,74888,0,-1,0,0,0,0,0,0,0,0,0,0,31213,0,703,0,2,35651720,32768,268435968,0,0,0,-1,-1
58237,Очищение Ульдума,,37740,74889,0,-1,0,0,0,0,0,0,0,0,0,0,31214,0,703,0,2,35651720,32768,268435968,0,0,0,-1,-1
58238,Побежденные и измученные,,37741,74890,0,-1,0,0,0,0,0,0,0,0,0,0,31215,0,703,0,2,35651720,32768,268435968,0,0,0,-1,-1
58239,Уроки грабежа,,37742,74891,0,-1,0,0,0,0,0,0,0,0,0,0,31216,0,703,0,2,35651720,32768,268435968,0,0,0,-1,-1
58256,Пожирающая пасть,,37748,77106,0,-1,0,0,0,0,0,0,0,0,0,0,30987,109,703,0,3,36241408,524288,268447744,0,0,0,-1,-1
58257,Пожирающая пасть,,37749,77106,0,-1,0,0,0,0,0,0,0,0,0,0,30986,109,703,0,3,36241408,524288,268447744,0,0,0,-1,-1
58258,Пожирающая пасть,,37750,77106,0,-1,0,0,0,0,0,0,0,0,0,0,30985,109,703,0,3,36241408,524288,268447744,0,0,0,-1,-1
58268,Выгодная позиция,,37760,80768,0,-1,0,0,0,0,0,0,0,0,0,0,0,0,1334,0,2,37748744,8192,268435968,57912,0,0,-1,-1
58271,Ритуал огня Бездны,,37763,77106,0,-1,0,0,0,0,0,0,0,0,0,0,30989,109,703,0,3,36241408,524288,268447744,0,0,0,-1,-1
58275,Чудовищный призыв,,37767,77106,0,-1,0,0,0,0,0,0,0,0,0,0,30990,109,703,0,3,36241408,524288,268447744,0,0,0,-1,-1
58276,Мар'ат в огне,,37768,77106,0,-1,0,0,0,0,0,0,0,0,0,0,30984,109,703,0,3,36241408,524288,268447744,0,0,0,-1,-1
58277,Темные обманщики,,37769,74892,0,-1,0,0,0,0,0,0,0,0,0,0,31217,0,703,0,2,35651720,32768,268435968,0,0,0,-1,-1
58281,Древняя броня,,37773,74709,0,-1,0,0,0,0,0,0,0,0,0,0,31203,0,703,0,2,35651720,32768,268435968,0,0,0,-1,-1
58282,С высоты,,37774,74710,0,-1,0,0,0,0,0,0,0,0,0,0,31204,0,703,0,2,35651720,32768,268435968,0,0,0,-1,-1
58283,Слепой ведет слепца,,37775,74711,0,-1,0,0,0,0,0,0,0,0,0,0,31205,0,703,0,2,35651720,32768,268435968,0,0,0,-1,-1
58284,Указы Солнечного короля,,37776,74712,0,-1,0,0,0,0,0,0,0,0,0,0,31206,0,703,0,2,35651720,32768,268435968,0,0,0,-1,-1
58285,Раскопанные артефакты,,37777,74714,0,-1,0,0,0,0,0,0,0,0,0,0,31207,0,703,0,2,2097288,32768,268435968,0,0,0,-1,-1
58286,Вдали от дома,,37778,74715,0,-1,0,0,0,0,0,0,0,0,0,0,31208,0,703,0,2,35651720,32768,268435968,0,0,0,-1,-1
58287,Сокрушительный план,,37779,74717,0,-1,0,0,0,0,0,0,0,0,0,0,31209,0,703,0,2,35651720,32768,268435968,0,0,0,-1,-1
58288,Избранники Солнечного короля,,37780,74718,0,-1,0,0,0,0,0,0,0,0,0,0,31210,0,703,0,2,35651720,32768,268435968,0,0,0,-1,-1
58289,Секреты под охраной,,37781,74719,0,-1,0,0,0,0,0,0,0,0,0,0,31211,0,703,0,2,35651720,32768,268435968,0,0,0,-1,-1
58290,Защитники аматетов,,37782,74720,0,-1,0,0,0,0,0,0,0,0,0,0,31212,1,703,0,2,35651720,32768,268435968,0,0,0,-1,-1
58291,Браконьеры-захватчики,,37783,74721,0,-1,0,0,0,0,0,0,0,0,0,0,31213,0,703,0,2,35651720,32768,268435968,0,0,0,-1,-1
58321,Необычное ядро,,37813,74722,0,-1,0,0,0,0,0,0,0,0,0,0,31214,1,703,0,2,35651720,32768,268435968,0,0,0,-1,-1
58334,Деревня Туманного Водопада в огне,,34706,77112,0,-1,0,0,0,0,0,0,0,0,0,0,31007,109,703,0,3,36241408,524288,268447744,0,0,0,-1,-1
58367,Усиленный разрушитель,,37828,77112,0,-1,0,0,0,0,0,0,0,0,0,0,31008,109,703,0,3,36241408,524288,268447744,0,0,0,-1,-1
58370,Усиленный разрушитель,,37835,77112,0,-1,0,0,0,0,0,0,0,0,0,0,31009,109,703,0,3,36241408,524288,268447744,0,0,0,-1,-1
58420,Досадное недоразумение,,37905,74898,0,-1,0,0,0,0,0,0,0,0,0,0,31191,0,703,0,2,35651720,32768,268435968,56935,0,0,-1,-1
58422,Завоеватели не пройдут,,37907,74902,0,-1,0,0,0,0,0,0,0,0,0,0,31195,0,703,0,2,35651720,32768,268435968,56935,0,0,-1,-1
58423,Сильнейшие из них,,37908,74894,0,-1,0,0,0,0,0,0,0,0,0,0,31187,0,703,0,2,35651720,32768,268435968,56935,0,0,-1,-1
58432,Старое и потрепанное,,37917,83780,0,-1,131073,0,0,0,0,0,0,0,0,178554,0,0,2060,0,2,39878664,8192,268435968,60041,61516,0,-1,-1
58437,Части целого,,37922,89132,0,-1,0,0,0,0,0,0,0,0,0,174110,30181,109,837,0,3,40435968,8192,268435968,0,0,0,-1,-1
58438,Пожирающая пасть,,37923,77107,0,-1,0,0,0,0,0,0,0,0,0,0,30902,109,703,0,3,36241664,524288,268447744,0,0,0,-1,-1
58439,Пожирающая пасть,,37924,75565,0,-1,0,0,0,0,0,0,0,0,0,0,30903,109,703,0,3,36241664,524288,268447744,0,0,0,-1,-1
58442,Пожирающая пасть,,37927,77107,0,-1,0,0,0,0,0,0,0,0,0,0,30904,109,703,0,3,36241664,524288,268447744,0,0,0,-1,-1
58460,Маршалы безумия,,37945,74896,0,-1,0,0,0,0,0,0,0,0,0,0,31189,1,703,0,2,35651720,32768,268435968,56935,0,0,-1,-1
58461,Фолианты древнего безумия,,37946,74906,0,-1,0,0,0,0,0,0,0,0,0,0,31199,0,703,0,2,35651720,32768,268435968,56935,0,0,-1,-1
58462,Зеркало души,,37947,74901,0,-1,0,0,0,0,0,0,0,0,0,0,31194,0,703,0,2,35651720,32768,268435968,56935,0,0,-1,-1
58463,Порождения безумия,,37948,74900,0,-1,0,0,0,0,0,0,0,0,0,0,31193,0,703,0,2,35651720,32768,268435968,56935,0,0,-1,-1
58464,Уничтожение Глубинного улья,,37949,74907,0,-1,0,0,0,0,0,0,0,0,0,0,31200,0,703,0,2,33554568,32768,268435968,56935,0,0,-1,-1
58465,Воплощение порчи,,37950,74899,0,-1,0,0,0,0,0,0,0,0,0,0,31192,0,703,0,2,35651720,32768,268435968,56935,0,0,-1,-1
58466,Непостижимые муки,,37951,74903,0,-1,0,0,0,0,0,0,0,0,0,0,31196,0,703,0,2,35651720,32768,268435968,56935,0,0,-1,-1
58467,Пленники тела и разума,,37952,74904,0,-1,0,0,0,0,0,0,0,0,0,0,31197,0,703,0,2,35651720,32768,268435968,56935,0,0,-1,-1
58468,Разрастающийся мрак,,37953,74908,0,-1,0,0,0,0,0,0,0,0,0,0,31201,0,703,0,2,33554568,32768,268435968,56935,0,0,-1,-1
58469,Слезы в доле,,37954,74909,0,-1,0,0,0,0,0,0,0,0,0,0,31202,0,703,0,2,33554568,32768,268435968,56935,0,0,-1,-1
58470,Пораженные порчей диковинки,,37955,74895,0,-1,0,0,0,0,0,0,0,0,0,0,31188,0,703,0,2,35651720,32768,268435968,56935,0,0,-1,-1
58471,Агрессивное изучение,,37956,74897,0,-1,0,0,0,0,0,0,0,0,0,174197,31190,0,703,0,2,35782792,32768,268435968,56935,0,0,-1,-1
58476,Жесткий отпор,,37960,75062,0,-1,0,0,0,0,0,0,0,0,0,0,31191,0,703,0,2,35651720,32768,268435968,0,0,0,-1,-1
58477,"Кровь, грязь и кости",,37961,75061,0,-1,0,0,0,0,0,0,0,0,0,0,31193,0,703,0,2,35651720,32768,268435968,0,0,0,-1,-1
58478,Всякий камень когда-нибудь поддастся,,37962,75063,0,-1,0,0,0,0,0,0,0,0,0,0,31192,0,703,0,2,35651720,32768,268435968,0,0,0,-1,-1
58479,Сокрушение повелителей молний,,37963,75875,0,-1,0,0,0,0,0,0,0,0,0,0,31195,0,703,0,2,35651720,32768,268435968,0,0,0,-1,-1
58481,Ритуалы крови,,37965,75876,0,-1,0,0,0,0,0,0,0,0,0,0,31196,0,703,0,2,35651720,32768,268435968,0,0,0,-1,-1
58485,Созданы для падения,,37968,75877,0,-1,0,0,0,0,0,0,0,0,0,0,31197,0,703,0,2,35651720,32768,268435968,0,0,0,-1,-1
58487,Похищение у расхитителей,,37970,75874,0,-1,0,0,0,0,0,0,0,0,0,0,31189,0,703,0,2,35651720,32768,268435968,0,0,0,-1,-1
58490,Смертоносное напоминание,,37973,88288,0,-1,0,0,0,0,0,0,0,0,0,0,30515,109,837,0,3,40435968,8192,268435456,0,0,0,-1,-1
58505,Запланированное разрушение,,37987,88288,0,-1,0,0,0,0,0,0,0,0,0,0,30524,109,837,0,3,40435968,8192,268435456,0,0,0,-1,-1
58595,Столпы забвения,,38075,74905,0,-1,0,0,0,0,0,0,0,0,0,0,31198,0,703,0,2,35651720,32768,268435968,56935,0,0,-1,-1
58601,Информационная сеть,,38079,74689,0,-1,0,0,0,0,0,0,0,0,0,0,31379,109,2060,0,3,40435968,8192,268435456,0,0,0,-1,-1
58605,Ночь любительских боев,,38083,74689,0,-1,0,0,0,0,0,0,0,0,0,0,30574,111,837,0,3,41484544,8192,268435456,0,0,0,-1,-1
58609,Захват Престола,,38087,70104,0,-1,2,0,0,0,0,0,0,0,0,0,0,0,2060,0,2,39845888,8196,268435976,57878,62000,0,-1,-1
58660,Роющий ужас,,38138,77118,0,-1,0,0,0,0,0,0,0,0,0,0,31048,109,703,0,3,36241408,524288,268447744,0,0,0,-1,-1
58661,Роющий ужас,,38139,77118,0,-1,0,0,0,0,0,0,0,0,0,0,31049,109,703,0,3,36241408,524288,268447744,0,0,0,-1,-1
58662,Роющий ужас,,38140,77118,0,-1,0,0,0,0,0,0,0,0,0,0,31050,109,703,0,3,36241408,524288,268447744,0,0,0,-1,-1
58667,Залежи обсидиана,,38145,77118,0,-1,0,0,0,0,0,0,0,0,0,0,31051,109,703,0,3,36241408,524288,268447744,0,0,0,-1,-1
58676,Отключенный разрушитель,,38154,77118,0,-1,0,0,0,0,0,0,0,0,0,0,31052,109,703,0,3,36241408,524288,268447744,0,0,0,-1,-1
58679,Отключенный разрушитель,,38157,77118,0,-1,0,0,0,0,0,0,0,0,0,0,31053,109,703,0,3,36241408,524288,268447744,0,0,0,-1,-1
58705,Великая императрица Шек'зара,,38183,75790,0,-1,0,0,0,0,0,0,0,0,0,0,30186,112,703,0,3,37290304,0,268435456,56935,0,0,-1,-1
58740,Покоренные змеи,,38215,75873,0,-1,0,0,0,0,0,0,0,0,0,0,31194,1,703,0,2,35651720,32768,268435968,0,0,0,-1,-1
58741,Разрезая камень,,38216,75878,0,-1,0,0,0,0,0,0,0,0,0,0,31198,0,703,0,2,35651720,32768,268435968,0,0,0,-1,-1
58742,Ретиний Искатель,,38217,76415,0,-1,0,0,0,0,0,0,0,0,0,0,30776,115,464,0,3,3735808,0,268435456,0,0,0,-1,-1
58743,Надери ему пигидий!,,38218,76415,0,-1,0,0,0,0,0,0,0,0,0,0,30777,115,464,0,3,3735808,0,268435456,0,0,0,-1,-1
58744,"Я тот, кто шепчет",,38219,76415,0,-1,0,0,0,0,0,0,0,0,0,0,30778,115,464,0,3,3735808,0,268435456,0,0,0,-1,-1
58745,"Смотри, куда ступаешь",,38220,76415,0,-1,0,0,0,0,0,0,0,0,0,0,30779,115,464,0,3,3735808,0,268435456,0,0,0,-1,-1
58746,Миниатюрное безумие,,38221,76416,0,-1,0,0,0,0,0,0,0,0,0,0,30780,115,464,0,3,3735808,0,268435456,0,0,0,-1,-1
58747,Пощекотать мозги,,38222,76416,0,-1,0,0,0,0,0,0,0,0,0,0,30781,115,464,0,3,3735808,0,268435456,0,0,0,-1,-1
58748,Живые статуи – серьезные противники,,38223,76416,0,-1,0,0,0,0,0,0,0,0,0,0,30782,115,464,0,3,3735808,0,268435456,0,0,0,-1,-1
58749,Полет вил'тиков,,38224,76416,0,-1,0,0,0,0,0,0,0,0,0,0,30783,115,464,0,3,3735808,0,268435456,0,0,0,-1,-1
58753,"Задание на поиск ""Легкости пера""",,38228,0,0,-1,0,0,0,0,0,0,0,0,0,0,0,0,2060,0,3,33588232,0,0,0,0,0,-1,-1
58754,Защитники роя,,38229,76029,0,-1,0,0,0,0,0,0,0,0,0,0,31187,0,703,0,2,35651720,32768,268435968,0,0,0,-1,-1
58755,Спрятанные припасы,,38230,76030,0,-1,0,0,0,0,0,0,0,0,0,0,31188,0,703,0,2,35651720,32768,268435968,0,0,0,-1,-1
58756,Жуткие целители,,38231,76033,0,-1,0,0,0,0,0,0,0,0,0,0,31191,0,703,0,2,35651720,32768,268435968,0,0,0,-1,-1
58757,Испытание неиспытанного,,38232,76034,0,-1,0,0,0,0,0,0,0,0,0,0,31192,0,703,0,2,35651720,32768,268435968,0,0,0,-1,-1
58758,Буйные разрушители,,38233,76035,0,-1,0,0,0,0,0,0,0,0,0,0,31193,1,703,0,2,35651720,32768,268435968,0,0,0,-1,-1
58759,Стража императрицы,,38234,76036,0,-1,0,0,0,0,0,0,0,0,0,0,31194,1,703,0,2,35651720,32768,268435968,0,0,0,-1,-1
58760,Клинки из янтаря,,38235,76031,0,-1,0,0,0,0,0,0,0,0,0,0,31189,0,703,0,2,35651720,32768,268435968,0,0,0,-1,-1
58761,Растаптывание,,38236,76037,0,-1,0,0,0,0,0,0,0,0,0,0,31195,0,703,0,2,35651720,32768,268435968,0,0,0,-1,-1
58762,Пленники роя,,38237,76038,0,-1,0,0,0,0,0,0,0,0,0,0,31196,0,703,0,2,35651720,32768,268435968,0,0,0,-1,-1
58763,Остановить производство,,38238,76039,0,-1,0,0,0,0,0,0,0,0,0,0,31197,0,703,0,2,35651720,32768,268435968,0,0,0,-1,-1
58764,Штандарты роя,,38239,76040,0,-1,0,0,0,0,0,0,0,0,0,0,31198,0,703,0,2,34603144,32768,268435968,0,0,0,-1,-1
58765,Прорыв осады,,38240,76032,0,-1,0,0,0,0,0,0,0,0,0,0,31190,0,703,0,2,35651720,32768,268435968,0,0,0,-1,-1
58776,Трудности с инкубацией,,38250,76115,0,-1,0,0,0,0,0,0,0,0,0,0,31210,0,703,0,2,35651720,32768,268435968,0,0,0,-1,-1
58777,Топай как следует,,38251,76111,0,-1,0,0,0,0,0,0,0,0,0,0,31206,0,703,0,2,35651720,32768,268435968,0,0,0,-1,-1
58778,На голову выше,,38252,76117,0,-1,0,0,0,0,0,0,0,0,0,0,31212,1,703,0,2,35651720,32768,268435968,0,0,0,-1,-1
58779,В небеса с боем,,38253,76118,0,-1,0,0,0,0,0,0,0,0,0,0,31213,0,703,0,2,35651720,32768,268435968,0,0,0,-1,-1
58780,Вестники роя,,38254,76119,0,-1,0,0,0,0,0,0,0,0,0,0,31214,1,703,0,2,35651720,32768,268435968,0,0,0,-1,-1
58781,Кошмары из глубин,,38255,76108,0,-1,0,0,0,0,0,0,0,0,0,0,31203,0,703,0,2,35651720,32768,268435968,0,0,0,-1,-1
58782,Оставленное позади,,38256,76109,0,-1,0,0,0,0,0,0,0,0,0,0,31204,0,703,0,2,35651720,32768,268435968,0,0,0,-1,-1
58881,Tracking Quest,,38353,0,0,-1,0,0,0,0,0,0,0,0,0,0,0,265,703,0,3,34144320,0,0,0,0,0,-1,-1
58900,Надежная ставка,,38369,0,0,-1,0,0,0,0,0,0,0,0,0,0,0,0,1335,0,2,39845896,8192,268435968,59837,0,0,-1,-1
58918,Гуверат,,38387,73557,0,-1,0,0,0,0,0,0,0,0,0,0,32643,0,742,0,3,40436160,0,268439552,0,0,0,-1,-1
58952,Очищающее пламя,,38421,77118,0,-1,0,0,0,0,0,0,0,0,0,0,31054,109,703,0,3,36241408,524288,268447744,0,0,0,-1,-1
58961,Попавшие в засаду колонисты,,38430,77118,0,-1,0,0,0,0,0,0,0,0,0,0,31055,109,703,0,3,36241408,524288,268447744,0,0,0,-1,-1
58974,Попавшие в засаду колонисты,,38443,77118,0,-1,0,0,0,0,0,0,0,0,0,0,31056,109,703,0,3,36241408,524288,268447744,0,0,0,-1,-1
58975,Борьба с паразитами,,38444,0,0,-1,1,0,0,0,0,0,0,0,0,0,32072,109,2060,0,3,37290240,0,268435456,57559,62706,0,-1,-1
58981,Укрепленный улей,,38450,77118,0,-1,0,0,0,0,0,0,0,0,0,0,31057,109,703,0,3,36241408,524288,268447744,0,0,0,-1,-1
58985,Напуганная душа,,38452,21439,0,-1,0,0,0,0,0,0,0,0,0,0,0,0,742,0,3,40440128,0,268435456,0,0,0,-1,-1
58990,Колоссальное яйцо,,38457,77118,0,-1,0,0,0,0,0,0,0,0,0,0,31058,109,703,0,3,36241408,524288,268447744,0,0,0,-1,-1
58993,Защита от роя,,38460,0,0,-1,1,0,0,0,0,0,0,0,0,0,32054,109,2060,0,3,37290240,0,268435456,57559,62706,0,-1,-1
58999,Скованная душа,,38465,21439,0,-1,0,0,0,0,0,0,0,0,0,0,0,0,742,0,3,40440128,0,268439552,0,0,0,-1,-1
59003,Горючие коконы,,38469,77118,0,-1,0,0,0,0,0,0,0,0,0,0,31059,109,703,0,3,36241408,524288,268447744,0,0,0,-1,-1
59007,Колодец душ,,38473,89148,0,-1,0,0,0,0,0,0,0,0,0,0,0,0,742,0,3,40440256,0,268435456,0,0,0,-1,-1
59015,Навязчивые воспоминания,,38481,93206,0,-1,0,0,0,0,0,0,0,0,0,0,0,0,1319,0,3,34144256,0,268435456,58977,0,0,-1,-1
59067,Сфера извлечения,,38532,21439,0,-1,0,0,0,0,0,0,0,0,0,0,0,0,742,0,3,40440128,0,268435456,0,0,0,-1,-1
59183,Блуждающая скорбь,,38617,73557,0,-1,0,0,0,0,0,0,0,0,0,0,32646,0,742,0,3,40436160,0,268439552,0,0,0,-1,-1
59184,Борр-Гет,,38618,73557,0,-1,0,0,0,0,0,0,0,0,0,0,0,0,742,0,3,38342976,0,268439552,0,0,0,-1,-1
59211,Забытая деревня,,38657,88458,0,-1,0,0,0,0,0,0,0,0,0,0,0,0,746,0,3,34144256,0,268435456,60313,0,0,-1,-1
59229,Громадная гончая,,38675,73557,0,-1,0,0,0,0,0,0,0,0,0,0,0,0,742,0,3,40440128,0,268439552,0,0,0,-1,-1
59230,"Дартанос, свежеватель душ",,38676,73557,0,-1,0,0,0,0,0,0,0,0,0,0,32645,0,742,0,3,36241856,0,268439552,0,0,0,-1,-1
59234,Гремучая смесь,,38680,88288,0,-1,0,0,0,0,0,0,0,0,0,0,31106,109,837,0,3,40435968,8192,268435968,0,0,0,-1,-1
59259,Вечный мучитель,,38705,73557,0,-1,0,0,0,0,0,0,0,0,0,0,0,0,742,0,3,40440256,0,268439552,0,0,0,-1,-1
59441,Кузнец душ Йол-Маттар,,38874,73557,0,-1,0,0,0,0,0,0,0,0,0,0,32639,0,742,0,3,40436160,0,268439552,0,0,0,-1,-1
59578,Смирение и труд все перетрут,,39010,0,0,-1,1,0,0,0,0,0,0,0,0,0,31259,109,837,0,3,37290240,0,268435456,57559,62706,0,-1,-1
59581,Сила Грехопада,,39012,73555,0,-1,0,0,0,0,0,0,0,0,0,0,31227,109,837,0,3,36241664,0,268435456,0,0,0,-1,-1
59585,Претендент хоть куда,,39016,0,0,-1,1,0,0,0,0,0,0,0,0,0,31233,109,837,0,3,37290240,0,268435456,57559,62706,0,-1,-1
59598,Бальзам на душу,,39029,127305,0,-1,0,0,0,0,0,0,0,0,0,0,0,0,837,0,2,37748736,4202496,268435976,0,0,0,-1,-1
59599,Приглашение ко Двору,,39030,73555,0,-1,0,0,0,0,0,0,0,0,0,0,31236,109,837,0,3,36241664,8192,268435456,0,0,0,-1,-1
59600,Неприятности из-за гнилошипов,,39031,0,0,-1,1,0,0,0,0,0,0,0,0,0,31237,109,2060,0,3,36241664,0,268435456,57559,62706,0,-1,-1
59601,Нападение на Преддверие Вечности,,39032,87182,0,-1,1,0,0,0,0,0,0,0,0,0,31261,109,837,0,3,3735808,0,268435456,57559,62706,0,-1,-1
59603,Служба Темным Землям,,39034,87677,0,-1,0,0,0,0,0,0,0,0,0,0,0,0,837,0,2,38797312,4202496,268435976,63054,0,0,-1,-1
59609,Мертвым нет покоя,,39037,70104,0,-1,0,0,0,0,0,0,0,0,0,0,0,0,837,0,2,39845888,4202496,268435976,62848,0,0,-1,-1
59617,Камнебесы-диверсанты,,39044,88130,0,-1,0,0,0,0,0,0,0,0,0,0,31246,109,2060,0,3,36241664,8192,268435456,0,0,0,-1,-1
59642,Все средства хороши,,39068,88843,0,-1,0,0,0,0,0,0,0,0,0,0,29956,109,837,0,3,40435968,8192,268435968,0,0,0,-1,-1
59643,День гонок на тачках!,,39069,73555,0,-1,0,0,0,0,0,0,0,0,0,0,31262,109,837,0,3,40435968,8192,268435456,0,0,0,-1,-1
59658,Проявление превосходства,,39661,71941,0,-1,1,0,0,0,0,0,0,0,0,0,31397,113,837,0,3,3735808,0,268435456,57559,62706,0,-1,-1
59680,Колокол ярости Весифоны,,39122,87248,0,-1,1,0,0,0,0,0,0,0,0,0,31274,109,837,0,3,36241664,8192,268435456,57559,62706,0,-1,-1
59703,Поганометание,,39146,79434,0,-1,0,0,0,0,0,0,0,0,0,0,31294,109,837,0,3,36241664,0,268435456,0,0,0,-1,-1
59705,Воспоминания,,39148,0,0,-1,1,0,0,0,0,0,0,0,0,0,31301,109,837,0,3,37290240,0,268435456,57559,62706,0,-1,-1
59717,Воспоминания,,39160,0,0,-1,1,0,0,0,0,0,0,0,0,0,31325,109,837,0,3,37290240,0,268435456,57559,62706,0,-1,-1
59718,Опасный зонтик,,39161,73555,0,-1,0,0,0,0,0,0,0,0,0,0,31352,109,837,0,3,40435968,8192,268435456,0,0,0,-1,-1
59743,Незаметные наблюдатели,,39186,74689,0,-1,0,0,0,0,0,0,0,0,0,0,31373,109,2060,0,3,36241664,0,268435456,0,0,0,-1,-1
59771,История порчи,,39215,95859,0,-1,1,0,0,0,0,0,0,0,0,177836,31385,109,837,0,3,36241664,0,268435456,57559,62706,0,-1,-1
59772,Опасные исследования,,39216,83700,0,-1,0,0,0,0,0,0,0,0,0,0,33141,0,1401,0,2,33554440,32768,268435968,0,0,0,-1,-1
59782,Паства Вестника смерти,,39222,83703,0,-1,0,0,0,0,0,0,0,0,0,0,33139,0,1401,0,2,33554440,32768,268435968,0,0,0,-1,-1
59783,Культисты-пленители,,39223,83703,0,-1,0,0,0,0,0,0,0,0,0,0,33140,0,1401,0,2,33554440,32768,268435968,0,0,0,-1,-1
59789,Налоги и подати,,39225,83243,0,-1,0,0,0,0,0,0,0,0,0,0,31391,109,837,0,3,36372736,8192,268435456,0,0,0,-1,-1
59803,За честь,,39237,71941,0,-1,1,0,0,0,0,0,0,0,0,0,31396,113,837,0,3,3735808,0,268435456,57559,62706,0,-1,-1
59804,Врата ужаса,,39238,0,0,-1,1,0,0,0,0,0,0,0,0,0,31392,109,837,0,3,36241664,0,268435456,57559,62706,0,-1,-1
59808,Грязища,,39242,73555,0,-1,0,0,0,0,0,0,0,0,0,0,31393,109,837,0,3,36372736,0,268435456,0,0,0,-1,-1
59825,Охота за семенами,,39268,71941,0,-1,1,0,0,0,0,0,0,0,0,0,31398,113,837,0,3,3735808,0,268435456,57559,62706,0,-1,-1
59826,Ставка на себя,,39261,0,0,-1,131073,0,0,0,0,0,0,0,0,0,31399,1,837,0,2,39845896,40960,268435968,57316,59843,0,-1,-1
59827,Ставка на себя,,39262,0,0,-1,131073,0,0,0,0,0,0,0,0,0,31401,1,837,0,2,39845896,40960,268435968,57316,59843,0,-1,-1
59828,Ставка на себя,,39263,0,0,-1,131073,0,0,0,0,0,0,0,0,0,31400,1,837,0,2,39845896,40960,268435968,57316,59843,0,-1,-1
59836,Победы далекого прошлого,,42431,74689,0,-1,0,0,0,0,0,0,0,0,0,0,32715,109,837,0,3,40435968,8192,268435456,0,0,0,-1,-1
59838,Боевые машины Плети,,39274,83700,0,-1,0,0,0,0,0,0,0,0,0,182313,33487,0,1401,0,2,33554440,32768,268435968,0,0,0,-1,-1
59839,Внимание: это только тест!,,39275,87032,0,-1,0,0,0,0,0,0,0,0,0,0,33223,0,1401,0,2,33554440,32768,268435968,0,0,0,-1,-1
59843,Tracking Quest,,39278,0,0,-1,1,0,0,0,0,0,0,0,0,0,0,0,0,0,2,33588224,0,512,0,0,0,-1,-1
59847,Защита вала,,39280,83700,0,-1,0,0,0,0,0,0,0,0,0,0,33494,0,1401,0,2,33554440,32768,268435968,0,0,0,-1,-1
59848,Истории за чаем: Теотар,,39281,78835,0,-1,0,0,0,0,0,0,0,0,0,0,34807,109,837,0,3,36241664,0,268435456,0,0,0,-1,-1
59850,Истории за чаем: Вулка,,39282,78836,0,-1,0,0,0,0,0,0,0,0,0,0,34807,109,837,0,3,36241664,0,268435456,0,0,0,-1,-1
59851,Полная заморозка,,39283,83700,0,-1,0,0,0,0,0,0,0,0,0,182199,33413,0,1401,0,2,33554440,32768,268435968,0,0,0,-1,-1
59852,Истории за чаем: Габбинс и Таббинс,,39284,78837,0,-1,0,0,0,0,0,0,0,0,0,0,34807,109,837,0,3,36241664,0,268435456,0,0,0,-1,-1
59853,Истории за чаем: Сибилла Потерянная,,39285,78838,0,-1,0,0,0,0,0,0,0,0,0,0,34808,109,837,0,3,36241664,0,268435456,0,0,0,-1,-1
59855,Сильные помехи в зеркале,,39287,79970,0,-1,0,0,0,0,0,0,0,0,0,0,33667,109,837,0,3,40435968,0,268435456,0,0,0,-1,-1
59863,Боевой нейтрализатор 07-X,,39297,87032,0,-1,0,0,0,0,0,0,0,0,0,0,33447,0,1401,0,2,36700168,32768,268435968,0,0,0,-1,-1
59867,Разыскивается: оценщик Викс,,39300,79462,0,-1,0,0,0,0,0,0,0,0,0,0,0,1,837,0,2,39845888,8192,268435968,0,0,0,-1,-1
59878,Слишком много дракончиков,,39312,83703,0,-1,1,0,0,0,0,0,0,0,0,0,33200,0,1401,0,2,33554440,32768,268435968,0,0,0,-1,-1
59902,Любопытный тайник,,39335,73555,0,-1,0,0,0,0,0,0,0,0,0,0,31481,109,837,0,3,40435968,8192,268435456,0,0,0,-1,-1
59904,Любопытный тайник,,39337,73555,0,-1,0,0,0,0,0,0,0,0,0,0,31482,109,837,0,3,40435968,8192,268435456,0,0,0,-1,-1
59905,Любопытный тайник,,39338,73555,0,-1,0,0,0,0,0,0,0,0,0,0,31483,109,837,0,3,40435968,8192,268435456,0,0,0,-1,-1
60010,Тремакулюм: освобожденные души,,39436,21439,0,-1,0,0,0,0,0,0,0,0,0,0,5740,109,742,0,3,34144512,0,268435456,0,0,0,-1,-1
60011,Кальцис: расшифровка,,39437,73557,0,-1,0,0,0,0,0,0,0,0,0,0,3785,136,742,0,3,34144256,0,268435456,0,0,0,-1,-1
60012,Котел Зоваала: переполнение стигией,,39438,21439,0,-1,0,0,0,0,0,0,0,0,0,0,5740,136,742,0,3,34144256,0,268435456,0,0,0,-1,-1
60110,Самый лучший друг в мире,,39514,70104,0,-1,1,0,0,0,0,0,0,0,0,0,0,0,837,0,2,39845888,8192,268435968,60049,57648,0,-1,-1
60111,Завязать дружбу,,39515,70104,0,-1,0,0,0,0,0,0,0,0,0,0,0,0,837,0,2,39845888,8192,268435968,62406,0,0,-1,-1
60231,Состояние разложения,,41840,71941,0,-1,1,0,0,0,0,0,0,0,0,0,31600,113,837,0,3,3735808,0,268435456,57559,62706,0,-1,-1
60236,Ответ на приглашение: хранитель склепа Каззир,,0,90001,0,-1,0,0,0,0,0,0,0,0,0,0,0,0,2060,0,2,2097152,32768,268435968,61704,0,0,-1,-1
60291,Бегом к телу,,39670,88018,0,-1,0,0,0,0,0,0,0,0,0,178599,0,0,2060,0,2,39878664,8192,268435968,57597,0,0,-1,-1
60337,Солдат из куколки,,39709,0,0,-1,1,0,0,0,0,0,0,0,0,0,31710,109,837,0,3,37290240,0,268435456,57559,62706,0,-1,-1
60358,Захват золотника,,39728,84987,0,-1,1,0,0,0,0,0,0,0,0,0,31718,271,2060,0,2,101187840,0,268435456,0,0,0,-1,-1
60363,Захват золотника,,39728,84988,0,-1,1,0,0,0,0,0,0,0,0,0,31718,271,2060,0,2,101187840,0,268435456,0,0,0,-1,-1
60364,Захват золотника,,39728,84990,0,-1,1,0,0,0,0,0,0,0,0,0,31718,271,2060,0,2,101187840,0,268435456,0,0,0,-1,-1
60365,Захват золотника,,39728,84989,0,-1,1,0,0,0,0,0,0,0,0,0,31718,271,2060,0,2,101187840,0,268435456,0,0,0,-1,-1
60369,Добротная древесина,,39736,84990,0,-1,1,0,0,0,0,0,0,0,0,0,31814,271,2060,0,2,101187840,0,268435456,0,0,0,-1,-1
60370,Добротная древесина,,39736,84989,0,-1,1,0,0,0,0,0,0,0,0,0,31814,271,2060,0,2,101187840,0,268435456,0,0,0,-1,-1
60371,Добротная древесина,,39736,84988,0,-1,1,0,0,0,0,0,0,0,0,0,31814,271,2060,0,2,101187840,0,268435456,0,0,0,-1,-1
60372,Добротная древесина,,39736,84987,0,-1,1,0,0,0,0,0,0,0,0,0,31814,271,2060,0,2,101187840,0,268435456,0,0,0,-1,-1
60373,Источник скорбной лозы,,39737,84990,0,-1,1,0,0,0,0,0,0,0,0,0,31813,271,2060,0,2,101187840,0,268435456,0,0,0,-1,-1
60374,Горы сталекости,,39738,84990,0,-1,1,0,0,0,0,0,0,0,0,0,31812,271,2060,0,2,101187840,0,268435456,0,0,0,-1,-1
60375,Горы сталекости,,39738,84989,0,-1,1,0,0,0,0,0,0,0,0,0,31812,271,2060,0,2,101187840,0,268435456,0,0,0,-1,-1
60376,Горы сталекости,,39738,84988,0,-1,1,0,0,0,0,0,0,0,0,0,31812,271,2060,0,2,101187840,0,268435456,0,0,0,-1,-1
60377,Горы сталекости,,39738,84987,0,-1,1,0,0,0,0,0,0,0,0,0,31812,271,2060,0,2,101187840,0,268435456,0,0,0,-1,-1
60378,Источник скорбной лозы,,39737,84989,0,-1,1,0,0,0,0,0,0,0,0,0,31813,271,2060,0,2,101187840,0,268435456,0,0,0,-1,-1
60379,Источник скорбной лозы,,39737,84988,0,-1,1,0,0,0,0,0,0,0,0,0,31813,271,2060,0,2,101187840,0,268435456,0,0,0,-1,-1
60380,Источник скорбной лозы,,39737,84987,0,-1,1,0,0,0,0,0,0,0,0,0,31813,271,2060,0,2,101187840,0,268435456,0,0,0,-1,-1
60381,Помощь Арденвельду,,39739,84990,0,-1,0,0,0,0,0,0,0,0,0,0,31818,271,2060,0,2,101187840,0,268435456,62693,0,0,-1,-1
60382,Помощь Ревендрету,,39740,84990,0,-1,1,0,0,0,0,0,0,0,0,0,31817,271,2060,0,2,101187840,0,268435456,0,0,0,-1,-1
60383,Помощь Малдраксусу,,39741,84990,0,-1,1,0,0,0,0,0,0,0,0,0,31816,271,2060,0,2,101187840,0,268435456,0,0,0,-1,-1
60384,Помощь Бастиону,,39742,84990,0,-1,1,0,0,0,0,0,0,0,0,0,31815,271,2060,0,2,101187840,0,268435456,0,0,0,-1,-1
60385,Обучение в Ревендрете,,39743,84990,0,-1,1,0,0,0,0,0,0,0,0,0,31821,271,2060,0,2,104333568,0,268435456,0,0,0,-1,-1
60386,Обучение в Малдраксусе,,39744,84990,0,-1,1,0,0,0,0,0,0,0,0,0,31820,271,2060,0,2,104333568,0,268435456,0,0,0,-1,-1
60387,Обучение в Бастионе,,39745,84990,0,-1,1,0,0,0,0,0,0,0,0,0,31819,271,2060,0,2,104333568,0,268435456,0,0,0,-1,-1
60388,Обучение войск,,39746,84990,0,-1,1,0,0,0,0,0,0,0,0,0,31822,271,2060,0,2,104333568,0,268435456,0,0,0,-1,-1
60389,Помощь Арденвельду,,39739,84989,0,-1,1,0,0,0,0,0,0,0,0,0,31818,271,2060,0,2,101187840,0,268435456,0,0,0,-1,-1
60390,Помощь Арденвельду,,39739,84988,0,-1,1,0,0,0,0,0,0,0,0,0,31818,271,2060,0,2,101187840,0,268435456,0,0,0,-1,-1
60391,Помощь Арденвельду,,39739,84987,0,-1,1,0,0,0,0,0,0,0,0,0,31818,271,2060,0,2,101187840,0,268435456,0,0,0,-1,-1
60392,Помощь Бастиону,,39742,84987,0,-1,0,0,0,0,0,0,0,0,0,0,31815,271,2060,0,2,101187840,0,268435456,62692,0,0,-1,-1
60393,Помощь Бастиону,,39742,84988,0,-1,1,0,0,0,0,0,0,0,0,0,31815,271,2060,0,2,101187840,0,268435456,0,0,0,-1,-1
60394,Помощь Бастиону,,39742,84989,0,-1,1,0,0,0,0,0,0,0,0,0,31815,271,2060,0,2,101187840,0,268435456,0,0,0,-1,-1
60395,Помощь Малдраксусу,,39741,84987,0,-1,1,0,0,0,0,0,0,0,0,0,31816,271,2060,0,2,101187840,0,268435456,0,0,0,-1,-1
60396,Помощь Малдраксусу,,39741,84988,0,-1,0,0,0,0,0,0,0,0,0,0,31816,271,2060,0,2,101187840,0,268435456,62694,0,0,-1,-1
60397,Помощь Малдраксусу,,39741,84989,0,-1,1,0,0,0,0,0,0,0,0,0,31816,271,2060,0,2,101187840,0,268435456,0,0,0,-1,-1
60398,Помощь Ревендрету,,39740,84988,0,-1,1,0,0,0,0,0,0,0,0,0,31817,271,2060,0,2,101187840,0,268435456,0,0,0,-1,-1
60399,Помощь Ревендрету,,39740,84989,0,-1,0,0,0,0,0,0,0,0,0,0,31817,271,2060,0,2,101187840,0,268435456,62691,0,0,-1,-1
60400,Помощь Ревендрету,,39740,84987,0,-1,1,0,0,0,0,0,0,0,0,0,31817,271,2060,0,2,101187840,0,268435456,0,0,0,-1,-1
60401,Обучение в Арденвельде,,39746,84989,0,-1,1,0,0,0,0,0,0,0,0,0,31822,271,2060,0,2,104333568,0,268435456,0,0,0,-1,-1
60402,Обучение в Арденвельде,,39746,84988,0,-1,1,0,0,0,0,0,0,0,0,0,31822,271,2060,0,2,104333568,0,268435456,0,0,0,-1,-1
60403,Обучение в Арденвельде,,39746,84987,0,-1,1,0,0,0,0,0,0,0,0,0,31822,271,2060,0,2,104333568,0,268435456,0,0,0,-1,-1
60404,Обучение войск,,39745,84987,0,-1,1,0,0,0,0,0,0,0,0,0,31819,271,2060,0,2,104333568,0,268435456,0,0,0,-1,-1
60405,Обучение в Бастионе,,39745,84988,0,-1,1,0,0,0,0,0,0,0,0,0,31819,271,2060,0,2,104333568,0,268435456,0,0,0,-1,-1
60406,Обучение в Бастионе,,39745,84989,0,-1,1,0,0,0,0,0,0,0,0,0,31819,271,2060,0,2,104333568,0,268435456,0,0,0,-1,-1
60407,Обучение в Малдраксусе,,39744,84987,0,-1,1,0,0,0,0,0,0,0,0,0,31820,271,2060,0,2,104333568,0,268435456,0,0,0,-1,-1
60408,Обучение войск,,39744,84988,0,-1,1,0,0,0,0,0,0,0,0,0,31820,271,2060,0,2,104333568,0,268435456,0,0,0,-1,-1
60409,Обучение в Малдраксусе,,39744,84989,0,-1,1,0,0,0,0,0,0,0,0,0,31820,271,2060,0,2,104333568,0,268435456,0,0,0,-1,-1
60410,Обучение войск,,39743,84989,0,-1,0,0,0,0,0,0,0,0,0,0,31821,271,2060,0,2,104333568,0,268435456,62921,0,0,-1,-1
60411,Обучение в Ревендрете,,39743,84988,0,-1,1,0,0,0,0,0,0,0,0,0,31821,271,2060,0,2,104333568,0,268435456,0,0,0,-1,-1
60412,Обучение в Ревендрете,,39743,84987,0,-1,1,0,0,0,0,0,0,0,0,0,31821,271,2060,0,2,104333568,0,268435456,0,0,0,-1,-1
60414,Редкие ресурсы,,39748,84990,0,-1,1,0,0,0,0,0,0,0,0,0,31823,271,2060,0,2,101187840,0,268435456,0,0,0,-1,-1
60415,Редкие ресурсы,,39748,84987,0,-1,1,0,0,0,0,0,0,0,0,0,31823,271,2060,0,2,101187840,0,268435456,0,0,0,-1,-1
60416,Редкие ресурсы,,39748,84988,0,-1,1,0,0,0,0,0,0,0,0,0,31823,271,2060,0,2,101187840,0,268435456,0,0,0,-1,-1
60417,Редкие ресурсы,,39748,84989,0,-1,1,0,0,0,0,0,0,0,0,0,31823,271,2060,0,2,101187840,0,268435456,0,0,0,-1,-1
60418,Призыв Бастиона,,39749,84990,0,-1,1,0,0,0,0,0,0,0,0,0,31824,271,2060,0,2,101187840,0,268435456,0,0,0,-1,-1
60419,Беды на родине,,39750,84990,0,-1,1,0,0,0,0,0,0,0,0,0,31825,271,2060,0,2,101187840,0,268435456,0,0,0,-1,-1
60420,Призыв Малдраксуса,,39751,84990,0,-1,1,0,0,0,0,0,0,0,0,0,31827,271,2060,0,2,101187840,0,268435456,0,0,0,-1,-1
60421,Призыв Ревендрета,,39752,84990,0,-1,1,0,0,0,0,0,0,0,0,0,31826,271,2060,0,2,101187840,0,268435456,0,0,0,-1,-1
60422,Призыв Арденвельда,,39750,84989,0,-1,1,0,0,0,0,0,0,0,0,0,31825,271,2060,0,2,101187840,0,268435456,0,0,0,-1,-1
60423,Призыв Арденвельда,,39750,84988,0,-1,1,0,0,0,0,0,0,0,0,0,31825,271,2060,0,2,101187840,0,268435456,0,0,0,-1,-1
60424,Призыв Арденвельда,,39750,84987,0,-1,1,0,0,0,0,0,0,0,0,0,31825,271,2060,0,2,101187840,0,268435456,0,0,0,-1,-1
60425,Беды на родине,,39749,84987,0,-1,1,0,0,0,0,0,0,0,0,0,31824,271,2060,0,2,101187840,0,268435456,0,0,0,-1,-1
60426,Призыв Бастиона,,39749,84988,0,-1,1,0,0,0,0,0,0,0,0,0,31824,271,2060,0,2,101187840,0,268435456,0,0,0,-1,-1
60427,Призыв Бастиона,,39749,84989,0,-1,1,0,0,0,0,0,0,0,0,0,31824,271,2060,0,2,101187840,0,268435456,0,0,0,-1,-1
60429,Беды на родине,,39751,84988,0,-1,1,0,0,0,0,0,0,0,0,0,31827,271,2060,0,2,101187840,0,268435456,0,0,0,-1,-1
60430,Призыв Малдраксуса,,39751,84987,0,-1,1,0,0,0,0,0,0,0,0,0,31827,271,2060,0,2,101187840,0,268435456,0,0,0,-1,-1
60431,Призыв Малдраксуса,,39751,84989,0,-1,1,0,0,0,0,0,0,0,0,0,31827,271,2060,0,2,101187840,0,268435456,0,0,0,-1,-1
60432,Беды на родине,,39752,84989,0,-1,1,0,0,0,0,0,0,0,0,0,31826,271,2060,0,2,101187840,0,268435456,0,0,0,-1,-1
60433,Призыв Ревендрета,,39752,84988,0,-1,1,0,0,0,0,0,0,0,0,0,31826,271,2060,0,2,101187840,0,268435456,0,0,0,-1,-1
60434,Призыв Ревендрета,,39752,84987,0,-1,1,0,0,0,0,0,0,0,0,0,31826,271,2060,0,2,101187840,0,268435456,0,0,0,-1,-1
60435,Испытания Ревендрета,,39754,84990,0,-1,1,0,0,0,0,0,0,0,0,0,31830,271,2060,0,2,101187840,0,268435456,0,0,0,-1,-1
60436,Испытания Малдраксуса,,39755,84990,0,-1,1,0,0,0,0,0,0,0,0,0,31829,271,2060,0,2,101187840,0,268435456,0,0,0,-1,-1
60437,Испытания Бастиона,,39756,84990,0,-1,1,0,0,0,0,0,0,0,0,0,31828,271,2060,0,2,101187840,0,268435456,0,0,0,-1,-1
60438,Испытания Арденвельда,,39757,84990,0,-1,1,0,0,0,0,0,0,0,0,0,31831,271,2060,0,2,101187840,0,268435456,0,0,0,-1,-1
60439,Испытания Арденвельда,,39757,84987,0,-1,1,0,0,0,0,0,0,0,0,0,31831,271,2060,0,2,101187840,0,268435456,0,0,0,-1,-1
60440,Испытания Арденвельда,,39757,84988,0,-1,1,0,0,0,0,0,0,0,0,0,31831,271,2060,0,2,101187840,0,268435456,0,0,0,-1,-1
60441,Испытания Арденвельда,,39757,84989,0,-1,1,0,0,0,0,0,0,0,0,0,31831,271,2060,0,2,101187840,0,268435456,0,0,0,-1,-1
60442,Испытания Бастиона,,39756,84987,0,-1,1,0,0,0,0,0,0,0,0,0,31828,271,2060,0,2,101187840,0,268435456,0,0,0,-1,-1
60443,Испытания Бастиона,,39756,84988,0,-1,1,0,0,0,0,0,0,0,0,0,31828,271,2060,0,2,101187840,0,268435456,0,0,0,-1,-1
60444,Испытания Бастиона,,39756,84989,0,-1,1,0,0,0,0,0,0,0,0,0,31828,271,2060,0,2,101187840,0,268435456,0,0,0,-1,-1
60445,Испытания Малдраксуса,,39755,84988,0,-1,1,0,0,0,0,0,0,0,0,0,31829,271,2060,0,2,101187840,0,268435456,0,0,0,-1,-1
60446,Испытания Малдраксуса,,39755,84989,0,-1,1,0,0,0,0,0,0,0,0,0,31829,271,2060,0,2,101187840,0,268435456,0,0,0,-1,-1
60447,Испытания Малдраксуса,,39755,84987,0,-1,1,0,0,0,0,0,0,0,0,0,31829,271,2060,0,2,101187840,0,268435456,0,0,0,-1,-1
60448,Испытания Ревендрета,,39754,84989,0,-1,1,0,0,0,0,0,0,0,0,0,31830,271,2060,0,2,101187840,0,268435456,0,0,0,-1,-1
60449,Испытания Ревендрета,,39754,84988,0,-1,1,0,0,0,0,0,0,0,0,0,31830,271,2060,0,2,101187840,0,268435456,0,0,0,-1,-1
60450,Испытания Ревендрета,,39754,84987,0,-1,1,0,0,0,0,0,0,0,0,0,31830,271,2060,0,2,101187840,0,268435456,0,0,0,-1,-1
60452,Буря в Утробе,,39759,84990,0,-1,1,0,0,0,0,0,0,0,0,0,31832,271,2060,0,2,101187840,0,268435456,0,0,0,-1,-1
60454,Буря в Утробе,,39759,84987,0,-1,1,0,0,0,0,0,0,0,0,0,31832,271,2060,0,2,101187840,0,268435456,0,0,0,-1,-1
60455,Буря в Утробе,,39759,84988,0,-1,1,0,0,0,0,0,0,0,0,0,31832,271,2060,0,2,101187840,0,268435456,0,0,0,-1,-1
60456,Буря в Утробе,,39759,84989,0,-1,1,0,0,0,0,0,0,0,0,0,31832,271,2060,0,2,101187840,0,268435456,0,0,0,-1,-1
60457,Сбор анимы,,39761,84990,0,-1,1,0,0,0,0,0,0,0,0,0,31833,271,2060,0,2,101187840,0,268435456,0,0,0,-1,-1
60458,Сбор анимы,,39761,84987,0,-1,1,0,0,0,0,0,0,0,0,0,31833,271,2060,0,2,101187840,0,268435456,0,0,0,-1,-1
60459,Сбор анимы,,39761,84988,0,-1,1,0,0,0,0,0,0,0,0,0,31833,271,2060,0,2,101187840,0,268435456,0,0,0,-1,-1
60460,Сбор анимы,,39761,84989,0,-1,1,0,0,0,0,0,0,0,0,0,31833,271,2060,0,2,101187840,0,268435456,0,0,0,-1,-1
60462,Очарование анимы,,39763,84990,0,-1,1,0,0,0,0,0,0,0,0,0,31834,271,2060,0,2,101187840,0,268435456,0,0,0,-1,-1
60463,Очарование анимы,,39763,84989,0,-1,1,0,0,0,0,0,0,0,0,0,31834,271,2060,0,2,101187840,0,268435456,0,0,0,-1,-1
60464,Очарование анимы,,39763,84988,0,-1,1,0,0,0,0,0,0,0,0,0,31834,271,2060,0,2,101187840,0,268435456,0,0,0,-1,-1
60465,Очарование анимы,,39763,84987,0,-1,1,0,0,0,0,0,0,0,0,0,31834,271,2060,0,2,101187840,0,268435456,0,0,0,-1,-1
60475,Пора в мастерскую,,39773,0,0,-1,1,0,0,0,0,0,0,0,0,0,31863,109,837,0,3,37290240,0,268435456,57559,62706,0,-1,-1
60476,Я как спригган!,,39774,0,0,-1,1,0,0,0,0,0,0,0,0,0,31862,109,837,0,3,41484544,8192,268435456,57559,62706,0,-1,-1
60531,Избранные защитники,,39828,73555,0,-1,0,0,0,0,0,0,0,0,0,0,31829,136,2060,0,3,36241664,0,268435968,0,0,0,-1,-1
60532,Смерть сильных,,39829,90864,0,-1,0,0,0,0,0,0,0,0,0,0,31830,136,2060,0,3,36241664,0,268435968,0,0,0,-1,-1
60533,Ужасы Тирна Скитта,,39830,89414,0,-1,1,0,0,0,0,0,0,0,0,0,31831,136,2060,0,3,36241664,0,268435968,57559,62706,0,-1,-1
60534,Нелояльные обитатели,,39831,73555,0,-1,0,0,0,0,0,0,0,0,0,0,31828,136,2060,0,3,36241664,0,268435968,0,0,0,-1,-1
60542,Натанос Гнилостень,,39839,83729,0,-1,0,0,0,0,0,0,0,0,0,0,0,112,1401,0,3,34177344,0,268435456,0,0,0,-1,-1
60564,Не выживет ни один,,39847,0,0,-1,1,0,0,0,0,0,0,0,0,0,31903,109,2060,0,3,37290240,0,268435456,57559,62706,0,-1,-1
60565,Распорядитель на все случаи жизни,,39848,0,0,-1,1,0,0,0,0,0,0,0,0,0,31905,109,837,0,3,37290240,0,268435456,57559,62706,0,-1,-1
60574,Грибное потрясение,,39856,0,0,-1,1,0,0,0,0,0,0,0,0,0,31910,109,2060,0,3,37290240,0,268435456,57559,62706,0,-1,-1
60585,Бунт спригганов,,39865,86918,0,-1,1,0,0,0,0,0,0,0,0,0,31922,109,2060,0,3,41484544,8192,268435456,57559,62706,0,-1,-1
60597,Проблемы в загоне гормлингов,,39875,89214,0,-1,1,0,0,0,0,0,0,0,0,0,31930,109,837,0,3,37290240,0,268435456,57559,62706,0,-1,-1
60601,Отработка в Гиблотопи,,39879,79249,0,-1,1,0,0,0,0,0,0,0,0,0,31935,109,2060,0,3,107544832,8192,268435456,57559,62706,0,-1,-1
60602,Секретная служба,,39880,73555,0,-1,0,0,0,0,0,0,0,0,0,0,31936,109,2060,0,3,40435968,8192,268435456,0,0,0,-1,-1
60609,Кто пожирает пожирателей?,,39885,0,0,-1,1,0,0,0,0,0,0,0,0,0,31949,111,2060,0,3,37290240,0,268435456,57559,62706,0,-1,-1
60622,Глаз провидца,,39898,88667,0,-1,0,0,0,0,0,0,0,0,0,0,32571,0,742,0,2,35651720,32768,268435968,0,0,0,-1,-1
60623,А-а-а! Настоящие чудовища!,,39899,0,0,-1,1,0,0,0,0,0,0,0,0,0,32537,109,2060,0,3,37290240,0,268435456,57559,62706,0,-1,-1
60646,Горестный долг,,39922,88667,0,-1,0,0,0,0,0,0,0,0,0,0,32575,0,742,0,2,35783048,32768,268435968,0,0,0,-1,-1
60649,Шип в боку,,39925,88846,0,-1,1,0,0,0,0,0,0,0,0,0,31981,109,2060,0,3,37290240,0,268435456,57559,62706,0,-1,-1
60653,Восстановление зеркала,,39929,73555,0,-1,0,0,0,0,0,0,0,0,0,0,31992,109,837,0,3,40435968,8192,268435456,0,0,0,-1,-1
60654,Рой душ,,39930,73555,0,-1,0,0,0,0,0,0,0,0,0,0,31991,109,2060,0,3,40435968,8192,268435456,0,0,0,-1,-1
60655,Украденный камнебес,,39931,73555,0,-1,0,0,0,0,0,0,0,0,0,180249,31990,109,2060,0,3,40435968,8192,268435456,0,0,0,-1,-1
60656,Призыв своих грехов,,39932,73555,0,-1,0,0,0,0,0,0,0,0,0,0,31989,109,2060,0,3,40435968,8192,268435456,0,0,0,-1,-1
60657,Помощь сверху,,39933,73555,0,-1,0,0,0,0,0,0,0,0,0,0,31988,109,837,0,3,40435968,8192,268435456,0,0,0,-1,-1
60658,Ненасытный аппетит,,39934,89125,0,-1,0,0,0,0,0,0,0,0,0,0,31987,109,837,0,3,40435968,8192,268435456,0,0,0,-1,-1
60659,Защита Света,,39935,73555,0,-1,0,0,0,0,0,0,0,0,0,0,31986,109,837,0,3,40435968,8192,268435456,0,0,0,-1,-1
60732,Прервать поток,,40004,88666,0,-1,0,0,0,0,0,0,0,0,0,0,34303,0,742,0,2,35651720,32768,268435968,0,0,0,-1,-1
60739,Требовательная публика,,40010,82056,0,-1,1,0,0,0,0,0,0,0,0,0,32055,109,2060,0,3,37290240,0,268435456,57559,62706,0,-1,-1
60762,Частицы смерти,,40018,88667,0,-1,0,0,0,0,0,0,0,0,0,0,32578,0,742,0,2,2097544,32768,268435968,0,0,0,-1,-1
60770,Жечь-давить,,40026,88170,0,-1,1,0,0,0,0,0,0,0,0,180274,32090,109,837,0,3,305725696,0,268435456,57559,62706,0,-1,-1
60775,Достойная участь,,40031,88667,0,-1,0,0,0,0,0,0,0,0,0,0,32580,0,742,0,2,35783048,32768,268435968,0,0,0,-1,-1
60786,Защита от роя,,40040,0,0,-1,1,0,0,0,0,0,0,0,0,0,32134,109,2060,0,3,37290240,0,268435456,57559,62706,0,-1,-1
60837,Гнев Алиот,,40092,82170,0,-1,1,0,0,0,0,0,0,0,0,0,32143,109,2060,0,3,41484544,8192,268435456,57559,62706,0,-1,-1
60840,Атака Дикой Охоты,,40095,81411,0,-1,0,0,0,0,0,0,0,0,0,0,0,0,1931,0,3,271122432,0,268468736,0,0,0,-1,-1
60841,Эвакуация,,40096,83703,0,-1,0,0,0,0,0,0,0,0,0,0,33201,0,1401,0,2,33554440,32768,268435968,0,0,0,-1,-1
60842,Как приготовить сприггана,,40097,0,0,-1,1,0,0,0,0,0,0,0,0,0,32145,109,2060,0,3,37421312,0,268435456,57559,62706,0,-1,-1
60844,Школа полетов: падаем красиво!,,40099,87575,0,-1,0,0,0,0,0,0,0,0,0,0,32154,109,2060,0,3,40435968,0,268435456,0,0,0,-1,-1
60855,Гормагеддон,,40110,88170,0,-1,1,0,0,0,0,0,0,0,0,0,32155,109,837,0,3,41484544,8192,268435456,57559,62706,0,-1,-1
60858,Школа полетов: по облакам!,,40113,88579,0,-1,0,0,0,0,0,0,0,0,0,0,32182,109,2060,0,3,40435968,0,268435456,0,0,0,-1,-1
60872,Опасный сбор,,40121,88941,0,-1,1,0,0,0,0,0,0,0,0,0,32183,109,837,0,3,41484544,8192,268435456,57559,62706,0,-1,-1
60899,Ночь в лесу,,40146,0,0,-1,1,0,0,0,0,0,0,0,0,0,32241,109,2060,0,3,37290240,0,268435456,57559,62706,0,-1,-1
60903,Крала,,40150,76424,0,-1,0,0,0,0,0,0,0,0,0,0,33680,0,742,0,3,36241792,0,268435456,0,0,0,-1,-1
60911,Школа полетов: бешеные взмахи,,40157,73555,0,-1,0,0,0,0,0,0,0,0,0,0,32259,109,2060,0,3,36241664,0,268435456,0,0,0,-1,-1
60916,Ответ на приглашение: Камнелоб,,0,90002,0,-1,0,0,0,0,0,0,0,0,0,0,0,0,2060,0,2,40894472,40960,268435968,0,0,0,-1,-1
60920,Акрос,,40166,76424,0,-1,0,0,0,0,0,0,0,0,0,0,33679,0,742,0,3,36241792,0,268435456,0,0,0,-1,-1
60929,Превосходство в воздухе,,40176,73555,0,-1,0,0,0,0,0,0,0,0,0,0,32266,109,837,0,3,40435968,8192,268435456,0,0,0,-1,-1
60948,Ответ на приглашение: Графиня,,0,81753,0,-1,0,0,0,0,0,0,0,0,0,0,0,0,2060,0,2,37879816,40960,268435968,0,0,0,-1,-1
60950,Искусство обмана,,40195,87202,0,-1,0,0,0,0,0,0,0,0,0,0,32291,109,837,0,3,40435968,8192,268435456,0,0,0,-1,-1
60958,Мы посылаем только тебя,,40201,87133,0,-1,0,0,0,0,0,0,0,0,0,0,32294,109,837,0,3,36241664,0,268435456,0,0,0,-1,-1
60990,Tracking Quest,,40222,73557,0,-1,0,0,0,0,0,0,0,0,0,0,32639,0,742,0,3,34144512,0,0,0,0,0,-1,-1
60991,"Оррхолин, Владыка Кровопускания",,40349,73557,0,-1,0,0,0,0,0,0,0,0,0,0,32635,0,742,0,3,36241792,0,268439552,0,0,0,-1,-1
60992,"Разказзар, Владыка Топоров",,40224,73557,0,-1,0,0,0,0,0,0,0,0,0,0,32644,0,742,0,3,36241792,0,268439552,0,0,0,-1,-1
61059,Ответ на приглашение: Рендл и Дуборыл,,0,81980,0,-1,0,0,0,0,0,0,0,0,0,0,0,0,2060,0,2,8,32769,268435968,0,0,0,-1,-1
61060,Нескончаемые споры,,42457,74689,0,-1,0,0,0,0,0,0,0,0,0,0,32398,109,837,0,3,40435968,8192,268435456,0,0,0,-1,-1
61062,Адъютант Декарис,,40292,73557,0,-1,0,0,0,0,0,0,0,0,0,0,0,0,742,0,3,38342976,0,268439552,0,0,0,-1,-1
61075,Искра света,,40307,88667,0,-1,0,0,0,0,0,0,0,0,0,180607,32573,0,742,0,2,35651976,32768,268435968,0,0,0,-1,-1
61079,Доля Тюремщика,,40311,88667,0,-1,0,0,0,0,0,0,0,0,0,0,34301,0,742,0,2,35651976,32768,268435968,0,0,0,-1,-1
61088,Прах к праху!,,42455,88667,0,-1,0,0,0,0,0,0,0,0,0,0,32570,0,742,0,2,35651720,32768,268435968,0,0,0,-1,-1
61092,Ответ на приглашение: великий мастер Воул,,0,82033,0,-1,0,0,0,0,0,0,0,0,0,0,0,0,2060,0,2,33554504,32768,268435968,0,0,0,-1,-1
61103,Прервать цикл,,40329,88667,0,-1,0,0,0,0,0,0,0,0,0,0,32577,0,742,0,2,33554824,32768,268435968,0,0,0,-1,-1
61104,Граталакс Извлекатель,,40330,88667,0,-1,0,0,0,0,0,0,0,0,0,0,32576,0,742,0,2,35651976,32768,268435968,0,0,0,-1,-1
61105,Ответ на приглашение: изобретатель чумы Марилет,,0,82089,0,-1,0,0,0,0,0,0,0,0,0,0,0,0,2060,0,2,37748744,40960,268435968,0,0,0,-1,-1
61109,Ответ на приглашение: капитан-егерь Корейн,,0,82072,0,-1,0,0,0,0,0,0,0,0,0,0,0,0,2060,0,2,37748744,40960,268435968,0,0,0,-1,-1
61123,Ответ на приглашение: полемарх Адрест,,0,82074,0,-1,0,0,0,0,0,0,0,0,0,0,0,0,2060,0,2,37748744,40960,268435968,0,0,0,-1,-1
61124,Псина из загонов,,40348,73557,0,-1,0,0,0,0,0,0,0,0,0,0,32638,0,742,0,3,36241792,0,268439552,0,0,0,-1,-1
61125,Зловещая стигия,,40350,73557,0,-1,0,0,0,0,0,0,0,0,0,0,32636,0,742,0,3,36241792,0,268439552,0,0,0,-1,-1
61129,Ответ на приглашение: дроман Алиот,,0,82182,0,-1,0,0,0,0,0,0,0,0,0,0,0,0,2060,0,2,8,32769,268435968,0,0,0,-1,-1
61130,Ответ на приглашение: Сика,,0,82184,0,-1,0,0,0,0,0,0,0,0,0,0,0,0,2060,0,2,37748744,32768,268435968,0,0,0,-1,-1
61136,Агоникс,,40359,73557,0,-1,0,0,0,0,0,0,0,0,0,0,32637,0,742,0,3,36241792,0,268439552,0,0,0,-1,-1
61139,Ответ на приглашение: Чуфа,,0,82195,0,-1,0,0,0,0,0,0,0,0,0,0,0,0,2060,0,2,37748744,40960,268435968,0,0,0,-1,-1
61140,Дат Резара,,40361,73557,0,-1,0,0,0,0,0,0,0,0,0,0,33928,0,742,0,3,36241792,0,268439552,0,0,0,-1,-1
61141,Любимая игрушка Смертозуба,,40362,74689,0,-1,0,0,0,0,0,0,0,0,0,0,32523,109,837,0,3,41615616,8192,268435456,0,0,0,-1,-1
61148,А-а-а! Настоящие чудовища!,,40368,0,0,-1,1,0,0,0,0,0,0,0,0,0,32538,109,2060,0,3,37290240,0,268435456,57559,62706,0,-1,-1
61173,Ответ на приглашение: Миканикос,,0,82193,0,-1,0,0,0,0,0,0,0,0,0,0,0,0,2060,0,2,37748744,40960,268435968,0,0,0,-1,-1
61174,Ответ на приглашение: баронесса Вайш,,0,82474,0,-1,0,0,0,0,0,0,0,0,0,0,0,0,2060,0,2,35651592,40960,268435968,0,0,0,-1,-1
61189,Продолжение исследований слизи,,40404,74689,0,-1,0,0,0,0,0,0,0,0,0,0,32589,109,837,0,3,36372736,8192,268435456,0,0,0,-1,-1
61220,А-а-а! Настоящие чудовища!,,40433,0,0,-1,1,0,0,0,0,0,0,0,0,0,32626,109,2060,0,3,37290240,0,268435456,57559,62706,0,-1,-1
61255,Ответ на приглашение: Александрос Могрейн,,0,82699,0,-1,0,0,0,0,0,0,0,0,0,0,0,0,2060,0,2,33554440,32768,268435968,0,0,0,-1,-1
61256,Ответ на приглашение: Клейя и Пелагий,,0,82701,0,-1,0,0,0,0,0,0,0,0,0,0,0,0,2060,0,2,33554440,32768,268435968,0,0,0,-1,-1
61303,Искры с неба,,40507,87009,0,-1,1,0,0,0,0,0,0,0,0,0,32651,109,837,0,3,37290240,0,268435456,57559,62706,0,-1,-1
61335,Долой решетки!,,40534,70104,0,-1,0,0,0,0,0,0,0,0,0,0,0,0,837,0,2,4194312,8192,268435968,61227,0,0,-1,-1
61337,Шествие Вечного защитника,,40536,0,0,-1,1,0,0,0,0,0,0,0,0,0,32713,109,2060,0,3,37290240,0,268435456,57559,62706,0,-1,-1
61342,Победы далекого прошлого,,42432,74689,0,-1,0,0,0,0,0,0,0,0,0,0,32716,109,837,0,3,40435968,8192,268435456,0,0,0,-1,-1
61343,Победы далекого прошлого,,39272,92609,0,-1,0,0,0,0,0,0,0,0,0,0,32717,109,837,0,3,40435968,8192,268435456,0,0,0,-1,-1
61346,Сириксия Сокрушительница Воли,,40539,73557,0,-1,0,0,0,0,0,0,0,0,0,0,32718,0,742,0,3,36241856,0,268439552,0,0,0,-1,-1
61352,Ничего не останется,,42456,74689,0,-1,0,0,0,0,0,0,0,0,0,0,32731,109,837,0,3,40435968,8192,268435456,0,0,0,-1,-1
61353,Ничего не останется,,40542,74689,0,-1,0,0,0,0,0,0,0,0,0,0,32732,109,837,0,3,40435968,8192,268435456,0,0,0,-1,-1
61354,Ответ на приглашение: леди Лунная Ягода,,0,82703,0,-1,0,0,0,0,0,0,0,0,0,0,0,0,2060,0,2,37748744,40960,268435968,0,0,0,-1,-1
61394,Игра в гормов: Безмятежные пруды,,40581,79261,0,-1,1,0,0,0,0,0,0,0,0,0,32744,109,2060,0,3,104530176,0,268435456,57559,62706,0,-1,-1
61398,Пепельный двор: традиционные декорации,,41047,83198,0,-1,0,0,0,0,0,0,0,0,0,0,0,0,2060,0,2,8,1,268435976,0,0,0,-1,-1
61399,Пепельный двор: память о жизни,,41046,83200,0,-1,0,0,0,0,0,0,0,0,0,181367,0,0,2060,0,2,8,0,268435976,0,0,0,-1,-1
61400,Пепельный двор: таинственные зеркала,,41045,83211,0,-1,0,0,0,0,0,0,0,0,0,0,0,0,2060,0,2,33554440,0,268435976,0,0,0,-1,-1
61401,Пепельный двор: вентиры-добровольцы,,41044,83212,0,-1,0,0,0,0,0,0,0,0,0,181716,0,0,2060,0,2,37748744,8192,268435976,0,0,0,-1,-1
61402,Пепельный двор: подкрепление камнерожденных,,41043,83213,0,-1,0,0,0,0,0,0,0,0,0,0,0,1,2060,0,2,40894472,8192,268435976,0,0,0,-1,-1
61403,Пепельный двор: малдраксийская армия,,41042,83214,0,-1,0,0,0,0,0,0,0,0,0,0,0,0,2060,0,2,37748736,8192,268435976,0,0,0,-1,-1
61404,Пепельный двор: чаепитие у Таббинсов,,41027,83215,0,-1,0,0,0,0,0,0,0,0,0,183943,0,1,2060,0,2,39976968,8192,268435976,61705,0,0,-1,-1
61405,Пепельный двор: божественные десерты,,41041,83216,0,-1,0,0,0,0,0,0,0,0,0,0,0,0,2060,0,2,8,1,268435976,0,0,0,-1,-1
61406,Пепельный двор: грибной сюрприз!,,41040,83217,0,-1,0,0,0,0,0,0,0,0,0,181828,0,0,2060,0,2,33554440,0,268435976,0,0,0,-1,-1
61407,Пепельный двор: ритуалы искупления,,41037,83218,0,-1,0,0,0,0,0,0,0,0,0,0,0,0,2060,0,2,8,0,268435976,61706,0,0,-1,-1
61408,Пепельный двор: сцена дикой природы,,41039,83219,0,-1,0,0,0,0,0,0,0,0,0,183944,0,0,2060,0,2,33554440,0,268435976,0,0,0,-1,-1
61411,Наше сердце не перестанет биться,,40586,0,0,-1,1,0,0,0,0,0,0,0,0,0,32751,109,837,0,3,41615616,0,268435456,57559,62706,0,-1,-1
61434,Алхимия: настой сдержанности и послушания,,40601,0,0,-1,1,0,0,0,0,2750,25,0,0,0,34415,118,837,0,3,34144576,0,268435458,57559,62706,0,-1,-1
61435,Кузнечное дело: наконечники для стрел ловчего,,40602,0,0,-1,1,0,0,0,0,2751,25,0,0,0,34400,116,837,0,3,34144576,0,268435458,57559,62706,0,-1,-1
61439,Кулинария: распорядительская похлебка,,40606,0,0,-1,1,0,0,0,0,2752,25,0,0,0,34417,131,837,0,3,34144576,0,268435458,57559,62706,0,-1,-1
61440,Наложение чар: бездонная корзина,,40607,0,0,-1,1,0,0,0,0,2753,25,0,0,0,34402,123,837,0,3,34144576,0,268435458,57559,62706,0,-1,-1
61441,Инженерное дело: силовой молот,,40608,0,0,-1,1,0,0,0,0,2755,25,0,0,0,34419,122,837,0,3,34144576,0,268435458,57559,62706,0,-1,-1
61442,Рыбная ловля: славная блестянка,,40609,0,0,-1,1,0,0,0,0,2754,25,0,0,0,34420,130,837,0,3,34144576,0,268435458,57559,62706,0,-1,-1
61443,Травничество: развевающийся славолист,,40610,0,0,-1,1,0,0,0,0,2760,25,0,0,0,34421,119,837,0,3,34144576,0,268435458,57559,62706,0,-1,-1
61446,Начертание: воззвание к долгу,,40612,0,0,-1,1,0,0,0,0,2756,25,0,0,0,34422,126,837,0,3,34144576,0,268435458,57559,62706,0,-1,-1
61447,Ювелирное дело: сияющее киранитовое ожерелье,,40613,0,0,-1,1,0,0,0,0,2757,25,0,0,0,34423,125,837,0,3,34144576,0,268435458,57559,62706,0,-1,-1
61449,Кожевничество: сбруя из стальной шкуры,,40614,0,0,-1,1,0,0,0,0,2758,25,0,0,0,34424,117,837,0,3,34144576,0,268435458,57559,62706,0,-1,-1
61467,Горное дело: скопление светящегося соленита,,40631,0,0,-1,1,0,0,0,0,2761,25,0,0,0,34412,120,837,0,3,34144576,0,268435458,57559,62706,0,-1,-1
61468,Снятие шкур: мягкая шкура медношкурого лиса,,40632,0,0,-1,1,0,0,0,0,2762,25,0,0,0,34413,124,837,0,3,34144576,0,268435458,57559,62706,0,-1,-1
61469,Портняжное дело: туника из паутинной ткани,,40633,0,0,-1,1,0,0,0,0,2759,25,0,0,0,34414,121,837,0,3,34144576,0,268435458,57559,62706,0,-1,-1
61477,Призыв чемпионов,,40638,74689,0,-1,0,0,0,0,0,0,0,0,0,0,33080,109,837,0,3,40435968,8192,268435456,0,0,0,-1,-1
61509,Блестяшки из Бастиона,,40665,87382,0,-1,131077,0,0,0,0,0,0,0,0,178554,0,0,2060,0,2,39878664,8192,268435968,60041,61516,61512,-1,-1
61510,Богатая добыча,,40666,87381,0,-1,131077,0,0,0,0,0,0,0,0,178554,0,0,2060,0,2,39878664,8192,268435968,60041,61516,61512,-1,-1
61511,"То, что осталось после них",,40667,87383,0,-1,131077,0,0,0,0,0,0,0,0,178554,0,0,2060,0,2,39878664,8192,268435968,60041,61516,61512,-1,-1
61512,Tracking Quest,,40668,0,0,-1,0,0,0,0,0,0,0,0,0,0,0,0,2060,0,2,33555456,0,520,0,0,0,-1,-1
61516,Tracking Quest,,40670,0,0,-1,0,0,0,0,0,0,0,0,0,0,0,0,2060,0,2,33588224,0,520,0,0,0,-1,-1
61517,zz,,40671,73557,0,-1,0,0,0,0,0,0,0,0,0,0,0,109,742,0,3,34148608,0,268439552,0,0,0,-1,-1
61520,"Враг моей ""Мнемиды""",,40675,88576,0,-1,1,0,0,0,0,0,0,0,0,0,33159,109,2060,0,3,37290240,0,268435456,57559,62706,0,-1,-1
61521,Tracking Quest,,40676,0,0,-1,0,0,0,0,0,0,0,0,0,0,0,0,2060,0,2,33588224,0,512,0,0,0,-1,-1
61522,Бегом к телу,,40677,88019,0,-1,0,0,0,0,0,0,0,0,0,178599,0,0,2060,0,2,39878664,8192,268435968,57597,0,0,-1,-1
61523,Бегом к телу,,40678,88020,0,-1,0,0,0,0,0,0,0,0,0,178599,0,0,2060,0,2,39878664,8192,268435968,57597,0,0,-1,-1
61530,Горное дело: скопление древесного федрита,,40685,0,0,-1,1,0,0,0,0,2761,25,0,0,0,34409,120,837,0,3,34144576,0,268435458,57559,62706,0,-1,-1
61537,Горное дело: скопление монолитного оксеина,,40692,0,0,-1,1,0,0,0,0,2761,25,0,0,0,34429,120,837,0,3,34144576,0,268435458,57559,62706,0,-1,-1
61538,Горное дело: скопление опасного греховира,,40693,0,0,-1,1,0,0,0,0,2761,25,0,0,0,34444,120,837,0,3,34144576,0,268435458,57559,62706,0,-1,-1
61539,Никто не любит личей,,40694,92691,0,-1,0,0,0,0,0,0,0,0,0,0,33169,109,2060,0,3,40435968,8192,268435456,0,0,0,-1,-1
61540,Схватывать на лету,,40695,74689,0,-1,0,0,0,0,0,0,0,0,0,0,33172,109,837,0,3,40435968,8192,268435456,0,0,0,-1,-1
61543,Травничество: сияющий факел дозорного,,40698,0,0,-1,1,0,0,0,0,2760,25,0,0,0,34405,119,837,0,3,34144576,0,268435458,57559,62706,0,-1,-1
61544,Травничество: пышный вдовоцвет,,40699,0,0,-1,1,0,0,0,0,2760,25,0,0,0,34441,119,837,0,3,34144576,0,268435458,57559,62706,0,-1,-1
61545,Травничество: набухший костяной корень,,40700,0,0,-1,1,0,0,0,0,2760,25,0,0,0,34425,119,837,0,3,34144576,0,268435458,57559,62706,0,-1,-1
61549,Засуха,,40704,0,0,-1,1,0,0,0,0,0,0,0,0,0,33179,109,837,0,3,37290240,0,268435456,57559,62706,0,-1,-1
61555,Верховный инквизитор Ветар,,42813,78576,0,-1,0,0,0,0,0,0,0,0,0,0,32041,272,2060,0,3,36245504,524288,268447744,0,0,0,-1,-1
61556,Незваные гости,,42808,78576,0,-1,0,0,0,0,0,0,0,0,0,0,32041,272,2060,0,3,36245504,524288,268447744,0,0,0,-1,-1
61564,Кузнечное дело: полированный кирийский щит,,40719,0,0,-1,1,0,0,0,0,2751,25,0,0,0,34416,116,837,0,3,34144576,0,268435458,57559,62706,0,-1,-1
61565,Tracking Quest,,40720,73557,0,-1,0,0,0,0,0,0,0,0,0,0,33199,0,0,0,3,36242688,0,0,0,0,0,-1,-1
61593,Проблемы с памятью,,40747,88580,0,-1,1,0,0,0,0,0,0,0,0,0,33224,109,2060,0,3,37290240,0,268435456,57559,62706,0,-1,-1
61595,Алхимия: зелье спокойной спячки,,40749,0,0,-1,1,0,0,0,0,2750,25,0,0,0,34399,118,837,0,3,34144576,0,268435458,57559,62706,0,-1,-1
61596,Кулинария: пирог из арденвельдских яблок,,40750,0,0,-1,1,0,0,0,0,2752,25,0,0,0,34401,131,837,0,3,34144576,0,268435458,57559,62706,0,-1,-1
61597,Инженерное дело: прижучиватель,,40751,0,0,-1,1,0,0,0,0,2755,25,0,0,0,34403,122,837,0,3,34144576,0,268435458,57559,62706,0,-1,-1
61598,Рыбная ловля: пятнистый огнехвост,,40752,0,0,-1,1,0,0,0,0,2754,25,0,0,0,34404,130,837,0,3,34144576,0,268435458,57559,62706,0,-1,-1
61599,Начертание: гимн отдохновения,,40753,0,0,-1,1,0,0,0,0,2756,25,0,0,0,34406,126,837,0,3,34144576,0,268435458,57559,62706,0,-1,-1
61601,Ювелирное дело: браслет с каменьями,,40755,0,0,-1,1,0,0,0,0,2757,25,0,0,0,34407,125,837,0,3,34144576,0,268435458,57559,62706,0,-1,-1
61602,Кожевничество: кожаный колчан следопыта,,40756,0,0,-1,1,0,0,0,0,2758,25,0,0,0,34408,117,837,0,3,34144576,0,268435458,57559,62706,0,-1,-1
61603,Снятие шкур: толстая шкура горма,,40757,0,0,-1,1,0,0,0,0,2762,25,0,0,0,34410,124,837,0,3,34144576,0,268435458,57559,62706,0,-1,-1
61604,Портняжное дело: камуфляжный плащ,,40758,0,0,-1,1,0,0,0,0,2759,25,0,0,0,34411,121,837,0,3,34144576,0,268435458,57559,62706,0,-1,-1
61605,Алхимия: настой гротескной силы,,40759,0,0,-1,1,0,0,0,0,2750,25,0,0,0,34432,118,837,0,3,34144576,0,268435458,57559,62706,0,-1,-1
61606,Кузнечное дело: лезвие души,,40760,0,0,-1,1,0,0,0,0,2751,25,0,0,0,34433,116,837,0,3,34144576,0,268435458,57559,62706,0,-1,-1
61607,Кулинария: вяленая паучатина,,40761,0,0,-1,1,0,0,0,0,2752,25,0,0,0,34434,131,837,0,3,34144576,0,268435458,57559,62706,0,-1,-1
61608,Наложение чар: неразрушимый кристалл,,40762,0,0,-1,1,0,0,0,0,2753,25,0,0,0,34435,123,837,0,3,34144576,0,268435458,57559,62706,0,-1,-1
61609,Инженерное дело: костяной метатель кольев,,40763,0,0,-1,1,0,0,0,0,2755,25,0,0,0,34436,122,837,0,3,34144576,0,268435458,57559,62706,0,-1,-1
61610,Рыбная ловля: костяная жижемакрель,,40764,0,0,-1,1,0,0,0,0,2754,25,0,0,0,34437,130,837,0,3,34144576,0,268435458,57559,62706,0,-1,-1
61611,Начертание: литания мощи,,40765,0,0,-1,1,0,0,0,0,2756,25,0,0,0,34426,126,837,0,3,34144576,0,268435458,57559,62706,0,-1,-1
61612,Ювелирное дело: кольцо с граненым кристаллом,,40766,0,0,-1,1,0,0,0,0,2757,25,0,0,0,34427,125,837,0,3,34144576,0,268435458,57559,62706,0,-1,-1
61613,Кожевничество: укрепленные костью накулачники,,40767,0,0,-1,1,0,0,0,0,2758,25,0,0,0,34428,117,837,0,3,34144576,0,268435458,57559,62706,0,-1,-1
61614,Снятие шкур: грубый панцирь,,40768,0,0,-1,1,0,0,0,0,2762,25,0,0,0,34430,124,837,0,3,34144576,0,268435458,57559,62706,0,-1,-1
61615,Портняжное дело: пугающий капюшон,,40769,0,0,-1,1,0,0,0,0,2759,25,0,0,0,34431,121,837,0,3,34144576,0,268435458,57559,62706,0,-1,-1
61619,Алхимия: эликсир смирения,,40772,0,0,-1,1,0,0,0,0,2750,25,0,0,0,34447,118,837,0,3,34144576,0,268435458,57559,62706,0,-1,-1
61620,Кузнечное дело: кандалы гордыни,,40773,0,0,-1,1,0,0,0,0,2751,25,0,0,0,34448,116,837,0,3,34144576,0,268435458,57559,62706,0,-1,-1
61621,Кулинария: ассорти на шпажках,,40774,0,0,-1,1,0,0,0,0,2752,25,0,0,0,34449,131,837,0,3,34144576,0,268435458,57559,62706,0,-1,-1
61622,Инженерное дело: пистолет дуэлянта,,40775,0,0,-1,1,0,0,0,0,2755,25,0,0,0,34450,122,837,0,3,34144576,0,268435458,57559,62706,0,-1,-1
61623,Рыбная ловля: кровавожабрый окунь,,40776,0,0,-1,1,0,0,0,0,2754,25,0,0,0,34440,130,837,0,3,34144576,0,268435458,57559,62706,0,-1,-1
61624,Начертание: перечень грехов,,40777,0,0,-1,1,0,0,0,0,2756,25,0,0,0,34442,126,837,0,3,34144576,0,268435458,57559,62706,0,-1,-1
61625,Ювелирное дело: зловещее колье,,40778,0,0,-1,1,0,0,0,0,2757,25,0,0,0,34443,125,837,0,3,34144576,0,268435458,57559,62706,0,-1,-1
61626,Кожевничество: кожаные сапоги придворного,,40779,0,0,-1,1,0,0,0,0,2758,25,0,0,0,34439,117,837,0,3,34144576,0,268435458,57559,62706,0,-1,-1
61627,Снятие шкур: жуткая могильная шкура,,40780,0,0,-1,1,0,0,0,0,2762,25,0,0,0,34445,124,837,0,3,34144576,0,268435458,57559,62706,0,-1,-1
61628,Портняжное дело: угрожающий гобелен,,40781,0,0,-1,1,0,0,0,0,2759,25,0,0,0,34446,121,837,0,3,34144576,0,268435458,57559,62706,0,-1,-1
61629,Наложение чар: твердая рука,,40782,0,0,-1,1,0,0,0,0,2753,25,0,0,0,34418,123,837,0,3,34144576,0,268435458,57559,62706,0,-1,-1
61630,Наложение чар: вечнопылающее тавро,,40783,0,0,-1,1,0,0,0,0,2753,25,0,0,0,34438,123,837,0,3,34144576,0,268435458,57559,62706,0,-1,-1
61631,Угроза друстов,,40784,87323,0,-1,1,0,0,0,0,0,0,0,0,0,34022,109,2060,0,3,36241664,0,268435456,57559,62706,0,-1,-1
61667,Выковано в тайне,,40820,88288,0,-1,0,0,0,0,0,0,0,0,0,0,33288,109,837,0,3,40435968,8192,268435456,0,0,0,-1,-1
61689,Проблемы с памятью,,40842,88580,0,-1,1,0,0,0,0,0,0,0,0,0,33389,109,2060,0,3,37290240,0,268435456,57559,62706,0,-1,-1
61699,Не ударить в слизь лицом,,40852,79255,0,-1,1,0,0,0,0,0,0,0,0,0,33397,109,837,0,3,107544832,8192,268435456,57559,62706,0,-1,-1
61708,Избавиться от яда,,40861,88843,0,-1,0,0,0,0,0,0,0,0,0,0,34161,109,837,0,3,8061184,8192,268435456,0,0,0,-1,-1
61717,Отлов гормов: Безмятежные пруды,,40870,79261,0,-1,1,0,0,0,0,0,0,0,0,0,33410,109,2060,0,3,108724480,0,268435456,57559,62706,0,-1,-1
61728,Валис Жестокий,,40880,73557,0,-1,0,0,0,0,0,0,0,0,0,0,33423,0,742,0,3,36241792,0,268439552,0,0,0,-1,-1
61738,"Пепельный двор: труппа ""Потерянный Грааль""",,41023,84511,0,-1,0,0,0,0,0,0,0,0,0,0,0,0,2060,0,2,39976960,0,268435976,0,0,0,-1,-1
61765,Опасная защита,,40914,88668,0,-1,0,0,0,0,0,0,0,0,0,0,33471,1,742,0,2,35783048,32768,268435968,0,0,0,-1,-1
61783,Укус так укус,,40932,73555,0,-1,0,0,0,0,0,0,0,0,0,0,33473,115,837,0,3,3735808,0,268435456,0,0,0,-1,-1
61784,Утесы Бастиона,,40933,132428,0,-1,0,0,0,0,0,0,0,0,0,0,33474,115,837,0,3,3735808,0,268435456,0,0,0,-1,-1
61787,Микровойска,,40936,73555,0,-1,0,0,0,0,0,0,0,0,0,0,33476,115,837,0,3,3735808,0,268435456,0,0,0,-1,-1
61791,Верные спутники Тении,,40940,73555,0,-1,0,0,0,0,0,0,0,0,0,0,33477,115,837,0,3,3735808,0,268435456,0,0,0,-1,-1
61813,"""Валинор"", Светоч Эпох",,40962,98713,0,-1,1,0,0,0,0,0,0,0,0,0,33483,112,2060,0,3,37290304,0,268435456,57559,62706,0,-1,-1
61814,Нургаш Жижерожденный,,40963,98713,0,-1,1,0,0,0,0,0,0,0,0,0,33484,112,2060,0,3,37290304,0,268435456,57559,62706,0,-1,-1
61815,Ораномонос Вечноветвящаяся,,40964,98713,0,-1,1,0,0,0,0,0,0,0,0,0,33485,112,2060,0,3,37290304,0,268435456,57559,62706,0,-1,-1
61816,Мортанис,,40965,98713,0,-1,1,0,0,0,0,0,0,0,0,0,33486,112,2060,0,3,37290304,0,268435456,57559,62706,0,-1,-1
61841,Не ударить в слизь лицом,,42458,79255,0,-1,1,0,0,0,0,0,0,0,0,0,33492,109,837,0,3,107544832,8192,268435456,57559,62706,0,-1,-1
61866,Могучие слуги Малдраксуса,,41014,132428,0,-1,0,0,0,0,0,0,0,0,0,0,33502,115,837,0,3,3735808,0,268435456,0,0,0,-1,-1
61867,Дополнительные части,,41015,73555,0,-1,0,0,0,0,0,0,0,0,0,0,33503,115,837,0,3,3735808,0,268435456,0,0,0,-1,-1
61868,Некомфортное прикрытие,,41016,73555,0,-1,0,0,0,0,0,0,0,0,0,0,33504,115,837,0,3,3735808,0,268435456,0,0,0,-1,-1
61870,Неудавшийся эксперимент,,41018,73555,0,-1,0,0,0,0,0,0,0,0,0,0,33505,115,837,0,3,3735808,0,268435456,0,0,0,-1,-1
61879,Пепел будет падать,,41028,73555,0,-1,0,0,0,0,0,0,0,0,0,0,33516,115,837,0,3,3735808,0,268435456,0,0,0,-1,-1
61880,Почетный гость,,41029,84863,0,-1,0,0,0,0,0,0,0,0,0,0,0,0,2060,0,2,306315264,8192,268435976,61704,0,0,-1,-1
61882,Церемониальное развлечение,,41031,84872,0,-1,0,0,0,0,0,0,0,0,0,0,0,0,2060,0,2,306315264,8192,268435976,61706,0,0,-1,-1
61883,Неунывающие выжившие,,41032,132428,0,-1,0,0,0,0,0,0,0,0,0,0,33519,115,837,0,3,3735808,0,268435456,0,0,0,-1,-1
61884,Церемониальные яства,,41048,84877,0,-1,0,0,0,0,0,0,0,0,0,0,0,0,2060,0,2,306315264,8192,268435976,61705,0,0,-1,-1
61885,Особенные друзья Глазгора,,41049,73555,0,-1,0,0,0,0,0,0,0,0,0,0,33520,115,837,0,3,3735808,0,268435456,0,0,0,-1,-1
61886,Игры разума Аддия,,41050,73555,0,-1,0,0,0,0,0,0,0,0,0,0,33521,115,2060,0,3,3735808,0,268435456,0,0,0,-1,-1
61946,Прирожденные защитники,,41108,73555,0,-1,0,0,0,0,0,0,0,0,0,0,33530,115,837,0,3,3735808,0,268435456,0,0,0,-1,-1
61947,Скрываясь в тени,,41109,73555,0,-1,0,0,0,0,0,0,0,0,0,0,33531,115,837,0,3,3735808,0,268435456,0,0,0,-1,-1
61948,Воздушные войска,,41110,132428,0,-1,0,0,0,0,0,0,0,0,0,0,33532,115,837,0,3,3735808,0,268435456,0,0,0,-1,-1
61949,Арденвельдские трикстеры,,41111,73555,0,-1,0,0,0,0,0,0,0,0,0,0,33533,115,837,0,3,3735808,0,268435456,0,0,0,-1,-1
61964,Aubrie Weekly Jailers Tower Quest,,41125,0,0,-1,0,0,0,0,0,0,0,0,0,0,0,0,0,0,3,34177024,0,268435456,0,0,0,-1,-1
61967,Уроки для отстающих,,41128,0,0,-1,1,0,0,0,0,0,0,0,0,0,33540,109,2060,0,3,36372736,8192,268435456,57559,62706,0,-1,-1
61996,Волшебные слова,,41154,87380,0,-1,0,0,0,0,0,0,0,0,0,182474,0,0,2060,0,2,37781512,8192,268435968,57600,0,0,-1,-1
61997,Tracking Quest,,41155,0,0,-1,0,0,0,0,0,0,0,0,0,0,0,0,2060,0,2,33588224,0,512,0,0,0,-1,-1
62051,Игра в гормов: Лощина Духов,,41209,88074,0,-1,1,0,0,0,0,0,0,0,0,0,33593,109,2060,0,3,104530176,0,268435456,57559,62706,0,-1,-1
62058,"Центурионы, встать в строй!",,41216,85106,0,-1,1,0,0,0,0,0,0,0,0,0,33595,109,2060,0,3,37290240,0,268435456,57559,62706,0,-1,-1
62068,Отлов гормов: осыпавшаяся гряда,,41221,79261,0,-1,1,0,0,0,0,0,0,0,0,0,33604,109,837,0,3,108724480,0,268435456,57559,62706,0,-1,-1
62110,Незваные гости,,42807,78577,0,-1,0,0,0,0,0,0,0,0,0,0,32041,272,2060,0,3,36245504,524288,268447744,0,0,0,-1,-1
62111,Дрезгруда,,42812,78577,0,-1,0,0,0,0,0,0,0,0,0,0,32041,272,2060,0,3,36245504,524288,268447744,0,0,0,-1,-1
62112,Неряха,,42811,78578,0,-1,0,0,0,0,0,0,0,0,0,0,32041,272,2060,0,3,36245504,524288,268447744,0,0,0,-1,-1
62113,Незваные гости,,42806,78578,0,-1,0,0,0,0,0,0,0,0,0,0,32041,272,2060,0,3,36245504,524288,268447744,0,0,0,-1,-1
62114,Пожиратель Грехов,,42810,78579,0,-1,0,0,0,0,0,0,0,0,0,0,32041,272,2060,0,3,36245504,524288,268447744,0,0,0,-1,-1
62115,Незваные гости,,42805,78579,0,-1,0,0,0,0,0,0,0,0,0,0,32041,272,2060,0,3,36245504,524288,268447744,0,0,0,-1,-1
62116,Кеду,,42809,82447,0,-1,0,0,0,0,0,0,0,0,0,0,32041,272,2060,0,3,36245504,524288,268447744,0,0,0,-1,-1
62117,Незваные гости,,42804,82447,0,-1,0,0,0,0,0,0,0,0,0,0,32041,272,2060,0,3,36245504,524288,268447744,0,0,0,-1,-1
62118,Традиционные свечи,,42819,78485,0,-1,0,0,0,0,0,0,0,0,0,0,32041,272,2060,0,3,36245504,524288,268447744,0,0,0,-1,-1
62119,Рев пламени,,42818,78485,0,-1,0,0,0,0,0,0,0,0,0,0,32041,272,2060,0,3,36245504,524288,268447744,0,0,0,-1,-1
62120,Украденные реликвии,,42817,78486,0,-1,0,0,0,0,0,0,0,0,0,0,32041,272,2060,0,3,36245504,524288,268447744,0,0,0,-1,-1
62121,Суд картеля Та,,42816,78486,0,-1,0,0,0,0,0,0,0,0,0,0,32041,272,2060,0,3,36245504,524288,268447744,0,0,0,-1,-1
62122,Таинственные зеркала,,42815,78487,0,-1,0,0,0,0,0,0,0,0,0,0,32041,272,2060,0,3,36245504,524288,268447744,0,0,0,-1,-1
62123,Побег из тюрьмы,,42814,78487,0,-1,0,0,0,0,0,0,0,0,0,0,32041,272,2060,0,3,36245504,524288,268447744,0,0,0,-1,-1
62124,Ритуал обвинения,,42825,78553,0,-1,0,0,0,0,0,0,0,0,0,0,32041,272,2060,0,3,36245504,524288,268447744,0,0,0,-1,-1
62125,Ритуал отпущения грехов,,42824,78553,0,-1,0,0,0,0,0,0,0,0,0,0,32041,272,2060,0,3,36245504,524288,268447744,0,0,0,-1,-1
62126,Спасение животных,,42823,78554,0,-1,0,0,0,0,0,0,0,0,0,0,32041,272,2060,0,3,36245504,524288,268447744,0,0,0,-1,-1
62127,Отлов диких зверей,,42822,78554,0,-1,0,0,0,0,0,0,0,0,0,0,32041,272,2060,0,3,36245504,524288,268447744,0,0,0,-1,-1
62128,Начало концерта,,42821,78555,0,-1,0,0,0,0,0,0,0,0,0,0,32041,272,2060,0,3,36245504,524288,268447744,0,0,0,-1,-1
62129,Танец любви,,42820,78555,0,-1,0,0,0,0,0,0,0,0,0,0,32041,272,2060,0,3,36245504,524288,268447744,0,0,0,-1,-1
62130,Мгновенье тишины,,42832,78557,0,-1,0,0,0,0,0,0,0,0,0,0,32041,272,2060,0,3,36245504,524288,268447744,0,0,0,-1,-1
62132,Бросание едой,,42829,78558,0,-1,0,0,0,0,0,0,0,0,0,0,32041,272,2060,0,3,36245504,524288,268447744,0,0,0,-1,-1
62133,Made to Order,,42828,78558,0,-1,0,0,0,0,0,0,0,0,0,0,32041,272,2060,0,3,36245504,524288,268447744,0,0,0,-1,-1
62134,Понижение планки,,42827,78559,0,-1,0,0,0,0,0,0,0,0,0,0,32041,272,2060,0,3,36245504,524288,268447744,0,0,0,-1,-1
62135,Экспериментальные грибочки,,42826,78559,0,-1,0,0,0,0,0,0,0,0,0,0,32041,272,2060,0,3,36245504,524288,268447744,0,0,0,-1,-1
62136,Глинблин,,42839,85050,0,-1,0,0,0,0,0,0,0,0,0,0,32041,272,2060,0,3,36245504,524288,268447744,0,0,0,-1,-1
62137,Тост Теотара,,42838,85051,0,-1,0,0,0,0,0,0,0,0,0,0,32041,272,2060,0,3,36245504,524288,268447744,0,0,0,-1,-1
62138,Незваный крушитель,,42837,85052,0,-1,0,0,0,0,0,0,0,0,0,0,32041,272,2060,0,3,36245504,524288,268447744,0,0,0,-1,-1
62139,Стукербок,,42836,85053,0,-1,0,0,0,0,0,0,0,0,0,0,32041,272,2060,0,3,36245504,524288,268447744,0,0,0,-1,-1
62140,Вентир-провокатор,,42835,85054,0,-1,0,0,0,0,0,0,0,0,0,0,32041,272,2060,0,3,36245504,524288,268447744,0,0,0,-1,-1
62141,Неспокойный нарыв,,42834,85055,0,-1,0,0,0,0,0,0,0,0,0,0,32041,272,2060,0,3,36245504,524288,268447744,0,0,0,-1,-1
62142,Пепельный ужас небес,,42833,85056,0,-1,0,0,0,0,0,0,0,0,0,0,32041,272,2060,0,3,36245504,524288,268447744,0,0,0,-1,-1
62143,Убийство полковника Морта,,42847,85057,0,-1,0,0,0,0,0,0,0,0,0,0,32041,272,2060,0,3,36245504,524288,268447744,0,0,0,-1,-1
62144,Каменное наследие,,42846,85058,0,-1,0,0,0,0,0,0,0,0,0,0,32041,272,2060,0,3,36245504,524288,268447744,0,0,0,-1,-1
62145,Преступление моды,,42845,85059,0,-1,0,0,0,0,0,0,0,0,0,0,32041,272,2060,0,3,36245504,524288,268447744,0,0,0,-1,-1
62146,Чуть удобнее,,42844,85060,0,-1,0,0,0,0,0,0,0,0,0,0,32041,272,2060,0,3,36245504,524288,268447744,0,0,0,-1,-1
62147,Назойливые вредители,,42843,85061,0,-1,0,0,0,0,0,0,0,0,0,0,32041,272,2060,0,3,36245504,524288,268447744,0,0,0,-1,-1
62148,Дождь анимы,,42842,85062,0,-1,0,0,0,0,0,0,0,0,0,0,32041,272,2060,0,3,36245504,524288,268447744,0,0,0,-1,-1
62149,[DNT],,42841,85063,0,-1,0,0,0,0,0,0,0,0,0,0,32041,272,2060,0,3,36245504,524288,268447744,0,0,0,-1,-1
62150,[DNT],,42840,85064,0,-1,0,0,0,0,0,0,0,0,0,0,32041,272,2060,0,3,36245504,524288,268447744,0,0,0,-1,-1
62171,Пора пить чай!,,42830,78557,0,-1,0,0,0,0,0,0,0,0,0,0,32041,272,2060,0,3,36245504,524288,268447744,0,0,0,-1,-1
62194,Боевые слова,,41282,87379,0,-1,0,0,0,0,0,0,0,0,0,182474,0,0,2060,0,2,39878664,8192,268435968,57600,0,0,-1,-1
62195,Последнее слово,,41284,87378,0,-1,0,0,0,0,0,0,0,0,0,182474,0,0,2060,0,2,37781512,8192,268435968,57600,0,0,-1,-1
62203,Сильные помехи в зеркале,,41291,79970,0,-1,0,0,0,0,0,0,0,0,0,0,33668,109,837,0,3,40435968,0,268435456,0,0,0,-1,-1
62204,Сильные помехи в зеркале,,41292,79970,0,-1,0,0,0,0,0,0,0,0,0,0,33669,109,837,0,3,40435968,0,268435456,0,0,0,-1,-1
62209,Псарь Васанок,,41297,73557,0,-1,0,0,0,0,0,0,0,0,0,0,33926,0,742,0,3,36241856,0,268439552,0,0,0,-1,-1
62210,Саннгрор Истязатель,,41298,73557,0,-1,0,0,0,0,0,0,0,0,0,0,33927,0,742,0,3,36241856,0,268439552,0,0,0,-1,-1
62211,Матриарх крыс Утробы,,41299,73557,0,-1,0,0,0,0,0,0,0,0,0,0,33925,0,742,0,3,36241856,0,268439552,0,0,0,-1,-1
62212,Tracking Quest,,41300,0,0,-1,0,0,0,0,0,0,0,0,0,0,0,0,2060,0,2,33588224,0,512,0,0,0,-1,-1
62214,Вечные мученики,,41302,88668,0,-1,0,0,0,0,0,0,0,0,0,0,33675,1,742,0,2,35651976,32768,268435968,0,0,0,-1,-1
62215,Tracking Quest,,41303,0,0,-1,0,0,0,0,0,0,0,0,0,0,0,0,2060,0,2,33588224,0,512,0,0,0,-1,-1
62233,Tracking Quest,,41317,0,0,-1,0,0,0,0,0,0,0,0,0,0,0,0,2060,0,2,33588224,0,512,0,0,0,-1,-1
62234,Мощь колосса,,41318,88668,0,-1,0,0,0,0,0,0,0,0,0,0,33682,1,742,0,2,35651976,32768,268435968,0,0,0,-1,-1
62235,Развеять страхи,,41319,73555,0,-1,0,0,0,0,0,0,0,0,0,0,33681,109,837,0,3,40567040,8192,268435456,0,0,0,-1,-1
62239,Борьба с грызунами,,41322,88669,0,-1,0,0,0,0,0,0,0,0,0,183105,34295,0,742,0,2,35782792,32768,268435968,0,0,0,-1,-1
62241,Режим тренировок,,41324,88025,0,-1,0,0,0,0,0,0,0,0,0,0,33697,109,837,0,3,40435968,0,268435456,0,0,0,-1,-1
62253,Tracking Quest,,41335,0,0,-1,0,0,0,0,0,0,0,0,0,0,0,0,2060,0,2,33588224,0,512,0,0,0,-1,-1
62257,Tracking Quest,,41339,0,0,-1,0,0,0,0,0,0,0,0,0,0,0,0,2060,0,2,33588224,0,512,0,0,0,-1,-1
62258,Парить над Бастионом,,41340,88024,0,-1,0,0,0,0,0,0,0,0,0,0,33698,109,837,0,3,40435968,0,268435456,0,0,0,-1,-1
62262,Кормление грибов,,41344,83703,0,-1,0,0,0,0,0,0,0,0,0,0,33706,0,1401,0,2,33554440,32768,268435968,0,0,0,-1,-1
62280,Лимб,,41361,85543,0,-1,0,0,0,0,0,0,0,0,0,0,33720,109,2060,0,3,104399104,0,268435456,0,0,0,-1,-1
62290,Tracking Quest,,41371,0,0,-1,0,0,0,0,0,0,0,0,0,0,0,0,2060,0,2,33588224,0,512,0,0,0,-1,-1
62295,Уборка в хранилище,,41374,83700,0,-1,0,0,0,0,0,0,0,0,0,0,33731,0,1401,0,2,33554440,32768,268435968,0,0,0,-1,-1
62362,Нестабильные реакции,,41424,79684,0,-1,5,0,0,0,0,0,0,0,0,0,33771,0,837,0,2,39846152,40960,268435968,0,0,0,-1,-1
62363,Тяжелая задача,,41425,79684,0,-1,5,0,0,0,0,0,0,0,0,0,33772,0,837,0,2,39846152,40960,268435968,0,0,0,-1,-1
62364,Суровый урок,,41426,79684,0,-1,5,0,0,0,0,0,0,0,0,0,33780,0,837,0,2,39846152,40960,268435968,0,0,0,-1,-1
62365,Хрупкие создания,,41427,83700,0,-1,0,0,0,0,0,0,0,0,0,0,33781,0,1401,0,2,33554440,32768,268435968,0,0,0,-1,-1
62390,Учет тел,,41451,79684,0,-1,5,0,0,0,0,0,0,0,0,0,33797,0,837,0,2,39846152,40960,268435968,0,0,0,-1,-1
62411,Tracking Quest,,41472,0,0,-1,0,0,0,0,0,0,0,0,0,0,0,0,2060,0,2,33555456,0,512,0,0,0,-1,-1
62451,Нападение на Преддверие Вечности,,41510,87182,0,-1,1,0,0,0,0,0,0,0,0,0,33850,109,837,0,3,3735808,0,268435456,57559,62706,0,-1,-1
62473,"Было старое, стало новое",,41532,83700,0,-1,0,0,0,0,0,0,0,0,0,0,33859,0,1401,0,2,33554440,32768,268435968,0,0,0,-1,-1
62484,Работенка в процессе,,41543,83700,0,-1,0,0,0,0,0,0,0,0,0,183795,33864,0,1401,0,2,37748744,32768,268435968,0,0,0,-1,-1
62535,Tracking Quest,,41594,0,0,-1,0,0,0,0,0,0,0,0,0,0,0,0,2060,0,2,33555456,0,512,0,0,0,-1,-1
62539,Стигийский испепелитель,,41598,73557,0,-1,0,0,0,0,0,0,0,0,0,0,33880,0,742,0,3,36241856,0,268439552,0,0,0,-1,-1
62553,Сдерживание усилий,,41610,83703,0,-1,0,0,0,0,0,0,0,0,0,0,33446,0,1401,0,2,37748744,32768,268435968,0,0,0,-1,-1
62584,Снабжение передовой,,41636,83700,0,-1,0,0,0,0,0,0,0,0,0,0,33890,0,1401,0,2,39845896,32768,268435968,0,0,0,-1,-1
62618,Одалрик,,41669,73557,0,-1,0,0,0,0,0,0,0,0,0,0,0,0,742,0,3,36245888,0,268439552,0,0,0,-1,-1
62691,Призыв в Ревендрете,,44340,70102,0,-1,131073,0,0,0,0,0,0,0,0,0,0,271,2060,0,2,103809280,0,268435464,62695,62699,0,-1,-1
62692,Призыв в Бастионе,,44339,70101,0,-1,131073,0,0,0,0,0,0,0,0,0,0,271,2060,0,2,103809280,0,268435464,62698,62699,0,-1,-1
62693,Призыв в Арденвельде,,44337,70103,0,-1,131073,0,0,0,0,0,0,0,0,0,0,271,2060,0,2,103809280,0,268435456,62697,62699,0,-1,-1
62694,Призыв в Малдраксусе,,44338,70104,0,-1,131073,0,0,0,0,0,0,0,0,0,0,271,2060,0,2,103809280,0,268435456,62835,62699,0,-1,-1
62705,Очищение храма,,41744,87994,0,-1,0,0,0,0,0,0,0,0,0,0,0,0,1707,0,3,36372480,16384,268435968,0,0,0,-1,-1
62712,Война на истощение,,41751,87995,0,-1,0,0,0,0,0,0,0,0,0,0,0,0,1707,0,3,40566784,8192,268435968,0,0,0,-1,-1
62720,Погибшее Древо,,41759,88877,0,-1,0,0,0,0,0,0,0,0,0,0,0,0,1707,0,3,36241408,0,268435968,62713,0,0,-1,-1
62721,Разобрать проблему,,41760,87995,0,-1,0,0,0,0,0,0,0,0,0,0,0,0,1707,0,3,40566784,8192,268435968,0,0,0,-1,-1
62723,Укрепление Бастиона,,41762,86994,0,-1,1,0,0,0,0,0,0,0,0,0,0,0,1707,0,2,35127296,2048,268435968,0,0,0,-1,-1
62724,Ye Olde Test of Strength,,41763,0,0,-1,0,0,0,0,0,0,0,0,0,0,0,0,0,0,3,33554440,0,268435456,0,0,0,-1,-1
62726,Ye Olde Test of Fortitude,,41765,0,0,-1,0,0,0,0,0,0,0,0,0,0,0,0,0,0,3,33554440,0,268435456,0,0,0,-1,-1
62732,Фокус на локусе,,41770,87994,0,-1,0,0,0,0,0,0,0,0,0,0,0,0,1707,0,3,40435712,16384,268435968,0,0,0,-1,-1
62735,Навязчивые воспоминания,,41773,87994,0,-1,0,0,0,0,0,0,0,0,0,0,0,0,1707,0,3,40435712,16384,268435968,0,0,0,-1,-1
62736,Выселение в Малдраксус,,41774,87994,0,-1,0,0,0,0,0,0,0,0,0,0,0,0,1707,0,3,36372480,16384,268435968,0,0,0,-1,-1
62737,Претендент на один день,,41775,87994,0,-1,0,0,0,0,0,0,0,0,0,0,0,0,1707,0,3,36372480,16384,268435968,0,0,0,-1,-1
62741,Выбор мер,,41779,87995,0,-1,0,0,0,0,0,0,0,0,0,0,0,0,1707,0,3,40566784,8192,268435968,0,0,0,-1,-1
62742,Беги как от чумы,,41780,87995,0,-1,0,0,0,0,0,0,0,0,0,0,0,0,1707,0,3,40566784,8192,268435968,0,0,0,-1,-1
62743,Опустошение,,41781,87995,0,-1,0,0,0,0,0,0,0,0,0,0,0,0,1707,0,3,6881280,8192,268435968,0,0,0,-1,-1
62748,Сборы в Малдраксусе,,41786,86994,0,-1,1,0,0,0,0,0,0,0,0,0,0,0,1707,0,2,35127552,0,268435968,0,0,0,-1,-1
62763,Поддержка Двора,,41802,86994,0,-1,1,0,0,0,0,0,0,0,0,0,0,0,1707,0,2,35127552,0,268435968,0,0,0,-1,-1
62773,Пруды Святилища Снов,,41812,87993,0,-1,0,0,0,0,0,0,0,0,0,0,0,0,1707,0,3,37289984,0,268435968,62713,0,0,-1,-1
62774,Безмятежные пруды,,41813,87993,0,-1,0,0,0,0,0,0,0,0,0,179921,0,0,1707,0,3,37421056,8192,268435968,62713,0,0,-1,-1
62775,Увядающая роща,,41814,87993,0,-1,0,0,0,0,0,0,0,0,0,0,0,0,1707,0,3,36241408,0,268435968,62713,0,0,-1,-1
62778,Помощь Ревендрету,,41817,86994,0,-1,1,0,0,0,0,0,0,0,0,0,0,0,1707,0,2,35127552,0,268435968,0,0,0,-1,-1
62780,Паразиты реальности,,41819,87998,0,-1,0,0,0,0,0,0,0,0,0,0,0,0,1707,0,3,36241408,0,268435968,62713,0,0,-1,-1
62781,Сушь и пепел,,41820,87998,0,-1,0,0,0,0,0,0,0,0,0,0,0,0,1707,0,3,36241408,0,268435968,62713,0,0,-1,-1
62782,Гибельный лес,,41821,87998,0,-1,0,0,0,0,0,0,0,0,0,0,0,0,1707,0,3,36241408,0,268435968,62713,0,0,-1,-1
62783,Погоня за страхом,,41822,87998,0,-1,0,0,0,0,0,0,0,0,0,0,0,0,1707,0,3,36241408,0,268435968,62713,0,0,-1,-1
62784,Мошеннические ритуалы,,41823,87998,0,-1,0,0,0,0,0,0,0,0,0,0,0,0,1707,0,3,36241408,0,268435968,62713,0,0,-1,-1
63031,Добыча ресурсов: кристаллизованная стигия,,42051,88666,0,-1,0,0,0,0,0,0,0,0,0,184510,34279,0,742,0,2,35651976,32768,268435968,0,0,0,-1,-1
63038,Гарантированная доставка,,42052,88574,0,-1,0,0,0,0,0,0,0,0,0,184513,34297,1,742,0,2,308281480,41024,268435968,0,0,0,-1,-1
63039,Памятник во имя отмщения,,42053,88666,0,-1,0,0,0,0,0,0,0,0,0,0,34280,0,742,0,2,35651976,32768,268435968,0,0,0,-1,-1
63040,Гарантированная доставка,,42054,88574,0,-1,0,0,0,0,0,0,0,0,0,184513,34298,1,742,0,2,308281480,40960,268435968,0,0,0,-1,-1
63042,Неприкаянная душа,,42056,21439,0,-1,0,0,0,0,0,0,0,0,0,0,0,273,742,0,3,34082816,67108864,268447744,0,0,0,-1,-1
63043,Разорванные души,,42057,88666,0,-1,0,0,0,0,0,0,0,0,0,0,34283,0,742,0,2,39911816,32768,268435968,0,0,0,-1,-1
63044,Извергатель крыс,,42058,73557,0,-1,0,0,0,0,0,0,0,0,0,0,34170,0,742,0,3,36241792,0,268439552,0,0,0,-1,-1
63045,Пища для души,,42059,88574,0,-1,0,0,0,0,0,0,0,0,0,0,34296,1,742,0,2,39846024,40960,268435968,0,0,0,-1,-1
63047,Добыча: выкованные в кузне рун оковы,,42061,88666,0,-1,0,0,0,0,0,0,0,0,0,184552,34282,0,742,0,2,304087176,32768,268435968,0,0,0,-1,-1
63050,Добыча: полыхающие слитки,,42064,88666,0,-1,0,0,0,0,0,0,0,0,0,184556,34284,0,742,0,2,304087176,32768,268435968,0,0,0,-1,-1
63062,Пытки навынос,,42077,88666,0,-1,0,0,0,0,0,0,0,0,0,0,34281,0,742,0,2,35651720,40960,268435968,0,0,0,-1,-1
63069,Что им известно,,42082,88669,0,-1,0,0,0,0,0,0,0,0,0,0,34277,0,742,0,2,35651720,32768,268435968,0,0,0,-1,-1
63072,Добыча ресурсов: стигийская руда,,42085,88669,0,-1,0,0,0,0,0,0,0,0,0,0,34278,0,742,0,2,35651720,32768,268435968,0,0,0,-1,-1
63100,Товарищи по несчастью,,42113,88666,0,-1,0,0,0,0,0,0,0,0,0,0,34276,0,742,0,2,35717256,32768,268435968,0,0,0,-1,-1
63166,Мрачная участь,,42178,88666,0,-1,0,0,0,0,0,0,0,0,0,0,34299,0,742,0,2,39846024,32768,268435968,0,0,0,-1,-1
63179,Не разлей вода,,42191,88666,0,-1,0,0,0,0,0,0,0,0,0,0,34300,0,742,0,2,39846024,32832,268435968,0,0,0,-1,-1
63206,Бездушные оболочки,,42217,88667,0,-1,0,0,0,0,0,0,0,0,0,0,34305,0,742,0,2,35783048,32768,268435968,0,0,0,-1,-1
63543,Атака некролордов,,42555,91090,0,-1,0,0,0,0,0,0,0,0,0,0,34594,268,2060,0,3,40436032,532480,268435456,0,0,0,-1,-1
63544,Maldraxxus Assault Complete,,42556,0,0,-1,0,0,0,0,0,0,0,0,0,0,0,0,2043,0,3,33555456,0,8,0,0,0,-1,-1
63685,Лучший друг хранителя склепа Каззира,,42695,89768,0,-1,0,0,0,0,0,0,0,0,0,0,0,0,2060,0,0,2097152,128,268435976,0,0,0,-1,-1
63686,Лучший друг баронессы Вайш,,42696,89770,0,-1,0,0,0,0,0,0,0,0,0,0,0,0,2060,0,0,2097152,128,268435976,0,0,0,-1,-1
63687,Лучший друг Лунной Ягоды,,42697,89771,0,-1,0,0,0,0,0,0,0,0,0,0,0,0,2060,0,0,2097152,128,268435976,0,0,0,-1,-1
63688,Лучший друг Миканикоса,,42698,89772,0,-1,0,0,0,0,0,0,0,0,0,0,0,0,2060,0,0,2097152,128,268435976,0,0,0,-1,-1
63689,Лучший друг Графини,,42699,89773,0,-1,0,0,0,0,0,0,0,0,0,0,0,0,2060,0,0,2097152,128,268435976,0,0,0,-1,-1
63690,Лучший друг Александроса Могрейна,,42700,89774,0,-1,0,0,0,0,0,0,0,0,0,0,0,0,2060,0,0,2097152,128,268435976,0,0,0,-1,-1
63691,Лучший друг капитана-егеря Корейн,,42701,89775,0,-1,0,0,0,0,0,0,0,0,0,0,0,0,2060,0,0,2097152,128,268435976,0,0,0,-1,-1
63692,Лучший друг полемарха Адреста,,42702,89776,0,-1,0,0,0,0,0,0,0,0,0,0,0,0,2060,0,0,2097152,128,268435976,0,0,0,-1,-1
63693,Лучший друг Рендла и Дуборыла,,42703,89777,0,-1,0,0,0,0,0,0,0,0,0,0,0,0,2060,0,0,2097152,128,268435976,0,0,0,-1,-1
63694,Лучший друг Чуфы,,42704,89778,0,-1,0,0,0,0,0,0,0,0,0,0,0,0,2060,0,0,2097152,128,268435976,0,0,0,-1,-1
63695,Лучший друг дромана Алиот,,42705,89779,0,-1,0,0,0,0,0,0,0,0,0,0,0,0,2060,0,0,2097152,128,268435976,0,0,0,-1,-1
63696,Лучший друг великого мастера Воула,,42706,89780,0,-1,0,0,0,0,0,0,0,0,0,0,0,0,2060,0,0,2097152,128,268435976,0,0,0,-1,-1
63697,Лучший друг Клейи и Пелагия,,42707,89781,0,-1,0,0,0,0,0,0,0,0,0,0,0,0,2060,0,0,2097152,128,268435976,0,0,0,-1,-1
63698,Лучший друг изобретателя чумы Марилета,,42708,89782,0,-1,0,0,0,0,0,0,0,0,0,0,0,0,2060,0,0,2097152,128,268435976,0,0,0,-1,-1
63699,Лучший друг Сики,,42709,89783,0,-1,0,0,0,0,0,0,0,0,0,0,0,0,2060,0,0,2097152,128,268435976,0,0,0,-1,-1
63700,Лучший друг Камнелба,,42710,89784,0,-1,0,0,0,0,0,0,0,0,0,0,0,0,2060,0,0,2097152,128,268435976,0,0,0,-1,-1
63775,Криптограммы и ключи,,42767,92685,0,-1,0,0,0,0,0,0,0,0,0,0,34999,0,2043,0,2,35651720,32768,268435968,0,0,0,-1,-1
63776,Записи наблюдений,,42768,90234,0,-1,0,0,0,0,0,0,0,0,0,0,35064,0,2043,0,2,35651720,32768,268435968,0,0,0,-1,-1
63777,Запечатанные секреты,,42769,90234,0,-1,0,0,0,0,0,0,0,0,0,0,35008,0,2043,0,2,35651720,32768,268435968,0,0,0,-1,-1
63778,Мы смотрим в будущее,,42770,92685,0,-1,0,0,0,0,0,0,0,0,0,0,35002,0,2043,0,2,35651720,32768,268435968,0,0,0,-1,-1
63779,Подобие порядка,,42771,92685,0,-1,0,0,0,0,0,0,0,0,0,0,35003,0,2043,0,2,35651720,32768,268435968,0,0,0,-1,-1
63780,Отплатим той же монетой!,,42772,90234,0,-1,0,0,0,0,0,0,0,0,0,0,35004,0,2043,0,2,35651720,32768,268435968,0,0,0,-1,-1
63781,Боевые планы Верных Утробе,,42773,92685,0,-1,0,0,0,0,0,0,0,0,0,0,35005,0,2043,0,2,35651720,32768,268435968,0,0,0,-1,-1
63782,Ритуалы Верных Утробе,,42774,90234,0,-1,0,0,0,0,0,0,0,0,0,0,35006,0,2043,0,2,35651720,32768,268435968,0,0,0,-1,-1
63783,Изъятие анимы,,42775,90234,0,-1,0,0,0,0,0,0,0,0,0,0,35007,0,2043,0,2,35651720,32768,268435968,0,0,0,-1,-1
63784,Золото не вопрос,,42776,90234,0,-1,0,0,0,0,0,0,0,0,0,0,35035,0,2043,0,2,35651976,32768,268435968,0,0,0,-1,-1
63785,Неустанная борьба: Форум Искателей,,42777,92685,0,-1,0,0,0,0,0,0,0,0,0,0,35031,0,2043,0,2,36700296,32768,268435968,0,0,0,-1,-1
63786,Атака на Обветренный утес,,42778,92685,0,-1,0,0,0,0,0,0,0,0,0,0,35010,0,2043,0,2,35651720,32768,268435968,0,0,0,-1,-1
63787,Неустанная борьба: Площадка терзателей,,42779,90234,0,-1,0,0,0,0,0,0,0,0,0,0,35011,0,2043,0,2,35651720,32768,268435968,0,0,0,-1,-1
63788,Неустанная борьба: Святилище наставлений,,42780,90234,0,-1,0,0,0,0,0,0,0,0,0,0,35012,0,2043,0,2,35651720,32768,268435968,0,0,0,-1,-1
63789,Неустанная борьба: Обитель ученых,,42781,90234,0,-1,0,0,0,0,0,0,0,0,0,0,35013,0,2043,0,2,35651720,32768,268435968,0,0,0,-1,-1
63790,Задание брокеров: лорд Аззорак,,42782,90234,0,-1,0,0,0,0,0,0,0,0,0,0,35014,1,2043,0,2,169869448,32768,268435968,0,0,0,-1,-1
63791,Задание брокеров: Валдинар Окаянный,,42783,90234,0,-1,0,0,0,0,0,0,0,0,0,0,35015,1,2043,0,2,169869448,32768,268435968,0,0,0,-1,-1
63792,Задание брокеров: Ноктюрнус Развоплотитель,,42784,90234,0,-1,0,0,0,0,0,0,0,0,0,0,35016,1,2043,0,2,169869448,32768,268435968,0,0,0,-1,-1
63793,Задание брокеров: Энсидий Осквернитель,,42785,90234,0,-1,0,0,0,0,0,0,0,0,0,0,35017,1,2043,0,2,169869448,32768,268435968,0,0,0,-1,-1
63794,Задание брокеров: голодающее чудище,,42786,90234,0,-1,0,0,0,0,0,0,0,0,0,0,35018,1,2043,0,2,169869704,32768,268435968,0,0,0,-1,-1
63819,Revendreth Wrapper Complete,,42853,0,0,-1,0,0,0,0,0,0,0,0,0,0,0,0,2043,0,3,33555456,0,0,0,0,0,-1,-1
63820,Bastion Wrapper Complete,,42854,0,0,-1,0,0,0,0,0,0,0,0,0,0,0,0,2043,0,3,33555456,0,8,0,0,0,-1,-1
63821,Ardenweald Wrapper Complete,,42855,0,0,-1,0,0,0,0,0,0,0,0,0,0,0,0,2043,0,3,33555456,0,8,0,0,0,-1,-1
63822,Атака вентиров,,42856,91495,0,-1,0,0,0,0,0,0,0,0,0,0,34778,268,2060,0,3,6881600,532480,268435456,0,0,0,-1,-1
63823,Атака ночного народца,,42857,91090,0,-1,0,0,0,0,0,0,0,0,0,0,34774,268,2060,0,3,6881600,532480,268435456,0,0,0,-1,-1
63824,Атака кирий,,42858,91090,0,-1,0,0,0,0,0,0,0,0,0,0,34776,268,2060,0,3,40436032,532480,268435456,0,0,0,-1,-1
63850,Выслеживание малых консолей,,42883,0,0,-1,0,0,0,0,0,0,0,0,0,0,0,265,2057,0,3,34148352,0,268447744,0,0,0,-1,-1
63934,Возвращение сообщения,,42965,90234,0,-1,0,0,0,0,0,0,0,0,0,0,35022,0,2043,0,2,35651720,32768,268435968,0,0,0,-1,-1
63935,Заветные корни,,42966,90234,0,-1,0,0,0,0,0,0,0,0,0,0,35023,0,2043,0,2,35651720,32768,268435968,0,0,0,-1,-1
63936,Поглощенная анима,,42967,90234,0,-1,0,0,0,0,0,0,0,0,0,0,35024,0,2043,0,2,35651720,32768,268435968,0,0,0,-1,-1
63937,Страшные острые зубищи,,42968,92685,0,-1,0,0,0,0,0,0,0,0,0,0,35025,0,2043,0,2,35651720,32768,268435968,0,0,0,-1,-1
63938,Gorm Grown: Black [DNT],,42969,0,0,-1,0,0,0,0,0,0,0,0,0,0,0,0,2043,0,3,33555456,0,8,0,0,0,-1,-1
63939,Gorm Grown: Blue [DNT],,42970,0,0,-1,0,0,0,0,0,0,0,0,0,0,0,0,2043,0,3,33555456,0,8,0,0,0,-1,-1
63940,Gorm Grown: Green [DNT],,42971,0,0,-1,0,0,0,0,0,0,0,0,0,0,0,0,2043,0,3,33555456,0,8,0,0,0,-1,-1
63941,Gorm Grown: Purple [DNT],,42972,0,0,-1,0,0,0,0,0,0,0,0,0,0,0,0,2043,0,3,33555456,0,8,0,0,0,-1,-1
63942,Gorm Grown: White [DNT],,42973,0,0,-1,0,0,0,0,0,0,0,0,0,0,0,0,2043,0,3,33555456,0,8,0,0,0,-1,-1
63943,Gorm Grown: Yellow [DNT],,42974,0,0,-1,0,0,0,0,0,0,0,0,0,0,0,0,2043,0,3,35652608,0,8,0,0,0,-1,-1
63949,Определяя судьбу,,43017,0,0,-1,0,0,0,0,0,0,0,0,0,0,0,0,2043,0,2,33587272,0,268435968,63902,0,0,-1,-1
63950,Когти бритвокрылов,,42981,90234,0,-1,0,0,0,0,0,0,0,0,0,0,35026,0,2043,0,2,35651720,32768,268435968,0,0,0,-1,-1
63953,Месть Коррака,,53365,0,0,-1,0,0,0,0,0,0,0,0,0,0,19885,283,973,0,3,34144256,0,268435456,0,0,0,-1,-1
63954,Запечатанные секреты,,42985,90234,0,-1,0,0,0,0,0,0,0,0,0,0,35037,0,2043,0,2,35651720,32768,268435968,0,0,0,-1,-1
63955,Запечатанные секреты,,42986,90234,0,-1,0,0,0,0,0,0,0,0,0,0,35062,0,2043,0,2,35651720,32768,268435968,0,0,0,-1,-1
63956,Запечатанные секреты,,42987,90234,0,-1,0,0,0,0,0,0,0,0,0,0,35061,0,2043,0,2,35651720,32768,268435968,0,0,0,-1,-1
63957,Записи наблюдений,,42988,90234,0,-1,0,0,0,0,0,0,0,0,0,0,35065,0,2043,0,2,35651720,32768,268435968,0,0,0,-1,-1
63958,Записи наблюдений,,42989,90234,0,-1,0,0,0,0,0,0,0,0,0,0,35066,0,2043,0,2,35651720,32768,268435968,0,0,0,-1,-1
63959,Записи наблюдений,,42990,90234,0,-1,0,0,0,0,0,0,0,0,0,0,35068,0,2043,0,2,35651720,32768,268435968,0,0,0,-1,-1
63960,Записи наблюдений,,42991,90234,0,-1,0,0,0,0,0,0,0,0,0,0,35067,0,2043,0,2,35651720,32768,268435968,0,0,0,-1,-1
63961,Запечатанные секреты,,42992,90234,0,-1,0,0,0,0,0,0,0,0,0,0,35063,0,2043,0,2,35651720,32768,268435968,0,0,0,-1,-1
63962,Записи наблюдений,,42993,90234,0,-1,0,0,0,0,0,0,0,0,0,0,35069,0,2043,0,2,35651720,32768,268435968,0,0,0,-1,-1
63963,Задание брокеров: Железная Лапа,,42994,90234,0,-1,0,0,0,0,0,0,0,0,0,0,35076,1,2043,0,2,35651720,32768,268435968,0,0,0,-1,-1
63964,Задание брокеров: Мрачный Коготь,,42995,90234,0,-1,0,0,0,0,0,0,0,0,0,0,35077,1,2043,0,2,35651720,32768,268435968,0,0,0,-1,-1
63965,Спасение яиц бритвокрылов,,42996,92685,0,-1,0,0,0,0,0,0,0,0,0,0,35029,0,2043,0,2,35651720,32768,268435968,0,0,0,-1,-1
63989,Скользим со стилем,,43019,92685,0,-1,0,0,0,0,0,0,0,0,0,0,35034,0,2043,0,2,39846024,40960,268435968,0,0,0,-1,-1
64015,В мясорубку,,43042,92685,0,-1,0,0,0,0,0,0,0,0,0,0,35025,0,2043,0,2,39846024,40960,268435968,0,0,0,-1,-1
64016,Скользим со стилем,,43043,92685,0,-1,0,0,0,0,0,0,0,0,0,0,35120,0,2043,0,2,39846024,40960,268435968,0,0,0,-1,-1
64017,Скользим со стилем,,43044,92685,0,-1,0,0,0,0,0,0,0,0,0,0,35119,0,2043,0,2,39846024,40960,268435968,0,0,0,-1,-1
64018,Тяжесть камня,,43045,92685,0,-1,0,0,0,0,0,0,0,0,0,0,35010,0,2043,0,2,39846024,40960,268435968,0,0,0,-1,-1
64040,"Еще раз, теперь с лекарем",,43064,92685,0,-1,0,0,0,0,0,0,0,0,0,186445,35032,0,2043,0,2,35651720,32768,268435968,63727,0,0,-1,-1
64043,"Нам нужен лекарь, то есть ты!",,43066,92685,0,-1,0,0,0,0,0,0,0,0,0,186448,35033,0,2043,0,2,35782792,32768,268435968,0,0,0,-1,-1
64065,Местные реагенты,,43078,92685,0,-1,0,0,0,0,0,0,0,0,0,0,35034,0,2043,0,2,35651720,32768,268435968,0,0,0,-1,-1
64070,Всего понемногу,,43082,92685,0,-1,0,0,0,0,0,0,0,0,0,0,35028,0,2043,0,2,35651720,32768,268435968,0,0,0,-1,-1
64080,С небес на землю,,43104,92685,0,-1,0,0,0,0,0,0,0,0,0,186474,35031,0,2043,0,2,39977096,40960,268435968,0,0,0,-1,-1
64089,Чаи и настои,,43110,92685,0,-1,0,0,0,0,0,0,0,0,0,0,35038,0,2043,0,2,35651720,32768,268435968,0,0,0,-1,-1
64101,Соблюдение процедур,,43120,90234,0,-1,0,0,0,0,0,0,0,0,0,0,35036,0,2043,0,2,35651720,32768,268435968,0,0,0,-1,-1
64103,Проверенный трюк,,43123,93336,0,-1,0,0,0,0,0,0,0,0,0,0,35027,0,2043,0,2,35651720,32768,268435968,0,0,0,-1,-1
64104,Подумай о зверьках,,43124,92685,0,-1,0,0,0,0,0,0,0,0,0,186561,35029,0,2043,0,2,39977096,40960,268435968,0,0,0,-1,-1
64129,Атака Дикой Охоты,,43146,92685,0,-1,0,0,0,0,0,0,0,0,0,0,35002,0,2043,0,2,39977096,40960,268435968,0,0,0,-1,-1
64131,Tracking Quest,,43148,0,0,-1,0,0,0,0,0,0,0,0,0,0,0,265,807,0,3,33619968,0,0,0,0,0,-1,-1
64138,Tracking Quest,,43155,0,0,-1,0,0,0,0,0,0,0,0,0,0,0,265,807,0,3,33619968,0,0,0,0,0,-1,-1
64166,Случайное воспоминание,,43176,92685,0,-1,0,0,0,0,0,0,0,0,0,186672,35003,0,2043,0,2,35782792,32768,268435968,0,0,0,-1,-1
64194,Боевой прототип,,43196,92685,0,-1,0,0,0,0,0,0,0,0,0,0,35033,0,2043,0,2,39977096,40960,268435968,0,0,0,-1,-1
64211,Дверь во тьме,,43212,91338,0,-1,0,0,0,0,0,0,0,0,0,0,0,0,2043,0,2,34603008,0,268435968,63593,0,0,-1321907123,1427461461
64212,Дверь во тьме,,43212,91338,0,-1,0,0,0,0,0,0,0,0,0,0,0,0,2043,0,2,34603008,0,268435968,63593,0,0,1309324210,-1440044374
64240,Полет кирий,,43237,92685,0,-1,0,0,0,0,0,0,0,0,0,0,35032,0,2043,0,2,39977096,40960,268435968,0,0,0,-1,-1
64253,Revendreth Quests Complete,,43250,0,0,-1,0,0,0,0,0,0,0,0,0,0,34778,0,2043,0,3,33555456,0,0,0,0,0,-1,-1
64271,Более цивилизованный подход,,43264,92685,0,-1,0,0,0,0,0,0,0,0,0,0,35005,0,2043,0,2,39846024,40960,268435968,0,0,0,-1,-1
64273,Сдержать Верных Хелии,,43266,91638,0,-1,0,0,0,0,0,0,0,0,0,0,35386,136,2043,0,3,2687232,0,268435968,0,0,0,-1,-1
64274,Tracking Quest,,43267,0,0,-1,0,0,0,0,0,0,0,0,0,0,0,265,2043,0,3,34144320,0,0,0,0,0,-1,-1
64376,Hidden Quest,,43360,0,0,-1,0,0,0,0,0,0,0,0,0,0,0,265,2043,0,3,34144320,0,268435456,0,0,0,-1,-1
64430,Пролитый чай,,43414,92685,0,-1,0,0,0,0,0,0,0,0,0,0,35038,0,2043,0,2,39977096,40960,268435968,0,0,0,-1,-1
64432,От слабости к силе,,43415,92685,0,-1,0,0,0,0,0,0,0,0,0,0,35028,0,2043,0,2,39846024,40960,268435968,0,0,0,-1,-1
64510,Peter's Test Task,,43493,0,0,-1,0,0,0,0,0,0,0,0,0,0,0,0,1,0,3,34144256,131072,268697600,0,0,0,-1,-1
64531,Мор'гет,,43514,97648,0,-1,1,0,0,0,0,0,0,0,0,0,35388,112,2060,0,3,36241728,0,268435456,57559,62706,0,-1,-1
64554,Атака вентиров,,43536,92530,0,-1,0,0,0,0,0,0,0,0,0,0,34778,268,2060,0,3,4784448,532480,268435456,0,0,0,-1,-1
64560,Изъятие анимы,,43542,92561,0,-1,0,0,0,0,0,0,0,0,0,0,0,0,2043,0,2,33554568,32768,268435968,64555,0,0,-1,-1
64561,Записи наблюдений,,43543,92561,0,-1,0,0,0,0,0,0,0,0,0,0,0,0,2043,0,2,33554568,32768,268435968,64555,0,0,-1,-1
64562,"Нам нужен лекарь, то есть ты!",,43544,92561,0,-1,0,0,0,0,0,0,0,0,0,187504,0,0,2043,0,2,33685640,32768,268435968,64555,0,0,-1,-1
64579,Пустые хлопоты,,43559,94636,0,-1,0,0,0,0,0,0,0,0,0,187516,35794,0,2057,0,2,304087304,32768,268435968,0,0,0,-1,-1
64592,Защита истории,,43572,94757,0,-1,0,0,0,0,0,0,0,0,0,0,35967,1,2057,0,2,39846152,40960,268435968,0,0,0,-1,-1
64641,Таинственная поросль,,43621,94758,0,-1,0,0,0,0,0,0,0,0,0,0,0,0,2057,0,2,37748744,8192,268435968,0,0,0,-1,-1
64717,Истоки созидания,,43696,94636,0,-1,0,0,0,0,0,0,0,0,0,187516,35793,0,2057,0,2,308281608,40960,268435968,0,0,0,-1,-1
64768,Легкозубчик и охота за артефактами,,43744,99239,0,-1,0,0,0,0,0,0,0,0,0,0,37603,109,2272,0,3,40436096,8192,0,0,0,0,-1,-1
64771,Исход Просветленных,,43748,95904,0,-1,0,0,0,0,0,0,0,0,0,0,0,0,2057,0,2,33554696,4194304,268435968,64958,0,0,-1,-1
64785,Буйные заросли,,43762,94636,0,-1,0,0,0,0,0,0,0,0,0,187684,35792,0,2057,0,2,308281608,40960,268435968,0,0,0,-1,-1
64850,Преодолевая Башню Проклятых,,43827,86994,0,-1,1,0,0,0,0,0,0,0,0,0,0,0,1707,0,2,40898816,0,268435976,0,0,0,-1,-1
64854,В погоне за успехом,,43831,94636,0,-1,0,0,0,0,0,0,0,0,0,187684,35667,0,2057,0,2,308281608,40960,268435968,0,0,0,-1,-1
64861,Диск провидения,,43836,0,0,-1,0,0,0,0,0,0,0,0,0,187792,0,0,2057,0,2,39845888,8192,268435968,0,0,0,-1,-1
64960,Подкормка аннелидов,,43923,95162,0,-1,0,0,0,0,0,0,0,0,0,0,35795,109,2057,0,3,37421056,8192,268435456,0,0,0,-1,-1
64964,Выбор бойца,,43927,94636,0,-1,0,0,0,0,0,0,0,0,0,0,35796,0,2057,0,2,39846152,40960,268435968,0,0,0,-1,-1
64974,"Автомы, разойдись!",,43933,95162,0,-1,0,0,0,0,0,0,0,0,0,0,35797,109,2057,0,3,40435712,8192,268435456,0,0,0,-1,-1
64977,Шаг в круг,,43935,94636,0,-1,0,0,0,0,0,0,0,0,0,0,35798,0,2057,0,2,35651592,32768,268435968,0,0,0,-1,-1
65027,Tracking Quest,,43977,0,0,-1,0,0,0,0,0,0,0,0,0,0,0,0,0,0,3,33621256,0,8,0,0,0,-1,-1
65028,Tracking Quest,,43978,0,0,-1,0,0,0,0,0,0,0,0,0,0,0,0,0,0,3,33621256,0,8,0,0,0,-1,-1
65053,Большой легочник,,44001,93633,0,-1,0,0,0,0,0,0,0,0,0,0,32041,272,2060,0,3,36245504,524288,268447744,0,0,0,-1,-1
65054,Тренировочные манекены,,44002,93634,0,-1,0,0,0,0,0,0,0,0,0,0,32041,272,2060,0,3,36245504,524288,268447744,0,0,0,-1,-1
65055,Защитные жаровни,,44003,93635,0,-1,0,0,0,0,0,0,0,0,0,0,32041,272,2060,0,3,36245504,524288,268447744,0,0,0,-1,-1
65056,Средство от скользких полов,,44004,93636,0,-1,0,0,0,0,0,0,0,0,0,0,32041,272,2060,0,3,36245504,524288,268447744,0,0,0,-1,-1
65072,Небезопасные условия,,44020,94636,0,-1,0,0,0,0,0,0,0,0,0,0,35695,0,2057,0,2,6291720,40960,268435968,0,0,0,-1,-1
65081,По яблоку в день,,44029,95162,0,-1,0,0,0,0,0,0,0,0,0,0,35689,109,2057,0,3,40435712,8192,268435456,0,0,0,-1,-1
65089,Полный ква-вардак,,44037,95162,0,-1,0,0,0,0,0,0,0,0,0,187987,35691,109,2057,0,3,6881280,8192,268435456,0,0,0,-1,-1
65096,Выживет лишь один,,44042,94636,0,-1,0,0,0,0,0,0,0,0,0,0,35696,0,2057,0,2,6291720,40960,268435968,0,0,0,-1,-1
65102,Рыбьи глаза,,44048,95162,0,-1,0,0,0,0,0,0,0,0,0,187999,35698,109,2057,0,3,6881280,8192,268435456,0,0,0,-1,-1
65115,В поисках решения,,44058,95162,0,-1,0,0,0,0,0,0,0,0,0,0,35699,109,2057,0,3,6881280,8192,268435456,0,0,0,-1,-1
65117,Неудачные образцы,,44060,95162,0,-1,0,0,0,0,0,0,0,0,0,0,35702,109,2057,0,3,40435712,8192,268435456,0,0,0,-1,-1
65119,Автовойска,,44062,95730,0,-1,0,0,0,0,0,0,0,0,0,0,35711,109,2057,0,3,40435712,8192,268435456,0,0,0,-1,-1
65121,Друг вашего друга: баронесса Вайш,,44064,93838,0,-1,0,0,0,0,0,0,0,0,0,0,0,0,2060,0,0,0,0,268435968,0,0,0,-1,-1
65123,Друг вашего друга: леди Лунная Ягода ,,44066,93839,0,-1,0,0,0,0,0,0,0,0,0,0,0,0,2060,0,0,0,0,268435968,0,0,0,-1,-1
65124,Друг вашего друга: Миканикос,,44067,93840,0,-1,0,0,0,0,0,0,0,0,0,0,0,0,2060,0,0,0,0,268435968,0,0,0,-1,-1
65126,Друг вашего друга: Графиня,,44068,93841,0,-1,0,0,0,0,0,0,0,0,0,0,0,0,2060,0,0,0,0,268435968,0,0,0,-1,-1
65128,Друг вашего друга: Александрос Могрейн,,44069,93842,0,-1,0,0,0,0,0,0,0,0,0,0,0,0,2060,0,0,0,0,268435968,0,0,0,-1,-1
65129,Друг вашего друга: капитан-егерь Корейн,,44070,93843,0,-1,0,0,0,0,0,0,0,0,0,0,0,0,2060,0,0,0,0,268435968,0,0,0,-1,-1
65130,Друг вашего друга: полемарх Адрест,,44071,93844,0,-1,0,0,0,0,0,0,0,0,0,0,0,0,2060,0,0,0,0,268435968,0,0,0,-1,-1
65131,Друг вашего друга: Рендл и Дуборыл,,44072,93845,0,-1,0,0,0,0,0,0,0,0,0,0,0,0,2060,0,0,0,0,268435968,0,0,0,-1,-1
65132,Друг вашего друга: Чуфа,,44073,93846,0,-1,0,0,0,0,0,0,0,0,0,0,0,0,2060,0,0,0,0,268435968,0,0,0,-1,-1
65134,Друг вашего друга: хранитель склепа Каззир,,44075,93847,0,-1,0,0,0,0,0,0,0,0,0,0,0,0,2060,0,0,0,0,268435968,0,0,0,-1,-1
65135,Друг вашего друга: дроман Алиот,,44076,93848,0,-1,0,0,0,0,0,0,0,0,0,0,0,0,2060,0,0,0,0,268435968,0,0,0,-1,-1
65136,Друг вашего друга: великий мастер Воул,,44077,93849,0,-1,0,0,0,0,0,0,0,0,0,0,0,0,2060,0,0,0,0,268435968,0,0,0,-1,-1
65137,Друг вашего друга: Клейя и Пелагий,,44078,93850,0,-1,0,0,0,0,0,0,0,0,0,0,0,0,2060,0,0,0,0,268435968,0,0,0,-1,-1
65138,Друг вашего друга: изобретатель чумы Марилет,,44079,93851,0,-1,0,0,0,0,0,0,0,0,0,0,0,0,2060,0,0,0,0,268435968,0,0,0,-1,-1
65140,Друг вашего друга: Сика,,44081,93852,0,-1,0,0,0,0,0,0,0,0,0,0,0,0,2060,0,0,0,0,268435968,0,0,0,-1,-1
65141,Друг вашего друга: Камнелоб,,44082,93853,0,-1,0,0,0,0,0,0,0,0,0,0,0,0,2060,0,0,0,0,268435968,0,0,0,-1,-1
65142,Игра в порталы,,44083,94636,0,-1,0,0,0,0,0,0,0,0,0,188170,35774,0,2057,0,2,308281608,40960,268435968,0,0,0,-1,-1
65143,Антрос,,44084,98721,0,-1,0,0,0,0,0,0,0,0,0,0,35732,112,2060,0,3,36241728,0,268435456,57559,0,0,-1,-1
65152,Укрепление связи,,44093,70104,0,-1,0,0,0,0,0,0,0,0,0,0,0,0,837,0,0,39845896,8192,268435968,62406,0,0,-1,-1
65165,Помощь души,,44100,94036,0,-1,131073,0,0,0,0,0,0,0,0,0,0,0,837,0,0,39845896,8192,268435968,62848,60049,0,-1,-1
65177,Тот еще фрукт,,44110,94636,0,-1,0,0,0,0,0,0,0,0,0,0,35799,0,2057,0,2,35651592,32768,268435968,0,0,0,-1,-1
65226,Быстроног и привередлив,,44152,94636,0,-1,0,0,0,0,0,0,0,0,0,0,35783,0,2057,0,2,39846152,40960,268435968,0,0,0,-1,-1
65230,Бот-аника,,44155,95162,0,-1,0,0,0,0,0,0,0,0,0,0,35779,109,2057,0,3,6881280,8192,268435456,0,0,0,-1,-1
65231,Украденное знание,,44156,95162,0,-1,0,0,0,0,0,0,0,0,0,0,35781,111,2057,0,3,36241408,0,268435456,0,0,0,-1,-1
65232,Аннигиляция аннелидов,,44157,95162,0,-1,0,0,0,0,0,0,0,0,0,0,35782,109,2057,0,3,6881280,8192,268435456,0,0,0,-1,-1
65234,Сладкая жизнь насекомых,,44159,95162,0,-1,0,0,0,0,0,0,0,0,0,0,35784,109,2057,0,3,40435712,8192,268435456,0,0,0,-1,-1
65244,К пожиранию пригодно,,44169,95162,0,-1,0,0,0,0,0,0,0,0,0,0,35813,109,2057,0,3,6881280,8192,268435456,0,0,0,-1,-1
65249,Победа над Тюремщиком,,44173,95663,0,-1,0,0,0,0,0,0,0,0,0,0,0,0,2057,0,2,33554688,4194304,268960256,0,0,0,-1,-1
65252,Раздави это!,,44176,95162,0,-1,0,0,0,0,0,0,0,0,0,0,35817,109,2057,0,3,6881280,8192,268435456,0,0,0,-1,-1
65255,Форсирование цикла,,44177,94636,0,-1,0,0,0,0,0,0,0,0,0,0,35862,0,2057,0,2,39846152,40960,268435968,0,0,0,-1,-1
65256,Кудах-кудах-бум!,,44178,94636,0,-1,0,0,0,0,0,0,0,0,0,188697,35818,0,2057,0,2,35651592,32768,268435968,0,0,0,-1,-1
65262,Спасение вомбаты,,44183,95162,0,-1,0,0,0,0,0,0,0,0,0,0,35831,109,2057,0,3,40435712,8192,268435456,0,0,0,-1,-1
65264,"Операция ""Релокация""",,44185,94636,0,-1,0,0,0,0,0,0,0,0,0,0,35834,0,2057,0,2,35782664,32768,268435968,0,0,0,-1,-1
65265,Закопанные останки,,44186,94636,0,-1,0,0,0,0,0,0,0,0,0,0,35835,0,2057,0,2,35651848,32768,268435968,0,0,0,-1,-1
65268,Бзз-з!,,44190,94636,0,-1,0,0,0,0,0,0,0,0,0,188788,35863,0,2057,0,2,39846152,40960,268435968,0,0,0,-1,-1
65269,Обычное растение,,44191,94636,0,-1,0,0,0,0,0,0,0,0,0,0,35839,0,2057,0,2,35651592,32768,268435968,0,0,0,-1,-1
65325,Частицы знания,,44242,94757,0,-1,0,0,0,0,0,0,0,0,0,0,35974,0,2057,0,2,6291720,40960,268435968,0,0,0,-1,-1
65326,Цикл раздора,,44243,94757,0,-1,0,0,0,0,0,0,0,0,0,0,35954,0,2057,0,2,6291720,40960,268435968,0,0,0,-1,-1
65356,Tracking Quest,,44273,0,0,-1,0,0,0,0,0,0,0,0,0,0,0,265,2057,0,3,34144576,0,0,0,0,0,-1,-1
65362,Чужие среди чужих,,44279,94757,0,-1,0,0,0,0,0,0,0,0,0,189449,35977,0,2057,0,2,6291720,40960,268435968,0,0,0,-1,-1
65363,Опасное состояние,,44280,94757,0,-1,0,0,0,0,0,0,0,0,0,0,35980,0,2057,0,2,6291720,40960,268435968,0,0,0,-1,-1
65364,Супер-джирой,,44281,94757,0,-1,0,0,0,0,0,0,0,0,0,0,35982,0,2057,0,2,6291720,40960,268435968,0,0,0,-1,-1
65402,Распознание закономерности,,44319,93710,0,-1,0,0,0,0,0,0,0,0,0,0,35985,109,2057,0,3,6881344,8192,268435456,0,0,0,-1,-1
65403,Запутанная ситуация,,44320,93710,0,-1,0,0,0,0,0,0,0,0,0,0,35986,109,2057,0,3,6881344,8192,268435456,0,0,0,-1,-1
65404,Разрешить загадку,,44321,93710,0,-1,0,0,0,0,0,0,0,0,0,0,35987,109,2057,0,3,6881344,8192,268435456,0,0,0,-1,-1
65405,Сложная проблема,,44322,93710,0,-1,0,0,0,0,0,0,0,0,0,0,35996,109,2057,0,3,6881344,8192,268435456,0,0,0,-1,-1
65406,Разгадать все,,44323,93710,0,-1,0,0,0,0,0,0,0,0,0,0,35989,109,2057,0,3,6881344,8192,268435456,0,0,0,-1,-1
65407,Распознание закономерности,,44324,93710,0,-1,0,0,0,0,0,0,0,0,0,0,35990,109,2057,0,3,6881344,8192,268435456,0,0,0,-1,-1
65408,Распознание закономерности,,44325,93710,0,-1,0,0,0,0,0,0,0,0,0,0,35991,109,2057,0,3,6881344,8192,268435456,0,0,0,-1,-1
65410,Запутанная ситуация,,44326,93710,0,-1,0,0,0,0,0,0,0,0,0,0,35992,109,2057,0,3,6881344,8192,268435456,0,0,0,-1,-1
65411,Запутанная ситуация,,44327,93710,0,-1,0,0,0,0,0,0,0,0,0,0,35993,109,2057,0,3,6881344,8192,268435456,0,0,0,-1,-1
65412,Разрешить загадку,,44328,93710,0,-1,0,0,0,0,0,0,0,0,0,0,35994,109,2057,0,3,6881344,8192,268435456,0,0,0,-1,-1
65413,Разрешить загадку,,44329,93710,0,-1,0,0,0,0,0,0,0,0,0,0,35995,109,2057,0,3,6881344,8192,268435456,0,0,0,-1,-1
65414,Сложная проблема,,44330,93710,0,-1,0,0,0,0,0,0,0,0,0,0,35997,109,2057,0,3,6881344,8192,268435456,0,0,0,-1,-1
65415,Сложная проблема,,44331,93710,0,-1,0,0,0,0,0,0,0,0,0,0,35998,109,2057,0,3,6881344,8192,268435456,0,0,0,-1,-1
65416,Разгадать все,,44332,93710,0,-1,0,0,0,0,0,0,0,0,0,0,35999,109,2057,0,3,6881344,8192,268435456,0,0,0,-1,-1
65417,Разгадать все,,44333,93710,0,-1,0,0,0,0,0,0,0,0,0,0,36047,109,2057,0,3,6881344,8192,268435456,0,0,0,-1,-1
65445,Подготовка ресурсов,,44362,94757,0,-1,0,0,0,0,0,0,0,0,0,0,36072,0,2057,0,2,39846152,40960,268435968,0,0,0,-1,-1
65599,Мерл,,44510,95476,0,-1,0,0,0,0,0,0,0,0,0,0,36178,0,2152,0,3,34144704,0,4096,0,0,0,-1,-1
65735,РАЗЫСКИВАЕТСЯ: Кустос,,44642,95904,0,-1,0,0,0,0,0,0,0,0,0,0,0,1,2057,0,2,39845888,8192,268435968,64958,0,0,-1,-1
65748,Работа по твоей части,,44655,95904,0,-1,0,0,0,0,0,0,0,0,0,0,0,0,2057,0,2,37748744,8192,268435968,64958,0,0,-1,-1
65749,Необходимое снаряжение,,44656,0,0,-1,0,0,0,0,0,0,0,0,0,0,0,0,2057,0,2,37748744,8192,268435968,64230,0,0,-1,-1
65841,Остановить заражение,,44745,96259,0,-1,0,0,0,0,0,0,0,0,0,0,0,0,2313,0,3,35192832,0,512,0,0,0,-1,-1
65889,Утраченные реликвии,,44792,99309,0,-1,0,0,0,0,0,0,0,0,0,0,36363,109,2437,0,3,34144512,0,0,0,0,0,-1,-1
65892,Вдребезги Расколотое Пламя,,44795,105254,0,-1,0,0,0,0,0,0,0,0,0,0,0,0,2262,0,3,34144256,0,512,0,0,0,-1,-1
65941,Камнегром,,44845,0,0,-1,0,0,0,0,0,0,0,0,0,0,36393,0,2153,0,3,34144256,0,0,0,0,0,-1,-1
65994,Правосудие для джарадинов,,44894,100605,0,-1,1,0,0,0,0,0,0,0,0,0,0,0,2297,0,3,34144256,0,0,65989,65990,0,-1,-1
66004,Галгреш,,44904,0,0,-1,0,0,0,0,0,0,0,0,0,0,0,0,2152,0,3,34148352,0,0,0,0,0,-1,-1
66042,Закономерности в закономерностях,,44942,0,0,-1,0,0,0,0,0,0,0,0,0,0,0,0,2057,0,2,37781576,8192,268436232,64230,0,0,-1,-1
66070,Кости Сияющего Клинка,,44970,99239,0,-1,0,0,0,0,0,0,0,0,0,0,37602,109,2266,0,3,40436096,8192,0,0,0,0,-1,-1
66074,Королева косильщиков,,44974,0,0,-1,0,0,0,0,0,0,0,0,0,0,0,0,2307,0,3,34144512,0,0,0,0,0,-1,-1
66117,Зачистка поля боя,,45016,97698,0,-1,0,0,0,0,0,0,0,0,0,0,0,0,2279,0,3,38338560,8192,0,0,0,0,-1,-1
66133,Ключи преданности,,45032,99309,0,-1,1,0,0,0,0,0,0,0,0,0,0,111,2287,0,3,5865792,8192,0,66419,66802,0,-1,-1
66192,Зачистка территории: пещера клана Зимней Шкуры,,45093,0,0,-1,0,0,0,0,0,0,0,0,0,0,36455,0,2153,0,3,622592,0,0,0,0,0,-1,-1
66194,Исследование № 103 – условия разложения,,45095,96521,0,-1,0,0,0,0,0,0,0,0,0,0,36461,109,2151,0,3,590080,0,0,0,0,0,-1,-1
66200,Ходячие ископаемые,,45100,96521,0,-1,0,0,0,0,0,0,0,0,0,0,36461,136,2151,0,3,590080,0,0,0,0,0,-1,-1
66203,Чтоб их в море унесло,,45103,99309,0,-1,1,0,0,0,0,0,0,0,0,0,37947,109,2287,0,3,39911688,8192,0,0,0,0,-1,-1
66220,Утраченные реликвии 2,,45120,95476,0,-1,0,0,0,0,0,0,0,0,0,0,36363,109,2152,0,3,34144256,0,0,0,0,0,-1,-1
66356,Железнолес,,45255,0,0,-1,0,0,0,0,0,0,0,0,0,0,0,0,2152,0,3,34144512,0,0,0,0,0,-1,-1
66419,Присяга,,45317,104361,0,-1,0,0,0,0,0,0,0,0,0,0,0,111,2287,0,3,41517312,8192,0,65793,0,0,-1,-1
66421,Грозовой разлом,,45319,0,0,-1,1,0,0,0,0,0,0,0,0,0,0,0,2505,0,3,38338560,8192,0,66331,0,0,-1,-1
66551,Кошмарное трио,,45440,132429,0,-1,0,0,0,0,0,0,0,0,0,0,37865,115,2437,0,3,34144512,0,0,0,0,0,-1,-1
66574,Капля несчастья,,45465,21439,0,-1,0,0,0,0,0,0,0,0,0,0,0,0,2266,0,3,34144256,0,0,66481,0,0,-1,-1
66576,Возвращение земель,,45466,21439,0,-1,0,0,0,0,0,0,0,0,0,0,0,0,2266,0,3,34144256,0,0,66481,0,0,-1,-1
66588,Рогуля Древняя,,45475,99309,0,-1,0,0,0,0,0,0,0,0,0,0,36584,115,2437,0,3,590080,0,0,0,0,0,-1,-1
66614,"""Валинор"", Светоч Эпох",,45497,98714,0,-1,1,0,0,0,0,0,0,0,0,0,33483,111,2426,0,3,37290304,0,268435456,57559,62706,0,-1,-1
66615,Нургаш Жижерожденный,,45498,98714,0,-1,1,0,0,0,0,0,0,0,0,0,33484,111,2426,0,3,37290304,0,268435456,57559,62706,0,-1,-1
66616,Ораномонос Вечноветвящаяся,,45499,98714,0,-1,1,0,0,0,0,0,0,0,0,0,33485,111,2426,0,3,37290304,0,268435456,57559,62706,0,-1,-1
66617,Мортанис,,45500,98714,0,-1,1,0,0,0,0,0,0,0,0,0,33486,111,2426,0,3,37290304,0,268435456,57559,62706,0,-1,-1
66618,Мор'гет,,45501,98715,0,-1,1,0,0,0,0,0,0,0,0,0,35388,111,2426,0,3,36241728,0,268435456,57559,62706,0,-1,-1
66619,Антрос,,45502,98720,0,-1,0,0,0,0,0,0,0,0,0,0,35732,111,2426,0,3,36241728,0,268435456,57559,0,0,-1,-1
66693,Искушая судьбу: замок Нафрия,,45572,97623,0,-1,1,0,0,0,0,0,0,0,0,0,36644,111,837,0,3,36241728,0,268435458,57559,62706,0,-1,-1
66694,Искушая судьбу: Святилище Господства,,45573,97623,0,-1,1,0,0,0,0,0,0,0,0,0,36643,111,837,0,3,34144576,0,268435458,57559,62706,0,-1,-1
66695,Искушая судьбу: Гробница Предвечных,,45574,97623,0,-1,1,0,0,0,0,0,0,0,0,0,36642,111,837,0,3,34144576,0,268435458,57559,62706,0,-1,-1
66696,Искушая судьбу: будущее Темных Земель,,45575,97625,0,-1,1,0,0,0,0,0,0,0,0,0,36657,111,837,0,3,34144576,0,268435458,57559,62706,0,-1,-1
66718,Смерть гноллам,,45599,97800,0,-1,0,0,0,0,0,0,0,0,0,0,0,0,2347,0,3,269025280,0,33280,66709,0,0,-1,-1
66802,Tracking Quest,,45639,0,0,-1,0,0,0,0,0,0,0,0,0,0,0,0,0,0,3,33588232,0,8,0,0,0,-1,-1
66805,Ключи преданности,,45640,99309,0,-1,1,0,0,0,0,0,0,0,0,0,0,111,2287,0,3,5865792,8192,0,66419,66808,0,-1,-1
66808,Tracking Quest,,45641,0,0,-1,0,0,0,0,0,0,0,0,0,0,0,0,0,0,3,33588232,0,8,0,0,0,-1,-1
66833,Мармони в беде,,45656,99309,0,-1,0,0,0,0,0,0,0,0,0,193212,36800,109,2307,0,3,36372736,0,0,0,0,0,-1,-1
66896,Чистая прибыль,,45714,99309,0,-1,0,0,0,0,0,0,0,0,0,192191,36864,109,2306,0,3,34275584,0,0,0,0,0,-1,-1
66898,Tracking Quest,,45716,0,0,-1,0,0,0,0,0,0,0,0,0,0,0,0,0,0,3,33559816,0,8,0,0,0,-1,-1
66901,Разрушение мира,,0,99270,0,-1,0,0,0,0,0,0,0,0,0,0,36873,0,2287,0,3,5832704,8192,512,0,0,0,-1,-1
66902,"Прочь, пчелы",,45720,99309,0,-1,0,0,0,0,0,0,0,0,0,193064,36875,109,2295,0,3,34275584,0,0,0,0,0,-1,-1
66903,Зачистка хранилища,,0,99270,0,-1,0,0,0,0,0,0,0,0,0,0,36816,0,2287,0,3,5832704,8192,512,0,0,0,-1,-1
66934,Смерть покорительницы,,45732,99309,0,-1,0,0,0,0,0,0,0,0,0,0,36897,109,2297,0,3,34275584,0,0,0,0,0,-1,-1
66956,Охотник на драконов Игордан,,45752,0,0,-1,0,0,0,0,0,0,0,0,0,0,0,0,2297,0,3,34144512,0,0,0,0,0,-1,-1
66960,Клозикк Вознесенный,,45755,0,0,-1,0,0,0,0,0,0,0,0,0,0,0,0,2280,0,3,34144512,0,0,0,0,0,-1,-1
66970,Тай'фун Перерожденный,,45766,0,0,-1,0,0,0,0,0,0,0,0,0,0,0,0,2152,0,3,34144512,0,0,0,0,0,-1,-1
66989,Полезный урожай,,45784,99309,0,-1,0,0,0,0,0,0,0,0,0,204343,36928,109,2151,0,3,40567040,0,0,0,0,0,-1,-1
67005,Как приручить протодракона,,46700,100571,0,-1,0,0,0,0,0,0,0,0,0,194818,37026,113,2523,0,3,36372736,0,0,0,0,0,-1,-1
67006,Погасить огонь,,45807,99309,0,-1,0,0,0,0,0,0,0,0,0,0,36946,109,2297,0,3,34275584,0,0,0,0,0,-1,-1
67009,Не правы рогоплавы,,45809,99309,0,-1,0,0,0,0,0,0,0,0,0,193918,36948,109,2151,0,3,40567040,0,0,0,0,0,-1,-1
67010,Через край,,45810,99309,0,-1,0,0,0,0,0,0,0,0,0,0,36947,109,2297,0,3,34275584,0,0,0,0,0,-1,-1
67012,Когда речные чудища летают,,45812,99309,0,-1,0,0,0,0,0,0,0,0,0,0,36949,109,2151,0,3,40567040,0,0,0,0,0,-1,-1
67014,Горлоков за горло,,45814,99309,0,-1,0,0,0,0,0,0,0,0,0,0,36950,109,2151,0,3,40567040,0,0,0,0,0,-1,-1
67015,Выковать решение,,0,106162,0,-1,0,0,0,0,0,0,0,0,0,0,36852,0,2287,0,3,7929856,8192,131584,0,0,0,-1,-1
67024,Горячее подкрепление,,45821,99309,0,-1,0,0,0,0,0,0,0,0,0,0,36968,109,2151,0,3,40567040,0,0,0,0,0,-1,-1
67026,Защита святилища,,45823,99309,0,-1,0,0,0,0,0,0,0,0,0,0,36971,109,2151,0,3,40567040,0,0,0,0,0,-1,-1
67027,Тень Смерти,,0,99270,0,-1,0,0,0,0,0,0,0,0,0,0,36972,0,2287,0,3,5832704,8192,131584,0,0,0,-1,-1
67062,Как снежный ком,,45855,99309,0,-1,0,0,0,0,0,0,0,0,0,0,37012,109,2302,0,3,40567040,0,0,0,0,0,-1,-1
67113,Экстренные раскопки,,45901,99309,0,-1,0,0,0,0,0,0,0,0,0,0,37019,109,2284,0,3,38338816,8192,0,0,0,0,-1,-1
67172,Fishing Hole 01 Unlocked,,45926,0,0,-1,0,0,0,0,0,0,0,0,0,0,0,0,2437,0,3,590848,1,8,0,0,0,-1,-1
67173,Гноллы-воры,,45927,0,0,-1,0,0,0,0,0,0,0,0,0,0,0,0,2311,0,3,34144512,0,0,0,0,0,-1,-1
67717,Королева паутины Ашказ,,46035,0,0,-1,0,0,0,0,0,0,0,0,0,0,0,0,2263,0,3,34177024,0,0,0,0,0,-1,-1
67744,Шезра,,46043,0,0,-1,0,0,0,0,0,0,0,0,0,0,0,0,2151,0,3,34144256,0,0,0,0,0,-1,-1
69667,Парожабр,,46427,0,0,-1,0,0,0,0,0,0,0,0,0,0,0,0,2153,0,3,34148608,0,4096,0,0,0,-1,-1
69668,Рогожог Огнедышащий,,46428,0,0,-1,0,0,0,0,0,0,0,0,0,0,0,0,2153,0,3,34148608,0,4096,0,0,0,-1,-1
69837,Яркочешуйчатый гигант,,46484,0,0,-1,0,0,0,0,0,0,0,0,0,0,0,0,2152,0,3,34144512,0,0,0,0,0,-1,-1
69838,Аметизар Сверкающий,,46485,0,0,-1,0,0,0,0,0,0,0,0,0,0,0,0,2153,0,3,34148608,0,4096,0,0,0,-1,-1
69839,Любимый пион Азры,,46486,0,0,-1,0,0,0,0,0,0,0,0,0,0,0,0,2295,0,3,34148608,0,4096,0,0,0,-1,-1
69848,Гигантский магмапанцирь,,46492,0,0,-1,0,0,0,0,0,0,0,0,0,0,0,0,2153,0,3,34148608,0,4096,0,0,0,-1,-1
69849,Разъяренный пышущий паром элементаль,,46493,0,0,-1,0,0,0,0,0,0,0,0,0,0,0,0,2152,0,3,34148608,0,0,0,0,0,-1,-1
69850,Шерстеклык,,46494,0,0,-1,0,0,0,0,0,0,0,0,0,0,0,0,2152,0,3,34148608,0,0,0,0,0,-1,-1
69851,Пилодер Охотник,,46495,0,0,-1,0,0,0,0,0,0,0,0,0,0,0,0,2439,0,3,34144512,0,0,0,0,0,-1,-1
69852,Агрессивный побережник,,46496,0,0,-1,0,0,0,0,0,0,0,0,0,0,0,0,2439,0,3,34144512,0,0,0,0,0,-1,-1
69854,Надгробие Солетуса,,46498,0,0,-1,0,0,0,0,0,0,0,0,0,0,0,0,2152,0,3,36245760,0,0,0,0,0,-1,-1
69856,Фулгурб,,46500,0,0,-1,0,0,0,0,0,0,0,0,0,0,0,0,2152,0,3,34148608,0,4096,0,0,0,-1,-1
69857,Микрин Дитя Вихрей,,46501,0,0,-1,0,0,0,0,0,0,0,0,0,0,0,0,2078,0,3,34148608,0,4096,0,0,0,-1,-1
69858,Гниломех,,46502,0,0,-1,0,0,0,0,0,0,0,0,0,0,0,0,2311,0,3,34148608,0,0,0,0,0,-1,-1
69859,Сандана Живой Ураган,,46503,0,0,-1,0,0,0,0,0,0,0,0,0,0,0,0,2153,0,3,34148608,0,4096,0,0,0,-1,-1
69861,Трилвара Ткач Легенд,,46505,0,0,-1,0,0,0,0,0,0,0,0,0,0,0,0,2311,0,3,34148608,0,8,0,0,0,-1,-1
69864,Забытое творение,,46508,0,0,-1,0,0,0,0,0,0,0,0,0,0,0,0,2311,0,3,34144512,0,0,0,0,0,-1,-1
69865,Чешуйчатая искательница Мезери,,46509,0,0,-1,0,0,0,0,0,0,0,0,0,0,0,0,2152,0,3,34148608,0,0,0,0,0,-1,-1
69866,Флюп,,46510,0,0,-1,0,0,0,0,0,0,0,0,0,0,0,0,2401,0,3,34148608,0,4096,0,0,0,-1,-1
69868,Ткач Гнезда Аразна,,46512,0,0,-1,0,0,0,0,0,0,0,0,0,0,0,0,2153,0,3,34148608,0,4096,0,0,0,-1,-1
69871,Малсеган,,46515,0,0,-1,0,0,0,0,0,0,0,0,0,0,0,0,2152,0,3,34148608,0,4096,0,0,0,-1,-1
69872,"Вакрил, сильнейший из клыкарров",,46516,0,0,-1,0,0,0,0,0,0,0,0,0,0,0,0,2311,0,3,34144512,0,0,0,0,0,-1,-1
69873,Хенлар,,46517,0,0,-1,0,0,0,0,0,0,0,0,0,0,0,0,2385,0,3,34144512,0,0,0,0,0,-1,-1
69874,Горджо Ловец Крабов,,46518,0,0,-1,0,0,0,0,0,0,0,0,0,0,0,0,2153,0,3,34148608,0,4096,0,0,0,-1,-1
69875,Элдорен Возрожденный,,46519,0,0,-1,0,0,0,0,0,0,0,0,0,0,0,0,2153,0,3,34148608,0,4096,0,0,0,-1,-1
69877,Ошигол,,46521,0,0,-1,0,0,0,0,0,0,0,0,0,0,0,0,2152,0,3,34148608,0,4096,0,0,0,-1,-1
69878,Ронсак Истребитель,,46522,0,0,-1,0,0,0,0,0,0,0,0,0,0,0,0,2258,0,3,34148608,0,4096,0,0,0,-1,-1
69879,Магический снеговик,,46523,0,0,-1,0,0,0,0,0,0,0,0,0,0,0,0,2153,0,3,34148608,0,0,0,0,0,-1,-1
69880,Тамопо Бороздящий Реку,,46524,0,0,-1,0,0,0,0,0,0,0,0,0,0,0,0,2153,0,3,34148608,0,4096,0,0,0,-1,-1
69882,Лорд Эпохбргл,,46526,0,0,-1,0,0,0,0,0,0,0,0,0,0,0,0,2152,0,3,34148608,0,0,0,0,0,-1,-1
69883,Матриарх Ремалла,,46527,0,0,-1,0,0,0,0,0,0,0,0,0,0,0,0,2078,0,3,34148608,0,4096,0,0,0,-1,-1
69885,Брыкун,,46528,0,0,-1,0,0,0,0,0,0,0,0,0,0,0,0,2153,0,3,34148608,0,4096,0,0,0,-1,-1
69886,Бурестриан,,46529,0,0,-1,0,0,0,0,0,0,0,0,0,0,0,0,2078,0,3,34148608,0,4096,0,0,0,-1,-1
69891,Чешуекрылка Лучистая,,46532,0,0,-1,0,0,0,0,0,0,0,0,0,0,0,0,2078,0,3,34148608,0,0,0,0,0,-1,-1
69892,Ревохобот,,46533,0,0,-1,0,0,0,0,0,0,0,0,0,0,0,0,2153,0,3,34148608,0,4096,0,0,0,-1,-1
69895,Призванный разрушитель,,46535,0,0,-1,0,0,0,0,0,0,0,0,0,0,0,0,2311,0,3,34144512,0,0,0,0,0,-1,-1
69913,Тотемы мощи земли,,46553,99309,0,-1,0,0,0,0,0,0,0,0,0,0,37108,109,2437,0,3,40435968,8192,0,0,0,0,-1,-1
69916,Знаменитые лягушки,,46556,99309,0,-1,0,0,0,0,0,0,0,0,0,197928,37109,109,2304,0,3,36372736,0,0,0,0,0,-1,-1
69924,Башни пылающей мощи,,46562,99309,0,-1,0,0,0,0,0,0,0,0,0,0,37125,109,2437,0,3,40435968,8192,0,0,0,0,-1,-1
69927,Базуал,,46565,99401,0,-1,0,0,0,0,0,0,0,0,0,0,37136,112,2471,0,3,34144320,0,0,0,0,0,-1,-1
69928,Лисканот,,46566,99401,0,-1,0,0,0,0,0,0,0,0,0,0,37135,112,2471,0,3,34144320,0,0,0,0,0,-1,-1
69929,Струнраан,,46567,99401,0,-1,0,0,0,0,0,0,0,0,0,0,37137,112,2471,0,3,34144320,0,0,0,0,0,-1,-1
69930,Базрикрон,,46568,99401,0,-1,0,0,0,0,0,0,0,0,0,0,37138,112,2471,0,3,34144320,0,0,0,0,0,-1,-1
69931,Охота с налета,,46569,99309,0,-1,0,0,0,0,0,0,0,0,0,0,37160,109,2437,0,3,41484544,8192,0,0,0,0,-1,-1
69938,Рыболовная лихорадка,,46576,104843,0,-1,0,0,0,0,0,0,0,0,0,0,38546,109,2437,0,3,34144512,0,0,0,0,0,-1,-1
69941,Замерзшие жертвы,,46577,99309,0,-1,0,0,0,0,0,0,0,0,0,0,37243,109,2437,0,3,34144512,0,0,0,0,0,-1,-1
69942,Тайны бурошкуров,,46579,99309,0,-1,0,0,0,0,0,0,0,0,0,0,37223,109,2437,0,3,34144512,0,0,0,0,0,-1,-1
69949,Истребление,,46795,100571,0,-1,0,0,0,0,0,0,0,0,0,0,37242,113,2523,0,3,4784384,8192,0,0,0,0,-1,-1
69951,Валурон,,46587,0,0,-1,0,0,0,0,0,0,0,0,0,0,37047,0,2078,0,3,34144512,0,0,0,0,0,-1,-1
69952,Кристалий,,46588,0,0,-1,0,0,0,0,0,0,0,0,0,0,37047,0,2078,0,3,34144512,0,0,0,0,0,-1,-1
69953,Карантун,,46589,0,0,-1,0,0,0,0,0,0,0,0,0,0,37047,0,2078,0,3,34144512,0,0,0,0,0,-1,-1
69954,Инферн,,46590,0,0,-1,0,0,0,0,0,0,0,0,0,0,37047,0,2078,0,3,34144512,0,0,0,0,0,-1,-1
69955,Пламенион,,46591,0,0,-1,0,0,0,0,0,0,0,0,0,0,37047,0,2078,0,3,34144512,0,0,0,0,0,-1,-1
69956,Седокамень,,46592,0,0,-1,0,0,0,0,0,0,0,0,0,0,37047,0,2078,0,3,34144512,0,0,0,0,0,-1,-1
69959,Шторморон,,46595,0,0,-1,0,0,0,0,0,0,0,0,0,0,37047,0,2078,0,3,34144512,0,0,0,0,0,-1,-1
69960,Гравлион,,46596,0,0,-1,0,0,0,0,0,0,0,0,0,0,37047,0,2078,0,3,34144512,0,0,0,0,0,-1,-1
69961,Ледозион,,46597,0,0,-1,0,0,0,0,0,0,0,0,0,0,37047,0,2078,0,3,34144512,0,0,0,0,0,-1,-1
69962,Оскверненный протодракон,,46598,0,0,-1,0,0,0,0,0,0,0,0,0,0,0,0,2154,0,3,34148608,0,0,0,0,0,-1,-1
69963,Древняя заступница,,46599,0,0,-1,0,0,0,0,0,0,0,0,0,0,0,0,2437,0,3,34148608,0,0,0,0,0,-1,-1
69964,Растрясенный элементаль,,46600,0,0,-1,0,0,0,0,0,0,0,0,0,0,0,0,2152,0,3,34148608,0,0,0,0,0,-1,-1
69966,Рокмур,,46602,0,0,-1,0,0,0,0,0,0,0,0,0,0,0,0,2153,0,3,34148608,0,4096,0,0,0,-1,-1
69967,Караульный Мордрен,,46603,0,0,-1,0,0,0,0,0,0,0,0,0,0,0,0,2385,0,3,34144512,0,0,0,0,0,-1,-1
69968,Процела Удар Урагана,,46604,0,0,-1,0,0,0,0,0,0,0,0,0,0,0,0,2256,0,3,34144512,0,0,0,0,0,-1,-1
69969,Вораазка,,46605,0,0,-1,0,0,0,0,0,0,0,0,0,0,37047,0,2078,0,3,34144512,0,0,0,0,0,-1,-1
69970,Кайн Жгучее Клеймо,,46606,0,0,-1,0,0,0,0,0,0,0,0,0,0,37047,0,2078,0,3,34144512,0,0,0,0,0,-1,-1
69971,Трио ледяных клинков,,46607,0,0,-1,0,0,0,0,0,0,0,0,0,0,37047,0,2078,0,3,34144512,0,0,0,0,0,-1,-1
69972,Зургаз Разрушительница Недр,,46608,0,0,-1,0,0,0,0,0,0,0,0,0,0,37047,0,2078,0,3,34144512,0,0,0,0,0,-1,-1
69973,Руан Ледяной Ветер,,46609,0,0,-1,0,0,0,0,0,0,0,0,0,0,37047,0,2078,0,3,34144512,0,0,0,0,0,-1,-1
69974,Искрописк Громошлепс,,46610,0,0,-1,0,0,0,0,0,0,0,0,0,0,37047,0,2078,0,3,34144512,0,0,0,0,0,-1,-1
69975,Нила Гнев Пламени,,46611,0,0,-1,0,0,0,0,0,0,0,0,0,0,37047,0,2078,0,3,34144512,0,0,0,0,0,-1,-1
69976,Фенран,,46612,0,0,-1,0,0,0,0,0,0,0,0,0,0,0,0,2078,0,3,34148608,0,4096,0,0,0,-1,-1
69987,Возвращение на Поле Дикой Ярости: ужас болот!,,46623,99450,0,-1,0,0,0,0,0,0,0,0,0,0,37197,111,2249,0,3,34144512,0,0,0,0,0,-1,-1
69988,Яркие камни,,46624,99309,0,-1,0,0,0,0,0,0,0,0,0,0,37222,109,2251,0,3,36372736,8192,0,0,0,0,-1,-1
69990,Возвращение на Поле Дикой Ярости: повелитель гнили!,,46626,99450,0,-1,0,0,0,0,0,0,0,0,0,0,37199,111,2249,0,3,34144512,0,0,0,0,0,-1,-1
69991,Возвращение на Поле Дикой Ярости: боец из жерла вулкана!,,46627,99450,0,-1,0,0,0,0,0,0,0,0,0,0,37200,111,2249,0,3,34144512,0,0,0,0,0,-1,-1
69993,Возвращение на Поле Дикой Ярости: потерянные сновидцы!,,46629,99450,0,-1,0,0,0,0,0,0,0,0,0,0,37201,111,2249,0,3,34144512,0,0,0,0,0,-1,-1
69994,Возвращение на Поле Дикой Ярости: месть стихий!,,46630,99450,0,-1,0,0,0,0,0,0,0,0,0,0,37202,111,2249,0,3,34144512,0,0,0,0,0,-1,-1
69995,Возвращение на Поле Дикой Ярости: мастер охоты!,,46631,99450,0,-1,0,0,0,0,0,0,0,0,0,0,37203,111,2249,0,3,34144512,0,0,0,0,0,-1,-1
70011,Пушистые приятели,,46647,99309,0,-1,0,0,0,0,0,0,0,0,0,0,37302,109,2437,0,3,34144512,0,0,0,0,0,-1,-1
70012,Не трогать сети!,,46648,99309,0,-1,0,0,0,0,0,0,0,0,0,0,37295,109,2437,0,3,34144512,0,0,0,0,0,-1,-1
70015,Очищение от гнили,,46651,99309,0,-1,0,0,0,0,0,0,0,0,0,0,37297,109,2437,0,3,37290240,0,0,0,0,0,-1,-1
70016,Исцеление земли,,46652,99309,0,-1,0,0,0,0,0,0,0,0,0,0,37298,109,2437,0,3,38338816,8192,0,0,0,0,-1,-1
70021,Сказ о Тапионнуке,,46657,99309,0,-1,0,0,0,0,0,0,0,0,0,0,37378,109,2437,0,3,40435968,8192,0,0,0,0,-1,-1
70024,Tracking Quest,,46676,0,0,-1,0,0,0,0,0,0,0,0,0,0,0,0,0,0,3,33555464,0,8,0,0,0,-1,-1
70035,Прогулка Рурика по речным стремнинам,,46671,99517,0,-1,0,0,0,0,0,0,0,0,0,0,37551,109,2437,0,3,40435968,8192,0,0,0,0,-1,-1
70037,Незаряженные инструменты,,46672,99309,0,-1,0,0,0,0,0,0,0,0,0,0,37209,111,2475,0,3,36241664,0,0,0,0,0,-1,-1
70039,Tracking Quest,,46675,0,0,-1,0,0,0,0,0,0,0,0,0,0,0,0,0,0,3,33555464,0,8,0,0,0,-1,-1
70047,Ледяные темницы,,46683,99309,0,-1,0,0,0,0,0,0,0,0,0,0,37235,109,2437,0,3,34144512,0,0,0,0,0,-1,-1
70057,Вороватые тарасекки,,46693,99309,0,-1,0,0,0,0,0,0,0,0,0,0,37224,109,2382,0,3,36372736,0,0,0,0,0,-1,-1
70064,За Имбу!,,46701,99309,0,-1,0,0,0,0,0,0,0,0,0,0,37483,136,2330,0,3,36241728,0,0,0,0,0,-1,-1
70066,Битва за цитадель,,46703,99309,0,-1,0,0,0,0,0,0,0,0,0,0,37485,136,2400,0,3,36241728,0,0,0,0,0,-1,-1
70067,Послание нокхудам,,46704,99309,0,-1,0,0,0,0,0,0,0,0,0,0,37484,136,2535,0,3,36241728,0,0,0,0,0,-1,-1
70068,Кобальтовая катастрофа,,46705,99309,0,-1,0,0,0,0,0,0,0,0,0,0,37481,136,2475,0,3,36241728,0,0,0,0,0,-1,-1
70071,Сбор магии,,46708,99309,0,-1,0,0,0,0,0,0,0,0,0,0,37234,109,2437,0,3,40435968,8192,0,0,0,0,-1,-1
70072,Затеряться во времени,,46709,99309,0,-1,0,0,0,0,0,0,0,0,0,0,37319,109,2437,0,3,36241664,0,0,0,0,0,-1,-1
70073,Знамена Синего Пера,,46710,99309,0,-1,0,0,0,0,0,0,0,0,0,0,37358,109,2437,0,3,41484544,8192,0,0,0,0,-1,-1
70074,Набег на Расколотое Пламя,,46711,99309,0,-1,0,0,0,0,0,0,0,0,0,0,37256,109,2437,0,3,36241664,0,0,0,0,0,-1,-1
70075,Изучение Берегов Пробуждения,,46712,100503,0,-1,0,0,0,0,0,0,0,0,0,0,37366,109,2437,0,3,6881536,8192,0,0,0,0,-1,-1
70079,Изучение равнин Он'ары,,46716,100503,0,-1,0,0,0,0,0,0,0,0,0,0,37393,109,2437,0,3,6881536,8192,0,0,0,0,-1,-1
70100,Изучение Лазурного Простора,,46737,100503,0,-1,0,0,0,0,0,0,0,0,0,0,37447,109,2437,0,3,40435968,8192,0,0,0,0,-1,-1
70110,Изучение Тальдразуса,,46747,100503,0,-1,0,0,0,0,0,0,0,0,0,0,37494,109,2437,0,3,40435968,8192,0,0,0,0,-1,-1
70111,Храмовые сокровища,,46748,99309,0,-1,0,0,0,0,0,0,0,0,0,0,37251,109,2437,0,3,40567040,0,0,0,0,0,-1,-1
70112,Угроза фурболгов,,46749,99309,0,-1,0,0,0,0,0,0,0,0,0,0,37250,109,2519,0,3,36372736,0,0,0,0,0,-1,-1
70146,Бой на нагорье,,46779,99309,0,-1,0,0,0,0,0,0,0,0,0,0,37317,109,2249,0,3,34144512,0,0,0,0,0,-1,-1
70149,Надежда для нагорья,,46782,99309,0,-1,0,0,0,0,0,0,0,0,0,0,37777,109,2249,0,3,34144512,0,0,0,0,0,-1,-1
70150,Справиться со стаей дракончиков,,46783,103223,0,-1,1,0,0,0,0,0,0,0,0,0,37252,109,2296,0,3,39911688,8192,0,0,0,0,-1,-1
70152,Рыболовная лихорадка,,46785,99309,0,-1,0,0,0,0,0,0,0,0,0,0,37876,109,2437,0,3,34144512,0,0,0,0,0,-1,-1
70160,Экзамен по алхимии,,46793,99309,0,-1,0,0,0,0,0,0,0,0,0,0,37264,109,2437,0,3,36241664,0,0,0,0,0,-1,-1
70172,Что скрывают горы,,46805,99309,0,-1,0,0,0,0,0,0,0,0,0,0,37276,109,2437,0,3,34144512,0,0,0,0,0,-1,-1
70176,Опутанные паутиной,,46809,99309,0,-1,0,0,0,0,0,0,0,0,0,0,37277,109,2437,0,3,34144512,0,0,0,0,0,-1,-1
70196,Зачистка,,46818,105994,0,-1,0,0,0,0,0,0,0,0,0,0,0,0,2151,0,3,34144256,0,512,0,0,0,-1,-1
70209,Победный кряк,,46826,100571,0,-1,0,0,0,0,0,0,0,0,0,0,37368,113,2523,0,3,4784384,8192,0,0,0,0,-1,-1
70212,Пенумбрий,,46829,0,0,-1,0,0,0,0,0,0,0,0,0,0,0,0,2151,0,3,34148608,0,4096,0,0,0,-1,-1
70213,Харкин Мрачноскал,,46830,0,0,-1,0,0,0,0,0,0,0,0,0,0,0,0,2151,0,3,34148608,0,4096,0,0,0,-1,-1
70224,Дурно пахнущая угроза,,46840,99309,0,-1,0,0,0,0,0,0,0,0,0,0,37367,109,2437,0,3,34144512,0,0,0,0,0,-1,-1
70246,Tracking,,46859,0,0,-1,0,0,0,0,0,0,0,0,0,0,0,0,0,0,3,38339584,8192,8,0,0,0,-1,-1
70248,Tracking,,46861,0,0,-1,0,0,0,0,0,0,0,0,0,0,0,0,0,0,3,38339584,8192,8,0,0,0,-1,-1
70270,Tracking,,46882,0,0,-1,0,0,0,0,0,0,0,0,0,0,0,0,0,0,3,38339584,8192,8,0,0,0,-1,-1
70271,Tracking,,46883,0,0,-1,0,0,0,0,0,0,0,0,0,0,0,0,0,0,3,38339584,8192,8,0,0,0,-1,-1
70272,Tracking,,46884,0,0,-1,0,0,0,0,0,0,0,0,0,0,0,0,0,0,3,38339584,8192,8,0,0,0,-1,-1
70273,Tracking,,46885,0,0,-1,0,0,0,0,0,0,0,0,0,0,0,0,0,0,3,38339584,8192,8,0,0,0,-1,-1
70275,Overcharged Tesla Coil Looted [DND],,46887,0,0,-1,0,0,0,0,0,0,0,0,0,0,0,0,0,0,3,38339584,8192,8,0,0,0,-1,-1
70276,Curious Glyph Tracking,,46888,0,0,-1,0,0,0,0,0,0,0,0,0,0,0,0,0,0,3,38339584,8192,8,0,0,0,-1,-1
70278,Tracking,,46890,0,0,-1,0,0,0,0,0,0,0,0,0,0,0,0,0,0,3,38339584,8192,8,0,0,0,-1,-1
70287,Tracking,,46900,0,0,-1,0,0,0,0,0,0,0,0,0,0,0,0,0,0,3,38339584,8192,8,0,0,0,-1,-1
70290,Tracking,,46903,0,0,-1,0,0,0,0,0,0,0,0,0,0,0,0,0,0,3,38339584,8192,8,0,0,0,-1,-1
70296,Tracking,,46909,0,0,-1,0,0,0,0,0,0,0,0,0,0,0,0,2214,0,3,34145280,0,8,0,0,0,-1,-1
70310,Tracking,,46923,0,0,-1,0,0,0,0,0,0,0,0,0,0,0,0,0,0,3,38339584,8192,8,0,0,0,-1,-1
70311,Tracking,,46924,0,0,-1,0,0,0,0,0,0,0,0,0,0,0,0,0,0,3,38339584,8192,8,0,0,0,-1,-1
70312,Tracking,,46925,0,0,-1,0,0,0,0,0,0,0,0,0,0,0,0,0,0,3,38339584,8192,8,0,0,0,-1,-1
70313,Tracking,,46926,0,0,-1,0,0,0,0,0,0,0,0,0,0,0,0,0,0,3,38339584,8192,8,0,0,0,-1,-1
70314,Tracking,,46927,0,0,-1,0,0,0,0,0,0,0,0,0,0,0,0,0,0,3,38339584,8192,8,0,0,0,-1,-1
70353,Tracking,,46948,0,0,-1,0,0,0,0,0,0,0,0,0,0,0,0,0,0,3,38339584,8192,8,0,0,0,-1,-1
70369,Удар в прошлое,,46962,99309,0,-1,0,0,0,0,0,0,0,0,0,0,37434,109,2437,0,3,34144512,0,0,0,0,0,-1,-1
70372,Tracking,,46964,0,0,-1,0,0,0,0,0,0,0,0,0,0,0,0,0,0,3,38339584,8192,8,0,0,0,-1,-1
70382,Гонки драконов – Круг у Рубинового святилища Жизни,,46974,101721,0,-1,0,0,0,0,0,0,0,0,0,0,37446,281,2437,0,3,34144512,0,0,0,0,0,-1,-1
70410,Гонки драконов – Полет Морозной Вспышки,,46997,101721,0,-1,0,0,0,0,0,0,0,0,0,0,37452,281,2437,0,3,34144512,0,0,0,0,0,-1,-1
70412,Гонки драконов – Слалом Дикого удела,,46998,101721,0,-1,0,0,0,0,0,0,0,0,0,0,37453,281,2437,0,3,34144512,0,0,0,0,0,-1,-1
70413,Гонки драконов – Пролет над Пепельными потоками,,46999,101721,0,-1,0,0,0,0,0,0,0,0,0,0,37454,281,2437,0,3,34144512,0,0,0,0,0,-1,-1
70415,Гонки драконов – Речной маршрут Зеленого Купола,,47001,101721,0,-1,0,0,0,0,0,0,0,0,0,0,37455,281,2437,0,3,34144512,0,0,0,0,0,-1,-1
70416,Гонки драконов – Горки Уктулут,,47002,101721,0,-1,0,0,0,0,0,0,0,0,0,0,37456,281,2437,0,3,34144512,0,0,0,0,0,-1,-1
70417,Гонки драконов – Кольцо Крылатого Приюта,,47003,101721,0,-1,0,0,0,0,0,0,0,0,0,0,37457,281,2437,0,3,34144512,0,0,0,0,0,-1,-1
70418,Гонки драконов – Круг Дикого удела,,47004,101721,0,-1,0,0,0,0,0,0,0,0,0,0,37458,281,2437,0,3,34144512,0,0,0,0,0,-1,-1
70419,Гонки драконов – Кольцо в Роще солнечных бликов,,47005,101721,0,-1,0,0,0,0,0,0,0,0,0,0,37459,281,2437,0,3,34144512,0,0,0,0,0,-1,-1
70420,Гонки драконов – Кросс по топям,,47006,101721,0,-1,0,0,0,0,0,0,0,0,0,0,37460,281,2437,0,3,34144512,0,0,0,0,0,-1,-1
70421,Гонки драконов – Ралли речной расщелины,,47007,101721,0,-1,0,0,0,0,0,0,0,0,0,0,37461,281,2437,0,3,34144512,0,0,0,0,0,-1,-1
70422,Гонки драконов – Взлет Изумрудных садов,,47008,101721,0,-1,0,0,0,0,0,0,0,0,0,0,37462,281,2437,0,3,34144512,0,0,0,0,0,-1,-1
70423,Гонки драконов – Рывок до Марукая,,47009,101721,0,-1,0,0,0,0,0,0,0,0,0,0,37464,281,2437,0,3,34144512,0,0,0,0,0,-1,-1
70424,Гонки драконов – Рывок до Зеркала Небес,,47010,101721,0,-1,0,0,0,0,0,0,0,0,0,0,37467,281,2437,0,3,34144512,0,0,0,0,0,-1,-1
70425,Гонки драконов – Лазурный марафон,,47011,101721,0,-1,0,0,0,0,0,0,0,0,0,0,37468,281,2437,0,3,34144512,0,0,0,0,0,-1,-1
70426,Гонки драконов – Лазурный слалом,,47012,101721,0,-1,0,0,0,0,0,0,0,0,0,0,37469,281,2437,0,3,34144512,0,0,0,0,0,-1,-1
70427,Гонки драконов – Подъем на Вактрос,,47013,101721,0,-1,0,0,0,0,0,0,0,0,0,0,37470,281,2437,0,3,34144512,0,0,0,0,0,-1,-1
70428,Гонки драконов – Тур по Искаре,,47014,101721,0,-1,0,0,0,0,0,0,0,0,0,0,37471,281,2437,0,3,34144512,0,0,0,0,0,-1,-1
70429,Гонки драконов – Пролет над Морозными землями,,47015,101721,0,-1,0,0,0,0,0,0,0,0,0,0,37472,281,2437,0,3,34144512,0,0,0,0,0,-1,-1
70430,Гонки драконов – Авиатур над архивами,,47016,101721,0,-1,0,0,0,0,0,0,0,0,0,0,37473,281,2437,0,3,34144512,0,0,0,0,0,-1,-1
70431,Гонки драконов – Тур Текущих лесов,,47017,101721,0,-1,0,0,0,0,0,0,0,0,0,0,37474,281,2437,0,3,34144512,0,0,0,0,0,-1,-1
70432,Гонки драконов – Испытание в Тирхолде,,47018,101721,0,-1,0,0,0,0,0,0,0,0,0,0,37475,281,2437,0,3,34144512,0,0,0,0,0,-1,-1
70433,Гонки драконов – Горная трасса,,47019,101721,0,-1,0,0,0,0,0,0,0,0,0,0,37476,281,2437,0,3,34144512,0,0,0,0,0,-1,-1
70434,Гонки драконов – Подъем до академии,,47020,101721,0,-1,0,0,0,0,0,0,0,0,0,0,37477,281,2437,0,3,34144512,0,0,0,0,0,-1,-1
70435,Гонки драконов – Спринт по садам,,47022,101721,0,-1,0,0,0,0,0,0,0,0,0,0,37478,281,2437,0,3,34144512,0,0,0,0,0,-1,-1
70436,Гонки драконов – Перекрестье пещер,,47023,101721,0,-1,0,0,0,0,0,0,0,0,0,0,37479,281,2437,0,3,34144512,0,0,0,0,0,-1,-1
70439,Необузданные чары,,47025,99309,0,-1,0,0,0,0,0,0,0,0,0,0,37489,113,2523,0,3,4784384,8192,0,0,0,0,-1,-1
70440,Недостаточно мертвый глаз,,47026,99309,0,-1,0,0,0,0,0,0,0,0,0,0,37490,109,2437,0,3,38338816,8192,0,0,0,0,-1,-1
70442,Битва на пиру,,47028,99309,0,-1,0,0,0,0,0,0,0,0,0,0,37491,109,2437,0,3,34144512,0,0,0,0,0,-1,-1
70502,Очищение небес,,47085,99309,0,-1,0,0,0,0,0,0,0,0,0,0,37499,109,2437,0,3,41484544,0,0,0,0,0,-1,-1
70529,Возвращение домой,,47111,99309,0,-1,0,0,0,0,0,0,0,0,0,0,37514,109,2437,0,3,38338816,8192,0,0,0,0,-1,-1
70549,Проще простого,,47131,104424,0,-1,0,0,0,0,0,0,0,0,0,0,37538,109,2437,0,3,34144512,8192,0,0,0,0,-1,-1
70602,Урок истории: война Зыбучих Песков,,47183,99309,0,-1,0,0,0,0,0,0,0,0,0,0,37539,109,2437,0,3,34144512,0,0,0,0,0,-1,-1
70612,Накормить Берег трех водопадов,,47193,99309,0,-1,0,0,0,0,0,0,0,0,0,0,37549,109,2437,0,3,38338816,8192,0,0,0,0,-1,-1
70622,Припасы для Берега трех водопадов,,47203,99309,0,-1,0,0,0,0,0,0,0,0,0,0,37550,109,2437,0,3,38338816,8192,0,0,0,0,-1,-1
70623,Очищение небес,,47204,99309,0,-1,0,0,0,0,0,0,0,0,0,0,37554,109,2437,0,3,41484544,0,0,0,0,0,-1,-1
70625,Магические творения,,47205,99309,0,-1,0,0,0,0,0,0,0,0,0,0,37631,111,2475,0,3,34144576,0,0,0,0,0,-1,-1
70629,Нападение с моря,,47209,99309,0,-1,0,0,0,0,0,0,0,0,0,0,37557,109,2437,0,3,36241664,0,0,0,0,0,-1,-1
70631,Очищение небес,,47211,99309,0,-1,0,0,0,0,0,0,0,0,0,0,37556,109,2437,0,3,41484544,0,0,0,0,0,-1,-1
70632,Изучение Берегов Пробуждения,,47212,100503,0,-1,0,0,0,0,0,0,0,0,0,0,37555,109,2437,0,3,6881536,8192,0,0,0,0,-1,-1
70634,Переплет,,47214,99309,0,-1,0,0,0,0,0,0,0,0,0,0,37560,109,2437,0,3,38338816,8192,0,0,0,0,-1,-1
70636,Древние протодраконы,,47216,99309,0,-1,0,0,0,0,0,0,0,0,0,0,37263,109,2304,0,3,34144512,0,0,0,0,0,-1,-1
70637,Fishing Hole 01 Nets Unlocked,,47217,0,0,-1,0,0,0,0,0,0,0,0,0,0,0,0,2437,0,3,590848,1,8,0,0,0,-1,-1
70638,Разрыватель ветра,,47219,99309,0,-1,0,0,0,0,0,0,0,0,0,0,37566,109,2437,0,3,36241664,0,0,0,0,0,-1,-1
70639,Лазурные знамена,,47220,99309,0,-1,0,0,0,0,0,0,0,0,0,0,37571,109,2437,0,3,41484544,8192,0,0,0,0,-1,-1
70646,Клапан давления,,47228,99309,0,-1,0,0,0,0,0,0,0,0,0,0,37580,109,2437,0,3,41484544,8192,0,0,0,0,-1,-1
70648,Фирава Воспламенитель,,47230,0,0,-1,0,0,0,0,0,0,0,0,0,0,0,0,2285,0,3,34144512,0,0,0,0,0,-1,-1
70649,Прыг-скок,,47231,99309,0,-1,0,0,0,0,0,0,0,0,0,0,37572,109,2437,0,3,41484544,8192,0,0,0,0,-1,-1
70651,Похищенный багаж,,47233,99239,0,-1,0,0,0,0,0,0,0,0,0,0,37582,109,2151,0,3,38338816,8192,0,0,0,0,-1,-1
70652,Скала для игры в дартс,,47234,99239,0,-1,0,0,0,0,0,0,0,0,0,0,37583,109,2152,0,3,40435968,0,0,0,0,0,-1,-1
70653,Холодная научная действительность,,47235,99239,0,-1,0,0,0,0,0,0,0,0,0,0,37586,109,2153,0,3,40435968,0,0,0,0,0,-1,-1
70654,А котята еще выше,,47236,99239,0,-1,0,0,0,0,0,0,0,0,0,0,37589,109,2154,0,3,40435968,8192,0,0,0,0,-1,-1
70655,Листья лозы на ветру кружат,,47237,99239,0,-1,0,0,0,0,0,0,0,0,0,0,37585,109,2152,0,3,40435968,0,0,0,0,0,-1,-1
70656,С точностью до гриба,,47238,99239,0,-1,0,0,0,0,0,0,0,0,0,0,37591,109,2154,0,3,40435968,0,0,0,0,0,-1,-1
70658,Артефакт или вымысел,,47240,99239,0,-1,0,0,0,0,0,0,0,0,0,0,37587,109,2153,0,3,40435968,0,0,0,0,0,-1,-1
70659,Изучение равнин Он'ары,,47241,100503,0,-1,0,0,0,0,0,0,0,0,0,0,37579,109,2437,0,3,6881536,8192,0,0,0,0,-1,-1
70660,Минералы высшего качества,,47242,99239,0,-1,0,0,0,0,0,0,0,0,0,0,37584,109,2152,0,3,40435968,0,0,0,0,0,-1,-1
70661,Припасы наверху,,47243,99239,0,-1,0,0,0,0,0,0,0,0,0,0,37590,109,2154,0,3,40435968,0,0,0,0,0,-1,-1
70662,Кость для кирки,,47244,99239,0,-1,0,0,0,0,0,0,0,0,0,0,37588,109,2153,0,3,40435968,0,0,0,0,0,-1,-1
70698,Исследовательница Незримое Крыло,,47266,0,0,-1,0,0,0,0,0,0,0,0,0,0,0,0,2078,0,3,34148608,0,4096,0,0,0,-1,-1
70699,Изучение Тальдразуса,,47267,100503,0,-1,0,0,0,0,0,0,0,0,0,0,37610,109,2437,0,3,40435968,8192,0,0,0,0,-1,-1
70712,Гонки драконов – Маршрут над речными стремнинами,,47279,101721,0,-1,0,0,0,0,0,0,0,0,0,0,37620,281,2437,0,3,34144512,0,0,0,0,0,-1,-1
70719,Траккен Шрам Тени,,47284,0,0,-1,0,0,0,0,0,0,0,0,0,0,0,0,2308,0,3,34148608,0,0,0,0,0,-1,-1
70720,Без вариантов,,47285,99309,0,-1,0,0,0,0,0,0,0,0,0,0,37627,109,2437,0,3,6881536,8192,0,0,0,0,-1,-1
70750,Помощь союзу,,47316,107827,0,-1,0,0,0,0,0,0,0,0,0,0,0,0,2437,0,2,36733248,0,776,0,0,0,-1,-1
70751,Териллод Фанатичный,,47317,0,0,-1,0,0,0,0,0,0,0,0,0,0,0,0,2279,0,3,34144512,0,0,0,0,0,-1,-1
70763,Резчик А'тир,,47327,0,0,-1,0,0,0,0,0,0,0,0,0,0,0,0,2474,0,3,34148608,0,0,0,0,0,-1,-1
70780,Знамена Он'ары,,47342,99309,0,-1,0,0,0,0,0,0,0,0,0,0,37652,109,2437,0,3,41484544,8192,0,0,0,0,-1,-1
70782,Знамена Купола,,47344,99309,0,-1,0,0,0,0,0,0,0,0,0,0,37653,109,2437,0,3,41484544,8192,0,0,0,0,-1,-1
70783,Скаара,,47345,0,0,-1,0,0,0,0,0,0,0,0,0,0,0,0,2469,0,3,34144512,0,0,0,0,0,-1,-1
70823,Tracking Quest,,47385,0,0,-1,0,0,0,0,0,0,0,0,0,0,0,0,0,0,3,33555464,0,8,0,0,0,-1,-1
70824,Tracking Quest,,47386,0,0,-1,0,0,0,0,0,0,0,0,0,0,0,0,0,0,3,33555464,0,8,0,0,0,-1,-1
70825,Tracking Quest,,47387,0,0,-1,0,0,0,0,0,0,0,0,0,0,0,0,0,0,3,33555464,0,8,0,0,0,-1,-1
70826,Tracking Quest,,47388,0,0,-1,0,0,0,0,0,0,0,0,0,0,0,0,0,0,3,33555464,0,8,0,0,0,-1,-1
70827,Tracking Quest,,47389,0,0,-1,0,0,0,0,0,0,0,0,0,0,0,0,0,0,3,33555464,0,8,0,0,0,-1,-1
70934,Объятия саламантеры,,47475,99309,0,-1,0,0,0,0,0,0,0,0,0,0,37756,109,2437,0,3,37290240,0,0,0,0,0,-1,-1
70947,Златолюбец Зацепий,,47487,0,0,-1,0,0,0,0,0,0,0,0,0,0,0,0,2154,0,3,34148608,0,4096,0,0,0,-1,-1
70979,Магматон,,47518,0,0,-1,0,0,0,0,0,0,0,0,0,0,0,0,2151,0,3,34148608,0,4096,0,0,0,-1,-1
70983,О'нанк Пескорой,,47520,0,0,-1,0,0,0,0,0,0,0,0,0,0,0,0,2151,0,3,34148608,0,4096,0,0,0,-1,-1
70984,Подавитель,,47521,99309,0,-1,0,0,0,0,0,0,0,0,0,0,37813,136,2287,0,3,36241728,0,0,65793,0,0,-1,-1
70986,Рядовая Шикзар,,47523,0,0,-1,0,0,0,0,0,0,0,0,0,0,0,0,2154,0,3,38338816,0,0,0,0,0,-1,-1
71140,Два плюс два,,47659,132429,0,-1,0,0,0,0,0,0,0,0,0,0,37871,115,2437,0,3,34144512,0,0,0,0,0,-1,-1
71145,Великий укротитель,,47664,132429,0,-1,0,0,0,0,0,0,0,0,0,0,37878,115,2437,0,3,34144512,0,0,0,0,0,-1,-1
71154,Когтеброс: основы бросков,,47673,99309,0,-1,0,0,0,0,0,0,0,0,0,0,37892,109,2401,0,3,38338816,0,0,0,0,0,-1,-1
71156,Проблемы с мятежниками,,47675,99309,0,-1,0,0,0,0,0,0,0,0,0,0,37893,109,2437,0,3,34144512,0,0,0,0,0,-1,-1
71160,Глубинная бомба,,47678,99309,0,-1,0,0,0,0,0,0,0,0,0,200561,40808,109,2400,0,3,34144512,0,0,0,0,0,-1,-1
71164,Украденные бинты,,47681,99309,0,-1,0,0,0,0,0,0,0,0,0,0,37895,109,2437,0,3,34144512,0,0,0,0,0,-1,-1
71166,Старейшая стрекоза,,47683,99309,0,-1,0,0,0,0,0,0,0,0,0,0,37896,115,2437,0,3,590080,0,0,0,0,0,-1,-1
71180,Надо же с чего-то начинать,,47696,132429,0,-1,0,0,0,0,0,0,0,0,0,0,37897,115,2437,0,3,34144512,0,0,0,0,0,-1,-1
71181,Реликвии забытого грота,,47697,99309,0,-1,0,0,0,0,0,0,0,0,0,0,37926,109,2437,0,3,40435968,8192,0,0,0,0,-1,-1
71200,Tracking Quest,,47713,0,0,-1,0,0,0,0,0,0,0,0,0,0,0,0,0,0,3,33555464,0,8,0,0,0,-1,-1
71201,Прятки украдкой,,47714,99309,0,-1,0,0,0,0,0,0,0,0,0,0,37924,109,2404,0,3,34144512,0,0,0,0,0,-1,-1
71202,Бой с маленьким манадемоном,,47715,99309,0,-1,0,0,0,0,0,0,0,0,0,0,37925,115,2437,0,3,590080,0,0,0,0,0,-1,-1
71204,Tracking Quest,,47717,0,0,-1,0,0,0,0,0,0,0,0,0,0,0,0,0,0,3,33555464,0,8,0,0,0,-1,-1
71205,Гидроклыкарр,,47718,99309,0,-1,0,0,0,0,0,0,0,0,0,0,37927,109,2437,0,3,40435968,8192,0,0,0,0,-1,-1
71206,Око буревика,,47719,99309,0,-1,0,0,0,0,0,0,0,0,0,0,37928,115,2437,0,3,590080,0,0,0,0,0,-1,-1
71207,Tracking Quest,,47720,0,0,-1,0,0,0,0,0,0,0,0,0,0,0,0,0,0,3,33555464,0,8,0,0,0,-1,-1
71208,Tracking Quest,,47721,0,0,-1,0,0,0,0,0,0,0,0,0,0,0,0,0,0,3,33555464,0,8,0,0,0,-1,-1
71212,В атаку на Бурошкуров,,47724,99309,0,-1,0,0,0,0,0,0,0,0,0,0,37482,136,2516,0,3,36241728,0,0,0,0,0,-1,-1
71214,Битва за Каскады,,47726,99309,0,-1,0,0,0,0,0,0,0,0,0,0,37939,109,2437,0,3,38338816,8192,0,0,0,0,-1,-1
71215,Tracking Quest,,47727,0,0,-1,0,0,0,0,0,0,0,0,0,0,0,0,0,0,3,33555464,0,8,0,0,0,-1,-1
71216,Tracking Quest,,47728,0,0,-1,0,0,0,0,0,0,0,0,0,0,0,0,0,0,3,33555464,0,8,0,0,0,-1,-1
71217,Tracking Quest,,47729,0,0,-1,0,0,0,0,0,0,0,0,0,0,0,0,0,0,3,33555464,0,8,0,0,0,-1,-1
71218,Tracking Quest,,47730,0,0,-1,0,0,0,0,0,0,0,0,0,0,0,0,0,0,3,33555464,0,8,0,0,0,-1,-1
71220,Tracking Quest,,47731,0,0,-1,0,0,0,0,0,0,0,0,0,0,0,0,0,0,3,33555464,0,8,0,0,0,-1,-1
71221,Tracking Quest,,47732,0,0,-1,0,0,0,0,0,0,0,0,0,0,0,0,0,0,3,33555464,0,8,0,0,0,-1,-1
71222,Tracking Quest,,47733,0,0,-1,0,0,0,0,0,0,0,0,0,0,0,0,0,0,3,33555464,0,8,0,0,0,-1,-1
71223,Tracking Quest,,47734,0,0,-1,0,0,0,0,0,0,0,0,0,0,0,0,0,0,3,33555464,0,8,0,0,0,-1,-1
71224,Tracking Quest,,47735,0,0,-1,0,0,0,0,0,0,0,0,0,0,0,0,0,0,3,33555464,0,8,0,0,0,-1,-1
71225,Унесенные смерчем: Рузаст,,47736,100571,0,-1,0,0,0,0,0,0,0,0,0,0,37975,278,2078,0,3,4784384,8192,0,0,0,0,-1,-1
72008,Пересилить гору: Кролкот,,48522,100571,0,-1,0,0,0,0,0,0,0,0,0,0,37978,278,2078,0,3,4784384,8192,0,0,0,0,-1,-1
72019,Видеть врага насквозь: Незаскар,,48533,100571,0,-1,0,0,0,0,0,0,0,0,0,0,37979,278,2078,0,3,4784384,8192,0,0,0,0,-1,-1
72022,Рыболовная лихорадка,,48536,104838,0,-1,0,0,0,0,0,0,0,0,0,0,38542,109,2437,0,3,34144512,0,0,0,0,0,-1,-1
72028,Рыболовная лихорадка,,48542,104839,0,-1,0,0,0,0,0,0,0,0,0,0,38543,109,2437,0,3,34144512,0,0,0,0,0,-1,-1
72029,Рыболовная лихорадка,,48543,104841,0,-1,0,0,0,0,0,0,0,0,0,0,38544,109,2437,0,3,34144512,0,0,0,0,0,-1,-1
72030,Рыболовная лихорадка,,48544,104842,0,-1,0,0,0,0,0,0,0,0,0,0,38545,109,2437,0,3,34144512,0,0,0,0,0,-1,-1
72050,Балгар,,46599,0,0,-1,0,0,0,0,0,0,0,0,0,0,0,0,2437,0,3,34148608,0,0,0,0,0,-1,-1
72058,Кто громче топнет: Таролекк,,48569,109451,0,-1,0,0,0,0,0,0,0,0,0,0,37999,278,2535,0,3,4784384,8192,0,0,0,0,-1,-1
72061,Призывательница бури Велдра,,48572,0,0,-1,0,0,0,0,0,0,0,0,0,0,0,0,2437,0,3,34148608,0,0,0,0,0,-1,-1
72068,Помощь союзу: всеобщий пир,,47316,107827,0,-1,0,0,0,0,0,0,0,0,0,0,0,0,2437,0,2,36733248,0,776,0,0,0,-1,-1
72089,Путь к Поднебесной обсерватории,,48594,0,0,-1,0,0,0,0,0,0,0,0,0,0,0,265,2151,0,3,41418752,0,256,0,0,0,-1,-1
72090,Противостояние воинам стихий,,48595,99309,0,-1,0,0,0,0,0,0,0,0,0,0,38011,136,2385,0,3,37290304,0,0,0,0,0,-1,-1
72114,Акросот,,48619,0,0,-1,0,0,0,0,0,0,0,0,0,0,0,0,2541,0,3,34144512,0,8,0,0,0,-1,-1
72116,Лискрон Ослепительный,,48621,0,0,-1,0,0,0,0,0,0,0,0,0,0,0,0,2371,0,3,34144512,0,0,0,0,0,-1,-1
72121,Хан Великий Панцирь,,48624,0,0,-1,0,0,0,0,0,0,0,0,0,0,0,0,2154,0,3,34144512,0,0,0,0,0,-1,-1
72126,Удивительная Улитка Хляп,,48629,0,0,-1,0,0,0,0,0,0,0,0,0,0,0,0,2523,0,3,34148608,0,0,0,0,0,-1,-1
72127,Капитан Копьеносица,,48630,0,0,-1,0,0,0,0,0,0,0,0,0,0,0,0,2523,0,3,34148608,0,0,0,0,0,-1,-1
72128,Энкин Ненасытный,,48631,0,0,-1,0,0,0,0,0,0,0,0,0,0,0,0,2523,0,3,34148608,0,0,0,0,0,-1,-1
72130,Забытый грифон,,48633,0,0,-1,0,0,0,0,0,0,0,0,0,0,0,0,2523,0,3,34148608,0,0,0,0,0,-1,-1
72154,Скаг Метатель,,48657,0,0,-1,0,0,0,0,0,0,0,0,0,0,0,0,2153,0,3,34148608,0,4096,0,0,0,-1,-1
72254,Призрак рыболова Тиннака,,48705,103663,0,-1,0,0,0,0,0,0,0,0,0,0,0,0,2437,0,3,34144512,0,0,0,0,0,-1,-1
72358,Каскад,,48807,0,0,-1,0,0,0,0,0,0,0,0,0,0,0,0,2153,0,3,34144512,0,0,0,0,0,-1,-1
72364,Заризз,,48813,0,0,-1,0,0,0,0,0,0,0,0,0,0,0,0,2152,0,3,34148608,0,0,0,0,0,-1,-1
72373,Помощь союзу: охота началась,,47316,107827,0,-1,0,0,0,0,0,0,0,0,0,0,0,0,2437,0,2,36733248,0,776,0,0,0,-1,-1
72374,Помощь союзу: крепость Драконьей Погибели,,47316,107827,0,-1,0,0,0,0,0,0,0,0,0,0,0,0,2437,0,2,36733248,0,776,0,0,0,-1,-1
72375,Помощь союзу: зов островов,,47316,107827,0,-1,0,0,0,0,0,0,0,0,0,0,0,0,2437,0,2,36733184,0,776,0,0,0,-1,-1
72439,[DNT] Tracking Quest,,48881,0,0,-1,0,0,0,0,0,0,0,0,0,0,0,0,0,0,3,33588224,0,8,0,0,0,-1,-1
72510,Запретный край 1/1,,48953,0,0,-1,0,0,0,0,0,0,0,0,0,0,38628,265,7211,0,3,38273024,1073750016,8,0,0,0,-1,-1
72516,Tracking Quest [DNT],,48958,0,0,-1,0,0,0,0,0,0,0,0,0,0,0,0,2424,0,3,33555456,128,8,0,0,0,-1,-1
72560,Подъем,,48988,99239,0,-1,0,0,0,0,0,0,0,0,0,0,0,265,2523,0,3,36245504,0,12288,0,0,0,-1,-1
72675,Запретный край 1/2,,49079,0,0,-1,0,0,0,0,0,0,0,0,0,0,38628,265,7211,0,3,39321600,1073750016,8,0,0,0,-1,-1
72677,Запретный край 1/3,,49081,0,0,-1,0,0,0,0,0,0,0,0,0,0,38628,265,7211,0,3,38273024,1073750016,8,0,0,0,-1,-1
72678,Запретный край 1/4,,49082,0,0,-1,0,0,0,0,0,0,0,0,0,0,38628,265,7211,0,3,39321600,1073750016,8,0,0,0,-1,-1
72699,Запретный край 1/5,,49102,0,0,-1,0,0,0,0,0,0,0,0,0,0,38628,265,7211,0,3,38273024,1073750016,8,0,0,0,-1,-1
72783,Заказы на предметы,,49183,0,0,-1,0,0,0,0,0,0,0,0,0,0,0,0,2401,0,2,39911424,8192,512,70633,0,0,-1,-1
72891,Запретный край 2/6,,49276,0,0,-1,0,0,0,0,0,0,0,0,0,0,38628,265,7211,0,3,39321600,1073750016,8,0,0,0,-1,-1
72893,Запретный край 2/5,,49278,0,0,-1,0,0,0,0,0,0,0,0,0,0,38628,265,7211,0,3,39321600,1073750016,8,0,0,0,-1,-1
72894,Запретный край 2/4,,49279,0,0,-1,0,0,0,0,0,0,0,0,0,0,38628,265,7211,0,3,38273024,1073750016,8,0,0,0,-1,-1
72895,Запретный край 2/3,,49280,0,0,-1,0,0,0,0,0,0,0,0,0,0,38628,265,7211,0,3,38273024,1073750016,8,0,0,0,-1,-1
72896,Запретный край 2/2,,49281,0,0,-1,0,0,0,0,0,0,0,0,0,0,38628,265,7211,0,3,38273024,1073750016,8,0,0,0,-1,-1
72897,Запретный край 2/1,,49282,0,0,-1,0,0,0,0,0,0,0,0,0,0,38628,265,7211,0,3,38273024,1073750016,8,0,0,0,-1,-1
72898,Запретный край 2/7,,49283,0,0,-1,0,0,0,0,0,0,0,0,0,0,38628,265,7211,0,3,38273024,1073750016,8,0,0,0,-1,-1
72899,Запретный край 2/8,,49284,0,0,-1,0,0,0,0,0,0,0,0,0,0,38628,265,7211,0,3,38273024,1073750016,8,0,0,0,-1,-1
72906,[DNT] Storm Pet Battle,,49291,0,0,-1,0,0,0,0,0,0,0,0,0,0,0,115,2437,0,3,4784128,8192,0,0,0,0,-1,-1
72907,[DNT] Storm Pet Battle Fodder Tracking Quest,,49308,0,0,-1,0,0,0,0,0,0,0,0,0,0,0,115,2437,0,3,2688256,0,0,0,0,0,-1,-1
72952,Страшное хранилище Ур,,49341,0,0,-1,131073,0,0,0,0,0,0,0,0,0,0,0,7211,0,2,40894464,1073750016,520,72953,74431,0,-1,-1
72953,Зкерское хранилище Аз,,49342,0,0,-1,0,0,0,0,0,0,0,0,0,0,0,0,7211,0,2,40894464,1073750016,520,73159,0,0,-1,-1
72954,Зкерское хранилище Икс,,49343,0,0,-1,131073,0,0,0,0,0,0,0,0,0,0,0,7211,0,2,40894464,1073750016,520,72952,74431,0,-1,-1
72955,Зкерское хранилище Кс,,49344,0,0,-1,131073,0,0,0,0,0,0,0,0,0,0,0,7211,0,2,40894464,1073750016,520,72954,74431,0,-1,-1
73064,Магический снеговик,,49454,0,0,-1,0,0,0,0,0,0,0,0,0,0,0,0,2605,0,3,34148352,0,0,0,0,0,-1,-1
73078,Гонки драконов – Кольцо Шрама Бури,,49468,101721,0,-1,0,0,0,0,0,0,0,0,0,0,38662,281,7211,0,3,34144512,0,0,0,0,0,-1,-1
73079,Гонки драконов – Подъем на скалы Моркута,,49469,101721,0,-1,0,0,0,0,0,0,0,0,0,0,38663,281,7211,0,3,34144512,0,0,0,0,0,-1,-1
73080,Гонки драконов – Пролет над горной пропастью,,49470,101721,0,-1,0,0,0,0,0,0,0,0,0,0,38664,281,7211,0,3,34144512,0,0,0,0,0,-1,-1
73082,Гонки драконов – Южный предел,,49472,101721,0,-1,0,0,0,0,0,0,0,0,0,0,38665,281,7211,0,3,34144512,0,0,0,0,0,-1,-1
73083,Гонки драконов – виражи в кальдере,,49473,101721,0,-1,0,0,0,0,0,0,0,0,0,0,38666,281,7211,0,3,34144512,0,0,0,0,0,-1,-1
73084,Гонки драконов – Бросок через Запретный край,,49474,101721,0,-1,0,0,0,0,0,0,0,0,0,0,38667,281,7211,0,3,34144512,0,0,0,0,0,-1,-1
73146,Режущий ветер,,49535,0,0,-1,0,0,0,0,0,0,0,0,0,0,38670,115,7211,0,3,4784128,8192,0,0,0,0,-1,-1
73147,Колебания почвы,,49536,0,0,-1,0,0,0,0,0,0,0,0,0,0,38671,115,7211,0,3,4784128,8192,0,0,0,0,-1,-1
73148,Горючие заросли,,49537,0,0,-1,0,0,0,0,0,0,0,0,0,0,38672,115,7211,0,3,4784128,8192,0,0,0,0,-1,-1
73149,Предупреждение о паводке,,49538,0,0,-1,0,0,0,0,0,0,0,0,0,0,38673,115,7211,0,3,4784128,8192,0,0,0,0,-1,-1
73221,Ясность разума,,49605,108904,0,-1,0,0,0,0,0,0,0,0,0,202714,39333,109,2650,0,3,38469888,8192,0,0,0,0,-1,-1
73408,Ниффский нюх,,49715,108883,0,-1,0,0,0,0,0,0,0,0,0,203013,38725,109,7214,0,3,41484544,8192,0,0,0,0,-1,-1
73696,Tracking Quest,,49865,0,0,-1,0,0,0,0,0,0,0,0,0,0,0,0,0,0,3,33555464,0,8,0,0,0,-1,-1
73698,Шурум-бурум,,49867,108886,0,-1,0,0,0,0,0,0,0,0,0,0,38773,109,7214,0,3,40435968,8192,0,0,0,0,-1,-1
73699,Tracking Quest,,49868,0,0,-1,0,0,0,0,0,0,0,0,0,0,0,0,0,0,3,33555464,0,8,0,0,0,-1,-1
73700,Tracking Quest,,49869,0,0,-1,0,0,0,0,0,0,0,0,0,0,0,0,0,0,3,33555464,0,8,0,0,0,-1,-1
73702,Tracking Quest,,49871,0,0,-1,0,0,0,0,0,0,0,0,0,0,0,0,0,0,3,33555464,0,8,0,0,0,-1,-1
73864,Tracking Quest,,49960,0,0,-1,0,0,0,0,0,0,0,0,0,0,0,265,2424,0,3,33619968,128,0,0,0,0,-1,-1
74292,Тайны Карста,,50375,108884,0,-1,0,0,0,0,0,0,0,0,0,0,38774,109,7214,0,3,40435968,8192,0,0,0,0,-1,-1
74296,Запретный край 3/3,,50379,0,0,-1,0,0,0,0,0,0,0,0,0,0,38628,265,7211,0,3,38273024,1073750016,8,0,0,0,-1,-1
74297,Запретный край 3/1,,50380,0,0,-1,0,0,0,0,0,0,0,0,0,0,38628,265,7211,0,3,38273024,1073750016,8,0,0,0,-1,-1
74298,Запретный край 3/2,,50381,0,0,-1,0,0,0,0,0,0,0,0,0,0,38628,265,7211,0,3,39321600,1073750016,8,0,0,0,-1,-1
74299,Запретный край 3/4,,50382,0,0,-1,0,0,0,0,0,0,0,0,0,0,38628,265,7211,0,3,39321600,1073750016,8,0,0,0,-1,-1
74300,Тектоний,,50383,0,0,-1,0,0,0,0,0,0,0,0,0,0,0,0,7211,0,3,34148672,0,8,0,0,0,-1,-1
74301,Запретный край 3/5,,50384,0,0,-1,0,0,0,0,0,0,0,0,0,0,38628,265,7211,0,3,39321600,1073750016,8,0,0,0,-1,-1
74302,Запретный край 3/6,,50385,0,0,-1,0,0,0,0,0,0,0,0,0,0,38628,265,7211,0,3,39321600,1073750016,8,0,0,0,-1,-1
74303,Запретный край 3/7,,50386,0,0,-1,0,0,0,0,0,0,0,0,0,0,38628,265,7211,0,3,39321600,1073750016,8,0,0,0,-1,-1
74304,Запретный край 3/8,,50387,0,0,-1,0,0,0,0,0,0,0,0,0,0,38628,265,7211,0,3,39321600,1073750016,8,0,0,0,-1,-1
74305,Профессор Клешнер,,50388,0,0,-1,0,0,0,0,0,0,0,0,0,0,0,0,7211,0,3,34148672,0,8,0,0,0,-1,-1
74306,Манафема,,50389,0,0,-1,0,0,0,0,0,0,0,0,0,0,0,0,7211,0,3,34148672,0,8,0,0,0,-1,-1
74307,Кривоклык,,50390,0,0,-1,0,0,0,0,0,0,0,0,0,0,0,0,7211,0,3,34148672,0,8,0,0,0,-1,-1
74311,Запретный край 4/1,,50394,0,0,-1,0,0,0,0,0,0,0,0,0,0,38628,265,7211,0,3,38273024,1073750016,8,0,0,0,-1,-1
74313,Запретный край 4/2,,50396,0,0,-1,0,0,0,0,0,0,0,0,0,0,38628,265,7211,0,3,38273024,1073750016,8,0,0,0,-1,-1
74315,Запретный край 4/3,,50398,0,0,-1,0,0,0,0,0,0,0,0,0,0,38628,265,7211,0,3,38273024,1073750016,8,0,0,0,-1,-1
74319,Запретный край 4/4,,50402,0,0,-1,0,0,0,0,0,0,0,0,0,0,38628,265,7211,0,3,38273024,1073750016,8,0,0,0,-1,-1
74320,Запретный край 4/5,,50403,0,0,-1,0,0,0,0,0,0,0,0,0,0,38628,265,7211,0,3,38273024,1073750016,8,0,0,0,-1,-1
74321,Гарид,,50404,0,0,-1,0,0,0,0,0,0,0,0,0,0,0,0,7211,0,3,34148672,0,8,0,0,0,-1,-1
74322,Фавнос,,50405,0,0,-1,0,0,0,0,0,0,0,0,0,0,0,0,7211,0,3,34148672,0,8,0,0,0,-1,-1
74323,Запретный край 4/6,,50406,0,0,-1,0,0,0,0,0,0,0,0,0,0,38628,265,7211,0,3,38273024,1073750016,8,0,0,0,-1,-1
74324,Запретный край 4/7,,50407,0,0,-1,0,0,0,0,0,0,0,0,0,0,38628,265,7211,0,3,38273024,1073750016,8,0,0,0,-1,-1
74325,Кузнец приливов Зарвисс,,50408,0,0,-1,0,0,0,0,0,0,0,0,0,0,0,0,7211,0,3,34148672,0,8,0,0,0,-1,-1
74327,Запретный край 4/8,,50409,0,0,-1,0,0,0,0,0,0,0,0,0,0,38628,265,7211,0,3,38273024,1073750016,8,0,0,0,-1,-1
74328,Чаротрикс,,50410,0,0,-1,0,0,0,0,0,0,0,0,0,0,0,0,7211,0,3,34148672,0,8,0,0,0,-1,-1
74329,Кангало,,50411,0,0,-1,0,0,0,0,0,0,0,0,0,0,0,0,7211,0,3,34148672,0,8,0,0,0,-1,-1
74330,Фимбул,,50412,0,0,-1,0,0,0,0,0,0,0,0,0,0,0,0,7211,0,3,34148672,0,8,0,0,0,-1,-1
74331,Агни Пылающее Копыто,,50413,0,0,-1,0,0,0,0,0,0,0,0,0,0,0,0,7211,0,3,34148672,0,8,0,0,0,-1,-1
74332,Люттрок,,50414,0,0,-1,0,0,0,0,0,0,0,0,0,0,0,0,7211,0,3,34148672,0,8,0,0,0,-1,-1
74333,Неистовый аметист,,50415,0,0,-1,0,0,0,0,0,0,0,0,0,0,0,0,7211,0,3,34148672,0,8,0,0,0,-1,-1
74336,Вракен Охотник,,50418,0,0,-1,0,0,0,0,0,0,0,0,0,0,0,0,7211,0,3,34148672,0,8,0,0,0,-1,-1
74337,Газ'раксес,,50419,0,0,-1,0,0,0,0,0,0,0,0,0,0,0,0,7211,0,3,34148672,0,8,0,0,0,-1,-1
74338,Ишира,,50420,0,0,-1,0,0,0,0,0,0,0,0,0,0,0,0,7211,0,3,34148672,0,8,0,0,0,-1,-1
74339,Рейза Утопленница,,50421,0,0,-1,0,0,0,0,0,0,0,0,0,0,0,0,7211,0,3,34148672,0,8,0,0,0,-1,-1
74340,Дюзалгор,,50422,0,0,-1,0,0,0,0,0,0,0,0,0,0,0,0,7211,0,3,34148672,0,8,0,0,0,-1,-1
74341,Просеиватель костей Марвак,,50423,0,0,-1,0,0,0,0,0,0,0,0,0,0,0,0,7211,0,3,34148672,0,8,0,0,0,-1,-1
74342,Галахад,,50424,0,0,-1,0,0,0,0,0,0,0,0,0,0,0,0,7211,0,3,34148672,0,8,0,0,0,-1,-1
74343,Грагот Крушитель Кораблей,,50425,0,0,-1,0,0,0,0,0,0,0,0,0,0,0,0,7211,0,3,34148672,0,8,0,0,0,-1,-1
74344,Леди Шаз'ра,,50426,0,0,-1,0,0,0,0,0,0,0,0,0,0,0,0,7211,0,3,34148672,0,8,0,0,0,-1,-1
74345,Велтракс,,50427,0,0,-1,0,0,0,0,0,0,0,0,0,0,0,0,7211,0,3,34148672,0,8,0,0,0,-1,-1
74346,Кэрри Лютоглаз,,50428,0,0,-1,0,0,0,0,0,0,0,0,0,0,0,0,7211,0,3,34148672,0,8,0,0,0,-1,-1
74347,Ангварди Убийца Змеев,,50429,0,0,-1,0,0,0,0,0,0,0,0,0,0,0,0,7211,0,3,34148672,0,8,0,0,0,-1,-1
74348,Стражница Энтрикс,,50430,0,0,-1,0,0,0,0,0,0,0,0,0,0,0,0,7211,0,3,34148672,0,8,0,0,0,-1,-1
74349,Укобород,,50431,0,0,-1,0,0,0,0,0,0,0,0,0,0,0,0,7211,0,3,34148672,0,8,0,0,0,-1,-1
74350,Пирахнисс,,50432,0,0,-1,0,0,0,0,0,0,0,0,0,0,0,0,7211,0,3,34148672,0,8,0,0,0,-1,-1
74351,Вулканакк,,50433,0,0,-1,0,0,0,0,0,0,0,0,0,0,0,0,7211,0,3,34148672,0,8,0,0,0,-1,-1
74352,Кружащийся ветерок,,52033,109176,0,-1,0,0,0,0,0,0,0,0,0,0,39373,283,7214,0,3,36372480,524288,4096,0,0,0,-1,-1
74377,Вскрыть краба,,50459,106302,0,-1,0,0,0,0,0,0,0,0,0,0,0,0,7211,0,3,34144256,0,8,0,0,0,-1,-1
74378,Неистовство бури,,50460,127219,0,-1,0,0,0,0,0,0,0,0,0,0,38594,112,2594,0,3,36241664,0,0,0,0,0,-1,-1
74440,Искатель Ветра Аваш,,50528,0,0,-1,0,0,0,0,0,0,0,0,0,0,0,0,2152,0,3,34148608,0,0,0,0,0,-1,-1
74441,Ловчая Нираак,,50529,0,0,-1,0,0,0,0,0,0,0,0,0,0,0,0,2152,0,3,34148608,0,0,0,0,0,-1,-1
74444,Forbidden Reach 1/3 C and D,,50532,0,0,-1,0,0,0,0,0,0,0,0,0,0,38628,265,7211,0,3,38273024,1073750016,8,0,0,0,-1,-1
74445,Forbidden Reach 1/1 C and D,,50533,0,0,-1,0,0,0,0,0,0,0,0,0,0,38628,265,7211,0,3,38273024,1073750016,8,0,0,0,-1,-1
74448,Надзирательница Камнеречь,,50536,0,0,-1,0,0,0,0,0,0,0,0,0,0,0,0,2078,0,3,34148608,0,4096,0,0,0,-1,-1
74449,Перегруженная защитная матрица,,50537,0,0,-1,0,0,0,0,0,0,0,0,0,0,0,0,2078,0,3,34148608,0,4096,0,0,0,-1,-1
74450,Морлаш,,50538,0,0,-1,0,0,0,0,0,0,0,0,0,0,0,0,2078,0,3,34148608,0,4096,0,0,0,-1,-1
74451,Тикарр Морозный Коготь,,50539,0,0,-1,0,0,0,0,0,0,0,0,0,0,0,0,2078,0,3,34148608,0,4096,0,0,0,-1,-1
74452,Лавиний,,50540,0,0,-1,0,0,0,0,0,0,0,0,0,0,0,0,2078,0,3,34148608,0,4096,0,0,0,-1,-1
74453,Шипокрыл,,50541,0,0,-1,0,0,0,0,0,0,0,0,0,0,0,0,2078,0,3,34148608,0,4096,0,0,0,-1,-1
74454,Ваятельница За'лани,,50542,0,0,-1,0,0,0,0,0,0,0,0,0,0,0,0,2078,0,3,34148608,0,4096,0,0,0,-1,-1
74455,Нестабильный чароголем,,50543,0,0,-1,0,0,0,0,0,0,0,0,0,0,0,0,2078,0,3,34148608,0,4096,0,0,0,-1,-1
74456,Мотиватор Кратий,,50544,0,0,-1,0,0,0,0,0,0,0,0,0,0,0,0,2078,0,3,34148608,0,4096,0,0,0,-1,-1
74457,Главная изобретательница Зирак,,50545,0,0,-1,0,0,0,0,0,0,0,0,0,0,0,0,2078,0,3,34148608,0,4096,0,0,0,-1,-1
74458,Шриванта,,50546,0,0,-1,0,0,0,0,0,0,0,0,0,0,0,0,2078,0,3,34148608,0,4096,0,0,0,-1,-1
74459,Гранитный Коготь,,50547,0,0,-1,0,0,0,0,0,0,0,0,0,0,0,0,2078,0,3,34148608,0,4096,0,0,0,-1,-1
74460,Котелок,,50548,0,0,-1,0,0,0,0,0,0,0,0,0,0,0,0,2078,0,3,34148608,0,4096,0,0,0,-1,-1
74461,Малгейн Камнегул,,50549,0,0,-1,0,0,0,0,0,0,0,0,0,0,0,0,2078,0,3,34148608,0,4096,0,0,0,-1,-1
74462,Шивон Дитя Воды,,50550,0,0,-1,0,0,0,0,0,0,0,0,0,0,0,0,2078,0,3,34148608,0,4096,0,0,0,-1,-1
74463,Гроффнар,,50551,0,0,-1,0,0,0,0,0,0,0,0,0,0,0,0,2078,0,3,34148608,0,4096,0,0,0,-1,-1
74464,Лурган,,50552,0,0,-1,0,0,0,0,0,0,0,0,0,0,0,0,2078,0,3,34148608,0,4096,0,0,0,-1,-1
74465,Призывательница бури Наркена,,50553,0,0,-1,0,0,0,0,0,0,0,0,0,0,0,0,2078,0,3,34148608,0,4096,0,0,0,-1,-1
74466,Старшая охотница Иргена,,50554,0,0,-1,0,0,0,0,0,0,0,0,0,0,0,0,2078,0,3,34148608,0,4096,0,0,0,-1,-1
74467,Кровоклюв Пожиратель,,50555,0,0,-1,0,0,0,0,0,0,0,0,0,0,0,0,2078,0,3,34148608,0,4096,0,0,0,-1,-1
74468,Forbidden Reach 1/2 D and E,,50556,0,0,-1,0,0,0,0,0,0,0,0,0,0,38628,265,7211,0,3,39321600,1073750016,8,0,0,0,-1,-1
74501,Лагерь насыщения: Пепельный ветер,,50589,111201,0,-1,131073,0,0,0,0,0,0,0,0,0,38748,111,2641,0,3,4784128,8193,0,75888,75157,0,-1,-1
74510,Forbidden Reach 2/6,,50597,0,0,-1,0,0,0,0,0,0,0,0,0,0,38628,265,7211,0,3,38273024,1073750016,8,0,0,0,-1,-1
74784,Запретный край 1/3 (FR),,50855,0,0,-1,0,0,0,0,0,0,0,0,0,0,38628,265,7211,0,3,38273024,1073750016,8,0,0,0,-1,-1
74792,Я вижу звезды!,,50863,99309,0,-1,0,0,0,0,0,0,0,0,0,0,39062,115,2437,0,3,34144512,0,0,0,0,0,-1,-1
74794,Точное время дважды в сутки,,50865,99309,0,-1,0,0,0,0,0,0,0,0,0,0,39063,115,2437,0,3,590080,0,0,0,0,0,-1,-1
74835,Вонючка Энок,,50908,99309,0,-1,0,0,0,0,0,0,0,0,0,0,39064,115,2437,0,3,590080,0,0,0,0,0,-1,-1
74836,Новая цель,,50909,99309,0,-1,0,0,0,0,0,0,0,0,0,0,39065,115,2437,0,3,34144512,0,0,0,0,0,-1,-1
74837,Лапа грома,,50910,99309,0,-1,0,0,0,0,0,0,0,0,0,0,39066,115,2437,0,3,34144512,0,0,0,0,0,-1,-1
74838,Вивер,,50911,99309,0,-1,0,0,0,0,0,0,0,0,0,0,39067,115,2437,0,3,590080,0,0,0,0,0,-1,-1
74840,Ну просто кремень!,,50913,99309,0,-1,0,0,0,0,0,0,0,0,0,0,39068,115,2437,0,3,34144512,0,0,0,0,0,-1,-1
74841,Айдинакон,,50914,99309,0,-1,0,0,0,0,0,0,0,0,0,0,39069,115,2437,0,3,590080,0,0,0,0,0,-1,-1
74879,Разрушительный противовес,,50951,108893,0,-1,0,0,0,0,0,0,0,0,0,0,39323,109,7214,0,3,38338560,8192,0,0,0,0,-1,-1
74892,Старейшины закали,,50962,107182,0,-1,0,0,0,0,0,0,0,0,0,0,39104,112,2471,0,3,34144320,0,0,0,0,0,-1,-1
74945,Гуанитовый гамбит,,51006,108897,0,-1,0,0,0,0,0,0,0,0,0,0,39335,109,7214,0,3,38338560,8192,0,0,0,0,-1,-1
74985,Словно мотыльки к огню,,51046,108909,0,-1,0,0,0,0,0,0,0,0,0,0,39334,109,7214,0,3,38338560,8192,0,0,0,0,-1,-1
74988,Если не выносишь жара,,51091,108887,0,-1,0,0,0,0,0,0,0,0,0,204344,39133,111,7214,0,3,37421312,0,0,0,0,0,-1,-1
74989,Яростная защита,,51050,108888,0,-1,0,0,0,0,0,0,0,0,0,0,39134,111,7214,0,3,34144512,0,0,0,0,0,-1,-1
74990,Бурлящие тени,,51051,108889,0,-1,0,0,0,0,0,0,0,0,0,0,39135,111,7214,0,3,41484544,0,0,0,0,0,-1,-1
74991,Мы вернулись,,51052,108890,0,-1,0,0,0,0,0,0,0,0,0,204365,39136,111,7214,0,3,34275584,0,0,0,0,0,-1,-1
74992,Огнеупорное снаряжение,,51053,108891,0,-1,0,0,0,0,0,0,0,0,0,0,39137,111,7214,0,3,34144512,0,0,0,0,0,-1,-1
75022,Виньети,,51083,0,0,-1,0,0,0,0,0,0,0,0,0,0,0,0,2650,0,3,34148672,0,8,0,0,0,-1,-1
75030,Кристальная катастрофа!,,51092,108885,0,-1,0,0,0,0,0,0,0,0,0,0,39147,109,7214,0,3,40435968,8192,0,0,0,0,-1,-1
75058,Как достать копье,,51116,108447,0,-1,0,0,0,0,0,0,0,0,0,0,38683,109,7214,0,3,40435968,0,0,0,0,0,-1,-1
75060,Место для свалки,,51118,108447,0,-1,0,0,0,0,0,0,0,0,0,0,38681,109,7214,0,3,40435968,0,0,0,0,0,-1,-1
75061,Никаких грибов,,51119,108447,0,-1,0,0,0,0,0,0,0,0,0,0,38682,109,7214,0,3,40435968,0,0,0,0,0,-1,-1
75062,Кристальная головоломка,,51120,108447,0,-1,0,0,0,0,0,0,0,0,0,0,38680,109,7214,0,3,40435968,0,0,0,0,0,-1,-1
75063,Янтарный жир,,51121,108905,0,-1,0,0,0,0,0,0,0,0,0,0,39159,109,7214,0,3,38469632,8192,0,0,0,0,-1,-1
75064,Труд грибовода,,51122,108906,0,-1,0,0,0,0,0,0,0,0,0,0,39160,109,7214,0,3,38469632,8192,0,0,0,0,-1,-1
75067,Охота на каменных гадюк,,51125,108907,0,-1,0,0,0,0,0,0,0,0,0,0,39162,109,7214,0,3,38469632,0,0,0,0,0,-1,-1
75071,Славная мышка-нюхач,,51129,108908,0,-1,0,0,0,0,0,0,0,0,0,0,39163,109,7214,0,3,38469632,0,0,0,0,0,-1,-1
75119,Гонки драконов – Кристальная трасса,,51178,108754,0,-1,0,0,0,0,0,0,0,0,0,0,39164,281,2437,0,3,34144512,0,0,0,0,0,-1,-1
75120,Гонки драконов – Пролет над кальдерой,,51179,108754,0,-1,0,0,0,0,0,0,0,0,0,0,39167,281,2437,0,3,34144512,0,0,0,0,0,-1,-1
75121,Гонки драконов – Взлет на Серный гарнизон,,51180,108754,0,-1,0,0,0,0,0,0,0,0,0,0,39168,281,2437,0,3,34144512,0,0,0,0,0,-1,-1
75122,Гонки драконов – Мерцающий слалом,,51181,108754,0,-1,0,0,0,0,0,0,0,0,0,0,39169,281,2437,0,3,34144512,0,0,0,0,0,-1,-1
75123,Гонки драконов – Лоаммские изломы,,51182,108754,0,-1,0,0,0,0,0,0,0,0,0,0,39170,281,2437,0,3,34144512,0,0,0,0,0,-1,-1
75124,Гонки драконов – Серный марафон,,51183,108754,0,-1,0,0,0,0,0,0,0,0,0,0,39171,281,2437,0,3,34144512,0,0,0,0,0,-1,-1
75125,"Все двери, везде и сразу",,51184,0,0,-1,0,0,0,0,0,0,0,0,0,0,38628,265,7211,0,3,2686976,1073741824,8,0,0,0,-1,-1
75126,Изучение пещеры Заралек,,51185,107540,0,-1,0,0,0,0,0,0,0,0,0,0,38676,109,7214,0,3,40566784,8192,0,0,0,0,-1,-1
75128,Ферма слизней,,51187,108895,0,-1,0,0,0,0,0,0,0,0,0,0,39325,109,7214,0,3,41484288,8192,0,0,0,0,-1,-1
75151,Передел останков,,51211,108894,0,-1,0,0,0,0,0,0,0,0,0,0,39324,109,7214,0,3,38338560,8192,0,0,0,0,-1,-1
75155,Как потушить пламя Тьмы,,51215,108896,0,-1,0,0,0,0,0,0,0,0,0,0,39326,109,7214,0,3,41484288,8192,0,0,0,0,-1,-1
75156,Стресс-экспресс,,51685,108370,0,-1,0,0,0,0,0,0,0,0,0,0,39370,283,7214,0,3,35192832,524288,4096,0,0,0,-1,-1
75162,Сотворение стихий,,51222,110050,0,-1,0,0,0,0,0,0,0,0,0,204473,39202,113,2523,0,3,38469888,8192,0,0,0,0,-1,-1
75200,Задрать живодера,,51254,108882,0,-1,0,0,0,0,0,0,0,0,0,0,39211,109,7214,0,3,41484544,8192,0,0,0,0,-1,-1
75222,Под огнем,,51694,108373,0,-1,0,0,0,0,0,0,0,0,0,0,39370,283,7214,0,3,35192832,524288,4096,0,0,0,-1,-1
75234,"Поскрести, понюхать",,52101,109354,0,-1,0,0,0,0,0,0,0,0,0,0,0,283,7214,0,3,36241408,524288,4104,0,0,0,-1,-1
75257,Колыбель воинов,,51307,106302,0,-1,0,0,0,0,0,0,0,0,0,0,39251,136,7211,0,3,40436032,0,0,0,0,0,-1,-1
75259,Помощь союзу: Зкерские хранилища,,47316,107827,0,-1,0,0,0,0,0,0,0,0,0,0,0,0,7211,0,2,36733248,0,776,0,0,0,-1,-1
75267,Коб'рок,,51315,0,0,-1,0,0,0,0,0,0,0,0,0,0,0,111,2650,0,3,34148672,0,8,0,0,0,-1,-1
75269,Капраку,,51317,0,0,-1,0,0,0,0,0,0,0,0,0,0,0,111,2650,0,3,34148672,0,8,0,0,0,-1,-1
75271,Аквифон,,51319,0,0,-1,0,0,0,0,0,0,0,0,0,0,0,111,2650,0,3,34148672,0,8,0,0,0,-1,-1
75274,Жижек,,51322,0,0,-1,0,0,0,0,0,0,0,0,0,0,0,111,2650,0,3,34148672,0,8,0,0,0,-1,-1
75276,Костеплет,,51324,0,0,-1,0,0,0,0,0,0,0,0,0,0,0,111,2650,0,3,34148672,0,8,0,0,0,-1,-1
75280,Лагерь насыщения: Обжигающий холод,,51328,111201,0,-1,131073,0,0,0,0,0,0,0,0,0,39213,111,2641,0,3,4784128,8193,0,75888,75157,0,-1,-1
75285,Алканон,,51332,0,0,-1,0,0,0,0,0,0,0,0,0,0,0,111,2650,0,3,34148672,0,8,0,0,0,-1,-1
75292,Профессор Гастринакс,,51335,0,0,-1,0,0,0,0,0,0,0,0,0,0,0,111,2650,0,3,34148672,0,8,0,0,0,-1,-1
75296,Генерал Зкорро,,51339,0,0,-1,0,0,0,0,0,0,0,0,0,0,0,111,2650,0,3,34148672,0,8,0,0,0,-1,-1
75298,Беспросветная королева,,51341,0,0,-1,0,0,0,0,0,0,0,0,0,0,0,111,2650,0,3,34148672,0,8,0,0,0,-1,-1
75314,Гадексия,,51351,0,0,-1,0,0,0,0,0,0,0,0,0,0,0,0,2650,0,3,34148672,0,8,0,0,0,-1,-1
75322,Клакатак,,51359,0,0,-1,0,0,0,0,0,0,0,0,0,0,0,111,2650,0,3,34148672,0,8,0,0,0,-1,-1
75326,Брулло Мощный,,51363,0,0,-1,0,0,0,0,0,0,0,0,0,0,0,111,2650,0,3,34148672,0,8,0,0,0,-1,-1
75334,Карокта,,51371,0,0,-1,0,0,0,0,0,0,0,0,0,0,0,111,2650,0,3,34148672,0,8,0,0,0,-1,-1
75336,Инвок,,51373,0,0,-1,0,0,0,0,0,0,0,0,0,0,0,111,2650,0,3,34148672,0,8,0,0,0,-1,-1
75338,Лавермикс,,51375,0,0,-1,0,0,0,0,0,0,0,0,0,0,0,0,2650,0,3,34148672,0,8,0,0,0,-1,-1
75340,Магтембо,,51377,0,0,-1,0,0,0,0,0,0,0,0,0,0,0,111,2650,0,3,34148672,0,8,0,0,0,-1,-1
75342,Кронкапакс,,51379,0,0,-1,0,0,0,0,0,0,0,0,0,0,0,0,2650,0,3,34148672,0,8,0,0,0,-1,-1
75343,"Все, что блестит",,51381,108899,0,-1,0,0,0,0,0,0,0,0,0,0,39327,109,7214,0,3,38338560,8192,0,0,0,0,-1,-1
75344,Кристаллолом,,51382,108901,0,-1,0,0,0,0,0,0,0,0,0,0,39329,109,7214,0,3,41484288,8192,0,0,0,0,-1,-1
75345,Лишние раковины,,51383,108902,0,-1,0,0,0,0,0,0,0,0,0,0,39331,109,7214,0,3,38338560,8192,0,0,0,0,-1,-1
75346,Сбор данных,,51384,108903,0,-1,0,0,0,0,0,0,0,0,0,0,39332,109,7214,0,3,41484288,8192,0,0,0,0,-1,-1
75349,Скорнак,,51387,0,0,-1,0,0,0,0,0,0,0,0,0,0,0,111,2650,0,3,34148672,0,8,0,0,0,-1,-1
75350,Ниффохват,,51388,108900,0,-1,0,0,0,0,0,0,0,0,0,0,39328,109,7214,0,3,38338560,8192,0,0,0,0,-1,-1
75353,Динн,,51390,0,0,-1,0,0,0,0,0,0,0,0,0,0,0,111,2650,0,3,34148672,0,8,0,0,0,-1,-1
75358,Жарик,,51395,0,0,-1,0,0,0,0,0,0,0,0,0,0,0,111,2650,0,3,34148672,0,8,0,0,0,-1,-1
75360,Подземарк,,51397,0,0,-1,0,0,0,0,0,0,0,0,0,0,0,111,2650,0,3,34148672,0,8,0,0,0,-1,-1
75364,Углемрак,,51401,0,0,-1,0,0,0,0,0,0,0,0,0,0,0,111,2650,0,3,34148672,0,8,0,0,0,-1,-1
75366,Зеленый король,,51403,0,0,-1,0,0,0,0,0,0,0,0,0,0,0,111,2650,0,3,34148672,0,8,0,0,0,-1,-1
75370,Благовоняния,,51695,108372,0,-1,0,0,0,0,0,0,0,0,0,0,39370,283,7214,0,3,35192832,524288,4096,0,0,0,-1,-1
75390,Вертикальная аномалия,,52103,109357,0,-1,0,0,0,0,0,0,0,0,0,0,0,283,7214,0,3,36241408,524288,4104,0,0,0,-1,-1
75393,Источник запахов,,52090,109229,0,-1,0,0,0,0,0,0,0,0,0,0,0,283,7214,0,3,36241408,524288,4104,0,0,0,-1,-1
75397,Ох уж эти черви,,52098,109345,0,-1,0,0,0,0,0,0,0,0,0,0,0,283,7214,0,3,36241408,524288,4104,0,0,0,-1,-1
75398,Поклонение огню,Поклонитесь костру на Берегах Пробуждения.,51434,9484,0,-1,0,0,0,0,0,0,0,0,0,0,0,0,394,0,2,2097152,0,512,0,0,0,-1,-1
75441,Вонючая драка,,51696,108371,0,-1,0,0,0,0,0,0,0,0,0,0,39370,283,7214,0,3,35192832,524288,4096,0,0,0,-1,-1
75450,Сейсмическая церемония,,51492,108378,0,-1,0,0,0,0,0,0,0,0,0,0,39587,283,7214,0,3,36241408,524288,4096,0,0,0,-1,-1
75451,Неидеальное равновесие,,51494,108376,0,-1,0,0,0,0,0,0,0,0,0,0,39587,283,7214,0,3,36241408,524288,4096,0,0,0,-1,-1
75454,Мортира войны,,51497,108380,0,-1,0,0,0,0,0,0,0,0,0,0,39587,283,7214,0,3,40435712,524288,4096,0,0,0,-1,-1
75455,Заговор огней,,51671,108379,0,-1,0,0,0,0,0,0,0,0,0,0,39587,283,7214,0,3,36241408,524288,4096,0,0,0,-1,-1
75459,Новейшие раскопки,,51489,0,0,-1,0,0,0,0,0,0,0,0,0,0,0,109,7214,0,3,34144256,524352,4360,0,0,0,-1,-1
75461,Магмохват-матриарх,,52036,108381,0,-1,0,0,0,0,0,0,0,0,0,0,39371,283,7214,0,3,34144256,524288,4096,0,0,0,-1,-1
75471,Исследование кристаллов,,51692,108374,0,-1,0,0,0,0,0,0,0,0,0,0,39370,283,7214,0,3,35192832,524288,4096,0,0,0,-1,-1
75476,Колоссиан,,51511,0,0,-1,0,0,0,0,0,0,0,0,0,0,0,111,2650,0,3,34148672,0,8,0,0,0,-1,-1
75478,Голодная-преголодная гидра,,52035,109174,0,-1,0,0,0,0,0,0,0,0,0,0,39371,283,7214,0,3,34144256,524288,4096,0,0,0,-1,-1
75494,Удар по знаменам,,52034,109175,0,-1,0,0,0,0,0,0,0,0,0,0,39371,283,7214,0,3,36241408,524288,4096,0,0,0,-1,-1
75511,Tracking Quest,,51543,0,0,-1,0,0,0,0,0,0,0,0,0,0,0,265,2474,0,3,622656,69206080,0,0,0,0,-1,-1
75516,Успешное вмешательство,,52099,109348,0,-1,0,0,0,0,0,0,0,0,0,0,0,283,7214,0,3,36241408,524288,4104,0,0,0,-1,-1
75517,Спрячься и понюхай,,52096,109342,0,-1,0,0,0,0,0,0,0,0,0,0,0,283,7214,0,3,36241408,524288,4104,0,0,0,-1,-1
75576,"Вторжение в ""Угрюмого обжору""!",,51605,0,0,-1,0,0,0,0,0,0,0,0,0,0,0,0,2650,0,3,34148672,0,8,0,0,0,-1,-1
75611,"Лови мерцокуня, пока не уплыл",,52089,108575,0,-1,0,0,0,0,0,0,0,0,0,0,39372,283,7214,0,3,37289984,524288,4096,0,0,0,-1,-1
75612,Зов каскадов,,52087,108605,0,-1,0,0,0,0,0,0,0,0,0,0,39372,283,7214,0,3,36241408,524288,4096,0,0,0,-1,-1
75617,Поклонение огню,Поклонитесь костру на равнинах Он'ары.,51644,9484,0,-1,0,0,0,0,0,0,0,0,0,0,0,0,394,0,2,2097152,0,512,0,0,0,-1,-1
75619,Юркие воришки,,52094,109339,0,-1,0,0,0,0,0,0,0,0,0,0,0,283,7214,0,3,36241408,524288,4104,0,0,0,-1,-1
75620,Обманчивый свет,,52091,109336,0,-1,0,0,0,0,0,0,0,0,0,0,0,283,7214,0,3,36241408,524288,4104,0,0,0,-1,-1
75621,Шепот стихий,,52100,109351,0,-1,0,0,0,0,0,0,0,0,0,0,0,283,7214,0,3,36241408,524288,4104,0,0,0,-1,-1
75624,Состязание чемпионов,,52088,108614,0,-1,0,0,0,0,0,0,0,0,0,0,39372,283,7214,0,3,36241408,34078720,4096,0,0,0,-1,-1
75640,Поклонение огню,Поклонитесь костру в Лазурном Просторе.,51666,9484,0,-1,0,0,0,0,0,0,0,0,0,0,0,0,394,0,2,2097152,0,512,0,0,0,-1,-1
75645,Поклонение огню,Поклонитесь костру в Тальдразусе.,51672,9484,0,-1,0,0,0,0,0,0,0,0,0,0,0,0,394,0,2,2097152,0,512,0,0,0,-1,-1
75647,Поклонение огню,Поклонитесь костру в Запретном крае.,51674,9484,0,-1,0,0,0,0,0,0,0,0,0,0,0,0,394,0,2,2097152,0,512,0,0,0,-1,-1
75650,Поклонение огню,Поклонитесь костру в пещере Заралек.,51677,9484,0,-1,0,0,0,0,0,0,0,0,0,0,0,0,394,0,2,2097152,0,512,0,0,0,-1,-1
75660,Конец дозору,,51688,108910,0,-1,0,0,0,0,0,0,0,0,0,0,39529,109,7214,0,3,40435968,0,0,0,0,0,-1,-1
75661,Сбор целительных кристаллов,,51689,108911,0,-1,0,0,0,0,0,0,0,0,0,0,39533,109,7214,0,3,38338816,0,0,0,0,0,-1,-1
75663,Бесконечные муки,,51691,108898,0,-1,0,0,0,0,0,0,0,0,0,0,39538,109,7214,0,3,38338560,8192,0,0,0,0,-1,-1
75664,Диссонирующие кристаллы,,52031,109177,0,-1,0,0,0,0,0,0,0,0,0,0,39373,283,7214,0,3,34144256,524288,4096,0,0,0,-1,-1
75665,Достойный союзник: лоаммские ниффы,,51693,108781,0,-1,0,0,0,0,0,0,0,0,0,0,0,0,2649,0,2,33587272,0,776,0,0,0,-1,-1
75680,В подземном царстве,,51711,105724,0,-1,0,0,0,0,0,0,0,0,0,0,39554,115,2650,0,3,34144512,0,0,0,0,0,-1,-1
75705,Ремонт монумента,,52032,109178,0,-1,0,0,0,0,0,0,0,0,0,0,39373,283,7214,0,3,34144256,524288,4096,0,0,0,-1,-1
75750,Разве они не прекрасны?,,51777,105724,0,-1,0,0,0,0,0,0,0,0,0,0,39630,115,2650,0,3,34144512,0,0,0,0,0,-1,-1
75834,Исследовательница Мардей,,51861,105724,0,-1,0,0,0,0,0,0,0,0,0,0,39654,115,2650,0,3,34144512,0,0,0,0,0,-1,-1
75835,Ты вообще тренируешься?,,51862,105724,0,-1,0,0,0,0,0,0,0,0,0,0,39655,115,2650,0,3,34144512,0,0,0,0,0,-1,-1
75859,Помощь союзу: нюхорысканье,,47316,107827,0,-1,0,0,0,0,0,0,0,0,0,0,0,0,2649,0,2,36733248,0,776,0,0,0,-1,-1
75860,Помощь союзу: исследователи под огнем,,47316,107827,0,-1,0,0,0,0,0,0,0,0,0,0,0,0,2649,0,2,36733248,0,776,0,0,0,-1,-1
75861,Помощь союзу: лагерь насыщения,,47316,107827,0,-1,0,0,0,0,0,0,0,0,0,0,0,0,2641,0,2,36733248,0,776,0,0,0,-1,-1
75996,Твой вес золотом,,52097,109347,0,-1,0,0,0,0,0,0,0,0,0,0,0,283,7214,0,3,40435712,524288,4104,0,0,0,-1,-1
76014,Ожившая статуя,,52093,109334,0,-1,0,0,0,0,0,0,0,0,0,0,0,283,7214,0,3,36241408,524288,4104,0,0,0,-1,-1
76015,Железное сердце,,52092,109335,0,-1,0,0,0,0,0,0,0,0,0,0,0,283,7214,0,3,36241408,524288,4104,0,0,0,-1,-1
76016,Живая дрель,,52095,109343,0,-1,0,0,0,0,0,0,0,0,0,0,0,283,7214,0,3,36241408,524288,4104,0,0,0,-1,-1
76027,Крича и дергаясь,,52102,109358,0,-1,0,0,0,0,0,0,0,0,0,0,0,283,7214,0,3,36241408,524288,4104,0,0,0,-1,-1
76081,Духовные лжецы,,52117,109338,0,-1,0,0,0,0,0,0,0,0,0,0,0,283,7214,0,3,36241408,524288,4104,0,0,0,-1,-1
76084,Ловкость Ледяного Огня,,52120,109337,0,-1,0,0,0,0,0,0,0,0,0,0,0,283,7214,0,3,36241408,524288,4104,0,0,0,-1,-1
76247,Да будет домашний очаг,,52277,127044,0,-1,0,0,0,0,0,0,0,0,0,0,0,0,2809,0,2,37748744,8192,520,79573,0,0,-1,-1
76308,Наденьте это немедленно!,,52333,0,0,-1,0,0,0,0,0,0,0,0,0,0,22303,0,877,0,2,72,0,520,0,0,0,-1,-1
76338,Улучшенный кромсатель капусты,,54968,110782,0,-1,0,0,0,0,0,0,0,0,0,0,0,0,2809,0,3,38371328,8192,512,79573,0,0,-1,-1
76361,Неделя моды,,52388,0,0,-1,0,0,0,0,0,0,0,0,52333,0,22303,0,877,0,2,16777224,0,520,0,0,0,-1,-1
76367,Спящие герои,,52394,110842,0,-1,0,0,0,0,0,0,0,0,0,0,41504,112,2471,0,3,34144320,0,0,0,0,0,-1,-1
76506,Огненная тренировка для дриад,,52537,112517,0,-1,1,0,0,0,0,0,0,0,0,0,40689,109,2699,0,3,40435968,8192,0,0,0,0,-1,-1
76518,Безопасность корней,,52547,113028,0,-1,0,0,0,0,0,0,0,0,0,208447,40861,109,2699,0,3,38338816,8192,0,0,0,0,-1,-1
76519,Все-все дети,,52548,113029,0,-1,0,0,0,0,0,0,0,0,0,0,40869,109,2699,0,3,38338816,8192,0,0,0,0,-1,-1
76520,Общий сон,,52549,113030,0,-1,0,0,0,0,0,0,0,0,0,208983,41130,109,2699,0,3,38338816,8192,0,0,0,0,-1,-1
76522,Грезы о битве,,53270,113032,0,-1,0,0,0,0,0,0,0,0,0,0,40719,109,2699,0,3,38338816,8192,0,0,0,0,-1,-1
76526,Среди деревьев,,52555,113031,0,-1,0,0,0,0,0,0,0,0,0,0,40879,109,2699,0,3,40435968,8192,0,0,0,0,-1,-1
76531,Полная бочка,,52560,9485,0,-1,0,0,0,0,0,0,0,0,0,0,0,0,298,0,0,33554432,0,520,0,0,0,-1,-1
76549,Сновидения во Сне,,52577,113011,0,-1,0,0,0,0,0,0,0,0,0,0,40887,109,2699,0,3,40435968,8192,0,0,0,0,-1,-1
76550,Истинное зрение,,52578,113012,0,-1,0,0,0,0,0,0,0,0,0,208841,40893,109,2699,0,3,40435712,8192,0,0,0,0,-1,-1
76551,Охота за сокровищами,,52579,113013,0,-1,0,0,0,0,0,0,0,0,0,0,40894,109,2699,0,3,38338560,8192,0,0,0,0,-1,-1
76558,Контроль базы,,52585,113014,0,-1,0,0,0,0,0,0,0,0,0,0,40895,111,2699,0,3,38338560,8192,0,0,0,0,-1,-1
76559,Наши СОВюзники,,52586,113016,0,-1,0,0,0,0,0,0,0,0,0,0,40896,109,2699,0,3,38338560,8192,0,0,0,0,-1,-1
76562,Обслуживание рва,,52589,113017,0,-1,0,0,0,0,0,0,0,0,0,0,40897,109,2699,0,3,38338560,8192,0,0,0,0,-1,-1
76586,Принеси им свет,,52611,128113,0,-1,0,0,0,0,0,0,0,0,0,0,41783,111,2809,0,3,5308424,8257,8,79573,0,0,-1,-1
76587,Исследование: кентавры с равнин Он'ары,,52612,118785,0,-1,0,0,0,0,0,0,0,0,0,0,40442,109,2714,0,3,40435976,8192,0,0,0,0,-1,-1
76588,Защитник пламени,,52613,127044,0,-1,0,0,0,0,0,0,0,0,0,0,41783,0,2809,0,2,37748744,2138112,520,79573,0,0,-1,-1
76599,Прямо между гироокуляров: активация,,52622,0,0,-1,0,0,0,0,0,0,0,0,0,0,41783,265,2809,0,3,41484288,8256,8,0,0,0,-1,-1
76734,Исследование: джарадины из пещеры Заралек,,52757,116943,0,-1,0,0,0,0,0,0,0,0,0,0,40444,109,2714,0,3,40435968,8192,0,0,0,0,-1,-1
76739,Исследование: ниффы из пещеры Заралек,,52762,116944,0,-1,0,0,0,0,0,0,0,0,0,0,40446,109,2714,0,3,40435968,8192,0,0,0,0,-1,-1
76911,Исследование: дракониды с Берегов Пробуждения,,52773,118783,0,-1,0,0,0,0,0,0,0,0,0,0,40448,109,2714,0,3,40435968,8192,0,0,0,0,-1,-1
76988,Лесной слалом,,52802,113018,0,-1,0,0,0,0,0,0,0,0,0,0,40898,109,2699,0,3,38338560,8192,0,0,0,0,-1,-1
76989,Разрушение лагеря,,52803,113023,0,-1,0,0,0,0,0,0,0,0,0,0,40900,109,2699,0,3,34144256,0,0,0,0,0,-1,-1
76990,Суета у портала,,52804,113022,0,-1,0,0,0,0,0,0,0,0,0,0,40899,109,2699,0,3,34144256,0,0,0,0,0,-1,-1
76991,Лови момент!,,52805,113024,0,-1,0,0,0,0,0,0,0,0,0,0,40901,109,2699,0,3,40435712,8192,0,0,0,0,-1,-1
76992,Превратности правосудия,,52806,113025,0,-1,0,0,0,0,0,0,0,0,0,210227,40902,109,2699,0,3,38338560,8192,0,0,0,0,-1,-1
76993,Черепашья сила,,52807,113026,0,-1,0,0,0,0,0,0,0,0,0,211302,40903,109,2699,0,3,34144256,0,0,0,0,0,-1,-1
77095,Полная бочка,,52814,9485,0,-1,0,0,0,0,0,0,0,0,0,0,0,0,298,0,0,33554432,0,520,0,0,0,-1,-1
77096,Полная бочка,,52815,9485,0,-1,0,0,0,0,0,0,0,0,0,0,0,0,298,0,0,33554432,0,520,0,0,0,-1,-1
77097,Полная бочка,,52816,9485,0,-1,0,0,0,0,0,0,0,0,0,0,0,0,298,0,0,33554432,0,520,0,0,0,-1,-1
77099,Полная бочка,,52818,9485,0,-1,0,0,0,0,0,0,0,0,0,0,0,0,298,0,0,33554432,0,512,0,0,0,-1,-1
77152,Полная бочка,,52848,9485,0,-1,0,0,0,0,0,0,0,0,0,0,0,0,298,0,0,33554432,0,520,0,0,0,-1,-1
77153,Полная бочка,,52849,9485,0,-1,0,0,0,0,0,0,0,0,0,0,0,0,298,0,0,33554432,0,520,0,0,0,-1,-1
77155,Полная бочка,,52851,9485,0,-1,0,0,0,0,0,0,0,0,0,0,0,0,298,0,0,33554432,0,520,0,0,0,-1,-1
77156,Перераспределение растительности,,52852,111661,0,-1,0,0,0,0,0,0,0,0,0,0,40244,109,2699,0,3,40435968,0,0,0,0,0,-1,-1
77159,С точностью до гриба,,52855,111661,0,-1,0,0,0,0,0,0,0,0,0,0,40245,109,2699,0,3,40435968,0,0,0,0,0,-1,-1
77209,Наследие семени,,52902,0,0,-1,0,0,0,0,0,0,0,0,0,210014,0,0,2699,0,2,37748736,1073750016,520,78172,0,0,-1,-1
77251,Укрощение Прилива Снов,,52942,0,0,-1,0,0,0,0,0,0,0,0,0,0,0,0,2708,0,2,33587208,0,520,0,0,0,-1,-1
77254,Помощь союзу: портал времени,,47316,107827,0,-1,0,0,0,0,0,0,0,0,0,0,0,0,2684,0,2,36733248,0,776,0,0,0,-1,-1
77362,Исследование: дракониды Запретного края,,53049,116945,0,-1,0,0,0,0,0,0,0,0,0,0,40450,109,2714,0,3,40435968,8192,0,0,0,0,-1,-1
77416,Tracking Quest,,60126,0,0,-1,0,0,0,0,0,0,0,0,0,0,0,265,2474,0,3,33619968,131072,8,0,0,0,-1,-1
77424,Исследование: драктиры Запретного края,,53112,116940,0,-1,0,0,0,0,0,0,0,0,0,0,40440,109,2714,0,3,40435968,8192,0,0,0,0,-1,-1
77570,"Нуоберон, дикий сон ребенка",,53253,112505,0,-1,0,0,0,0,0,0,0,0,0,0,40678,283,2699,0,3,35192896,524288,4120,0,0,0,-1,-1
77615,Tracking Quest,,53299,0,0,-1,0,0,0,0,0,0,0,0,0,0,0,0,0,0,3,33588232,0,8,0,0,0,-1,-1
77714,Запечатанная природа,,53399,113027,0,-1,0,0,0,0,0,0,0,0,0,0,40878,109,2699,0,3,38338816,8192,0,0,0,0,-1,-1
77715,Спасение в пузыре,,53429,113005,0,-1,0,0,0,0,0,0,0,0,0,0,40888,109,2699,0,3,40435712,8192,0,0,0,0,-1,-1
77744,Полная бочка,,53428,9485,0,-1,0,0,0,0,0,0,0,0,0,0,0,0,298,0,0,33554432,0,520,0,0,0,-1,-1
77745,Полная бочка,,53430,9485,0,-1,0,0,0,0,0,0,0,0,0,0,0,0,298,0,0,33554432,0,520,0,0,0,-1,-1
77746,Полная бочка,,53431,9485,0,-1,0,0,0,0,0,0,0,0,0,0,0,0,298,0,0,33554432,0,520,0,0,0,-1,-1
77747,Полная бочка,,53432,9485,0,-1,0,0,0,0,0,0,0,0,0,0,0,0,298,0,0,33554432,0,520,0,0,0,-1,-1
77754,Трудности с пироманией,,53439,113008,0,-1,0,0,0,0,0,0,0,0,0,0,40891,109,2699,0,3,40435968,8192,0,0,0,0,-1,-1
77755,Разгром в лагере,,53440,113010,0,-1,0,0,0,0,0,0,0,0,0,0,40892,109,2699,0,3,40435968,8192,0,0,0,0,-1,-1
77756,Род драконов,,53441,113006,0,-1,0,0,0,0,0,0,0,0,0,0,40889,109,2699,0,3,41484544,8192,0,0,0,0,-1,-1
77757,Ужасы в раю,,53442,113007,0,-1,0,0,0,0,0,0,0,0,0,0,40890,109,2699,0,3,40435968,8192,0,0,0,0,-1,-1
77761,Задокументировать Сон,,53446,113019,0,-1,0,0,0,0,0,0,0,0,0,0,40246,109,2699,0,3,40435968,8192,0,0,0,0,-1,-1
77765,Задокументировать Сон,,53450,113019,0,-1,0,0,0,0,0,0,0,0,0,0,40247,109,2699,0,3,40435968,8192,0,0,0,0,-1,-1
77867,Морууд,,53551,113215,0,-1,0,0,0,0,0,0,0,0,0,0,40678,283,2699,0,3,35192896,524288,4120,0,0,0,-1,-1
77878,Посланник Зимы,,53563,113262,0,-1,0,0,0,0,0,0,0,0,0,0,40681,283,2699,0,3,37290048,524288,4120,0,0,0,-1,-1
77976,Помощь союзу: Прилив Снов,,47316,107827,0,-1,0,0,0,0,0,0,0,0,0,0,0,0,2641,0,2,36733248,0,776,0,0,0,-1,-1
77982,Жадный Джесси,,53662,113354,0,-1,0,0,0,0,0,0,0,0,0,0,40680,283,2699,0,3,37290048,524288,4120,0,0,0,-1,-1
78015,Фистия Огнемеченная,,53694,113502,0,-1,0,0,0,0,0,0,0,0,0,0,40679,283,2699,0,3,35192896,524288,4120,0,0,0,-1,-1
78033,Магический цветок,,53712,0,0,-1,65536,0,0,0,0,0,0,0,0,0,0,265,2484,0,3,38371328,1073750016,8,78005,0,0,-1,-1
78170,Подпитка для вековечных семян,,53836,0,0,-1,0,0,0,0,0,0,0,0,0,0,0,0,2699,0,2,37748736,1073750016,520,77209,0,0,-1,-1
78172,Таинственные семена,,53838,0,0,-1,0,0,0,0,0,0,0,0,0,210050,0,0,2699,0,2,37748736,1073750016,520,0,0,0,-1,-1
78177,В Гилнеас,,53843,0,0,-1,0,0,0,0,0,0,0,0,0,0,0,0,2736,0,2,39846152,0,512,0,0,0,-1,-1
78178,В Гилнеас,,53843,923,0,-1,0,0,0,0,0,0,0,0,0,0,0,0,2736,0,2,37749000,0,512,0,0,0,-1,-1
78180,Цвет крови,,53846,0,0,-1,2,0,0,0,0,0,0,0,0,0,0,0,2736,0,2,38797576,0,512,78177,78178,0,-1,-1
78181,Отпор Адерика,,53847,0,0,-1,2,0,0,0,0,0,0,0,0,0,0,0,2736,0,2,38797576,0,512,78177,78178,0,-1,-1
78182,По колено,,53848,0,0,-1,1,0,0,0,0,0,0,0,0,0,0,0,2736,0,2,37749000,8192,512,78181,78180,0,-1,-1
78183,Алая кровь,,53849,0,0,-1,0,0,0,0,0,0,0,0,0,0,0,0,2736,0,2,37749000,8192,512,78182,0,0,-1,-1
78215,Корень опасности,,53880,116346,0,-1,0,0,0,0,0,0,0,0,0,0,41314,113,2523,0,3,4784384,8192,0,0,0,0,-1,-1
78370,Укол сомнений,,54024,114850,0,-1,0,0,0,0,0,0,0,0,0,0,41477,109,2699,0,3,38338816,8192,0,0,0,0,-1,-1
78434,Гонки драконов – Испытание Изеры,,54082,114959,0,-1,0,0,0,0,0,0,0,0,0,0,41521,281,2437,0,3,34144512,0,0,0,0,0,-1,-1
78435,Гонки драконов – Дымящийся рывок,,54083,114959,0,-1,0,0,0,0,0,0,0,0,0,0,41522,281,2437,0,3,34144512,0,0,0,0,0,-1,-1
78436,Гонки драконов – Изумрудный забег,,54084,114959,0,-1,0,0,0,0,0,0,0,0,0,0,41523,281,2437,0,3,34144512,0,0,0,0,0,-1,-1
78437,Гонки драконов – Пробег по берегу,,54085,114959,0,-1,0,0,0,0,0,0,0,0,0,0,41524,281,2437,0,3,34144512,0,0,0,0,0,-1,-1
78438,Гонки драконов – Полет под куполом,,54086,114959,0,-1,0,0,0,0,0,0,0,0,0,0,41525,281,2437,0,3,34144512,0,0,0,0,0,-1,-1
78439,Гонки драконов – Изумрудная дорога,,54087,114959,0,-1,0,0,0,0,0,0,0,0,0,0,41526,281,2437,0,3,34144512,0,0,0,0,0,-1,-1
78444,Достойный союзник: Стражи Сна,,54091,114971,0,-1,0,0,0,0,0,0,0,0,0,0,0,0,2669,0,2,33587272,0,776,0,0,0,-1,-1
78446,Помощь союзу: Цветочный бум,,47316,107827,0,-1,0,0,0,0,0,0,0,0,0,0,0,0,2699,0,2,36733248,0,776,0,0,0,-1,-1
78447,Помощь союзу: изумрудный дар,,47316,107827,0,-1,0,0,0,0,0,0,0,0,0,0,0,0,2699,0,2,36733248,0,776,0,0,0,-1,-1
78452,Подкрепление – активация,,54097,0,0,-1,0,0,0,0,0,0,0,0,0,0,41783,265,2809,0,3,41484288,8256,8,0,0,0,-1,-1
78457,Камни Дорногала,,54102,0,0,-1,0,0,0,0,0,0,0,0,0,216697,0,0,2797,0,2,39845896,8192,512,78460,0,0,-1,-1
78458,Хаос в хозяйстве – активатор,,59660,0,0,-1,0,0,0,0,0,0,0,0,0,0,41783,265,2809,0,3,7929856,8256,8,0,0,0,-1,-1
78466,Вкусовые тени – активация,,54111,0,0,-1,0,0,0,0,0,0,0,0,0,0,41783,265,2809,0,3,41484288,8256,8,0,0,0,-1,-1
78472,Свечение во тьме: активация,,54117,0,0,-1,0,0,0,0,0,0,0,0,0,0,41783,265,2809,0,3,41484288,8256,8,0,0,0,-1,-1
78590,Световые технологии,,54234,110871,0,-1,0,0,0,0,0,0,0,0,0,0,0,0,2809,0,3,38371328,8192,524288,79573,0,0,-1,-1
78607,В Мерельдар,,54248,0,0,-1,0,0,0,0,0,0,0,0,0,0,0,0,2799,0,2,37748744,0,512,78954,0,0,-1,-1
78613,Бастион Тайносводья,,54252,0,0,-1,0,0,0,0,0,0,0,0,0,0,0,0,2799,0,2,38928392,0,1049088,78607,0,0,-1,-1
78616,Техногадание: тайны Обсерватории Согласия,,54255,118783,0,-1,0,0,0,0,0,0,0,0,0,0,40447,109,2714,0,3,40435968,8192,0,0,0,0,-1,-1
78618,Грибное бешенство,,54257,120958,0,-1,0,0,0,0,0,0,0,0,0,0,0,0,3019,0,3,34144512,0,33280,0,0,0,-1,-1
78620,Перекресток сумерек,,54259,0,0,-1,1,0,0,0,0,0,0,0,0,0,0,0,2799,0,2,38797320,0,512,78615,0,0,-1,-1
78624,Свеча горит во тьме,,54263,0,0,-1,1,0,0,0,0,0,0,0,0,0,0,0,2799,0,2,34603016,8192,512,78621,78620,0,-1,-1
78627,Последняя линия фронта,,54266,0,0,-1,1,0,0,0,0,0,0,0,0,0,0,0,2799,0,2,37748744,0,512,79089,80049,0,-1,-1
78628,Подземный капкан,,54267,0,0,-1,0,0,0,0,0,0,0,0,0,0,0,0,2799,0,2,38797320,0,512,78627,0,0,-1,-1
78629,Резервные силы,,54268,0,0,-1,0,0,0,0,0,0,0,0,0,0,0,0,2799,0,2,38797320,0,512,78627,0,0,-1,-1
78630,"Взлет ""Расплаты""",,54269,0,0,-1,1,0,0,0,0,0,0,0,0,0,0,0,2799,0,2,38797320,0,512,78628,78629,0,-1,-1
78643,Ясного неба и крепкого ветра,,54285,0,0,-1,0,0,0,0,0,0,0,0,0,0,0,0,2699,0,2,40894472,8192,512,76283,0,0,-1,-1
78645,Раскопки: сокрытое в русле реки,,54287,118785,0,-1,0,0,0,0,0,0,0,0,0,210435,40441,109,2714,0,3,40435968,0,16,0,0,0,-1,-1
78649,Раскопки: крупная находка в русле реки,,54290,118785,0,-1,0,0,0,0,0,0,0,0,0,210435,42136,109,2714,0,3,40435968,0,0,0,0,0,-1,-1
78657,Полночная стража,,54298,117662,0,-1,0,0,0,0,0,0,0,0,0,211073,0,0,2809,0,3,38371328,8192,520,79573,0,0,-1,-1
78661,Раскопки: сокровища у скалы,,54302,116945,0,-1,0,0,0,0,0,0,0,0,0,210778,40449,109,2714,0,3,40435968,0,0,0,0,0,-1,-1
78662,Раскопки: скала с тайниками,,54303,116945,0,-1,0,0,0,0,0,0,0,0,0,210778,42138,109,2714,0,3,40435968,0,0,0,0,0,-1,-1
78663,Раскопки: вокруг башни,,54304,116944,0,-1,0,0,0,0,0,0,0,0,0,210834,40445,109,2714,0,3,40435968,0,0,0,0,0,-1,-1
78685,Конец туннеля,,54326,0,0,-1,0,0,0,0,0,0,0,0,0,0,0,0,2798,0,2,40894472,4202496,512,80079,0,0,-1,-1
78696,Не ходите в Таэллок,,54337,0,0,-1,0,0,0,0,0,0,0,0,0,0,0,0,2798,0,2,36700168,8192,512,78685,0,0,-1,-1
78697,Город-призрак,,54338,0,0,-1,0,0,0,0,0,0,0,0,0,0,0,0,2798,0,2,37748744,8192,512,78696,0,0,-1,-1
78700,По пути,,54341,0,0,-1,0,0,0,0,0,0,0,0,0,0,0,0,2798,0,2,37748744,8192,512,78697,0,0,-1,-1
78701,Что написано мелом...,,54342,0,0,-1,0,0,0,0,0,0,0,0,0,0,0,0,2798,0,2,4194312,8192,512,78697,0,0,-1,-1
78703,Похороненное среди камней,,54344,0,0,-1,1,0,0,0,0,0,0,0,0,0,0,0,2798,0,2,37748744,8192,512,78700,78701,0,-1,-1
78704,В поисках бригадира,,54345,0,0,-1,0,0,0,0,0,0,0,0,0,0,0,0,2798,0,2,37748744,8192,512,78703,0,0,-1,-1
78705,"То, что видела она",,54346,0,0,-1,0,0,0,0,0,0,0,0,0,0,0,0,2798,0,2,37748744,8192,512,78704,0,0,-1,-1
78706,Тайна верховного глашатая,,54347,0,0,-1,0,0,0,0,0,0,0,0,0,0,0,0,2798,0,2,38797320,8192,512,78705,0,0,-1,-1
78739,Раскопки: тайник в башне,,54376,116944,0,-1,0,0,0,0,0,0,0,0,0,210834,42137,109,2714,0,3,40435968,8192,0,0,0,0,-1,-1
78820,Техногадание: тайны Дозора Игиры,,54454,116943,0,-1,0,0,0,0,0,0,0,0,0,0,40443,109,2714,0,3,36241664,0,0,0,0,0,-1,-1
78821,Цветение во Сне,,54455,114971,0,-1,0,0,0,0,0,0,0,0,0,0,0,0,2669,0,2,35684424,0,776,0,0,0,-1,-1
78861,Помощь союзу,,47316,107827,0,-1,0,0,0,0,0,0,0,0,0,0,0,0,2437,0,3,104366088,0,4203008,0,0,0,-1,-1
78890,Изумрудное бешенство,,54516,112502,0,-1,0,0,0,0,0,0,0,0,0,0,41860,0,2699,0,3,5832704,8192,131072,0,0,0,-1,-1
78894,Бесконечный рост,,54519,119437,0,-1,0,0,0,0,0,0,0,0,0,0,0,282,2793,0,0,0,1,268435976,0,0,0,-1,-1
78931,Техногадание: тайны острова Драконьих Черепов,,54556,116941,0,-1,0,0,0,0,0,0,0,0,0,0,40439,109,2714,0,3,40435968,8192,0,0,0,0,-1,-1
78941,Остановить волну,,54566,127948,0,-1,0,0,0,0,0,0,0,0,0,0,0,0,2462,0,2,37748744,8192,512,0,0,0,-1,-1
78974,Жилье жуков,,57693,124432,0,-1,0,0,0,0,0,0,0,0,0,0,43168,109,2861,0,3,41484544,8192,0,0,0,0,-1,-1
78995,Круговорот трюфелей в природе,,57692,124432,0,-1,0,0,0,0,0,0,0,0,0,0,43167,109,2861,0,3,41484544,8192,0,0,0,0,-1,-1
79082,Цветочный бум,,54687,0,0,-1,0,0,0,0,0,0,0,0,0,0,42003,265,2701,0,3,34144256,0,8,0,0,0,-1,-1
79089,Вместо прощания,,54694,0,0,-1,0,0,0,0,0,0,0,0,0,0,0,0,2799,0,2,39845888,0,512,78624,0,0,-1,-1
79116,Паучьи проблемы,,54717,124686,0,-1,0,0,0,0,0,0,0,0,0,0,43165,109,2861,0,3,41484544,8192,0,0,0,0,-1,-1
79151,Просьба сироты,,54745,121339,0,-1,0,0,0,0,0,0,0,0,0,0,0,0,2799,0,2,34603016,8192,1049088,0,0,0,-1,-1
79152,Вычищая омут,,54746,0,0,-1,0,0,0,0,0,0,0,0,0,0,0,0,2799,0,2,40894472,8192,512,79151,0,0,-1,-1
79153,Горе побежденным!,,54747,0,0,-1,1,0,0,0,0,0,0,0,0,0,0,0,2799,0,2,36700168,0,512,83182,79152,0,-1,-1
79154,Последнее прощание,,54748,0,0,-1,0,0,0,0,0,0,0,0,0,0,0,0,2799,0,2,36700168,0,512,79153,0,0,-1,-1
79165,Недолгая передышка,,54757,0,0,-1,0,0,0,0,0,0,0,0,0,0,0,0,2462,0,2,38797320,0,512,79573,0,0,-1,-1
79166,Недостающие частицы,,54758,0,0,-1,0,0,0,0,0,0,0,0,0,0,0,0,2462,0,2,37748744,0,512,79165,0,0,-1,-1
79167,Сбор средств,,54759,0,0,-1,0,0,0,0,0,0,0,0,0,0,0,0,2462,0,2,37748744,0,512,79166,0,0,-1,-1
79168,Гамбит Света,,54760,0,0,-1,0,0,0,0,0,0,0,0,0,0,0,0,2462,0,2,39845896,0,512,79167,0,0,-1,-1
79200,Кто я?,,54791,123985,0,-1,0,0,0,0,0,0,0,0,0,0,0,0,863,0,2,38797312,8192,520,0,0,0,-1,-1
79201,Зал анализа,,54792,124463,0,-1,0,0,0,0,0,0,0,0,0,0,0,0,863,0,2,37748744,0,520,79200,0,0,-1,-1
79202,Камень бьет камень,,54793,123985,0,-1,2,0,0,0,0,0,0,0,0,0,0,0,863,0,2,39845896,0,520,79201,83328,0,-1,-1
79203,Отказано в валидации,,54794,123985,0,-1,0,0,0,0,0,0,0,0,0,0,0,0,863,0,2,38797320,0,520,79202,0,0,-1,-1
79204,Выбирай свою судьбу,,54795,123985,0,-1,0,0,0,0,0,0,0,0,0,0,0,0,863,0,2,37748744,0,520,79203,0,0,-1,-1
79232,Павшие воины,,54820,118274,0,-1,0,0,0,0,0,0,0,0,0,0,0,0,2462,0,2,37748744,8192,268435976,79573,0,0,-1,-1
79246,Приказы капитана: сбор сундуков,,54859,116979,0,-1,0,0,0,0,0,0,0,0,0,0,0,109,2814,0,3,37294368,68,0,0,0,0,-1,-1
79249,Приказы капитана: трофей за победу,,54860,116979,0,-1,0,0,0,0,0,0,0,0,0,0,0,109,2814,0,3,37294368,68,0,0,0,0,-1,-1
79254,Вечный поток,,54842,0,0,-1,0,0,0,0,0,0,0,0,0,0,0,0,2814,0,3,34144256,0,0,0,0,0,-1,-1
79257,Трудности в гроте,,54845,128201,0,-1,0,0,0,0,0,0,0,0,0,0,0,0,3017,0,3,35193088,0,32768,0,0,0,-1,-1
79295,Отмыть их начисто – активация,,54885,0,0,-1,0,0,0,0,0,0,0,0,0,0,41783,265,2809,0,3,41484288,8256,8,0,0,0,-1,-1
79315,Владыка Паклебранд,,54905,0,0,-1,0,0,0,0,0,0,0,0,0,0,0,0,2814,0,3,34144256,0,0,0,0,0,-1,-1
79316,Неисправный уборочный голем,,54906,0,0,-1,0,0,0,0,0,0,0,0,0,0,0,0,2814,0,3,34144256,0,0,0,0,0,-1,-1
79317,Моркий Мракочар,,54907,0,0,-1,0,0,0,0,0,0,0,0,0,0,0,0,2814,0,3,34144256,0,0,0,0,0,-1,-1
79318,Нарла Громовое Копыто,,54908,0,0,-1,0,0,0,0,0,0,0,0,0,0,0,0,2814,0,3,34144256,0,0,0,0,0,-1,-1
79319,Обезумевший совух,,54909,0,0,-1,0,0,0,0,0,0,0,0,0,0,0,0,2814,0,3,34144256,0,0,0,0,0,-1,-1
79320,Гортак Мрачноклык,,54910,0,0,-1,0,0,0,0,0,0,0,0,0,0,0,0,2814,0,3,34144256,0,0,0,0,0,-1,-1
79321,Дар катализатора,,54911,117108,0,-1,0,0,0,0,0,0,0,0,0,0,0,0,2474,0,2,33554440,0,512,0,0,0,-1,-1
79328,Посольства и посланники,,54917,0,0,-1,0,0,0,0,0,0,0,0,0,0,0,0,2829,0,2,39845896,8192,512,79333,0,0,1309324210,-1440044374
79329,Светящийся урожай,,54918,0,0,-1,0,0,0,0,0,0,0,0,0,0,42291,0,2809,0,3,38371328,8256,512,79573,0,0,-1,-1
79333,Прибытие флота,,54922,127984,0,-1,0,0,0,0,0,0,0,84367,0,0,0,0,2829,0,2,37748744,8192,512,79197,0,0,-1,-1
79343,Нюхательный бизнес,,54932,117222,0,-1,0,0,0,0,0,0,0,0,0,0,0,0,2798,0,2,36700168,0,512,0,0,0,-1,-1
79344,Городская одиссея,,54933,0,0,-1,0,0,0,0,0,0,0,0,0,0,0,0,2829,0,2,37748744,8192,512,83315,0,0,-1,-1
79379,Приказы капитана: нет добычи – нет получки,,54969,116979,0,-1,0,0,0,0,0,0,0,0,0,0,0,109,2814,0,3,37294368,68,0,0,0,0,-1,-1
79380,Бой с болотными бестиями,,54970,117459,0,-1,0,0,0,0,0,0,0,0,0,0,0,0,2809,0,3,4816896,8192,512,79573,0,0,-1,-1
79381,Приказы капитана: цель отмечена крестом,,54971,116979,0,-1,0,0,0,0,0,0,0,0,0,0,0,109,2814,0,3,37294368,68,0,0,0,0,-1,-1
79382,Приказы капитана: наука о грабеже,,54972,116979,0,-1,0,0,0,0,0,0,0,0,0,0,0,109,2814,0,3,37294368,68,0,0,0,0,-1,-1
79383,Паутина манипуляции – активация,,54973,0,0,-1,0,0,0,0,0,0,0,0,0,0,41783,265,2809,0,3,41484288,8256,8,0,0,0,-1,-1
79462,[DNT] Renown Reward 001,,55045,0,0,-1,0,0,0,0,0,0,0,0,0,0,0,0,2814,0,3,41488640,8326,0,0,0,0,-1,-1
79464,[DNT] Renown Reward 002,,55046,0,0,-1,0,0,0,0,0,0,0,0,0,0,0,0,2814,0,3,41488640,8326,0,0,0,0,-1,-1
79465,[DNT] Renown Reward 003,,55047,0,0,-1,0,0,0,0,0,0,0,0,0,0,0,0,2814,0,3,41488640,8326,0,0,0,0,-1,-1
79466,[DNT] Renown Reward 004,,55048,0,0,-1,0,0,0,0,0,0,0,0,0,0,0,0,2814,0,3,41488640,8326,0,0,0,0,-1,-1
79469,Затаившиеся в глубине,,55051,117663,0,-1,0,0,0,0,0,0,0,0,0,215467,0,0,2809,0,3,38371328,8192,512,79573,0,0,-1,-1
79470,Воды войны,,55052,117665,0,-1,0,0,0,0,0,0,0,0,0,211073,0,0,2809,0,3,38371328,8192,512,79573,0,0,-1,-1
79471,Бледные пески,,55053,117666,0,-1,0,0,0,0,0,0,0,0,0,211073,0,0,2809,0,3,38371328,8192,524288,79573,0,0,-1,-1
79667,Это элементарно,,55226,120958,0,-1,0,0,0,0,0,0,0,0,0,0,0,0,3019,0,3,269025536,0,33280,0,0,0,-1,-1
79669,Свечка моя!,,55228,120958,0,-1,0,0,0,0,0,0,0,0,0,0,0,0,3019,0,3,269025536,0,33280,0,0,0,-1,-1
79673,Паучья жуть,,55232,5703,0,-1,0,0,0,0,0,0,0,0,0,0,0,0,2797,0,3,269025536,0,33280,0,0,0,-1,-1
79722,Работа в стоках,,55276,124686,0,-1,0,0,0,0,0,0,0,0,0,0,43151,109,2861,0,3,41484544,8192,0,0,0,0,-1,-1
79958,Червепочта,,57690,124686,0,-1,0,0,0,0,0,0,0,0,0,0,43170,109,2861,0,3,41484544,8192,0,0,0,0,-1,-1
79959,Wormcraft Rumble,,55514,124686,0,-1,0,0,0,0,0,0,0,0,0,0,43169,109,2861,0,3,41484544,8192,0,0,0,0,-1,-1
79960,Вам с собой завернуть?,,55515,124686,0,-1,0,0,0,0,0,0,0,0,0,216664,43166,109,2861,0,3,41484544,8192,0,0,0,0,-1,-1
79965,Освоить азы или пойти на дно,,55520,0,0,-1,0,0,0,0,0,0,0,0,0,0,0,109,2814,0,3,37290016,132,8,0,0,0,-1,-1
80005,"""Дай краба!"" – активация",,55555,0,0,-1,0,0,0,0,0,0,0,0,0,0,41783,265,2809,0,3,7929856,8256,8,0,0,0,-1,-1
80006,Ixlorb the Spinner,,55556,0,0,-1,0,0,0,0,0,0,0,0,0,0,0,0,2806,0,3,37291008,0,8,0,0,0,-1,-1
80009,,,55557,0,0,-1,0,0,0,0,0,0,0,0,0,0,0,0,2860,0,3,37295104,0,8,0,0,0,-1,-1
80010,,,55558,0,0,-1,0,0,0,0,0,0,0,0,0,0,0,0,2806,0,3,37291008,0,8,0,0,0,-1,-1
80049,Пламя не угасло,,55598,0,0,-1,0,0,0,0,0,0,0,0,0,0,0,0,2799,0,2,39845896,0,512,78624,0,0,-1,-1
80079,Палки в шестернях,,55624,0,0,-1,0,0,0,0,0,0,0,0,0,0,0,0,2798,0,2,40894472,0,512,80082,0,0,-1,-1
80081,Приказы капитана: топить и грабить,,55626,116979,0,-1,0,0,0,0,0,0,0,0,0,0,0,109,2814,0,3,37294112,68,0,0,0,0,-1,-1
80099,Tracking Quest,,55644,0,0,-1,0,0,0,0,0,0,0,0,0,0,0,0,0,0,3,33621000,0,0,0,0,0,-1,-1
80100,Tracking Quest,,55645,0,0,-1,0,0,0,0,0,0,0,0,0,0,0,0,0,0,3,33621000,0,0,0,0,0,-1,-1
80101,Tracking Quest,,55646,0,0,-1,0,0,0,0,0,0,0,0,0,0,0,0,0,0,3,33621000,0,0,0,0,0,-1,-1
80102,Tracking Quest,,55647,0,0,-1,0,0,0,0,0,0,0,0,0,0,0,0,0,0,3,33621000,0,0,0,0,0,-1,-1
80103,Tracking Quest,,55648,0,0,-1,0,0,0,0,0,0,0,0,0,0,0,0,0,0,3,33621000,0,0,0,0,0,-1,-1
80104,Tracking Quest,,55649,0,0,-1,0,0,0,0,0,0,0,0,0,0,0,0,0,0,3,33621000,0,0,0,0,0,-1,-1
80105,Tracking Quest,,55650,0,0,-1,0,0,0,0,0,0,0,0,0,0,0,0,0,0,3,33621000,0,0,0,0,0,-1,-1
80106,Tracking Quest,,55651,0,0,-1,0,0,0,0,0,0,0,0,0,0,0,0,0,0,3,33621000,0,0,0,0,0,-1,-1
80107,Tracking Quest,,55652,0,0,-1,0,0,0,0,0,0,0,0,0,0,0,0,0,0,3,33621000,0,0,0,0,0,-1,-1
80108,Tracking Quest,,55653,0,0,-1,0,0,0,0,0,0,0,0,0,0,0,0,0,0,3,33621000,0,0,0,0,0,-1,-1
80109,Tracking Quest,,55654,0,0,-1,0,0,0,0,0,0,0,0,0,0,0,0,0,0,3,33621000,0,0,0,0,0,-1,-1
80110,Ежедневные дублоны,,55655,0,0,-1,0,0,0,0,0,0,0,0,0,0,0,109,2814,0,3,37294336,196,8,0,0,0,-1,-1
80208,Копать не перекопать,,55737,119449,0,-1,0,0,0,0,0,0,0,0,0,0,42576,113,2869,0,3,4784384,8192,512,0,0,0,-1,-1
80295,"Камни, вода и пища для элементалей",,55823,117968,0,-1,1,0,0,0,0,0,0,0,0,0,43074,109,2837,0,3,4784384,8192,0,0,0,0,-1,-1
80320,Помогите клакси,,0,119578,0,-1,0,0,0,0,0,0,0,0,0,0,0,0,657,0,0,3145728,32768,512,0,0,0,-1,-1
80323,Туманное противостояние,,55845,119449,0,-1,0,0,0,0,0,0,0,0,0,0,42571,278,2869,0,3,4784384,8192,512,0,0,0,-1,-1
80385,Последнее усилие: Драконьи острова,,55909,120509,0,-1,0,0,0,0,0,0,0,0,0,0,0,0,2078,0,2,36732992,0,268436232,0,0,0,-1,-1
80386,Последнее усилие: пещера Заралек и порталы времени,,55909,120508,0,-1,0,0,0,0,0,0,0,0,0,0,0,0,2078,0,2,36732992,0,268436232,0,0,0,-1,-1
80388,Последнее усилие: Изумрудный Сон,,55909,120511,0,-1,0,0,0,0,0,0,0,0,0,0,0,0,2078,0,2,36732992,0,268436232,0,0,0,-1,-1
80389,Последнее усилие,,55909,120508,0,-1,0,0,0,0,0,0,0,0,0,0,0,0,2078,0,3,104366088,0,272638464,0,0,0,-1,-1
80394,За компанию,,55915,119449,0,-1,0,0,0,0,0,0,0,0,0,0,42595,113,2837,0,3,4784384,8192,0,0,0,0,-1,-1
80395,Стихийные раскопки,,55917,119449,0,-1,0,0,0,0,0,0,0,0,0,218124,42596,113,2837,0,3,38469888,8192,0,0,0,0,-1,-1
80409,Поляризация,,55931,127873,0,-1,0,0,0,0,0,0,0,0,0,0,42607,113,2837,0,3,6881536,8192,0,0,0,0,-1,-1
80412,Изгоняя тьму,,55934,119449,0,-1,0,0,0,0,0,0,0,0,0,0,42688,113,2837,0,3,4784384,8192,0,0,0,0,-1,-1
80426,Помогите Шадо-Пан,,0,119870,0,-1,0,0,0,0,0,0,0,0,0,0,0,0,657,0,0,3145728,32768,512,0,0,0,-1,-1
80427,Помогите Золотому Лотосу,,0,119871,0,-1,0,0,0,0,0,0,0,0,0,0,0,0,657,0,0,3145728,32768,512,0,0,0,-1,-1
80429,Помогите Августейшим Небожителям,,0,119872,0,-1,0,0,0,0,0,0,0,0,0,0,11728,0,657,0,0,3145728,32768,512,0,0,0,-1,-1
80430,Помогите Августейшим Небожителям,,0,119874,0,-1,0,0,0,0,0,0,0,0,0,0,11731,0,657,0,0,3145728,32768,512,0,0,0,-1,-1
80431,Помогите Августейшим Небожителям,,0,119873,0,-1,0,0,0,0,0,0,0,0,0,0,11730,0,657,0,0,3145728,32768,512,0,0,0,-1,-1
80433,Помогите Августейшим Небожителям,,0,119875,0,-1,0,0,0,0,0,0,0,0,0,0,11729,0,657,0,0,3145728,32768,512,0,0,0,-1,-1
80438,Помогите Орде,,0,119877,0,-1,0,0,0,0,0,0,0,0,0,0,0,0,657,0,0,3145728,32768,512,0,0,0,1309324210,-1440044374
80439,Помогите Альянсу,,0,119876,0,-1,0,0,0,0,0,0,0,0,0,0,0,0,657,0,0,3145728,32768,512,0,0,0,-1321907123,1427461461
80441,Помогите ордену Облачного Змея,,0,119878,0,-1,0,0,0,0,0,0,0,0,0,0,0,0,657,0,0,3145728,32768,512,0,0,0,-1,-1
80442,Помогите войскам Похитителей Солнца,,57191,119881,0,-1,0,0,0,0,0,0,0,0,0,0,0,0,657,0,0,3149824,32768,512,0,0,0,1309324210,-1440044374
80443,Помогите армии Кирин-Тора,,57192,119880,0,-1,0,0,0,0,0,0,0,0,0,0,0,0,657,0,0,3149824,32768,512,0,0,0,-1321907123,1427461461
80444,Помогите рыболовам,,0,119882,0,-1,0,0,0,0,0,0,0,0,0,0,0,0,657,0,0,3145728,32768,512,0,0,0,-1,-1
80457,Служение королеве,,55964,127873,0,-1,0,0,0,0,0,0,0,0,0,0,42680,113,2837,0,3,6881536,8192,0,0,0,0,-1,-1
80573,Шпионаж: военные трофеи,,57023,127320,0,-1,0,0,0,0,0,0,0,0,0,0,44425,0,2861,0,3,40960008,32768,8,0,0,0,-1,-1
80592,Заключить пакт,,56087,124684,0,-1,0,0,0,0,0,0,0,0,0,0,0,284,2861,0,2,661750080,8320,4203008,0,0,0,-1,-1
80670,Глаза Прядильщицы,,56164,0,0,-1,0,0,0,0,0,0,0,0,0,0,0,284,2861,0,2,40927552,8192,776,80544,0,0,-1,-1
80671,Клинок генерала,,56165,0,0,-1,0,0,0,0,0,0,0,0,0,0,0,284,2861,0,2,40927552,8192,776,80545,0,0,-1,-1
80672,Десница визиря,,56166,0,0,-1,0,0,0,0,0,0,0,0,0,0,0,284,2861,0,2,40927552,8192,776,80546,0,0,-1,-1
80674,[TEMPLATE] Creature Name,,56169,0,0,-1,0,0,0,0,0,0,0,0,0,0,0,0,2860,0,3,34149376,0,8,0,0,0,-1,-1
80675,Creature Name,,56170,0,0,-1,0,0,0,0,0,0,0,0,0,0,0,0,2860,0,3,34149376,0,8,0,0,0,-1,-1
81465,Изобилие артефактов,,56960,117968,0,-1,0,0,0,0,0,0,0,0,0,0,42769,109,2838,0,3,41484544,8192,0,0,0,0,-1,-1
81470,Шпионаж: воровство в прядильной,,57066,127320,0,-1,0,0,0,0,0,0,0,0,0,0,44419,0,2861,0,3,40960008,32768,8,0,0,0,-1,-1
81471,Шпионаж: спасение прошлого,,57067,127320,0,-1,0,0,0,0,0,0,0,0,0,0,44435,0,2861,0,3,40960008,32768,8,0,0,0,-1,-1
81472,Правильная информация: истина Ансурек,,57042,127320,0,-1,0,0,0,0,0,0,0,0,0,0,44429,0,2861,0,3,40960008,32768,8,0,0,0,-1,-1
81473,Правильная информация: правильная сторона истории,,57027,127320,0,-1,0,0,0,0,0,0,0,0,0,0,44424,0,2861,0,3,40960008,32768,8,0,0,0,-1,-1
81475,Уничтожение врагов: королевские ставленники,,57024,127320,0,-1,0,0,0,0,0,0,0,0,0,0,44441,0,2861,0,3,40960008,32768,8,0,0,0,-1,-1
81476,Охота за головами: Хитиновый Голиаф,,57037,127320,0,-1,0,0,0,0,0,0,0,0,0,0,44430,0,2861,0,3,40960008,32768,8,0,0,0,-1,-1
81477,Боеприпасы: оружие,,57044,127320,0,-1,0,0,0,0,0,0,0,0,0,0,44433,0,2861,0,3,40960008,32768,8,0,0,0,-1,-1
81478,Боевые реликвии: Пробитый омут,,57039,127320,0,-1,0,0,0,0,0,0,0,0,0,0,44449,0,2861,0,3,40960008,32768,8,0,0,0,-1,-1
81479,Поставки: умбрагрибы,,57068,127320,0,-1,0,0,0,0,0,0,0,0,0,0,44415,0,2861,0,3,40960008,32768,8,0,0,0,-1,-1
81480,Природные ингредиенты: Глубины безумия,,57090,127320,0,-1,0,0,0,0,0,0,0,0,0,0,44445,0,2861,0,3,40960008,32768,8,0,0,0,-1,-1
81481,Диверсия: сосуды трансформации,,57093,127320,0,-1,0,0,0,0,0,0,0,0,0,0,44423,0,2861,0,3,40960008,32768,8,0,0,0,-1,-1
81482,Алхимические испытания: студенистая мазь,,57087,127320,0,-1,0,0,0,0,0,0,0,0,0,219323,44428,0,2861,0,3,41091080,32768,8,0,0,0,-1,-1
81483,На территорию врага: уничтожить кровь,,57028,127320,0,-1,0,0,0,0,0,0,0,0,0,0,44422,0,2861,0,3,40960008,32768,8,0,0,0,-1,-1
81484,Мокрая работенка: смерть торговца,,57065,127320,0,-1,0,0,0,0,0,0,0,0,0,0,44427,0,2861,0,3,40960008,32768,8,0,0,0,-1,-1
81487,Уничтожение врагов: Клинки Нитей,,57025,127320,0,-1,0,0,0,0,0,0,0,0,0,0,44440,0,2861,0,3,40960008,32768,8,0,0,0,-1,-1
81488,Уничтожение врагов: мудрецы-раскольники,,57064,127320,0,-1,0,0,0,0,0,0,0,0,0,0,44439,0,2861,0,3,40960008,32768,8,0,0,0,-1,-1
81489,Охота за головами: покровительница Зорикал,,57062,127320,0,-1,0,0,0,0,0,0,0,0,0,0,44438,0,2861,0,3,40960008,32768,8,0,0,0,-1,-1
81490,Охота за головами: задира Балаксир,,57063,127320,0,-1,0,0,0,0,0,0,0,0,0,0,44434,0,2861,0,3,40960008,32768,520,0,0,0,-1,-1
81491,Боеприпасы: аркбаллисты,,57045,127320,0,-1,0,0,0,0,0,0,0,0,0,0,44432,0,2861,0,3,40960008,32768,8,0,0,0,-1,-1
81492,Боеприпасы: кузнечный инструмент,,57046,127320,0,-1,0,0,0,0,0,0,0,0,0,0,44450,0,2861,0,3,40960008,32768,8,0,0,0,-1,-1
81493,Боевые реликвии: битва в Соляных канавах,,57040,127320,0,-1,0,0,0,0,0,0,0,0,0,0,44446,0,2861,0,3,40960008,32768,8,0,0,0,-1,-1
81494,Боевые реликвии: Рак-Заказ,,57041,127320,0,-1,0,0,0,0,0,0,0,0,0,0,44448,0,2861,0,3,40960008,32768,8,0,0,0,-1,-1
81495,Поставки: светоцветы,,57070,127320,0,-1,0,0,0,0,0,0,0,0,0,0,44420,0,2861,0,3,40960008,32768,8,0,0,0,-1,-1
81496,Поставки: клыкоцветы,,57069,127320,0,-1,0,0,0,0,0,0,0,0,0,0,44431,0,2861,0,3,40960008,32768,8,0,0,0,-1,-1
81497,Природные ингредиенты: Соляные канавы,,57091,127320,0,-1,0,0,0,0,0,0,0,0,0,0,44444,0,2861,0,3,40960008,32768,8,0,0,0,-1,-1
81498,Природные ингредиенты: ущелье Судорог,,57092,127320,0,-1,0,0,0,0,0,0,0,0,0,0,44443,0,2861,0,3,40960008,32768,8,0,0,0,-1,-1
81499,Правильная информация: заинтриговать вознесенных,,57043,127320,0,-1,0,0,0,0,0,0,0,0,0,0,44421,0,2861,0,3,40960008,32768,8,0,0,0,-1,-1
81500,Мокрая работенка: изловить тенелова,,57107,127320,0,-1,0,0,0,0,0,0,0,0,0,0,44426,0,2861,0,3,40960008,32768,8,0,0,0,-1,-1
81501,Алхимические испытания: бурлящий эликсир,,57088,127320,0,-1,0,0,0,0,0,0,0,0,0,219324,44417,0,2861,0,3,41091080,32768,8,0,0,0,-1,-1
81502,Алхимические испытания: зловонное зелье,,57089,127320,0,-1,0,0,0,0,0,0,0,0,0,219322,44436,0,2861,0,3,41091080,32768,8,0,0,0,-1,-1
81503,На территорию врага: декларация ужаса,,57029,127320,0,-1,0,0,0,0,0,0,0,0,0,0,44442,0,2861,0,3,40960008,32768,8,0,0,0,-1,-1
81504,На территорию врага: тайные знаки,,57030,127320,0,-1,0,0,0,0,0,0,0,0,0,0,44447,0,2861,0,3,40960008,32768,8,0,0,0,-1,-1
81505,Диверсия: ядоманты,,57094,127320,0,-1,0,0,0,0,0,0,0,0,0,0,44437,0,2861,0,3,40960008,32768,8,0,0,0,-1,-1
81506,Диверсия: алхимические инструменты,,57095,127320,0,-1,0,0,0,0,0,0,0,0,0,0,44416,0,2861,0,3,40960008,32768,8,0,0,0,-1,-1
81510,Прямо по адресу!,,56971,0,0,-1,2,0,0,0,0,0,0,0,0,0,0,0,2829,0,2,575668232,8192,512,84224,83315,0,-1,-1
81512,Атрибуты и благовония,,56973,117968,0,-1,0,0,0,0,0,0,0,0,0,0,42772,109,2838,0,3,41484544,8192,0,0,0,0,-1,-1
81555,Мокрая работенка: жадность наказуема,,57105,127320,0,-1,0,0,0,0,0,0,0,0,0,0,44418,0,2861,0,3,40960008,32768,8,0,0,0,-1,-1
81556,Чужеземный туман,,57017,127799,0,-1,0,0,0,0,0,0,0,0,0,0,0,0,2838,0,2,36700168,0,512,0,0,0,-1,-1
81557,Туманные маячки,,57018,0,0,-1,0,0,0,0,0,0,0,0,0,219469,0,0,2838,0,2,36700168,0,512,81556,0,0,-1,-1
81558,Неестественные враги,,57019,0,0,-1,0,0,0,0,0,0,0,0,0,0,0,0,2838,0,2,36700168,0,512,81556,0,0,-1,-1
81559,По следам тумана,,57020,0,0,-1,1,0,0,0,0,0,0,0,0,0,0,0,2838,0,2,40894472,0,512,81557,81558,0,-1,-1
81568,Выпустить зверей,,57034,120617,0,-1,0,0,0,0,0,0,0,0,0,0,0,0,3018,0,3,35193088,0,33280,0,0,0,-1,-1
81595,Старт сезона,,57071,125989,0,-1,0,0,0,0,0,0,0,0,0,0,0,0,2824,0,2,36700168,0,512,79573,0,0,-1,-1
81614,Откинуть плавники,,57097,120958,0,-1,0,0,0,0,0,0,0,0,0,0,0,0,3019,0,3,590080,0,33280,0,0,0,-1,-1
81615,Догорающий фитиль,,57098,117968,0,-1,0,0,0,0,0,0,0,0,0,0,42794,109,2838,0,3,37290240,8192,0,0,0,0,-1,-1
81620,Вернуть утраченное,,57103,117968,0,-1,0,0,0,0,0,0,0,0,0,0,42811,109,2838,0,3,41484544,8192,512,0,0,0,-1,-1
81621,Туннели в труху!,,57104,117968,0,-1,0,0,0,0,0,0,0,0,0,219284,42797,109,2838,0,3,37290240,8192,0,0,0,0,-1,-1
81622,Колокола Света,,57106,119449,0,-1,0,0,0,0,0,0,0,0,0,0,42681,113,2837,0,3,4784384,8192,0,0,0,0,-1,-1
81624,"Орта, Сломленная скала",,57109,117968,0,-1,0,0,0,0,0,0,0,0,0,0,42799,289,2860,0,3,37290048,0,8,0,0,0,-1,-1
81630,Протокол активации,,57115,117968,0,-1,0,0,0,0,0,0,0,0,0,0,44154,289,2860,0,3,37290048,0,0,0,0,0,-1,-1
81639,Нерубы-медокрады,,57124,122294,0,-1,1,0,0,0,0,0,0,0,0,0,43075,109,2838,0,3,4784384,8192,0,0,0,0,-1,-1
81647,Особое поручение: эхо титанов,,57126,117968,0,-1,0,0,0,0,0,0,0,0,0,0,42832,286,2837,0,3,41484544,8192,0,82154,0,0,-1,-1
81649,Особое поручение: эхо титанов,,57128,130094,0,-1,0,0,0,0,0,0,0,0,0,0,42833,286,2837,0,3,41484544,8192,0,83069,0,0,-1,-1
81650,Особое поручение: эхо титанов,,57129,117968,0,-1,0,0,0,0,0,0,0,0,0,0,42835,286,2837,0,3,41484544,8192,0,83070,0,0,-1,-1
81653,"Шуррай, мерзость из Подморья",,57132,117968,0,-1,0,0,0,0,0,0,0,0,0,0,42960,289,2860,0,3,41484608,8192,512,0,0,0,-1,-1
81656,Ничто не пропадет,,57135,117968,0,-1,0,0,0,0,0,0,0,0,0,0,42858,109,2869,0,3,41484544,0,512,0,0,0,-1,-1
81670,Разорванный шелк,,57149,128161,0,-1,0,0,0,0,0,0,0,0,0,0,0,283,3016,0,3,37289984,0,32768,0,0,0,-1,-1
81675,Полив для овец,,57154,123372,0,-1,0,0,0,0,0,0,0,0,0,219525,43076,109,2838,0,3,41484544,8192,0,0,0,0,-1,-1
81690,Свет в конце туннеля,,57169,0,0,-1,0,0,0,0,0,0,0,0,0,0,0,0,2799,0,2,38797320,8192,512,78952,0,0,-1,-1
81691,Особое поручение: тени в глубине,,57170,117968,0,-1,0,0,0,0,0,0,0,0,0,0,42882,286,2869,0,3,41484544,8192,512,82155,0,0,-1,-1
81692,Внутренний пламень,,57171,118280,0,-1,0,0,0,0,0,0,0,0,0,0,0,0,2462,0,2,4194312,8192,268435976,81673,0,0,-1,-1
81710,Мед для каталога,,57187,117968,0,-1,0,0,0,0,0,0,0,0,0,0,42881,109,2838,0,3,41484544,8192,0,0,0,0,-1,-1
81711,Название существа,,57188,120888,0,-1,0,0,0,0,0,0,0,0,0,0,0,283,2860,0,3,35196992,524288,4120,0,0,0,-1,-1
81748,Помогите войскам Похитителей Солнца,,0,119881,0,-1,0,0,0,0,0,0,0,0,0,0,0,0,657,0,0,3145728,32768,512,80442,0,0,1309324210,-1440044374
81749,Помогите армии Кирин-Тора,,0,119880,0,-1,0,0,0,0,0,0,0,0,0,0,0,0,657,0,0,3145728,32768,512,80443,0,0,-1321907123,1427461461
81750,Выращивание облаков,,57193,128162,0,-1,0,0,0,0,0,0,0,0,0,0,42889,109,2869,0,3,41484544,0,512,0,0,0,-1,-1
81767,Добыча металлолома,,57203,117968,0,-1,0,0,0,0,0,0,0,0,0,0,42891,109,2869,0,3,41484544,0,512,0,0,0,-1,-1
81799,Воздушные гонки – Полет над Дорногалом,,57213,117968,0,-1,0,0,0,0,0,0,0,0,0,0,42896,281,2838,0,3,34144512,0,0,0,0,0,-1,-1
81802,Воздушные гонки – Патруль Штормового дозора,,57216,117968,0,-1,0,0,0,0,0,0,0,0,0,0,42897,281,2838,0,3,34144512,0,0,0,0,0,-1,-1
81803,Воздушные гонки – Низинный облет,,57217,117968,0,-1,0,0,0,0,0,0,0,0,0,0,42898,281,2838,0,3,34144512,0,0,0,0,0,-1,-1
81804,Воздушные гонки – Вольдский маршрут,,57218,117968,0,-1,0,0,0,0,0,0,0,0,0,0,42899,281,2838,0,3,34144512,0,0,0,0,0,-1,-1
81805,Воздушные гонки – Громовая трасса,,57219,117968,0,-1,0,0,0,0,0,0,0,0,0,0,42900,281,2838,0,3,34144512,0,0,0,0,0,-1,-1
81806,Воздушные гонки – Выкрутасы над Рудной скалой,,57220,117968,0,-1,0,0,0,0,0,0,0,0,0,0,42901,281,2838,0,3,34144512,0,0,0,0,0,-1,-1
81807,Воздушные гонки – Спираль мастерской земельников,,57221,117968,0,-1,0,0,0,0,0,0,0,0,0,0,42902,281,2838,0,3,34144512,0,0,0,0,0,-1,-1
81808,Воздушные гонки – Прогулка по Гулким глубинам,,57222,117968,0,-1,0,0,0,0,0,0,0,0,0,0,42903,281,2838,0,3,34144512,0,0,0,0,0,-1,-1
81810,Воздушные гонки – Трескучий маршрут,,57224,117968,0,-1,0,0,0,0,0,0,0,0,0,0,42904,281,2838,0,3,34144512,0,0,0,0,0,-1,-1
81811,Воздушные гонки – Пролет над Водопадной рекой,,57225,117968,0,-1,0,0,0,0,0,0,0,0,0,0,42905,281,2838,0,3,34144512,0,0,0,0,0,-1,-1
81812,Воздушные гонки – Таэллокская извилина,,57226,117968,0,-1,0,0,0,0,0,0,0,0,0,0,42906,281,2838,0,3,34144512,0,0,0,0,0,-1,-1
81813,Воздушные гонки – Дорога Возможностей,,57227,117968,0,-1,0,0,0,0,0,0,0,0,0,0,42907,281,2838,0,3,34144512,0,0,0,0,0,-1,-1
81815,Воздушные гонки – Крюк Данель,,57229,117968,0,-1,0,0,0,0,0,0,0,0,0,0,42908,281,2838,0,3,34144512,0,0,0,0,0,-1,-1
81816,Воздушные гонки – Путешествие Тенира,,57230,117968,0,-1,0,0,0,0,0,0,0,0,0,0,42909,281,2838,0,3,34144512,0,0,0,0,0,-1,-1
81818,Воздушные гонки – Спуск редута Света,,57231,117968,0,-1,0,0,0,0,0,0,0,0,0,0,42910,281,2838,0,3,34144512,0,0,0,0,0,-1,-1
81819,Воздушные гонки – Слалом Тихих камней,,57232,117968,0,-1,0,0,0,0,0,0,0,0,0,0,42911,281,2838,0,3,34144512,0,0,0,0,0,-1,-1
81822,Воздушные гонки – Мерельдарская тропа,,57234,117968,0,-1,0,0,0,0,0,0,0,0,0,0,42912,281,2838,0,3,34144512,0,0,0,0,0,-1,-1
81823,Воздушные гонки – Забег Велхана,,57235,117968,0,-1,0,0,0,0,0,0,0,0,0,0,42913,281,2838,0,3,34144512,0,0,0,0,0,-1,-1
81824,Воздушные гонки – Извилина города Нитей,,57236,124686,0,-1,0,0,0,0,0,0,0,0,0,0,42914,281,2838,0,3,34144512,0,0,0,0,0,-1,-1
81825,Воздушные гонки – Погружение в Глубины безумия,,57237,124686,0,-1,0,0,0,0,0,0,0,0,0,0,42915,281,2838,0,3,34144512,0,0,0,0,0,-1,-1
81827,Воздушные гонки – Крыло Прядильщицы,,57238,124686,0,-1,0,0,0,0,0,0,0,0,0,0,42916,281,2838,0,3,34144512,0,0,0,0,0,-1,-1
81828,Воздушные гонки – Рак-ахатский рывок,,57239,124686,0,-1,0,0,0,0,0,0,0,0,0,0,42917,281,2838,0,3,34144512,0,0,0,0,0,-1,-1
81829,Воздушные гонки – Пике в Яму,,57240,124686,0,-1,0,0,0,0,0,0,0,0,0,0,42918,281,2838,0,3,34144512,0,0,0,0,0,-1,-1
81831,Воздушные гонки – Разгон над Осадной крепостью,,57241,124686,0,-1,0,0,0,0,0,0,0,0,0,0,42919,281,2838,0,3,34144512,0,0,0,0,0,-1,-1
81854,Отчет о ремонте Артерии,,57254,117968,0,-1,0,0,0,0,0,0,0,0,0,0,43080,109,2837,0,3,4784384,8192,512,79344,0,0,-1,-1
81862,Кошачья суматоха,,57255,117968,0,-1,0,0,0,0,0,0,0,0,0,0,43464,109,2838,0,3,41484544,8192,0,0,0,0,-1,-1
81886,За Альянс,,57268,0,0,-1,0,0,0,0,0,0,0,0,0,0,0,0,863,0,2,37748744,4202496,520,79204,0,0,262144,0
81887,Чужак в чужой стране,,57269,0,0,-1,0,0,0,0,0,0,0,0,0,0,0,0,863,0,2,39845896,8192,520,81886,0,0,262144,0
81888,За Орду,,57270,0,0,-1,0,0,0,0,0,0,0,0,0,0,0,0,863,0,2,37748744,4202496,520,79204,0,0,131072,0
81889,Чужак в чужой стране,,57271,0,0,-1,0,0,0,0,0,0,0,0,0,0,0,0,863,0,2,39845896,8192,520,81888,0,0,131072,0
81906,Шепот паутины,,57288,122529,0,-1,0,0,0,0,0,0,0,0,0,0,0,0,2462,0,2,5242888,8192,268435968,81896,0,0,-1,-1
81976,Базар так базар,,57340,121368,0,-1,0,0,0,0,0,0,0,0,0,0,0,282,57,0,0,36700160,0,268435968,0,0,0,-1,-1
81981,Какая армия?,,57345,121336,0,-1,0,0,0,0,0,0,0,0,0,0,0,0,3017,0,3,37290240,0,33280,0,0,0,-1,-1
81985,Воспоминание души мира: великие резчики,,0,122933,0,-1,0,0,0,0,0,0,0,0,0,0,0,0,2462,0,3,36765768,0,8704,0,0,0,-1,-1
81990,Зов Света,,57353,127044,0,-1,0,0,0,0,0,0,0,0,0,0,0,0,2809,0,2,40894472,0,512,79573,0,0,-1,-1
81993,Узы странника бурь,,57356,121328,0,-1,65536,0,0,0,0,0,0,0,0,0,0,0,2424,0,2,36700160,128,520,84825,0,0,-1,-1
81994,Священные узы,,57357,121328,0,-1,131073,0,0,0,0,0,0,0,0,0,0,0,2424,0,2,36700160,128,520,81993,84825,0,-1,-1
82038,Tracking Quest,,57401,0,0,-1,0,0,0,0,0,0,0,0,0,0,0,0,0,0,3,36701184,128,8,0,0,0,-1,-1
82041,Благословение Беледар,,57403,117968,0,-1,0,0,0,0,0,0,0,0,0,0,43027,109,2838,0,3,40435968,0,0,0,0,0,-1,-1
82045,Tracking Quest,,57407,0,0,-1,0,0,0,0,0,0,0,0,0,0,0,0,0,0,3,36701184,128,8,0,0,0,-1,-1
82046,Tracking Quest,,57408,0,0,-1,0,0,0,0,0,0,0,0,0,0,0,0,0,0,3,36701184,128,8,0,0,0,-1,-1
82047,Tracking Quest,,57409,0,0,-1,0,0,0,0,0,0,0,0,0,0,0,0,0,0,3,36701184,128,8,0,0,0,-1,-1
82048,Tracking Quest,,57410,0,0,-1,0,0,0,0,0,0,0,0,0,0,0,0,0,0,3,36701184,128,8,0,0,0,-1,-1
82049,Tracking Quest,,57411,0,0,-1,0,0,0,0,0,0,0,0,0,0,0,0,0,0,3,36701184,128,8,0,0,0,-1,-1
82051,Tracking Quest,,57413,0,0,-1,0,0,0,0,0,0,0,0,0,0,0,0,0,0,3,36701184,128,8,0,0,0,-1,-1
82052,Tracking Quest,,57414,0,0,-1,0,0,0,0,0,0,0,0,0,0,0,0,0,0,3,36701184,128,8,0,0,0,-1,-1
82053,Tracking Quest,,57415,0,0,-1,0,0,0,0,0,0,0,0,0,0,0,0,0,0,3,36701184,128,8,0,0,0,-1,-1
82054,Tracking Quest,,57416,0,0,-1,0,0,0,0,0,0,0,0,0,0,0,0,0,0,3,36701184,128,8,0,0,0,-1,-1
82061,Tracking Quest,,57419,0,0,-1,0,0,0,0,0,0,0,0,0,0,0,0,0,0,3,36701184,128,8,0,0,0,-1,-1
82063,Tracking Quest,,57421,0,0,-1,0,0,0,0,0,0,0,0,0,0,0,0,0,0,3,36701184,128,8,0,0,0,-1,-1
82064,Tracking Quest,,57422,0,0,-1,0,0,0,0,0,0,0,0,0,0,0,0,0,0,3,36701184,128,8,0,0,0,-1,-1
82065,Tracking Quest,,57423,0,0,-1,0,0,0,0,0,0,0,0,0,0,0,0,0,0,3,36701184,128,8,0,0,0,-1,-1
82066,Tracking Quest,,57424,0,0,-1,0,0,0,0,0,0,0,0,0,0,0,0,0,0,3,36701184,128,8,0,0,0,-1,-1
82067,Tracking Quest,,57425,0,0,-1,0,0,0,0,0,0,0,0,0,0,0,0,0,0,3,36701184,128,8,0,0,0,-1,-1
82069,Tracking Quest,,57427,0,0,-1,0,0,0,0,0,0,0,0,0,0,0,0,0,0,3,36701184,128,8,0,0,0,-1,-1
82079,Tracking Quest,,57437,0,0,-1,0,0,0,0,0,0,0,0,0,0,0,0,0,0,3,36701184,128,8,0,0,0,-1,-1
82080,Опять бросаем факелы,,5852,9484,0,-1,0,0,0,0,0,0,0,0,0,0,0,0,394,0,2,4096,0,1536,82087,0,0,-1321907123,1427461461
82082,Tracking Quest,,57439,0,0,-1,0,0,0,0,0,0,0,0,0,0,0,0,0,0,3,36701184,128,8,0,0,0,-1,-1
82085,Tracking Quest,,57442,0,0,-1,0,0,0,0,0,0,0,0,0,0,0,0,0,0,3,36701184,128,8,0,0,0,-1,-1
82087,Жонглирование факелами,,5658,9484,0,-1,0,0,0,0,0,0,0,0,0,0,0,0,394,0,2,0,0,1536,0,0,0,-1321907123,1427461461
82088,Конец кобиссам,,57443,117968,0,-1,0,0,0,0,0,0,0,0,0,0,43032,109,2838,0,3,40435968,0,0,0,0,0,-1,-1
82105,Жонглирование факелами,,5658,9484,0,-1,0,0,0,0,0,0,0,0,0,0,0,0,394,0,2,0,0,1536,0,0,0,1309324210,-1440044374
82109,Опять бросаем факелы,Попадите в 20 жаровен.,5852,9484,0,-1,0,0,0,0,0,0,0,0,0,0,0,0,394,0,2,4096,0,1536,82105,0,0,1309324210,-1440044374
82120,Очистка омута,,57469,117968,0,-1,0,0,0,0,0,0,0,0,0,0,43036,109,2838,0,3,41484544,0,0,0,0,0,-1,-1
82133,Записи: полевое руководство,,57481,117968,0,-1,0,0,0,0,0,0,0,0,0,0,43041,109,2838,0,3,40435968,8192,0,0,0,0,-1,-1
82134,Tracking Quest,,57482,0,0,-1,0,0,0,0,0,0,0,0,0,0,0,0,0,0,3,40895488,0,8,0,0,0,-1,-1
82142,Tracking Quest,,57490,0,0,-1,0,0,0,0,0,0,0,0,0,0,0,0,0,0,3,40895488,0,8,0,0,0,-1,-1
82145,Потерянный мохошерст,,57493,0,0,-1,0,0,0,0,0,0,0,0,0,0,0,265,2832,0,3,38338560,8192,8,0,0,0,-1,-1
82153,Посольства и посланники,,54917,0,0,-1,0,0,0,0,0,0,0,0,0,0,0,0,2829,0,2,39845896,8192,512,79333,0,0,-1321907123,1427461461
82164,Воспоминание души мира: правление Древних богов,,0,122933,0,-1,0,0,0,0,0,0,0,0,0,0,0,0,2462,0,3,36765768,0,8704,0,0,0,-1,-1
82197,Возня с новобранцами,,57542,117968,0,-1,0,0,0,0,0,0,0,0,0,0,43046,109,2838,0,3,38338816,0,0,0,0,0,-1,-1
82206,В тень,,57551,117968,0,-1,0,0,0,0,0,0,0,0,0,0,43048,109,2838,0,3,40435968,8192,0,0,0,0,-1,-1
82207,Воспоминание души мира: наследник дальних морей,,0,122933,0,-1,0,0,0,0,0,0,0,0,0,0,0,0,2462,0,3,36765768,0,8704,0,0,0,-1,-1
82212,Слабая лев-рыба,,57553,0,0,-1,0,0,0,0,0,0,0,0,0,0,0,265,2832,0,3,41484288,8192,8,0,0,0,-1,-1
82213,Вкусные мыши,,57554,0,0,-1,0,0,0,0,0,0,0,0,0,0,0,0,2799,0,2,34603016,0,512,82216,0,0,-1,-1
82214,Кому-нибудь нравятся осы?,,57555,0,0,-1,0,0,0,0,0,0,0,0,0,0,0,0,2799,0,2,34603016,0,512,82216,0,0,-1,-1
82215,Важность плюща,,57556,0,0,-1,0,0,0,0,0,0,0,0,0,0,0,0,2799,0,2,34603016,0,512,82216,0,0,-1,-1
82216,Как наладить контакт,,57557,122088,0,-1,5,0,0,0,0,0,0,0,0,0,0,0,2799,0,2,33554440,0,512,0,0,0,-1,-1
82217,Подземная экономика,,57558,0,0,-1,5,0,0,0,0,0,0,0,0,0,0,0,2799,0,2,35651592,0,9437696,82215,82213,82214,-1,-1
82218,Break [DNT],,57559,0,0,-1,0,0,0,0,0,0,0,0,0,0,0,0,2799,0,2,33559560,0,520,0,0,0,-1,-1
82219,Вкус жизни,,57560,122089,0,-1,0,0,0,0,0,0,0,0,0,0,0,0,2799,0,2,33554440,0,512,0,0,0,-1,-1
82220,Жаркое из орла,,57561,122089,0,-1,0,0,0,0,0,0,0,0,0,222976,0,0,2799,0,2,33554440,0,512,0,0,0,-1,-1
82221,Важная часть обеда,,57562,0,0,-1,1,0,0,0,0,0,0,0,0,0,0,0,2799,0,2,37748744,0,512,82220,82219,0,-1,-1
82222,Готовим со смаком,,57563,0,0,-1,0,0,0,0,0,0,0,0,0,0,0,0,2799,0,2,37748744,0,512,82221,0,0,-1,-1
82223,Домашняя еда,,57564,0,0,-1,0,0,0,0,0,0,0,0,0,0,0,0,2799,0,2,34603016,0,512,82222,0,0,-1,-1
82225,Разборки на раскопках,,57566,117968,0,-1,0,0,0,0,0,0,0,0,0,0,43078,109,2837,0,3,590080,8192,32768,0,0,0,-1,-1
82227,Tracking Quest,,57568,0,0,-1,0,0,0,0,0,0,0,0,0,0,0,0,0,0,3,36701184,0,8,82212,0,0,-1,-1
82228,Tracking Quest,,57569,0,0,-1,0,0,0,0,0,0,0,0,0,0,0,0,0,0,3,36701184,0,8,0,0,0,-1,-1
82234,Всякому барану по цветочку,,57575,117968,0,-1,1,0,0,0,0,0,0,0,0,0,43079,109,2837,0,3,4784384,8192,0,0,0,0,-1,-1
82237,Вверх по кручам,,57578,117968,0,-1,0,0,0,0,0,0,0,0,0,0,43073,109,2838,0,3,40435968,0,0,0,0,0,-1,-1
82238,Метание магмы,,59296,117968,0,-1,0,0,0,0,0,0,0,0,0,222963,43360,109,2869,0,3,41484544,8192,512,0,0,0,-1,-1
82244,Лавовые жемчужины,,59298,117968,0,-1,0,0,0,0,0,0,0,0,0,0,43181,109,2869,0,3,41484544,8192,512,0,0,0,-1,-1
82245,Дружелюбный Так,,57580,0,0,-1,0,0,0,0,0,0,0,0,0,0,0,265,2832,0,3,41484288,0,8,0,0,0,-1,-1
82246,Quest Tracking,,57581,0,0,-1,0,0,0,0,0,0,0,0,0,0,0,0,0,0,3,36701184,0,8,82245,0,0,-1,-1
82251,Tracking Quest,,57586,0,0,-1,0,0,0,0,0,0,0,0,0,0,0,0,0,0,3,36701184,0,8,0,0,0,-1,-1
82252,Quest Tracking,,57587,0,0,-1,0,0,0,0,0,0,0,0,0,0,0,0,0,0,3,36701184,0,8,0,0,0,-1,-1
82253,Tracking Quest,,57588,0,0,-1,0,0,0,0,0,0,0,0,0,0,0,0,0,0,3,36701184,0,8,0,0,0,-1,-1
82254,Аквакалипсис,,57589,128162,0,-1,0,0,0,0,0,0,0,0,0,0,43132,109,2838,0,3,38338816,0,512,0,0,0,-1,-1
82256,Запечатление существ Водопадной реки,,57591,117968,0,-1,0,0,0,0,0,0,0,0,0,0,43133,109,2869,0,3,40435968,8192,512,0,0,0,-1,-1
82257,Закопать раскопанное,,57592,117968,0,-1,0,0,0,0,0,0,0,0,0,0,43131,109,2838,0,3,39387392,8192,512,0,0,0,-1,-1
82258,Орудия в осаде,,57593,117968,0,-1,0,0,0,0,0,0,0,0,0,0,43130,109,2838,0,3,39387392,8192,512,0,0,0,-1,-1
82259,Последние почести,,57594,123491,0,-1,0,0,0,0,0,0,0,0,0,0,43129,109,2838,0,3,38338816,8192,512,0,0,0,-1,-1
82260,Воспоминание души мира: первобытные охотники,,0,122933,0,-1,0,0,0,0,0,0,0,0,0,0,0,0,2462,0,3,35717192,0,8704,0,0,0,-1,-1
82263,Воспоминание души мира: неистовство стихий,,0,122933,0,-1,0,0,0,0,0,0,0,0,0,0,0,0,2462,0,3,36765768,0,8704,0,0,0,-1,-1
82266,Симулятор мойки башен,,57599,124686,0,-1,0,0,0,0,0,0,0,0,0,223220,43180,109,2861,0,3,36241664,0,0,0,0,0,-1,-1
82285,Воспоминание души мира: раненая душа,,0,122933,0,-1,0,0,0,0,0,0,0,0,0,0,0,0,2462,0,3,36765768,0,8704,0,0,0,-1,-1
82286,Воспоминание души мира: отвергнутые Древние боги,,0,122933,0,-1,0,0,0,0,0,0,0,0,0,0,0,0,2462,0,3,36765768,0,8704,0,0,0,-1,-1
82288,Час потехи,,57606,117968,0,-1,0,0,0,0,0,0,0,0,0,0,43091,109,2838,0,3,38338816,0,512,0,0,0,-1,-1
82291,Робобой,,57609,117968,0,-1,0,0,0,0,0,0,0,0,0,0,43124,115,2838,0,3,590080,0,0,0,0,0,-1,-1
82292,Коллекционер камней,,57610,117968,0,-1,0,0,0,0,0,0,0,0,0,0,43123,115,2838,0,3,590080,0,0,0,0,0,-1,-1
82293,Сила дружбы,,57611,117968,0,-1,0,0,0,0,0,0,0,0,0,0,43103,115,2838,0,3,4784384,0,512,0,0,0,-1,-1
82294,Миниатюрная армия,,57612,117968,0,-1,0,0,0,0,0,0,0,0,0,0,43125,115,2838,0,3,590080,0,0,0,0,0,-1,-1
82295,Цириак,,57613,124686,0,-1,0,0,0,0,0,0,0,0,0,0,43128,115,2838,0,3,2687232,0,0,0,0,0,-1,-1
82296,Сила созидания,,59727,124394,0,-1,0,0,0,0,0,0,0,0,0,0,0,0,2462,0,0,40894464,8320,512,0,0,0,-1,-1
82297,Очень голодный червь,,57615,124686,0,-1,0,0,0,0,0,0,0,0,0,0,43127,115,2838,0,3,2687232,0,0,0,0,0,-1,-1
82298,Чудище из болота,,57616,128162,0,-1,0,0,0,0,0,0,0,0,0,0,43126,115,2838,0,3,590080,0,0,0,0,0,-1,-1
82300,Серьезная неполадка,,57617,117968,0,-1,0,0,0,0,0,0,0,0,0,0,43104,115,2838,0,3,4784384,0,512,0,0,0,-1,-1
82321,Воспоминание души мира: древние исследователи,,0,122933,0,-1,0,0,0,0,0,0,0,0,0,0,0,0,2462,0,3,36765768,0,8704,0,0,0,-1,-1
82324,Личиночьи бега,,57633,124686,0,-1,0,0,0,0,0,0,0,0,0,0,43150,109,2861,0,3,41484544,8192,0,0,0,0,-1,-1
82332,Неприметный паук-курьер,,57637,124686,0,-1,0,0,0,0,0,0,0,0,0,0,43152,109,2861,0,3,41484544,8192,0,0,0,0,-1,-1
82355,Особое поручение: нашествие золопчел,,57659,117968,0,-1,0,0,0,0,0,0,0,0,0,0,43055,286,2837,0,3,4784384,8192,0,82146,0,0,-1,-1
82363,Противоборствующие силы,,57667,124686,0,-1,0,0,0,0,0,0,0,0,0,0,43171,109,2861,0,3,41484544,8192,0,0,0,0,-1,-1
82364,Наблюдение за дисгармонией,,57668,124686,0,-1,0,0,0,0,0,0,0,0,0,0,43172,109,2861,0,3,41484544,8192,0,0,0,0,-1,-1
82387,"Убей жижу, спаси мир",,57694,124686,0,-1,0,0,0,0,0,0,0,0,0,0,43173,111,2861,0,3,41484544,8192,0,0,0,0,-1,-1
82414,Особое поручение: профилактика лучше лечения,,57723,124686,0,-1,0,0,0,0,0,0,0,0,0,0,43064,286,2861,0,3,37290240,8192,0,82159,0,0,-1,-1
82448,Никакой тишины в библиотеке,,57757,117968,0,-1,1,0,0,0,0,0,0,0,0,0,43663,109,2837,0,3,4784384,8192,512,78536,0,0,-1,-1
82449,Зов души мира,,57758,122755,0,-1,0,0,0,0,0,0,0,0,0,0,45035,284,2838,0,3,104333312,0,4202496,0,0,0,-1,-1
82451,Не дадим в обиду плюшевых друзей,,57759,117968,0,-1,0,0,0,0,0,0,0,0,0,0,43214,109,2838,0,3,38338816,0,0,78536,0,0,-1,-1
82454,Настройка огнебани,,57760,117968,0,-1,0,0,0,0,0,0,0,0,0,0,43357,109,2838,0,3,38338816,0,0,0,0,0,-1,-1
82455,Хватит с вас хлеба,,57761,117968,0,-1,0,0,0,0,0,0,0,0,0,0,43229,109,2838,0,3,38338816,0,0,0,0,0,-1,-1
82456,Выкусите,,57762,117968,0,-1,0,0,0,0,0,0,0,0,0,0,43525,109,2838,0,3,38338816,0,0,0,0,0,-1,-1
82468,Пусть победят,,57773,124686,0,-1,0,0,0,0,0,0,0,0,0,0,43195,109,2861,0,3,41484544,8192,0,0,0,0,-1,-1
82470,Чародейские загадки,,57775,117968,0,-1,1,0,0,0,0,0,0,0,0,0,43203,109,2837,0,3,4784384,8192,512,78536,0,0,-1,-1
82481,Кровь карателей,,57782,124686,0,-1,0,0,0,0,0,0,0,0,0,0,43731,109,2861,0,3,41484544,8192,0,0,0,0,-1,-1
82518,Заплатки для труб,,57783,117968,0,-1,1,0,0,0,0,0,0,0,0,0,43200,109,2869,0,3,41484544,0,512,0,0,0,-1,-1
82519,Трогай свечу!,,57784,117968,0,-1,1,0,0,0,0,0,0,0,0,0,43201,109,2869,0,3,41484544,0,512,0,0,0,-1,-1
82521,Пешки повелителей зла,,57786,124686,0,-1,0,0,0,0,0,0,0,0,0,0,43196,109,2861,0,3,41484544,8192,0,0,0,0,-1,-1
82523,Сокрушить Свечного Короля,,57787,117968,0,-1,1,0,0,0,0,0,0,0,0,0,43202,109,2869,0,3,41484544,0,512,0,0,0,-1,-1
82524,Истребление,,57788,124686,0,-1,0,0,0,0,0,0,0,0,0,0,43390,109,2861,0,3,41484544,8192,0,0,0,0,-1,-1
82526,Как клещ,,57791,124686,0,-1,0,0,0,0,0,0,0,0,0,0,43410,109,2861,0,3,41484544,8192,0,0,0,0,-1,-1
82531,Особое поручение: внезапные бомбы,,57796,124686,0,-1,0,0,0,0,0,0,0,0,0,0,43065,286,2861,0,3,41484544,8192,0,82161,0,0,-1,-1
82533,Роковые краски,,59333,124686,0,-1,0,0,0,0,0,0,0,0,0,0,43363,109,2861,0,3,41484544,8192,0,0,0,0,-1,-1
82535,[REUSE THIS RECORD],,57800,0,0,-1,0,0,0,0,0,0,0,0,0,0,0,109,2861,0,3,39387136,8192,0,79715,0,0,-1,-1
82536,Операция по эвакуации,,58639,124686,0,-1,0,0,0,0,0,0,0,0,0,0,43569,109,2861,0,3,41484544,8192,0,0,0,0,-1,-1
82537,[REUSE THIS RECORD],,57800,0,0,-1,0,0,0,0,0,0,0,0,0,0,0,109,2462,0,3,39387136,8192,0,0,0,0,-1,-1
82552,Все на взводе,,59297,117968,0,-1,0,0,0,0,0,0,0,0,0,0,43342,109,2869,0,3,41484544,0,512,0,0,0,-1,-1
82580,Миссия по доставке: поиски руды,,58831,117968,0,-1,0,0,0,0,0,0,0,0,0,0,43388,109,2869,0,3,41484544,8192,512,0,0,0,-1,-1
82582,В трясине теней,,57827,117968,0,-1,0,0,0,0,0,0,0,0,0,0,43468,109,2838,0,3,37290240,0,0,0,0,0,-1,-1
82583,Огонь внутри,,57828,117968,0,-1,0,0,0,0,0,0,0,0,0,0,43465,109,2838,0,3,41484544,0,0,0,0,0,-1,-1
82584,Гамбит Света,,57829,125575,0,-1,0,0,0,0,0,0,0,0,0,0,43463,109,2838,0,3,41484544,8192,0,0,0,0,-1,-1
82585,Великий костер,,57830,117968,0,-1,0,0,0,0,0,0,0,0,0,225555,43467,109,2838,0,3,37290240,0,0,0,0,0,-1,-1
82586,Конец спорам,,57831,117968,0,-1,0,0,0,0,0,0,0,0,0,0,43466,109,2462,0,3,37290240,0,0,0,0,0,-1,-1
82615,Возвращение водокачки,,57839,124562,0,-1,0,0,0,0,0,0,0,0,0,0,0,0,3017,0,3,41484544,8192,33280,0,0,0,-1,-1
82650,Щепотка соли,,57869,117968,0,-1,0,0,0,0,0,0,0,0,0,0,43077,109,2838,0,3,37290240,0,0,0,0,0,-1,-1
82653,Скопище кошмаров,,57872,117968,0,-1,0,0,0,0,0,0,0,0,0,0,43620,289,2860,0,3,37290048,0,0,0,0,0,-1,-1
82658,Брось и все,,57873,117968,0,-1,0,0,0,0,0,0,0,0,0,0,43315,109,2838,0,3,37290240,0,0,0,0,0,-1,-1
82672,Еще одно своевременное приглашение,,57875,114864,0,-1,0,0,0,0,0,0,0,0,59367,0,0,0,1369,0,2,33554440,0,536871424,0,0,0,-1,-1
82675,Cooking With Style Tracker,,57877,0,0,-1,0,0,0,0,0,0,0,0,0,0,0,0,2799,0,3,33555456,0,8,0,0,0,-1,-1
82747,Площадь перепутья,,57935,0,0,-1,0,0,0,0,0,0,0,0,0,0,0,0,2797,0,2,40894472,0,512,0,0,0,-1,-1
82778,Рыбоборье в Тайносводье,,57963,0,0,-1,0,0,0,0,0,0,0,0,0,0,43735,0,2862,0,2,36700160,0,512,0,0,0,-1,-1
82787,Особое поручение: восстание великанов,,57970,0,0,-1,0,0,0,0,0,0,0,0,0,0,43383,286,2809,0,3,41484544,8192,0,82157,0,0,-1,-1
82852,Особое поручение: спасение рысей,,58021,123372,0,-1,0,0,0,0,0,0,0,0,0,0,43063,286,2809,0,3,41484544,8192,0,82158,0,0,-1,-1
83024,Узы странника бурь,,57356,121328,0,-1,65536,0,0,0,0,0,0,0,0,0,0,0,2832,0,2,36700160,128,520,84824,0,0,-1,-1
83025,Священные узы,,57357,121328,0,-1,131073,0,0,0,0,0,0,0,0,0,0,0,2832,0,2,36700160,128,520,81993,84824,0,-1,-1
83028,Нюхачи-воришки,,58180,117968,0,-1,0,0,0,0,0,0,0,0,0,0,43472,109,2869,0,3,41484544,0,512,0,0,0,-1,-1
83048,Блуждающие странники,,58200,117968,0,-1,0,0,0,0,0,0,0,0,0,0,43490,109,2869,0,3,41484544,0,512,0,0,0,-1,-1
83055,Подписано и запечатано,,60732,0,0,-1,0,0,0,0,0,0,0,0,0,0,0,0,2888,0,3,41484288,0,268447752,0,0,0,-1,-1
83056,Cooking With Style Tracker,,58208,0,0,-1,0,0,0,0,0,0,0,0,0,0,0,0,2799,0,3,33555456,0,8,0,0,0,-1,-1
83079,Наслоение минералов,,59194,117968,0,-1,0,0,0,0,0,0,0,0,0,0,43504,109,2869,0,3,41484544,8192,512,0,0,0,-1,-1
83080,Очистка Таэллока,,59193,117968,0,-1,0,0,0,0,0,0,0,0,0,0,43505,109,2869,0,3,41484544,8192,512,0,0,0,-1,-1
83101,Подъем за ресурсами,,58250,117968,0,-1,0,0,0,0,0,0,0,0,0,0,43534,109,2869,0,3,41484544,0,512,0,0,0,-1,-1
83182,Окровавленное наследство,,58331,0,0,-1,0,0,0,0,0,0,0,0,0,0,0,0,2799,0,2,38797320,8192,1049088,79151,0,0,-1,-1
83229,Особое поручение: когда оживают глубины,,58373,117968,0,-1,0,0,0,0,0,0,0,0,0,0,43058,286,2869,0,3,41484544,8192,512,82156,0,0,-1,-1
83271,Всегда найдется тайна,,58416,0,0,-1,2,0,0,0,0,0,0,0,0,0,0,0,2829,0,2,37748744,8192,512,82153,82153,0,-1,-1
83286,Что скрыто под Дорногалом,,58431,0,0,-1,0,0,0,0,0,0,0,0,0,0,0,0,2829,0,2,37748744,8192,512,83271,0,0,-1,-1
83315,Подготовка к неизвестному,,58460,0,0,-1,0,0,0,0,0,0,0,0,0,0,0,0,2829,0,2,37748744,8192,512,83286,0,0,-1,-1
83328,Зал анализа,,58472,124461,0,-1,0,0,0,0,0,0,0,0,0,0,0,0,863,0,2,37748744,0,520,79200,0,0,-1,-1
83503,Возвращение в Дорногал,,58642,0,0,-1,1,0,0,0,0,0,0,0,0,0,0,0,2462,0,2,37748744,0,544,78948,0,0,-1,-1
83521,Маленькое доброе дело,,58660,5793,0,-1,0,0,0,0,0,0,0,0,0,0,0,0,2888,0,2,40894472,8192,512,0,0,0,-1,-1
83529,Рыбоборье в Тайносводье,,58668,0,0,-1,0,0,0,0,0,0,0,0,0,0,43752,0,2862,0,2,36700160,0,512,0,0,0,-1,-1
83530,Рыбоборье в Тайносводье,,58669,0,0,-1,0,0,0,0,0,0,0,0,0,0,43753,0,2862,0,2,36700160,0,512,0,0,0,-1,-1
83531,Рыбоборье в Тайносводье,,58670,0,0,-1,0,0,0,0,0,0,0,0,0,0,43754,0,2862,0,2,36700160,0,512,0,0,0,-1,-1
83532,Рыбоборье в Тайносводье,,58671,0,0,-1,0,0,0,0,0,0,0,0,0,0,43755,0,2862,0,2,36700160,0,512,0,0,0,-1,-1
83536,Глубинный гробовщик,,58675,124686,0,-1,0,0,0,0,0,0,0,0,0,0,43759,109,2861,0,3,41484288,8192,0,0,0,0,-1,-1
83537,Геотермальная обработка,,58829,117968,0,-1,0,0,0,0,0,0,0,0,0,0,43760,109,2869,0,3,41484544,8192,512,0,0,0,-1,-1
83538,Долой помехи,,58830,117968,0,-1,0,0,0,0,0,0,0,0,0,0,43827,109,2869,0,3,41484544,8192,512,0,0,0,-1,-1
83555,Таинственное ожерелье,,58692,0,0,-1,0,0,0,0,0,0,0,0,0,0,0,0,2829,0,2,37748744,0,512,83553,0,0,-1,-1
83556,Не стоило его трогать,,58693,0,0,-1,1,0,0,0,0,0,0,0,0,0,0,0,2829,0,2,37748744,0,512,83554,83555,0,-1,-1
83562,Calling Quest (DNT),,58699,0,0,-1,0,0,0,0,0,0,0,0,0,0,0,271,2797,0,2,36700168,131072,0,0,0,0,-1,-1
83640,<DNT> Template,,58767,0,0,-1,0,0,0,0,0,0,0,0,0,0,0,0,2888,0,3,41484288,131072,268447752,0,0,0,-1,-1
83643,Мы выжили чудом,,58770,0,0,-1,0,0,0,0,0,0,0,0,0,0,0,0,2829,0,2,37748744,0,512,83641,0,0,-1,-1
83715,Полезный утиль,,58834,126042,0,-1,0,0,0,0,0,0,0,0,0,0,43828,109,2869,0,3,41484544,0,512,0,0,0,-1,-1
83718,Похищение яиц,,58836,124686,0,-1,0,0,0,0,0,0,0,0,0,0,43830,109,2861,0,3,40435968,0,0,0,0,0,-1,-1
83723,Рука помощи,,58841,0,0,-1,0,0,0,0,0,0,0,0,0,0,0,0,2829,0,2,37748744,0,512,83643,0,0,-1,-1
83762,Критическая масса,,58872,0,0,-1,0,0,0,0,0,0,0,0,0,0,0,0,2829,0,2,38797320,8192,512,83743,0,0,-1,-1
83764,Могучие и опасные,,58874,0,0,-1,1,0,0,0,0,0,0,0,0,0,0,0,2829,0,2,38797320,8192,544,83762,0,0,-1,-1
83775,Бесконечный рост II,,58885,118675,0,-1,0,0,0,0,0,0,0,0,0,0,0,282,2793,0,0,0,1,268435976,78894,0,0,-1,-1
83776,Бесконечный рост III,,58886,118685,0,-1,0,0,0,0,0,0,0,0,0,0,0,282,2793,0,0,0,1,268435976,83775,0,0,-1,-1
83777,Бесконечный рост IV,,58887,118695,0,-1,0,0,0,0,0,0,0,0,0,0,0,282,2793,0,0,0,1,268435976,83776,0,0,-1,-1
83791,"Тест интерфейса: 3 цели, параллель",,58901,0,0,-1,0,0,0,0,0,0,0,0,0,0,0,0,2824,0,3,36765704,131072,8192,0,0,0,-1,-1
83827,Конец песням,,58935,129009,0,-1,0,0,0,0,0,0,0,0,0,226261,43870,0,2462,0,2,308281352,8256,268435968,0,0,0,-1,-1
83930,Средство от червей,,59036,117968,0,-1,0,0,0,0,0,0,0,0,0,0,43939,109,2869,0,3,41484544,0,512,0,0,0,-1,-1
84001,Вольные вагонетки,,59108,129009,0,-1,0,0,0,0,0,0,0,0,0,0,43870,0,3004,0,2,39845896,8256,268435968,0,0,0,-1,-1
84022,Сплетая отрезанные нити,,59197,0,0,-1,0,0,0,0,0,0,0,0,0,0,0,0,2762,0,2,40894464,8192,512,78248,0,0,-1,-1
84143,Ни минуты покоя,,59321,127442,0,-1,0,0,0,0,0,0,0,0,59322,0,0,0,1369,0,2,36700168,0,512,0,0,0,-1,-1
84225,Крабовая кладка,,59340,129247,0,-1,0,0,0,0,0,0,0,0,0,0,45160,0,3004,0,2,39845888,8256,268435968,85070,0,0,-1,-1
84236,Великий сыщик,,59351,127453,0,-1,0,0,0,0,0,0,0,0,0,0,0,0,1369,0,2,40894472,0,512,83831,0,0,-1,-1
84241,Битва на побережье,,59355,129247,0,-1,0,0,0,0,0,0,0,0,0,0,45160,0,3004,0,2,39845888,8256,268435968,0,0,0,-1,-1
84248,Рунный ритуал,,59361,129009,0,-1,0,0,0,0,0,0,0,0,0,0,43871,0,2832,0,2,39845896,8256,268435968,0,0,0,-1,-1
84252,Высочайшая точность,,59365,129009,0,-1,0,0,0,0,0,0,0,0,0,230795,0,0,3004,0,2,308281352,8192,268435968,0,0,0,-1,-1
84278,Задание по отслеживанию,,59390,127454,0,-1,0,0,0,0,0,0,0,0,0,0,0,0,1369,0,2,309461000,0,4640,84237,0,0,-1,-1
84286,Лучшие из лучших,,0,131868,0,-1,0,0,0,0,0,0,0,0,0,0,0,0,2723,0,0,7405568,40960,520,0,0,0,-1,-1
84296,Бумажный след,,59408,127454,0,-1,0,0,0,0,0,0,0,0,0,0,0,0,1369,0,2,41025544,0,4640,84278,0,0,-1,-1
84305,Полная бочка,,59422,9485,0,-1,0,0,0,0,0,0,0,0,0,0,0,0,298,0,0,33554432,0,520,0,0,0,-1,-1
84306,Полная бочка,,59423,9485,0,-1,0,0,0,0,0,0,0,0,0,0,0,0,298,0,0,33554432,0,520,0,0,0,-1,-1
84307,Полная бочка,,59424,9485,0,-1,0,0,0,0,0,0,0,0,0,0,0,0,298,0,0,33554432,0,520,0,0,0,-1,-1
84308,Полная бочка,,59425,9485,0,-1,0,0,0,0,0,0,0,0,0,0,0,0,298,0,0,33554432,0,520,0,0,0,-1,-1
84310,Полная бочка,,59427,9485,0,-1,0,0,0,0,0,0,0,0,0,0,0,0,298,0,0,33554432,0,520,0,0,0,-1,-1
84311,Полная бочка,,59428,9485,0,-1,0,0,0,0,0,0,0,0,0,0,0,0,298,0,0,33554432,0,520,0,0,0,-1,-1
84313,Полная бочка,,59431,9485,0,-1,0,0,0,0,0,0,0,0,0,0,0,0,298,0,0,33554432,0,520,0,0,0,-1,-1
84314,Полная бочка,,59432,9485,0,-1,0,0,0,0,0,0,0,0,0,0,0,0,298,0,0,33554432,0,520,0,0,0,-1,-1
84315,Полная бочка,,59433,9485,0,-1,0,0,0,0,0,0,0,0,0,0,0,0,298,0,0,33554432,0,520,0,0,0,-1,-1
84316,Полная бочка,,59434,9485,0,-1,0,0,0,0,0,0,0,0,0,0,0,0,298,0,0,33554432,0,520,0,0,0,-1,-1
84334,Предупредить сыщика,,59452,127455,0,-1,0,0,0,0,0,0,0,0,0,0,0,0,1369,0,2,40894472,0,4640,84296,0,0,-1,-1
84336,Найти различия,,59454,127455,0,-1,0,0,0,0,0,0,0,0,0,0,0,0,1369,0,2,40894472,0,4640,84334,0,0,-1,-1
84392,Голодное ущелье,,59510,0,0,-1,0,0,0,0,0,0,0,0,58014,0,0,0,2799,0,2,36700168,0,512,0,0,0,-1,-1
84423,Стряхнуть пыль,,59534,0,0,-1,0,0,0,0,0,0,0,0,0,0,0,0,2991,0,0,34603016,0,1049088,0,0,0,-1,-1
84424,"Вперед, к приключениям!",,59535,0,0,-1,0,0,0,0,0,0,0,0,0,0,0,0,2991,0,2,55574536,4,1049088,84423,0,0,-1,-1
84429,Ограничение големов,,59540,117968,0,-1,0,0,0,0,0,0,0,0,0,0,44128,109,2869,0,3,41484544,8192,512,0,0,0,-1,-1
84490,Великое хранилище,,59610,127205,0,-1,0,0,0,0,0,0,0,0,0,0,0,0,2892,0,2,33554440,128,512,0,0,0,-1,-1
84506,По следам питомцев,,59625,127464,0,-1,0,0,0,0,0,0,0,0,0,0,0,0,1369,0,2,36700168,0,512,83831,0,0,-1,-1
84563,Беды с игрушками,,59669,129998,0,-1,0,0,0,0,0,0,0,0,0,0,0,0,1369,0,2,40894472,0,512,84336,0,0,-1321907123,1427461461
84589,Creature Name,,59695,0,0,-1,0,0,0,0,0,0,0,0,0,0,0,0,2860,0,3,34149376,0,8,0,0,0,-1,-1
84680,Скалы и камни,,59791,129009,0,-1,0,0,0,0,0,0,0,0,0,228988,43871,0,3004,0,2,40894728,41024,268435968,0,0,0,-1,-1
84682,О пактах и покровителях,,59794,127693,0,-1,0,0,0,0,0,0,0,0,0,0,0,0,2861,0,2,124780800,8192,4203008,0,0,0,-1,-1
84755,Последняя игрушка,,59871,129999,0,-1,0,0,0,0,0,0,0,0,0,0,0,0,1369,0,2,40894472,0,512,84588,0,0,-1321907123,1427461461
84787,Стоки,,61710,130610,0,-1,0,0,0,0,0,0,0,0,0,0,44409,0,3004,0,3,6881280,8192,268435976,85753,0,0,-1,-1
84788,Хот-доги Ракетопылса,,59901,0,0,-1,0,0,0,0,0,0,0,0,0,0,0,0,2888,0,3,41484288,0,268447752,0,0,0,-1,-1
84791,Бургеры Ракетопылса,,59904,0,0,-1,0,0,0,0,0,0,0,0,0,0,0,0,2888,0,3,41484288,0,268447752,0,0,0,-1,-1
84835,Затопленная берлога,,61704,130662,0,-1,0,0,0,0,0,0,0,0,0,0,44479,0,3004,0,3,6881280,8192,268435976,85760,0,0,-1,-1
84836,Трясучая лощина,,61707,128822,0,-1,0,0,0,0,0,0,0,0,0,0,44478,0,3004,0,3,6881280,8192,268435976,0,0,0,-1,-1
84850,Змеиный гнев,,59965,129009,0,-1,65536,0,0,0,0,0,0,0,0,0,43872,111,3004,0,3,6881280,8256,268435968,85070,0,0,-1,-1
84851,Потоки алчности,,59966,129009,0,-1,65536,0,0,0,0,0,0,0,0,0,43870,111,3004,0,3,6881280,8256,268435968,85070,0,0,-1,-1
84852,Наследие врайкулов,,59967,129009,0,-1,65536,0,0,0,0,0,0,0,0,0,43871,111,3004,0,3,6881280,8192,268435968,85070,0,0,-1,-1
84877,Ephemeral Agent Lathyd,,59992,0,0,-1,0,0,0,0,0,0,0,0,0,0,0,0,2992,0,3,34178048,0,8,0,0,0,-1,-1
84884,Junk Wall,,59999,0,0,-1,0,0,0,0,0,0,0,0,0,0,0,0,2992,0,3,34178048,0,8,0,0,0,-1,-1
84895,Slugger the Smart,,60005,0,0,-1,0,0,0,0,0,0,0,0,0,0,0,0,2992,0,3,34178048,0,8,0,0,0,-1,-1
84907,Chief Foreman Gutso,,60016,0,0,-1,0,0,0,0,0,0,0,0,0,0,0,0,2992,0,3,34178048,0,8,0,0,0,-1,-1
84911,Flyboy Snooty,,60020,0,0,-1,0,0,0,0,0,0,0,0,0,0,0,0,2992,0,3,34178048,0,8,0,0,0,-1,-1
84912,Шоу должно продолжаться,,60021,52278,0,-1,0,0,0,0,0,0,0,0,0,0,0,0,1369,0,2,41025544,8192,512,84985,0,0,-1,-1
84917,Scrapbeak,,60027,0,0,-1,0,0,0,0,0,0,0,0,0,0,0,0,2860,0,3,34149376,0,8,0,0,0,-1,-1
84918,Court of Rats,,60028,0,0,-1,0,0,0,0,0,0,0,0,0,0,0,0,2860,0,3,34149376,0,8,0,0,0,-1,-1
84919,Tally Doublespeak,,60029,0,0,-1,0,0,0,0,0,0,0,0,0,0,0,0,2860,0,3,34149376,0,8,0,0,0,-1,-1
84920,Rogue Alchemist Vaz,,60030,0,0,-1,0,0,0,0,0,0,0,0,0,0,0,0,2860,0,3,34149376,0,8,0,0,0,-1,-1
84921,Thwack,,60031,0,0,-1,0,0,0,0,0,0,0,0,0,0,0,0,2860,0,3,34149376,0,8,0,0,0,-1,-1
84922,S.A.L.,,60032,0,0,-1,0,0,0,0,0,0,0,0,0,0,0,0,2860,0,3,34149376,0,8,0,0,0,-1,-1
84923,История о птице,,60033,127467,0,-1,0,0,0,0,0,0,0,0,0,0,0,0,1369,0,2,36700168,0,512,83831,0,0,-1,-1
84926,Nitro,,60036,0,0,-1,0,0,0,0,0,0,0,0,0,0,0,0,2860,0,3,34149376,0,8,0,0,0,-1,-1
84927,Candy Stickemup,,60037,0,0,-1,0,0,0,0,0,0,0,0,0,0,0,0,2860,0,3,34149376,0,8,0,0,0,-1,-1
84928,Longwick,,60038,0,0,-1,0,0,0,0,0,0,0,0,0,0,0,0,2860,0,3,34149376,0,8,0,0,0,-1,-1
84929,Спасатель на службе,,60039,129746,0,-1,0,0,0,0,0,0,0,0,0,0,44558,109,2888,0,3,41484544,8192,0,0,0,0,-1,-1
84932,Дитя разрушения,,60040,130006,0,-1,0,0,0,0,0,0,0,0,0,0,0,0,1369,0,2,36700168,0,512,83831,0,0,-1,-1
84948,Работа по контракту,,60057,133024,0,-1,0,0,0,0,0,0,0,0,0,0,0,109,2888,0,3,41517312,8320,8,0,0,0,-1,-1
84955,Нет контрабанде,,60064,129746,0,-1,0,0,0,0,0,0,0,0,0,0,44561,109,2888,0,3,41484544,8192,0,0,0,0,-1,-1
84962,Безотлагательное истребление,,60071,137876,0,-1,0,0,0,0,0,0,0,0,0,0,45043,109,3008,0,3,41484544,8192,0,0,0,0,-1,-1
84966,Подрыв наступления,,60075,138829,0,-1,0,0,0,0,0,0,0,0,0,0,0,0,3008,0,3,41484288,8192,0,0,0,0,-1,-1
84971,Во имя грога,,60077,129746,0,-1,0,0,0,0,0,0,0,0,0,0,44576,109,2888,0,3,41484544,8192,0,0,0,0,-1,-1
84979,[DNT] World Quest 001,,60082,128647,0,-1,0,0,0,0,0,0,0,0,0,0,44587,109,3031,0,3,41418752,8192,0,0,0,0,-1,-1
84981,[DNT] World Quest 002,,60083,128648,0,-1,0,0,0,0,0,0,0,0,0,0,44587,109,3031,0,3,41418752,8192,0,0,0,0,-1,-1
84982,[DNT] World Quest 003,,60084,128649,0,-1,0,0,0,0,0,0,0,0,0,0,44587,109,3031,0,3,41418752,8192,0,0,0,0,-1,-1
84983,[DNT] World Quest 004,,60085,128650,0,-1,0,0,0,0,0,0,0,0,0,0,44587,109,3031,0,3,41418752,8192,0,0,0,0,-1,-1
84984,[DNT] World Quest 005,,60086,128651,0,-1,0,0,0,0,0,0,0,0,0,0,44587,109,3031,0,3,41418752,8192,0,0,0,0,-1,-1
84985,Представление не начинается,,60087,127466,0,-1,0,0,0,0,0,0,0,0,0,0,0,0,1369,0,2,36700168,0,512,83831,0,0,-1,-1
84993,"Нападение пожирателей: ""Оазис""",,60094,0,0,-1,0,0,0,0,0,0,0,0,0,0,44596,283,3007,0,3,39419968,532480,4120,0,0,0,-1,-1
84994,Доказательство действия,,60095,129745,0,-1,0,0,0,0,0,0,0,0,0,0,44598,109,2888,0,3,41484544,8192,0,0,0,0,-1,-1
84995,Снимки Нижней Шахты!,,60096,129746,0,-1,0,0,0,0,0,0,0,0,0,0,44599,109,2888,0,3,41484544,8192,0,0,0,0,-1,-1
85004,Swigs Farsight,,60105,0,0,-1,0,0,0,0,0,0,0,0,0,0,0,0,2860,0,3,34149376,0,8,0,0,0,-1,-1
85005,Сияющий зов,,60106,128742,0,-1,0,0,0,0,0,0,0,0,0,0,0,0,3031,0,2,40894472,0,512,0,0,0,-1,-1
85013,Стимулирующий реагент,,62291,129050,0,-1,0,0,0,0,0,0,0,0,0,0,44611,283,2888,0,3,37289984,0,512,0,0,0,-1,-1
85024,Беды с игрушками,,59669,129998,0,-1,0,0,0,0,0,0,0,0,0,0,0,0,1369,0,2,40894472,0,512,84336,0,0,1309324210,-1440044374
85026,Где появляются легенды,,60127,128802,0,-1,0,0,0,0,0,0,0,0,0,0,0,0,2991,0,2,592445448,0,1049088,84423,0,0,-1,-1
85042,Последняя игрушка,,59871,129999,0,-1,0,0,0,0,0,0,0,0,0,0,0,0,1369,0,2,40894472,0,512,85025,0,0,1309324210,-1440044374
85051,Береговой уборщик,,60150,129009,0,-1,0,0,0,0,0,0,0,0,0,0,43872,0,3004,0,2,6291720,8192,268435968,0,0,0,-1,-1
85070,Tracking Quest,,60169,0,0,-1,0,0,0,0,0,0,0,0,0,0,45160,0,0,0,3,33621248,0,268435464,0,0,0,-1,-1
85088,Ключевое событие,,64711,129050,0,-1,0,0,0,0,0,0,0,0,0,0,0,289,2993,0,3,37323072,0,8,0,0,0,-1,-1
85104,Воздушные гонки – Турбоскоростной спринт,,60202,129748,0,-1,0,0,0,0,0,0,0,0,0,0,44725,281,2838,0,3,34144512,0,0,0,0,0,-1,-1
85105,Воздушные гонки – Бросок по Хламовнику,,60203,134740,0,-1,0,0,0,0,0,0,0,0,0,0,44726,281,2838,0,3,34144512,0,0,0,0,0,-1,-1
85106,Воздушные гонки – Пролет по Хламовской,,60204,134740,0,-1,0,0,0,0,0,0,0,0,0,0,44727,281,2838,0,3,34144512,0,0,0,0,0,-1,-1
85107,Воздушные гонки – Рывок из грязи в князи,,60205,134740,0,-1,0,0,0,0,0,0,0,0,0,0,44728,281,2838,0,3,34144512,0,0,0,0,0,-1,-1
85113,Особое поручение: приближающийся шторм,,60209,129247,0,-1,0,0,0,0,0,0,0,0,0,232466,45160,286,3004,0,3,578355200,8256,268435976,0,0,0,-1,-1
85263,Бум-гольф,,60387,129313,0,-1,0,0,0,0,0,0,0,0,0,0,44751,109,2888,0,3,41484544,8192,0,0,0,0,-1,-1
85268,Симулятор-р-р мойки,,60390,129746,0,-1,0,0,0,0,0,0,0,0,0,0,44755,109,2888,0,3,41484544,0,0,0,0,0,-1,-1
85269,Бомбошар,,60391,129744,0,-1,0,0,0,0,0,0,0,0,0,0,44756,109,2888,0,3,39387392,0,0,0,0,0,-1,-1
85270,Словно лед,,60392,129745,0,-1,0,0,0,0,0,0,0,0,0,0,44757,109,2888,0,3,41484544,8192,0,0,0,0,-1,-1
85390,Солнечный мойщик,,60508,129745,0,-1,0,0,0,0,0,0,0,0,0,0,44773,109,2888,0,3,37290240,0,0,0,0,0,-1,-1
85396,Кучи металлолома,,60514,129747,0,-1,0,0,0,0,0,0,0,0,0,231164,44779,109,2888,0,3,41484544,8192,0,0,0,0,-1,-1
85397,Что нужно растениям,,60515,129747,0,-1,0,0,0,0,0,0,0,0,0,0,44834,109,2888,0,3,41484544,8192,0,0,0,0,-1,-1
85398,Бомб вояж!,,60516,129747,0,-1,0,0,0,0,0,0,0,0,0,0,44819,109,2888,0,3,41484544,8192,0,0,0,0,-1,-1
85399,Переполох в гольф-клубе,,60517,129747,0,-1,0,0,0,0,0,0,0,0,0,0,44835,109,2888,0,3,41484544,8192,0,0,0,0,-1,-1
85400,Экономия и переработка слизи,,60518,129747,0,-1,0,0,0,0,0,0,0,0,0,0,44836,109,2888,0,3,41484544,8192,0,0,0,0,-1,-1
85402,На Вершинах,,60520,129746,0,-1,0,0,0,0,0,0,0,0,0,0,44794,109,2888,0,3,41484544,8192,0,0,0,0,-1,-1
85427,Взрывоопасная просрочка,,60543,129744,0,-1,0,0,0,0,0,0,0,0,0,0,44782,109,2888,0,3,41484544,8192,0,0,0,0,-1,-1
85428,Нарушение норм,,60544,129744,0,-1,0,0,0,0,0,0,0,0,0,232989,44783,109,2888,0,3,41615616,8192,0,0,0,0,-1,-1
85460,Экологическая сукцессия,,60574,137553,0,-1,0,0,0,0,0,0,0,0,0,0,0,109,2838,0,3,40599808,0,8,0,0,0,-1,-1
85466,Хоб-стоп,,60580,129747,0,-1,0,0,0,0,0,0,0,0,0,0,44837,109,2888,0,3,41484544,8192,0,0,0,0,-1,-1
85467,Пожар на свалке,,60581,129747,0,-1,0,0,0,0,0,0,0,0,0,0,44838,109,2888,0,3,41484544,8192,0,0,0,0,-1,-1
85472,Бесплатные реагенты!,,60594,129745,0,-1,0,0,0,0,0,0,0,0,0,0,44818,109,2888,0,3,41484544,8192,0,0,0,0,-1,-1
85473,Специальный выпуск!,,60595,129748,0,-1,0,0,0,0,0,0,0,0,0,0,44832,109,2888,0,3,41484544,8192,0,0,0,0,-1,-1
85474,Нашествие крыс,,60596,129748,0,-1,0,0,0,0,0,0,0,0,0,0,44833,109,2888,0,3,41484544,8192,0,0,0,0,-1,-1
85475,Тайна в песках,,60597,130003,0,-1,2,0,0,0,0,0,0,0,0,0,0,0,1369,0,2,40894472,0,512,85208,85195,0,-1,-1
85479,Ломай и взрывай,,60601,138185,0,-1,0,0,0,0,0,0,0,0,0,0,44830,113,2888,0,3,6881536,8192,0,0,0,0,-1,-1
85487,"Особое поручение: ""Бум! Прямо в голову!""",,60609,129748,0,-1,0,0,0,0,0,0,0,0,0,0,44839,286,2888,0,3,41484544,8192,0,85489,0,0,-1,-1
85488,Особое поручение: служба безопасности,,60610,129748,0,-1,0,0,0,0,0,0,0,0,0,0,44840,286,2888,0,3,41484544,8192,0,85490,0,0,-1,-1
85497,Прорванные трубы,,60619,129744,0,-1,0,0,0,0,0,0,0,0,0,0,44848,109,2888,0,3,41484544,8192,0,0,0,0,-1,-1
85498,Тактическая пиротехника,,60620,129744,0,-1,0,0,0,0,0,0,0,0,0,0,44849,109,2888,0,3,41484544,8192,0,0,0,0,-1,-1
85499,Что одному гоблину хлам...,,60621,129744,0,-1,0,0,0,0,0,0,0,0,0,0,44850,109,2888,0,3,41484544,8192,0,0,0,0,-1,-1
85500,Опасные отходы,,60622,129744,0,-1,0,0,0,0,0,0,0,0,0,0,44851,109,2888,0,3,41484544,8192,0,0,0,0,-1,-1
85502,Праздничные размышления,,60624,130004,0,-1,1,0,0,0,0,0,0,0,0,0,0,0,1369,0,2,40894472,0,512,85476,0,0,-1,-1
85512,Искоренение подделок,,60634,136062,0,-1,0,0,0,0,0,0,0,0,0,0,44854,109,2888,0,3,37290240,0,0,0,0,0,-1,-1
85513,Буяны Нижегонса,,60635,129745,0,-1,0,0,0,0,0,0,0,0,0,0,44855,109,2888,0,3,37290240,0,0,0,0,0,-1,-1
85514,Если другим не нужно...,,60636,129745,0,-1,0,0,0,0,0,0,0,0,0,0,44856,109,2888,0,3,37290240,0,0,0,0,0,-1,-1
85515,Бесплатные образцы!,,60637,129745,0,-1,0,0,0,0,0,0,0,0,0,231900,44857,109,2888,0,3,37421312,0,0,0,0,0,-1,-1
85518,Гнусные спекулянты,,60640,129748,0,-1,0,0,0,0,0,0,0,0,0,0,44858,109,2888,0,3,41484544,8192,0,0,0,0,-1,-1
85519,Взрыв и разрыв,,60641,129744,0,-1,0,0,0,0,0,0,0,0,0,0,44860,109,2888,0,3,41484544,8192,268435456,0,0,0,-1,-1
85524,Меры против Мрачных Минеров,,60646,129748,0,-1,0,0,0,0,0,0,0,0,0,0,44865,109,2888,0,3,37290240,0,0,0,0,0,-1,-1
85526,Мешок мусора,,60648,129747,0,-1,0,0,0,0,0,0,0,0,0,0,44866,109,2888,0,3,41484544,8192,0,0,0,0,-1,-1
85527,Безбашенные буканьеры,,60649,129746,0,-1,0,0,0,0,0,0,0,0,0,0,44867,109,2888,0,3,37290240,0,0,0,0,0,-1,-1
85528,Набор в команду,,60650,129746,0,-1,0,0,0,0,0,0,0,0,0,0,44868,109,2888,0,3,41484544,8192,0,0,0,0,-1,-1
85553,Побочное поручение: охотник-сапер,,60676,131393,0,-1,0,0,0,0,0,0,0,0,0,0,45183,0,2888,0,2,40894472,32768,512,0,0,0,-1,-1
85554,Побочное поручение: яичный бум,,60677,131393,0,-1,0,0,0,0,0,0,0,0,0,0,45184,0,2888,0,2,40894472,40960,512,0,0,0,-1,-1
85561,[DNT] Debugging Abandon,,60685,0,0,-1,0,0,0,0,0,0,0,0,0,0,0,0,2869,0,3,37289984,0,0,0,0,0,-1,-1
85653,Пробный заплыв,,60721,0,0,-1,0,0,0,0,0,0,0,0,0,0,44954,0,3004,0,2,40894472,8192,268435968,84726,0,0,-1,-1
85654,Ураганная подзарядка,,60722,0,0,-1,1,0,0,0,0,0,0,0,0,0,44955,0,3004,0,2,40894472,8192,268435968,85653,85070,0,-1,-1
85655,Ее неограниченная сила,,60723,0,0,-1,0,0,0,0,0,0,0,0,0,0,44956,0,3004,0,2,40894472,8192,268435968,85654,0,0,-1,-1
85656,Поющий ловец воров,,60724,0,0,-1,0,0,0,0,0,0,0,0,0,0,44957,0,3004,0,2,40894472,8192,268435968,85655,0,0,-1,-1
85657,Цирци бы нами гордилась!,,60725,0,0,-1,0,0,0,0,0,0,0,0,0,0,44958,0,3004,0,2,40894472,8192,268435968,85656,0,0,-1,-1
85715,Требуется муза,,60778,0,0,-1,0,0,0,0,0,0,0,0,0,0,0,0,2888,0,3,41484288,0,268447752,0,0,0,-1,-1
85717,Непредсказуемый питомец,,60780,0,0,-1,0,0,0,0,0,0,0,0,0,0,0,0,2888,0,3,41484288,0,268447752,0,0,0,-1,-1
85731,Отслеживание задания,,60791,0,0,-1,0,0,0,0,0,0,0,0,0,0,0,0,2734,0,3,3768320,0,12296,0,0,0,-1,-1
85732,Срочное истребление,,60792,0,0,-1,0,0,0,0,0,0,0,0,0,0,0,0,2888,0,3,41484288,0,268447752,0,0,0,-1,-1
85733,Беда с дайкири,,60793,0,0,-1,0,0,0,0,0,0,0,0,0,0,0,0,2888,0,3,41484288,0,268447752,0,0,0,-1,-1
85753,Стоки,,61711,130607,0,-1,0,0,0,0,0,0,0,0,0,0,44409,0,3004,0,3,6881280,8192,268435976,0,0,0,-1,-1
85754,Стоки,,61709,130612,0,-1,1,0,0,0,0,0,0,0,0,0,44409,0,3004,0,3,6881280,8192,268435976,85753,84787,0,-1,-1
85755,Стоки,,61714,128821,0,-1,0,0,0,0,0,0,0,0,0,0,44409,0,3004,0,3,6881280,8192,268435976,0,0,0,-1,-1
85758,Расчистка,,60818,0,0,-1,0,0,0,0,0,0,0,0,0,0,0,0,2888,0,3,41484288,0,268447752,0,0,0,-1,-1
85759,Кристальная настройка,,60819,0,0,-1,0,0,0,0,0,0,0,0,0,0,0,0,2888,0,3,41484288,0,268447752,0,0,0,-1,-1
85760,Затопленная берлога,,61703,128827,0,-1,0,0,0,0,0,0,0,0,0,0,44479,0,3004,0,3,6881280,8192,268435976,0,0,0,-1,-1
85761,Затопленная берлога,,61705,130664,0,-1,1,0,0,0,0,0,0,0,0,0,44479,0,3004,0,3,6881280,8192,268435976,85760,84835,0,-1,-1
85762,Затопленная берлога,,61713,130666,0,-1,0,0,0,0,0,0,0,0,0,0,44479,0,3004,0,3,6881280,8192,268435976,0,0,0,-1,-1
85763,Трясучая лощина,,61708,130672,0,-1,0,0,0,0,0,0,0,0,0,0,44478,283,3004,0,3,6881280,8192,268435976,0,0,0,-1,-1
85764,Трясучая лощина,,61715,130675,0,-1,0,0,0,0,0,0,0,0,0,0,44478,0,3004,0,3,6881280,8192,268435976,0,0,0,-1,-1
85765,Трясучая лощина,,61706,130682,0,-1,0,0,0,0,0,0,0,0,0,0,44478,0,3004,0,3,6881280,8192,268435976,0,0,0,-1,-1
85769,Вечеринка должна продолжаться!,,60826,0,0,-1,0,0,0,0,0,0,0,0,0,0,0,0,2888,0,3,41484288,0,268447752,0,0,0,-1,-1
85771,Доставка газет,,60828,0,0,-1,0,0,0,0,0,0,0,0,0,0,0,0,2888,0,3,41484288,0,268447752,0,0,0,-1,-1
85773,Привидения по найму,,60830,0,0,-1,0,0,0,0,0,0,0,0,0,0,0,0,2888,0,3,41484288,0,268447752,0,0,0,-1,-1
85797,Битва на ножах,,60854,0,0,-1,0,0,0,0,0,0,0,0,0,0,0,0,2888,0,3,41484288,0,268447752,0,0,0,-1,-1
85812,Налет против налетчиков,,60862,137876,0,-1,0,0,0,0,0,0,0,0,0,0,45040,109,3008,0,3,41484544,8192,0,0,0,0,-1,-1
85822,Рождение рынка,,60872,137876,0,-1,0,0,0,0,0,0,0,0,0,0,45039,109,3008,0,3,41484544,8192,0,0,0,0,-1,-1
85826,Старушки и дороги,,60876,0,0,-1,0,0,0,0,0,0,0,0,0,0,0,0,2888,0,3,41484288,0,268447752,0,0,0,-1,-1
85834,Вымирающие виды,,60880,137876,0,-1,0,0,0,0,0,0,0,0,0,0,45041,109,3008,0,3,41484544,0,0,0,0,0,-1,-1
85854,За неимением имени,,60900,0,0,-1,0,0,0,0,0,0,0,0,0,0,0,0,2888,0,3,41484288,0,268447752,0,0,0,-1,-1
85855,Есть что предъявить?,,60901,137876,0,-1,0,0,0,0,0,0,0,0,0,0,45046,109,3008,0,3,41484544,8192,0,0,0,0,-1,-1
85861,Коверный монстр!!!,,60907,0,0,-1,0,0,0,0,0,0,0,0,0,0,0,0,2888,0,3,41484288,0,268447752,0,0,0,-1,-1
85863,Фазовый переход: странные бури,,60909,137876,0,-1,0,0,0,0,0,0,0,0,0,0,45048,109,3008,0,3,41484544,8192,0,0,0,0,-1,-1
85864,Фазовый переход: расколотый лаакунит,,60910,137876,0,-1,0,0,0,0,0,0,0,0,0,0,45469,109,3008,0,3,41484544,8192,0,0,0,0,-1,-1
85874,Спасение золотых рыбок,,60920,0,0,-1,0,0,0,0,0,0,0,0,0,0,0,0,2888,0,3,41484288,0,268447752,0,0,0,-1,-1
85888,Художественная лицензия,,60930,0,0,-1,0,0,0,0,0,0,0,0,0,0,0,0,2888,0,3,41484288,0,268447752,0,0,0,-1,-1
85913,Побочное поручение: непростая уборка,,60945,131392,0,-1,0,0,0,0,0,0,0,0,0,0,45177,0,2888,0,2,36700168,32768,512,0,0,0,-1,-1
85914,Побочное поручение: никакой оттепели,,60946,131392,0,-1,0,0,0,0,0,0,0,0,0,0,45178,0,2888,0,2,40894472,32768,512,0,0,0,-1,-1
85925,Скоростные гонки – Головокружительный маршрут,,60954,131194,0,-1,0,0,0,0,0,0,0,0,0,0,45075,281,2838,0,3,34144512,0,0,0,0,0,-1,-1
85926,Скоростные гонки – Прогулка по свалке,,60955,131194,0,-1,0,0,0,0,0,0,0,0,0,0,45076,281,2838,0,3,34144512,0,0,0,0,0,-1,-1
85927,Скоростные гонки – Пролет над казино,,60956,131194,0,-1,0,0,0,0,0,0,0,0,0,0,45077,281,2838,0,3,34144512,0,0,0,0,0,-1,-1
85928,Скоростные гонки – Песчаный разгон,,60957,131194,0,-1,0,0,0,0,0,0,0,0,0,0,45078,281,2838,0,3,34144512,0,0,0,0,0,-1,-1
85929,Архивариус Камнеблеск,,60958,0,0,-1,0,0,0,0,0,0,0,0,0,0,0,0,401,0,0,33554440,0,512,0,0,0,-1,-1
85930,Архивариус Медномох,,60959,0,0,-1,0,0,0,0,0,0,0,0,0,0,0,0,401,0,0,33554440,0,512,0,0,0,-1,-1
85931,Архивариус Фарольт,,60960,0,0,-1,0,0,0,0,0,0,0,0,0,0,0,0,401,0,0,33554440,0,512,0,0,0,-1,-1
85932,Архивариус Сильсигра,,60961,0,0,-1,0,0,0,0,0,0,0,0,0,0,0,0,401,0,0,33554440,0,512,0,0,0,-1,-1
85933,Предок Найтхолл,,60962,0,0,-1,0,0,0,0,0,0,0,0,0,0,0,0,401,0,0,33554440,0,512,0,0,0,-1,-1
85934,Предок Сворнвау,,60963,0,0,-1,0,0,0,0,0,0,0,0,0,0,0,0,401,0,0,33554440,0,512,0,0,0,-1,-1
85935,Предок Икк'зиван,,60964,0,0,-1,0,0,0,0,0,0,0,0,0,0,0,0,401,0,0,33554440,0,512,0,0,0,-1,-1
85936,Предок Икк'сатаз,,60965,0,0,-1,0,0,0,0,0,0,0,0,0,0,0,0,401,0,0,33554440,0,512,0,0,0,-1,-1
85944,Побочное поручение: группа крови,,60973,131392,0,-1,0,0,0,0,0,0,0,0,0,0,45180,0,2888,0,2,36700168,32768,512,0,0,0,-1,-1
85945,"Побочное поручение: ""Кровочист""",,60974,131392,0,-1,0,0,0,0,0,0,0,0,0,232897,45181,0,2888,0,2,36700168,32768,512,0,0,0,-1,-1
85946,Великий крабовый побег,,60975,0,0,-1,0,0,0,0,0,0,0,0,0,0,0,0,2888,0,3,41484288,0,268447752,0,0,0,-1,-1
85960,Побочное поручение: затерянные в жиже,,60983,131392,0,-1,0,0,0,0,0,0,0,0,0,0,45179,0,2888,0,2,36700168,32768,512,0,0,0,-1,-1
85962,Побочное поручение: безобразные реагенты,,60985,131392,0,-1,0,0,0,0,0,0,0,0,0,0,45182,0,2888,0,2,36700168,32768,512,0,0,0,-1,-1
86177,Побочное поручение: дары моря,,61102,131393,0,-1,0,0,0,0,0,0,0,0,0,0,45185,0,2888,0,2,40894472,32768,512,0,0,0,-1,-1
86178,Побочное поручение: очистим берег,,61103,131393,0,-1,0,0,0,0,0,0,0,0,0,0,45186,0,2888,0,2,40894472,32768,512,0,0,0,-1,-1
86179,Побочное поручение: опасные копи,,61104,131393,0,-1,0,0,0,0,0,0,0,0,0,0,45187,0,2888,0,2,40894472,32768,512,0,0,0,-1,-1
86180,Побочное поручение: пожиратель каджамита,,61105,131393,0,-1,0,0,0,0,0,0,0,0,0,0,45188,0,2888,0,2,40894472,32768,512,0,0,0,-1,-1
86197,Освоить азы или пойти на дно,,61130,0,0,-1,0,0,0,0,0,0,0,0,0,0,3785,109,2814,0,3,37290016,132,8,0,0,0,-1,-1
86305,Конец букашкам,,61236,137876,0,-1,0,0,0,0,0,0,0,0,0,249417,45205,109,3008,0,3,7930112,8192,0,0,0,0,-1,-1
86309,Испытание Бур-босса: драгоценный гоблин,,0,0,0,-1,0,0,0,0,0,0,0,0,0,0,45206,0,2462,0,3,36765768,0,512,0,0,0,-1,-1
86311,Проблемы в Хламовнике,,61240,0,0,-1,0,0,0,0,0,0,0,0,0,0,0,0,2888,0,3,41484288,0,268447752,0,0,0,-1,-1
86313,Зачистка Мрачных Минеров,,61242,0,0,-1,0,0,0,0,0,0,0,0,0,0,0,0,2888,0,3,41484288,0,268447752,0,0,0,-1,-1
86314,Слизь в третьем ряду,,61243,0,0,-1,0,0,0,0,0,0,0,0,0,0,0,0,2888,0,3,41484288,0,268447752,0,0,0,-1,-1
86315,Хаос на улицах,,61244,0,0,-1,0,0,0,0,0,0,0,0,0,0,0,0,2888,0,3,41484288,0,268447752,0,0,0,-1,-1
86317,Черная кровь на море,,61246,0,0,-1,0,0,0,0,0,0,0,0,0,0,0,0,2888,0,3,41484288,0,268447752,0,0,0,-1,-1
86318,Проблемы в парке,,61247,0,0,-1,0,0,0,0,0,0,0,0,0,0,0,0,2888,0,3,41484288,0,268447752,0,0,0,-1,-1
86319,Слежка с воздуха,,61248,0,0,-1,0,0,0,0,0,0,0,0,0,0,0,0,2888,0,3,41484288,0,268447752,0,0,0,-1,-1
86320,Не на тех напали!,,61249,0,0,-1,0,0,0,0,0,0,0,0,0,0,0,0,2888,0,3,41484288,0,268447752,0,0,0,-1,-1
86321,Обивая пороги,,61250,0,0,-1,0,0,0,0,0,0,0,0,0,0,0,0,2888,0,3,41484288,0,268447752,0,0,0,-1,-1
86337,Gallagio Garbage,,61269,0,0,-1,0,0,0,0,0,0,0,0,0,0,0,0,2992,0,3,34149376,0,8,0,0,0,-1,-1
86363,Доблесть как камень,,61295,143009,0,-1,0,0,0,0,0,0,0,0,0,0,0,0,3008,0,2,37749064,0,520,0,0,0,-1,-1
86364,Гербы из эфира,,61296,0,0,-1,0,0,0,0,0,0,0,0,0,0,0,0,3008,0,2,37749064,0,520,86363,0,0,-1,-1
86365,Превращение гербов,,61297,0,0,-1,0,0,0,0,0,0,0,0,0,0,0,0,3008,0,2,34603336,0,520,86364,0,0,-1,-1
86367,Ликвидация личинок,,61298,137876,0,-1,0,0,0,0,0,0,0,0,0,0,45260,109,3008,0,3,41484544,8192,0,0,0,0,-1,-1
86372,Погибель пустынников,,61302,137876,0,-1,0,0,0,0,0,0,0,0,0,0,45262,109,3008,0,3,41484544,8192,0,84906,0,0,-1,-1
86388,Spark - Template,,61318,0,0,-1,0,0,0,0,0,0,0,0,0,0,0,282,2888,0,2,40894464,8192,268435976,0,0,0,-1,-1
86390,Проблемы Гогельмогеля,,62290,129050,0,-1,0,0,0,0,0,0,0,0,0,0,45266,283,2888,0,3,37289984,0,0,0,0,0,-1,-1
86391,Это наша энергия!,,61319,137876,0,-1,0,0,0,0,0,0,0,0,0,0,48658,109,3008,0,3,41484544,8192,0,0,0,0,-1,-1
86395,Кража краденого,,61324,137876,0,-1,0,0,0,0,0,0,0,0,0,0,45297,109,3008,0,3,41484544,8192,0,0,0,0,-1,-1
86409,Прыжки по скалам,,61342,137876,0,-1,0,0,0,0,0,0,0,0,0,0,45306,109,3008,0,3,41484544,8192,0,0,0,0,-1,-1
86410,Укрощение слизнюков,,61343,0,0,-1,0,0,0,0,0,0,0,0,0,0,0,0,2888,0,3,41484288,0,268447752,0,0,0,-1,-1
86412,Модные штаны,,61345,0,0,-1,0,0,0,0,0,0,0,0,0,0,0,0,2888,0,3,41484288,0,268447752,0,0,0,-1,-1
86414,Магносборщик 9000,,62268,129050,0,-1,0,0,0,0,0,0,0,0,0,0,45270,283,2888,0,3,37289984,0,0,0,0,0,-1,-1
86418,Не желаете ли полотенце?,,61349,0,0,-1,0,0,0,0,0,0,0,0,0,0,0,0,2888,0,3,41484288,0,268447752,0,0,0,-1,-1
86428,Искровольт Заряженный,,62267,129050,0,-1,0,0,0,0,0,0,0,0,0,0,45339,283,2888,0,3,37289984,0,0,0,0,0,-1,-1
86429,"Фазовый переход: скованные, но неприкаянные",,61357,137876,0,-1,0,0,0,0,0,0,0,0,0,0,46703,109,3008,0,3,41484544,8192,0,0,0,0,-1,-1
86431,Хламожуй,,62266,129050,0,-1,0,0,0,0,0,0,0,0,0,0,45342,283,2888,0,3,37289984,0,0,0,0,0,-1,-1
86447,"Нападение пожирателей: заповедник ""Примас""",,61369,0,0,-1,0,0,0,0,0,0,0,0,0,0,45356,283,3007,0,3,39419968,524288,4120,0,0,0,-1,-1
86450,Tracking Quest,,61371,0,0,-1,0,0,0,0,0,0,0,0,0,0,0,0,0,0,3,36766728,0,0,0,0,0,-1,-1
86464,"Нападение пожирателей: ""Атриум""",,61385,0,0,-1,0,0,0,0,0,0,0,0,0,0,45388,283,3007,0,3,39419968,524288,4120,0,0,0,-1,-1
86465,Нападение пожирателей: Тазавеш,,61386,0,0,-1,0,0,0,0,0,0,0,0,0,0,45393,283,3007,0,3,39419968,524288,4120,0,0,0,-1,-1
86476,Воспоминание души мира: ранние войны картелей,,0,122933,0,-1,0,0,0,0,0,0,0,0,0,0,0,0,2462,0,3,36765768,0,8704,0,0,0,-1,-1
86477,Воспоминание души мира: контакт с каджамитом,,0,122933,0,-1,0,0,0,0,0,0,0,0,0,0,0,0,2462,0,3,36765768,0,8704,0,0,0,-1,-1
86535,Телепортационные испытания,,61450,132606,0,-1,0,0,0,0,0,0,0,0,0,0,0,0,2888,0,2,39845896,0,552,0,0,0,-1,-1
86567,Tracking Quest,,61483,0,0,-1,0,0,0,0,0,0,0,0,0,0,0,0,0,0,3,36701184,128,8,0,0,0,-1,-1
86568,Tracking Quest,,61484,0,0,-1,0,0,0,0,0,0,0,0,0,0,0,0,0,0,3,36701184,128,8,0,0,0,-1,-1
86569,Tracking Quest,,61485,0,0,-1,0,0,0,0,0,0,0,0,0,0,0,0,0,0,3,36701184,128,8,0,0,0,-1,-1
86570,Tracking Quest,,61486,0,0,-1,0,0,0,0,0,0,0,0,0,0,0,0,0,0,3,36701184,128,8,0,0,0,-1,-1
86571,Tracking Quest,,61487,0,0,-1,0,0,0,0,0,0,0,0,0,0,0,0,0,0,3,36701184,128,8,0,0,0,-1,-1
86572,Tracking Quest,,61488,0,0,-1,0,0,0,0,0,0,0,0,0,0,0,0,0,0,3,36701184,128,8,0,0,0,-1,-1
86573,Tracking Quest,,61489,0,0,-1,0,0,0,0,0,0,0,0,0,0,0,0,0,0,3,36701184,128,8,0,0,0,-1,-1
86584,Потрясение принудительным перерывом,,61498,137876,0,-1,0,0,0,0,0,0,0,0,0,0,45446,109,3008,0,3,37290240,8192,0,84967,0,0,-1,-1
86610,"Ни снег, ни дождь, ни Бездна",,61522,137876,0,-1,0,0,0,0,0,0,0,0,0,0,45461,109,3008,0,3,37290240,0,512,84967,0,0,-1,-1
86645,Hidden Quest [DNT],,61553,0,0,-1,65536,0,0,0,0,0,0,0,0,0,0,265,3321,0,3,41484288,0,8200,93061,0,0,-1,-1
86696,Помехи Темной Страже,,61591,137876,0,-1,0,0,0,0,0,0,0,0,0,0,45526,109,3008,0,3,37290240,8192,0,85037,0,0,-1,-1
86707,Возвращение Темной Стражи,,61602,137876,0,-1,0,0,0,0,0,0,0,0,0,0,47755,109,3008,0,3,37290240,8192,512,84967,0,0,-1,-1
86709,Мана с небес,,61604,137876,0,-1,0,0,0,0,0,0,0,0,0,0,45536,109,3008,0,3,41484544,8192,0,85037,0,0,-1,-1
86728,Операция: шлюз – долой мусор,,61623,135171,0,-1,0,0,0,0,0,0,0,0,0,0,0,81,2718,0,2,36700424,0,512,0,0,0,-1,-1
86800,Хватай и беги,,61686,137876,0,-1,0,0,0,0,0,0,0,0,0,0,45648,109,3008,0,3,37290240,8192,512,0,0,0,-1,-1
86810,Урожай Бездны,,61696,139380,0,-1,0,0,0,0,0,0,0,0,0,0,50662,0,4311,0,2,40894472,8192,268435968,0,0,0,-1,-1
86817,Затопленная берлога,,61712,0,0,-1,0,0,0,0,0,0,0,0,0,0,0,0,3004,0,3,2098176,0,268435464,0,0,0,-1,-1
86821,Фазовый переход: потерянные и потрясенные,,61719,137876,0,-1,0,0,0,0,0,0,0,0,0,0,45675,109,3008,0,3,41484544,8192,0,0,0,0,-1,-1
86822,Последняя реликвия,,61720,0,0,-1,0,0,0,0,0,0,0,0,0,0,0,0,3088,0,2,37748744,8192,512,89338,0,0,-1,-1
86823,Темная Орда,,61721,0,0,-1,0,0,0,0,0,0,0,0,0,0,0,0,3088,0,2,38797320,4202496,512,86822,0,0,-1,-1
86824,Не осталось никого,,61722,0,0,-1,0,0,0,0,0,0,0,0,0,239130,0,0,3088,0,2,38797320,4202496,512,86822,0,0,-1,-1
86825,Верный слуга неверному делу,,61723,0,0,-1,0,0,0,0,0,0,0,0,0,0,0,0,3088,0,2,38797320,4202496,512,86822,0,0,-1,-1
86826,Нагош Шрам,,61724,0,0,-1,0,0,0,0,0,0,0,0,0,0,0,0,3088,0,2,38797320,0,512,91391,0,0,-1,-1
86827,Должное признание,,61725,0,0,-1,0,0,0,0,0,0,0,0,0,0,0,0,3088,0,2,40894472,0,512,91391,0,0,-1,-1
86828,Не только Троллебой,,61726,0,0,-1,5,0,0,0,0,0,0,0,0,0,0,0,3088,0,2,38797320,2,512,86826,86827,91842,-1,-1
86829,Знаменательный момент,,61727,0,0,-1,1,0,0,0,0,0,0,0,0,0,0,0,3088,0,2,37748744,4,512,86830,86831,0,-1,-1
86830,Истинная Орда или Темная Орда,,61728,0,0,-1,0,0,0,0,0,0,0,0,0,0,0,0,3088,0,2,38797320,4202496,512,86828,0,0,-1,-1
86831,Воины без полководца,,61729,0,0,-1,0,0,0,0,0,0,0,0,0,0,0,0,3088,0,2,38797320,4202496,512,86828,0,0,-1,-1
86832,Достойный горн,,61730,0,0,-1,0,0,0,0,0,0,0,0,61731,0,0,0,3088,0,2,55574536,4202496,512,91726,0,0,-1,-1
86833,Восстановление бастиона,,61731,0,0,-1,0,0,0,0,0,0,0,0,0,0,0,0,3088,0,2,37748744,8196,524800,91726,0,0,-1,-1
86837,Встреча у Солнечного Колодца,,61735,0,0,-1,0,0,0,0,0,0,0,0,0,0,0,0,3088,0,2,40894472,4194304,512,89193,0,0,-1,-1
86838,Возрождение утомленных,,61736,0,0,-1,0,0,0,0,0,0,0,0,0,237811,0,0,3088,0,2,309461000,4194304,512,86837,0,0,-1,-1
86839,Реликвии Последней Надежды,,61737,0,0,-1,0,0,0,0,0,0,0,0,0,0,0,0,3088,0,2,40894472,8192,512,86838,0,0,-1,-1
86840,Проблеск надежды,,61738,0,0,-1,0,0,0,0,0,0,0,0,0,0,0,0,3088,0,2,40894472,4202496,512,86839,0,0,-1,-1
86841,Древние реликвии паладинов,,61739,0,0,-1,0,0,0,0,0,0,0,0,0,0,0,0,3088,0,2,40894472,4202496,512,86840,0,0,-1,-1
86842,Сила Алого ордена,,61740,0,0,-1,1,0,0,0,0,0,0,0,0,0,0,0,3088,0,2,36700168,4202496,512,86840,86841,0,-1,-1
86843,Свет во зло,,61741,0,0,-1,0,0,0,0,0,0,0,0,0,0,0,0,3088,0,2,40894472,8192,512,86842,0,0,-1,-1
86844,Свет во благо,,61742,0,0,-1,0,0,0,0,0,0,0,0,0,0,0,0,3088,0,2,40894472,8192,512,86842,0,0,-1,-1
86845,Путь Служителя Солнца,,61743,0,0,-1,0,0,0,0,0,0,0,0,0,0,0,0,3088,0,2,40894472,8192,512,86902,0,0,-1,-1
86846,Обеспечение поставщиков,,61744,0,0,-1,0,0,0,0,0,0,0,0,0,0,0,0,3088,0,2,40894472,0,512,86845,0,0,-1,-1
86869,Фазовый переход: саботаж из Шан'доры,,61768,137876,0,-1,0,0,0,0,0,0,0,0,0,0,45668,109,3008,0,3,41484544,8192,0,0,0,0,-1,-1
86872,Фазовый переход: экспериментальное истребление,,61770,137876,0,-1,0,0,0,0,0,0,0,0,0,0,45670,109,3008,0,3,41484544,8192,0,0,0,0,-1,-1
86874,Приглушенный свет,,61772,137402,0,-1,0,0,0,0,0,0,0,0,0,0,0,0,3087,0,3,37289984,0,0,0,0,0,-1,-1
86902,Раздача реликвий,,61800,0,0,-1,1,0,0,0,0,0,0,0,0,0,0,0,3088,0,2,37748744,4194304,512,86843,86844,0,-1,-1
86903,Тайная таверна,,61801,0,0,-1,0,0,0,0,0,0,0,0,0,248131,0,0,3088,0,2,309461000,4194304,1049088,86833,0,0,-1,-1
86909,Неупокоенные духи,,61807,0,0,-1,0,0,0,0,0,0,0,0,0,0,3785,0,3087,0,2,41484288,8192,512,0,0,0,-1,-1
86938,Дыры в ткани Бездны,,61836,142958,0,-1,0,0,0,0,0,0,0,0,0,0,49791,109,3098,0,3,37290240,0,512,0,0,0,-1,-1
86939,Сумеречный клин,,61837,142958,0,-1,0,0,0,0,0,0,0,0,0,235663,49792,109,3098,0,3,37290240,0,512,0,0,0,-1,-1
86941,Насыщение стихиями,,61839,142958,0,-1,0,0,0,0,0,0,0,0,0,0,49793,109,3098,0,3,37290240,0,512,0,0,0,-1,-1
86943,Бурение,,61841,129748,0,-1,0,0,0,0,0,0,0,0,0,0,45708,115,2888,0,3,37290240,0,0,0,0,0,-1,-1
86945,Темные припасы,,61843,142958,0,-1,0,0,0,0,0,0,0,0,0,0,49794,109,3098,0,3,37290240,0,512,0,0,0,-1,-1
86947,"Маленькие, дорогие и смертоносные",,61845,129748,0,-1,0,0,0,0,0,0,0,0,0,0,45709,115,2888,0,3,37290240,0,0,0,0,0,-1,-1
86948,Сумеречные связи,,61846,142958,0,-1,0,0,0,0,0,0,0,0,0,0,49795,109,3098,0,3,37290240,0,512,0,0,0,-1,-1
86949,Товарищи по команде,,61847,129748,0,-1,0,0,0,0,0,0,0,0,0,0,45710,115,2888,0,3,37290240,0,0,0,0,0,-1,-1
86951,Взлеты и падения,,61848,142958,0,-1,0,0,0,0,0,0,0,0,0,0,49796,109,3098,0,3,37290240,0,512,0,0,0,-1,-1
86952,Талантливые раканы,,61849,129748,0,-1,0,0,0,0,0,0,0,0,0,0,45711,115,2888,0,3,37290240,0,0,0,0,0,-1,-1
86957,Возмездие Дракгора,,61851,142958,0,-1,0,0,0,0,0,0,0,0,0,0,49797,109,3098,0,3,37290240,0,512,0,0,0,-1,-1
86959,Пленник клана Кровавого Глаза,,61853,142958,0,-1,0,0,0,0,0,0,0,0,0,0,49798,109,3098,0,3,37290240,0,512,0,0,0,-1,-1
86996,Темные уголки,,61888,0,0,-1,0,0,0,0,0,0,0,0,0,0,0,0,3084,0,3,36700160,0,0,86536,0,0,-1,-1
87001,Ордер: Пульсодроб,,64886,139388,0,-1,131073,0,0,0,0,0,0,0,0,0,0,0,3008,0,2,40960000,8192,268435976,87405,90807,0,-1,-1
87007,Gallagio Garbage,,61894,0,0,-1,0,0,0,0,0,0,0,0,0,0,0,0,2860,0,3,37295104,0,8,0,0,0,-1,-1
87308,Сумеречная заря,,62190,142958,0,-1,0,0,0,0,0,0,0,0,0,0,0,284,3098,0,2,36732936,0,520,0,0,0,-1,-1
87327,Проверка претендента на прочность,,62207,134280,0,-1,0,0,0,0,0,0,0,0,0,0,0,282,2888,0,2,36700160,0,268435969,0,0,0,-1,-1
87342,Поклонение огню,Поклонитесь костру на острове Дорн.,62217,9484,0,-1,0,0,0,0,0,0,0,0,0,0,0,0,394,0,2,2097152,0,512,0,0,0,-1,-1
87343,Ордер: Пустогибель,,64884,139388,0,-1,131073,0,0,0,0,0,0,0,0,0,0,0,3008,0,2,7405568,8192,268435976,87001,90807,0,-1,-1
87344,Ключевая угроза,,64299,145662,0,-1,0,0,0,0,0,0,0,0,0,0,0,0,3008,0,2,40894464,8192,268435976,0,0,0,-1,-1
87345,Ордер: Зи'вокс Порочный,,64887,139388,0,-1,65536,0,0,0,0,0,0,0,0,0,0,0,3008,0,2,39911424,8192,268435976,90807,0,0,-1,-1
87348,Tracking Quest,,62220,0,0,-1,0,0,0,0,0,0,0,0,0,0,0,0,3008,0,3,37848072,8192,0,0,0,0,-1,-1
87350,Изобилие: Логово зверей лоа,,0,136693,0,-1,0,0,0,0,0,0,0,0,0,0,0,0,7443,0,3,36765768,0,270848,0,0,0,-1,-1
87351,Tracking Quest,,62221,0,0,-1,0,0,0,0,0,0,0,0,0,0,0,0,0,0,3,36766728,0,0,0,0,0,-1,-1
87354,Решанор Неприкаянная,,62224,137876,0,-1,0,0,0,0,0,0,0,0,0,0,0,289,3009,0,3,37323072,0,8,0,0,0,-1,-1
87355,Поклонение огню,Поклонитесь костру в Тайносводье.,62225,9484,0,-1,0,0,0,0,0,0,0,0,0,0,0,0,394,0,2,2097152,0,512,0,0,0,-1,-1
87356,Поклонение огню,Поклонитесь костру в Аз-Кахете.,62226,9484,0,-1,0,0,0,0,0,0,0,0,0,0,0,0,394,0,2,2097152,0,512,0,0,0,-1,-1
87357,Поклонение огню,Поклонитесь костру в Гулких глубинах.,62227,9484,0,-1,0,0,0,0,0,0,0,0,0,0,0,0,394,0,2,2097152,0,512,0,0,0,-1,-1
87375,Tracking Quest,,62241,0,0,-1,0,0,0,0,0,0,0,0,0,0,0,0,0,0,3,36766728,0,0,0,0,0,-1,-1
87546,Ордер: Лиловый Торф,,64885,139388,0,-1,131073,0,0,0,0,0,0,0,0,0,0,0,3008,0,2,40960000,8192,268435976,87345,90807,0,-1,-1
87569,Гарантированный законом перерыв,,62415,0,0,-1,0,0,0,0,0,0,0,0,0,0,0,0,2888,0,3,41484288,8192,268447752,0,0,0,-1,-1
87582,Вылазки: безумные раскопки,,62428,135171,0,-1,0,0,0,0,0,0,0,0,0,0,0,288,2888,0,2,36700424,0,512,0,0,0,-1,-1
87583,Вылазка: канальи из канализации,,62429,135171,0,-1,0,0,0,0,0,0,0,0,0,0,0,288,2888,0,2,36700424,0,512,0,0,0,-1,-1
87588,Покажи этому мусору,,62434,0,0,-1,0,0,0,0,0,0,0,0,0,0,0,0,2888,0,3,41484288,0,268447752,0,0,0,-1,-1
87759,Инкапсулированная Бездна,,62477,139380,0,-1,0,0,0,0,0,0,0,0,0,0,49745,113,3313,0,3,6881536,8192,512,0,0,0,-1,-1
88679,Встреча с неожиданным,,63395,139380,0,-1,0,0,0,0,0,0,0,0,0,0,49751,113,3313,0,3,6881536,8192,512,0,0,0,-1,-1
88771,Лоатворные вожаки!,,0,136693,0,-1,0,0,0,0,0,0,0,0,0,0,0,0,3321,0,3,41484288,8192,512,0,0,0,-1,-1
88772,Останки мамонта!,,0,136693,0,-1,0,0,0,0,0,0,0,0,0,0,0,0,3321,0,3,41484288,8192,512,0,0,0,-1,-1
88774,Нехватка энергии,,63458,137876,0,-1,0,0,0,0,0,0,0,0,0,0,46223,109,3008,0,3,41484544,8192,0,0,0,0,-1,-1
88804,Победить минервала,,0,136693,0,-1,0,0,0,0,0,0,0,0,0,0,0,0,3321,0,3,41484288,8192,512,0,0,0,-1,-1
88818,Очистка от Бездны,,63482,137876,0,-1,0,0,0,0,0,0,0,0,0,0,46237,109,3008,0,3,41484544,8192,0,0,0,0,-1,-1
88902,Фазовый переход: неприкаянные души,,63564,137876,0,-1,0,0,0,0,0,0,0,0,0,0,46279,109,3008,0,3,41484544,8192,0,0,0,0,-1,-1
88904,Фазовый переход: это может быть что угодно,,63566,137876,0,-1,0,0,0,0,0,0,0,0,0,0,46282,109,3008,0,3,41484544,8192,0,0,0,0,-1,-1
88992,Предсказанное мастерство,,63651,139380,0,-1,0,0,0,0,0,0,0,0,0,0,49748,113,3313,0,3,6881536,8192,512,0,0,0,-1,-1
89018,Постоянный клиент: серебряный статус,,63677,132350,0,-1,0,0,0,0,0,0,0,0,0,0,0,0,2832,0,0,39845888,8320,520,0,0,0,-1,-1
89241,Только вперед,,63897,137876,0,-1,0,0,0,0,0,0,0,0,0,0,46627,113,2888,0,3,6881536,8192,0,0,0,0,-1,-1
89251,На всех парах,,63906,132358,0,-1,0,0,0,0,0,0,0,0,0,0,0,0,2832,0,0,39845888,8320,520,0,0,0,-1,-1
89252,Дать прикурить?,,63907,132352,0,-1,0,0,0,0,0,0,0,0,0,0,0,0,2832,0,0,39845888,8320,520,0,0,0,-1,-1
89267,Таинственная сущность,,63916,139380,0,-1,0,0,0,0,0,0,0,0,0,0,49744,113,3313,0,3,6881536,8192,512,0,0,0,-1,-1
89274,Кривое зеркало,,63923,137876,0,-1,0,0,0,0,0,0,0,0,0,0,46761,109,3008,0,3,41484544,8192,0,0,0,0,-1,-1
89288,Фазовый переход: Сокрушитель Тза'акир,,63937,137876,0,-1,0,0,0,0,0,0,0,0,0,0,46764,109,3008,0,3,41484544,8192,0,0,0,0,-1,-1
89289,Благосклонность Двора,,63938,142445,0,-1,0,0,0,0,0,0,0,0,0,0,0,0,7442,0,2,573603840,0,512,0,0,0,-1,-1
89291,Фазовый переход: Клятвопреступница Десамира,,63940,137876,0,-1,0,0,0,0,0,0,0,0,0,0,46765,109,3008,0,3,41484544,8192,0,0,0,0,-1,-1
89293,Особое поручение: затмение,,63942,137876,0,-1,0,0,0,0,0,0,0,0,0,0,46766,286,3008,0,3,41484544,8192,0,91193,0,0,-1,-1
89294,Особое поручение: схожие взгляды,,63943,137876,0,-1,0,0,0,0,0,0,0,0,0,0,46767,286,3008,0,3,41484544,8192,0,91203,0,0,-1,-1
89338,Мечи на орала,,63988,0,0,-1,1,0,0,0,0,0,0,0,0,0,0,0,3088,0,2,40894472,0,512,86846,91000,0,-1,-1
89347,Победа над неизвестностью: Разъяренный скиталец,,63997,139380,0,-1,0,0,0,0,0,0,0,0,0,0,49749,278,3313,0,3,6881536,8192,512,0,0,0,-1,-1
89377,Охота под прикрытием,,64024,139380,0,-1,0,0,0,0,0,0,0,0,0,0,49746,113,3313,0,3,6881536,8192,0,0,0,0,-1,-1
89440,Оборона фланга,,64090,137464,0,-1,0,0,0,0,0,0,0,0,0,0,0,0,3592,0,3,34275328,0,268435968,86807,0,0,-1,-1
89441,Очистить палубу,,64091,138053,0,-1,0,0,0,0,0,0,0,0,0,0,0,0,3592,0,3,34275328,0,268435968,0,0,0,-1,-1
89476,Бесконечные исследования,,0,137527,0,-1,0,0,0,0,0,0,0,0,0,0,0,284,3382,0,3,104333312,0,4203016,0,0,0,-1,-1
89490,Ордер: торговец чарами Со'зер,,64882,139388,0,-1,131073,0,0,0,0,0,0,0,0,0,0,0,3008,0,2,39911424,8192,268435976,87343,90807,0,-1,-1
89569,Necrohexxer Raz'ka,,64215,0,0,-1,0,0,0,0,0,0,0,0,0,0,0,0,4282,0,3,34149632,0,8,0,0,0,-1,-1
89570,The Snapping Scourge,,64216,0,0,-1,0,0,0,0,0,0,0,0,0,0,0,0,4282,0,3,34149632,0,8,0,0,0,-1,-1
89571,Skullcrusher Harak,,64217,0,0,-1,0,0,0,0,0,0,0,0,0,0,0,0,4282,0,3,34149632,0,8,0,0,0,-1,-1
89572,Elder Oaktalon,,64218,0,0,-1,0,0,0,0,0,0,0,0,0,0,0,0,4282,0,3,34149632,0,8,0,0,0,-1,-1
89573,Depthborn Eelamental,,64219,0,0,-1,0,0,0,0,0,0,0,0,0,0,0,0,4282,0,3,34149632,0,8,0,0,0,-1,-1
89575,Lightwood Borer,,64221,0,0,-1,0,0,0,0,0,0,0,0,0,0,0,0,4281,0,3,34149632,0,8,0,0,0,-1,-1
89577,Unleashed Tempest,,64223,0,0,-1,0,0,0,0,0,0,0,0,0,0,0,0,4281,0,3,34149632,0,8,0,0,0,-1,-1
89578,Spinefrill,,64224,0,0,-1,0,0,0,0,0,0,0,0,0,0,0,0,4281,0,3,34149632,0,8,0,0,0,-1,-1
89579,Oophaga,,64225,0,0,-1,0,0,0,0,0,0,0,0,0,0,0,0,4281,0,3,34149632,0,8,0,0,0,-1,-1
89580,Tiny Vermin,,64226,0,0,-1,0,0,0,0,0,0,0,0,0,0,0,0,4281,0,3,34149632,0,8,0,0,0,-1,-1
89581,Voidtouched Crustacean,,64227,0,0,-1,0,0,0,0,0,0,0,0,0,0,0,0,4281,0,3,34149632,0,8,0,0,0,-1,-1
89583,The Devouring Invader,,64228,0,0,-1,0,0,0,0,0,0,0,0,0,0,0,0,4281,0,3,34149632,0,8,0,0,0,-1,-1
90128,Подлые бара!,,0,136693,0,-1,0,0,0,0,0,0,0,0,0,0,0,0,3321,0,3,41484288,8192,512,0,0,0,-1,-1
90467,Легенды о небе,,64321,148400,0,-1,0,0,0,0,0,0,0,0,0,0,0,0,3087,0,2,40894472,8192,512,0,0,0,-1,-1
90488,M.A.G.N.O.,,64342,0,0,-1,0,0,0,0,0,0,0,0,0,0,0,0,2860,0,3,34178048,0,8,0,0,0,-1,-1
90489,Giovante,,64343,0,0,-1,0,0,0,0,0,0,0,0,0,0,0,0,2860,0,3,34178048,0,8,0,0,0,-1,-1
90490,Voltstrike,,64344,0,0,-1,0,0,0,0,0,0,0,0,0,0,0,0,2860,0,3,34178048,0,8,0,0,0,-1,-1
90491,Scrapchewer,,64345,0,0,-1,0,0,0,0,0,0,0,0,0,0,0,0,2860,0,3,34178048,0,8,0,0,0,-1,-1
90492,Darkfuse Precipitant,,64346,0,0,-1,0,0,0,0,0,0,0,0,0,0,0,0,2860,0,3,34178048,0,8,0,0,0,-1,-1
90533,Приведи Орвейну!,,64611,148399,0,-1,0,0,0,0,0,0,0,0,0,0,0,0,3087,0,2,41025544,0,1049088,0,0,0,-1,-1
90536,История оберега Вей'нана,,64614,136537,0,-1,0,0,0,0,0,0,0,0,0,0,0,0,3087,0,3,41484352,8192,12800,0,0,0,-1,-1
90583,Shadowhowl,,64664,0,0,-1,0,0,0,0,0,0,0,0,0,0,0,0,2860,0,3,34149376,0,8,0,0,0,-1,-1
90584,Xarran the Binder,,64665,0,0,-1,0,0,0,0,0,0,0,0,0,0,0,0,2860,0,3,34149376,0,8,0,0,0,-1,-1
90585,Sha'ryth the Cursed,,64666,0,0,-1,0,0,0,0,0,0,0,0,0,0,0,0,2860,0,3,34149376,0,8,0,0,0,-1,-1
90586,Korgorath the Ravager,,64667,0,0,-1,0,0,0,0,0,0,0,0,0,0,0,0,2860,0,3,34149376,0,8,0,0,0,-1,-1
90587,"""Chowdar""",,64668,0,0,-1,0,0,0,0,0,0,0,0,0,0,0,0,2860,0,3,34149376,0,8,0,0,0,-1,-1
90588,Morgil the Netherspawn,,64669,0,0,-1,0,0,0,0,0,0,0,0,0,0,0,0,2860,0,3,34149376,0,8,0,0,0,-1,-1
90589,The Nightreaver,,64670,0,0,-1,0,0,0,0,0,0,0,0,0,0,0,0,2860,0,3,34149376,0,8,0,0,0,-1,-1
90590,Prototype Mk-V,,64671,0,0,-1,0,0,0,0,0,0,0,0,0,0,0,0,2860,0,3,34149376,0,8,0,0,0,-1,-1
90591,Revenant of the Wasteland,,64672,0,0,-1,0,0,0,0,0,0,0,0,0,0,0,0,2860,0,3,34149376,0,8,0,0,0,-1,-1
90592,Stalker of the Wastes,,64673,0,0,-1,0,0,0,0,0,0,0,0,0,0,0,0,2860,0,3,34149376,0,8,0,0,0,-1,-1
90593,Urmag,,64674,0,0,-1,0,0,0,0,0,0,0,0,0,0,0,0,2860,0,3,34149376,0,8,0,0,0,-1,-1
90594,Maw of the Sands,,64675,0,0,-1,0,0,0,0,0,0,0,0,0,0,0,0,2860,0,3,34178048,0,8,0,0,0,-1,-1
90595,Orith the Dreadful,,64676,0,0,-1,0,0,0,0,0,0,0,0,0,0,0,0,2860,0,3,34178048,0,8,0,0,0,-1,-1
90596,Ixthar the Unblinking,,64677,0,0,-1,0,0,0,0,0,0,0,0,0,0,0,0,2860,0,3,34178048,0,8,0,0,0,-1,-1
90663,Кража нашего,,64744,138496,0,-1,0,0,0,0,0,0,0,0,0,0,0,0,3008,0,2,39845896,8192,520,0,0,0,-1,-1
90672,Xarran the Binder,,64753,0,0,-1,0,0,0,0,0,0,0,0,0,0,0,0,2860,0,3,34178048,128,8,0,0,0,-1,-1
90673,Sha'ryth the Cursed,,64754,0,0,-1,0,0,0,0,0,0,0,0,0,0,0,0,2860,0,3,34178048,128,8,0,0,0,-1,-1
90674,Shadowhowl,,64755,0,0,-1,0,0,0,0,0,0,0,0,0,0,0,0,2860,0,3,34178048,128,8,0,0,0,-1,-1
90675,Korgorath the Ravager,,64756,0,0,-1,0,0,0,0,0,0,0,0,0,0,0,0,2860,0,3,34178048,128,8,0,0,0,-1,-1
90676,"""Chowdar""",,64757,0,0,-1,0,0,0,0,0,0,0,0,0,0,0,0,2860,0,3,34178048,128,8,0,0,0,-1,-1
90677,Morgil the Netherspawn,,64758,0,0,-1,0,0,0,0,0,0,0,0,0,0,0,0,2860,0,3,34178048,128,8,0,0,0,-1,-1
90678,The Nightreaver,,64759,0,0,-1,0,0,0,0,0,0,0,0,0,0,0,0,2860,0,3,34178048,128,8,0,0,0,-1,-1
90679,Prototype Mk-V,,64760,0,0,-1,0,0,0,0,0,0,0,0,0,0,0,0,2860,0,3,34178048,128,8,0,0,0,-1,-1
90680,Revenant of the Wasteland,,64761,0,0,-1,0,0,0,0,0,0,0,0,0,0,0,0,2860,0,3,34178048,128,8,0,0,0,-1,-1
90681,Stalker of the Wastes,,64762,0,0,-1,0,0,0,0,0,0,0,0,0,0,0,0,2860,0,3,34178048,128,8,0,0,0,-1,-1
90682,Urmag,,64763,0,0,-1,0,0,0,0,0,0,0,0,0,0,0,0,2860,0,3,34178048,128,8,0,0,0,-1,-1
90683,Maw of the Sands,,64764,0,0,-1,0,0,0,0,0,0,0,0,0,0,0,0,2860,0,3,34178048,128,8,0,0,0,-1,-1
90684,Orith the Dreadful,,64765,0,0,-1,0,0,0,0,0,0,0,0,0,0,0,0,2860,0,3,34178048,128,8,0,0,0,-1,-1
90685,Ixthar the Unblinking,,64766,0,0,-1,0,0,0,0,0,0,0,0,0,0,0,0,2860,0,3,34178048,128,8,0,0,0,-1,-1
90687,Shatterpulse,,64768,0,0,-1,0,0,0,0,0,0,0,0,0,0,0,0,2860,0,3,34178048,0,8,0,0,0,-1,-1
90688,Shatterpulse,,64769,0,0,-1,0,0,0,0,0,0,0,0,0,0,0,0,2860,0,3,34178048,128,8,0,0,0,-1,-1
90689,Hollowbane,,64770,0,0,-1,0,0,0,0,0,0,0,0,0,0,0,0,2860,0,3,34178048,0,8,0,0,0,-1,-1
90691,Hollowbane,,64772,0,0,-1,0,0,0,0,0,0,0,0,0,0,0,0,2860,0,3,34178048,128,8,0,0,0,-1,-1
90692,Purple Peat,,64773,0,0,-1,0,0,0,0,0,0,0,0,0,0,0,0,2860,0,3,34178048,0,8,0,0,0,-1,-1
90693,Purple Peat,,64774,0,0,-1,0,0,0,0,0,0,0,0,0,0,0,0,2860,0,3,34178048,128,8,0,0,0,-1,-1
90694,Xy'vox the Twisted,,64775,0,0,-1,0,0,0,0,0,0,0,0,0,0,0,0,2860,0,3,34178048,0,8,0,0,0,-1,-1
90695,Xy'vox the Twisted,,64776,0,0,-1,0,0,0,0,0,0,0,0,0,0,0,0,2860,0,3,34178048,128,8,0,0,0,-1,-1
90696,Arcana-Monger Iz'zer,,64777,0,0,-1,0,0,0,0,0,0,0,0,0,0,0,0,2860,0,3,34178048,0,8,0,0,0,-1,-1
90697,Arcana-Monger Iz'zer,,64778,0,0,-1,0,0,0,0,0,0,0,0,0,0,0,0,2860,0,3,34178048,128,8,0,0,0,-1,-1
90698,Grubber,,64779,0,0,-1,0,0,0,0,0,0,0,0,0,0,0,0,2860,0,3,34178048,0,8,0,0,0,-1,-1
90699,Grubber,,64780,0,0,-1,0,0,0,0,0,0,0,0,0,0,0,0,2860,0,3,34178048,128,8,0,0,0,-1,-1
90725,Tracking Quest,,64802,0,0,-1,0,0,0,0,0,0,0,0,0,0,0,0,3008,0,3,33559816,0,8,0,0,0,-1,-1
90729,Все в выигрыше,,64803,137876,0,-1,131073,0,0,0,0,0,0,0,0,0,0,0,3008,0,2,39845888,8192,520,90663,90725,0,-1,-1
90733,Слушающий,,64806,146720,0,-1,0,0,0,0,0,0,0,0,0,0,0,0,3087,0,2,36700168,0,524800,0,0,0,-1,-1
90734,Во имя богини,,64807,146721,0,-1,0,0,0,0,0,0,0,0,0,0,0,0,3087,0,2,36700168,0,512,90733,0,0,-1,-1
90741,И снова в Провал,,64814,146722,0,-1,0,0,0,0,0,0,0,0,0,0,0,0,3087,0,2,40894472,4194304,524800,90740,0,0,-1,-1
90747,Не тот лазуроцефал,,64820,137876,0,-1,131073,0,0,0,0,0,0,0,0,0,0,0,3008,0,2,39845888,8192,520,90729,90725,0,-1,-1
90769,Синий симпатяга,,64838,137876,0,-1,0,0,0,0,0,0,0,0,0,0,0,0,3008,0,2,40894464,8192,520,90770,0,0,-1,-1
90770,Фазовые фокусы,,64839,137876,0,-1,131073,0,0,0,0,0,0,0,0,0,0,0,3008,0,2,39845888,8192,520,90773,90725,0,-1,-1
90773,Мясной бизнес,,64841,137876,0,-1,131073,0,0,0,0,0,0,0,0,0,0,0,3008,0,2,39845888,8192,520,90747,90725,0,-1,-1
90805,Sundereth the Caller,,64873,0,0,-1,0,0,0,0,0,0,0,0,0,0,0,0,4284,0,3,34149632,0,8,0,0,0,-1,-1
90849,Световое шоу,,64921,137464,0,-1,0,0,0,0,0,0,0,0,0,0,0,0,3592,0,3,34275328,0,268435968,86807,0,0,-1,-1
90889,Сказание об эхе Сай'альо,,64959,140215,0,-1,0,0,0,0,0,0,0,0,0,0,0,0,3087,0,3,41484288,8192,8704,0,0,0,-1,-1
90957,День инициации,,65023,148993,0,-1,0,0,0,0,0,0,0,0,0,0,0,0,863,0,2,40894464,8192,520,0,0,0,-1,-1
90958,Корни превыше всего,,65024,0,0,-1,0,0,0,0,0,0,0,0,0,0,0,0,863,0,2,40894464,8192,9437704,90957,0,0,-1,-1
90959,Традиционные обязанности,,65025,0,0,-1,0,0,0,0,0,0,0,0,0,0,0,0,863,0,2,40894464,8192,520,90958,0,0,-1,-1
90960,"Моя история, мое наследие",,65026,0,0,-1,0,0,0,0,0,0,0,0,0,0,0,0,863,0,2,40894464,8192,520,90959,0,0,-1,-1
90961,Чужак в новой стране,,65027,0,0,-1,0,0,0,0,0,0,0,0,0,0,0,0,863,0,2,40894464,8192,520,90960,0,0,-1,-1
90962,Атака на Штормарион,,65028,150461,0,-1,0,0,0,0,0,0,0,0,0,0,0,136,4311,0,3,37847368,8256,268435976,0,0,0,-1,-1
90995,"Будущее ""Молота Скверны""",,65060,0,0,2048,0,0,0,0,0,0,0,0,0,0,0,0,3380,0,2,577765376,10496,268435976,89418,0,0,-1,-1
90999,Quest Tracking,,65064,0,0,-1,0,0,0,0,0,0,0,0,0,0,0,0,0,0,3,36701184,0,8,0,0,0,-1,-1
91000,Скромный слуга,,65065,0,0,-1,0,0,0,0,0,0,0,0,0,0,0,0,3088,0,2,40894472,0,512,86845,0,0,-1,-1
91040,Назойливая Порочная Ветвь,,65102,140183,0,-1,0,0,0,0,0,0,0,0,0,0,0,0,3086,0,3,37290240,0,33280,0,0,0,-1,-1
91047,Eruundi,,65109,0,0,-1,0,0,0,0,0,0,0,0,0,0,0,0,4284,0,3,34149632,0,8,0,0,0,-1,-1
91048,Tremora,,65110,0,0,-1,0,0,0,0,0,0,0,0,0,0,0,0,4284,0,3,34149632,0,8,0,0,0,-1,-1
91050,Territorial Voidscythe,,65112,0,0,-1,0,0,0,0,0,0,0,0,0,0,0,0,4284,0,3,34149632,0,8,0,0,0,-1,-1
91051,Nightbrood,,65113,0,0,-1,0,0,0,0,0,0,0,0,0,0,0,0,4284,0,3,34149632,0,8,0,0,0,-1,-1
91061,Бесконечный хаос,,65121,140308,0,-1,0,0,0,0,0,0,0,0,0,246808,0,282,4468,0,2,305135624,0,520,0,0,0,-1,-1
91072,The Decaying Diamondback,,65129,0,0,-1,0,0,0,0,0,0,0,0,0,0,0,0,4281,0,3,34149632,0,8,0,0,0,-1,-1
91073,Ash'an the Empowered,,65130,0,0,-1,0,0,0,0,0,0,0,0,0,0,0,0,4281,0,3,34149632,0,8,0,0,0,-1,-1
91093,Фазовая фантастика,,65150,146031,0,-1,0,0,0,0,0,0,0,0,0,0,0,0,4159,0,2,36733192,0,512,89345,0,0,-1,-1
91174,Mrrlokk,,65231,0,0,-1,0,0,0,0,0,0,0,0,0,0,0,0,4282,0,3,34149632,0,8,0,0,0,-1,-1
91194,Malek'ta the Jaws of Oblivion,,65251,0,0,-1,0,0,0,0,0,0,0,0,0,0,0,0,2860,0,3,34149632,0,8,0,0,0,-1,-1
91195,"Heka'tamos, the Elemental Disjunction",,65252,0,0,-1,0,0,0,0,0,0,0,0,0,0,0,0,2860,0,3,34149632,0,8,0,0,0,-1,-1
91207,Добыча: сверххищник,,65261,141752,0,-1,0,0,0,0,0,0,0,0,0,0,50714,295,5224,0,3,41484544,8192,0,0,0,0,-1,-1
91273,Tracking Quest,,65327,0,0,-1,0,0,0,0,0,0,0,0,0,0,0,0,0,0,3,36701184,128,8,0,0,0,-1,-1
91275,Malek'ta,,65329,0,0,-1,0,0,0,0,0,0,0,0,0,0,0,0,2860,0,3,34149376,0,8,0,0,0,-1,-1
91276,Heka'tamos,,65330,0,0,-1,0,0,0,0,0,0,0,0,0,0,0,0,2860,0,3,34149376,0,8,0,0,0,-1,-1
91286,Korgoth the Hungerer,,65339,0,0,-1,0,0,0,0,0,0,0,0,0,0,0,0,2860,0,3,34178048,0,8,0,0,0,-1,-1
91287,Soroth Miasmawrath,,65340,0,0,-1,0,0,0,0,0,0,0,0,0,0,0,0,2860,0,3,34178048,0,8,0,0,0,-1,-1
91289,The Harvester,,65342,0,0,-1,0,0,0,0,0,0,0,0,0,0,0,0,2860,0,3,34178048,0,8,0,0,0,-1,-1
91290,The Wallbreaker,,65343,0,0,-1,0,0,0,0,0,0,0,0,0,0,0,0,2860,0,3,34178048,0,8,0,0,0,-1,-1
91293,Sthaarbs,,65346,0,0,-1,0,0,0,0,0,0,0,0,0,0,0,0,2860,0,3,34178048,0,8,0,0,0,-1,-1
91297,Лоафлорины-фитоящеры!,,0,136693,0,-1,0,0,0,0,0,0,0,0,0,0,0,0,3321,0,3,41484288,8192,512,0,0,0,-1,-1
91299,Цветы лоафлорина!,,0,136693,0,-1,0,0,0,0,0,0,0,0,0,0,0,0,3321,0,3,41484288,8192,512,0,0,0,-1,-1
91300,Сбежавшие бульбожабы!,,0,136693,0,-1,0,0,0,0,0,0,0,0,0,0,0,0,3321,0,3,41484288,8192,512,0,0,0,-1,-1
91302,Изобилие: Изобильная роща,,0,136693,0,-1,0,0,0,0,0,0,0,0,0,0,0,0,7443,0,3,36765768,0,270848,0,0,0,-1,-1
91309,Korgoth the Hungerer,,65353,0,0,-1,0,0,0,0,0,0,0,0,0,0,0,0,2860,0,3,34178048,128,8,0,0,0,-1,-1
91310,Soroth Miasmawrath,,65354,0,0,-1,0,0,0,0,0,0,0,0,0,0,0,0,2860,0,3,34178048,128,8,0,0,0,-1,-1
91311,The Harvester,,65355,0,0,-1,0,0,0,0,0,0,0,0,0,0,0,0,2860,0,3,34178048,128,8,0,0,0,-1,-1
91312,The Wallbreaker,,65356,0,0,-1,0,0,0,0,0,0,0,0,0,0,0,0,2860,0,3,34178048,128,8,0,0,0,-1,-1
91375,Тишина в Грибной деревне,,65400,148418,0,-1,0,0,0,0,0,0,0,0,65401,0,0,0,3087,0,2,40894472,8192,512,0,0,0,-1,-1
91390,Особое поручение: Что осталось от разрушенного храма,,65415,139380,0,-1,0,0,0,0,0,0,0,0,0,0,48927,286,4568,0,3,41484608,8192,512,94865,0,0,-1,-1
91391,Разведка продолжается,,65416,0,0,-1,5,0,0,0,0,0,0,0,0,0,0,0,3088,0,2,37748744,4194304,512,86823,86824,86825,-1,-1
91395,Tracking Quest,,65418,0,0,-1,0,0,0,0,0,0,0,0,0,0,0,0,0,0,3,36701184,128,8,0,0,0,-1,-1
91419,Власть над стихиями,,65440,139380,0,-1,0,0,0,0,0,0,0,0,0,0,49750,113,3313,0,3,6881536,8192,512,0,0,0,-1,-1
91423,[DO NOT USE],,65444,0,0,-1,0,0,0,0,0,0,0,0,0,0,0,0,2860,0,3,34178048,128,8,0,0,0,-1,-1
91427,Освернения мавзолоа!,,0,136693,0,-1,0,0,0,0,0,0,0,0,0,0,0,0,3321,0,3,41484288,8192,512,0,0,0,-1,-1
91429,Саркофаги мавзолоа!,,0,136693,0,-1,0,0,0,0,0,0,0,0,0,0,0,0,3321,0,3,41484288,8192,512,0,0,0,-1,-1
91430,Сбежавшие части!,,0,136693,0,-1,0,0,0,0,0,0,0,0,0,0,0,0,3321,0,3,41484288,8192,512,0,0,0,-1,-1
91431,Sthaarbs,,65446,0,0,-1,0,0,0,0,0,0,0,0,0,0,0,0,2860,0,3,34178048,128,8,0,0,0,-1,-1
91433,Korgoth the Hungerer,,65448,0,0,-1,0,0,0,0,0,0,0,0,0,0,0,0,2860,0,3,34178048,128,8,0,0,0,-1,-1
91434,Soroth Miasmawrath,,65449,0,0,-1,0,0,0,0,0,0,0,0,0,0,0,0,2860,0,3,34178048,128,8,0,0,0,-1,-1
91435,The Harvester,,65450,0,0,-1,0,0,0,0,0,0,0,0,0,0,0,0,2860,0,3,34178048,128,8,0,0,0,-1,-1
91436,The Wallbreaker,,65451,0,0,-1,0,0,0,0,0,0,0,0,0,0,0,0,2860,0,3,34178048,128,8,0,0,0,-1,-1
91457,Изобилие: Ватха'нанские склепы,,0,136693,0,-1,0,0,0,0,0,0,0,0,0,0,0,0,7443,0,3,36765768,0,270848,0,0,0,-1,-1
91458,Добыча: выносливый охотник,,65471,141752,0,-1,0,0,0,0,0,0,0,0,0,0,50716,295,5224,0,3,41484544,8192,0,0,0,0,-1,-1
91468,Tracking Quest,,65480,0,0,-1,0,0,0,0,0,0,0,0,0,0,0,0,2860,0,3,34149376,128,8,0,0,0,-1,-1
91469,Tracking Quest,,65481,0,0,-1,0,0,0,0,0,0,0,0,0,0,0,0,2860,0,3,34149376,0,8,0,0,0,-1,-1
91470,Tracking Quest,,65482,0,0,-1,0,0,0,0,0,0,0,0,0,0,0,0,2860,0,3,34149376,0,8,0,0,0,-1,-1
91471,Tracking Quest,,65483,0,0,-1,0,0,0,0,0,0,0,0,0,0,0,0,2860,0,3,34149376,0,8,0,0,0,-1,-1
91472,Tracking Quest,,65484,0,0,-1,0,0,0,0,0,0,0,0,0,0,0,0,2860,0,3,34149376,0,8,0,0,0,-1,-1
91473,Tracking Quest,,65485,0,0,-1,0,0,0,0,0,0,0,0,0,0,0,0,2860,0,3,34149376,0,8,0,0,0,-1,-1
91474,Tracking Quest,,65486,0,0,-1,0,0,0,0,0,0,0,0,0,0,0,0,2860,0,3,34149376,0,8,0,0,0,-1,-1
91475,Изобилие: Изобильная нора Бездны,,0,136693,0,-1,0,0,0,0,0,0,0,0,0,0,0,0,7443,0,3,3211336,0,270848,0,0,0,-1,-1
91476,В тылу врага,,65489,139942,0,-1,0,0,0,0,0,0,0,0,0,0,0,62,3228,0,2,40370176,8320,520,0,0,0,-1,-1
91477,В тылу врага II,,65490,139947,0,-1,0,0,0,0,0,0,0,0,0,0,0,62,3228,0,2,40370176,8320,520,0,0,0,-1,-1
91478,В тылу врага III,,65491,139951,0,-1,0,0,0,0,0,0,0,0,0,0,0,62,3228,0,2,40370176,8320,520,0,0,0,-1,-1
91479,В тылу врага IV,,65492,139954,0,-1,0,0,0,0,0,0,0,0,0,0,0,62,3228,0,2,40370176,8320,520,0,0,0,-1,-1
91480,В тылу врага V,,65493,139956,0,-1,0,0,0,0,0,0,0,0,0,0,0,62,3228,0,2,40370176,8320,520,0,0,0,-1,-1
91490,Тушение пожаров в Тельдрассиле,,65502,139380,0,-1,0,0,0,0,0,0,0,0,0,0,48603,109,4567,0,3,41484544,0,0,0,0,0,-1,-1
91492,История о Цветке Альн'ары,,65503,142260,0,-1,0,0,0,0,0,0,0,0,0,0,0,0,3087,0,3,41484288,8192,8704,0,0,0,-1,-1
91501,Лоанитовые валуны!,,0,136693,0,-1,0,0,0,0,0,0,0,0,0,0,0,0,3321,0,3,41484288,8192,512,0,0,0,-1,-1
91502,Пласты лоанита!,,0,136693,0,-1,0,0,0,0,0,0,0,0,0,0,0,0,3321,0,3,41484288,8192,512,0,0,0,-1,-1
91503,Беглые кристаллы!,,0,136693,0,-1,0,0,0,0,0,0,0,0,0,0,0,0,3321,0,3,41484288,8192,512,0,0,0,-1,-1
91506,История о первой шул'ка и пламени,,65514,142995,0,-1,0,0,0,0,0,0,0,0,0,0,0,0,3087,0,3,41484288,8192,8704,0,0,0,-1,-1
91507,Легенда о Руссуле,,65515,144203,0,-1,0,0,0,0,0,0,0,0,0,0,0,0,3087,0,3,41484288,8192,8704,0,0,0,-1,-1
91508,Легенда о Корнистом пути и стражах,,65516,143244,0,-1,0,0,0,0,0,0,0,0,0,0,0,0,3087,0,3,41484288,8192,8704,0,0,0,-1,-1
91509,"Легенда о камне, упавшем с неба",,65517,143705,0,-1,0,0,0,0,0,0,0,0,0,0,0,0,3087,0,3,41484288,8192,8704,0,0,0,-1,-1
91523,Добыча: скрытая угроза,,65532,141752,0,-1,0,0,0,0,0,0,0,0,0,0,50715,295,5224,0,3,41484544,0,0,0,0,0,-1,-1
91555,Защитники долины,,65561,139380,0,-1,0,0,0,0,0,0,0,0,0,0,48604,109,4567,0,3,41484544,0,0,0,0,0,-1,-1
91582,Подрезка соцветения,,65588,139380,0,-1,0,0,0,0,0,0,0,0,0,0,48605,109,4567,0,3,41484544,0,0,0,0,0,-1,-1
91590,Добыча: скрытая угроза,,65596,141755,0,-1,0,0,0,0,0,0,0,0,0,0,50706,295,5224,0,3,41484544,0,0,0,0,0,-1,-1
91591,Добыча: скрытая угроза,,65597,141754,0,-1,0,0,0,0,0,0,0,0,0,0,50709,295,5224,0,3,41484544,0,0,0,0,0,-1,-1
91592,Добыча: скрытая угроза,,65598,141753,0,-1,0,0,0,0,0,0,0,0,0,0,50712,295,5224,0,3,41484544,0,0,0,0,0,-1,-1
91594,Добыча: выносливый охотник,,65599,141755,0,-1,0,0,0,0,0,0,0,0,0,0,50707,295,5224,0,3,41484544,8192,0,0,0,0,-1,-1
91595,Добыча: выносливый охотник,,65600,141754,0,-1,0,0,0,0,0,0,0,0,0,0,50710,295,5224,0,3,41484544,8192,0,0,0,0,-1,-1
91596,Добыча: выносливый охотник,,65601,141753,0,-1,0,0,0,0,0,0,0,0,0,0,50713,295,5224,0,3,41484544,8192,0,0,0,0,-1,-1
91601,Добыча: сверххищник,,65606,141755,0,-1,0,0,0,0,0,0,0,0,0,0,50705,295,5224,0,3,41484544,8192,0,0,0,0,-1,-1
91602,Добыча: сверххищник,,65607,141754,0,-1,0,0,0,0,0,0,0,0,0,0,50708,295,5224,0,3,41484544,8192,0,0,0,0,-1,-1
91604,Добыча: сверххищник,,65609,141753,0,-1,0,0,0,0,0,0,0,0,0,0,50711,295,5224,0,3,41484544,8192,0,0,0,0,-1,-1
91612,Бесконечные исследования,,0,142406,0,-1,0,0,0,0,0,0,0,0,0,0,0,284,3382,0,3,104333312,0,4203016,0,0,0,-1,-1
91613,Повышение в бесконечных исследованиях: своевременный помощник,,65612,142407,0,-1,0,0,0,0,0,0,0,0,0,0,0,0,3426,0,0,36700160,128,520,0,0,0,-1,-1
91627,Вилла Салтерила,,65616,142555,0,-1,0,0,0,0,0,0,0,0,0,0,0,0,7442,0,2,40894464,0,512,0,0,0,-1,-1
91631,Эпохальный прогресс,,65620,142443,0,-1,0,0,0,0,0,0,0,0,0,0,0,0,3382,0,0,36700160,0,520,0,0,0,-1,-1
91632,Завершение эпохального путешествия,,65621,145399,0,-1,0,0,0,0,0,0,0,0,0,0,0,0,3563,0,0,36700160,0,520,0,0,0,-1,-1
91634,Poacher Rav'ik,,65623,0,0,-1,0,0,0,0,0,0,0,0,0,0,0,0,4281,0,3,34149632,0,8,0,0,0,-1,-1
91640,Tracking Quest,,65629,0,0,-1,0,0,0,0,0,0,0,0,0,0,0,0,0,0,3,36701184,128,8,0,0,0,-1,-1
91642,Tracking Quest,,65631,0,0,-1,0,0,0,0,0,0,0,0,0,0,0,0,0,0,3,36701184,128,8,0,0,0,-1,-1
91643,Tracking Quest,,65632,0,0,-1,0,0,0,0,0,0,0,0,0,0,0,0,0,0,3,36701184,128,8,0,0,0,-1,-1
91644,Продуваемые ветрами холмы,,65633,0,0,-1,0,0,0,0,0,0,0,0,0,0,48710,283,3313,0,3,37289984,0,512,0,0,0,-1,-1
91645,Tracking Quest,,65634,0,0,-1,0,0,0,0,0,0,0,0,0,0,0,0,0,0,3,36701184,128,8,0,0,0,-1,-1
91646,Tracking Quest,,65635,0,0,-1,0,0,0,0,0,0,0,0,0,0,0,0,0,0,3,36701184,128,8,0,0,0,-1,-1
91647,Tracking Quest,,65636,0,0,-1,0,0,0,0,0,0,0,0,0,0,0,0,0,0,3,36701184,128,8,0,0,0,-1,-1
91648,Tracking Quest,,65637,0,0,-1,0,0,0,0,0,0,0,0,0,0,0,0,0,0,3,36701184,128,8,0,0,0,-1,-1
91649,Tracking Quest,,65638,0,0,-1,0,0,0,0,0,0,0,0,0,0,0,0,0,0,3,36701184,128,8,0,0,0,-1,-1
91686,Tracking Quest,,65675,0,0,-1,0,0,0,0,0,0,0,0,0,0,0,0,0,0,3,36701184,128,8,0,0,0,-1,-1
91687,Tracking Quest,,65676,0,0,-1,0,0,0,0,0,0,0,0,0,0,0,0,0,0,3,36701184,128,8,0,0,0,-1,-1
91699,Tracking Quest,,65686,0,0,-1,0,0,0,0,0,0,0,0,0,0,0,0,0,0,3,36701184,0,8,0,0,0,-1,-1
91700,Тьма отступает,,65687,139380,0,-1,0,0,0,0,0,0,0,0,0,0,0,1,4311,0,2,40927240,8192,268435968,0,0,0,-1,-1
91726,Неудержимая сила,,65713,0,0,-1,0,0,0,0,0,0,0,0,0,0,0,0,3088,0,2,37748744,4,512,86829,0,0,-1,-1
91759,А вот этого не надо,,65742,142958,0,-1,0,0,0,0,0,0,0,0,0,0,49799,109,3098,0,3,37290240,0,512,0,0,0,-1,-1
91776,Громовой Молот на воле,,65757,142958,0,-1,0,0,0,0,0,0,0,0,0,0,49800,109,3098,0,3,41484544,0,512,0,0,0,-1,-1
91778,Темно и страшно,,65759,142958,0,-1,0,0,0,0,0,0,0,0,0,0,49801,109,3098,0,3,37290240,0,512,0,0,0,-1,-1
91779,Боевая подготовка сектантов,,65760,142958,0,-1,0,0,0,0,0,0,0,0,0,0,49802,109,3098,0,3,37290240,0,512,0,0,0,-1,-1
91785,Магия спор,,65766,139380,0,-1,0,0,0,0,0,0,0,0,0,0,48606,109,4567,0,3,41484544,0,0,0,0,0,-1,-1
91787,Конец путешествия,,65767,0,0,-1,0,0,0,0,0,0,0,0,0,0,0,0,3088,0,2,41025544,4202496,512,86903,0,0,-1,-1
91789,Апокрон,,65817,143176,0,-1,0,0,0,0,0,0,0,0,0,0,48873,144,335,0,3,37290304,0,268435456,0,0,0,-1,-1
91790,Бруталл,,65820,143176,0,-1,0,0,0,0,0,0,0,0,0,0,48872,144,335,0,3,37290304,0,268435456,0,0,0,-1,-1
91791,Малификус,,65819,143176,0,-1,0,0,0,0,0,0,0,0,0,0,48871,144,335,0,3,37290304,0,268435456,0,0,0,-1,-1
91792,Си'ваш,,65818,143176,0,-1,0,0,0,0,0,0,0,0,0,0,48870,144,335,0,3,37290304,0,268435456,0,0,0,-1,-1
91795,Прервать зов,,65771,142958,0,-1,0,0,0,0,0,0,0,0,0,0,0,284,3098,0,2,36732936,0,520,0,0,0,-1,-1
91796,Особое поручение: Снова наше!,,65772,139380,0,-1,0,0,0,0,0,0,0,0,0,0,48928,286,4568,0,3,41484544,8192,512,94866,0,0,-1,-1
91798,Рыбное блюдо дня,,65774,139380,0,-1,0,0,0,0,0,0,0,0,0,0,48930,109,4568,0,3,37290240,0,0,0,0,0,-1,-1
91799,Испытание полетом,,65775,139380,0,-1,0,0,0,0,0,0,0,0,0,0,48931,109,4568,0,3,37290240,8192,0,0,0,0,-1,-1
91800,Наследие в опасности,,65776,139380,0,-1,0,0,0,0,0,0,0,0,0,0,48932,109,4568,0,3,37290240,0,0,0,0,0,-1,-1
91801,Погибель Сумрака,,65777,139380,0,-1,0,0,0,0,0,0,0,0,0,0,48934,109,4568,0,3,37290240,0,0,0,0,0,-1,-1
91802,Лучший перекус – болотные жучки,,65778,139380,0,-1,0,0,0,0,0,0,0,0,0,0,48935,109,4568,0,3,37290240,0,0,0,0,0,-1,-1
91803,Болотная угроза,,65779,139380,0,-1,0,0,0,0,0,0,0,0,0,0,48936,109,4568,0,3,37290240,0,0,0,0,0,-1,-1
91804,Рыба на ужин,,65780,139380,0,-1,0,0,0,0,0,0,0,0,0,0,48937,109,4568,0,3,37290240,0,0,0,0,0,-1,-1
91805,Ветви в норах,,65781,139380,0,-1,0,0,0,0,0,0,0,0,0,0,48938,109,4568,0,3,37290240,0,0,0,0,0,-1,-1
91806,Охота на крупную дичь,,65782,139380,0,-1,0,0,0,0,0,0,0,0,0,0,48939,109,4568,0,3,37290240,0,0,0,0,0,-1,-1
91807,Ломая ветки,,65783,139380,0,-1,0,0,0,0,0,0,0,0,0,0,48940,109,4568,0,3,37290240,0,0,0,0,0,-1,-1
91808,Возвращение утраченных ресурсов,,65784,139380,0,-1,0,0,0,0,0,0,0,0,0,238962,48926,109,4568,0,3,41484544,0,0,0,0,0,-1,-1
91809,Морские гонки,,65785,139380,0,-1,0,0,0,0,0,0,0,0,0,0,48941,109,4568,0,3,37290240,0,0,0,0,0,-1,-1
91810,Закуска из вепря со жгучим угрем,,65786,139380,0,-1,0,0,0,0,0,0,0,0,0,0,48942,109,4568,0,3,41484544,0,0,0,0,0,-1,-1
91811,Опаленное зеркало,,65787,139380,0,-1,0,0,0,0,0,0,0,0,0,0,48943,109,4568,0,3,41484544,0,0,0,0,0,-1,-1
91841,Tracking Quest,,65821,0,0,-1,0,0,0,0,0,0,0,0,0,0,0,0,3322,0,3,36701184,0,8,0,0,0,-1,-1
91844,Повышение в бесконечных исследованиях: почетный хронолог,,65824,143302,0,-1,0,0,0,0,0,0,0,0,0,0,0,0,3426,0,0,36700160,128,520,91613,0,0,-1,-1
91845,Повышение в бесконечных исследованиях: старший исполнительный хронолог,,65825,143303,0,-1,0,0,0,0,0,0,0,0,0,0,0,0,3426,0,0,36700160,128,520,91844,0,0,-1,-1
91846,Повышение в бесконечных исследованиях: главный хронолог-исследователь,,65826,143304,0,-1,0,0,0,0,0,0,0,0,0,0,0,0,3426,0,0,36700160,128,520,91845,0,0,-1,-1
91847,Бесконечные исследования,,0,143305,0,-1,0,0,0,0,0,0,0,0,0,0,0,284,3382,0,3,104333312,0,4203016,0,0,0,-1,-1
91848,Бесконечные исследования,,0,143306,0,-1,0,0,0,0,0,0,0,0,0,0,0,284,3382,0,3,104333312,0,4203016,0,0,0,-1,-1
91849,Бесконечные исследования,,0,143307,0,-1,0,0,0,0,0,0,0,0,0,0,0,284,3382,0,3,104333312,0,4203016,0,0,0,-1,-1
91927,Изгнание слизи,,65884,139380,0,-1,0,0,0,0,0,0,0,0,0,0,48607,109,4567,0,3,41484544,0,0,0,0,0,-1,-1
91928,Что на обед?,,65885,147656,0,-1,131073,0,0,0,0,0,0,0,0,0,0,0,4311,0,2,39846144,8192,268435968,54781,91931,0,-1,-1
91929,Что на обед?,,65886,147656,0,-1,131073,0,0,0,0,0,0,0,0,0,0,0,4311,0,2,39846144,8192,268435968,91928,91931,0,-1,-1
91930,Земли Изобилия,,65887,139380,0,-1,0,0,0,0,0,0,0,0,0,0,0,0,7443,0,2,40894472,0,520,0,0,0,-1,-1
91932,Пробуждение Изобилия,,65889,140165,0,-1,0,0,0,0,0,0,0,0,0,0,0,0,7443,0,2,40894472,8192,520,91930,0,0,-1,-1
91933,Ужас Изобилия,,65890,140165,0,-1,0,0,0,0,0,0,0,0,0,252608,0,0,7443,0,2,36700168,0,520,91932,0,0,-1,-1
91937,Портреты в долине,,65893,139380,0,-1,0,0,0,0,0,0,0,0,0,0,49009,109,4567,0,3,40435968,8192,512,0,0,0,-1,-1
91966,Званый ужин у Салтерила,,65925,0,0,-1,0,0,0,0,0,0,0,0,0,0,0,0,3321,0,3,37294080,0,0,89290,0,0,-1,-1
91970,РАЗЫСКИВАЕТСЯ: Желатоний,,65929,148400,0,-1,0,0,0,0,0,0,0,0,0,0,49077,1,5915,0,2,40894472,8192,268435968,0,0,0,-1,-1
91980,РАЗЫСКИВАЕТСЯ: Шип Геллеборы,,65939,148400,0,-1,0,0,0,0,0,0,0,0,0,0,49078,1,5915,0,2,40894472,8192,268435968,0,0,0,-1,-1
91981,Яд и лекарство,,65940,139380,0,-1,0,0,0,0,0,0,0,0,0,0,48608,109,4567,0,3,37290240,0,0,0,0,0,-1,-1
91982,РАЗЫСКИВАЮТСЯ: Лепестки Жаботени,,65941,148400,0,-1,0,0,0,0,0,0,0,0,0,0,49079,1,5915,0,2,40894472,8192,268435968,0,0,0,-1,-1
91998,РАЗЫСКИВАЮТСЯ: удушающие лозы Гнилетопи,,65957,148400,0,-1,0,0,0,0,0,0,0,0,0,0,49080,1,5915,0,2,40894472,8192,268435968,0,0,0,-1,-1
92012,РАЗЫСКИВАЮТСЯ: клешни Кровошипа,,65971,148400,0,-1,0,0,0,0,0,0,0,0,0,0,49082,1,5915,0,2,40894472,8192,268435968,0,0,0,-1,-1
92013,РАЗЫСКИВАЮТСЯ: шипоклыки Дионеи,,65972,148400,0,-1,0,0,0,0,0,0,0,0,0,0,49083,1,5915,0,2,40894472,8192,268435968,0,0,0,-1,-1
92018,x.x Тест (YGR),,65977,0,0,-1,0,0,0,0,0,0,0,0,0,0,0,286,3008,0,3,41484288,8192,0,0,0,0,-1,-1
92034,Торм'белан,,65990,139380,0,-1,0,0,0,0,0,0,0,0,0,0,49063,289,4907,0,3,41484608,8192,520,0,0,0,-1,-1
92062,Обработка корней,,66018,139380,0,-1,0,0,0,0,0,0,0,0,0,0,48609,109,4567,0,3,41484544,8192,512,0,0,0,-1,-1
92063,Особое поручение: сожаления охотника,,66019,155068,0,-1,0,0,0,0,0,0,0,0,0,0,48623,286,4567,0,3,41484544,8192,512,94390,0,0,-1,-1
92085,"Когти, закон и порядок",,66040,153758,0,-1,0,0,0,0,0,0,0,0,0,0,49065,109,4567,0,3,41484544,8192,512,0,0,0,-1,-1
92086,Вкус согласия,,66041,139380,0,-1,0,0,0,0,0,0,0,0,0,0,49066,109,4567,0,3,41484544,8192,512,0,0,0,-1,-1
92105,Предъявите документы!,,66060,139380,0,-1,0,0,0,0,0,0,0,0,0,0,49345,109,4569,0,3,40435968,8192,0,0,0,0,-1,-1
92119,Горящий горечник,,66071,139380,0,-1,0,0,0,0,0,0,0,0,0,0,48610,109,4567,0,3,40435968,8192,512,0,0,0,-1,-1
92120,Искусство понимания магии,,66072,139380,0,-1,0,0,0,0,0,0,0,0,0,0,49842,109,4569,0,3,40435968,8192,0,0,0,0,-1,-1
92121,Роскошные виды,,66073,139380,0,-1,0,0,0,0,0,0,0,0,0,0,49574,109,4569,0,3,40435968,8192,0,0,0,0,-1,-1
92122,Под солнечными парусами,,66074,139380,0,-1,0,0,0,0,0,0,0,0,0,0,49112,109,4569,0,3,40435968,8192,512,0,0,0,-1,-1
92123,Камнеельник,,66075,161685,0,-1,0,0,0,0,0,0,0,0,0,0,49114,289,4281,0,3,37290304,0,8,0,0,0,-1,-1
92136,Вселение надежды,,66119,0,0,-1,1,0,0,0,0,0,0,0,61800,0,0,0,3088,0,2,57671688,4202496,512,86843,86844,0,-1,-1
92138,Мобилизация! Призыв! Вербовка!,,66121,139380,0,-1,0,0,0,0,0,0,0,0,0,0,49157,109,4569,0,3,41615616,8192,512,0,0,0,-1,-1
92139,Особое поручение: Тень и коготь,,66122,155068,0,-1,0,0,0,0,0,0,0,0,0,0,49123,286,4569,0,3,41484544,8192,512,95435,0,0,-1,-1
92140,Выкорчевывание,,66123,139380,0,-1,0,0,0,0,0,0,0,0,0,0,49121,109,4569,0,3,41484544,8192,0,0,0,0,-1,-1
92141,Привычные угрозы,,66124,139380,0,-1,0,0,0,0,0,0,0,0,0,0,49122,109,4569,0,3,41484544,8192,0,0,0,0,-1,-1
92143,Чародейское перераспределение,,66126,139380,0,-1,0,0,0,0,0,0,0,0,0,269606,49209,109,4569,0,3,41484544,8192,0,0,0,0,-1,-1
92144,"Скажем ""нет"" скваттерам",,66127,139380,0,-1,0,0,0,0,0,0,0,0,0,0,49278,109,4569,0,3,41484544,8192,0,0,0,0,-1,-1
92145,Особое задание: напиток верховного магистра,,66128,155068,0,-1,0,0,0,0,0,0,0,0,0,0,49636,286,4569,0,3,41484544,8192,512,92848,0,0,-1,-1
92146,Зона сдерживания,,66129,139380,0,-1,0,0,0,0,0,0,0,0,0,0,49342,109,4569,0,3,41484544,8192,0,0,0,0,-1,-1
92149,Смерть Сумеречному культу!,,66132,139380,0,-1,0,0,0,0,0,0,0,0,0,0,49124,111,4569,0,3,41484544,8192,0,0,0,0,-1,-1
92150,Как ветер через Легкий Ветерок,,66133,153037,0,-1,0,0,0,0,0,0,0,0,0,0,49125,109,4569,0,3,41484544,8192,0,0,0,0,-1,-1
92152,Битва с цветением,,66135,139380,0,-1,0,0,0,0,0,0,0,0,0,0,49127,109,4569,0,3,41484544,8192,0,0,0,0,-1,-1
92153,Сумеречная луна,,66136,139380,0,-1,0,0,0,0,0,0,0,0,0,0,49128,109,4569,0,3,41484544,8192,0,0,0,0,-1,-1
92160,Неразбериха с детенышами,,66143,139380,0,-1,0,0,0,0,0,0,0,0,0,0,49129,109,4569,0,3,41484544,8192,0,0,0,0,-1,-1
92162,Изысканные бульбожаблики,,66145,152897,0,-1,0,0,0,0,0,0,0,0,0,0,48625,109,4569,0,3,41484544,0,0,0,0,0,-1,-1
92184,Объездка бульбожабликов,,66167,139380,0,-1,0,0,0,0,0,0,0,0,0,0,48616,109,4567,0,3,40435968,8192,512,0,0,0,-1,-1
92195,Спускайтесь вниз,,66179,139380,0,-1,0,0,0,0,0,0,0,0,0,0,49224,109,4569,0,3,41484544,8192,512,0,0,0,-1,-1
92364,Помощь солнца,,66338,139380,0,-1,0,0,0,0,0,0,0,0,0,250854,49253,109,4569,0,3,41484544,8192,512,0,0,0,-1,-1
92365,Строительство укреплений,,66339,139380,0,-1,0,0,0,0,0,0,0,0,0,0,0,0,4311,0,2,40894472,8192,268435968,0,0,0,-1,-1
92407,Норка,,66379,139380,0,-1,0,0,0,0,0,0,0,0,0,251284,50661,0,4311,0,2,40894472,8192,268435968,0,0,0,-1,-1
92447,Глубинные ныряльщики,,0,144909,0,-1,0,0,0,0,0,0,0,0,0,0,0,0,3321,0,3,36765768,0,8704,0,0,0,-1,-1
92546,Крадущиеся хищники,,66504,139380,0,-1,0,0,0,0,0,0,0,0,0,0,49452,109,3321,0,3,37290240,0,0,0,0,0,-1,-1
92549,Бездна в небесах,,66506,139380,0,-1,0,0,0,0,0,0,0,0,0,0,49454,109,3321,0,3,37290240,0,0,0,0,0,-1,-1
92555,Поклонение огню,Поклонитесь костру в Транквиллионе в лесах Вечной Песни.,66512,9484,0,-1,0,0,0,0,0,0,0,0,0,0,0,0,394,0,2,2097152,0,520,0,0,0,-1,-1
92556,Поклонение огню,Поклонитесь костру в Луносвете.,66513,9484,0,-1,0,0,0,0,0,0,0,0,0,0,0,0,394,0,2,2097152,0,520,0,0,0,-1,-1
92557,Поклонение огню,Поклонитесь костру в Зул'Амане.,66514,9484,0,-1,0,0,0,0,0,0,0,0,0,0,0,0,394,0,2,2097152,0,520,0,0,0,-1,-1
92558,Поклонение огню,Поклонитесь костру в Буре Бездны.,66515,9484,0,-1,0,0,0,0,0,0,0,0,0,0,0,0,394,0,2,2097152,0,520,0,0,0,-1,-1
92559,Поклонение огню,Поклонитесь костру в Харандаре.,66516,9484,0,-1,0,0,0,0,0,0,0,0,0,0,0,0,394,0,2,2097152,0,520,0,0,0,-1,-1
92560,Лу'ашал,,66517,139379,0,-1,0,0,0,0,0,0,0,0,0,0,49484,289,4907,0,3,37290304,0,8,0,0,0,-1,-1
92566,Армии Тьмы,,66522,139380,0,-1,0,0,0,0,0,0,0,0,0,0,49529,109,3321,0,3,37290240,0,0,0,0,0,-1321907123,1427461461
92571,Армии Тьмы,,66524,139380,0,-1,0,0,0,0,0,0,0,0,0,0,49529,109,3321,0,3,37290240,0,0,0,0,0,1309324210,-1440044374
92576,Подчинение доманаара,,66528,139380,0,-1,0,0,0,0,0,0,0,0,0,0,49537,109,3321,0,3,37290240,0,0,0,0,0,-1,-1
92582,Обработка корней,,66534,139380,0,-1,0,0,0,0,0,0,0,0,0,0,48612,109,4567,0,3,37290240,0,0,0,0,0,-1,-1
92583,Грибоцид,,66535,139380,0,-1,0,0,0,0,0,0,0,0,0,0,48622,109,4567,0,3,37290240,8192,0,0,0,0,-1,-1
92636,Предаксас,,66598,139380,0,-1,0,0,0,0,0,0,0,0,0,0,49633,289,4907,0,3,41484608,8192,520,0,0,0,-1,-1
92641,Окровавленные равнины,,66603,145914,0,-1,0,0,0,0,0,0,0,0,0,0,0,0,3084,0,3,37289984,0,0,0,0,0,-1,-1
92714,Tracking Quest,,66674,0,0,-1,0,0,0,0,0,0,0,0,0,0,0,0,3322,0,3,36701184,128,8,0,0,0,-1,-1
92715,Только по приглашениям?,,66675,152747,0,-1,0,0,0,0,0,0,0,0,66697,0,20689,0,623,0,2,36700160,0,512,0,0,0,1309324210,-1440044374
92731,Искусство агрессии,,66688,146118,0,-1,0,0,0,0,0,0,0,0,0,0,49592,109,3321,0,3,40435968,0,0,0,0,0,-1,-1
92746,Искажения на полях Бури,,66703,139380,0,-1,0,0,0,0,0,0,0,0,0,0,49604,109,3321,0,3,40435968,0,0,0,0,0,-1,-1
92845,Только по приглашениям?,,66793,152747,0,-1,0,0,0,0,0,0,0,0,66799,0,20689,0,623,0,2,36700160,0,512,0,0,0,-1321907123,1427461461
92945,Сила страдания,,66888,0,0,-1,0,0,0,0,0,0,0,0,0,0,0,0,3321,0,2,36700160,4194304,520,92926,0,0,-1,-1
92954,Пещеры Маисара: повелитель душ,,66897,0,0,-1,1,0,0,0,0,0,0,0,0,0,0,81,5071,0,2,40894472,4202496,512,92953,92951,0,-1,-1
93013,Особое поручение: оттеснение Света,,66956,155068,0,-1,0,0,0,0,0,0,0,0,0,0,49834,286,4567,0,3,41484544,8192,512,94391,0,0,-1,-1
93046,Вещи в гнездах,,66980,139380,0,-1,0,0,0,0,0,0,0,0,0,0,49864,109,4567,0,3,41484544,8192,512,0,0,0,-1,-1
93047,Основы разделки,,66981,146358,0,-1,0,0,0,0,0,0,0,0,0,0,0,0,3086,0,2,36700168,0,512,0,0,0,-1,-1
93048,Нет чувства ритма,,66982,146358,0,-1,0,0,0,0,0,0,0,0,0,0,0,0,3086,0,2,40894472,8192,512,0,0,0,-1,-1
93049,Помощь с уроками,,66983,146358,0,-1,0,0,0,0,0,0,0,0,0,0,0,0,3086,0,2,36700168,0,512,0,0,0,-1,-1
93050,История алтарей,,66984,146345,0,-1,0,0,0,0,0,0,0,0,0,267005,0,0,3086,0,2,40894472,0,512,0,0,0,-1,-1
93051,Последний экзамен,,66985,146358,0,-1,0,0,0,0,0,0,0,0,0,0,0,0,3086,0,2,36700168,0,512,0,0,0,-1,-1
93053,Зачистка гнезда,,66986,152895,0,-1,0,0,0,0,0,0,0,0,0,0,49861,109,4567,0,3,41484544,8192,512,0,0,0,-1,-1
93067,Tracking Quest,,66998,0,0,-1,0,0,0,0,0,0,0,0,0,0,0,0,3322,0,3,36701184,128,8,0,0,0,-1,-1
93071,Глубокое гниение,,66999,139380,0,-1,0,0,0,0,0,0,0,0,0,0,48614,109,4567,0,3,41484544,8192,512,0,0,0,-1,-1
93130,Quest Tracking,,67057,0,0,-1,0,0,0,0,0,0,0,0,0,0,0,0,0,0,3,36701184,0,8,0,0,0,-1,-1
93144,Quest Tracking,,67071,0,0,-1,5,0,0,0,0,0,0,0,0,0,0,0,0,0,3,40895488,8192,8,93130,93145,93146,-1,-1
93145,Quest Tracking,,67072,0,0,-1,0,0,0,0,0,0,0,0,0,0,0,0,0,0,3,36701184,0,8,0,0,0,-1,-1
93146,Quest Tracking,,67073,0,0,-1,0,0,0,0,0,0,0,0,0,0,0,0,0,0,3,36701184,0,8,0,0,0,-1,-1
93244,Особое поручение: Агенты Щита,,67164,155068,0,-1,0,0,0,0,0,0,0,0,0,0,49606,286,3321,0,3,41615616,8192,512,94795,0,0,-1,-1
93397,Гложущий голод,,67269,139380,0,-1,0,0,0,0,0,0,0,0,0,0,49594,109,3321,0,3,41484544,8192,512,0,0,0,-1,-1
93423,Искры войны: леса Вечной Песни,,67293,147396,0,-1,0,0,0,0,0,0,0,0,0,0,49990,0,3313,0,2,35651592,2105344,776,0,0,0,-1,-1
93424,Искры войны: Зул'Аман,,67294,147396,0,-1,0,0,0,0,0,0,0,0,0,0,49991,0,3313,0,2,35651592,2105344,776,0,0,0,-1,-1
93425,Искры войны: Харандар,,67295,147396,0,-1,0,0,0,0,0,0,0,0,0,0,49992,0,3313,0,2,35651592,2105344,776,0,0,0,-1,-1
93426,Искры войны: Буря Бездны,,67296,147396,0,-1,0,0,0,0,0,0,0,0,0,0,49993,0,3313,0,2,35651592,2105344,776,0,0,0,-1,-1
93432,Топор войны,,67302,146345,0,-1,0,0,0,0,0,0,0,0,0,0,0,0,3086,0,2,40894472,8192,512,93440,0,0,-1,-1
93433,"Освящено, запечатано, доставлено",,67303,146345,0,-1,0,0,0,0,0,0,0,0,0,0,0,0,3086,0,2,40894472,8192,512,93440,0,0,-1,-1
93435,Четыре подстрекателя,,67304,0,0,-1,1,0,0,0,0,0,0,0,0,0,0,0,3086,0,2,40894472,8192,512,93432,93433,0,-1,-1
93436,"Невинным – чары, виновным – хаос",,67305,0,0,-1,1,0,0,0,0,0,0,0,0,259967,0,0,3086,0,2,40894472,8192,512,93432,93433,0,-1,-1
93437,Их же кровью,,67306,146345,0,-1,1,0,0,0,0,0,0,0,0,0,0,0,3086,0,2,40894472,8192,512,93435,93436,0,-1,-1
93438,Особое поручение: точное отсечение,,67307,155068,0,-1,0,0,0,0,0,0,0,0,0,0,49593,286,3321,0,3,41484544,8192,512,94743,0,0,-1,-1
93440,Личная история,,67309,146345,0,-1,0,0,0,0,0,0,0,0,67302,0,0,0,3086,0,2,40894472,8192,512,0,0,0,-1,-1
93470,Tracking Quest,,67338,0,0,-1,0,0,0,0,0,0,0,0,0,0,0,0,0,0,3,36701184,128,8,0,0,0,-1,-1
93471,Tracking Quest,,67339,0,0,-1,0,0,0,0,0,0,0,0,0,0,0,0,0,0,3,36701184,128,8,0,0,0,-1,-1
93472,Tracking Quest,,67340,0,0,-1,0,0,0,0,0,0,0,0,0,0,0,0,0,0,3,36701184,128,8,0,0,0,-1,-1
93473,Tracking Quest,,67341,0,0,-1,0,0,0,0,0,0,0,0,0,0,0,0,0,0,3,36701184,128,8,0,0,0,-1,-1
93474,Tracking Quest,,67342,0,0,-1,0,0,0,0,0,0,0,0,0,0,0,0,0,0,3,36701184,128,8,0,0,0,-1,-1
93475,Tracking Quest,,67343,0,0,-1,0,0,0,0,0,0,0,0,0,0,0,0,0,0,3,36701184,128,8,0,0,0,-1,-1
93476,Tracking Quest,,67344,0,0,-1,0,0,0,0,0,0,0,0,0,0,0,0,0,0,3,36701184,128,8,0,0,0,-1,-1
93478,Tracking Quest,,67346,0,0,-1,0,0,0,0,0,0,0,0,0,0,0,0,0,0,3,36701184,128,8,0,0,0,-1,-1
93479,Tracking Quest,,67347,0,0,-1,0,0,0,0,0,0,0,0,0,0,0,0,0,0,3,36701184,128,8,0,0,0,-1,-1
93480,Tracking Quest,,67348,0,0,-1,0,0,0,0,0,0,0,0,0,0,0,0,0,0,3,36701184,128,8,0,0,0,-1,-1
93481,Tracking Quest,,67349,0,0,-1,0,0,0,0,0,0,0,0,0,0,0,0,0,0,3,36701184,128,8,0,0,0,-1,-1
93482,Tracking Quest,,67350,0,0,-1,0,0,0,0,0,0,0,0,0,0,0,0,0,0,3,36701184,128,8,0,0,0,-1,-1
93483,Tracking Quest,,67351,0,0,-1,0,0,0,0,0,0,0,0,0,0,0,0,0,0,3,36701184,128,8,0,0,0,-1,-1
93484,Tracking Quest,,67352,0,0,-1,0,0,0,0,0,0,0,0,0,0,0,0,0,0,3,36701184,128,8,0,0,0,-1,-1
93485,Tracking Quest,,67353,0,0,-1,0,0,0,0,0,0,0,0,0,0,0,0,0,0,3,36701184,128,8,0,0,0,-1,-1
93486,Tracking Quest,,67354,0,0,-1,0,0,0,0,0,0,0,0,0,0,0,0,0,0,3,36701184,128,8,0,0,0,-1,-1
93487,Tracking Quest,,67355,0,0,-1,0,0,0,0,0,0,0,0,0,0,0,0,0,0,3,36701184,128,8,0,0,0,-1,-1
93488,Tracking Quest,,67356,0,0,-1,0,0,0,0,0,0,0,0,0,0,0,0,0,0,3,36701184,128,8,0,0,0,-1,-1
93489,Tracking Quest,,67357,0,0,-1,0,0,0,0,0,0,0,0,0,0,0,0,0,0,3,36701184,128,8,0,0,0,-1,-1
93490,Tracking Quest,,67358,0,0,-1,0,0,0,0,0,0,0,0,0,0,0,0,0,0,3,36701184,128,8,0,0,0,-1,-1
93491,Tracking Quest,,67359,0,0,-1,0,0,0,0,0,0,0,0,0,0,0,0,0,0,3,36701184,128,8,0,0,0,-1,-1
93501,Начало сезона: Midnight,,67369,142972,0,-1,0,0,0,0,0,0,0,0,0,0,0,0,3313,0,2,40894472,0,512,90806,0,0,-1,-1
93507,Помехи Бездне,,67375,139380,0,-1,0,0,0,0,0,0,0,0,0,0,49597,109,4311,0,3,3735808,0,0,0,0,0,-1,-1
93511,Пропавший участник,,67379,0,0,-1,0,0,0,0,0,0,0,0,0,0,0,0,3313,0,2,573571080,0,512,93501,0,0,-1,-1
93517,Потусторонние разведданные,,67383,139380,0,-1,0,0,0,0,0,0,0,0,0,0,49598,109,3321,0,3,37290240,0,0,0,0,0,-1,-1
93524,Заход на цель,,67388,139380,0,-1,0,0,0,0,0,0,0,0,0,0,49607,109,3321,0,3,37290240,0,0,0,0,0,-1,-1
93525,Обнуление Нуллэя,,67389,0,0,-1,0,0,0,0,0,0,0,0,0,0,0,0,3313,0,2,36700168,0,512,93511,0,0,-1,-1
93554,Tracking Quest,,67418,0,0,-1,0,0,0,0,0,0,0,0,0,0,0,0,0,0,3,36701184,128,8,0,0,0,-1,-1
93556,Tracking Quest,,67420,0,0,-1,0,0,0,0,0,0,0,0,0,0,0,0,0,0,3,36701184,128,8,0,0,0,-1,-1
93557,Tracking Quest,,67421,0,0,-1,0,0,0,0,0,0,0,0,0,0,0,0,0,0,3,36701184,128,8,0,0,0,-1,-1
93558,Tracking Quest,,67422,0,0,-1,0,0,0,0,0,0,0,0,0,0,0,0,0,0,3,36701184,128,8,0,0,0,-1,-1
93559,Tracking Quest,,67423,0,0,-1,0,0,0,0,0,0,0,0,0,0,0,0,0,0,3,36701184,128,8,0,0,0,-1,-1
93569,Экзалижар,,67432,0,0,-1,0,0,0,0,0,0,0,0,0,0,0,265,3321,0,3,3735552,8192,8,0,0,0,-1,-1
93571,Рассеяние теней,,67434,139380,0,-1,0,0,0,0,0,0,0,0,0,0,49599,109,3321,0,3,41484544,8192,512,0,0,0,-1,-1
93573,Расшифровка тьмы,,67436,139380,0,-1,0,0,0,0,0,0,0,0,0,0,49602,109,3321,0,3,41484544,8192,512,0,0,0,-1,-1
93575,Пещеры Маисара: Голодные пещеры,,67438,146360,0,-1,0,0,0,0,0,0,0,0,0,0,0,81,3086,0,2,36700424,0,512,0,0,0,-1,-1
93577,Плененный инстинкт,,67440,139380,0,-1,0,0,0,0,0,0,0,0,0,0,49603,109,3321,0,3,40435968,8192,512,0,0,0,-1,-1
93578,"Там, где собираются тени",,67441,139380,0,-1,0,0,0,0,0,0,0,0,0,0,49601,109,3321,0,3,41484544,8192,512,0,0,0,-1,-1
93579,Путь очищения,,67442,139380,0,-1,0,0,0,0,0,0,0,0,0,0,49600,109,3321,0,3,41484544,8192,512,0,0,0,-1,-1
93593,Призыв к бою,,67455,34190,0,-1,0,0,0,0,0,0,0,0,0,0,0,0,4240,0,2,35684424,8388608,514,0,0,0,-1,-1
93595,Зов вылазок,,67457,127918,0,-1,0,0,0,0,0,0,0,0,0,0,0,0,4240,0,2,35684360,0,514,90806,0,0,-1,-1
93598,$gПосланник:Посланница; войны,,67458,65125,0,-1,0,0,0,0,0,0,0,0,0,0,0,81,4240,0,2,35684360,0,514,0,0,0,-1,-1
93599,Лучшие из лучших,,67459,34192,0,-1,0,0,0,0,0,0,0,0,0,0,0,0,4240,0,2,35684424,2176,514,0,0,0,-1,-1
93600,Зов арены,,67460,34193,0,-1,0,0,0,0,0,0,0,0,0,0,0,0,4240,0,2,35684424,8388608,512,0,0,0,-1,-1
93605,Мир ждет,,67465,44419,0,-1,0,0,0,0,0,0,0,0,0,0,0,0,4240,0,2,35684360,0,514,90806,0,0,-1,-1
93648,Дрязги с дряздинами,,67506,152763,0,-1,0,0,0,0,0,0,0,0,0,0,51041,109,5381,0,3,41484288,8192,0,0,0,0,-1,-1
93649,Живительная желчь,,67507,152763,0,-1,0,0,0,0,0,0,0,0,0,0,51032,109,5381,0,3,41484544,8192,0,0,0,0,-1,-1
93651,Слепящая долина: корни светоцвета,,67509,148145,0,-1,0,0,0,0,0,0,0,0,0,0,0,81,3086,0,2,36700424,0,512,0,0,0,-1,-1
93664,Мерзкие рыбины,,67522,152763,0,-1,0,0,0,0,0,0,0,0,0,0,51036,109,5381,0,3,41484288,8192,512,0,0,0,-1,-1
93666,Возвращение к похлебке Проныры,,0,148200,0,-1,0,0,0,0,0,0,0,0,0,0,0,283,5381,0,3,41484288,8192,268435976,0,0,0,-1,-1
93669,Проклятие алчности,,67529,152763,0,-1,0,0,0,0,0,0,0,0,0,0,51046,109,5381,0,3,41484288,8192,0,0,0,0,-1,-1
93670,Как вам такие яблочки?,,67530,152763,0,-1,0,0,0,0,0,0,0,0,0,0,51049,109,5381,0,3,41484288,8192,0,0,0,0,-1,-1
93671,Как выжатая лягушка,,67531,152763,0,-1,0,0,0,0,0,0,0,0,0,0,51048,109,5381,0,3,41615360,8192,0,0,0,0,-1,-1
93672,Покой оружейникам,,67532,152763,0,-1,0,0,0,0,0,0,0,0,0,0,51034,109,5381,0,3,41484288,8192,0,0,0,0,-1,-1
93687,Познание истинной силы,,67544,148249,0,-1,0,0,0,0,0,0,0,0,0,0,0,0,3313,0,0,40894464,8320,512,0,0,0,-1,-1
93744,Единство против Бездны,,67601,149827,0,-1,0,0,0,0,0,0,0,0,0,0,50434,284,4240,0,3,104333312,0,4202496,0,0,0,-1,-1
93751,Шпили Ветрокрылых,,67608,149827,0,-1,0,0,0,0,0,0,0,0,0,0,50436,81,4240,0,2,36700424,0,520,0,0,0,-1,-1
93752,Закоулок душегубов,,67609,149827,0,-1,0,0,0,0,0,0,0,0,0,0,50437,81,4240,0,2,36700424,0,520,0,0,0,-1,-1
93753,Терраса Магистров,,67610,149827,0,-1,0,0,0,0,0,0,0,0,0,0,50438,81,4240,0,2,36700424,0,520,0,0,0,-1,-1
93754,Пещеры Маисара,,67611,149827,0,-1,0,0,0,0,0,0,0,0,0,0,50439,81,4240,0,2,36700424,0,520,0,0,0,-1,-1
93755,Берлога Налоракка,,67612,149827,0,-1,0,0,0,0,0,0,0,0,0,0,50440,81,4240,0,2,36700424,0,520,0,0,0,-1,-1
93756,Слепящая долина,,67613,149827,0,-1,0,0,0,0,0,0,0,0,0,0,50441,81,4240,0,2,36700424,0,520,0,0,0,-1,-1
93757,Арена Шрама Бездны,,67614,149827,0,-1,0,0,0,0,0,0,0,0,0,0,50442,81,4240,0,2,36700424,0,520,0,0,0,-1,-1
93758,Узел Нексуса Зенас,,67615,149827,0,-1,0,0,0,0,0,0,0,0,0,0,50443,81,4240,0,2,36700424,0,520,0,0,0,-1,-1
93792,Благословение лоа,,67646,150612,0,-1,0,0,0,0,0,0,0,0,0,0,0,0,3086,0,2,40894472,0,512,0,0,0,-1,-1
93829,Big Mon,,67680,0,0,-1,0,0,0,0,0,0,0,0,0,0,0,0,5381,0,3,34149632,0,8,0,0,0,-1,-1
93850,Шпили Ветрокрылых: Чарующие мелодии,,67700,153417,0,-1,0,0,0,0,0,0,0,0,0,0,0,81,3085,0,2,40894728,0,512,0,0,0,-1,-1
93884,Bilemaw the Gluttonous,,67733,0,0,-1,0,0,0,0,0,0,0,0,0,0,0,0,4284,0,3,34149632,0,8,0,0,0,-1,-1
93895,Ravengerus,,67737,0,0,-1,0,0,0,0,0,0,0,0,0,0,0,0,4281,0,3,34149632,0,8,0,0,0,-1,-1
93896,Far'thana the Mad,,67738,0,0,-1,0,0,0,0,0,0,0,0,0,0,0,0,4281,0,3,34149632,0,8,0,0,0,-1,-1
93904,Неподвластность притяжению,,67745,139380,0,-1,1,0,0,0,0,0,0,0,0,0,49596,109,3321,0,3,7930112,8192,512,0,0,0,-1,-1
93905,Текущая стагнация,,67746,139380,0,-1,0,0,0,0,0,0,0,0,0,0,49595,109,3321,0,3,41484544,8192,512,0,0,0,-1,-1
93934,Queen o' War,,67769,0,0,-1,0,0,0,0,0,0,0,0,0,0,0,0,4284,0,3,37295360,0,8,0,0,0,-1,-1
93944,Aeonelle Blackstar,,67779,0,0,-1,0,0,0,0,0,0,0,0,0,0,0,0,4284,0,3,34149632,0,8,0,0,0,-1,-1
93946,Bane of the Vilebloods,,67781,0,0,-1,0,0,0,0,0,0,0,0,0,0,0,0,4284,0,3,34149632,0,8,0,0,0,-1,-1
93947,Lotus Darkblossom,,67782,0,0,-1,0,0,0,0,0,0,0,0,0,0,0,0,4284,0,3,34149632,0,8,0,0,0,-1,-1
93953,Rakshur the Bonegrinder,,67788,0,0,-1,0,0,0,0,0,0,0,0,0,0,0,0,4284,0,3,34149632,0,8,0,0,0,-1,-1
93966,Screammaxa the Matriarch,,67797,0,0,-1,0,0,0,0,0,0,0,0,0,0,0,0,4284,0,3,34149632,0,8,0,0,0,-1,-1
94005,Звездный тайник,,67829,0,0,-1,0,0,0,0,0,0,0,0,0,0,0,265,3084,0,3,34144256,0,8,0,0,0,-1,-1
94210,Создание уюта,,67877,0,0,-1,0,0,0,0,0,0,0,0,0,0,0,282,4285,0,2,37224448,4194432,524808,91969,0,0,-1,-1
94361,Жизнь в Изобилии,,67878,140165,0,-1,0,0,0,0,0,0,0,0,0,0,0,0,7443,0,2,40894472,8192,520,91933,0,0,-1,-1
94379,Старый очаг,,67893,149690,0,-1,0,0,0,0,0,0,0,0,0,0,0,282,4285,0,2,36700160,4194432,524808,94210,0,0,-1,-1
94385,Натиски Бездны: леса Вечной Песни,,67899,149634,0,-1,0,0,0,0,0,0,0,0,0,0,49149,0,3321,0,2,36700424,0,512,0,0,0,-1,-1
94386,Натиски Бездны: Зул'Аман,,67900,154898,0,-1,0,0,0,0,0,0,0,0,0,0,49277,0,3321,0,2,36700424,0,512,0,0,0,-1,-1
94389,Tracking Quest,,67903,0,0,-1,0,0,0,0,0,0,0,0,0,0,0,0,0,0,3,36701184,0,8,0,0,0,-1,-1
94394,Tracking Quest,,67908,0,0,-1,0,0,0,0,0,0,0,0,0,0,0,0,0,0,3,36701184,0,8,0,0,0,-1,-1
94395,Tracking Quest,,67909,0,0,-1,0,0,0,0,0,0,0,0,0,0,0,0,0,0,3,36701184,0,8,0,0,0,-1,-1
94397,Tracking Quest,,67911,0,0,-1,0,0,0,0,0,0,0,0,0,0,0,0,0,0,3,36701184,0,8,0,0,0,-1,-1
94398,Tracking Quest,,67912,0,0,-1,0,0,0,0,0,0,0,0,0,0,0,0,0,0,3,36701184,0,8,0,0,0,-1,-1
94417,Гербы зари,,67927,142396,0,-1,0,0,0,0,0,0,0,0,0,0,0,0,3313,0,2,40894792,0,520,94430,0,0,-1,-1
94418,Превращение гербов,,67928,142396,0,-1,0,0,0,0,0,0,0,0,0,0,0,0,3313,0,2,40894792,0,520,94432,0,0,-1,-1
94425,Обескровливание шпиля,,67935,150739,0,-1,0,0,0,0,0,0,0,0,0,0,49605,111,3321,0,3,41484544,8192,0,0,0,0,-1,-1
94430,Походное снаряжение,,67941,142396,0,-1,0,0,0,0,0,0,0,0,0,0,0,0,3313,0,2,40894728,0,520,0,0,0,-1,-1
94432,Снаряжение ветерана,,67943,142396,0,-1,0,0,0,0,0,0,0,0,0,0,0,0,3313,0,2,40894728,0,520,94417,0,0,-1,-1
94444,Выбор пути,,67955,149832,0,-1,131073,0,0,0,0,0,0,0,0,0,0,0,863,0,2,40894472,8192,520,90961,94445,0,524288,0
94445,Выбор пути,,67956,149833,0,-1,131073,0,0,0,0,0,0,0,0,0,0,0,863,0,2,40894472,8192,520,90961,94444,0,1048576,0
94474,Великое хранилище,,67980,149994,0,-1,0,0,0,0,0,0,0,0,0,0,0,0,4240,0,2,37748736,8192,520,0,0,0,-1,-1
94506,Tracking Quest,,68007,0,0,-1,0,0,0,0,0,0,0,0,0,0,0,0,2860,0,3,34149376,128,8,0,0,0,-1,-1
94507,Tracking Quest,,68008,0,0,-1,0,0,0,0,0,0,0,0,0,0,0,0,2860,0,3,34149376,0,8,0,0,0,-1,-1
94508,Tracking Quest,,68009,0,0,-1,0,0,0,0,0,0,0,0,0,0,0,0,2860,0,3,34149376,0,8,0,0,0,-1,-1
94509,Tracking Quest,,68010,0,0,-1,0,0,0,0,0,0,0,0,0,0,0,0,2860,0,3,34149376,0,8,0,0,0,-1,-1
94510,Tracking Quest,,68011,0,0,-1,0,0,0,0,0,0,0,0,0,0,0,0,2860,0,3,34149376,0,8,0,0,0,-1,-1
94511,Tracking Quest,,68012,0,0,-1,0,0,0,0,0,0,0,0,0,0,0,0,2860,0,3,34149376,0,8,0,0,0,-1,-1
94512,Tracking Quest,,68013,0,0,-1,0,0,0,0,0,0,0,0,0,0,0,0,2860,0,3,34149376,0,8,0,0,0,-1,-1
94513,Tracking Quest,,68014,0,0,-1,0,0,0,0,0,0,0,0,0,0,0,0,2860,0,3,34149376,0,8,0,0,0,-1,-1
94514,Tracking Quest,,68015,0,0,-1,0,0,0,0,0,0,0,0,0,0,0,0,2860,0,3,34149376,0,8,0,0,0,-1,-1
94515,Tracking Quest,,68016,0,0,-1,0,0,0,0,0,0,0,0,0,0,0,0,2860,0,3,34149376,0,8,0,0,0,-1,-1
94516,Tracking Quest,,68017,0,0,-1,0,0,0,0,0,0,0,0,0,0,0,0,2860,0,3,34149376,0,8,0,0,0,-1,-1
94517,Tracking Quest,,68018,0,0,-1,0,0,0,0,0,0,0,0,0,0,0,0,2860,0,3,34149376,0,8,0,0,0,-1,-1
94518,Tracking Quest,,68019,0,0,-1,0,0,0,0,0,0,0,0,0,0,0,0,2860,0,3,34149376,0,8,0,0,0,-1,-1
94536,Tracking Quest,,68036,0,0,-1,0,0,0,0,0,0,0,0,0,0,0,0,0,0,3,33555464,128,8,0,0,0,-1,-1
94537,Tracking Quest,,68037,0,0,-1,0,0,0,0,0,0,0,0,0,0,0,0,0,0,3,33555464,128,8,0,0,0,-1,-1
94538,Tracking Quest,,68038,0,0,-1,0,0,0,0,0,0,0,0,0,0,0,0,0,0,3,33555464,128,8,0,0,0,-1,-1
94539,Tracking Quest,,68039,0,0,-1,0,0,0,0,0,0,0,0,0,0,0,0,0,0,3,33555464,128,8,0,0,0,-1,-1
94540,Tracking Quest,,68040,0,0,-1,0,0,0,0,0,0,0,0,0,0,0,0,0,0,3,33555464,128,8,0,0,0,-1,-1
94541,Tracking Quest,,68041,0,0,-1,0,0,0,0,0,0,0,0,0,0,0,0,0,0,3,33555464,128,8,0,0,0,-1,-1
94542,Tracking Quest,,68042,0,0,-1,0,0,0,0,0,0,0,0,0,0,0,0,0,0,3,33555464,128,8,0,0,0,-1,-1
94543,Tracking Quest,,68043,0,0,-1,0,0,0,0,0,0,0,0,0,0,0,0,0,0,3,33555464,128,8,0,0,0,-1,-1
94544,Tracking Quest,,68044,0,0,-1,0,0,0,0,0,0,0,0,0,0,0,0,0,0,3,33555464,128,8,0,0,0,-1,-1
94545,Tracking Quest,,68045,0,0,-1,0,0,0,0,0,0,0,0,0,0,0,0,0,0,3,33555464,128,8,0,0,0,-1,-1
94546,Tracking Quest,,68046,0,0,-1,0,0,0,0,0,0,0,0,0,0,0,0,0,0,3,33555464,128,8,0,0,0,-1,-1
94547,Tracking Quest,,68047,0,0,-1,0,0,0,0,0,0,0,0,0,0,0,0,0,0,3,33555464,128,8,0,0,0,-1,-1
94548,Tracking Quest,,68048,0,0,-1,0,0,0,0,0,0,0,0,0,0,0,0,0,0,3,33555464,128,8,0,0,0,-1,-1
94549,Tracking Quest,,68049,0,0,-1,0,0,0,0,0,0,0,0,0,0,0,0,0,0,3,33555464,128,8,0,0,0,-1,-1
94550,Tracking Quest,,68050,0,0,-1,0,0,0,0,0,0,0,0,0,0,0,0,0,0,3,33555464,128,8,0,0,0,-1,-1
94551,Tracking Quest,,68051,0,0,-1,0,0,0,0,0,0,0,0,0,0,0,0,0,0,3,33555464,128,8,0,0,0,-1,-1
94552,Tracking Quest,,68052,0,0,-1,0,0,0,0,0,0,0,0,0,0,0,0,0,0,3,33555464,128,8,0,0,0,-1,-1
94553,Tracking Quest,,68053,0,0,-1,0,0,0,0,0,0,0,0,0,0,0,0,0,0,3,33555464,128,8,0,0,0,-1,-1
94554,Tracking Quest,,68054,0,0,-1,0,0,0,0,0,0,0,0,0,0,0,0,0,0,3,33555464,128,8,0,0,0,-1,-1
94555,Tracking Quest,,68055,0,0,-1,0,0,0,0,0,0,0,0,0,0,0,0,0,0,3,33555464,128,8,0,0,0,-1,-1
94571,Пепел истории,,68069,152763,0,-1,0,0,0,0,0,0,0,0,0,0,51037,109,5381,0,3,41484288,8192,512,0,0,0,-1,-1
94572,Пророческие панцири,,68070,152763,0,-1,0,0,0,0,0,0,0,0,0,0,51038,109,5381,0,3,41484288,8192,512,0,0,0,-1,-1
94573,Ботинки в личинках,,68071,152763,0,-1,0,0,0,0,0,0,0,0,0,0,51039,109,5381,0,3,41484288,8192,512,0,0,0,-1,-1
94574,Кража яиц,,68072,152763,0,-1,0,0,0,0,0,0,0,0,0,0,51040,109,5381,0,3,41484288,8192,0,0,0,0,-1,-1
94575,Улиточная почта – мироцвет,,68073,150400,0,-1,0,0,0,0,0,0,0,0,0,0,0,82,4285,0,3,41484288,8192,8,0,0,0,-1,-1
94581,Не отступать,,68077,150460,0,-1,0,0,0,0,0,0,0,0,0,0,50546,109,4311,0,3,37814592,8256,520,0,0,0,-1,-1
94583,Улиточная почта – сребролист,,68079,150434,0,-1,0,0,0,0,0,0,0,0,0,0,0,82,4285,0,3,41484288,8192,8,0,0,0,-1,-1
94584,Улиточная почта – черный лотос,,68080,150435,0,-1,0,0,0,0,0,0,0,0,0,0,0,82,4285,0,3,41484288,8192,8,0,0,0,-1,-1
94585,Улиточная почта – зин'антария,,68081,150436,0,-1,0,0,0,0,0,0,0,0,0,0,0,82,4285,0,3,41484288,8192,8,0,0,0,-1,-1
94586,Улиточная почта – земляной корень и магороза,,68082,150437,0,-1,0,0,0,0,0,0,0,0,0,0,0,82,4285,0,3,41484288,8192,8,0,0,0,-1,-1
94587,Улиточная почта – тухлый шалфокунь,,68083,150438,0,-1,0,0,0,0,0,0,0,0,0,0,0,82,4285,0,3,41484288,8192,8,0,0,0,-1,-1
94588,Улиточная почта – свежевыстиранное белье,,68084,150439,0,-1,0,0,0,0,0,0,0,0,0,0,0,82,4285,0,3,41484288,8192,8,0,0,0,-1,-1
94589,Улиточная почта – цедра,,68085,150440,0,-1,0,0,0,0,0,0,0,0,0,0,0,82,4285,0,3,41484288,8192,8,0,0,0,-1,-1
94590,Улиточная почта – цитрусовые,,68086,150441,0,-1,0,0,0,0,0,0,0,0,0,0,0,82,4285,0,3,41484288,8192,8,0,0,0,-1,-1
94591,Улиточная почта – недавно задержанная,,68087,150442,0,-1,0,0,0,0,0,0,0,0,0,0,0,82,4285,0,3,41484288,8192,8,0,0,0,-1,-1
94592,Улиточная почта – печенье,,68088,150443,0,-1,0,0,0,0,0,0,0,0,0,0,0,82,4285,0,3,41484288,8192,8,0,0,0,-1,-1
94593,Улиточная почта – мята,,68089,150444,0,-1,0,0,0,0,0,0,0,0,0,0,0,82,4285,0,3,41484288,8192,8,0,0,0,-1,-1
94594,Улиточная почта – травы,,68090,150445,0,-1,0,0,0,0,0,0,0,0,0,0,0,82,4285,0,3,41484288,8192,8,0,0,0,-1,-1
94595,Улиточная почта – земля,,68091,150446,0,-1,0,0,0,0,0,0,0,0,0,0,0,82,4285,0,3,41484288,8192,8,0,0,0,-1,-1
94596,Улиточная почта – древесина,,68092,150447,0,-1,0,0,0,0,0,0,0,0,0,0,0,82,4285,0,3,41484288,8192,8,0,0,0,-1,-1
94597,Улиточная почта – мускус,,68093,150448,0,-1,0,0,0,0,0,0,0,0,0,0,0,82,4285,0,3,41484288,8192,8,0,0,0,-1,-1
94598,Улиточная почта – ваниль,,68094,150449,0,-1,0,0,0,0,0,0,0,0,0,0,0,82,4285,0,3,41484288,8192,8,0,0,0,-1,-1
94599,Улиточная почта – удавник,,68095,150450,0,-1,0,0,0,0,0,0,0,0,0,0,0,82,4285,0,3,41484288,8192,8,0,0,0,-1,-1
94600,Улиточная почта – тигровая лилия,,68096,150451,0,-1,0,0,0,0,0,0,0,0,0,0,0,82,4285,0,3,41484288,8192,8,0,0,0,-1,-1
94601,Улиточная почта – микоцвет,,68097,150452,0,-1,0,0,0,0,0,0,0,0,0,0,0,82,4285,0,3,41484288,8192,8,0,0,0,-1,-1
94602,Улиточная почта – пастушья сумка,,68098,150453,0,-1,0,0,0,0,0,0,0,0,0,0,0,82,4285,0,3,41484288,8192,8,0,0,0,-1,-1
94603,Улиточная почта – пузырчатый мак,,68099,150454,0,-1,0,0,0,0,0,0,0,0,0,0,0,82,4285,0,3,41484288,8192,8,0,0,0,-1,-1
94604,Улиточная почта – мокрая шерсть,,68100,150455,0,-1,0,0,0,0,0,0,0,0,0,0,0,82,4285,0,3,41484288,8192,8,0,0,0,-1,-1
94605,Улиточная почта – унавоженная почва,,68101,150456,0,-1,0,0,0,0,0,0,0,0,0,0,0,82,4285,0,3,41484288,8192,8,0,0,0,-1,-1
94606,Улиточная почта – пионы,,68102,150457,0,-1,0,0,0,0,0,0,0,0,0,0,0,82,4285,0,3,41484288,8192,8,0,0,0,-1,-1
94607,Улиточная почта – кафа,,68103,150458,0,-1,0,0,0,0,0,0,0,0,0,0,0,82,4285,0,3,41484288,8192,8,0,0,0,-1,-1
94611,Охотники и жертвы,,68107,152763,0,-1,0,0,0,0,0,0,0,0,0,0,51042,109,5381,0,3,41484288,8192,512,0,0,0,-1,-1
94612,Деликатес с клешнями,,68108,152763,0,-1,0,0,0,0,0,0,0,0,0,0,51035,109,5381,0,3,41484288,8192,0,0,0,0,-1,-1
94619,Coin-Eye Skully,,68112,0,0,-1,0,0,0,0,0,0,0,0,0,0,0,0,5381,0,3,33559552,0,8,0,0,0,-1,-1
94622,Работай на камеру,,68113,0,0,-1,0,0,0,0,0,0,0,0,0,0,22303,0,877,0,2,3145736,0,520,0,0,0,-1,-1
94623,Строительство горнила Бездны,,68114,156364,0,-1,0,0,0,0,0,0,0,0,0,0,0,282,6157,0,2,36700168,8322,520,0,0,0,-1,-1
94625,Стихийный сердечник Бездны,,0,150653,0,-1,131073,0,0,0,0,0,0,0,0,0,0,282,4240,0,2,36700168,0,520,94623,94675,0,-1,-1
94627,Tracking Quest,,68118,0,0,-1,0,0,0,0,0,0,0,0,0,0,0,0,0,0,3,36701184,0,8,0,0,0,-1,-1
94630,Работай на камеру,,68120,0,0,-1,0,0,0,0,0,0,0,0,0,0,22303,0,877,0,2,3145736,0,520,0,0,0,-1,-1
94631,Tracking Quest,,68121,0,0,-1,0,0,0,0,0,0,0,0,0,0,0,0,0,0,3,36701184,0,8,0,0,0,-1,-1
94632,Tracking Quest,,68122,0,0,-1,0,0,0,0,0,0,0,0,0,0,0,0,0,0,3,36701184,0,8,0,0,0,-1,-1
94633,Tracking Quest,,68123,0,0,-1,0,0,0,0,0,0,0,0,0,0,0,0,0,0,3,36701184,0,8,0,0,0,-1,-1
94635,Работай на камеру,,68125,0,0,-1,0,0,0,0,0,0,0,0,0,0,22303,0,877,0,2,3145736,0,520,0,0,0,-1,-1
94636,Работай на камеру,,68126,0,0,-1,0,0,0,0,0,0,0,0,0,0,22303,0,877,0,2,3145736,0,520,0,0,0,-1,-1
94637,Работай на камеру,,68127,0,0,-1,0,0,0,0,0,0,0,0,0,0,22303,0,877,0,2,3145736,0,520,0,0,0,-1,-1
94640,Улиточная почта – витая кора,,68130,150400,0,-1,0,0,0,0,0,0,0,0,0,0,0,82,4285,0,3,41484288,8192,8,0,0,0,-1,-1
94641,Улиточная почта – кедр,,68131,150434,0,-1,0,0,0,0,0,0,0,0,0,0,0,82,4285,0,3,41484288,8192,8,0,0,0,-1,-1
94642,Улиточная почта – огнелист,,68132,150435,0,-1,0,0,0,0,0,0,0,0,0,0,0,82,4285,0,3,41484288,8192,8,0,0,0,-1,-1
94643,Улиточная почта – жареная ветчина,,68133,150436,0,-1,0,0,0,0,0,0,0,0,0,0,0,82,4285,0,3,41484288,8192,8,0,0,0,-1,-1
94644,Улиточная почта – фьярнскаггл,,68134,150437,0,-1,0,0,0,0,0,0,0,0,0,0,0,82,4285,0,3,41484288,8192,8,0,0,0,-1,-1
94645,Улиточная почта – корица,,68135,150438,0,-1,0,0,0,0,0,0,0,0,0,0,0,82,4285,0,3,41484288,8192,8,0,0,0,-1,-1
94646,Улиточная почта – луковичка,,68136,150439,0,-1,0,0,0,0,0,0,0,0,0,0,0,82,4285,0,3,41484288,8192,8,0,0,0,-1,-1
94647,Улиточная почта – мускатный орех,,68137,150440,0,-1,0,0,0,0,0,0,0,0,0,0,0,82,4285,0,3,41484288,8192,8,0,0,0,-1,-1
94648,Улиточная почта – снолист,,68138,150441,0,-1,0,0,0,0,0,0,0,0,0,0,0,82,4285,0,3,41484288,8192,8,0,0,0,-1,-1
94649,Улиточная почта – недельный пот,,68139,150442,0,-1,0,0,0,0,0,0,0,0,0,0,0,82,4285,0,3,41484288,8192,8,0,0,0,-1,-1
94650,Улиточная почта – кокос,,68140,150443,0,-1,0,0,0,0,0,0,0,0,0,0,0,82,4285,0,3,41484288,8192,8,0,0,0,-1,-1
94651,Улиточная почта – мед,,68141,150444,0,-1,0,0,0,0,0,0,0,0,0,0,0,82,4285,0,3,41484288,8192,8,0,0,0,-1,-1
94652,Улиточная почта – прошедший дождь,,68142,150445,0,-1,0,0,0,0,0,0,0,0,0,0,0,82,4285,0,3,41484288,8192,8,0,0,0,-1,-1
94653,Улиточная почта – лисоцвет,,68143,150446,0,-1,0,0,0,0,0,0,0,0,0,0,0,82,4285,0,3,41484288,8192,8,0,0,0,-1,-1
94654,Улиточная почта – яблоко,,68144,150447,0,-1,0,0,0,0,0,0,0,0,0,0,0,82,4285,0,3,41484288,8192,8,0,0,0,-1,-1
94655,Улиточная почта – персик,,68145,150448,0,-1,0,0,0,0,0,0,0,0,0,0,0,82,4285,0,3,41484288,8192,8,0,0,0,-1,-1
94656,Улиточная почта – мыло,,68146,150449,0,-1,0,0,0,0,0,0,0,0,0,0,0,82,4285,0,3,41484288,8192,8,0,0,0,-1,-1
94657,Улиточная почта – мокрая плесень,,68147,150450,0,-1,0,0,0,0,0,0,0,0,0,0,0,82,4285,0,3,41484288,8192,8,0,0,0,-1,-1
94658,Улиточная почта – запах ветра,,68148,150451,0,-1,0,0,0,0,0,0,0,0,0,0,0,82,4285,0,3,41484288,8192,8,0,0,0,-1,-1
94659,Улиточная почта – нерубский самогон,,68149,150452,0,-1,0,0,0,0,0,0,0,0,0,0,0,82,4285,0,3,41484288,8192,8,0,0,0,-1,-1
94660,Улиточная почта – букет из грибов,,68150,150453,0,-1,0,0,0,0,0,0,0,0,0,0,0,82,4285,0,3,41484288,8192,8,0,0,0,-1,-1
94661,Улиточная почта – дробленый гранит,,68151,150454,0,-1,0,0,0,0,0,0,0,0,0,0,0,82,4285,0,3,41484288,8192,8,0,0,0,-1,-1
94662,Улиточная почта – карамель,,68152,150455,0,-1,0,0,0,0,0,0,0,0,0,0,0,82,4285,0,3,41484288,8192,8,0,0,0,-1,-1
94663,Улиточная почта – шоколад,,68153,150456,0,-1,0,0,0,0,0,0,0,0,0,0,0,82,4285,0,3,41484288,8192,8,0,0,0,-1,-1
94664,Улиточная почта – икра,,68154,150457,0,-1,0,0,0,0,0,0,0,0,0,0,0,82,4285,0,3,41484288,8192,8,0,0,0,-1,-1
94665,Улиточная почта – свежескошенная трава,,68155,150458,0,-1,0,0,0,0,0,0,0,0,0,0,0,82,4285,0,3,41484288,8192,8,0,0,0,-1,-1
94673,Tracking Quest,,68163,0,0,-1,0,0,0,0,0,0,0,0,0,0,0,0,0,0,3,36701184,0,8,0,0,0,-1,-1
94674,Tracking Quest,,68164,0,0,-1,0,0,0,0,0,0,0,0,0,0,0,0,0,0,3,36701184,0,8,0,0,0,-1,-1
94675,Горнило Бездны перековано,,68165,150728,0,-1,0,0,0,0,0,0,0,0,0,0,0,282,3320,0,0,36700160,128,520,0,0,0,-1,-1
94735,Работай на камеру,,68223,0,0,-1,0,0,0,0,0,0,0,0,0,0,22303,0,877,0,2,3145736,0,520,0,0,0,-1,-1
94736,Работай на камеру,,68224,0,0,-1,0,0,0,0,0,0,0,0,0,0,22303,0,877,0,2,3145736,0,520,0,0,0,-1,-1
94738,Работай на камеру,,68226,0,0,-1,0,0,0,0,0,0,0,0,0,0,22303,0,877,0,2,3145736,0,520,0,0,0,-1,-1
94790,Исследовательская консоль: изучение Бездны,,68265,139380,0,-1,0,0,0,0,0,0,0,0,0,0,0,0,3321,0,2,36732928,0,268436232,93970,0,0,-1,-1
94796,Больше проклятой рыбы,,68270,159911,0,-1,0,0,0,0,0,0,0,0,0,0,53590,0,5381,0,2,36700168,32768,512,0,0,0,-1,-1
94798,Жажда Ссак'мозек,,68272,159911,0,-1,0,0,0,0,0,0,0,0,0,0,53607,0,5381,0,2,36700168,32768,512,0,0,0,-1,-1
94800,Крошение крабов,,68274,159911,0,-1,0,0,0,0,0,0,0,0,0,0,53603,0,5381,0,2,36700168,32768,512,0,0,0,-1,-1
94802,Смерть от мертвецов,,68276,159911,0,-1,0,0,0,0,0,0,0,0,0,0,53605,0,5381,0,2,36700168,32768,512,0,0,0,-1,-1
94803,На гребне,,68277,159911,0,-1,0,0,0,0,0,0,0,0,0,0,53606,0,5381,0,2,36700168,32768,512,0,0,0,-1,-1
94804,Коллекция гнили,,68278,159911,0,-1,0,0,0,0,0,0,0,0,0,0,53589,0,5381,0,2,36700168,32768,512,0,0,0,-1,-1
94805,Не дадим добычу!,,68279,159911,0,-1,0,0,0,0,0,0,0,0,0,0,53602,0,5381,0,2,36700168,32768,512,0,0,0,-1,-1
94806,Мокрые и мерзкие,,68280,159911,0,-1,0,0,0,0,0,0,0,0,0,0,53604,0,5381,0,2,36700168,32768,512,0,0,0,-1,-1
94810,Tracking Quest - Local 17,,68282,0,0,-1,0,0,0,0,0,0,0,0,0,0,0,0,0,0,3,36701184,128,8,0,0,0,-1,-1
94815,HIDDEN QUEST - Special Assignment: The Grand Magister's Drink [DNT],,68284,0,0,-1,0,0,0,0,0,0,0,0,0,0,0,265,3321,0,3,37289984,0,8200,0,0,0,-1,-1
94856,Garsecg,,68304,0,0,-1,0,0,0,0,0,0,0,0,0,0,0,0,5381,0,3,34149632,0,8,0,0,0,-1,-1
94860,Nar'zira,,68308,0,0,-1,0,0,0,0,0,0,0,0,0,0,0,0,5381,0,3,34149632,0,8,0,0,0,-1,-1
94876,Крепкие спины,,68322,152763,0,-1,0,0,0,0,0,0,0,0,0,0,51047,109,5381,0,3,41484288,8192,0,0,0,0,-1,-1
94908,Tracking Quest,,68349,0,0,-1,0,0,0,0,0,0,0,0,0,0,0,0,0,0,3,36766728,0,8,0,0,0,-1,-1
94951,Tracking Quest,,68386,0,0,-1,0,0,0,0,0,0,0,0,0,0,0,0,0,0,3,36766728,0,8,0,0,0,-1,-1
94966,Tracking Quest,,68399,0,0,-1,0,0,0,0,0,0,0,0,0,0,0,0,0,0,3,36766728,0,8,0,0,0,-1,-1
94967,Закуски для Ки'клак,,68400,160569,0,-1,0,0,0,0,0,0,0,0,0,0,51043,109,5381,0,3,41484544,8192,1048576,0,0,0,-1,-1
94976,Tracking Quest,,68408,0,0,-1,0,0,0,0,0,0,0,0,0,0,0,0,0,0,3,36766728,0,8,0,0,0,-1,-1
94990,Tracking Quest,,68421,0,0,-1,0,0,0,0,0,0,0,0,0,0,0,0,0,0,3,36766728,0,8,0,0,0,-1,-1
94991,Tracking Quest,,68422,0,0,-1,0,0,0,0,0,0,0,0,0,0,0,0,0,0,3,36766728,0,8,0,0,0,-1,-1
94996,Взор мертвых,,68427,152763,0,-1,0,0,0,0,0,0,0,0,0,0,51033,109,5381,0,3,41484288,8192,0,0,0,0,-1,-1
95005,Tracking Quest,,68436,0,0,-1,0,0,0,0,0,0,0,0,0,0,0,0,0,0,3,40895488,0,8,0,0,0,-1,-1
95007,Tracking Quest,,68438,0,0,-1,0,0,0,0,0,0,0,0,0,0,0,0,0,0,3,36766728,0,8,0,0,0,-1,-1
95009,Праздничный забег,,68439,0,0,-1,0,0,0,0,0,0,0,0,0,0,50704,0,877,0,2,33554440,0,1536,0,0,0,1309324210,-1440044374
95045,Tracking Quest,,68465,0,0,-1,0,0,0,0,0,0,0,0,0,0,0,0,0,0,3,40895488,0,8,0,0,0,-1,-1
95046,Tracking Quest,,68466,0,0,-1,0,0,0,0,0,0,0,0,0,0,0,0,0,0,3,40895488,0,8,0,0,0,-1,-1
95054,Tracking Quest,,68473,0,0,-1,0,0,0,0,0,0,0,0,0,0,0,0,0,0,3,33621000,0,0,0,0,0,-1,-1
95091,Tracking Quest,,68493,0,0,-1,0,0,0,0,0,0,0,0,0,0,0,0,0,0,3,36701184,128,8,0,0,0,-1,-1
95114,Добыча: багровый зов,,68501,0,0,-1,0,0,0,0,0,0,0,0,66869,0,0,0,3313,0,2,36700168,0,512,0,0,0,-1,-1
95146,Tracking Quest,,68534,0,0,-1,0,0,0,0,0,0,0,0,0,0,0,0,0,0,3,36766728,0,8,0,0,0,-1,-1
95175,Укрепление укреплений,,68563,0,0,-1,0,0,0,0,0,0,0,0,0,0,0,0,4311,0,2,37749064,8256,268435976,92365,0,0,-1,-1
95245,Midnight: Мировое турне,,68612,139380,0,-1,0,0,0,0,0,0,0,0,0,0,0,282,3321,0,2,36700168,0,520,95276,0,0,-1,-1
95253,Поразительный аппетит,,68619,152763,0,-1,0,0,0,0,0,0,0,0,0,0,50970,109,5381,0,3,41615616,8192,520,0,0,0,-1,-1
95268,Новые инструменты – новые высоты,,68631,0,0,-1,0,0,0,0,0,0,0,0,0,269668,50493,282,4240,0,2,36700160,130,520,94675,0,0,-1,-1
95269,Насыщение нуль-молота,,0,152650,0,-1,131073,0,0,0,0,0,0,0,0,269668,0,282,4240,0,2,36700168,2,520,95268,95271,0,-1,-1
95271,Вознесенный нуль-молот,,68633,152651,0,-1,0,0,0,0,0,0,0,0,0,0,0,282,4240,0,0,36700160,128,520,0,0,0,-1,-1
95279,Туманные сердечники Бездны: золото,,0,152680,0,-1,0,0,0,0,0,0,0,0,0,0,0,0,3320,0,0,36700160,32768,268435976,94675,0,0,-1,-1
95290,Туманные сердечники Бездны: мракозарный мергель,,0,152680,0,-1,0,0,0,0,0,0,0,0,0,0,0,0,3320,0,0,36700160,32768,268435976,94675,0,0,-1,-1
95304,Туманные сердечники Бездны: герб зари ветерана,,0,152680,0,-1,0,0,0,0,0,0,0,0,0,0,0,0,3320,0,0,36700160,32768,268435976,94675,0,0,-1,-1
95308,Tracking Quest,,68667,0,0,-1,0,0,0,0,0,0,0,0,0,0,0,0,3322,0,3,36701184,0,8,0,0,0,-1,-1
95324,Война за корнями,,68682,152749,0,-1,0,0,0,0,0,0,0,0,0,0,0,282,3321,0,2,36700168,128,512,0,0,0,-1,-1
95373,Туманное предприятие,,68718,0,0,-1,0,0,0,0,0,0,0,0,0,0,0,282,3320,0,2,36700160,128,520,97981,0,0,-1,-1
95381,Огонь в небесах,,68727,152763,0,-1,0,0,0,0,0,0,0,0,0,0,51196,109,5381,0,3,41484544,8192,520,0,0,0,-1,-1
95392,Один друг – уже много,,68738,153034,0,-1,0,0,0,0,0,0,0,0,0,0,51174,296,3321,0,3,37290240,8192,268435456,0,0,0,-1,-1
95393,Пещерный спаситель,,68739,153034,0,-1,0,0,0,0,0,0,0,0,0,0,51175,296,3321,0,3,41484544,8192,268435456,0,0,0,-1,-1
95394,Свободу странным тварям,,68740,153034,0,-1,0,0,0,0,0,0,0,0,0,0,51176,296,3321,0,3,37290240,0,268435456,0,0,0,-1,-1
95395,Рви и кромсай,,68741,153034,0,-1,0,0,0,0,0,0,0,0,0,0,51177,296,3321,0,3,41484544,0,268435456,0,0,0,-1,-1
95396,Оскверненный ритуал,,68742,153034,0,-1,0,0,0,0,0,0,0,0,0,0,51178,296,3321,0,3,37290240,0,268435456,0,0,0,-1,-1
95397,Холодный прием,,68743,153034,0,-1,0,0,0,0,0,0,0,0,0,0,51179,296,3321,0,3,37290240,0,268435456,0,0,0,-1,-1
95398,Раздор и раскол,,68744,153034,0,-1,0,0,0,0,0,0,0,0,0,0,51180,296,3321,0,3,41484544,0,268435456,0,0,0,-1,-1
95399,"Планы, покрытые мраком",,68745,153034,0,-1,0,0,0,0,0,0,0,0,0,0,51181,296,3321,0,3,41484544,0,268435456,0,0,0,-1,-1
95400,Лютый холод,,68746,153034,0,-1,0,0,0,0,0,0,0,0,0,0,51182,296,3321,0,3,37290240,0,268435456,0,0,0,-1,-1
95401,Нарушение соединения,,68747,153034,0,-1,0,0,0,0,0,0,0,0,0,0,51183,296,3321,0,3,37290240,0,268435456,0,0,0,-1,-1
95402,Сбор неблагородного газа,,68748,153034,0,-1,0,0,0,0,0,0,0,0,0,0,51184,296,3321,0,3,37290240,0,268435456,0,0,0,-1,-1
95403,Остаточное эхо,,68749,153034,0,-1,0,0,0,0,0,0,0,0,0,0,51185,296,3321,0,3,37290240,0,268435456,0,0,0,-1,-1
95404,Ледяные кладки,,68750,153034,0,-1,0,0,0,0,0,0,0,0,0,0,51186,296,3321,0,3,37290240,0,268435456,0,0,0,-1,-1
95413,Вовлечение сообщества,,68759,153576,0,-1,0,0,0,0,0,0,0,0,0,0,0,0,4240,0,2,36798472,128,512,0,0,0,-1,-1
95416,Улетная почта,,68762,153684,0,-1,0,0,0,0,0,0,0,0,0,0,0,0,4240,0,2,36732936,2097280,512,0,0,0,-1,-1
95429,Быстрые ноги,,68775,152763,0,-1,0,0,0,0,0,0,0,0,0,0,51265,109,5381,0,3,41484544,8192,8,0,0,0,-1,-1
95438,Пропавшие животные,,70379,153685,0,-1,0,0,0,0,0,0,0,0,0,0,0,0,4240,0,2,36732936,2097280,512,0,0,0,-1,-1
95440,Отметим новоселье,,68784,153683,0,-1,0,0,0,0,0,0,0,0,0,0,0,1,4240,0,2,36798536,128,512,0,0,0,-1,-1
95448,Яд в другой дозе – уже лекарство,,68792,152763,0,-1,0,0,0,0,0,0,0,0,0,0,51050,109,5381,0,3,41484288,8192,0,0,0,0,-1,-1
95449,Затаившиеся змеи,,68793,152763,0,-1,0,0,0,0,0,0,0,0,0,0,51225,109,5381,0,3,41484288,8192,0,0,0,0,-1,-1
95450,Tracking Quest,,68794,0,0,-1,0,0,0,0,0,0,0,0,0,0,0,0,0,0,3,40895488,0,8,0,0,0,-1,-1
95451,Мешок змей заказывали?,,68795,152763,0,-1,0,0,0,0,0,0,0,0,0,0,51226,109,5381,0,3,41484288,8192,0,0,0,0,-1,-1
95453,Заступимся за тортолланов,,68798,152763,0,-1,0,0,0,0,0,0,0,0,0,0,51044,109,5381,0,3,41484288,8192,0,0,0,0,-1,-1
95484,Трюфельная потасовка,,68823,152763,0,-1,0,0,0,0,0,0,0,0,0,0,51045,109,5381,0,3,41484288,8192,0,0,0,0,-1,-1
95513,Разборки с рептилиями,,68850,152763,0,-1,0,0,0,0,0,0,0,0,0,0,51227,109,5381,0,3,41484544,8192,1048576,0,0,0,-1,-1
95520,Очищение хранилищ,,68857,160444,0,-1,0,0,0,0,0,0,0,0,0,0,0,284,6146,0,2,40927552,8192,520,98388,0,0,-1,-1
95529,Сбить небесных змей!,,68866,152763,0,-1,0,0,0,0,0,0,0,0,0,0,51228,109,5381,0,3,41484544,8192,1049088,0,0,0,-1,-1
95549,Магическая тревога,,68886,155203,0,-1,0,0,0,0,0,0,0,0,0,271094,0,0,4240,0,2,305135872,128,520,0,0,0,-1,-1
95550,Сократить их число,,68887,155185,0,-1,0,0,0,0,0,0,0,0,0,0,0,0,4240,0,2,36700416,128,520,0,0,0,-1,-1
95552,Исследование обелисков тьмы,,68889,154642,0,-1,0,0,0,0,0,0,0,0,0,0,0,0,4240,0,2,36700416,128,520,0,0,0,-1,-1
95553,Зловредные воплощения,,68890,155192,0,-1,0,0,0,0,0,0,0,0,0,0,0,0,4240,0,2,36700416,128,520,0,0,0,-1,-1
95572,Губительный гром,,68909,153034,0,-1,0,0,0,0,0,0,0,0,0,0,51477,283,3321,0,3,37290240,0,0,0,0,0,-1,-1
95573,Храмовый дозор: разорванные связи,,68910,154774,0,-1,0,0,0,0,0,0,0,0,0,0,0,283,6146,0,3,41484352,532480,268570632,0,0,0,-1,-1
95575,Лесные манаспоры,,68912,158245,0,-1,0,0,0,0,0,0,0,0,0,0,51484,296,3321,0,3,37290240,0,268435456,0,0,0,-1,-1
95580,Храмовый дозор: убийство неупокоенных,,68915,154775,0,-1,0,0,0,0,0,0,0,0,0,0,0,283,6146,0,3,-2105998528,532480,268570632,0,0,0,-1,-1
95598,Храмовый дозор: убийство детей Ула'тек,,68923,154776,0,-1,0,0,0,0,0,0,0,0,0,0,0,283,6146,0,3,41485120,532480,268570632,0,0,0,-1,-1
95614,Храмовый дозор: вытягивание яда,,68939,154777,0,-1,0,0,0,0,0,0,0,0,0,0,0,283,6146,0,3,41485120,532480,268570632,0,0,0,-1,-1
95616,Барьер A,,68941,0,0,-1,0,0,0,0,0,0,0,0,0,0,0,265,5381,0,3,38342720,1344282688,8,0,0,0,-1,-1
95617,Барьер B,,68942,0,0,-1,0,0,0,0,0,0,0,0,0,0,0,265,5381,0,3,38342720,1344282688,8,0,0,0,-1,-1
95619,Барьер C,,68944,0,0,-1,0,0,0,0,0,0,0,0,0,0,0,265,5381,0,3,38342720,1344282688,8,0,0,0,-1,-1
95639,Зачистка кладки,,68964,0,0,-1,0,0,0,0,0,0,0,0,0,0,0,265,5381,0,3,39325760,1344282688,8,0,0,0,-1,-1
95640,Зачистка кладки,,68965,0,0,-1,0,0,0,0,0,0,0,0,0,0,0,265,5381,0,3,38277184,1344282688,8,0,0,0,-1,-1
95641,Зачистка кладки,,68966,0,0,-1,0,0,0,0,0,0,0,0,0,0,0,265,5381,0,3,39325760,1344282688,8,0,0,0,-1,-1
95662,Подозрительная похлебка,,68984,152763,0,-1,0,0,0,0,0,0,0,0,0,0,51588,109,5381,0,3,41615616,8192,512,0,0,0,-1,-1
95695,Барьер D,,69013,0,0,-1,0,0,0,0,0,0,0,0,0,0,0,291,5381,0,3,38342720,1344282688,8,0,0,0,-1,-1
95794,Демогилизация,,69260,152763,0,-1,0,0,0,0,0,0,0,0,0,276622,51241,109,5381,0,3,41484544,8192,1048576,0,0,0,-1,-1
95807,Обжарить с двух сторон,,69270,152763,0,-1,0,0,0,0,0,0,0,0,0,0,51651,109,5381,0,3,41615616,8192,512,0,0,0,-1,-1
95815,Спуск с помехами,,69278,156004,0,-1,0,0,0,0,0,0,0,0,0,0,51672,283,3321,0,3,41484544,0,8,0,0,0,-1,-1
95906,Храмовый дозор: найденное оружие,,69364,154778,0,-1,0,0,0,0,0,0,0,0,0,0,0,283,6146,0,3,41485120,532480,268570632,0,0,0,-1,-1
95918,Особое поручение: ярость духов,,69374,152763,0,-1,0,0,0,0,0,0,0,0,0,0,51769,286,5381,0,3,41484544,8192,8,96307,0,0,-1,-1
95921,Особое поручение: спрос на припасы,,69376,152763,0,-1,0,0,0,0,0,0,0,0,0,0,51770,286,5381,0,3,41484544,8192,8,96492,0,0,-1,-1
95922,Особое поручение: стычка со стаей,,69377,152763,0,-1,0,0,0,0,0,0,0,0,0,0,51771,286,5381,0,3,41484544,8192,8,96029,0,0,-1,-1
95923,Рывок по руинам,,69378,152763,0,-1,0,0,0,0,0,0,0,0,0,0,51772,109,5381,0,3,41484544,8192,8,0,0,0,-1,-1
95931,Ловля в открытом море,,69386,160179,0,-1,0,0,0,0,0,0,0,0,0,0,0,130,5381,0,3,41517312,8192,8,0,0,0,-1,-1
95933,Знаки во тьме,,69388,154550,0,-1,0,0,0,0,0,0,0,0,0,0,0,0,3321,0,2,37748736,8192,268435976,0,0,0,-1,-1
95942,Добыча: ядовитая засада,,69397,159219,0,-1,0,0,0,0,0,0,0,0,0,0,52802,295,5381,0,3,37290240,0,0,0,0,0,-1,-1
95952,Храмовый дозор: желчное дыхание,,69407,154779,0,-1,0,0,0,0,0,0,0,0,0,0,0,283,6146,0,3,41485120,532480,268570632,0,0,0,-1,-1
95953,Храмовый дозор: сгустившийся яд,,69408,154780,0,-1,0,0,0,0,0,0,0,0,0,0,0,283,6146,0,3,41485120,532480,268570632,0,0,0,-1,-1
95962,Храмовый дозор: месть за мертвых,,69417,154782,0,-1,0,0,0,0,0,0,0,0,0,0,0,283,6146,0,3,41485120,532480,268570632,0,0,0,-1,-1
95972,Храмовый дозор: пепел к пеплу,,69427,154783,0,-1,0,0,0,0,0,0,0,0,0,0,0,283,6146,0,3,41485120,532480,268570632,0,0,0,-1,-1
95974,Добыча: заброшенный лагерь,,69429,159219,0,-1,0,0,0,0,0,0,0,0,0,0,52804,295,5381,0,3,37290240,0,0,0,0,0,-1,-1
95985,Храмовый дозор: упокоение мертвых,,69440,154784,0,-1,0,0,0,0,0,0,0,0,0,0,0,283,6146,0,3,41485120,532480,268570632,0,0,0,-1,-1
95987,Храмовый дозор: покой для усопших,,69442,154785,0,-1,0,0,0,0,0,0,0,0,0,0,0,283,6146,0,3,41485120,532480,268570632,0,0,0,-1,-1
95989,Добыча: норы отравителей,,69444,159219,0,-1,0,0,0,0,0,0,0,0,0,0,52803,295,5381,0,3,37290240,0,0,0,0,0,-1,-1
95990,Шипящие высоты,,69445,152763,0,-1,0,0,0,0,0,0,0,0,0,0,51834,109,5381,0,3,40435968,0,0,0,0,0,-1,-1
96000,Поездка с ветерком,,69453,158245,0,-1,0,0,0,0,0,0,0,0,0,0,51537,296,3321,0,3,37290240,0,268435456,0,0,0,-1,-1
96004,Добыча: ползущая угроза,,69457,157934,0,-1,0,0,0,0,0,0,0,0,0,0,0,282,5381,0,2,36700168,128,768,0,0,0,-1,-1
96017,Храмовый дозор: подземное похищение,,69462,154781,0,-1,0,0,0,0,0,0,0,0,0,0,0,283,6146,0,3,41485120,532480,268570632,0,0,0,-1,-1
96030,Szarith the Fanged,,69472,0,0,-1,0,0,0,0,0,0,0,0,0,0,0,0,5381,0,3,34149632,0,8,0,0,0,-1,-1
96048,Время нанести удар,,69490,160137,0,-1,0,0,0,0,0,0,0,0,0,0,0,0,3321,0,2,40894472,4202496,524808,0,0,0,-1,-1
96066,Ползучий исследователь,,69508,152763,0,-1,0,0,0,0,0,0,0,0,0,0,51929,109,5381,0,3,40435968,8192,0,0,0,0,-1,-1
96210,Чище чистого,,69640,158245,0,-1,0,0,0,0,0,0,0,0,0,0,52039,296,3321,0,3,37290240,0,268435456,0,0,0,-1,-1
96214,Tracking Quest,,69643,0,0,-1,0,0,0,0,0,0,0,0,0,0,0,0,0,0,3,36701184,128,8,0,0,0,-1,-1
96215,Tracking Quest,,69644,0,0,-1,0,0,0,0,0,0,0,0,0,0,0,0,0,0,3,36701184,128,8,0,0,0,-1,-1
96217,Спорадическое истощение,,69646,158245,0,-1,0,0,0,0,0,0,0,0,0,0,52050,296,3321,0,3,37290240,0,268435456,0,0,0,-1,-1
96223,Зов магистров,,69654,160138,0,-1,0,0,0,0,0,0,0,0,0,0,0,282,3313,0,2,40894728,8192,512,0,0,0,-1,-1
96267,Самоцветы предков,,69697,159290,0,-1,0,0,0,0,0,0,0,0,0,0,0,1,5381,0,2,40894536,8192,512,98388,0,0,-1,-1
96268,Болотные манаспоры,,69698,158245,0,-1,0,0,0,0,0,0,0,0,0,0,52079,296,3321,0,3,37290240,0,268435456,0,0,0,-1,-1
96269,Исследование пожирателей,,69699,158245,0,-1,0,0,0,0,0,0,0,0,0,0,52083,283,3321,0,3,41484544,0,0,0,0,0,-1,-1
96271,Проклятое существование,,69700,0,0,-1,131073,0,0,0,0,0,0,0,0,0,0,1,5381,0,2,40894536,8192,512,96275,96363,0,-1,-1
96272,Мощные машины маны,,69701,158245,0,-1,0,0,0,0,0,0,0,0,0,0,52082,296,3321,0,3,37290240,0,268435968,0,0,0,-1,-1
96273,"Равновесие, купленное кровью",,69702,0,0,-1,131073,0,0,0,0,0,0,0,0,0,0,1,5381,0,2,40894536,8192,512,96276,96363,0,-1,-1
96275,Озера отравы,,69703,0,0,-1,131073,0,0,0,0,0,0,0,0,0,0,1,5381,0,2,40894536,8192,512,96273,96363,0,-1,-1
96276,Темные обереги,,69704,0,0,-1,131073,0,0,0,0,0,0,0,0,0,0,1,5381,0,2,40894536,8192,512,96267,96363,0,-1,-1
96293,Гипергриб!,,69721,158245,0,-1,0,0,0,0,0,0,0,0,0,0,52108,296,3321,0,3,37290240,0,268435968,0,0,0,-1,-1
96295,Подходящее наказание,,69723,155771,0,-1,0,0,0,0,0,0,0,0,0,0,51289,289,3321,0,3,37323072,8192,268435976,0,0,0,-1,-1
96305,Невинная сущность,,69735,0,0,-1,131073,0,0,0,0,0,0,0,0,0,0,1,5381,0,2,40894536,8192,512,96271,96363,0,-1,-1
96329,Наговоры и заговоры,,69754,152763,0,-1,0,0,0,0,0,0,0,0,0,0,52118,109,5381,0,3,41484544,8192,1048576,0,0,0,-1,-1
96349,Самоцветы предков,,69772,0,0,-1,131073,0,0,0,0,0,0,0,0,0,52139,1,5381,0,2,40894536,8192,512,96305,96363,0,-1,-1
96352,Темные обереги,,69774,0,0,-1,131073,0,0,0,0,0,0,0,0,0,52138,1,5381,0,2,40894528,8192,512,96305,96363,0,-1,-1
96354,"Равновесие, купленное кровью",,69775,0,0,-1,131073,0,0,0,0,0,0,0,0,0,52140,1,5381,0,2,40894528,8192,512,96305,96363,0,-1,-1
96360,Озера отравы,,69777,0,0,-1,131073,0,0,0,0,0,0,0,0,0,52141,1,5381,0,2,40894528,8192,512,96305,96363,0,-1,-1
96361,Проклятое существование,,69778,0,0,-1,131073,0,0,0,0,0,0,0,0,0,52142,1,5381,0,2,40894528,8192,512,96305,96363,0,-1,-1
96388,Присоединение к глубоководным рыбакам,,69801,150769,0,-1,0,0,0,0,0,0,0,0,0,0,0,0,3321,0,2,36700168,0,512,0,0,0,-1,-1
96400,Непроходящая порча,,69813,153034,0,-1,0,0,0,0,0,0,0,0,0,0,52163,296,3321,0,3,41484544,0,268435456,0,0,0,-1,-1
96432,Перегрузка машин,,69845,158245,0,-1,0,0,0,0,0,0,0,0,0,0,52178,296,3321,0,3,37290240,0,268435456,0,0,0,-1,-1
96433,Не мама!,,69846,153034,0,-1,0,0,0,0,0,0,0,0,0,0,52174,283,3321,0,3,37290240,0,0,0,0,0,-1,-1
96463,Ловушки и ловчие,,69873,158245,0,-1,0,0,0,0,0,0,0,0,0,0,52198,283,3321,0,3,41484544,0,0,0,0,0,-1,-1
96472,Капитан Нексуса,,69879,0,0,-1,0,0,0,0,0,0,0,0,0,0,0,1,3321,0,2,40894536,8192,520,96054,0,0,-1,-1
96474,Добыча: кое-что для Асталора,,69881,0,0,-1,0,0,0,0,0,0,0,0,0,0,0,0,5381,0,2,36700168,128,512,96466,0,0,-1,-1
96496,Нехоженная дважды тропа,,69901,156540,0,-1,0,0,0,0,0,0,0,0,0,0,0,0,3321,0,2,40894472,8320,512,0,0,0,-1,-1
96497,Пространственное ориентирование,,69902,156541,0,-1,0,0,0,0,0,0,0,0,0,0,0,0,3321,0,2,40894728,8320,520,0,0,0,-1,-1
96522,"Капитан, капитан, устранитесь!",,69927,156576,0,-1,0,0,0,0,0,0,0,0,0,0,51372,289,3321,0,3,37323072,8192,268435976,0,0,0,-1,-1
96528,Добыча: потусторонние страдания,,69933,0,0,-1,0,0,0,0,0,0,0,0,0,0,0,0,5381,0,2,36704256,32768,268435968,96532,0,0,-1,-1
96547,Ослабление вражеских сил,,69954,158245,0,-1,0,0,0,0,0,0,0,0,0,0,52312,296,3321,0,3,37290240,0,268435456,0,0,0,-1,-1
96548,Спорный счет,,69955,158245,0,-1,0,0,0,0,0,0,0,0,0,0,52314,283,3321,0,3,37290240,0,0,0,0,0,-1,-1
96552,Tracking Quest,,69959,0,0,-1,0,0,0,0,0,0,0,0,0,0,0,0,0,0,3,36766728,0,8,0,0,0,-1,-1
96553,Tracking Quest,,69960,0,0,-1,0,0,0,0,0,0,0,0,0,0,0,0,0,0,3,36766728,0,8,0,0,0,-1,-1
96554,Tracking Quest,,69961,0,0,-1,0,0,0,0,0,0,0,0,0,0,0,0,0,0,3,36766728,0,8,0,0,0,-1,-1
96555,Tracking Quest,,69962,0,0,-1,0,0,0,0,0,0,0,0,0,0,0,0,0,0,3,36766728,0,8,0,0,0,-1,-1
96556,Tracking Quest,,69963,0,0,-1,0,0,0,0,0,0,0,0,0,0,0,0,0,0,3,36766728,0,8,0,0,0,-1,-1
96557,Парящие обломки,,69964,158245,0,-1,0,0,0,0,0,0,0,0,0,0,52318,296,3321,0,3,37290240,0,268435456,0,0,0,-1,-1
96588,Добыча: ядовитая засада,,69992,141752,0,-1,0,0,0,0,0,0,0,0,0,0,52799,295,5381,0,3,37290240,0,0,0,0,0,-1,-1
96589,Добыча: ядовитая засада,,69993,141753,0,-1,0,0,0,0,0,0,0,0,0,0,52796,295,5381,0,3,37290240,0,0,0,0,0,-1,-1
96590,Добыча: ядовитая засада,,69994,141754,0,-1,0,0,0,0,0,0,0,0,0,0,52793,295,5381,0,3,37290240,0,0,0,0,0,-1,-1
96591,Добыча: ядовитая засада,,69995,141755,0,-1,0,0,0,0,0,0,0,0,0,0,52787,295,5381,0,3,37290240,0,0,0,0,0,-1,-1
96592,Добыча: норы отравителей,,69996,141752,0,-1,0,0,0,0,0,0,0,0,0,0,52800,295,5381,0,3,37290240,0,0,0,0,0,-1,-1
96593,Добыча: норы отравителей,,69997,141753,0,-1,0,0,0,0,0,0,0,0,0,0,52797,295,5381,0,3,37290240,0,0,0,0,0,-1,-1
96594,Добыча: норы отравителей,,69998,141754,0,-1,0,0,0,0,0,0,0,0,0,0,52794,295,5381,0,3,37290240,0,0,0,0,0,-1,-1
96595,Добыча: норы отравителей,,69999,141755,0,-1,0,0,0,0,0,0,0,0,0,0,52791,295,5381,0,3,37290240,0,0,0,0,0,-1,-1
96596,Добыча: заброшенный лагерь,,70000,141752,0,-1,0,0,0,0,0,0,0,0,0,0,52801,295,5381,0,3,37290240,0,0,0,0,0,-1,-1
96597,Добыча: заброшенный лагерь,,70001,141753,0,-1,0,0,0,0,0,0,0,0,0,0,52798,295,5381,0,3,37290240,0,0,0,0,0,-1,-1
96598,Добыча: заброшенный лагерь,,70002,141754,0,-1,0,0,0,0,0,0,0,0,0,0,52795,295,5381,0,3,37290240,0,0,0,0,0,-1,-1
96599,Добыча: заброшенный лагерь,,70003,141755,0,-1,0,0,0,0,0,0,0,0,0,0,52792,295,5381,0,3,37290240,0,0,0,0,0,-1,-1
96600,Истребление в склепе,,70004,158245,0,-1,0,0,0,0,0,0,0,0,0,0,52352,296,3321,0,3,37290240,0,268435968,0,0,0,-1,-1
96611,Укрощение бури,,70010,153034,0,-1,0,0,0,0,0,0,0,0,0,0,52188,283,3321,0,3,41484544,0,268435456,0,0,0,-1,-1
96614,Закалка огнем,,70013,156529,0,-1,0,0,0,0,0,0,0,0,0,0,0,282,5381,0,0,40894464,8320,512,0,0,0,-1,-1
96617,Укрощение бури,,70016,153034,0,-1,0,0,0,0,0,0,0,0,0,0,52360,283,3321,0,3,41484544,0,268435456,0,0,0,-1,-1
96618,Укрощение бури,,70017,153034,0,-1,0,0,0,0,0,0,0,0,0,0,52363,283,3321,0,3,41484544,0,268435456,0,0,0,-1,-1
96623,Кантованный компост,,70019,158245,0,-1,0,0,0,0,0,0,0,0,0,0,52377,296,3321,0,3,37290304,0,268435456,0,0,0,-1,-1
96625,Призрачные гладиаторы,,70020,152763,0,-1,0,0,0,0,0,0,0,0,0,0,52376,113,5381,0,3,37290240,0,1048576,0,0,0,-1,-1
96633,Семинар по снаряжению,,70025,157086,0,-1,0,0,0,0,0,0,0,0,0,0,0,282,5381,0,2,40894728,0,520,0,0,0,-1,-1
96635,Практикум по улучшению,,70026,157086,0,-1,0,0,0,0,0,0,0,0,0,0,0,282,5381,0,2,40894792,0,520,96633,0,0,-1,-1
96637,Симпозиум ветеранов,,70028,157086,0,-1,0,0,0,0,0,0,0,0,0,0,0,282,3313,0,2,40894728,0,520,96635,0,0,-1,-1
96639,Дозор в храме,,70029,162111,0,-1,0,0,0,0,0,0,0,0,0,0,53200,1,6146,0,2,40894792,40960,520,0,0,0,-1,-1
96640,Дар проклятых,,70030,162111,0,-1,0,0,0,0,0,0,0,0,0,0,53201,1,6146,0,2,40894792,40960,520,0,0,0,-1,-1
96641,Неослабевающие удары,,70031,162111,0,-1,0,0,0,0,0,0,0,0,0,0,53202,1,6146,0,2,40894792,40960,520,0,0,0,-1,-1
96642,Решающие вторжения,,70032,162111,0,-1,0,0,0,0,0,0,0,0,0,0,53203,1,6146,0,2,40894792,40960,520,0,0,0,-1,-1
96643,Пусть убираются обратно,,70033,162111,0,-1,0,0,0,0,0,0,0,0,0,0,53204,1,6146,0,2,40894792,40960,520,0,0,0,-1,-1
96644,Пагубный источник,,70034,162111,0,-1,0,0,0,0,0,0,0,0,0,0,53205,1,6146,0,2,40894792,40960,520,0,0,0,-1,-1
96649,Основы работы с маревыми гербами,,70038,157086,0,-1,0,0,0,0,0,0,0,0,0,0,0,282,5381,0,2,40894792,0,520,96637,0,0,-1,-1
96650,Подчинение споровой бури,,70039,158245,0,-1,0,0,0,0,0,0,0,0,0,0,52393,283,3321,0,3,41484544,0,268435456,0,0,0,-1,-1
96651,Подчинение споровой бури,,70040,158245,0,-1,0,0,0,0,0,0,0,0,0,0,52394,283,3321,0,3,41484544,0,268435456,0,0,0,-1,-1
96660,Метательное щупальце: обломки,,70044,158245,0,-1,0,0,0,0,0,0,0,0,0,0,52358,283,3321,0,3,37290240,0,0,0,0,0,-1,-1
96668,Подчинение споровой бури,,70051,158245,0,-1,0,0,0,0,0,0,0,0,0,0,52406,283,3321,0,3,41484544,0,268435456,0,0,0,-1,-1
96688,Метательное щупальце: Спорогорн,,70070,158245,0,-1,0,0,0,0,0,0,0,0,0,0,52418,283,3321,0,3,37290240,0,0,0,0,0,-1,-1
96689,Метательное щупальце: плацдарм,,70071,158245,0,-1,0,0,0,0,0,0,0,0,0,0,52419,283,3321,0,3,37290240,0,0,0,0,0,-1,-1
96691,Метательное щупальце: командный пункт,,70072,158245,0,-1,0,0,0,0,0,0,0,0,0,0,52420,283,3321,0,3,37290240,0,0,0,0,0,-1,-1
96693,Метательное щупальце: порт Нексуса,,70074,158245,0,-1,0,0,0,0,0,0,0,0,0,0,52421,283,3321,0,3,37290240,0,0,0,0,0,-1,-1
96695,Метательное щупальце: Загоны,,70076,158245,0,-1,0,0,0,0,0,0,0,0,0,0,52422,283,3321,0,3,37290240,0,0,0,0,0,-1,-1
96696,Метательное щупальце: лагерь,,70077,158245,0,-1,0,0,0,0,0,0,0,0,0,0,52423,283,3321,0,3,37290240,0,0,0,0,0,-1,-1
96697,Метательное щупальце: Берег Исхода,,70078,158245,0,-1,0,0,0,0,0,0,0,0,0,0,52424,283,3321,0,3,37290240,0,0,0,0,0,-1,-1
96698,Метательное щупальце: болото,,70079,158245,0,-1,0,0,0,0,0,0,0,0,0,0,52425,283,3321,0,3,37290240,0,0,0,0,0,-1,-1
96699,Метательное щупальце: Шляпка гриба,,70080,158245,0,-1,0,0,0,0,0,0,0,0,0,0,52426,283,3321,0,3,37290240,0,0,0,0,0,-1,-1
96725,Искры войны: Вал,,70106,147396,0,-1,0,0,0,0,0,0,0,0,0,0,50638,0,3313,0,2,35651592,2105344,776,0,0,0,-1,-1
96726,Искры войны: Найтал,,70107,147396,0,-1,0,0,0,0,0,0,0,0,0,0,50639,0,3313,0,2,35651592,2105344,776,0,0,0,-1,-1
96746,Споропад: Гнилотоп,,70125,0,0,-1,0,0,0,0,0,0,0,0,0,0,0,62,6116,0,2,40894536,8192,512,0,0,0,-1,-1
96808,Искры войны: Спиральный остров,,70186,147396,0,-1,0,0,0,0,0,0,0,0,0,0,52600,0,3313,0,2,35651592,2105344,776,0,0,0,-1,-1
96809,Наружный транслокатор манагорна,,70187,157951,0,-1,0,0,0,0,0,0,0,0,0,0,0,0,3321,0,2,40894472,8320,520,0,0,0,-1,-1
96910,Полная бочка,,70282,9485,0,-1,0,0,0,0,0,0,0,0,0,0,0,0,298,0,0,33554432,0,520,0,0,0,-1,-1
96911,Полная бочка,,70283,9485,0,-1,0,0,0,0,0,0,0,0,0,0,0,0,298,0,0,33554432,0,520,0,0,0,-1,-1
96922,Полная бочка,,70294,9485,0,-1,0,0,0,0,0,0,0,0,0,0,0,0,298,0,0,33554432,0,520,0,0,0,-1,-1
96923,Полная бочка,,70295,9485,0,-1,0,0,0,0,0,0,0,0,0,0,0,0,298,0,0,33554432,0,520,0,0,0,-1,-1
96924,Полная бочка,,70296,9485,0,-1,0,0,0,0,0,0,0,0,0,0,0,0,298,0,0,33554432,0,520,0,0,0,-1,-1
96925,Полная бочка,,70297,9485,0,-1,0,0,0,0,0,0,0,0,0,0,0,0,298,0,0,33554432,0,520,0,0,0,-1,-1
96926,Полная бочка,,70298,9485,0,-1,0,0,0,0,0,0,0,0,0,0,0,0,298,0,0,33554432,0,520,0,0,0,-1,-1
96941,Подходящее наказание,,70311,158242,0,-1,0,0,0,0,0,0,0,0,0,0,51289,289,3313,0,3,37323072,8192,268435976,0,0,0,-1,-1
96942,"Капитан, капитан, устранитесь!",,70312,158244,0,-1,0,0,0,0,0,0,0,0,0,0,51372,289,3313,0,3,37323072,8192,268435976,0,0,0,-1,-1
96945,Tracking Quest,,70316,0,0,-1,0,0,0,0,0,0,0,0,0,0,0,0,0,0,3,36701184,0,8,0,0,0,-1,-1
96946,Tracking Quest,,70317,0,0,-1,0,0,0,0,0,0,0,0,0,0,0,0,0,0,3,36701184,0,8,0,0,0,-1,-1
96947,Tracking Quest,,70318,0,0,-1,0,0,0,0,0,0,0,0,0,0,0,0,0,0,3,36701184,0,8,0,0,0,-1,-1
96952,Полная бочка,,70323,9485,0,-1,0,0,0,0,0,0,0,0,0,0,0,0,298,0,0,33554432,0,520,0,0,0,-1,-1
96995,Противостояние потоку,,70358,160444,0,-1,0,0,0,0,0,0,0,0,0,0,0,284,6145,0,2,40927552,8192,520,0,0,0,-1,-1
97031,Воспоминание Вилалдона,,70387,158455,0,-1,0,0,0,0,0,0,0,0,0,0,0,0,3321,0,2,40894464,8192,512,0,0,0,-1,-1
97088,Еще столько дел,,70437,158770,0,-1,0,0,0,0,0,0,0,0,0,0,0,284,3321,0,3,104333312,0,4202504,0,0,0,-1,-1
97089,Еще столько дел,,70437,158788,0,-1,0,0,0,0,0,0,0,0,0,0,0,284,3313,0,3,104333312,0,4202504,0,0,0,-1,-1
97128,Логово: Нимрисса Волногон,,70472,160922,0,-1,0,0,0,0,0,0,0,0,0,0,0,289,5857,0,3,37323072,0,8,0,0,0,-1,-1
97215,Дополнительный удар,,70535,159111,0,-1,0,0,0,0,0,0,0,0,0,0,0,0,3321,0,2,40894472,4202496,524800,0,0,0,-1,-1
97256,Удар по верхушке (героический режим),,70576,159231,0,-1,0,0,0,0,0,0,0,0,0,0,0,0,3313,0,2,36700488,0,512,0,0,0,-1,-1
97321,Ползучие трофеи,,70638,0,0,-1,0,0,0,0,0,0,0,0,0,0,0,0,3313,0,2,573571080,0,512,97454,0,0,-1,-1
97454,Новый сезон: Midnight,,70758,153279,0,-1,0,0,0,0,0,0,0,0,0,0,0,282,3313,0,2,40894472,0,512,90806,0,0,-1,-1
97482,Клыкастые воспоминания,,70784,0,0,-1,0,0,0,0,0,0,0,0,0,0,0,0,3313,0,2,36700168,0,512,97321,0,0,-1,-1
97945,В тени катализатора,,71181,153279,0,-1,0,0,0,0,0,0,0,0,0,0,0,282,6157,0,2,36700168,8322,520,0,0,0,-1,-1
97978,Призматический потенциал,,71189,153279,0,-1,0,0,0,0,0,0,0,0,0,0,0,282,6157,0,2,36700168,8322,520,97945,0,0,-1,-1
97981,Темные благословения катализатора,,71193,160311,0,-1,0,0,0,0,0,0,0,0,0,0,0,282,6157,0,0,36700160,8322,520,97978,0,0,-1,-1
98012,Туманные сердечники Бездны: маревый герб ветерана,,0,160292,0,-1,0,0,0,0,0,0,0,0,0,0,0,0,3320,0,0,36700160,32768,268435976,97981,0,0,-1,-1
98015,Туманные сердечники Бездны: мракозарный мергель,,0,160292,0,-1,0,0,0,0,0,0,0,0,0,0,0,0,3320,0,0,36700160,32768,268435976,97981,0,0,-1,-1
98016,Туманные сердечники Бездны: золото,,0,160292,0,-1,0,0,0,0,0,0,0,0,0,0,0,0,3320,0,0,36700160,32768,268435976,97981,0,0,-1,-1
98220,Алтарь Клыков,,71421,149827,0,-1,0,0,0,0,0,0,0,0,0,0,53338,81,5381,0,2,36700424,0,520,0,0,0,-1,-1
98302,Tracking Quest,,71499,0,0,-1,0,0,0,0,0,0,0,0,0,0,0,0,0,0,3,36701184,0,8,0,0,0,-1,-1
98303,Tracking Quest,,71500,0,0,-1,0,0,0,0,0,0,0,0,0,0,0,0,0,0,3,36701184,0,8,0,0,0,-1,-1
98304,Tracking Quest,,71501,0,0,-1,0,0,0,0,0,0,0,0,0,0,0,0,0,0,3,36701184,0,8,0,0,0,-1,-1
98305,Tracking Quest,,71502,0,0,-1,0,0,0,0,0,0,0,0,0,0,0,0,0,0,3,36701184,0,8,0,0,0,-1,-1
98306,Tracking Quest,,71503,0,0,-1,0,0,0,0,0,0,0,0,0,0,0,0,0,0,3,36701184,0,8,0,0,0,-1,-1
98307,Tracking Quest,,71504,0,0,-1,0,0,0,0,0,0,0,0,0,0,0,0,0,0,3,36701184,0,8,0,0,0,-1,-1
98308,Tracking Quest,,71505,0,0,-1,0,0,0,0,0,0,0,0,0,0,0,0,0,0,3,36701184,0,8,0,0,0,-1,-1
98419,Плечом к плечу,,71603,162111,0,-1,0,0,0,0,0,0,0,0,0,0,53533,1,6146,0,2,40894792,40960,520,0,0,0,-1,-1
98420,Что за поворотом?,,71604,162111,0,-1,0,0,0,0,0,0,0,0,0,0,53534,1,6146,0,2,40894792,40960,520,0,0,0,-1,-1
