ID,Name_lang,Description_lang,ReputationIndex,ParentFactionID,Expansion,FriendshipRepID,Flags,ParagonFactionID,RenownFactionID,RenownCurrencyID,ReputationClassMask[0],ReputationClassMask[1],ReputationClassMask[2],ReputationClassMask[3],ReputationFlags[0],ReputationFlags[1],ReputationFlags[2],ReputationFlags[3],ReputationBase[0],ReputationBase[1],ReputationBase[2],ReputationBase[3],ReputationMax[0],ReputationMax[1],ReputationMax[2],ReputationMax[3],ParentFactionMod[0],ParentFactionMod[1],ParentFactionCap[0],ParentFactionCap[1],ReputationRaceMasks0[0],ReputationRaceMasks0[1],ReputationRaceMasks1[0],ReputationRaceMasks1[1],ReputationRaceMasks2[0],ReputationRaceMasks2[1],ReputationRaceMasks3[0],ReputationRaceMasks3[1]
1,"GIOCATORE, Umano",,-1,0,0,0,0,0,0,0,0,0,0,0,0,0,0,0,0,0,0,0,0,0,0,0,1,1,5,5,0,0,0,0,0,0,0,0
2,"GIOCATORE, Orco",,-1,0,0,0,0,0,0,0,0,0,0,0,0,0,0,0,0,0,0,0,0,0,0,0,1,1,5,5,0,0,0,0,0,0,0,0
3,"GIOCATORE, Nano",,-1,0,0,0,0,0,0,0,0,0,0,0,0,0,0,0,0,0,0,0,0,0,0,0,1,1,5,5,0,0,0,0,0,0,0,0
4,"GIOCATORE, Elfo della Notte",,-1,0,0,0,0,0,0,0,0,0,0,0,0,0,0,0,0,0,0,0,0,0,0,0,1,1,5,5,0,0,0,0,0,0,0,0
5,"GIOCATORE, Non Morto",,-1,0,0,0,0,0,0,0,0,0,0,0,0,0,0,0,0,0,0,0,0,0,0,0,1,1,5,5,0,0,0,0,0,0,0,0
6,"GIOCATORE, Tauren",,-1,0,0,0,0,0,0,0,0,0,0,0,0,0,0,0,0,0,0,0,0,0,0,0,1,1,5,5,0,0,0,0,0,0,0,0
7,Creatura,,-1,0,0,0,0,0,0,0,0,0,0,0,0,0,0,0,0,0,0,0,0,0,0,0,1,1,5,5,0,0,0,0,0,0,0,0
8,"GIOCATORE, Gnomo",,-1,0,0,0,0,0,0,0,0,0,0,0,0,0,0,0,0,0,0,0,0,0,0,0,1,1,5,5,0,0,0,0,0,0,0,0
9,"GIOCATORE, Troll",,-1,0,0,0,0,0,0,0,0,0,0,0,0,0,0,0,0,0,0,0,0,0,0,0,1,1,5,5,0,0,0,0,0,0,0,0
14,Mostro,,-1,0,0,0,0,0,0,0,0,0,0,0,0,0,0,0,0,0,0,0,0,0,0,0,1,1,5,5,0,0,0,0,0,0,0,0
15,Fratellanza dei Defias,,-1,0,0,0,0,0,0,0,0,0,0,0,0,0,0,0,0,0,0,0,0,0,0,0,1,1,5,5,0,0,0,0,0,0,0,0
16,Gnoll - Zampaumida,,-1,0,0,0,0,0,0,0,0,0,0,0,0,0,0,0,0,0,0,0,0,0,0,0,1,1,5,5,0,0,0,0,0,0,0,0
17,Gnoll - Crestarossa,,-1,0,0,0,0,0,0,0,0,0,0,0,0,0,0,0,0,0,0,0,0,0,0,0,1,1,5,5,0,0,0,0,0,0,0,0
18,Gnoll - Mantombroso,,-1,0,0,0,0,0,0,0,0,0,0,0,0,0,0,0,0,0,0,0,0,0,0,0,1,1,5,5,0,0,0,0,0,0,0,0
19,Murloc,,-1,0,0,0,0,0,0,0,0,0,0,0,0,0,0,0,0,0,0,0,0,0,0,0,1,1,5,5,0,0,0,0,0,0,0,0
20,"Non Morto, Flagello",,-1,0,0,0,0,0,0,0,0,0,0,0,0,0,0,0,0,0,0,0,0,0,0,0,1,1,5,5,0,0,0,0,0,0,0,0
21,Baia del Bottino,Questa fiorente città di mare è amministrata dal Barone Revilgaz degli Incursori di Acquanera. Fa parte del Cartello degli Spargifumo ed è nemica mortale dei Bucanieri Velerosse.,1,169,0,0,0,0,0,0,0,0,0,0,64,0,0,0,500,0,0,0,42000,0,0,0,1,0.5,7,5,-1,-1,0,0,0,0,0,0
22,Bestia - Ragno,,-1,0,0,0,0,0,0,0,0,0,0,0,0,0,0,0,0,0,0,0,0,0,0,0,1,1,5,5,0,0,0,0,0,0,0,0
23,Bestia - Cinghiale,,-1,0,0,0,0,0,0,0,0,0,0,0,0,0,0,0,0,0,0,0,0,0,0,0,1,1,5,5,0,0,0,0,0,0,0,0
24,Worgen,,-1,0,0,0,0,0,0,0,0,0,0,0,0,0,0,0,0,0,0,0,0,0,0,0,1,1,5,5,0,0,0,0,0,0,0,0
25,Coboldo,,-1,0,0,0,0,0,0,0,0,0,0,0,0,0,0,0,0,0,0,0,0,0,0,0,1,1,5,5,0,0,0,0,0,0,0,0
26,"Troll, Scalporosso",,-1,0,0,0,0,0,0,0,0,0,0,0,0,0,0,0,0,0,0,0,0,0,0,0,1,1,5,5,0,0,0,0,0,0,0,0
27,"Troll, Fendicranio",,-1,0,0,0,0,0,0,0,0,0,0,0,0,0,0,0,0,0,0,0,0,0,0,0,1,1,5,5,0,0,0,0,0,0,0,0
28,Preda,,-1,0,0,0,0,0,0,0,0,0,0,0,0,0,0,0,0,0,0,0,0,0,0,0,1,1,5,5,0,0,0,0,0,0,0,0
29,Bestia - Lupo,,-1,0,0,0,0,0,0,0,0,0,0,0,0,0,0,0,0,0,0,0,0,0,0,0,1,1,5,5,0,0,0,0,0,0,0,0
30,Traditore della Fratellanza dei Defias,,-1,0,0,0,0,0,0,0,0,0,0,0,0,0,0,0,0,0,0,0,0,0,0,0,1,1,5,5,0,0,0,0,0,0,0,0
31,Amichevole,,-1,0,0,0,0,0,0,0,0,0,0,0,0,0,0,0,0,0,0,0,0,0,0,0,1,1,5,5,0,0,0,0,0,0,0,0
32,Trogg,,-1,0,0,0,0,0,0,0,0,0,0,0,0,0,0,0,0,0,0,0,0,0,0,0,1,1,5,5,0,0,0,0,0,0,0,0
33,"Troll, Mantogelido",,-1,0,0,0,0,0,0,0,0,0,0,0,0,0,0,0,0,0,0,0,0,0,0,0,1,1,5,5,0,0,0,0,0,0,0,0
34,"Orco, Roccianera",,-1,0,0,0,0,0,0,0,0,0,0,0,0,0,0,0,0,0,0,0,0,0,0,0,1,1,5,5,0,0,0,0,0,0,0,0
35,Villian,,-1,0,0,0,0,0,0,0,0,0,0,0,0,0,0,0,0,0,0,0,0,0,0,0,1,1,5,5,0,0,0,0,0,0,0,0
36,Vittima,,-1,0,0,0,0,0,0,0,0,0,0,0,0,0,0,0,0,0,0,0,0,0,0,0,1,1,5,5,0,0,0,0,0,0,0,0
37,Bestia - Orso,,-1,0,0,0,0,0,0,0,0,0,0,0,0,0,0,0,0,0,0,0,0,0,0,0,1,1,5,5,0,0,0,0,0,0,0,0
38,Ogre,,-1,0,0,0,0,0,0,0,0,0,0,0,0,0,0,0,0,0,0,0,0,0,0,0,1,1,5,5,0,0,0,0,0,0,0,0
39,Mercenari di Kurzen,,-1,0,0,0,0,0,0,0,0,0,0,0,0,0,0,0,0,0,0,0,0,0,0,0,1,1,5,5,0,0,0,0,0,0,0,0
40,Scorta,,-1,0,0,0,0,0,0,0,0,0,0,0,0,0,0,0,0,0,0,0,0,0,0,0,1,1,5,5,0,0,0,0,0,0,0,0
41,S.P.R. & Co.,,-1,0,0,0,0,0,0,0,0,0,0,0,0,0,0,0,0,0,0,0,0,0,0,0,1,1,5,5,0,0,0,0,0,0,0,0
42,Bestia - Raptor,,-1,0,0,0,0,0,0,0,0,0,0,0,0,0,0,0,0,0,0,0,0,0,0,0,1,1,5,5,0,0,0,0,0,0,0,0
43,Basilisco,,-1,0,0,0,0,0,0,0,0,0,0,0,0,0,0,0,0,0,0,0,0,0,0,0,1,1,5,5,0,0,0,0,0,0,0,0
44,Stormo dei Draghi Verdi,,-1,0,0,0,0,0,0,0,0,0,0,0,0,0,0,0,0,0,0,0,0,0,0,0,1,1,5,5,0,0,0,0,0,0,0,0
45,Perduti,,-1,0,0,0,0,0,0,0,0,0,0,0,0,0,0,0,0,0,0,0,0,0,0,0,1,1,5,5,0,0,0,0,0,0,0,0
46, Forgiatura - Fabbro d'Armature,,29,0,0,0,0,0,0,0,0,0,0,0,4,0,0,0,0,0,0,0,3000,0,0,0,1,1,5,5,-1,-1,0,0,0,0,0,0
47,Forgiardente,"Questa capitale dell'Alleanza è l'orgoglio dei Nani di Dun Morogh, ed è la dimora dei Re dei Nani.",20,469,0,0,0,0,0,0,0,0,0,0,273,6,17,0,3100,-42000,4000,0,42000,-42000,42000,0,1,0.25,4,7,-1321909175,0,1309324210,-1440044374,2052,0,0,0
48,Nani Ferroscuro,,-1,0,0,0,0,0,0,0,0,0,0,0,0,0,0,0,0,0,0,0,0,0,0,0,1,1,5,5,0,0,0,0,0,0,0,0
49,"Umano, Guardiani della Notte",,-1,0,0,0,0,0,0,0,0,0,0,0,0,0,0,0,0,0,0,0,0,0,0,0,1,1,5,5,0,0,0,0,0,0,0,0
50,Stormo dei Draghi Rossi,,-1,0,0,0,0,0,0,0,0,0,0,0,0,0,0,0,0,0,0,0,0,0,0,0,1,1,5,5,0,0,0,0,0,0,0,0
51,Gnoll - Pelomusco,,-1,0,0,0,0,0,0,0,0,0,0,0,0,0,0,0,0,0,0,0,0,0,0,0,1,1,5,5,0,0,0,0,0,0,0,0
52,"Orco, Fauci di Drago Vile",,-1,0,0,0,0,0,0,0,0,0,0,0,0,0,0,0,0,0,0,0,0,0,0,0,1,1,5,5,0,0,0,0,0,0,0,0
53,Gnomo - Contaminato,,-1,0,0,0,0,0,0,0,0,0,0,0,0,0,0,0,0,0,0,0,0,0,0,0,1,1,5,5,0,0,0,0,0,0,0,0
54,Gnomeregan,"Gli ex abitanti di Gnomeregan, ora residenti a Nuova Rabberciopoli e schierati tra le file dell'Alleanza.",18,469,0,0,0,0,0,0,0,0,0,0,273,6,17,0,3100,-42000,4000,0,42000,-42000,42000,0,1,0.25,4,7,-1321923571,0,1309324210,-1440044374,16448,0,0,0
55,Leopardo,,-1,0,0,0,0,0,0,0,0,0,0,0,0,0,0,0,0,0,0,0,0,0,0,0,1,1,5,5,0,0,0,0,0,0,0,0
56,Crociata Scarlatta,,-1,0,0,0,0,0,0,0,0,0,0,0,0,0,0,0,0,0,0,0,0,0,0,0,1,1,5,5,0,0,0,0,0,0,0,0
57,Gnoll - Pellemarcia,,-1,0,0,0,0,0,0,0,0,0,0,0,0,0,0,0,0,0,0,0,0,0,0,0,1,1,5,5,0,0,0,0,0,0,0,0
58,Bestia - Gorilla,,-1,0,0,0,0,0,0,0,0,0,0,0,0,0,0,0,0,0,0,0,0,0,0,0,1,1,5,5,0,0,0,0,0,0,0,0
59,Fratellanza del Torio,I Nani della Fratellanza del Torio dimostrano grandi competenze nella forgiatura di oggetti magici e sono decisi a carpire tutti i segreti del Massiccio Roccianera.,4,1118,0,0,0,0,0,0,0,0,0,0,16,0,0,0,0,0,0,0,42000,0,0,0,0,0,5,5,-1,-1,0,0,0,0,0,0
60,Naga,,-1,0,0,0,0,0,0,0,0,0,0,0,0,0,0,0,0,0,0,0,0,0,0,0,1,1,5,5,0,0,0,0,0,0,0,0
61,Dalaran,,-1,0,0,0,0,0,0,0,0,0,0,0,0,0,0,0,0,0,0,0,0,0,0,0,1,1,5,5,0,0,0,0,0,0,0,0
62,Spirito Infausto,,-1,0,0,0,0,0,0,0,0,0,0,0,0,0,0,0,0,0,0,0,0,0,0,0,1,1,5,5,0,0,0,0,0,0,0,0
63,Urlonero,,-1,0,0,0,0,0,0,0,0,0,0,0,0,0,0,0,0,0,0,0,0,0,0,0,1,1,5,5,0,0,0,0,0,0,0,0
64,Grell,,-1,0,0,0,0,0,0,0,0,0,0,0,0,0,0,0,0,0,0,0,0,0,0,0,1,1,5,5,0,0,0,0,0,0,0,0
65,Mezzorso,,-1,0,0,0,0,0,0,0,0,0,0,0,0,0,0,0,0,0,0,0,0,0,0,0,1,1,5,5,0,0,0,0,0,0,0,0
66,Generico Orda,,-1,0,0,0,0,0,0,0,0,0,0,0,0,0,0,0,0,0,0,0,0,0,0,0,1,1,5,5,0,0,0,0,0,0,0,0
67,Orda,,12,1118,0,0,0,0,0,0,0,0,0,0,25,14,0,0,3500,-42000,0,0,42000,-42000,0,0,0,0,5,5,1309324210,-1440044374,-1321907123,1427461461,0,0,0,0
68,Sepulcra,"Guidati da Sylvanas Ventolesto, i Reietti hanno stretto una delicata alleanza con l'Orda e hanno costruito la loro capitale nelle profondità delle Rovine di Lordaeron.",17,67,0,0,0,0,0,0,0,0,0,0,273,6,17,17,500,-42000,4000,3100,42000,-42000,42000,42000,1,0.25,4,7,1309323682,0,-1321907123,1427461461,16,0,512,0
69,Darnassus,"Questa capitale dell'Alleanza è popolata dagli Elfi della Notte ed è situata sull'isola di Teldrassil. È governata da Tyrande Soffiabrezza, Sacerdotessa della Luna.",21,469,0,0,0,0,0,0,0,0,0,0,273,6,17,0,3100,-42000,4000,0,42000,-42000,42000,0,1,0.25,4,7,-1321907131,0,1309324210,-1440044374,8,0,0,0
70,Lega dei Tagliagole,Un'organizzazione criminale gestita principalmente da Umani che opera principalmente tra le Montagne d'Alterac e le Alture di Colletorto.,6,1118,0,0,0,0,0,0,0,0,0,0,2,0,0,0,-10000,0,0,0,0,0,0,0,0,0,5,5,-1,-1,0,0,0,0,0,0
71,Milizia di Colletorto,,-1,0,0,0,0,0,0,0,0,0,0,0,0,0,0,0,0,0,0,0,0,0,0,0,1,1,5,5,0,0,0,0,0,0,0,0
72,Roccavento,"Uno degli ultimi bastioni della razza degli Umani, questa capitale dell'Alleanza è governata dal giovane ma saggio Re Anduin Wrynn.",19,469,0,0,0,0,0,0,0,0,0,0,273,6,17,0,3100,-42000,4000,0,42000,-42000,42000,0,1,0.25,4,7,825576524,0,1309324210,-1440044374,-2147483647,0,0,0
73,Demone,,-1,0,0,0,0,0,0,0,0,0,0,0,0,0,0,0,0,0,0,0,0,0,0,0,1,1,5,5,0,0,0,0,0,0,0,0
74,Elementale,,-1,0,0,0,0,0,0,0,0,0,0,0,0,0,0,0,0,0,0,0,0,0,0,0,1,1,5,5,0,0,0,0,0,0,0,0
75,Spirito,,-1,0,0,0,0,0,0,0,0,0,0,0,0,0,0,0,0,0,0,0,0,0,0,0,1,1,5,5,0,0,0,0,0,0,0,0
76,Orgrimmar,"Fondata da Thrall, la capitale dell'Orda è la patria dei valorosi clan di Orchi che abitano Durotar.",14,67,0,0,0,0,0,0,0,0,0,0,273,6,17,17,3100,-42000,4000,500,42000,-42000,42000,42000,1,0.25,4,7,1309315488,0,-1321907123,1427461461,8194,0,528,0
77,Tesoro,,-1,0,0,0,0,0,0,0,0,0,0,0,0,0,0,0,0,0,0,0,0,0,0,0,1,1,5,5,0,0,0,0,0,0,0,0
78,Gnoll - Grugnobrago,,-1,0,0,0,0,0,0,0,0,0,0,0,0,0,0,0,0,0,0,0,0,0,0,0,1,1,5,5,0,0,0,0,0,0,0,0
79,"Colletorto, Sindaco della Riva del Sud",,-1,0,0,0,0,0,0,0,0,0,0,0,0,0,0,0,0,0,0,0,0,0,0,0,1,1,5,5,0,0,0,0,0,0,0,0
80,Stormo dei Draghi Neri,,-1,0,0,0,0,0,0,0,0,0,0,0,0,0,0,0,0,0,0,0,0,0,0,0,1,1,5,5,0,0,0,0,0,0,0,0
81,Picco del Tuono,"Baine Zoccolo Sanguinario guida le sue genti, i valorosi Tauren, da questa imponente capitale dell'Orda.",16,67,0,0,0,0,0,0,0,0,0,0,273,6,17,17,3100,-42000,500,4000,42000,-42000,42000,42000,1,0.25,4,7,1175105922,0,-1321907123,1427461461,528,0,134217760,0
82,"Troll, Scorzasecca",,-1,0,0,0,0,0,0,0,0,0,0,0,0,0,0,0,0,0,0,0,0,0,0,0,1,1,5,5,0,0,0,0,0,0,0,0
83,Conciatura - Elementale,,23,0,0,0,0,0,0,0,0,0,0,0,4,0,0,0,2999,0,0,0,3000,0,0,0,1,1,5,5,-1,-1,0,0,0,0,0,0
84,"Verrospino, Chiomaguzza",,-1,0,0,0,0,0,0,0,0,0,0,0,0,0,0,0,0,0,0,0,0,0,0,0,1,1,5,5,0,0,0,0,0,0,0,0
85,"Verrospino, Mantotergo",,-1,0,0,0,0,0,0,0,0,0,0,0,0,0,0,0,0,0,0,0,0,0,0,0,1,1,5,5,0,0,0,0,0,0,0,0
86,Conciatura - Scaglie di Drago,,22,0,0,0,0,0,0,0,0,0,0,0,4,0,0,0,2999,0,0,0,3000,0,0,0,1,1,5,5,-1,-1,0,0,0,0,0,0
87,Bucanieri Velerosse,Questi spietati corsari sono la rovina dei commerci marittimi. Nemici giurati dei Goblin della Baia del Bottino.,0,1118,0,0,0,0,0,0,0,0,0,0,2,0,0,0,-6500,0,0,0,42000,0,0,0,0,0,5,5,-1,-1,0,0,0,0,0,0
88,Fondocupo,,-1,0,0,0,0,0,0,0,0,0,0,0,0,0,0,0,0,0,0,0,0,0,0,0,1,1,5,5,0,0,0,0,0,0,0,0
89,Makrura,,-1,0,0,0,0,0,0,0,0,0,0,0,0,0,0,0,0,0,0,0,0,0,0,0,1,1,5,5,0,0,0,0,0,0,0,0
90,"Centauro, Kolkar",,-1,0,0,0,0,0,0,0,0,0,0,0,0,0,0,0,0,0,0,0,0,0,0,0,1,1,5,5,0,0,0,0,0,0,0,0
91,"Centauro, Galak",,-1,0,0,0,0,0,0,0,0,0,0,0,0,0,0,0,0,0,0,0,0,0,0,0,1,1,5,5,0,0,0,0,0,0,0,0
92,Centauri del Clan Gelkis,Questi Centauri si sono insediati nelle regioni meridionali di Desolanda. Nemici mortali dei Centauri Magram.,2,1118,0,0,0,0,0,0,0,0,0,0,2,0,0,0,2000,0,0,0,42000,0,0,0,0,0,5,5,-1,-1,0,0,0,0,0,0
93,Centauri del Clan Magram,Questi Centauri si sono insediati nelle regioni orientali di Desolanda. Nemici mortali dei Centauri Gelkis.,3,1118,0,0,0,0,0,0,0,0,0,0,2,0,0,0,2000,0,0,0,42000,0,0,0,0,0,5,5,-1,-1,0,0,0,0,0,0
94,Maraudon,,-1,0,0,0,0,0,0,0,0,0,0,0,0,0,0,0,0,0,0,0,0,0,0,0,1,1,5,5,0,0,0,0,0,0,0,0
108,Theramore,,-1,0,0,0,0,0,0,0,0,0,0,0,0,0,0,0,0,0,0,0,0,0,0,0,1,1,5,5,0,0,0,0,0,0,0,0
109,"Verrospino, Lamaspina",,-1,0,0,0,0,0,0,0,0,0,0,0,0,0,0,0,0,0,0,0,0,0,0,0,1,1,5,5,0,0,0,0,0,0,0,0
110,"Verrospino, Chiomaguzza 2",,-1,0,0,0,0,0,0,0,0,0,0,0,0,0,0,0,0,0,0,0,0,0,0,0,1,1,5,5,0,0,0,0,0,0,0,0
111,"Verrospino, Testamorta",,-1,0,0,0,0,0,0,0,0,0,0,0,0,0,0,0,0,0,0,0,0,0,0,0,1,1,5,5,0,0,0,0,0,0,0,0
128,Nemico,,-1,0,0,0,0,0,0,0,0,0,0,0,0,0,0,0,0,0,0,0,0,0,0,0,1,1,5,5,0,0,0,0,0,0,0,0
148,Ambiente,,-1,0,0,0,0,0,0,0,0,0,0,0,0,0,0,0,0,0,0,0,0,0,0,0,1,1,5,5,0,0,0,0,0,0,0,0
168,Carovana di Guardiafatua,,-1,0,0,0,0,0,0,0,0,0,0,0,0,0,0,0,0,0,0,0,0,0,0,0,1,1,5,5,0,0,0,0,0,0,0,0
169,Cartello degli Spargifumo,,10,1118,0,0,0,0,0,0,0,0,0,0,12,0,0,0,500,0,0,0,42000,0,0,0,0,0,5,5,-1,-1,0,0,0,0,0,0
189,Generico Alleanza,,-1,0,0,0,0,0,0,0,0,0,0,0,0,0,0,0,0,0,0,0,0,0,0,0,1,1,5,5,0,0,0,0,0,0,0,0
209,Guardiafatua,,-1,0,0,0,0,0,0,0,0,0,0,0,0,0,0,0,0,0,0,0,0,0,0,0,1,1,5,5,0,0,0,0,0,0,0,0
229,Caverna dei Lamenti,,-1,0,0,0,0,0,0,0,0,0,0,0,0,0,0,0,0,0,0,0,0,0,0,0,1,1,5,5,0,0,0,0,0,0,0,0
249,Silitide,,-1,0,0,0,0,0,0,0,0,0,0,0,0,0,0,0,0,0,0,0,0,0,0,0,1,1,5,5,0,0,0,0,0,0,0,0
269,Resti di Lunargenta,,-1,0,0,0,0,0,0,0,0,0,0,0,0,0,0,0,0,0,0,0,0,0,0,0,1,1,5,5,0,0,0,0,0,0,0,0
270,Tribù Zandalari,Questi Troll sono giunti sull'Isola di Yojamba nel tentativo di cercare aiuto per affrontare il Dio del Sangue e i suoi sacerdoti Atal'ai a Zul'gurub.,51,1118,0,0,0,0,0,0,0,0,0,0,16,0,0,0,0,0,0,0,42000,0,0,0,0,0,5,5,-1,-1,0,0,0,0,0,0
289, Forgiatura - Fabbro d'Armi,,30,0,0,0,0,0,0,0,0,0,0,0,4,0,0,0,0,0,0,0,3000,0,0,0,1,1,5,5,-1,-1,0,0,0,0,0,0
309,Scorpide,,-1,0,0,0,0,0,0,0,0,0,0,0,0,0,0,0,0,0,0,0,0,0,0,0,1,1,5,5,0,0,0,0,0,0,0,0
310,Bestia - Pipistrello,,-1,0,0,0,0,0,0,0,0,0,0,0,0,0,0,0,0,0,0,0,0,0,0,0,1,1,5,5,0,0,0,0,0,0,0,0
311,Titano,,-1,0,0,0,0,0,0,0,0,0,0,0,0,0,0,0,0,0,0,0,0,0,0,0,1,1,5,5,0,0,0,0,0,0,0,0
329,Coordinatore Fizzule,,-1,0,0,0,0,0,0,0,0,0,0,0,0,0,0,0,0,0,0,0,0,0,0,0,1,1,5,5,0,0,0,0,0,0,0,0
349,Corvolesto,Questa gilda di ladri e assassini accetta tra le proprie file soltanto coloro che sono dotati di eccezionali capacità. Nemici giurati della Lega dei Tagliagole.,5,1118,0,0,0,0,0,0,0,0,0,0,0,0,0,0,0,0,0,0,42000,0,0,0,0,0,5,5,-1,-1,0,0,0,0,0,0
369,Meccania,"Capitale del Cartello degli Spargifumo e patria dei migliori ingegneri, alchimisti e mercanti Goblin.",7,169,0,0,0,0,0,0,0,0,0,0,64,0,0,0,500,0,0,0,42000,0,0,0,1,0.5,7,5,-1,-1,0,0,0,0,0,0
389,Insetto di Gnomeregan,,-1,0,0,0,0,0,0,0,0,0,0,0,0,0,0,0,0,0,0,0,0,0,0,0,1,1,5,5,0,0,0,0,0,0,0,0
409,Arpia,,-1,0,0,0,0,0,0,0,0,0,0,0,0,0,0,0,0,0,0,0,0,0,0,0,1,1,5,5,0,0,0,0,0,0,0,0
429,Lame Ardenti,,-1,0,0,0,0,0,0,0,0,0,0,0,0,0,0,0,0,0,0,0,0,0,0,0,1,1,5,5,0,0,0,0,0,0,0,0
449,Bracconiere Ombroseta,,-1,0,0,0,0,0,0,0,0,0,0,0,0,0,0,0,0,0,0,0,0,0,0,0,1,1,5,5,0,0,0,0,0,0,0,0
450,Ragno Rovente,,-1,0,0,0,0,0,0,0,0,0,0,0,0,0,0,0,0,0,0,0,0,0,0,0,1,1,5,5,0,0,0,0,0,0,0,0
469,Alleanza,,11,1118,0,0,0,0,0,0,0,0,0,0,25,14,0,0,3300,-42000,0,0,42000,-42000,0,0,0,0,5,5,-1321907123,1427461461,1309324210,-1440044374,0,0,0,0
470,Porto Paranco,"Questa cittadina Goblin, controllata dal Cartello degli Spargifumo, rappresenta un porto sicuro per tutti coloro che desiderano commerciare nelle Savane.",9,169,0,0,0,0,0,0,0,0,0,0,64,0,0,0,500,0,0,0,42000,0,0,0,1,0.5,7,5,-1,-1,0,0,0,0,0,0
489,"Goblin, Cliente del Bar Ferroscuro",,-1,0,0,0,0,0,0,0,0,0,0,0,0,0,0,0,0,0,0,0,0,0,0,0,1,1,5,5,0,0,0,0,0,0,0,0
509,Lega di Arathor,La Lega di Arathor ha come obiettivo quello di reclamare le terre perdute del Bacino di Arathi per i loro benefattori di Roccavento.,53,891,0,0,0,0,0,0,0,0,0,0,16,2,0,0,0,-42000,0,0,42000,-42000,0,0,0,0,5,5,-1321907123,1427461461,1309324210,-1440044374,0,0,0,0
510,Profanatori,I Profanatori stanno cercando di impossessarsi delle preziose risorse del Bacino di Arathi per conto dell'Orda.,52,892,0,0,0,0,0,0,0,0,0,0,16,2,0,0,0,-42000,0,0,42000,-42000,0,0,0,0,5,5,1309324210,-1440044374,-1321907123,1427461461,0,0,0,0
511,Gigante,,-1,0,0,0,0,0,0,0,0,0,0,0,0,0,0,0,0,0,0,0,0,0,0,0,1,1,5,5,0,0,0,0,0,0,0,0
529,Alba d'Argento,Un'organizzazione dedita alla protezione di Azeroth dalla minaccia del Flagello. Roccaforti dell'Alba d'Argento occupano le Terre Infette Orientali e Occidentali.,13,1118,0,0,0,0,0,0,0,0,0,0,0,0,0,0,200,0,0,0,42000,0,0,0,0,0,5,5,-1,-1,0,0,0,0,0,0
530,Troll Lanciascura,"Questa tribù di Troll in esilio ha unito le proprie forze a quelle di Thrall e dell'Orda. Durotar è ora la loro patria, che condividono insieme ai loro alleati Orchi.",15,67,0,0,0,0,0,0,0,0,0,0,273,6,17,17,3100,-42000,500,4000,42000,-42000,42000,42000,1,0.25,4,7,235581730,0,-1321907123,1427461461,528,0,1073741952,0
531,Stormo dei Draghi di Bronzo,,-1,0,0,0,0,0,0,0,0,0,0,0,0,0,0,0,0,0,0,0,0,0,0,0,1,1,5,5,0,0,0,0,0,0,0,0
532,Stormo dei Draghi Blu,,-1,0,0,0,0,0,0,0,0,0,0,0,0,0,0,0,0,0,0,0,0,0,0,0,1,1,5,5,0,0,0,0,0,0,0,0
549,Conciatura - Tribale,,24,0,0,0,0,0,0,0,0,0,0,0,4,0,0,0,2999,0,0,0,3000,0,0,0,1,1,5,5,-1,-1,0,0,0,0,0,0
550,Ingegneria - Goblin,,26,0,0,0,0,0,0,0,0,0,0,0,4,0,0,0,2999,0,0,0,3000,0,0,0,1,1,5,5,-1,-1,0,0,0,0,0,0
551,Ingegneria - Gnomi,,25,0,0,0,0,0,0,0,0,0,0,0,4,0,0,0,2999,0,0,0,3000,0,0,0,1,1,5,5,-1,-1,0,0,0,0,0,0
569,Forgiatura - Fabbro di Martelli,,33,0,0,0,0,0,0,0,0,0,0,0,4,0,0,0,0,0,0,0,3000,0,0,0,1,1,5,5,-1,-1,0,0,0,0,0,0
570,Forgiatura - Fabbro d'Asce,,31,0,0,0,0,0,0,0,0,0,0,0,4,0,0,0,0,0,0,0,3000,0,0,0,1,1,5,5,-1,-1,0,0,0,0,0,0
571,Forgiatura - Fabbro di Spade,,32,0,0,0,0,0,0,0,0,0,0,0,4,0,0,0,0,0,0,0,3000,0,0,0,1,1,5,5,-1,-1,0,0,0,0,0,0
572,"Troll, Ramovile",,-1,0,0,0,0,0,0,0,0,0,0,0,0,0,0,0,0,0,0,0,0,0,0,0,1,1,5,5,0,0,0,0,0,0,0,0
573,Filibustieri dei Mari del Sud,,-1,0,0,0,0,0,0,0,0,0,0,0,0,0,0,0,0,0,0,0,0,0,0,0,1,1,5,5,0,0,0,0,0,0,0,0
574,Caer Darrow,,34,0,0,0,0,0,0,0,0,0,0,0,4,0,0,0,0,0,0,0,42000,0,0,0,1,1,5,5,-1,-1,0,0,0,0,0,0
575,"Mezzorso, Non Corrotto",,-1,0,0,0,0,0,0,0,0,0,0,0,0,0,0,0,0,0,0,0,0,0,0,0,1,1,5,5,0,0,0,0,0,0,0,0
576,Rifugio dei Mordilegno,"I Mordilegno, l'ultima tribù di Mezzorsi non corrotta, sta cercando di preservare le sue tradizioni spirituali e di porre fine alla sofferenza della loro stirpe.",35,1118,0,0,0,0,0,0,0,0,0,0,0,0,0,0,-2900,0,0,0,42000,0,0,0,0,0,5,5,-1,-1,0,0,0,0,0,0
577,Lungavista,Questo insediamento commerciale è gestito dai Goblin del Cartello degli Spargifumo e si trova sul crocevia tra le principali vie commerciali di Fontefredda.,28,169,0,0,0,0,0,0,0,0,0,0,64,0,0,0,500,0,0,0,42000,0,0,0,1,0.5,7,5,-1,-1,0,0,0,0,0,0
589,Addestratori delle Fiere Glaciali,Questo piccolo gruppo solitario di Elfi della Notte alleva e addestra le Fiere Glaciali nell'area di Fontefredda.,27,1118,0,0,0,0,0,0,0,0,0,0,6,0,0,0,-42000,0,0,0,-42000,42000,0,0,0,0,5,5,1309324210,-1440044374,-1321907123,1427461461,0,0,0,0
609,Circolo Cenariano,I Druidi del Circolo Cenariano sono i guardiani della natura e dominano le tranquille terre di Radaluna.,36,1118,0,0,0,0,0,0,7167,1024,0,0,16,16,0,0,0,2000,0,0,42000,42000,0,0,0,0,5,5,-1,-1,-877133656,0,0,0,0,0
629,Troll Lanciarotta,,-1,0,0,0,0,0,0,0,0,0,0,0,0,0,0,0,0,0,0,0,0,0,0,0,1,1,5,5,0,0,0,0,0,0,0,0
630,Istruttori di Devasauri,,-1,0,0,0,0,0,0,0,0,0,0,0,0,0,0,0,0,0,0,0,0,0,0,0,1,1,5,5,0,0,0,0,0,0,0,0
649,Maggiordomo Executus,,-1,0,0,0,0,0,0,0,0,0,0,0,0,0,0,0,0,0,0,0,0,0,0,0,1,1,5,5,0,0,0,0,0,0,0,0
669,Bestia - Mangiacarogne,,-1,0,0,0,0,0,0,0,0,0,0,0,0,0,0,0,0,0,0,0,0,0,0,0,1,1,5,5,0,0,0,0,0,0,0,0
670,Bestia - Gatto,,-1,0,0,0,0,0,0,0,0,0,0,0,0,0,0,0,0,0,0,0,0,0,0,0,1,1,5,5,0,0,0,0,0,0,0,0
671,Bestia - Granchio,,-1,0,0,0,0,0,0,0,0,0,0,0,0,0,0,0,0,0,0,0,0,0,0,0,1,1,5,5,0,0,0,0,0,0,0,0
672,Bestia - Crocolisco,,-1,0,0,0,0,0,0,0,0,0,0,0,0,0,0,0,0,0,0,0,0,0,0,0,1,1,5,5,0,0,0,0,0,0,0,0
673,Bestia - Iena,,-1,0,0,0,0,0,0,0,0,0,0,0,0,0,0,0,0,0,0,0,0,0,0,0,1,1,5,5,0,0,0,0,0,0,0,0
674,Bestia - Gufo,,-1,0,0,0,0,0,0,0,0,0,0,0,0,0,0,0,0,0,0,0,0,0,0,0,1,1,5,5,0,0,0,0,0,0,0,0
675,Bestia - Scorpide,,-1,0,0,0,0,0,0,0,0,0,0,0,0,0,0,0,0,0,0,0,0,0,0,0,1,1,5,5,0,0,0,0,0,0,0,0
676,Bestia - Zampalunga,,-1,0,0,0,0,0,0,0,0,0,0,0,0,0,0,0,0,0,0,0,0,0,0,0,1,1,5,5,0,0,0,0,0,0,0,0
677,Bestia - Tartaruga,,-1,0,0,0,0,0,0,0,0,0,0,0,0,0,0,0,0,0,0,0,0,0,0,0,1,1,5,5,0,0,0,0,0,0,0,0
678,Bestia - Serpente Volante,,-1,0,0,0,0,0,0,0,0,0,0,0,0,0,0,0,0,0,0,0,0,0,0,0,1,1,5,5,0,0,0,0,0,0,0,0
679,Manichino d'Allenamento,,-1,0,0,0,0,0,0,0,0,0,0,0,0,0,0,0,0,0,0,0,0,0,0,0,1,1,5,5,0,0,0,0,0,0,0,0
689,Stormo dei Draghi Neri - Esca,,-1,0,0,0,0,0,0,0,0,0,0,0,0,0,0,0,0,0,0,0,0,0,0,0,1,1,5,5,0,0,0,0,0,0,0,0
709,Campo di Battaglia Neutrale,,-1,0,0,0,0,0,0,0,0,0,0,0,0,0,0,0,0,0,0,0,0,0,0,0,1,1,5,5,0,0,0,0,0,0,0,0
729,Clan Lupi Bianchi,Il Clan Lupi Bianchi sta cercando di scacciare i Nani del Clan Piccatonante dalla Valle d'Alterac.,41,892,0,0,0,0,0,0,0,0,0,0,16,6,0,0,0,-42000,0,0,42000,-42000,0,0,0,0,5,5,1309324210,-1440044374,-1321907123,1427461461,0,0,0,0
730,Guardia dei Piccatonante,"I Nani Piccatonante hanno consolidato la loro dimora nella Valle d'Alterac, dove si trovano in continua lotta contro gli Orchi Lupi Bianchi.",40,891,0,0,0,0,0,0,0,0,0,0,16,6,0,0,0,-42000,0,0,42000,-42000,0,0,0,0,5,5,-1321907123,1427461461,1309324210,-1440044374,0,0,0,0
749,Seguaci di Idraxis,Questi elementali hanno preso dimora nelle isole orientali di Azshara. Sono nemici giurati delle armate di Ragnaros.,42,1118,0,0,0,0,0,0,0,0,0,0,0,0,0,0,0,0,0,0,42000,0,0,0,0,0,5,5,-1,-1,0,0,0,0,0,0
750,Signori del Fuoco di Sulfuron,,-1,0,0,0,0,0,0,0,0,0,0,0,0,0,0,0,0,0,0,0,0,0,0,0,1,1,5,5,0,0,0,0,0,0,0,0
769,Manichino di Tagliafizz,,-1,0,0,0,0,0,0,0,0,0,0,0,0,0,0,0,0,0,0,0,0,0,0,0,1,1,5,5,0,0,0,0,0,0,0,0
770,Fascino di Gizlok,,-1,0,0,0,0,0,0,0,0,0,0,0,0,0,0,0,0,0,0,0,0,0,0,0,1,1,5,5,0,0,0,0,0,0,0,0
771,Tagliafizz,,-1,0,0,0,0,0,0,0,0,0,0,0,0,0,0,0,0,0,0,0,0,0,0,0,1,1,5,5,0,0,0,0,0,0,0,0
789,Moro'gai,,-1,0,0,0,0,0,0,0,0,0,0,0,0,0,0,0,0,0,0,0,0,0,0,0,1,1,5,5,0,0,0,0,0,0,0,0
790,Spirito Guida - Alleanza,,-1,0,0,0,0,0,0,0,0,0,0,0,0,0,0,0,0,0,0,0,0,0,0,0,1,1,5,5,0,0,0,0,0,0,0,0
809,Shen'dralar,Costituiscono ciò che resta di un gruppo di potenti Elfi che abitavano Maglio Infausto; ancora oggi sono considerati grandi saggi e detentori di incredibili segreti.,44,1118,0,0,0,0,0,0,0,0,0,0,16,0,0,0,0,0,0,0,42000,0,0,0,0,0,5,5,-1,-1,0,0,0,0,0,0
829,Ogre (Capitano Kromcrus),,-1,0,0,0,0,0,0,0,0,0,0,0,0,0,0,0,0,0,0,0,0,0,0,0,1,1,5,5,0,0,0,0,0,0,0,0
849,Spirito Guida - Orda,,-1,0,0,0,0,0,0,0,0,0,0,0,0,0,0,0,0,0,0,0,0,0,0,0,1,1,5,5,0,0,0,0,0,0,0,0
869,Jaedenar,,-1,0,0,0,0,0,0,0,0,0,0,0,0,0,0,0,0,0,0,0,0,0,0,0,1,1,5,5,0,0,0,0,0,0,0,0
889,Predoni Cantaguerra,"Feroci Orchi del Clan Cantaguerra, in continua battaglia contro le Sentinelle Alargentea nella Forra dei Cantaguerra.",46,892,0,0,0,0,0,0,0,0,0,0,16,6,0,0,0,-42000,0,0,42000,-42000,0,0,0,0,7,7,1309324210,-1440044374,-1321907123,1427461461,0,0,0,0
890,Sentinelle Alargentea,"Fedeli difensori di Valtetra, in continua battaglia con i Predoni Cantaguerra nella Forra dei Cantaguerra.",45,891,0,0,0,0,0,0,0,0,0,0,16,6,0,0,0,-42000,0,0,42000,-42000,0,0,0,0,7,7,-1321907123,1427461461,1309324210,-1440044374,0,0,0,0
891,Forze dell'Alleanza,,47,1118,0,0,0,0,0,0,0,0,0,0,24,14,0,0,0,-42000,0,0,42000,-42000,0,0,0,0,5,5,-1321907123,1427461461,1309324210,-1440044374,0,0,0,0
892,Forze dell'Orda,,48,1118,0,0,0,0,0,0,0,0,0,0,24,14,0,0,0,-42000,0,0,42000,-42000,0,0,0,0,5,5,1309324210,-1440044374,-1321907123,1427461461,0,0,0,0
893,Troll Zannatorta,,-1,0,0,0,0,0,0,0,0,0,0,0,0,0,0,0,0,0,0,0,0,0,0,0,1,1,5,5,0,0,0,0,0,0,0,0
909,Fiera di Lunacupa,"Una fiera del curioso e dello straordinario, situata su un'isola misteriosa accessibile solo la prima settimana di ogni mese.",50,1118,0,0,0,0,0,0,0,0,0,0,16,0,0,0,0,0,0,0,42000,0,0,0,0,0,5,5,-1,-1,0,0,0,0,0,0
910,Stirpe di Nozdormu,"Discendenti dello Stormo dei Draghi di Bronzo, sono i guardiani del tempo e sono noti per interessarsi ben poco delle razze mortali.",54,1118,0,0,0,0,0,0,0,0,0,0,0,0,0,0,-42000,0,0,0,42000,0,0,0,0,0,5,5,-1,-1,0,0,0,0,0,0
911,Lunargenta,"La capitale di Quel'Thalas, patria degli Elfi del Sangue. Dopo essere stata quasi distrutta nell'attacco di Arthas al Pozzo Solare, Lunargenta è ora tornata al suo antico splendore.",55,67,0,0,0,0,0,0,0,0,0,0,273,6,17,17,400,-42000,4000,3100,42000,-42000,42000,42000,1,0.25,4,7,1309323682,0,-1321907123,1427461461,512,0,16,0
912,Forza di Kalimdor,,-1,0,0,0,0,0,0,0,0,0,0,0,0,0,0,0,0,0,0,0,0,0,0,0,1,1,5,5,0,0,0,0,0,0,0,0
914,"GIOCATORE, Elfo del Sangue",,-1,0,0,0,0,0,0,0,0,0,0,0,0,0,0,0,0,0,0,0,0,0,0,0,1,1,5,5,0,0,0,0,0,0,0,0
915,Armate di C'thun,,-1,0,0,0,0,0,0,0,0,0,0,0,0,0,0,0,0,0,0,0,0,0,0,0,1,1,5,5,0,0,0,0,0,0,0,0
916,Attaccanti Silitidi,,-1,0,0,0,0,0,0,0,0,0,0,0,0,0,0,0,0,0,0,0,0,0,0,0,1,1,5,5,0,0,0,0,0,0,0,0
917,Brigata di Forgiardente,,-1,0,0,0,0,0,0,0,0,0,0,0,0,0,0,0,0,0,0,0,0,0,0,0,1,1,5,5,0,0,0,0,0,0,0,0
918,Nemici Comandati a Distanza,,-1,0,0,0,0,0,0,0,0,0,0,0,0,0,0,0,0,0,0,0,0,0,0,0,1,1,5,5,0,0,0,0,0,0,0,0
919,Oggetti Comandati a Distanza,,-1,0,0,0,0,0,0,0,0,0,0,0,0,0,0,0,0,0,0,0,0,0,0,0,1,1,5,5,0,0,0,0,0,0,0,0
920,Rossa,,-1,0,0,0,0,0,0,0,0,0,0,0,0,0,0,0,0,0,0,0,0,0,0,0,1,1,5,5,0,0,0,0,0,0,0,0
921,Blu,,-1,0,0,0,0,0,0,0,0,0,0,0,0,0,0,0,0,0,0,0,0,0,0,0,1,1,5,5,0,0,0,0,0,0,0,0
922,Tranquillien,"Un tempo una città degli Alti Elfi, Tranquillien fu abbandonata dopo l'invasione di Quel'Thalas da parte del Flagello. È stata reclamata dai Reietti e dagli Elfi del Sangue, nel tentativo di liberare le Terre Spettrali dal giogo del Flagello.",56,980,0,0,0,0,0,0,0,0,0,0,16,6,0,0,0,-42000,0,0,42000,-42000,0,0,0,0,5,5,1309324210,-1440044374,-1321907123,1427461461,0,0,0,0
923,Lungopasso,,-1,0,0,0,0,0,0,0,0,0,0,0,0,0,0,0,0,0,0,0,0,0,0,0,1,1,5,5,0,0,0,0,0,0,0,0
925,Solealto,,-1,0,0,0,0,0,0,0,0,0,0,0,0,0,0,0,0,0,0,0,0,0,0,0,1,1,5,5,0,0,0,0,0,0,0,0
926,Gilda dei Magisteri,,-1,0,0,0,0,0,0,0,0,0,0,0,0,0,0,0,0,0,0,0,0,0,0,0,1,1,5,5,0,0,0,0,0,0,0,0
927,"GIOCATORE, Draenei",,-1,0,0,0,0,0,0,0,0,0,0,0,0,0,0,0,0,0,0,0,0,0,0,0,1,1,5,5,0,0,0,0,0,0,0,0
928,Invasori del Flagello,,-1,0,0,0,0,0,0,0,0,0,0,0,0,0,0,0,0,0,0,0,0,0,0,0,1,1,5,5,0,0,0,0,0,0,0,0
929,Clan Magliorosso,,-1,469,0,0,0,0,0,0,0,0,0,0,0,0,0,0,0,0,0,0,0,0,0,0,0,0,3,3,0,0,0,0,0,0,0,0
930,Exodar,"È il nome del vascello dei Naaru che portò i Draenei su Azeroth. Dopo essersi schiantato sull'Isola Brumazzurra, funge ora da base operativa per questa nobile razza.",49,469,0,0,0,0,0,0,0,0,0,0,273,6,17,0,3100,-42000,4000,0,42000,-42000,42000,0,1,0.25,4,7,-1858779059,0,1309324210,-1440044374,536871936,0,0,0
932,Aldor,"Gli Aldor sono l'antico ordine di sacerdoti Draenei fondato da Velen; l'attuale guida spirituale è la Gran Sacerdotessa Ishanah. Sono i servitori degli Sha'tar, i Naaru di Shattrath, e sono noti per la loro rivalità con i Veggenti.",58,936,0,0,0,0,0,0,0,0,0,0,80,80,80,0,0,3500,-3500,0,42000,42000,42000,0,-1.1,1,7,7,-541066753,0,536871936,0,512,0,0,0
933,Consorzio,"Guidati dal Principe del Nexus Haramad, il Consorzio è un cartello di contrabbandieri, commercianti e ladri Eterei che è giunto nelle Terre Esterne per sfruttare le ricchezze del luogo.",60,980,0,0,0,0,0,0,0,0,0,0,16,0,0,0,0,0,0,0,42000,0,0,0,0,0,7,7,-1,-1,0,0,0,0,0,0
934,Veggenti,"Voren'thal il Veggente guida gli Elfi del Sangue dissidenti che si sono rifiutati di seguire le orme di Kael'thas. Hanno unito le loro forze a quelle dei Naaru di Shattrath, con il disappunto degli Aldor.",62,936,0,0,0,0,0,0,0,0,0,0,80,80,80,0,0,-3500,3500,0,42000,42000,42000,0,-1.1,1,7,7,-541066753,0,536871936,0,512,0,0,0
935,Sha'tar,"Gli Sha'tar sono un gruppo di potenti Naaru che dominano sulla città ricostruita di Shattrath. Con l'aiuto degli Aldor e dei Veggenti, comandano l'avanzata contro le forze di Illidan e della Legione Infuocata.",39,936,0,0,0,0,0,0,0,0,0,0,16,0,0,0,0,0,0,0,42000,0,0,0,0.5,0,4,3,-1,-1,0,0,0,0,0,0
936,Shattrath,,59,980,0,0,0,0,0,0,0,0,0,0,28,0,0,0,0,0,0,0,42000,0,0,0,0,0,7,7,-1,-1,0,0,0,0,0,0
937,Troll delle Foreste,,-1,0,0,0,0,0,0,0,0,0,0,0,0,0,0,0,0,0,0,0,0,0,0,0,1,1,5,5,0,0,0,0,0,0,0,0
938,Omenai,,-1,0,0,0,0,0,0,0,0,0,0,0,0,0,0,0,0,0,0,0,0,0,0,0,1,1,5,5,0,0,0,0,0,0,0,0
940,Figli di Lothar,,-1,0,0,0,0,0,0,0,0,0,0,0,0,0,0,0,0,0,0,0,0,0,0,0,1,1,5,5,0,0,0,0,0,0,0,0
941,Mag'har,Questo solitario gruppo di Orchi dalla pelle marrone sono riusciti a sfuggire alla corruzione demoniaca. Hanno mantenuto il loro stile di vita tradizionale malgrado i numerosi cambiamenti avvenuti nelle Terre Esterne.,61,980,0,0,0,0,0,0,0,0,0,0,16,6,0,0,-500,-42000,0,0,42000,-42000,0,0,0,0,5,5,1309324210,-1440044374,-1321907123,1427461461,0,0,0,0
942,Spedizione Cenariana,Una forza di esplorazione inviata nelle Terre Esterne dal Circolo Cenariano per studiare le forme di vita sopravvissute. La Spedizione Cenariana è rapidamente cresciuta dall'apertura del Portale Oscuro.,64,980,0,0,0,0,0,0,0,0,0,0,16,0,0,0,0,0,0,0,42000,0,0,0,0,0,5,5,-1,-1,0,0,0,0,0,0
943,Vilorco,,-1,0,0,0,0,0,0,0,0,0,0,0,0,0,0,0,0,0,0,0,0,0,0,0,1,1,5,5,0,0,0,0,0,0,0,0
944,Fantasma di Vilorco,,-1,0,0,0,0,0,0,0,0,0,0,0,0,0,0,0,0,0,0,0,0,0,0,0,1,1,5,5,0,0,0,0,0,0,0,0
945,Fantasmi dei Figli di Lothar,,-1,0,0,0,0,0,0,0,0,0,0,0,0,0,0,0,0,0,0,0,0,0,0,0,1,1,5,5,0,0,0,0,0,0,0,0
946,Rocca dell'Onore,"I discendenti dei Figli di Lothar, i veterani dell'Alleanza che arrivarono per primi su Draenor, hanno mantenuto fermamente il loro dominio su questo avamposto nelle Terre Esterne. Sono ora schierati con le armate di Roccavento e Forgiardente.",38,980,0,0,0,0,0,0,0,0,0,0,16,0,0,0,0,-42000,0,0,42000,-42000,0,0,0,0,5,5,-1321907123,1427461461,1309324210,-1440044374,0,0,0,0
947,Thrallmar,La spedizione inviata attraverso il Portale Oscuro da Thrall ha edificato una roccaforte nella Penisola del Fuoco Infernale. Thrallmar costituisce la base delle operazioni di molte delle attività dell'Orda nelle Terre Esterne.,37,980,0,0,0,0,0,0,0,0,0,0,16,0,0,0,0,-42000,0,0,42000,-42000,0,0,0,0,5,5,1309324210,-1440044374,-1321907123,1427461461,0,0,0,0
948,Fazione di Test 2,,86,949,0,0,0,0,0,0,0,0,0,0,8,0,0,0,0,0,0,0,42000,0,0,0,1,1,5,5,58732543,0,0,0,0,0,0,0
949,Fazione di Test 1,,85,0,0,184,0,0,0,0,0,0,0,0,24,0,0,0,0,0,0,0,62000,0,0,0,1,1,5,5,-1,-1,0,0,0,0,0,0
950,ToWoW - Bandiera,,-1,0,0,0,0,0,0,0,0,0,0,0,0,0,0,0,0,0,0,0,0,0,0,0,1,1,5,5,0,0,0,0,0,0,0,0
951,ToWoW - Flag Trigger Alliance (DND),,-1,0,0,0,0,0,0,0,0,0,0,0,0,0,0,0,0,0,0,0,0,0,0,0,1,1,5,5,0,0,0,0,0,0,0,0
952,Fazione di Test 3,,87,948,0,0,0,0,0,0,0,0,0,0,0,0,0,0,0,0,0,0,42000,0,0,0,1,1,5,5,-1,-1,0,0,0,0,0,0
954,ToWoW - Trigger Bandiera Orda (DND),,-1,0,0,0,0,0,0,0,0,0,0,0,0,0,0,0,0,0,0,0,0,0,0,0,1,1,5,5,0,0,0,0,0,0,0,0
955,Corrotto,,-1,0,0,0,0,0,0,0,0,0,0,0,0,0,0,0,0,0,0,0,0,0,0,0,1,1,5,5,0,0,0,0,0,0,0,0
956,Etereum,,-1,0,0,0,0,0,0,0,0,0,0,0,0,0,0,0,0,0,0,0,0,0,0,0,1,1,5,5,0,0,0,0,0,0,0,0
957,"Elementale, Terra",,-1,0,0,0,0,0,0,0,0,0,0,0,0,0,0,0,0,0,0,0,0,0,0,0,1,1,5,5,0,0,0,0,0,0,0,0
958,Robot Combattenti,,-1,0,0,0,0,0,0,0,0,0,0,0,0,0,0,0,0,0,0,0,0,0,0,0,1,1,5,5,0,0,0,0,0,0,0,0
959,Attore Buono,,-1,0,0,0,0,0,0,0,0,0,0,0,0,0,0,0,0,0,0,0,0,0,0,0,1,1,5,5,0,0,0,0,0,0,0,0
960,Attore Cattivo,,-1,0,0,0,0,0,0,0,0,0,0,0,0,0,0,0,0,0,0,0,0,0,0,0,1,1,5,5,0,0,0,0,0,0,0,0
961,Mezzorso Pinosaldo,,-1,0,0,0,0,0,0,0,0,0,0,0,0,0,0,0,0,0,0,0,0,0,0,0,1,1,5,5,0,0,0,0,0,0,0,0
962,Gufoide Frenetico,,-1,0,0,0,0,0,0,0,0,0,0,0,0,0,0,0,0,0,0,0,0,0,0,0,1,1,5,5,0,0,0,0,0,0,0,0
963,Scacchi Alleanza,,-1,0,0,0,0,0,0,0,0,0,0,0,0,0,0,0,0,0,0,0,0,0,0,0,1,1,5,5,0,0,0,0,0,0,0,0
964,Scacchi Orda,,-1,0,0,0,0,0,0,0,0,0,0,0,0,0,0,0,0,0,0,0,0,0,0,0,1,1,5,5,0,0,0,0,0,0,0,0
965,Compagno di Combattimento dei Mostri,,-1,0,0,0,0,0,0,0,0,0,0,0,0,0,0,0,0,0,0,0,0,0,0,0,1,1,5,5,0,0,0,0,0,0,0,0
966,Compagno di Combattimento dei Mostri,,-1,0,0,0,0,0,0,0,0,0,0,0,0,0,0,0,0,0,0,0,0,0,0,0,1,1,5,5,0,0,0,0,0,0,0,0
967,Occhio Violaceo,Una branca segreta del Kirin Tor fondata per spiare Medivh e le sue attività.,63,980,0,0,0,0,0,0,0,0,0,0,16,0,0,0,0,0,0,0,42000,0,0,0,0,0,5,5,-1,-1,0,0,0,0,0,0
968,Falchi del Sole,,-1,0,0,0,0,0,0,0,0,0,0,0,0,0,0,0,0,0,0,0,0,0,0,0,1,1,5,5,0,0,0,0,0,0,0,0
969,Mano di Argus,,-1,0,0,0,0,0,0,0,0,0,0,0,0,0,0,0,0,0,0,0,0,0,0,0,1,1,5,5,0,0,0,0,0,0,0,0
970,Sporeggar,Gli Sporiani sono una razza prettamente pacifica nativa delle Terre Esterne. La loro dimora è collocata nelle paludi meridionali di Zangar.,65,980,0,0,0,0,0,0,0,0,0,0,0,0,0,0,-2500,0,0,0,42000,0,0,0,0,0,5,5,-1,-1,0,0,0,0,0,0
971,Gigante Fungino,,-1,0,0,0,0,0,0,0,0,0,0,0,0,0,0,0,0,0,0,0,0,0,0,0,1,1,5,5,0,0,0,0,0,0,0,0
972,Sporofago,,-1,0,0,0,0,0,0,0,0,0,0,0,0,0,0,0,0,0,0,0,0,0,0,0,1,1,5,5,0,0,0,0,0,0,0,0
973,"Mostro, Predatore",,-1,0,0,0,0,0,0,0,0,0,0,0,0,0,0,0,0,0,0,0,0,0,0,0,1,1,5,5,0,0,0,0,0,0,0,0
974,"Mostro, Preda",,-1,0,0,0,0,0,0,0,0,0,0,0,0,0,0,0,0,0,0,0,0,0,0,0,1,1,5,5,0,0,0,0,0,0,0,0
975,Anomalia del Vuoto,,-1,0,0,0,0,0,0,0,0,0,0,0,0,0,0,0,0,0,0,0,0,0,0,0,1,1,5,5,0,0,0,0,0,0,0,0
976,Difensori di Hyjal,,-1,0,0,0,0,0,0,0,0,0,0,0,0,0,0,0,0,0,0,0,0,0,0,0,1,1,5,5,0,0,0,0,0,0,0,0
977,Invasori di Hyjal,,-1,0,0,0,0,0,0,0,0,0,0,0,0,0,0,0,0,0,0,0,0,0,0,0,1,1,5,5,0,0,0,0,0,0,0,0
978,Kurenai,"""Redenti"" in lingua Draenei, sono i Corrotti sfuggiti dalla condizione di schiavitù imposta dai numerosi aguzzini delle Terre Esterne. Hanno ricostruito la loro dimora a Nagrand e qui cercano di riforgiare il proprio destino.",66,980,0,0,0,0,0,0,0,0,0,0,16,0,0,0,-1200,-42000,0,0,42000,-42000,0,0,0,0,5,5,-1321907123,1427461461,1309324210,-1440044374,0,0,0,0
979,"Circolo della Terra, Vecchio Mondo",,-1,0,0,0,0,0,0,0,0,0,0,0,0,0,0,0,0,0,0,0,0,0,0,0,1,1,5,5,0,0,0,0,0,0,0,0
980,The Burning Crusade,,43,0,1,0,0,0,0,0,0,0,0,0,4120,0,0,0,0,0,0,0,0,0,0,0,0,0,5,5,-1,-1,0,0,0,0,0,0
981,Arakkoa,,-1,0,0,0,0,0,0,0,0,0,0,0,0,0,0,0,0,0,0,0,0,0,0,0,1,1,5,5,0,0,0,0,0,0,0,0
982,Stendardo delle Paludi di Zangar (Alleanza),,-1,0,0,0,0,0,0,0,0,0,0,0,0,0,0,0,0,0,0,0,0,0,0,0,1,1,5,5,0,0,0,0,0,0,0,0
983,Stendardo delle Paludi di Zangar (Orda),,-1,0,0,0,0,0,0,0,0,0,0,0,0,0,0,0,0,0,0,0,0,0,0,0,1,1,5,5,0,0,0,0,0,0,0,0
984,Stendardo delle Paludi di Zangar (Neutrale),,-1,0,0,0,0,0,0,0,0,0,0,0,0,0,0,0,0,0,0,0,0,0,0,0,1,1,5,5,0,0,0,0,0,0,0,0
985,Caverne del Tempo - Thrall,,-1,0,0,0,0,0,0,0,0,0,0,0,0,0,0,0,0,0,0,0,0,0,0,0,1,1,5,5,0,0,0,0,0,0,0,0
986,Caverne del Tempo - Durnholde,,-1,0,0,0,0,0,0,0,0,0,0,0,0,0,0,0,0,0,0,0,0,0,0,0,1,1,5,5,0,0,0,0,0,0,0,0
987,Caverne del Tempo - Guardie della Riva del Sud,,-1,0,0,0,0,0,0,0,0,0,0,0,0,0,0,0,0,0,0,0,0,0,0,0,1,1,5,5,0,0,0,0,0,0,0,0
988,Copertura del Concilio dell'Ombra,,-1,0,0,0,0,0,0,0,0,0,0,0,0,0,0,0,0,0,0,0,0,0,0,0,1,1,5,5,0,0,0,0,0,0,0,0
989,Custodi del Tempo,I Custodi del Tempo sono Draghi di Bronzo guidati da Nozdormu per sorvegliare le Caverne del Tempo.,67,980,0,0,0,0,0,0,0,0,0,0,16,0,0,0,0,0,0,0,42000,0,0,0,0,0,5,5,-1,-1,0,0,0,0,0,0
990,Scaglie delle Sabbie,"Una branca segreta dello Stormo dei Draghi di Bronzo guidata da Soridomi, compagna di Nozdormu.",57,980,0,0,0,0,0,0,0,0,0,0,16,0,0,0,0,0,0,0,42000,0,0,0,0,0,5,5,-1,-1,0,0,0,0,0,0
991,"Difensore del Portale Oscuro, Alleanza",,-1,0,0,0,0,0,0,0,0,0,0,0,0,0,0,0,0,0,0,0,0,0,0,0,1,1,5,5,0,0,0,0,0,0,0,0
992,"Difensore del Portale Oscuro, Orda",,-1,0,0,0,0,0,0,0,0,0,0,0,0,0,0,0,0,0,0,0,0,0,0,0,1,1,5,5,0,0,0,0,0,0,0,0
993,"Attaccante del Portale Oscuro, Legione",,-1,0,0,0,0,0,0,0,0,0,0,0,0,0,0,0,0,0,0,0,0,0,0,0,1,1,5,5,0,0,0,0,0,0,0,0
994,Trigger Agitatore,Usato per l'evento di Cuornero l'Agitatore.,-1,0,0,0,0,0,0,0,0,0,0,0,0,0,0,0,0,0,0,0,0,0,0,0,1,1,5,5,0,0,0,0,0,0,0,0
995,Trigger Agitatore 2,Usato per l'evento di Cuornero l'Agitatore.,-1,0,0,0,0,0,0,0,0,0,0,0,0,0,0,0,0,0,0,0,0,0,0,0,1,1,5,5,0,0,0,0,0,0,0,0
996,Trigger Agitatore 3,Usato per l'evento di Cuornero l'Agitatore.,-1,0,0,0,0,0,0,0,0,0,0,0,0,0,0,0,0,0,0,0,0,0,0,0,1,1,5,5,0,0,0,0,0,0,0,0
997,Trigger Agitatore 4,Usato per l'evento di Cuornero l'Agitatore.,-1,0,0,0,0,0,0,0,0,0,0,0,0,0,0,0,0,0,0,0,0,0,0,0,1,1,5,5,0,0,0,0,0,0,0,0
998,Trigger Agitatore 5,Usato per l'evento di Cuornero l'Agitatore.,-1,0,0,0,0,0,0,0,0,0,0,0,0,0,0,0,0,0,0,0,0,0,0,0,1,1,5,5,0,0,0,0,0,0,0,0
999,Creatura del Mana,,-1,0,0,0,0,0,0,0,0,0,0,0,0,0,0,0,0,0,0,0,0,0,0,0,1,1,5,5,0,0,0,0,0,0,0,0
1000,Servo di Khadgar,,-1,0,0,0,0,0,0,0,0,0,0,0,0,0,0,0,0,0,0,0,0,0,0,0,1,1,5,5,0,0,0,0,0,0,0,0
1001,Clan Lamacurva,,-1,0,0,0,0,0,0,0,0,0,0,0,0,0,0,0,0,0,0,0,0,0,0,0,1,1,5,5,0,0,0,0,0,0,0,0
1002,Compagno di Combattimento degli Etereum,,-1,0,0,0,0,0,0,0,0,0,0,0,0,0,0,0,0,0,0,0,0,0,0,0,1,1,5,5,0,0,0,0,0,0,0,0
1003,Protettorato,,-1,0,0,0,0,0,0,0,0,0,0,0,0,0,0,0,0,0,0,0,0,0,0,0,1,1,5,5,0,0,0,0,0,0,0,0
1004,Arcane Annihilator (DNR),,-1,0,0,0,0,0,0,0,0,0,0,0,0,0,0,0,0,0,0,0,0,0,0,0,1,1,5,5,0,0,0,0,0,0,0,0
1005,"Amichevole, Nascosto",,68,0,0,0,0,0,0,0,-1,0,0,0,20,0,0,0,3000,0,0,0,30000,0,0,0,1,1,5,5,-1,-1,0,0,0,0,0,0
1006,Kirin'Var - Dathric,,-1,0,0,0,0,0,0,0,0,0,0,0,0,0,0,0,0,0,0,0,0,0,0,0,1,1,5,5,0,0,0,0,0,0,0,0
1007,Kirin'Var - Belmara,,-1,0,0,0,0,0,0,0,0,0,0,0,0,0,0,0,0,0,0,0,0,0,0,0,1,1,5,5,0,0,0,0,0,0,0,0
1008,Kirin'Var - Luminrath,,-1,0,0,0,0,0,0,0,0,0,0,0,0,0,0,0,0,0,0,0,0,0,0,0,1,1,5,5,0,0,0,0,0,0,0,0
1009,Kirin'Var - Cohlien,,-1,0,0,0,0,0,0,0,0,0,0,0,0,0,0,0,0,0,0,0,0,0,0,0,1,1,5,5,0,0,0,0,0,0,0,0
1010,Servo di Illidan,,-1,0,0,0,0,0,0,0,0,0,0,0,0,0,0,0,0,0,0,0,0,0,0,0,1,1,5,5,0,0,0,0,0,0,0,0
1011,Città Bassa,I rifugiati di Shattrath sono un gruppo eterogeneo composto da varie razze. Notizie sulle buone azioni compiute per conto loro viaggiano velocemente tra i cittadini della Città Bassa.,69,936,0,0,0,0,0,0,-1,0,0,0,16,0,0,0,0,0,0,0,42000,0,0,0,0,0,3,3,-1,-1,0,0,0,0,0,0
1012,Congiurati di Linguamorta,"È il gruppo elitario del clan di Corrotti noto come Linguamorta, ufficialmente alleato con Illidan. I Congiurati sono gli aiutanti più fidati di Akama e sono a conoscenza dei misteriosi piani della loro guida.",70,980,0,0,0,0,0,0,0,0,0,0,16,0,0,0,0,0,0,0,42000,0,0,0,0,0,3,3,-1,-1,0,0,0,0,0,0
1013,Spiriti di Torvaluna 1,,-1,0,0,0,0,0,0,0,0,0,0,0,0,0,0,0,0,0,0,0,0,0,0,0,1,1,5,5,0,0,0,0,0,0,0,0
1014,Spiriti di Torvaluna 2,,-1,0,0,0,0,0,0,0,0,0,0,0,0,0,0,0,0,0,0,0,0,0,0,0,1,1,5,5,0,0,0,0,0,0,0,0
1015,Alafatua,"Questa insolita stirpe di draghi nacque dalle uova dello Stormo Nero di Alamorte, dopo che queste furono infuse con energie fatue. Ora stanno cercando di ritrovare la loro identità prendendo le distanze dal loro oscuro retaggio.",71,980,0,0,0,0,0,0,-1,0,0,0,2,0,0,0,-42000,0,0,0,42000,0,0,0,0,0,5,5,-1,-1,0,0,0,0,0,0
1016,Culto dei Dragoni,,-1,0,0,0,0,0,0,0,0,0,0,0,0,0,0,0,0,0,0,0,0,0,0,0,1,1,5,5,0,0,0,0,0,0,0,0
1017,Treant,,-1,0,0,0,0,0,0,0,0,0,0,0,0,0,0,0,0,0,0,0,0,0,0,0,1,1,5,5,0,0,0,0,0,0,0,0
1018,Demone di Leotheras I,,-1,0,0,0,0,0,0,0,0,0,0,0,0,0,0,0,0,0,0,0,0,0,0,0,1,1,5,5,0,0,0,0,0,0,0,0
1019,Demone di Leotheras II,,-1,0,0,0,0,0,0,0,0,0,0,0,0,0,0,0,0,0,0,0,0,0,0,0,1,1,5,5,0,0,0,0,0,0,0,0
1020,Demone di Leotheras III,,-1,0,0,0,0,0,0,0,0,0,0,0,0,0,0,0,0,0,0,0,0,0,0,0,1,1,5,5,0,0,0,0,0,0,0,0
1021,Demone di Leotheras IV,,-1,0,0,0,0,0,0,0,0,0,0,0,0,0,0,0,0,0,0,0,0,0,0,0,1,1,5,5,0,0,0,0,0,0,0,0
1022,Demone di Leotheras V,,-1,0,0,0,0,0,0,0,0,0,0,0,0,0,0,0,0,0,0,0,0,0,0,0,1,1,5,5,0,0,0,0,0,0,0,0
1023,Azaloth,,-1,0,0,0,0,0,0,0,0,0,0,0,0,0,0,0,0,0,0,0,0,0,0,0,1,1,5,5,0,0,0,0,0,0,0,0
1024,Sferzaroccia,,-1,0,0,0,0,0,0,0,0,0,0,0,0,0,0,0,0,0,0,0,0,0,0,0,1,1,5,5,0,0,0,0,0,0,0,0
1025,Cacciatore di Scorticatori,,-1,0,0,0,0,0,0,0,0,0,0,0,0,0,0,0,0,0,0,0,0,0,0,0,1,1,5,5,0,0,0,0,0,0,0,0
1026,Ombra di Torvaluna,,-1,0,0,0,0,0,0,0,0,0,0,0,0,0,0,0,0,0,0,0,0,0,0,0,1,1,5,5,0,0,0,0,0,0,0,0
1027,Comunicatore della Legione,,-1,0,0,0,0,0,0,0,0,0,0,0,0,0,0,0,0,0,0,0,0,0,0,0,1,1,5,5,0,0,0,0,0,0,0,0
1028,Antichi della Foresta dei Corvi,,-1,0,0,0,0,0,0,0,0,0,0,0,0,0,0,0,0,0,0,0,0,0,0,0,1,1,5,5,0,0,0,0,0,0,0,0
1029,"Scacchi, Amichevole per tutti gli Scacchi",,-1,0,0,0,0,0,0,0,0,0,0,0,0,0,0,0,0,0,0,0,0,0,0,0,1,1,5,5,0,0,0,0,0,0,0,0
1030,Cancelli del Tempio Nero - Illidari,,-1,0,0,0,0,0,0,0,0,0,0,0,0,0,0,0,0,0,0,0,0,0,0,0,1,1,5,5,0,0,0,0,0,0,0,0
1031,Guardacieli Sha'tari,Una forza aerea militare istituita dalla città di Shattrath per affrontare le minacce che incombono sulle più alte cime delle Terre Esterne.,72,936,0,0,0,0,0,0,-1,0,0,0,16,0,0,0,0,0,0,0,42000,0,0,0,0,0,5,5,-1,-1,0,0,0,0,0,0
1032,Area 52,,-1,0,0,0,0,0,0,0,0,0,0,0,0,0,0,0,0,0,0,0,0,0,0,0,1,1,5,5,0,0,0,0,0,0,0,0
1033,Maiev,,-1,0,0,0,0,0,0,0,0,0,0,0,0,0,0,0,0,0,0,0,0,0,0,0,1,1,5,5,0,0,0,0,0,0,0,0
1034,Arakkoa d'Ombra di Skettis,,-1,0,0,0,0,0,0,0,0,0,0,0,0,0,0,0,0,0,0,0,0,0,0,0,1,1,5,5,0,0,0,0,0,0,0,0
1035,Arakkoa di Skettis,,-1,0,0,0,0,0,0,0,0,0,0,0,0,0,0,0,0,0,0,0,0,0,0,0,1,1,5,5,0,0,0,0,0,0,0,0
1036,Nemico delle Fauci di Drago,,-1,0,0,0,0,0,0,0,0,0,0,0,0,0,0,0,0,0,0,0,0,0,0,0,1,1,5,5,0,0,0,0,0,0,0,0
1037,Avanguardia dell'Alleanza,"Costituiscono le forze combinate dell'Alleanza a Nordania, guidate dalla Spedizione degli Arditi, inclusi i gruppi civili come la Lega degli Esploratori.",88,1097,0,0,0,0,0,0,0,0,0,0,136,6,0,0,0,0,0,0,42000,0,0,0,0,0,5,5,-1321907123,1427461461,1309324210,-1440044374,0,0,0,0
1038,Ogri'la,"I cittadini illuminati di Ogri'la hanno stabilito la loro dimora nelle Montagne Spinaguzza occidentali, dove la vicinanza ai cristalli apexis li ha portati a trascendere la loro brutale natura Ogre.",73,980,0,0,0,0,0,0,0,0,0,0,16,0,0,0,0,0,0,0,42000,0,0,0,0,0,5,5,-1,-1,0,0,0,0,0,0
1039,Devastatore,,-1,0,0,0,0,0,0,0,0,0,0,0,0,0,0,0,0,0,0,0,0,0,0,0,1,1,5,5,0,0,0,0,0,0,0,0
1040,RIUSO,,-1,0,0,0,0,0,0,0,0,0,0,0,0,0,0,0,0,0,0,0,0,0,0,0,1,1,5,5,0,0,0,0,0,0,0,0
1041,Piranha,,-1,0,0,0,0,0,0,0,0,0,0,0,0,0,0,0,0,0,0,0,0,0,0,0,1,1,5,5,0,0,0,0,0,0,0,0
1042,Nemico Guardacieli,,-1,0,0,0,0,0,0,0,0,0,0,0,0,0,0,0,0,0,0,0,0,0,0,0,1,1,5,5,0,0,0,0,0,0,0,0
1043,"Puzzola, Petunia",,-1,0,0,0,0,0,0,0,0,0,0,0,0,0,0,0,0,0,0,0,0,0,0,0,1,1,5,5,0,0,0,0,0,0,0,0
1044,Disertore di Theramore,,-1,0,0,0,0,0,0,0,0,0,0,0,0,0,0,0,0,0,0,0,0,0,0,0,1,1,5,5,0,0,0,0,0,0,0,0
1045,Vrykul,,-1,0,0,0,0,0,0,0,0,0,0,0,0,0,0,0,0,0,0,0,0,0,0,0,1,1,5,5,0,0,0,0,0,0,0,0
1046,Pirati dei Mari del Nord,,-1,0,0,0,0,0,0,0,0,0,0,0,0,0,0,0,0,0,0,0,0,0,0,0,1,1,5,5,0,0,0,0,0,0,0,0
1047,Tuskarr,,-1,0,0,0,0,0,0,0,0,0,0,0,0,0,0,0,0,0,0,0,0,0,0,0,1,1,5,5,0,0,0,0,0,0,0,0
1048,NON USATO,,-1,0,0,0,0,0,0,0,0,0,0,0,0,0,0,0,0,0,0,0,0,0,0,0,1,1,5,5,0,0,0,0,0,0,0,0
1049,"Troll, Amani",,-1,0,0,0,0,0,0,0,0,0,0,0,0,0,0,0,0,0,0,0,0,0,0,0,1,1,5,5,0,0,0,0,0,0,0,0
1050,Spedizione degli Arditi,"Costituisce la principale armata dell'Alleanza a Nordania, in marcia contro il Flagello e unificata sotto il comando di Re Varian Wrynn.",74,1037,0,0,0,0,0,0,0,0,0,0,16,6,0,0,0,-42000,0,0,42000,-42000,0,0,0.5,0.5,7,7,-1321907123,1427461461,1309324210,-1440044374,0,0,0,0
1051,NON USATO,,-1,0,0,0,0,0,0,0,0,0,0,0,0,0,0,0,0,0,0,0,0,0,0,0,1,1,5,5,0,0,0,0,0,0,0,0
1052,Spedizione dell'Orda,"Sono le forze combinate dell'Orda a Nordania, comandate dall'Offensiva dei Cantaguerra.",75,1097,0,0,0,0,0,0,0,0,0,0,152,0,0,0,0,-42000,0,0,42000,-42000,0,0,0,0,5,5,1309324210,-1440044374,-1321907123,1427461461,0,0,0,0
1053,Guardia dell'Ovest,,-1,0,0,0,0,0,0,0,0,0,0,0,0,0,0,0,0,0,0,0,0,0,0,0,1,1,5,5,0,0,0,0,0,0,0,0
1054,Grifone Maculato,,-1,0,0,0,0,0,0,0,0,0,0,0,0,0,0,0,0,0,0,0,0,0,0,0,1,1,5,5,0,0,0,0,0,0,0,0
1055,Segugio Infetto Ammaestrato,,-1,0,0,0,0,0,0,0,0,0,0,0,0,0,0,0,0,0,0,0,0,0,0,0,1,1,5,5,0,0,0,0,0,0,0,0
1056,Vrykul (Spirito Antico 1),,-1,0,0,0,0,0,0,0,0,0,0,0,0,0,0,0,0,0,0,0,0,0,0,0,1,1,5,5,0,0,0,0,0,0,0,0
1057,Vrykul (Spirito Antico 2),,-1,0,0,0,0,0,0,0,0,0,0,0,0,0,0,0,0,0,0,0,0,0,0,0,1,1,5,5,0,0,0,0,0,0,0,0
1058,Vrykul (Spirito Antico 3),,-1,0,0,0,0,0,0,0,0,0,0,0,0,0,0,0,0,0,0,0,0,0,0,0,1,1,5,5,0,0,0,0,0,0,0,0
1059,CLB - Bandiera - Alleanza,,-1,0,0,0,0,0,0,0,0,0,0,0,0,0,0,0,0,0,0,0,0,0,0,0,1,1,5,5,0,0,0,0,0,0,0,0
1060,Prova,,-1,0,0,0,0,0,0,0,0,0,0,0,0,0,0,0,0,0,0,0,0,0,0,0,1,1,5,5,0,0,0,0,0,0,0,0
1061,Vrykul,,-1,0,0,0,0,0,0,0,0,0,0,0,0,0,0,0,0,0,0,0,0,0,0,0,1,1,5,5,0,0,0,0,0,0,0,0
1062,Gladiatore Vrykul,,-1,0,0,0,0,0,0,0,0,0,0,0,0,0,0,0,0,0,0,0,0,0,0,0,1,1,5,5,0,0,0,0,0,0,0,0
1063,Combattente di Valguardia,,-1,0,0,0,0,0,0,0,0,0,0,0,0,0,0,0,0,0,0,0,0,0,0,0,1,1,5,5,0,0,0,0,0,0,0,0
1064,Taunka,"Coraggiosi cugini dei Tauren, sono diventati validi esploratori per le armate dell'Orda durante l'invasione di Nordania.",76,1052,0,0,0,0,0,0,0,0,0,0,16,6,0,0,0,-42000,0,0,42000,-42000,0,0,0.5,0.5,7,7,1309324210,-1440044374,-1321907123,1427461461,0,0,0,0
1065,"Mostro, Zona di Reazione Forzata 1",,-1,0,0,0,0,0,0,0,0,0,0,0,0,0,0,0,0,0,0,0,0,0,0,0,1,1,5,5,0,0,0,0,0,0,0,0
1066,"Mostro, Zona di Reazione Forzata 2",,-1,0,0,0,0,0,0,0,0,0,0,0,0,0,0,0,0,0,0,0,0,0,0,0,1,1,5,5,0,0,0,0,0,0,0,0
1067,Mano della Vendetta,"I Reietti incaricati da Sylvanas Ventolesto di guidare la spedizione punitiva di Sepulcra contro Arthas, nella forma di una nuova terrificante Piaga.",77,1052,0,0,0,0,0,0,0,0,0,0,16,0,0,0,0,-42000,0,0,42000,-42000,0,0,0.5,0.5,7,7,1309324210,-1440044374,-1321907123,1427461461,0,0,0,0
1068,Lega degli Esploratori,"L'obiettivo di questa organizzazione è di studiare l'origine della razza dei Nani, recuperando manufatti legati alla stirpe dei Titani. Le ultime ricerche li hanno spinti ad avventurarsi in numerosi siti archeologici di Nordania.",78,1037,0,0,0,0,0,0,0,0,0,0,16,6,0,0,0,-42000,0,0,42000,-42000,0,0,0.5,0.5,7,7,-1321907123,1427461461,1309324210,-1440044374,0,0,0,0
1069,Ram Racing Powerup DND,,-1,0,0,0,0,0,0,0,0,0,0,0,0,0,0,0,0,0,0,0,0,0,0,0,1,1,5,5,0,0,0,0,0,0,0,0
1070,Ram Racing Trap DND,,-1,0,0,0,0,0,0,0,0,0,0,0,0,0,0,0,0,0,0,0,0,0,0,0,1,1,5,5,0,0,0,0,0,0,0,0
1071,Scoiattoli di Craig,Una fazione di test.,-1,0,0,0,0,0,0,0,0,0,0,0,0,0,0,0,0,0,0,0,0,0,0,0,1,1,5,5,0,0,0,0,0,0,0,0
1072,[DNT] AC Major Faction Child Renown Test,,407,2503,9,0,0,0,0,0,0,0,0,0,0,0,0,0,0,0,0,0,42000,0,0,0,0,0,0,0,0,0,0,0,0,0,0,0
1073,Kalu'ak,"I Tuskarr sono un forte ma pacifico popolo che basa la sua società sulla pesca e sulla caccia alle balene. I loro insediamenti sono stati recentemente oggetto di feroci attacchi, e danno il benvenuto a tutti coloro disponibili a fornire aiuto.",79,1097,0,0,0,0,0,0,0,0,0,0,16,0,0,0,0,0,0,0,42000,0,0,0,0,0,5,5,-1,-1,0,0,0,0,0,0
1074,Festività - Barile d'Acqua,,-1,0,0,0,0,0,0,0,0,0,0,0,0,0,0,0,0,0,0,0,0,0,0,0,1,1,5,5,0,0,0,0,0,0,0,0
1075,Festività - Generico,,-1,0,0,0,0,0,0,0,0,0,0,0,0,0,0,0,0,0,0,0,0,0,0,0,1,1,5,5,0,0,0,0,0,0,0,0
1076,Nani del Ferro,,-1,0,0,0,0,0,0,0,0,0,0,0,0,0,0,0,0,0,0,0,0,0,0,0,1,1,5,5,0,0,0,0,0,0,0,0
1077,Offensiva del Sole Infranto,L'offensiva finale di Shattrath contro le operazioni del Principe Kael'thas presso il Pozzo Solare.,80,936,0,0,0,0,0,0,0,0,0,0,16,0,0,0,0,0,0,0,42000,0,0,0,0,0,5,5,-1,-1,0,0,0,0,0,0
1078,Mascotte Combattente,,-1,0,0,0,0,0,0,0,0,0,0,0,0,0,0,0,0,0,0,0,0,0,0,0,1,1,5,5,0,0,0,0,0,0,0,0
1079,"Murloc, Pinnafredda",,-1,0,0,0,0,0,0,0,0,0,0,0,0,0,0,0,0,0,0,0,0,0,0,0,1,1,5,5,0,0,0,0,0,0,0,0
1080,"Amichevole, Reazione Forzata 1",,-1,0,0,0,0,0,0,0,0,0,0,0,0,0,0,0,0,0,0,0,0,0,0,0,1,1,5,5,0,0,0,0,0,0,0,0
1081,"Oggetto, Reazione Forzata",,-1,0,0,0,0,0,0,0,0,0,0,0,0,0,0,0,0,0,0,0,0,0,0,0,1,1,5,5,0,0,0,0,0,0,0,0
1083,RIUSO,,-1,0,0,0,0,0,0,0,0,0,0,0,0,0,0,0,0,0,0,0,0,0,0,0,1,1,5,5,0,0,0,0,0,0,0,0
1084,"Vrykul, Mare",,-1,0,0,0,0,0,0,0,0,0,0,0,0,0,0,0,0,0,0,0,0,0,0,0,1,1,5,5,0,0,0,0,0,0,0,0
1085,Offensiva dei Cantaguerra,Garrosh Malogrido comanda le forze principali dell'Orda nella loro avanzata a Nordania contro Arthas e le armate del Flagello.,81,1052,0,0,0,0,0,0,0,0,0,0,6,16,0,0,-42000,0,0,0,-42000,42000,0,0,0.5,0.5,7,7,-1321907123,1427461461,1309324210,-1440044374,0,0,0,0
1086,Bracconiere,,-1,0,0,0,0,0,0,0,0,0,0,0,0,0,0,0,0,0,0,0,0,0,0,0,1,1,5,5,0,0,0,0,0,0,0,0
1087,Mostro Festivo,,-1,0,0,0,0,0,0,0,0,0,0,0,0,0,0,0,0,0,0,0,0,0,0,0,1,1,5,5,0,0,0,0,0,0,0,0
1088,"Mezzorso, Denterosso",,-1,0,0,0,0,0,0,0,0,0,0,0,0,0,0,0,0,0,0,0,0,0,0,0,1,1,5,5,0,0,0,0,0,0,0,0
1089,"Mezzorso, Zampagelida",,-1,0,0,0,0,0,0,0,0,0,0,0,0,0,0,0,0,0,0,0,0,0,0,0,1,1,5,5,0,0,0,0,0,0,0,0
1090,Kirin Tor,"Sono i Maghi e gli Arcimaghi a capo della città di Dalaran. In seguito alle incombenti minacce dello Stormo dei Draghi Blu e del Flagello, hanno spostato la loro città nel cuore di Nordania.",84,1097,0,0,0,0,0,0,8063,8063,128,128,16,16,16,16,0,0,3000,3000,42000,42000,42000,42000,0,0,5,5,-1321907123,1427461461,1309324210,-1440044374,-1321907123,1427461461,1309324210,-1440044374
1091,Lega dei Draghi,"A seguito della violenta rappresaglia dello Stormo dei Draghi Blu contro tutti i mortali utilizzatori di magia, i rimanenti stormi si sono riuniti sotto la guida dello Stormo Rosso per combattere i loro fratelli traditori.",83,1097,0,0,0,0,0,0,0,0,0,0,16,0,0,0,0,0,0,0,42000,0,0,0,0,0,5,5,-1,-1,0,0,0,0,0,0
1092,Azjol-Nerub,,-1,0,0,0,0,0,0,0,0,0,0,0,0,0,0,0,0,0,0,0,0,0,0,0,1,1,5,5,0,0,0,0,0,0,0,0
1093,RIUSO,,-1,0,0,0,0,0,0,0,0,0,0,0,0,0,0,0,0,0,0,0,0,0,0,0,1,1,5,5,0,0,0,0,0,0,0,0
1094,Patto d'Argento,Una fazione di Alti Elfi contrari all'ammissione degli Elfi del Sangue all'interno del Kirin Tor. Si sono riuniti sotto la bandiera di Vereesa Ventolesto e hanno congiunto le loro forze a quelle dell'Alleanza a Nordania.,90,1037,0,0,0,0,0,0,0,0,0,0,16,6,0,0,0,-42000,0,0,42000,-42000,0,0,0.5,0.5,7,7,-1321907123,1427461461,1309324210,-1440044374,0,0,0,0
1095,Mastro Bracconiere dei Colli Bradi,,-1,0,0,0,0,0,0,0,0,0,0,0,0,0,0,0,0,0,0,0,0,0,0,0,1,1,5,5,0,0,0,0,0,0,0,0
1096,RIUSO,,-1,0,0,0,0,0,0,0,0,0,0,0,0,0,0,0,0,0,0,0,0,0,0,0,1,1,5,5,0,0,0,0,0,0,0,0
1097,Wrath of the Lich King,,89,0,2,0,0,0,0,0,0,0,0,0,4104,0,0,0,0,0,0,0,0,0,0,0,0,0,5,5,-1,-1,0,0,0,0,0,0
1098,Cavalieri della Spada d'Ebano,"Finalmente liberi dall'influenza del Re dei Lich, questi Cavalieri della Morte si sono riuniti contro di lui sotto il comando del Gran Signore Darion Mograine.",91,1097,0,0,0,0,0,0,32,8159,0,0,16,16,0,0,3200,0,0,0,42000,42000,0,0,1,1,5,5,0,0,0,0,0,0,0,0
1099,Flagello del Cancello dell'Ira,,-1,0,0,0,0,0,0,0,0,0,0,0,0,0,0,0,0,0,0,0,0,0,0,0,1,1,5,5,0,0,0,0,0,0,0,0
1100,Alleanza del Cancello dell'Ira,,-1,0,0,0,0,0,0,0,0,0,0,0,0,0,0,0,0,0,0,0,0,0,0,0,1,1,5,5,0,0,0,0,0,0,0,0
1101,Orda del Cancello dell'Ira,,-1,0,0,0,0,0,0,0,0,0,0,0,0,0,0,0,0,0,0,0,0,0,0,0,1,1,5,5,0,0,0,0,0,0,0,0
1102,CLB - Bandiera - Orda,,-1,0,0,0,0,0,0,0,0,0,0,0,0,0,0,0,0,0,0,0,0,0,0,0,1,1,5,5,0,0,0,0,0,0,0,0
1103,CLB - Bandiera - Neutrale,,-1,0,0,0,0,0,0,0,0,0,0,0,0,0,0,0,0,0,0,0,0,0,0,0,1,1,5,5,0,0,0,0,0,0,0,0
1104,Tribù dei Cuorferoce,"Costretti dal Flagello a fuggire dalle loro terre, questa feroce tribù di Volvar si è riunita presso il Bacino di Sholazar. La loro natura aggressiva li ha portati a scontrarsi con varie tribù Gorloc della zona, note con il nome di Oracoli.",92,1117,0,0,0,0,0,0,0,0,0,0,16,0,0,0,0,0,0,0,42000,0,0,0,-2.2,1,7,7,-1,-1,0,0,0,0,0,0
1105,Tribù degli Oracoli,I Gorloc del Bacino di Sholazar sono una razza rettiliforme che si è proclamata guardiana delle tecnologie dei Titani ancora presenti nella zona (anche se le comprendono ben poco). Sono coinvolti in una crescente lotta territoriale contro i Volvar.,93,1117,0,0,0,0,0,0,0,0,0,0,16,0,0,0,0,0,0,0,42000,0,0,0,-2.2,1,7,7,-1,-1,0,0,0,0,0,0
1106,Crociata d'Argento,"Guidati da Tirion Fordring, la Crociata d'Argento è un'alleanza tra il riformato Ordine della Mano d'Argento e l'Alba d'Argento, costituita nel disperato tentativo di respingere le forze del Re dei Lich.",94,1097,0,0,0,0,0,0,0,0,0,0,16,0,0,0,0,0,0,0,42000,0,0,0,0,0,5,5,-1,-1,0,0,0,0,0,0
1107,"Troll, Drakkari",,-1,0,0,0,0,0,0,0,0,0,0,0,0,0,0,0,0,0,0,0,0,0,0,0,1,1,5,5,0,0,0,0,0,0,0,0
1108,Caverne del Tempo - Arthas,,-1,0,0,0,0,0,0,0,0,0,0,0,0,0,0,0,0,0,0,0,0,0,0,0,1,1,5,5,0,0,0,0,0,0,0,0
1109,Caverne del Tempo - Cittadino di Stratholme,,-1,0,0,0,0,0,0,0,0,0,0,0,0,0,0,0,0,0,0,0,0,0,0,0,1,1,5,5,0,0,0,0,0,0,0,0
1110,Caverne del Tempo - Flagello,,-1,0,0,0,0,0,0,0,0,0,0,0,0,0,0,0,0,0,0,0,0,0,0,0,1,1,5,5,0,0,0,0,0,0,0,0
1111,Freya,,-1,0,0,0,0,0,0,0,0,0,0,0,0,0,0,0,0,0,0,0,0,0,0,0,1,1,5,5,0,0,0,0,0,0,0,0
1112,Cavalcatura - Taxi - Alleanza,,-1,0,0,0,0,0,0,0,0,0,0,0,0,0,0,0,0,0,0,0,0,0,0,0,1,1,5,5,0,0,0,0,0,0,0,0
1113,Cavalcatura - Taxi - Orda,,-1,0,0,0,0,0,0,0,0,0,0,0,0,0,0,0,0,0,0,0,0,0,0,0,1,1,5,5,0,0,0,0,0,0,0,0
1114,Cavalcatura - Taxi - Neutrale,,-1,0,0,0,0,0,0,0,0,0,0,0,0,0,0,0,0,0,0,0,0,0,0,0,1,1,5,5,0,0,0,0,0,0,0,0
1115,"Elementale, Acqua",,-1,0,0,0,0,0,0,0,0,0,0,0,0,0,0,0,0,0,0,0,0,0,0,0,1,1,5,5,0,0,0,0,0,0,0,0
1116,"Elementale, Aria",,-1,0,0,0,0,0,0,0,0,0,0,0,0,0,0,0,0,0,0,0,0,0,0,0,1,1,5,5,0,0,0,0,0,0,0,0
1117,Bacino di Sholazar,,95,1097,0,0,0,0,0,0,0,0,0,0,12,0,0,0,0,0,0,0,42000,0,0,0,0,0,5,5,-1,-1,0,0,0,0,0,0
1118,Classiche,,96,0,0,0,0,0,0,0,0,0,0,0,4104,0,0,0,0,0,0,0,0,0,0,0,0,0,5,5,-1,-1,0,0,0,0,0,0
1119,Figli di Hodir,I Giganti del Gelo delle Cime Tempestose sono una razza bellicosa situata a Dun Niffelem.,97,1097,0,0,0,0,0,0,0,0,0,0,0,0,0,0,-42000,0,0,0,42000,0,0,0,0,0,5,5,-1,-1,0,0,0,0,0,0
1120,Giganti del Ferro,,-1,0,0,0,0,0,0,0,0,0,0,0,0,0,0,0,0,0,0,0,0,0,0,0,1,1,5,5,0,0,0,0,0,0,0,0
1121,Vrykul del Gelo,,-1,0,0,0,0,0,0,0,0,0,0,0,0,0,0,0,0,0,0,0,0,0,0,0,1,1,5,5,0,0,0,0,0,0,0,0
1122,Terrigeni delle Cime Tempestose,,-1,0,0,0,0,0,0,0,0,0,0,0,0,0,0,0,0,0,0,0,0,0,0,0,1,1,5,5,0,0,0,0,0,0,0,0
1123,Referente Mostri,,-1,0,0,0,0,0,0,0,0,0,0,0,0,0,0,0,0,0,0,0,0,0,0,0,1,1,5,5,0,0,0,0,0,0,0,0
1124,Predatori del Sole,"Originariamente esclusa da Dalaran, l'Orda è stata accettata all'interno della città grazie all'intervento dell'Arcimago Aethas, il Predatore del Sole. I suoi seguaci controllano il quartiere noto come Santuario dei Predatori del Sole.",98,1052,0,0,0,0,0,0,0,0,0,0,16,6,0,0,0,-42000,0,0,42000,-42000,0,0,0.5,0.5,7,7,1309324210,-1440044374,-1321907123,1427461461,0,0,0,0
1125,Incontro di Hyld,,-1,0,0,0,0,0,0,0,0,0,0,0,0,0,0,0,0,0,0,0,0,0,0,0,1,1,5,5,0,0,0,0,0,0,0,0
1126,Figli del Gelo,Questa misteriosa razza di Nani del Gelo vive nella regione delle Cime Tempestose. Hanno instaurato un rapporto amichevole con i membri della Lega degli Esploratori e danno il benvenuto a tutti i membri dell'Alleanza nei loro insediamenti.,99,1037,0,0,0,0,0,0,0,0,0,0,16,0,0,0,0,-42000,0,0,42000,-42000,0,0,0.5,0.5,7,7,-1321907123,1427461461,1309324210,-1440044374,0,0,0,0
1128,Martello del Crepuscolo,,-1,0,0,0,0,0,0,0,0,0,0,0,0,0,0,0,0,0,0,0,0,0,0,0,1,1,5,5,0,0,0,0,0,0,0,0
1129,"Mezzorso, Selvanera",,-1,0,0,0,0,0,0,0,0,0,0,0,0,0,0,0,0,0,0,0,0,0,0,0,1,1,5,5,0,0,0,0,0,0,0,0
1130,"Cervo, Rivafosca",,-1,0,0,0,0,0,0,0,0,0,0,0,0,0,0,0,0,0,0,0,0,0,0,0,1,1,5,5,0,0,0,0,0,0,0,0
1131,"Orso, Rivafosca",,-1,0,0,0,0,0,0,0,0,0,0,0,0,0,0,0,0,0,0,0,0,0,0,0,1,1,5,5,0,0,0,0,0,0,0,0
1132,"Braccaluna, Rivafosca",,-1,0,0,0,0,0,0,0,0,0,0,0,0,0,0,0,0,0,0,0,0,0,0,0,1,1,5,5,0,0,0,0,0,0,0,0
1133,Cartello degli Acqualorda,"Guidato dal Principe del Commercio Gallywix, il Cartello degli Acqualorda è la più importante compagnia commerciale sull'Isola di Kezan. Dal suo quartier generale, il cartello domina le rotte dei Mari del Sud.",105,67,0,0,0,0,0,0,0,0,0,0,273,6,0,0,3100,-42000,0,0,42000,-42000,0,0,1,0.25,4,7,1309324210,-1440044374,-1321907123,1427461461,0,0,0,0
1134,Gilneas,"Il popolo di Gilneas è una nazione di sopravvissuti. Dopo aver preso le distanze dal resto degli Umani, ora deve affrontare nuove minacce dall'interno della propria società.",106,469,0,0,0,0,0,0,0,0,0,0,273,6,17,0,0,-42000,3000,0,42000,-42000,42000,0,1,0.25,4,7,-1324004275,0,1309324210,-1440044374,2097152,0,0,0
1135,Circolo della Terra,"Questo gruppo, composto dai più potenti Sciamani di Azeroth, ha come obiettivo il mantenimento dell'equilibrio tra le forze elementali. Dopo il Cataclisma, hanno concentrato i loro sforzi nel tentativo di riparare i danni causati dall'arrivo di Alamorte.",110,1162,0,0,0,0,0,0,0,0,0,0,16,0,0,0,0,0,0,0,42000,0,0,0,0,0,5,5,-1,-1,0,0,0,0,0,0
1136,Conversione di Tranquillien,,100,0,0,0,0,0,0,0,0,0,0,0,4,0,0,0,0,0,0,0,42000,0,0,0,0,0,0,0,-1,-1,0,0,0,0,0,0
1137,Conversione delle Fiere Glaciali,,101,0,0,0,0,0,0,0,-1,0,0,0,4,0,0,0,0,0,0,0,42000,0,0,0,0,0,0,0,-1,-1,0,0,0,0,0,0
1138,Cataclysm - Nuova Reputazione Neutrale,,-1,0,0,0,0,0,0,0,0,0,0,0,0,0,0,0,0,0,0,0,0,0,0,0,1,1,0,0,0,0,0,0,0,0,0,0
1142,Resti dei Magram,,-1,0,0,0,0,0,0,0,0,0,0,0,0,0,0,0,0,0,0,0,0,0,0,0,0,0,0,0,0,0,0,0,0,0,0,0
1143,Figli di Gelkis,,-1,0,0,0,0,0,0,0,0,0,0,0,0,0,0,0,0,0,0,0,0,0,0,0,0,0,0,0,0,0,0,0,0,0,0,0
1144,RIUSO,,-1,0,0,0,0,0,0,0,0,0,0,0,0,0,0,0,0,0,0,0,0,0,0,0,0,0,0,0,0,0,0,0,0,0,0,0
1145,Odia tutto,,-1,0,0,0,0,0,0,0,0,0,0,0,0,0,0,0,0,0,0,0,0,0,0,0,0,0,0,0,0,0,0,0,0,0,0,0
1152,"GIOCATORE, Goblin",,-1,0,0,0,0,0,0,0,0,0,0,0,0,0,0,0,0,0,0,0,0,0,0,0,1,1,5,5,0,0,0,0,0,0,0,0
1153,"GIOCATORE, Worgen",,-1,0,0,0,0,0,0,0,0,0,0,0,0,0,0,0,0,0,0,0,0,0,0,0,1,1,5,5,0,0,0,0,0,0,0,0
1154,Conversione del Patto d'Argento,,102,0,0,0,0,0,0,0,0,0,0,0,4,0,0,0,0,0,0,0,42000,0,0,0,0,0,0,0,-1,-1,0,0,0,0,0,0
1155,Conversione dei Predatori del Sole,,103,0,0,0,0,0,0,0,0,0,0,0,4,0,0,0,0,0,0,0,42000,0,0,0,0,0,0,0,-1,-1,0,0,0,0,0,0
1156,Verdetto Cinereo,"Grazie a un patto tra Tirion Fordring e Darion Mograine, la Crociata d'Argento e i Cavalieri della Spada d'Ebano hanno messo temporaneamente da parte i loro dissapori e assieme comandano l'attacco finale alla Rocca della Corona di Ghiaccio.",104,1097,0,0,0,0,0,0,0,0,0,0,16,0,0,0,0,0,0,0,42000,0,0,0,0,0,0,0,-1,-1,0,0,0,0,0,0
1157,Pigmeo,,-1,0,0,0,0,0,0,0,0,0,0,0,0,0,0,0,0,0,0,0,0,0,0,0,0,0,0,0,0,0,0,0,0,0,0,0
1158,Guardiani di Hyjal,"Costretti ad affrontare l'imminente devastazione del Monte Hyjal, i più potenti membri del Circolo Cenariano hanno unito le forze con lo Stormo dei Draghi di Smeraldo per combattere le forze elementali di Ragnaros e del Martello del Crepuscolo.",113,1162,0,0,0,0,0,0,0,0,0,0,16,0,0,0,0,0,0,0,42000,0,0,0,0,0,0,0,-1,-1,0,0,0,0,0,0
1159,CLB - Bandiera - Alleanza 2,,-1,0,0,0,0,0,0,0,0,0,0,0,0,0,0,0,0,0,0,0,0,0,0,0,1,1,5,5,0,0,0,0,0,0,0,0
1160,CLB - Bandiera - Orda 2,,-1,0,0,0,0,0,0,0,0,0,0,0,0,0,0,0,0,0,0,0,0,0,0,0,1,1,5,5,0,0,0,0,0,0,0,0
1161,Totem Truce,,-1,0,0,0,0,0,0,0,0,0,0,0,0,0,0,0,0,0,0,0,0,0,0,0,0,0,0,0,0,0,0,0,0,0,0,0
1162,Cataclysm,,111,0,3,0,0,0,0,0,0,0,0,0,4104,0,0,0,0,0,0,0,0,0,0,0,0,0,0,0,-1,-1,0,0,0,0,0,0
1168,Gilda,"La reputazione di gilda è il tuo personale livello di prestigio con la gilda a cui appartieni, ed è necessaria per acquistare degli oggetti particolari. La reputazione di gilda sale guadagnando esperienza di gilda.",114,1169,0,0,2,0,0,0,0,0,0,0,528,0,0,0,0,0,0,0,42000,0,0,0,0,0,0,0,-1,-1,0,0,0,0,0,0
1169,Gilda,,115,0,0,0,0,0,0,0,0,0,0,0,4120,0,0,0,0,0,0,0,0,0,0,0,0,0,0,0,-1,-1,0,0,0,0,0,0
1171,Therazane,"Rocciafonda, il Piano Elementale della Terra, è governato da Therazane e dai suoi figli, i Signori della Pietra. Dopo aver assistito alla devastazione del suo reame causata da Alamorte e dai suoi seguaci, Therazane tratta ora ogni estraneo con ostilità.",116,1162,0,0,0,0,0,0,0,0,0,0,64,0,0,0,-42000,0,0,0,42000,0,0,0,0,0,0,0,-1,-1,0,0,0,0,0,0
1172,Clan Fauci di Drago,"Questo clan ribelle di Orchi un tempo al servizio di Alamorte, aveva lo scopo di catturare i Draghi Rossi, inclusa la stessa Alexstrasza. Recentemente il loro numero è notevolmente diminuito, e la loro patria è ora nelle Alture del Crepuscolo.",117,1162,0,0,0,0,0,0,0,0,0,0,16,0,0,0,0,-42000,0,0,42000,-42000,0,0,0,0,0,0,1309324210,-1440044374,-1321907123,1427461461,0,0,0,0
1173,Ramkahen,"Il popolo dalle sembianze feline dei Ramkahen discende dai Tol'vir, gli antichi guardiani di Uldum. Nonostante abbiano perduto i loro corpi di pietra, l'istinto di protezione verso i segreti dei Titani fa ancora parte della loro rigida tradizione.",118,1162,0,0,0,0,0,0,0,0,0,0,16,0,0,0,0,0,0,0,42000,0,0,0,0,0,0,0,-1,-1,0,0,0,0,0,0
1174,Clan Granmartello,"I Nani di Granmartello sono noti per il coraggio e l'abilità nel cavalcare Grifoni. Dopo aver perduto la loro dimora di Grim Batol a causa della Maledizione di Ferroscuro, hanno spostato il loro dominio nelle Alture del Crepuscolo.",119,1162,0,0,0,0,0,0,0,0,0,0,16,4,0,0,0,-42000,0,0,42000,-42000,0,0,0,0,0,0,-1321907123,1427461461,1309324210,-1440044374,0,0,0,0
1177,Custodi di Baradin,"Un tempo guidati dal Duca Reginald Baradin II, questa feroce armata è storicamente legata all'isola fortezza di Tol Barad. Si sono uniti all'Alleanza per respingere l'invasione dell'Orda e riottenere il controllo di questa postazione strategica.",122,1162,0,0,0,0,0,0,0,0,0,0,0,6,0,0,0,-42000,0,0,42000,-42000,0,0,0,0,0,0,-1321907123,1427461461,1309324210,-1440044374,0,0,0,0
1178,Avanguardia di Malogrido,"L'Avanguardia di Malogrido è un reggimento elitario dell'Orda composto solamente da veterani. Scelti con cura dallo stesso Garrosh in persona, hanno ricevuto l'ordine di assumere il controllo di Tol Barad. Il fallimento non sarà tollerato.",123,1162,0,0,0,0,0,0,0,0,0,0,6,16,0,0,-42000,0,0,0,-42000,42000,0,0,0,0,0,0,-1321907123,1427461461,1309324210,-1440044374,0,0,0,0
1179,Melma,,-1,0,0,0,0,0,0,0,0,0,0,0,0,0,0,0,0,0,0,0,0,0,0,0,1,1,5,5,0,0,0,0,0,0,0,0
1181,"Amichevole, Nuovo",,-1,0,0,0,0,0,0,0,0,0,0,0,0,0,0,0,0,0,0,0,0,0,0,0,1,1,0,0,0,0,0,0,0,0,0,0
1189,K3,,-1,0,0,0,0,0,0,0,0,0,0,0,0,0,0,0,0,0,0,0,0,0,0,0,1,1,5,5,0,0,0,0,0,0,0,0
1204,Vendicatori di Hyjal,"Infuriati dalla devastazione portata dal Signore delle Fiamme, il Circolo Cenariano si è deciso ad affrontare una volta per tutte Ragnaros e a invadere le profondità delle Terre del Fuoco.",127,1162,0,0,0,0,0,0,0,0,0,0,16,0,0,0,0,0,0,0,42000,0,0,0,0,0,0,0,-1,-1,0,0,0,0,0,0
1216,Accademia di Shang Xi,"Da ormai quasi tre generazioni lo stimato Shang Xi addestra gli eroi Pandaren, preparandoli a una vita piena di avventure.",131,1245,0,0,0,0,0,0,0,0,0,0,81,0,0,0,3000,0,0,0,42000,0,0,0,0,0,0,0,58720256,0,0,0,0,0,0,0
1228,Hozen della Foresta,"Un'effimera, violenta e aggressiva razza scimmiesca.",144,1245,0,0,0,0,0,0,0,0,0,0,2,2,0,0,-42000,-42000,0,0,42000,-42000,0,0,0,0,5,5,1309324210,-1440044374,-1321907123,1427461461,0,0,0,0
1233,CdT Pozzo dell'Eternità - Illidan,,-1,0,0,0,0,0,0,0,0,0,0,0,0,0,0,0,0,0,0,0,0,0,0,0,1,1,0,0,0,0,0,0,0,0,0,0
1234,CdT Pozzo dell'Eternità - Alti Elfi,,-1,0,0,0,0,0,0,0,0,0,0,0,0,0,0,0,0,0,0,0,0,0,0,0,1,1,0,0,0,0,0,0,0,0,0,0
1235,CdT Pozzo dell'Eternità - Illidan (furtivo),,-1,0,0,0,0,0,0,0,0,0,0,0,0,0,0,0,0,0,0,0,0,0,0,0,1,1,0,0,0,0,0,0,0,0,0,0
1237,CdT Pozzo dell'Eternità - Demoni,,-1,0,0,0,0,0,0,0,0,0,0,0,0,0,0,0,0,0,0,0,0,0,0,0,1,1,0,0,0,0,0,0,0,0,0,0
1240,CdT Pozzo dell'Eternità - Sfere Demoniache,,-1,0,0,0,0,0,0,0,0,0,0,0,0,0,0,0,0,0,0,0,0,0,0,0,0,0,0,0,0,0,0,0,0,0,0,0
1241,CdT Pozzo dell'Eternità - Inseguitori di Cacciatori,,-1,0,0,0,0,0,0,0,0,0,0,0,0,0,0,0,0,0,0,0,0,0,0,0,1,1,0,0,0,0,0,0,0,0,0,0
1242,Jinyu Pinnavitrea,Una schiva e metodica razza pesciforme.,143,1245,0,0,0,0,0,0,-1,0,0,0,16,2,0,0,0,-42000,0,0,42000,-42000,0,0,0,0,0,0,-1321907123,1427461461,1309324210,-1440044374,0,0,0,0
1243,Hozen,Una selvaggia e aggressiva razza scimmiesca.,-1,1245,0,0,0,0,0,0,2047,0,0,0,2,0,0,0,-42000,0,0,0,42000,0,0,0,0,0,0,0,1309324210,-1440044374,0,0,0,0,0,0
1245,Mists of Pandaria,,145,0,4,0,0,0,0,0,0,0,0,0,4104,0,0,0,0,0,0,0,0,0,0,0,0,0,0,0,-1,-1,0,0,0,0,0,0
1249,"GIOCATORE, Espansione 4 Neutrale",,-1,0,0,0,0,0,0,0,0,0,0,0,0,0,0,0,0,0,0,0,0,0,0,0,1,1,5,5,0,0,0,0,0,0,0,0
1252,Sha,Gli spiriti malvagi della terra.,-1,0,0,0,0,0,0,0,0,0,0,0,0,0,0,0,0,0,0,0,0,0,0,0,0,0,0,0,0,0,0,0,0,0,0,0
1253,Guardiani del Tempio dell'Est,,-1,0,0,0,0,0,0,0,0,0,0,0,0,0,0,0,0,0,0,0,0,0,0,0,0,0,0,0,0,0,0,0,0,0,0,0
1265,Shen'dralar,Costituiscono ciò che resta di un gruppo di potenti Elfi che abitavano Maglio Infausto; ancora oggi sono considerati grandi saggi e detentori di incredibili segreti.,-1,1118,0,0,0,0,0,0,0,0,0,0,0,0,0,0,0,0,0,0,0,0,0,0,1,1,5,5,0,0,0,0,0,0,0,0
1268,Mogu,"Antichi abitanti di queste terre, i Mogu odiano tutte le nuove razze, compresi i recenti Pandaren.",-1,1245,0,0,0,0,0,0,0,0,0,0,0,0,0,0,0,0,0,0,0,0,0,0,1,1,0,0,0,0,0,0,0,0,0,0
1269,Loto Dorato,Questa misteriosa organizzazione di Pandaren ha come scopo la risoluzione del problema dei Mogu una volta per tutte.,167,1245,0,0,1,0,0,0,0,0,0,0,16,0,0,0,0,0,0,0,42000,0,0,0,0,0,0,0,-1,-1,0,0,0,0,0,0
1270,Shandaren,"Elusivi protettori dei templi di Pandaria, gli Shandaren sono una fazione avvolta nel mistero.",182,1245,0,0,1,0,0,0,0,0,0,0,16,0,0,0,0,0,0,0,42000,0,0,0,0,0,0,0,-1,-1,0,0,0,0,0,0
1271,Ordine della Serpe delle Nubi,Guardiani del Tempio dell'Est.,154,1245,0,0,1,0,0,0,-1,0,0,0,16,0,0,0,3000,0,0,0,42000,0,0,0,0,0,0,0,-1,-1,0,0,0,0,0,0
1272,Coltivatori,I Coltivatori sono un gruppo di pacifici e produttivi Pandaren che lavorano la terra per saziare il grande appetito della loro gente.,171,1245,0,0,1,0,0,0,-1,0,0,0,152,0,0,0,0,0,0,0,42000,0,0,0,0,0,0,0,-1,-1,0,0,0,0,0,0
1273,Jogu l'Ubriaco,Jogu passa le giornate a fissare il fondo delle bottiglie più economiche che il Birrificio Triplo Malto ha da offrire.,156,1272,0,21,0,0,0,0,0,0,0,0,16,0,0,0,0,0,0,0,42000,0,0,0,0,0,0,0,-1,-1,0,0,0,0,0,0
1275,Ella,"Ella aspira a diventare un grande birraio, ma deve ancora fare molta esperienza!",158,1272,0,17,0,0,0,0,0,0,0,0,16,0,0,0,0,0,0,0,42000,0,0,0,0,0,0,0,-1,-1,0,0,0,0,0,0
1276,Vecchio Zampa Brulla,Il Vecchio Zampa Brulla è il più esperto allevatore di polli della zona.,159,1272,0,22,0,0,0,0,0,0,0,0,16,0,0,0,0,0,0,0,42000,0,0,0,0,0,0,0,-1,-1,0,0,0,0,0,0
1277,Ghi Ghi,"Se hai mai avuto domande sulle pecore, Ghi Ghi è la persona con le risposte.",160,1272,0,16,0,0,0,0,0,0,0,0,16,0,0,0,0,0,0,0,42000,0,0,0,0,0,0,0,-1,-1,0,0,0,0,0,0
1278,Sho,"Prode e corpulento difensore delle fattorie, Sho è sempre disponibile a mettere a disposizione la sua forza.",161,1272,0,23,0,0,0,0,0,0,0,0,16,0,0,0,0,0,0,0,42000,0,0,0,0,0,0,0,-1,-1,0,0,0,0,0,0
1279,Haohan Palmo Florido,"Rispettabile capo dei Coltivatori, Haohan Palmo Florido è una persona piena di responsabilità.",162,1272,0,20,0,0,0,0,0,0,0,0,16,0,0,0,0,0,0,0,42000,0,0,0,0,0,0,0,-1,-1,0,0,0,0,0,0
1280,Tina Palmo Florido,Tina Palmo Florido adora tutte le cose delicate e raffinate che la vita ha da offrire.,163,1272,0,24,0,0,0,0,0,0,0,0,16,0,0,0,0,0,0,0,42000,0,0,0,0,0,0,0,-1,-1,0,0,0,0,0,0
1281,Gina Palmo Florido,Gestire il Mercato di Mezzocolle rende la giornata di Gina Palmo Florido molto stressante!,164,1272,0,19,0,0,0,0,0,0,0,0,16,0,0,0,0,0,0,0,42000,0,0,0,0,0,0,0,-1,-1,0,0,0,0,0,0
1282,Trota Mezza Canna,Trota Mezza Canna ha riportato alla luce eventi della storia della sua terra dimenticati da tempo.,165,1272,0,18,0,0,0,0,0,0,0,0,16,0,0,0,0,0,0,0,42000,0,0,0,0,0,0,0,-1,-1,0,0,0,0,0,0
1283,Contadino Fung,Il Contadino Fung coltiva la verdura più grande di tutto il Cuorflorido.,166,1272,0,2,0,0,0,0,0,0,0,0,16,0,0,0,0,0,0,0,42000,0,0,0,0,0,0,0,-1,-1,0,0,0,0,0,0
1286,Guardiani della Gru Rossa,,-1,0,0,0,0,0,0,0,0,0,0,0,0,0,0,0,0,0,0,0,0,0,0,0,0,0,0,0,0,0,0,0,0,0,0,0
1302,Lancialenza,I Lancialenza sono un gruppo di pescatori Pandaren desiderosi di nutrire la loro gente e di migliorare la loro abilità con la canna.,172,1245,0,0,1,0,0,0,0,0,0,0,152,0,0,0,0,0,0,0,42000,0,0,0,0,0,0,0,-1,-1,0,0,0,0,0,0
1336,Sciame dei Mantid,"Il vorace sciame dei Mantid vaga per le Steppe di Tong Long e le Distese del Terrore, distruggendo tutto ciò che incontra.",-1,1245,0,0,0,0,0,0,0,0,0,0,0,0,0,0,0,0,0,0,0,0,0,0,1,1,0,0,0,0,0,0,0,0,0,0
1337,Klaxxi,Questi anziani dei Mantid sono rimasti incontaminati dalla corruzione e dalla pazzia che hanno sconvolto il resto dello sciame. Desiderano cooperare con le altre razze di Pandaria nel tentativo di riportare la loro regina alla ragione.,181,1245,0,0,1,0,0,0,0,0,0,0,16,0,0,0,0,0,0,0,42000,0,0,0,0,0,0,0,-1,-1,0,0,0,0,0,0
1338,Mogu Gurthan,,-1,0,0,0,0,0,0,0,0,0,0,0,0,0,0,0,0,0,0,0,0,0,0,0,0,0,0,0,0,0,0,0,0,0,0,0
1339,Mogu Harthak,,-1,0,0,0,0,0,0,0,0,0,0,0,0,0,0,0,0,0,0,0,0,0,0,0,0,0,0,0,0,0,0,0,0,0,0,0
1340,Mogu Korgesh,,-1,0,0,0,0,0,0,0,0,0,0,0,0,0,0,0,0,0,0,0,0,0,0,0,0,0,0,0,0,0,0,0,0,0,0,0
1341,Venerabili Celestiali,Queste coraggiose entità difendono i templi di Pandaria dalla crudeltà degli Sha.,183,1245,0,0,1,0,0,0,0,0,0,0,16,0,0,0,0,0,0,0,42000,0,0,0,0,0,0,0,-1,-1,0,0,0,0,0,0
1345,Raminghi della Sapienza,"Custodi dei misteri di Pandaria, queste anime coraggiose errano per il continente, sperando di apprendere dal passato.",184,1245,0,0,1,0,0,0,0,0,0,0,16,0,0,0,0,0,0,0,42000,0,0,0,0,0,0,0,-1,-1,0,0,0,0,0,0
1351,Mastri Birrai,"Questi nobili Pandaren custodiscono i segreti dell'arte birraia, affrontando con coraggio le innumerevoli avversità legate alla produzione delle loro preziose creazioni.",186,1245,0,0,1,0,0,0,0,0,0,0,0,0,0,0,0,0,0,0,42000,0,0,0,0,0,0,0,-1,-1,0,0,0,0,0,0
1352,Pandaren Huojin,"Guidati dall'intrepido Ji Palmo Infuocato, i Pandaren Huojin sono sempre pronti a combattere con ardore per ciò in cui credono.",187,67,0,0,0,0,0,0,0,0,0,0,273,6,0,0,3100,-42000,0,0,42000,-42000,0,0,1,0.25,4,7,1309324210,-1440044374,-1321907123,1427461461,0,0,0,0
1353,Pandaren Tushui,"Guidati dalla leale Aysa Canta Nubi, i Pandaren Tushui credono nella contemplazione e nelle azioni ben ponderate.",188,469,0,0,0,0,0,0,0,0,0,0,273,6,17,0,3100,-42000,3000,0,42000,-42000,42000,0,1,0.25,4,7,-1324004275,0,1309324210,-1440044374,2097152,0,0,0
1357,Nomi,Cucina 5.0 - Questa è una fazione nascosta usata per far salire di livello Nomi.,191,0,0,25,0,0,0,0,0,0,0,0,4,0,0,0,0,0,0,0,42000,0,0,0,0,0,0,0,-1,-1,0,0,0,0,0,0
1358,Nat Pagle,"Pescatore esperto e amante dell'alcol, Nat Pagle nasconde un forte amore per l'insegnamento dietro il suo carattere irascibile.",192,1302,0,26,0,0,0,0,0,0,0,0,16,0,0,0,0,0,0,0,42000,0,0,0,0,0,0,0,-1,-1,0,0,0,0,0,0
1359,Principe Nero,Il Principe Nero Irathion è l'ultimo dei Draghi Neri. È noto per la sua grande generosità nei confronti di chi riesce a ottenere la sua fiducia e lo supporta nelle sue imprese.,193,1245,0,0,0,0,0,0,-1,0,0,0,16,0,0,0,2800,0,0,0,42000,0,0,0,0,0,0,0,-1,-1,0,0,0,0,0,0
1364,"Amichevole, Reazione Forzata 2",,-1,0,0,0,0,0,0,0,0,0,0,0,0,0,0,0,0,0,0,0,0,0,0,0,1,1,5,5,0,0,0,0,0,0,0,0
1366,"Amichevole, Reazione Forzata 3",,-1,0,0,0,0,0,0,0,0,0,0,0,0,0,0,0,0,0,0,0,0,0,0,0,1,1,5,5,0,0,0,0,0,0,0,0
1367,"Amichevole, Reazione Forzata 4",,-1,0,0,0,0,0,0,0,0,0,0,0,0,0,0,0,0,0,0,0,0,0,0,0,1,1,5,5,0,0,0,0,0,0,0,0
1368,"Amichevole, Reazione Forzata 5",,-1,0,0,0,0,0,0,0,0,0,0,0,0,0,0,0,0,0,0,0,0,0,0,0,1,1,5,5,0,0,0,0,0,0,0,0
1369,"Amichevole, Reazione Forzata 6",,-1,0,0,0,0,0,0,0,0,0,0,0,0,0,0,0,0,0,0,0,0,0,0,0,1,1,5,5,0,0,0,0,0,0,0,0
1370,"Amichevole, Reazione Forzata 7",,-1,0,0,0,0,0,0,0,0,0,0,0,0,0,0,0,0,0,0,0,0,0,0,0,1,1,5,5,0,0,0,0,0,0,0,0
1371,Pan'don,,-1,0,0,0,0,0,0,0,0,0,0,0,0,0,0,0,0,0,0,0,0,0,0,0,0,0,0,0,0,0,0,0,0,0,0,0
1372,Dolcemiele,,-1,0,0,0,0,0,0,0,0,0,0,0,0,0,0,0,0,0,0,0,0,0,0,0,0,0,0,0,0,0,0,0,0,0,0,0
1374,Arena dei Combattenti (Stagione 1),La prima stagione del Circolo dei Combattenti dell'Orda si è svolta durante la campagna di Pandaria.,197,892,0,171,0,0,0,0,0,0,0,0,16,0,0,0,0,0,0,0,9000,0,0,0,0,0,0,0,1309324210,-1440044374,0,0,0,0,0,0
1375,Offensiva del Dominio,"Forze dell'Orda, di stanza al Presidio del Dominio nella Giungla di Krasarang.",198,1245,0,0,1,0,0,0,0,0,0,0,144,2,0,0,0,-42000,0,0,42000,-42000,0,0,0,0,0,0,1309324210,-1440044374,-1321907123,1427461461,0,0,0,0
1376,Operazione Baluardo,"Forze dell'Alleanza, di stanza all'Approdo del Leone nella Giungla di Krasarang.",199,1245,0,0,1,0,0,0,0,0,0,0,144,2,0,0,0,-42000,0,0,42000,-42000,0,0,0,0,0,0,-1321907123,1427461461,1309324210,-1440044374,0,0,0,0
1387,Rivalsa del Kirin Tor,"Infiammati dalla furia di Jaina, i membri della Rivalsa del Kirin Tor vogliono prendere il controllo dell'Isola del Tuono per la gloria dell'Alleanza!",207,1245,0,0,1,0,0,0,0,0,0,0,144,2,0,0,3000,-42000,0,0,42000,-42000,0,0,0,0,0,0,-1321907123,1427461461,1309324210,-1440044374,0,0,0,0
1388,Furia dei Predatori del Sole,"Scacciati da Dalaran, i membri della Furia dei Predatori del Sole vogliono impadronirsi dei potenti manufatti dei Mogu nascosti tra le rovine dell'Isola del Tuono, per premunirsi in caso l'Orda dovesse sprofondare nell'anarchia.",208,1245,0,0,1,0,0,0,0,0,0,0,144,2,0,0,3000,-42000,0,0,42000,-42000,0,0,0,0,0,0,1309324210,-1440044374,-1321907123,1427461461,0,0,0,0
1416,Fiducia di Akama,"Akama diffida degli Stregoni dopo aver assistito alla caduta di Illidan a causa della sua corruzione, seguita dall'invasione del Tempio Nero da parte degli Stregoni stessi dopo il Cataclisma.",221,1245,4,0,0,0,0,0,-1,0,0,0,0,0,0,0,500,0,0,0,1000,0,0,0,1,1,0,0,-1,-1,0,0,0,0,0,0
1419,Club dei Combattenti di Bizmo (Stagione 1),La prima stagione del Circolo dei Combattenti dell'Alleanza si è svolta durante la campagna di Pandaria.,220,891,0,172,0,0,0,0,0,0,0,0,16,0,0,0,0,0,0,0,9000,0,0,0,0,0,0,0,-1321907123,1427461461,0,0,0,0,0,0
1433,"Mostro, Forzato neutrale per reazione di forza",,227,0,0,0,0,0,0,0,-1,0,0,0,20,0,0,0,100,0,0,0,100,0,0,0,0,0,0,0,-1,-1,0,0,0,0,0,0
1435,Avanzata degli Shandaren,Questi valorosi Shandaren vogliono assaltare il Regno del Tuono per eliminare il male al suo interno e ottenere giustizia per i secoli di schiavitù che vissero sotto il regno di Lei Shen.,228,1245,0,0,0,0,0,0,-1,0,0,0,16,0,0,0,0,0,0,0,42000,0,0,0,0,0,0,0,-1,-1,0,0,0,0,0,0
1440,Ribellione dei Lanciascura,"Vol'jin ha avviato una ribellione contro Garrosh Malogrido. Con l'aiuto delle forze dell'Orda e dell'Alleanza, sta raccogliendo risorse in preparazione di un assalto a Orgrimmar.",229,1245,0,72,0,0,0,0,0,0,0,0,16,0,0,0,0,0,0,0,10000,0,0,0,0,0,0,0,-1,-1,0,0,0,0,0,0
1443,Kor'kron,,-1,0,0,0,0,0,0,0,0,0,0,0,0,0,0,0,0,0,0,0,0,0,0,0,0,0,0,0,0,0,0,0,0,0,0,0
1444,Warlords of Draenor,,230,0,5,0,0,0,0,0,0,0,0,0,4120,0,0,0,0,0,0,0,0,0,0,0,0,0,0,0,-1,-1,0,0,0,0,0,0
1445,Orchi Lupi Bianchi,"Gli Orchi Lupi Bianchi della Landa di Fuocogelo costituiscono una grande famiglia di brutali guerrieri, ben equipaggiati per sopravvivere nelle terre selvagge di Draenor.",231,1444,0,0,0,0,0,0,0,0,0,0,16,2,0,0,3000,-42000,0,0,42000,-42000,0,0,0,0,0,0,1309324210,-1440044374,-1321907123,1427461461,0,0,0,0
1447,Troll Lanciascura,,-1,0,0,0,0,0,0,0,0,0,0,0,0,0,0,0,0,0,0,0,0,0,0,0,0,0,0,0,0,0,0,0,0,0,0,0
1457,Sporoidi,,-1,0,0,0,0,0,0,0,0,0,0,0,0,0,0,0,0,0,0,0,0,0,0,0,1,1,5,5,0,0,0,0,0,0,0,0
1483,Mangia-Sporoidi,,-1,0,0,0,0,0,0,0,0,0,0,0,0,0,0,0,0,0,0,0,0,0,0,0,1,1,5,5,0,0,0,0,0,0,0,0
1491,Viaggiatori nel Tempo,I Viaggiatori nel Tempo proteggono le vie temporali da coloro che desiderano avvantaggiarsi della mortalità dello Stormo dei Draghi di Bronzo; molti di essi sono avventurieri o studiosi che in passato hanno collaborato con i Custodi del Tempo.,-1,0,0,0,0,0,0,0,0,0,0,0,0,0,0,0,0,0,0,0,0,0,0,0,0,0,0,0,0,0,0,0,0,0,0,0
1492,Imperatore Shaohao,"Shaohao, l'indimenticato ultimo Imperatore di Pandaria, è un personaggio degno del massimo rispetto.",241,1245,0,0,0,0,0,0,-1,0,0,0,16,0,0,0,0,0,0,0,42000,0,0,0,0,0,0,0,-1,-1,0,0,0,0,0,0
1496,Ogre di Fuocogelo,"Gli Ogre di Fuocogelo non sono molto interessanti, ma adorano discutere.",-1,1444,0,0,0,0,0,0,0,0,0,0,0,0,0,0,0,0,0,0,0,0,0,0,1,1,0,0,0,0,0,0,0,0,0,0
1500,Fantasma Rosso,Sei stato corrotto dal potere di Ordos e attacchi amici e nemici in preda a una folle rabbia.,-1,0,0,0,0,0,0,0,0,0,0,0,0,0,0,0,0,0,0,0,0,0,0,0,0,0,0,0,0,0,0,0,0,0,0,0
1508,Orchi Torvaluna,,-1,0,0,0,0,0,0,0,0,0,0,0,0,0,0,0,0,0,0,0,0,0,0,0,0,0,0,0,0,0,0,0,0,0,0,0
1509,Pallidi,,-1,0,0,0,0,0,0,0,0,0,0,0,0,0,0,0,0,0,0,0,0,0,0,0,0,0,0,0,0,0,0,0,0,0,0,0
1514,Proseliti di Rukhmar,"Adoratori dell'oscura divinità Rukhmar, questi loschi esseri desiderano solo macchiare il mondo col sangue dei loro nemici.",-1,0,0,0,0,0,0,0,0,0,0,0,0,0,0,0,0,0,0,0,0,0,0,0,1,1,0,0,0,0,0,0,0,0,0,0
1515,Esiliati Arakkoa,"Lavorando nell'ombra, gli Esiliati Arakkoa desiderano l'avvento di un domani più luminoso.",247,1444,0,0,0,0,0,0,0,0,0,0,16,0,0,0,0,0,0,0,42000,0,0,0,0,0,0,0,-1,-1,0,0,0,0,0,0
1520,Esiliati Torvaluna,,205,1444,0,0,0,0,0,0,0,0,0,0,20,0,0,0,0,0,0,0,0,0,0,0,1,1,0,0,0,0,0,0,0,0,0,0
1521,Concilio dell'Ombra,,-1,0,0,0,0,0,0,0,0,0,0,0,0,0,0,0,0,0,0,0,0,0,0,0,0,0,0,0,0,0,0,0,0,0,0,0
1591,"Draenei, Draenor",,-1,0,0,0,0,0,0,0,0,0,0,0,0,0,0,0,0,0,0,0,0,0,0,0,0,0,0,0,0,0,0,0,0,0,0,0
1617,Primordiale,,-1,0,0,0,0,0,0,0,0,0,0,0,0,0,0,0,0,0,0,0,0,0,0,0,0,0,0,0,0,0,0,0,0,0,0,0
1618,Spezzatore,,-1,0,0,0,0,0,0,0,0,0,0,0,0,0,0,0,0,0,0,0,0,0,0,0,0,0,0,0,0,0,0,0,0,0,0,0
1623,Orda di Ferro,Un'instabile alleanza tra i numerosi clan degli Orchi di Draenor sotto il comando di Grommash Malogrido.,-1,1245,0,0,0,0,0,0,0,0,0,0,0,0,0,0,0,0,0,0,0,0,0,0,1,1,0,0,0,0,0,0,0,0,0,0
1665,Sargerei,Questi Draenei corrotti al servizio del Concilio dell'Ombra hanno sacrificato tutto per placare la loro sete di potere.,-1,0,0,0,0,0,0,0,0,0,0,0,0,0,0,0,0,0,0,0,0,0,0,0,0,0,0,0,0,0,0,0,0,0,0,0
1674,Spore di Draenor,,-1,0,0,0,0,0,0,0,0,0,0,0,0,0,0,0,0,0,0,0,0,0,0,0,0,0,0,0,0,0,0,0,0,0,0,0
1679,Operazione Armadillo,,251,1444,0,0,0,0,0,0,0,0,0,0,4,0,0,0,0,0,0,0,10000,0,0,0,0,0,0,0,0,0,0,0,0,0,0,0
1680,Altomaglio,Agli Ogre Altomaglio piacciono le toghe e i combattimenti dei gladiatori.,-1,1444,0,0,0,0,0,0,0,0,0,0,0,0,0,0,0,0,0,0,0,0,0,0,1,1,0,0,0,0,0,0,0,0,0,0
1681,Lancia di Vol'jin,"Forze dell'Orda di stanza ad Ashran, presso Lancia da Guerra.",252,892,0,0,0,0,0,0,0,0,0,0,16,18,0,0,0,-42000,0,0,42000,-42000,0,0,0,0,0,0,1309324210,-1440044374,-1321907123,1427461461,0,0,0,0
1682,Avanguardia di Wrynn,"Forze dell'Alleanza di stanza ad Ashran, presso Scudo del Vento.",253,891,0,0,0,0,0,0,0,0,0,0,16,18,0,0,0,-42000,0,0,42000,-42000,0,0,0,0,0,0,-1321907123,1427461461,1309324210,-1440044374,0,0,0,0
1687,Goren di Gorgrond,,-1,0,0,0,0,0,0,0,0,0,0,0,0,0,0,0,0,0,0,0,0,0,0,0,0,0,0,0,0,0,0,0,0,0,0,0
1690,Arena dei Combattenti (Stagione 2),La seconda stagione del Circolo dei Combattenti dell'Orda si è svolta durante la campagna di Draenor.,136,892,0,212,0,0,0,0,0,0,0,0,16,0,0,0,0,0,0,0,7000,0,0,0,1,1,0,0,1309324210,-1440044374,0,0,0,0,0,0
1691,Club dei Combattenti di Bizmo (Stagione 2),La seconda stagione del Circolo dei Combattenti dell'Alleanza si è svolta durante la campagna di Draenor.,135,891,0,210,0,0,0,0,0,0,0,0,16,0,0,0,0,0,0,0,7000,0,0,0,1,1,0,0,-1321907123,1427461461,0,0,0,0,0,0
1708,Orchi Teschio Ridente,"I membri del Clan Teschio Ridente vivono nei recessi più selvaggi di Draenor, ridendo maniacalmente degli infiniti pericoli che li circondano.",107,1444,0,0,0,0,0,0,0,0,0,0,16,2,0,0,3000,-42000,0,0,42000,-42000,0,0,0,0,0,0,1309324210,-1440044374,-1321907123,1427461461,0,0,0,0
1710,Protettori Sha'tari,"I difensori di Shattrath, dopo essere stati traditi dall'interno, combattono per riprendere il controllo della loro capitale.",121,1444,0,0,0,0,0,0,0,0,0,0,16,2,0,0,0,-42000,0,0,42000,-42000,0,0,0,0,0,0,-1321907123,1427461461,1309324210,-1440044374,0,0,0,0
1711,Società di Preservazione degli Spargifumo,I Goblin della Società di Preservazione degli Spargifumo desiderano recuperare le reliquie dagli Ogre di Nagrand con il nobile intento di rivenderle al miglior offerente.,124,1444,0,0,0,0,0,0,0,0,0,0,16,0,0,0,0,0,0,0,42000,0,0,0,0,0,5,5,-1,-1,0,0,0,0,0,0
1712,GarInvasion_IronHorde,,125,1444,0,0,0,0,0,0,0,0,0,0,1028,0,0,0,0,0,0,0,42000,0,0,0,0,0,0,0,-1,-1,0,0,0,0,0,0
1713,GarInvasion_ShadowCouncil,,126,1444,0,0,0,0,0,0,0,0,0,0,1028,0,0,0,0,0,0,0,42000,0,0,0,0,0,0,0,-1,-1,0,0,0,0,0,0
1714,GarInvasion_Ogres,,128,1444,0,0,0,0,0,0,0,0,0,0,1028,0,0,0,0,0,0,0,42000,0,0,0,0,0,0,0,-1,-1,0,0,0,0,0,0
1715,GarInvasion_Primals,,129,1444,0,0,0,0,0,0,0,0,0,0,1028,0,0,0,0,0,0,0,42000,0,0,0,0,0,0,0,-1,-1,0,0,0,0,0,0
1716,GarInvasion_Breakers,,132,1444,0,0,0,0,0,0,0,0,0,0,1028,0,0,0,0,0,0,0,42000,0,0,0,0,0,0,0,-1,-1,0,0,0,0,0,0
1717,GarInvasion_ThunderLord,,133,1444,0,0,0,0,0,0,0,0,0,0,1028,0,0,0,0,0,0,0,42000,0,0,0,0,0,0,0,-1,-1,0,0,0,0,0,0
1718,GarInvasion_Shadowmoon,,134,1444,0,0,0,0,0,0,0,0,0,0,1028,0,0,0,0,0,0,0,42000,0,0,0,0,0,0,0,-1,-1,0,0,0,0,0,0
1731,Concilio degli Esarchi,"Sotto il comando di cinque potenti Esarchi, i Draenei di Draenor hanno prosperato in un mondo selvaggio.",254,1444,0,0,0,0,0,0,0,0,0,0,16,2,0,0,3000,-42000,0,0,42000,-42000,0,0,0,0,0,0,-1321907123,1427461461,1309324210,-1440044374,0,0,0,0
1732,Spedizione su Draenor degli Spargifumo,Draenor è un luogo dalle infinite opportunità... e dalla limitata concorrenza.,138,1444,0,0,0,0,0,0,-1,0,0,0,4,0,0,0,0,0,0,0,0,0,0,0,1,1,0,0,-1,-1,0,0,0,0,0,0
1733,Delvar Pugnoferreo,"Guardia del corpo personale, di stanza nella tua Caserma. Puoi instaurare un rapporto d'amicizia con Delvar invitandolo a combattere al tuo fianco.",255,1735,0,164,0,0,0,0,0,0,0,0,16,0,0,0,0,0,0,0,20000,0,0,0,0,0,0,0,-1321907123,1427461461,0,0,0,0,0,0
1735,Guardie del Corpo della Caserma,Il gruppo di guardie del corpo di stanza nella tua Caserma.,242,1444,0,0,0,0,0,0,0,0,0,0,0,0,0,0,0,0,0,0,0,0,0,0,0,0,0,0,0,0,0,0,0,0,0,0
1736,Tormmok,"Guardia del corpo personale, di stanza nella tua Caserma. Puoi instaurare un rapporto d'amicizia con Tormmok invitandolo a combattere al tuo fianco.",243,1735,0,160,0,0,0,0,0,0,0,0,16,0,0,0,0,0,0,0,20000,0,0,0,0,0,0,0,-1,-1,0,0,0,0,0,0
1737,Sacerdote dell'Artiglio Ishaal,"Guardia del corpo personale, di stanza nella tua Caserma. Puoi instaurare un rapporto d'amicizia con Ishaal invitandolo a combattere al tuo fianco.",244,1735,0,166,0,0,0,0,0,0,0,0,16,0,0,0,0,0,0,0,20000,0,0,0,0,0,0,0,-1,-1,0,0,0,0,0,0
1738,Difensore Illona,"Guardia del corpo personale, di stanza nella tua Caserma. Puoi instaurare un rapporto d'amicizia con Illona invitandola a combattere al tuo fianco.",245,1735,0,162,0,0,0,0,0,0,0,0,16,0,0,0,0,0,0,0,20000,0,0,0,0,0,0,0,-1321907123,1427461461,0,0,0,0,0,0
1739,Vivianne,"Guardia del corpo personale, di stanza nella tua Caserma. Puoi instaurare un rapporto d'amicizia con Vivianne invitandola a combattere al tuo fianco.",246,1735,0,165,0,0,0,0,0,0,0,0,16,0,0,0,0,0,0,0,20000,0,0,0,0,0,0,0,1309324210,-1440044374,0,0,0,0,0,0
1740,Aeda Albaluce,"Guardia del corpo personale, di stanza nella tua Caserma. Puoi instaurare un rapporto d'amicizia con Aeda invitandola a combattere al tuo fianco.",248,1735,0,163,0,0,0,0,0,0,0,0,16,0,0,0,0,0,0,0,20000,0,0,0,0,0,0,0,1309324210,-1440044374,0,0,0,0,0,0
1741,Leorajh,"Guardia del corpo personale, di stanza nella tua Caserma. Puoi instaurare un rapporto d'amicizia con Leorajh invitandolo a combattere al tuo fianco.",137,1735,0,167,0,0,0,0,0,0,0,0,16,0,0,0,0,0,0,0,20000,0,0,0,0,0,0,0,-1,-1,0,0,0,0,0,0
1746,Gronn di Nagrand,,-1,0,0,0,0,0,0,0,0,0,0,0,0,0,0,0,0,0,0,0,0,0,0,0,0,0,0,0,0,0,0,0,0,0,0,0
1747,Tesoro del Colosseo,,-1,0,0,0,0,0,0,0,0,0,0,0,0,0,0,0,0,0,0,0,0,0,0,0,1,1,5,5,0,0,0,0,0,0,0,0
1756,LVA_Looters,,-1,0,0,0,0,0,0,0,0,0,0,0,0,0,0,0,0,0,0,0,0,0,0,0,0,0,0,0,0,0,0,0,0,0,0,0
1757,LVA_Preservers,,-1,0,0,0,0,0,0,0,0,0,0,0,0,0,0,0,0,0,0,0,0,0,0,0,0,0,0,0,0,0,0,0,0,0,0,0
1758,LVA_Naturalists,,-1,0,0,0,0,0,0,0,0,0,0,0,0,0,0,0,0,0,0,0,0,0,0,0,0,0,0,0,0,0,0,0,0,0,0,0
1759,LVA_Machines,,-1,0,0,0,0,0,0,0,0,0,0,0,0,0,0,0,0,0,0,0,0,0,0,0,0,0,0,0,0,0,0,0,0,0,0,0
1760,Gladiatori Altomaglio,Agli Ogre Altomaglio piacciono le toghe e i combattimenti dei gladiatori.,-1,1444,0,0,0,0,0,0,0,0,0,0,0,0,0,0,0,0,0,0,0,0,0,0,1,1,0,0,0,0,0,0,0,0,0,0
1786,Invasori della Legione Infuocata,"Demoni provenienti da luoghi sconosciuti, in possesso di incredibili poteri.",-1,0,0,0,0,0,0,0,0,0,0,0,0,0,0,0,0,0,0,0,0,0,0,0,0,0,0,0,0,0,0,0,0,0,0,0
1815,Sopravvissuti di Gilneas,,140,1834,0,0,0,0,0,0,0,0,0,0,4,0,0,0,0,0,0,0,42000,0,0,0,0,0,0,0,-1,-1,0,0,0,0,0,0
1828,Tribù Alto Monte,"La Tribù Alto Monte si è ridotta di numero nel corso degli anni, e con la minaccia dei Drogbar all'orizzonte, è alla ricerca di nuovi alleati per salvare la propria terra.",141,1834,0,0,0,2085,0,0,0,0,0,0,16,17,0,0,0,3000,0,0,42000,42000,0,0,0,0,5,5,-138412033,0,134217728,0,0,0,0,0
1833,Senza Corona,"Se devi chiedere, sei già morto.",-1,1834,0,0,0,0,0,0,0,0,0,0,0,0,0,0,0,0,0,0,0,0,0,0,1,1,0,0,0,0,0,0,0,0,0,0
1834,Legion,,146,0,6,0,0,0,0,0,0,0,0,0,4120,0,0,0,0,0,0,0,0,0,0,0,0,0,0,0,-1,-1,0,0,0,0,0,0
1847,Mano del Profeta,"Yrel ha radunato gli ultimi Esarchi e ha indetto una crociata in nome di Velen. Insieme, stanno lavorando per stabilire un avamposto nella Giungla di Tanaan ed eliminare Gul'dan.",147,1444,0,0,0,0,0,0,0,0,0,0,16,2,0,0,3000,-42000,0,0,42000,-42000,0,0,0,0,0,0,-1321907123,1427461461,1309324210,-1440044374,0,0,0,0
1848,Cacciatori di Teste di Vol'jin,"Per proteggere Azeroth con una vittoria decisiva su Draenor, il Capoguerra Vol'jin ha assemblato una squadra di campioni per stabilire un avamposto nella Giungla di Tanaan ed eliminare Gul'dan.",148,1444,0,0,0,0,0,0,0,0,0,0,16,2,0,0,3000,-42000,0,0,42000,-42000,0,0,0,0,0,0,1309324210,-1440044374,-1321907123,1427461461,0,0,0,0
1849,Ordine dei Risvegliati,"Sopravvissuti a una sanguinosa guerra civile, questi Arakkoa credono che il recupero dei manufatti Apexis sia la chiave per una ricostruzione pacifica della propria civiltà.",149,1444,0,0,0,0,0,0,0,0,0,0,16,0,0,0,0,0,0,0,42000,0,0,0,0,0,5,5,-1,-1,0,0,0,0,0,0
1850,Bracconieri Selvaggi,"Le pericolose zone della Giungla di Tanaan hanno attirato i migliori cacciatori di Azeroth e Draenor. Per sconfiggere le bestie di Tanaan, bisogna dare sfogo alla propria bestia interiore.",150,1444,0,0,0,0,0,0,0,0,0,0,16,0,0,0,0,0,0,0,42000,0,0,0,0,0,5,5,-1,-1,0,0,0,0,0,0
1859,Esuli Oscuri,Questi Elfi esiliati dai Nobili Oscuri soffrono di astinenza per essere stati tagliati fuori dal Pozzo Oscuro. Si oppongono all'alleanza della propria gente con la Legione e combattono alla ricerca di riscatto.,151,1834,0,0,0,2089,0,0,0,0,0,0,16,16,17,0,0,0,42000,0,42000,42000,42000,0,0,0,5,5,-1321907123,1427461461,1242215346,0,67108864,0,0,0
1860,Sete Arcana (Thalyssra),Prima Arcanista Thalyssra,152,1859,0,181,0,0,0,0,0,0,0,0,20,0,0,0,1,0,0,0,200,0,0,0,0,0,0,0,-1,-1,0,0,0,0,0,0
1861,Sete Arcana (Silgryn),DEPRECATED,153,1859,0,182,0,0,0,0,0,0,0,0,20,0,0,0,0,0,0,0,42000,0,0,0,0,0,0,0,-1,-1,0,0,0,0,0,0
1862,Sete Arcana (Oculeth),Capo Telemante Oculeth,155,1859,0,183,0,0,0,0,0,0,0,0,20,0,0,0,1,0,0,0,200,0,0,0,0,0,0,0,-1,-1,0,0,0,0,0,0
1883,Plasmasogni,I Druidi e i loro alleati a Val'sharah proteggono il Sogno di Smeraldo da tempo immemorabile.,157,1834,0,0,0,2088,0,0,0,0,0,0,16,0,0,0,0,0,0,0,42000,0,0,0,0,0,5,5,-1,-1,0,0,0,0,0,0
1888,Vrykul di Jandvik,,168,1834,0,0,0,0,0,0,-1,0,0,0,6,0,0,0,-42000,0,0,0,42000,0,0,0,0,0,0,0,-1,-1,0,0,0,0,0,0
1894,Custodi,"Dopo che le forze della Legione hanno infranto le Segrete delle Custodi con l'aiuto di Gul'dan, le Custodi rimaste sono determinate a ricostruire la prigione e a cacciare le terrificanti bestie che sono riuscite a fuggire.",169,1834,0,0,0,2090,0,0,0,0,0,0,16,0,0,0,0,0,0,0,42000,0,0,0,0,0,5,5,-1,-1,0,0,0,0,0,0
1899,Guardie della Luna,La notte è il momento giusto.,176,1834,0,0,0,0,0,0,0,0,0,0,16,0,0,0,0,0,0,0,42000,0,0,0,0,0,5,5,-1,-1,0,0,0,0,0,0
1900,Corte di Farondis,La spettrale Corte di Farondis e i suoi alleati continuano a combattere contro gli invasori sulla maledetta isola di Azsuna.,177,1834,0,0,0,2087,0,0,0,0,0,0,16,0,0,0,0,0,0,0,42000,0,0,0,0,0,5,5,-1,-1,0,0,0,0,0,0
1905,Druido del Bosco dei Sogni,,-1,0,0,0,0,0,0,0,0,0,0,0,0,0,0,0,0,0,0,0,0,0,0,0,0,0,0,0,0,0,0,0,0,0,0,0
1910,Drogbar,,-1,0,0,0,0,0,0,0,0,0,0,0,0,0,0,0,0,0,0,0,0,0,0,0,0,0,0,0,0,0,0,0,0,0,0,0
1911,Fantasmi Kvaldir,,-1,0,0,0,0,0,0,0,0,0,0,0,0,0,0,0,0,0,0,0,0,0,0,0,0,0,0,0,0,0,0,0,0,0,0,0
1912,Kvaldir,,-1,0,0,0,0,0,0,0,0,0,0,0,0,0,0,0,0,0,0,0,0,0,0,0,0,0,0,0,0,0,0,0,0,0,0,0
1913,Nobili Oscuri,,-1,0,0,0,0,0,0,0,0,0,0,0,0,0,0,0,0,0,0,0,0,0,0,0,0,0,0,0,0,0,0,0,0,0,0,0
1914,Avvizziti,,-1,0,0,0,0,0,0,0,0,0,0,0,0,0,0,0,0,0,0,0,0,0,0,0,0,0,0,0,0,0,0,0,0,0,0,0
1919,Sete Arcana (Valtrois),Arcanista Valtrois,178,1859,0,185,0,0,0,0,0,0,0,0,20,0,0,0,1,0,0,0,200,0,0,0,0,0,0,0,-1,-1,0,0,0,0,0,0
1920,Guardie della Luna,,-1,0,0,0,0,0,0,0,0,0,0,0,0,0,0,0,0,0,0,0,0,0,0,0,0,0,0,0,0,0,0,0,0,0,0,0
1947,Illidari,"Elfi che hanno promesso di combattere contro la Legione Infuocata, non importa a quale costo.",195,1834,0,0,0,0,0,0,2048,6143,0,0,20,20,0,0,3000,0,0,0,42000,42000,0,0,1,1,0,0,0,0,0,0,0,0,0,0
1948,Valarjar,"Guerrieri scelti di Odyn, hanno giurato di servirlo nella vita e nella morte.",196,1834,0,0,0,2086,0,0,0,0,0,0,16,16,0,0,0,0,0,0,42000,42000,0,0,0,0,5,5,-1321907123,1427461461,1309324210,-1440044374,0,0,0,0
1953,Incubo,,-1,0,0,0,0,0,0,0,0,0,0,0,0,0,0,0,0,0,0,0,0,0,0,0,0,0,0,0,0,0,0,0,0,0,0,0
1962,Civile Nobile Oscuro,,-1,0,0,0,0,0,0,0,0,0,0,0,0,0,0,0,0,0,0,0,0,0,0,0,0,0,0,0,0,0,0,0,0,0,0,0
1975,Evocatore Margoss,"Un tempo studente del Kirin Tor, Margoss ha deciso di dedicarsi alla pesca per riposarsi dalla sua vita stressante.",200,1834,0,193,0,0,0,0,0,0,0,0,16,0,0,0,0,0,0,0,42000,0,0,0,0,0,0,0,-1,-1,0,0,0,0,0,0
1984,Primi Soccorsi,"Sulla loro città volante di Dalaran, Olisarra e Angelique si occupano dei malati e dei feriti più o meno gravi. Vendono anche mercanzie ai viaggiatori alla ricerca di rifornimenti medici.",201,1834,0,195,0,0,0,0,0,0,0,0,0,0,0,0,0,0,0,0,0,0,0,0,1,1,0,0,0,0,0,0,0,0,0,0
1989,Guardie della Luna,,142,1834,0,0,0,0,0,0,0,0,0,0,4,0,0,0,42000,0,0,0,42000,0,0,0,0,0,0,0,-1,-1,0,0,0,0,0,0
2010,Arena dei Combattenti (Stagione 3),La terza stagione del Circolo dei Combattenti dell'Orda si è svolta durante la campagna sulle Isole Disperse.,206,892,0,340,0,0,0,0,0,0,0,0,16,0,0,0,0,0,0,0,7000,0,0,0,1,1,0,0,1309324210,-1440044374,0,0,0,0,0,0
2011,Club dei Combattenti di Bizmo (Stagione 3),La terza stagione del Circolo dei Combattenti dell'Alleanza si è svolta durante la campagna sulle Isole Disperse.,209,891,0,339,0,0,0,0,0,0,0,0,16,0,0,0,0,0,0,0,7000,0,0,0,1,1,0,0,-1321907123,1427461461,0,0,0,0,0,0
2012,Ribelli dei Nobili Oscuri,,-1,0,0,0,0,0,0,0,0,0,0,0,0,0,0,0,0,0,0,0,0,0,0,0,0,0,0,0,0,0,0,0,0,0,0,0
2018,Vendetta dell'Artiglio,Alleati della semidea Aviana e protettori delle creature alate delle Isole Disperse.,211,1834,0,0,2,0,0,0,0,0,0,0,16,0,0,0,0,0,0,0,42000,0,0,0,0,0,5,5,-1,-1,0,0,0,0,0,0
2040,Vendetta dell'Artiglio,Alleati della semidea Aviana e protettori delle creature alate delle Isole Disperse.,-1,1834,0,0,0,0,0,0,0,0,0,0,0,0,0,0,0,0,0,0,0,0,0,0,1,1,5,5,0,0,0,0,0,0,0,0
2045,Armata Spezzalegione,La coalizione degli ordini dedita alla sconfitta della Legione presso la Tomba di Sargeras e la Riva Dispersa.,212,1834,0,0,0,2091,0,0,0,0,0,0,16,0,0,0,3000,0,0,0,42000,0,0,0,0,0,5,5,-1,-1,0,0,0,0,0,0
2063,Reputazione Eccellenza di Roccavento,"Uno degli ultimi bastioni della razza degli Umani, questa capitale dell'Alleanza è governata dal prodigo Re Varian Wrynn.",214,0,0,0,0,2062,0,0,0,0,0,0,276,6,20,4,3100,-42000,4000,0,42000,-42000,42000,0,1,0.25,4,7,0,0,0,0,0,0,0,0
2085,Tribù Alto Monte (Eccellenza),"La Tribù Alto Monte si è ridotta di numero nel corso degli anni, e con la minaccia dei Drogbar all'orizzonte, è alla ricerca di nuovi alleati per salvare la propria terra.",235,1834,0,0,0,0,0,0,0,0,0,0,16,0,0,0,0,0,0,0,42000,0,0,0,0,0,5,5,-1,-1,0,0,0,0,0,0
2086,Valarjar (Eccellenza),"Guerrieri scelti di Odyn, hanno giurato di servirlo nella vita e nella morte.",236,1834,0,0,0,0,0,0,0,0,0,0,16,16,0,0,0,0,0,0,42000,42000,0,0,0,0,5,5,-1321907123,1427461461,1309324210,-1440044374,0,0,0,0
2087,Corte di Farondis (Eccellenza),La spettrale Corte di Farondis e i suoi alleati continuano a combattere contro gli invasori sulla maledetta isola di Azsuna.,237,1834,0,0,0,0,0,0,0,0,0,0,16,0,0,0,0,0,0,0,42000,0,0,0,0,0,5,5,-1,-1,0,0,0,0,0,0
2088,Plasmasogni (Eccellenza),I Druidi e i loro alleati a Val'sharah proteggono il Sogno di Smeraldo da tempo immemorabile.,238,1834,0,0,0,0,0,0,0,0,0,0,16,0,0,0,0,0,0,0,42000,0,0,0,0,0,5,5,-1,-1,0,0,0,0,0,0
2089,Esuli Oscuri (Eccellenza),Questi Elfi esiliati dai Nobili Oscuri soffrono di astinenza per essere stati tagliati fuori dal Pozzo Oscuro. Si oppongono all'alleanza della propria gente con la Legione e combattono alla ricerca di riscatto.,239,1834,0,0,0,0,0,0,0,0,0,0,16,16,0,0,0,0,0,0,42000,42000,0,0,0,0,5,5,-1321907123,1427461461,1309324210,-1440044374,0,0,0,0
2090,Custodi (Eccellenza),"Dopo che le forze della Legione hanno infranto le Segrete delle Custodi con l'aiuto di Gul'dan, le Custodi rimaste sono determinate a ricostruire la prigione e a cacciare le terrificanti bestie che sono riuscite a fuggire.",240,1834,0,0,0,0,0,0,0,0,0,0,16,0,0,0,0,0,0,0,42000,0,0,0,0,0,5,5,-1,-1,0,0,0,0,0,0
2091,Armata Spezzalegione (Eccellenza),La coalizione degli ordini dedita alla sconfitta della Legione presso la Tomba di Sargeras e la Riva Dispersa.,249,1834,0,0,0,0,0,0,0,0,0,0,16,0,0,0,0,0,0,0,42000,0,0,0,0,0,5,5,-1,-1,0,0,0,0,0,0
2097,Ilyssia delle Acque,L'antica guardiana dello Stagno Reale ad Azsuna.,256,1834,0,199,0,0,0,0,0,0,0,0,16,0,0,0,0,0,0,0,42000,0,0,0,0,0,0,0,-1,-1,0,0,0,0,0,0
2098,Custode Raynae,La custode dei pesci di Val'sharah.,257,1834,0,204,0,0,0,0,0,0,0,0,16,0,0,0,0,0,0,0,42000,0,0,0,0,0,0,0,-1,-1,0,0,0,0,0,0
2099,Akule Corno Sinuoso,Un maestro del fiume e dei pesci che lo abitano.,258,1834,0,200,0,0,0,0,0,0,0,0,16,0,0,0,0,0,0,0,42000,0,0,0,0,0,0,0,-1,-1,0,0,0,0,0,0
2100,Corbyn,"Un corvo dagli occhi intelligenti e acuti, amante del pesce.",259,1834,0,208,0,0,0,0,0,0,0,0,16,0,0,0,0,0,0,0,42000,0,0,0,0,0,0,0,-1,-1,0,0,0,0,0,0
2101,Sha'leth,Un'Avvizzita misteriosa che ha preso dimora vicino alle cascate.,260,1834,0,206,0,0,0,0,0,0,0,0,16,0,0,0,0,0,0,0,42000,0,0,0,0,0,0,0,-1,-1,0,0,0,0,0,0
2102,Impus,"Evocato da molto lontano, Impus colleziona conchiglie nella speranza di riuscire a creare un ""varco magico"" per tornare a casa.",261,1834,0,202,0,0,0,0,0,0,0,0,16,0,0,0,0,0,0,0,42000,0,0,0,0,0,0,0,-1,-1,0,0,0,0,0,0
2103,Impero degli Zandalari,"Abitanti del più antico impero di Azeroth, gli Zandalari sono potenti Troll che patteggiano con i temibili Loa e che possiedono la flotta più potente del Grande Mare.",262,2104,0,0,0,2378,0,0,0,0,0,0,16,6,17,0,0,-42000,9000,0,42000,-42000,42000,0,0,0,0,0,235582386,0,-1321907123,1427461461,1073741824,0,0,0
2104,Battle for Azeroth,,263,0,7,0,0,0,0,0,0,0,0,0,4104,0,0,0,0,0,0,0,0,0,0,0,0,0,0,0,-1,-1,0,0,0,0,0,0
2105,Nazmani,,-1,0,0,0,0,0,0,0,0,0,0,0,0,0,0,0,0,0,0,0,0,0,0,0,0,0,0,0,0,0,0,0,0,0,0,0
2111,Dinosauri degli Zandalari,,264,2104,0,0,0,0,0,0,0,0,0,0,6,2,0,0,-42000,-42000,0,0,-42000,42000,0,0,0,0,0,0,-1321907123,1427461461,1309324210,-1440044374,0,0,0,0
2120,Kul Tiras - Tiragarde,La regione insulare di Kul Tiras è la patria dei migliori navigatori di Azeroth.,266,2160,0,0,0,0,0,0,0,0,0,0,20,6,20,0,0,-42000,9000,0,42000,-42000,42000,0,1,0,7,0,825576525,0,1309324210,-1440044374,-2147483648,0,0,0
2121,Corsari del Grande Mare,Gente libera del Grande Mare che presta fedeltà soltanto alla propria ciurma.,-1,0,0,0,0,0,0,0,0,0,0,0,0,0,0,0,0,0,0,0,0,0,0,0,0,0,0,0,0,0,0,0,0,0,0,0
2122,Incursori Marferreo,Una banda di spietati pirati di stanza al Covo della Libertà nella Baia di Tiragarde.,-1,0,0,0,0,0,0,0,0,0,0,0,0,0,0,0,0,0,0,0,0,0,0,0,0,0,0,0,0,0,0,0,0,0,0,0
2135,Cromie,Cronormu (Cromie per gli amici) è sempre stata una dei Draghi di Bronzo più attivi e disponibili. Migliorare la relazione con lei aumenterà il suo potere nello scenario Morti di Cromie.,265,1834,0,209,0,0,0,0,0,0,0,0,16,0,0,0,0,0,0,0,15100,0,0,0,0,0,0,0,-1,-1,0,0,0,0,0,0
2155,Troll del Sangue,,-1,0,0,0,0,0,0,0,0,0,0,0,0,0,0,0,0,0,0,0,0,0,0,0,0,0,0,0,0,0,0,0,0,0,0,0
2156,Spedizione di Talanji,La Principessa Talanji e i suoi alleati combattono per proteggere Zandalar dai violenti assalti dei Troll del Sangue.,267,2104,0,0,0,2380,0,0,0,0,0,0,16,2,0,0,0,-42000,0,0,42000,-42000,0,0,0,0,0,0,1309324210,-1440044374,-1321907123,1427461461,0,0,0,0
2157,Brigata dell'Onore,"Una delegazione speciale dell'Orda, dedita alla distruzione delle operazioni dell'Alleanza a Kul Tiras.",268,2104,0,0,0,2385,0,0,0,0,0,0,16,2,0,0,3000,-42000,0,0,42000,-42000,0,0,0,0,0,0,1309324210,-1440044374,-1321907123,1427461461,0,0,0,0
2158,Voldunai,"Composti da esuli e sciacalli, i Voldunai sfruttano la loro conoscenza delle sabbie per sopravvivere dove altri soccomberebbero.",269,2104,0,0,0,2382,0,0,0,0,0,0,16,20,17,0,0,-3000,9000,0,42000,-3000,42000,0,0,0,0,0,1309320114,0,-1321907123,1427461461,4096,0,0,0
2159,VII Legione,"Una delegazione speciale di forze d'élite dell'Alleanza, dedite alla distruzione delle operazioni dell'Orda a Zandalar.",270,2104,0,0,0,2384,0,0,0,0,0,0,16,2,0,0,3000,-42000,0,0,42000,-42000,0,0,0,0,0,0,-1321907123,1427461461,1309324210,-1440044374,0,0,0,0
2160,Ammiragliato dei Marefiero,"I membri della nobile famiglia Marefiero, padroni del mare e comandanti della migliore marina di Azeroth, hanno guidato Kul Tiras per decenni dal proprio centro di potere a Boralus.",271,2104,0,0,0,2379,0,0,0,0,0,0,16,2,17,0,0,-42000,9000,0,42000,-42000,42000,0,0,0,0,0,825576525,0,1309324210,-1440044374,-2147483648,0,0,0
2161,Ordine delle Braci,"Un antico ordine di Kul Tiras risorto per combattere il pericolo della stregoneria, l'Ordine delle Braci combatte animato e protetto dalle proprie conoscenze.",272,2104,0,0,0,2383,0,0,0,0,0,0,16,2,0,0,0,-42000,0,0,42000,-42000,0,0,0,0,0,0,-1321907123,1427461461,1309324210,-1440044374,0,0,0,0
2162,Destatempesta,"Congregazione di contadini, artigiani, soldati e dei misteriosi Saggi delle Maree, i Destatempesta vogliono riconquistare la Valle dei Sacraonda e riaffermare la loro posizione a Kul Tiras.",273,2104,0,0,0,2381,0,0,0,0,0,0,16,2,0,0,0,-42000,0,0,42000,-42000,0,0,0,0,0,0,-1321907123,1427461461,1309324210,-1440044374,0,0,0,0
2163,Cercatori Tortolliani,"Girovagando per il mondo, i Cercatori Tortolliani devolvono la loro immensa ricchezza alla catalogazione e alla preservazione di conoscenze proibite.",274,2104,0,0,0,2387,0,0,0,0,0,0,16,0,0,0,0,0,0,0,42000,0,0,0,0,0,0,0,-1,-1,0,0,0,0,0,0
2164,Campioni di Azeroth,"Arruolati da Magni Barbabronzea, i Campioni di Azeroth desiderano curare le ferite causate dalla spada infuocata di Sargeras per salvare un mondo morente.",275,2104,0,0,0,2386,0,0,0,0,0,0,16,0,0,0,0,0,0,0,42000,0,0,0,0,0,0,0,-1,-1,0,0,0,0,0,0
2165,Armata della Luce,"Dopo la caduta di Argus, i migliori combattenti Draenei seguirono il primo Naaru Xe'ra attraverso il cosmo in una guerra eterna per sterminare la Legione. Da allora, altri sopravvissuti alla Crociata Infuocata si sono uniti ai ranghi dei Forgialuce.",276,1834,0,0,0,2166,0,0,0,0,0,0,16,17,0,0,3000,6000,0,0,42000,42000,0,0,0,0,0,0,-541065217,0,536870912,0,0,0,0,0
2166,Armata della Luce (Eccellenza),,277,1834,6,0,0,0,0,0,0,0,0,0,16,0,0,0,0,0,0,0,42000,0,0,0,0,0,5,5,-1,-1,0,0,0,0,0,0
2167,Redentori di Argus (Eccellenza),,278,1893,0,0,0,0,0,0,0,0,0,0,16,0,0,0,0,0,0,0,42000,0,0,0,0,0,0,0,-1,-1,0,0,0,0,0,0
2170,Redentori di Argus,"Molti lottarono per opporsi alla conquista di Argus da parte della Legione Infuocata, ma non tutti riuscirono a fuggire. Incoraggiati dall'arrivo di nuovi alleati, i rifugiati e gli emarginati hanno unito le loro forze per riprendersi la propria casa.",279,1834,6,0,0,2167,0,0,0,0,0,0,16,17,0,0,0,3000,0,0,42000,42000,0,0,0,0,0,0,-272629761,0,268435456,0,0,0,0,0
2176,"Neutrale, Reazione Forzata 1",,-1,0,0,0,0,0,0,0,0,0,0,0,0,0,0,0,0,0,0,0,0,0,0,0,0,0,0,0,0,0,0,0,0,0,0,0
2177,"Neutrale, Reazione Forzata 2",,-1,0,0,0,0,0,0,0,0,0,0,0,0,0,0,0,0,0,0,0,0,0,0,0,0,0,0,0,0,0,0,0,0,0,0,0
2178,"Neutrale, Reazione Forzata 3",,-1,0,0,0,0,0,0,0,0,0,0,0,0,0,0,0,0,0,0,0,0,0,0,0,0,0,0,0,0,0,0,0,0,0,0,0
2179,"Neutrale, Reazione Forzata 4",,-1,0,0,0,0,0,0,0,0,0,0,0,0,0,0,0,0,0,0,0,0,0,0,0,0,0,0,0,0,0,0,0,0,0,0,0
2185,Ratti di Sentina,Un poco convenzionale equipaggio di razze meticce di stanza al Covo della Libertà nella Baia di Tiragarde.,-1,0,0,0,0,0,0,0,0,0,0,0,0,0,0,0,0,0,0,0,0,0,0,0,0,0,0,0,0,0,0,0,0,0,0,0
2186,Filibustieri Dentineri,Un equipaggio di bruti scalmanati che non si tira mai indietro di fronte a un combattimento. Una delle tante bande di pirati di stanza al Covo della Libertà nella Baia di Tiragarde.,-1,0,0,0,0,0,0,0,0,0,0,0,0,0,0,0,0,0,0,0,0,0,0,0,0,0,0,0,0,0,0,0,0,0,0,0
2187,Corsari Sferzamaree,"Un'astuta banda di banditi e mercenari pronti a uccidere per il miglior offerente. Tra un contratto e l'altro, fanno tappa al Covo della Libertà nella Baia di Tiragarde.",-1,0,0,0,0,0,0,0,0,0,0,0,0,0,0,0,0,0,0,0,0,0,0,0,0,0,0,0,0,0,0,0,0,0,0,0
2192,Compagnia dei Bracescura,Un'azienda di spedizioni e manifattura con sede a Boralus. Nella capitale di Kul Tiras si vocifera che si tratti solo di una facciata per un impero criminale ben più sinistro.,-1,0,0,0,0,0,0,0,0,0,0,0,0,0,0,0,0,0,0,0,0,0,0,0,0,0,0,0,0,0,0,0,0,0,0,0
2218,,,-1,0,0,0,0,0,0,0,0,0,0,0,0,0,0,0,0,0,0,0,0,0,0,0,1,1,5,5,0,0,0,0,0,0,0,0
2219,,,-1,0,0,0,0,0,0,0,0,0,0,0,0,0,0,0,0,0,0,0,0,0,0,0,1,1,5,5,0,0,0,0,0,0,0,0
2220,,,-1,0,0,0,0,0,0,0,0,0,0,0,0,0,0,0,0,0,0,0,0,0,0,0,1,1,5,5,0,0,0,0,0,0,0,0
2221,,,-1,0,0,0,0,0,0,0,0,0,0,0,0,0,0,0,0,0,0,0,0,0,0,0,1,1,5,5,0,0,0,0,0,0,0,0
2222,,,-1,0,0,0,0,0,0,0,0,0,0,0,0,0,0,0,0,0,0,0,0,0,0,0,1,1,5,5,0,0,0,0,0,0,0,0
2227,Bestia - Ape,,-1,0,0,0,0,0,0,0,0,0,0,0,0,0,0,0,0,0,0,0,0,0,0,0,1,1,5,5,0,0,0,0,0,0,0,0
2228,Bestia - Wendigo,,-1,0,0,0,0,0,0,0,0,0,0,0,0,0,0,0,0,0,0,0,0,0,0,0,1,1,5,5,0,0,0,0,0,0,0,0
2229,,,-1,0,0,0,0,0,0,0,0,0,0,0,0,0,0,0,0,0,0,0,0,0,0,0,1,1,5,5,0,0,0,0,0,0,0,0
2230,,,-1,0,0,0,0,0,0,0,0,0,0,0,0,0,0,0,0,0,0,0,0,0,0,0,1,1,5,5,0,0,0,0,0,0,0,0
2231,,,-1,0,0,0,0,0,0,0,0,0,0,0,0,0,0,0,0,0,0,0,0,0,0,0,1,1,5,5,0,0,0,0,0,0,0,0
2232,,,-1,0,0,0,0,0,0,0,0,0,0,0,0,0,0,0,0,0,0,0,0,0,0,0,1,1,5,5,0,0,0,0,0,0,0,0
2233,Addestramento Dinosauro - Pterrordattilo,,282,2104,0,213,0,0,0,0,-1,0,0,0,4,0,0,0,0,0,0,0,42000,0,0,0,0,0,0,0,-1,-1,0,0,0,0,0,0
2258,Wendigo,,-1,0,0,0,0,0,0,0,0,0,0,0,0,0,0,0,0,0,0,0,0,0,0,0,0,0,0,0,0,0,0,0,0,0,0,0
2259,Api,,-1,0,0,0,0,0,0,0,0,0,0,0,0,0,0,0,0,0,0,0,0,0,0,0,0,0,0,0,0,0,0,0,0,0,0,0
2264,Kul Tiras - Drustvar,La regione insulare di Kul Tiras è la patria dei migliori navigatori di Azeroth.,285,2161,0,0,0,0,0,0,0,0,0,0,20,6,0,0,0,-42000,0,0,42000,-42000,0,0,1,0,7,0,-1321907123,1427461461,1309324210,-1440044374,0,0,0,0
2265,Kul Tiras - Sacraonda,La regione insulare di Kul Tiras è la patria dei migliori navigatori di Azeroth.,286,2162,0,0,0,0,0,0,0,0,0,0,20,6,0,0,0,-42000,0,0,42000,-42000,0,0,1,0,7,0,-1321907123,1427461461,1309324210,-1440044374,0,0,0,0
2370,Addestramento Dinosauro - Cornofurente,,288,2104,0,315,0,0,0,0,-1,0,0,0,4,0,0,0,0,0,0,0,42000,0,0,0,0,0,0,0,-1,-1,0,0,0,0,0,0
2371,Club dei Combattenti di Bizmo (Stagione 4),La quarta stagione del Circolo dei Combattenti dell'Alleanza si è svolta durante la campagna di Kul Tiras.,289,891,0,505,0,0,0,0,0,0,0,0,16,0,0,0,0,0,0,0,7000,0,0,0,1,1,0,0,-1321907123,1427461461,0,0,0,0,0,0
2372,Arena dei Combattenti (Stagione 4),La quarta stagione del Circolo dei Combattenti dell'Orda si è svolta durante la campagna di Kul Tiras.,290,892,0,512,0,0,0,0,0,0,0,0,16,0,0,0,0,0,0,0,7000,0,0,0,1,1,0,0,1309324210,-1440044374,0,0,0,0,0,0
2373,Liberti,"Vittime dell'oppressione dai Naga, questi rifugiati hanno unito le forze per sfidare i loro aguzzini e ottenere la propria libertà.",291,2104,0,0,0,2374,0,0,-1,0,0,0,16,20,0,0,0,0,0,0,42000,0,0,0,0,0,0,0,1309324210,-1440044374,-1321907123,1427461461,0,0,0,0
2374,Liberti (Eccellenza),"Vittime dell'oppressione dai Naga, questi rifugiati hanno unito le forze per sfidare i loro aguzzini e ottenere la propria libertà.",292,2104,0,0,0,0,0,0,-1,0,0,0,16,20,0,0,0,0,0,0,42000,0,0,0,0,0,0,0,1309324210,-1440044374,-1321907123,1427461461,0,0,0,0
2375,Cacciatore Akana,Il Cacciatore Akana è un veterano esperto con eccellenti abilità di sopravvivenza.,293,2104,0,316,0,0,0,0,-1,0,0,0,4,0,0,0,0,0,0,0,42000,0,0,0,0,0,0,0,-1321907123,1427461461,0,0,0,0,0,0
2376,Chiaroveggente Ori,Il Chiaroveggente Ori è un saggio e formidabile Sciamano con il potere di comandare gli elementi.,294,2104,0,317,0,0,0,0,-1,0,0,0,4,0,0,0,0,0,0,0,42000,0,0,0,0,0,0,0,-1321907123,1427461461,0,0,0,0,0,0
2377,Spadaccino Inowari,Lo Spadaccino Inowari è un Guerriero veterano e rispettato al comando del popolo degli Ankoan.,295,2104,0,318,0,0,0,0,-1,0,0,0,4,0,0,0,0,0,0,0,42000,0,0,0,0,0,0,0,-1321907123,1427461461,0,0,0,0,0,0
2378,Impero degli Zandalari (Eccellenza),"Abitanti del più antico impero di Azeroth, gli Zandalari sono potenti Troll che patteggiano con i temibili Loa e che possiedono la flotta più potente del Grande Mare.",296,2104,0,0,0,0,0,0,0,0,0,0,16,6,0,0,0,-42000,0,0,42000,-42000,0,0,0,0,0,0,1309324210,-1440044374,-1321907123,1427461461,0,0,0,0
2379,Ammiragliato dei Marefiero (Eccellenza),"I membri della nobile famiglia Marefiero, padroni del mare e comandanti della migliore marina di Azeroth, hanno guidato Kul Tiras per decenni dal proprio centro di potere a Boralus.",297,2104,0,0,0,0,0,0,0,0,0,0,16,2,0,0,0,-42000,0,0,42000,-42000,0,0,0,0,0,0,-1321907123,1427461461,1309324210,-1440044374,0,0,0,0
2380,Spedizione di Talanji (Eccellenza),La Principessa Talanji e i suoi alleati combattono per proteggere Zandalar dai violenti assalti dei Troll del Sangue.,298,2104,0,0,0,0,0,0,0,0,0,0,16,2,0,0,0,-42000,0,0,42000,-42000,0,0,0,0,0,0,1309324210,-1440044374,-1321907123,1427461461,0,0,0,0
2381,Destatempesta (Eccellenza),"Congregazione di contadini, artigiani, soldati e dei misteriosi Saggi delle Maree, i Destatempesta vogliono riconquistare la Valle dei Sacraonda e riaffermare la loro posizione a Kul Tiras.",299,2104,0,0,0,0,0,0,0,0,0,0,16,2,0,0,0,-42000,0,0,42000,-42000,0,0,0,0,0,0,-1321907123,1427461461,1309324210,-1440044374,0,0,0,0
2382,Voldunai (Eccellenza),"Composti da esuli e sciacalli, i Voldunai sfruttano la loro conoscenza delle sabbie per sopravvivere dove altri soccomberebbero.",300,2104,0,0,0,0,0,0,0,0,0,0,16,20,0,0,0,-3000,0,0,42000,-3000,0,0,0,0,0,0,1309324210,-1440044374,-1321907123,1427461461,0,0,0,0
2383,Ordine delle Braci (Eccellenza),"Un antico ordine di Kul Tiras risorto per combattere il pericolo della stregoneria, l'Ordine delle Braci combatte animato e protetto dalle proprie conoscenze.",301,2104,0,0,0,0,0,0,0,0,0,0,16,2,0,0,0,-42000,0,0,42000,-42000,0,0,0,0,0,0,-1321907123,1427461461,1309324210,-1440044374,0,0,0,0
2384,VII Legione (Eccellenza),"Una delegazione speciale di forze d'élite dell'Alleanza, dedite alla distruzione delle operazioni dell'Orda a Zandalar.",302,2104,0,0,0,0,0,0,0,0,0,0,16,2,0,0,0,-42000,0,0,42000,-42000,0,0,0,0,0,0,-1321907123,1427461461,1309324210,-1440044374,0,0,0,0
2385,Brigata dell'Onore (Eccellenza),"Una delegazione speciale dell'Orda, dedita alla distruzione delle operazioni dell'Alleanza a Kul Tiras.",303,2104,0,0,0,0,0,0,0,0,0,0,16,2,0,0,0,-42000,0,0,42000,-42000,0,0,0,0,0,0,1309324210,-1440044374,-1321907123,1427461461,0,0,0,0
2386,Campioni di Azeroth (Eccellenza),"Arruolati da Magni Barbabronzea, i Campioni di Azeroth desiderano curare le ferite causate dalla spada infuocata di Sargeras per salvare un mondo morente.",304,2104,0,0,0,0,0,0,0,0,0,0,16,0,0,0,0,0,0,0,42000,0,0,0,0,0,0,0,-1,-1,0,0,0,0,0,0
2387,Cercatori Tortolliani (Eccellenza),"Girovagando per il mondo, i Cercatori Tortolliani devolvono la loro immensa ricchezza alla catalogazione e alla preservazione di conoscenze proibite.",305,2104,0,0,0,0,0,0,0,0,0,0,16,0,0,0,0,0,0,0,42000,0,0,0,0,0,0,0,-1,-1,0,0,0,0,0,0
2388,Poen Branchiak,Fazione dell'Orda 1,306,2104,0,323,0,0,0,0,-1,0,0,0,4,0,0,0,0,0,0,0,42000,0,0,0,0,0,0,0,1309324210,-1440044374,0,0,0,0,0,0
2389,Neri Pinnafine,Fazione dell'Orda 2,307,2104,0,320,0,0,0,0,-1,0,0,0,4,0,0,0,0,0,0,0,42000,0,0,0,0,0,0,0,1309324210,-1440044374,0,0,0,0,0,0
2390,Vim Cuorsalmastro,Fazione dell'Orda 3,308,2104,0,324,0,0,0,0,-1,0,0,0,4,0,0,0,0,0,0,0,42000,0,0,0,0,0,0,0,1309324210,-1440044374,0,0,0,0,0,0
2391,Resistenza di Bullonaccio,La Resistenza di Bullonaccio è nata per opporsi a Re Meccagon e ai suoi terribili piani.,309,2104,0,0,0,2392,0,0,0,0,0,0,16,17,0,0,0,9000,0,0,42000,42000,0,0,0,0,0,0,-4210689,0,16384,0,0,0,0,0
2392,Resistenza di Bullonaccio (Eccellenza),La Resistenza di Bullonaccio è nata per opporsi a Re Meccagon e ai suoi terribili piani.,310,2104,0,0,0,0,0,0,0,0,0,0,16,0,0,0,0,0,0,0,42000,0,0,0,0,0,0,0,-1,-1,0,0,0,0,0,0
2394,Paguri Eremiti,,-1,0,0,0,0,0,0,0,0,0,0,0,0,0,0,0,0,0,0,0,0,0,0,0,0,0,0,0,0,0,0,0,0,0,0,0
2395,Alveare Dolcedorso,"Una specie di api rinomate per le loro dimensioni. Nonostante si tratti di una nuova specie nella Valle dei Sacraonda, non ci è voluto molto prima che avventurieri e appassionati d'insetti venissero a conoscenza della loro presenza.",312,2104,0,0,0,0,0,0,-1,-1,0,0,16,20,0,0,0,0,0,0,42000,42000,0,0,1,1,0,0,-1321907123,1427461461,1309324210,-1440044374,0,0,0,0
2396,Fuco Dolcedorso,,313,0,0,326,0,0,0,0,-1,0,0,0,20,0,0,0,0,0,0,0,42000,0,0,0,1,1,0,0,-1,-1,0,0,0,0,0,0
2397,Madre dell'Alveare Dolcedorso,,314,0,0,327,0,0,0,0,-1,0,0,0,20,0,0,0,0,0,0,0,42000,0,0,0,1,1,0,0,-1,-1,0,0,0,0,0,0
2398,Raccoglitore Dolcedorso,,315,0,0,325,0,0,0,0,-1,0,0,0,20,0,0,0,0,0,0,0,42000,0,0,0,1,1,0,0,-1,-1,0,0,0,0,0,0
2400,Ankoan Lamaonda,"Gli Ankoan Lamaonda, un'antica specie di guerrieri degli abissi, vivono nelle più profonde e pericolose zone dell'oceano.",317,2104,0,0,0,2401,0,0,-1,0,0,0,16,20,0,0,0,0,0,0,42000,0,0,0,0,0,0,0,-1321907123,1427461461,1309324210,-1440044374,0,0,0,0
2401,Ankoan Lamaonda (Eccellenza),"Gli Ankoan Lamaonda, un'antica specie di guerrieri degli abissi, vivono nelle più profonde e pericolose zone dell'oceano.",318,2104,0,0,0,0,0,0,-1,0,0,0,16,20,0,0,0,0,0,0,42000,0,0,0,0,0,0,0,-1321907123,1427461461,1309324210,-1440044374,0,0,0,0
2404,Casata dei Costrutti,TBD,-1,0,0,0,0,0,0,0,0,0,0,0,0,0,0,0,0,0,0,0,0,0,0,0,1,1,0,0,0,0,0,0,0,0,0,0
2405,Casata dei Rituali,TBD,-1,0,0,0,0,0,0,0,0,0,0,0,0,0,0,0,0,0,0,0,0,0,0,0,1,1,0,0,0,0,0,0,0,0,0,0
2406,Casata dei Prescelti,,-1,2414,0,0,0,0,0,0,0,0,0,0,0,0,0,0,0,0,0,0,0,0,0,0,1,1,0,0,0,0,0,0,0,0,0,0
2407,Ascesi,"I Kyrian che hanno completato il processo di purificazione dei loro fardelli mortali sono considerati degni del rito dell'Ascensione, che fornisce loro le ali e una vita eterna di servizio all'Arconte.",333,2414,0,0,20,2441,0,0,-1,0,0,0,16,0,0,0,0,0,0,0,42000,0,0,0,0,0,0,0,-1,-1,0,0,0,0,0,0
2408,Kyrian Oscuri,,-1,0,0,0,0,0,0,0,0,0,0,0,0,0,0,0,0,0,0,0,0,0,0,0,0,0,0,0,0,0,0,0,0,0,0,0
2410,Armata Imperitura,"Molto tempo fa, il Primus ha fondato le cinque Casate di Maldraxxus al fine di costruire l'esercito di combattimento definitivo. Con il potere, l'intelligenza e l'astuzia, quest'armata inflessibile ha il compito a difendere le Terretetre contro ogni minaccia.",332,2414,0,0,20,2440,0,0,-1,0,0,0,16,0,0,0,0,0,0,0,42000,0,0,0,0,0,0,0,-1,-1,0,0,0,0,0,0
2411,Legione di Pietra,,-1,0,0,0,0,0,0,0,0,0,0,0,0,0,0,0,0,0,0,0,0,0,0,0,0,0,0,0,0,0,0,0,0,0,0,0
2412,Oblio del Peccato,,-1,2414,8,0,0,0,0,0,0,0,0,0,0,0,0,0,0,0,0,0,0,0,0,0,1,1,0,0,0,0,0,0,0,0,0,0
2413,Corte dei Mietitori,"Dopo innumerevoli anni sotto il comando di Sire Denathrius, l'autorità a Revendreth ora è condivisa tra gli appartenenti alla Corte dei Mietitori. Questi nobili Venthyr hanno il sacro dovere di redimere le anime orgogliose.",321,2414,0,0,20,2442,0,0,-1,0,0,0,16,0,0,0,0,0,0,0,42000,0,0,0,0,0,0,0,-1,-1,0,0,0,0,0,0
2414,Terretetre,,322,0,8,0,0,0,0,0,0,0,0,0,4104,0,0,0,0,0,0,0,0,0,0,0,0,0,0,0,-1,-1,0,0,0,0,0,0
2415,Rajani,"Un gruppo di Mogu leale al Guardiano dei Titani Ra, incaricati di difendere il Generatore di Nalak'sha dai servitori di N'zoth.",323,2104,0,0,0,2416,0,0,0,0,0,0,16,0,0,0,0,0,0,0,42000,0,0,0,0,0,0,0,-1,-1,0,0,0,0,0,0
2416,Rajani (Eccellenza),"Un gruppo di Mogu leale al Guardiano dei Titani Ra, incaricati di difendere il Generatore di Nalak'sha dai servitori di N'zoth.",324,2104,0,0,0,0,0,0,0,0,0,0,16,0,0,0,0,0,0,0,42000,0,0,0,0,0,0,0,-1,-1,0,0,0,0,0,0
2417,Coalizione di Uldum,"Unione guidata dai Tol'vir, la Coalizione di Uldum è stata fondata per proteggere la Forgia della Creazione dalle forze nemiche.",325,2104,0,0,0,2418,0,0,0,0,0,0,16,0,0,0,0,0,0,0,42000,0,0,0,0,0,0,0,-1,-1,0,0,0,0,0,0
2418,Coalizione di Uldum (Eccellenza),"Unione guidata dai Tol'vir, la Coalizione di Uldum è stata fondata per proteggere la Forgia della Creazione dalle forze nemiche.",326,2104,0,0,0,0,0,0,0,0,0,0,16,0,0,0,0,0,0,0,42000,0,0,0,0,0,0,0,-1,-1,0,0,0,0,0,0
2419,N'zoth,,-1,0,0,0,0,0,0,0,0,0,0,0,0,0,0,0,0,0,0,0,0,0,0,0,0,0,0,0,0,0,0,0,0,0,0,0
2422,Silfi della Notte,"Richiamata a servire la Regina dell'Inverno in tempi di estrema necessità, la Caccia Selvaggia riunisce i migliori Cacciatori e le migliori Cacciatrici di tutta Selvarden. Di fronte alla siccità e ai pericoli, la Caccia Selvaggia è pronta a difendere la foresta.",328,2465,0,0,0,0,0,0,-1,0,0,0,20,0,0,0,0,0,0,0,42000,0,0,0,1,1,7,7,-1,-1,0,0,0,0,0,0
2427,Aqir Giovane,,329,2104,0,365,0,0,0,0,-1,0,0,0,4,0,0,0,0,0,0,0,42000,0,0,0,0,0,0,0,-1,-1,0,0,0,0,0,0
2431,Owen Test,,330,0,0,0,0,0,0,0,4095,0,0,0,0,0,0,0,0,0,0,0,0,0,0,0,0,0,0,0,-1325316096,0,1308635136,0,0,0,0,0
2432,Ve'nari,"Ve'nari sa più cose sulla Fauce di chiunque altro, e potrebbe condividere una parte di queste informazioni con te se ottieni il suo rispetto.",331,2414,0,366,20,2474,0,0,-1,0,0,0,16,0,0,0,0,0,0,0,42000,0,0,0,0,0,0,0,-1,-1,0,0,0,0,0,0
2437,Torgast - Guardia,,-1,0,0,0,0,0,0,0,0,0,0,0,0,0,0,0,0,0,0,0,0,0,0,0,0,0,0,0,0,0,0,0,0,0,0,0
2438,Torgast - Prigioniero,,-1,0,0,0,0,0,0,0,0,0,0,0,0,0,0,0,0,0,0,0,0,0,0,0,0,0,0,0,0,0,0,0,0,0,0,0
2439,Affermati,"Fortemente devoti all'Accusatrice, questi archivisti desiderano ripristinare e catalogare le Pietre del Peccato frammentate dal Ciambellano Supremo e i suoi alleati Inquisitori.",334,2414,0,0,20,0,0,0,-1,0,0,0,0,0,0,0,0,0,0,0,42000,0,0,0,0,0,0,0,-1,-1,0,0,0,0,0,0
2440,Armata Imperitura (Eccellenza),"Molto tempo fa, il Primus ha fondato le cinque Casate di Maldraxxus al fine di costruire l'esercito di combattimento definitivo. Con il potere, l'intelligenza e l'astuzia, quest'armata inflessibile ha il compito a difendere le Terretetre contro ogni minaccia.",320,2414,0,0,20,0,0,0,-1,0,0,0,16,0,0,0,0,0,0,0,42000,0,0,0,0,0,0,0,-1,-1,0,0,0,0,0,0
2441,Ascesi (Eccellenza),"I Kyrian che hanno completato il processo di purificazione dei loro fardelli mortali sono considerati degni del rito dell'Ascensione, che fornisce loro le ali e una vita eterna di servizio all'Arconte.",335,2414,0,0,20,0,0,0,-1,0,0,0,16,0,0,0,0,0,0,0,42000,0,0,0,0,0,0,0,-1,-1,0,0,0,0,0,0
2442,Corte dei Mietitori (Eccellenza),"Dopo innumerevoli anni sotto il comando di Sire Denathrius, l'autorità a Revendreth ora è condivisa tra gli appartenenti alla Corte dei Mietitori. Questi nobili Venthyr hanno il sacro dovere di redimere le anime orgogliose.",336,2414,0,0,20,0,0,0,-1,0,0,0,16,0,0,0,0,0,0,0,42000,0,0,0,0,0,0,0,-1,-1,0,0,0,0,0,0
2444,Caccia Selvaggia (Eccellenza),"Richiamata a servire la Regina dell'Inverno in tempi di estrema necessità, la Caccia Selvaggia riunisce i migliori Cacciatori e le migliori Cacciatrici di tutta Selvarden. Di fronte alla siccità e ai pericoli, la Caccia Selvaggia è pronta a difendere la foresta.",338,2414,0,0,20,0,0,0,-1,0,0,0,16,0,0,0,0,0,0,0,42000,0,0,0,0,0,0,0,-1,-1,0,0,0,0,0,0
2445,La Corte delle Braci,"Una nuova corte è stata aperta a Revendreth, in cui il Principe Renathal cerca di riunire alleati da tutte le Terretetre per aumentare l'influenza della sua Congrega.",339,2414,0,0,0,0,0,0,-1,0,0,0,152,0,0,0,0,0,0,0,42000,0,0,0,0,0,0,0,-1,-1,0,0,0,0,0,0
2446,Baronessa Vashj,L'inarrestabile capo dei Naga osserva e giudica.,340,2445,0,367,0,0,0,0,-1,0,0,0,16,0,0,0,0,0,0,0,42000,0,0,0,0,0,0,0,-1,-1,0,0,0,0,0,0
2447,Dama Baccaluna,"Un membro incostante della Corte della Notte, Dama Baccaluna è conosciuta per i suoi scherzi così come la sua influenza.",341,2445,0,368,0,0,0,0,-1,0,0,0,16,0,0,0,0,0,0,0,42000,0,0,0,0,0,0,0,-1,-1,0,0,0,0,0,0
2448,Mikanikos,"In qualità di Forgialita Supremo del Bastione, Mikanikos armeggia in continuazione con nuove invenzioni.",342,2445,0,370,0,0,0,0,-1,0,0,0,16,0,0,0,0,0,0,0,42000,0,0,0,0,0,0,0,-1,-1,0,0,0,0,0,0
2449,La Contessa,"Essendo massima esponente dell'alta società e principale organizzatrice di feste di Revendreth, la Contessa ha un'influenza spropositata sull'opinione pubblica.",343,2445,0,371,0,0,0,0,-1,0,0,0,16,0,0,0,0,0,0,0,42000,0,0,0,0,0,0,0,-1,-1,0,0,0,0,0,0
2450,Alexandros Mograine,"Il Brandicenere ha passato più di una vita in guerra, senza mai vedersi concesso l'eterno riposo.",344,2445,0,372,0,0,0,0,-1,0,0,0,16,0,0,0,0,0,0,0,42000,0,0,0,0,0,0,0,-1,-1,0,0,0,0,0,0
2451,Capitano della Caccia Korayn,"Un temibile cacciatore, il Capitano della Caccia Korayn non ha pazienza ed è di poche cerimonie.",345,2445,0,373,0,0,0,0,-1,0,0,0,16,0,0,0,0,0,0,0,42000,0,0,0,0,0,0,0,-1,-1,0,0,0,0,0,0
2452,Polemarco Adrestes,"Sempre in servizio, a questo stoico Asceso bisogna ordinare di divertirsi, anche a una festa.",346,2445,0,375,0,0,0,0,-1,0,0,0,16,0,0,0,0,0,0,0,42000,0,0,0,0,0,0,0,-1,-1,0,0,0,0,0,0
2453,Squartacus e Mazzafaccia,"Chi lavora sodo merita di essere apprezzato, e sono in pochi a Oblio del Peccato a lavorare più sodo di Squartacus e Mazzafaccia.",347,2445,0,376,0,0,0,0,-1,0,0,0,16,0,0,0,0,0,0,0,42000,0,0,0,0,0,0,0,-1,-1,0,0,0,0,0,0
2454,Chufa,"Chufa e i suoi amici sono animali da festa, in ogni senso.",348,2445,0,377,0,0,0,0,-1,0,0,0,16,0,0,0,0,0,0,0,42000,0,0,0,0,0,0,0,-1,-1,0,0,0,0,0,0
2455,Custode delle Cripte Kassir,"Testardo e di sani principi, il Custode delle Cripte Kassir combatterà sempre per ciò in cui crede.",349,2445,0,379,0,0,0,0,-1,0,0,0,16,0,0,0,0,0,0,0,42000,0,0,0,0,0,0,0,-1,-1,0,0,0,0,0,0
2456,Droman Aliothe,"La grande orsa Aliothe è una degli Dei Selvatici, ma non è una primitiva.",350,2445,0,381,0,0,0,0,-1,0,0,0,16,0,0,0,0,0,0,0,42000,0,0,0,0,0,0,0,-1,-1,0,0,0,0,0,0
2457,Gran Maestro Vole,La dedizione di Vole alla supervisione del Teatro del Dolore è innegabile.,351,2445,0,382,0,0,0,0,-1,0,0,0,16,0,0,0,0,0,0,0,42000,0,0,0,0,0,0,0,-1,-1,0,0,0,0,0,0
2458,Kleia e Pelagos,Questi Vincoli dell'Anima sono più forti insieme e i loro amici tra i Venthyr saranno felici di vederli.,352,2445,0,383,0,0,0,0,-1,0,0,0,16,0,0,0,0,0,0,0,42000,0,0,0,0,0,0,0,-1,-1,0,0,0,0,0,0
2459,Sika,Questa singola e notevole Factotum mantiene operativo l'intero Bastione.,353,2445,0,384,0,0,0,0,-1,0,0,0,16,0,0,0,0,0,0,0,42000,0,0,0,0,0,0,0,-1,-1,0,0,0,0,0,0
2460,Testaroccia,Il nostro amico che viene dal sud controlla gli accessi del Distretto delle Braci.,354,2445,0,385,0,0,0,0,-1,0,0,0,16,0,0,0,0,0,0,0,42000,0,0,0,0,0,0,0,-1,-1,0,0,0,0,0,0
2461,Architetto della Piaga Marileth,"I suoi esperimenti potranno essere caotici, ma il mastro scienziato delle poltiglie di Maldraxxus trova sempre una soluzione.",355,2445,0,387,0,0,0,0,-1,0,0,0,16,0,0,0,0,0,0,0,42000,0,0,0,0,0,0,0,-1,-1,0,0,0,0,0,0
2462,Maestri delle Suture,"I Maestri delle Suture sono rinomati per la loro capacità di fondere carne, ossa e Animum in costrutti che li rendono dei potenti alleati da avere a Maldraxxus, e si sono stabiliti nell'Isolato dei Macellai dopo essersi separati dai traditori della Casata dei Costrutti.",356,2414,0,389,0,0,0,0,-1,0,0,0,16,0,0,0,0,0,0,0,42000,0,0,0,0,0,0,0,-1,-1,0,0,0,0,0,0
2463,Marasmio,"Un antico abitante di Selvarden con le sembianze di un fungo, Marasmio è parte integrante dell'ecosistema del regno. La tua disponibilità ad aiutarlo ha addolcito qualsiasi parte in lui si possa chiamare cuore, e c'è sempre molto lavoro da fare.",357,2414,0,390,0,0,0,0,-1,0,0,0,20,0,0,0,0,0,0,0,42000,0,0,0,0,0,0,0,-1,-1,0,0,0,0,0,0
2464,Corte della Notte,"L'attenzione della Regina dell'Inverno e della Caccia Selvaggia è concentrata sulla siccità d'Animum e sull'invasione dei Drust, lasciando al Droman della Corte della Notte il compito di proteggere i Semebrado e difendere la foresta.",358,2414,0,391,20,0,0,0,-1,0,0,0,16,0,0,0,0,0,0,0,42000,0,0,0,0,0,0,0,-1,-1,0,0,0,0,0,0
2465,Caccia Selvaggia,"Richiamata a servire la Regina dell'Inverno in tempi di estrema necessità, la Caccia Selvaggia riunisce i migliori Cacciatori e le migliori Cacciatrici di tutta Selvarden. Di fronte alla siccità e ai pericoli, la Caccia Selvaggia è pronta a difendere la foresta.",359,2414,0,0,20,2444,0,0,-1,0,0,0,16,0,0,0,0,0,0,0,42000,0,0,0,0,0,0,0,-1,-1,0,0,0,0,0,0
2468,Korthia,,-1,0,0,0,0,0,0,0,0,0,0,0,0,0,0,0,0,0,0,0,0,0,0,0,0,0,0,0,0,0,0,0,0,0,0,0
2469,Storia Frattale,Libera i segreti della creazione.,360,2414,0,392,0,0,0,0,-1,0,0,0,16,0,0,0,0,0,0,0,15000,0,0,0,0,0,0,0,-1,-1,0,0,0,0,0,0
2470,Marcia della Morte,La potenza combinata delle Congreghe delle Terretetre è pronta a far breccia nel Sanctum del Dominio.,361,2414,0,0,20,2471,0,0,-1,0,0,0,16,0,0,0,0,0,0,0,42000,0,0,0,0,0,0,0,-1,-1,0,0,0,0,0,0
2471,Marcia della Morte (Eccellenza),La potenza combinata delle Congreghe delle Terretetre è pronta a far breccia nel Sanctum del Dominio.,362,2414,0,0,20,0,0,0,-1,0,0,0,16,0,0,0,0,0,0,0,42000,0,0,0,0,0,0,0,-1,-1,0,0,0,0,0,0
2472,Codice degli Archivisti,"Gli Attendenti di Korthia hanno dedicato la loro esistenza alla ricerca di reliquie provenienti da tutte le Terretetre. Guidati dal loro Archivista, si sono impegnati a recuperare le reliquie sparse per Korthia in seguito all'invasione dei Giurafauce.",363,2414,0,393,20,2473,0,0,-1,0,0,0,16,0,0,0,0,0,0,0,41000,0,0,0,0,0,0,0,-1,-1,0,0,0,0,0,0
2473,Codice degli Archivisti (Eccellenza),"Gli Attendenti di Korthia hanno dedicato la loro esistenza alla ricerca di reliquie provenienti da tutte le Terretetre. Guidati dal loro Archivista, si sono impegnati a recuperare le reliquie sparse per Korthia in seguito all'invasione dei Giurafauce.",364,2414,0,0,20,0,0,0,-1,0,0,0,16,0,0,0,0,0,0,0,42000,0,0,0,0,0,0,0,-1,-1,0,0,0,0,0,0
2474,Ve'nari (Eccellenza),"Ve'nari sa più cose sulla Fauce di chiunque altro, e potrebbe condividere una parte di queste informazioni con te se ottieni il suo rispetto.",365,2414,0,0,20,0,0,0,-1,0,0,0,16,0,0,0,0,0,0,0,42000,0,0,0,0,0,0,0,-1,-1,0,0,0,0,0,0
2478,Illuminati,"Un tempo membri del Cartello Al, gli Illuminati abbandonarono la ricerca dei profitti e della gloria per pura devozione ai Primi. Entrando nelle loro grazie, gli Alienatori potrebbero essere disposti a condividere la conoscenza da loro raccolta.",284,2414,0,0,20,2479,0,0,-1,0,0,0,16,0,0,0,0,0,0,0,42000,0,0,0,0,0,0,0,-1,-1,0,0,0,0,0,0
2479,Illuminati (Eccellenza),"Un tempo membri del Cartello Al, gli Illuminati abbandonarono la ricerca dei profitti e della gloria per pura devozione ai Primi. Entrando nelle loro grazie, gli Alienatori potrebbero essere disposti a condividere la conoscenza da loro raccolta.",368,2414,0,0,20,0,0,0,-1,0,0,0,16,0,0,0,0,0,0,0,42000,0,0,0,0,0,0,0,-1,-1,0,0,0,0,0,0
2480,Automa,,-1,2414,0,0,0,0,0,0,0,0,0,0,0,0,0,0,0,0,0,0,0,0,0,0,1,1,0,0,0,0,0,0,0,0,0,0
2502,Mostri Attirati di Zereth Mortis,,-1,0,0,0,0,0,0,0,0,0,0,0,0,0,0,0,0,0,0,0,0,0,0,0,0,0,0,0,0,0,0,0,0,0,0,0
2503,Centauri Maruuk,"I clan dei Centauri vagano per le Pianure di Ohn'ahra, seguendo il richiamo del vento e cercando l'emozione della caccia.",401,2506,9,0,6,2504,0,2002,-1,0,0,0,16,0,0,0,0,0,0,0,2500,0,0,0,0,0,0,0,-1,-1,0,0,0,0,0,0
2504,Centauri Maruuk (Eccellenza),"I clan dei Centauri vagano per le Pianure di Ohn'ahra, seguendo il richiamo del vento e cercando l'emozione della caccia.",373,2506,9,0,6,0,0,0,-1,0,0,0,16,0,0,0,0,0,0,0,42000,0,0,0,0,0,0,0,-1,-1,0,0,0,0,0,0
2506,Dragonflight,,374,0,9,0,0,0,0,0,0,0,0,0,4120,0,0,0,0,0,0,0,0,0,0,0,0,0,0,0,-1,-1,0,0,0,0,0,0
2507,Spedizione delle Scaglie di Drago,"Una spedizione formata dalla Lega degli Esploratori e dal Reliquario, questo impavido gruppo di avventurieri, studiosi e artigiani cerca di scoprire i molti misteri delle Isole dei Draghi.",369,2506,9,0,6,2508,0,2021,-1,0,0,0,152,0,0,0,0,0,0,0,2500,0,0,0,0,0,0,0,-1,-1,0,0,0,0,0,0
2508,Spedizione delle Scaglie di Drago (Eccellenza),"Una spedizione formata dalla Lega degli Esploratori e dal Reliquario, questo impavido gruppo di avventurieri, studiosi e artigiani cerca di scoprire i molti misteri delle Isole dei Draghi.",375,2506,9,0,6,0,0,0,-1,0,0,0,16,0,0,0,0,0,0,0,42000,0,0,0,0,0,0,0,-1,-1,0,0,0,0,0,0
2509,Clan Shikaar,,376,2503,9,0,0,0,0,0,-1,0,0,0,2068,0,0,0,0,0,0,0,42000,0,0,0,0,0,0,0,-1,-1,0,0,0,0,0,0
2510,Accordo di Valdrakken,"Con sede nella loro più antica città, l'Accordo di Valdrakken è la potenza unificata di tutti i draghi, intenzionato a proteggere non solo la loro isola natale, ma tutta Azeroth.",377,2506,9,0,6,2552,0,2088,-1,0,0,0,152,0,0,0,0,0,0,0,2500,0,0,0,0,0,0,0,-1,-1,0,0,0,0,0,0
2511,Tuskarr di Iskaara,"I Tuskarr di Iskaara sono sulle Isole dei Draghi da generazioni, vivendo in armonia e narrando storie sull'ambiente circostante.",378,2506,9,0,6,2551,0,2087,-1,0,0,0,16,0,0,0,0,0,0,0,2500,0,0,0,0,0,0,0,-1,-1,0,0,0,0,0,0
2512,Clan Aylaag,,379,2503,9,0,0,0,0,0,-1,0,0,0,2068,0,0,0,0,0,0,0,42000,0,0,0,0,0,0,0,-1,-1,0,0,0,0,0,0
2513,Clan Ohn'ir,,380,2503,9,0,0,0,0,0,-1,0,0,0,2068,0,0,0,0,0,0,0,42000,0,0,0,0,0,0,0,-1,-1,0,0,0,0,0,0
2514,Primalisti,,-1,0,0,0,0,0,0,0,0,0,0,0,0,0,0,0,0,0,0,0,0,0,0,0,0,0,0,0,0,0,0,0,0,0,0,0
2516,Djaradin,,-1,0,0,0,0,0,0,0,0,0,0,0,0,0,0,0,0,0,0,0,0,0,0,0,1,1,0,0,0,0,0,0,0,0,0,0
2517,Irathion,"Dedicatosi a lungo al proteggere Azeroth, lo sguardo di Irathion è ora rivolto al futuro dello Stormo dei Draghi Neri... e al suo destino.",381,2510,9,396,4,0,0,0,-1,0,0,0,16,0,0,0,0,0,0,0,42000,0,0,0,0,0,0,0,-1,-1,0,0,0,0,0,0
2518,Sabellian,"Sabellian ha stabilito una nuova generazione di draghi neri non corrotti, impegnandosi a proteggerla a tutti i costi.",382,2510,9,397,4,0,0,0,-1,0,0,0,16,0,0,0,0,0,0,0,42000,0,0,0,0,0,0,0,-1,-1,0,0,0,0,0,0
2519,Recuperatori,,-1,0,0,0,0,0,0,0,0,0,0,0,0,0,0,0,0,0,0,0,0,0,0,0,0,0,0,0,0,0,0,0,0,0,0,0
2520,Clan Nokhud,,414,2506,0,0,0,0,0,0,-1,0,0,0,2054,0,0,0,-40000,0,0,0,42000,0,0,0,0,0,0,0,-1,-1,0,0,0,0,0,0
2521,Clan Nokud (Eccellenza),,384,2506,9,0,0,0,0,0,-1,0,0,0,2068,0,0,0,0,0,0,0,42000,0,0,0,0,0,0,0,-1,-1,0,0,0,0,0,0
2522,Clan Teerai,,385,2503,9,0,0,0,0,0,-1,0,0,0,2068,0,0,0,0,0,0,0,42000,0,0,0,0,0,0,0,-1,-1,0,0,0,0,0,0
2523,Artigli Oscuri,"Guidati dalla coraggiosa Comandante delle Scaglie Batticenere, gli Artigli Oscuri sono stati addestrati per essere l'arma segreta dello Stormo dei Draghi Neri. Oggi, questi Dracthyr usano le loro abilità per rovesciare le sorti di qualsiasi battaglia, a prescindere dall'inferiorità numerica.",386,67,9,0,0,0,0,0,-1,-1,-1,0,272,2,17,0,0,-42000,3000,0,42000,-42000,42000,0,0,0,0,0,1309291442,0,-1321907123,1427461461,32768,0,0,0
2524,Custodi d'Ossidiana,"Guidati dal coraggioso Comandante delle Scaglie Azurathel, i Custodi d'Ossidiana sono stati addestrati per essere lo scudo dello Stormo dei Draghi Neri. Oggi, questi Dracthyr usano le loro abilità per proteggere i più bisognosi dalle peggiori minacce.",387,469,9,0,0,0,0,0,-1,-1,-1,0,272,2,273,0,0,-42000,3000,0,42000,-42000,42000,0,0,0,0,0,-1321972659,0,1309324210,-1440044374,65536,0,0,0
2525,"Elementale, Fuoco",,-1,0,0,0,0,0,0,0,0,0,0,0,0,0,0,0,0,0,0,0,0,0,0,0,1,1,5,5,0,0,0,0,0,0,0,0
2526,Mezzorso Mantogelido,I Mezzorsi Mantogelido parlano una lingua che nessuno sembra comprendere. Forse ci saranno altre rivelazioni in futuro.,411,2506,0,0,0,0,0,0,0,0,0,0,0,0,0,0,-2900,0,0,0,42000,0,0,0,0,0,0,0,-1,-1,0,0,0,0,0,0
2542,Clan Ukhel,,372,2506,0,0,0,0,0,0,-1,0,0,0,2054,0,0,0,-42000,0,0,0,-42000,0,0,0,0,0,0,0,-1,-1,0,0,0,0,0,0
2544,Consorzio degli Artigiani - Ramo delle Isole dei Draghi,,402,2510,0,398,4,0,0,0,-1,0,0,0,16,0,0,0,0,0,0,0,42000,0,0,0,0,0,0,0,-1,-1,0,0,0,0,0,0
2550,Adunanza di Cobalto,"L'Adunanza di Cobalto un tempo era un luogo dove i Draghi Blu evocavano creature meravigliose grazie alla magia arcana. Ora è stato conquistato dalla Fiamma Frammentata, che intende sfruttarne la magia per la guerra.",408,2510,0,400,4,0,0,0,-1,0,0,0,16,0,0,0,100,0,0,0,42000,0,0,0,0,0,0,0,-1,-1,0,0,0,0,0,0
2551,Tuskarr di Iskaara (Eletto),"I Tuskarr di Iskaara sono sulle Isole dei Draghi da generazioni, vivendo in armonia e narrando storie sull'ambiente circostante.",409,2506,9,0,6,0,0,0,-1,0,0,0,16,0,0,0,0,0,0,0,42000,0,0,0,0,0,0,0,-1,-1,0,0,0,0,0,0
2552,Accordo di Valdrakken (Eletto),"Con sede nella loro più antica città, l'Accordo di Valdrakken è la potenza unificata di tutti i draghi, intenzionato a proteggere non solo la loro isola natale, ma tutta Azeroth.",410,2506,9,0,6,0,0,0,-1,0,0,0,16,0,0,0,0,0,0,0,42000,0,0,0,0,0,0,0,-1,-1,0,0,0,0,0,0
2553,Soridormi,"I Viaggiatori nel Tempo di Soridormi viaggiano nei flussi temporali e difendono il nostro mondo contro infinite versioni alternative. Quando la nostra linea temporale è sotto l'assalto temporale o si disgrega, Soridormi è la comandante che tiene tutto insieme.",432,2510,9,411,4,0,0,0,-1,0,0,0,16,0,0,0,0,0,0,0,42000,0,0,0,0,0,0,0,-1,-1,0,0,0,0,0,0
2554,Clan Toghus,,412,2503,0,0,0,0,0,0,-1,0,0,0,2052,0,0,0,0,0,0,0,42000,0,0,0,0,0,0,0,-1,-1,0,0,0,0,0,0
2555,Clan Kaighan,,413,2506,0,0,0,0,0,0,-1,0,0,0,2054,0,0,0,-6000,0,0,0,42000,0,0,0,0,0,0,0,-1,-1,0,0,0,0,0,0
2564,Niffen di Loamm,"Sotto le Isole dei Draghi, nelle profondità della Caverna di Zaralek, si trova la città dei Niffen: Loamm. Questi amichevoli mercanti sono famosi per la loro ospitalità, per lo sviluppatissimo senso dell'olfatto e per il loro eccezionale sistema di baratto.",421,2506,9,0,6,2565,0,2402,-1,0,0,0,16,0,0,0,0,0,0,0,2500,0,0,0,0,0,0,0,-1,-1,0,0,0,0,0,0
2565,Niffen di Loamm (Eccellenza),"Sotto le Isole dei Draghi, nelle profondità della Caverna di Zaralek, si trova la città dei Niffen: Loamm. Questi amichevoli mercanti sono famosi per la loro ospitalità, per lo sviluppatissimo senso dell'olfatto e per il loro eccezionale sistema di baratto.",422,2506,9,0,6,0,0,0,-1,0,0,0,16,0,0,0,0,0,0,0,42000,0,0,0,0,0,0,0,-1,-1,0,0,0,0,0,0
2568,Pilota di Scintillogg,Briggul non darà Viscido a chiunque. Puoi dimostrare il tuo valore nell'addestrare lumache?,425,2506,0,408,0,0,0,0,-1,0,0,0,16,0,0,0,0,0,0,0,2800,0,0,0,0,0,0,0,-1,-1,0,0,0,0,0,0
2569,The War Within,,383,0,10,0,0,0,0,0,-1,0,0,0,4120,0,0,0,0,0,0,0,0,0,0,0,0,0,0,0,-1,-1,0,0,0,0,0,0
2570,Arathi dei Precipizi Sacri,"Gli Arathi della Spedizione dei Precipizi Sacri proteggono la stella Beledar dalle molte minacce che si trovano sotto Khaz Algar. Tagliati fuori dal loro impero d'oltremare, hanno stabilito una nuova dimora con la forza della loro fede nella Fiamma Sacra.",426,2569,10,0,4,2611,0,2901,-1,0,0,0,16,0,0,0,0,0,0,0,2500,0,0,0,0,0,0,0,-1,-1,0,0,0,0,0,0
2574,Custodi del Sogno,Una coalizione di varie razze pronte a difendere il Sogno di Smeraldo contro qualsiasi minaccia.,430,2506,9,0,6,2575,0,2653,-1,0,0,0,16,0,0,0,0,0,0,0,2500,0,0,0,0,0,0,0,-1,-1,0,0,0,0,0,0
2575,Custodi del Sogno (Eccellenza),Una coalizione di varie razze pronte a difendere il Sogno di Smeraldo contro qualsiasi minaccia.,431,2506,9,0,6,0,0,0,0,0,0,0,0,0,0,0,0,0,0,0,0,0,0,0,0,0,0,0,0,0,0,0,0,0,0,0
2576,Druidi delle Fiamme,,-1,0,0,0,0,0,0,0,0,0,0,0,0,0,0,0,0,0,0,0,0,0,0,0,0,0,0,0,0,0,0,0,0,0,0,0
2590,Concilio di Dornogal,"Dettando legge dalla Sala della Fondazione sotto la guida del Custode del Concilio Merrix, il Concilio di Dornogal prende decisioni che influiscono su tutti i Terrigeni sull'Isola di Dorn.",442,2569,10,0,4,2612,0,2900,-1,0,0,0,16,0,0,0,0,0,0,0,2500,0,0,0,0,0,0,0,-1,-1,0,0,0,0,0,0
2593,Ciurma di Gambafusto,Una ciurma di mascalzoni che combinano guai sotto la bandiera del Capitano Gambafusto.,203,0,9,0,38,0,0,2814,-1,0,0,0,16,0,0,0,0,0,0,0,2500,0,0,0,0,0,0,0,-1,-1,0,0,0,0,0,0
2594,Adunanza delle Profondità,"Attraverso le Profondità Risonanti, molte macchine trascurate attendono di essere riparate. Mentre gli Oratori delle Macchine offrono il loro intuito tecnologico, i Coboldi depredano i pezzi abbandonati. L'aiuto di chiunque voglia esplorare e ricostruire è ben accetto.",444,2569,10,0,6,2613,0,2898,-1,0,0,0,16,0,0,0,0,0,0,0,2500,0,0,0,0,0,0,0,-1,-1,0,0,0,0,0,0
2595,Ordine della Notte,,-1,2569,10,0,0,0,0,0,0,0,0,0,0,0,0,0,0,0,0,0,0,0,0,0,1,1,0,0,0,0,0,0,0,0,0,0
2596,Fili Recisi (Eccellenza),Il tumultuoso regno della Regina Ansurek non è privo di detrattori. I Fili Recisi agiscono scaltramente e con discrezione dietro le quinte per disfare dall'interno l'arazzo del dominio di Ansurek.,445,2569,10,0,6,0,0,0,-1,0,0,0,16,0,0,0,0,0,0,0,7500,0,0,0,0,0,0,0,-1,-1,0,0,0,0,0,0
2600,Fili Recisi,Il tumultuoso regno della Regina Ansurek non è privo di detrattori. I Fili Recisi agiscono scaltramente e con discrezione dietro le quinte per disfare dall'interno l'arazzo del dominio di Ansurek.,446,2569,10,0,6,2596,0,2904,-1,0,0,0,4248,0,0,0,0,0,0,0,2500,0,0,0,0,0,0,0,-1,-1,0,0,0,0,0,0
2601,La Tessitrice,"Un tempo Tessitrice Reale, ora la Vedova Arak'nai osserva attentamente la sua vecchia dimora con occhio critico. Con una rete di Tessispie e informatori a sua disposizione, ben poco sfugge al suo sguardo.",447,2600,10,416,6,2648,0,0,-1,0,0,0,16,0,0,0,0,0,0,0,20000,0,0,0,0,0,0,7,-1,-1,0,0,0,0,0,0
2602,Bazar Ombrale,Controlla il comportamento delle creature nel Bazar Ombrale della Città dei Fili.,-1,2600,10,0,4,0,0,0,0,0,0,0,0,0,0,0,0,0,0,0,0,0,0,0,1,1,0,0,0,0,0,0,0,0,0,0
2604,Ciurma di Gambafusto (Eletto),Una ciurma di mascalzoni che combinano guai sotto la bandiera del Capitano Gambafusto.,202,0,9,0,6,0,0,0,-1,0,0,0,16,0,0,0,0,0,0,0,42000,0,0,0,0,0,0,0,-1,-1,0,0,0,0,0,0
2605,Il Generale,"Un tempo il capo militare più conosciuto di Azj-Kahet, Anub'azal ha visto il suo prestigio scemare in favore di uno degli amati Ascesi di Ansurek. Un atto inaccettabile.",449,2600,10,417,6,2649,0,0,-1,0,0,0,16,0,0,0,0,0,0,0,20000,0,0,0,0,0,0,7,-1,-1,0,0,0,0,0,0
2606,Alte Fosse,Controlla il comportamento delle creature nelle Alte Fosse della Città dei Fili.,-1,2600,10,0,4,0,0,0,0,0,0,0,0,0,0,0,0,0,0,0,0,0,0,0,1,1,0,0,0,0,0,0,0,0,0,0
2607,Il Visir,"Arroccato nella posizione più pericolosa fra tutte, l'Esecutore Nizrek passa i suoi giorni nelle vesti del più fedele consigliere della Regina Ansurek. Fortunatamente, Ansurek non ha ancora scoperto che il resto del suo tempo lo trascorre a tentare di deporre il suo regno.",451,2600,10,418,6,2647,0,0,-1,0,0,0,16,0,0,0,0,0,0,0,20000,0,0,0,0,0,0,7,-1,-1,0,0,0,0,0,0
2609,Cunicoli,Controlla il comportamento delle creature nei Cunicoli della Città dei Fili.,-1,2600,10,0,4,0,0,0,0,0,0,0,0,0,0,0,0,0,0,0,0,0,0,0,1,1,0,0,0,0,0,0,0,0,0,0
2610,Nerubiano di Azj-Kahet (Sempre Ostile) (Nascosto),"Controlla il comportamento dei Nerubiani sempre ostili. Si comportano come mostri, ma gli altri Nerubiani non li attaccano (anche se sono alleati del personaggio). Da usare sulla maggior parte dei nemici Nerubiani.",-1,2600,10,0,0,0,0,0,0,0,0,0,0,0,0,0,0,0,0,0,0,0,0,0,1,1,0,0,0,0,0,0,0,0,0,0
2611,Arathi dei Precipizi Sacri (Eccellenza),"Gli Arathi della Spedizione dei Precipizi Sacri proteggono la stella Beledar dalle molte minacce che si trovano sotto Khaz Algar. Tagliati fuori dal loro impero d'oltremare, hanno stabilito una nuova dimora con la forza della loro fede nella Fiamma Sacra.",453,2569,10,0,6,0,0,0,-1,0,0,0,16,0,0,0,0,0,0,0,42000,0,0,0,0,0,0,0,-1,-1,0,0,0,0,0,0
2612,Concilio di Dornogal (Eccellenza),"Dettando legge dalla Sala della Fondazione sotto la guida del Custode del Concilio Merrix, il Concilio di Dornogal prende decisioni che influiscono su tutti i Terrigeni sull'Isola di Dorn.",454,2569,10,0,6,0,0,0,-1,0,0,0,16,0,0,0,0,0,0,0,42000,0,0,0,0,0,0,0,-1,-1,0,0,0,0,0,0
2613,Adunanza delle Profondità (Eccellenza),"Attraverso le Profondità Risonanti, molte macchine trascurate attendono di essere riparate. Mentre gli Oratori delle Macchine offrono il loro intuito tecnologico, i Coboldi depredano i pezzi abbandonati. L'aiuto di chiunque voglia esplorare e ricostruire è ben accetto.",455,2569,10,0,6,0,0,0,-1,0,0,0,16,0,0,0,0,0,0,0,42000,0,0,0,0,0,0,0,-1,-1,0,0,0,0,0,0
2614,Forte d'Assedio,Controls creature behavior in the Siegehold POI of Azj-Kahet.  ONLY USED IN LEVEL UP CAMPAIGN CH 2.,-1,2600,10,0,0,0,0,0,0,0,0,0,0,0,0,0,0,0,0,0,0,0,0,0,1,1,0,0,0,0,0,0,0,0,0,0
2615,Archivi Azerothiani,Un gruppo scelto di studiosi della Spedizione delle Scaglie di Drago dedicato alla conservazione delle antichità per le generazioni future.,457,2507,9,419,4,0,0,0,-1,0,0,0,16,0,0,0,0,0,0,0,42000,0,0,0,0,0,0,0,-1,-1,0,0,0,0,0,0
2616,Straziatore di Gambafusto,,-1,2506,9,0,0,2604,0,2814,0,0,0,0,0,0,0,0,0,0,0,0,0,0,0,0,1,1,0,0,0,0,0,0,0,0,0,0
2635,Grovigli,Controlla il comportamento delle creature nei Grovigli della Città dei Fili.,-1,2600,10,0,4,0,0,0,0,0,0,0,0,0,0,0,0,0,0,0,0,0,0,0,1,1,0,0,0,0,0,0,0,0,0,0
2637,Personaggi Terrigeni dell'Alleanza,,-1,0,0,0,0,0,0,0,0,0,0,0,0,0,0,0,0,0,0,0,0,0,0,0,1,1,5,5,0,0,0,0,0,0,0,0
2638,Personaggi Terrigeni dell'Orda,,-1,0,0,0,0,0,0,0,0,0,0,0,0,0,0,0,0,0,0,0,0,0,0,0,1,1,5,5,0,0,0,0,0,0,0,0
2640,Brann Barbabronzea,Compagno Fidato delle Scorribande,448,2569,0,412,6,0,0,0,-1,0,0,0,16,0,0,0,0,0,0,0,9335900,0,0,0,0,0,0,0,-1,-1,0,0,0,0,0,0
2644,Scorribande: Stagione 1,,456,2569,10,0,102,0,0,3022,-1,0,0,0,0,0,0,0,0,0,0,0,4200,0,0,0,0,0,0,0,-1,-1,0,0,0,0,0,0
2645,Terrigeni,,467,2590,9,0,4,0,0,0,-1,0,0,0,2068,0,0,0,3000,0,0,0,42000,0,0,0,1,0,7,0,-1,-1,0,0,0,0,0,0
2647,Visir (Eccellenza),"Arroccato nella posizione più pericolosa fra tutte, l'Esecutore Nizrek passa i suoi giorni nelle vesti del più fedele consigliere della Regina Ansurek. Fortunatamente, Ansurek non ha ancora scoperto che il resto del suo tempo lo trascorre a tentare di deporre il suo regno.",468,2600,0,0,6,0,0,0,-1,0,0,0,16,0,0,0,0,0,0,0,0,0,0,0,0,0,0,0,-1,-1,0,0,0,0,0,0
2648,Tessitrice (Eccellenza),"Un tempo Tessitrice Reale, ora la Vedova Arak'nai osserva attentamente la sua vecchia dimora con occhio critico. Con una rete di Tessispie e informatori a sua disposizione, ben poco sfugge al suo sguardo.",469,2600,0,0,6,0,0,0,-1,0,0,0,16,0,0,0,0,0,0,0,0,0,0,0,0,0,0,0,-1,-1,0,0,0,0,0,0
2649,Generale (Eccellenza),"Un tempo il capo militare più conosciuto di Azj-Kahet, Anub'azal ha visto il suo prestigio scemare in favore di uno degli amati Ascesi di Ansurek. Un atto inaccettabile.",470,2600,0,0,6,0,0,0,-1,0,0,0,16,0,0,0,0,0,0,0,0,0,0,0,0,0,0,0,-1,-1,0,0,0,0,0,0
2652,Sicurezza dei Micciascura,"Mercenari ingaggiati da Jastor Gallywix per ""proteggere"" la gente e le risorse di Cavafonda.",-1,2653,0,0,0,0,0,0,0,0,0,0,0,0,0,0,0,0,0,0,0,0,0,0,1,1,7,5,0,0,0,0,0,0,0,0
2653,I Cartelli di Cavafonda,"Cavafonda non è come le altre città. Non ci sono re o capi, solo cartelli. Tutti vogliono far parte dei cartelli. È meglio di essere re, perché di re ce ne può essere solo uno. Ma a Cavafonda ci sono un sacco di cartelli e hanno tutti bisogno di un amico.",478,2569,10,0,6,2667,0,3120,-1,0,0,0,152,0,0,0,0,0,0,0,2500,0,0,0,0,0,7,7,-1,-1,0,0,0,0,0,0
2657,11.2 Ethereum,,-1,2569,10,0,0,0,0,0,0,0,0,0,0,0,0,0,0,0,0,0,0,0,0,0,1,1,0,0,0,0,0,0,0,0,0,0
2658,Concordato di K'aresh,"Una coalizione di cartelli degli Alienatori e degli Eterei, forgiata con un obiettivo impossibile: salvare una parte del loro mondo distrutto dal Divoratore.",471,2569,10,0,6,2659,0,3128,-1,0,0,0,16,0,0,0,0,0,0,0,2500,0,0,0,0,0,0,0,-1,-1,0,0,0,0,0,0
2659,Concordato di K'aresh (Eccellenza),"Una coalizione di cartelli degli Alienatori e degli Eterei, forgiata con un obiettivo impossibile: salvare una parte del loro mondo distrutto dal Divoratore.",472,2569,9,0,6,0,0,0,-1,0,0,0,16,0,0,0,0,0,0,0,42000,0,0,0,0,0,0,0,-1,-1,0,0,0,0,0,0
2662,[PH] The Power of Friendship,[PH] This is the bucket for all neighborhood visitors who can become friends with the player.,473,2569,0,0,0,0,0,0,-1,0,0,0,152,0,0,0,0,0,0,0,42000,0,0,0,0,0,0,0,-1,-1,0,0,0,0,0,0
2663,Meerah,"Lontana dalla sua casa a Vol'dun, Meerah ha deciso di viaggiare per il mondo come mercante insieme ai suoi migliori amici, gli alpaca Dolly e Dot.",474,2662,0,487,0,0,0,0,-1,0,0,0,16,0,0,0,0,0,0,0,42000,0,0,0,0,0,0,0,-1,-1,0,0,0,0,0,0
2664,Flynn Ventofermo,"Un tempo, Flynn era un capitano pirata al largo delle coste di Kul Tiras, ma ha promesso di servire l'Alleanza (finché viene pagato).",475,2662,0,489,0,0,0,0,-1,0,0,0,16,0,0,0,0,0,0,0,42000,0,0,0,0,0,0,0,-1,-1,0,0,0,0,0,0
2665,Lillistrasza,"Lillistrasza vive al Tempio della Vita di Rubino nelle Isole dei Draghi, ma è nota per essere solita allontanarsi per visitare luoghi interessanti.",476,2662,0,488,0,0,0,0,-1,0,0,0,16,0,0,0,0,0,0,0,42000,0,0,0,0,0,0,0,-1,-1,0,0,0,0,0,0
2666,Tosta e Gusta,La caffetteria locale di Borobosco.,477,2662,0,490,0,0,0,0,-1,0,0,0,16,0,0,0,0,0,0,0,42000,0,0,0,0,0,0,0,-1,-1,0,0,0,0,0,0
2667,I Cartelli di Cavafonda (Eccellenza),"Cavafonda non è come le altre città. Non ci sono re o capi, solo cartelli. Tutti vogliono far parte dei cartelli. È meglio di essere re, perché di re ce ne può essere solo uno. Ma a Cavafonda ci sono un sacco di cartelli e hanno tutti bisogno di un amico.",479,2569,0,0,6,0,0,0,-1,0,0,0,16,0,0,0,0,0,0,0,2500,0,0,0,0,0,7,7,-1,-1,0,0,0,0,0,0
2668,Soluzioni Micciascura (Eccellenza),"Le Soluzioni Micciascura non si sono di certo fatte nuovi amici lavorando per Gallywix, ma arrendersi non è da Goblin. Sono tornate con una nuova identità, un nuovo atteggiamento e poi, erano solo affari, no?",480,2653,0,0,6,0,0,0,-1,0,0,0,16,0,0,0,0,0,0,0,42000,0,0,0,0,0,5,5,-1,-1,0,0,0,0,0,0
2669,Soluzioni Micciascura,"Le Soluzioni Micciascura non si sono di certo fatte nuovi amici lavorando per Gallywix, ma arrendersi non è da Goblin. Sono tornate con una nuova identità, un nuovo atteggiamento e poi, erano solo affari, no?",481,2653,10,0,6,2668,0,0,-1,0,0,0,16,0,0,0,0,0,0,0,42000,0,0,0,0,0,1,7,-1,-1,0,0,0,0,0,0
2670,S.P.R. & Co. (Eccellenza),"La S.P.R. & Co. non gode esattamente della miglior reputazione in città, ma non c'è nessuno che raccolga, estragga o trivelli più veloce di loro. Cerchi cortesia? Iscriviti a un club di lettura. Cerchi materiali grezzi? Ci pensa la S.P.R. & Co.",482,2653,0,0,6,0,0,0,-1,0,0,0,16,0,0,0,0,0,0,0,42000,0,0,0,0,0,5,5,-1,-1,0,0,0,0,0,0
2671,S.P.R. & Co.,"La S.P.R. & Co. non gode esattamente della miglior reputazione in città, ma non c'è nessuno che raccolga, estragga o trivelli più veloce di loro. Cerchi cortesia? Iscriviti a un club di lettura. Cerchi materiali grezzi? Ci pensa la S.P.R. & Co.",483,2653,10,0,6,2670,0,0,-1,0,0,0,16,0,0,0,3000,0,0,0,42000,0,0,0,0,0,3,7,-1,-1,0,0,0,0,0,0
2672,Cartello degli Acqualorda (Eccellenza),"Il Cartello degli Acqualorda ha subito più alti e bassi di chiunque altro, ma nessuno sa costruire e inventare come loro. Che si tratti di creare città, giocattoli da piscina o [CONFIDENZIALE], gli Acqualorda sono i migliori.",484,2653,0,0,6,0,0,0,-1,0,0,0,16,0,0,0,0,0,0,0,42000,0,0,0,0,0,5,5,-1,-1,0,0,0,0,0,0
2673,Cartello degli Acqualorda,"Il Cartello degli Acqualorda ha subito più alti e bassi di chiunque altro, ma nessuno sa costruire e inventare come loro. Che si tratti di creare città, giocattoli da piscina o [CONFIDENZIALE], gli Acqualorda sono i migliori.",485,2653,10,0,6,2672,0,0,-1,0,0,0,16,0,0,0,3000,0,0,0,42000,0,0,0,0,0,3,7,-1,-1,0,0,0,0,0,0
2674,Cartello degli Acquanera (Eccellenza),"Il Cartello degli Acquanera è di recente comparsa, dato che prima solcavano i mari come pirati. Ma stanno già smuovendo le acque con spedizioni e vacanze di lusso. Possono spostare qualsiasi carico, in qualsiasi luogo e in qualsiasi momento, e per giunta ora è tutto legale.",486,2653,0,0,6,0,0,0,-1,0,0,0,16,0,0,0,0,0,0,0,42000,0,0,0,0,0,7,7,-1,-1,0,0,0,0,0,0
2675,Cartello degli Acquanera,"Il Cartello degli Acquanera è di recente comparsa, dato che prima solcavano i mari come pirati. Ma stanno già smuovendo le acque con spedizioni e vacanze di lusso. Possono spostare qualsiasi carico, in qualsiasi luogo e in qualsiasi momento, e per giunta ora è tutto legale.",487,2653,10,0,6,2674,0,0,-1,0,0,0,16,0,0,0,3000,0,0,0,42000,0,0,0,0,0,3,7,-1,-1,0,0,0,0,0,0
2676,Cartello degli Spargifumo (Eccellenza),"Il Cartello degli Spargifumo forse è il più antico e il più grande di Cavafonda. Ha le mani in pasta praticamente in qualsiasi settore e la sua influenza arriva in tutta Azeroth e anche oltre. Oggigiorno, con l'ascesa di Granstrippo, è noto soprattutto per l'alchimia.",488,2653,0,0,6,0,0,0,-1,0,0,0,16,0,0,0,0,0,0,0,42000,0,0,0,0,0,5,5,-1,-1,0,0,0,0,0,0
2677,Cartello degli Spargifumo,"Il Cartello degli Spargifumo forse è il più antico e il più grande di Cavafonda. Ha le mani in pasta praticamente in qualsiasi settore e la sua influenza arriva in tutta Azeroth e anche oltre. Oggigiorno, con l'ascesa di Granstrippo, è noto soprattutto per l'alchimia.",489,2653,10,0,6,2676,0,0,-1,0,0,0,16,0,0,0,3000,0,0,0,42000,0,0,0,0,0,3,7,-1,-1,0,0,0,0,0,0
2683,Scorribande: Stagione 2,,493,2569,10,0,102,0,0,3130,-1,0,0,0,0,0,0,0,0,0,0,0,4200,0,0,0,0,0,0,0,-1,-1,0,0,0,0,0,0
2684,Club Fedeltà del Gallagio (Eccellenza),"Il Gallagio non ha ancora cambiato gestione, ma lo farà. E quando accadrà, ti conviene tenerti buono chi comanda, no? Quindi, rendi il Gallagio un posto migliore e stringi nuove amicizie.",494,2653,10,0,6,0,0,0,-1,0,0,0,16,0,0,0,0,0,0,0,42000,0,0,0,0,0,0,0,-1,-1,0,0,0,0,0,0
2685,Club Fedeltà del Gallagio,"Il Gallagio non ha ancora cambiato gestione, ma lo farà. E quando accadrà, ti conviene tenerti buono chi comanda, no? Quindi, rendi il Gallagio un posto migliore e stringi nuove amicizie.",495,2653,10,0,6,2684,0,3315,-1,0,0,0,16,0,0,0,0,0,0,0,2500,0,0,0,0,0,7,7,-1,-1,0,0,0,0,0,0
2688,Radiosità della Fiamma,"Con i Precipizi Sacri in pericolo e l'esercito ridotto all'osso, chiunque abbia forza sufficiente a brandire un'arma è stato chiamato alle armi, formando così la Radiosità della Fiamma. Tutti gli alleati sono invitati a unirsi alla difesa dei Precipizi Sacri.",496,2569,10,0,6,2689,0,3140,-1,0,0,0,16,0,0,0,0,0,0,0,2500,0,0,0,0,0,0,0,-1,-1,0,0,0,0,0,0
2689,Radiosità della Fiamma (Eccellenza),"Con i Precipizi Sacri in pericolo e l'esercito ridotto all'osso, chiunque abbia forza sufficiente a brandire un'arma è stato chiamato alle armi, formando così la Radiosità della Fiamma. Tutti gli alleati sono invitati a unirsi alla difesa dei Precipizi Sacri.",497,2569,10,0,6,0,0,0,-1,0,0,0,16,0,0,0,0,0,0,0,2500,0,0,0,0,0,0,0,-1,-1,0,0,0,0,0,0
2692,S.P.R. & Co.,11.1 NPC/CREATURE ONLY,-1,0,0,0,0,0,0,0,0,0,0,0,0,0,0,0,0,0,0,0,0,0,0,0,1,1,7,7,0,0,0,0,0,0,0,0
2693,Viaggi nelle Scorribande (Stagione 1),,498,2569,10,0,70,0,0,0,-1,0,0,0,4248,0,0,0,0,0,0,0,2500,0,0,0,0,0,0,0,-1,-1,0,0,0,0,0,0
2695,Test Account Wide Stormwind (DNT),Testing faction-restricted account wide factions (DNT),500,0,0,0,100,0,0,0,0,0,0,0,276,6,20,0,3000,-42000,4000,0,42000,-42000,42000,0,1,0.25,4,7,825576524,0,1309324210,-1440044374,-2147483647,0,0,0
2696,Tribù Amani,"Gli Amani hanno conquistato e rivendicato la maggior parte dei Regni Orientali per migliaia di anni ma, quando gli Elfi e gli Umani hanno colonizzato quelle terre, sono stati ricacciati nell'attuale Zul'aman.",501,2698,11,0,6,2705,0,3355,-1,0,0,0,152,0,0,0,0,0,0,0,2500,0,0,0,0,0,0,0,-1,-1,0,0,0,0,0,0
2697,Chase's test faction (DNT),Testing for AVU (DNT),504,469,0,0,244,0,0,0,-1,0,0,0,4,4,4,4,300,0,0,0,40000,0,0,0,1,1,4,7,-1321907123,1427461461,0,0,0,0,0,0
2698,Midnight,,503,0,11,0,0,0,0,0,-1,0,0,0,24,0,0,0,0,0,0,0,0,0,0,0,0,0,0,0,-1,-1,0,0,0,0,0,0
2699,Singolarità,"Nel vortice di terrore e violenza che è la Tempesta del Vuoto, pochi hanno il temperamento per sopravvivere. La Singolarità, radunata dal Magistro Umbric e dai Ren'dorei, riunisce tutti quelli che hanno il coraggio di affrontare questa terra spaventosa per opporsi a Xal'atath.",502,2698,11,0,6,2725,0,3388,-1,0,0,0,16,0,0,0,0,0,0,0,2500,0,0,0,0,0,0,0,-1,-1,0,0,0,0,0,0
2700,DEPRECATED Fungarian Fighting Ring,,505,2698,11,0,32,0,0,0,-1,0,0,0,20,0,0,0,0,0,0,0,0,0,0,0,0,0,0,0,-1,-1,0,0,0,0,0,0
2704,Hara'ti,"Chiamati ad Harandar dal canto della loro Dea, gli Hara'ti proteggono la sua culla, nella speranza che un giorno ella possa tornare.",509,2698,11,0,6,2726,0,3369,-1,0,0,0,16,0,0,0,0,0,0,0,2500,0,0,0,0,0,0,0,-1,-1,0,0,0,0,0,0
2705,Tribù Amani (Eccellenza),"12.0 Z2 Zul'lAman - Main Faction, Paragon",510,2698,0,0,6,0,0,0,-1,0,0,0,144,0,0,0,0,0,0,0,42000,0,0,0,0,0,4,4,-1,-1,0,0,0,0,0,0
2706,Tribù Scorzasecca,12.0 Z2 Zul'Aman - Amani Sub Faction,-1,2696,0,0,0,0,0,0,0,0,0,0,0,0,0,0,0,0,0,0,0,0,0,0,1,1,4,4,0,0,0,0,0,0,0,0
2709,Avanguardia della Luce,12.0 New Army of the Light,-1,2698,0,0,4,0,0,0,0,0,0,0,0,0,0,0,0,0,0,0,0,0,0,0,1,1,0,0,0,0,0,0,0,0,0,0
2710,Corte di Lunargenta,"Grazie a eleganza, intelligenza e precisione politica, la Corte si assicura che la luce di Lunargenta brilli eternamente raggiante e peculiare.",515,2698,11,0,6,2727,0,3371,-1,0,0,0,4248,0,0,0,0,0,0,0,2500,0,0,0,0,0,4,4,-1,-1,0,0,0,0,0,0
2711,Magistri,"I più grandi esperti di magia di Lunargenta. I Magistri sono brillanti Sin'dorei che vantano un'incredibile padronanza delle arti arcane, con menti affinate in secoli di studio.",516,2710,10,497,6,0,0,0,-1,0,0,0,16,0,0,0,0,0,0,0,42000,0,0,0,0,0,4,4,-1,-1,0,0,0,0,0,0
2712,Cavalieri del Sangue,"Un contingente di Paladini di Lunargenta. Eroi risoluti e campioni del sole prescelti, seguono Dama Liadrin in battaglia per distruggere i nemici dei Sin'dorei.",517,2710,10,499,6,0,0,0,-1,0,0,0,16,0,0,0,0,0,0,0,42000,0,0,0,0,0,4,4,-1,-1,0,0,0,0,0,0
2713,Lungopasso,"Guardaboschi d'élite dei Sin'dorei, in precedenza incaricati della protezione delle foreste, dei confini e delle terre selvagge dei Boschi di Cantoeterno.",518,2710,10,498,6,0,0,0,-1,0,0,0,16,0,0,0,0,0,0,0,42000,0,0,0,0,0,4,4,-1,-1,0,0,0,0,0,0
2714,Ombre della Traversa,"Subdoli, avidi, ma incredibilmente utili nelle situazioni più difficili. Non sentirai parlare molto delle Ombre della Traversa, ma è certo che quasi tutti a Lunargenta hanno avuto a che fare con loro.",519,2710,10,500,6,0,0,0,-1,0,0,0,16,0,0,0,0,0,0,0,42000,0,0,0,0,0,4,4,-1,-1,0,0,0,0,0,0
2720,Lunargenta,12.0 Silvermoon - NPC Faction Only,-1,0,0,0,0,0,0,0,0,0,0,0,0,0,0,0,0,0,0,0,0,0,0,0,0,0,0,0,0,0,0,0,0,0,0,0
2722,Scorribande: Stagione 3,,524,2569,10,0,70,0,0,3271,-1,0,0,0,0,0,0,0,0,0,0,0,4200,0,0,0,0,0,0,0,-1,-1,0,0,0,0,0,0
2725,Singolarità (Eccellenza),"Nel vortice di terrore e violenza che è la Tempesta del Vuoto, pochi hanno il temperamento per sopravvivere. La Singolarità, radunata dal Magistro Umbric e dai Ren'dorei, riunisce tutti quelli che hanno il coraggio di affrontare questa terra spaventosa per opporsi a Xal'atath.",525,2698,9,0,6,0,0,0,-1,0,0,0,16,0,0,0,0,0,0,0,42000,0,0,0,0,0,0,0,-1,-1,0,0,0,0,0,0
2726,Hara'ti (Eccellenza),[DNT] Haranir tribe on haronar,526,2698,9,0,6,0,0,0,-1,0,0,0,16,0,0,0,0,0,0,0,42000,0,0,0,0,0,0,0,-1,-1,0,0,0,0,0,0
2727,Corte di Lunargenta (Eccellenza),"12.0 Z1 Eversong - Main Faction, Paragon",527,2698,0,0,6,0,0,0,-1,0,0,0,144,0,0,0,0,0,0,0,42000,0,0,0,0,0,4,4,-1,-1,0,0,0,0,0,0
2728,"PERSONAGGIO, Haranir Orda",,-1,0,0,0,0,0,0,0,0,0,0,0,0,0,0,0,0,0,0,0,0,0,0,0,1,1,5,5,0,0,0,0,0,0,0,0
2729,"PERSONAGGIO, Haranir Alleanza",,-1,0,0,0,0,0,0,0,0,0,0,0,0,0,0,0,0,0,0,0,0,0,0,0,1,1,5,5,0,0,0,0,0,0,0,0
2736,Vandali della Manaforgia,"Mentre il Concordato di K'aresh lavora per unire i popoli della loro stella morente, alcuni membri preferiscono un approccio più diretto. Usando metodi segreti e talvolta scorretti, i Vandali della Manaforgia vogliono distruggere le forze di Salhadaar con ogni mezzo necessario.",530,2569,10,0,6,0,0,3305,-1,0,0,0,16,0,0,0,0,0,0,0,2500,0,0,0,0,0,7,7,-1,-1,0,0,0,0,0,0
2739,Scorribande: Conversione Schegge di Chiave dello Scrigno,,531,2569,0,0,234,0,0,3028,-1,0,0,0,0,0,0,0,0,0,0,0,100,0,0,0,0,0,0,0,-1,-1,0,0,0,0,0,0
2742,Scorribande: Stagione 1,,532,2698,11,0,102,0,0,3317,-1,0,0,0,0,0,0,0,0,0,0,0,4200,0,0,0,0,0,0,0,-1,-1,0,0,0,0,0,0
2744,Valeera Sanguinar,Compagno Fidato delle Scorribande,533,2698,0,501,6,0,0,0,-1,0,0,0,16,0,0,0,0,0,0,0,8989497,0,0,0,0,0,0,0,-1,-1,0,0,0,0,0,0
2764,Preda: Stagione 1,"Astalor Giurasangue ha creato una soluzione unica per la difesa di Lunargenta, anche se Azeroth è afflitta da ogni genere di minaccia.",536,2698,11,0,102,0,0,3386,-1,0,0,0,16,0,0,0,0,0,0,0,4000,0,0,0,0,0,0,0,-1,-1,0,0,0,0,0,0
2766,Arena dei Combattenti,Creature di ogni dove sono state radunate per combattere in scontri all'ultimo sangue contro gli eroi dell'Orda.,537,892,0,28,0,0,0,0,0,0,0,0,16,0,0,0,0,0,0,0,7000,0,0,0,1,1,0,0,1309324210,-1440044374,0,0,0,0,0,0
2767,Club dei Combattenti di Bizmo,Un gruppo di combattenti assetati di sangue ha radunato creature da ogni dove per farle combattere in scontri all'ultimo sangue contro gli eroi dell'Alleanza.,538,891,0,43,0,0,0,0,0,0,0,0,16,0,0,0,0,0,0,0,7000,0,0,0,1,1,0,0,-1321907123,1427461461,0,0,0,0,0,0
2770,Duello del Carnefice,"Nelle profondità della Tempesta del Vuoto, la guerra tra Vidious e Ziadan infuria senza tregua.",539,2698,0,0,4,2774,0,0,-1,0,0,0,16,0,0,0,0,0,0,0,42000,0,0,0,0,0,0,0,-1,-1,0,0,0,0,0,0
2771,Forze di Zul'jarra (Eccellenza),"I soldati Pinombroso, Scorzasecca, Zannatorta e Amani fanno fronte comune sotto la guida di Zul'jarra. L'esercito combatte contro Malacrass e Ula'tek sull'Isola Serpeggiante ad Atal'utek.",540,2698,0,0,6,0,0,0,-1,0,0,0,16,0,0,0,0,0,0,0,42000,0,0,0,0,0,0,0,-1,-1,0,0,0,0,0,0
2772,Forze di Zul'jarra,"I soldati Pinombroso, Scorzasecca, Zannatorta e Amani fanno fronte comune sotto la guida di Zul'jarra. L'esercito combatte contro Malacrass e Ula'tek sull'Isola Serpeggiante ad Atal'utek.",541,2698,11,0,6,2771,0,3471,-1,0,0,0,16,0,0,0,0,0,0,0,2500,0,0,0,0,0,0,0,-1,-1,0,0,0,0,0,0
2773,Capitano Tokka,"La nave del Capitano Tokka è stata divorata dal Grande Serpente Bianco e la sua ciurma è stata corrotta dalla Maledizione di Ula'tek. Ti svelerà i segreti dei pesci maledetti dal veleno, a patto che tu lo aiuti a vendicarsi.",542,2698,9,502,4,0,0,0,-1,0,0,0,16,0,0,0,0,0,0,0,42000,0,0,0,0,0,0,0,-1,-1,0,0,0,0,0,0
2774,Duello del Carnefice (Eccellenza),"Nelle profondità della Tempesta del Vuoto, la guerra tra Vidious e Ziadan infuria senza tregua.",543,2698,0,0,4,0,0,0,-1,0,0,0,16,0,0,0,0,0,0,0,42000,0,0,0,0,0,0,0,-1,-1,0,0,0,0,0,0
2775,[DEPRECATED] Ofi the Sly,DEPRECATED,544,2698,9,503,100,0,0,0,-1,0,0,0,20,0,0,0,0,0,0,0,0,0,0,0,0,0,0,0,-1,-1,0,0,0,0,0,0
2776,[DEPRECATED] Untrustworthy Ghost,DEPRECATED,545,2698,9,504,100,0,0,0,-1,0,0,0,20,0,0,0,0,0,0,0,0,0,0,0,0,0,0,0,-1,-1,0,0,0,0,0,0
2780,Tribù Pinombroso,12.0 Z2 Zul'Aman - Amani Sub Faction,-1,2696,0,0,0,0,0,0,0,0,0,0,0,0,0,0,0,0,0,0,0,0,0,0,1,1,4,4,0,0,0,0,0,0,0,0
2781,Tribù Zannatorta,12.0 Z2 Zul'Aman - Amani Sub Faction,-1,2696,0,0,0,0,0,0,0,0,0,0,0,0,0,0,0,0,0,0,0,0,0,0,1,1,4,4,0,0,0,0,0,0,0,0
2792,Siti Rituali,Il caos all'indomani degli attacchi del Vuoto ha convinto i nemici a cercare ulteriore potere nei rituali oscuri. Bisogna occuparsi di questi siti dall'intensa magia.,514,2698,11,0,6,2793,0,3428,-1,0,0,0,4248,0,0,0,0,0,0,0,2500,0,0,0,0,0,4,4,-1,-1,0,0,0,0,0,0
2793,Sito Rituale (Eccellenza),"12.0.5 Ritual Sites - Feature, Paragon",546,2698,0,0,6,0,0,0,-1,0,0,0,144,0,0,0,0,0,0,0,42000,0,0,0,0,0,4,4,-1,-1,0,0,0,0,0,0
2796,Scorribande: Stagione 2,,547,2698,11,0,70,0,0,3464,-1,0,0,0,0,0,0,0,0,0,0,0,4200,0,0,0,0,0,0,0,-1,-1,0,0,0,0,0,0
2808,Viaggio del Cacciatore di Prede,"Astalor Giurasangue ha creato una soluzione unica per la difesa di Lunargenta, anche se Azeroth è afflitta da ogni genere di minaccia.",548,2698,11,0,70,0,0,3514,-1,0,0,0,16,0,0,0,0,0,0,0,4000,0,0,0,0,0,0,0,-1,-1,0,0,0,0,0,0
2839,Scorribande: Stagione 3,,572,2698,11,0,70,0,0,3545,-1,0,0,0,0,0,0,0,0,0,0,0,4200,0,0,0,0,0,0,0,-1,-1,0,0,0,0,0,0
