ID,QuestTitle_lang,BulletText_lang,UniqueBitFlag,ConditionID,FiltActiveQuest,FiltClasses,FiltCompletedQuestLogic,FiltMaxFactionID,FiltMaxFactionValue,FiltMinFactionID,FiltMinFactionValue,FiltMinSkillID,FiltMinSkillValue,FiltNonActiveQuest,BreadCrumbID,StartItem,WorldStateExpressionID,QuestInfoID,ContentTuningID,CovenantID,Field_9_0_2_36206_022,Flags[0],Flags[1],Flags[2],FiltCompletedQuest[0],FiltCompletedQuest[1],FiltCompletedQuest[2],FiltRaceMasks[0],FiltRaceMasks[1]
11354,RICERCATO: Frustino di Nazan,,5351,0,0,-1,0,0,0,0,0,0,0,0,0,0,4824,85,820,0,2,4104,0,268435968,0,0,0,-1,-1
11362,RICERCATO: Bastone Piumato di Keli'dan,,5351,0,0,-1,0,0,0,0,0,0,0,0,0,0,4825,85,820,0,2,4104,0,268435968,0,0,0,-1,-1
11363,RICERCATO: Sigillo di Manotagliente,,5351,0,0,-1,0,0,0,0,0,0,0,0,0,0,4826,85,820,0,2,4104,0,268435968,0,0,0,-1,-1
11368,RICERCATO: Cuore di Bragatur,,5351,0,0,-1,0,0,0,0,0,0,0,0,0,0,4827,85,820,0,2,4104,0,268435968,0,0,0,-1,-1
11369,RICERCATO: Uovo di Camminatore Oscuro,,5351,0,0,-1,0,0,0,0,0,0,0,0,0,0,4828,85,820,0,2,4104,0,268435968,0,0,0,-1,-1
11370,RICERCATO: Trattato del Signore della Guerra,,5351,0,0,-1,0,0,0,0,0,0,0,0,0,0,4829,85,820,0,2,4104,0,268435968,0,0,0,-1,-1
11371,RICERCATI: Mirmidoni Spiraguzza,,5359,0,0,-1,0,0,0,0,0,0,0,0,0,0,4817,81,233,0,2,4104,0,268435968,0,0,0,-1,-1
11372,RICERCATE: Piume della Testa di Ikiss,,5351,0,0,-1,0,0,0,0,0,0,0,0,0,0,4830,85,820,0,2,4104,0,268435968,0,0,0,-1,-1
11373,RICERCATO: Meraviglioso Amuleto di Shaffar,,5351,0,0,-1,0,0,0,0,0,0,0,0,0,0,4831,85,820,0,2,4104,0,268435968,0,0,0,-1,-1
11374,RICERCATA: Gemma dell'Anima dell'Esarca,,5351,0,0,-1,0,0,0,0,0,0,0,0,0,0,4832,85,820,0,2,4104,0,268435968,0,0,0,-1,-1
11375,RICERCATO: Sussurro di Murmur,,5351,0,0,-1,0,0,0,0,0,0,0,0,0,0,4833,85,820,0,2,4104,0,268435968,0,0,0,-1,-1
11376,RICERCATE: Istruttrici Maligne,,5359,0,0,-1,0,0,0,0,0,0,0,0,0,0,4818,81,225,0,2,4104,0,268435968,0,0,0,-1,-1
11378,RICERCATA: Testa del Cacciatore delle Ere,,5351,0,0,-1,0,0,0,0,0,0,0,0,0,0,4834,85,820,0,2,4104,0,268435968,0,0,0,-1,-1
11382,RICERCATA: Clessidra di Aeonus,,5351,0,0,-1,0,0,0,0,0,0,0,0,0,0,4835,85,820,0,2,4104,0,268435968,0,0,0,-1,-1
11383,RICERCATI: Signori della Faglia,,5359,0,0,-1,0,0,0,0,0,0,0,0,0,0,4819,81,227,0,2,4104,0,268435968,0,0,0,-1,-1
11384,RICERCATO: Pezzetto di Scheggia Arcana,,5351,0,0,-1,0,0,0,0,0,0,0,0,0,0,4836,85,820,0,2,4104,0,268435968,0,0,0,-1,-1
11385,RICERCATI: Salmodianti dei Cercatori del Sole,,5359,0,0,-1,0,0,0,0,0,0,0,0,0,0,4820,81,229,0,2,4104,0,268435968,0,0,0,-1,-1
11386,RICERCATO: Proiettore di Pathaleon,,5351,0,0,-1,0,0,0,0,0,0,0,0,0,0,4837,85,820,0,2,4104,0,268435968,0,0,0,-1,-1
11387,RICERCATI: Distruttori Forgiatempeste,,5359,0,0,-1,0,0,0,0,0,0,0,0,0,0,4821,81,230,0,2,4104,0,268435968,0,0,0,-1,-1
11388,RICERCATA: Pergamena di Skyriss,,5351,0,0,-1,0,0,0,0,0,0,0,0,0,0,4838,85,820,0,2,4104,0,268435968,0,0,0,-1,-1
11389,RICERCATE: Sentinelle di Arcatraz,,5359,0,0,-1,0,0,0,0,0,0,0,0,0,0,4822,81,226,0,2,4104,0,268435968,0,0,0,-1,-1
11499,RICERCATO: Anello con Sigillo del Principe Kael'thas,,5351,0,0,-1,0,0,0,0,0,0,0,0,0,0,5046,85,820,0,2,4104,0,268435968,0,0,0,-1,-1
11500,RICERCATE: Sorelle del Tormento,,5359,0,0,-1,0,0,0,0,0,0,0,0,0,0,5047,81,221,0,2,4104,0,268435968,0,0,0,-1,-1
11580,Dissacra questo Falò!,,5513,9484,0,-1,0,0,0,0,0,0,0,0,0,0,0,0,394,0,0,0,0,512,0,0,0,-1321907123,1427461461
11581,Dissacra questo Falò!,,5514,9484,0,-1,0,0,0,0,0,0,0,0,0,0,0,0,394,0,0,0,0,512,0,0,0,1309324210,-1440044374
11583,Onora il Falò,,5516,9484,0,-1,0,0,0,0,0,0,0,0,0,0,0,0,394,0,0,0,0,512,0,0,0,-1321907123,1427461461
11584,Onora il Falò,,5517,9484,0,-1,0,0,0,0,0,0,0,0,0,0,0,0,394,0,0,0,0,512,0,0,0,1309324210,-1440044374
11732,Dissacra questo Falò!,,5660,9484,0,-1,0,0,0,0,0,0,0,0,0,0,0,0,394,0,0,0,0,512,0,0,0,1309324210,-1440044374
11734,Dissacra questo Falò!,,5661,9484,0,-1,0,0,0,0,0,0,0,0,0,0,0,0,394,0,0,0,0,512,0,0,0,1309324210,-1440044374
11735,Dissacra questo Falò!,,5662,9484,0,-1,0,0,0,0,0,0,0,0,0,0,0,0,394,0,0,0,0,512,0,0,0,1309324210,-1440044374
11736,Dissacra questo Falò!,,5663,9484,0,-1,0,0,0,0,0,0,0,0,0,0,0,0,394,0,0,0,0,512,0,0,0,1309324210,-1440044374
11737,Dissacra questo Falò!,,5664,9484,0,-1,0,0,0,0,0,0,0,0,0,0,0,0,394,0,0,0,0,512,0,0,0,1309324210,-1440044374
11738,Dissacra questo Falò!,,5665,9484,0,-1,0,0,0,0,0,0,0,0,0,0,0,0,394,0,0,0,0,512,0,0,0,1309324210,-1440044374
11739,Dissacra questo Falò!,,5666,9484,0,-1,0,0,0,0,0,0,0,0,0,0,0,0,394,0,0,0,0,512,0,0,0,1309324210,-1440044374
11740,Dissacra questo Falò!,,5667,9484,0,-1,0,0,0,0,0,0,0,0,0,0,0,0,394,0,0,0,0,512,0,0,0,1309324210,-1440044374
11741,Dissacra questo Falò!,,5668,9484,0,-1,0,0,0,0,0,0,0,0,0,0,0,0,394,0,0,0,0,512,0,0,0,1309324210,-1440044374
11742,Dissacra questo Falò!,,5669,9484,0,-1,0,0,0,0,0,0,0,0,0,0,0,0,394,0,0,0,0,512,0,0,0,1309324210,-1440044374
11743,Dissacra questo Falò!,,5670,9484,0,-1,0,0,0,0,0,0,0,0,0,0,0,0,394,0,0,0,0,512,0,0,0,1309324210,-1440044374
11744,Dissacra questo Falò!,,5671,9484,0,-1,0,0,0,0,0,0,0,0,0,0,0,0,394,0,0,0,0,512,0,0,0,1309324210,-1440044374
11745,Dissacra questo Falò!,,5672,9484,0,-1,0,0,0,0,0,0,0,0,0,0,0,0,394,0,0,0,0,512,0,0,0,1309324210,-1440044374
11746,Dissacra questo Falò!,,5673,9484,0,-1,0,0,0,0,0,0,0,0,0,0,0,0,394,0,0,0,0,512,0,0,0,1309324210,-1440044374
11747,Dissacra questo Falò!,,5674,9484,0,-1,0,0,0,0,0,0,0,0,0,0,0,0,394,0,0,0,0,512,0,0,0,1309324210,-1440044374
11748,Dissacra questo Falò!,,5675,9484,0,-1,0,0,0,0,0,0,0,0,0,0,0,0,394,0,0,0,0,512,0,0,0,1309324210,-1440044374
11749,Dissacra questo Falò!,,5676,9484,0,-1,0,0,0,0,0,0,0,0,0,0,0,0,394,0,0,0,0,512,0,0,0,1309324210,-1440044374
11750,Dissacra questo Falò!,,5677,9484,0,-1,0,0,0,0,0,0,0,0,0,0,0,0,394,0,0,0,0,512,0,0,0,1309324210,-1440044374
11751,Dissacra questo Falò!,,5678,9484,0,-1,0,0,0,0,0,0,0,0,0,0,0,0,394,0,0,0,0,512,0,0,0,1309324210,-1440044374
11752,Dissacra questo Falò!,,5679,9484,0,-1,0,0,0,0,0,0,0,0,0,0,0,0,394,0,0,0,0,512,0,0,0,1309324210,-1440044374
11753,Dissacra questo Falò!,,5680,9484,0,-1,0,0,0,0,0,0,0,0,0,0,0,0,394,0,0,0,0,512,0,0,0,1309324210,-1440044374
11754,Dissacra questo Falò!,,5681,9484,0,-1,0,0,0,0,0,0,0,0,0,0,0,0,394,0,0,0,0,512,0,0,0,1309324210,-1440044374
11755,Dissacra questo Falò!,,5682,9484,0,-1,0,0,0,0,0,0,0,0,0,0,0,0,394,0,0,0,0,512,0,0,0,1309324210,-1440044374
11756,Dissacra questo Falò!,,5683,9484,0,-1,0,0,0,0,0,0,0,0,0,0,0,0,394,0,0,0,0,512,0,0,0,1309324210,-1440044374
11757,Dissacra questo Falò!,,5684,9484,0,-1,0,0,0,0,0,0,0,0,0,0,0,0,394,0,0,0,0,512,0,0,0,1309324210,-1440044374
11758,Dissacra questo Falò!,,5685,9484,0,-1,0,0,0,0,0,0,0,0,0,0,0,0,394,0,0,0,0,512,0,0,0,1309324210,-1440044374
11759,Dissacra questo Falò!,,5686,9484,0,-1,0,0,0,0,0,0,0,0,0,0,0,0,394,0,0,0,0,512,0,0,0,1309324210,-1440044374
11760,Dissacra questo Falò!,,5687,9484,0,-1,0,0,0,0,0,0,0,0,0,0,0,0,394,0,0,0,0,512,0,0,0,1309324210,-1440044374
11761,Dissacra questo Falò!,,5688,9484,0,-1,0,0,0,0,0,0,0,0,0,0,0,0,394,0,0,0,0,512,0,0,0,1309324210,-1440044374
11762,Dissacra questo Falò!,,5689,9484,0,-1,0,0,0,0,0,0,0,0,0,0,0,0,394,0,0,0,0,512,0,0,0,1309324210,-1440044374
11763,Dissacra questo Falò!,,5690,9484,0,-1,0,0,0,0,0,0,0,0,0,0,0,0,394,0,0,0,0,512,0,0,0,1309324210,-1440044374
11764,Dissacra questo Falò!,,5691,9484,0,-1,0,0,0,0,0,0,0,0,0,0,0,0,394,0,0,0,0,512,0,0,0,-1321907123,1427461461
11765,Dissacra questo Falò!,,5692,9484,0,-1,0,0,0,0,0,0,0,0,0,0,0,0,394,0,0,0,0,512,0,0,0,-1321907123,1427461461
11766,Dissacra questo Falò!,,5693,9484,0,-1,0,0,0,0,0,0,0,0,0,0,0,0,394,0,0,0,0,512,0,0,0,-1321907123,1427461461
11767,Dissacra questo Falò!,,5694,9484,0,-1,0,0,0,0,0,0,0,0,0,0,0,0,394,0,0,0,0,512,0,0,0,-1321907123,1427461461
11768,Dissacra questo Falò!,,5695,9484,0,-1,0,0,0,0,0,0,0,0,0,0,0,0,394,0,0,0,0,512,0,0,0,-1321907123,1427461461
11769,Dissacra questo Falò!,,5696,9484,0,-1,0,0,0,0,0,0,0,0,0,0,0,0,394,0,0,0,0,512,0,0,0,-1321907123,1427461461
11770,Dissacra questo Falò!,,5697,9484,0,-1,0,0,0,0,0,0,0,0,0,0,0,0,394,0,0,0,0,512,0,0,0,-1321907123,1427461461
11771,Dissacra questo Falò!,,5698,9484,0,-1,0,0,0,0,0,0,0,0,0,0,0,0,394,0,0,0,0,512,0,0,0,-1321907123,1427461461
11772,Dissacra questo Falò!,,5699,9484,0,-1,0,0,0,0,0,0,0,0,0,0,0,0,394,0,0,0,0,512,0,0,0,-1321907123,1427461461
11773,Dissacra questo Falò!,,5700,9484,0,-1,0,0,0,0,0,0,0,0,0,0,0,0,394,0,0,0,0,512,0,0,0,-1321907123,1427461461
11774,Dissacra questo Falò!,,5701,9484,0,-1,0,0,0,0,0,0,0,0,0,0,0,0,394,0,0,0,0,512,0,0,0,-1321907123,1427461461
11775,Dissacra questo Falò!,,5702,9484,0,-1,0,0,0,0,0,0,0,0,0,0,0,0,394,0,0,0,0,512,0,0,0,-1321907123,1427461461
11776,Dissacra questo Falò!,,5703,9484,0,-1,0,0,0,0,0,0,0,0,0,0,0,0,394,0,0,0,0,512,0,0,0,-1321907123,1427461461
11777,Dissacra questo Falò!,,5704,9484,0,-1,0,0,0,0,0,0,0,0,0,0,0,0,394,0,0,0,0,512,0,0,0,-1321907123,1427461461
11778,Dissacra questo Falò!,,5705,9484,0,-1,0,0,0,0,0,0,0,0,0,0,0,0,394,0,0,0,0,512,0,0,0,-1321907123,1427461461
11779,Dissacra questo Falò!,,5706,9484,0,-1,0,0,0,0,0,0,0,0,0,0,0,0,394,0,0,0,0,512,0,0,0,-1321907123,1427461461
11780,Dissacra questo Falò!,,5707,9484,0,-1,0,0,0,0,0,0,0,0,0,0,0,0,394,0,0,0,0,512,0,0,0,-1321907123,1427461461
11781,Dissacra questo Falò!,,5708,9484,0,-1,0,0,0,0,0,0,0,0,0,0,0,0,394,0,0,0,0,512,0,0,0,-1321907123,1427461461
11782,Dissacra questo Falò!,,5709,9484,0,-1,0,0,0,0,0,0,0,0,0,0,0,0,394,0,0,0,0,512,0,0,0,-1321907123,1427461461
11783,Dissacra questo Falò!,,5710,9484,0,-1,0,0,0,0,0,0,0,0,0,0,0,0,394,0,0,0,0,512,0,0,0,-1321907123,1427461461
11784,Dissacra questo Falò!,,5711,9484,0,-1,0,0,0,0,0,0,0,0,0,0,0,0,394,0,0,0,0,512,0,0,0,-1321907123,1427461461
11785,Dissacra questo Falò!,,5712,9484,0,-1,0,0,0,0,0,0,0,0,0,0,0,0,394,0,0,0,0,512,0,0,0,-1321907123,1427461461
11786,Dissacra questo Falò!,,5713,9484,0,-1,0,0,0,0,0,0,0,0,0,0,0,0,394,0,0,0,0,512,0,0,0,-1321907123,1427461461
11787,Dissacra questo Falò!,,5714,9484,0,-1,0,0,0,0,0,0,0,0,0,0,0,0,394,0,0,0,0,512,0,0,0,-1321907123,1427461461
11799,Dissacra questo Falò!,,5726,9484,0,-1,0,0,0,0,0,0,0,0,0,0,0,0,394,0,0,0,0,512,0,0,0,-1321907123,1427461461
11800,Dissacra questo Falò!,,5727,9484,0,-1,0,0,0,0,0,0,0,0,0,0,0,0,394,0,0,0,0,512,0,0,0,-1321907123,1427461461
11801,Dissacra questo Falò!,,5728,9484,0,-1,0,0,0,0,0,0,0,0,0,0,0,0,394,0,0,0,0,512,0,0,0,-1321907123,1427461461
11802,Dissacra questo Falò!,,5729,9484,0,-1,0,0,0,0,0,0,0,0,0,0,0,0,394,0,0,0,0,512,0,0,0,-1321907123,1427461461
11803,Dissacra questo Falò!,,5730,9484,0,-1,0,0,0,0,0,0,0,0,0,0,0,0,394,0,0,0,0,512,0,0,0,-1321907123,1427461461
11804,Onora il Falò,,5731,9484,0,-1,0,0,0,0,0,0,0,0,0,0,0,0,394,0,0,0,0,512,0,0,0,-1321907123,1427461461
11805,Onora il Falò,,5732,9484,0,-1,0,0,0,0,0,0,0,0,0,0,0,0,394,0,0,0,0,512,0,0,0,-1321907123,1427461461
11806,Onora il Falò,,5733,9484,0,-1,0,0,0,0,0,0,0,0,0,0,0,0,394,0,0,0,0,512,0,0,0,-1321907123,1427461461
11807,Onora il Falò,,5734,9484,0,-1,0,0,0,0,0,0,0,0,0,0,0,0,394,0,0,0,0,512,0,0,0,-1321907123,1427461461
11808,Onora il Falò,,5735,9484,0,-1,0,0,0,0,0,0,0,0,0,0,0,0,394,0,0,0,0,512,0,0,0,-1321907123,1427461461
11809,Onora il Falò,,5736,9484,0,-1,0,0,0,0,0,0,0,0,0,0,0,0,394,0,0,0,0,512,0,0,0,-1321907123,1427461461
11810,Onora il Falò,,5737,9484,0,-1,0,0,0,0,0,0,0,0,0,0,0,0,394,0,0,0,0,512,0,0,0,-1321907123,1427461461
11811,Onora il Falò,,5738,9484,0,-1,0,0,0,0,0,0,0,0,0,0,0,0,394,0,0,0,0,512,0,0,0,-1321907123,1427461461
11812,Onora il Falò,,5739,9484,0,-1,0,0,0,0,0,0,0,0,0,0,0,0,394,0,0,0,0,512,0,0,0,-1321907123,1427461461
11813,Onora il Falò,,5740,9484,0,-1,0,0,0,0,0,0,0,0,0,0,0,0,394,0,0,0,0,512,0,0,0,-1321907123,1427461461
11814,Onora il Falò,,5741,9484,0,-1,0,0,0,0,0,0,0,0,0,0,0,0,394,0,0,0,0,512,0,0,0,-1321907123,1427461461
11815,Onora il Falò,,5742,9484,0,-1,0,0,0,0,0,0,0,0,0,0,0,0,394,0,0,0,0,512,0,0,0,-1321907123,1427461461
11816,Onora il Falò,,5743,9484,0,-1,0,0,0,0,0,0,0,0,0,0,0,0,394,0,0,0,0,512,0,0,0,-1321907123,1427461461
11817,Onora il Falò,,5745,9484,0,-1,0,0,0,0,0,0,0,0,0,0,0,0,394,0,0,0,0,512,0,0,0,-1321907123,1427461461
11818,Onora il Falò,,5746,9484,0,-1,0,0,0,0,0,0,0,0,0,0,0,0,394,0,0,0,0,512,0,0,0,-1321907123,1427461461
11819,Onora il Falò,,5749,9484,0,-1,0,0,0,0,0,0,0,0,0,0,0,0,394,0,0,0,0,512,0,0,0,-1321907123,1427461461
11820,Onora il Falò,,5748,9484,0,-1,0,0,0,0,0,0,0,0,0,0,0,0,394,0,0,0,0,512,0,0,0,-1321907123,1427461461
11821,Onora il Falò,,5750,9484,0,-1,0,0,0,0,0,0,0,0,0,0,0,0,394,0,0,0,0,512,0,0,0,-1321907123,1427461461
11822,Onora il Falò,,5751,9484,0,-1,0,0,0,0,0,0,0,0,0,0,0,0,394,0,0,0,0,512,0,0,0,-1321907123,1427461461
11823,Onora il Falò,,5752,9484,0,-1,0,0,0,0,0,0,0,0,0,0,0,0,394,0,0,0,0,512,0,0,0,-1321907123,1427461461
11824,Onora il Falò,,5753,9484,0,-1,0,0,0,0,0,0,0,0,0,0,0,0,394,0,0,0,0,512,0,0,0,-1321907123,1427461461
11825,Onora il Falò,,5754,9484,0,-1,0,0,0,0,0,0,0,0,0,0,0,0,394,0,0,0,0,512,0,0,0,-1321907123,1427461461
11826,Onora il Falò,,5755,9484,0,-1,0,0,0,0,0,0,0,0,0,0,0,0,394,0,0,0,0,512,0,0,0,-1321907123,1427461461
11827,Onora il Falò,,5756,9484,0,-1,0,0,0,0,0,0,0,0,0,0,0,0,394,0,0,0,0,512,0,0,0,-1321907123,1427461461
11828,Onora il Falò,,5757,9484,0,-1,0,0,0,0,0,0,0,0,0,0,0,0,394,0,0,0,0,512,0,0,0,-1321907123,1427461461
11829,Onora il Falò,,5758,9484,0,-1,0,0,0,0,0,0,0,0,0,0,0,0,394,0,0,0,0,512,0,0,0,-1321907123,1427461461
11830,Onora il Falò,,5759,9484,0,-1,0,0,0,0,0,0,0,0,0,0,0,0,394,0,0,0,0,512,0,0,0,-1321907123,1427461461
11831,Onora il Falò,,5760,9484,0,-1,0,0,0,0,0,0,0,0,0,0,0,0,394,0,0,0,0,512,0,0,0,-1321907123,1427461461
11832,Onora il Falò,,5761,9484,0,-1,0,0,0,0,0,0,0,0,0,0,0,0,394,0,0,0,0,512,0,0,0,-1321907123,1427461461
11833,Onora il Falò,,5762,9484,0,-1,0,0,0,0,0,0,0,0,0,0,0,0,394,0,0,0,0,512,0,0,0,-1321907123,1427461461
11834,Onora il Falò,,5763,9484,0,-1,0,0,0,0,0,0,0,0,0,0,0,0,394,0,0,0,0,512,0,0,0,-1321907123,1427461461
11835,Onora il Falò,,5764,9484,0,-1,0,0,0,0,0,0,0,0,0,0,0,0,394,0,0,0,0,512,0,0,0,1309324210,-1440044374
11836,Onora il Falò,,5765,9484,0,-1,0,0,0,0,0,0,0,0,0,0,0,0,394,0,0,0,0,512,0,0,0,1309324210,-1440044374
11837,Onora il Falò,,5766,9484,0,-1,0,0,0,0,0,0,0,0,0,0,0,0,394,0,0,0,0,512,0,0,0,1309324210,-1440044374
11838,Onora il Falò,,5767,9484,0,-1,0,0,0,0,0,0,0,0,0,0,0,0,394,0,0,0,0,512,0,0,0,1309324210,-1440044374
11839,Onora il Falò,,5768,9484,0,-1,0,0,0,0,0,0,0,0,0,0,0,0,394,0,0,0,0,512,0,0,0,1309324210,-1440044374
11840,Onora il Falò,,5769,9484,0,-1,0,0,0,0,0,0,0,0,0,0,0,0,394,0,0,0,0,512,0,0,0,1309324210,-1440044374
11841,Onora il Falò,,5770,9484,0,-1,0,0,0,0,0,0,0,0,0,0,0,0,394,0,0,0,0,512,0,0,0,1309324210,-1440044374
11842,Onora il Falò,,5771,9484,0,-1,0,0,0,0,0,0,0,0,0,0,0,0,394,0,0,0,0,512,0,0,0,1309324210,-1440044374
11843,Onora il Falò,,5772,9484,0,-1,0,0,0,0,0,0,0,0,0,0,0,0,394,0,0,0,0,512,0,0,0,1309324210,-1440044374
11844,Onora il Falò,,5773,9484,0,-1,0,0,0,0,0,0,0,0,0,0,0,0,394,0,0,0,0,512,0,0,0,1309324210,-1440044374
11845,Onora il Falò,,5774,9484,0,-1,0,0,0,0,0,0,0,0,0,0,0,0,394,0,0,0,0,512,0,0,0,1309324210,-1440044374
11846,Onora il Falò,,5775,9484,0,-1,0,0,0,0,0,0,0,0,0,0,0,0,394,0,0,0,0,512,0,0,0,1309324210,-1440044374
11847,Onora il Falò,,5776,9484,0,-1,0,0,0,0,0,0,0,0,0,0,0,0,394,0,0,0,0,512,0,0,0,1309324210,-1440044374
11848,Onora il Falò,,5777,9484,0,-1,0,0,0,0,0,0,0,0,0,0,0,0,394,0,0,0,0,512,0,0,0,1309324210,-1440044374
11849,Onora il Falò,,5778,9484,0,-1,0,0,0,0,0,0,0,0,0,0,0,0,394,0,0,0,0,512,0,0,0,1309324210,-1440044374
11850,Onora il Falò,,5779,9484,0,-1,0,0,0,0,0,0,0,0,0,0,0,0,394,0,0,0,0,512,0,0,0,1309324210,-1440044374
11851,Onora il Falò,,5810,9484,0,-1,0,0,0,0,0,0,0,0,0,0,0,0,394,0,0,0,0,512,0,0,0,1309324210,-1440044374
11852,Onora il Falò,,5781,9484,0,-1,0,0,0,0,0,0,0,0,0,0,0,0,394,0,0,0,0,512,0,0,0,1309324210,-1440044374
11853,Onora il Falò,,5782,9484,0,-1,0,0,0,0,0,0,0,0,0,0,0,0,394,0,0,0,0,512,0,0,0,1309324210,-1440044374
11854,Onora il Falò,,5783,9484,0,-1,0,0,0,0,0,0,0,0,0,0,0,0,394,0,0,0,0,512,0,0,0,1309324210,-1440044374
11855,Onora il Falò,,5784,9484,0,-1,0,0,0,0,0,0,0,0,0,0,0,0,394,0,0,0,0,512,0,0,0,1309324210,-1440044374
11856,Onora il Falò,,5785,9484,0,-1,0,0,0,0,0,0,0,0,0,0,0,0,394,0,0,0,0,512,0,0,0,1309324210,-1440044374
11857,Onora il Falò,,5786,9484,0,-1,0,0,0,0,0,0,0,0,0,0,0,0,394,0,0,0,0,512,0,0,0,1309324210,-1440044374
11858,Onora il Falò,,5787,9484,0,-1,0,0,0,0,0,0,0,0,0,0,0,0,394,0,0,0,0,512,0,0,0,1309324210,-1440044374
11859,Onora il Falò,,5788,9484,0,-1,0,0,0,0,0,0,0,0,0,0,0,0,394,0,0,0,0,512,0,0,0,1309324210,-1440044374
11860,Onora il Falò,,5789,9484,0,-1,0,0,0,0,0,0,0,0,0,0,0,0,394,0,0,0,0,512,0,0,0,1309324210,-1440044374
11861,Onora il Falò,,5790,9484,0,-1,0,0,0,0,0,0,0,0,0,0,0,0,394,0,0,0,0,512,0,0,0,1309324210,-1440044374
11862,Onora il Falò,,5791,9484,0,-1,0,0,0,0,0,0,0,0,0,0,0,0,394,0,0,0,0,512,0,0,0,1309324210,-1440044374
11863,Onora il Falò,,5792,9484,0,-1,0,0,0,0,0,0,0,0,0,0,0,0,394,0,0,0,0,512,0,0,0,1309324210,-1440044374
11886,Attività insolita,,5818,9484,0,-1,0,0,0,0,0,0,0,0,0,35828,0,0,395,0,2,268435464,0,268436992,0,0,0,-1,-1
11964,Incenso per le Fiammette Estive,,5893,9484,0,-1,0,0,0,0,0,0,0,0,0,35725,0,0,394,0,2,8,0,268435968,0,0,0,-1321907123,1427461461
11966,Incenso per le Fiammette delle Celebrazioni,,5895,9484,0,-1,0,0,0,0,0,0,0,0,0,35725,0,0,394,0,2,8,0,268435968,0,0,0,1309324210,-1440044374
13440,Dissacra questo Falò!,,7203,9484,0,-1,0,0,0,0,0,0,0,0,0,0,0,0,394,0,0,0,0,512,0,0,0,1309324210,-1440044374
13441,Dissacra questo Falò!,,7202,9484,0,-1,0,0,0,0,0,0,0,0,0,0,0,0,394,0,0,0,0,512,0,0,0,-1321907123,1427461461
13442,Dissacra questo Falò!,,7204,9484,0,-1,0,0,0,0,0,0,0,0,0,0,0,0,394,0,0,0,0,512,0,0,0,1309324210,-1440044374
13443,Dissacra questo Falò!,,7207,9484,0,-1,0,0,0,0,0,0,0,0,0,0,0,0,394,0,0,0,0,512,0,0,0,1309324210,-1440044374
13444,Dissacra questo Falò!,,7208,9484,0,-1,0,0,0,0,0,0,0,0,0,0,0,0,394,0,0,0,0,512,0,0,0,1309324210,-1440044374
13445,Dissacra questo Falò!,,7211,9484,0,-1,0,0,0,0,0,0,0,0,0,0,0,0,394,0,0,0,0,512,0,0,0,1309324210,-1440044374
13446,Dissacra questo Falò!,,7212,9484,0,-1,0,0,0,0,0,0,0,0,0,0,0,0,394,0,0,0,0,512,0,0,0,1309324210,-1440044374
13447,Dissacra questo Falò!,,7215,9484,0,-1,0,0,0,0,0,0,0,0,0,0,0,0,394,0,0,0,0,512,0,0,0,1309324210,-1440044374
13449,Dissacra questo Falò!,,7216,9484,0,-1,0,0,0,0,0,0,0,0,0,0,0,0,394,0,0,0,0,512,0,0,0,1309324210,-1440044374
13450,Dissacra questo Falò!,,7205,9484,0,-1,0,0,0,0,0,0,0,0,0,0,0,0,394,0,0,0,0,512,0,0,0,-1321907123,1427461461
13451,Dissacra questo Falò!,,7206,9484,0,-1,0,0,0,0,0,0,0,0,0,0,0,0,394,0,0,0,0,512,0,0,0,-1321907123,1427461461
13453,Dissacra questo Falò!,,7209,9484,0,-1,0,0,0,0,0,0,0,0,0,0,0,0,394,0,0,0,0,512,0,0,0,-1321907123,1427461461
13454,Dissacra questo Falò!,,7210,9484,0,-1,0,0,0,0,0,0,0,0,0,0,0,0,394,0,0,0,0,512,0,0,0,-1321907123,1427461461
13455,Dissacra questo Falò!,,7213,9484,0,-1,0,0,0,0,0,0,0,0,0,0,0,0,394,0,0,0,0,512,0,0,0,-1321907123,1427461461
13457,Dissacra questo Falò!,,7214,9484,0,-1,0,0,0,0,0,0,0,0,0,0,0,0,394,0,0,0,0,512,0,0,0,-1321907123,1427461461
13458,Dissacra questo Falò!,,7217,9484,0,-1,0,0,0,0,0,0,0,0,0,0,0,0,394,0,0,0,0,512,0,0,0,-1321907123,1427461461
13485,Onora il Falò,,7220,9484,0,-1,0,0,0,0,0,0,0,0,0,0,0,0,394,0,0,0,0,512,0,0,0,-1321907123,1427461461
13486,Onora il Falò,,7225,9484,0,-1,0,0,0,0,0,0,0,0,0,0,0,0,394,0,0,0,0,512,0,0,0,-1321907123,1427461461
13487,Onora il Falò,,7222,9484,0,-1,0,0,0,0,0,0,0,0,0,0,0,0,394,0,0,0,0,512,0,0,0,-1321907123,1427461461
13488,Onora il Falò,,7224,9484,0,-1,0,0,0,0,0,0,0,0,0,0,0,0,394,0,0,0,0,512,0,0,0,-1321907123,1427461461
13489,Onora il Falò,,7223,9484,0,-1,0,0,0,0,0,0,0,0,0,0,0,0,394,0,0,0,0,512,0,0,0,-1321907123,1427461461
13490,Onora il Falò,,7226,9484,0,-1,0,0,0,0,0,0,0,0,0,0,0,0,394,0,0,0,0,512,0,0,0,-1321907123,1427461461
13491,Onora il Falò,,7221,9484,0,-1,0,0,0,0,0,0,0,0,0,0,0,0,394,0,0,0,0,512,0,0,0,-1321907123,1427461461
13492,Onora il Falò,,7227,9484,0,-1,0,0,0,0,0,0,0,0,0,0,0,0,394,0,0,0,0,512,0,0,0,-1321907123,1427461461
13493,Onora il Falò,,7228,9484,0,-1,0,0,0,0,0,0,0,0,0,0,0,0,394,0,0,0,0,512,0,0,0,1309324210,-1440044374
13494,Onora il Falò,,7233,9484,0,-1,0,0,0,0,0,0,0,0,0,0,0,0,394,0,0,0,0,512,0,0,0,1309324210,-1440044374
13495,Onora il Falò,,7230,9484,0,-1,0,0,0,0,0,0,0,0,0,0,0,0,394,0,0,0,0,512,0,0,0,1309324210,-1440044374
13496,Onora il Falò,,7232,9484,0,-1,0,0,0,0,0,0,0,0,0,0,0,0,394,0,0,0,0,512,0,0,0,1309324210,-1440044374
13497,Onora il Falò,,7231,9484,0,-1,0,0,0,0,0,0,0,0,0,0,0,0,394,0,0,0,0,512,0,0,0,1309324210,-1440044374
13498,Onora il Falò,,7234,9484,0,-1,0,0,0,0,0,0,0,0,0,0,0,0,394,0,0,0,0,512,0,0,0,1309324210,-1440044374
13499,Onora il Falò,,7229,9484,0,-1,0,0,0,0,0,0,0,0,0,0,0,0,394,0,0,0,0,512,0,0,0,1309324210,-1440044374
13500,Onora il Falò,,7235,9484,0,-1,0,0,0,0,0,0,0,0,0,0,0,0,394,0,0,0,0,512,0,0,0,1309324210,-1440044374
28910,Dissacra questo Falò!,,11855,9484,0,-1,0,0,0,0,0,0,0,0,0,0,0,0,394,0,0,0,0,512,0,0,0,1309324210,-1440044374
28911,Dissacra questo Falò!,,11856,9484,0,-1,0,0,0,0,0,0,0,0,0,0,0,0,394,0,0,0,0,512,0,0,0,-1321907123,1427461461
28912,Dissacra questo Falò!,,11857,9484,0,-1,0,0,0,0,0,0,0,0,0,0,0,0,394,0,0,0,0,512,0,0,0,1309324210,-1440044374
28913,Dissacra questo Falò!,,11858,9484,0,-1,0,0,0,0,0,0,0,0,0,0,0,0,394,0,0,0,0,512,0,0,0,1309324210,-1440044374
28914,Dissacra questo Falò!,,11859,9484,0,-1,0,0,0,0,0,0,0,0,0,0,0,0,394,0,0,0,0,512,0,0,0,-1321907123,1427461461
28915,Dissacra questo Falò!,,11860,9484,0,-1,0,0,0,0,0,0,0,0,0,0,0,0,394,0,0,0,0,512,0,0,0,1309324210,-1440044374
28916,Dissacra questo Falò!,,11861,9484,0,-1,0,0,0,0,0,0,0,0,0,0,0,0,394,0,0,0,0,512,0,0,0,1309324210,-1440044374
28917,Dissacra questo Falò!,,11888,9484,0,-1,0,0,0,0,0,0,0,0,0,0,0,0,394,0,0,0,0,512,0,0,0,-1321907123,1427461461
28918,Dissacra questo Falò!,,11863,9484,0,-1,0,0,0,0,0,0,0,0,0,0,0,0,394,0,0,0,0,512,0,0,0,-1321907123,1427461461
28919,Dissacra questo Falò!,,11864,9484,0,-1,0,0,0,0,0,0,0,0,0,0,0,0,394,0,0,0,0,512,0,0,0,-1321907123,1427461461
28920,Dissacra questo Falò!,,11865,9484,0,-1,0,0,0,0,0,0,0,0,0,0,0,0,394,0,0,0,0,512,0,0,0,-1321907123,1427461461
28921,Dissacra questo Falò!,,11866,9484,0,-1,0,0,0,0,0,0,0,0,0,0,0,0,394,0,0,0,0,512,0,0,0,1309324210,-1440044374
28922,Onora il Falò,,11868,9484,0,-1,0,0,0,0,0,0,0,0,0,0,0,0,394,0,0,0,0,512,0,0,0,-1321907123,1427461461
28923,Onora il Falò,,11869,9484,0,-1,0,0,0,0,0,0,0,0,0,0,0,0,394,0,0,0,0,512,0,0,0,1309324210,-1440044374
28924,Onora il Falò,,11870,9484,0,-1,0,0,0,0,0,0,0,0,0,0,0,0,394,0,0,0,0,512,0,0,0,1309324210,-1440044374
28925,Onora il Falò,,11871,9484,0,-1,0,0,0,0,0,0,0,0,0,0,0,0,394,0,0,0,0,512,0,0,0,-1321907123,1427461461
28926,Onora il Falò,,11872,9484,0,-1,0,0,0,0,0,0,0,0,0,0,0,0,394,0,0,0,0,512,0,0,0,-1321907123,1427461461
28927,Onora il Falò,,11873,9484,0,-1,0,0,0,0,0,0,0,0,0,0,0,0,394,0,0,0,0,512,0,0,0,1309324210,-1440044374
28928,Onora il Falò,,11874,9484,0,-1,0,0,0,0,0,0,0,0,0,0,0,0,394,0,0,0,0,512,0,0,0,-1321907123,1427461461
28929,Onora il Falò,,11875,9484,0,-1,0,0,0,0,0,0,0,0,0,0,0,0,394,0,0,0,0,512,0,0,0,-1321907123,1427461461
28930,Onora il Falò,,11876,9484,0,-1,0,0,0,0,0,0,0,0,0,0,0,0,394,0,0,0,0,512,0,0,0,1309324210,-1440044374
28931,Onora il Falò,,11877,9484,0,-1,0,0,0,0,0,0,0,0,0,0,0,0,394,0,0,0,0,512,0,0,0,1309324210,-1440044374
28932,Onora il Falò,,11878,9484,0,-1,0,0,0,0,0,0,0,0,0,0,0,0,394,0,0,0,0,512,0,0,0,-1321907123,1427461461
28933,Onora il Falò,,11879,9484,0,-1,0,0,0,0,0,0,0,0,0,0,0,0,394,0,0,0,0,512,0,0,0,1309324210,-1440044374
28943,Dissacra questo Falò!,,11890,9484,0,-1,0,0,0,0,0,0,0,0,0,0,0,0,394,0,0,0,0,512,0,0,0,1309324210,-1440044374
28944,Dissacra questo Falò!,,11891,9484,0,-1,0,0,0,0,0,0,0,0,0,0,0,0,394,0,0,0,0,512,0,0,0,-1321907123,1427461461
28945,Onora il Falò,,11892,9484,0,-1,0,0,0,0,0,0,0,0,0,0,0,0,394,0,0,0,0,512,0,0,0,-1321907123,1427461461
28946,Onora il Falò,,11893,9484,0,-1,0,0,0,0,0,0,0,0,0,0,0,0,394,0,0,0,0,512,0,0,0,1309324210,-1440044374
28947,Dissacra questo Falò!,,11894,9484,0,-1,0,0,0,0,0,0,0,0,0,0,0,0,394,0,0,0,0,512,0,0,0,1309324210,-1440044374
28948,Dissacra questo Falò!,,11895,9484,0,-1,0,0,0,0,0,0,0,0,0,0,0,0,394,0,0,0,0,512,0,0,0,-1321907123,1427461461
28949,Onora il Falò,,11896,9484,0,-1,0,0,0,0,0,0,0,0,0,0,0,0,394,0,0,0,0,512,0,0,0,1309324210,-1440044374
28950,Onora il Falò,,11897,9484,0,-1,0,0,0,0,0,0,0,0,0,0,0,0,394,0,0,0,0,512,0,0,0,-1321907123,1427461461
29030,Onora il Falò,Onora il Falò del Circolo della Terra a Hyjal.,11976,9484,0,-1,0,0,0,0,0,0,0,0,0,0,0,0,394,0,2,2097152,0,268435968,0,0,0,-1,-1
29031,Onora il Falò,Onora il Falò del Circolo della Terra a Vashj'ir.,11982,9484,0,-1,0,0,0,0,0,0,0,0,0,0,0,0,394,0,2,2097152,0,268435968,0,0,0,-1,-1
29036,Onora il Falò,Onora il Falò del Circolo della Terra a Rocciafonda.,11983,9484,0,-1,0,0,0,0,0,0,0,0,0,0,0,0,394,0,2,2097152,0,268435968,0,0,0,-1,-1
30134,Animali selvaggi,,12939,0,0,-1,0,0,0,0,0,0,0,0,0,0,0,0,57,0,2,0,0,268435968,0,0,0,-1,-1
31001,Trascinato giù,,13601,0,0,-1,0,0,0,0,0,0,0,0,0,0,0,0,62,0,2,8,0,268435968,0,0,0,-1,-1
31394,Un'esperienza celestiale,,13906,0,0,-1,0,0,0,0,0,0,0,0,0,0,0,0,7210,0,2,1048584,0,268435968,0,0,0,-1321907123,1427461461
31395,Un'esperienza celestiale,,13906,0,0,-1,0,0,0,0,0,0,0,0,0,0,0,0,7210,0,2,1048584,0,268435968,0,0,0,1309324210,-1440044374
31511,Di fronte alla storia,,14001,0,0,-1,0,0,0,0,0,0,0,0,0,0,0,0,7210,0,2,8,0,268435968,31395,0,0,1309324210,-1440044374
31512,Di fronte alla storia,,14001,0,0,-1,0,0,0,0,0,0,0,0,0,0,0,0,7210,0,2,2097160,0,268435968,31394,0,0,-1321907123,1427461461
31697,Jeremy's Test Quest,,22887,0,0,-1,0,0,0,0,0,0,0,0,0,0,0,109,798,0,3,3735552,131072,268435456,0,0,0,-1,-1
32246,Incontro con l'Esploratrice,,14562,0,0,-1,0,0,0,0,0,0,0,0,0,0,0,0,59,0,2,2097152,0,268435968,0,0,0,-1321907123,1427461461
32249,Incontro con l'Esploratrice,,14562,0,0,-1,0,0,0,0,0,0,0,0,0,0,0,0,59,0,2,2097152,0,268435968,0,0,0,1309324210,-1440044374
32496,Dissacra questo Falò!,,14773,9484,0,-1,0,0,0,0,0,0,0,0,0,0,0,0,394,0,0,0,0,512,0,0,0,-1,-1
32497,Onora il Falò,Onora il Falò di Mezza Estate nelle Distese del Terrore.,14774,9484,0,-1,0,0,0,0,0,0,0,0,0,0,0,0,394,0,2,2097152,0,268435968,0,0,0,-1,-1
32498,Onora il Falò,Onora il Falò di Mezza Estate nella Foresta di Giada.,14775,9484,0,-1,0,0,0,0,0,0,0,0,0,0,0,0,394,0,2,2097152,0,268435968,0,0,0,-1,-1
32499,Onora il Falò,Onora il Falò di Mezza Estate nella Giungla di Krasarang.,14772,9484,0,-1,0,0,0,0,0,0,0,0,0,0,0,0,394,0,2,2097152,0,268435968,0,0,0,-1,-1
32500,Onora il Falò,Onora il Falò di Mezza Estate al Massiccio del Kun-Lai.,14776,9484,0,-1,0,0,0,0,0,0,0,0,0,0,0,0,394,0,2,2097152,0,268435968,0,0,0,-1,-1
32501,Onora il Falò,Onora il Falò di Mezza Estate nelle Steppe di Tong Long.,14777,9484,0,-1,0,0,0,0,0,0,0,0,0,0,0,0,394,0,2,2097152,0,268435968,0,0,0,-1,-1
32502,Onora il Falò,Onora il Falò di Mezza Estate nella Valle dei Quattro Venti.,14778,9484,0,-1,0,0,0,0,0,0,0,0,0,0,0,0,394,0,2,2097152,0,268435968,0,0,0,-1,-1
32503,Dissacra questo Falò!,,14779,9484,0,-1,0,0,0,0,0,0,0,0,0,0,0,0,394,0,0,0,0,512,0,0,0,-1,-1
32509,Onora il Falò,,14785,9484,0,-1,0,0,0,0,0,0,0,0,0,0,0,0,394,0,0,0,0,512,0,0,0,1309324210,-1440044374
32510,Onora il Falò,,14786,9484,0,-1,0,0,0,0,0,0,0,0,0,0,0,0,394,0,0,0,0,512,0,0,0,-1321907123,1427461461
32680,La tempesta si avvicina,,14859,0,0,-1,0,0,0,0,0,0,0,0,0,0,0,0,167,0,2,572522504,0,268435968,0,0,0,1309324210,-1440044374
32681,La tempesta si avvicina,,14859,0,0,-1,0,0,0,0,0,0,0,0,0,0,0,0,167,0,2,572522504,0,268435968,0,0,0,-1321907123,1427461461
33145,Collina dei Gelotetro,,15222,0,0,-1,0,0,0,0,0,0,0,0,0,0,0,0,64,0,3,34144256,8192,268435456,0,0,0,1309324210,-1440044374
34076,Campi Sepolcrali,,15961,0,0,-1,0,0,0,0,0,0,0,0,0,0,0,0,63,0,3,34144256,0,268435456,0,0,0,-1321907123,1427461461
34496,Le Colline di Valuun,,16321,0,0,-1,0,0,0,0,0,0,0,0,0,0,0,0,63,0,3,34144256,0,268435456,0,0,0,-1321907123,1427461461
34501,Conca di Morsa Gelida,,16326,0,0,-1,0,0,0,0,0,0,0,0,0,0,0,0,64,0,3,38338560,8192,268435456,0,0,0,1309324210,-1440044374
34504,Cava Spinarossa,,16329,0,0,-1,0,0,0,0,0,0,0,0,0,0,0,0,63,0,3,37289984,0,268435456,0,0,0,-1321907123,1427461461
34505,Ghiacciaio Proibito,,16330,28902,0,-1,0,0,0,0,0,0,0,0,0,0,0,0,64,0,3,34144256,0,268435456,0,0,0,1309324210,-1440044374
34639,Desolazione di Aruuna,,16398,0,0,-1,0,0,0,0,0,0,0,0,0,0,0,0,66,0,3,589824,0,268435456,0,0,0,-1,-1
34660,Caduta di Zorkra,,16417,0,0,-1,0,0,0,0,0,0,0,0,0,0,0,0,66,0,3,34144256,0,268435456,0,0,0,-1,-1
34667,Corte delle Anime,,16424,0,0,-1,0,0,0,0,0,0,0,0,0,0,0,0,66,0,3,34144256,0,268435456,0,0,0,-1,-1
34723,Porto Pugnoferreo,,16470,0,0,-1,0,0,0,0,0,0,0,0,0,0,0,0,68,0,3,34144256,0,268435456,0,0,0,-1,-1
34724,Caverne Dimenticate,,18083,0,0,-1,0,0,0,0,0,0,0,0,0,0,0,0,65,0,3,34144256,0,268435456,0,0,0,-1,-1
34726,Mistero: Madre della Stirpe dei Ragni Pallidi,,18084,0,0,-1,0,0,0,0,0,0,0,0,0,0,0,0,0,0,3,33555464,0,0,0,0,0,-1,-1
34728,Foresta Iridescente,,16472,0,0,-1,0,0,0,0,0,0,0,0,0,0,0,0,63,0,3,34144256,0,268435456,0,0,0,-1321907123,1427461461
35236,Costa Orunai,,16836,0,0,-1,0,0,0,0,0,0,0,0,0,0,0,0,66,0,3,34144256,0,268435456,0,0,0,-1321907123,1427461461
35237,Campo di Taglio di Mor'gran,,16837,0,0,-1,0,0,0,0,0,0,0,0,0,0,0,0,66,0,3,34144256,0,268435456,0,0,0,1309324210,-1440044374
35250,Missione di prova,,16847,0,0,-1,0,0,0,0,0,0,0,0,0,0,0,0,798,0,3,33554432,131328,268435456,0,0,0,-1,-1
35379,Terreni di Caccia Felici di Hemet,,16917,0,0,-1,0,0,0,0,0,0,0,0,0,0,0,0,68,0,3,34144256,0,268435456,0,0,0,-1,-1
35637,Assalto alle Rupi di Rocciafurente,,17076,33050,0,-1,0,0,0,0,0,0,0,0,0,0,0,0,816,0,3,41488384,524288,268435464,0,0,0,-1321907123,1427461461
35641,Assalto alle Rupi di Rocciafurente,,17483,33050,0,-1,0,0,0,0,0,0,0,0,0,0,0,0,816,0,3,41488384,524288,268435464,0,0,0,1309324210,-1440044374
35649,Pantano Inquieto,,17018,0,0,-1,0,0,0,0,0,0,0,0,0,0,0,0,67,0,3,34144256,0,268435456,0,0,0,-1,-1
35881,Rovine del Primo Bastione,,17125,0,0,-1,0,0,0,0,0,0,0,0,0,0,0,0,65,0,3,34144256,0,268435456,0,0,0,-1,-1
35974,Assalto al Covo dei Foscamarea,,17747,32525,0,-1,0,0,0,0,0,0,0,0,0,0,0,0,816,0,3,37294080,524288,268435464,0,0,0,-1321907123,1427461461
35977,Assalto al Covo dei Foscamarea,,17748,32525,0,-1,0,0,0,0,0,0,0,0,0,0,0,0,816,0,3,37294080,524288,268435464,0,0,0,1309324210,-1440044374
36069,Assalto a Skettis,,17851,32526,0,-1,0,0,0,0,0,0,0,0,0,0,0,0,816,0,3,37294080,524288,268435464,0,0,0,-1321907123,1427461461
36070,Assalto a Skettis,,17852,32526,0,-1,0,0,0,0,0,0,0,0,0,0,0,0,816,0,3,37294080,524288,268435464,0,0,0,1309324210,-1440044374
36338,Assalto al Porto di Shattrath,,19214,32529,0,-1,0,0,0,0,0,0,0,0,0,0,0,0,816,0,3,37294080,524288,268435464,0,0,0,1309324210,-1440044374
36347,Assalto all'Altura di Socrethar,,19211,32524,0,-1,0,0,0,0,0,0,0,0,0,0,0,0,816,0,3,37294080,524288,268435464,0,0,0,1309324210,-1440044374
36348,Assalto all'Altura di Socrethar,,19212,32524,0,-1,0,0,0,0,0,0,0,0,0,0,0,0,816,0,3,37294080,524288,268435464,0,0,0,-1321907123,1427461461
36383,Assalto a Fossatetra,,17482,38227,0,-1,0,0,0,0,0,0,0,0,0,0,0,0,816,0,3,37294080,524288,268435464,0,0,0,-1321907123,1427461461
36473,Cresta dell'Afflizione,,17561,27805,0,-1,0,0,0,0,0,0,0,0,0,0,0,0,65,0,3,34144256,0,268435456,0,0,0,-1,-1
36476,Canyon dei Gronn Meridionale,,17565,27805,0,-1,0,0,0,0,0,0,0,0,0,0,0,0,65,0,3,34144256,0,268435456,0,0,0,-1,-1
36480,Valle della Distruzione,,17569,31135,0,-1,0,0,0,0,0,0,0,0,0,0,0,0,65,0,3,34144256,0,268435456,0,0,0,-1,-1
36489,Assalto a Fossatetra,,17482,38227,0,-1,0,0,0,0,0,0,0,0,0,0,0,0,816,0,3,37294080,524288,268435464,0,0,0,1309324210,-1440044374
36490,Assalto ai Pilastri del Fato,,19213,32528,0,-1,0,0,0,0,0,0,0,0,0,0,0,0,816,0,3,37294080,524288,268435464,0,0,0,-1321907123,1427461461
36491,Assalto ai Pilastri del Fato,,19218,32528,0,-1,0,0,0,0,0,0,0,0,0,0,0,0,816,0,3,37294080,524288,268435464,0,0,0,1309324210,-1440044374
36500,Sbocciaspina,,17582,27803,0,-1,0,0,0,0,0,0,0,0,0,0,0,0,65,0,3,38338560,0,268435456,0,0,0,-1,-1
36504,Sorgenti di Vespreterno,,17599,27803,0,-1,0,0,0,0,0,0,0,0,0,0,0,0,65,0,3,34144256,0,268435456,0,0,0,-1,-1
36520,Bacino dei Falciartiglio,,17596,0,0,-1,0,0,0,0,0,0,0,0,0,0,0,0,65,0,3,34144256,0,268435456,0,0,0,-1,-1
36563,Acquitrino di Tetranebbia,,17619,0,0,-1,0,0,0,0,0,0,0,0,0,0,0,0,65,0,3,34144256,0,268435456,0,0,0,-1,-1
36564,Cuor del Groviglio,,17620,27803,0,-1,0,0,0,0,0,0,0,0,0,0,0,0,65,0,3,34144256,0,268435456,0,0,0,-1,-1
36566,Arena dei Mazzapietra,,17622,27805,0,-1,0,0,0,0,0,0,0,0,0,0,0,0,65,0,3,34144256,0,268435456,0,0,0,-1,-1
36571,Bosco di Iyu,,18072,0,0,-1,0,0,0,0,0,0,0,0,0,0,0,0,65,0,3,34144256,0,268435456,0,0,0,-1,-1
36590,Rupe Ululante,,17646,0,0,-1,0,0,0,0,0,0,0,0,0,0,0,0,67,0,3,34144256,0,268435456,0,0,0,-1,-1
36603,Sorgenti Sulfuree,,17653,0,0,-1,0,0,0,0,0,0,0,0,0,0,0,0,65,0,3,34144256,0,268435456,0,0,0,-1,-1
36660,Terre di Caccia dei Mantorosso,,17698,29048,0,-1,0,0,0,0,0,0,0,0,0,0,0,0,67,0,3,34144256,0,268435456,0,0,0,-1,-1
36792,Forte di Manotagliente,,17794,29095,0,-1,0,0,0,0,0,0,0,0,0,0,0,0,67,0,3,34144256,0,268435456,0,0,0,-1,-1
36807,Assalto al Cuore di Shattrath,,19215,38228,0,-1,0,0,0,0,0,0,0,0,0,0,0,0,816,0,3,37294080,524288,268435464,0,0,0,1309324210,-1440044374
36808,Assalto al Porto di Shattrath,,19216,32529,0,-1,0,0,0,0,0,0,0,0,0,0,0,0,816,0,3,37294080,524288,268435464,0,0,0,-1321907123,1427461461
36809,Assalto al Cuore di Shattrath,,19217,38228,0,-1,0,0,0,0,0,0,0,0,0,0,0,0,816,0,3,37294080,524288,268435464,0,0,0,-1321907123,1427461461
36811,Riprendere Faronaar,,17804,39583,0,-1,2,0,0,0,0,0,0,0,0,0,0,0,331,0,3,570490888,0,268435456,36920,40815,0,-1,-1
36814,Assalto a Verdeterno,,19209,32516,0,-1,0,0,0,0,0,0,0,0,0,0,0,0,816,0,3,37294080,524288,268435456,0,0,0,1309324210,-1440044374
36815,Assalto a Verdeterno,,19210,32516,0,-1,0,0,0,0,0,0,0,0,0,0,0,0,816,0,3,37294080,524288,268435456,0,0,0,-1321907123,1427461461
36816,Assalto al Precipizio Infranto,,17808,32522,0,-1,0,0,0,0,0,0,0,0,0,0,0,0,816,0,3,37294080,524288,268435464,0,0,0,-1321907123,1427461461
36817,Assalto al Precipizio Infranto,,17809,32522,0,-1,0,0,0,0,0,0,0,0,0,0,0,0,816,0,3,37294080,524288,268435464,0,0,0,1309324210,-1440044374
36818,Assalto al Posto di Guardia dei Mok'gol,,17810,32523,0,-1,0,0,0,0,0,0,0,0,0,0,0,0,816,0,3,37294080,524288,268435464,0,0,0,-1321907123,1427461461
36819,Assalto al Posto di Guardia dei Mok'gol,,17811,32523,0,-1,0,0,0,0,0,0,0,0,0,0,0,0,816,0,3,37294080,524288,268435464,0,0,0,1309324210,-1440044374
36820,Assalto all'Area d'Addestramento dei Gorian,,18451,31356,0,-1,0,0,0,0,0,0,0,0,0,0,0,0,816,0,3,37289984,524288,268435464,0,0,0,-1321907123,1427461461
36821,Assalto all'Area d'Addestramento dei Gorian,,18452,31356,0,-1,0,0,0,0,0,0,0,0,0,0,0,0,816,0,3,41484288,532480,268435464,0,0,0,1309324210,-1440044374
36822,Assalto all'Officina Bellica di Ferro,,19208,32515,0,-1,0,0,0,0,0,0,0,0,0,0,0,0,816,0,3,37294080,524288,268435456,0,0,0,-1321907123,1427461461
36823,Assalto all'Officina Bellica di Ferro,,19207,32515,0,-1,0,0,0,0,0,0,0,0,0,0,0,0,816,0,3,37294080,524288,268435464,0,0,0,1309324210,-1440044374
36826,Assalto a Magnarok,,17817,32520,0,-1,0,0,0,0,0,0,0,0,0,0,0,0,816,0,3,37294080,524288,268435464,0,0,0,-1321907123,1427461461
36827,Assalto a Magnarok,,17842,32520,0,-1,0,0,0,0,0,0,0,0,0,0,0,0,816,0,3,37294080,524288,268435464,0,0,0,1309324210,-1440044374
36860,Assalto a Vol Anzu Perduta,,17848,32527,0,-1,0,0,0,0,0,0,0,0,0,0,0,0,816,0,3,37294080,524288,268435464,0,0,0,-1,-1
36868,La battaglia di Ashran,,17850,0,0,-1,2,0,0,0,0,0,0,0,0,0,0,0,949,0,3,37294080,0,8,36548,36666,0,1309324210,-1440044374
36869,La battaglia di Ashran,,17850,0,0,-1,2,0,0,0,0,0,0,0,0,0,0,0,949,0,3,37294080,0,8,36536,36666,0,1309324210,-1440044374
37280,Sporgenza dei Ringhiazampa,,18209,0,0,-1,0,0,0,0,0,0,0,0,0,0,0,0,68,0,3,34144256,0,268435456,0,0,0,-1,-1
37421,Dominio di Kuuro,,18332,30845,0,-1,0,0,0,0,0,0,0,0,0,0,0,0,66,0,3,34144256,0,268435456,0,0,0,-1,-1
37422,Zangarra,,18333,30846,0,-1,0,0,0,0,0,0,0,0,0,0,0,0,66,0,3,34144256,0,268435456,0,0,0,-1,-1
37466,L'accademia in rovina,,18937,32683,0,-1,0,0,0,0,0,0,0,0,0,0,0,0,990,0,3,34144256,2,268468224,0,0,0,-1,-1
37495,Saccheggiare la baia,,18385,39582,0,-1,0,0,0,0,0,0,0,0,0,0,0,0,331,0,3,34144256,0,268435456,37538,0,0,-1,-1
37585,Assalto all'Officina Bellica di Ferro,,18448,31290,0,-1,0,0,0,0,0,0,0,0,0,0,0,0,816,0,3,37289984,524288,268435464,0,0,0,-1321907123,1427461461
37622,Assalto all'Officina Bellica di Ferro,,18447,31290,0,-1,0,0,0,0,0,0,0,0,0,0,0,0,816,0,3,37289984,524288,268435464,0,0,0,1309324210,-1440044374
37623,Assalto alle Rupi di Rocciafurente,,18446,31355,0,-1,0,0,0,0,0,0,0,0,0,0,0,0,816,0,3,41484288,524288,268435464,0,0,0,-1321907123,1427461461
37624,Assalto alle Rupi di Rocciafurente,,18444,31355,0,-1,0,0,0,0,0,0,0,0,0,0,0,0,816,0,3,41484288,524288,268435464,0,0,0,1309324210,-1440044374
37625,Assalto a Magnarok,,18445,31354,0,-1,0,0,0,0,0,0,0,0,0,0,0,0,816,0,3,37289984,524288,268435464,0,0,0,-1321907123,1427461461
37626,Assalto a Magnarok,,18443,31354,0,-1,0,0,0,0,0,0,0,0,0,0,0,0,816,0,3,37289984,524288,268435464,0,0,0,1309324210,-1440044374
37627,Assalto al Precipizio Infranto,,18449,31357,0,-1,0,0,0,0,0,0,0,0,0,0,0,0,816,0,3,37289984,524288,268435464,0,0,0,-1321907123,1427461461
37628,Assalto al Precipizio Infranto,,18450,31357,0,-1,0,0,0,0,0,0,0,0,0,0,0,0,816,0,3,37289984,524288,268435464,0,0,0,1309324210,-1440044374
37629,Assalto al Posto di Guardia dei Mok'gol,,18453,31385,0,-1,0,0,0,0,0,0,0,0,0,0,0,0,816,0,3,37289984,524288,268435464,0,0,0,-1321907123,1427461461
37630,Assalto al Posto di Guardia dei Mok'gol,,18454,31385,0,-1,0,0,0,0,0,0,0,0,0,0,0,0,816,0,3,37289984,524288,268435464,0,0,0,1309324210,-1440044374
37631,Assalto all'Altura di Socrethar,,18455,31358,0,-1,0,0,0,0,0,0,0,0,0,0,0,0,816,0,3,37289984,524288,268435464,0,0,0,-1321907123,1427461461
37632,Assalto all'Altura di Socrethar,,18456,31358,0,-1,0,0,0,0,0,0,0,0,0,0,0,0,816,0,3,37289984,524288,268435464,0,0,0,1309324210,-1440044374
37633,Assalto al Covo dei Foscamarea,,18457,31359,0,-1,0,0,0,0,0,0,0,0,0,0,0,0,816,0,3,37289984,524288,268435464,0,0,0,-1321907123,1427461461
37634,Assalto al Covo dei Foscamarea,,18458,31359,0,-1,0,0,0,0,0,0,0,0,0,0,0,0,816,0,3,37289984,524288,268435464,0,0,0,1309324210,-1440044374
37635,Assalto al Porto di Shattrath,,18459,31360,0,-1,0,0,0,0,0,0,0,0,0,0,0,0,816,0,3,37289984,524288,268435464,0,0,0,-1321907123,1427461461
37636,Assalto al Porto di Shattrath,,18460,31360,0,-1,0,0,0,0,0,0,0,0,0,0,0,0,816,0,3,37289984,524288,268435464,0,0,0,1309324210,-1440044374
37749,Prove di Khadgar: Dame di Ferro,,18535,0,0,-1,0,0,0,0,0,0,0,0,0,0,0,0,816,0,3,34177024,0,268468224,0,0,0,-1,-1
37779,Bilanciare la situazione,,18565,32683,0,-1,0,0,0,0,0,0,0,0,0,0,0,0,990,0,3,34144256,0,268468224,0,0,0,-1,-1
37865,Assalto al Porto di Roccaferro,,18652,0,0,-1,2,0,0,0,0,0,0,0,0,0,0,0,816,0,3,37294080,524288,268435464,37946,36666,0,1309324210,-1440044374
37866,Assalto al Porto di Roccaferro,,18654,0,0,-1,2,0,0,0,0,0,0,0,0,0,0,0,816,0,3,37294080,524288,268435464,37886,36666,0,-1321907123,1427461461
37921,Ripulire la darsena,,18697,0,0,-1,0,0,0,0,0,0,0,0,0,0,0,0,816,0,3,37289984,524288,268435456,38253,0,0,-1321907123,1427461461
37938,Assalto alle Rovine di Kra'nak,,18716,0,0,-1,2,0,0,0,0,0,0,0,0,0,0,0,816,0,3,37294080,524288,268435464,37939,36666,0,-1321907123,1427461461
37963,Senza speranza di redenzione,,18737,65868,0,-1,0,0,0,0,0,0,0,0,0,0,0,0,331,0,3,34144256,0,268468224,0,0,0,-1,-1
37965,Un'annata corrotta,,18744,49271,0,-1,0,0,0,0,0,0,0,0,0,0,0,0,990,0,3,34144256,0,268468224,0,0,0,-1,-1
37966,Assalto al Tempio di Sha'naar,,18740,0,0,-1,2,0,0,0,0,0,0,0,0,0,0,0,816,0,3,37294080,524288,268435464,37967,36666,0,-1321907123,1427461461
37970,Assalto alla Vilforgia,,19110,0,0,-1,2,0,0,0,0,0,0,0,0,0,0,0,816,0,3,37294080,4,268435464,38437,36666,0,1309324210,-1440044374
38009,Assalto alle Rovine di Kra'nak,,18716,0,0,-1,2,0,0,0,0,0,0,0,0,0,0,0,816,0,3,37294080,524288,268435464,38010,36666,0,1309324210,-1440044374
38020,Assalto al Tempio di Sha'naar,,18740,0,0,-1,2,0,0,0,0,0,0,0,0,0,0,0,816,0,3,37294080,524288,268435464,38021,36666,0,1309324210,-1440044374
38040,Dissanguare i Guerci Insanguinati,,18801,0,0,-1,2,0,0,0,0,0,0,0,0,0,0,0,816,0,3,37294080,524288,268435464,38041,36666,0,1309324210,-1440044374
38043,Dissanguare i Guerci Insanguinati,,18804,0,0,-1,2,0,0,0,0,0,0,0,0,0,0,0,816,0,3,37294080,524288,268435464,38042,36666,0,-1321907123,1427461461
38051,Battaglia al Fronte di Ferro,,18816,0,0,-1,2,0,0,0,0,0,0,0,0,0,0,0,816,0,3,37294080,524288,268435464,38039,36666,0,-1321907123,1427461461
38054,Battaglia al Fronte di Ferro,,18817,0,0,-1,2,0,0,0,0,0,0,0,0,0,0,0,816,0,3,37294080,524288,268435464,38038,36666,0,1309324210,-1440044374
38204,Assalto all'Area d'Addestramento dei Gorian,,19251,32530,0,-1,0,0,0,0,0,0,0,0,0,0,0,0,816,0,3,37289984,524288,268435464,0,0,0,-1321907123,1427461461
38205,Assalto all'Area d'Addestramento dei Gorian,,19250,32530,0,-1,0,0,0,0,0,0,0,0,0,0,0,0,816,0,3,41484288,532480,268435464,0,0,0,1309324210,-1440044374
38343,Hel-iminazione,,19006,0,0,-1,0,0,0,0,0,0,0,0,0,0,0,0,334,0,3,38338560,8192,268468224,38818,0,0,-1,-1
38372,Le sorelle miserabili,,19044,65870,0,-1,0,0,0,0,0,0,0,0,0,0,0,0,990,0,3,34144256,0,268468224,0,0,0,-1,-1
38374,Assaltare i Drekirjar,,19077,33048,0,-1,0,0,0,0,0,0,0,0,0,0,0,0,334,0,3,38338560,8192,268468224,0,0,0,-1,-1
38409,Test - Obiettivo bonus,,19083,0,0,-1,0,0,0,0,0,0,0,0,0,0,0,0,949,0,3,38338560,139264,268468224,0,0,0,-1,-1
38439,Assalto alla Vilforgia,,19114,0,0,-1,2,0,0,0,0,0,0,0,0,0,0,0,816,0,3,37294080,4,268435464,38438,36666,0,-1321907123,1427461461
38442,Un degno sfidante,,19117,35357,0,-1,0,0,0,0,0,0,0,0,0,0,0,0,334,0,3,38338560,8192,268435456,0,0,0,-1,-1
38569,Ripulire la darsena,,18697,0,0,-1,0,0,0,0,0,0,0,0,0,0,0,0,816,0,3,37289984,0,268435456,38567,0,0,1309324210,-1440044374
38587,Assalto al Trono di Kil'jaeden,,19269,0,0,-1,2,0,0,0,0,0,0,0,0,0,0,0,816,0,3,37294080,4,268435464,38583,36666,0,-1321907123,1427461461
38588,Assalto al Trono di Kil'jaeden,,19270,0,0,-1,2,0,0,0,0,0,0,0,0,0,0,0,816,0,3,37294080,4,268435464,38584,36666,0,1309324210,-1440044374
38708,Purificare il fiume,,19388,0,0,-1,0,0,0,0,0,0,0,0,0,0,0,0,949,0,3,34144256,0,268468224,0,0,0,-1,-1
38716,Forte Corvonero,,19397,0,0,-1,0,0,0,0,0,0,0,0,0,0,0,0,332,0,3,34144256,0,268468224,38718,0,0,-1,-1
38748,Rovine di Shala'nir,,19435,45636,0,-1,0,0,0,0,0,0,0,0,0,0,0,0,332,0,3,34144256,0,268468224,38684,0,0,-1,-1
38842,Sedare la rissa,,19533,0,0,-1,0,0,0,0,0,0,0,0,0,0,0,0,990,0,3,34144256,0,268468224,0,0,0,-1,-1
38865,Battaglia al Fronte di Ferro,,19560,33454,0,-1,0,0,0,0,0,0,0,0,0,0,0,0,816,0,3,37289984,524288,268435464,0,0,0,1309324210,-1440044374
38866,Battaglia al Fronte di Ferro,,19560,33454,0,-1,0,0,0,0,0,0,0,0,0,0,0,0,816,0,3,37289984,524288,268435464,0,0,0,-1321907123,1427461461
38868,Assalto alle Rovine di Kra'nak,,19563,33455,0,-1,0,0,0,0,0,0,0,0,0,0,0,0,816,0,3,37289984,524288,268435464,0,0,0,-1321907123,1427461461
38869,Assalto alle Rovine di Kra'nak,,19563,33455,0,-1,0,0,0,0,0,0,0,0,0,0,0,0,816,0,3,37289984,524288,268435464,0,0,0,1309324210,-1440044374
38870,Dissanguare i Guerci Insanguinati,,19564,33456,0,-1,0,0,0,0,0,0,0,0,0,0,0,0,816,0,3,37289984,524288,268435464,0,0,0,-1321907123,1427461461
38871,Dissanguare i Guerci Insanguinati,,19564,33456,0,-1,0,0,0,0,0,0,0,0,0,0,0,0,816,0,3,37289984,524288,268435464,0,0,0,1309324210,-1440044374
38876,Assalto alla Vilforgia,,19570,33459,0,-1,0,0,0,0,0,0,0,0,0,0,0,0,816,0,3,37289984,4,268435464,0,0,0,1309324210,-1440044374
38877,Assalto alla Vilforgia,,19570,33459,0,-1,0,0,0,0,0,0,0,0,0,0,0,0,816,0,3,37289984,4,268435464,0,0,0,-1321907123,1427461461
38939,Assalto a Skold-Ashil,,19630,0,0,-1,0,0,0,0,0,0,0,0,0,0,0,0,334,0,3,38338560,8192,268468224,39154,0,0,-1,-1
39029,Difendi il Tempio,,19736,65872,0,-1,0,0,0,0,0,0,0,0,0,0,0,0,332,0,3,34144256,0,268468224,38641,0,0,-1,-1
39119,Assalto a Skold-Ashil,,19830,0,0,-1,0,0,0,0,0,0,0,0,0,0,0,0,334,0,3,38338560,8192,268468224,39062,0,0,-1,-1
39274,Difendere le Terre dei fiumi,,19932,74379,0,-1,0,0,0,0,0,0,0,0,0,0,0,0,333,0,3,34144256,0,268468224,39496,0,0,-1,-1
39279,Assalto a Mardum,,19936,38205,0,2048,0,0,0,0,0,0,0,0,0,0,0,0,699,0,3,34144512,0,268468224,0,0,0,-1,-1
39317,L'assedio delle Stridiac,,19968,0,0,-1,0,0,0,0,0,0,0,0,0,0,0,0,333,0,3,34144256,0,268468224,38913,0,0,-1,-1
39371,Streghe dei cieli,,20018,0,0,-1,0,0,0,0,0,0,0,0,0,0,0,0,990,0,3,34144256,0,268468224,0,0,0,-1,-1
39393,Vallata degli Zannaluna,,20045,39500,0,-1,0,0,0,0,0,0,0,0,0,0,0,0,332,0,3,34144256,0,268435456,38382,0,0,-1,-1
39424,Tutto!,,20069,47899,0,-1,0,0,0,0,0,0,0,0,0,0,18685,109,347,0,3,41484544,0,268435456,0,0,0,-1,-1
39441,Dissanguare i Guerci Insanguinati,,20103,34867,0,-1,0,0,0,0,0,0,0,0,0,0,0,0,816,0,3,37294080,524288,268435464,0,0,0,-1321907123,1427461461
39442,Dissanguare i Guerci Insanguinati,,20107,34868,0,-1,0,0,0,0,0,0,0,0,0,0,0,0,816,0,3,37294080,524288,268435464,0,0,0,1309324210,-1440044374
39443,Battaglia al Fronte di Ferro,,20097,34872,0,-1,0,0,0,0,0,0,0,0,0,0,0,0,816,0,3,37294080,524288,268435464,0,0,0,-1321907123,1427461461
39444,Battaglia al Fronte di Ferro,,20098,34871,0,-1,0,0,0,0,0,0,0,0,0,0,0,0,816,0,3,37294080,524288,268435464,0,0,0,1309324210,-1440044374
39445,Assalto alla Vilforgia,,20105,34879,0,-1,0,0,0,0,0,0,0,0,0,0,0,0,816,0,3,37294080,4,268435464,0,0,0,-1321907123,1427461461
39446,Assalto alla Vilforgia,,20099,34876,0,-1,0,0,0,0,0,0,0,0,0,0,0,0,816,0,3,37294080,4,268435464,0,0,0,1309324210,-1440044374
39447,Assalto alle Rovine di Kra'nak,,20095,34873,0,-1,0,0,0,0,0,0,0,0,0,0,0,0,816,0,3,37294080,524288,268435464,0,0,0,-1321907123,1427461461
39448,Assalto alle Rovine di Kra'nak,,20101,34874,0,-1,0,0,0,0,0,0,0,0,0,0,0,0,816,0,3,37294080,524288,268435464,0,0,0,1309324210,-1440044374
39449,Assalto al Tempio di Sha'naar,,20096,34878,0,-1,0,0,0,0,0,0,0,0,0,0,0,0,816,0,3,37294080,524288,268435464,0,0,0,-1321907123,1427461461
39450,Assalto al Tempio di Sha'naar,,20100,34875,0,-1,0,0,0,0,0,0,0,0,0,0,0,0,816,0,3,37294080,524288,268435464,0,0,0,1309324210,-1440044374
39451,Assalto al Porto di Roccaferro,,20094,34869,0,-1,0,0,0,0,0,0,0,0,0,0,0,0,816,0,3,37294080,524288,268435464,0,0,0,-1321907123,1427461461
39452,Assalto al Porto di Roccaferro,,20102,34870,0,-1,0,0,0,0,0,0,0,0,0,0,0,0,816,0,3,37294080,524288,268435464,0,0,0,1309324210,-1440044374
39453,Assalto al Trono di Kil'jaeden,,20104,34880,0,-1,0,0,0,0,0,0,0,0,0,0,0,0,816,0,3,37294080,4,268435464,0,0,0,-1321907123,1427461461
39454,Assalto al Trono di Kil'jaeden,,20106,34877,0,-1,0,0,0,0,0,0,0,0,0,0,0,0,816,0,3,37294080,4,268435464,0,0,0,1309324210,-1440044374
39462,Vendetta Primordiale,,21861,47899,0,-1,0,0,0,0,0,0,0,0,0,0,18333,109,347,0,3,34144512,0,268435456,0,0,0,-1,-1
39576,Echi di Alamorte,,20221,74379,0,-1,0,0,0,0,0,0,0,0,0,0,0,0,333,0,3,34144256,0,268468224,39575,0,0,-1,-1
39742,Segrete delle Custodi,,20386,0,0,2048,0,0,0,0,0,0,0,0,0,0,0,0,699,0,3,34144512,0,268468224,38672,0,0,-1,-1
39998,Respingere gli Abiskorn,,20684,0,0,-1,0,0,0,0,0,0,0,0,0,0,0,0,334,0,3,38338560,8192,268468224,40002,0,0,-1,-1
40050,Baia dei Relitti,,20743,0,0,-1,0,0,0,0,0,0,0,0,0,0,0,0,990,0,3,34144256,0,268468224,0,0,0,-1,-1
40111,Annientare gli Invasori Pinnatozza,,20797,0,0,-1,0,0,0,0,0,0,0,0,0,0,0,0,990,0,3,38338560,8192,268468224,0,0,0,-1,-1
40121,Influenze delle linee di faglia,,20805,0,0,-1,0,0,0,0,0,0,0,0,0,0,0,0,335,0,3,34144256,0,268468224,0,0,0,-1,-1
40226,Resti di Sashj'tar,,20943,0,0,-1,0,0,0,0,0,0,0,0,0,0,0,0,335,0,3,34144256,0,268468224,41000,0,0,-1,-1
40277,Notte dello Scontro: Tiffany Nelson,,21007,145934,0,-1,0,0,0,0,0,0,0,0,0,0,19014,115,347,0,3,3735808,0,268435456,0,0,0,-1,-1
40278,Il volere delle mie bestie,,21008,132427,0,-1,0,0,0,0,0,0,0,0,0,0,19170,115,347,0,3,3735808,0,268435456,0,0,0,-1,-1
40279,Allenamento con Durian,,21009,145947,0,-1,0,0,0,0,0,0,0,0,0,0,18992,115,347,0,3,3735808,0,268435456,0,0,0,-1,-1
40280,Allenamento con Bredda,,21010,132427,0,-1,0,0,0,0,0,0,0,0,0,0,18758,115,347,0,3,3735808,0,268435456,0,0,0,-1,-1
40282,"Piccoli bracconieri, piccoli animali",,21013,132427,0,-1,0,0,0,0,0,0,0,0,0,0,18844,115,347,0,3,3735808,0,268435456,0,0,0,-1,-1
40298,Notte dello Scontro: Ser Galveston,,21031,145934,0,-1,0,0,0,0,0,0,0,0,0,0,19015,115,347,0,3,3735808,0,268435456,0,0,0,-1,-1
40299,Notte dello Scontro: Bodhi Viasolare,,21032,145934,0,-1,0,0,0,0,0,0,0,0,0,0,19016,115,347,0,3,3735808,0,268435456,0,0,0,-1,-1
40316,La Rupe Stridente,,21055,0,0,-1,0,0,0,0,0,0,0,0,0,0,0,0,990,0,3,37289984,0,268468224,0,0,0,-1,-1
40337,Sconcertato,,21090,145934,0,-1,0,0,0,0,0,0,0,0,0,0,19220,115,335,0,3,3735808,0,268435456,0,0,0,-1,-1
40390,Suolo Santificato,,21145,47602,0,2,0,0,0,0,0,0,0,0,0,0,21313,135,336,0,3,37290240,0,268435456,0,0,0,-1,-1
40850,Prigionieri di Pietragrigia,,21692,47899,0,-1,0,0,0,0,0,0,0,0,0,0,18835,109,347,0,3,37290240,0,268435456,0,0,0,-1,-1
40895,La palude infestata,,21746,47899,0,-1,0,0,0,0,0,0,0,0,0,0,18254,109,347,0,3,34144512,0,268435456,0,0,0,-1,-1
40896,La trenodia dei Capi Tribù,,21747,47899,0,-1,0,0,0,0,0,0,0,0,0,0,18259,109,347,0,3,37290240,0,268435456,0,0,0,-1,-1
40920,Il bottino del Vincolapietra,,26247,47899,0,-1,0,0,0,0,0,0,0,0,0,0,18828,109,347,0,3,37290240,0,268435456,39027,0,0,-1,-1
40925,Il furto dei Mordiroccia,,21791,47899,0,-1,0,0,0,0,0,0,0,0,0,0,18834,109,347,0,3,41484544,8192,268435456,39027,0,0,-1,-1
40951,Il bazar dei Mordiroccia,,21829,47899,0,-1,0,0,0,0,0,0,0,0,0,0,18829,109,347,0,3,41484544,8192,268435456,39027,0,0,-1,-1
40966,Ritualisti per caso,,22074,47899,0,-1,0,0,0,0,0,0,0,0,0,0,18647,109,347,0,3,37290240,0,268435456,0,0,0,-1,-1
40978,Orsi maleducati,,21863,47899,0,-1,0,0,0,0,0,0,0,0,0,0,18623,109,347,0,3,37290240,0,268435456,0,0,0,-1,-1
40980,Una piaga di rospi,,21864,47899,0,-1,0,0,0,0,0,0,0,0,0,0,18624,109,347,0,3,37290240,0,268435456,0,0,0,-1,-1
40984,Incursione degli Acquatorbida: Alto Monte,,21891,47899,0,-1,0,0,0,0,0,0,0,0,0,0,18841,109,347,0,3,37290240,0,268435456,0,0,0,-1,-1
40985,Incursione degli Scagliabrina: Alto Monte,,21892,47899,0,-1,0,0,0,0,0,0,0,0,0,0,20815,109,347,0,3,37290240,0,268435456,0,0,0,-1,-1
41011,Riti oscuri,,21850,47899,0,-1,0,0,0,0,0,0,0,0,0,0,18649,109,347,0,3,37290240,0,268435456,0,0,0,-1,-1
41013,Ci vediamo dentro,,23463,143217,0,-1,0,0,0,0,0,0,0,0,0,0,18196,113,347,0,3,3735808,0,268435456,0,0,0,-1,-1
41014,La strada,,26248,47899,0,-1,0,0,0,0,0,0,0,0,0,0,18648,109,347,0,3,41615616,8192,268435456,0,0,0,-1,-1
41024,Il canto dei morti,,21901,47899,0,-1,0,0,0,0,0,0,0,0,0,0,18260,109,347,0,3,37290240,0,268435456,0,0,0,-1,-1
41025,Il ritorno dei caduti,,21902,47899,0,-1,0,0,0,0,0,0,0,0,0,0,18261,109,347,0,3,37290240,0,268435456,0,0,0,-1,-1
41026,Ritorno alle ombre,,21904,47899,0,-1,0,0,0,0,0,0,0,0,0,0,18262,109,347,0,3,37290240,0,268435456,0,0,0,-1,-1
41055,Vendetta primordiale,,21947,47899,0,-1,0,0,0,0,0,0,0,0,0,0,18334,109,347,0,3,34144512,0,268435456,0,0,0,-1,-1
41057,Vendetta Primordiale,,21951,47899,0,-1,0,0,0,0,0,0,0,0,0,0,18335,109,347,0,3,34144512,0,268435456,0,0,0,-1,-1
41076,Collaudo munizioni,,21967,47899,0,-1,0,0,0,0,0,0,0,0,0,0,18635,109,347,0,3,36241664,16384,268435456,0,0,0,-1,-1
41077,Collaudo munizioni,,21968,47899,0,-1,0,0,0,0,0,0,0,0,0,0,18636,109,347,0,3,36241664,16384,268435456,0,0,0,-1,-1
41078,Collaudo munizioni,,21969,47899,0,-1,0,0,0,0,0,0,0,0,0,0,18637,109,347,0,3,36241664,0,268435456,0,0,0,-1,-1
41089,I signori della collina,,21987,47899,0,-1,0,0,0,0,0,0,0,0,0,0,18201,136,347,0,3,3735808,0,268435456,0,0,0,-1,-1
41090,I signori della collina,,21986,47899,0,-1,0,0,0,0,0,0,0,0,0,0,18202,136,347,0,3,3735808,0,268435456,0,0,0,-1,-1
41091,I signori della collina,,21988,47899,0,-1,0,0,0,0,0,0,0,0,0,0,18203,136,347,0,3,3735808,0,268435456,0,0,0,-1,-1
41093,PERICOLO: Durguth,,22136,47899,0,-1,0,0,0,0,0,0,0,0,0,0,18213,136,347,0,3,3735872,0,268435456,0,0,0,-1,-1
41095,Messi cruciali,,21997,47899,0,-1,0,0,0,0,0,0,0,0,0,0,18913,109,347,0,3,7930112,0,268435456,0,0,0,-1,-1
41122,Nella nebbia,,22021,47899,0,-1,0,0,0,0,0,0,0,0,0,0,18927,109,347,0,3,37290240,0,268435456,0,0,0,-1,-1
41127,Grugni sporchi,,22068,47899,0,-1,0,0,0,0,0,0,0,0,0,0,18929,109,347,0,3,37290240,0,268435456,0,0,0,-1,-1
41130,Lacrime dolci,,22033,47899,0,-1,0,0,0,0,0,0,0,0,0,0,18255,109,347,0,3,34144512,0,268435456,0,0,0,-1,-1
41144,Ritorno al fiume,,22057,47899,0,-1,0,0,0,0,0,0,0,0,0,0,18330,109,347,0,3,37290240,8192,268435456,0,0,0,-1,-1
41145,Acqua della vita,,22058,47899,0,-1,0,0,0,0,0,0,0,0,0,0,18331,109,347,0,3,37290240,0,268435456,0,0,0,-1,-1
41196,Basilischi di Fagliaroccia,,22118,47899,0,-1,0,0,0,0,0,2566,25,0,0,0,18225,120,347,0,3,34144576,0,268435456,0,0,0,-1,-1
41198,Basilischi di Fagliaroccia,,22120,47899,0,-1,0,0,0,0,0,2566,25,0,0,0,18226,120,347,0,3,34144576,0,268435456,0,0,0,-1,-1
41199,Elementali Tellurici di Fagliaroccia,,22122,47899,0,-1,0,0,0,0,0,2566,25,0,0,0,18227,120,347,0,3,34144576,0,268435456,0,0,0,-1,-1
41200,Affioramento di Fagliaroccia Scabro,,22121,47899,0,-1,0,0,0,0,0,2566,25,0,0,0,18228,120,347,0,3,34144576,0,268435456,0,0,0,-1,-1
41201,Affioramento di Fagliaroccia Grezzo,,22123,47899,0,-1,0,0,0,0,0,2566,25,0,0,0,18229,120,347,0,3,34144576,0,268435456,0,0,0,-1,-1
41202,Vene di Fagliaroccia Rozza,,22124,47899,0,-1,0,0,0,0,0,2566,25,0,0,0,18230,120,347,0,3,34144576,0,268435456,0,0,0,-1,-1
41203,Deposito di Fagliaroccia Luminoso,,22125,47899,0,-1,0,0,0,0,0,2566,25,0,0,0,18231,120,347,0,3,34144576,0,268435456,0,0,0,-1,-1
41204,Deposito di Fagliaroccia Duro,,22126,47899,0,-1,0,0,0,0,0,2566,25,0,0,0,18232,120,347,0,3,34144576,0,268435456,0,0,0,-1,-1
41205,Deposito di Fagliaroccia Caldo,,22127,47899,0,-1,0,0,0,0,0,2566,25,0,0,0,18233,120,347,0,3,34144576,0,268435456,0,0,0,-1,-1
41206,Incarico di lavoro: Fagliaroccia,,22128,47899,0,-1,0,0,0,0,0,2566,25,0,0,0,18234,120,347,0,3,524608,0,268435456,0,0,0,-1,-1
41207,Provviste necessarie: Fagliaroccia,,22129,143217,0,-1,0,0,0,0,0,0,0,0,0,0,18235,109,347,0,3,524608,0,268435456,0,0,0,-1,-1
41208,Distruttore Sulfureo,,22130,47899,0,-1,0,0,0,0,0,2566,25,0,0,0,18236,120,347,0,3,34144576,0,268435456,0,0,0,-1,-1
41209,Distruttore Sulfureo,,22131,47899,0,-1,0,0,0,0,0,2566,25,0,0,0,18237,120,347,0,3,34144576,0,268435456,0,0,0,-1,-1
41210,Distruttore Sulfureo,,22132,47899,0,-1,0,0,0,0,0,2566,25,0,0,0,18238,120,347,0,3,34144576,0,268435456,0,0,0,-1,-1
41211,Antro di Neltharion: Il tesoro di Neltharion,,22912,42902,0,-1,0,0,0,0,0,0,0,0,0,0,18839,137,347,0,3,35193152,0,268435458,0,0,0,-1,-1
41219,Fiorvolpe rigoglioso,,22147,47899,0,-1,0,0,0,0,0,2550,25,0,0,0,18251,119,347,0,3,34144576,0,268435456,0,0,0,-1,-1
41223,Incarico di lavoro: Fiorvolpe,,22151,47899,0,-1,0,0,0,0,0,2550,25,0,0,0,18266,119,347,0,3,524608,0,268435456,0,0,0,-1,-1
41224,Provviste necessarie: Fiorvolpe,,22152,143217,0,-1,0,0,0,0,0,0,0,0,0,0,18267,109,347,0,3,524608,0,268435456,0,0,0,-1,-1
41225,Vilpianta,,22153,47899,0,-1,0,0,0,0,0,2550,25,0,0,0,18268,119,347,0,3,34144576,0,268435456,0,0,0,-1,-1
41227,Assalto alla Torre delle Custodi: Guglia di Cordana,,24888,143217,0,-1,0,0,0,0,0,0,0,0,0,0,18272,113,347,0,3,37290240,0,268435456,0,0,0,1309324210,-1440044374
41228,Cespuglio di Fiorvolpe,,22156,47899,0,-1,0,0,0,0,0,2550,25,0,0,0,18269,119,347,0,3,34144576,0,268435456,0,0,0,-1,-1
41232,Pelle di Cornogramo Spessa,,22162,47899,0,-1,0,0,0,0,0,2558,25,0,0,0,18278,124,347,0,3,34144576,0,268435456,0,0,0,-1,-1
41233,Pelliccia d'Orso Arruffata,,22163,47899,0,-1,0,0,0,0,0,2558,25,0,0,0,18279,124,347,0,3,34144576,0,268435456,0,0,0,-1,-1
41234,Pelle di Fiera Arruffata,,22164,47899,0,-1,0,0,0,0,0,2558,25,0,0,0,18280,124,347,0,3,34144576,0,268435456,0,0,0,-1,-1
41235,Incarico di lavoro: Cuoio Pellesalda,,22165,47899,0,-1,0,0,0,0,0,2558,25,0,0,0,18281,124,347,0,3,524608,0,268435456,0,0,0,-1,-1
41236,Dov'è il nostro vino?,,22168,0,0,-1,0,0,0,0,0,0,0,0,0,0,18626,0,347,0,3,34144512,0,268435456,41559,0,0,-1,-1
41237,Provviste necessarie: Cuoio Pellesalda,,22166,143217,0,-1,0,0,0,0,0,0,0,0,0,0,18282,109,347,0,3,524608,0,268435456,0,0,0,-1,-1
41238,Scaglie di Vermi Calcificate,,22167,47899,0,-1,0,0,0,0,0,2558,25,0,0,0,18283,124,347,0,3,34144576,0,268435456,0,0,0,-1,-1
41239,Vilpelle,,22169,47899,0,-1,0,0,0,0,0,2558,25,0,0,0,18284,124,347,0,3,34144576,0,268435456,0,0,0,-1,-1
41240,Incarico di lavoro: Salmone di Alto Monte,,22170,47899,0,-1,0,0,0,0,0,356,75,0,0,0,18285,130,347,0,3,524608,0,268435456,0,0,0,-1,-1
41242,Trancio di Pancetta,,22172,47899,0,-1,0,0,0,0,0,2542,25,0,0,0,18288,131,347,0,3,34144576,0,268435456,0,0,0,-1,-1
41243,Salmoni di Alto Monte Enormi,,22173,47899,0,-1,0,0,0,0,0,356,75,0,0,0,18300,130,347,0,3,34144576,0,268435456,0,0,0,-1,-1
41244,Salmoni di Alto Monte Vivaci,,22174,47899,0,-1,0,0,0,0,0,356,75,0,0,0,18301,130,347,0,3,34144576,0,268435456,0,0,0,-1,-1
41252,Barracuda Selvaggio del Nord,,22182,47899,0,-1,0,0,0,0,0,356,75,0,0,0,18305,130,347,0,3,34144576,0,268435456,0,0,0,-1,-1
41253,Salmone di Alto Monte Migratore,,22183,47899,0,-1,0,0,0,0,0,356,75,0,0,0,18328,130,347,0,3,34144576,0,268435456,0,0,0,-1,-1
41257,Assalto alla Torre delle Custodi: Guglia di Cordana,,22155,143217,0,-1,0,0,0,0,0,0,0,0,0,0,18430,113,347,0,3,37290240,0,268435456,0,0,0,-1321907123,1427461461
41259,Trancio di Pancetta,,22209,47901,0,-1,0,0,0,0,0,2542,25,0,0,0,18336,131,347,0,3,34144576,0,268435456,0,0,0,-1,-1
41260,Trancio di Pancetta,,22210,47895,0,-1,0,0,0,0,0,2542,25,0,0,0,18337,131,347,0,3,34144576,0,268435456,0,0,0,-1,-1
41261,Trancio di Pancetta,,26359,47897,0,-1,0,0,0,0,0,2542,25,0,0,0,18338,131,347,0,3,34144576,0,268435456,0,0,0,-1,-1
41262,Trancio di Pancetta,,22212,38948,0,-1,0,0,0,0,0,2542,25,0,0,0,18339,131,335,0,3,34144576,0,268435456,0,0,0,-1,-1
41264,Scienidi Maledetti Vivaci,,22214,47901,0,-1,0,0,0,0,0,356,75,0,0,0,18340,130,347,0,3,34144576,0,268435456,0,0,0,-1,-1
41265,Scienide Maledetto Enorme,,22215,47901,0,-1,0,0,0,0,0,356,75,0,0,0,18341,130,347,0,3,34144576,0,268435456,0,0,0,-1,-1
41266,Pescare dalla zattera,,22216,47901,0,-1,0,0,0,0,0,356,75,0,0,0,18342,130,347,0,3,34144576,0,268435456,0,0,0,-1,-1
41267,Incarico di lavoro: Scienide Maledetto,,22217,47901,0,-1,0,0,0,0,0,356,75,0,0,0,18343,130,347,0,3,524608,16384,268435456,0,0,0,-1,-1
41268,Scienide Regina,,22218,47901,0,-1,0,0,0,0,0,356,75,0,0,0,18344,130,347,0,3,34144576,0,268435456,0,0,0,-1,-1
41269,Persici Branchiaverde Vivaci,,22219,47895,0,-1,0,0,0,0,0,356,75,0,0,0,18345,130,347,0,3,34144576,0,268435456,0,0,0,-1,-1
41270,Persici Branchiaverde Enormi,,22220,47895,0,-1,0,0,0,0,0,356,75,0,0,0,18346,130,347,0,3,34144576,0,268435456,0,0,0,-1,-1
41271,Nel vortice,,22221,47895,0,-1,0,0,0,0,0,356,75,0,0,0,18347,130,347,0,3,34144576,0,268435456,0,0,0,-1,-1
41272,Incarico di lavoro: Persico Branchiaverde,,22222,47895,0,-1,0,0,0,0,0,356,75,0,0,0,18348,130,347,0,3,524608,0,268435456,0,0,0,-1,-1
41273,A pesca con le boe,,22223,47895,0,-1,0,0,0,0,0,356,75,0,0,0,18349,130,347,0,3,34275648,0,268435456,0,0,0,-1,-1
41274,Razze della Tempesta Vivaci,,22224,47897,0,-1,0,0,0,0,0,356,75,0,0,0,18350,130,347,0,3,34144576,0,268435456,0,0,0,-1,-1
41275,Razze della Tempesta Enormi,,22225,47897,0,-1,0,0,0,0,0,356,75,0,0,0,18351,130,347,0,3,34144576,0,268435456,0,0,0,-1,-1
41276,Pesca con Stivali Razzo,,22226,47897,0,-1,0,0,0,0,0,356,75,0,0,0,18352,130,347,0,3,34144576,0,268435456,0,0,0,-1,-1
41277,Incarico di lavoro: Razze della Tempesta,,22227,47897,0,-1,0,0,0,0,0,356,75,0,0,0,18353,130,347,0,3,524608,0,268435456,0,0,0,-1,-1
41278,Razze della Tempesta Viscide,,22228,47897,0,-1,0,0,0,0,0,356,75,0,0,0,18354,130,347,0,3,1769792,8192,268435456,0,0,0,-1,-1
41279,Carpe Koi Runiche Vivaci,,22229,38948,0,-1,0,0,0,0,0,356,75,0,0,0,18355,130,335,0,3,34144576,0,268435456,0,0,0,-1,-1
41280,Carpe Koi Runiche Enormi,,22230,38948,0,-1,0,0,0,0,0,356,75,0,0,0,18356,130,335,0,3,34144576,0,268435456,0,0,0,-1,-1
41282,Incarico di lavoro: Carpa Koi Runica,,22232,45166,0,-1,0,0,0,0,0,356,75,0,0,0,18358,130,335,0,3,524608,0,268435456,0,0,0,-1,-1
41283,Il Mangiatore di Pescatori,,22233,38948,0,-1,0,0,0,0,0,356,75,0,0,0,18359,130,335,0,3,34144576,0,268435456,0,0,0,-1,-1
41286,Cespuglio di Aethril,,22236,47901,0,-1,0,0,0,0,0,2550,25,0,0,0,18371,119,347,0,3,34144576,0,268435456,0,0,0,-1,-1
41287,Incarico di lavoro: Aethril,,22237,47901,0,-1,0,0,0,0,0,2550,25,0,0,0,18372,119,347,0,3,524608,0,268435456,0,0,0,-1,-1
41288,Provviste necessarie: Aethril,,22238,143777,0,-1,0,0,0,0,0,0,0,0,0,0,18373,109,347,0,3,524608,0,268435456,0,0,0,-1,-1
41289,Aethril Rigoglioso,,22239,47901,0,-1,0,0,0,0,0,2550,25,0,0,0,18374,119,347,0,3,34144576,0,268435456,0,0,0,-1,-1
41290,Aethril Acquoso,,22240,47901,0,-1,0,0,0,0,0,2550,25,0,0,0,18375,119,347,0,3,34144576,0,268435456,0,0,0,-1,-1
41291,Cespuglio di Erbonirica,,22241,47895,0,-1,0,0,0,0,0,2550,25,0,0,0,18376,119,347,0,3,34144576,0,268435456,0,0,0,-1,-1
41292,Incarico di lavoro: Erbonirica,,22242,47895,0,-1,0,0,0,0,0,2550,25,0,0,0,18377,119,347,0,3,524608,0,268435456,0,0,0,-1,-1
41293,Provviste necessarie: Erbonirica,,22243,143219,0,-1,0,0,0,0,0,0,0,0,0,0,18378,109,347,0,3,524608,0,268435456,0,0,0,-1,-1
41294,Erbonirica Rigogliosa,,22244,47895,0,-1,0,0,0,0,0,2550,25,0,0,0,18379,119,347,0,3,34144576,0,268435456,0,0,0,-1,-1
41295,Antico Coperto di Erbonirica,,22245,47895,0,-1,0,0,0,0,0,2550,25,0,0,0,18380,119,347,0,3,34144576,0,268435456,0,0,0,-1,-1
41296,Cespuglio di fjarnskaggl,,22246,47897,0,-1,0,0,0,0,0,2550,25,0,0,0,18381,119,347,0,3,34144576,0,268435456,0,0,0,-1,-1
41297,Incarico di lavoro: Fjarnskaggl,,22247,47897,0,-1,0,0,0,0,0,2550,25,0,0,0,18382,119,347,0,3,524608,0,268435456,0,0,0,-1,-1
41298,Provviste necessarie: Fjarnskaggl,,22248,143218,0,-1,0,0,0,0,0,0,0,0,0,0,18383,109,347,0,3,524608,0,268435456,0,0,0,-1,-1
41299,Ci servono Fjarnskaggl Rigogliose!,,22249,47897,0,-1,0,0,0,0,0,2550,25,0,0,0,18384,119,347,0,3,34144576,0,268435456,0,0,0,-1,-1
41300,Fjarnskaggl Strinata,,22250,47897,0,-1,0,0,0,0,0,2550,25,0,0,0,18385,119,347,0,3,34144576,0,268435456,0,0,0,-1,-1
41301,Cespuglio di Rosa Lucestellare,,22251,38948,0,-1,0,0,0,0,0,2550,25,0,0,0,18386,119,335,0,3,34144576,0,268435456,0,0,0,-1,-1
41302,Incarico di lavoro: Rose Lucestellare,,22252,45166,0,-1,0,0,0,0,0,2550,25,0,0,0,18387,119,335,0,3,524608,0,268435456,0,0,0,-1,-1
41303,Provviste necessarie: Rose Lucestellare,,22253,45166,0,-1,0,0,0,0,0,0,0,0,0,0,18388,109,335,0,3,524608,0,268435456,0,0,0,-1,-1
41304,Rose Lucestellare Rigogliose,,22254,38948,0,-1,0,0,0,0,0,2550,25,0,0,0,18389,119,335,0,3,34144576,0,268435456,0,0,0,-1,-1
41305,Il commerciante di erbe dei Nobili Oscuri,,22255,38948,0,-1,0,0,0,0,0,2550,25,0,0,0,18390,119,335,0,3,34144576,0,268435456,0,0,0,-1,-1
41308,Rinforzi al confine,,22262,38948,0,-1,0,0,0,0,0,0,0,0,0,0,18392,109,347,0,3,37290240,0,268435456,0,0,0,-1,-1
41311,Incarico di lavoro: Fagliaroccia,,22267,47901,0,-1,0,0,0,0,0,2566,25,0,0,0,18391,120,347,0,3,524608,0,268435456,0,0,0,-1,-1
41312,Incarico di lavoro: Fagliaroccia,,22268,47895,0,-1,0,0,0,0,0,2566,25,0,0,0,18393,120,347,0,3,524608,0,268435456,0,0,0,-1,-1
41313,Incarico di lavoro: Fagliaroccia,,22269,47897,0,-1,0,0,0,0,0,2566,25,0,0,0,18394,120,347,0,3,524608,0,268435456,0,0,0,-1,-1
41314,Incarico di lavoro: Vilardesia,,22270,45166,0,-1,0,0,0,0,0,2566,25,0,0,0,18395,120,335,0,3,524608,0,268435456,0,0,0,-1,-1
41315,Provviste necessarie: Fagliaroccia,,22271,143777,0,-1,0,0,0,0,0,0,0,0,0,0,18396,109,347,0,3,524608,0,268435456,0,0,0,-1,-1
41316,Provviste necessarie: Fagliaroccia,,22272,143219,0,-1,0,0,0,0,0,0,0,0,0,0,18397,109,347,0,3,524608,0,268435456,0,0,0,-1,-1
41317,Provviste necessarie: Fagliaroccia,,22273,143218,0,-1,0,0,0,0,0,0,0,0,0,0,18398,109,347,0,3,524608,0,268435456,0,0,0,-1,-1
41318,Provviste necessarie: Vilardesia,,22274,45166,0,-1,0,0,0,0,0,0,0,0,0,0,18399,109,335,0,3,524608,0,268435456,0,0,0,-1,-1
41322,Scaglie di Ippogrifo Intatte,,22278,47901,0,-1,0,0,0,0,0,2558,25,0,0,0,18401,124,347,0,3,34144576,0,268435456,0,0,0,-1,-1
41323,Pelli Grasse di Leone Marino,,22279,47901,0,-1,0,0,0,0,0,2558,25,0,0,0,18402,124,347,0,3,34144576,0,268435456,0,0,0,-1,-1
41324,Pellicce di Predatore Setose,,22280,47901,0,-1,0,0,0,0,0,2558,25,0,0,0,18403,124,347,0,3,34144576,0,268435456,0,0,0,-1,-1
41326,Incarico di lavoro: Elettroscaglie,,22284,47901,0,-1,0,0,0,0,0,2558,25,0,0,0,18405,124,347,0,3,524608,0,268435456,0,0,0,-1,-1
41327,Provviste necessarie: Elettroscaglie,,22285,143777,0,-1,0,0,0,0,0,0,0,0,0,0,18406,109,347,0,3,524608,0,268435456,0,0,0,-1,-1
41333,Pelli di Lupo Dure,,22293,47895,0,-1,0,0,0,0,0,2558,25,0,0,0,18407,124,347,0,3,34144576,0,268435456,0,0,0,-1,-1
41334,Pelli d'Orso Muschiate,,22291,47895,0,-1,0,0,0,0,0,2558,25,0,0,0,18408,124,347,0,3,34144576,0,268435456,0,0,0,-1,-1
41336,Pelli di Musken Irsute,,22292,47897,0,-1,0,0,0,0,0,2558,25,0,0,0,18409,124,347,0,3,34144576,0,268435456,0,0,0,-1,-1
41337,Pelli di Cervo Intatte,,22294,47895,0,-1,0,0,0,0,0,2558,25,0,0,0,18410,124,347,0,3,34144576,0,268435456,0,0,0,-1,-1
41338,Incarico di lavoro: Cuoio Pellesalda,,22295,47895,0,-1,0,0,0,0,0,2558,25,0,0,0,18411,124,347,0,3,524608,0,268435456,0,0,0,-1,-1
41339,Provviste necessarie: Cuoio Pellesalda,,22296,143219,0,-1,0,0,0,0,0,0,0,0,0,0,18412,109,347,0,3,524608,0,268435456,0,0,0,-1,-1
41340,Scaglie di Draco della Tempesta Perfette,,22297,47897,0,-1,0,0,0,0,0,2558,25,0,0,0,18413,124,347,0,3,34144576,0,268435456,0,0,0,-1,-1
41342,Pelli d'Orso Spesse,,22299,47897,0,-1,0,0,0,0,0,2558,25,0,0,0,18415,124,347,0,3,34144576,0,268435456,0,0,0,-1,-1
41343,Frammenti Solidi di Guscio di Granchio,,22300,47897,0,-1,0,0,0,0,0,2558,25,0,0,0,18416,124,347,0,3,34144576,0,268435456,0,0,0,-1,-1
41344,Incarico di lavoro: Elettroscaglie,,22301,47897,0,-1,0,0,0,0,0,2558,25,0,0,0,18417,124,347,0,3,524608,0,268435456,0,0,0,-1,-1
41345,Provviste necessarie: Elettroscaglie,,22302,143218,0,-1,0,0,0,0,0,0,0,0,0,0,18418,109,347,0,3,524608,0,268435456,0,0,0,-1,-1
41346,Pelli di Inseguitore Vellutate,,22303,38948,0,-1,0,0,0,0,0,2558,25,0,0,0,18419,124,335,0,3,34144576,0,268435456,0,0,0,-1,-1
41347,Pelli di Vilsegugio Extrarancide,,22304,38948,0,-1,0,0,0,0,0,2558,25,0,0,0,18420,124,335,0,3,34144576,0,268435456,0,0,0,-1,-1
41349,Chitine di Granchio Rocciose,,22306,38948,0,-1,0,0,0,0,0,2558,25,0,0,0,18422,124,335,0,3,34144576,0,268435456,0,0,0,-1,-1
41350,Incarico di lavoro: Cuoio Pellesalda,,22307,45166,0,-1,0,0,0,0,0,2558,25,0,0,0,18423,124,335,0,3,524608,0,268435456,0,0,0,-1,-1
41351,Provviste necessarie: Cuoio Pellesalda,,22308,45166,0,-1,0,0,0,0,0,0,0,0,0,0,18424,109,335,0,3,524608,0,268435456,0,0,0,-1,-1
41352,Basilischi di Vilardesia,,22309,38948,0,-1,0,0,0,0,0,2566,25,0,0,0,18425,120,335,0,3,34144576,0,268435456,0,0,0,-1,-1
41353,Affioramento Odioso di Vilardesia,,22310,38948,0,-1,0,0,0,0,0,2566,25,0,0,0,18427,120,335,0,3,34144576,0,268435456,0,0,0,-1,-1
41354,Vene Frantumate di Vilardesia,,22311,38948,0,-1,0,0,0,0,0,2566,25,0,0,0,18428,120,335,0,3,34144576,0,268435456,0,0,0,-1,-1
41357,Depositi Primordiali di Vilardesia,,22312,38948,0,-1,0,0,0,0,0,2566,25,0,0,0,18429,120,335,0,3,34144576,0,268435456,0,0,0,-1,-1
41414,Armi di Alamorte,,26234,47899,0,-1,0,0,0,0,0,0,0,0,0,0,18426,109,347,0,3,37290240,0,268435456,0,0,0,-1,-1
41416,Riottenere il Corno Celeste,,22384,47899,0,-1,0,0,0,0,0,0,0,0,0,0,18631,109,347,0,3,37290240,0,268435456,0,0,0,-1,-1
41417,Jeremy's Test Criteria-Based Progress Bar,,22382,0,0,-1,0,0,0,0,0,0,0,0,0,0,18632,0,333,0,3,589824,131072,268435456,0,0,0,-1,-1
41420,Assalto alla Torre delle Custodi: Torre dei Guardiani della Notte,,22392,143217,0,-1,0,0,0,0,0,0,0,0,0,0,18430,113,347,0,3,37290240,0,268435456,0,0,0,1309324210,-1440044374
41421,Assalto alla Torre delle Custodi: Torre dei Guardiani della Notte,,24887,143217,0,-1,0,0,0,0,0,0,0,0,0,0,18272,113,347,0,3,37290240,0,268435456,0,0,0,-1321907123,1427461461
41427,Vrekt,,22411,47897,0,-1,0,0,0,0,0,0,0,0,0,0,18656,109,347,0,3,37290240,0,268435456,0,0,0,-1,-1
41428,Portale Instabile,,22401,47899,0,-1,0,0,0,0,0,0,0,0,0,0,18686,109,347,0,3,41484544,0,268435456,0,0,0,-1,-1
41432,Deposito di Fagliaroccia Ardente,,22413,47899,0,-1,0,0,0,0,0,2566,25,0,0,0,18658,120,347,0,3,34144576,0,268435456,0,0,0,-1,-1
41433,Depositi Massicci di Fagliaroccia,,22414,47899,0,-1,0,0,0,0,0,2566,25,0,0,0,18659,120,347,0,3,34144576,0,268435456,0,0,0,-1,-1
41434,Depositi Luminosi di Fagliaroccia,,22415,47901,0,-1,0,0,0,0,0,2566,25,0,0,0,18660,120,347,0,3,34144576,0,268435456,0,0,0,-1,-1
41435,Depositi Levigati di Fagliaroccia,,22416,47901,0,-1,0,0,0,0,0,2566,25,0,0,0,18661,120,347,0,3,34144576,0,268435456,0,0,0,-1,-1
41437,Depositi Fini di Fagliaroccia,,22417,47901,0,-1,0,0,0,0,0,2566,25,0,0,0,18662,120,347,0,3,34144576,0,268435456,0,0,0,-1,-1
41438,Depositi Carichi di Fagliaroccia,,22418,47901,0,-1,0,0,0,0,0,2566,25,0,0,0,18663,120,347,0,3,34144576,0,268435456,0,0,0,-1,-1
41439,Depositi Raffinati di Fagliaroccia,,22419,47895,0,-1,0,0,0,0,0,2566,25,0,0,0,18664,120,347,0,3,34144576,0,268435456,0,0,0,-1,-1
41440,Depositi Magnifici di Fagliaroccia,,22420,47895,0,-1,0,0,0,0,0,2566,25,0,0,0,18665,120,347,0,3,34144576,0,268435456,0,0,0,-1,-1
41441,Depositi Superiori di Fagliaroccia,,22422,47895,0,-1,0,0,0,0,0,2566,25,0,0,0,18666,120,347,0,3,34144576,0,268435456,0,0,0,-1,-1
41442,Depositi Straordinari di Fagliaroccia,,22423,47897,0,-1,0,0,0,0,0,2566,25,0,0,0,18667,120,347,0,3,34144576,0,268435456,0,0,0,-1,-1
41443,Depositi Antichi di Fagliaroccia,,22424,47897,0,-1,0,0,0,0,0,2566,25,0,0,0,18668,120,347,0,3,34144576,0,268435456,0,0,0,-1,-1
41444,Depositi Oscuri di Fagliaroccia,,22425,47897,0,-1,0,0,0,0,0,2566,25,0,0,0,18669,120,347,0,3,34144576,0,268435456,0,0,0,-1,-1
41445,Depositi Tempestosi di Fagliaroccia,,22426,47897,0,-1,0,0,0,0,0,2566,25,0,0,0,18670,120,347,0,3,34144576,0,268435456,0,0,0,-1,-1
41446,Depositi Oscurati di Vilardesia,,22427,38948,0,-1,0,0,0,0,0,2566,25,0,0,0,18671,120,335,0,3,34144576,0,268435456,0,0,0,-1,-1
41447,Depositi Brucianti di Vilardesia,,22428,38948,0,-1,0,0,0,0,0,2566,25,0,0,0,18672,120,335,0,3,34144576,0,268435456,0,0,0,-1,-1
41448,Depositi Pesanti di Vilardesia,,22429,38948,0,-1,0,0,0,0,0,2566,25,0,0,0,18673,120,335,0,3,34144576,0,268435456,0,0,0,-1,-1
41451,Assalto a Hrydshal,,22446,47897,0,-1,0,0,0,0,0,0,0,0,0,0,18674,109,347,0,3,41484544,0,268435456,0,0,0,-1,-1
41454,Affioramento Splendente di Fagliaroccia,,22670,47901,0,-1,0,0,0,0,0,2566,25,0,0,0,18678,120,347,0,3,34144576,0,268435456,0,0,0,-1,-1
41455,Affioramento Riflettente di Fagliaroccia,,22440,47901,0,-1,0,0,0,0,0,2566,25,0,0,0,18679,120,347,0,3,34144576,0,268435456,0,0,0,-1,-1
41457,Affioramento Radioso di Fagliaroccia,,22442,47895,0,-1,0,0,0,0,0,2566,25,0,0,0,18680,120,347,0,3,34144576,0,268435456,0,0,0,-1,-1
41458,Affioramento Indurito di Fagliaroccia,,22443,47895,0,-1,0,0,0,0,0,2566,25,0,0,0,18681,120,347,0,3,34144576,0,268435456,0,0,0,-1,-1
41459,Affioramento Denso di Fagliaroccia,,22444,47897,0,-1,0,0,0,0,0,2566,25,0,0,0,18682,120,347,0,3,34144576,0,268435456,0,0,0,-1,-1
41460,Affioramento Primitivo di Fagliaroccia,,22445,47897,0,-1,0,0,0,0,0,2566,25,0,0,0,18683,120,347,0,3,38338880,0,268435456,0,0,0,-1,-1
41461,Affioramento Malevolo di Vilardesia,,22447,38948,0,-1,0,0,0,0,0,2566,25,0,0,0,18684,120,335,0,3,34144576,0,268435456,0,0,0,-1,-1
41464,"Non qui, non ora... mai",,22450,0,0,-1,0,0,0,0,0,0,0,0,0,0,0,0,335,0,2,37879816,0,268435968,41463,0,0,-1,-1
41467,L'unica scelta possibile,,22453,0,0,-1,0,0,0,0,0,0,0,0,0,135534,0,0,335,0,2,33685512,0,268435968,41464,0,0,-1,-1
41481,Distruttore Sulfureo,,22464,47901,0,-1,0,0,0,0,0,2566,25,0,0,0,18688,120,347,0,3,34144576,0,268435456,0,0,0,-1,-1
41482,Distruttore Sulfureo,,22465,47901,0,-1,0,0,0,0,0,2566,25,0,0,0,18689,120,347,0,3,34144576,0,268435456,0,0,0,-1,-1
41483,Distruttore Sulfureo,,22466,47901,0,-1,0,0,0,0,0,2566,25,0,0,0,18690,120,347,0,3,34144576,0,268435456,0,0,0,-1,-1
41484,Distruttore Sulfureo,,22468,47895,0,-1,0,0,0,0,0,2566,25,0,0,0,18691,120,347,0,3,34144576,0,268435456,0,0,0,-1,-1
41486,Distruttore Sulfureo,,22469,47895,0,-1,0,0,0,0,0,2566,25,0,0,0,18692,120,347,0,3,34144576,0,268435456,0,0,0,-1,-1
41487,Distruttore Sulfureo,,22470,47895,0,-1,0,0,0,0,0,2566,25,0,0,0,18693,120,347,0,3,34144576,0,268435456,0,0,0,-1,-1
41488,Distruttore Sulfureo,,22471,47897,0,-1,0,0,0,0,0,2566,25,0,0,0,18694,120,347,0,3,34144576,0,268435456,0,0,0,-1,-1
41489,Distruttore Sulfureo,,22472,47897,0,-1,0,0,0,0,0,2566,25,0,0,0,18695,120,347,0,3,34144576,0,268435456,0,0,0,-1,-1
41490,Distruttore Sulfureo,,22473,47897,0,-1,0,0,0,0,0,2566,25,0,0,0,18696,120,347,0,3,34144576,0,268435456,0,0,0,-1,-1
41491,Distruttore Sulfureo,,22474,38948,0,-1,0,0,0,0,0,2566,25,0,0,0,18697,120,335,0,3,34144576,0,268435456,0,0,0,-1,-1
41492,Distruttore Sulfureo,,22475,38948,0,-1,0,0,0,0,0,2566,25,0,0,0,18698,120,335,0,3,34144576,0,268435456,0,0,0,-1,-1
41493,Distruttore Sulfureo,,22476,38948,0,-1,0,0,0,0,0,2566,25,0,0,0,18699,120,335,0,3,34144576,0,268435456,0,0,0,-1,-1
41495,Vene Brillanti di Fagliaroccia,,22671,47901,0,-1,0,0,0,0,0,2566,25,0,0,0,18700,120,347,0,3,34144576,0,268435456,0,0,0,-1,-1
41496,Vene Pure di Fagliaroccia,,22479,47895,0,-1,0,0,0,0,0,2566,25,0,0,0,18701,120,347,0,3,34144576,0,268435456,0,0,0,-1,-1
41497,Vene Selvagge di Fagliaroccia,,22478,47897,0,-1,0,0,0,0,0,2566,25,0,0,0,18702,120,347,0,3,34144576,0,268435456,0,0,0,-1,-1
41498,Basilischi di Fagliaroccia,,22480,47901,0,-1,0,0,0,0,0,2566,25,0,0,0,18703,120,347,0,3,34144576,0,268435456,0,0,0,-1,-1
41500,Vermi di Faglia,,22483,47901,0,-1,0,0,0,0,0,2566,25,0,0,0,18704,120,347,0,3,34144576,0,268435456,0,0,0,-1,-1
41501,Basilischi di Fagliaroccia,,22484,47901,0,-1,0,0,0,0,0,2566,25,0,0,0,18705,120,347,0,3,34144576,0,268435456,0,0,0,-1,-1
41502,Basilischi di Fagliaroccia,,22485,47895,0,-1,0,0,0,0,0,2566,25,0,0,0,18706,120,347,0,3,34144576,0,268435456,0,0,0,-1,-1
41503,Basilischi di Fagliaroccia,,22486,47895,0,-1,0,0,0,0,0,2566,25,0,0,0,18707,120,347,0,3,34144576,0,268435456,0,0,0,-1,-1
41504,Basilischi di Fagliaroccia,,22487,47895,0,-1,0,0,0,0,0,2566,25,0,0,0,18708,120,347,0,3,34144576,0,268435456,0,0,0,-1,-1
41505,Basilischi di Fagliaroccia,,22488,47897,0,-1,0,0,0,0,0,2566,25,0,0,0,18709,120,347,0,3,34144576,0,268435456,0,0,0,-1,-1
41506,Basilischi di Fagliaroccia,,22489,47897,0,-1,0,0,0,0,0,2566,25,0,0,0,18710,120,347,0,3,34144576,0,268435456,0,0,0,-1,-1
41507,Basilischi di Fagliaroccia,,22490,47897,0,-1,0,0,0,0,0,2566,25,0,0,0,18711,120,347,0,3,34144576,0,268435456,0,0,0,-1,-1
41508,Basilischi di Vilardesia,,22491,38948,0,-1,0,0,0,0,0,2566,25,0,0,0,18712,120,335,0,3,34144576,0,268435456,0,0,0,-1,-1
41509,Basilischi di Vilardesia,,22492,38948,0,-1,0,0,0,0,0,2566,25,0,0,0,18713,120,335,0,3,34144576,0,268435456,0,0,0,-1,-1
41511,Vilpianta,,22494,47899,0,-1,0,0,0,0,0,2550,25,0,0,0,18715,119,347,0,3,34144576,0,268435456,0,0,0,-1,-1
41512,Vilpianta,,22495,47899,0,-1,0,0,0,0,0,2550,25,0,0,0,18716,119,347,0,3,34144576,0,268435456,0,0,0,-1,-1
41513,Vilpianta,,22496,47901,0,-1,0,0,0,0,0,2550,25,0,0,0,18717,119,347,0,3,34144576,0,268435456,0,0,0,-1,-1
41514,Vilpianta,,22497,47901,0,-1,0,0,0,0,0,2550,25,0,0,0,18718,119,347,0,3,34144576,0,268435456,0,0,0,-1,-1
41515,Vilpianta,,22498,47901,0,-1,0,0,0,0,0,2550,25,0,0,0,18719,119,347,0,3,34144576,0,268435456,0,0,0,-1,-1
41516,Vilpianta,,22499,47895,0,-1,0,0,0,0,0,2550,25,0,0,0,18720,119,347,0,3,34144576,0,268435456,0,0,0,-1,-1
41517,Vilpianta,,22500,47895,0,-1,0,0,0,0,0,2550,25,0,0,0,18721,119,347,0,3,34144576,0,268435456,0,0,0,-1,-1
41518,Vilpianta,,22501,47895,0,-1,0,0,0,0,0,2550,25,0,0,0,18722,119,347,0,3,34144576,0,268435456,0,0,0,-1,-1
41519,Vilpianta,,22502,47897,0,-1,0,0,0,0,0,2550,25,0,0,0,18723,119,347,0,3,34144576,0,268435456,0,0,0,-1,-1
41520,Vilpianta,,22503,47897,0,-1,0,0,0,0,0,2550,25,0,0,0,18724,119,347,0,3,34144576,0,268435456,0,0,0,-1,-1
41521,Vilpianta,,22504,47897,0,-1,0,0,0,0,0,2550,25,0,0,0,18725,119,347,0,3,34144576,0,268435456,0,0,0,-1,-1
41522,Vilpianta,,22505,38948,0,-1,0,0,0,0,0,2550,25,0,0,0,18726,119,335,0,3,34144576,0,268435456,0,0,0,-1,-1
41523,Vilpianta,,22506,38948,0,-1,0,0,0,0,0,2550,25,0,0,0,18727,119,335,0,3,34144576,0,268435456,0,0,0,-1,-1
41524,Vilpianta,,22507,38948,0,-1,0,0,0,0,0,2550,25,0,0,0,18728,119,335,0,3,34144576,0,268435456,0,0,0,-1,-1
41525,Fiorvolpe Sinuoso,,22508,47899,0,-1,0,0,0,0,0,2550,25,0,0,0,18729,119,347,0,3,34144576,0,268435456,0,0,0,-1,-1
41526,Fiorvolpe Folto,,22509,47899,0,-1,0,0,0,0,0,2550,25,0,0,0,18730,119,347,0,3,34144576,0,268435456,0,0,0,-1,-1
41527,Aethril Vivace,,22510,47901,0,-1,0,0,0,0,0,2550,25,0,0,0,18732,119,347,0,3,34144576,0,268435456,0,0,0,-1,-1
41528,Aethril Iridescente,,22511,47901,0,-1,0,0,0,0,0,2550,25,0,0,0,18733,119,347,0,3,34144576,0,268435456,0,0,0,-1,-1
41529,Aethril Folto,,22512,47901,0,-1,0,0,0,0,0,2550,25,0,0,0,18735,119,347,0,3,34144576,0,268435456,0,0,0,-1,-1
41530,Erbonirica Vivace,,22513,47895,0,-1,0,0,0,0,0,2550,25,0,0,0,18736,119,347,0,3,34144576,0,268435456,0,0,0,-1,-1
41531,Erbonirica Iridescente,,22514,47895,0,-1,0,0,0,0,0,2550,25,0,0,0,18737,119,347,0,3,34144576,0,268435456,0,0,0,-1,-1
41532,Erbonirica Folta,,22515,47895,0,-1,0,0,0,0,0,2550,25,0,0,0,18738,119,347,0,3,34144576,0,268435456,0,0,0,-1,-1
41533,Erbonirica Profumata,,22516,47895,0,-1,0,0,0,0,0,2550,25,0,0,0,18739,119,347,0,3,34144576,0,268435456,0,0,0,-1,-1
41534,Fjarnskaggl Nodosa,,22517,47897,0,-1,0,0,0,0,0,2550,25,0,0,0,18740,119,347,0,3,34144576,0,268435456,0,0,0,-1,-1
41535,Fjarnskaggl Spinosa,,22518,47897,0,-1,0,0,0,0,0,2550,25,0,0,0,18741,119,347,0,3,34144576,0,268435456,0,0,0,-1,-1
41536,Fjarnskaggl Pungente,,22519,47897,0,-1,0,0,0,0,0,2550,25,0,0,0,18742,119,347,0,3,34144576,0,268435456,0,0,0,-1,-1
41537,Rose Lucestellare Vivaci,,22672,38948,0,-1,0,0,0,0,0,2550,25,0,0,0,18743,119,335,0,3,34144576,0,268435456,0,0,0,-1,-1
41538,Rose Lucestellare Iridescenti,,22521,38948,0,-1,0,0,0,0,0,2550,25,0,0,0,18744,119,335,0,3,34144576,0,268435456,0,0,0,-1,-1
41539,Rose Lucestellare Luccicanti,,22520,38948,0,-1,0,0,0,0,0,2550,25,0,0,0,18745,119,335,0,3,34144576,0,268435456,0,0,0,-1,-1
41544,Cespuglio di Fiorvolpe,,22526,47899,0,-1,0,0,0,0,0,2550,25,0,0,0,18746,119,347,0,3,34144576,0,268435456,0,0,0,-1,-1
41545,Cespuglio di Aethril,,22527,47901,0,-1,0,0,0,0,0,2550,25,0,0,0,18747,119,347,0,3,34144576,0,268435456,0,0,0,-1,-1
41546,Cespuglio di Erbonirica,,22530,47895,0,-1,0,0,0,0,0,2550,25,0,0,0,18748,119,347,0,3,34144576,0,268435456,0,0,0,-1,-1
41547,Cespuglio di Fjarnskaggl,,22528,47897,0,-1,0,0,0,0,0,2550,25,0,0,0,18749,119,347,0,3,34144576,0,268435456,0,0,0,-1,-1
41548,Cespuglio di Rosa Lucestellare,,22529,38948,0,-1,0,0,0,0,0,2550,25,0,0,0,18750,119,335,0,3,34144576,0,268435456,0,0,0,-1,-1
41549,Trancio Spesso di Pancetta,,22531,47899,0,-1,0,0,0,0,0,2542,25,0,0,0,18759,131,347,0,3,34144576,0,268435456,0,0,0,-1,-1
41550,Trancio Spesso di Pancetta,,22532,47899,0,-1,0,0,0,0,0,2542,25,0,0,0,18760,131,347,0,3,34144576,0,268435456,0,0,0,-1,-1
41551,Trancio Spesso di Pancetta,,22533,47901,0,-1,0,0,0,0,0,2542,25,0,0,0,18761,131,347,0,3,34144576,0,268435456,0,0,0,-1,-1
41552,Trancio Spesso di Pancetta,,22534,47901,0,-1,0,0,0,0,0,2542,25,0,0,0,18762,131,347,0,3,34144576,0,268435456,0,0,0,-1,-1
41553,Trancio Spesso di Pancetta,,22535,47895,0,-1,0,0,0,0,0,2542,25,0,0,0,18763,131,347,0,3,34144576,0,268435456,0,0,0,-1,-1
41554,Trancio Spesso di Pancetta,,22536,47895,0,-1,0,0,0,0,0,2542,25,0,0,0,18764,131,347,0,3,34144576,0,268435456,0,0,0,-1,-1
41555,Trancio Spesso di Pancetta,,22537,47897,0,-1,0,0,0,0,0,2542,25,0,0,0,18765,131,347,0,3,34144576,0,268435456,0,0,0,-1,-1
41556,Trancio Spesso di Pancetta,,22538,47897,0,-1,0,0,0,0,0,2542,25,0,0,0,18766,131,347,0,3,34144576,0,268435456,0,0,0,-1,-1
41557,Trancio Spesso di Pancetta,,22539,38948,0,-1,0,0,0,0,0,2542,25,0,0,0,18767,131,335,0,3,34144576,0,268435456,0,0,0,-1,-1
41558,Trancio Spesso di Pancetta,,22540,38948,0,-1,0,0,0,0,0,2542,25,0,0,0,18768,131,335,0,3,34144576,0,268435456,0,0,0,-1,-1
41560,Vilpelle,,22543,47899,0,-1,0,0,0,0,0,2558,25,0,0,0,18770,124,347,0,3,34144576,0,268435456,0,0,0,-1,-1
41561,Vilpelle,,22544,47899,0,-1,0,0,0,0,0,2558,25,0,0,0,18771,124,347,0,3,34144576,0,268435456,0,0,0,-1,-1
41562,Vilpelle,,22545,47901,0,-1,0,0,0,0,0,2558,25,0,0,0,18772,124,347,0,3,34144576,0,268435456,0,0,0,-1,-1
41563,Vilpelle,,22546,47901,0,-1,0,0,0,0,0,2558,25,0,0,0,18773,124,347,0,3,34144576,0,268435456,0,0,0,-1,-1
41564,Vilpelle,,22547,47901,0,-1,0,0,0,0,0,2558,25,0,0,0,18774,124,347,0,3,34144576,0,268435456,0,0,0,-1,-1
41565,Vilpelle,,22548,47895,0,-1,0,0,0,0,0,2558,25,0,0,0,18775,124,347,0,3,34144576,0,268435456,0,0,0,-1,-1
41566,Vilpelle,,22549,47895,0,-1,0,0,0,0,0,2558,25,0,0,0,18776,124,347,0,3,34144576,0,268435456,0,0,0,-1,-1
41567,Vilpelle,,22550,47895,0,-1,0,0,0,0,0,2558,25,0,0,0,18777,124,347,0,3,34144576,0,268435456,0,0,0,-1,-1
41568,Vilpelle,,22551,47897,0,-1,0,0,0,0,0,2558,25,0,0,0,18778,124,347,0,3,34144576,0,268435456,0,0,0,-1,-1
41569,Vilpelle,,22552,47897,0,-1,0,0,0,0,0,2558,25,0,0,0,18779,124,347,0,3,34144576,0,268435456,0,0,0,-1,-1
41570,Vilpelle,,22553,47897,0,-1,0,0,0,0,0,2558,25,0,0,0,18780,124,347,0,3,34144576,0,268435456,0,0,0,-1,-1
41571,Vilpelle,,22554,38948,0,-1,0,0,0,0,0,2558,25,0,0,0,18781,124,335,0,3,34144576,0,268435456,0,0,0,-1,-1
41572,Vilpelle,,22555,38948,0,-1,0,0,0,0,0,2558,25,0,0,0,18782,124,335,0,3,34144576,0,268435456,0,0,0,-1,-1
41573,Vilpelle,,22556,38948,0,-1,0,0,0,0,0,2558,25,0,0,0,18783,124,335,0,3,34144576,0,268435456,0,0,0,-1,-1
41582,Pelli di Cercasole Lisce,,22566,47901,0,-1,0,0,0,0,0,2558,25,0,0,0,19478,124,347,0,3,34144576,0,268435456,0,0,0,-1,-1
41596,Salmoni di Alto Monte Vivaci,,22580,47899,0,-1,0,0,0,0,0,356,75,0,0,0,18804,130,347,0,3,34144576,0,268435456,0,0,0,-1,-1
41597,Salmoni di Alto Monte Vivaci,,22581,47899,0,-1,0,0,0,0,0,356,75,0,0,0,18805,130,347,0,3,34144576,0,268435456,0,0,0,-1,-1
41598,Scienidi Maledetti Vivaci,,22583,47901,0,-1,0,0,0,0,0,356,75,0,0,0,18806,130,347,0,3,34144576,0,268435456,0,0,0,-1,-1
41599,Scienidi Maledetti Vivaci,,22582,47901,0,-1,0,0,0,0,0,356,75,0,0,0,18807,130,347,0,3,34144576,0,268435456,0,0,0,-1,-1
41600,Persici Branchiaverde Vivaci,,22584,47895,0,-1,0,0,0,0,0,356,75,0,0,0,18808,130,347,0,3,34144576,0,268435456,0,0,0,-1,-1
41601,Persici Branchiaverde Vivaci,,22585,47895,0,-1,0,0,0,0,0,356,75,0,0,0,18809,130,347,0,3,34144576,0,268435456,0,0,0,-1,-1
41602,Razze della Tempesta Vivaci,,22586,47897,0,-1,0,0,0,0,0,356,75,0,0,0,18810,130,347,0,3,34144576,0,268435456,0,0,0,-1,-1
41603,Razze della Tempesta Vivaci,,22587,47897,0,-1,0,0,0,0,0,356,75,0,0,0,18811,130,347,0,3,34144576,0,268435456,0,0,0,-1,-1
41604,Carpe Koi Runiche Vivaci,,22588,38948,0,-1,0,0,0,0,0,356,75,0,0,0,18812,130,347,0,3,34144576,0,268435456,0,0,0,-1,-1
41605,Carpe Koi Runiche Vivaci,,22589,38948,0,-1,0,0,0,0,0,356,75,0,0,0,18813,130,335,0,3,34144576,0,268435456,0,0,0,-1,-1
41609,Salmoni di Alto Monte Enormi,,22598,47899,0,-1,0,0,0,0,0,356,75,0,0,0,18816,130,347,0,3,34144576,0,268435456,0,0,0,-1,-1
41610,Scienidi Maledetti Enormi,,22599,47901,0,-1,0,0,0,0,0,356,75,0,0,0,18817,130,347,0,3,34144576,0,268435456,0,0,0,-1,-1
41611,Scienidi Maledetti Enormi,,22600,47901,0,-1,0,0,0,0,0,356,75,0,0,0,18818,130,347,0,3,34144576,0,268435456,0,0,0,-1,-1
41612,Persici Branchiaverde Enormi,,22601,47895,0,-1,0,0,0,0,0,356,75,0,0,0,18819,130,347,0,3,34144576,0,268435456,0,0,0,-1,-1
41613,Persici Branchiaverde Enormi,,22602,47895,0,-1,0,0,0,0,0,356,75,0,0,0,18820,130,347,0,3,34144576,0,268435456,0,0,0,-1,-1
41614,Razze della Tempesta Enormi,,22603,47897,0,-1,0,0,0,0,0,356,75,0,0,0,18821,130,347,0,3,34144576,0,268435456,0,0,0,-1,-1
41615,Razze della Tempesta Enormi,,22604,47897,0,-1,0,0,0,0,0,356,75,0,0,0,18822,130,347,0,3,101253440,0,268435456,0,0,0,-1,-1
41616,Carpe Koi Runiche Enormi,,22605,38948,0,-1,0,0,0,0,0,356,75,0,0,0,18823,130,335,0,3,34144576,64,268435456,0,0,0,-1,-1
41617,Carpe Koi Runiche Enormi,,22606,38948,0,-1,0,0,0,0,0,356,75,0,0,0,18824,130,335,0,3,34144576,0,268435456,0,0,0,-1,-1
41622,Il retaggio delle Stridiac,,22611,47899,0,-1,0,0,0,0,0,0,0,0,0,0,18843,109,347,0,3,37290240,0,268435456,41694,0,0,-1,-1
41623,Campioni di Alto Monte,,22613,39948,0,-1,0,0,0,0,0,0,0,0,0,0,18845,109,347,0,3,38338816,0,268435456,39992,0,0,-1,-1
41624,A Roccio serve un'esfoliata,,22614,145947,0,-1,0,0,0,0,0,0,0,0,0,0,18846,115,347,0,3,3735808,0,268435456,0,0,0,-1,-1
41633,Incarico di lavoro: Gambiere di Fagliaroccia,,22623,47901,0,-1,0,0,0,0,0,2454,25,0,0,0,18848,116,347,0,3,524608,0,268435456,0,0,0,-1,-1
41634,Incarico di lavoro: Antibracci di Fagliaroccia,,22624,47895,0,-1,0,0,0,0,0,2454,25,0,0,0,18849,116,347,0,3,524608,0,268435456,0,0,0,-1,-1
41635,Incarico di lavoro: Stivali di Fagliaroccia,,22625,47899,0,-1,0,0,0,0,0,2454,25,0,0,0,18850,116,347,0,3,524608,0,268435456,0,0,0,-1,-1
41636,Incarico di lavoro: Pettorale Corazzato di Fagliaroccia,,22626,47897,0,-1,0,0,0,0,0,2454,25,0,0,0,18851,116,347,0,3,524608,8192,268435456,0,0,0,-1,-1
41637,Incarico di lavoro: Spallacci di Fagliaroccia,,22627,45166,0,-1,0,0,0,0,0,2454,25,0,0,0,18852,116,335,0,3,524608,0,268435456,0,0,0,-1,-1
41638,Incarico di lavoro: Guanti Lunghi di Fagliaroccia,,22628,38948,0,-1,0,0,0,0,0,2454,25,0,0,0,18853,116,347,0,3,524608,0,268435456,0,0,0,-1,-1
41639,Incarico di lavoro: Guardaspalle del Battagliero,,22629,47901,0,-1,0,0,0,0,0,2526,25,0,0,0,18854,117,347,0,3,524608,0,268435456,0,0,0,-1,-1
41640,Incarico di lavoro: Maschera di Pellefiera,,22630,47895,0,-1,0,0,0,0,0,2526,25,0,0,0,18855,117,347,0,3,524608,0,268435456,0,0,0,-1,-1
41641,Incarico di lavoro: Antibracci del Battagliero,,22673,47899,0,-1,0,0,0,0,0,2526,25,0,0,0,18856,117,347,0,3,524608,0,268435456,0,0,0,-1,-1
41642,Incarico di lavoro: Calzature di Pellefiera,,22632,47897,0,-1,0,0,0,0,0,2526,25,0,0,0,18857,117,347,0,3,524608,0,268435456,0,0,0,-1,-1
41643,Incarico di lavoro: Gambiere del Battagliero,,22631,45166,0,-1,0,0,0,0,0,2526,25,0,0,0,18858,117,335,0,3,524608,0,268435456,0,0,0,-1,-1
41644,Incarico di lavoro: Guanti di Pellefiera,,22633,38948,0,-1,0,0,0,0,0,2526,25,0,0,0,18859,117,347,0,3,524608,0,268435456,0,0,0,-1,-1
41645,Incarico di lavoro: Spalline di Fildiseta,,22634,47901,0,-1,0,0,0,0,0,2534,25,0,0,0,18860,121,347,0,3,524608,0,268435456,0,0,0,-1,-1
41646,Incarico di lavoro: Guanti di Fildiseta,,22635,47895,0,-1,0,0,0,0,0,2534,25,0,0,0,18861,121,347,0,3,524608,0,268435456,0,0,0,-1,-1
41647,Incarico di lavoro: Tonaca di Fildiseta,,22636,47899,0,-1,0,0,0,0,0,2534,25,0,0,0,18862,121,347,0,3,524608,0,268435456,0,0,0,-1,-1
41648,Incarico di lavoro: Bracciali di Fildiseta,,22637,47897,0,-1,0,0,0,0,0,2534,25,0,0,0,18863,121,347,0,3,524608,0,268435456,0,0,0,-1,-1
41649,Incarico di lavoro: Calzari di Fildiseta,,22638,45166,0,-1,0,0,0,0,0,2534,25,0,0,0,18864,121,335,0,3,524608,0,268435456,0,0,0,-1,-1
41650,Incarico di lavoro: Cappuccio di Fildiseta,,22639,38948,0,-1,0,0,0,0,0,2534,25,0,0,0,18865,121,347,0,3,524608,0,268435456,0,0,0,-1,-1
41651,Incarico di lavoro: Pendente di Azsunite,,22640,47901,0,-1,0,0,0,0,0,2518,25,0,0,0,18866,125,347,0,3,524608,0,268435456,0,0,0,-1,-1
41652,Incarico di lavoro: Anello di Ambra Profonda,,22641,47895,0,-1,0,0,0,0,0,2518,25,0,0,0,18867,125,347,0,3,524608,0,268435456,0,0,0,-1,-1
41653,Incarico di lavoro: Pendente di Pietraceleste,,22642,47899,0,-1,0,0,0,0,0,2518,25,0,0,0,18868,125,347,0,3,524608,0,268435456,0,0,0,-1,-1
41654,Incarico di lavoro: Anello con Opale della Regina,,22643,47897,0,-1,0,0,0,0,0,2518,25,0,0,0,18869,125,347,0,3,524608,0,268435456,0,0,0,-1,-1
41655,Incarico di lavoro: Pendente con Opale della Regina,,22644,45166,0,-1,0,0,0,0,0,2518,25,0,0,0,18870,125,335,0,3,524608,0,268435456,0,0,0,-1,-1
41656,Incarico di lavoro: Anello di Azsunite,,22645,38948,0,-1,0,0,0,0,0,2518,25,0,0,0,18871,125,347,0,3,524608,0,268435456,0,0,0,-1,-1
41657,Incarico di lavoro: Fiasche di Magia Grezza,,22646,47901,0,-1,0,0,0,0,0,2479,25,0,0,0,18872,118,347,0,3,524608,0,268435456,0,0,0,-1,-1
41658,Incarico di lavoro: Elisir Silvani,,22647,47895,0,-1,0,0,0,0,0,2479,25,0,0,0,18873,118,347,0,3,524608,0,268435456,0,0,0,-1,-1
41659,Incarico di lavoro: Elisir della Valanga,,22648,47899,0,-1,0,0,0,0,0,2479,25,0,0,0,18874,118,347,0,3,524608,0,268435456,0,0,0,-1,-1
41660,Incarico di lavoro: Skaggl Potabile,,22649,47897,0,-1,0,0,0,0,0,2479,25,0,0,0,18875,118,347,0,3,524608,0,268435456,0,0,0,-1,-1
41661,Incarico di lavoro: Pozioni del Passo Celeste,,22650,45166,0,-1,0,0,0,0,0,2479,25,0,0,0,18876,118,335,0,3,524608,0,268435456,0,0,0,-1,-1
41662,Incarico di lavoro: Pozioni del Rinvigorimento Antiche,,22651,38948,0,-1,0,0,0,0,0,2479,25,0,0,0,18877,118,347,0,3,524608,0,268435456,0,0,0,-1,-1
41663,Incarico di lavoro: Runa Vantus - Elerethe Renferina,,22652,47901,0,-1,0,0,0,0,0,2508,25,0,0,0,18878,126,347,0,3,524608,0,268435456,0,0,0,-1,-1
41664,Incarico di lavoro: Runa Vantus - Draghi dell'Incubo,,22653,47895,0,-1,0,0,0,0,0,2508,25,0,0,0,18879,126,347,0,3,524608,0,268435456,0,0,0,-1,-1
41665,Incarico di lavoro: Runa Vantus - Ursoc,,22654,47899,0,-1,0,0,0,0,0,2508,25,0,0,0,18880,126,347,0,3,524608,0,268435456,0,0,0,-1,-1
41666,Incarico di lavoro: Runa Vantus - Nythendra,,22655,47897,0,-1,0,0,0,0,0,2508,25,0,0,0,18881,126,347,0,3,524608,0,268435456,0,0,0,-1,-1
41667,Incarico di lavoro: Runa Vantus - Xavius,,22656,45166,0,-1,0,0,0,0,0,2508,25,0,0,0,18882,126,335,0,3,524608,0,268435456,0,0,0,-1,-1
41668,"Incarico di lavoro: Runa Vantus - Il'gynoth, Cuore della Corruzione",,22657,38948,0,-1,0,0,0,0,0,2508,25,0,0,0,18883,126,347,0,3,524608,0,268435456,0,0,0,-1,-1
41669,Incarico di lavoro: Malia del Colpo Critico,,22658,47901,0,-1,0,0,0,0,0,2487,25,0,0,0,18884,123,347,0,3,524608,0,268435456,0,0,0,-1,-1
41670,Incarico di lavoro: Malia dell'Agilità,,22659,47895,0,-1,0,0,0,0,0,2487,25,0,0,0,18885,123,347,0,3,524608,0,268435456,0,0,0,-1,-1
41671,Incarico di lavoro: Malia della Forza,,22660,47899,0,-1,0,0,0,0,0,2487,25,0,0,0,18886,123,347,0,3,524608,0,268435456,0,0,0,-1,-1
41672,Incarico di lavoro: Malia della Celerità,,22661,47897,0,-1,0,0,0,0,0,2487,25,0,0,0,18887,123,347,0,3,524608,0,268435456,0,0,0,-1,-1
41673,Incarico di lavoro: Malia della Maestria,,22662,45166,0,-1,0,0,0,0,0,2487,25,0,0,0,18888,123,335,0,3,524608,0,268435456,0,0,0,-1,-1
41674,Incarico di lavoro: Malia dell'Intelletto,,22663,38948,0,-1,0,0,0,0,0,2487,25,0,0,0,18889,123,347,0,3,524608,0,268435456,0,0,0,-1,-1
41675,Incarico di lavoro: Occhiali Sputapiombo dal Grilletto Facile,,22664,47901,0,-1,0,0,0,0,0,2500,25,0,0,0,18890,122,347,0,3,524608,0,268435456,0,0,0,-1,-1
41676,Incarico di lavoro: Pistola Curativa a Pompa,,22665,47895,0,-1,0,0,0,0,0,2500,25,0,0,0,18891,122,347,0,3,524608,0,268435456,0,0,0,-1,-1
41677,Incarico di lavoro: Automartello,,22666,47899,0,-1,0,0,0,0,0,2500,25,0,0,0,18892,122,347,0,3,524608,0,268435456,0,0,0,-1,-1
41678,Incarico di lavoro: Sprintazaino,,22667,47897,0,-1,0,0,0,0,0,2500,25,0,0,0,18893,122,347,0,3,524608,0,268435456,0,0,0,-1,-1
41679,Incarico di lavoro: Dispensatore di Proiettili Semovente,,22668,45166,0,-1,0,0,0,0,0,2500,25,0,0,0,18894,122,335,0,3,524608,0,268435456,0,0,0,-1,-1
41680,Incarico di lavoro: Pilone d'Individuazione Fallimenti,,22669,38948,0,-1,0,0,0,0,0,2500,25,0,0,0,18895,122,347,0,3,524608,0,268435456,0,0,0,-1,-1
41685,PERICOLO: Ala'washte,,22682,47899,0,-1,0,0,0,0,0,0,0,0,0,0,18902,136,347,0,3,3735872,0,268435456,0,0,0,-1,-1
41686,PERICOLO: Olokk lo Spezzanavi,,22683,47899,0,-1,0,0,0,0,0,0,0,0,0,0,18904,136,347,0,3,3735872,0,268435456,0,0,0,-1,-1
41687,Combattimento tra lumache!,,22686,145947,0,-1,0,0,0,0,0,0,0,0,0,0,18905,115,347,0,3,3735808,0,268435456,0,0,0,-1,-1
41691,Mare di piume,,22692,47899,0,-1,0,0,0,0,0,0,0,0,0,0,18908,109,347,0,3,37290240,0,268435456,0,0,0,-1,-1
41692,Recupero relitti,,22693,47899,0,-1,0,0,0,0,0,0,0,0,0,0,18910,109,347,0,3,37290240,0,268435456,0,0,0,-1,-1
41695,PERICOLO: Defilia,,22699,47899,0,-1,0,0,0,0,0,0,0,0,0,0,18909,136,347,0,3,3735872,0,268435456,0,0,0,-1,-1
41696,PERICOLO: Mawat'aki,,22701,47899,0,-1,0,0,0,0,0,0,0,0,0,0,18914,136,347,0,3,3735872,0,268435456,0,0,0,-1,-1
41697,"PERICOLO: Colerian, Alteria e Selenyi",,22702,38948,0,-1,0,0,0,0,0,0,0,0,0,0,18915,136,335,0,3,3735872,0,268435456,0,0,0,-1,-1
41699,Crocchette irritabili,,22704,47899,0,-1,0,0,0,0,0,0,0,0,0,0,18917,109,347,0,3,37290240,8192,268435456,0,0,0,-1,-1
41700,PERICOLO: Shalas'aman,,22708,47895,0,-1,0,0,0,0,0,0,0,0,0,0,18922,136,347,0,3,3735872,0,268435456,0,0,0,-1,-1
41701,Una valanga di nemoni,,22705,47899,0,-1,0,0,0,0,0,0,0,0,0,0,18921,109,347,0,3,37290240,8192,268435456,0,0,0,-1,-1
41703,PERICOLO: Ormagrogg,,22707,47899,0,-1,0,0,0,0,0,0,0,0,0,0,18923,136,347,0,3,3735872,0,268435456,0,0,0,-1,-1
41705,Assalto a Totem del Fulmine,,22719,55295,0,-1,0,0,0,0,0,0,0,0,0,0,18924,109,347,0,3,41484544,8192,268435456,41694,0,0,-1,-1
41706,Acque salmastre,,22723,47899,0,-1,0,0,0,0,0,0,0,0,0,0,18918,109,347,0,3,37290240,8192,268435456,0,0,0,-1,-1
41757,Echi del Custode della Terra,,22766,47899,0,-1,0,0,0,0,0,0,0,0,0,0,18933,109,347,0,3,34144512,0,268435456,0,0,0,-1,-1
41758,Guardiani d'Ossidiana,,22767,47899,0,-1,0,0,0,0,0,0,0,0,0,0,18934,109,347,0,3,38338816,0,268435456,0,0,0,-1,-1
41765,Scommesse di caccia,,22802,47899,0,-1,0,0,0,0,0,0,0,0,0,0,18936,109,347,0,3,35193088,0,268435456,0,0,0,-1,-1
41766,Esercito di protezione animali,,22773,145947,0,-1,0,0,0,0,0,0,0,0,0,0,18935,115,347,0,3,3735808,0,268435456,0,0,0,-1,-1
41789,Ritorno alla Rupe,,22812,47899,0,-1,0,0,0,0,0,0,0,0,0,0,18955,109,347,0,3,37290240,0,268435456,0,0,0,-1,-1
41794,Cacciadrachi,,22821,47897,0,-1,0,0,0,0,0,0,0,0,0,0,21030,109,347,0,3,37290240,0,268435456,0,0,0,-1,-1
41816,PERICOLO: Oubdob il Fracassatore,,22836,47899,0,-1,0,0,0,0,0,0,0,0,0,0,18966,136,347,0,3,3735872,0,268435456,0,0,0,-1,-1
41817,Teschio del coordinatore,,22837,38948,0,-1,0,0,0,0,0,0,0,0,0,0,18967,109,347,0,3,590080,0,268435456,0,0,0,-1,-1
41818,RICERCATO: Grancorno Maestoso,,22838,47899,0,-1,0,0,0,0,0,0,0,0,0,0,20552,109,347,0,3,3735872,0,268435456,0,0,0,-1,-1
41819,RICERCATO: Gurbog il Picchiatore,,22839,47899,0,-1,0,0,0,0,0,0,0,0,0,0,19940,109,347,0,3,3735872,0,268435456,0,0,0,-1,-1
41820,Camminare senza ritmo,,22842,38948,0,-1,0,0,0,0,0,0,0,0,0,0,18972,109,347,0,3,590080,0,268435456,0,0,0,-1,-1
41821,RICERCATO: Shara Fiato Vile,,22841,47899,0,-1,0,0,0,0,0,0,0,0,0,0,19835,109,347,0,3,3735872,0,268435456,0,0,0,-1,-1
41822,Seguire i suoi passi,,22843,38948,0,-1,0,0,0,0,0,0,0,0,0,0,18970,109,347,0,3,590080,0,268435456,0,0,0,-1,-1
41823,Cenere alla Cenere,,22844,38948,0,-1,0,0,0,0,0,0,0,0,0,0,18973,109,347,0,3,590080,0,268435456,0,0,0,-1,-1
41824,RICERCATO: Arru,,22845,47899,0,-1,0,0,0,0,0,0,0,0,0,0,20555,109,347,0,3,3735872,0,268435456,0,0,0,-1,-1
41825,Minaccia alata,,22846,38948,0,-1,0,0,0,0,0,0,0,0,0,0,18975,109,347,0,3,590080,0,268435456,0,0,0,-1,-1
41826,RICERCATO: Crawshuk l'Affamato,,22847,47899,0,-1,0,0,0,0,0,0,0,0,0,0,20576,109,347,0,3,3735872,0,268435456,0,0,0,-1,-1
41827,Miao,,26360,38948,0,-1,0,0,0,0,0,0,0,0,0,0,18976,109,347,0,3,590080,0,268435456,0,0,0,-1,-1
41828,RICERCATO: Mazzirsuta,,22848,47899,0,-1,0,0,0,0,0,0,0,0,0,0,20571,109,347,0,3,3735872,0,268435456,0,0,0,-1,-1
41829,L'Esploratore Piumanera,,22849,38948,0,-1,0,0,0,0,0,0,0,0,0,0,18979,109,347,0,3,590080,0,268435456,0,0,0,-1,-1
41830,Morso del Demone,,22850,38948,0,-1,0,0,0,0,0,0,0,0,0,0,18980,109,347,0,3,590080,0,268435456,0,0,0,-1,-1
41832,Terrore in acque bianche,,22850,38948,0,-1,0,0,0,0,0,0,0,0,0,0,18982,109,347,0,3,590080,0,268435456,0,0,0,-1,-1
41833,L'ultima cavalcata di Grmlrml,,22852,38948,0,-1,0,0,0,0,0,0,0,0,0,0,18983,109,347,0,3,590080,0,268435456,0,0,0,-1,-1
41835,Devermificazione,,22853,38948,0,-1,0,0,0,0,0,0,0,0,0,0,18984,109,347,0,3,590080,0,268435456,0,0,0,-1,-1
41836,RICERCATO: Bodash l'Incettatore,,22854,47899,0,-1,0,0,0,0,0,0,0,0,0,0,19946,109,347,0,3,3735872,0,268435456,0,0,0,-1,-1
41837,Bulli di Roccia Remota,,26361,38948,0,-1,0,0,0,0,0,0,0,0,0,0,18986,109,347,0,3,590080,0,268435456,0,0,0,-1,-1
41838,RICERCATO: Dormigliorso,,22858,47899,0,-1,0,0,0,0,0,0,0,0,0,0,20546,109,347,0,3,3735872,0,268435456,0,0,0,-1,-1
41842,In fondo alla catena alimentare,,22859,38948,0,-1,0,0,0,0,0,0,0,0,0,0,18988,109,347,0,3,590080,0,268435456,0,0,0,-1,-1
41843,"Che sfortuna, Puck",,22860,38948,0,-1,0,0,0,0,0,0,0,0,0,0,18989,109,347,0,3,590080,0,268435456,0,0,0,-1,-1
41844,RICERCATO: Sekhan,,26362,47899,0,-1,0,0,0,0,0,0,0,0,0,0,20549,109,347,0,3,3735872,0,268435456,0,0,0,-1,-1
41855,Ribellarsi ai bulli,,22879,145947,0,-1,0,0,0,0,0,0,0,0,0,0,18991,115,347,0,3,3735808,0,268435456,0,0,0,-1,-1
41857,Antro di Neltharion: Schiavi di Pietrascura,,22910,42902,0,-1,0,0,0,0,0,0,0,0,0,0,19009,137,347,0,3,35193088,0,268435458,0,0,0,-1,-1
41860,Occuparsi dei Satiri,,22908,132427,0,-1,0,0,0,0,0,0,0,0,0,0,19002,115,347,0,3,3735808,0,268435456,0,0,0,-1,-1
41861,Faccia a faccia con le fauci,,22909,145947,0,-1,0,0,0,0,0,0,0,0,0,0,19004,115,347,0,3,3735808,0,268435456,0,0,0,-1,-1
41862,Solo gli animali possono prevenire gli incendi,,22911,145947,0,-1,0,0,0,0,0,0,0,0,0,0,19007,115,347,0,3,3735808,0,268435456,0,0,0,-1,-1
41864,Antro di Neltharion: Frantumatore Cristallino,,22913,42253,0,-1,0,0,0,0,0,0,0,0,0,0,19010,137,347,0,3,35193088,0,268435458,0,0,0,-1,-1
41865,Antro di Neltharion: Madre della Pietra,,22914,42253,0,-1,0,0,0,0,0,0,0,0,0,0,19011,137,347,0,3,35193088,0,268435458,0,0,0,-1,-1
41866,Antro di Neltharion: Pipistrelli Appestati,,22915,42253,0,-1,0,0,0,0,0,0,0,0,0,0,19012,137,347,0,3,35193088,0,268435458,0,0,0,-1,-1
41881,Notte dello Scontro: Eliosus,,22931,145934,0,-1,0,0,0,0,0,0,0,0,0,0,19018,115,347,0,3,3735808,0,268435456,0,0,0,-1,-1
41886,Notte dello Scontro: Ratti!,,22942,145934,0,-1,0,0,0,0,0,0,0,0,0,0,19019,115,347,0,3,3735808,0,268435456,0,0,0,-1,-1
41895,Il Maestro di Mascotte,,22951,145946,0,-1,0,0,0,0,0,0,0,0,0,0,19038,115,335,0,3,3735808,0,268435456,0,0,0,-1,-1
41896,Operazione Murloc Liberi,,26246,143777,0,-1,0,0,0,0,0,0,0,0,0,0,20198,113,347,0,3,590080,0,268435456,0,0,0,-1,-1
41902,Ottieni valuta,,26357,21439,0,-1,0,0,0,0,0,0,0,0,0,0,0,0,347,0,3,3735552,131200,268435456,0,0,0,-1,-1
41914,Ripulire le catacombe,,22968,145934,0,-1,0,0,0,0,0,0,0,0,0,0,19091,115,335,0,3,3735808,0,268435456,0,0,0,-1,-1
41925,Inferno devastante,,22986,39338,0,-1,0,0,0,0,0,0,0,0,0,0,19093,109,347,0,3,41484544,8192,268435456,0,0,0,-1,-1
41926,Campione di Ritorno,,23022,47897,0,-1,0,0,0,0,0,0,0,0,0,0,19094,109,347,0,3,41484544,8192,268435456,41694,0,0,-1,-1
41927,Rovinare la Selvarunica,,23026,47897,0,-1,0,0,0,0,0,0,0,0,0,0,19095,109,347,0,3,41484544,8192,268435456,41694,0,0,-1,-1
41930,Chiamate valorose,,22998,47897,0,-1,0,0,0,0,0,0,0,0,0,0,19097,109,347,0,3,41484544,8192,268435456,41694,0,0,-1,-1
41931,Conversione del Mana,,22992,145934,0,-1,0,0,0,0,0,0,0,0,0,0,19096,115,335,0,3,3735808,0,268435456,0,0,0,-1,-1
41935,Bestie da soma,,23002,145947,0,-1,0,0,0,0,0,0,0,0,0,0,19109,115,347,0,3,3735808,0,268435456,0,0,0,-1,-1
41936,Guanto di sfida,,23013,47897,0,-1,0,0,0,0,0,0,0,0,0,0,19120,109,347,0,3,37290240,8192,268435456,0,0,0,-1,-1
41938,Fratelli di Skovald,,23018,47897,0,-1,0,0,0,0,0,0,0,0,0,0,19128,109,347,0,3,37290240,0,268435456,0,0,0,-1,-1
41944,La scala di Jarrun,,23028,145968,0,-1,0,0,0,0,0,0,0,0,0,0,19131,115,347,0,3,3735808,0,268435456,0,0,0,-1,-1
41948,Tutte le mascotte vanno in paradiso,,23033,145947,0,-1,0,0,0,0,0,0,0,0,0,0,19144,115,347,0,3,3735808,0,268435456,0,0,0,-1,-1
41949,Il ritorno dei Drekirjar,,23045,47897,0,-1,0,0,0,0,0,0,0,0,0,0,19134,109,347,0,3,37290240,0,268435456,0,0,0,-1,-1
41950,Il ruggito più potente del tuono!,,25514,47310,0,-1,0,0,0,0,0,0,0,0,0,0,19135,109,347,0,3,37290240,0,268435456,0,0,0,-1,-1
41955,La stirpe della pietra,,23053,47895,0,-1,0,0,0,0,0,0,0,0,0,0,19143,109,347,0,3,41484544,0,268435456,0,0,0,-1,-1
41956,Accoliti pietrificati,,23054,47895,0,-1,0,0,0,0,0,0,0,0,0,0,19260,109,347,0,3,41484544,0,268435456,0,0,0,-1,-1
41958,"Oh, Omnotron",,23059,145947,0,-1,0,0,0,0,0,0,0,0,0,0,19147,115,347,0,3,3735808,0,268435456,0,0,0,-1,-1
41961,Proprietà di Corvonero,,23062,47893,0,-1,0,0,0,0,0,0,0,0,0,0,19149,109,347,0,3,37290240,0,268435456,0,0,0,-1,-1
41962,Guardia di Corvonero,,23063,47895,0,-1,0,0,0,0,0,0,0,0,0,0,19150,109,347,0,3,34144512,0,268435456,0,0,0,-1,-1
41964,Acque contaminate,,23065,47895,0,-1,0,0,0,0,0,0,0,0,0,0,19145,109,347,0,3,37290240,8192,268435456,0,0,0,-1,-1
41965,Liberare gli Alalunare,,23067,47895,0,-1,0,0,0,0,0,0,0,0,0,0,19152,109,347,0,3,37290240,0,268435456,0,0,0,-1,-1
41980,A difesa del tempio,,23082,47895,0,-1,0,0,0,0,0,0,0,0,0,0,19178,109,347,0,3,37290240,0,268435456,0,0,0,-1,-1
41983,Scorte di orso,,23086,47899,0,-1,0,0,0,0,0,0,0,0,0,0,19172,109,347,0,3,3735808,0,268435456,0,0,0,-1,-1
41984,Nebbie striscianti,,23120,47897,0,-1,0,0,0,0,0,0,0,0,0,0,19169,109,347,0,3,41484544,8192,268435456,0,0,0,-1,-1
41990,Affettato,,23100,145946,0,-1,0,0,0,0,0,0,0,0,0,0,19176,115,335,0,3,3735808,0,268435456,0,0,0,-1,-1
41992,Cenere corrotta,,23105,47895,0,-1,0,0,0,0,0,0,0,0,0,0,19179,109,347,0,3,37290240,0,268435456,0,0,0,-1,-1
41995,Corruzione oscura,,23110,47895,0,-1,0,0,0,0,0,0,0,0,0,0,19181,109,347,0,3,37290240,0,268435456,0,0,0,-1,-1
41996,Incubo contorto,,23117,47895,0,-1,0,0,0,0,0,0,0,0,0,0,19182,109,347,0,3,37290240,0,268435456,0,0,0,-1,-1
42004,Nave fantasma,,23140,47897,0,-1,0,0,0,0,0,0,0,0,0,0,19184,109,347,0,3,37290240,0,268435456,0,0,0,-1,-1
42013,Gli Helmunn,,23148,47896,0,-1,0,0,0,0,0,0,0,0,0,0,19190,109,347,0,3,37290240,0,268435456,0,0,0,-1,-1
42014,Un'annata corrotta,,23149,47901,0,-1,0,0,0,0,0,0,0,0,0,0,19192,109,347,0,3,37290240,0,268435456,41694,0,0,-1,-1
42015,Fili del destino,,23150,145934,0,-1,0,0,0,0,0,0,0,0,0,0,19194,115,335,0,3,3735808,0,268435456,0,0,0,-1,-1
42018,Senza speranza di redenzione,,23152,47901,0,-1,0,0,0,0,0,0,0,0,0,0,19196,109,347,0,3,37290240,0,268435456,41694,0,0,-1,-1
42019,Bilanciare la situazione,,23153,47901,0,-1,0,0,0,0,0,0,0,0,0,0,19197,109,347,0,3,37290240,0,268435456,41694,0,0,-1,-1
42021,Indagine a Mak'rana,,23154,47901,0,-1,0,0,0,0,0,0,0,0,0,0,19198,109,347,0,3,37290240,0,268435456,41694,0,0,-1,-1
42022,L'accademia in rovina,,23155,47901,0,-1,0,0,0,0,0,0,0,0,0,0,19199,109,347,0,3,37290240,2,268435456,41694,0,0,-1,-1
42023,Torneo di Corvonero,,23465,143219,0,-1,0,0,0,0,0,0,0,0,0,0,18197,113,347,0,3,3735808,0,268435456,0,0,0,-1,-1
42024,L'amico del mio nemico,,23156,47901,0,-1,0,0,0,0,0,0,0,0,0,0,19200,136,347,0,3,37290240,0,268435456,41694,0,0,-1,-1
42025,Rissa senza imbracature,,23464,143218,0,-1,0,0,0,0,0,0,0,0,0,0,18199,113,347,0,3,3735808,0,268435456,0,0,0,-1,-1
42026,Faronaar in Rovina,,23158,47901,0,-1,0,0,0,0,0,0,0,0,0,0,19201,109,347,0,3,577831176,8192,268435456,41694,0,0,-1,-1
42027,Faronaar nel Caos,,23157,47901,0,-1,0,0,0,0,0,0,0,0,0,0,19202,109,347,0,3,577831176,8192,268435456,41694,0,0,-1,-1
42028,Nell'Incubo,,23164,47895,0,-1,0,0,0,0,0,0,0,0,0,0,19203,109,347,0,3,41484544,8192,268435456,0,0,0,-1,-1
42062,Notte dello Scontro: Tritacarne Jr. Jr.,,23194,145934,0,-1,0,0,0,0,0,0,0,0,0,0,19221,115,347,0,3,3735808,0,268435456,0,0,0,-1,-1
42063,Le dimensioni non contano,,23195,145947,0,-1,0,0,0,0,0,0,0,0,0,0,19222,115,347,0,3,3735808,0,268435456,0,0,0,-1,-1
42064,È Illid... Aspetta.,,23196,145947,0,-1,0,0,0,0,0,0,0,0,0,0,19223,115,347,0,3,3735808,0,268435456,0,0,0,-1,-1
42067,Can che abbaia non morde,,23199,145968,0,-1,0,0,0,0,0,0,0,0,0,0,19225,115,347,0,3,3735808,0,268435456,0,0,0,-1,-1
42070,Assalto alla Torre delle Custodi: Punta dell'Inseguitore di Stelle,,24386,143219,0,-1,0,0,0,0,0,0,0,0,0,0,18630,113,347,0,3,37290240,0,268435456,0,0,0,1309324210,-1440044374
42071,Onorare il passato,,23217,41005,0,-1,0,0,0,0,0,0,0,0,0,0,19242,109,335,0,3,37290240,0,268435456,0,0,0,-1,-1
42075,Contraccolpo botanico,,23207,47895,0,-1,0,0,0,0,0,0,0,0,0,0,19227,109,347,0,3,41484544,8192,268435456,0,0,0,-1,-1
42076,Palude d'Ombra,,23208,47895,0,-1,0,0,0,0,0,0,0,0,0,0,19236,109,347,0,3,37290240,0,268435456,0,0,0,-1,-1
42077,Incubi striscianti,,23209,47895,0,-1,0,0,0,0,0,0,0,0,0,0,19240,109,347,0,3,41484544,0,268435456,0,0,0,-1,-1
42080,Bastione di Rivofosco,,23216,47895,0,-1,0,0,0,0,0,0,0,0,0,0,19241,109,347,0,3,41484544,8192,268435456,0,0,0,-1,-1
42082,Il luogo infranto,,23221,45613,0,-1,0,0,0,0,0,0,0,0,0,0,19244,109,335,0,3,41484544,8192,268435456,0,0,0,-1,-1
42086,I Totem Vile,,23233,47899,0,-1,0,0,0,0,0,0,0,0,0,0,19246,109,347,0,3,37290240,0,268435456,41694,0,0,-1,-1
42087,Orrore verde,,23237,47895,0,-1,0,0,0,0,0,0,0,0,0,0,19245,109,347,0,3,37290240,8192,268435456,0,0,0,-1,-1
42089,I Caduti,,23239,45058,0,-1,0,0,0,0,0,0,0,0,0,0,19248,109,335,0,3,37290240,0,268435456,0,0,0,-1,-1
42090,Soggetti frettolosi,,23242,45058,0,-1,0,0,0,0,0,0,0,0,0,140916,19250,109,335,0,3,37290240,8192,268435456,0,0,0,-1,-1
42094,Custodi del Sogno,,23247,47895,0,-1,0,0,0,0,0,0,0,0,0,0,19249,109,347,0,3,34144512,0,268435456,0,0,0,-1,-1
42095,Drago dell'Incubo,,23251,47895,0,-1,0,0,0,0,0,0,0,0,0,0,19251,0,347,0,3,34144512,0,268435456,0,0,0,-1,-1
42099,Bounty Quest Test,,23261,0,0,-1,0,0,0,0,0,0,0,0,0,0,0,128,798,0,3,33554440,131072,268435456,0,0,0,-1,-1
42101,Linguaggio dei perduti,,23272,47901,0,-1,0,0,0,0,0,0,0,0,0,0,19255,109,347,0,3,37290240,0,268435456,41694,0,0,-1,-1
42105,Mix di mescologia,,23277,47901,0,-1,0,0,0,0,0,0,0,0,0,0,19257,109,347,0,3,37290240,0,268435456,41694,0,0,-1,-1
42108,Radunare i Guardiani della Notte,,23279,47901,0,-1,0,0,0,0,0,0,0,0,0,0,19261,109,347,0,3,37290240,8192,268435456,41694,0,0,-1,-1
42109,Bounty Quest Test 2,,23261,0,0,-1,0,0,0,0,0,0,0,0,0,0,0,128,798,0,3,33554440,131072,268435456,0,0,0,-1,-1
42111,Ricognizione aggressiva,,23281,41005,0,-1,0,0,0,0,0,0,0,0,0,0,19262,109,335,0,3,37290240,0,268435456,0,0,0,-1,-1
42112,Il ritorno degli Avvizziti,,23282,47901,0,-1,0,0,0,0,0,0,0,0,0,0,19263,109,347,0,3,37290240,0,268435456,41694,0,0,-1,-1
42119,Un intruglio purificante,,23290,47901,0,-1,0,0,0,0,0,0,0,0,0,0,19288,109,347,0,3,37290240,0,268435456,41694,0,0,-1,-1
42123,Riconquistare Llothien,,23298,47901,0,-1,0,0,0,0,0,0,0,0,0,0,19305,109,347,0,3,37290240,0,268435456,41694,0,0,-1,-1
42124,Streghe e Stregonerie,,23300,47895,0,-1,0,0,0,0,0,0,0,0,0,0,19306,109,347,0,3,37290240,8192,268435456,0,0,0,-1,-1
42145,Fuori dal bosco,,23330,47895,0,-1,0,0,0,0,0,0,0,0,0,0,19325,109,347,0,3,37290240,8192,268435456,0,0,0,-1,-1
42146,"Stordito, frastornato e adorabile",,23331,145947,0,-1,0,0,0,0,0,0,0,0,0,0,19331,115,347,0,3,3735808,0,268435456,0,0,0,-1,-1
42148,Vini andati a male,,23334,145970,0,-1,0,0,0,0,0,0,0,0,0,0,19336,115,347,0,3,3735808,0,268435456,0,0,0,-1,-1
42150,Incursione dei Naga Kal'delar,,23339,47895,0,-1,0,0,0,0,0,0,0,0,0,0,19340,109,347,0,3,37290240,0,268435456,0,0,0,-1,-1
42151,Ripulire i cieli,,23340,45619,0,-1,0,0,0,0,0,0,0,0,0,0,19341,109,335,0,3,41484544,8192,268435456,0,0,0,-1,-1
42154,Aiutare un draghetto,,23341,145947,0,-1,0,0,0,0,0,0,0,0,0,0,19343,115,347,0,3,3735808,0,268435456,0,0,0,-1,-1
42159,Allenamento con i Guardiani della Notte,,23343,145947,0,-1,0,0,0,0,0,0,0,0,0,0,19347,115,347,0,3,3735808,0,268435456,0,0,0,-1,-1
42160,Visitatori indesiderati,,23344,47901,0,-1,0,0,0,0,0,0,0,0,0,0,19350,109,347,0,3,37290240,8192,268435456,41694,0,0,-1,-1
42165,Esemplari di Azsuna,,23345,145947,0,-1,0,0,0,0,0,0,0,0,0,0,19385,115,347,0,3,3735808,0,268435456,0,0,0,-1,-1
42169,Morte Imposta,,25395,45618,0,-1,0,0,0,0,0,0,0,0,0,0,19356,109,335,0,3,37290240,0,268435456,0,0,0,-1,-1
42172,Infestazione di Fagliavuota,,23356,47901,0,-1,0,0,0,0,0,0,0,0,0,0,19366,109,347,0,3,37290240,8192,268435456,41694,0,0,-1,-1
42173,Elettrospuntino,,23361,47897,0,-1,0,0,0,0,0,0,0,0,0,0,19367,109,347,0,3,41484544,8192,268435456,41694,0,0,-1,-1
42174,Campioni di Elune,,23359,39947,0,-1,0,0,0,0,0,0,0,0,0,0,19352,109,347,0,3,39387392,0,268435456,39992,0,0,-1,-1
42176,L'ascesa di Skovald,,23371,47897,0,-1,0,0,0,0,0,0,0,0,0,0,19353,109,347,0,3,40435968,8192,268435456,41694,0,0,-1,-1
42177,Reclamare Morheim,,23368,47897,0,-1,0,0,0,0,0,0,0,0,0,0,19369,109,347,0,3,41484544,8192,268435456,41694,0,0,-1,-1
42178,Parafulmine,,23388,42474,0,-1,0,0,0,0,0,0,0,0,0,0,19370,109,347,0,3,41484544,8192,268435456,41694,0,0,-1,-1
42182,Alla battaglia!,,23387,47897,0,-1,0,0,0,0,0,0,0,0,0,0,19376,109,347,0,3,37290240,0,268435456,41694,0,0,1309324210,-1440044374
42183,Alla battaglia!,,24987,47897,0,-1,0,0,0,0,0,0,0,0,0,0,19376,109,347,0,3,37290240,0,268435456,41694,0,0,-1321907123,1427461461
42190,Ambientalista,,23399,145947,0,-1,0,0,0,0,0,0,0,0,0,0,19392,115,347,0,3,3735808,0,268435456,0,0,0,-1,-1
42209,Liberare i catturati,,23856,41006,0,-1,0,0,0,0,0,0,0,0,0,0,19381,135,335,0,3,41615616,0,268435456,0,0,0,-1,-1
42211,La stirpe di Leodrath,,23423,47901,0,-1,0,0,0,0,0,0,0,0,0,0,19382,109,347,0,3,37290240,8192,268435456,41694,0,0,-1,-1
42239,Sale del Valore: Il re orso,,23440,42253,0,-1,0,0,0,0,0,0,0,0,0,0,19308,137,347,0,3,35193088,0,268435458,0,0,0,-1,-1
42240,Sale del Valore: Bracconaggio intelligente,,23441,42253,0,-1,0,0,0,0,0,0,0,0,0,0,19307,137,347,0,3,35193088,0,268435458,0,0,0,-1,-1
42241,Sale del Valore: Una degna sfida,,23442,42253,0,-1,0,0,0,0,0,0,0,0,0,0,19286,137,347,0,3,35193088,0,268435458,0,0,0,-1,-1
42242,Sale del Valore: Un regalo per Vethir,,23443,42902,0,-1,0,0,0,0,0,0,0,0,0,0,19314,137,347,0,3,35193088,0,268435458,0,0,0,-1,-1
42243,Sale del Valore: Imprese del passato,,23446,42902,0,-1,0,0,0,0,0,0,0,0,0,0,19394,137,347,0,3,35193088,0,268435458,0,0,0,-1,-1
42269,I Ladri d'Anime,,23448,45690,0,-1,0,0,0,0,0,0,0,0,0,0,19404,112,347,0,3,37290304,0,268435456,0,0,0,-1,-1
42270,Flagello dei cieli,,23452,45690,0,-1,0,0,0,0,0,0,0,0,0,0,19405,112,347,0,3,37290304,0,268435456,0,0,0,-1,-1
42274,Perché nessuno pensa ai draghetti?,,23456,47901,0,-1,0,0,0,0,0,0,0,0,0,0,19429,109,347,0,3,37290240,0,268435456,0,0,0,-1,-1
42275,Non sotto il mio sguardo,,23457,47901,0,-1,0,0,0,0,0,0,0,0,0,0,19430,109,347,0,3,37290240,0,268435456,0,0,0,-1,-1
42276,"Disgustoso, ma utile",,23458,47901,0,-1,0,0,0,0,0,0,0,0,0,0,19431,109,347,0,3,37290240,0,268435456,0,0,0,-1,-1
42277,Intrusi!,,23459,47901,0,-1,0,0,0,0,0,0,0,0,0,0,19432,109,347,0,3,37290240,0,268435456,0,0,0,-1,-1
42373,Vendetta per i Pietrascura,,23512,74379,0,-1,5,0,0,0,0,0,0,0,0,0,0,0,333,0,3,38338560,0,268468224,39391,39425,39588,-1,-1
42431,La stirpe di Nithogg,,23584,0,0,-1,0,0,0,0,0,0,0,0,0,0,0,0,990,0,3,38338560,8192,268468224,0,0,0,-1,-1
42442,Notte dello Scontro: Amalia,,23593,145934,0,-1,0,0,0,0,0,0,0,0,0,0,19474,115,347,0,3,3735808,0,268435456,0,0,0,-1,-1
42506,Tomi dell'antichità,,23645,47901,0,-1,0,0,0,0,0,0,0,0,0,0,19483,109,347,0,3,37290240,0,268435456,0,0,0,-1,-1
42511,Anime tormentate,,23651,47901,0,-1,0,0,0,0,0,0,0,0,0,0,19486,109,347,0,3,37290240,0,268435456,0,0,0,-1,-1
42620,RICERCATO: Arcavellus,,23753,47901,0,-1,0,0,0,0,0,0,0,0,0,0,19736,109,347,0,3,3735872,0,268435456,0,0,0,-1,-1
42623,La pirateria non paga,,23757,47901,0,-1,0,0,0,0,0,0,0,0,0,0,19514,109,347,0,3,37290240,0,268435456,0,0,0,-1,-1
42624,Capitani della Flotta,,23758,47901,0,-1,0,0,0,0,0,0,0,0,0,0,19515,109,347,0,3,37290240,0,268435456,0,0,0,-1,-1
42631,RICERCATO: Inquisitore Tivos,,23762,47901,0,-1,0,0,0,0,0,0,0,0,0,0,19740,109,347,0,3,3735872,0,268435456,0,0,0,-1,-1
42633,RICERCATO: Vorthax,,23766,47901,0,-1,0,0,0,0,0,0,0,0,0,0,19741,109,347,0,3,3735872,0,268435456,0,0,0,-1,-1
42636,RICERCATO: Arcanista Shal'iman,,23767,47901,0,-1,0,0,0,0,0,0,0,0,0,0,19735,109,347,0,3,3735872,0,268435456,0,0,0,-1,-1
42652,Antichi esemplari,,23832,47901,0,-1,0,0,0,0,0,0,0,0,0,0,19554,111,347,0,3,37290240,0,268435456,0,0,0,-1,-1
42711,I Maghi eterni,,23834,47901,0,-1,0,0,0,0,0,0,0,0,0,0,19555,109,347,0,3,37290240,0,268435456,0,0,0,-1,-1
42712,Occhio di Azshara: Artigli della distruzione,,23838,42253,0,-1,0,0,0,0,0,0,0,0,0,0,19547,137,347,0,3,35193088,0,268435458,0,0,0,-1,-1
42713,Occhio di Azshara: Colpire,,23843,42253,0,-1,0,0,0,0,0,0,0,0,0,0,19548,137,347,0,3,35193088,0,268435458,0,0,0,-1,-1
42714,Boschetto Cuortetro: Mythana,,23849,42253,0,-1,0,0,0,0,0,0,0,0,0,0,18130,137,347,0,3,37290240,0,268435458,0,0,0,-1,-1
42723,Occhio di Azshara: Un guscio robusto,,23858,42253,0,-1,0,0,0,0,0,0,0,0,0,0,19549,137,347,0,3,35193088,0,268435458,0,0,0,-1,-1
42725,Dividere le ricchezze,,23867,41006,0,-1,0,0,0,0,0,0,0,0,0,0,19582,135,335,0,3,37290240,0,268435456,0,0,0,-1,-1
42742,Boschetto Cuortetro: Marciume della Rabbia,,23887,42253,0,-1,0,0,0,0,0,0,0,0,0,0,18131,137,347,0,3,37290240,0,268435458,0,0,0,-1,-1
42743,Boschetto Cuortetro: Kudzilla,,23886,42253,0,-1,0,0,0,0,0,0,0,0,0,0,18132,137,347,0,3,37290240,0,268435458,0,0,0,-1,-1
42744,Boschetto Cuortetro: Proteggere i protettori,,23885,42902,0,-1,0,0,0,0,0,0,0,0,0,0,19552,137,347,0,3,37290240,0,268435458,0,0,0,-1,-1
42745,Boschetto Cuortetro: Un pesante fardello,,23884,42902,0,-1,0,0,0,0,0,0,0,0,0,0,19583,137,347,0,3,37290240,0,268435458,0,0,0,-1,-1
42746,Occhio di Azshara: La fine della paura,,23890,42902,0,-1,0,0,0,0,0,0,0,0,0,0,19550,137,347,0,3,35193088,0,268435458,0,0,0,-1,-1
42755,Occhio di Azshara: Perle di Azsuna,,24902,42902,0,-1,0,0,0,0,0,0,0,0,0,0,19551,137,347,0,3,35193088,0,268435458,0,0,0,-1,-1
42757,Fauci delle Anime: La minaccia venuta dal mare,,23906,42253,0,-1,0,0,0,0,0,0,0,0,0,0,19573,137,347,0,3,35193088,0,268435458,0,0,0,-1,-1
42764,Corte delle Stelle: Lo spettro nella macchina,,23914,45063,0,-1,0,0,0,0,0,0,0,0,0,0,19589,137,335,0,3,35193088,0,268435458,0,0,0,-1,-1
42769,Corte delle Stelle: Portami gli occhi,,23932,45063,0,-1,0,0,0,0,0,0,0,0,0,0,19590,137,335,0,3,35193088,0,268435458,0,0,0,-1,-1
42779,La corruzione sopita,,23946,45690,0,-1,0,0,0,0,0,0,0,0,0,0,19597,112,347,0,3,37290304,0,268435456,0,0,0,-1,-1
42780,Fauci delle Anime: Dalla bocca dell'inferno,,23929,42253,0,-1,0,0,0,0,0,0,0,0,0,0,19574,137,347,0,3,35193088,0,268435458,0,0,0,-1,-1
42781,Corte delle Stelle: Disarmare la guardia,,23903,45063,0,-1,0,0,0,0,0,0,0,0,0,0,19591,137,335,0,3,35193088,0,268435458,0,0,0,-1,-1
42783,Corte delle Stelle: Sbocciano di notte,,23933,45063,0,-1,0,0,0,0,0,0,0,0,0,0,19592,137,335,0,3,35193088,0,268435458,0,0,0,-1,-1
42784,Corte delle Stelle: Lo studente disonesto,,23934,45063,0,-1,0,0,0,0,0,0,0,0,0,0,19593,137,335,0,3,35193088,0,268435458,0,0,0,-1,-1
42785,PERICOLO: Madre dell'Antro Ylva,,23943,47897,0,-1,0,0,0,0,0,0,0,0,0,0,19598,136,347,0,3,37290304,0,268435456,0,0,0,-1,-1
42788,Fauci delle Anime: Il ritorno della bestia,,23959,42253,0,-1,0,0,0,0,0,0,0,0,0,0,19575,137,347,0,3,35193088,0,268435458,0,0,0,-1,-1
42795,RICERCATO: Sanaar,,23963,38948,0,-1,0,0,0,0,0,0,0,0,0,0,20477,109,335,0,3,3735872,0,268435456,0,0,0,-1,-1
42796,RICERCATO: Madre della Stirpe Shu'malis,,23964,38948,0,-1,0,0,0,0,0,0,0,0,0,0,20470,109,335,0,3,3735872,0,268435456,0,0,0,-1,-1
42797,PERICOLO: Maestro della Falce Cil'raman,,25420,38948,0,-1,0,0,0,0,0,0,0,0,0,0,19187,136,335,0,3,3735872,0,268435456,0,0,0,-1,-1
42798,PERICOLO: Cacciatrice Estrid,,23968,47897,0,-1,0,0,0,0,0,0,0,0,0,0,19604,136,347,0,3,37290304,0,268435456,0,0,0,-1,-1
42799,PERICOLO: Oglok il Furioso,,23965,38948,0,-1,0,0,0,0,0,0,0,0,0,0,19610,136,335,0,3,3735872,0,268435456,0,0,0,-1,-1
42806,"PERICOLO: Fjorlag, il Gelo della Tomba",,23981,47897,0,-1,0,0,0,0,0,0,0,0,0,0,19618,136,347,0,3,37290304,0,268435456,0,0,0,-1,-1
42819,Mago tascabile,,23996,45690,0,-1,0,0,0,0,0,0,0,0,0,0,19627,112,347,0,3,37290304,0,268435456,0,0,0,-1,-1
42820,PERICOLO: Aegir Sfondaonde,,23998,47897,0,-1,0,0,0,0,0,0,0,0,0,0,19632,136,347,0,3,37290304,0,268435456,0,0,0,-1,-1
42830,Controllo dei parassiti,,24041,41007,0,-1,0,0,0,0,0,0,0,0,0,0,19642,135,335,0,3,37421312,0,268435456,0,0,0,-1,-1
42859,Un filo di speranza,,24163,41006,0,-1,0,0,0,0,0,0,0,0,0,0,19687,135,335,0,3,41484544,0,268435456,0,0,0,-1,-1
42861,PERICOLO: Scagliamassi l'Eroso,,24048,47897,0,-1,0,0,0,0,0,0,0,0,0,0,19646,136,347,0,3,37290304,0,268435456,0,0,0,-1,-1
42864,PERICOLO: Capitano Dargun,,24053,47897,0,-1,0,0,0,0,0,0,0,0,0,0,19647,136,347,0,3,37290304,0,268435456,0,0,0,-1,-1
42870,PERICOLO: Kathaw il Selvaggio,,24061,47895,0,-1,0,0,0,0,0,0,0,0,0,0,19655,136,347,0,3,37290304,0,268435456,0,0,0,-1,-1
42880,La giusta miscela,,24073,41007,0,-1,0,0,0,0,0,0,0,0,0,0,19657,135,335,0,3,37290240,0,268435456,0,0,0,-1,-1
42922,Segrete delle Custodi: Sequenza d'avvio,,24104,42902,0,-1,0,0,0,0,0,0,0,0,0,0,19666,137,347,0,3,35193088,0,268435458,0,0,0,-1,-1
42924,Segrete delle Custodi: Una questione lugubre,,24112,42902,0,-1,0,0,0,0,0,0,0,0,0,0,19668,137,347,0,3,35193088,0,268435458,0,0,0,-1,-1
42926,Segrete delle Custodi: Come è finito lassù?,,24114,42253,0,-1,0,0,0,0,0,0,0,0,0,0,19670,137,347,0,3,35193088,0,268435458,0,0,0,-1,-1
42927,PERICOLO: Malisandra,,24131,47895,0,-1,0,0,0,0,0,0,0,0,0,0,19663,136,347,0,3,37290304,0,268435456,0,0,0,-1,-1
42953,PERICOLO: Vincolatrice d'Anime Halldora,,24142,47897,0,-1,0,0,0,0,0,0,0,0,0,0,19673,136,347,0,3,37290304,0,268435456,0,0,0,-1,-1
42962,Corrispondenza segreta,,24156,41006,0,-1,0,0,0,0,0,0,0,0,0,137299,19677,135,335,0,3,37421312,6,268435456,0,0,0,-1,-1
42963,PERICOLO: Rulf Spezzaossa,,24158,47897,0,-1,0,0,0,0,0,0,0,0,0,0,19678,136,347,0,3,37290304,0,268435456,0,0,0,-1,-1
42964,PERICOLO: Lagertha,,24159,47897,0,-1,0,0,0,0,0,0,0,0,0,0,19639,136,347,0,3,37290304,0,268435456,0,0,0,-1,-1
42969,Una spia tra di noi,,24161,41006,0,-1,0,0,0,0,0,0,0,0,0,0,19685,135,335,0,3,41484544,2,268435456,0,0,0,-1,-1
42991,PERICOLO: Veggente delle Rune Sigvid,,24186,47897,0,-1,0,0,0,0,0,0,0,0,0,0,19690,136,347,0,3,37290304,0,268435456,0,0,0,-1,-1
43027,PERICOLO: Mortiferus,,24224,47901,0,-1,0,0,0,0,0,0,0,0,0,0,19697,136,347,0,3,37290304,0,268435456,0,0,0,-1,-1
43040,PERICOLO: Valakar l'Assetato,,24255,47901,0,-1,0,0,0,0,0,0,0,0,0,0,19698,136,347,0,3,37290304,0,268435456,0,0,0,-1,-1
43059,PERICOLO: Fjordun,,24254,47901,0,-1,0,0,0,0,0,0,0,0,0,0,19699,136,347,0,3,37290304,0,268435456,0,0,0,-1,-1
43063,PERICOLO: Piumatonante,,24707,47901,0,-1,0,0,0,0,0,0,0,0,0,0,19700,136,347,0,3,37290304,0,268435456,0,0,0,-1,-1
43072,PERICOLO: La Sussurrante,,24267,47901,0,-1,0,0,0,0,0,0,0,0,0,0,19702,136,347,0,3,37290304,0,268435456,0,0,0,-1,-1
43079,PERICOLO: Immolian,,24706,47901,0,-1,0,0,0,0,0,0,0,0,0,0,19703,136,347,0,3,37290304,0,268435456,0,0,0,-1,-1
43091,PERICOLO: Arcanor Prime,,24289,47901,0,-1,0,0,0,0,0,0,0,0,0,0,19706,136,347,0,3,37290304,0,268435456,0,0,0,-1,-1
43098,PERICOLO: Marblub il Colossale,,24295,47901,0,-1,0,0,0,0,0,0,0,0,0,0,19707,136,347,0,3,37290304,0,268435456,0,0,0,-1,-1
43101,PERICOLO: Taumaturgo Grgl-Brgl,,24348,47895,0,-1,0,0,0,0,0,0,0,0,0,0,19708,136,347,0,3,37290304,0,268435456,0,0,0,-1,-1
43121,PERICOLO: Capo Tesoriere Jabrill,,24376,47901,0,-1,0,0,0,0,0,0,0,0,0,0,19724,136,347,0,3,37290304,0,268435456,0,0,0,-1,-1
43152,PERICOLO: Lytheron,,24351,47895,0,-1,0,0,0,0,0,0,0,0,0,0,19730,136,347,0,3,37290304,0,268435456,0,0,0,-1,-1
43175,PERICOLO: Graffiofondo,,24375,47901,0,-1,0,0,0,0,0,0,0,0,0,0,19742,136,347,0,3,37290304,0,268435456,0,0,0,-1,-1
43183,Assalto alla Torre delle Custodi: Punta dell'Inseguitore di Stelle,,24387,143219,0,-1,0,0,0,0,0,0,0,0,0,0,18675,113,347,0,3,37290240,0,268435456,0,0,0,-1321907123,1427461461
43192,Terrore del Profondo,,24399,45690,0,-1,0,0,0,0,0,0,0,0,0,0,19603,112,347,0,3,37290304,0,268435456,0,0,0,-1,-1
43193,Intenti funesti,,24400,45690,0,-1,0,0,0,0,0,0,0,0,0,0,19695,112,347,0,3,37290304,0,268435456,0,0,0,-1,-1
43241,Flusso dell'Incubo,,24451,45636,0,-1,0,0,0,0,0,0,0,0,0,0,0,0,990,0,3,34144256,0,268468224,0,0,0,-1,-1
43247,Assalto alla Torre delle Custodi: Spira della Via Oscura,,24457,143219,0,-1,0,0,0,0,0,0,0,0,0,0,18675,113,347,0,3,37290240,0,268435456,0,0,0,1309324210,-1440044374
43248,Assalto alla Torre delle Custodi: Spira della Via Oscura,,24458,143219,0,-1,0,0,0,0,0,0,0,0,0,0,18630,113,347,0,3,37290240,0,268435456,0,0,0,-1321907123,1427461461
43324,Rabbia dei Bestiagufo,,24566,47895,0,-1,0,0,0,0,0,0,0,0,0,0,19850,109,347,0,3,41484544,0,268435456,0,0,0,-1,-1
43325,Gara di faglia,,24561,48387,0,-1,0,0,0,0,0,0,0,0,0,0,20478,109,347,0,3,35193088,0,268435456,0,0,0,-1,-1
43326,Ricognizione,,24565,47904,0,-1,0,0,0,0,0,0,0,0,0,0,19852,109,347,0,3,35193088,0,268435456,0,0,0,-1,-1
43327,La magia del volo,,24567,47901,0,-1,0,0,0,0,0,0,0,0,0,0,20479,109,347,0,3,-2112290560,0,268435456,0,0,0,-1,-1
43328,Enigmatico,,24568,47901,0,-1,0,0,0,0,0,0,0,0,0,0,20480,109,347,0,3,-2110193408,0,268435456,0,0,0,-1,-1
43330,Fuoco!,,24570,47904,0,-1,0,0,0,0,0,0,0,0,0,0,19855,109,347,0,3,35193088,0,268435456,0,0,0,-1,-1
43332,Grell in un cestino,,24574,47895,0,-1,0,0,0,0,0,0,0,0,0,0,19883,109,347,0,3,41484544,0,268435456,0,0,0,-1,-1
43333,PERICOLO: Nylaathria la Dimenticata,,24578,47895,0,-1,0,0,0,0,0,0,0,0,0,0,19882,136,347,0,3,37290304,0,268435456,0,0,0,-1,-1
43336,Purificazione dell'Incubo,,24581,47895,0,-1,0,0,0,0,0,0,0,0,0,0,19886,109,347,0,3,37290240,0,268435456,0,0,0,-1,-1
43344,PERICOLO: Aodh Avvizzapetali,,24599,47895,0,-1,0,0,0,0,0,0,0,0,0,0,19941,136,347,0,3,37290304,0,268435456,0,0,0,-1,-1
43345,PERICOLO: Araldo delle Urla,,24603,47895,0,-1,0,0,0,0,0,0,0,0,0,0,19943,136,347,0,3,37290304,0,268435456,0,0,0,-1,-1
43346,PERICOLO: Ealdis,,24605,47895,0,-1,0,0,0,0,0,0,0,0,0,0,19954,136,347,0,3,37290304,0,268435456,0,0,0,-1,-1
43347,PERICOLO: Rabxach,,24608,47895,0,-1,0,0,0,0,0,0,0,0,0,0,19937,136,347,0,3,37290304,0,268435456,0,0,0,-1,-1
43426,RICERCATO: Brogozog,,24705,47901,0,-1,0,0,0,0,0,0,0,0,0,0,19737,109,347,0,3,3735872,0,268435456,0,0,0,-1,-1
43427,RICERCATO: Signore Infernale,,24702,47901,0,-1,0,0,0,0,0,0,0,0,0,0,19739,109,347,0,3,3735872,0,268435456,0,0,0,-1,-1
43428,RICERCATO: Signore della Rovina Kazrok,,24703,47901,0,-1,0,0,0,0,0,0,0,0,0,0,19738,109,347,0,3,3735872,0,268435456,0,0,0,-1,-1
43429,RICERCATO: Sifonus,,24700,47901,0,-1,0,0,0,0,0,0,0,0,0,0,19753,109,347,0,3,3735872,0,268435456,0,0,0,-1,-1
43430,RICERCATO: Capitano Volo'ren,,24704,47901,0,-1,0,0,0,0,0,0,0,0,0,0,19758,109,347,0,3,3735872,0,268435456,0,0,0,-1,-1
43431,RICERCATO: Araldo della Guerra Mox'na,,24693,47901,0,-1,0,0,0,0,0,0,0,0,0,0,19970,109,347,0,3,3735872,0,268435456,0,0,0,-1,-1
43432,RICERCATO: Normantis il Deposto,,24701,47901,0,-1,0,0,0,0,0,0,0,0,0,0,19781,109,347,0,3,3735872,0,268435456,0,0,0,-1,-1
43434,RICERCATO: Fathnyr,,24699,47897,0,-1,0,0,0,0,0,0,0,0,0,0,19792,109,347,0,3,3735872,0,268435456,0,0,0,-1,-1
43435,La battaglia continua,,24697,45616,0,-1,0,0,0,0,0,0,0,0,0,0,19973,109,335,0,3,37290240,8194,268435456,0,0,0,-1,-1
43436,RICERCATO: Glimar Pugnoferreo,,24698,47897,0,-1,0,0,0,0,0,0,0,0,0,0,19895,109,347,0,3,3735872,0,268435456,0,0,0,-1,-1
43437,RICERCATO: Thane Irglov,,24709,47897,0,-1,0,0,0,0,0,0,0,0,0,0,19900,109,347,0,3,3735872,0,268435456,0,0,0,-1,-1
43438,RICERCATO: Re Innominato,,24721,47897,0,-1,0,0,0,0,0,0,0,0,0,0,19905,109,347,0,3,3735872,0,268435456,0,0,0,-1,-1
43445,Superiorità Aerea,,24715,41856,0,-1,0,0,0,0,0,0,0,0,0,0,19974,109,335,0,3,41484544,8192,268435456,0,0,0,-1,-1
43448,Il re di ghiaccio,,24719,45690,0,-1,0,0,0,0,0,0,0,0,0,0,19975,112,347,0,3,37290304,0,268435456,0,0,0,-1,-1
43450,RICERCATO: Tiptog il Perduto,,24722,47897,0,-1,0,0,0,0,0,0,0,0,0,0,19911,109,347,0,3,3735872,0,268435456,0,0,0,-1,-1
43451,RICERCATO: Urgev lo Scuoiatore,,24724,47897,0,-1,0,0,0,0,0,0,0,0,0,0,19917,109,347,0,3,3735872,0,268435456,0,0,0,-1,-1
43452,RICERCATO: Isel il Martello,,24723,47897,0,-1,0,0,0,0,0,0,0,0,0,0,19922,109,347,0,3,3735872,0,268435456,0,0,0,-1,-1
43453,RICERCATO: Hannval il Macellaio,,24725,47897,0,-1,0,0,0,0,0,0,0,0,0,0,19927,109,347,0,3,3735872,0,268435456,0,0,0,-1,-1
43454,RICERCATO: Egyl il Coriaceo,,24726,47897,0,-1,0,0,0,0,0,0,0,0,0,0,19934,109,347,0,3,3735872,0,268435456,0,0,0,-1,-1
43455,RICERCATO: Oscurità Divorante,,25419,47899,0,-1,0,0,0,0,0,0,0,0,0,0,19800,109,347,0,3,3735872,0,268435456,0,0,0,-1,-1
43456,RICERCATO: Skul'vrax,,24727,47895,0,-1,0,0,0,0,0,0,0,0,0,0,19806,109,347,0,3,3735872,0,268435456,0,0,0,-1,-1
43457,RICERCATO: Theryssia,,24728,47895,0,-1,0,0,0,0,0,0,0,0,0,0,19811,109,347,0,3,3735872,0,268435456,0,0,0,-1,-1
43458,RICERCATO: Perrexx,,24729,47895,0,-1,0,0,0,0,0,0,0,0,0,0,19816,109,347,0,3,3735872,0,268435456,0,0,0,-1,-1
43459,RICERCATO: Thondrax,,24730,47895,0,-1,0,0,0,0,0,0,0,0,0,0,19822,109,347,0,3,3735872,0,268435456,0,0,0,-1,-1
43460,RICERCATO: Kiranys Soffiavespro,,24731,47895,0,-1,0,0,0,0,0,0,0,0,0,0,19951,109,347,0,3,3735872,0,268435456,0,0,0,-1,-1
43483,Vilannientamento,,24761,41989,0,-1,0,0,0,0,0,0,0,0,0,0,0,0,345,0,3,39387136,8192,268435456,0,0,0,-1,-1
43512,Ana-Mouz,,24785,45690,0,-1,0,0,0,0,0,0,0,0,0,0,20023,112,335,0,3,37290304,0,268435456,0,0,0,-1,-1
43513,Na'zak il Demonio,,24786,45690,0,-1,0,0,0,0,0,0,0,0,0,0,20025,112,335,0,3,37290304,0,268435456,0,0,0,-1,-1
43583,La vita trova sempre un modo,,24866,42874,0,-1,0,0,0,0,0,0,0,0,0,0,20027,109,335,0,3,41484544,0,268435456,0,0,0,-1,-1
43598,Assalto alla Torre delle Custodi: Baluardo di Falconero,,24883,143218,0,-1,0,0,0,0,0,0,0,0,0,0,18753,113,347,0,3,37290240,0,268435456,0,0,0,1309324210,-1440044374
43599,Assalto alla Torre delle Custodi: Baluardo di Falconero,,24884,143218,0,-1,0,0,0,0,0,0,0,0,0,0,18752,113,347,0,3,37290240,0,268435456,0,0,0,-1321907123,1427461461
43600,Assalto alla Torre delle Custodi: Cittadella di Soffiabrezza,,24885,143218,0,-1,0,0,0,0,0,0,0,0,0,0,18752,113,347,0,3,37290240,0,268435456,0,0,0,1309324210,-1440044374
43601,Assalto alla Torre delle Custodi: Cittadella di Soffiabrezza,,24886,143218,0,-1,0,0,0,0,0,0,0,0,0,0,18753,113,347,0,3,37290240,0,268435456,0,0,0,-1321907123,1427461461
43605,RICERCATO: Arcanista Shal'iman,,25283,47901,0,-1,0,0,0,0,0,0,0,0,0,0,19718,135,347,0,3,3735872,0,268435456,0,0,0,-1,-1
43606,RICERCATO: Arcavellus,,25282,47901,0,-1,0,0,0,0,0,0,0,0,0,0,19717,135,347,0,3,3735872,0,268435456,0,0,0,-1,-1
43607,RICERCATO: Brogozog,,25281,47901,0,-1,0,0,0,0,0,0,0,0,0,0,19710,135,347,0,3,3735872,0,268435456,0,0,0,-1,-1
43608,RICERCATO: Capitano Volo'ren,,25280,47901,0,-1,0,0,0,0,0,0,0,0,0,0,19757,135,347,0,3,3735872,0,268435456,0,0,0,-1,-1
43609,RICERCATO: Signore della Rovina Kazrok,,25279,47901,0,-1,0,0,0,0,0,0,0,0,0,0,19734,135,347,0,3,3735872,0,268435456,0,0,0,-1,-1
43610,RICERCATO: Signore Infernale,,25278,47901,0,-1,0,0,0,0,0,0,0,0,0,0,19728,135,347,0,3,3735872,0,268435456,0,0,0,-1,-1
43611,RICERCATO: Inquisitore Tivos,,25277,47901,0,-1,0,0,0,0,0,0,0,0,0,0,19716,135,347,0,3,3735872,0,268435456,0,0,0,-1,-1
43612,RICERCATO: Normantis il Deposto,,25276,47901,0,-1,0,0,0,0,0,0,0,0,0,0,19766,135,347,0,3,3735872,0,268435456,0,0,0,-1,-1
43613,RICERCATO: Sifonus,,25274,47901,0,-1,0,0,0,0,0,0,0,0,0,0,19752,135,347,0,3,3735872,0,268435456,0,0,0,-1,-1
43614,RICERCATO: Vorthax,,25275,47901,0,-1,0,0,0,0,0,0,0,0,0,0,19715,135,347,0,3,3735872,0,268435456,0,0,0,-1,-1
43615,RICERCATO: Araldo della Guerra Mox'na,,25273,47901,0,-1,0,0,0,0,0,0,0,0,0,0,19762,135,347,0,3,3735872,0,268435456,0,0,0,-1,-1
43616,RICERCATO: Bodash l'Incettatore,,25301,47899,0,-1,0,0,0,0,0,0,0,0,0,0,19944,135,347,0,3,3735872,0,268435456,0,0,0,-1,-1
43617,RICERCATO: Oscurità Divorante,,25300,47899,0,-1,0,0,0,0,0,0,0,0,0,0,19799,135,347,0,3,3735872,0,268435456,0,0,0,-1,-1
43618,RICERCATO: Gurbog il Picchiatore,,25299,47899,0,-1,0,0,0,0,0,0,0,0,0,0,19939,135,347,0,3,3735872,0,268435456,0,0,0,-1,-1
43619,RICERCATO: Shara Fiato Vile,,25298,47899,0,-1,0,0,0,0,0,0,0,0,0,0,19834,135,347,0,3,3735872,0,268435456,0,0,0,-1,-1
43620,RICERCATO: Egyl il Coriaceo,,25297,47897,0,-1,0,0,0,0,0,0,0,0,0,0,19932,135,347,0,3,3735872,0,268435456,0,0,0,-1,-1
43621,RICERCATO: Fathnyr,,25296,47897,0,-1,0,0,0,0,0,0,0,0,0,0,19791,135,347,0,3,3735872,0,268435456,0,0,0,-1,-1
43622,RICERCATO: Glimar Pugnoferreo,,25295,47897,0,-1,0,0,0,0,0,0,0,0,0,0,19894,135,347,0,3,3735872,0,268435456,0,0,0,-1,-1
43623,RICERCATO: Hannval il Macellaio,,25294,47897,0,-1,0,0,0,0,0,0,0,0,0,0,19925,135,347,0,3,3735872,0,268435456,0,0,0,-1,-1
43624,RICERCATO: Isel il Martello,,25293,47897,0,-1,0,0,0,0,0,0,0,0,0,0,19920,135,347,0,3,3735872,0,268435456,0,0,0,-1,-1
43625,RICERCATO: Re Innominato,,25292,47897,0,-1,0,0,0,0,0,0,0,0,0,0,19904,135,347,0,3,3735872,0,268435456,0,0,0,-1,-1
43626,RICERCATO: Thane Irglov,,25291,47897,0,-1,0,0,0,0,0,0,0,0,0,0,19897,135,347,0,3,3735872,0,268435456,0,0,0,-1,-1
43627,RICERCATO: Tiptog il Perduto,,25290,47897,0,-1,0,0,0,0,0,0,0,0,0,0,19909,135,347,0,3,3735872,0,268435456,0,0,0,-1,-1
43628,RICERCATO: Urgev lo Scuoiatore,,25289,47897,0,-1,0,0,0,0,0,0,0,0,0,0,19915,135,347,0,3,3735872,0,268435456,0,0,0,-1,-1
43629,RICERCATO: Kiranys Soffiavespro,,25288,47895,0,-1,0,0,0,0,0,0,0,0,0,0,19949,135,347,0,3,3735872,0,268435456,0,0,0,-1,-1
43630,RICERCATO: Perrexx,,25287,47895,0,-1,0,0,0,0,0,0,0,0,0,0,19815,135,347,0,3,3735872,0,268435456,0,0,0,-1,-1
43631,RICERCATO: Skul'vrax,,25286,47895,0,-1,0,0,0,0,0,0,0,0,0,0,19805,135,347,0,3,3735872,0,268435456,0,0,0,-1,-1
43632,RICERCATO: Theryssia,,25285,47895,0,-1,0,0,0,0,0,0,0,0,0,0,19810,135,347,0,3,3735872,0,268435456,0,0,0,-1,-1
43633,RICERCATO: Thondrax,,25284,47895,0,-1,0,0,0,0,0,0,0,0,0,0,19821,135,347,0,3,3735872,0,268435456,0,0,0,-1,-1
43637,L'Arcavia: Scarico ostruito,,24897,45060,0,-1,0,0,0,0,0,0,0,0,0,0,20040,137,335,0,3,35193088,0,268435458,0,0,0,-1,-1
43638,L'Arcavia: Serpente d'argento,,24898,45060,0,-1,0,0,0,0,0,0,0,0,0,0,20052,137,335,0,3,35193088,0,268435458,0,0,0,-1,-1
43639,L'Arcavia: L'arcanista abbattuto,,24899,45060,0,-1,0,0,0,0,0,0,0,0,0,0,20053,137,335,0,3,35193088,0,268435458,0,0,0,-1,-1
43640,L'Arcavia: Sospetti striscianti,,24900,45060,0,-1,0,0,0,0,0,0,0,0,0,0,20054,137,335,0,3,35193088,0,268435458,0,0,0,-1,-1
43641,L'Arcavia: Piaga vagante,,24901,45060,0,-1,0,0,0,0,0,0,0,0,0,0,20055,137,335,0,3,35193088,0,268435458,0,0,0,-1,-1
43642,Forte Corvonero: Il dolore e la furia,,24905,42253,0,-1,0,0,0,0,0,0,0,0,0,0,20058,137,347,0,3,35193088,0,268435458,0,0,0,-1,-1
43709,Rompere il sigillo,,25022,47895,0,-1,0,0,0,0,0,0,0,0,0,0,20105,109,347,0,3,41484544,0,268435456,0,0,0,-1,-1
43710,Rune oscure,,25049,47897,0,-1,0,0,0,0,0,0,0,0,0,0,20108,109,347,0,3,37290240,0,268435456,41694,0,0,-1,-1
43711,Forte Corvonero: ...Col fuoco!,,25045,42253,0,-1,0,0,0,0,0,0,0,0,0,0,20090,137,347,0,3,35193088,0,268435458,0,0,0,-1,-1
43712,Forte Corvonero: L'Arcanista folle,,25047,42253,0,-1,0,0,0,0,0,0,0,0,0,0,20102,137,347,0,3,35193088,0,268435458,0,0,0,-1,-1
43714,Forte Corvonero: Il peggio del peggio,,25048,42253,0,-1,0,0,0,0,0,0,0,0,0,0,20113,137,347,0,3,35193088,0,268435458,0,0,0,-1,-1
43721,Gli Helarjar sono arrivati,,25059,47897,0,-1,0,0,0,0,0,0,0,0,0,0,20116,136,347,0,3,37290240,0,268435456,41694,0,0,-1,-1
43722,Ossa sacre,,26355,47897,0,-1,0,0,0,0,0,0,0,0,0,0,20117,136,347,0,3,37290240,0,268435456,41694,0,0,-1,-1
43738,Tenebre sulle coste,,25081,47895,0,-1,0,0,0,0,0,0,0,0,0,0,20122,109,347,0,3,41484544,8192,268435456,0,0,0,-1,-1
43745,Fermare la tempesta,,25061,47897,0,-1,0,0,0,0,0,0,0,0,0,0,20123,136,347,0,3,37290240,0,268435456,41694,0,0,-1,-1
43751,"Oh, diamine!",,25093,47897,0,-1,0,0,0,0,0,0,0,0,0,0,20138,109,347,0,3,41484544,0,268435456,41694,0,0,-1321907123,1427461461
43752,"Oh, diamine!",,25131,47897,0,-1,0,0,0,0,0,0,0,0,0,0,20138,109,347,0,3,41484544,0,268435456,41694,0,0,1309324210,-1440044374
43753,Gara di faglia,,25094,47895,0,-1,0,0,0,0,0,0,0,0,0,0,20490,109,347,0,3,35193088,0,268435456,0,0,0,-1,-1
43754,Ricognizione,,25095,47894,0,-1,0,0,0,0,0,0,0,0,0,0,19877,109,347,0,3,35193088,0,268435456,0,0,0,-1,-1
43755,La magia del volo,,25096,47895,0,-1,0,0,0,0,0,0,0,0,0,0,20491,109,347,0,3,-2112290560,0,268435456,0,0,0,-1,-1
43756,Enigmatico,,25097,47895,0,-1,0,0,0,0,0,0,0,0,0,0,20492,109,347,0,3,-2110193408,0,268435456,0,0,0,-1,-1
43757,Fuoco!,,25098,47894,0,-1,0,0,0,0,0,0,0,0,0,0,19880,109,347,0,3,35193088,0,268435456,0,0,0,-1,-1
43758,Ovunque si possa gongolare,,25101,47895,0,-1,0,0,0,0,0,0,0,0,0,0,20136,109,347,0,3,41484544,8192,268435456,0,0,0,-1,-1
43759,Dov'è la scogliera?,,25102,47895,0,-1,0,0,0,0,0,0,0,0,0,0,20139,109,347,0,3,41484544,8192,268435456,0,0,0,-1,-1
43762,Forte Corvonero: La caduta del traditore,,25107,42253,0,-1,0,0,0,0,0,0,0,0,0,0,20120,137,347,0,3,35193088,0,268435458,0,0,0,-1,-1
43764,Gara di faglia,,25109,47899,0,-1,0,0,0,0,0,0,0,0,0,0,20481,109,347,0,3,35193088,0,268435456,0,0,0,-1,-1
43765,Ricognizione,,25110,47900,0,-1,0,0,0,0,0,0,0,0,0,0,19858,109,347,0,3,35193088,0,268435456,0,0,0,-1,-1
43766,La magia del volo,,25111,47899,0,-1,0,0,0,0,0,0,0,0,0,0,20482,109,347,0,3,-2112290560,0,268435456,0,0,0,-1,-1
43767,Enigmatico,,25112,48385,0,-1,0,0,0,0,0,0,0,0,0,0,20483,109,347,0,3,-2110193408,0,268435456,0,0,0,-1,-1
43768,Fuoco!,,25113,47900,0,-1,0,0,0,0,0,0,0,0,0,0,19862,109,347,0,3,35193088,0,268435456,0,0,0,-1,-1
43769,Gara di faglia,,25114,47897,0,-1,0,0,0,0,0,0,0,0,0,0,20484,109,347,0,3,35193088,0,268435456,0,0,0,-1,-1
43770,Ricognizione,,25115,47898,0,-1,0,0,0,0,0,0,0,0,0,0,19865,109,347,0,3,35193088,0,268435456,0,0,0,-1,-1
43771,La magia del volo,,25116,48386,0,-1,0,0,0,0,0,0,0,0,0,0,20485,109,347,0,3,-2112290560,0,268435456,0,0,0,-1,-1
43772,Enigmatico,,25117,47897,0,-1,0,0,0,0,0,0,0,0,0,0,20486,109,347,0,3,-2110193408,0,268435456,0,0,0,-1,-1
43773,Fuoco!,,25118,47898,0,-1,0,0,0,0,0,0,0,0,0,0,19868,109,347,0,3,35193088,0,268435456,0,0,0,-1,-1
43774,Gara di faglia,,25120,38948,0,-1,0,0,0,0,0,0,0,0,0,0,20487,109,335,0,3,35193088,0,268435456,0,0,0,-1,-1
43776,Ricognizione,,25121,42886,0,-1,0,0,0,0,0,0,0,0,0,0,19871,109,335,0,3,35193088,0,268435456,0,0,0,-1,-1
43777,La magia del volo,,25122,38948,0,-1,0,0,0,0,0,0,0,0,0,0,20488,109,335,0,3,-2112290560,0,268435456,0,0,0,-1,-1
43778,Enigmatico,,25123,38948,0,-1,0,0,0,0,0,0,0,0,0,0,20489,109,335,0,3,-2110193408,0,268435456,0,0,0,-1,-1
43784,Che incubo!,,25127,47895,0,-1,0,0,0,0,0,0,0,0,0,0,20153,109,347,0,3,41484544,0,268435456,0,0,0,-1,-1
43786,Nidi di pesti,,25149,47897,0,-1,0,0,0,0,0,0,0,0,0,0,20159,109,347,0,3,37290240,0,268435456,41694,0,0,-1,-1
43798,PERICOLO: Kosumoth il Famelico,,25156,42706,0,-1,0,0,0,0,0,0,0,0,0,0,20161,136,347,0,3,37290304,0,268435456,0,0,0,-1,-1
43801,Ripagare col dolore,,25163,47901,0,-1,0,0,0,0,0,0,0,0,0,0,20162,136,347,0,3,37290240,0,268435456,41694,0,0,-1,-1
43802,Tombe acquose,,25164,47901,0,-1,0,0,0,0,0,0,0,0,0,0,20163,136,347,0,3,37290240,0,268435456,41694,0,0,-1,-1
43803,Un gigantesco problema di Murloc,,25165,47901,0,-1,0,0,0,0,0,0,0,0,0,0,20164,136,347,0,3,37290240,0,268435456,41694,0,0,-1,-1
43804,Odiare gli Spiraostile,,25167,47901,0,-1,0,0,0,0,0,0,0,0,0,0,20165,136,347,0,3,37290240,0,268435456,41694,0,0,-1,-1
43805,Assassinio acquatico,,25168,47901,0,-1,0,0,0,0,0,0,0,0,0,0,20166,136,347,0,3,37290240,0,268435456,41694,0,0,-1,-1
43807,Domare gli Avvizziti: Valambrata,,25171,44105,0,-1,0,0,0,0,0,0,0,0,0,0,20167,109,335,0,3,37290240,8192,268435456,0,0,0,-1,-1
43814,Collaboratori indicibili,,25180,42728,0,-1,0,0,0,0,0,0,0,0,0,0,20171,136,335,0,3,36765960,0,268435456,0,0,0,-1,-1
43827,Tempestare i portali,,25190,42766,0,-1,0,0,0,0,0,0,0,0,0,129161,20177,109,347,0,3,41615616,8192,268435456,41694,0,0,-1,-1
43930,Campi di Tel'anor,,25264,45617,0,-1,0,0,0,0,0,0,0,0,0,0,20205,109,335,0,3,37290240,0,268435456,0,0,0,-1,-1
43932,"Aiuto, aiuto, ci stanno opprimendo!",,25302,41006,0,-1,0,0,0,0,0,0,0,0,0,0,20207,135,335,0,3,37290240,0,268435456,0,0,0,-1,-1
43942,Manufatto Logoro,,25304,132203,0,-1,0,0,0,0,0,0,0,0,0,140249,0,0,331,0,2,33554432,0,268435968,0,0,0,-1,-1
43943,Addestramento dell'armata degli Avvizziti,,25306,44828,0,-1,0,0,0,0,0,0,0,0,0,0,20222,109,335,0,3,34144576,0,268435456,44636,0,0,-1,-1
43951,Un debito in scadenza,,25318,47897,0,-1,0,0,0,0,0,0,0,0,0,0,20226,109,347,0,3,37290240,0,268435456,41694,0,0,-1,-1
43959,Ricattare Stelleris,,25328,42728,0,-1,0,0,0,0,0,0,0,0,0,0,20228,136,335,0,3,37290240,0,268435456,0,0,0,-1,-1
43963,Vampirati!,,25337,47897,0,-1,0,0,0,0,0,0,0,0,0,0,20233,109,347,0,3,37290240,0,268435456,41694,0,0,-1,-1
43964,Un banchetto per lo Jarl,,25393,42474,0,-1,0,0,0,0,0,0,0,0,0,0,18956,109,347,0,3,37290240,0,268435456,41694,0,0,-1,-1
43985,Un'oscura marea,,25377,45690,0,-1,0,0,0,0,0,0,0,0,0,0,20267,112,347,0,3,37290304,0,268435456,0,0,0,-1,-1
44002,Rilevamento sottomarino,,25389,41005,0,-1,0,0,0,0,0,0,0,0,0,0,20298,109,335,0,3,37290240,0,268435456,0,0,0,-1,-1
44010,RICERCATO: Oreth il Vile,,25405,38948,0,-1,0,0,0,0,0,0,0,0,0,0,20260,109,335,0,3,3735872,0,268435456,0,0,0,-1,-1
44011,Fuoco Fatuo Perduto,,25404,47895,0,-1,0,0,0,0,0,0,0,0,0,0,20349,109,347,0,3,41484544,8192,268435456,0,0,0,-1,-1
44012,RICERCATO: Maestro d'Assedio Aedrin,,25406,38948,0,-1,0,0,0,0,0,0,0,0,0,0,20266,109,335,0,3,3735872,0,268435456,0,0,0,-1,-1
44013,RICERCATO: Guardiano Thor'el,,25407,38948,0,-1,0,0,0,0,0,0,0,0,0,0,20272,109,335,0,3,3735872,0,268435456,0,0,0,-1,-1
44015,RICERCATO: Mal'dreth il Corruttore,,25412,38948,0,-1,0,0,0,0,0,0,0,0,0,0,20277,109,335,0,3,3735872,0,268435456,0,0,0,-1,-1
44016,RICERCATO: Cadraeus,,25418,38948,0,-1,0,0,0,0,0,0,0,0,0,0,20282,109,335,0,3,3735872,0,268435456,0,0,0,-1,-1
44017,RICERCATO: Speziale Faldren,,25414,38948,0,-1,0,0,0,0,0,0,0,0,0,0,20287,109,335,0,3,3735872,0,268435456,0,0,0,-1,-1
44018,RICERCATO: Magistro Phaedris,,25415,38948,0,-1,0,0,0,0,0,0,0,0,0,0,20292,109,335,0,3,3735872,0,268435456,0,0,0,-1,-1
44019,RICERCATO: Tenente Strathmar,,25416,38948,0,-1,0,0,0,0,0,0,0,0,0,0,20297,109,335,0,3,3735872,0,268435456,0,0,0,-1,-1
44021,RICERCATO: Hertha Grimdottir,,25413,38948,0,-1,0,0,0,0,0,0,0,0,0,0,20303,109,335,0,3,3735872,0,268435456,0,0,0,-1,-1
44022,RICERCATO: Shal'an,,25417,38948,0,-1,0,0,0,0,0,0,0,0,0,0,20322,109,335,0,3,3735872,0,268435456,0,0,0,-1,-1
44023,RICERCATO: Maestro d'Assedio Aedrin,,25421,38948,0,-1,0,0,0,0,0,0,0,0,0,0,20262,135,335,0,3,3735872,0,268435456,0,0,0,-1,-1
44024,RICERCATO: Shal'an,,25422,38948,0,-1,0,0,0,0,0,0,0,0,0,0,20320,135,335,0,3,3735872,0,268435456,0,0,0,-1,-1
44025,RICERCATO: Oreth il Vile,,25423,38948,0,-1,0,0,0,0,0,0,0,0,0,0,20259,135,335,0,3,3735872,0,268435456,0,0,0,-1,-1
44026,RICERCATO: Mal'dreth il Corruttore,,25424,38948,0,-1,0,0,0,0,0,0,0,0,0,0,20276,135,335,0,3,3735872,0,268435456,0,0,0,-1,-1
44027,RICERCATO: Magistro Phaedris,,25425,38948,0,-1,0,0,0,0,0,0,0,0,0,0,20291,135,335,0,3,3735872,0,268435456,0,0,0,-1,-1
44028,RICERCATO: Tenente Strathmar,,25426,38948,0,-1,0,0,0,0,0,0,0,0,0,0,20296,135,335,0,3,3735872,0,268435456,0,0,0,-1,-1
44029,RICERCATO: Hertha Grimdottir,,25427,38948,0,-1,0,0,0,0,0,0,0,0,0,0,20302,135,335,0,3,3735872,0,268435456,0,0,0,-1,-1
44030,RICERCATO: Guardiano Thor'el,,25428,38948,0,-1,0,0,0,0,0,0,0,0,0,0,20268,135,335,0,3,3735872,0,268435456,0,0,0,-1,-1
44031,RICERCATO: Cadraeus,,25429,38948,0,-1,0,0,0,0,0,0,0,0,0,0,20281,135,335,0,3,3735872,0,268435456,0,0,0,-1,-1
44032,RICERCATO: Speziale Faldren,,25430,38948,0,-1,0,0,0,0,0,0,0,0,0,0,20286,135,335,0,3,3735872,0,268435456,0,0,0,-1,-1
44033,Lo schiaccianoci,,25436,47895,0,-1,0,0,0,0,0,0,0,0,0,0,20357,109,347,0,3,41484544,0,268435456,0,0,0,-1,-1
44044,Esperimento fallito,,25458,47901,0,-1,0,0,0,0,0,0,0,0,0,0,20363,136,347,0,3,37290240,0,268435456,0,0,0,-1,-1
44048,Teorie nagazioniste,,25465,47901,0,-1,0,0,0,0,0,0,0,0,0,0,20365,136,347,0,3,37290240,0,268435456,0,0,0,-1,-1
44049,Il male ha molte forme,,25466,47901,0,-1,0,0,0,0,0,0,0,0,0,0,20366,136,347,0,3,37290240,0,268435456,0,0,0,-1,-1
44050,I Vilfedeli devono cadere,,25471,47901,0,-1,0,0,0,0,0,0,0,0,0,0,20367,136,347,0,3,37290240,0,268435456,0,0,0,-1,-1
44054,Demonicidio,,25475,47901,0,-1,0,0,0,0,0,0,0,0,0,0,20368,136,347,0,3,37290240,0,268435456,0,0,0,-1,-1
44067,Consolidare il potere,,25493,42728,0,-1,0,0,0,0,0,0,0,0,0,141253,20376,136,335,0,3,37421312,0,268435456,0,0,0,-1,-1
44113,PERICOLO: Achronos,,25544,38948,0,-1,0,0,0,0,0,0,0,0,0,0,20421,136,335,0,3,37290304,0,268435456,0,0,0,-1,-1
44114,PERICOLO: Magistra Vilessa,,25545,38948,0,-1,0,0,0,0,0,0,0,0,0,0,20422,136,335,0,3,37290304,0,268435456,0,0,0,-1,-1
44118,PERICOLO: Assistente Esiel,,25550,38948,0,-1,0,0,0,0,0,0,0,0,0,0,20425,136,335,0,3,37290304,0,268435456,0,0,0,-1,-1
44119,"PERICOLO: Volshax, lo Spezzavolontà",,25551,38948,0,-1,0,0,0,0,0,0,0,0,0,0,20426,136,335,0,3,37290304,0,268435456,0,0,0,-1,-1
44121,PERICOLO: Az'jatar,,25553,38948,0,-1,0,0,0,0,0,0,0,0,0,0,20428,136,335,0,3,3735872,0,268435456,0,0,0,-1,-1
44122,PERICOLO: Sorallus,,25554,38948,0,-1,0,0,0,0,0,0,0,0,0,0,20430,136,335,0,3,3735872,0,268435456,0,0,0,-1,-1
44157,Domare gli Avvizziti: Tel'anor,,25589,44105,0,-1,0,0,0,0,0,0,0,0,0,0,20439,109,335,0,3,37290240,8192,268435456,0,0,0,-1,-1
44158,Domare gli Avvizziti: Falanaar,,25590,44105,0,-1,0,0,0,0,0,0,0,0,0,0,20440,109,335,0,3,37290240,8192,268435456,0,0,0,-1,-1
44185,RICERCATO: Sanaar,,25617,38948,0,-1,0,0,0,0,0,0,0,0,0,0,20476,135,335,0,3,3735872,0,268435456,0,0,0,-1,-1
44186,RICERCATO: Madre della Stirpe Shu'malis,,25618,38948,0,-1,0,0,0,0,0,0,0,0,0,0,20468,135,335,0,3,3735872,0,268435456,0,0,0,-1,-1
44187,PERICOLO: Cinerala,,25621,47901,0,-1,0,0,0,0,0,0,0,0,0,0,20504,136,347,0,3,37290304,0,268435456,0,0,0,-1,-1
44189,PERICOLO: Bestrix,,25622,47901,0,-1,0,0,0,0,0,0,0,0,0,0,20503,136,347,0,3,37290304,0,268435456,0,0,0,-1,-1
44190,PERICOLO: Jade Lidoscuro,,25623,47901,0,-1,0,0,0,0,0,0,0,0,0,0,20505,136,347,0,3,37290304,0,268435456,0,0,0,-1,-1
44191,PERICOLO: Karthax,,25624,47901,0,-1,0,0,0,0,0,0,0,0,0,0,20506,136,347,0,3,37290304,0,268435456,0,0,0,-1,-1
44192,PERICOLO: Lysanis Animombrosa,,25625,47901,0,-1,0,0,0,0,0,0,0,0,0,0,20507,136,347,0,3,37290304,0,268435456,0,0,0,-1,-1
44193,PERICOLO: Re del Mare Tidross,,25626,47901,0,-1,0,0,0,0,0,0,0,0,0,0,20508,136,347,0,3,37290304,0,268435456,0,0,0,-1,-1
44194,PERICOLO: Torrentius,,25627,47901,0,-1,0,0,0,0,0,0,0,0,0,0,20509,136,347,0,3,37290304,0,268435456,0,0,0,-1,-1
44287,LETALE: J'im l'Avvizzito,,25801,45690,0,-1,0,0,0,0,0,0,0,0,0,0,20358,112,347,0,3,37290304,0,268435456,0,0,0,-1,-1
44289,RICERCATO: Arru,,25806,47899,0,-1,0,0,0,0,0,0,0,0,0,0,20554,135,347,0,3,3735872,0,268435456,0,0,0,-1,-1
44290,RICERCATO: Mazzirsuta,,25807,47899,0,-1,0,0,0,0,0,0,0,0,0,0,20570,135,347,0,3,3735872,0,268435456,0,0,0,-1,-1
44291,RICERCATO: Crawshuk l'Affamato,,25808,47899,0,-1,0,0,0,0,0,0,0,0,0,0,20575,135,347,0,3,3735872,0,268435456,0,0,0,-1,-1
44292,RICERCATO: Grancorno Maestoso,,25809,47899,0,-1,0,0,0,0,0,0,0,0,0,0,20551,135,347,0,3,3735872,0,268435456,0,0,0,-1,-1
44293,RICERCATO: Dormigliorso,,25810,47899,0,-1,0,0,0,0,0,0,0,0,0,0,20545,135,347,0,3,3735872,0,268435456,0,0,0,-1,-1
44294,RICERCATO: Sekhan,,25811,47899,0,-1,0,0,0,0,0,0,0,0,0,0,20548,135,347,0,3,3735872,0,268435456,0,0,0,-1,-1
44298,RICERCATO: Malbrago,,25815,47895,0,-1,0,0,0,0,0,0,0,0,0,0,20582,109,347,0,3,3735872,0,268435456,0,0,0,-1,-1
44299,RICERCATO: Ombranera,,25816,47895,0,-1,0,0,0,0,0,0,0,0,0,0,20588,109,347,0,3,3735872,0,268435456,0,0,0,-1,-1
44300,RICERCATO: Seersei,,25817,47895,0,-1,0,0,0,0,0,0,0,0,0,0,20593,109,347,0,3,3735872,0,268435456,0,0,0,-1,-1
44301,RICERCATO: Bahagar,,25818,47895,0,-1,0,0,0,0,0,0,0,0,0,0,20602,109,347,0,3,3735872,0,268435456,0,0,0,-1,-1
44302,RICERCATO: Seersei,,25819,47895,0,-1,0,0,0,0,0,0,0,0,0,0,20592,135,347,0,3,3735872,0,268435456,0,0,0,-1,-1
44303,RICERCATO: Malbrago,,25820,47895,0,-1,0,0,0,0,0,0,0,0,0,0,20581,135,347,0,3,3735872,0,268435456,0,0,0,-1,-1
44304,RICERCATO: Ombranera,,25821,47895,0,-1,0,0,0,0,0,0,0,0,0,0,20587,135,347,0,3,3735872,0,268435456,0,0,0,-1,-1
44305,RICERCATO: Bahagar,,25822,47895,0,-1,0,0,0,0,0,0,0,0,0,0,20601,135,347,0,3,3735872,0,268435456,0,0,0,-1,-1
44494,Stirpe di Alexstrasza,,26056,44612,0,-1,0,0,0,0,0,0,0,0,0,0,0,0,345,0,3,38338560,8192,268435456,0,0,0,-1,-1
44570,Onora il Falò,Onora il Falò di Mezza Estate alle Guglie di Arakk.,26108,9484,0,-1,0,0,0,0,0,0,0,0,0,0,0,0,394,0,2,2097152,0,268435968,0,0,0,-1,-1
44571,Onora il Falò,Onora il Falò di Mezza Estate a Talador.,26109,9484,0,-1,0,0,0,0,0,0,0,0,0,0,0,0,394,0,2,2097152,0,268435968,0,0,0,-1,-1
44572,Onora il Falò,Onora il Falò di Mezza Estate a Nagrand.,26110,9484,0,-1,0,0,0,0,0,0,0,0,0,0,0,0,394,0,2,2097152,0,268435968,0,0,0,-1,-1
44573,Onora il Falò,Onora il Falò di Mezza Estate a Gorgrond.,26111,9484,0,-1,0,0,0,0,0,0,0,0,0,0,0,0,394,0,2,2097152,0,268435968,0,0,0,-1,-1
44574,Onora il Falò,Onora il Falò di Mezza Estate ad Azsuna.,26112,9484,0,-1,0,0,0,0,0,0,0,0,0,0,0,0,394,0,2,2097152,0,268435968,0,0,0,-1,-1
44575,Onora il Falò,Onora il Falò di Mezza Estate a Val'sharah.,26113,9484,0,-1,0,0,0,0,0,0,0,0,0,0,0,0,394,0,2,2097152,0,268435968,0,0,0,-1,-1
44576,Onora il Falò,Onora il Falò di Mezza Estate ad Alto Monte.,26114,9484,0,-1,0,0,0,0,0,0,0,0,0,0,0,0,394,0,2,2097152,0,268435968,0,0,0,-1,-1
44577,Onora il Falò,Onora il Falò di Mezza Estate a Stromheim.,26115,9484,0,-1,0,0,0,0,0,0,0,0,0,0,0,0,394,0,2,2097152,0,268435968,0,0,0,-1,-1
44578,Onora il Falò,Onora il Falò di Mezza Estate a Suramar.,26116,9484,0,-1,0,0,0,0,0,0,0,0,0,0,0,0,394,0,2,2097152,0,268435968,0,0,0,-1,-1
44579,Onora il Falò,,26117,9484,0,-1,0,0,0,0,0,0,0,0,0,0,0,0,394,0,0,0,0,512,0,0,0,-1321907123,1427461461
44580,Onora il Falò,,26118,9484,0,-1,0,0,0,0,0,0,0,0,0,0,0,0,394,0,0,0,0,512,0,0,0,1309324210,-1440044374
44582,Dissacra questo Falò!,,26120,9484,0,-1,0,0,0,0,0,0,0,0,0,0,0,0,394,0,0,0,0,512,0,0,0,1309324210,-1440044374
44583,Dissacra questo Falò!,,26119,9484,0,-1,0,0,0,0,0,0,0,0,0,0,0,0,394,0,0,0,0,512,0,0,0,-1321907123,1427461461
44613,Onora il Falò,,26146,9484,0,-1,0,0,0,0,0,0,0,0,0,0,0,0,394,0,0,0,0,512,0,0,0,-1321907123,1427461461
44614,Onora il Falò,,26147,9484,0,-1,0,0,0,0,0,0,0,0,0,0,0,0,394,0,0,0,0,512,0,0,0,1309324210,-1440044374
44624,Dissacra questo Falò!,,26159,9484,0,-1,0,0,0,0,0,0,0,0,0,0,0,0,394,0,0,0,0,512,0,0,0,1309324210,-1440044374
44627,Dissacra questo Falò!,,26160,9484,0,-1,0,0,0,0,0,0,0,0,0,0,0,0,394,0,0,0,0,512,0,0,0,-1321907123,1427461461
44730,Sogni infranti,,26249,49404,0,-1,0,0,0,0,0,0,0,0,0,0,20852,139,332,0,3,37290752,0,268435456,0,0,0,-1,-1
44737,Approdo degli Helarjar: Scogli Grigi,,26256,47903,0,-1,0,0,0,0,0,0,0,0,0,0,20860,135,347,0,3,37290240,0,268435456,0,0,0,-1,-1
44744,Ancora di salvezza,,26263,45705,0,-1,0,0,0,0,0,0,0,0,0,0,20870,135,335,0,3,37290240,0,268435456,0,0,0,-1,-1
44746,Approdo degli Helarjar: Costa delle Rocce Perdute,,26264,47902,0,-1,0,0,0,0,0,0,0,0,0,0,20875,135,347,0,3,37290240,0,268435456,0,0,0,-1,-1
44748,Terrori alati,,26266,47404,0,-1,0,0,0,0,0,0,0,0,0,0,21750,109,336,0,3,37290240,0,268435456,0,0,0,-1,-1
44751,Nessun soldato abbandonato,,26268,47404,0,-1,0,0,0,0,0,0,0,0,0,0,21463,109,336,0,3,37290240,8192,268435456,0,0,0,-1,-1
44759,La valle del terrore,,26276,49404,0,-1,0,0,0,0,0,0,0,0,0,0,20890,139,332,0,3,37290752,8192,268435456,0,0,0,-1,-1
44765,Gara di Pesca a Rovotorto,,26280,34333,0,-1,0,0,0,0,0,356,1,0,0,0,21650,130,391,0,3,524608,0,268435456,0,0,0,-1,-1
44769,Armare il popolo,,26284,45705,0,-1,0,0,0,0,0,0,0,0,0,0,20906,135,335,0,3,37421312,0,268435456,0,0,0,-1,-1
44776,Sentirsi abbattuti,,26291,47899,0,-1,0,0,0,0,0,0,0,0,0,0,20909,109,347,0,3,37290240,0,268435456,0,0,0,-1,-1
44780,Contraccolpo,,26296,46746,0,-1,0,0,0,0,0,0,0,0,0,0,20910,135,335,0,3,37290240,0,268435456,0,0,0,-1,-1
44784,Corso di bacchette avanzato,,26302,45821,0,-1,0,0,0,0,0,0,0,0,0,0,20911,109,347,0,3,38338816,8192,268435456,0,0,0,-1,-1
44786,Esame: Attitudine alle rune,,26304,45824,0,-1,0,0,0,0,0,0,0,0,0,0,20912,109,347,0,3,38338816,8192,268435456,0,0,0,-1,-1
44788,Studio: Bestiari di Azsuna,,26322,45825,0,-1,0,0,0,0,0,0,0,0,0,0,20913,109,347,0,3,38338816,8192,268435456,0,0,0,-1,-1
44799,Custodire in sicurezza,,26308,45705,0,-1,0,0,0,0,0,0,0,0,0,0,20919,135,335,0,3,37290240,0,268435456,0,0,0,-1,-1
44801,Difendere Shal'aran,,26309,45705,0,-1,0,0,0,0,0,0,0,0,0,0,20920,135,335,0,3,37290240,0,268435456,0,0,0,-1,-1
44802,Una guida antica,,26512,45705,0,-1,0,0,0,0,0,0,0,0,0,0,20921,135,335,0,3,37290240,0,268435456,0,0,0,-1,-1
44805,Nel bel mezzo,,26314,45840,0,-1,0,0,0,0,0,0,0,0,0,0,20923,135,335,0,3,37290240,0,268435456,0,0,0,-1,-1
44811,Rinforzi in arrivo,,26315,45840,0,-1,0,0,0,0,0,0,0,0,0,0,20924,135,335,0,3,37290240,0,268435456,0,0,0,-1,-1
44812,Quasi a secco,,26316,45840,0,-1,0,0,0,0,0,0,0,0,0,0,20925,135,335,0,3,37290240,0,268435456,0,0,0,-1,-1
44813,Interferire con le linee di faglia,,26317,45705,0,-1,0,0,0,0,0,0,0,0,0,142446,20926,135,335,0,3,37290240,0,268435456,0,0,0,-1,-1
44815,Cortigiani fastidiosi,,26318,45705,0,-1,0,0,0,0,0,0,0,0,0,142401,20927,136,335,0,3,37290240,0,268435456,0,0,0,-1,-1
44816,Esposizione costante,,26320,50838,0,-1,0,0,0,0,0,0,0,0,0,142509,20928,135,335,0,3,37290240,8192,268435456,0,0,0,-1,-1
44817,Provocare lo sciame,,26321,45705,0,-1,0,0,0,0,0,0,0,0,0,0,20930,135,335,0,3,3735808,0,268435456,0,0,0,-1,-1
44823,Impresa di pulizie di Totem del Fulmine,,26324,5703,0,-1,0,0,0,0,0,0,0,0,0,0,20932,109,347,0,3,38338816,8192,268435456,0,0,0,-1,-1
44846,Liberare la via,,26553,47602,0,4093,0,0,0,0,0,0,0,0,0,0,21313,135,336,0,3,37290240,0,268435456,0,0,0,-1,-1
44847,Dritto dalla fonte,,26346,47901,0,-1,0,0,0,0,0,0,0,0,0,0,20939,109,347,0,3,41484544,8192,268435456,37860,0,0,-1,-1
44856,Abbassare la cresta,,26351,142529,0,-1,0,0,0,0,0,0,0,0,0,0,21101,109,335,0,3,38338816,8192,268435456,41197,0,0,-1,-1
44857,"Non qui, non ora, non per sempre",,26352,142529,0,-1,0,0,0,0,0,0,0,0,0,0,21028,109,335,0,3,41615616,8192,268435456,41464,0,0,-1,-1
44867,Contenere l'avanzata,,26367,45705,0,-1,0,0,0,0,0,0,0,0,0,0,20950,135,335,0,3,37290240,0,268435456,0,0,0,-1,-1
44884,A difesa della Baia di Smeraldo,,26383,49404,0,-1,0,0,0,0,0,0,0,0,0,0,20959,139,332,0,3,37290752,8192,268435456,0,0,0,-1,-1
44892,Stormi di Piumanevosa!,,26392,47899,0,-1,0,0,0,0,0,0,0,0,0,0,20964,135,347,0,3,41484544,8192,268435456,41694,0,0,-1,-1
44893,Stormi di Beccotruce!,,26395,47897,0,-1,0,0,0,0,0,0,0,0,0,0,20966,135,347,0,3,41484544,8192,268435456,41694,0,0,-1,-1
44894,Stormi di Scrutasangue!,,26394,47901,0,-1,0,0,0,0,0,0,0,0,0,0,20965,135,347,0,3,41484544,8192,268435456,41694,0,0,-1,-1
44895,Branchi di Grinfiartiglio!,,26393,47895,0,-1,0,0,0,0,0,0,0,0,0,0,20967,135,347,0,3,41484544,8192,268435456,0,0,0,-1,-1
44923,Approdo degli Helarjar: Vrekt,,26417,45693,0,-1,0,0,0,0,0,0,0,0,0,0,20988,135,347,0,3,37290240,0,268435456,0,0,0,-1,-1
44932,Rocca della Notte: Un Ettin alla porta,,26426,46053,0,-1,0,0,0,0,0,0,0,0,0,0,20992,141,335,0,3,35193152,0,268435458,0,0,0,-1,-1
44933,Rocca della Notte: Ululati nella notte,,26427,46053,0,-1,0,0,0,0,0,0,0,0,0,0,20994,141,335,0,3,35193152,0,268435458,0,0,0,-1,-1
44934,Rocca della Notte: Creature Striscianti,,26428,46053,0,-1,0,0,0,0,0,0,0,0,0,0,20995,141,335,0,3,35193152,0,268435458,0,0,0,-1,-1
44935,Rocca della Notte: Guardiano Dorato,,26429,46053,0,-1,0,0,0,0,0,0,0,0,0,0,20996,141,335,0,3,35193152,0,268435458,0,0,0,-1,-1
44936,Rocca della Notte: Rotte di rifornimento,,26430,46053,0,-1,0,0,0,0,0,0,0,0,0,0,20997,141,335,0,3,35193152,0,268435458,0,0,0,-1,-1
44937,Rocca della Notte: Potenza Concentrata,,26431,46053,0,-1,0,0,0,0,0,0,0,0,0,0,20998,141,335,0,3,35193152,0,268435458,0,0,0,-1,-1
44938,Rocca della Notte: Buffetto affettuoso,,26433,46053,0,-1,0,0,0,0,0,0,0,0,0,0,20999,141,335,0,3,35193152,0,268435458,0,0,0,-1,-1
44939,Rocca della Notte: Semi della Distruzione,,26432,46053,0,-1,0,0,0,0,0,0,0,0,0,0,21000,141,335,0,3,35193152,0,268435458,0,0,0,-1,-1
44942,Venti tra le piume,,26683,47897,0,-1,0,0,0,0,0,0,0,0,0,0,21041,109,347,0,3,38338816,8192,268435456,42447,0,0,-1,-1
44943,Ma che roba!,,26435,47897,0,-1,0,0,0,0,0,0,0,0,0,0,21029,109,347,0,3,41484544,8192,268435456,0,0,0,-1,-1
45032,Come il Vento,,26515,42886,0,-1,0,0,0,0,0,0,0,0,0,0,21002,109,335,0,3,-2112290560,0,268435456,0,0,0,-1,-1
45035,Richiamo della battaglia,,26517,47404,0,-1,0,0,0,0,0,0,0,0,0,0,21762,109,336,0,3,34144512,8192,268435456,0,0,0,-1,-1
45046,Come il Vento,,26526,47904,0,-1,0,0,0,0,0,0,0,0,0,0,21014,109,347,0,3,-2112290560,0,268435456,0,0,0,-1,-1
45047,Come il Vento,,26527,47894,0,-1,0,0,0,0,0,0,0,0,0,0,21015,109,347,0,3,-2112290560,0,268435456,0,0,0,-1,-1
45048,Come il Vento,,26528,47900,0,-1,0,0,0,0,0,0,0,0,0,0,21016,109,347,0,3,-2112290560,0,268435456,0,0,0,-1,-1
45049,Come il Vento,,26529,38948,0,-1,0,0,0,0,0,0,0,0,0,0,21017,109,347,0,3,-2112290560,0,268435456,0,0,0,-1,-1
45058,La liberazione delle Custodi,,26535,49401,0,-1,0,0,0,0,0,0,0,0,0,0,21019,139,331,0,3,37290752,0,268435456,0,0,0,-1,-1
45068,Barilate di divertimento,,26543,38948,0,-1,0,0,0,0,0,0,0,0,0,0,21022,109,335,0,3,-2110193408,0,268435456,0,0,0,-1,-1
45069,Barilate di divertimento,,26544,47901,0,-1,0,0,0,0,0,0,0,0,0,0,21023,109,347,0,3,-2110193408,0,268435456,0,0,0,-1,-1
45070,Barilate di divertimento,,26545,48388,0,-1,0,0,0,0,0,0,0,0,0,0,21024,109,347,0,3,-2110193408,0,268435456,0,0,0,-1,-1
45071,Barilate di divertimento,,26546,47900,0,-1,0,0,0,0,0,0,0,0,0,0,21025,109,347,0,3,-2110193408,0,268435456,0,0,0,-1,-1
45072,Barilate di divertimento,,26547,47898,0,-1,0,0,0,0,0,0,0,0,0,0,21026,109,347,0,3,-2110193408,0,268435456,0,0,0,-1,-1
45134,I Mietitori d'Anime,,26580,49401,0,-1,0,0,0,0,0,0,0,0,0,0,21040,139,331,0,3,41485056,8192,268435456,0,0,0,-1,-1
45178,Contenimento del contagio,,26627,47602,0,4079,0,0,0,0,0,0,0,0,0,0,21804,135,336,0,3,37290240,0,268435456,0,0,0,-1,-1
45203,Battaglia per le rovine,,26647,49401,0,-1,0,0,0,0,0,0,0,0,0,0,21054,139,331,0,3,41485056,8192,268435456,0,0,0,-1,-1
45307,Artigli allarmanti!,,26741,142529,0,-1,0,0,0,0,0,0,0,0,0,0,21093,109,335,0,3,41484544,8192,268435456,40230,0,0,-1,-1
45358,Contenimento del contagio,,26795,47602,0,16,0,0,0,0,0,0,0,0,0,0,21804,135,336,0,3,37290240,0,268435456,46034,0,0,-1,-1
45379,Mastro Tesoriere Iks'reeged,,26801,47404,0,-1,0,0,0,0,0,0,0,0,0,0,22420,135,336,0,3,41484608,8192,268435456,46666,0,0,-1,-1
45390,Anime dei Vrykul,,26807,49403,0,-1,0,0,0,0,0,0,0,0,0,0,21108,139,334,0,3,7930624,8194,268435456,0,0,0,-1,-1
45439,Invasione di... Murloc?,,26848,49403,0,-1,0,0,0,0,0,0,0,0,0,0,21135,139,334,0,3,7930624,8192,268435456,0,0,0,-1,-1
45472,Uova di Kraken,,26872,47404,0,-1,0,0,0,0,0,0,0,0,0,0,21351,109,336,0,3,41484544,8192,268435456,0,0,0,-1,-1
45473,Un problema gigante,,26873,47404,0,-1,0,0,0,0,0,0,0,0,0,0,21379,109,336,0,3,37290240,0,268435456,0,0,0,-1,-1
45520,Dietro i portali nemici,,26918,47404,0,-1,0,0,0,0,0,0,0,0,0,0,21177,109,336,0,3,37290240,0,268435456,0,0,0,-1,-1
45531,Vile inquietante,,26929,47602,0,16,0,0,0,0,0,0,0,0,0,0,21268,135,336,0,3,37290240,8192,268435456,0,0,0,-1,-1
45541,Come ti piace?,,26937,47602,0,256,0,0,0,0,0,0,0,0,0,0,21196,135,336,0,3,37290240,8192,268435456,0,0,0,-1,-1
45542,Dietro i portali nemici,,26954,47404,0,-1,0,0,0,0,0,0,0,0,0,0,21210,109,336,0,3,37290240,0,268435456,0,0,0,-1,-1
45549,Purificare la corruzione,,26943,47602,0,4,0,0,0,0,0,0,0,0,0,0,21809,135,336,0,3,37290240,0,268435456,46048,0,0,-1,-1
45550,Purificare la corruzione,,26944,47602,0,4091,0,0,0,0,0,0,0,0,0,0,21809,135,336,0,3,37290240,0,268435456,0,0,0,-1,-1
45559,Dietro i portali nemici,,26953,47404,0,-1,0,0,0,0,0,0,0,0,0,0,21218,109,336,0,3,37290240,0,268435456,0,0,0,-1,-1
45626,Tempo di bombe!,,27010,47602,0,3967,0,0,0,0,0,0,0,0,0,0,21249,135,336,0,3,37290240,0,268435456,0,0,0,-1,-1
45651,Rovine di Ahn'qiraj: Ossirian,,27512,47095,0,-1,0,0,0,0,0,0,0,0,0,0,21274,137,183,0,3,34144576,0,268436482,0,0,0,1309324210,-1440044374
45653,Fuoco purificatore!,,27025,47602,0,128,0,0,0,0,0,0,0,0,0,0,21249,135,336,0,3,37290240,8192,268435456,0,0,0,-1,-1
45654,Ahn'qiraj: C'thun,,27511,47095,0,-1,0,0,0,0,0,0,0,0,0,0,21275,137,183,0,3,34144576,0,268436482,0,0,0,1309324210,-1440044374
45655,Colosso di Ashi,,27510,47154,0,-1,0,0,0,0,0,0,0,0,0,0,21276,111,183,0,3,34144576,0,268436480,0,0,0,1309324210,-1440044374
45656,Pietre del Vento Minori,,27509,47095,0,-1,0,0,0,0,0,0,0,0,0,0,21277,109,183,0,3,34144576,0,268436480,0,0,0,1309324210,-1440044374
45657,Silitista,,27506,47095,0,-1,0,0,0,0,0,0,0,0,0,0,21277,113,183,0,3,34144576,0,268436480,0,0,0,1309324210,-1440044374
45674,Colosso Regale,,27508,47155,0,-1,0,0,0,0,0,0,0,0,0,0,21300,111,183,0,3,34144576,0,268436480,0,0,0,1309324210,-1440044374
45675,Colosso di Zora,,27507,47156,0,-1,0,0,0,0,0,0,0,0,0,0,21301,111,183,0,3,34144576,0,268436480,0,0,0,1309324210,-1440044374
45694,Aracnicidio,,27033,47404,0,-1,0,0,0,0,0,0,0,0,0,0,21760,109,336,0,3,37290240,0,268435456,0,0,0,-1,-1
45736,Rovine di Ahn'qiraj: Ossirian,,27023,47095,0,-1,0,0,0,0,0,0,0,0,0,0,21274,137,183,0,3,34144576,0,268436482,0,0,0,-1321907123,1427461461
45737,Ahn'qiraj: C'thun,,27026,47095,0,-1,0,0,0,0,0,0,0,0,0,0,21275,137,183,0,3,34144576,0,268436482,0,0,0,-1321907123,1427461461
45738,Colosso di Ashi,,27027,47154,0,-1,0,0,0,0,0,0,0,0,0,0,21276,111,183,0,3,34144576,0,268436480,0,0,0,-1321907123,1427461461
45739,Pietre del Vento Minori,,27028,47095,0,-1,0,0,0,0,0,0,0,0,0,0,21277,109,183,0,3,34144576,0,268436480,0,0,0,-1321907123,1427461461
45740,Silitista,,27029,47095,0,-1,0,0,0,0,0,0,0,0,0,0,21277,113,183,0,3,34144576,0,268436480,0,0,0,-1321907123,1427461461
45741,Colosso Regale,,27030,47155,0,-1,0,0,0,0,0,0,0,0,0,0,21300,111,183,0,3,34144576,0,268436480,0,0,0,-1321907123,1427461461
45742,Colosso di Zora,,27031,47156,0,-1,0,0,0,0,0,0,0,0,0,0,21301,111,183,0,3,34144576,0,268436480,0,0,0,-1321907123,1427461461
45743,Giudizio di Odyn,,27049,47602,0,1,0,0,0,0,0,0,0,0,0,0,21311,135,336,0,3,37290240,8192,268435456,0,0,0,-1,-1
45744,Caduta dei Vilskorn,,27050,47602,0,4094,0,0,0,0,0,0,0,0,0,0,21311,135,336,0,3,37290240,8192,268435456,0,0,0,-1,-1
45776,Le chiavi sono per i principianti,,27066,47602,0,8,0,0,0,0,0,0,0,0,0,0,21337,135,336,0,3,37290240,8192,268435456,0,0,0,-1,-1
45786,Un banchetto per segugi,,27067,49403,0,-1,0,0,0,0,0,0,0,0,0,0,21338,139,334,0,3,7930624,8192,268435456,0,0,0,-1,-1
45791,Materiale bellico,,27072,47404,0,-1,0,0,0,0,0,0,0,0,0,0,21339,109,336,0,3,37290240,0,268435456,0,0,0,-1,-1
45792,Massacro di occultisti,,27073,47602,0,3839,0,0,0,0,0,0,0,0,0,0,21802,135,336,0,3,37290240,0,268435456,0,0,0,-1,-1
45793,Massacro di occultisti,,27074,47602,0,256,0,0,0,0,0,0,0,0,0,0,21802,135,336,0,3,34144512,0,268435456,0,0,0,-1,-1
45797,Giocare col fuoco verde,,27078,47404,0,-1,0,0,0,0,0,0,0,0,0,0,21346,109,336,0,3,37290240,0,268435456,0,0,0,-1,-1
45804,Impvasione!,,27084,49404,0,-1,0,0,0,0,0,0,0,0,0,0,21347,139,332,0,3,37290240,0,268435456,0,0,0,-1,-1
45805,Le chiavi infuocate,,27086,47602,0,4087,0,0,0,0,0,0,0,0,0,0,21337,135,336,0,3,37290240,0,268435456,0,0,0,-1,-1
45806,Giro in barca,,27087,47348,0,-1,0,0,0,0,0,0,0,0,0,0,21362,109,184,0,3,34144512,0,268436480,0,0,0,-1,-1
45807,Pesca di immondizia,,27088,47348,0,-1,0,0,0,0,0,0,0,0,0,0,21363,109,184,0,3,34144512,0,268436480,45806,0,0,-1,-1
45808,Sfida con i Palloni da Spiaggia,,27089,47348,0,-1,0,0,0,0,0,0,0,0,0,0,21366,109,184,0,3,34144512,0,268436480,45806,0,0,-1,-1
45809,"Grog, rum e birra",,27090,47348,0,-1,0,0,0,0,0,0,0,0,0,0,21364,109,184,0,3,34144512,0,268436480,45806,0,0,-1,-1
45810,Gli Gnomi hanno rubato le nostre bombe!,,27091,47348,0,-1,0,0,0,0,0,0,0,0,0,0,21365,109,184,0,3,34144512,0,268436480,45806,0,0,1309324210,-1440044374
45811,I Goblin hanno rubato le nostre bombe!,,27091,47348,0,-1,0,0,0,0,0,0,0,0,0,0,21365,109,184,0,3,34144512,0,268436480,45806,0,0,-1321907123,1427461461
45837,Vile inquietante,,27118,47602,0,4079,0,0,0,0,0,0,0,0,0,0,21268,135,336,0,3,37290240,8192,268435456,0,0,0,-1,-1
45878,Sterminio con impunità,,27147,47404,0,-1,0,0,0,0,0,0,0,0,0,0,21378,109,336,0,3,37290240,0,268435456,0,0,0,-1,-1
45921,Thal'xur,,27183,49404,0,-1,0,0,0,0,0,0,0,0,0,0,21367,142,332,0,3,37290304,0,268435456,0,0,0,-1,-1
45922,Agmozuul,,27184,49404,0,-1,0,0,0,0,0,0,0,0,0,0,21368,142,332,0,3,37290304,0,268435456,0,0,0,-1,-1
45923,Gloth,,27185,49404,0,-1,0,0,0,0,0,0,0,0,0,0,21369,142,332,0,3,37290304,0,268435456,0,0,0,-1,-1
45924,Mostruosità Abissale,,27186,49404,0,-1,0,0,0,0,0,0,0,0,0,0,21370,142,332,0,3,37290304,0,268435456,0,0,0,-1,-1
45925,Nez'val,,27187,49404,0,-1,0,0,0,0,0,0,0,0,0,0,21371,142,332,0,3,37290304,0,268435456,0,0,0,-1,-1
45926,Zar'teth,,27188,49404,0,-1,0,0,0,0,0,0,0,0,0,0,21373,142,332,0,3,37290304,0,268435456,0,0,0,-1,-1
45927,Zagmothar,,27189,49404,0,-1,0,0,0,0,0,0,0,0,0,0,21374,142,332,0,3,37290304,0,268435456,0,0,0,-1,-1
45928,Gelthrak,,27190,49404,0,-1,0,0,0,0,0,0,0,0,0,0,21375,142,332,0,3,37290304,0,268435456,0,0,0,-1,-1
45929,Purificare le fiamme,,27191,47602,0,64,0,0,0,0,0,0,0,0,0,0,21399,135,336,0,3,37290240,8192,268435456,0,0,0,-1,-1
45930,Non abbiamo acceso noi il fuoco,,27192,47602,0,4031,0,0,0,0,0,0,0,0,0,0,21399,135,336,0,3,37290240,8192,268435456,0,0,0,-1,-1
45934,Giochi da polli,,27193,47404,0,-1,0,0,0,0,0,0,0,0,0,0,21401,109,336,0,3,37290240,8192,268435456,0,0,0,-1,-1
45969,Difesa degli Antichi,,27228,47602,0,1024,0,0,0,0,0,0,0,0,0,0,21422,136,336,0,3,37290240,0,268435456,0,0,0,-1,-1
45970,La fine del dovere,,27229,47404,0,-1,0,0,0,0,0,0,0,0,0,0,21465,111,336,0,3,37290240,0,268435456,0,0,0,-1,-1
45972,Il boschetto maledetto,,27231,63664,0,-1,0,0,0,0,0,0,0,0,0,0,0,0,1404,0,3,34144320,0,268468224,47428,0,0,-1,-1
45973,Potere incontrollato,,27232,47666,0,3967,0,0,0,0,0,0,0,0,0,0,21407,135,336,0,3,37421312,8192,268435456,0,0,0,-1,-1
45977,Dove c'è una frusta...,,27242,47602,0,3839,0,0,0,0,0,0,0,0,0,0,21196,135,336,0,3,37290240,8192,268435456,0,0,0,-1,-1
45985,Predatori infernali,,27244,47404,0,-1,0,0,0,0,0,0,0,0,0,0,21410,109,336,0,3,37290240,0,268435456,0,0,0,-1,-1
45988,Ossa antiche,,27247,47404,0,-1,0,0,0,0,0,0,0,0,0,0,21402,109,336,0,3,37290240,8192,268435456,0,0,0,-1,-1
46001,Regole della caccia,,27260,47602,0,3071,0,0,0,0,0,0,0,0,0,0,21422,136,336,0,3,37290240,0,268435456,0,0,0,-1,-1
46006,Arkuthaz,,27266,49403,0,-1,0,0,0,0,0,0,0,0,0,0,21424,142,334,0,3,37290304,0,268435456,0,0,0,-1,-1
46008,Balnazoth,,27267,49403,0,-1,0,0,0,0,0,0,0,0,0,0,21425,142,334,0,3,37290304,0,268435456,0,0,0,-1,-1
46010,Spaccaossa Korgolath,,27268,49403,0,-1,0,0,0,0,0,0,0,0,0,0,21426,142,334,0,3,37290304,0,268435456,0,0,0,-1,-1
46011,Infernale Colossale,,27269,49403,0,-1,0,0,0,0,0,0,0,0,0,0,21427,142,334,0,3,37290304,0,268435456,0,0,0,-1,-1
46012,Vilcomandante Urgoz,,27270,49403,0,-1,0,0,0,0,0,0,0,0,0,0,21428,142,334,0,3,37290304,0,268435456,0,0,0,-1,-1
46013,Invocatore del Fuoco Rok'duun,,27271,49403,0,-1,0,0,0,0,0,0,0,0,0,0,21429,142,334,0,3,37290304,0,268435456,0,0,0,-1,-1
46014,Gelthrog,,27272,49403,0,-1,0,0,0,0,0,0,0,0,0,0,21430,142,334,0,3,37290304,0,268435456,0,0,0,-1,-1
46015,Idra'zuul,,27273,49403,0,-1,0,0,0,0,0,0,0,0,0,0,21431,142,334,0,3,37290304,0,268435456,0,0,0,-1,-1
46016,Magdrezoth,,27274,49403,0,-1,0,0,0,0,0,0,0,0,0,0,21432,142,334,0,3,37290304,0,268435456,0,0,0,-1,-1
46017,Shel'drozul,,27275,49403,0,-1,0,0,0,0,0,0,0,0,0,0,21433,142,334,0,3,37290304,0,268435456,0,0,0,-1,-1
46021,Thel'draz,,27280,49403,0,-1,0,0,0,0,0,0,0,0,0,0,21434,142,334,0,3,37290304,0,268435456,0,0,0,-1,-1
46032,Il ritorno tormentato,,27291,47602,0,4063,0,0,0,0,0,0,0,0,0,0,21413,135,336,0,3,37290240,0,268435456,0,0,0,-1,-1
46046,La vita è un Lich,,27305,47602,0,32,0,0,0,0,0,0,0,0,0,0,21413,135,336,0,3,37290240,0,268435456,0,0,0,-1,-1
46061,Adottare un girino,,27319,0,0,-1,0,0,0,0,0,0,0,0,0,0,21464,0,438,0,2,34603016,8192,268436992,0,0,0,-1,-1
46063,I morti lamentosi,,27320,47404,0,-1,0,0,0,0,0,0,0,0,0,0,21466,109,336,0,3,37290240,0,268435456,0,0,0,-1,-1
46066,Un vilpipistrello di consolazione,,27324,47404,0,-1,0,0,0,0,0,0,0,0,0,0,21469,111,336,0,3,37290240,0,268435456,0,0,0,-1,-1
46068,Disputa tra Bruti,,27325,47404,0,-1,0,0,0,0,0,0,0,0,0,0,21470,109,336,0,3,41484544,0,268435456,0,0,0,-1,-1
46072,Pieno di vile,,27430,47602,0,2048,0,0,0,0,0,0,0,0,0,0,21618,136,336,0,3,37290240,8192,268435456,0,0,0,-1,-1
46073,Distruggere l'avamposto,,27329,47404,0,-1,0,0,0,0,0,0,0,0,0,0,21471,109,336,0,3,37290240,0,268435456,0,0,0,-1,-1
46075,Caccia alle reliquie,,27331,47404,0,-1,0,0,0,0,0,0,0,0,0,0,21404,109,336,0,3,41484544,8192,268435456,0,0,0,-1,-1
46076,Spiriti irrequieti,,27332,47602,0,4093,0,0,0,0,0,0,0,0,0,0,21403,135,336,0,3,37290240,8192,268435456,0,0,0,-1,-1
46077,Spiriti Vilvincolati,,27333,47602,0,2,0,0,0,0,0,0,0,0,0,0,21403,135,336,0,3,37290240,8192,268435456,46045,0,0,-1,-1
46104,Tossicità aracnea,,27355,47602,0,512,0,0,0,0,0,0,0,0,0,0,21490,135,336,0,3,37290240,0,268435456,0,0,0,-1,-1
46105,Superiorità aracnea,,27356,47602,0,3583,0,0,0,0,0,0,0,0,0,0,21490,135,336,0,3,37290240,0,268435456,0,0,0,-1,-1
46109,In piedi!,,27360,47404,0,-1,0,0,0,0,0,0,0,0,0,0,21489,111,336,0,3,37290240,8192,268435456,0,0,0,-1,-1
46111,Maestri Illidari: Sissix,,27362,145969,0,-1,0,0,0,0,0,0,0,0,0,0,21521,115,336,0,3,34144512,0,268435456,0,0,0,-1,-1
46112,Maestri Illidari: Dama Viciosa,,27363,145969,0,-1,0,0,0,0,0,0,0,0,0,0,21522,115,336,0,3,34144512,0,268435456,0,0,0,-1,-1
46113,Maestri Illidari: Mistico Senza Nome,,27364,145969,0,-1,0,0,0,0,0,0,0,0,0,0,21523,115,336,0,3,34144512,0,268435456,0,0,0,-1,-1
46116,Terre sacrileghe,,27366,49401,0,-1,0,0,0,0,0,0,0,0,0,0,21076,139,331,0,3,37290240,0,268435456,0,0,0,-1,-1
46126,Piume vilcorrotte,,27370,47404,0,-1,0,0,0,0,0,0,0,0,0,0,21505,109,336,0,3,37290240,0,268435456,0,0,0,-1,-1
46134,Cercasi tagliagemme,,27373,38948,0,-1,5,0,0,0,0,2518,25,0,0,0,21511,125,347,0,3,590144,0,268435456,40559,40560,40561,-1,-1
46135,Cercasi tagliagemme,,27374,38948,0,-1,5,0,0,0,0,2518,25,0,0,0,21512,125,347,0,3,590144,0,268435456,40559,40560,40561,-1,-1
46136,Cercasi tagliagemme,,27375,38948,0,-1,5,0,0,0,0,2518,25,0,0,0,21513,125,347,0,3,590144,0,268435456,40559,40560,40561,-1,-1
46137,Cercasi tagliagemme,,27376,38948,0,-1,5,0,0,0,0,2518,25,0,0,0,21514,125,347,0,3,590144,0,268435456,40559,40560,40561,-1,-1
46138,Cercasi tagliagemme,,27377,38948,0,-1,5,0,0,0,0,2518,25,0,0,0,21515,125,347,0,3,590144,0,268435456,40559,40560,40561,-1,-1
46139,Cercasi tagliagemme,,27378,38948,0,-1,5,0,0,0,0,2518,25,0,0,0,21516,125,347,0,3,590144,0,268435456,40559,40560,40561,-1,-1
46146,Rive ardenti,,27380,49401,0,-1,0,0,0,0,0,0,0,0,0,0,21307,139,331,0,3,37290240,0,268435456,0,0,0,-1,-1
46160,Vuoto incatenato,,27382,47404,0,-1,0,0,0,0,0,0,0,0,0,0,21520,109,336,0,3,37290240,0,268435456,0,0,0,-1,-1
46161,Vilinvocatrice Thalezra,,27383,49401,0,-1,0,0,0,0,0,0,0,0,0,0,21435,142,331,0,3,37290304,0,268435456,0,0,0,-1,-1
46162,Soggiogatore Val'rek,,27384,49401,0,-1,0,0,0,0,0,0,0,0,0,0,21436,142,331,0,3,37290304,0,268435456,0,0,0,-1,-1
46163,Thaz'gul,,27385,49401,0,-1,0,0,0,0,0,0,0,0,0,0,21437,142,331,0,3,37290304,0,268435456,0,0,0,-1,-1
46164,Mal'serus,,27386,49401,0,-1,0,0,0,0,0,0,0,0,0,0,21438,142,331,0,3,37290304,0,268435456,0,0,0,-1,-1
46165,Kazruul,,27387,49401,0,-1,0,0,0,0,0,0,0,0,0,0,21439,142,331,0,3,37290304,0,268435456,0,0,0,-1,-1
46166,Garthulak il Frantumatore,,27388,49401,0,-1,0,0,0,0,0,0,0,0,0,0,21440,142,331,0,3,37290304,0,268435456,0,0,0,-1,-1
46167,Kozrum,,27389,49401,0,-1,0,0,0,0,0,0,0,0,0,0,21441,142,331,0,3,37290304,0,268435456,0,0,0,-1,-1
46168,Comandante Vorlax,,27390,49401,0,-1,0,0,0,0,0,0,0,0,0,0,21442,142,331,0,3,37290304,0,268435456,0,0,0,-1,-1
46169,Dro'zek,,27391,49401,0,-1,0,0,0,0,0,0,0,0,0,0,21443,142,331,0,3,37290304,0,268435456,0,0,0,-1,-1
46170,Thar'gokk,,27392,49401,0,-1,0,0,0,0,0,0,0,0,0,0,21444,142,331,0,3,37290304,0,268435456,0,0,0,-1,-1
46175,Rombo del Tuono,,27395,47404,0,-1,0,0,0,0,0,0,0,0,0,0,21524,109,336,0,3,37290240,0,268435456,0,0,0,-1,-1
46179,Schiacciare la Legione,,27397,49403,0,-1,0,0,0,0,0,0,0,0,0,0,21552,139,334,0,3,7930624,8192,268435456,0,0,0,-1,-1
46180,Il potere del nostro nemico,,27398,47404,0,-1,0,0,0,0,0,0,0,0,0,0,21538,109,336,0,3,41484544,8192,268435456,0,0,0,-1,-1
46183,Comandante Zarthak,,27401,49402,0,-1,0,0,0,0,0,0,0,0,0,0,21445,142,333,0,3,37290304,0,268435456,0,0,0,-1,-1
46184,Gelgothar,,27402,49402,0,-1,0,0,0,0,0,0,0,0,0,0,21446,142,333,0,3,37290304,0,268435456,0,0,0,-1,-1
46185,Iroxus,,27403,49402,0,-1,0,0,0,0,0,0,0,0,0,0,21447,142,333,0,3,37290304,0,268435456,0,0,0,-1,-1
46186,Ix'dreloth,,27404,49402,0,-1,0,0,0,0,0,0,0,0,0,0,21448,142,333,0,3,37290304,0,268435456,0,0,0,-1,-1
46187,Larthogg,,27405,49402,0,-1,0,0,0,0,0,0,0,0,0,0,21449,142,333,0,3,37290304,0,268435456,0,0,0,-1,-1
46188,Orgrokk,,27406,49402,0,-1,0,0,0,0,0,0,0,0,0,0,21450,142,333,0,3,37290304,0,268435456,0,0,0,-1,-1
46189,Shel'zuul,,27407,49402,0,-1,0,0,0,0,0,0,0,0,0,0,21451,142,333,0,3,37290304,0,268435456,0,0,0,-1,-1
46190,Ulgrom,,27408,49402,0,-1,0,0,0,0,0,0,0,0,0,0,21452,142,333,0,3,37290304,0,268435456,0,0,0,-1,-1
46191,Balinar,,27409,49402,0,-1,0,0,0,0,0,0,0,0,0,0,21453,142,333,0,3,37290304,0,268435456,0,0,0,-1,-1
46192,Zar'vok,,27410,49402,0,-1,0,0,0,0,0,0,0,0,0,0,21454,142,333,0,3,37290304,0,268435456,0,0,0,-1,-1
46193,Nati dal vile,,27411,49402,0,-1,0,0,0,0,0,0,0,0,0,0,21558,139,333,0,3,37290240,8192,268435456,0,0,0,-1,-1
46194,Lupi della Legione,,27412,49402,0,-1,0,0,0,0,0,0,0,0,0,0,21560,139,333,0,3,41484544,8192,268435456,0,0,0,-1,-1
46195,Cieli brulicanti,,27413,49402,0,-1,0,0,0,0,0,0,0,0,0,0,21562,139,333,0,3,37290240,0,268435456,0,0,0,-1,-1
46196,Classe congedata,,27414,49402,0,-1,0,0,0,0,0,0,0,0,0,0,21564,139,333,0,3,37290240,0,268435456,0,0,0,-1,-1
46197,Incubo dall'alto,,27415,49402,0,-1,0,0,0,0,0,0,0,0,0,0,21223,139,333,0,3,37290240,0,268435456,0,0,0,-1,-1
46198,Gemme di distruzione,,27416,47404,0,-1,0,0,0,0,0,0,0,0,0,0,21571,109,336,0,3,37290240,0,268435456,0,0,0,-1,-1
46201,Che l'acqua ti purifichi,,27419,48357,0,-1,0,0,0,0,0,0,0,0,0,0,21815,109,336,0,3,41484544,8192,268435456,0,0,0,-1,-1
46209,Una luce nell'oscurità,,27425,47602,0,4,0,0,0,0,0,0,0,0,0,0,21581,135,336,0,3,41484544,8192,268435456,0,0,0,-1,-1
46212,In piedi,,27427,47602,0,4091,0,0,0,0,0,0,0,0,0,0,21581,135,336,0,3,41484544,8192,268435456,0,0,0,-1,-1
46216,Corruzione Coagulata,,27429,49403,0,-1,0,0,0,0,0,0,0,0,0,0,21608,139,334,0,3,7930624,8192,268435456,0,0,0,-1,-1
46236,Soldati pietrificati,,27444,47404,0,-1,0,0,0,0,0,0,0,0,0,0,21630,109,336,0,3,37290240,0,268435456,0,0,0,-1,-1
46261,Il sapore della corruzione,,27469,49404,0,-1,0,0,0,0,0,0,0,0,0,0,20933,139,332,0,3,37290752,0,268435456,0,0,0,-1,-1
46262,Il salvataggio dei girini,,27470,49402,0,-1,0,0,0,0,0,0,0,0,0,0,21566,139,333,0,3,37290240,0,268435456,0,0,0,-1,-1
46263,Vilragnatele,,27471,49401,0,-1,0,0,0,0,0,0,0,0,0,0,21506,139,331,0,3,41484544,8192,268435456,0,0,0,-1,-1
46264,Osservati da tutti,,27472,49403,0,-1,0,0,0,0,0,0,0,0,0,0,21124,139,334,0,3,37290240,0,268435456,0,0,0,-1,-1
46265,Vili cerbiatti,,27473,49404,0,-1,0,0,0,0,0,0,0,0,0,0,21657,139,332,0,3,37290752,0,268435456,0,0,0,-1,-1
46279,Zargrom,,27485,49402,0,-1,0,0,0,0,0,0,0,0,0,0,21720,142,333,0,3,37290304,0,268435456,0,0,0,-1,-1
46288,Tutti in prima linea,,27498,47602,0,2047,0,0,0,0,0,0,0,0,0,0,21618,136,336,0,3,37290240,8192,268435456,0,0,0,-1,-1
46308,Lasciare una traccia,,27518,47602,0,8,0,0,0,0,0,0,0,0,0,0,21801,135,336,0,3,41484544,8192,268435456,0,0,0,-1,-1
46325,Il fronte unito,,27527,47404,0,-1,0,0,0,0,0,0,0,0,0,0,21777,111,336,0,3,37290240,8192,268435456,0,0,0,-1,-1
46360,Semplicemente sconvolgente,,27694,47602,0,4087,0,0,0,0,0,0,0,0,0,0,21801,135,336,0,3,41484544,8192,268435456,0,0,0,-1,-1
46500,Tomba di Sargeras: La leggenda delle profondità,,28076,48842,0,-1,0,0,0,0,0,0,0,0,0,0,22024,141,336,0,3,35193152,0,268435458,0,0,0,-1,-1
46502,Tomba di Sargeras: La mano della Legione,,28078,48842,0,-1,0,0,0,0,0,0,0,0,0,0,22025,141,336,0,3,35193152,0,268435458,0,0,0,-1,-1
46503,Tomba di Sargeras: Una lezione di dolore,,28080,48842,0,-1,0,0,0,0,0,0,0,0,0,0,22026,141,336,0,3,35193152,0,268435458,0,0,0,-1,-1
46504,Tomba di Sargeras: Profondità schiaccianti,,28081,48842,0,-1,0,0,0,0,0,0,0,0,0,0,22027,141,336,0,3,35193152,0,268435458,0,0,0,-1,-1
46505,Tomba di Sargeras: Morto ma non dimenticato,,28082,48842,0,-1,0,0,0,0,0,0,0,0,0,0,22028,141,336,0,3,35193152,0,268435458,0,0,0,-1,-1
46506,Tomba di Sargeras: Vita dopo la morte,,28083,48842,0,-1,0,0,0,0,0,0,0,0,0,0,22029,141,336,0,3,35193152,0,268435458,0,0,0,-1,-1
46507,Tomba di Sargeras: L'Inseguitore del Terrore,,28084,48842,0,-1,0,0,0,0,0,0,0,0,0,0,22030,141,336,0,3,35193152,0,268435458,0,0,0,-1,-1
46508,Tomba di Sargeras: L'influenza di Azshara,,28085,48842,0,-1,0,0,0,0,0,0,0,0,0,0,22031,141,336,0,3,35193152,0,268435458,0,0,0,-1,-1
46707,Servitore! Uccidi anche quello!,,27890,47404,0,-1,0,0,0,0,0,0,0,0,0,0,21816,109,336,0,3,41484544,0,268435456,0,0,0,-1,-1
46750,Batteria di ricambio,,27918,48502,0,2048,0,0,0,0,0,0,0,0,0,0,21878,135,336,0,3,37421312,0,268435456,0,0,0,-1,-1
46752,Ali in prestito,,27920,48502,0,2047,0,0,0,0,0,0,0,0,0,0,21878,135,336,0,3,37421312,0,268435456,0,0,0,-1,-1
46754,Bestie magiche,,27922,47666,0,128,0,0,0,0,0,0,0,0,0,0,21407,135,336,0,3,37421312,0,268435456,0,0,0,-1,-1
46755,Missione: Rabbiavile,,27923,48514,0,1,0,0,0,0,0,0,0,0,0,0,21883,135,336,0,3,41615616,8192,268435456,0,0,0,-1,-1
46756,Missione: Distruggere i Rabbiavile,,27924,48514,0,4094,0,0,0,0,0,0,0,0,0,0,21883,135,336,0,3,37421312,0,268435456,0,0,0,-1,-1
46761,Ladri di birra,,27925,48521,0,3583,0,0,0,0,0,0,0,0,0,0,21885,135,336,0,3,41615616,8192,268435456,0,0,0,-1,-1
46762,Frenesia dell'Idromele della Tempesta,,27926,48521,0,512,0,0,0,0,0,0,0,0,0,0,21885,135,336,0,3,41615616,8192,268435456,0,0,0,-1,-1
46763,Drol'maz,,27928,49404,0,-1,0,0,0,0,0,0,0,0,0,0,21887,142,332,0,3,37290304,0,268435456,0,0,0,-1,-1
46766,Ulgthax,,27929,49404,0,-1,0,0,0,0,0,0,0,0,0,0,21888,142,332,0,3,37290304,0,268435456,0,0,0,-1,-1
46811,L'ira della Madre della Stirpe,,27967,47602,0,32,0,0,0,0,0,0,0,0,0,0,21921,135,336,0,3,41484544,8192,268435456,0,0,0,-1,-1
46814,Il richiamo del Dragone del Gelo,,27971,47602,0,4063,0,0,0,0,0,0,0,0,0,0,21921,135,336,0,3,41484544,8192,268435456,0,0,0,-1,-1
46817,La caduta degli Infernali,,27973,47602,0,64,0,0,0,0,0,0,0,0,0,0,21928,135,336,0,3,37290240,0,268435456,0,0,0,-1,-1
46821,Insetti raccapriccianti,,27978,47404,0,-1,0,0,0,0,0,0,0,0,0,0,21945,109,336,0,3,37421312,0,268435456,0,0,0,-1,-1
46822,Selezione naturale,,27979,47602,0,1024,0,0,0,0,0,0,0,0,0,0,21944,135,336,0,3,37290240,0,268435456,0,0,0,-1,-1
46825,Spalare fango,,27982,47404,0,-1,0,0,0,0,0,0,0,0,0,0,21947,109,336,0,3,37290240,0,268435456,0,0,0,-1,-1
46829,Abuso elementale,,27986,47602,0,4031,0,0,0,0,0,0,0,0,0,0,21928,135,336,0,3,37290240,0,268435456,0,0,0,-1,-1
46833,Natura scatenata,,27990,47602,0,3071,0,0,0,0,0,0,0,0,0,0,21944,135,336,0,3,37290240,0,268435456,0,0,0,-1,-1
46844,Cattedrale della Notte Eterna: Dama delle Lame,,27998,144768,0,-1,0,0,0,0,0,0,0,0,0,0,0,145,336,0,3,35193088,0,268435456,0,0,0,-1,-1
46865,Cattedrale della Notte Eterna: Madre delle Fiamme,,28003,144771,0,-1,0,0,0,0,0,0,0,0,0,0,0,145,336,0,3,35193088,0,268435456,0,0,0,-1,-1
46866,Sala delle torture,,28040,47404,0,-1,0,0,0,0,0,0,0,0,0,0,21999,109,336,0,3,37421312,0,268435456,0,0,0,-1,-1
46867,Cattedrale della Notte Eterna: Vilbestia,,28002,144772,0,-1,0,0,0,0,0,0,0,0,0,0,0,145,336,0,3,35192832,0,268435456,0,0,0,-1,-1
46868,Cattedrale della Notte Eterna: Morto Infernale,,28004,144770,0,-1,0,0,0,0,0,0,0,0,0,0,0,145,336,0,3,35193088,0,268435456,0,0,0,-1,-1
46869,Cattedrale della Notte Eterna: Tentatrice del Dolore,,28005,144769,0,-1,0,0,0,0,0,0,0,0,0,0,0,145,336,0,3,35193088,0,268435456,0,0,0,-1,-1
46932,Un pizzico di corruzione in più,,28068,47404,0,-1,0,0,0,0,0,0,0,0,0,0,21576,109,336,0,3,37290240,0,268435456,0,0,0,-1,-1
46933,Vilrglrglrglrgl,,28069,47404,0,-1,0,0,0,0,0,0,0,0,0,0,22009,109,336,0,3,37290240,8192,268435456,0,0,0,-1,-1
46942,Il costo del potere,,28086,47404,0,-1,0,0,0,0,0,0,0,0,0,0,22049,109,336,0,3,41484544,0,268435456,0,0,0,-1,-1
46945,Si'vash,,28088,143175,0,-1,0,0,0,0,0,0,0,0,0,0,21280,144,335,0,3,37290304,0,268435456,0,0,0,-1,-1
46947,Brutallus,,28090,143175,0,-1,0,0,0,0,0,0,0,0,0,0,21226,144,335,0,3,37290304,0,268435456,0,0,0,-1,-1
46948,Malificus,,28091,143175,0,-1,0,0,0,0,0,0,0,0,0,0,21227,144,335,0,3,37290304,0,268435456,0,0,0,-1,-1
47061,Apocron,,28160,143175,0,-1,0,0,0,0,0,0,0,0,0,0,22242,144,335,0,3,37290304,0,268435456,0,0,0,-1,-1
47132,Vilfuoco e ghiaccio,,28202,47404,0,-1,0,0,0,0,0,0,0,0,0,0,21456,109,336,0,3,37290240,8192,268435456,0,0,0,-1,-1
47135,Per il loro bene,,28205,50321,0,-1,0,0,0,0,0,0,0,0,0,0,22474,109,337,0,3,41484288,8192,268435456,0,0,0,-1,-1
47456,Calmare il Vuoto,,28476,50321,0,-1,0,0,0,0,0,0,0,0,0,0,22515,109,337,0,3,41484288,8192,268435456,0,0,0,-1,-1
47496,Spaccabunker,,28505,50280,0,-1,0,0,0,0,0,0,0,0,0,0,22750,109,337,0,3,37289984,0,268435456,47182,0,0,-1,-1
47507,Khazaduum,,28516,51611,0,-1,0,0,0,0,0,0,0,0,0,0,23299,136,337,0,3,37290048,0,268435456,0,0,0,-1,-1
47527,Rituali eretici,,28533,0,0,-1,0,0,0,0,0,0,0,0,0,0,0,0,1407,0,3,40435712,8192,268468224,47521,0,0,1309324210,-1440044374
47542,Il Maestro d'Assedio Voraan,,28544,50280,0,-1,0,0,0,0,0,0,0,0,0,0,22609,136,337,0,3,37290048,0,268435456,0,0,0,-1,-1
47551,Lezioni di fuoco e dolore,,28553,50280,0,-1,0,0,0,0,0,0,0,0,0,0,22603,109,337,0,3,37289984,0,268435456,0,0,0,-1,-1
47552,Dama Il'thendra,,28554,51561,0,-1,0,0,0,0,0,0,0,0,0,0,22606,136,337,0,3,37290048,0,268435456,0,0,0,-1,-1
47561,Faucimarce,,28562,51561,0,-1,0,0,0,0,0,0,0,0,0,0,22625,136,337,0,3,37290048,0,268435456,0,0,0,-1,-1
47563,Spiriti dei Caduti,,28564,50280,0,-1,0,0,0,0,0,0,0,0,0,152995,22627,109,337,0,3,37289984,0,268435456,0,0,0,-1,-1
47566,Gar'zoth,,28567,51561,0,-1,0,0,0,0,0,0,0,0,0,0,22633,136,337,0,3,37290048,0,268435456,0,0,0,-1,-1
47567,Umbra'jin,,28568,0,0,-1,1,0,0,0,0,0,0,0,0,0,0,0,0,0,3,35652616,0,0,0,0,0,-1,-1
47624,Seppellire,,28650,50280,0,-1,0,0,0,0,0,0,0,0,0,0,22655,109,337,0,3,37289984,0,268435456,48544,0,0,-1,-1
47625,Il rituale condiviso,,28651,50280,0,-1,0,0,0,0,0,0,0,0,0,0,22656,109,337,0,3,37289984,0,268435456,48544,0,0,-1,-1
47646,Salto della corda,,28664,50280,0,-1,0,0,0,0,0,0,0,0,0,0,22665,109,337,0,3,37289984,0,268435456,48544,0,0,-1,-1
47647,I mostri di Zem'lan,,28687,0,0,-1,0,0,0,0,0,0,0,0,0,0,0,0,1406,0,3,41484544,8192,268468224,51054,0,0,1309324210,-1440044374
47704,La ferocia famelica dei ranishu,,28712,55564,0,-1,0,0,0,0,0,0,0,0,0,0,25091,109,464,0,3,38338816,8192,268435456,0,0,0,1309324210,-1440044374
47705,Dietro le linee della Legione,,28713,52120,0,-1,0,0,0,0,0,0,0,0,0,0,23176,109,337,0,3,41484288,8192,268435456,0,0,0,-1,-1
47707,Scioglimento,,28715,50280,0,-1,0,0,0,0,0,0,0,0,0,0,22707,109,337,0,3,37289984,0,268435456,0,0,0,-1,-1
47712,Il Devastatore,,28720,50280,0,-1,0,0,0,0,0,0,0,0,0,0,22709,109,337,0,3,37289984,0,268435456,0,0,0,-1,-1
47720,Vendetta eterna,,28723,50280,0,-1,0,0,0,0,0,0,0,0,0,0,22714,109,337,0,3,37289984,0,268435456,0,0,0,-1,-1
47722,Watertusk,,28725,0,0,-1,1,0,0,0,0,0,0,0,0,0,0,0,189,0,3,35652616,0,0,0,0,0,-1,-1
47724,Sotto assedio,,28726,50280,0,-1,0,0,0,0,0,0,0,0,0,0,22724,109,337,0,3,37289984,0,268435456,0,0,0,-1,-1
47728,Talestra la Vile,,28730,50280,0,-1,0,0,0,0,0,0,0,0,0,0,22725,136,337,0,3,37290048,0,268435456,0,0,0,-1,-1
47756,La liberazione della Grande Libagione,,28756,0,0,-1,0,0,0,0,0,0,0,0,0,0,0,0,1403,0,3,38338560,8192,268468224,47245,0,0,1309324210,-1440044374
47797,Occupazione a rischio,,28768,0,0,-1,1,0,0,0,0,0,0,0,0,0,0,0,1407,0,3,34144256,0,268468224,47737,0,0,1309324210,-1440044374
47828,Memorie dei caduti,,28773,50321,0,-1,0,0,0,0,0,0,0,0,0,0,22914,109,337,0,3,37289984,0,268435456,0,0,0,-1,-1
47833,Il Mago d'Ombra Voruun,,28778,50321,0,-1,0,0,0,0,0,0,0,0,0,0,22915,136,337,0,3,37290048,0,268435456,0,0,0,-1,-1
47834,X'ue,,28779,0,0,-1,1,0,0,0,0,0,0,0,0,0,0,0,189,0,3,35652616,0,0,0,0,0,-1,-1
47839,Angry Troll Spirit,,28783,0,0,-1,1,0,0,0,0,0,0,0,0,0,0,0,189,0,3,35652616,0,0,0,0,0,-1,-1
47842,Asheva: Pozze Profanate,,28786,34450,0,-1,0,0,0,0,0,0,0,0,0,0,22922,109,347,0,3,34144256,0,268435456,0,0,0,-1,-1
47844,Follia ricorrente,,28789,50321,0,-1,0,0,0,0,0,0,0,0,0,0,22923,109,337,0,3,37421056,0,268435456,47184,0,0,-1,-1
47858,Sicurezza: attivata,,28803,52120,0,-1,0,0,0,0,0,0,0,0,0,0,23178,109,337,0,3,41484288,8192,268435456,0,0,0,-1,-1
47875,Irixus: Cantiere della Legione,,28818,34450,0,-1,0,0,0,0,0,0,0,0,0,0,22927,109,347,0,3,34144256,0,268435456,0,0,0,-1,-1
47876,Sholoth: Campo degli Schiavi,,28819,34450,0,-1,0,0,0,0,0,0,0,0,0,0,22928,109,347,0,3,34144256,0,268435456,0,0,0,-1,-1
47953,Tereck il Selettore,,28870,50280,0,-1,0,0,0,0,0,0,0,0,0,0,23016,136,337,0,3,37290048,0,268435456,0,0,0,-1,-1
47969,La maledizione di Malautunno,,28885,50981,0,-1,0,0,0,0,0,0,0,0,0,0,0,0,1404,0,3,34144320,0,268468224,48622,0,0,-1321907123,1427461461
47996,Sterminare i Demoni delle Fauci,,28905,51048,0,-1,0,0,0,0,0,0,0,0,0,0,0,0,1403,0,3,34144256,0,268468224,0,0,0,1309324210,-1440044374
48091,Vagath il Tradito,,28982,50280,0,-1,0,0,0,0,0,0,0,0,0,0,23101,136,337,0,3,37290048,0,268435456,0,0,0,-1,-1
48093,Negare i Naga,,28984,61613,0,-1,0,0,0,0,0,0,0,0,0,0,0,0,1403,0,3,34144256,0,268468224,0,0,0,1309324210,-1440044374
48094,Grumi di Vuoto,,28985,50321,0,-1,0,0,0,0,0,0,0,0,0,0,23216,109,337,0,3,37289984,0,268435456,0,0,0,-1,-1
48095,Sperimentazione oscura,,28986,50321,0,-1,0,0,0,0,0,0,0,0,0,0,23530,109,337,0,3,37289984,0,268435456,0,0,0,-1,-1
48096,Meccaniche principali,,28987,52119,0,-1,0,0,0,0,0,0,0,0,0,0,23515,109,337,0,3,37289984,0,268435456,0,0,0,-1,-1
48097,Valutazione del Custode: Scaltrezza,,28988,52119,0,-1,1,0,0,0,0,0,0,0,0,0,23521,109,337,0,3,37289984,0,268435456,47685,48107,0,-1,-1
48098,Insetti da giardino,,28989,52120,0,-1,0,0,0,0,0,0,0,0,0,0,23265,109,337,0,3,37289984,0,268435456,47854,0,0,-1,-1
48099,Ecologia ostile,,28990,52119,0,-1,0,0,0,0,0,0,0,0,0,0,23263,109,337,0,3,37289984,0,268435456,0,0,0,-1,-1
48100,La difesa di Eredath,,28991,52120,0,-1,0,0,0,0,0,0,0,0,0,0,23529,109,337,0,3,37289984,0,268435456,0,0,0,-1,-1
48101,Pulpito da attaccabrighe,,28992,147714,0,-1,0,0,0,0,0,0,0,0,0,0,23683,109,337,0,3,37289984,0,268435456,0,0,0,-1,-1
48102,Campioni di scaglie,,28993,52119,0,-1,0,0,0,0,0,0,0,0,0,0,23204,109,337,0,3,37289984,0,268435456,0,0,0,-1,-1
48103,Valutazione del Custode: Tenacia,,28994,52119,0,-1,0,0,0,0,0,0,0,0,0,0,23522,109,337,0,3,35192832,0,268435456,47689,0,0,-1,-1
48105,Scrutinio,,28996,52119,0,-1,0,0,0,0,0,0,0,0,0,0,23523,109,337,0,3,37421056,0,268435456,0,0,0,-1,-1
48106,Nessun amore è perso,,28997,50321,0,-1,0,0,0,0,0,0,0,0,0,0,23227,109,337,0,3,37289984,0,268435456,0,0,0,-1,-1
48175,Nascosti nelle ombre,,29008,50321,0,-1,0,0,0,0,0,0,0,0,0,0,23568,109,337,0,3,37289984,0,268435456,0,0,0,-1,-1
48181,No no no,,29017,0,0,-1,0,0,0,0,0,0,0,0,0,0,0,0,1404,0,3,34144256,0,268468224,0,0,0,-1321907123,1427461461
48192,Sputapece,,29025,50280,0,-1,0,0,0,0,0,0,0,0,0,0,23110,136,337,0,3,37290048,0,268435456,0,0,0,-1,-1
48282,La Madre degli Imp Laglath,,29105,50280,0,-1,0,0,0,0,0,0,0,0,0,0,23170,136,337,0,3,37290048,0,268435456,0,0,0,-1,-1
48284,Mietere i campi,,29108,50280,0,-1,0,0,0,0,0,0,0,0,0,0,23393,109,337,0,3,37289984,0,268435456,0,0,0,-1,-1
48285,Superiorità aerea,,29109,50280,0,-1,0,0,0,0,0,0,0,0,0,0,23396,109,337,0,3,37289984,0,268435456,0,0,0,-1,-1
48286,Metodi cristallini,,29110,50280,0,-1,0,0,0,0,0,0,0,0,0,0,23394,109,337,0,3,37289984,0,268435456,0,0,0,-1,-1
48287,Mietitori del dolore,,29111,50280,0,-1,0,0,0,0,0,0,0,0,0,0,23395,109,337,0,3,37289984,0,268435456,0,0,0,-1,-1
48318,Incarico di lavoro: Elisir di Sangue della Luce,,29123,51748,0,-1,0,0,0,0,0,2479,25,0,0,0,23182,118,337,0,3,524608,0,268435456,0,0,0,-1,-1
48323,Incarico di lavoro: Lacrime dei Naaru,,29128,51747,0,-1,0,0,0,0,0,2479,25,0,0,0,23193,118,337,0,3,524608,0,268435456,0,0,0,-1,-1
48337,Incarico di lavoro: Gloria Astrale,,29142,51750,0,-1,0,0,0,0,0,2550,25,0,0,0,23184,119,337,0,3,524608,0,268435456,0,0,0,-1,-1
48338,Provviste necessarie: Gloria Astrale,,29143,51750,0,-1,0,0,0,0,0,0,0,0,0,0,23185,109,337,0,3,524608,0,268435456,0,0,0,-1,-1
48349,Incarico di lavoro: Empirio,,29153,51750,0,-1,0,0,0,0,0,2566,25,0,0,0,23188,120,337,0,3,524608,0,268435456,0,0,0,-1,-1
48358,Provviste necessarie: Empirio,,29162,51750,0,-1,0,0,0,0,0,0,0,0,0,0,23189,109,337,0,3,524608,0,268435456,0,0,0,-1,-1
48359,Incarico di lavoro: Cuoio Demoniaco,,29163,51750,0,-1,0,0,0,0,0,2558,25,0,0,0,23190,124,337,0,3,524608,0,268435456,0,0,0,-1,-1
48360,Provviste necessarie: Cuoio Demoniaco,,29164,51750,0,-1,0,0,0,0,0,0,0,0,0,0,23191,109,337,0,3,524608,0,268435456,0,0,0,-1,-1
48363,Incarico di lavoro: Malachite Florida,,29167,51750,0,-1,0,0,0,0,0,2518,25,0,0,0,23194,125,337,0,3,524608,0,268435456,0,0,0,-1,-1
48364,Incarico di lavoro: Hesselian,,29168,51750,0,-1,0,0,0,0,0,2518,25,0,0,0,23195,125,337,0,3,524608,0,268435456,0,0,0,-1,-1
48373,Incarico di lavoro: Tessuto di Fontemagica,,29177,51750,0,-1,0,0,0,0,0,2534,75,0,0,0,23197,121,337,0,3,524608,0,268435456,0,0,0,-1,-1
48374,Provviste necessarie: Tessuto di Fontemagica,,29178,51750,0,-1,0,0,0,0,0,0,0,0,0,0,23198,109,337,0,3,524608,0,268435456,0,0,0,-1,-1
48386,Torneo di Jed'hin,,29188,52119,0,-1,0,0,0,0,0,0,0,0,0,0,23655,109,337,0,3,37289984,0,268435456,0,0,0,-1,-1
48465,Vrax'thul,,29250,51561,0,-1,0,0,0,0,0,0,0,0,0,0,23247,136,337,0,3,37290048,0,268435456,0,0,0,-1,-1
48466,Ven'orn,,29251,51561,0,-1,0,0,0,0,0,0,0,0,0,0,23248,136,337,0,3,37290048,0,268435456,0,0,0,-1,-1
48467,Puscilla,,29252,51561,0,-1,0,0,0,0,0,0,0,0,0,0,23249,136,337,0,3,37290048,0,268435456,0,0,0,-1,-1
48474,I custodi della cripta,,29255,52761,0,-1,0,0,0,0,0,0,0,0,0,0,0,0,1404,0,3,37289984,0,268468224,0,0,0,-1321907123,1427461461
48502,"Naroua, Re della Foresta",,29274,113895,0,-1,0,0,0,0,0,0,0,0,0,0,23267,136,337,0,3,37290048,0,268435456,0,0,0,-1,-1
48503,Vindicator Hakbi,,29275,0,0,-1,1,0,0,0,0,0,0,0,0,0,0,0,189,0,3,35652616,0,0,0,0,0,-1,-1
48509,Comandante Sathrenael,,29279,50280,0,-1,0,0,0,0,0,0,0,0,0,0,23300,136,337,0,3,37290048,0,268435456,0,0,0,-1,-1
48510,Comandante Vecaya,,29280,50280,0,-1,0,0,0,0,0,0,0,0,0,0,23301,136,337,0,3,37290048,0,268435456,0,0,0,-1,-1
48511,Comandante Endaxis,,29281,50280,0,-1,0,0,0,0,0,0,0,0,0,0,23302,136,337,0,3,37290048,0,268435456,0,0,0,-1,-1
48512,Sorella Subversia,,29282,50280,0,-1,0,0,0,0,0,0,0,0,0,0,23303,136,337,0,3,37290048,0,268435456,0,0,0,-1,-1
48514,Behemoth assopiti,,29284,51561,0,-1,0,0,0,0,0,0,0,0,0,0,23612,135,337,0,3,37289984,0,268435456,0,0,0,-1,-1
48525,Riducili a pezzetti,,29295,0,0,-1,0,0,0,0,0,0,0,0,0,0,0,0,1404,0,3,34144256,0,268468224,48519,0,0,-1321907123,1427461461
48526,A gambe levate,,29296,51561,0,-1,0,0,0,0,0,0,0,0,0,0,23318,135,337,0,3,37289984,0,268435456,0,0,0,-1,-1
48543,Kandak,,29312,0,0,-1,1,0,0,0,0,0,0,0,0,0,0,0,0,0,3,35652616,0,0,0,0,0,-1,-1
48588,Epurare l'infezione,,29353,54627,0,-1,0,0,0,0,0,0,0,0,0,0,0,0,1403,0,3,36241408,0,268468224,0,0,0,1309324210,-1440044374
48592,Difendere la guglia,,29356,51611,0,-1,0,0,0,0,0,0,0,0,0,0,23426,109,337,0,3,41484288,0,268435456,0,0,0,-1,-1
48614,Implicazioni tragiche,,29378,51611,0,-1,0,0,0,0,0,0,0,0,0,0,23433,109,337,0,3,41484288,0,268435456,0,0,0,-1,-1
48615,La guerra non cambia mai,,29379,51611,0,-1,0,0,0,0,0,0,0,0,0,0,23434,109,337,0,3,37289984,0,268435456,0,0,0,-1,-1
48624,Chi ha sguinzagliato i cani?,,29388,51561,0,-1,0,0,0,0,0,0,0,0,0,0,23436,135,337,0,3,37289984,0,268435456,0,0,0,-1,-1
48625,Ahalt'cob,,29389,0,0,-1,1,0,0,0,0,0,0,0,0,0,0,0,189,0,3,35652616,0,0,0,0,0,-1,-1
48637,Fuoco Purificatore,,29398,51561,0,-1,0,0,0,0,0,0,0,0,0,152648,23445,135,337,0,3,37421056,0,268435456,0,0,0,-1,-1
48640,Lo squadrone immortale,,29401,51561,0,-1,0,0,0,0,0,0,0,0,0,152657,23447,135,337,0,3,37421056,0,268435456,0,0,0,-1,-1
48662,Micce corte,,29420,51561,0,-1,0,0,0,0,0,0,0,0,0,0,23452,135,337,0,3,37289984,0,268435456,0,0,0,-1,-1
48680,Non le api!,,29438,0,0,-1,0,0,0,0,0,0,0,0,0,0,0,0,1404,0,3,34144320,0,268468224,48678,0,0,-1321907123,1427461461
48691,Catene dell'anima,,29449,51561,0,-1,0,0,0,0,0,0,0,0,0,152971,23455,135,337,0,3,37289984,0,268435456,0,0,0,-1,-1
48694,Mostruosità dall'Anima Corrotta,,29452,52119,0,-1,0,0,0,0,0,0,0,0,0,0,23457,136,337,0,3,37290048,0,268435456,0,0,0,-1,-1
48696,Mandriano Kravos,,29454,52119,0,-1,0,0,0,0,0,0,0,0,0,0,23458,136,337,0,3,37290048,0,268435456,0,0,0,-1,-1
48698,Kaara la Pallida,,29456,50321,0,-1,0,0,0,0,0,0,0,0,0,0,23459,136,337,0,3,37290048,0,268435456,0,0,0,-1,-1
48701,Baruut il Sanguinario,,29459,50321,0,-1,0,0,0,0,0,0,0,0,0,0,23460,136,337,0,3,37290048,0,268435456,0,0,0,-1,-1
48722,Feasel il Ladro di Muffin,,29480,52120,0,-1,0,0,0,0,0,0,0,0,0,0,23461,136,337,0,3,37290048,0,268435456,0,0,0,-1,-1
48723,Vigilante Thanos,,29481,50321,0,-1,0,0,0,0,0,0,0,0,0,0,23462,136,337,0,3,37290048,0,268435456,0,0,0,-1,-1
48724,Vigilante Kuro,,29482,52119,0,-1,0,0,0,0,0,0,0,0,0,0,23463,136,337,0,3,37290048,0,268435456,0,0,0,-1,-1
48725,Pinnaceleste Codavenefica,,29483,50321,0,-1,0,0,0,0,0,0,0,0,0,0,23464,136,337,0,3,37290048,0,268435456,0,0,0,-1,-1
48726,Turek il Lucido,,29484,50321,0,-1,0,0,0,0,0,0,0,0,0,0,23465,136,337,0,3,37290048,0,268435456,0,0,0,-1,-1
48727,Capitano Faruq,,29485,50321,0,-1,0,0,0,0,0,0,0,0,0,0,23466,136,337,0,3,37290048,0,268435456,0,0,0,-1,-1
48728,Umbraliss,,29486,50321,0,-1,0,0,0,0,0,0,0,0,0,0,23467,136,337,0,3,37290048,0,268435456,0,0,0,-1,-1
48729,Ataxon,,29487,50321,0,-1,0,0,0,0,0,0,0,0,0,0,23468,136,337,0,3,37290048,0,268435456,0,0,0,-1,-1
48730,Sorolis lo Sfortunato,,29488,52119,0,-1,0,0,0,0,0,0,0,0,0,0,23469,136,337,0,3,37290048,0,268435456,0,0,0,-1,-1
48731,Araldo del Caos,,29489,50321,0,-1,0,0,0,0,0,0,0,0,0,0,23470,136,337,0,3,37290048,0,268435456,0,0,0,-1,-1
48732,Sabuul,,29490,50321,0,-1,0,0,0,0,0,0,0,0,0,0,23471,136,337,0,3,37290048,0,268435456,0,0,0,-1,-1
48733,Campione del Jed'hin Vorusk,,29491,52119,0,-1,0,0,0,0,0,0,0,0,0,0,23472,136,337,0,3,37290048,0,268435456,0,0,0,-1,-1
48734,Sovrintendente Y'beda,,29492,52120,0,-1,0,0,0,0,0,0,0,0,0,0,23473,136,337,0,3,37290048,0,268435456,0,0,0,-1,-1
48735,Sovrintendente Y'sorna,,29493,52120,0,-1,0,0,0,0,0,0,0,0,0,0,23474,136,337,0,3,37290048,0,268435456,0,0,0,-1,-1
48736,Sovrintendente Y'morna,,29494,52120,0,-1,0,0,0,0,0,0,0,0,0,0,23475,136,337,0,3,37290048,0,268435456,0,0,0,-1,-1
48737,Istruttrice Tarahna,,29495,52119,0,-1,0,0,0,0,0,0,0,0,0,0,23476,136,337,0,3,37290048,0,268435456,0,0,0,-1,-1
48738,Zul'tan il Molteplice,,29496,52119,0,-1,0,0,0,0,0,0,0,0,0,0,23477,136,337,0,3,37290048,0,268435456,0,0,0,-1,-1
48739,Comandante Xethgar,,29497,52120,0,-1,0,0,0,0,0,0,0,0,0,0,23478,136,337,0,3,37290048,0,268435456,0,0,0,-1,-1
48740,Skreeg il Divoratore,,29498,52120,0,-1,0,0,0,0,0,0,0,0,0,0,23479,136,337,0,3,37290048,0,268435456,0,0,0,-1,-1
48777,Antro dei Demoni,,29535,51561,0,-1,0,0,0,0,0,0,0,0,0,0,23481,135,337,0,3,37289984,0,268435456,0,0,0,-1,-1
48780,Gladius,,29538,51561,0,-1,0,0,0,0,0,0,0,0,0,0,23484,135,337,0,3,37289984,0,268435456,0,0,0,-1,-1
48783,Personaggi inaspettati,,29541,51561,0,-1,0,0,0,0,0,0,0,0,0,0,23504,135,337,0,3,37289984,0,268435456,0,0,0,-1,-1
48827,Varga,,29580,51561,0,-1,0,0,0,0,0,0,0,0,0,0,23535,136,337,0,3,37290048,0,268435456,0,0,0,-1,-1
48828,Luogotenente Xakaar,,29581,51561,0,-1,0,0,0,0,0,0,0,0,0,0,23536,136,337,0,3,37290048,0,268435456,0,0,0,-1,-1
48829,Signore dell'Ira Yarez,,29582,51561,0,-1,0,0,0,0,0,0,0,0,0,0,23537,136,337,0,3,37290048,0,268435456,0,0,0,-1,-1
48830,Inquisitore Vethroz,,29583,51561,0,-1,0,0,0,0,0,0,0,0,0,0,23538,136,337,0,3,37290048,0,268435456,0,0,0,-1,-1
48831,Comandante Texlaz,,29584,51561,0,-1,0,0,0,0,0,0,0,0,0,0,23539,136,337,0,3,37290048,0,268435456,0,0,0,-1,-1
48832,Ammiraglio Rel'var,,29585,51561,0,-1,0,0,0,0,0,0,0,0,0,0,23540,136,337,0,3,37290048,0,268435456,0,0,0,-1,-1
48833,Completamento del rituale,,29586,51561,0,-1,0,0,0,0,0,0,0,0,0,0,23608,111,337,0,3,37289984,0,268435456,0,0,0,-1,-1
48834,Spezzamondi Skuul,,29587,51561,0,-1,0,0,0,0,0,0,0,0,0,0,23543,136,337,0,3,37290048,0,268435456,0,0,0,-1,-1
48835,Maestro dei Segugi Kerrax,,29588,51561,0,-1,0,0,0,0,0,0,0,0,0,0,23544,136,337,0,3,37290048,0,268435456,0,0,0,-1,-1
48836,Guardiano Aival,,29589,51561,0,-1,0,0,0,0,0,0,0,0,0,0,23545,136,337,0,3,37290048,0,268435456,0,0,0,-1,-1
48837,Xanarian l'Onnisciente,,29590,51561,0,-1,0,0,0,0,0,0,0,0,0,0,23541,136,337,0,3,37290048,0,268435456,0,0,0,-1,-1
48852,Fermare Zardrax,,29605,52131,0,-1,0,0,0,0,0,0,0,0,0,0,0,0,1403,0,3,34144256,0,268468224,0,0,0,1309324210,-1440044374
48866,Guardiana del Vuoto Valsuran,,29616,51561,0,-1,0,0,0,0,0,0,0,0,0,0,23560,136,337,0,3,37290048,0,268435456,0,0,0,-1,-1
48867,Capo Alchimista Munculus,,29617,51561,0,-1,0,0,0,0,0,0,0,0,0,0,23561,136,337,0,3,37290048,0,268435456,0,0,0,-1,-1
48875,Mischiare per bene,,29624,51561,0,-1,0,0,0,0,0,0,0,0,0,0,23567,135,337,0,3,37289984,0,268435456,0,0,0,-1,-1
48931,Behemoth risvegliati,,29675,51561,0,-1,0,0,0,0,0,0,0,0,0,0,23610,111,337,0,3,37289984,0,268435456,0,0,0,-1,-1
48934,Il marchio dei dannati,,29677,53769,0,-1,0,0,0,0,0,0,0,0,0,0,0,0,1403,0,3,34144256,0,268468224,0,0,0,1309324210,-1440044374
48936,Slithon l'Estremo,,29679,52119,0,-1,0,0,0,0,0,0,0,0,0,0,23627,136,337,0,3,37290048,0,268435456,0,0,0,-1,-1
48951,Seggio del Triumvirato: Faucivuote,,29694,50321,0,-1,0,0,0,0,0,0,0,0,0,0,23660,137,337,0,3,35192832,0,268435458,0,0,0,-1,-1
48952,Esche per tutti,,29695,51561,0,-1,0,0,0,0,0,0,0,0,0,0,23666,135,337,0,3,37289984,0,268435456,0,0,0,-1,-1
48953,Seggio del Triumvirato: Invocatore Oscuro,,29696,50321,0,-1,0,0,0,0,0,0,0,0,0,0,23659,137,337,0,3,35192832,0,268435458,0,0,0,-1,-1
48957,Seggio del Triumvirato: Lama del Vuoto Zedaat,,29698,50321,0,-1,0,0,0,0,0,0,0,0,0,0,23661,137,337,0,3,35192832,0,268435458,0,0,0,-1,-1
48958,Interrompere il rituale,,29699,51561,0,-1,0,0,0,0,0,0,0,0,0,0,23678,135,337,0,3,37289984,0,268435456,0,0,0,-1,-1
48959,Seggio del Triumvirato: Fessure Oscure,,29700,50321,0,-1,0,0,0,0,0,0,0,0,0,0,23662,137,337,0,3,35192832,0,268435458,0,0,0,-1,-1
48983,Regolamenti minerari,,29722,51561,0,-1,0,0,0,0,0,0,0,0,0,0,23684,135,337,0,3,37289984,0,268435456,0,0,0,-1,-1
48985,Seggio del Triumvirato: Araldo del Crepuscolo Tharuul,,29724,50321,0,-1,0,0,0,0,0,0,0,0,0,0,23663,137,337,0,3,35192832,0,268435458,0,0,0,-1,-1
49013,Una scarica di potere,,29748,55564,0,-1,0,0,0,0,0,0,0,0,0,0,25446,109,464,0,3,34144256,8192,268435456,0,0,0,1309324210,-1440044374
49041,Rovizoccolo,,29774,145951,0,-1,0,0,0,0,0,0,0,0,0,0,23694,115,337,0,3,3735808,0,268435456,0,0,0,-1,-1
49042,Vilzanna,,29775,145951,0,-1,0,0,0,0,0,0,0,0,0,0,23695,115,337,0,3,3735808,0,268435456,0,0,0,-1,-1
49043,Brillaflagello,,29776,145951,0,-1,0,0,0,0,0,0,0,0,0,0,23696,115,337,0,3,3735808,0,268435456,0,0,0,-1,-1
49044,Vomit,,29777,145951,0,-1,0,0,0,0,0,0,0,0,0,0,23697,115,337,0,3,3735808,0,268435456,0,0,0,-1,-1
49045,Strillamorte,,29778,145951,0,-1,0,0,0,0,0,0,0,0,0,0,23698,115,337,0,3,3735808,0,268435456,0,0,0,-1,-1
49046,Tritaossi,,29779,145951,0,-1,0,0,0,0,0,0,0,0,0,0,23699,115,337,0,3,3735808,0,268435456,0,0,0,-1,-1
49047,Bucky,,29780,145956,0,-1,0,0,0,0,0,0,0,0,0,0,23700,115,337,0,3,3735808,0,268435456,0,0,0,-1,-1
49048,Moccio,,29781,145956,0,-1,0,0,0,0,0,0,0,0,0,0,23701,115,337,0,3,3735808,0,268435456,0,0,0,-1,-1
49049,Alatenebra,,29782,145956,0,-1,0,0,0,0,0,0,0,0,0,0,23702,115,337,0,3,3735808,0,268435456,0,0,0,-1,-1
49050,Tremaombre,,29783,145956,0,-1,0,0,0,0,0,0,0,0,0,0,23703,115,337,0,3,3735808,0,268435456,0,0,0,-1,-1
49051,Sangue Corrotto di Argus,,29784,145956,0,-1,0,0,0,0,0,0,0,0,0,0,23704,115,337,0,3,3735808,0,268435456,0,0,0,-1,-1
49052,Mar'cuus,,29785,145956,0,-1,0,0,0,0,0,0,0,0,0,0,23705,115,337,0,3,3735808,0,268435456,0,0,0,-1,-1
49053,Guardiano,,29786,145953,0,-1,0,0,0,0,0,0,0,0,0,0,23706,115,337,0,3,3735808,0,268435456,0,0,0,-1,-1
49054,Bubbone,,29787,145953,0,-1,0,0,0,0,0,0,0,0,0,0,23707,115,337,0,3,3735808,0,268435456,0,0,0,-1,-1
49055,Bramaorecchie,,29788,145953,0,-1,0,0,0,0,0,0,0,0,0,0,23708,115,337,0,3,3735808,0,268435456,0,0,0,-1,-1
49056,Malandrino,,29789,145953,0,-1,0,0,0,0,0,0,0,0,0,0,23709,115,337,0,3,3735808,0,268435456,0,0,0,-1,-1
49057,Minixis,,29790,145953,0,-1,0,0,0,0,0,0,0,0,0,0,23710,115,337,0,3,3735808,0,268435456,0,0,0,-1,-1
49058,Uno-di-Molti,,29791,145953,0,-1,0,0,0,0,0,0,0,0,0,0,23711,115,337,0,3,3735808,0,268435456,0,0,0,-1,-1
49068,Calmare il covo,,29797,55564,0,-1,0,0,0,0,0,0,0,0,0,0,23720,109,464,0,3,41484288,8192,268435456,0,0,0,1309324210,-1440044374
49300,La corruzione delle creature,,29980,0,0,-1,0,0,0,0,0,0,0,0,0,0,0,0,1310,0,3,34144256,0,268468224,48366,0,0,-1321907123,1427461461
49315,La collusione dei Perlatruce,,29995,61885,0,-1,0,0,0,0,0,0,0,0,0,0,0,0,1407,0,3,34144256,0,268468224,0,0,0,-1,-1
49345,Tesoro Sepolto,,30025,55564,0,-1,0,0,0,0,0,0,0,0,0,0,25055,109,464,0,3,41484288,8192,268435456,0,0,0,1309324210,-1440044374
49367,Tracking Quest,,30044,0,0,-1,0,0,0,0,0,0,0,0,0,0,0,0,190,0,3,33555456,0,0,0,0,0,-1,-1
49368,Tracking Quest,,30045,0,0,-1,0,0,0,0,0,0,0,0,0,0,0,0,190,0,3,33555456,0,0,0,0,0,-1,-1
49369,Tracking Quest,,30046,0,0,-1,0,0,0,0,0,0,0,0,0,0,0,0,190,0,3,33555456,0,0,0,0,0,-1,-1
49397,Più salsiccia per tutti,,30069,55564,0,-1,0,0,0,0,0,0,0,0,0,0,25198,109,464,0,3,34144256,0,268435456,0,0,0,-1321907123,1427461461
49406,Il massacro di Zalamar,,30078,53450,0,-1,0,0,0,0,0,0,0,0,0,0,0,0,1403,0,3,269025280,0,268468224,0,0,0,1309324210,-1440044374
49413,Pesti e pergamene,,30084,55564,0,-1,0,0,0,0,0,0,0,0,0,0,24018,109,464,0,3,37289984,0,268435456,0,0,0,-1,-1
49444,Sotto i piedi,,30112,68543,0,-1,0,0,0,0,0,0,0,0,0,0,23566,109,464,0,3,41484288,8192,268435456,0,0,0,1309324210,-1440044374
49529,Pulizie di primavera,,30167,54391,0,-1,0,0,0,0,0,0,0,0,0,0,0,0,1310,0,3,34144256,0,268468224,0,0,0,-1321907123,1427461461
49675,Tracking Quest,,30237,0,0,-1,0,0,0,0,0,0,0,0,0,0,0,0,190,0,3,33555456,0,0,0,0,0,-1,-1
49695,Tracking Quest,,30257,0,0,-1,0,0,0,0,0,0,0,0,0,0,0,0,190,0,3,33555464,0,0,0,0,0,-1,-1
49739,Nemici ai cancelli,,30283,62654,0,-1,0,0,0,0,0,0,0,0,0,0,0,0,1310,0,3,589824,0,268468224,49738,0,0,-1321907123,1427461461
49800,Atal'dazar: ragni!,,30331,55564,0,-1,0,0,0,0,0,0,0,0,0,0,24143,137,464,0,3,35192832,0,268435458,0,0,0,-1,-1
49809,Atal'dazar: Dalle ombre,,30340,55564,0,-1,0,0,0,0,0,0,0,0,0,0,24144,137,464,0,3,35192832,0,268435458,0,0,0,-1,-1
49888,Atal'dazar: un piccolo mojo,,30400,55564,0,-1,0,0,0,0,0,0,0,0,0,0,24145,137,464,0,3,35192832,0,268435458,0,0,0,-1,-1
49918,La Gola dei Gorilla,,30430,66346,0,-1,0,0,0,0,0,0,0,0,0,0,0,0,1407,0,3,34144320,0,268468224,0,0,0,1309324210,-1440044374
49994,Slittare con stile,,30491,55564,0,-1,0,0,0,0,0,0,0,0,0,0,26695,109,464,0,3,2686976,0,268435456,0,0,0,-1321907123,1427461461
50000,Affari bestiali,,30497,55564,0,-1,0,0,0,0,0,0,0,0,0,0,25244,109,464,0,3,37289984,0,268435456,0,0,0,-1321907123,1427461461
50009,Recuperare il carico,,30506,0,0,-1,0,0,0,0,0,0,0,0,0,0,0,0,1310,0,3,34144256,0,268468224,50026,0,0,-1321907123,1427461461
50072,Test WQ Quest [RNM],,30567,0,0,-1,0,0,0,0,0,0,0,0,0,0,24378,115,347,0,3,34144256,196608,268435456,0,0,0,-1,-1
50080,Incursione contro gli incursori,,30575,62273,0,-1,0,0,0,0,0,0,0,0,0,0,0,0,1403,0,3,38338560,8192,268468224,0,0,0,1309324210,-1440044374
50091,Un villaggio al sicuro,,30586,54736,0,-1,0,0,0,0,0,0,0,0,0,0,0,0,1404,0,3,37289984,0,268468224,0,0,0,-1321907123,1427461461
50133,Tiro al bersaglio,,30618,54815,0,-1,1,0,0,0,0,0,0,0,0,0,0,0,1405,0,3,34144256,0,268468224,0,0,0,-1321907123,1427461461
50164,Polly vuole un cracker?,,30649,55564,0,-1,0,0,0,0,0,0,0,0,0,154878,25319,109,464,0,3,38338560,8192,268435456,0,0,0,-1321907123,1427461461
50178,Problemi a Radivia,,30660,0,0,-1,0,0,0,0,0,0,0,0,0,0,0,0,1407,0,3,34144256,0,268468224,0,0,0,1309324210,-1440044374
50234,Le ciurme del Covo della Libertà,,30716,55564,0,-1,0,0,0,0,0,0,0,0,0,0,24483,109,464,0,3,4784128,8193,268435456,0,0,0,-1321907123,1427461461
50267,Xu'e,,30744,0,0,-1,1,0,0,0,0,0,0,0,0,0,0,0,0,0,3,35652616,0,0,0,0,0,-1,-1
50287,La guerra dei gorilla senza fine,,30768,55564,0,-1,0,0,0,0,0,0,0,0,0,0,24526,109,464,0,3,37290304,0,268435456,0,0,0,1309324210,-1440044374
50295,Estrazione di denti,,30775,70114,0,-1,0,0,0,0,0,0,0,0,0,0,24527,109,464,0,3,38338560,8192,268435456,0,0,0,-1321907123,1427461461
50296,Il barbiere dei caproni,,30776,55564,0,-1,0,0,0,0,0,0,0,0,0,153596,24528,109,464,0,3,34144256,0,268435456,0,0,0,-1321907123,1427461461
50299,Il problema dei grifoni,,30779,55564,0,-1,0,0,0,0,0,0,0,0,0,156928,24532,109,464,0,3,34144256,0,268435456,0,0,0,-1321907123,1427461461
50315,Non presente sull'itinerario,,30793,55564,0,-1,0,0,0,0,0,0,0,0,0,0,25380,109,464,0,3,38338560,8192,268435456,0,0,0,-1321907123,1427461461
50322,Una moda piumata,,30799,55564,0,-1,0,0,0,0,0,0,0,0,0,0,25858,109,464,0,3,38338560,8192,268435456,0,0,0,-1321907123,1427461461
50324,Il pittoresco Villaggio Turistico Frizzafonti,,30801,55564,0,-1,0,0,0,0,0,0,0,0,0,157540,26576,109,464,0,3,38338560,8192,268435456,0,0,0,-1321907123,1427461461
50357,Riconquistare la miniera,,30833,5793,0,-1,0,0,0,0,0,0,0,0,0,0,0,0,1310,0,3,34144256,0,268468224,50349,0,0,-1321907123,1427461461
50369,Sorsi bruni,,30845,55564,0,-1,1,0,0,0,0,0,0,0,0,0,25411,109,464,0,3,3735552,0,268435456,0,0,0,-1321907123,1427461461
50421,Battibecchi pirateschi,,30896,55564,0,-1,0,0,0,0,0,0,0,0,0,0,25457,109,464,0,3,4784128,8192,268435456,0,0,0,-1321907123,1427461461
50443,Giù tra le radici,,30918,55564,0,-1,0,0,0,0,0,0,0,0,0,0,24631,109,464,0,3,41484288,8192,268435456,0,0,0,1309324210,-1440044374
50448,Reclamare Corlain,,30924,0,0,-1,0,0,0,0,0,0,0,0,0,0,0,0,1404,0,3,38338560,0,268468224,50253,0,0,-1321907123,1427461461
50459,Vugthuth,,30935,55564,0,-1,0,0,0,0,0,0,0,0,0,0,24588,136,464,0,3,37289984,0,268435456,0,0,0,-1,-1
50461,Zujothgul,,30937,55564,0,-1,0,0,0,0,0,0,0,0,0,0,24589,136,464,0,3,37289984,0,268435456,0,0,0,-1,-1
50468,Shul-Nagruth,,30943,55564,0,-1,0,0,0,0,0,0,0,0,0,0,24590,136,464,0,3,37289984,0,268435456,0,0,0,-1,-1
50474,L'Adilà,,30945,55564,0,-1,0,0,0,0,0,0,0,0,0,0,24632,109,464,0,3,41484288,8192,268435456,0,0,0,1309324210,-1440044374
50483,Signore delle Profondità Xerxiz,,30954,55564,0,-1,0,0,0,0,0,0,0,0,0,0,24591,136,464,0,3,37289984,0,268435456,0,0,0,-1,-1
50488,Spaccafauci Antico,,30958,55564,0,-1,0,0,0,0,0,0,0,0,0,0,24597,135,464,0,3,34144320,0,268435456,0,0,0,-1,-1
50489,Xu'ba,,30959,55564,0,-1,0,0,0,0,0,0,0,0,0,0,24598,135,464,0,3,34144320,0,268435456,0,0,0,-1,-1
50490,Uroku il Vincolato,,30960,55564,0,-1,0,0,0,0,0,0,0,0,0,0,24599,135,464,0,3,34144320,0,268435456,0,0,0,-1,-1
50491,Strisciacorpi Yal'kar,,30961,55564,0,-1,0,0,0,0,0,0,0,0,0,0,24600,135,464,0,3,34144320,0,268435456,0,0,0,-1,-1
50492,Cassa Maledetta,,30962,55564,0,-1,0,0,0,0,0,0,0,0,0,0,24601,135,464,0,3,34144320,0,268435456,0,0,0,-1,-1
50496,Faucighiotte,,30967,55564,0,-1,0,0,0,0,0,0,0,0,0,0,24602,135,464,0,3,34144320,0,268435456,0,0,0,-1,-1
50497,Il favore di Krag'wa,,30968,55564,0,-1,0,0,0,0,0,0,0,0,0,0,24635,109,464,0,3,41484288,8192,268435456,0,0,0,1309324210,-1440044374
50498,Straziabudella,,30969,55564,0,-1,0,0,0,0,0,0,0,0,0,0,24603,135,464,0,3,34144320,0,268435456,0,0,0,-1,-1
50499,Gwugnug,,30970,55564,0,-1,0,0,0,0,0,0,0,0,0,0,24604,135,464,0,3,34144320,0,268435456,0,0,0,-1,-1
50501,Regina Tzxi'kik,,30972,55564,0,-1,0,0,0,0,0,0,0,0,0,0,24605,135,464,0,3,35192896,0,268435456,0,0,0,-1,-1
50502,Jax'teb il Rianimato,,30973,55564,0,-1,0,0,0,0,0,0,0,0,0,0,24606,135,464,0,3,34144320,0,268435456,0,0,0,-1,-1
50503,Juba lo Sfregiato,,30974,55564,0,-1,0,0,0,0,0,0,0,0,0,0,24607,135,464,0,3,34144320,0,268435456,0,0,0,-1,-1
50505,Kal'draxa,,30976,67269,0,-1,0,0,0,0,0,0,0,0,0,0,24608,135,464,0,3,34144320,0,268435456,0,0,0,-1,-1
50506,Re Kooba,,30977,55564,0,-1,0,0,0,0,0,0,0,0,0,0,24609,135,464,0,3,34144320,0,268435456,0,0,0,-1,-1
50507,Krubbs,,30978,55564,0,-1,0,0,0,0,0,0,0,0,0,0,24610,135,464,0,3,34144320,0,268435456,0,0,0,-1,-1
50509,Lo'kuno,,30980,55564,0,-1,0,0,0,0,0,0,0,0,0,0,24612,135,464,0,3,34144320,0,268435456,0,0,0,-1,-1
50510,Saurolisco Rimpinzato,,30981,55564,0,-1,0,0,0,0,0,0,0,0,0,0,24613,135,464,0,3,34144320,0,268435456,0,0,0,-1,-1
50511,Bajiatha,,30982,55564,0,-1,0,0,0,0,0,0,0,0,0,0,24614,135,464,0,3,34144320,0,268435456,0,0,0,-1,-1
50512,Esploratore Skrasniss,,30983,55564,0,-1,0,0,0,0,0,0,0,0,0,0,24615,135,464,0,3,34144320,0,268435456,0,0,0,-1,-1
50513,Guardiano Contaminato,,30984,55564,0,-1,0,0,0,0,0,0,0,0,0,0,24616,135,464,0,3,34144320,0,268435456,0,0,0,-1,-1
50514,Costruttrice di Totem Jash'ga,,30985,55564,0,-1,0,0,0,0,0,0,0,0,0,0,24617,135,464,0,3,34144320,0,268435456,0,0,0,-1,-1
50515,Faucivenefiche,,30986,55564,0,-1,0,0,0,0,0,0,0,0,0,0,24618,135,464,0,3,34144320,0,268435456,0,0,0,-1,-1
50516,Tamburina da Guerra Zarula,,30987,55564,0,-1,0,0,0,0,0,0,0,0,0,0,24619,135,464,0,3,34144320,0,268435456,0,0,0,-1,-1
50517,Mala'kili e Rohnkor,,30988,55564,0,-1,0,0,0,0,0,0,0,0,0,0,24620,135,464,0,3,34144320,0,268435456,0,0,0,-1,-1
50518,Zanxib,,30989,55564,0,-1,0,0,0,0,0,0,0,0,0,0,24621,135,464,0,3,34144320,0,268435456,0,0,0,-1,-1
50519,Za'amar,,30990,55564,0,-1,0,0,0,0,0,0,0,0,0,0,24623,135,464,0,3,34144320,0,268435456,0,0,0,-1,-1
50521,Terra bruciata,,30992,55564,0,-1,0,0,0,0,0,0,0,0,0,157847,25598,109,464,0,3,41615360,8192,268435456,0,0,0,1309324210,-1440044374
50524,Purificare il tempio,,30995,55564,0,-1,0,0,0,0,0,0,0,0,0,0,24664,109,464,0,3,41484288,8192,268435456,0,0,0,1309324210,-1440044374
50527,Dietro le linee dei Mogu,,30998,66654,0,-1,0,0,0,0,0,0,0,0,0,0,24666,109,464,0,3,41484544,8192,268435456,52287,0,0,-1321907123,1427461461
50529,Lo spirito interiore,,31000,55564,0,-1,0,0,0,0,0,0,0,0,0,0,24637,109,464,0,3,41484288,8192,268435456,0,0,0,1309324210,-1440044374
50540,Radunare i Rastari,,31011,55564,0,-1,0,0,0,0,0,0,0,0,0,157858,24676,109,464,0,3,41615616,8192,268435456,0,0,0,1309324210,-1440044374
50545,Fulmine Biforcuto,,32725,55564,0,-1,0,0,0,0,0,0,0,0,0,0,24639,109,464,0,3,41484288,8192,268435456,0,0,0,1309324210,-1440044374
50547,Coltelli per Zul,,31020,55564,0,-1,0,0,0,0,0,0,0,0,0,0,24677,109,464,0,3,41484544,0,268435456,0,0,0,1309324210,-1440044374
50548,Eseguire il volere del re,,31021,55564,0,-1,0,0,0,0,0,0,0,0,0,0,24678,109,464,0,3,41615360,8192,268435456,0,0,0,1309324210,-1440044374
50549,È una barbarie,,31022,55564,0,-1,0,0,0,0,0,0,0,0,0,0,25611,109,464,0,3,41484288,8192,268435456,0,0,0,1309324210,-1440044374
50559,Una situazione sfuggita di mano,,31032,66505,0,-1,5,0,0,0,0,0,0,0,0,0,25787,109,464,0,3,40435712,8192,268435456,0,0,0,1309324210,-1440044374
50564,Scoria Infusa d'Azerite,,31037,55564,0,-1,0,0,0,0,0,0,0,0,0,0,24680,135,464,0,3,37290048,0,268435456,0,0,0,-1,-1
50566,La Pergamena Perduta,,31039,55564,0,-1,0,0,0,0,0,0,0,0,0,0,24681,135,464,0,3,37290048,0,268435456,0,0,0,-1,-1
50568,La Sfida di Chag,,31041,55564,0,-1,0,0,0,0,0,0,0,0,0,0,24682,135,464,0,3,37290048,0,268435456,0,0,0,-1,-1
50570,Elementale Infuso d'Azerite,,31043,55564,0,-1,0,0,0,0,0,0,0,0,0,0,24683,135,464,0,3,34144320,0,268435456,0,0,0,-1,-1
50571,Mi hai rotto le uova,,31044,55564,0,-1,0,0,0,0,0,0,0,0,0,0,24684,109,464,0,3,41484544,0,268435456,0,0,0,1309324210,-1440044374
50572,Intrusione di sangue,,31045,67204,0,-1,0,0,0,0,0,0,0,0,0,154724,24642,109,464,0,3,41615360,8192,268435456,0,0,0,1309324210,-1440044374
50574,Metodi di conservazione,,31047,55564,0,-1,0,0,0,0,0,0,0,0,0,158067,24685,109,464,0,3,41615616,0,268435456,0,0,0,1309324210,-1440044374
50577,Mancare all'appello,,31050,55564,0,-1,0,0,0,0,0,0,0,0,0,159761,25599,109,464,0,3,41484288,8192,268435456,0,0,0,1309324210,-1440044374
50578,La rovina non basta mai,,31051,55564,0,-1,0,0,0,0,0,0,0,0,0,0,24686,109,464,0,3,41484288,8192,268435456,0,0,0,1309324210,-1440044374
50581,Pergamene e scaglie,,31054,70810,0,-1,0,0,0,0,0,0,0,0,0,0,25000,109,464,0,3,41484288,8192,268435456,0,0,0,1309324210,-1440044374
50587,Risposta nagativa,,31060,55564,0,-1,0,0,0,0,0,0,0,0,0,0,24644,109,464,0,3,41484288,8192,268435456,0,0,0,1309324210,-1440044374
50591,Figli di buona arnia,,31066,55564,0,-1,0,0,0,0,0,0,0,0,0,0,25748,109,464,0,3,34144256,16384,268435456,0,0,0,-1321907123,1427461461
50592,Piccoli terrori,,31067,55564,0,-1,0,0,0,0,0,0,0,0,0,0,24999,109,464,0,3,41484288,8192,268435456,49681,0,0,1309324210,-1440044374
50619,Che c'è?,,31093,55564,0,-1,0,0,0,0,0,0,0,0,0,0,24997,109,464,0,3,38338560,8192,268435456,0,0,0,1309324210,-1440044374
50633,Ingredienti pterribili,,31105,55564,0,-1,0,0,0,0,0,0,0,0,0,0,24706,109,464,0,3,41484544,0,268435456,0,0,0,1309324210,-1440044374
50634,Salvare le pergamene,,31106,55564,0,-1,0,0,0,0,0,0,0,0,0,0,24847,109,464,0,3,38338560,8192,268435456,0,0,0,1309324210,-1440044374
50636,Fame devastante,,31108,55564,0,-1,0,0,0,0,0,0,0,0,0,0,24707,109,464,0,3,41484544,0,268435456,0,0,0,1309324210,-1440044374
50648,Bolle e problemi,,31120,55564,0,-1,0,0,0,0,0,0,0,0,0,0,24649,109,464,0,3,41484288,8192,268435456,0,0,0,1309324210,-1440044374
50650,La distruzione di Zalamar,,31122,67203,0,-1,0,0,0,0,0,0,0,0,0,0,26030,109,464,0,3,272171008,0,268435456,0,0,0,1309324210,-1440044374
50651,Potenziale limitato,,31123,55564,0,-1,0,0,0,0,0,0,0,0,0,158185,24713,109,464,0,3,41615616,0,268435456,0,0,0,-1321907123,1427461461
50652,Mordere la mano che li nutre,,31124,55564,0,-1,0,0,0,0,0,0,0,0,0,0,24996,109,464,0,3,38338560,8192,268435456,0,0,0,1309324210,-1440044374
50660,Strategia di sopravvivenza,,31132,55564,0,-1,0,0,0,0,0,0,0,0,0,0,24652,109,464,0,3,41484288,8192,268435456,0,0,0,1309324210,-1440044374
50665,Fermare l'apocalisse dei Troll del Sangue,,31137,55564,0,-1,0,0,0,0,0,0,0,0,0,0,24654,109,464,0,3,272171008,0,268435456,0,0,0,1309324210,-1440044374
50667,Il passato è passato,,31139,55564,0,-1,0,0,0,0,0,0,0,0,0,0,24653,109,464,0,3,41484288,8192,268435456,0,0,0,1309324210,-1440044374
50676,Troll di fiume,,31149,55564,0,-1,0,0,0,0,0,0,0,0,0,0,24655,109,464,0,3,41484288,8192,268435456,0,0,0,1309324210,-1440044374
50689,Le fosse,,31162,55564,0,-1,0,0,0,0,0,0,0,0,0,0,24656,109,464,0,3,272171264,0,268435456,0,0,0,1309324210,-1440044374
50695,Il cannibalismo non è mai la risposta,,31167,55564,0,-1,0,0,0,0,0,0,0,0,0,0,25595,109,464,0,3,272171008,0,268435456,0,0,0,1309324210,-1440044374
50717,"Non seguirmi, Troll",,31189,55564,0,-1,0,0,0,0,0,0,0,0,0,158324,24658,109,464,0,3,272171264,0,268435456,0,0,0,1309324210,-1440044374
50718,Agente della morte,,31190,55564,0,-1,0,0,0,0,0,0,0,0,0,0,24659,109,464,0,3,41484288,8192,268435456,0,0,0,1309324210,-1440044374
50735,Dettagli di sepoltura,,31206,55564,0,-1,0,0,0,0,0,0,0,0,0,0,24660,109,464,0,3,41484288,8192,268435456,0,0,0,1309324210,-1440044374
50737,Zittire gli Oratori,,31207,55564,0,-1,0,0,0,0,0,0,0,0,0,0,24743,109,464,0,3,41484544,0,268435456,0,0,0,-1321907123,1427461461
50744,Rinfrescargli la memoria,,31215,55564,0,-1,0,0,0,0,0,0,0,0,0,0,24755,109,464,0,3,41484544,0,268435456,0,0,0,1309324210,-1440044374
50747,Un Amani buono è un Amani morto,,31218,55564,0,-1,0,0,0,0,0,0,0,0,0,0,24756,109,464,0,3,41484544,8192,268435456,0,0,0,-1321907123,1427461461
50756,Evacuazione sotterranea,,31227,55564,0,-1,0,0,0,0,0,0,0,0,0,158652,24757,109,464,0,3,8061184,0,268435456,0,0,0,-1321907123,1427461461
50765,Accudire i bambini,,31236,55564,0,-1,0,0,0,0,0,0,0,0,0,0,25002,109,464,0,3,38338560,8192,268435456,0,0,0,1309324210,-1440044374
50767,La banda Bendarozza,,31238,55564,0,-1,0,0,0,0,0,0,0,0,0,0,25383,109,464,0,3,34144256,0,268435456,0,0,0,-1321907123,1427461461
50776,Falsi profeti,,31247,55564,0,-1,0,0,0,0,0,0,0,0,0,0,26579,109,464,0,3,34144256,0,268435456,0,0,0,-1321907123,1427461461
50779,Una pagina bianca,,31250,56366,0,-1,0,0,0,0,0,0,0,0,0,0,0,0,1405,0,3,34144256,0,268468224,50612,0,0,-1321907123,1427461461
50782,Voci dalla strada,,31253,55564,0,-1,0,0,0,0,0,0,0,0,0,0,24763,109,464,0,3,41615616,0,268435456,0,0,0,-1321907123,1427461461
50786,La vendetta di Krag'wa,,31257,55564,0,-1,0,0,0,0,0,0,0,0,0,0,24640,109,464,0,3,41484288,8192,268435456,0,0,0,1309324210,-1440044374
50792,Bustarelle,,31263,55564,0,-1,0,0,0,0,0,0,0,0,0,0,26581,109,464,0,3,34144256,0,268435456,0,0,0,-1321907123,1427461461
50805,Invocatori disattivati,,31276,56202,0,-1,5,0,0,0,0,0,0,0,0,0,0,0,1406,0,3,34275328,0,268468224,0,0,0,1309324210,-1440044374
50813,Reclamare la merce,,31284,55564,0,-1,0,0,0,0,0,0,0,0,0,0,24661,109,464,0,3,41484288,8192,268435456,0,0,0,1309324210,-1440044374
50845,Kul'krazahn,,31307,55564,0,-1,0,0,0,0,0,0,0,0,0,0,24785,135,464,0,3,37290048,0,268435456,0,0,0,-1,-1
50846,La Cacciatrice di Teste Lee'za,,31308,55564,0,-1,0,0,0,0,0,0,0,0,0,0,24786,136,464,0,3,37289984,0,268435456,0,0,0,-1,-1
50847,Il Figlio di Rezan Corrotto,,31309,55564,0,-1,0,0,0,0,0,0,0,0,0,0,24787,136,464,0,3,37289984,0,268435456,0,0,0,-1,-1
50848,Brgl-Lrgl il Picchiatore,,31310,0,0,-1,0,0,0,0,0,0,0,0,0,0,0,136,464,0,3,37290048,0,268435456,0,0,0,-1,-1
50849,Il Taumaturgo Habra'du,,31311,0,0,-1,0,0,0,0,0,0,0,0,0,0,0,136,464,0,3,37290048,0,268435456,0,0,0,-1,-1
50850,Tia'kawan,,31312,55564,0,-1,0,0,0,0,0,0,0,0,0,0,24790,136,464,0,3,37289984,0,268435456,0,0,0,-1,-1
50851,Mor'fani l'Esiliato,,31313,0,0,-1,0,0,0,0,0,0,0,0,0,0,0,136,464,0,3,37290048,0,268435456,0,0,0,-1,-1
50852,Dama Seirine,,31314,0,0,-1,0,0,0,0,0,0,0,0,0,0,0,136,464,0,3,37290048,0,268435456,0,0,0,-1,-1
50853,Umbra'rix,,31315,55564,0,-1,0,0,0,0,0,0,0,0,0,0,24793,136,464,0,3,37289984,0,268435456,0,0,0,-1,-1
50854,I Faucicremisi,,31316,55564,0,-1,0,0,0,0,0,0,0,0,0,0,24795,135,464,0,3,37290048,0,268435456,0,0,0,-1,-1
50855,Il Vecchio R'gal,,31317,55564,0,-1,0,0,0,0,0,0,0,0,0,0,24796,136,464,0,3,37290048,0,268435456,0,0,0,-1321907123,1427461461
50857,Golrakahn,,31319,55564,0,-1,0,0,0,0,0,0,0,0,0,0,24797,135,464,0,3,37290048,0,268435456,0,0,0,-1,-1
50858,La Regina dei Cieli,,31320,55564,0,-1,0,0,0,0,0,0,0,0,0,0,24798,135,464,0,3,37290048,0,268435456,0,0,0,-1321907123,1427461461
50859,Kandak,,31321,55564,0,-1,0,0,0,0,0,0,0,0,0,0,24799,135,464,0,3,37290048,0,268435456,0,0,0,-1,-1
50861,Torraske l'Eterno,,31323,55564,0,-1,0,0,0,0,0,0,0,0,0,0,24801,135,464,0,3,37290048,0,268435456,0,0,0,-1,-1
50862,La Pustola del Sangue,,31324,55564,0,-1,0,0,0,0,0,0,0,0,0,0,24802,135,464,0,3,37290048,0,268435456,0,0,0,-1,-1
50863,L'Avatar di Xolotal,,31325,55564,0,-1,0,0,0,0,0,0,0,0,0,0,24803,135,464,0,3,37290048,0,268435456,0,0,0,-1,-1
50864,Gotaka Atal'zul,,31326,55564,0,-1,0,0,0,0,0,0,0,0,0,0,24804,135,464,0,3,37290048,0,268435456,0,0,0,-1,-1
50866,Zayoos,,31328,66345,0,-1,0,0,0,0,0,0,0,0,0,0,24805,135,464,0,3,37290048,0,268435456,0,0,0,-1,-1
50867,Tambano,,31329,55564,0,-1,0,0,0,0,0,0,0,0,0,0,24806,135,464,0,3,37290048,0,268435456,0,0,0,-1,-1
50868,L'Alaspinosa,,31330,55564,0,-1,0,0,0,0,0,0,0,0,0,0,24807,135,464,0,3,37290048,0,268435456,0,0,0,-1,-1
50869,Kiboku,,31331,55564,0,-1,0,0,0,0,0,0,0,0,0,0,24808,135,464,0,3,37290048,0,268435456,0,0,0,-1,-1
50870,G'naat,,31332,55564,0,-1,0,0,0,0,0,0,0,0,0,0,24809,135,464,0,3,37290048,0,268435456,0,0,0,-1,-1
50871,Faucitaglienti,,31333,55564,0,-1,0,0,0,0,0,0,0,0,0,0,24810,135,464,0,3,37290048,0,268435456,0,0,0,-1,-1
50872,Il Cercaguerra Karkithiss,,31334,55564,0,-1,0,0,0,0,0,0,0,0,0,0,24811,135,464,0,3,37290048,0,268435456,0,0,0,-1,-1
50873,Uno Strano Uovo,,31335,55564,0,-1,0,0,0,0,0,0,0,0,0,0,24812,135,464,0,3,37290048,0,268435456,0,0,0,-1,-1
50874,Hakbi il Risorto,,31336,55564,0,-1,0,0,0,0,0,0,0,0,0,0,24813,135,464,0,3,37290048,0,268435456,0,0,0,-1,-1
50875,L'Oratore Oscuro Jo'la,,31337,55564,0,-1,0,0,0,0,0,0,0,0,0,0,24814,135,464,0,3,37290048,0,268435456,0,0,0,-1,-1
50876,Beccamorti,,31338,55564,0,-1,0,0,0,0,0,0,0,0,0,0,24815,135,464,0,3,37290048,0,268435456,0,0,0,-1,-1
50877,Gahz'ralka,,31339,55564,0,-1,0,0,0,0,0,0,0,0,0,0,24816,135,464,0,3,37290048,0,268435456,0,0,0,-1,-1
50885,Lei-Zhi,,31347,55564,0,-1,0,0,0,0,0,0,0,0,0,0,25019,135,464,0,3,37290048,0,268435456,0,0,0,-1,-1
50899,"Non seguirmi, Troll",,31361,55564,0,-1,0,0,0,0,0,0,0,0,0,158924,24850,109,464,0,3,272171008,0,268435456,0,0,0,-1321907123,1427461461
50936,Strategia di sopravvivenza,,31398,55564,0,-1,0,0,0,0,0,0,0,0,0,0,24848,109,464,0,3,41484288,8192,268435456,0,0,0,-1321907123,1427461461
50957,L'ira di Rezan,,31417,55564,0,-1,0,0,0,0,0,0,0,0,0,0,24888,109,464,0,3,40435712,8192,268435456,0,0,0,1309324210,-1440044374
50958,Occhio alla borsa,,31418,55564,0,-1,0,0,0,0,0,0,0,0,0,0,26580,109,464,0,3,34144256,0,268435456,0,0,0,-1321907123,1427461461
50959,Pirati saccheggiati,,31420,0,0,-1,0,0,0,0,0,0,0,0,0,0,0,0,1404,0,3,38338624,0,268468224,0,0,0,-1321907123,1427461461
50961,Salvare le pergamene,,31106,55564,0,-1,0,0,0,0,0,0,0,0,0,0,24847,109,464,0,3,38338560,8192,268435456,0,0,0,-1321907123,1427461461
50962,Reclamare la merce,,31424,55564,0,-1,0,0,0,0,0,0,0,0,0,0,24846,109,464,0,3,41484288,8192,268435456,0,0,0,-1321907123,1427461461
50964,Rituale di combattimento,,31426,61938,0,-1,0,0,0,0,0,0,0,0,0,0,24915,109,464,0,3,35323904,0,268435456,0,0,0,1309324210,-1440044374
50966,Squadra di pulizia,,31428,55564,0,-1,0,0,0,0,0,0,0,0,0,0,24998,109,464,0,3,38338560,8192,268435456,0,0,0,1309324210,-1440044374
50969,Gestione d'emergenza,,31430,55564,0,-1,0,0,0,0,0,0,0,0,0,0,25233,109,464,0,3,41484288,8192,268435456,0,0,0,-1321907123,1427461461
50975,Estrazione d'Azerite,,31436,55564,0,-1,0,0,0,0,0,0,0,0,0,0,24940,151,464,0,3,272171008,0,268435456,0,0,0,-1,-1
50977,Contrabbando allo sbando,,31438,55564,0,-1,0,0,0,0,0,0,0,0,0,0,24941,109,464,0,3,34144256,0,268435456,0,0,0,-1321907123,1427461461
50981,Incarico di lavoro: baccelli fluviali,,31442,55564,0,-1,0,0,0,0,0,2549,1,0,0,0,26156,119,464,0,3,524608,0,268435458,0,0,0,-1321907123,1427461461
50982,Incarico di lavoro: Muschio Stellare,,31443,55564,0,-1,0,0,0,0,0,2549,1,0,0,0,26157,119,464,0,3,524608,0,268435458,0,0,0,-1321907123,1427461461
50983,Incarico di lavoro: Morsi di Akunda,,31444,55564,0,-1,0,0,0,0,0,2549,1,0,0,0,26158,119,464,0,3,524608,0,268435458,0,0,0,-1321907123,1427461461
50984,Incarico di lavoro: Baci dell'Inverno,,31445,55564,0,-1,0,0,0,0,0,2549,1,0,0,0,26159,119,464,0,3,524608,0,268435458,0,0,0,-1321907123,1427461461
50985,Incarico di lavoro: Polline di Sirena,,31446,55564,0,-1,0,0,0,0,0,2549,1,0,0,0,26160,119,464,0,3,524608,0,268435458,0,0,0,-1321907123,1427461461
50986,Incarico di lavoro: Steli Marini,,31447,55564,0,-1,0,0,0,0,0,2549,1,0,0,0,26161,119,464,0,3,524608,0,268435458,0,0,0,-1321907123,1427461461
50987,Incarico di lavoro: Minerale di Monelite,,31448,55564,0,-1,0,0,0,0,0,2565,1,0,0,0,26175,120,464,0,3,524608,0,268435458,0,0,0,-1321907123,1427461461
50989,Incarico di lavoro: Minerali di Argento della Tempesta,,31450,55564,0,-1,0,0,0,0,0,2565,1,0,0,0,26176,120,464,0,3,524608,0,268435458,0,0,0,-1321907123,1427461461
50991,Incarico di lavoro: Ossa Sporche di Sangue,,31452,55564,0,-1,0,0,0,0,0,2557,1,0,0,0,26183,124,464,0,3,524608,0,268435458,0,0,0,-1321907123,1427461461
50992,Incarico di lavoro: Ossa Calcificate,,31453,55564,0,-1,0,0,0,0,0,2557,1,0,0,0,26184,124,464,0,3,524608,0,268435458,0,0,0,-1321907123,1427461461
50993,Incarico di lavoro: Cuoio Grezzo,,31454,55564,0,-1,0,0,0,0,0,2557,1,0,0,0,26185,124,464,0,3,524608,0,268435458,0,0,0,-1321907123,1427461461
50994,Incarico di lavoro: Pelle della Tempesta,,31455,55564,0,-1,0,0,0,0,0,2557,1,0,0,0,26186,124,464,0,3,524608,0,268435458,0,0,0,-1321907123,1427461461
50995,Incarico di lavoro: Scaglialucida,,31456,55564,0,-1,0,0,0,0,0,2557,1,0,0,0,26187,124,464,0,3,524608,0,268435458,0,0,0,-1321907123,1427461461
50996,Incarico di lavoro: Scaglianebbiosa,,31457,55564,0,-1,0,0,0,0,0,2557,1,0,0,0,26188,124,464,0,3,524608,0,268435458,0,0,0,-1321907123,1427461461
50997,Incarico di lavoro: Lino Spruzzato di Mare,,31458,55564,0,-1,0,0,0,0,0,197,1,0,0,0,26177,121,464,0,3,524608,0,268435458,0,0,0,-1321907123,1427461461
50998,Incarico di lavoro: Raso del Mare Profondo,,31459,55564,0,-1,0,0,0,0,0,197,1,0,0,0,26178,121,464,0,3,524608,0,268435458,0,0,0,-1321907123,1427461461
50999,Incarico di lavoro: baccelli fluviali,,31460,55564,0,-1,0,0,0,0,0,2549,1,0,0,0,26229,119,464,0,3,524608,0,268435458,0,0,0,1309324210,-1440044374
51000,Incarico di lavoro: Muschio Stellare,,31463,55564,0,-1,0,0,0,0,0,2549,1,0,0,0,26230,119,464,0,3,524608,0,268435458,0,0,0,1309324210,-1440044374
51002,Incarico di lavoro: Morsi di Akunda,,31464,55564,0,-1,0,0,0,0,0,2549,1,0,0,0,26231,119,464,0,3,524608,0,268435458,0,0,0,1309324210,-1440044374
51003,Incarico di lavoro: Baci dell'Inverno,,31465,55564,0,-1,0,0,0,0,0,2549,1,0,0,0,26232,119,464,0,3,524608,0,268435458,0,0,0,1309324210,-1440044374
51004,Incarico di lavoro: Polline di Sirena,,31466,55564,0,-1,0,0,0,0,0,2549,1,0,0,0,26233,119,464,0,3,524608,0,268435458,0,0,0,1309324210,-1440044374
51005,Incarico di lavoro: Steli Marini,,31467,55564,0,-1,0,0,0,0,0,2549,1,0,0,0,26234,119,464,0,3,524608,0,268435458,0,0,0,1309324210,-1440044374
51006,Incarico di lavoro: Minerale di Monelite,,31468,67908,0,-1,0,0,0,0,0,2565,1,0,0,0,26251,120,464,0,3,524608,0,268435458,0,0,0,1309324210,-1440044374
51007,Incarico di lavoro: Minerali di Argento della Tempesta,,31469,55564,0,-1,0,0,0,0,0,2565,1,0,0,0,26252,120,464,0,3,524608,0,268435458,0,0,0,1309324210,-1440044374
51008,Incarico di lavoro: Ossa Sporche di Sangue,,31470,55564,0,-1,0,0,0,0,0,2557,1,0,0,0,26259,124,464,0,3,524608,0,268435458,0,0,0,1309324210,-1440044374
51009,Incarico di lavoro: Ossa Calcificate,,31471,55564,0,-1,0,0,0,0,0,2557,1,0,0,0,26260,124,464,0,3,524608,0,268435458,0,0,0,1309324210,-1440044374
51010,Incarico di lavoro: Cuoio Grezzo,,31472,55564,0,-1,0,0,0,0,0,2557,1,0,0,0,26261,124,464,0,3,524608,0,268435458,0,0,0,1309324210,-1440044374
51011,Incarico di lavoro: Pelle della Tempesta,,31473,55564,0,-1,0,0,0,0,0,2557,1,0,0,0,26262,124,464,0,3,524608,0,268435458,0,0,0,1309324210,-1440044374
51012,Incarico di lavoro: Scaglialucida,,31474,55564,0,-1,0,0,0,0,0,2557,1,0,0,0,26263,124,464,0,3,524608,0,268435458,0,0,0,1309324210,-1440044374
51013,Incarico di lavoro: Scaglianebbiosa,,31475,55564,0,-1,0,0,0,0,0,2557,1,0,0,0,26264,124,464,0,3,524608,0,268435458,0,0,0,1309324210,-1440044374
51014,Incarico di lavoro: Lino Spruzzato di Mare,,31476,55564,0,-1,0,0,0,0,0,197,1,0,0,0,26267,121,464,0,3,524608,0,268435458,0,0,0,1309324210,-1440044374
51015,Incarico di lavoro: Raso del Mare Profondo,,31477,55564,0,-1,0,0,0,0,0,197,1,0,0,0,26268,121,464,0,3,524608,0,268435458,0,0,0,1309324210,-1440044374
51017,Provviste necessarie: Minerale di Monelite,,31479,55564,0,-1,0,0,0,0,0,0,0,0,0,0,26074,109,464,0,3,524608,0,268435458,0,0,0,-1321907123,1427461461
51021,Provviste necessarie: Minerali di Argento della Tempesta,,31483,55564,0,-1,0,0,0,0,0,0,0,0,0,0,26075,109,464,0,3,524608,0,268435458,0,0,0,-1321907123,1427461461
51022,Provviste necessarie: baccelli fluviali,,31484,55564,0,-1,0,0,0,0,0,0,0,0,0,0,26072,109,464,0,3,524608,0,268435458,0,0,0,-1321907123,1427461461
51023,Provviste necessarie: Muschio Stellare,,31485,55564,0,-1,0,0,0,0,0,0,0,0,0,0,26073,109,464,0,3,524608,0,268435458,0,0,0,-1321907123,1427461461
51024,Provviste necessarie: Morsi di Akunda,,31486,55564,0,-1,0,0,0,0,0,0,0,0,0,0,26127,109,464,0,3,524608,0,268435458,0,0,0,-1321907123,1427461461
51025,Provviste necessarie: Baci dell'Inverno,,31487,55564,0,-1,0,0,0,0,0,0,0,0,0,0,26128,109,464,0,3,524608,0,268435458,0,0,0,-1321907123,1427461461
51026,Provviste necessarie: Polline di Sirena,,31488,55564,0,-1,0,0,0,0,0,0,0,0,0,0,26129,109,464,0,3,524608,0,268435458,0,0,0,-1321907123,1427461461
51027,Provviste necessarie: Steli Marini,,31489,55564,0,-1,0,0,0,0,0,0,0,0,0,0,26130,109,464,0,3,524608,0,268435458,0,0,0,-1321907123,1427461461
51028,Provviste necessarie: Ossa Sporche di Sangue,,31490,55564,0,-1,0,0,0,0,0,0,0,0,0,0,26132,109,464,0,3,524608,0,268435458,0,0,0,-1321907123,1427461461
51029,Provviste necessarie: Ossa Calcificate,,31491,55564,0,-1,0,0,0,0,0,0,0,0,0,0,26133,109,464,0,3,524608,0,268435458,0,0,0,-1321907123,1427461461
51030,Provviste necessarie: Cuoio Grezzo,,31492,55564,0,-1,0,0,0,0,0,0,0,0,0,0,26134,109,464,0,3,524608,0,268435458,0,0,0,-1321907123,1427461461
51031,Provviste necessarie: Pelle della Tempesta,,31493,55564,0,-1,0,0,0,0,0,0,0,0,0,0,26135,109,464,0,3,524608,0,268435458,0,0,0,-1321907123,1427461461
51032,Provviste necessarie: Scaglialucida,,31494,55564,0,-1,0,0,0,0,0,0,0,0,0,0,26136,109,464,0,3,524608,0,268435458,0,0,0,-1321907123,1427461461
51033,Provviste necessarie: Scaglianebbiosa,,31495,55564,0,-1,0,0,0,0,0,0,0,0,0,0,26137,109,464,0,3,524608,0,268435458,0,0,0,-1321907123,1427461461
51034,Provviste necessarie: Lino Spruzzato di Mare,,31496,55564,0,-1,0,0,0,0,0,0,0,0,0,0,26138,109,464,0,3,524608,0,268435458,0,0,0,-1321907123,1427461461
51035,Provviste necessarie: Raso del Mare Profondo,,31497,55564,0,-1,0,0,0,0,0,0,0,0,0,0,26139,109,464,0,3,524608,0,268435458,0,0,0,-1321907123,1427461461
51036,Provviste necessarie: baccelli fluviali,,31498,55564,0,-1,0,0,0,0,0,0,0,0,0,0,26222,109,464,0,3,524608,0,268435458,0,0,0,1309324210,-1440044374
51037,Provviste necessarie: Muschio Stellare,,31499,55564,0,-1,0,0,0,0,0,0,0,0,0,0,26223,109,464,0,3,524608,0,268435458,0,0,0,1309324210,-1440044374
51038,Provviste necessarie: Morsi di Akunda,,31500,55564,0,-1,0,0,0,0,0,0,0,0,0,0,26224,109,464,0,3,524608,0,268435458,0,0,0,1309324210,-1440044374
51039,Provviste necessarie: Baci dell'Inverno,,31501,55564,0,-1,0,0,0,0,0,0,0,0,0,0,26225,109,464,0,3,524608,0,268435458,0,0,0,1309324210,-1440044374
51040,Provviste necessarie: Polline di Sirena,,31502,55564,0,-1,0,0,0,0,0,0,0,0,0,0,26227,109,464,0,3,524608,0,268435458,0,0,0,1309324210,-1440044374
51041,Provviste necessarie: Steli Marini,,31503,55564,0,-1,0,0,0,0,0,0,0,0,0,0,26228,109,464,0,3,524608,0,268435458,0,0,0,1309324210,-1440044374
51042,Provviste necessarie: Minerale di Monelite,,31504,55564,0,-1,0,0,0,0,0,0,0,0,0,0,26249,109,464,0,3,524608,0,268435458,0,0,0,1309324210,-1440044374
51043,Provviste necessarie: Minerali di Argento della Tempesta,,31505,55564,0,-1,0,0,0,0,0,0,0,0,0,0,26250,109,464,0,3,524608,0,268435458,0,0,0,1309324210,-1440044374
51044,Provviste necessarie: Ossa Sporche di Sangue,,31506,55564,0,-1,0,0,0,0,0,0,0,0,0,0,26253,109,464,0,3,524608,0,268435458,0,0,0,1309324210,-1440044374
51045,Provviste necessarie: Ossa Calcificate,,31507,55564,0,-1,0,0,0,0,0,0,0,0,0,0,26254,109,464,0,3,524608,0,268435458,0,0,0,1309324210,-1440044374
51046,Provviste necessarie: Cuoio Grezzo,,31508,55564,0,-1,0,0,0,0,0,0,0,0,0,0,26255,109,464,0,3,524608,0,268435458,0,0,0,1309324210,-1440044374
51047,Provviste necessarie: Pelle della Tempesta,,31509,55564,0,-1,0,0,0,0,0,0,0,0,0,0,26256,109,464,0,3,524608,0,268435458,0,0,0,1309324210,-1440044374
51048,Provviste necessarie: Scaglialucida,,31510,55564,0,-1,0,0,0,0,0,0,0,0,0,0,26257,109,464,0,3,524608,0,268435458,0,0,0,1309324210,-1440044374
51049,Provviste necessarie: Scaglianebbiosa,,31511,55564,0,-1,0,0,0,0,0,0,0,0,0,0,26258,109,464,0,3,524608,0,268435458,0,0,0,1309324210,-1440044374
51050,Provviste necessarie: Lino Spruzzato di Mare,,31512,55564,0,-1,0,0,0,0,0,0,0,0,0,0,26265,109,464,0,3,524608,0,268435458,0,0,0,1309324210,-1440044374
51051,Provviste necessarie: Raso del Mare Profondo,,31513,55564,0,-1,0,0,0,0,0,0,0,0,0,0,26266,109,464,0,3,524608,0,268435458,0,0,0,1309324210,-1440044374
51064,Ferite d'Azerite,,31525,55564,0,-1,0,0,0,0,0,0,0,0,0,0,24952,151,464,0,3,7930112,8192,268435456,0,0,0,-1,-1
51081,Syrawon la Dominante,,31539,55564,0,-1,0,0,0,0,0,0,0,0,0,0,25021,135,464,0,3,37290048,0,268435456,0,0,0,-1,-1
51084,Lo Storiografo Oscuro,,31542,55564,0,-1,0,0,0,0,0,0,0,0,0,0,25020,135,464,0,3,37290048,0,268435456,0,0,0,-1,-1
51090,Tenuta dei Norwington pittoresca,,31548,55564,0,-1,0,0,0,0,0,0,0,0,0,157540,26577,109,464,0,3,38338560,8192,268435456,0,0,0,-1321907123,1427461461
51092,Boralus pittoresca,,31550,55564,0,-1,0,0,0,0,0,0,0,0,0,157540,26578,109,464,0,3,38338560,8192,268435456,0,0,0,-1321907123,1427461461
51095,Mantocenere,,31553,55564,0,-1,0,0,0,0,0,0,0,0,0,0,24965,135,464,0,3,37290048,0,268435456,0,0,0,-1,-1
51096,Azer'tor,,31554,55564,0,-1,0,0,0,0,0,0,0,0,0,0,24966,135,464,0,3,37290048,0,268435456,0,0,0,-1,-1
51097,Krolusk Rigonfio,,31555,55564,0,-1,0,0,0,0,0,0,0,0,0,0,24967,135,464,0,3,37290048,0,268435456,0,0,0,-1,-1
51098,Commodoro Calhoun,,31556,55564,0,-1,0,0,0,0,0,0,0,0,0,0,24968,135,464,0,3,37290048,0,268435456,0,0,0,-1,-1
51099,Gnam-Gnam l'Ingordo,,31557,55564,0,-1,0,0,0,0,0,0,0,0,0,0,24969,135,464,0,3,37290048,0,268435456,0,0,0,-1,-1
51100,Mega Spezzasabbie,,31558,55564,0,-1,0,0,0,0,0,0,0,0,0,0,24970,135,464,0,3,37290048,0,268435456,0,0,0,-1,-1
51102,Kamid il Bracconiere,,31560,55564,0,-1,0,0,0,0,0,0,0,0,0,0,24971,135,464,0,3,37290048,0,268435456,0,0,0,-1,-1
51103,Nez'ara,,31561,55564,0,-1,0,0,0,0,0,0,0,0,0,0,24972,135,464,0,3,37290048,0,268435456,0,0,0,-1,-1
51104,Invocatore Celeste Teskris,,31562,55564,0,-1,0,0,0,0,0,0,0,0,0,0,24973,135,464,0,3,37290048,0,268435456,0,0,0,-1,-1
51105,Ak'tar,,31563,55564,0,-1,0,0,0,0,0,0,0,0,0,0,24974,135,464,0,3,37290048,0,268435456,0,0,0,-1,-1
51106,Cantatrice Nahjeen,,31564,55564,0,-1,0,0,0,0,0,0,0,0,0,0,24975,135,464,0,3,37290048,0,268435456,0,0,0,-1,-1
51107,Madre della Stirpe Scaglialama,,31565,55564,0,-1,0,0,0,0,0,0,0,0,0,0,24976,135,464,0,3,37290048,0,268435456,0,0,0,-1,-1
51108,Madre dell'Alveare Kraxi,,31566,55564,0,-1,0,0,0,0,0,0,0,0,0,0,24977,135,464,0,3,37290048,0,268435456,0,0,0,-1,-1
51109,Terra bruciata,,31567,55564,0,-1,0,0,0,0,0,0,0,0,0,159745,25596,109,464,0,3,41615360,8192,268435456,0,0,0,-1321907123,1427461461
51112,Araldo della Guerra Hozzik,,31570,55564,0,-1,0,0,0,0,0,0,0,0,0,0,24978,135,464,0,3,37290048,0,268435456,0,0,0,-1,-1
51113,Signore della Guerra Zothix,,31571,55564,0,-1,0,0,0,0,0,0,0,0,0,0,24979,135,464,0,3,37290048,0,268435456,0,0,0,-1,-1
51114,Madre della Guerra Prigioniera,,31572,55564,0,-1,0,0,0,0,0,0,0,0,0,0,24980,135,464,0,3,37290048,0,268435456,0,0,0,-1,-1
51115,Zunashi l'Esiliato,,31573,55564,0,-1,0,0,0,0,0,0,0,0,0,0,24981,135,464,0,3,37290048,0,268435456,0,0,0,-1,-1
51116,Intagliacieli Krakit,,31574,55564,0,-1,0,0,0,0,0,0,0,0,0,0,24982,135,464,0,3,37290048,0,268435456,0,0,0,-1,-1
51117,Bajiani il Viscido,,31575,55564,0,-1,0,0,0,0,0,0,0,0,0,0,24983,135,464,0,3,37290048,0,268435456,0,0,0,-1,-1
51118,Alacremisi Stuzzicaossa,,31576,55564,0,-1,0,0,0,0,0,0,0,0,0,0,24984,135,464,0,3,37290048,0,268435456,0,0,0,-1,-1
51119,Vathikur,,31577,55564,0,-1,0,0,0,0,0,0,0,0,0,0,24985,135,464,0,3,37290048,0,268435456,0,0,0,-1,-1
51120,"Stef ""Midollo"" Quin",,31578,55564,0,-1,0,0,0,0,0,0,0,0,0,0,24986,135,464,0,3,37290048,0,268435456,0,0,0,-1,-1
51121,Krolusk Infuriato,,31579,55564,0,-1,0,0,0,0,0,0,0,0,0,0,24987,135,464,0,3,37290048,0,268435456,0,0,0,-1,-1
51122,Scorpox,,31580,55564,0,-1,0,0,0,0,0,0,0,0,0,0,24988,135,464,0,3,37290048,0,268435456,0,0,0,-1,-1
51123,Sirokar,,31581,55564,0,-1,0,0,0,0,0,0,0,0,0,0,24989,135,464,0,3,37290048,0,268435456,0,0,0,-1,-1
51124,Cacciatore di Reliquie Hazaak,,31582,55564,0,-1,0,0,0,0,0,0,0,0,0,0,24990,135,464,0,3,37290048,0,268435456,0,0,0,-1,-1
51125,Cacciatore Tessigiungla,,31583,55564,0,-1,0,0,0,0,0,0,0,0,0,0,24991,135,464,0,3,37290048,0,268435456,0,0,0,-1,-1
51127,Una situazione sfuggita di mano,,31585,67687,0,-1,5,0,0,0,0,0,0,0,0,0,24844,109,464,0,3,41484288,8192,268435456,0,0,0,-1321907123,1427461461
51131,È una barbarie,,31587,55564,0,-1,0,0,0,0,0,0,0,0,0,0,24843,109,464,0,3,41484288,8192,268435456,0,0,0,-1321907123,1427461461
51153,Mor'fani l'Esiliato,,31606,55564,0,-1,0,0,0,0,0,0,0,0,0,0,25012,136,464,0,3,37289984,0,268435456,0,0,0,-1,-1
51154,Il passato è passato,,31607,55564,0,-1,0,0,0,0,0,0,0,0,0,0,24841,109,464,0,3,41484288,8192,268435456,0,0,0,-1321907123,1427461461
51155,Brgl-Lrgl il Picchiatore,,31608,55564,0,-1,0,0,0,0,0,0,0,0,0,0,25014,136,464,0,3,37289984,0,268435456,0,0,0,-1,-1
51156,Invocatore delle Zanne Xorreth,,31609,55564,0,-1,0,0,0,0,0,0,0,0,0,0,25015,136,464,0,3,37289984,0,268435456,0,0,0,-1,-1
51157,Golanar,,31610,55564,0,-1,0,0,0,0,0,0,0,0,0,0,25242,136,464,0,3,37289984,0,268435456,0,0,0,-1,-1
51166,Giù tra le radici,,31619,55564,0,-1,0,0,0,0,0,0,0,0,0,0,24840,109,464,0,3,41484288,8192,268435456,0,0,0,-1321907123,1427461461
51172,Fulmine biforcuto,,31018,55564,0,-1,0,0,0,0,0,0,0,0,0,0,24839,109,464,0,3,41484288,8192,268435456,0,0,0,-1321907123,1427461461
51173,Pesca nella Sabbia,,31625,55564,0,-1,0,0,0,0,0,0,0,0,0,0,25029,109,464,0,3,7929856,8192,268435456,0,0,0,1309324210,-1440044374
51174,Istruzioni non incluse,,31626,55564,0,-1,0,0,0,0,0,0,0,0,0,0,25026,109,464,0,3,37289984,8192,268435456,0,0,0,1309324210,-1440044374
51175,Ferite d'Azerite,,31627,55564,0,-1,0,0,0,0,0,0,0,0,0,0,25031,151,464,0,3,7929856,8192,268435456,0,0,0,-1,-1
51176,Mancare all'appello,,31628,55564,0,-1,0,0,0,0,0,0,0,0,0,159761,25597,109,464,0,3,41484288,8192,268435456,0,0,0,-1321907123,1427461461
51178,Rifugi per Troll,,31630,55564,0,-1,0,0,0,0,0,0,0,0,0,0,25090,109,464,0,3,37289984,8192,268435456,0,0,0,-1321907123,1427461461
51179,Follia d'Azerite,,31631,55564,0,-1,0,0,0,0,0,0,0,0,0,0,25033,151,464,0,3,7930112,8192,268435456,0,0,0,-1,-1
51180,Istruzioni non incluse,,31632,55564,0,-1,0,0,0,0,0,0,0,0,0,0,25027,109,464,0,3,37289984,8192,268435456,0,0,0,1309324210,-1440044374
51181,Istruzioni non incluse,,31633,55564,0,-1,0,0,0,0,0,0,0,0,0,0,25028,109,464,0,3,37289984,8192,268435456,0,0,0,1309324210,-1440044374
51185,Potenziamento d'Azerite,,31635,55564,0,-1,0,0,0,0,0,0,0,0,0,0,25034,151,464,0,3,3735552,0,268435456,0,0,0,-1,-1
51198,Doveri fertilizzanti,,31640,55564,0,-1,0,0,0,0,0,0,0,0,0,0,25038,109,464,0,3,41484288,8192,268435456,0,0,0,1309324210,-1440044374
51210,Respingere l'assedio,,31651,55564,0,-1,0,0,0,0,0,0,0,0,0,0,25044,109,464,0,3,36241408,8192,268435456,0,0,0,1309324210,-1440044374
51212,Maniero dei Crestabianca: Cucina stregonesca,,31653,55564,0,-1,0,0,0,0,0,0,0,0,0,0,25045,137,464,0,3,34144256,0,268435458,0,0,0,-1,-1
51213,Maniero dei Crestabianca: Rito da strega,,31654,55564,0,-1,0,0,0,0,0,0,0,0,0,0,25046,137,464,0,3,34144320,0,268435458,0,0,0,-1,-1
51216,Maniero dei Crestabianca: Un corvo per tutti,,31657,55564,0,-1,0,0,0,0,0,0,0,0,0,0,25047,137,464,0,3,34144320,0,268435458,0,0,0,-1,-1
51223,Camminare su vetri rotti,,31664,55564,0,-1,0,0,0,0,0,0,0,0,0,0,25051,109,464,0,3,41484544,0,268435456,0,0,0,1309324210,-1440044374
51225,Albatrocità,,31666,55564,0,-1,0,0,0,0,0,0,0,0,0,0,25054,109,464,0,3,34144256,0,268435456,0,0,0,-1321907123,1427461461
51228,Quattro granchi in padella,,31668,55564,0,-1,0,0,0,0,0,0,0,0,0,159796,25061,109,464,0,3,34275328,0,268435456,0,0,0,1309324210,-1440044374
51232,Rifugi per Troll,,31672,55564,0,-1,0,0,0,0,0,0,0,0,0,0,25089,109,464,0,3,37289984,8192,268435456,0,0,0,1309324210,-1440044374
51238,Abbandonati nelle tane,,31675,55564,0,-1,0,0,0,0,0,0,0,0,0,0,25062,109,464,0,3,34144256,8192,268435456,0,0,0,1309324210,-1440044374
51239,Istruzioni non incluse,,31676,55564,0,-1,0,0,0,0,0,0,0,0,0,0,25063,109,464,0,3,37289984,8192,268435456,0,0,0,1309324210,-1440044374
51241,Il mistero dell'orso,,31678,55564,0,-1,0,0,0,0,0,0,0,0,0,0,25065,109,464,0,3,34144256,0,268435456,0,0,0,-1321907123,1427461461
51245,Sono un taglialegna e son così,,31682,55564,0,-1,0,0,0,0,0,0,0,0,0,0,25066,109,464,0,3,34144256,0,268435456,0,0,0,-1321907123,1427461461
51250,Condor condonati,,31687,55564,0,-1,0,0,0,0,0,0,0,0,0,0,25067,109,464,0,3,41484608,0,268435456,0,0,0,1309324210,-1440044374
51252,Il fiore del deserto di Kiro,,31689,55564,0,-1,0,0,0,0,0,0,0,0,0,0,25070,109,464,0,3,34275328,0,268435456,0,0,0,1309324210,-1440044374
51284,Caccia coi falconi,,31697,55564,0,-1,0,0,0,0,0,0,0,0,0,152643,25931,109,464,0,3,34144256,8192,268435456,0,0,0,-1321907123,1427461461
51285,Ferocia famelica,,31698,55564,0,-1,0,0,0,0,0,0,0,0,0,0,25080,109,464,0,3,7929856,8192,268435456,0,0,0,1309324210,-1440044374
51287,Tol Dagor: Rifornimenti sigillati,,31700,55564,0,-1,0,0,0,0,0,0,0,0,0,0,25081,137,464,0,3,35192832,0,268435458,0,0,0,-1,-1
51296,Tol Dagor: L'orgoglio del Sovrintendente,,31701,55564,0,-1,0,0,0,0,0,0,0,0,0,0,25085,137,464,0,3,35192832,0,268435458,0,0,0,-1,-1
51297,Tol Dagor: Proprietà fronte mare,,31702,55564,0,-1,0,0,0,0,0,0,0,0,0,0,25088,137,464,0,3,35192832,0,268435458,0,0,0,-1,-1
51311,Estratto energizzante,,31709,55564,0,-1,0,0,0,0,0,0,0,0,0,0,25891,109,464,0,3,34144256,0,268435456,0,0,0,-1321907123,1427461461
51315,Fluttuole selvagge,,31713,55564,0,-1,0,0,0,0,0,0,0,0,0,0,25093,109,464,0,3,38338560,8192,268435456,0,0,0,1309324210,-1440044374
51316,Camminare nelle ragnatele,,31714,55564,0,-1,0,0,0,0,0,0,0,0,0,0,25094,109,464,0,3,41484288,8192,268435456,0,0,0,1309324210,-1440044374
51317,Lerciare i Roccialercia,,31715,55564,0,-1,0,0,0,0,0,0,0,0,0,0,25929,109,464,0,3,34144256,0,268435456,0,0,0,-1321907123,1427461461
51318,Mira alla barca,,31716,55564,0,-1,0,0,0,0,0,0,0,0,0,0,25236,109,464,0,3,40435712,8192,268435456,0,0,0,-1321907123,1427461461
51322,Ali e pungiglioni,,31720,55564,0,-1,0,0,0,0,0,0,0,0,0,0,25098,109,464,0,3,38338560,8192,268435456,0,0,0,1309324210,-1440044374
51330,Semi resilienti,,31721,55564,0,-1,0,0,0,0,0,0,0,0,0,0,25096,109,464,0,3,41484544,0,268435456,0,0,0,1309324210,-1440044374
51333,Levare le ancore!,,31724,55564,0,-1,0,0,0,0,0,0,0,0,0,0,25237,109,464,0,3,40435712,8192,268435456,0,0,0,-1321907123,1427461461
51373,Orecchie dappertutto,,31761,55564,0,-1,0,0,0,0,0,0,0,0,0,0,25116,109,464,0,3,41484544,0,268435456,0,0,0,-1321907123,1427461461
51374,La guerra senza fine dei gorilla,,31762,66345,0,-1,0,0,0,0,0,0,0,0,0,0,25121,109,464,0,3,37290304,0,268435456,0,0,0,-1321907123,1427461461
51377,Tempio di Sethraliss: Ricerca ecologica,,31765,55564,0,-1,0,0,0,0,0,0,0,0,0,0,25124,137,464,0,3,35193088,0,268435458,0,0,0,-1,-1
51378,Tempio di Sethraliss: Un serraglio bazar,,31766,55564,0,-1,0,0,0,0,0,0,0,0,0,0,25125,137,464,0,3,35193088,0,268435458,0,0,0,-1,-1
51379,Tempio di Sethraliss: Seguire la corrente,,31767,55564,0,-1,0,0,0,0,0,0,0,0,0,0,25126,137,464,0,3,35193088,0,268435458,0,0,0,-1,-1
51385,Una scorta di pungiglioni,,31771,67806,0,-1,0,0,0,0,0,0,0,0,0,0,25127,109,464,0,3,34144256,0,268435456,0,0,0,-1321907123,1427461461
51388,Fermare l'infestazione,,31773,55564,0,-1,0,0,0,0,0,0,0,0,0,0,25128,109,464,0,3,34144256,0,268435456,0,0,0,-1321907123,1427461461
51397,Su per la trivella,,31780,55564,0,-1,0,0,0,0,0,0,0,0,0,0,25363,109,464,0,3,40435712,8192,268435456,0,0,0,-1321907123,1427461461
51405,La corruzione della baia,,31786,55564,0,-1,0,0,0,0,0,0,0,0,0,0,25132,109,464,0,3,34144256,0,268435456,0,0,0,-1321907123,1427461461
51406,A caccia a Volpecava,,31788,70114,0,-1,0,0,0,0,0,0,0,0,0,0,25930,109,464,0,3,34144256,0,268435456,0,0,0,-1321907123,1427461461
51411,Estrazione d'Azerite,,31791,55564,0,-1,0,0,0,0,0,0,0,0,0,0,25017,151,464,0,3,272171008,0,268435456,0,0,0,-1,-1
51412,Potenziamento d'Azerite,,31792,55564,0,-1,0,0,0,0,0,0,0,0,0,0,25005,151,464,0,3,3735552,0,268435456,0,0,0,-1,-1
51415,Follia d'Azerite,,31794,55564,0,-1,0,0,0,0,0,0,0,0,0,0,25018,151,464,0,3,7929856,8192,268435456,0,0,0,-1,-1
51422,Follia d'Azerite,,31798,55564,0,-1,0,0,0,0,0,0,0,0,0,0,25162,151,464,0,3,7929856,8192,268435456,0,0,0,-1,-1
51428,Ferite d'Azerite,,31802,55564,0,-1,0,0,0,0,0,0,0,0,0,0,25161,151,464,0,3,7929856,8192,268435456,0,0,0,-1,-1
51429,Re Cliclac,,31803,55564,0,-1,0,0,0,0,0,0,0,0,0,0,25171,135,464,0,3,37290048,0,268435456,0,0,0,-1,-1
51431,Goliath dell'Anima,,31805,55564,0,-1,0,0,0,0,0,0,0,0,0,0,25176,136,464,0,3,34144256,0,268435456,0,0,0,-1,-1
51433,Matrona Morana,,31807,55564,0,-1,0,0,0,0,0,0,0,0,0,0,25175,136,464,0,3,34144256,0,268435456,0,0,0,-1,-1
51434,Golem di Pietra,,31808,55564,0,-1,0,0,0,0,0,0,0,0,0,0,25177,136,464,0,3,34144256,0,268435456,0,0,0,-1,-1
51444,Potenziamento d'Azerite,,31818,55564,0,-1,0,0,0,0,0,0,0,0,0,0,25166,151,464,0,3,3735552,0,268435456,0,0,0,-1,-1
51450,Estrazione d'Azerite,,31824,55564,0,-1,0,0,0,0,0,0,0,0,0,0,25165,151,464,0,3,272171008,0,268435456,0,0,0,-1,-1
51453,"Santuario della Tempesta: Guarda, dell'acqua pura",,31825,55564,0,-1,0,0,0,0,0,0,0,0,0,0,25180,137,464,0,3,35192832,0,268435458,0,0,0,-1,-1
51454,Ancora una volta in battaglia,,31826,55564,0,-1,0,0,0,0,0,0,0,0,0,0,25181,109,464,0,3,34144256,0,268435456,0,0,0,-1321907123,1427461461
51455,Santuario della Tempesta: Sorgenti purificanti,,31827,55564,0,-1,0,0,0,0,0,0,0,0,0,0,25182,137,464,0,3,35192832,0,268435458,0,0,0,-1,-1
51456,Santuario della Tempesta: Corruzione serpeggiante,,31828,55564,0,-1,0,0,0,0,0,0,0,0,0,0,25183,137,464,0,3,35192832,0,268435458,0,0,0,-1,-1
51457,Torcimoli l'Irritabile,,31829,55564,0,-1,0,0,0,0,0,0,0,0,0,0,25184,135,464,0,3,34144320,0,268435456,0,0,0,-1,-1
51461,Carcateppa,,31830,55564,0,-1,0,0,0,0,0,0,0,0,0,0,25185,135,464,0,3,34144320,0,268435456,0,0,0,-1,-1
51462,Truppe paramilitari,,31831,55564,0,-1,0,0,0,0,0,0,0,0,0,0,25389,109,464,0,3,36241408,0,268435456,0,0,0,1309324210,-1440044374
51463,Salvataggio dal cielo,,31832,55564,0,-1,0,0,0,0,0,0,0,0,0,0,25390,109,464,0,3,36241408,0,268435456,0,0,0,1309324210,-1440044374
51466,Arvon il Tradito,,31834,55564,0,-1,0,0,0,0,0,0,0,0,0,0,25187,135,464,0,3,34144320,0,268435456,0,0,0,-1,-1
51467,Hyo'gi,,31835,55564,0,-1,0,0,0,0,0,0,0,0,0,0,25188,135,464,0,3,34144320,0,268435456,0,0,0,-1,-1
51468,Alaossea,,31836,55564,0,-1,0,0,0,0,0,0,0,0,0,0,25189,135,464,0,3,34144320,0,268435456,0,0,0,-1,-1
51469,Betsy,,31837,55564,0,-1,0,0,0,0,0,0,0,0,0,0,25190,135,464,0,3,34144320,0,268435456,0,0,0,-1,-1
51475,Una scorta brutale,,31842,55564,0,-1,0,0,0,0,0,0,0,0,0,0,25193,109,464,0,3,34144256,0,268435456,0,0,0,1309324210,-1440044374
51491,Spinabieca,,31853,55564,0,-1,0,0,0,0,0,0,0,0,0,0,25195,135,464,0,3,34144320,0,268435456,0,0,0,-1,-1
51494,La Porta Insanguinata,,31856,67077,0,-1,0,0,0,0,0,0,0,0,0,0,25199,109,464,0,3,34144256,0,268435456,0,0,0,1309324210,-1440044374
51495,La Vecchia Rotana,,31857,57393,0,-1,0,0,0,0,0,0,0,0,0,0,25200,109,464,0,3,38338560,8192,268435456,0,0,0,1309324210,-1440044374
51496,Ridimensionare le aspettative,,31858,65496,0,-1,0,0,0,0,0,0,0,0,0,0,25202,109,464,0,3,34144256,0,268435456,0,0,0,1309324210,-1440044374
51497,Educazione malefica,,31859,65496,0,-1,0,0,0,0,0,0,0,0,0,160307,25201,109,464,0,3,34275328,0,268435456,0,0,0,1309324210,-1440044374
51500,Requie dei Re: Il ritorno del Mastro d'Armi,,31861,55564,0,-1,0,0,0,0,0,0,0,0,0,0,26091,137,464,0,3,34144320,0,268435458,0,0,0,-1,-1
51501,Requie dei Re: Malfunzionamento lento,,31862,55564,0,-1,0,0,0,0,0,0,0,0,0,0,26105,137,464,0,3,34144256,0,268435458,0,0,0,-1,-1
51502,Requie dei Re: Guardia Imperiale,,31863,55564,0,-1,0,0,0,0,0,0,0,0,0,0,26106,137,464,0,3,34144256,0,268435458,0,0,0,-1,-1
51505,Matriarca Rattospino,,31865,55564,0,-1,0,0,0,0,0,0,0,0,0,0,25203,135,464,0,3,34144320,0,268435456,0,0,0,-1,-1
51506,Regina Spinafina,,31866,55564,0,-1,0,0,0,0,0,0,0,0,0,0,25205,135,464,0,3,34144320,0,268435456,0,0,0,-1,-1
51507,Cornoatroce,,31867,55564,0,-1,0,0,0,0,0,0,0,0,0,0,25209,135,464,0,3,34144320,0,268435456,0,0,0,-1,-1
51508,Chelainfame,,31868,55564,0,-1,0,0,0,0,0,0,0,0,0,0,25210,135,464,0,3,34144320,0,268435456,0,0,0,-1,-1
51512,Madre Zannabile,,31869,67266,0,-1,0,0,0,0,0,0,0,0,0,0,25211,135,464,0,3,34144320,0,268435456,0,0,0,-1,-1
51527,Carnefice Pozzonero,,31880,55564,0,-1,0,0,0,0,0,0,0,0,0,0,25218,135,464,0,3,34144320,0,268435456,0,0,0,-1,-1
51528,Capitano Maniferree,,31881,55564,0,-1,0,0,0,0,0,0,0,0,0,0,25219,135,464,0,3,34144320,0,268435456,0,0,0,-1,-1
51529,Artiglio,,31882,55564,0,-1,0,0,0,0,0,0,0,0,0,0,25220,135,464,0,3,34144320,0,268435456,0,0,0,-1,-1
51530,Schiere da un matrimonio,,31883,55564,0,-1,0,0,0,0,0,0,0,0,0,0,25224,109,464,0,3,34144256,0,268435456,0,0,0,-1321907123,1427461461
51534,La battaglia per Brennadam,,31886,0,0,-1,1,0,0,0,0,0,0,0,0,0,0,0,1405,0,3,34144256,0,268468224,51163,0,0,-1321907123,1427461461
51541,Arciluce,,31892,55564,0,-1,0,0,0,0,0,0,0,0,0,0,25230,135,464,0,3,34144320,0,268435456,0,0,0,-1,-1
51542,Slavina,,31893,55564,0,-1,0,0,0,0,0,0,0,0,0,0,25231,135,464,0,3,34144320,0,268435456,0,0,0,-1,-1
51546,Le fosse,,31897,55564,0,-1,0,0,0,0,0,0,0,0,0,0,24837,109,464,0,3,272171264,0,268435456,0,0,0,-1321907123,1427461461
51548,Risposta nagativa,,31899,55564,0,-1,0,0,0,0,0,0,0,0,0,0,25594,109,464,0,3,41484288,8192,268435456,0,0,0,-1321907123,1427461461
51550,Bolle e problemi,,31901,55564,0,-1,0,0,0,0,0,0,0,0,0,0,25802,109,464,0,3,41484288,8192,268435456,0,0,0,-1321907123,1427461461
51558,Bruciare i ragni,,31909,55564,0,-1,0,0,0,0,0,0,0,0,0,160870,25529,109,464,0,3,37289984,0,268435456,0,0,0,1309324210,-1440044374
51559,Provviste danneggiate,,31910,55564,0,-1,0,0,0,0,0,0,0,0,0,160923,25565,109,464,0,3,37421056,0,268435456,0,0,0,1309324210,-1440044374
51561,Bruciare i ragni,,31912,55564,0,-1,0,0,0,0,0,0,0,0,0,160870,25530,109,464,0,3,37289984,0,268435456,0,0,0,-1321907123,1427461461
51562,Provviste danneggiate,,31913,55564,0,-1,0,0,0,0,0,0,0,0,0,160923,25564,109,464,0,3,37421056,0,268435456,0,0,0,-1321907123,1427461461
51564,Doveri fertilizzanti,,31915,55564,0,-1,0,0,0,0,0,0,0,0,0,0,25568,109,464,0,3,41484288,8192,268435456,0,0,0,-1321907123,1427461461
51565,Ferocia famelica,,31916,55564,0,-1,0,0,0,0,0,0,0,0,0,0,25569,109,464,0,3,7929856,8192,268435456,0,0,0,-1321907123,1427461461
51566,Il ritorno della Bestia,,31917,55564,0,-1,0,0,0,0,0,0,0,0,0,0,25246,109,464,0,3,34144256,0,268435456,0,0,0,-1321907123,1427461461
51576,"Finché c'è vita, c'è speranza",,31927,55564,0,-1,0,0,0,0,0,0,0,0,0,0,25254,109,464,0,3,37289984,0,268435456,0,0,0,-1321907123,1427461461
51577,Difendere l'Accademia,,31928,68021,0,-1,0,0,0,0,0,0,0,0,0,0,25259,109,464,0,3,38338560,8192,268435456,0,0,0,-1321907123,1427461461
51578,Acque scarlatte,,31929,55564,0,-1,0,0,0,0,0,0,0,0,0,0,25259,109,464,0,3,40435712,8192,268435456,0,0,0,1309324210,-1440044374
51579,La Guardaboschi Oscura Clea,,31930,55564,0,-1,0,0,0,0,0,0,0,0,0,0,25260,136,464,0,3,38338560,8192,268435456,0,0,0,-1321907123,1427461461
51580,Il Contrammiraglio Hainsworth,,31931,55564,0,-1,0,0,0,0,0,0,0,0,0,0,25260,136,464,0,3,40435712,8192,268435456,0,0,0,1309324210,-1440044374
51581,Estrazione d'Azerite,,31932,55564,0,-1,0,0,0,0,0,0,0,0,0,0,25255,151,464,0,3,272171008,0,268435456,0,0,0,-1,-1
51583,Ferite d'Azerite,,31934,55564,0,-1,0,0,0,0,0,0,0,0,0,0,25256,151,464,0,3,7929856,8192,268435456,0,0,0,-1,-1
51584,Follia d'Azerite,,31935,55564,0,-1,0,0,0,0,0,0,0,0,0,0,25257,151,464,0,3,7929856,8192,268435456,0,0,0,-1,-1
51585,Incantesimi spezzati,,31936,55564,0,-1,1,0,0,0,0,0,0,0,0,0,25272,109,464,0,3,3735616,0,268435456,0,0,0,-1321907123,1427461461
51586,Potenziamento d'Azerite,,31937,55564,0,-1,0,0,0,0,0,0,0,0,0,0,25258,151,464,0,3,3735552,0,268435456,0,0,0,-1,-1
51588,Nemici familiari,,31939,55564,0,-1,0,0,0,0,0,0,0,0,0,0,25437,109,464,0,3,34144256,0,268435456,0,0,0,-1321907123,1427461461
51604,Cacciatori cacciati,,31954,55564,0,-1,0,0,0,0,0,0,0,0,0,0,25514,109,464,0,3,34144320,0,268435456,0,0,0,-1321907123,1427461461
51608,Follia d'Azerite,,31955,67313,0,-1,0,0,0,0,0,0,0,0,0,0,25275,151,464,0,3,7929856,8192,268435456,0,0,0,-1,-1
51609,Ferite d'Azerite,,31956,67313,0,-1,0,0,0,0,0,0,0,0,0,0,25276,151,464,0,3,7929856,8192,268435456,0,0,0,-1,-1
51610,Adhara White,,31957,55564,0,-1,0,0,0,0,0,0,0,0,0,0,25286,136,464,0,3,38338560,8192,268435456,0,0,0,-1,-1
51611,Fantasma delle Profondità,,31958,55564,0,-1,0,0,0,0,0,0,0,0,0,0,25287,136,464,0,3,38338560,8192,268435456,0,0,0,-1,-1
51612,Potenziamento d'Azerite,,31959,67266,0,-1,0,0,0,0,0,0,0,0,0,0,25274,151,464,0,3,3735552,0,268435456,0,0,0,-1,-1
51613,Fauci di Sangue,,31960,55564,0,-1,0,0,0,0,0,0,0,0,0,0,25288,136,464,0,3,38338560,8192,268435456,0,0,0,-1,-1
51615,Estrazione d'Azerite,,31961,67313,0,-1,0,0,0,0,0,0,0,0,0,0,25273,151,464,0,3,272171008,0,268435456,0,0,0,-1,-1
51616,Riposo finale,,31962,55564,0,-1,0,0,0,0,0,0,0,0,0,0,25293,109,464,0,3,37289984,0,268435456,0,0,0,-1321907123,1427461461
51617,Potenziamento d'Azerite,,31963,55564,0,-1,0,0,0,0,0,0,0,0,0,0,25291,151,464,0,3,3735552,0,268435456,0,0,0,-1,-1
51618,Follia d'Azerite,,31964,55564,0,-1,0,0,0,0,0,0,0,0,0,0,25290,151,464,0,3,7929856,8192,268435456,0,0,0,-1,-1
51619,Trappola,,31965,55564,0,-1,0,0,0,0,0,0,0,0,0,0,25441,109,464,0,3,34144256,0,268435456,0,0,0,-1321907123,1427461461
51620,Risorse naturali,,31966,55564,0,-1,0,0,0,0,0,0,0,0,0,0,25442,109,464,0,3,37289984,0,268435456,0,0,0,-1321907123,1427461461
51621,Insegnamenti delle maree,,33435,55564,0,-1,0,0,0,0,0,0,0,0,0,0,25296,109,464,0,3,38338560,8192,268435456,0,0,0,-1321907123,1427461461
51622,Insegnamenti delle maree,,31967,55564,0,-1,0,0,0,0,0,0,0,0,0,0,25298,109,464,0,3,38338560,8192,268435456,0,0,0,1309324210,-1440044374
51623,Ferite d'Azerite,,31968,55564,0,-1,0,0,0,0,0,0,0,0,0,0,25289,151,464,0,3,7929856,8192,268435456,0,0,0,-1,-1
51625,Gioco dei Gusci,,31970,55564,0,-1,0,0,0,0,0,0,0,0,0,0,25300,152,464,0,3,-2110193408,0,268435456,0,0,0,-1,-1
51626,Gioco dei Gusci,,31971,55564,0,-1,0,0,0,0,0,0,0,0,0,0,25301,152,464,0,3,-2110193408,0,268435456,0,0,0,-1,-1
51627,Gioco dei Gusci,,31972,55564,0,-1,0,0,0,0,0,0,0,0,0,0,25302,152,464,0,3,-2110193408,0,268435456,0,0,0,-1,-1
51628,Gioco dei Gusci,,31973,55564,0,-1,0,0,0,0,0,0,0,0,0,0,25303,152,464,0,3,-2110193408,0,268435456,0,0,0,-1,-1
51629,Gioco dei Gusci,,31974,67936,0,-1,0,0,0,0,0,0,0,0,0,0,25304,152,464,0,3,-2105999104,8192,268435456,0,0,0,-1,-1
51630,Gioco dei Gusci,,31975,55564,0,-1,0,0,0,0,0,0,0,0,0,0,25305,152,464,0,3,-2110193408,0,268435456,0,0,0,-1,-1
51631,Lohmanji,,31976,55564,0,-1,0,0,0,0,0,0,0,0,0,0,25306,152,464,0,3,-2110193408,0,268435456,0,0,0,-1,-1
51632,Lohmanji,,31977,66774,0,-1,0,0,0,0,0,0,0,0,0,0,25307,152,464,0,3,-2110193408,0,268435456,0,0,0,-1,-1
51633,Lohmanji,,31978,55564,0,-1,0,0,0,0,0,0,0,0,0,0,25308,152,464,0,3,-2110193408,0,268435456,0,0,0,-1,-1
51634,Lohmanji,,31979,55564,0,-1,0,0,0,0,0,0,0,0,0,0,25309,152,464,0,3,-2110193408,0,268435456,0,0,0,-1,-1
51635,Lohmanji,,31980,55564,0,-1,0,0,0,0,0,0,0,0,0,0,25310,152,464,0,3,-2105999104,8192,268435456,0,0,0,-1,-1
51636,Lohmanji,,31981,55564,0,-1,0,0,0,0,0,0,0,0,0,0,25311,152,464,0,3,-2110193408,0,268435456,0,0,0,-1,-1
51637,Spiaggia senza quartiere,,31982,55564,0,-1,0,0,0,0,0,0,0,0,0,0,25312,152,464,0,3,-2110193408,0,268435456,0,0,0,-1,-1
51638,Spiaggia senza quartiere,,31983,55564,0,-1,0,0,0,0,0,0,0,0,0,0,25313,152,464,0,3,-2110193408,0,268435456,0,0,0,-1,-1
51639,Spiaggia senza quartiere,,31984,55564,0,-1,0,0,0,0,0,0,0,0,0,0,25314,152,464,0,3,-2110193408,8192,268435456,0,0,0,-1,-1
51640,Spiaggia senza quartiere,,31985,67269,0,-1,0,0,0,0,0,0,0,0,0,0,25315,152,464,0,3,-2110193408,0,268435456,0,0,0,-1,-1
51641,Spiaggia senza quartiere,,31986,55564,0,-1,0,0,0,0,0,0,0,0,0,0,25316,152,464,0,3,-2110193408,0,268435456,0,0,0,-1,-1
51642,Testa di Ponte,,31987,55564,0,-1,0,0,0,0,0,0,0,0,0,0,25317,152,464,0,3,-2110193408,0,268435456,0,0,0,-1,-1
51644,Estrazione d'Azerite,,31989,55564,0,-1,0,0,0,0,0,0,0,0,0,0,25292,151,464,0,3,272171008,0,268435456,0,0,0,-1,-1
51646,Polly vuole un cracker?,,30649,55564,0,-1,0,0,0,0,0,0,0,0,0,154878,25319,109,464,0,3,38338560,8192,268435456,0,0,0,1309324210,-1440044374
51647,Le ciurme del Covo della Libertà,,33432,55564,0,-1,0,0,0,0,0,0,0,0,0,0,25320,109,464,0,3,4784128,8193,268435456,0,0,0,1309324210,-1440044374
51651,Squacks,,31993,55564,0,-1,0,0,0,0,0,0,0,0,0,0,25321,135,464,0,3,38338624,8192,268435456,0,0,0,-1,-1
51652,Barista Bill,,31994,55564,0,-1,0,0,0,0,0,0,0,0,0,0,25324,135,464,0,3,38338624,8192,268435456,0,0,0,-1,-1
51653,Funzionario Dolp,,31995,55564,0,-1,0,0,0,0,0,0,0,0,0,0,25325,135,464,0,3,38338624,8192,268435456,0,0,0,-1,-1
51654,Gallibecco,,31996,55564,0,-1,0,0,0,0,0,0,0,0,0,0,25326,135,464,0,3,38338624,8192,268435456,0,0,0,-1,-1
51655,Teres,,31997,55564,0,-1,0,0,0,0,0,0,0,0,0,0,25330,135,464,0,3,38338624,8192,268435456,0,0,0,-1,-1
51656,Mugg,,31998,55564,0,-1,0,0,0,0,0,0,0,0,0,0,25339,135,464,0,3,38338624,8192,268435456,0,0,0,-1,-1
51657,Costrutto Cuordoppio,,31999,55564,0,-1,0,0,0,0,0,0,0,0,0,0,25340,135,464,0,3,38338624,8192,268435456,0,0,0,-1,-1
51658,Galline in fuga,,32000,55564,0,-1,0,0,0,0,0,0,0,0,0,0,25347,109,464,0,3,34144256,0,268435456,0,0,0,-1321907123,1427461461
51659,Merianae,,32001,55564,0,-1,0,0,0,0,0,0,0,0,0,0,25341,135,464,0,3,38338624,8192,268435456,0,0,0,-1,-1
51660,Capobranco Asenya,,32002,55564,0,-1,0,0,0,0,0,0,0,0,0,0,25342,135,464,0,3,38338624,8192,268435456,0,0,0,-1,-1
51661,Ondata Furente,,32003,55564,0,-1,0,0,0,0,0,0,0,0,0,0,25343,135,464,0,3,38338624,8192,268435456,0,0,0,-1,-1
51662,Terrore dei Cieli di Volpecava,,32004,55564,0,-1,0,0,0,0,0,0,0,0,0,0,25344,135,464,0,3,38338624,8192,268435456,0,0,0,-1,-1
51664,Kulett l'Irascibile,,32006,55564,0,-1,0,0,0,0,0,0,0,0,0,0,25345,135,464,0,3,38338624,8192,268435456,0,0,0,-1,-1
51665,Madre della Stirpe Razora,,32007,55564,0,-1,0,0,0,0,0,0,0,0,0,0,25346,135,464,0,3,38338624,8192,268435456,0,0,0,-1,-1
51666,Bashmu,,32008,55564,0,-1,0,0,0,0,0,0,0,0,0,0,25348,135,464,0,3,38338624,8192,268435456,0,0,0,-1,-1
51667,Volatile immutabile,,32009,55564,0,-1,0,0,0,0,0,0,0,0,0,157845,25352,109,464,0,3,34275328,0,268435456,0,0,0,-1321907123,1427461461
51669,Bart Occhionero,,32011,55564,0,-1,0,0,0,0,0,0,0,0,0,0,25349,135,464,0,3,38338624,8192,268435456,0,0,0,-1,-1
51670,Sentinella Arraffalegna,,32012,55564,0,-1,0,0,0,0,0,0,0,0,0,0,25350,135,464,0,3,38338624,8192,268435456,0,0,0,-1,-1
51671,Il barbiere dei caproni,,33434,70114,0,-1,0,0,0,0,0,0,0,0,0,153596,25351,109,464,0,3,34144256,0,268435456,0,0,0,1309324210,-1440044374
51672,Ragnatele Ingarbugliate,,32013,55564,0,-1,0,0,0,0,0,0,0,0,0,0,25353,109,464,0,3,34144256,0,268435456,0,0,0,-1321907123,1427461461
51676,Volo di gabbiano,,32018,55564,0,-1,0,0,0,0,0,0,0,0,0,0,25369,109,464,0,3,34144256,0,268435456,0,0,0,-1321907123,1427461461
51681,Semplice stregoneria,,32023,55564,0,-1,0,0,0,0,0,0,0,0,0,0,25372,109,464,0,3,34144256,0,268435456,0,0,0,-1321907123,1427461461
51682,Dozzine di streghe,,33437,55564,0,-1,0,0,0,0,0,0,0,0,0,0,25370,109,464,0,3,38338560,8192,268435456,0,0,0,-1321907123,1427461461
51683,Taglia e Brucia,,32025,55564,0,-1,0,0,0,0,0,0,0,0,0,0,25375,109,464,0,3,34144256,0,268435456,0,0,0,-1321907123,1427461461
51686,Caccia alle streghe,,32028,55564,0,-1,5,0,0,0,0,0,0,0,0,0,25376,109,464,0,3,38338560,0,268435456,0,0,0,-1321907123,1427461461
51687,Soluzione maleodorante,,33438,55564,0,-1,0,0,0,0,0,0,0,0,0,160557,25377,109,464,0,3,38338560,8192,268435456,0,0,0,-1321907123,1427461461
51689,Soccorrere i Tortolliani,,32030,61475,0,-1,0,0,0,0,0,0,0,0,0,0,0,0,1403,0,3,34144256,0,268468224,0,0,0,1309324210,-1440044374
51690,Le ombre di Corlain,,32032,55564,0,-1,0,0,0,0,0,0,0,0,0,0,25420,109,464,0,3,38338560,8192,268435456,0,0,0,-1321907123,1427461461
51693,Intercettare i Marferreo,,32034,55564,0,-1,0,0,0,0,0,0,0,0,0,0,25385,109,464,0,3,38338624,0,268435456,0,0,0,-1321907123,1427461461
51694,Quale strega?,,32035,55564,0,-1,0,0,0,0,0,0,0,0,0,160571,25392,109,464,0,3,38338560,0,268435456,0,0,0,-1321907123,1427461461
51697,Caccia ai cacciatori di tartufi,,32038,55564,0,-1,0,0,0,0,0,0,0,0,0,0,25391,109,464,0,3,38338560,0,268435456,0,0,0,-1321907123,1427461461
51699,Mostruosità Ammorbata,,32040,55564,0,-1,0,0,0,0,0,0,0,0,0,0,25518,136,464,0,3,34144256,0,268435456,0,0,0,-1,-1
51706,Legnomorto,,32047,55564,0,-1,0,0,0,0,0,0,0,0,0,0,25397,109,464,0,3,41484288,8192,268435456,0,0,0,-1321907123,1427461461
51707,Più prezioso dell'oro,,32048,55564,0,-1,0,0,0,0,0,0,0,0,0,0,25396,109,464,0,3,38338560,0,268435456,0,0,0,-1321907123,1427461461
51709,Bombardamento,,33440,55564,0,-1,0,0,0,0,0,0,0,0,0,0,25402,109,464,0,3,38338624,0,268435456,0,0,0,-1321907123,1427461461
51710,Ascesa degli Yeti,,33441,55564,0,-1,0,0,0,0,0,0,0,0,0,0,25403,109,464,0,3,38338560,0,268435456,0,0,0,-1321907123,1427461461
51719,Errore pungente,,32058,55564,0,-1,0,0,0,0,0,0,0,0,0,0,25405,109,464,0,3,34144256,0,268435456,0,0,0,1309324210,-1440044374
51727,Un colpo ai Ferroscuro,,32066,55564,0,-1,0,0,0,0,0,0,0,0,0,0,25410,109,464,0,3,38338560,8192,268435456,0,0,0,1309324210,-1440044374
51737,Sorsi bruni,,30845,55564,0,-1,1,0,0,0,0,0,0,0,0,0,25411,109,464,0,3,3735552,0,268435456,0,0,0,1309324210,-1440044374
51738,Dozzine di streghe,,32024,55564,0,-1,0,0,0,0,0,0,0,0,0,0,25412,109,464,0,3,38338560,8192,268435456,0,0,0,1309324210,-1440044374
51739,Ascesa degli Yeti,,32051,55564,0,-1,0,0,0,0,0,0,0,0,0,0,25445,109,464,0,3,38338560,0,268435456,0,0,0,1309324210,-1440044374
51740,Caccia ai cacciatori di tartufi,,32038,55564,0,-1,0,0,0,0,0,0,0,0,0,0,25391,109,464,0,3,38338560,0,268435456,0,0,0,1309324210,-1440044374
51741,Bombardamento,,32050,55564,0,-1,0,0,0,0,0,0,0,0,0,0,25415,109,464,0,3,38338624,0,268435456,0,0,0,1309324210,-1440044374
51742,Intercettare i Marferreo,,33439,55564,0,-1,0,0,0,0,0,0,0,0,0,0,25416,109,464,0,3,38338624,0,268435456,0,0,0,1309324210,-1440044374
51743,Più prezioso dell'oro,,32048,67266,0,-1,0,0,0,0,0,0,0,0,0,0,25396,109,464,0,3,38338560,0,268435456,0,0,0,1309324210,-1440044374
51745,Soluzione maleodorante,,32029,55564,0,-1,0,0,0,0,0,0,0,0,0,160557,25418,109,464,0,3,38338560,8192,268435456,0,0,0,1309324210,-1440044374
51746,Le ombre di Corlain,,32032,55564,0,-1,0,0,0,0,0,0,0,0,0,0,25420,109,464,0,3,38338560,8192,268435456,0,0,0,1309324210,-1440044374
51747,Avviso preventivo,,32076,55564,0,-1,1,0,0,0,0,0,0,0,0,0,25424,109,464,0,3,3735552,0,268435456,0,0,0,1309324210,-1440044374
51754,Robustezza Canina,,32083,55564,0,-1,0,0,0,0,0,0,0,0,0,0,25425,109,464,0,3,38338560,8192,268435456,0,0,0,1309324210,-1440044374
51758,Carico di armi,,32087,55564,0,-1,0,0,0,0,0,0,0,0,0,0,25388,109,464,0,3,34144256,0,268435456,0,0,0,-1321907123,1427461461
51759,Frangiflutti Skoloth,,32088,55564,0,-1,0,0,0,0,0,0,0,0,0,0,25433,135,464,0,3,41484352,8192,268435456,0,0,0,-1,-1
51760,La ferocia famelica dei ranishu,,32089,55564,0,-1,0,0,0,0,0,0,0,0,0,0,25434,109,464,0,3,38338816,8192,268435456,0,0,0,-1321907123,1427461461
51761,Nemici familiari,,31939,55564,0,-1,0,0,0,0,0,0,0,0,0,0,25437,109,464,0,3,34144256,0,268435456,0,0,0,1309324210,-1440044374
51763,Il salvataggio di Zem'lan,,32091,55564,0,-1,0,0,0,0,0,0,0,0,0,0,25438,109,464,0,3,34144512,0,268435456,0,0,0,1309324210,-1440044374
51764,Cacciatori cacciati,,31954,55564,0,-1,0,0,0,0,0,0,0,0,0,0,25514,109,464,0,3,34144320,0,268435456,0,0,0,1309324210,-1440044374
51765,Ragnatele Ingarbugliate,,33436,55564,0,-1,0,0,0,0,0,0,0,0,0,0,25440,109,464,0,3,34144256,0,268435456,0,0,0,1309324210,-1440044374
51767,Trappola,,31965,55564,0,-1,0,0,0,0,0,0,0,0,0,0,25441,109,464,0,3,34144256,0,268435456,0,0,0,1309324210,-1440044374
51768,Risorse naturali,,31966,55564,0,-1,0,0,0,0,0,0,0,0,0,0,25442,109,464,0,3,37289984,0,268435456,0,0,0,1309324210,-1440044374
51769,Volo di gabbiano,,32018,55564,0,-1,0,0,0,0,0,0,0,0,0,0,25369,109,464,0,3,34144256,0,268435456,0,0,0,1309324210,-1440044374
51774,Ragna,,32097,55564,0,-1,0,0,0,0,0,0,0,0,0,0,25447,135,464,0,3,41484352,8192,268435456,0,0,0,-1,-1
51776,Cuortempesta,,32099,55564,0,-1,0,0,0,0,0,0,0,0,0,0,25448,135,464,0,3,41484352,8192,268435456,0,0,0,-1,-1
51777,Dagrus il Disprezzato,,32100,68611,0,-1,0,0,0,0,0,0,0,0,0,0,25449,135,464,0,3,41484352,8192,268435456,0,0,0,-1,-1
51778,Zannafonda,,32101,55564,0,-1,0,0,0,0,0,0,0,0,0,0,25452,135,464,0,3,41484352,8192,268435456,0,0,0,-1,-1
51779,Sguardobieco lo Scervellato,,32103,55564,0,-1,0,0,0,0,0,0,0,0,0,0,25451,135,464,0,3,41484352,8192,268435456,0,0,0,-1,-1
51780,Cibo per Dolly e Dot,,32104,55564,0,-1,0,0,0,0,0,0,0,0,0,0,25453,109,464,0,3,34144256,8192,268435456,0,0,0,1309324210,-1440044374
51781,Caposquadra Scripps,,32105,55564,0,-1,0,0,0,0,0,0,0,0,0,0,25455,135,464,0,3,41484352,8192,268435456,0,0,0,-1,-1
51782,Capitano Spinaculeo,,32106,55564,0,-1,0,0,0,0,0,0,0,0,0,0,25456,135,464,0,3,41484352,8192,268435456,0,0,0,-1,-1
51783,Il salvataggio di Zem'lan,,32107,67933,0,-1,0,0,0,0,0,0,0,0,0,0,25454,109,464,0,3,34144512,0,268435456,0,0,0,-1321907123,1427461461
51791,Prova del Totem Ribollente,,33443,55564,0,-1,0,0,0,0,0,0,0,0,0,0,25464,109,464,0,3,34275584,8192,268435456,0,0,0,1309324210,-1440044374
51792,Prova del Totem Eruttante,,32116,55564,0,-1,0,0,0,0,0,0,0,0,0,0,25465,109,464,0,3,34144512,8192,268435456,0,0,0,1309324210,-1440044374
51793,Prova del Totem Ribollente,,33442,55564,0,-1,0,0,0,0,0,0,0,0,0,0,25466,109,464,0,3,34144512,8192,268435456,0,0,0,-1321907123,1427461461
51794,Prova del Totem Eruttante,,32115,55564,0,-1,0,0,0,0,0,0,0,0,0,0,25467,109,464,0,3,34144512,8192,268435456,0,0,0,-1321907123,1427461461
51804,Interferenza,,32125,55564,0,-1,0,0,0,0,0,0,0,0,0,0,25471,109,464,0,3,34144256,8192,268435456,0,0,0,-1321907123,1427461461
51806,Eliminatore di Parassiti V2,,32127,55564,0,-1,0,0,0,0,0,0,0,0,0,0,25481,136,464,0,3,37289984,0,268435456,0,0,0,-1,-1
51811,Tortolliani Prigionieri,,32132,55564,0,-1,0,0,0,0,0,0,0,0,0,0,25488,109,464,0,3,38338560,8192,268435456,0,0,0,1309324210,-1440044374
51814,Fame devastante,,32134,55564,0,-1,0,0,0,0,0,0,0,0,0,0,25485,109,464,0,3,38338816,0,268435456,0,0,0,-1321907123,1427461461
51815,Mi hai rotto le uova,,32135,55564,0,-1,0,0,0,0,0,0,0,0,0,0,25486,109,464,0,3,38338816,0,268435456,0,0,0,-1321907123,1427461461
51816,Ingredienti pterribili,,32136,55564,0,-1,0,0,0,0,0,0,0,0,0,0,25487,109,464,0,3,38338816,0,268435456,0,0,0,-1321907123,1427461461
51817,Tortolliani Prigionieri,,32157,70823,0,-1,0,0,0,0,0,0,0,0,0,0,25489,109,464,0,3,38338560,8192,268435456,0,0,0,-1321907123,1427461461
51820,Confusione oleosa,,32140,55564,0,-1,0,0,0,0,0,0,0,0,0,0,25492,109,464,0,3,38338624,8192,268435456,0,0,0,-1321907123,1427461461
51821,Calmare il covo,,32141,55564,0,-1,0,0,0,0,0,0,0,0,0,0,25482,109,464,0,3,38338560,8192,268435456,0,0,0,-1321907123,1427461461
51822,Pergamene e scaglie,,32142,70810,0,-1,0,0,0,0,0,0,0,0,0,0,25493,109,464,0,3,38338560,8192,268435456,0,0,0,-1321907123,1427461461
51824,In castigo,,32143,55564,0,-1,0,0,0,0,0,0,0,0,0,0,25494,109,464,0,3,38338560,8192,268435456,0,0,0,-1321907123,1427461461
51827,Minaccia dalle retrovie,,32144,55564,0,-1,0,0,0,0,0,0,0,0,0,160739,25468,109,464,0,3,38338560,8192,268435456,0,0,0,1309324210,-1440044374
51828,Infuocare la Legione,,32145,55564,0,-1,0,0,0,0,0,0,0,0,0,0,25495,109,464,0,3,38338560,8192,268435456,0,0,0,1309324210,-1440044374
51831,Assalto Rapido,,32148,55564,0,-1,0,0,0,0,0,0,0,0,0,0,25521,109,464,0,3,38338560,8192,268435456,0,0,0,-1321907123,1427461461
51832,Richiamo della foresta,,32149,55564,0,-1,0,0,0,0,0,0,0,0,0,0,25497,109,464,0,3,34144256,0,268435456,0,0,0,1309324210,-1440044374
51834,Nessuna trattativa,,32151,55564,0,-1,0,0,0,0,0,0,0,0,0,0,25538,109,464,0,3,34144256,8192,268435456,0,0,0,-1321907123,1427461461
51836,Procurarsi le risorse,,32153,55564,0,-1,0,0,0,0,0,0,0,0,0,0,25498,109,464,0,3,38338560,8192,268435456,0,0,0,-1321907123,1427461461
51839,Spruzzatore delle Profondità,,32155,55564,0,-1,0,0,0,0,0,0,0,0,0,0,25501,135,464,0,3,34144320,0,268435456,0,0,0,-1,-1
51840,Confusione oleosa,,32156,55564,0,-1,0,0,0,0,0,0,0,0,0,0,25503,109,464,0,3,38338624,8192,268435456,0,0,0,1309324210,-1440044374
51841,Spinanera,,32158,55564,0,-1,0,0,0,0,0,0,0,0,0,0,25504,135,464,0,3,34144320,0,268435456,0,0,0,-1,-1
51842,Carla Smirk,,32159,55564,0,-1,0,0,0,0,0,0,0,0,0,0,25505,135,464,0,3,34144320,0,268435456,0,0,0,-1,-1
51843,P4-N73R4,,32160,55564,0,-1,0,0,0,0,0,0,0,0,0,0,25506,135,464,0,3,34144320,0,268435456,0,0,0,-1,-1
51844,Gulliver,,32161,55564,0,-1,0,0,0,0,0,0,0,0,0,0,25507,135,464,0,3,34144320,0,268435456,0,0,0,-1,-1
51847,Zannaruga,,32162,55564,0,-1,0,0,0,0,0,0,0,0,0,0,25508,135,464,0,3,34144320,0,268435456,0,0,0,-1,-1
51848,Capitano Salpaghiacci,,32163,55564,0,-1,0,0,0,0,0,0,0,0,0,0,25509,135,464,0,3,34144320,0,268435456,0,0,0,-1,-1
51849,Tempestria,,32164,55564,0,-1,0,0,0,0,0,0,0,0,0,0,25510,135,464,0,3,34144320,0,268435456,0,0,0,-1,-1
51850,Oasi naturale,,32165,55564,0,-1,0,0,0,0,0,0,0,0,0,0,25511,109,464,0,3,34144512,8192,268435456,0,0,0,1309324210,-1440044374
51853,Oasi naturale,,32166,55564,0,-1,0,0,0,0,0,0,0,0,0,0,25512,109,464,0,3,34144512,8192,268435456,0,0,0,-1321907123,1427461461
51854,Io sono lo squalo,,32167,55564,0,-1,0,0,0,0,0,0,0,0,0,0,25513,109,464,0,3,40435712,8192,268435456,0,0,0,-1321907123,1427461461
51855,La mia vita da pirata,,32168,55564,0,-1,0,0,0,0,0,0,0,0,0,0,25515,109,464,0,3,38338560,8192,268435456,0,0,0,-1321907123,1427461461
51856,Grottamarcia: Fauciputride,,32169,55564,0,-1,0,0,0,0,0,0,0,0,0,0,25762,137,464,0,3,35192896,0,268435458,0,0,0,-1,-1
51874,Cinghiale Insaziabile,,32174,55564,0,-1,0,0,0,0,0,0,0,0,0,0,25519,135,464,0,3,34144320,0,268435456,0,0,0,-1,-1
51884,Golem Fuori Controllo,,32184,55564,0,-1,0,0,0,0,0,0,0,0,0,0,25523,135,464,0,3,34144320,0,268435456,0,0,0,-1,-1
51886,Pinku'shon,,32186,55564,0,-1,0,0,0,0,0,0,0,0,0,0,25528,135,464,0,3,41484352,8192,268435456,0,0,0,-1,-1
51887,Trio Fungino,,32187,55564,0,-1,0,0,0,0,0,0,0,0,0,0,25527,135,464,0,3,34144320,0,268435456,0,0,0,-1,-1
51890,"Ranja, l'ultimo dei Palmogelido",,32190,55564,0,-1,0,0,0,0,0,0,0,0,0,0,25532,135,464,0,3,34144320,0,268435456,0,0,0,-1,-1
51891,Sythian l'Agile,,32191,55564,0,-1,0,0,0,0,0,0,0,0,0,0,25533,135,464,0,3,34144320,0,268435456,0,0,0,-1,-1
51892,Fremiscaglia il Tossico,,32192,55564,0,-1,0,0,0,0,0,0,0,0,0,0,25534,135,464,0,3,34144320,0,268435456,0,0,0,-1,-1
51893,Zannasega,,32193,55564,0,-1,0,0,0,0,0,0,0,0,0,0,25535,135,464,0,3,34144320,0,268435456,0,0,0,-1,-1
51894,Tentulos l'Errante,,32194,55564,0,-1,0,0,0,0,0,0,0,0,0,0,25536,135,464,0,3,34144320,0,268435456,0,0,0,-1,-1
51895,Maison il Portatile,,32195,55564,0,-1,0,0,0,0,0,0,0,0,0,0,25537,135,464,0,3,34144320,0,268435456,0,0,0,-1,-1
51897,Pietrabrina,,32197,55564,0,-1,0,0,0,0,0,0,0,0,0,0,25539,135,464,0,3,34144320,0,268435456,0,0,0,-1,-1
51900,Massacro dei Senzafede,,32200,55564,0,-1,0,0,0,0,0,0,0,0,0,0,25543,109,464,0,3,34144512,8192,268435456,0,0,0,1309324210,-1440044374
51901,Spacchela,,32201,55564,0,-1,0,0,0,0,0,0,0,0,0,0,25553,135,464,0,3,41484352,8192,268435456,0,0,0,-1,-1
51905,Uno Spaccascafi Rinforzato,,32203,55564,0,-1,0,0,0,0,0,0,0,0,0,0,25544,136,464,0,3,37289984,0,268435456,0,0,0,-1,-1
51906,Sorella Martha,,32204,55564,0,-1,0,0,0,0,0,0,0,0,0,0,25545,135,464,0,3,34144320,0,268435456,0,0,0,-1,-1
51908,Mai più,,32206,55564,0,-1,0,0,0,0,0,0,0,0,0,0,25547,135,464,0,3,34144320,0,268435456,0,0,0,-1,-1
51909,Grozore,,32207,55564,0,-1,0,0,0,0,0,0,0,0,0,0,25548,135,464,0,3,34144320,0,268435456,0,0,0,-1,-1
51917,Beshol,,32213,55564,0,-1,0,0,0,0,0,0,0,0,0,0,25549,135,464,0,3,34144320,0,268435456,0,0,0,-1,-1
51919,Emily Mayville,,32214,55564,0,-1,0,0,0,0,0,0,0,0,0,0,25550,135,464,0,3,34144320,0,268435456,0,0,0,-1,-1
51920,Matrona dei Conigli,,32215,55564,0,-1,0,0,0,0,0,0,0,0,0,0,25551,135,464,0,3,34144320,0,268435456,0,0,0,-1,-1
51921,Spruzzaunto,,32216,55564,0,-1,0,0,0,0,0,0,0,0,0,0,25552,135,464,0,3,41484352,8192,268435456,0,0,0,-1,-1
51924,Massacro dei Senzafede,,32200,55564,0,-1,0,0,0,0,0,0,0,0,0,0,25543,109,464,0,3,34144512,8192,268435456,0,0,0,-1321907123,1427461461
51925,Istruzioni non incluse,,32219,55564,0,-1,0,0,0,0,0,0,0,0,0,0,25554,109,464,0,3,34144256,8192,268435456,0,0,0,-1321907123,1427461461
51928,Istruzioni non incluse,,32222,55564,0,-1,0,0,0,0,0,0,0,0,0,0,25555,109,464,0,3,34144256,8192,268435456,0,0,0,-1321907123,1427461461
51931,Istruzioni non incluse,,32225,55564,0,-1,0,0,0,0,0,0,0,0,0,0,25556,109,464,0,3,34144256,8192,268435456,0,0,0,-1321907123,1427461461
51933,Istruzioni non incluse,,32227,55564,0,-1,0,0,0,0,0,0,0,0,0,0,25557,109,464,0,3,34144256,8192,268435456,0,0,0,-1321907123,1427461461
51947,Tigrotron,,32241,55564,0,-1,0,0,0,0,0,0,0,0,0,0,25561,135,464,0,3,41484352,8192,268435456,0,0,0,-1,-1
51948,Fornire protezione,,32242,55564,0,-1,0,0,0,0,0,0,0,0,0,0,25558,109,464,0,3,38338560,8192,268435456,0,0,0,1309324210,-1440044374
51957,L'ira di Vorrik,,32251,55564,0,-1,0,0,0,0,0,0,0,0,0,0,25562,109,464,0,3,40435968,8192,268435456,0,0,0,1309324210,-1440044374
51963,L'ira di Vorrik,,32255,55564,0,-1,0,0,0,0,0,0,0,0,0,0,25563,109,464,0,3,40435968,8192,268435456,0,0,0,-1321907123,1427461461
51970,Il Mastro Chef,,32259,55564,0,-1,0,0,0,0,0,0,0,0,0,0,25566,135,464,0,3,34144320,0,268435456,0,0,0,-1,-1
51972,Caprone Perduto,,32260,55564,0,-1,0,0,0,0,0,0,0,0,0,0,25567,135,464,0,3,34144256,0,268435456,0,0,0,-1,-1
51974,Tigrotron,,32262,55564,0,-1,0,0,0,0,0,0,0,0,0,0,25573,135,464,0,3,41484352,8192,268435456,0,0,0,-1,-1
51976,Tigrotron,,32264,55564,0,-1,0,0,0,0,0,0,0,0,0,0,25572,135,464,0,3,41484352,8192,268435456,0,0,0,-1,-1
51977,Tigrotron,,32265,55564,0,-1,0,0,0,0,0,0,0,0,0,0,25570,135,464,0,3,41484352,8192,268435456,0,0,0,-1,-1
51978,Tigrotron,,32266,55564,0,-1,0,0,0,0,0,0,0,0,0,0,25571,135,464,0,3,41484352,8192,268435456,0,0,0,-1,-1
51981,Dimora degli Invocatori della Terra,,32269,55564,0,-1,0,0,0,0,0,0,0,0,0,0,25579,109,464,0,3,38338560,8192,268435456,0,0,0,-1321907123,1427461461
51983,Vendetta di Vorrik,,33444,55564,0,-1,0,0,0,0,0,0,0,0,0,0,25578,109,464,0,3,38338816,8192,268435456,0,0,0,1309324210,-1440044374
51988,"Whitney ""Zannaferrea"" Ramsay",,32276,55564,0,-1,0,0,0,0,0,0,0,0,0,0,25583,135,464,0,3,34144320,0,268435456,0,0,0,-1,-1
51989,Braedan Murobianco,,32277,55564,0,-1,0,0,0,0,0,0,0,0,0,0,25584,135,464,0,3,34144320,0,268435456,0,0,0,-1,-1
51995,Vendetta di Vorrik,,32271,55564,0,-1,0,0,0,0,0,0,0,0,0,0,25580,109,464,0,3,38338816,8192,268435456,0,0,0,-1321907123,1427461461
51996,Dimora degli Invocatori della Terra,,32280,55564,0,-1,0,0,0,0,0,0,0,0,0,0,25592,109,464,0,3,38338560,8192,268435456,0,0,0,1309324210,-1440044374
51997,Ecco che affonda!,,32281,55564,0,-1,0,0,0,0,0,0,0,0,0,0,25591,109,464,0,3,38338816,8192,268435456,0,0,0,1309324210,-1440044374
52004,Controspionaggio,,32288,55564,0,-1,0,0,0,0,0,0,0,0,0,0,25593,109,464,0,3,38338560,8192,268435456,0,0,0,1309324210,-1440044374
52006,Assalto preventivo,,32290,55564,0,-1,0,0,0,0,0,0,0,0,0,0,24646,109,464,0,3,38338560,8192,268435456,0,0,0,1309324210,-1440044374
52007,Motori di guerra,,32291,55564,0,-1,0,0,0,0,0,0,0,0,0,160988,25606,109,464,0,3,38338560,8192,268435456,0,0,0,1309324210,-1440044374
52009,Uomini granchio,,32293,131226,0,-1,0,0,0,0,0,0,0,0,0,0,25613,115,464,0,3,3735808,0,268435456,0,0,0,-1,-1
52010,I tentacoli del destino,,33445,55564,0,-1,0,0,0,0,0,0,0,0,0,0,25612,109,464,0,3,38338560,8192,268435456,0,0,0,-1321907123,1427461461
52011,Campi demoniaci,,33446,55564,0,-1,0,0,0,0,0,0,0,0,0,0,25619,109,464,0,3,40435712,8192,268435456,0,0,0,-1321907123,1427461461
52045,Pattuglia di assaltatori,,33447,55564,0,-1,0,0,0,0,0,0,0,0,0,0,25631,109,464,0,3,40435712,8192,268435456,0,0,0,-1321907123,1427461461
52047,Contro la tempesta,,32317,55564,0,-1,0,0,0,0,0,0,0,0,0,0,25644,109,464,0,3,38338560,8192,268435456,0,0,0,-1321907123,1427461461
52054,Pelare l'orso,,32322,55564,0,-1,0,0,0,0,0,0,0,0,0,0,28007,109,464,0,3,38338560,8192,268435456,0,0,0,-1321907123,1427461461
52056,I tentacoli del destino,,32294,55564,0,-1,0,0,0,0,0,0,0,0,0,0,25643,109,464,0,3,38338560,8192,268435456,0,0,0,1309324210,-1440044374
52057,Contro la tempesta,,32317,55564,0,-1,0,0,0,0,0,0,0,0,0,0,25644,109,464,0,3,38338560,8192,268435456,0,0,0,1309324210,-1440044374
52059,Ecco che affonda!,,32324,55564,0,-1,0,0,0,0,0,0,0,0,0,0,25635,109,464,0,3,38338816,8192,268435456,0,0,0,-1321907123,1427461461
52063,Pattuglia di assaltatori,,32316,55564,0,-1,0,0,0,0,0,0,0,0,0,0,25648,109,464,0,3,40435712,8192,268435456,0,0,0,1309324210,-1440044374
52064,Campi demoniaci,,32295,55564,0,-1,0,0,0,0,0,0,0,0,0,0,25653,109,464,0,3,40435712,8192,268435456,0,0,0,1309324210,-1440044374
52071,Montagna degli Spinomanto,,32333,55564,0,-1,0,0,0,0,0,0,0,0,0,0,25666,109,464,0,3,38338560,8192,268435456,0,0,0,-1321907123,1427461461
52115,All'ombra del kraken,,32340,55564,0,-1,0,0,0,0,0,0,0,0,0,0,25697,109,464,0,3,38338560,8192,268435456,0,0,0,1309324210,-1440044374
52117,Montagna degli Spinomanto,,32333,55564,0,-1,0,0,0,0,0,0,0,0,0,0,25666,109,464,0,3,38338560,8192,268435456,0,0,0,1309324210,-1440044374
52119,Estrazione d'Azerite goblin,,32343,55564,0,-1,0,0,0,0,0,0,0,0,0,0,25702,109,464,0,3,34144256,0,268435456,0,0,0,1309324210,-1440044374
52120,Estrazione d'Azerite gnomesca,,32344,55564,0,-1,0,0,0,0,0,0,0,0,0,0,25710,109,464,0,3,34144256,0,268435456,0,0,0,-1321907123,1427461461
52124,Chi dorme...,,32348,55564,0,-1,0,0,0,0,0,0,0,0,0,0,25718,109,464,0,3,34144256,0,268435456,0,0,0,1309324210,-1440044374
52126,Questo maialino ha delle zanne aguzze,,32350,55564,0,-1,0,0,0,0,0,0,0,0,0,0,25719,115,464,0,3,3735808,0,268435456,0,0,0,-1,-1
52133,Bravo!,,32357,55564,0,-1,0,0,0,0,0,0,0,0,0,0,25738,109,464,0,3,39387136,8192,268435456,0,0,0,-1321907123,1427461461
52140,Un problema spinoso,,32364,55564,0,-1,0,0,0,0,0,0,0,0,0,0,25791,109,464,0,3,38338560,8192,268435456,0,0,0,-1321907123,1427461461
52142,Rifornimento,,32366,55564,0,-1,0,0,0,0,0,0,0,0,0,0,25750,109,464,0,3,34144256,0,268435456,0,0,0,-1321907123,1427461461
52143,Lavoro infantile,,32367,55564,0,-1,0,0,0,0,0,0,0,0,0,0,26374,109,464,0,3,38338560,8192,268435456,0,0,0,-1321907123,1427461461
52144,Fonderia fusa,,32368,55564,0,-1,0,0,0,0,0,0,0,0,0,0,26377,109,464,0,3,34144256,0,268435456,0,0,0,-1321907123,1427461461
52145,"Oh, issa!",,32369,69433,0,-1,0,0,0,0,0,0,0,0,0,0,26399,109,464,0,3,39387136,0,268435456,0,0,0,-1321907123,1427461461
52155,Tesori fra le onde,,32380,55564,0,-1,0,0,0,0,0,0,0,0,0,0,26378,109,464,0,3,34144256,0,268435456,0,0,0,-1321907123,1427461461
52157,Un incontro agghiacciante,,32382,62193,0,-1,0,0,0,0,0,0,0,0,0,0,25749,112,464,0,3,37290304,0,268435456,0,0,0,-1,-1
52159,Redazzalo!,,33448,55564,0,-1,0,0,0,0,0,0,0,0,0,0,26396,109,464,0,3,38338560,8192,268435456,0,0,0,-1321907123,1427461461
52160,Rifornimento,,32366,55564,0,-1,0,0,0,0,0,0,0,0,0,0,25750,109,464,0,3,34144256,0,268435456,0,0,0,1309324210,-1440044374
52162,Tracking Quest,,32386,0,0,-1,0,0,0,0,0,0,0,0,0,0,0,0,464,0,3,33588224,0,0,0,0,0,-1,-1
52163,Il Tifone Alato,,32387,62193,0,-1,0,0,0,0,0,0,0,0,0,0,25760,112,464,0,3,37290048,0,268435456,0,0,0,-1,-1
52164,Furia alcolica,,32388,55564,0,-1,0,0,0,0,0,0,0,0,0,0,25752,109,464,0,3,38338560,8192,268435456,0,0,0,-1321907123,1427461461
52165,Caos automatizzato,,32389,131226,0,-1,0,0,0,0,0,0,0,0,0,0,25753,115,464,0,3,3735808,0,268435456,0,0,0,-1,-1
52166,Alfiere senza volto,,32390,62193,0,-1,0,0,0,0,0,0,0,0,0,0,25739,112,464,0,3,34144320,0,268435456,0,0,0,-1,-1
52167,Incursori irriducibili,,32391,55564,0,-1,0,0,0,0,0,0,0,0,0,0,26385,109,464,0,3,4784192,8192,268435456,0,0,0,-1321907123,1427461461
52168,Accensione,,32392,64064,0,-1,0,0,0,0,0,0,0,0,0,0,25756,109,464,0,3,34144256,0,268435456,0,0,0,-1321907123,1427461461
52169,La matriarca,,32394,62193,0,-1,0,0,0,0,0,0,0,0,0,0,25761,112,464,0,3,34144576,0,268435456,0,0,0,-1,-1
52174,Serpenti della marea,,32399,55564,0,-1,0,0,0,0,0,0,0,0,0,0,25766,109,464,0,3,38338560,8192,268435456,0,0,0,-1321907123,1427461461
52179,Resistenza fortificata,,32402,55564,0,-1,0,0,0,0,0,0,0,0,0,0,25767,109,464,0,3,38338560,8192,268435456,0,0,0,-1321907123,1427461461
52180,La vergogna di Brennadam,,32403,64064,0,-1,0,0,0,0,0,0,0,0,0,0,25768,109,464,0,3,34144256,0,268435456,0,0,0,-1321907123,1427461461
52181,Fumo e ombra,,32404,67111,0,-1,0,0,0,0,0,0,0,0,0,0,24506,112,464,0,3,34144576,0,268435456,0,0,0,-1,-1
52182,Azerite scelta,,32405,62340,0,-1,0,0,0,0,0,0,0,0,0,0,26084,109,288,0,3,41484288,8192,268435456,0,0,0,1309324210,-1440044374
52196,Ossa di Sferzasabbia,,32419,62193,0,-1,0,0,0,0,0,0,0,0,0,0,25772,112,464,0,3,589888,0,268435456,0,0,0,-1,-1
52198,Difendere e schiaffeggiare,,32421,64064,0,-1,0,0,0,0,0,0,0,0,0,0,25779,109,464,0,3,36241408,0,268435456,0,0,0,-1321907123,1427461461
52199,Furia alcolica,,32422,55564,0,-1,0,0,0,0,0,0,0,0,0,0,25780,109,464,0,3,38338560,8192,268435456,0,0,0,1309324210,-1440044374
52200,Difesa a tartaruga,,32423,55564,0,-1,0,0,0,0,0,0,0,0,0,0,25781,109,464,0,3,39387136,8192,268435456,0,0,0,-1321907123,1427461461
52207,Azerite scelta,,32427,62340,0,-1,0,0,0,0,0,0,0,0,0,0,26100,109,288,0,3,41484288,8192,268435456,0,0,0,-1321907123,1427461461
52209,Difesa a tartaruga,,32429,55564,0,-1,0,0,0,0,0,0,0,0,0,0,25784,109,464,0,3,39387136,8192,268435456,0,0,0,1309324210,-1440044374
52211,Alba scarlatta,,32448,55564,0,-1,0,0,0,0,0,0,0,0,0,0,25637,109,464,0,3,38338560,8192,268435456,0,0,0,-1321907123,1427461461
52218,Orrori notturni,,32438,131226,0,-1,0,0,0,0,0,0,0,0,0,0,25786,115,464,0,3,3735808,0,268435456,0,0,0,-1,-1
52229,Pelare l'orso,,32450,55564,0,-1,0,0,0,0,0,0,0,0,0,0,25788,109,464,0,3,38338560,8192,268435456,0,0,0,1309324210,-1440044374
52230,Monetine,,32451,55564,0,-1,0,0,0,0,0,0,0,0,0,158226,25789,109,464,0,3,38338560,8192,268435456,0,0,0,-1321907123,1427461461
52236,Un problema spinoso,,32364,55564,0,-1,0,0,0,0,0,0,0,0,0,0,25791,109,464,0,3,38338560,8192,268435456,0,0,0,1309324210,-1440044374
52237,Grottamarcia: Orrore Irrequieto,,32453,55564,0,-1,0,0,0,0,0,0,0,0,0,0,25763,137,464,0,3,34144320,0,268435458,0,0,0,-1,-1
52238,Grottamarcia: Spore Misteriose,,32454,55564,0,-1,0,0,0,0,0,0,0,0,0,0,25764,137,464,0,3,34144256,0,268435458,0,0,0,-1,-1
52239,Monetine,,32455,55564,0,-1,0,0,0,0,0,0,0,0,0,158226,25792,109,464,0,3,38338560,8192,268435456,0,0,0,1309324210,-1440044374
52243,Alimentare i Demolitori,,32459,62340,0,-1,0,0,0,0,0,0,0,0,0,0,26087,109,288,0,3,41484288,8192,268435456,0,0,0,1309324210,-1440044374
52244,Fermare le trivellazioni,,32460,62340,0,-1,0,0,0,0,0,0,0,0,0,0,26103,109,288,0,3,41484288,8192,268435456,0,0,0,-1321907123,1427461461
52248,Le coste di Xibala,,32464,55564,0,-1,0,0,0,0,0,0,0,0,0,0,25797,109,464,0,3,38338560,8192,268435456,0,0,0,1309324210,-1440044374
52249,Le coste di Xibala,,32465,55564,0,-1,0,0,0,0,0,0,0,0,0,0,25798,109,464,0,3,38338560,8192,268435456,0,0,0,-1321907123,1427461461
52250,Salvare Xibala,,32466,66138,0,-1,0,0,0,0,0,0,0,0,0,0,25799,109,464,0,3,37289984,0,268435456,0,0,0,-1321907123,1427461461
52251,Ricognizione compromessa,,32467,55564,0,-1,0,0,0,0,0,0,0,0,0,0,25800,109,464,0,3,38338560,8192,268435456,0,0,0,-1321907123,1427461461
52271,Sale aromatico,,32485,55564,0,-1,0,0,0,0,0,0,0,0,0,0,25807,109,464,0,3,38338560,8192,268435456,0,0,0,-1321907123,1427461461
52278,Azerite abusiva,,32491,67266,0,-1,0,0,0,0,0,0,0,0,0,0,25812,115,464,0,3,3735808,0,268435456,0,0,0,-1,-1
52280,Sale aromatico,,32493,55564,0,-1,0,0,0,0,0,0,0,0,0,0,25813,109,464,0,3,38338560,8192,268435456,0,0,0,1309324210,-1440044374
52295,Vena Madre: Elementali assoldati,,32507,55564,0,-1,0,0,0,0,0,0,0,0,0,0,25814,137,464,0,3,35192832,0,268435458,0,0,0,-1,-1
52297,Che si dice?,,32509,55564,0,-1,0,0,0,0,0,0,0,0,0,0,25818,115,464,0,3,3735808,0,268435456,0,0,0,-1,-1
52298,Vena Madre: Il cervello è nelle corna,,32510,55564,0,-1,0,0,0,0,0,0,0,0,0,0,25819,137,464,0,3,35192832,0,268435458,0,0,0,-1,-1
52299,Frustatore,,32511,55564,0,-1,0,0,0,0,0,0,0,0,0,0,25816,135,464,0,3,41484352,8192,268435456,0,0,0,-1,-1
52300,Wagga Ringhiazanna,,32512,55564,0,-1,0,0,0,0,0,0,0,0,0,0,25820,135,464,0,3,41484352,8192,268435456,0,0,0,-1,-1
52301,Oratrice delle Vigne Ratha,,32513,55564,0,-1,0,0,0,0,0,0,0,0,0,0,25822,135,464,0,3,41484352,8192,268435456,0,0,0,-1,-1
52302,Vena Madre: Bombe giganti,,32514,55564,0,-1,0,0,0,0,0,0,0,0,0,0,25823,137,464,0,3,35192832,0,268435458,0,0,0,-1,-1
52306,Gracchio,,32518,55564,0,-1,0,0,0,0,0,0,0,0,0,0,25838,135,464,0,3,41484352,8192,268435456,0,0,0,-1,-1
52307,Aiuto spirituale,,32519,62340,0,-1,0,0,0,0,0,0,0,0,0,0,26102,109,288,0,3,41484288,8192,268435456,0,0,0,-1321907123,1427461461
52309,Zannasabbiosa,,32521,55564,0,-1,0,0,0,0,0,0,0,0,0,0,25839,135,464,0,3,41484352,8192,268435456,0,0,0,-1,-1
52310,Saltaonde Corrotto,,32522,55564,0,-1,0,0,0,0,0,0,0,0,0,0,25843,135,464,0,3,41484352,8192,268435456,0,0,0,-1,-1
52312,Spegnere la Luce,,32524,62340,0,-1,0,0,0,0,0,0,0,0,0,0,26086,109,288,0,3,41484288,8192,268435456,0,0,0,1309324210,-1440044374
52315,Severus l'Esiliato,,32527,55564,0,-1,0,0,0,0,0,0,0,0,0,0,25844,135,464,0,3,41484352,8192,268435456,0,0,0,-1,-1
52316,Strane creature marine,,32528,55564,0,-1,0,0,0,0,0,0,0,0,0,0,25847,115,464,0,3,3735808,0,268435456,0,0,0,-1,-1
52321,Tiracalci,,32533,55564,0,-1,0,0,0,0,0,0,0,0,0,0,25854,135,464,0,3,41484352,8192,268435456,0,0,0,-1,-1
52322,Taja la Belva Mareale,,32534,55564,0,-1,0,0,0,0,0,0,0,0,0,0,25857,135,464,0,3,41484352,8192,268435456,0,0,0,-1,-1
52325,Male catturato,,32536,55564,0,-1,0,0,0,0,0,0,0,0,0,0,25859,115,464,0,3,3735808,0,268435456,0,0,0,-1,-1
52328,Falcetto di Ghiaccio,,32539,55564,0,-1,0,0,0,0,0,0,0,0,0,0,25860,135,464,0,3,41484352,8192,268435456,0,0,0,-1,-1
52330,Colossalabrone,,32541,55564,0,-1,0,0,0,0,0,0,0,0,0,0,25864,136,464,0,3,37289984,0,268435456,0,0,0,-1,-1
52331,Incarico di lavoro: Fiasca dell'Inganno di Demitri,,32542,55564,0,-1,0,0,0,0,0,2478,1,0,0,0,28105,118,464,0,3,524608,0,268435458,0,0,0,-1321907123,1427461461
52332,Incarico di lavoro: Pozione del Piè Veloce,,32543,55564,0,-1,0,0,0,0,0,2478,1,0,0,0,28106,118,464,0,3,524608,0,268435458,0,0,0,-1321907123,1427461461
52333,Incarico di lavoro: Pozione della Bruma Marina,,32544,55564,0,-1,0,0,0,0,0,2478,1,0,0,0,28107,118,464,0,3,524608,0,268435458,0,0,0,-1321907123,1427461461
52334,Incarico di lavoro: Pozione dell'Occultamento,,32545,55564,0,-1,0,0,0,0,0,2478,1,0,0,0,28108,118,464,0,3,524608,0,268435458,0,0,0,-1321907123,1427461461
52335,Incarico di lavoro: Fiasca dell'Inganno di Demitri,,32546,55564,0,-1,0,0,0,0,0,2478,1,0,0,0,28165,118,464,0,3,524608,0,268435458,0,0,0,1309324210,-1440044374
52336,Incarico di lavoro: Pozione del Piè Veloce,,32547,55564,0,-1,0,0,0,0,0,2478,1,0,0,0,28164,118,464,0,3,524608,0,268435458,0,0,0,1309324210,-1440044374
52337,Incarico di lavoro: Pozione della Bruma Marina,,32548,55564,0,-1,0,0,0,0,0,2478,1,0,0,0,28163,118,464,0,3,524608,0,268435458,0,0,0,1309324210,-1440044374
52338,Incarico di lavoro: Pozione dell'Occultamento,,32549,55564,0,-1,0,0,0,0,0,2478,1,0,0,0,28162,118,464,0,3,524608,0,268435458,0,0,0,1309324210,-1440044374
52339,Incarico di lavoro: Staffe Rinforzate di Monelite,,32550,55564,0,-1,0,0,0,0,0,2437,1,0,0,0,26123,116,464,0,3,524608,0,268435458,0,0,0,-1321907123,1427461461
52340,Incarico di lavoro: Parazoccoli Rinforzati di Monelite,,32551,55564,0,-1,0,0,0,0,0,2437,1,0,0,0,26124,116,464,0,3,524608,0,268435458,0,0,0,-1321907123,1427461461
52341,Incarico di lavoro: Staffe Rinforzate di Monelite,,32552,55564,0,-1,0,0,0,0,0,2437,1,0,0,0,26197,116,464,0,3,524608,0,268435458,0,0,0,1309324210,-1440044374
52342,Incarico di lavoro: Parazoccoli Rinforzati di Monelite,,32553,55564,0,-1,0,0,0,0,0,2437,1,0,0,0,26198,116,464,0,3,524608,0,268435458,0,0,0,1309324210,-1440044374
52343,Mangiano come Orchi,,32554,62340,0,-1,0,0,0,0,0,0,0,0,0,0,26088,109,288,0,3,41484288,8192,268435456,0,0,0,1309324210,-1440044374
52344,Incarico di lavoro: Tiramisù di Kul Tiras,,32555,55564,0,-1,0,0,0,0,0,2541,1,0,0,0,28109,131,464,0,3,524608,0,268435458,0,0,0,-1,-1
52345,Incarico di lavoro: Crostatine di Bacche,,32556,55564,0,-1,0,0,0,0,0,2541,1,0,0,0,28110,131,464,0,3,524608,0,268435458,0,0,0,-1,-1
52346,Incarico di lavoro: Torta del Marinaio,,32557,55564,0,-1,0,0,0,0,0,2541,1,0,0,0,28111,131,464,0,3,524608,0,268435458,0,0,0,-1,-1
52347,Incarico di lavoro: Cosciotti Glassati,,32558,55564,0,-1,0,0,0,0,0,2541,1,0,0,0,28112,131,464,0,3,524608,0,268435458,0,0,0,-1,-1
52348,Incarico di lavoro: Cumpàsticcio,,32559,55564,0,-1,0,0,0,0,0,2541,1,0,0,0,28161,131,464,0,3,524608,0,268435458,0,0,0,-1,-1
52349,Incarico di lavoro: Pane dei Loa,,32560,55564,0,-1,0,0,0,0,0,2541,1,0,0,0,28160,131,464,0,3,524608,0,268435458,0,0,0,-1,-1
52350,Incarico di lavoro: Fritto Misto di Palude,,32561,55564,0,-1,0,0,0,0,0,2541,1,0,0,0,28159,131,464,0,3,524608,0,268435458,0,0,0,-1,-1
52351,Incarico di lavoro: Barracuda Speziato,,32562,55564,0,-1,0,0,0,0,0,2541,1,0,0,0,28158,131,464,0,3,524608,0,268435458,0,0,0,-1,-1
52352,Zeritarj,,32563,55564,0,-1,0,0,0,0,0,0,0,0,0,0,25765,136,464,0,3,37289984,0,268435456,0,0,0,-1,-1
52353,Incarico di lavoro: Incantamento Anello - Suggello della Celerità,,32564,55564,0,-1,0,0,0,0,0,2486,1,0,0,0,28113,123,464,0,3,524608,0,268435458,0,0,0,-1321907123,1427461461
52354,Incarico di lavoro: Incantamento Anello - Suggello della Maestria,,32565,55564,0,-1,0,0,0,0,0,2486,1,0,0,0,28114,123,464,0,3,524608,0,268435458,0,0,0,-1321907123,1427461461
52355,Incarico di lavoro: Incantamento Arma - Impeto delle Coste,,32566,55564,0,-1,0,0,0,0,0,2486,1,0,0,0,28115,123,464,0,3,524608,0,268435458,0,0,0,-1321907123,1427461461
52356,Incarico di lavoro: Incantamento Arma - Torrente degli Elementi,,32567,55564,0,-1,0,0,0,0,0,2486,1,0,0,0,28116,123,464,0,3,524608,0,268435458,0,0,0,-1321907123,1427461461
52357,Incarico di lavoro: Incantamento Arma - Navigazione Rapida,,32568,55564,0,-1,0,0,0,0,0,2486,1,0,0,0,28117,123,464,0,3,524608,0,268435458,0,0,0,-1321907123,1427461461
52358,Incarico di lavoro: Incantamento Anello - Suggello della Celerità,,32569,55564,0,-1,0,0,0,0,0,2486,1,0,0,0,28157,123,464,0,3,524608,0,268435458,0,0,0,1309324210,-1440044374
52359,Incarico di lavoro: Incantamento Anello - Suggello della Maestria,,32570,55564,0,-1,0,0,0,0,0,2486,1,0,0,0,28156,123,464,0,3,524608,0,268435458,0,0,0,1309324210,-1440044374
52360,Incarico di lavoro: Incantamento Arma - Impeto delle Coste,,32571,55564,0,-1,0,0,0,0,0,2486,1,0,0,0,28155,123,464,0,3,524608,0,268435458,0,0,0,1309324210,-1440044374
52361,Incarico di lavoro: Incantamento Arma - Torrente degli Elementi,,32572,55564,0,-1,0,0,0,0,0,2486,1,0,0,0,28154,123,464,0,3,524608,0,268435458,0,0,0,1309324210,-1440044374
52362,Incarico di lavoro: Incantamento Arma - Navigazione Rapida,,32573,55564,0,-1,0,0,0,0,0,2486,1,0,0,0,28153,123,464,0,3,524608,0,268435458,0,0,0,1309324210,-1440044374
52363,Incarico di lavoro: Munizione Incendiaria,,32574,55564,0,-1,0,0,0,0,0,2499,1,0,0,0,28118,122,464,0,3,524608,0,268435458,0,0,0,-1321907123,1427461461
52364,Incarico di lavoro: Spargipiaga Termoaccelerato,,32575,55564,0,-1,0,0,0,0,0,2499,1,0,0,0,28119,122,464,0,3,524608,0,268435458,0,0,0,-1321907123,1427461461
52365,Incarico di lavoro: F.R.I.T.T.O.,,32576,55564,0,-1,0,0,0,0,0,2499,1,0,0,0,28120,122,464,0,3,524608,0,268435458,0,0,0,-1321907123,1427461461
52366,Incarico di lavoro: Metagerride di Superficie XA-1000,,32577,55564,0,-1,0,0,0,0,0,2499,1,0,0,0,28121,122,464,0,3,524608,0,268435458,0,0,0,-1321907123,1427461461
52367,Incarico di lavoro: Elettromotivatore per Cavalcature,,32578,55564,0,-1,0,0,0,0,0,2499,1,0,0,0,28122,122,464,0,3,524608,0,268435458,0,0,0,-1321907123,1427461461
52368,Incarico di lavoro: Mirino della Coffa,,32579,55564,0,-1,0,0,0,0,0,2499,1,0,0,0,28123,122,464,0,3,524608,0,268435458,0,0,0,-1321907123,1427461461
52369,Incarico di lavoro: Munizione Incendiaria,,32580,55564,0,-1,0,0,0,0,0,2499,1,0,0,0,28152,122,464,0,3,524608,0,268435458,0,0,0,1309324210,-1440044374
52370,Incarico di lavoro: Spargipiaga Termoaccelerato,,32581,55564,0,-1,0,0,0,0,0,2499,1,0,0,0,28151,122,464,0,3,524608,0,268435458,0,0,0,1309324210,-1440044374
52371,Incarico di lavoro: F.R.I.T.T.O.,,32582,55564,0,-1,0,0,0,0,0,2499,1,0,0,0,28150,122,464,0,3,524608,0,268435458,0,0,0,1309324210,-1440044374
52372,Incarico di lavoro: Metagerride di Superficie XA-1000,,32583,55564,0,-1,0,0,0,0,0,2499,1,0,0,0,28149,122,464,0,3,524608,0,268435458,0,0,0,1309324210,-1440044374
52373,Incarico di lavoro: Elettromotivatore per Cavalcature,,32584,55564,0,-1,0,0,0,0,0,2499,1,0,0,0,28148,122,464,0,3,524608,0,268435458,0,0,0,1309324210,-1440044374
52374,Incarico di lavoro: Mirino della Coffa,,32585,55564,0,-1,0,0,0,0,0,2499,1,0,0,0,28147,122,464,0,3,524608,0,268435458,0,0,0,1309324210,-1440044374
52375,Provviste necessarie: Pescegatto del Grande Mare,,32586,55564,0,-1,0,0,0,0,0,0,0,0,0,0,26070,109,464,0,3,524608,0,268435458,0,0,0,-1321907123,1427461461
52376,Provviste necessarie: Sfidasabbia,,32587,55564,0,-1,0,0,0,0,0,0,0,0,0,0,26071,109,464,0,3,524608,0,268435458,0,0,0,-1321907123,1427461461
52377,Provviste necessarie: Persico di Tiragarde,,32588,55564,0,-1,0,0,0,0,0,0,0,0,0,0,26149,109,464,0,3,524608,0,268435458,0,0,0,-1321907123,1427461461
52378,Provviste necessarie: Sgombro Australe,,32589,55564,0,-1,0,0,0,0,0,0,0,0,0,0,26125,109,464,0,3,524608,0,268435458,0,0,0,-1321907123,1427461461
52379,Provviste necessarie: Cobite Codarossa,,32590,55564,0,-1,0,0,0,0,0,0,0,0,0,0,26126,109,464,0,3,524608,0,268435458,0,0,0,-1321907123,1427461461
52380,Provviste necessarie: Aringa Frenetica,,32591,55564,0,-1,0,0,0,0,0,0,0,0,0,0,26150,109,464,0,3,524608,0,268435458,0,0,0,-1321907123,1427461461
52381,Provviste necessarie: Barracuda Litoraneo,,32592,55564,0,-1,0,0,0,0,0,0,0,0,0,0,26189,109,464,0,3,524608,0,268435458,0,0,0,-1321907123,1427461461
52382,Provviste necessarie: Pescegatto del Grande Mare,,32593,55564,0,-1,0,0,0,0,0,0,0,0,0,0,26215,109,464,0,3,524608,0,268435458,0,0,0,1309324210,-1440044374
52383,Provviste necessarie: Sfidasabbia,,32594,55564,0,-1,0,0,0,0,0,0,0,0,0,0,26216,109,464,0,3,524608,0,268435458,0,0,0,1309324210,-1440044374
52384,Provviste necessarie: Persico di Tiragarde,,32595,55564,0,-1,0,0,0,0,0,0,0,0,0,0,26217,109,464,0,3,524608,0,268435458,0,0,0,1309324210,-1440044374
52385,Provviste necessarie: Sgombro Australe,,32596,55564,0,-1,0,0,0,0,0,0,0,0,0,0,26218,109,464,0,3,524608,0,268435458,0,0,0,1309324210,-1440044374
52386,Provviste necessarie: Cobite Codarossa,,32597,55564,0,-1,0,0,0,0,0,0,0,0,0,0,26219,109,464,0,3,524608,0,268435458,0,0,0,1309324210,-1440044374
52387,Provviste necessarie: Aringa Frenetica,,32598,55564,0,-1,0,0,0,0,0,0,0,0,0,0,26220,109,464,0,3,524608,0,268435458,0,0,0,1309324210,-1440044374
52388,Provviste necessarie: Barracuda Litoraneo,,32599,55564,0,-1,0,0,0,0,0,0,0,0,0,0,26221,109,464,0,3,524608,0,268435458,0,0,0,1309324210,-1440044374
52389,Incarico di lavoro: Contratto - Ammiragliato dei Marefiero,,32600,55564,0,-1,0,0,0,0,0,2507,1,0,0,0,28126,126,464,0,3,524608,0,268435458,0,0,0,-1321907123,1427461461
52390,Incarico di lavoro: Contratto - Ordine delle Braci,,32601,55564,0,-1,0,0,0,0,0,2507,1,0,0,0,28124,126,464,0,3,524608,0,268435458,0,0,0,-1321907123,1427461461
52391,Incarico di lavoro: Contratto - Destatempesta,,32602,55564,0,-1,0,0,0,0,0,2507,1,0,0,0,28125,126,464,0,3,524608,0,268435458,0,0,0,-1321907123,1427461461
52392,Incarico di lavoro: Pigmento Ultramarino,,32603,55564,0,-1,0,0,0,0,0,2507,1,0,0,0,26162,126,464,0,3,524608,0,268435458,0,0,0,-1321907123,1427461461
52393,Incarico di lavoro: Contratto - Cercatori Tortolliani,,32604,55564,0,-1,0,0,0,0,0,2507,1,0,0,0,28143,126,464,0,3,524608,0,268435458,0,0,0,-1,-1
52394,Incarico di lavoro: Contratto - Campioni di Azeroth,,32605,55564,0,-1,0,0,0,0,0,2507,1,0,0,0,28127,126,464,0,3,524608,0,268435458,0,0,0,-1,-1
52395,Incarico di lavoro: Contratto - Impero degli Zandalari,,32606,55564,0,-1,0,0,0,0,0,2507,1,0,0,0,28146,126,464,0,3,524608,0,268435458,0,0,0,1309324210,-1440044374
52396,Incarico di lavoro: Contratto - Spedizione di Talanji,,32607,55564,0,-1,0,0,0,0,0,2507,1,0,0,0,28145,126,464,0,3,524608,0,268435458,0,0,0,1309324210,-1440044374
52397,Incarico di lavoro: Contratto - Voldunai,,32608,55564,0,-1,0,0,0,0,0,2507,1,0,0,0,28144,126,464,0,3,524608,0,268435458,0,0,0,1309324210,-1440044374
52398,Incarico di lavoro: Pigmento Ultramarino,,32609,55564,0,-1,0,0,0,0,0,2507,1,0,0,0,26235,126,464,0,3,524608,0,268435458,0,0,0,1309324210,-1440044374
52400,Incarico di lavoro: Cianite,,32611,55564,0,-1,0,0,0,0,0,755,1,0,0,0,26165,125,464,0,3,524608,0,268435458,0,0,0,-1321907123,1427461461
52402,Incarico di lavoro: Viridio,,32613,55564,0,-1,0,0,0,0,0,755,1,0,0,0,26166,125,464,0,3,524608,0,268435458,0,0,0,-1321907123,1427461461
52404,Incarico di lavoro: Solpietra,,32615,55564,0,-1,0,0,0,0,0,755,1,0,0,0,26167,125,464,0,3,524608,0,268435458,0,0,0,-1321907123,1427461461
52405,Incarico di lavoro: Cubolina,,32616,55564,0,-1,0,0,0,0,0,755,1,0,0,0,26168,125,464,0,3,524608,0,268435458,0,0,0,-1321907123,1427461461
52406,Incarico di lavoro: Rubellite,,32617,55564,0,-1,0,0,0,0,0,755,1,0,0,0,26169,125,464,0,3,524608,0,268435458,0,0,0,-1321907123,1427461461
52407,Incarico di lavoro: Berillo Dorato,,32618,55564,0,-1,0,0,0,0,0,755,1,0,0,0,26170,125,464,0,3,524608,0,268435458,0,0,0,-1321907123,1427461461
52408,Incarico di lavoro: Cianite,,32619,55564,0,-1,0,0,0,0,0,755,1,0,0,0,26239,125,464,0,3,524608,0,268435458,0,0,0,1309324210,-1440044374
52409,Incarico di lavoro: Viridio,,32620,55564,0,-1,0,0,0,0,0,755,1,0,0,0,26240,125,464,0,3,524608,0,268435458,0,0,0,1309324210,-1440044374
52410,Incarico di lavoro: Solpietra,,32621,55564,0,-1,0,0,0,0,0,755,1,0,0,0,26241,125,464,0,3,524608,0,268435458,0,0,0,1309324210,-1440044374
52411,Incarico di lavoro: Cubolina,,32622,55564,0,-1,0,0,0,0,0,755,1,0,0,0,26242,125,464,0,3,524608,0,268435458,0,0,0,1309324210,-1440044374
52412,Incarico di lavoro: Rubellite,,32623,55564,0,-1,0,0,0,0,0,755,1,0,0,0,26243,125,464,0,3,524608,0,268435458,0,0,0,1309324210,-1440044374
52413,Incarico di lavoro: Berillo Dorato,,32624,55564,0,-1,0,0,0,0,0,755,1,0,0,0,26244,125,464,0,3,524608,0,268435458,0,0,0,1309324210,-1440044374
52414,Incarico di lavoro: Tamburi del Maelstrom,,32625,55564,0,-1,0,0,0,0,0,2525,1,0,0,0,26171,117,464,0,3,524608,0,268435458,0,0,0,-1321907123,1427461461
52415,Incarico di lavoro: Bardatura di Cuoio Grezzo,,32626,55564,0,-1,0,0,0,0,0,2525,1,0,0,0,26172,117,464,0,3,524608,0,268435458,0,0,0,-1321907123,1427461461
52416,Incarico di lavoro: Tuta da Immersione di Scaglialucida,,32627,55564,0,-1,0,0,0,0,0,2525,1,0,0,0,26173,117,464,0,3,524608,0,268435458,0,0,0,-1321907123,1427461461
52417,Incarico di lavoro: Casco da Immersione di Scaglialucida,,32628,55564,0,-1,0,0,0,0,0,2525,1,0,0,0,26174,117,464,0,3,524608,0,268435458,0,0,0,-1321907123,1427461461
52418,Incarico di lavoro: Tamburi del Maelstrom,,32629,55564,0,-1,0,0,0,0,0,2525,1,0,0,0,26245,117,464,0,3,524608,0,268435458,0,0,0,1309324210,-1440044374
52419,Incarico di lavoro: Bardatura di Cuoio Grezzo,,32630,55564,0,-1,0,0,0,0,0,2525,1,0,0,0,26246,117,464,0,3,524608,0,268435458,0,0,0,1309324210,-1440044374
52420,Incarico di lavoro: Tuta da Immersione di Scaglialucida,,32631,55564,0,-1,0,0,0,0,0,2525,1,0,0,0,26247,117,464,0,3,524608,0,268435458,0,0,0,1309324210,-1440044374
52421,Incarico di lavoro: Casco da Immersione di Scaglialucida,,32632,55564,0,-1,0,0,0,0,0,2525,1,0,0,0,26248,117,464,0,3,524608,0,268435458,0,0,0,1309324210,-1440044374
52422,Incarico di lavoro: Bandiera di Guerra - Spirito della Libertà,,32633,55564,0,-1,0,0,0,0,0,2533,1,0,0,0,28128,121,464,0,3,524608,0,268435458,0,0,0,-1321907123,1427461461
52423,Incarico di lavoro: Bandiera di Guerra - Difesa a Falange,,32634,55564,0,-1,0,0,0,0,0,2533,1,0,0,0,28129,121,464,0,3,524608,0,268435458,0,0,0,-1321907123,1427461461
52424,Incarico di lavoro: Bandiera di Guerra - Incoraggiamento alla Rapidità,,32635,55564,0,-1,0,0,0,0,0,2533,1,0,0,0,28130,121,464,0,3,524608,0,268435458,0,0,0,-1321907123,1427461461
52425,Incarico di lavoro: Bandiera di Guerra - Spirito della Libertà,,32636,55564,0,-1,0,0,0,0,0,2533,1,0,0,0,28142,121,464,0,3,524608,0,268435458,0,0,0,1309324210,-1440044374
52426,Incarico di lavoro: Bandiera di Guerra - Difesa a Falange,,32637,55564,0,-1,0,0,0,0,0,2533,1,0,0,0,28141,121,464,0,3,524608,0,268435458,0,0,0,1309324210,-1440044374
52427,Incarico di lavoro: Bandiera di Guerra - Incoraggiamento alla Rapidità,,32638,55564,0,-1,0,0,0,0,0,2533,1,0,0,0,28140,121,464,0,3,524608,0,268435458,0,0,0,1309324210,-1440044374
52430,Potrebbe andare peggio,,32641,55564,0,-1,0,0,0,0,0,0,0,0,0,0,25882,115,464,0,3,3735808,0,268435456,0,0,0,-1,-1
52432,Irruenza,,32643,55564,0,-1,0,0,0,0,0,0,0,0,0,0,25888,135,464,0,3,41484352,8192,268435456,0,0,0,-1,-1
52446,Sorella Assenzia,,32656,55564,0,-1,0,0,0,0,0,0,0,0,0,0,25892,135,464,0,3,41484352,8192,268435456,0,0,0,-1,-1
52452,La Signora del Canto Dadalea,,32661,55564,0,-1,0,0,0,0,0,0,0,0,0,0,25900,135,464,0,3,41484352,8192,268435456,0,0,0,-1,-1
52454,Covo della Libertà: Capitano del Terrore Vandegrim,,32663,55564,0,-1,0,0,0,0,0,0,0,0,0,0,24907,137,464,0,3,35192832,0,268435458,0,0,0,-1,-1
52455,Indistruttibile,,32664,55564,0,-1,0,0,0,0,0,0,0,0,0,0,25905,115,464,0,3,3735808,0,268435456,0,0,0,-1,-1
52456,Covo della Libertà: Medusa Veterana,,32665,55564,0,-1,0,0,0,0,0,0,0,0,0,0,24908,137,464,0,3,35192832,0,268435458,0,0,0,-1,-1
52458,Covo della Libertà: Pezzi da Otto,,32667,55564,0,-1,0,0,0,0,0,0,0,0,0,0,24929,137,464,0,3,35192832,0,268435458,0,0,0,-1,-1
52459,Turbinala,,32668,55564,0,-1,0,0,0,0,0,0,0,0,0,0,25908,135,464,0,3,41484352,8192,268435456,0,0,0,-1,-1
52463,Haegol il Martello,,32671,55564,0,-1,0,0,0,0,0,0,0,0,0,0,25926,135,464,0,3,41484352,8192,268435456,0,0,0,-1,-1
52464,Osca il Sanguinario,,32672,55564,0,-1,0,0,0,0,0,0,0,0,0,0,25927,135,464,0,3,41484352,8192,268435456,0,0,0,-1,-1
52471,Una grossa carcassa,,32678,55564,0,-1,0,0,0,0,0,0,0,0,0,0,25940,115,464,0,3,3735808,0,268435456,0,0,0,-1,-1
52474,Il Bracconiere Zane,,32681,55564,0,-1,0,0,0,0,0,0,0,0,0,0,25941,135,464,0,3,41484352,8192,268435456,0,0,0,-1,-1
52475,Dove cacciano le aquile,,32682,65921,0,-1,0,0,0,0,0,0,0,0,0,0,26924,259,706,0,3,40435968,8192,268435456,0,0,0,-1321907123,1427461461
52476,Il Re dei Licheni,,32683,55564,0,-1,0,0,0,0,0,0,0,0,0,0,25944,135,464,0,3,41484352,8192,268435456,0,0,0,-1,-1
52504,Ci incontriamo di nuovo,,32704,62340,0,-1,0,0,0,0,0,0,0,0,0,0,26104,109,288,0,3,41484288,8192,268435456,0,0,0,-1321907123,1427461461
52505,Potare le spine,,32705,62340,0,-1,0,0,0,0,0,0,0,0,0,0,26085,109,288,0,3,41484288,8192,268435456,0,0,0,1309324210,-1440044374
52506,Smussare gli spuntoni,,32706,62340,0,-1,0,0,0,0,0,0,0,0,0,0,26101,109,288,0,3,40435712,8192,268435456,0,0,0,-1321907123,1427461461
52507,Confusione appiccicosa,,32707,55564,0,-1,0,0,0,0,0,0,0,0,0,0,26024,109,464,0,3,38338560,8192,268435456,0,0,0,-1321907123,1427461461
52747,Adherent of the Abyss,,32717,0,0,-1,0,0,0,0,0,0,0,0,0,0,0,0,188,0,3,33621000,0,0,0,0,0,-1,-1
52751,Strani cani,,32721,55564,0,-1,0,0,0,0,0,0,0,0,0,0,26017,115,464,0,3,3735808,0,268435456,0,0,0,-1,-1
52752,Sentinelle attente,,32722,55564,0,-1,0,0,0,0,0,0,0,0,0,0,26018,109,464,0,3,38338560,8192,268435456,0,0,0,1309324210,-1440044374
52754,Combattimenti nel fango,,32723,55564,0,-1,0,0,0,0,0,0,0,0,0,0,26019,115,464,0,3,3735808,0,268435456,0,0,0,-1,-1
52755,Bollenti spiriti,,32724,55564,0,-1,0,0,0,0,0,0,0,0,0,0,26020,109,464,0,3,38338560,8192,268435456,0,0,0,1309324210,-1440044374
52756,Sfida tra i ghiacci,,32726,55564,0,-1,0,0,0,0,0,0,0,0,0,0,26021,109,464,0,3,38338560,8192,268435456,0,0,0,1309324210,-1440044374
52757,Crimini dei Roccialercia,,32727,55564,0,-1,0,0,0,0,0,0,0,0,0,0,26022,109,464,0,3,38338624,8192,268435456,0,0,0,1309324210,-1440044374
52760,Acque pericolose,,32730,55564,0,-1,0,0,0,0,0,0,0,0,0,0,26039,109,464,0,3,40435712,8192,268435456,0,0,0,1309324210,-1440044374
52761,Assedio di Boralus: soldi insanguinati,,32731,55564,0,-1,0,0,0,0,0,0,0,0,0,0,26441,137,464,0,3,35192832,0,268435458,0,0,0,-1321907123,1427461461
52763,Assedio di Boralus: sfoltire i loro ranghi,,32733,55564,0,-1,0,0,0,0,0,0,0,0,0,0,26023,137,464,0,3,35192832,0,268435458,0,0,0,1309324210,-1440044374
52771,Assedio di Boralus: spezzare i ferri,,32741,55564,0,-1,0,0,0,0,0,0,0,0,0,0,26440,137,464,0,3,35192832,0,268435458,0,0,0,-1321907123,1427461461
52775,Assedio di Boralus: quel che è tuo è mio,,32745,55564,0,-1,0,0,0,0,0,0,0,0,0,0,26025,137,464,0,3,35192832,0,268435458,0,0,0,1309324210,-1440044374
52778,Assedio di Boralus: schiacciare l'Orda,,32748,55564,0,-1,0,0,0,0,0,0,0,0,0,0,26442,137,464,0,3,34144256,0,268435458,0,0,0,-1321907123,1427461461
52779,Crog sul grop,,32749,55564,0,-1,0,0,0,0,0,0,0,0,0,0,26029,115,464,0,3,3735808,0,268435456,0,0,0,-1,-1
52780,Assedio di Boralus: schiacciare l'Alleanza,,32750,55564,0,-1,0,0,0,0,0,0,0,0,0,0,26028,137,464,0,3,34144256,0,268435458,0,0,0,1309324210,-1440044374
52785,La distruzione di Zalamar,,31122,67455,0,-1,0,0,0,0,0,0,0,0,0,0,26030,109,464,0,3,273219584,0,268435456,0,0,0,-1321907123,1427461461
52794,Lucertole e libri mastri,,32762,55564,0,-1,0,0,0,0,0,0,0,0,0,0,26041,109,464,0,3,38338560,8192,268435456,0,0,0,-1321907123,1427461461
52798,Cariche aggiuntive,,32766,55564,0,-1,1,0,0,0,0,0,0,52129,0,0,26048,109,464,0,3,40435712,8192,268435456,0,0,0,1309324210,-1440044374
52799,Il capobranco,,32767,55564,0,-1,0,0,0,0,0,0,0,0,0,0,26057,115,464,0,3,3735808,0,268435456,0,0,0,-1,-1
52803,Un terrore accidentale,,32771,55564,0,-1,0,0,0,0,0,0,0,0,0,0,26060,115,464,0,3,3735808,0,268435456,0,0,0,-1,-1
52804,Inquietudine nelle profondità,,32772,55564,0,-1,0,0,0,0,0,0,0,0,0,0,26063,109,464,0,3,38338560,8192,268435456,0,0,0,1309324210,-1440044374
52805,Estrazione di denti,,33433,55564,0,-1,0,0,0,0,0,0,0,0,0,0,26064,109,464,0,3,38338560,8192,268435456,0,0,0,1309324210,-1440044374
52832,Potenziamento d'Azerite,,32799,55564,0,-1,0,0,0,0,0,0,0,0,0,0,26069,151,464,0,3,3735552,0,268435456,0,0,0,-1,-1
52847,Urlo della Rovina,,32814,63859,0,-1,0,0,0,0,0,0,0,0,0,0,0,112,464,0,3,34144576,0,268435456,0,0,0,-1321907123,1427461461
52848,Ruggito del Leone,,32815,63860,0,-1,0,0,0,0,0,0,0,0,0,0,0,112,464,0,3,34144576,0,268435456,0,0,0,1309324210,-1440044374
52849,Potenziamento d'Azerite,,32816,55564,0,-1,0,0,0,0,0,0,0,0,0,0,26078,151,464,0,3,3735552,0,268435456,0,0,0,-1,-1
52850,Campioni di Vol'dun di Keeyo,,32817,55564,0,-1,0,0,0,0,0,0,0,0,0,0,26094,115,464,0,3,3735808,0,268435456,0,0,0,-1,-1
52856,Serpenti in terrazza,,32823,55564,0,-1,0,0,0,0,0,0,0,0,0,0,26097,115,464,0,3,3735808,0,268435456,0,0,0,-1,-1
52858,Potenziamento d'Azerite,,32825,55564,0,-1,0,0,0,0,0,0,0,0,0,0,26082,151,464,0,3,3735552,0,268435456,0,0,0,-1,-1
52862,Potenziamento d'Azerite,,32829,55564,0,-1,0,0,0,0,0,0,0,0,0,0,26109,151,464,0,3,3735552,0,268435456,0,0,0,-1,-1
52864,Controllo mentale vegetale,,32831,55564,0,-1,0,0,0,0,0,0,0,0,0,0,26120,115,464,0,3,3735808,0,268435456,0,0,0,-1,-1
52865,Il fuggitivo della barricata,,32832,55564,0,-1,0,0,0,0,0,0,0,0,0,0,26119,109,464,0,3,34144256,0,268435456,0,0,0,-1321907123,1427461461
52869,Potenziamento d'Azerite,,32836,55564,0,-1,0,0,0,0,0,0,0,0,0,0,26117,151,464,0,3,3735552,0,268435456,0,0,0,-1,-1
52871,Potenziamento d'Azerite,,32838,55564,0,-1,0,0,0,0,0,0,0,0,0,0,26113,151,464,0,3,3735552,0,268435456,0,0,0,-1,-1
52872,Estrazione d'Azerite,,32839,55564,0,-1,0,0,0,0,0,0,0,0,0,0,26108,151,464,0,3,271122432,0,268435456,0,0,0,-1,-1
52873,Estrazione d'Azerite,,32840,55564,0,-1,0,0,0,0,0,0,0,0,0,0,26112,151,464,0,3,271122432,0,268435456,0,0,0,-1,-1
52874,Estrazione d'Azerite,,32841,55564,0,-1,0,0,0,0,0,0,0,0,0,0,26116,151,464,0,3,272171008,0,268435456,0,0,0,-1,-1
52875,Estrazione d'Azerite,,32842,55564,0,-1,0,0,0,0,0,0,0,0,0,0,26077,151,464,0,3,271122432,0,268435456,0,0,0,-1,-1
52877,Estrazione d'Azerite,,32844,55564,0,-1,0,0,0,0,0,0,0,0,0,0,26081,151,464,0,3,271122432,0,268435456,0,0,0,-1,-1
52878,Sopravvissuti nel deserto,,32845,55564,0,-1,0,0,0,0,0,0,0,0,0,0,26202,115,464,0,3,3735808,0,268435456,0,0,0,-1,-1
52879,Una politica rigorosa,,32846,55564,0,-1,0,0,0,0,0,0,0,0,0,0,26226,109,464,0,3,35192832,0,268435456,0,0,0,-1321907123,1427461461
52880,Un Grugno Lievemente Infangato,,32847,55564,0,-1,0,0,0,0,0,0,0,0,0,0,26272,135,464,0,3,41484352,8192,268435456,0,0,0,-1,-1
52882,Una bruciatura controllata,,32846,55564,0,-1,0,0,0,0,0,0,0,0,0,0,26226,109,464,0,3,35192832,0,268435456,0,0,0,1309324210,-1440044374
52883,Sfondamento,,32849,62340,0,-1,0,0,0,0,0,0,0,0,0,162602,26284,109,288,0,3,41484288,8192,268435456,0,0,0,1309324210,-1440044374
52884,Ferite d'Azerite,,32850,55564,0,-1,0,0,0,0,0,0,0,0,0,0,26066,151,464,0,3,7930112,8192,268435456,0,0,0,-1,-1
52885,Risultato fatato,,32851,62340,0,-1,0,0,0,0,0,0,0,0,0,0,26285,109,288,0,3,38338560,8192,268435456,0,0,0,-1321907123,1427461461
52889,Sfregasabbia,,32854,55564,0,-1,0,0,0,0,0,0,0,0,0,0,26277,135,464,0,3,41484352,8192,268435456,0,0,0,-1,-1
52890,Come nelle favole,,32855,62340,0,-1,0,0,0,0,0,0,0,0,0,0,26286,109,288,0,3,38338560,8192,268435456,0,0,0,1309324210,-1440044374
52891,Buonanotte Wendigo,,32856,55564,0,-1,0,0,0,0,0,0,0,0,0,0,26276,109,464,0,3,34144256,8192,268435456,0,0,0,-1321907123,1427461461
52892,"Gli animali sono amici, non cibo",,32858,55564,0,-1,0,0,0,0,0,0,0,0,0,0,26278,115,464,0,3,3735808,0,268435456,0,0,0,-1,-1
52893,Una visione,,32860,62340,0,-1,0,0,0,0,0,0,0,0,0,0,26287,109,288,0,3,38338560,8192,268435456,0,0,0,-1321907123,1427461461
52894,Nessun rimpianto,,32861,62340,0,-1,0,0,0,0,0,0,0,0,0,0,26288,109,288,0,3,38338560,8192,268435456,0,0,0,1309324210,-1440044374
52895,Arboria,,32862,62340,0,-1,0,0,0,0,0,0,0,0,0,0,26289,109,288,0,3,38338560,8192,268435456,0,0,0,-1321907123,1427461461
52896,G come guerra,,32863,62340,0,-1,0,0,0,0,0,0,0,0,0,0,26283,109,288,0,3,40435712,8192,268435456,0,0,0,1309324210,-1440044374
52897,Vita spericolata,,32864,62340,0,-1,0,0,0,0,0,0,0,0,0,0,26282,109,288,0,3,4784128,8192,268435456,0,0,0,-1321907123,1427461461
52923,Altri esemplari per la collezione,,32890,55564,0,-1,0,0,0,0,0,0,0,0,0,0,26291,115,464,0,3,3735808,0,268435456,0,0,0,-1,-1
52924,Distillato d'aiuto,,32891,55564,0,-1,0,0,0,0,0,0,0,0,0,0,26293,109,464,0,3,34144256,0,268435456,0,0,0,-1321907123,1427461461
52935,Una nuova era,,32893,55564,0,-1,0,0,0,0,0,0,0,0,0,155919,26295,109,464,0,3,38469632,0,268435456,0,0,0,-1321907123,1427461461
52936,Politica della terra ammorbata,,32893,55564,0,-1,0,0,0,0,0,0,0,0,0,0,26295,109,464,0,3,38338560,0,268435456,0,0,0,1309324210,-1440044374
52937,Non hai mai visto Tricornino arrabbiato,,32894,55564,0,-1,0,0,0,0,0,0,0,0,0,0,26297,115,464,0,3,3735808,0,268435456,0,0,0,-1,-1
52938,Inizi a piccoli passi,,32895,55564,0,-1,0,0,0,0,0,0,0,0,0,0,26299,115,464,0,3,3735808,0,268435456,0,0,0,-1,-1
52939,Ordini dell'ordigno,,32896,55564,0,-1,0,0,0,0,0,0,0,0,0,0,26300,109,464,0,3,34144256,0,268435456,0,0,0,-1321907123,1427461461
52940,L'affare delle armi,,32896,55564,0,-1,0,0,0,0,0,0,0,0,0,0,26300,109,464,0,3,34144256,0,268435456,0,0,0,1309324210,-1440044374
52941,Luce nell'oscurità,,32897,68611,0,-1,0,0,0,0,0,0,0,0,0,0,26307,109,464,0,3,35323904,0,268435456,0,0,0,-1321907123,1427461461
52947,Fuori di Ettin,,32903,55564,0,-1,0,0,0,0,0,0,0,0,0,0,26375,109,464,0,3,34144256,8192,268435456,0,0,0,-1321907123,1427461461
52964,Problemi di parassiti,,32921,55564,0,-1,0,0,0,0,0,0,0,0,0,0,26327,109,464,0,3,720896,8192,268435456,0,0,0,-1321907123,1427461461
52968,È il momento di versare un po' di sangue,,32897,55564,0,-1,0,0,0,0,0,0,0,0,0,0,26307,109,464,0,3,34144256,0,268435456,0,0,0,1309324210,-1440044374
52972,Il nipote preferito,,32927,55564,0,-1,0,0,0,0,0,0,0,0,0,0,26331,109,464,0,3,34144256,0,268435456,0,0,0,-1321907123,1427461461
52979,Purificazione Rituale,,32935,68611,0,-1,0,0,0,0,0,0,0,0,0,0,26333,109,464,0,3,36372480,1,268435456,0,0,0,-1321907123,1427461461
52982,Problemi in miniera,,32939,55564,0,-1,0,0,0,0,0,0,0,0,0,0,26336,109,464,0,3,34144256,8192,268435456,51712,0,0,-1321907123,1427461461
52983,Grazie mille,,32940,62340,0,-1,0,0,0,0,0,0,0,0,0,0,26340,109,288,0,3,38338560,8192,268435456,0,0,0,-1321907123,1427461461
52984,Grazie mille,,32941,62340,0,-1,0,0,0,0,0,0,0,0,0,0,26339,109,288,0,3,38338560,8192,268435456,0,0,0,1309324210,-1440044374
52986,Un indegno tramite,,32935,55564,0,-1,0,0,0,0,0,0,0,0,0,0,26333,109,464,0,3,36372480,1,268435456,0,0,0,1309324210,-1440044374
52987,Fuoco e fiamme,,32943,55564,0,-1,0,0,0,0,0,0,0,0,0,0,26337,109,464,0,3,34144256,8192,268435456,51712,0,0,-1321907123,1427461461
52988,Pulizie di primavera,,32944,55564,0,-1,0,0,0,0,0,0,0,0,0,0,26343,109,464,0,3,34144256,0,268435456,0,0,0,-1321907123,1427461461
53008,Sapienza dei saggi,,32944,55564,0,-1,0,0,0,0,0,0,0,0,0,0,26343,109,464,0,3,34144256,0,268435456,0,0,0,1309324210,-1440044374
53009,Resistere a oltranza,,32965,62340,0,-1,0,0,0,0,0,0,0,0,0,0,26426,109,288,0,3,38338560,8192,268435456,0,0,0,1309324210,-1440044374
53010,Nessuna via d'uscita,,32966,62340,0,-1,0,0,0,0,0,0,0,0,0,0,26425,109,288,0,3,38338560,8192,268435456,0,0,0,-1321907123,1427461461
53012,Riordinare i giocattoli,,32968,69435,0,-1,0,0,0,0,0,0,0,0,0,0,26338,109,464,0,3,40435712,8192,268435456,51712,0,0,-1321907123,1427461461
53025,Epurazione,,32981,55564,0,-1,0,0,0,0,0,0,0,0,0,0,26345,109,464,0,3,34144256,0,268435456,0,0,0,-1321907123,1427461461
53027,Confine della gloria,,33449,55564,0,-1,0,0,0,0,0,0,0,0,0,0,26348,109,464,0,3,34144256,0,268435456,0,0,0,1309324210,-1440044374
53040,Frenare l'irruenza,,32994,55564,0,-1,0,0,0,0,0,0,0,0,0,0,26350,109,464,0,3,34144256,0,268435456,0,0,0,-1321907123,1427461461
53042,Invocatempeste,,32994,55564,0,-1,0,0,0,0,0,0,0,0,0,0,26350,109,464,0,3,34144256,0,268435456,0,0,0,1309324210,-1440044374
53076,Fonderia fusa,,32368,55564,0,-1,0,0,0,0,0,0,0,0,0,0,26377,109,464,0,3,34144256,512,268435456,0,0,0,1309324210,-1440044374
53078,Tesori fra le onde,,32380,55564,0,-1,0,0,0,0,0,0,0,0,0,0,26378,109,464,0,3,34144256,0,268435456,0,0,0,1309324210,-1440044374
53106,Incensura,,33052,63483,0,-1,0,0,0,0,0,0,0,0,0,163212,26452,109,464,0,3,37289984,0,268435456,0,0,0,-1321907123,1427461461
53107,Saccheggi e provviste,,33053,63483,0,-1,0,0,0,0,0,0,0,0,0,0,26451,109,464,0,3,37289984,0,268435456,0,0,0,-1321907123,1427461461
53108,Iconoclastia,,33054,63483,0,-1,0,0,0,0,0,0,0,0,0,157771,26453,109,464,0,3,37289984,0,268435456,0,0,0,-1321907123,1427461461
53111,Tracking Quest,,33057,0,0,-1,0,0,0,0,0,0,0,0,0,0,0,0,0,0,3,33621000,0,0,0,0,0,-1,-1
53165,Fermare i furti,,33098,55564,0,-1,0,0,0,0,0,0,0,0,0,0,26397,109,464,0,3,38338560,8192,268435456,52261,0,0,-1321907123,1427461461
53188,Stile ghiacciato,,33120,55564,0,-1,0,0,0,0,0,0,0,0,0,0,26852,109,464,0,3,2686976,0,268435456,0,0,0,-1321907123,1427461461
53189,Pendii scivolosi,,33121,55564,0,-1,0,0,0,0,0,0,0,0,0,0,26854,109,464,0,3,2686976,0,268435456,0,0,0,-1321907123,1427461461
53196,Redazzalo!,,32384,55564,0,-1,0,0,0,0,0,0,0,0,0,0,26398,109,464,0,3,38338560,8192,268435456,0,0,0,1309324210,-1440044374
53200,Tracking Quest,,33131,0,0,-1,0,0,0,0,0,0,0,0,0,0,0,0,0,0,3,33621000,0,0,0,0,0,-1,-1
53201,Tracking Quest,,33132,0,0,-1,0,0,0,0,0,0,0,0,0,0,0,0,0,0,3,33621000,0,0,0,0,0,-1,-1
53202,Tracking Quest,,33133,0,0,-1,0,0,0,0,0,0,0,0,0,0,0,0,0,0,3,33621000,0,0,0,0,0,-1,-1
53203,Tracking Quest,,33134,0,0,-1,0,0,0,0,0,0,0,0,0,0,0,0,0,0,3,33621000,0,0,0,0,0,-1,-1
53204,Tracking Quest,,33135,0,0,-1,0,0,0,0,0,0,0,0,0,0,0,0,0,0,3,33621000,0,0,0,0,0,-1,-1
53214,Tracking Quest,,33141,0,0,-1,0,0,0,0,0,0,0,0,0,0,0,0,0,0,3,33621000,0,0,0,0,0,-1,-1
53215,Tracking Quest,,33142,0,0,-1,0,0,0,0,0,0,0,0,0,0,0,0,188,0,3,37815304,8192,0,0,0,0,-1,-1
53266,Steli Marini Rigogliosi,,33200,55564,0,-1,0,0,0,0,0,2549,1,0,0,0,26599,119,464,0,3,34144576,0,268435458,0,0,0,-1,-1
53270,Baccello Fluviale Rigoglioso,,33204,55564,0,-1,0,0,0,0,0,2549,1,0,0,0,26600,119,464,0,3,34144576,0,268435458,0,0,0,-1,-1
53271,Muschio Stellare Germogliante,,33205,55564,0,-1,0,0,0,0,0,2549,1,0,0,0,26601,119,464,0,3,590144,0,268435458,0,0,0,-1,-1
53272,Pruno di Sirena Germogliante,,33206,55564,0,-1,0,0,0,0,0,2549,1,0,0,0,26602,119,464,0,3,590144,0,268435458,0,0,0,-1,-1
53273,Macchia di Bacio dell'Inverno,,33207,67266,0,-1,0,0,0,0,0,2549,1,0,0,0,26603,119,464,0,3,590144,0,268435458,0,0,0,-1,-1
53274,Alga d'Ancora Ipertrofica,,33208,55564,0,-1,0,0,0,0,0,2549,1,0,0,0,26604,119,464,0,3,34144576,0,268435458,0,0,0,-1,-1
53277,Steli Marini Rigogliosi,,33212,55564,0,-1,0,0,0,0,0,2549,1,0,0,0,26605,119,464,0,3,34144576,0,268435458,0,0,0,-1,-1
53278,Baccello Fluviale Rigoglioso,,33213,55564,0,-1,0,0,0,0,0,2549,1,0,0,0,26606,119,464,0,3,34144576,0,268435458,0,0,0,-1,-1
53279,Muschio Stellare Germogliante,,33214,55564,0,-1,0,0,0,0,0,2549,1,0,0,0,26607,119,464,0,3,590144,0,268435458,0,0,0,-1,-1
53280,Pruno di Sirena Germogliante,,33215,55564,0,-1,0,0,0,0,0,2549,1,0,0,0,26608,119,464,0,3,590144,0,268435458,0,0,0,-1,-1
53281,Macchia di Bacio dell'Inverno,,33216,55564,0,-1,0,0,0,0,0,2549,1,0,0,0,26609,119,464,0,3,590144,0,268435458,0,0,0,-1,-1
53282,Alga d'Ancora Ipertrofica,,33217,55564,0,-1,0,0,0,0,0,2549,1,0,0,0,26610,119,464,0,3,590144,0,268435458,0,0,0,-1,-1
53283,Steli Marini Rigogliosi,,33218,55564,0,-1,0,0,0,0,0,2549,1,0,0,0,26611,119,464,0,3,34144576,0,268435458,0,0,0,-1,-1
53284,Baccello Fluviale Rigoglioso,,33219,55564,0,-1,0,0,0,0,0,2549,1,0,0,0,26612,119,464,0,3,34144576,0,268435458,0,0,0,-1,-1
53285,Muschio Stellare Germogliante,,33220,55564,0,-1,0,0,0,0,0,2549,1,0,0,0,26613,119,464,0,3,590144,0,268435458,0,0,0,-1,-1
53286,Pruno di Sirena Germogliante,,33221,55564,0,-1,0,0,0,0,0,2549,1,0,0,0,26614,119,464,0,3,590144,0,268435458,0,0,0,-1,-1
53287,Macchia di Bacio dell'Inverno,,33222,55564,0,-1,0,0,0,0,0,2549,1,0,0,0,26615,119,464,0,3,590144,0,268435458,0,0,0,-1,-1
53288,Alga d'Ancora Ipertrofica,,33223,55564,0,-1,0,0,0,0,0,2549,1,0,0,0,26616,119,464,0,3,590144,0,268435458,0,0,0,-1,-1
53289,Steli Marini Rigogliosi,,33224,67269,0,-1,0,0,0,0,0,2549,1,0,0,0,26582,119,464,0,3,34144576,0,268435458,0,0,0,-1,-1
53290,Baccello Fluviale Rigoglioso,,33225,55564,0,-1,0,0,0,0,0,2549,1,0,0,0,26584,119,464,0,3,34144576,0,268435458,0,0,0,-1,-1
53291,Muschio Stellare Germogliante,,33226,55564,0,-1,0,0,0,0,0,2549,1,0,0,0,26585,119,464,0,3,590144,0,268435458,0,0,0,-1,-1
53292,Pruno di Sirena Germogliante,,33227,55564,0,-1,0,0,0,0,0,2549,1,0,0,0,26586,119,464,0,3,590144,0,268435458,0,0,0,-1,-1
53293,Alga d'Ancora Ipertrofica,,33228,55564,0,-1,0,0,0,0,0,2549,1,0,0,0,26587,119,464,0,3,590144,0,268435458,0,0,0,-1,-1
53294,Cespuglio di Morso di Akunda,,33229,55564,0,-1,0,0,0,0,0,2549,1,0,0,0,26592,119,464,0,3,590144,0,268435458,0,0,0,-1,-1
53296,Steli Marini Rigogliosi,,33231,55564,0,-1,0,0,0,0,0,2549,1,0,0,0,26588,119,464,0,3,34144576,0,268435458,0,0,0,-1,-1
53297,Baccello Fluviale Rigoglioso,,33232,55564,0,-1,0,0,0,0,0,2549,1,0,0,0,26589,119,464,0,3,34144576,0,268435458,0,0,0,-1,-1
53298,Muschio Stellare Germogliante,,33233,55564,0,-1,0,0,0,0,0,2549,1,0,0,0,26590,119,464,0,3,590144,0,268435458,0,0,0,-1,-1
53299,Pruno di Sirena Germogliante,,33234,55564,0,-1,0,0,0,0,0,2549,1,0,0,0,26591,119,464,0,3,590144,0,268435458,0,0,0,-1,-1
53300,Alga d'Ancora Ipertrofica,,33235,55564,0,-1,0,0,0,0,0,2549,1,0,0,0,26593,119,464,0,3,590144,0,268435458,0,0,0,-1,-1
53301,Steli Marini Rigogliosi,,33236,55564,0,-1,0,0,0,0,0,2549,1,0,0,0,26594,119,464,0,3,34144576,0,268435458,0,0,0,-1,-1
53302,Baccello Fluviale Rigoglioso,,33237,55564,0,-1,0,0,0,0,0,2549,1,0,0,0,26595,119,464,0,3,34144576,0,268435458,0,0,0,-1,-1
53303,Muschio Stellare Germogliante,,33238,55564,0,-1,0,0,0,0,0,2549,1,0,0,0,26596,119,464,0,3,590144,0,268435458,0,0,0,-1,-1
53304,Pruno di Sirena Germogliante,,33239,55564,0,-1,0,0,0,0,0,2549,1,0,0,0,26597,119,464,0,3,590144,0,268435458,0,0,0,-1,-1
53305,Alga d'Ancora Ipertrofica,,33240,55564,0,-1,0,0,0,0,0,2549,1,0,0,0,26598,119,464,0,3,590144,0,268435458,0,0,0,-1,-1
53308,Monelite Luminosa,,33244,55564,0,-1,0,0,0,0,0,2565,1,0,0,0,26617,120,464,0,3,34144576,0,268435458,0,0,0,-1,-1
53311,Argento della Tempesta Splendente,,33247,55564,0,-1,0,0,0,0,0,2565,1,0,0,0,26618,120,464,0,3,34144576,0,268435458,0,0,0,-1,-1
53312,Platino Brunito,,33248,55564,0,-1,0,0,0,0,0,2565,1,0,0,0,26619,120,464,0,3,34144576,0,268435458,0,0,0,-1,-1
53313,Monelite Grezza,,33249,55564,0,-1,0,0,0,0,0,2565,1,0,0,0,26620,120,464,0,3,34144576,0,268435458,0,0,0,-1,-1
53314,Argento della Tempesta Ruvido,,33250,55564,0,-1,0,0,0,0,0,2565,1,0,0,0,26621,120,464,0,3,34144576,0,268435458,0,0,0,-1,-1
53315,Platino Levigato,,33251,55564,0,-1,0,0,0,0,0,2565,1,0,0,0,26622,120,464,0,3,34144576,0,268435458,0,0,0,-1,-1
53316,Monelite Indurita,,33252,55564,0,-1,0,0,0,0,0,2565,1,0,0,0,26623,120,464,0,3,34144576,0,268435458,0,0,0,-1,-1
53317,Argento della Tempesta Denso,,33253,55564,0,-1,0,0,0,0,0,2565,1,0,0,0,26624,120,464,0,3,34144576,0,268435458,0,0,0,-1,-1
53318,Platino Duttile,,33254,55564,0,-1,0,0,0,0,0,2565,1,0,0,0,26625,120,464,0,3,34144576,0,268435458,0,0,0,-1,-1
53319,La Foresta Sacra,,33255,62340,0,-1,0,0,0,0,0,0,0,0,0,0,26423,109,288,0,3,38338560,8192,268435456,0,0,0,-1321907123,1427461461
53320,Ciò che è nostro è nostro,,33256,62340,0,-1,0,0,0,0,0,0,0,0,0,0,26424,109,288,0,3,38338560,8192,268435456,0,0,0,1309324210,-1440044374
53321,Monelite Luminosa,,33257,55564,0,-1,0,0,0,0,0,2565,1,0,0,0,26634,120,464,0,3,34144576,0,268435458,0,0,0,-1,-1
53322,Argento della Tempesta Splendente,,33258,55564,0,-1,0,0,0,0,0,2565,1,0,0,0,26633,120,464,0,3,34144576,0,268435458,0,0,0,-1,-1
53323,Platino Brunito,,33259,55564,0,-1,0,0,0,0,0,2565,1,0,0,0,26632,120,464,0,3,34144576,0,268435458,0,0,0,-1,-1
53324,Monelite Grezza,,33260,55564,0,-1,0,0,0,0,0,2565,1,0,0,0,26631,120,464,0,3,34144576,0,268435458,0,0,0,-1,-1
53325,Argento della Tempesta Ruvido,,33261,55564,0,-1,0,0,0,0,0,2565,1,0,0,0,26630,120,464,0,3,34144576,0,268435458,0,0,0,-1,-1
53326,Platino Levigato,,33262,55564,0,-1,0,0,0,0,0,2565,1,0,0,0,26629,120,464,0,3,34144576,0,268435458,0,0,0,-1,-1
53327,Monelite Indurita,,33263,55564,0,-1,0,0,0,0,0,2565,1,0,0,0,26628,120,464,0,3,34144576,0,268435458,0,0,0,-1,-1
53328,Argento della Tempesta Denso,,33264,55564,0,-1,0,0,0,0,0,2565,1,0,0,0,26627,120,464,0,3,34144576,0,268435458,0,0,0,-1,-1
53329,Platino Duttile,,33265,55564,0,-1,0,0,0,0,0,2565,1,0,0,0,26626,120,464,0,3,34144576,0,268435458,0,0,0,-1,-1
53331,Fare gli sbruffoni,,33267,55564,0,-1,0,0,0,0,0,0,0,0,0,0,26439,109,464,0,3,39387136,0,268435456,0,0,0,-1321907123,1427461461
53343,Incensura,,33052,63483,0,-1,0,0,0,0,0,0,0,0,0,163212,26452,109,464,0,3,37289984,0,268435456,0,0,0,1309324210,-1440044374
53344,Iconoclastia,,33054,63483,0,-1,0,0,0,0,0,0,0,0,0,157771,26453,109,464,0,3,37289984,0,268435456,0,0,0,1309324210,-1440044374
53345,Saccheggi e provviste,,33053,63483,0,-1,0,0,0,0,0,0,0,0,0,0,26451,109,464,0,3,37289984,0,268435456,0,0,0,1309324210,-1440044374
53346,Torchiare i Trogg,,33274,55564,0,-1,0,0,0,0,0,0,0,0,0,0,26514,109,464,0,3,36241408,0,268435456,0,0,0,-1321907123,1427461461
53435,Azerite per l'Orda,,33337,64610,0,-1,0,0,0,0,0,0,0,0,0,0,0,261,289,0,2,101220608,67108864,268435490,0,0,0,1309324210,-1440044374
53436,Azerite per l'Alleanza,,33337,64610,0,-1,0,0,0,0,0,0,0,0,0,0,0,261,289,0,2,101220608,67108864,268435490,0,0,0,-1321907123,1427461461
53497,Evasione,,33383,63694,0,-1,0,0,0,0,0,0,0,0,0,0,26656,109,288,0,3,34144256,0,268435456,0,0,0,-1321907123,1427461461
53498,Potere persistente,,33384,63694,0,-1,0,0,0,0,0,0,0,0,0,0,26655,109,288,0,3,34144256,0,268435456,0,0,0,1309324210,-1440044374
53520,Detonazione!,,33404,62340,0,-1,0,0,0,0,0,0,0,0,0,0,26694,109,288,0,3,34144256,0,268435456,0,0,0,-1321907123,1427461461
53549,Sacca del bottino,,33430,0,0,-1,0,0,0,0,0,0,0,0,0,0,0,41,464,0,3,101253184,0,268435456,0,0,0,-1,-1
53552,Recupero maligno,,33453,62340,0,-1,0,0,0,0,0,0,0,0,0,0,26727,109,288,0,3,34144256,0,268435456,0,0,0,1309324210,-1440044374
53564,Tracking Quest,,33457,0,0,-1,0,0,0,0,0,0,0,0,0,0,0,0,0,0,3,33621000,0,0,0,0,0,-1,-1
53584,Tracking Quest,,33479,0,0,-1,0,0,0,0,0,0,0,0,0,0,0,0,0,0,3,33621000,0,0,0,0,0,-1,-1
53585,Tracking Quest,,33480,0,0,-1,0,0,0,0,0,0,0,0,0,0,0,0,0,0,3,33621000,0,0,0,0,0,-1,-1
53586,Tracking Quest,,33481,0,0,-1,0,0,0,0,0,0,0,0,0,0,0,0,0,0,3,33621000,0,0,0,0,0,-1,-1
53587,Tracking Quest,,33482,0,0,-1,0,0,0,0,0,0,0,0,0,0,0,0,0,0,3,33621000,0,0,0,0,0,-1,-1
53588,Tracking Quest,,33483,0,0,-1,0,0,0,0,0,0,0,0,0,0,0,0,0,0,3,33621000,0,0,0,0,0,-1,-1
53589,Tracking Quest,,33484,0,0,-1,0,0,0,0,0,0,0,0,0,0,0,0,0,0,3,33621000,0,0,0,0,0,-1,-1
53590,Tracking Quest,,33485,0,0,-1,0,0,0,0,0,0,0,0,0,0,0,0,0,0,3,33621000,0,0,0,0,0,-1,-1
53591,Tracking Quest,,33486,0,0,-1,0,0,0,0,0,0,0,0,0,0,0,0,0,0,3,33621000,0,0,0,0,0,-1,-1
53592,Tracking Quest,,33487,0,0,-1,0,0,0,0,0,0,0,0,0,0,0,0,0,0,3,33621000,0,0,0,0,0,-1,-1
53593,Tracking Quest,,33488,0,0,-1,0,0,0,0,0,0,0,0,0,0,0,0,0,0,3,33621000,0,0,0,0,0,-1,-1
53594,Tracking Quest,,33489,0,0,-1,0,0,0,0,0,0,0,0,0,0,0,0,0,0,3,33621000,0,0,0,0,0,-1,-1
53595,Tracking Quest,,33490,0,0,-1,0,0,0,0,0,0,0,0,0,0,0,0,0,0,3,33621000,0,0,0,0,0,-1,-1
53596,Tracking Quest,,33491,0,0,-1,0,0,0,0,0,0,0,0,0,0,0,0,0,0,3,33621000,0,0,0,0,0,-1,-1
53597,Tracking Quest,,33492,0,0,-1,0,0,0,0,0,0,0,0,0,0,0,0,0,0,3,33621000,0,0,0,0,0,-1,-1
53598,Tracking Quest,,33493,0,0,-1,0,0,0,0,0,0,0,0,0,0,0,0,0,0,3,33621000,0,0,0,0,0,-1,-1
53599,Tracking Quest,,33494,0,0,-1,0,0,0,0,0,0,0,0,0,0,0,0,0,0,3,33621000,0,0,0,0,0,-1,-1
53600,Tracking Quest,,33495,0,0,-1,0,0,0,0,0,0,0,0,0,0,0,0,0,0,3,33621000,0,0,0,0,0,-1,-1
53601,Tracking Quest,,33496,0,0,-1,0,0,0,0,0,0,0,0,0,0,0,0,0,0,3,33621000,0,0,0,0,0,-1,-1
53699,Sfondare i cancelli,,33607,65921,0,-1,0,0,0,0,0,0,0,0,0,0,26925,259,706,0,3,40435968,8192,268435456,0,0,0,-1321907123,1427461461
53704,Una brigata di cittadini poco sobri,,33598,65921,0,-1,0,0,0,0,0,0,0,0,0,0,27049,259,706,0,3,40435968,8192,268435456,0,0,0,-1321907123,1427461461
53706,Mettere in salvo le provviste,,33599,65921,0,-1,0,0,0,0,0,0,0,0,0,0,27080,259,706,0,3,36241664,0,268435456,0,0,0,-1321907123,1427461461
53707,Mandare in fumo le provviste,,33600,65921,0,-1,0,0,0,0,0,0,0,0,0,0,27080,259,706,0,3,36241664,0,268435456,0,0,0,1309324210,-1440044374
53712,Cieli avversi,,33602,65921,0,-1,0,0,0,0,0,0,0,0,0,0,26964,259,706,0,3,40435968,8192,268435456,0,0,0,-1321907123,1427461461
53713,Lavoro sporco: Portoponte,,33604,65921,0,-1,0,0,0,0,0,0,0,0,0,0,26965,259,706,0,3,37290240,0,268435456,0,0,0,1309324210,-1440044374
53714,Speziale Jerrod,,33605,67187,0,-1,0,0,0,0,0,0,0,0,0,0,26962,260,706,0,3,36241728,0,268435456,0,0,0,-1321907123,1427461461
53715,Guardafiamma Viton Lamposcuro,,33606,65921,0,-1,0,0,0,0,0,0,0,0,0,0,26966,260,706,0,3,36241728,0,268435456,0,0,0,-1321907123,1427461461
53716,Emergenza a est,,33608,67264,0,-1,0,0,0,0,0,0,0,0,0,0,27148,259,706,0,3,36241664,0,268435456,0,0,0,1309324210,-1440044374
53717,Difendere l'altura,,33609,65921,0,-1,0,0,0,0,0,0,0,0,0,0,27078,259,706,0,3,36241664,0,268435456,0,0,0,-1321907123,1427461461
53724,Cacciatrice dell'Ombra Mutumba,,33616,65921,0,-1,0,0,0,0,0,0,0,0,0,0,26989,260,706,0,3,36241728,0,268435456,0,0,0,-1321907123,1427461461
53726,Macchinazioni,,33618,65921,0,-1,0,0,0,0,0,0,0,0,0,0,27002,259,706,0,3,40435968,8192,268435456,0,0,0,-1321907123,1427461461
53752,Fuoco a volontà,,33639,65921,0,-1,0,0,0,0,0,0,0,0,0,0,27081,259,706,0,3,36241664,0,268435456,0,0,0,1309324210,-1440044374
53753,Fuoco a volontà,,33640,65921,0,-1,0,0,0,0,0,0,0,0,0,0,27081,259,706,0,3,36241664,0,268435456,0,0,0,-1321907123,1427461461
53755,La voce della Piaga,,33642,65921,0,-1,0,0,0,0,0,0,0,0,0,0,27017,259,706,0,3,36241664,0,268435456,0,0,0,-1321907123,1427461461
53759,Attenzione da sotto!,,33646,65921,0,-1,0,0,0,0,0,0,0,0,0,0,26924,259,706,0,3,40435968,8192,268435456,0,0,0,1309324210,-1440044374
53768,Rissa furiosa,,33654,65921,0,-1,0,0,0,0,0,0,0,0,0,0,27079,259,706,0,3,36241664,0,268435456,0,0,0,-1321907123,1427461461
53769,Rissa furiosa,,33655,65921,0,-1,0,0,0,0,0,0,0,0,0,0,27079,259,706,0,3,36241664,0,268435456,0,0,0,1309324210,-1440044374
53770,TBD - OLD PORTAL QUEST (NOT USED),,33656,65921,0,-1,0,0,0,0,0,0,0,0,0,0,3785,113,706,0,3,39387392,8192,268435456,0,0,0,-1321907123,1427461461
53771,Gurin Vincolapietra,,33657,65921,0,-1,0,0,0,0,0,0,0,0,0,0,27015,260,706,0,3,36241728,0,268435456,0,0,0,-1321907123,1427461461
53772,Zagg Occhiorotto,,33658,65921,0,-1,0,0,0,0,0,0,0,0,0,0,27075,260,706,0,3,36241728,0,268435456,0,0,0,-1321907123,1427461461
53773,Un attacco dei Naga!,,33659,66421,0,-1,0,0,0,0,0,0,0,0,0,0,27077,111,706,0,3,41484544,8192,268435456,0,0,0,-1,-1
53784,Ingegnere d'Assedio Crepituono,,33670,65921,0,-1,0,0,0,0,0,0,0,0,0,0,27076,260,706,0,3,36241728,0,268435456,0,0,0,-1321907123,1427461461
53803,Pugno di Orgrimmar,,33687,65921,0,-1,0,0,0,0,0,0,0,0,0,0,3785,113,706,0,3,39387392,8192,268435456,0,0,0,-1321907123,1427461461
53804,Dinomante Zakuru,,33688,65921,0,-1,0,0,0,0,0,0,0,0,0,0,27089,260,706,0,3,36241728,0,268435456,0,0,0,-1321907123,1427461461
53808,Strisciare verso la vittoria,,33692,65921,0,-1,0,0,0,0,0,0,0,0,0,0,27002,259,706,0,3,40435968,8192,268435456,0,0,0,1309324210,-1440044374
53812,Una trappola piazzata con cura,,33696,65921,0,-1,0,0,0,0,0,0,0,0,0,0,27092,260,706,0,3,36241728,0,268435456,0,0,0,-1321907123,1427461461
53814,Primo Sergente Durazanna,,33698,65921,0,-1,0,0,0,0,0,0,0,0,0,0,27098,260,706,0,3,36241728,0,268435456,0,0,0,-1321907123,1427461461
53832,Controsabotaggio,,33715,67264,0,-1,0,0,0,0,0,0,0,0,0,0,27014,259,706,0,3,40435968,8192,268435456,0,0,0,1309324210,-1440044374
53857,Capitano Gorok,,33739,65921,0,-1,0,0,0,0,0,0,0,0,0,0,27110,260,706,0,3,36241728,0,268435456,0,0,0,-1321907123,1427461461
53860,Trasporto d'Azerite,,33742,0,0,-1,0,0,0,0,0,0,0,0,0,0,3785,113,706,0,3,36241664,0,268435456,0,0,0,1309324210,-1440044374
53867,Ingegnere Serraviti,,33749,65921,0,-1,0,0,0,0,0,0,0,0,0,0,27131,260,706,0,3,36241728,0,268435456,0,0,0,-1321907123,1427461461
53874,Porre fine alla veglia,,33755,66632,0,-1,0,0,0,0,0,0,0,0,0,0,27439,109,464,0,3,34144256,0,268435456,0,0,0,1309324210,-1440044374
53875,Solcanebbia per un giorno,,33756,65921,0,-1,0,0,0,0,0,0,0,0,0,0,27145,259,706,0,3,40435968,8192,268435456,0,0,0,1309324210,-1440044374
53877,Incontro a est,,33757,65921,0,-1,0,0,0,0,0,0,0,0,0,0,27148,259,706,0,3,36241664,0,268435456,0,0,0,-1321907123,1427461461
53878,Rimozione d'emergenza,,33758,65921,0,-1,0,0,0,0,0,0,0,0,0,0,27078,259,706,0,3,36241664,0,268435456,0,0,0,1309324210,-1440044374
53886,Visita autoguidata,,33766,67268,0,-1,0,0,0,0,0,0,0,0,0,0,27152,259,706,0,3,40435968,8192,268435456,0,0,0,1309324210,-1440044374
53945,Un attacco dei Naga!,,33836,66420,0,-1,0,0,0,0,0,0,0,0,0,0,27166,111,706,0,3,41484544,8192,268435456,0,0,0,-1,-1
53950,Sollievo esplosivo,,33826,67264,0,-1,0,0,0,0,0,0,0,0,0,0,27178,259,706,0,3,36241664,0,268435456,0,0,0,1309324210,-1440044374
53951,Sollievo esplosivo,,33827,65921,0,-1,0,0,0,0,0,0,0,0,0,0,27178,259,706,0,3,36241664,0,268435456,0,0,0,-1321907123,1427461461
53963,Un attacco dei Naga!,,33837,66349,0,-1,0,0,0,0,0,0,0,0,0,0,27181,111,706,0,3,41484544,8192,268435456,0,0,0,-1,-1
53979,Un attacco dei Naga!,,33853,66339,0,-1,0,0,0,0,0,0,0,0,0,0,27209,111,706,0,3,41484544,8192,268435456,0,0,0,-1,-1
53983,Lavoro sporco: Cavaliere del Forte,,33855,65921,0,-1,0,0,0,0,0,0,0,0,0,0,27210,259,706,0,3,36241664,0,268435456,0,0,0,1309324210,-1440044374
53994,Un attacco dei Naga!,,33866,66419,0,-1,0,0,0,0,0,0,0,0,0,0,27238,111,706,0,3,41484544,8192,268435456,0,0,0,-1,-1
54011,Lavoro sporco: Presidio di Arom,,33882,67265,0,-1,0,0,0,0,0,0,0,0,0,0,27253,259,706,0,3,37290240,0,268435456,0,0,0,1309324210,-1440044374
54014,Lavoro sporco: Sangue nelle sabbie,,33885,65921,0,-1,0,0,0,0,0,0,0,0,0,0,27262,259,706,0,3,36241664,0,268435456,0,0,0,-1321907123,1427461461
54016,Trasporto d'Azerite,,33887,65921,0,-1,0,0,0,0,0,0,0,0,0,0,27260,260,706,0,3,36241728,0,268435456,0,0,0,1309324210,-1440044374
54017,Lavoro sporco: Kraal delle Bestie da Guerra,,33888,65921,0,-1,0,0,0,0,0,0,0,0,0,0,27259,259,706,0,3,37290240,0,268435456,0,0,0,-1321907123,1427461461
54020,Lavoro sporco: Foce Acquascura,,33891,65921,0,-1,0,0,0,0,0,0,0,0,0,0,27256,259,706,0,3,36241664,0,268435456,0,0,0,-1321907123,1427461461
54051,Un attacco dei Naga!,,33939,66341,0,-1,0,0,0,0,0,0,0,0,0,0,27306,111,706,0,3,41484544,8192,268435456,0,0,0,-1,-1
54060,Un attacco dei Naga!,,33944,66342,0,-1,0,0,0,0,0,0,0,0,0,0,27333,111,706,0,3,41484544,8192,268435456,0,0,0,-1,-1
54089,Omgar Arcolosco,,33973,65921,0,-1,0,0,0,0,0,0,0,0,0,0,27365,260,706,0,3,36241728,0,268435456,0,0,0,-1321907123,1427461461
54091,John il Forzuto,,33975,71588,0,-1,0,0,0,0,0,0,0,0,0,0,27366,260,706,0,3,36241728,0,268435456,0,0,0,1309324210,-1440044374
54112,Teurga del Misticismo Nian,,33994,67264,0,-1,0,0,0,0,0,0,0,0,0,0,27375,260,706,0,3,36241728,0,268435456,0,0,0,1309324210,-1440044374
54119,Hartford Sternbach,,33996,67264,0,-1,0,0,0,0,0,0,0,0,0,0,27385,260,706,0,3,36241728,0,268435456,0,0,0,1309324210,-1440044374
54127,Salto a razzo,,34005,68084,0,-1,0,0,0,0,0,0,0,0,0,0,27421,259,706,0,3,41484608,8192,268435456,0,0,0,-1321907123,1427461461
54129,Primo Ufficiale Malone,,34007,65921,0,-1,0,0,0,0,0,0,0,0,0,0,27398,260,706,0,3,36241728,0,268435456,0,0,0,-1321907123,1427461461
54143,Panoramica dall'alto,,34022,67187,0,-1,0,0,0,0,0,0,0,0,0,0,27409,259,706,0,3,40435968,8192,268435456,0,0,0,-1321907123,1427461461
54154,Le colline hanno le spie,,34027,65921,0,-1,0,0,0,0,0,0,0,0,0,0,27151,259,706,0,3,40435968,8192,268435456,0,0,0,1309324210,-1440044374
54162,Atterraggio difficile,,34032,65921,0,-1,0,0,0,0,0,0,0,0,0,0,27150,259,706,0,3,40435968,8192,268435456,0,0,0,1309324210,-1440044374
54166,Pronti a salpare,,34036,21439,0,-1,0,0,0,0,0,0,0,0,0,0,0,109,289,0,3,34177280,0,268435458,0,0,0,1309324210,-1440044374
54167,Pronti a salpare,,34036,21439,0,-1,0,0,0,0,0,0,0,0,0,0,0,109,289,0,3,34177280,0,268435458,0,0,0,-1321907123,1427461461
54170,Ormin Spingirazzi,,34039,65921,0,-1,0,0,0,0,0,0,0,0,0,0,27419,260,706,0,3,36241728,0,268435456,0,0,0,1309324210,-1440044374
54182,Fratelli Maneschi degli Acqualorda,,34047,65921,0,-1,0,0,0,0,0,0,0,0,0,0,27427,260,706,0,3,36241728,0,268435456,0,0,0,-1321907123,1427461461
54187,Un tè per due,,34052,55564,0,-1,0,0,0,0,0,0,0,0,0,0,27433,109,464,0,3,34144256,0,268435456,0,0,0,-1321907123,1427461461
54188,Robot disturbati,,34053,65921,0,-1,0,0,0,0,0,0,0,0,0,0,27429,259,706,0,3,40435968,8192,268435456,0,0,0,-1321907123,1427461461
54189,Strisciare nel deserto,,34054,65921,0,-1,0,0,0,0,0,0,0,0,0,0,27429,259,706,0,3,40435968,8192,268435456,0,0,0,1309324210,-1440044374
54190,Un tè per due,,34055,55564,0,-1,0,0,0,0,0,0,0,0,0,0,27433,109,464,0,3,34144256,0,268435456,0,0,0,1309324210,-1440044374
54236,Un attacco dei Naga!,,34101,66416,0,-1,0,0,0,0,0,0,0,0,0,0,27456,111,706,0,3,41484544,8192,268435456,0,0,0,-1,-1
54237,Togoth Bracciocrudele,,34102,65921,0,-1,0,0,0,0,0,0,0,0,0,0,27446,260,706,0,3,36241728,0,268435456,0,0,0,-1321907123,1427461461
54243,Gobliterazione,,34107,66497,0,-1,0,0,0,0,0,0,0,0,0,0,27449,109,464,0,3,41615360,8192,268435456,0,0,0,-1321907123,1427461461
54245,Battibecchi d'Azerite,,34109,65921,0,-1,0,0,0,0,0,0,0,0,0,0,27457,259,706,0,3,36241664,0,268435456,0,0,0,-1321907123,1427461461
54246,Battibecchi d'Azerite,,34110,65921,0,-1,0,0,0,0,0,0,0,0,0,0,27457,259,706,0,3,36241664,0,268435456,0,0,0,1309324210,-1440044374
54251,L'ambasciatore,,34115,67264,0,-1,0,0,0,0,0,0,0,0,0,0,27464,260,706,0,3,36241728,0,268435456,0,0,0,1309324210,-1440044374
54253,Sganciare le bombe,,34117,65921,0,-1,0,0,0,0,0,0,0,0,0,0,27466,259,706,0,3,36241664,0,268435456,0,0,0,1309324210,-1440044374
54254,Sganciare le bombe,,34118,65921,0,-1,0,0,0,0,0,0,0,0,0,0,27466,259,706,0,3,36241664,0,268435456,0,0,0,-1321907123,1427461461
54257,Capitano Veleverdi,,34121,67264,0,-1,0,0,0,0,0,0,0,0,0,0,27468,260,706,0,3,36241728,0,268435456,0,0,0,1309324210,-1440044374
54266,Signore del Mortaio Zapfritz,,34130,65921,0,-1,0,0,0,0,0,0,0,0,0,0,27475,260,706,0,3,36241728,0,268435456,0,0,0,-1321907123,1427461461
54267,Un attacco dei Naga!,,34131,66418,0,-1,0,0,0,0,0,0,0,0,0,0,27480,111,706,0,3,41484544,8192,268435456,0,0,0,-1,-1
54268,Propulsione impulsiva,,34132,66160,0,-1,0,0,0,0,0,0,0,0,0,0,27481,259,706,0,3,40435968,8192,268435456,0,0,0,1309324210,-1440044374
54272,Robot da battaglia,,34136,65921,0,-1,0,0,0,0,0,0,0,0,0,0,27485,259,706,0,3,36241664,0,268435456,0,0,0,-1321907123,1427461461
54273,Robot da battaglia,,34137,65921,0,-1,0,0,0,0,0,0,0,0,0,0,27485,259,706,0,3,36241664,0,268435456,0,0,0,1309324210,-1440044374
54281,Baliste da bombardamento,,34145,65921,0,-1,0,0,0,0,0,0,0,0,0,0,27495,259,706,0,3,40435968,8192,268435456,0,0,0,-1321907123,1427461461
54287,Un attacco dei Naga!,,34151,66417,0,-1,0,0,0,0,0,0,0,0,0,0,27496,111,706,0,3,41484544,8192,268435456,0,0,0,-1,-1
54295,Capo Artigliere Goodwin,,34159,67264,0,-1,0,0,0,0,0,0,0,0,0,0,27497,260,706,0,3,36241728,0,268435456,0,0,0,1309324210,-1440044374
54298,La gravità conta,,34162,65921,0,-1,0,0,0,0,0,0,0,0,0,0,27150,259,706,0,3,40435968,8192,268435456,0,0,0,-1321907123,1427461461
54308,"Ciò che è tuo, è mio",,34172,65921,0,-1,0,0,0,0,0,0,0,0,0,0,27500,259,706,0,3,36241664,0,268435456,51696,0,0,1309324210,-1440044374
54313,Tracking Quest,,34176,0,0,-1,0,0,0,0,0,0,0,0,0,0,0,0,0,0,3,33621256,0,0,0,0,0,1309324210,-1440044374
54314,Tracking Quest,,34177,0,0,-1,0,0,0,0,0,0,0,0,0,0,0,0,0,0,3,33621256,0,0,0,0,0,-1,-1
54315,Tracking Quest,,34178,0,0,-1,0,0,0,0,0,0,0,0,0,0,0,0,0,0,3,35718408,0,0,0,0,0,-1,-1
54316,Tracking Quest,,34179,0,0,-1,0,0,0,0,0,0,0,0,0,0,0,0,0,0,3,33621256,0,0,0,0,0,-1,-1
54317,Tracking Quest,,34180,0,0,-1,0,0,0,0,0,0,0,0,0,0,0,0,0,0,3,33621256,0,0,0,0,0,-1,-1
54318,Tracking Quest,,34181,0,0,-1,0,0,0,0,0,0,0,0,0,0,0,0,0,0,3,33621256,0,0,0,0,0,-1,-1
54319,Tracking Quest,,34182,0,0,-1,0,0,0,0,0,0,0,0,0,0,0,0,0,0,3,33621256,0,0,0,0,0,-1,-1
54322,Tracking Quest,,34185,0,0,-1,0,0,0,0,0,0,0,0,0,0,0,0,0,0,3,35718408,0,0,0,0,0,-1,-1
54323,Tracking Quest,,34186,0,0,-1,0,0,0,0,0,0,0,0,0,0,0,0,0,0,3,33621256,0,0,0,0,0,-1,-1
54324,Tracking Quest,,34187,0,0,-1,0,0,0,0,0,0,0,0,0,0,0,0,0,0,3,33621256,0,0,0,0,0,-1,-1
54325,Tracking Quest,,34188,0,0,-1,0,0,0,0,0,0,0,0,0,0,0,0,0,0,3,33621256,0,0,0,0,0,-1,-1
54326,Tracking Quest,,34189,0,0,-1,0,0,0,0,0,0,0,0,0,0,0,0,0,0,3,33621256,0,0,0,0,0,-1,-1
54328,Cavalier Capitano Joesiph,,34191,65921,0,-1,0,0,0,0,0,0,0,0,0,0,27531,260,706,0,3,36241728,0,268435456,0,0,0,1309324210,-1440044374
54399,Tracking Quest,,34262,0,0,-1,0,0,0,0,0,0,0,0,0,0,0,0,0,0,3,33621256,0,0,0,0,0,-1,-1
54400,Tracking Quest,,34263,0,0,-1,0,0,0,0,0,0,0,0,0,0,0,0,0,0,3,33621256,0,0,0,0,0,-1,-1
54401,Tracking Quest,,34264,0,0,-1,0,0,0,0,0,0,0,0,0,0,0,0,0,0,3,33621256,0,0,0,0,0,-1,-1
54403,Saggia delle Maree Clarissa,,34266,65921,0,-1,0,0,0,0,0,0,0,0,0,0,27601,260,706,0,3,36241728,0,268435456,0,0,0,1309324210,-1440044374
54414,Rappresaglia della Burrasca,,34277,65921,0,-1,0,0,0,0,0,0,0,0,0,0,27603,259,706,0,3,36241664,0,268435456,0,0,0,1309324210,-1440044374
54415,Vulpera per un giorno,,34278,65921,0,-1,0,0,0,0,0,0,0,0,0,0,27708,259,706,0,3,40435968,8192,268435456,0,0,0,1309324210,-1440044374
54434,Maestro del Vuoto Vesprombroso,,34297,65921,0,-1,0,0,0,0,0,0,0,0,0,0,27602,260,706,0,3,36241728,0,268435456,0,0,0,1309324210,-1440044374
54437,Owynn Graddock,,34299,65921,0,-1,0,0,0,0,0,0,0,0,0,0,27608,260,706,0,3,36241728,0,268435456,0,0,0,1309324210,-1440044374
54442,Domatore di Bestie Watkins,,34303,65921,0,-1,0,0,0,0,0,0,0,0,0,0,27613,260,706,0,3,36241728,0,268435456,0,0,0,1309324210,-1440044374
54448,Azerite elementale,,34309,67265,0,-1,0,0,0,0,0,0,0,0,0,0,27621,259,706,0,3,36241664,0,268435456,0,0,0,1309324210,-1440044374
54449,Azerite elementale,,34310,67282,0,-1,0,0,0,0,0,0,0,0,0,0,27621,259,706,0,3,36241664,0,268435456,0,0,0,-1321907123,1427461461
54467,Retaggio in rovina,,34316,67254,0,-1,0,0,0,0,0,0,0,0,0,0,28036,109,691,0,3,34144512,0,268435456,51722,0,0,1309324210,-1440044374
54468,Nalaess Cercapiume,,34317,65921,0,-1,0,0,0,0,0,0,0,0,0,0,27622,260,706,0,3,36241728,0,268435456,0,0,0,1309324210,-1440044374
54471,Curarsi dei feriti,,34319,65921,0,-1,0,0,0,0,0,0,0,0,0,0,27625,259,706,0,3,36241664,0,268435456,0,0,0,-1321907123,1427461461
54472,Arare i campi,,34320,67265,0,-1,0,0,0,0,0,0,0,0,0,0,27625,259,706,0,3,36241664,0,268435456,0,0,0,1309324210,-1440044374
54488,Zul'aki il Cacciatore di Teste,,34330,65921,0,-1,0,0,0,0,0,0,0,0,0,0,27626,260,706,0,3,36241728,0,268435456,0,0,0,-1321907123,1427461461
54496,Pendagli da forca,,34338,67254,0,-1,0,0,0,0,0,0,0,0,0,0,28037,109,691,0,3,34144512,0,268435456,51722,0,0,1309324210,-1440044374
54497,Una combinazione pericolosa,,34339,67254,0,-1,0,0,0,0,0,0,0,0,0,0,28038,109,691,0,3,34144512,0,268435456,51722,0,0,1309324210,-1440044374
54498,Raggrupparsi sul difensore,,34340,65921,0,-1,0,0,0,0,0,0,0,0,0,0,27639,259,706,0,3,36241664,0,268435456,0,0,0,-1321907123,1427461461
54499,Rituali del Crepuscolo,,34341,67254,0,-1,0,0,0,0,0,0,0,0,0,0,28039,109,691,0,3,34144512,0,268435456,51722,0,0,1309324210,-1440044374
54500,Potenziale inutilizzato,,34342,65921,0,-1,0,0,0,0,0,0,0,0,0,0,27635,259,706,0,3,36241664,0,268435456,0,0,0,-1321907123,1427461461
54502,Pioggia di mana,,34342,67268,0,-1,0,0,0,0,0,0,0,0,0,0,27635,259,706,0,3,36241664,0,268435456,0,0,0,1309324210,-1440044374
54503,Un botto di mine,,34343,67268,0,-1,0,0,0,0,0,0,0,0,0,0,27641,259,706,0,3,40435968,8192,268435456,0,0,0,1309324210,-1440044374
54504,Capitano degli Esploratori Rozzopomolo,,34344,65921,0,-1,0,0,0,0,0,0,0,0,0,0,27642,260,706,0,3,36241728,0,268435456,0,0,0,-1321907123,1427461461
54505,Sul carico,,34345,65921,0,-1,0,0,0,0,0,0,0,0,0,0,27643,259,706,0,3,36241664,0,268435456,0,0,0,1309324210,-1440044374
54506,Infestazione fungina,,34346,67265,0,-1,0,0,0,0,0,0,0,0,0,0,27644,259,706,0,3,36241664,0,268435456,0,0,0,1309324210,-1440044374
54507,Infestazione fungina,,34347,65921,0,-1,0,0,0,0,0,0,0,0,0,0,27644,259,706,0,3,36241664,0,268435456,0,0,0,-1321907123,1427461461
54508,Un ponte impervio,,34348,65921,0,-1,0,0,0,0,0,0,0,0,0,0,27646,260,706,0,3,36241728,0,268435456,0,0,0,-1321907123,1427461461
54509,Punta del tridente,,34349,67254,0,-1,0,0,0,0,0,0,0,0,0,0,28040,109,691,0,3,34144512,0,268435456,51722,0,0,1309324210,-1440044374
54511,A morte i Capitani della Morte!,,34351,65921,0,-1,0,0,0,0,0,0,0,0,0,0,27648,260,706,0,3,36241728,0,268435456,0,0,0,-1321907123,1427461461
54512,Marea purificante,,34352,65921,0,-1,0,0,0,0,0,0,0,0,0,0,27649,259,706,0,3,40435968,0,268435456,0,0,0,-1321907123,1427461461
54513,L'ora dei dinosauri,,34353,65921,0,-1,0,0,0,0,0,0,0,0,0,0,27654,260,706,0,3,36241728,0,268435456,0,0,0,-1321907123,1427461461
54514,Prigionieri degli Scagliascura,,34354,67254,0,-1,0,0,0,0,0,0,0,0,0,0,28041,109,691,0,3,34144512,0,268435456,51722,0,0,1309324210,-1440044374
54515,Vincolamaree Maka,,34355,65921,0,-1,0,0,0,0,0,0,0,0,0,0,27655,260,706,0,3,36241728,0,268435456,0,0,0,-1321907123,1427461461
54516,Casse e barili,,34357,65921,0,-1,0,0,0,0,0,0,0,0,0,0,27657,259,706,0,3,40435968,8192,268435456,0,0,0,1309324210,-1440044374
54520,Arboscelli bruciacchiati,,34360,67254,0,-1,0,0,0,0,0,0,0,0,0,0,28042,109,691,0,3,34144512,0,268435456,51722,0,0,1309324210,-1440044374
54521,Stregoneria rubata,,34361,67254,0,-1,0,0,0,0,0,0,0,0,0,0,28043,109,691,0,3,34144512,0,268435456,51722,0,0,1309324210,-1440044374
54522,Il diminutivo di Orco,,34362,65921,0,-1,0,0,0,0,0,0,0,0,0,0,27665,260,706,0,3,36241728,0,268435456,0,0,0,1309324210,-1440044374
54523,Blinky Brillagingilli,,34363,65921,0,-1,0,0,0,0,0,0,0,0,0,0,27666,260,706,0,3,36241728,0,268435456,0,0,0,1309324210,-1440044374
54524,Casse e barili,,34364,65921,0,-1,0,0,0,0,0,0,0,0,0,0,27657,259,706,0,3,40435968,8192,268435456,0,0,0,-1321907123,1427461461
54525,Tracking Quest,,34365,0,0,-1,0,0,0,0,0,0,0,0,0,0,0,259,0,0,3,34149632,0,0,0,0,0,-1,-1
54526,Tracking Quest,,34366,0,0,-1,0,0,0,0,0,0,0,0,0,0,0,259,0,0,3,34149632,0,0,0,0,0,-1,-1
54527,Cacciatore di Dinosauri Barbaselva,,34367,65921,0,-1,0,0,0,0,0,0,0,0,0,0,27671,260,706,0,3,36241728,0,268435456,0,0,0,1309324210,-1440044374
54528,Ritorno negli abissi,,34368,67254,0,-1,0,0,0,0,0,0,0,0,0,0,28044,109,691,0,3,34144512,0,268435456,51722,0,0,1309324210,-1440044374
54531,Tutto fa brodo,,34370,67254,0,-1,0,0,0,0,0,0,0,0,0,0,28045,109,691,0,3,34144512,0,268435456,51722,0,0,1309324210,-1440044374
54532,Ritirarsi dalla vegetazione,,34371,65921,0,-1,0,0,0,0,0,0,0,0,0,0,27678,260,706,0,3,36241728,0,268435456,0,0,0,1309324210,-1440044374
54533,Irruzione,,34372,65921,0,-1,0,0,0,0,0,0,0,0,0,0,27682,259,706,0,3,36241664,0,268435456,0,0,0,-1321907123,1427461461
54534,Il tocco più ammorbato,,34373,67268,0,-1,0,0,0,0,0,0,0,0,0,0,27682,259,706,0,3,40435968,0,268435456,0,0,0,1309324210,-1440044374
54535,Guardiano dei Portali Romiir,,34374,65921,0,-1,0,0,0,0,0,0,0,0,0,0,27683,260,706,0,3,36241728,0,268435456,0,0,0,1309324210,-1440044374
54536,Alimentare le fiamme,,34375,67254,0,-1,0,0,0,0,0,0,0,0,0,0,28046,109,691,0,3,34144512,8192,268435456,51722,0,0,1309324210,-1440044374
54537,Pestabile,,34376,65921,0,-1,0,0,0,0,0,0,0,0,0,0,27688,260,706,0,3,36241728,0,268435456,0,0,0,-1321907123,1427461461
54538,Schermaglia al lido,,34377,67268,0,-1,0,0,0,0,0,0,0,0,0,0,27691,259,706,0,3,36241664,0,268435456,0,0,0,1309324210,-1440044374
54539,Schermaglia al lido,,34378,65921,0,-1,0,0,0,0,0,0,0,0,0,0,27691,259,706,0,3,36241664,0,268435456,0,0,0,-1321907123,1427461461
54540,Cavalcarovina Tetrinferno,,34379,66544,0,-1,0,0,0,0,0,0,0,0,0,0,27699,135,691,0,3,37290048,0,268435456,0,0,0,-1321907123,1427461461
54541,Cavalier Capitano Aldrin,,34380,66543,0,-1,0,0,0,0,0,0,0,0,0,0,27699,135,691,0,3,37290048,0,268435456,0,0,0,1309324210,-1440044374
54542,Apparizione Orripilante,,34381,66543,0,-1,0,0,0,0,0,0,0,0,0,0,27698,135,691,0,3,37290048,0,268435456,0,0,0,1309324210,-1440044374
54543,Predaumani Rog,,34382,66543,0,-1,0,0,0,0,0,0,0,0,0,0,27702,135,691,0,3,37290048,0,268435456,0,0,0,1309324210,-1440044374
54544,Cavalcabestie Kama,,34383,66543,0,-1,0,0,0,0,0,0,0,0,0,0,27694,135,691,0,3,37290048,0,268435456,0,0,0,1309324210,-1440044374
54545,Nimar il Sicario,,34384,66543,0,-1,0,0,0,0,0,0,0,0,0,0,27703,135,691,0,3,37290048,0,268435456,0,0,0,1309324210,-1440044374
54546,Canterina,,34385,66543,0,-1,0,0,0,0,0,0,0,0,0,0,27705,135,691,0,3,37290048,0,268435456,0,0,0,1309324210,-1440044374
54547,Darbel Montrose,,34386,66543,0,-1,0,0,0,0,0,0,0,0,0,0,27695,135,691,0,3,37290048,0,268435456,0,0,0,1309324210,-1440044374
54548,Panciamarcia,,34387,66543,0,-1,0,0,0,0,0,0,0,0,0,0,27696,135,691,0,3,37290048,0,268435456,0,0,0,1309324210,-1440044374
54549,Kovork,,34388,66543,0,-1,0,0,0,0,0,0,0,0,0,0,27701,135,691,0,3,37290048,0,268435456,0,0,0,1309324210,-1440044374
54550,Ruul Monoroccia,,34389,66543,0,-1,0,0,0,0,0,0,0,0,0,0,27704,135,691,0,3,37290048,0,268435456,0,0,0,1309324210,-1440044374
54551,Zalas Scorzasecca,,34390,66543,0,-1,0,0,0,0,0,0,0,0,0,0,27706,135,691,0,3,37290048,0,268435456,0,0,0,1309324210,-1440044374
54552,Geomante Dagaselce,,34391,66543,0,-1,0,0,0,0,0,0,0,0,0,0,27697,135,691,0,3,37290048,0,268435456,0,0,0,1309324210,-1440044374
54553,Kor'gresh Rabbiafredda,,34392,66543,0,-1,0,0,0,0,0,0,0,0,0,0,27700,135,691,0,3,37290048,0,268435456,0,0,0,1309324210,-1440044374
54554,Signore dei Lupi Skraug,,34393,65921,0,-1,0,0,0,0,0,0,0,0,0,0,27707,260,706,0,3,36241728,0,268435456,0,0,0,-1321907123,1427461461
54555,Roboassedio 9000,,34394,65921,0,-1,0,0,0,0,0,0,0,0,0,0,27709,260,706,0,3,36241728,0,268435456,0,0,0,-1321907123,1427461461
54561,Zalas Scorzasecca,,34390,66544,0,-1,0,0,0,0,0,0,0,0,0,0,27706,135,691,0,3,37290048,0,268435456,0,0,0,-1321907123,1427461461
54562,Canterina,,34385,66544,0,-1,0,0,0,0,0,0,0,0,0,0,27705,135,691,0,3,37290048,0,268435456,0,0,0,-1321907123,1427461461
54563,Ruul Monoroccia,,34389,66544,0,-1,0,0,0,0,0,0,0,0,0,0,27704,135,691,0,3,37290048,0,268435456,0,0,0,-1321907123,1427461461
54564,Nimar il Sicario,,34384,66544,0,-1,0,0,0,0,0,0,0,0,0,0,27703,135,691,0,3,37290048,0,268435456,0,0,0,-1321907123,1427461461
54565,Predaumani Rog,,34382,66544,0,-1,0,0,0,0,0,0,0,0,0,0,27702,135,691,0,3,37290048,0,268435456,0,0,0,-1321907123,1427461461
54566,Kovork,,34388,66544,0,-1,0,0,0,0,0,0,0,0,0,0,27701,135,691,0,3,37290048,0,268435456,0,0,0,-1321907123,1427461461
54567,Kor'gresh Rabbiafredda,,34392,66544,0,-1,0,0,0,0,0,0,0,0,0,0,27700,135,691,0,3,37290048,0,268435456,0,0,0,-1321907123,1427461461
54568,Signore dei Rami Aldrus,,34400,66543,0,-1,0,0,0,0,0,0,0,0,0,0,27693,136,691,0,3,37289984,0,268435456,0,0,0,1309324210,-1440044374
54569,Apparizione Orripilante,,34381,66544,0,-1,0,0,0,0,0,0,0,0,0,0,27698,135,691,0,3,37290048,0,268435456,0,0,0,-1321907123,1427461461
54570,Geomante Dagaselce,,34391,66544,0,-1,0,0,0,0,0,0,0,0,0,0,27697,135,691,0,3,37290048,0,268435456,0,0,0,-1321907123,1427461461
54571,Panciamarcia,,34387,66544,0,-1,0,0,0,0,0,0,0,0,0,0,27696,135,691,0,3,37290048,0,268435456,0,0,0,-1321907123,1427461461
54572,Darbel Montrose,,34386,66544,0,-1,0,0,0,0,0,0,0,0,0,0,27695,135,691,0,3,37290048,0,268435456,0,0,0,-1321907123,1427461461
54573,Cavalcabestie Kama,,34383,66544,0,-1,0,0,0,0,0,0,0,0,0,0,27694,135,691,0,3,37290048,0,268435456,0,0,0,-1321907123,1427461461
54574,Jin'tago,,34397,65921,0,-1,0,0,0,0,0,0,0,0,0,0,27710,260,706,0,3,36241728,0,268435456,0,0,0,-1321907123,1427461461
54578,Signore dei Rami Aldrus,,34400,66544,0,-1,0,0,0,0,0,0,0,0,0,0,27693,136,691,0,3,37289984,0,268435456,0,0,0,-1321907123,1427461461
54583,Goliath Ardente,,34405,66543,0,-1,0,0,0,0,0,0,0,0,0,0,27711,136,691,0,3,37289984,0,268435456,0,0,0,1309324210,-1440044374
54584,Goliath dell'Acqua,,34406,66543,0,-1,0,0,0,0,0,0,0,0,0,0,27712,136,691,0,3,37289984,0,268435456,0,0,0,1309324210,-1440044374
54585,Eco di Myzrael,,34407,66543,0,-1,0,0,0,0,0,0,0,0,0,0,27713,136,691,0,3,37289984,0,268435456,0,0,0,1309324210,-1440044374
54586,Fozruk,,34408,66543,0,-1,0,0,0,0,0,0,0,0,0,0,27714,136,691,0,3,37289984,0,268435456,0,0,0,1309324210,-1440044374
54587,Molok il Frantumatore,,34409,66543,0,-1,0,0,0,0,0,0,0,0,0,0,27715,136,691,0,3,37289984,0,268435456,0,0,0,1309324210,-1440044374
54588,Sovrintendente Krix,,34410,66543,0,-1,0,0,0,0,0,0,0,0,0,0,27716,136,691,0,3,37289984,0,268435456,0,0,0,1309324210,-1440044374
54589,Piagapennuta,,34411,66543,0,-1,0,0,0,0,0,0,0,0,0,0,27717,136,691,0,3,37289984,0,268435456,0,0,0,1309324210,-1440044374
54590,Beccofurioso,,34412,66543,0,-1,0,0,0,0,0,0,0,0,0,0,27718,136,691,0,3,37289984,0,268435456,0,0,0,1309324210,-1440044374
54591,Goliath della Terra,,34413,66543,0,-1,0,0,0,0,0,0,0,0,0,0,27719,136,691,0,3,37289984,0,268435456,0,0,0,1309324210,-1440044374
54592,Strappateschi,,34414,66543,0,-1,0,0,0,0,0,0,0,0,0,0,27720,136,691,0,3,37289984,0,268435456,0,0,0,1309324210,-1440044374
54593,Goliath del Tuono,,34415,66543,0,-1,0,0,0,0,0,0,0,0,0,0,27721,136,691,0,3,37289984,0,268435456,0,0,0,1309324210,-1440044374
54594,Velenus,,34416,66543,0,-1,0,0,0,0,0,0,0,0,0,0,27722,136,691,0,3,37289984,0,268435456,0,0,0,1309324210,-1440044374
54595,Yogursa,,34417,66543,0,-1,0,0,0,0,0,0,0,0,0,0,27723,136,691,0,3,37289984,0,268435456,0,0,0,1309324210,-1440044374
54596,Yogursa,,34417,66544,0,-1,0,0,0,0,0,0,0,0,0,0,27723,136,691,0,3,37289984,0,268435456,0,0,0,-1321907123,1427461461
54597,Velenus,,34416,66544,0,-1,0,0,0,0,0,0,0,0,0,0,27722,136,691,0,3,37289984,0,268435456,0,0,0,-1321907123,1427461461
54598,Goliath del Tuono,,34415,66544,0,-1,0,0,0,0,0,0,0,0,0,0,27721,136,691,0,3,37289984,0,268435456,0,0,0,-1321907123,1427461461
54599,Strappateschi,,34414,66544,0,-1,0,0,0,0,0,0,0,0,0,0,27720,136,691,0,3,37289984,0,268435456,0,0,0,-1321907123,1427461461
54600,Goliath della Terra,,34413,66544,0,-1,0,0,0,0,0,0,0,0,0,0,27719,136,691,0,3,37289984,0,268435456,0,0,0,-1321907123,1427461461
54601,Beccofurioso,,34412,66544,0,-1,0,0,0,0,0,0,0,0,0,0,27718,136,691,0,3,37289984,0,268435456,0,0,0,-1321907123,1427461461
54602,Piagapennuta,,34411,66544,0,-1,0,0,0,0,0,0,0,0,0,0,27717,136,691,0,3,37289984,0,268435456,0,0,0,-1321907123,1427461461
54603,Sovrintendente Krix,,34410,66544,0,-1,0,0,0,0,0,0,0,0,0,0,27716,136,691,0,3,37289984,0,268435456,0,0,0,-1321907123,1427461461
54604,Molok il Frantumatore,,34409,66544,0,-1,0,0,0,0,0,0,0,0,0,0,27715,136,691,0,3,37289984,0,268435456,0,0,0,-1321907123,1427461461
54605,Fozruk,,34408,66544,0,-1,0,0,0,0,0,0,0,0,0,0,27714,136,691,0,3,37289984,0,268435456,0,0,0,-1321907123,1427461461
54606,Eco di Myzrael,,34407,66544,0,-1,0,0,0,0,0,0,0,0,0,0,27713,136,691,0,3,37289984,0,268435456,0,0,0,-1321907123,1427461461
54607,Goliath dell'Acqua,,34406,66544,0,-1,0,0,0,0,0,0,0,0,0,0,27712,136,691,0,3,37289984,0,268435456,0,0,0,-1321907123,1427461461
54608,Goliath Ardente,,34405,66544,0,-1,0,0,0,0,0,0,0,0,0,0,27711,136,691,0,3,37289984,0,268435456,0,0,0,-1321907123,1427461461
54609,Signora delle Bestie Drakara,,34418,65921,0,-1,0,0,0,0,0,0,0,0,0,0,27724,260,706,0,3,36241728,0,268435456,0,0,0,-1321907123,1427461461
54612,Sangue e cenere,,34419,67254,0,-1,0,0,0,0,0,0,0,0,0,0,28047,109,691,0,3,34144512,0,268435456,51722,0,0,1309324210,-1440044374
54613,Doppio esilio,,34420,66543,0,-1,0,0,0,0,0,0,0,0,0,0,27746,109,691,0,3,3735552,0,268435456,0,0,0,1309324210,-1440044374
54614,Esorcismo in effetto,,34421,66543,0,-1,0,0,0,0,0,0,0,0,0,0,27747,109,691,0,3,589824,0,268435456,0,0,0,1309324210,-1440044374
54615,Sciogliere la Lega,,34422,66543,0,-1,0,0,0,0,0,0,0,0,0,0,27745,109,691,0,3,12124160,0,268435456,0,0,0,1309324210,-1440044374
54616,Dura come la roccia,,34423,66543,0,-1,0,0,0,0,0,0,0,0,0,0,27748,109,691,0,3,3735552,0,268435456,0,0,0,1309324210,-1440044374
54617,Tagliare i Tagliagole,,34424,66543,0,-1,0,0,0,0,0,0,0,0,0,0,27749,109,691,0,3,3735552,0,268435456,0,0,0,1309324210,-1440044374
54619,Schiacciare gli Scorzasecca,,34425,66543,0,-1,0,0,0,0,0,0,0,0,0,0,27750,109,691,0,3,3735552,0,268435456,0,0,0,1309324210,-1440044374
54620,Morte ai Profanatori,,34426,66544,0,-1,0,0,0,0,0,0,0,0,0,0,27745,109,691,0,3,3735552,0,268435456,0,0,0,-1321907123,1427461461
54621,Doppio esilio,,34427,66544,0,-1,0,0,0,0,0,0,0,0,0,0,27746,109,691,0,3,3735552,0,268435456,0,0,0,-1321907123,1427461461
54622,Esorcismo in effetto,,34428,66544,0,-1,0,0,0,0,0,0,0,0,0,0,27747,109,691,0,3,589824,0,268435456,0,0,0,-1321907123,1427461461
54623,Dura come la roccia,,34429,66544,0,-1,0,0,0,0,0,0,0,0,0,0,27748,109,691,0,3,3735552,0,268435456,0,0,0,-1321907123,1427461461
54624,Tagliare i Tagliagole,,34430,66544,0,-1,0,0,0,0,0,0,0,0,0,0,27749,109,691,0,3,3735552,0,268435456,0,0,0,-1321907123,1427461461
54625,Schiacciare gli Scorzasecca,,34431,66544,0,-1,0,0,0,0,0,0,0,0,0,0,27750,109,691,0,3,3735552,0,268435456,0,0,0,-1321907123,1427461461
54636,Vincolasabbia Sodir,,34432,65921,0,-1,0,0,0,0,0,0,0,0,0,0,27726,260,706,0,3,36241728,0,268435456,0,0,0,-1321907123,1427461461
54638,Suonare i tamburi,,34433,65921,0,-1,0,0,0,0,0,0,0,0,0,0,27727,260,706,0,3,36241728,0,268435456,0,0,0,-1321907123,1427461461
54643,Evezon l'Eterno,,34439,65921,0,-1,0,0,0,0,0,0,0,0,0,0,27730,260,706,0,3,36241728,0,268435456,0,0,0,1309324210,-1440044374
54644,Trasporto d'Azerite,,34440,65921,0,-1,0,0,0,0,0,0,0,0,0,0,27737,260,706,0,3,36241728,0,268435456,0,0,0,1309324210,-1440044374
54645,Furia della Terra,,34441,65921,0,-1,0,0,0,0,0,0,0,0,0,0,27738,260,706,0,3,36241728,0,268435456,0,0,0,1309324210,-1440044374
54646,Gran Maresciallo Fury,,34442,65921,0,-1,0,0,0,0,0,0,0,0,0,0,27743,260,706,0,3,36241728,0,268435456,0,0,0,1309324210,-1440044374
54647,Intenti alcolici,,34443,67187,0,-1,0,0,0,0,0,0,0,0,0,0,27744,259,706,0,3,36241664,0,268435456,0,0,0,-1321907123,1427461461
54648,Rinascita dei Kaldorei,,34444,67254,0,-1,0,0,0,0,0,0,0,0,0,0,28048,109,691,0,3,36241664,0,268435456,51722,0,0,1309324210,-1440044374
54649,Fiamme di guerra,,34445,65921,0,-1,0,0,0,0,0,0,0,0,0,0,27751,260,706,0,3,36241728,0,268435456,0,0,0,1309324210,-1440044374
54650,Muk'luk,,34446,65921,0,-1,0,0,0,0,0,0,0,0,0,0,27634,260,706,0,3,36241728,0,268435456,0,0,0,-1321907123,1427461461
54662,Verso la luce,,34456,67187,0,-1,0,0,0,0,0,0,0,0,0,0,27754,259,706,0,3,40435968,8192,268435456,0,0,0,-1321907123,1427461461
54663,Cacciatore dell'Ombra Vol'tris,,34457,65921,0,-1,0,0,0,0,0,0,0,0,0,0,27757,260,706,0,3,36241728,0,268435456,0,0,0,-1321907123,1427461461
54664,Trasporto d'Azerite,,34458,67268,0,-1,0,0,0,0,0,0,0,0,0,0,27759,260,706,0,3,36241728,0,268435456,0,0,0,1309324210,-1440044374
54665,Duchessa Cantocupo,,34459,67187,0,-1,0,0,0,0,0,0,0,0,0,0,27760,260,706,0,3,36241728,0,268435456,0,0,0,-1321907123,1427461461
54666,Mastrobranco Frecciamorte,,34460,65921,0,-1,0,0,0,0,0,0,0,0,0,0,27758,260,706,0,3,36241728,0,268435456,0,0,0,-1321907123,1427461461
54667,Retaggio in rovina,,34461,67252,0,-1,0,0,0,0,0,0,0,0,0,0,28036,109,691,0,3,34144512,0,268435456,51722,0,0,-1321907123,1427461461
54668,Fuori dalla loro miniera,,34462,67252,0,-1,0,0,0,0,0,0,0,0,0,0,28037,109,691,0,3,34144512,0,268435456,51722,0,0,-1321907123,1427461461
54669,Una combinazione pericolosa,,34463,67252,0,-1,0,0,0,0,0,0,0,0,0,0,28038,109,691,0,3,34144512,0,268435456,51722,0,0,-1321907123,1427461461
54671,Antico Ipertrofico,,34464,67268,0,-1,0,0,0,0,0,0,0,0,0,0,27761,260,706,0,3,36241728,0,268435456,0,0,0,1309324210,-1440044374
54672,Rituali del crepuscolo,,34465,67252,0,-1,0,0,0,0,0,0,0,0,0,0,28039,109,691,0,3,34144512,0,268435456,51722,0,0,-1321907123,1427461461
54673,Punta del tridente,,34466,67252,0,-1,0,0,0,0,0,0,0,0,0,0,28040,109,691,0,3,34144512,0,268435456,51722,0,0,-1321907123,1427461461
54674,Prigionieri degli Scagliascura,,34467,67252,0,-1,0,0,0,0,0,0,0,0,0,0,28041,109,691,0,3,34144512,0,268435456,51722,0,0,-1321907123,1427461461
54675,Stagione di caccia,,34468,67252,0,-1,0,0,0,0,0,0,0,0,0,0,28042,109,691,0,3,34144512,0,268435456,51722,0,0,-1321907123,1427461461
54676,Schegge di Narassin,,34469,67252,0,-1,0,0,0,0,0,0,0,0,0,0,28043,109,691,0,3,34144512,0,268435456,51722,0,0,-1321907123,1427461461
54677,Ritorno negli abissi,,34470,67252,0,-1,0,0,0,0,0,0,0,0,0,0,28044,109,691,0,3,34144512,0,268435456,51722,0,0,-1321907123,1427461461
54678,Tutto fa brodo,,34471,67252,0,-1,0,0,0,0,0,0,0,0,0,0,28045,109,691,0,3,34144512,0,268435456,51722,0,0,-1321907123,1427461461
54679,Alimentare le fiamme,,34472,67252,0,-1,0,0,0,0,0,0,0,0,0,0,28046,109,691,0,3,34144512,8192,268435456,51722,0,0,-1321907123,1427461461
54680,Maestro della Piaga Herbert,,34473,65921,0,-1,0,0,0,0,0,0,0,0,0,0,27763,260,706,0,3,36241728,0,268435456,0,0,0,-1321907123,1427461461
54681,Carovana di Azerite,,34474,67265,0,-1,0,0,0,0,0,0,0,0,0,0,27762,260,706,0,3,36241728,0,268435456,0,0,0,1309324210,-1440044374
54684,Arcanista Quintril,,34476,65921,0,-1,0,0,0,0,0,0,0,0,0,0,27765,260,706,0,3,36241728,0,268435456,0,0,0,-1321907123,1427461461
54685,Amore per il ferro,,34477,65921,0,-1,0,0,0,0,0,0,0,0,0,0,27767,259,706,0,3,36241664,0,268435456,0,0,0,1309324210,-1440044374
54686,Emergenza medica,,34478,67265,0,-1,0,0,0,0,0,0,0,0,0,0,27768,260,706,0,3,36241728,0,268435456,0,0,0,1309324210,-1440044374
54688,Inquisitore Erik,,34480,67265,0,-1,0,0,0,0,0,0,0,0,0,0,27772,260,706,0,3,36241728,0,268435456,0,0,0,1309324210,-1440044374
54689,Luci spente,,34481,65921,0,-1,0,0,0,0,0,0,0,0,0,0,27775,259,706,0,3,40435968,8192,268435456,0,0,0,1309324210,-1440044374
54690,Maddok il Cecchino,,34482,67265,0,-1,0,0,0,0,0,0,0,0,0,0,27774,260,706,0,3,36241728,0,268435456,0,0,0,1309324210,-1440044374
54691,Mastro Birraio Lin,,34483,65921,0,-1,0,0,0,0,0,0,0,0,0,0,27780,260,706,0,3,36241728,0,268435456,0,0,0,-1321907123,1427461461
54692,Magistra Crystalynn,,34484,67265,0,-1,0,0,0,0,0,0,0,0,0,0,27779,260,706,0,3,36241728,0,268435456,0,0,0,1309324210,-1440044374
54693,Pterrore dell'Orda,,34485,65921,0,-1,0,0,0,0,0,0,0,0,0,0,27781,260,706,0,3,36241728,0,268435456,0,0,0,-1321907123,1427461461
54694,Invocatempeste Morka,,34486,65921,0,-1,0,0,0,0,0,0,0,0,0,0,27786,260,706,0,3,36241728,0,268435456,0,0,0,-1321907123,1427461461
54697,Corazza da Guerra Forgialuce,,34489,67268,0,-1,0,0,0,0,0,0,0,0,0,0,27792,260,706,0,3,36241728,0,268435456,0,0,0,1309324210,-1440044374
54698,Lance frantumanti,,34490,67252,0,-1,0,0,0,0,0,0,0,0,0,0,28051,109,691,0,3,34144512,8192,268435456,51722,0,0,-1321907123,1427461461
54699,Ingegneria degli Gnomi classica,,34491,67268,0,-1,0,0,0,0,0,0,0,0,0,0,27793,260,706,0,3,36241728,0,268435456,0,0,0,1309324210,-1440044374
54700,Thomas Vanderdolor,,34492,67268,0,-1,0,0,0,0,0,0,0,0,0,0,27795,260,706,0,3,36241728,0,268435456,0,0,0,1309324210,-1440044374
54701,L'ira dei Devasauri,,34493,65921,0,-1,0,0,0,0,0,0,0,0,0,0,27811,259,706,0,3,36241664,0,268435456,0,0,0,1309324210,-1440044374
54707,Assediotron,,34498,67268,0,-1,0,0,0,0,0,0,0,0,0,0,27796,260,706,0,3,36241728,0,268435456,0,0,0,1309324210,-1440044374
54711,Zillie Bellarondella e Grizzwald,,34502,67265,0,-1,0,0,0,0,0,0,0,0,0,0,27798,260,706,0,3,36241728,0,268435456,0,0,0,1309324210,-1440044374
54712,Componenti per l'incantesimo,,34503,65921,0,-1,0,0,0,0,0,0,0,0,0,0,27811,259,706,0,3,36241664,0,268435456,0,0,0,-1321907123,1427461461
54714,Tracking Quest,,34505,0,0,-1,0,0,0,0,0,0,0,0,0,0,0,0,0,0,3,33621256,0,0,0,0,0,-1,-1
54715,Tracking Quest,,34506,0,0,-1,0,0,0,0,0,0,0,0,0,0,0,0,0,0,3,33621256,0,0,0,0,0,-1,-1
54716,Tracking Quest,,34507,0,0,-1,0,0,0,0,0,0,0,0,0,0,0,0,0,0,3,33621256,0,0,0,0,0,-1,-1
54717,Tracking Quest,,34508,0,0,-1,0,0,0,0,0,0,0,0,0,0,0,0,0,0,3,33621256,0,0,0,0,0,-1,-1
54718,Tracking Quest,,34509,0,0,-1,0,0,0,0,0,0,0,0,0,0,0,0,0,0,3,33621256,0,0,0,0,0,-1,-1
54719,Worgen nella miniera,,34510,67254,0,-1,0,0,0,0,0,0,0,0,0,0,28049,109,691,0,3,34144512,0,268435456,51722,0,0,1309324210,-1440044374
54720,Tracking Quest,,34511,0,0,-1,0,0,0,0,0,0,0,0,0,0,0,0,0,0,3,33621256,0,0,0,0,0,-1,-1
54722,Rovesciare le sorti,,34513,67254,0,-1,0,0,0,0,0,0,0,0,0,0,28050,109,691,0,3,36241664,0,268435456,51722,0,0,1309324210,-1440044374
54724,Distruggere i Selvanera,,34515,67254,0,-1,0,0,0,0,0,0,0,0,0,0,28051,109,691,0,3,34144512,0,268435456,51722,0,0,1309324210,-1440044374
54736,Dissacrare il falò!,,34527,9484,0,-1,0,0,0,0,0,0,0,0,0,0,0,0,394,0,0,0,0,512,0,0,0,1309324210,-1440044374
54737,Onora il Falò,,34528,9484,0,-1,0,0,0,0,0,0,0,0,0,0,0,0,394,0,0,0,0,512,0,0,0,-1321907123,1427461461
54739,Dissacrare il falò!,,34530,9484,0,-1,0,0,0,0,0,0,0,0,0,0,0,0,394,0,0,0,0,512,0,0,0,1309324210,-1440044374
54741,Onora il Falò,,34532,9484,0,-1,0,0,0,0,0,0,0,0,0,0,0,0,394,0,0,0,0,512,0,0,0,-1321907123,1427461461
54742,Dissacrare il falò!,,34533,9484,0,-1,0,0,0,0,0,0,0,0,0,0,0,0,394,0,0,0,0,512,0,0,0,1309324210,-1440044374
54743,Onora il Falò,,34534,9484,0,-1,0,0,0,0,0,0,0,0,0,0,0,0,394,0,0,0,0,512,0,0,0,-1321907123,1427461461
54744,Dissacrare il falò!,,34535,9484,0,-1,0,0,0,0,0,0,0,0,0,0,0,0,394,0,0,0,0,512,0,0,0,-1321907123,1427461461
54745,Onora il Falò,,34536,9484,0,-1,0,0,0,0,0,0,0,0,0,0,0,0,394,0,0,0,0,512,0,0,0,1309324210,-1440044374
54746,Dissacrare il falò!,,34537,9484,0,-1,0,0,0,0,0,0,0,0,0,0,0,0,394,0,0,0,0,512,0,0,0,-1321907123,1427461461
54747,Onora il Falò,,34538,9484,0,-1,0,0,0,0,0,0,0,0,0,0,0,0,394,0,0,0,0,512,0,0,0,1309324210,-1440044374
54749,Dissacrare il falò!,,34540,9484,0,-1,0,0,0,0,0,0,0,0,0,0,0,0,394,0,0,0,0,512,0,0,0,-1321907123,1427461461
54750,Onora il Falò,,34541,9484,0,-1,0,0,0,0,0,0,0,0,0,0,0,0,394,0,0,0,0,512,0,0,0,1309324210,-1440044374
54769,Tracking Quest,,34558,0,0,-1,0,0,0,0,0,0,0,0,0,0,0,0,0,0,3,33621256,0,0,0,0,0,-1,-1
54771,Tracking Quest,,34560,0,0,-1,0,0,0,0,0,0,0,0,0,0,0,0,0,0,3,33621256,0,0,0,0,0,-1,-1
54772,Tracking Quest,,34561,0,0,-1,0,0,0,0,0,0,0,0,0,0,0,0,0,0,3,33621256,0,0,0,0,0,-1,-1
54773,Tracking Quest,,34562,0,0,-1,0,0,0,0,0,0,0,0,0,0,0,0,0,0,3,33621256,0,0,0,0,0,-1,-1
54774,Tracking Quest,,34563,0,0,-1,0,0,0,0,0,0,0,0,0,0,0,0,0,0,3,33621256,0,0,0,0,0,-1,-1
54775,Tracking Quest,,34564,0,0,-1,0,0,0,0,0,0,0,0,0,0,0,0,0,0,3,33621256,0,0,0,0,0,-1,-1
54776,Tracking Quest,,34565,0,0,-1,0,0,0,0,0,0,0,0,0,0,0,0,0,0,3,33621256,0,0,0,0,0,-1,-1
54777,Tracking Quest,,34566,0,0,-1,0,0,0,0,0,0,0,0,0,0,0,0,0,0,3,35718408,0,0,0,0,0,-1,-1
54778,Tracking Quest,,34567,0,0,-1,0,0,0,0,0,0,0,0,0,0,0,0,0,0,3,35718408,0,0,0,0,0,-1,-1
54779,Tracking Quest,,34568,0,0,-1,0,0,0,0,0,0,0,0,0,0,0,0,0,0,3,33621256,0,0,0,0,0,-1,-1
54780,Tracking Quest,,34569,0,0,-1,0,0,0,0,0,0,0,0,0,0,0,0,0,0,3,33621256,0,0,0,0,0,-1,-1
54781,Cosa c'è per pranzo?,,34570,147656,0,-1,65536,0,0,0,0,0,0,0,0,0,0,0,4311,0,2,39846144,8192,268435976,91931,0,0,-1,-1
54782,Tracking Quest,,34571,0,0,-1,0,0,0,0,0,0,0,0,0,0,0,0,0,0,3,33621256,0,0,0,0,0,1309324210,-1440044374
54784,Liberare i Selvanera,,34574,67252,0,-1,0,0,0,0,0,0,0,0,0,0,28047,109,691,0,3,34144512,8192,268435456,51722,0,0,-1321907123,1427461461
54786,Fermare le spedizioni,,34576,67034,0,-1,0,0,0,0,0,0,0,0,0,0,27919,259,706,0,3,40435968,8192,268435456,0,0,0,-1321907123,1427461461
54788,Idrath,,34578,67254,0,-1,0,0,0,0,0,0,0,0,0,0,27924,136,691,0,3,37290240,0,268435456,51722,0,0,1309324210,-1440044374
54789,Ciclarus,,34579,67254,0,-1,0,0,0,0,0,0,0,0,0,0,27925,136,691,0,3,37290240,0,268435456,51722,0,0,1309324210,-1440044374
54790,Conflagros,,34580,67254,0,-1,0,0,0,0,0,0,0,0,0,0,27926,136,691,0,3,37290240,0,268435456,51722,0,0,1309324210,-1440044374
54791,Granokk,,34581,67254,0,-1,0,0,0,0,0,0,0,0,0,0,27927,136,691,0,3,37290240,0,268435456,51722,0,0,1309324210,-1440044374
54792,Onu,,34582,67254,0,-1,0,0,0,0,0,0,0,0,0,0,27928,136,691,0,3,37290240,0,268435456,51722,0,0,1309324210,-1440044374
54793,Athrikus Narassin,,34583,67254,0,-1,0,0,0,0,0,0,0,0,0,0,27929,136,691,0,3,37290240,0,268435456,51722,0,0,1309324210,-1440044374
54794,Soggoth lo Strisciante,,34584,67254,0,-1,0,0,0,0,0,0,0,0,0,0,27930,136,691,0,3,37290240,0,268435456,51722,0,0,1309324210,-1440044374
54795,Aman,,34585,67254,0,-1,0,0,0,0,0,0,0,0,0,0,27931,136,691,0,3,37290240,0,268435456,51722,0,0,1309324210,-1440044374
54796,Spaccaschegge,,34586,67254,0,-1,0,0,0,0,0,0,0,0,0,0,27932,136,691,0,3,37290240,0,268435456,51722,0,0,1309324210,-1440044374
54797,Alash'anir,,34587,67254,0,-1,0,0,0,0,0,0,0,0,0,0,27933,136,691,0,3,37290240,0,268435456,51722,0,0,1309324210,-1440044374
54798,Piumafolle,,34588,67254,0,-1,0,0,0,0,0,0,0,0,0,0,27935,135,691,0,3,37290304,0,268435456,51722,0,0,1309324210,-1440044374
54799,Gren Torcipelo,,34589,67254,0,-1,0,0,0,0,0,0,0,0,0,0,27936,135,691,0,3,37290304,0,268435456,51722,0,0,1309324210,-1440044374
54800,Profeta del Crepuscolo Graeme,,34590,67254,0,-1,0,0,0,0,0,0,0,0,0,0,27937,135,691,0,3,37290304,0,268435456,51722,0,0,1309324210,-1440044374
54801,Vincolapietra Ssra'vess,,34591,67254,0,-1,0,0,0,0,0,0,0,0,0,0,27938,135,691,0,3,37290304,0,268435456,51722,0,0,1309324210,-1440044374
54802,Mrggr'marr,,34592,67254,0,-1,0,0,0,0,0,0,0,0,0,0,27939,135,691,0,3,37290304,0,268435456,51722,0,0,1309324210,-1440044374
54803,Brillaspina,,34593,67254,0,-1,0,0,0,0,0,0,0,0,0,0,27940,135,691,0,3,37290304,0,268435456,51722,0,0,1309324210,-1440044374
54804,Glrglrr,,34594,67254,0,-1,0,0,0,0,0,0,0,0,0,0,27941,135,691,0,3,37290304,0,268435456,51722,0,0,1309324210,-1440044374
54805,Demonio Scaglioso,,34595,67254,0,-1,0,0,0,0,0,0,0,0,0,0,27942,135,691,0,3,37290304,0,268435456,51722,0,0,1309324210,-1440044374
54806,Comandante Ral'esh,,34596,67254,0,-1,0,0,0,0,0,0,0,0,0,0,27943,135,691,0,3,37290304,0,268435456,51722,0,0,1309324210,-1440044374
54807,Geniera Odette,,34597,67254,0,-1,0,0,0,0,0,0,0,0,0,0,27944,135,691,0,3,37290304,0,268435456,51722,0,0,1309324210,-1440044374
54808,Thelar Predastelle,,34598,67254,0,-1,0,0,0,0,0,0,0,0,0,0,27945,135,691,0,3,37290304,0,268435456,51722,0,0,1309324210,-1440044374
54809,Athil Fuocodiurno,,34599,67254,0,-1,0,0,0,0,0,0,0,0,0,0,27946,135,691,0,3,37290304,0,268435456,51722,0,0,1309324210,-1440044374
54810,Tetrocorno,,34600,67254,0,-1,0,0,0,0,0,0,0,0,0,0,27947,135,691,0,3,37290304,0,268435456,51722,0,0,1309324210,-1440044374
54811,Zampanera,,34601,67254,0,-1,0,0,0,0,0,0,0,0,0,0,27948,135,691,0,3,37290304,0,268435456,51722,0,0,1309324210,-1440044374
54812,Ombrartiglio,,34602,67254,0,-1,0,0,0,0,0,0,0,0,0,0,27949,135,691,0,3,37290304,0,268435456,51722,0,0,1309324210,-1440044374
54816,Idrath,,34603,67252,0,-1,0,0,0,0,0,0,0,0,0,0,27924,136,691,0,3,37290240,0,268435456,51722,0,0,-1321907123,1427461461
54817,Ciclarus,,34604,67252,0,-1,0,0,0,0,0,0,0,0,0,0,27925,136,691,0,3,37290240,0,268435456,51722,0,0,-1321907123,1427461461
54818,Conflagros,,34605,67252,0,-1,0,0,0,0,0,0,0,0,0,0,27926,136,691,0,3,37290240,0,268435456,51722,0,0,-1321907123,1427461461
54819,Granokk,,34606,67252,0,-1,0,0,0,0,0,0,0,0,0,0,27927,136,691,0,3,37290240,0,268435456,51722,0,0,-1321907123,1427461461
54820,Zim'kaga,,34607,67252,0,-1,0,0,0,0,0,0,0,0,0,0,27928,136,691,0,3,37290240,0,268435456,51722,0,0,-1321907123,1427461461
54821,Athrikus Narassin,,34608,67252,0,-1,0,0,0,0,0,0,0,0,0,0,27929,136,691,0,3,37290240,0,268435456,51722,0,0,-1321907123,1427461461
54822,Soggoth lo Strisciante,,34609,67252,0,-1,0,0,0,0,0,0,0,0,0,0,27930,136,691,0,3,37290240,0,268435456,51722,0,0,-1321907123,1427461461
54823,Aman,,34610,67252,0,-1,0,0,0,0,0,0,0,0,0,0,27931,136,691,0,3,37290240,0,268435456,51722,0,0,-1321907123,1427461461
54824,Spaccaschegge,,34611,67252,0,-1,0,0,0,0,0,0,0,0,0,0,27932,136,691,0,3,37290240,0,268435456,51722,0,0,-1321907123,1427461461
54825,Alash'anir,,34612,67252,0,-1,0,0,0,0,0,0,0,0,0,0,27933,136,691,0,3,37290240,0,268435456,51722,0,0,-1321907123,1427461461
54826,Piumafolle,,34613,67252,0,-1,0,0,0,0,0,0,0,0,0,0,27935,135,691,0,3,37290304,0,268435456,51722,0,0,-1321907123,1427461461
54827,Gren Torcipelo,,34614,67252,0,-1,0,0,0,0,0,0,0,0,0,0,27936,135,691,0,3,37290304,0,268435456,51722,0,0,-1321907123,1427461461
54828,Profeta del Crepuscolo Graeme,,34615,67252,0,-1,0,0,0,0,0,0,0,0,0,0,27937,135,691,0,3,37290304,0,268435456,51722,0,0,-1321907123,1427461461
54829,Vincolapietra Ssra'vess,,34616,67252,0,-1,0,0,0,0,0,0,0,0,0,0,27938,135,691,0,3,37290304,0,268435456,51722,0,0,-1321907123,1427461461
54830,Mrggr'marr,,34617,67252,0,-1,0,0,0,0,0,0,0,0,0,0,27939,135,691,0,3,37290304,0,268435456,51722,0,0,-1321907123,1427461461
54831,Brillaspina,,34618,67252,0,-1,0,0,0,0,0,0,0,0,0,0,27940,135,691,0,3,37290304,0,268435456,51722,0,0,-1321907123,1427461461
54832,Glrglrr,,34619,67252,0,-1,0,0,0,0,0,0,0,0,0,0,27941,135,691,0,3,37290304,0,268435456,51722,0,0,-1321907123,1427461461
54833,Demonio Scaglioso,,34620,67252,0,-1,0,0,0,0,0,0,0,0,0,0,27942,135,691,0,3,37290304,0,268435456,51722,0,0,-1321907123,1427461461
54834,Comandante Ral'esh,,34621,67252,0,-1,0,0,0,0,0,0,0,0,0,0,27943,135,691,0,3,37290304,0,268435456,51722,0,0,-1321907123,1427461461
54835,Moxo il Tagliateste,,34622,67252,0,-1,0,0,0,0,0,0,0,0,0,0,27944,135,691,0,3,37290304,0,268435456,51722,0,0,-1321907123,1427461461
54836,Comandante Drald,,34623,67252,0,-1,0,0,0,0,0,0,0,0,0,0,27945,135,691,0,3,37290304,0,268435456,51722,0,0,-1321907123,1427461461
54837,Bruciatore v5,,34624,67252,0,-1,0,0,0,0,0,0,0,0,0,0,27946,135,691,0,3,37290304,0,268435456,51722,0,0,-1321907123,1427461461
54838,Croz Sanguecaldo,,34625,67252,0,-1,0,0,0,0,0,0,0,0,0,0,27947,135,691,0,3,37290304,0,268435456,51722,0,0,-1321907123,1427461461
54839,Nostro di diritto,,34626,65921,0,-1,0,0,0,0,0,0,0,0,0,0,27950,260,706,0,3,40436032,8192,268435456,0,0,0,-1321907123,1427461461
54840,Agathe Dragolegno,,34627,67252,0,-1,0,0,0,0,0,0,0,0,0,0,27948,135,691,0,3,37290304,0,268435456,51722,0,0,-1321907123,1427461461
54841,Orwell Stevenson,,34628,67252,0,-1,0,0,0,0,0,0,0,0,0,0,27949,135,691,0,3,37290304,0,268435456,51722,0,0,-1321907123,1427461461
54856,Banditi degli Acqualorda,,34638,67252,0,-1,0,0,0,0,0,0,0,0,0,0,28049,109,691,0,3,34144512,0,268435456,51722,0,0,-1321907123,1427461461
54857,Rovesciare le sorti,,34639,67252,0,-1,0,0,0,0,0,0,0,0,0,0,28050,109,691,0,3,36241664,0,268435456,51722,0,0,-1321907123,1427461461
54858,Questione di lame,,34640,67252,0,-1,0,0,0,0,0,0,0,0,0,0,28048,109,691,0,3,40435968,0,268435456,51722,0,0,-1321907123,1427461461
54895,Ivus il Marcescente,,34676,67252,0,-1,0,0,0,0,0,0,0,0,0,0,0,112,691,0,3,37290304,0,268435456,51722,0,0,-1321907123,1427461461
54896,Ivus il Signore della Foresta,,34677,67254,0,-1,0,0,0,0,0,0,0,0,0,0,0,112,691,0,3,37290304,0,268435456,51722,0,0,1309324210,-1440044374
54949,Altre bocche da sfamare,,34725,70829,0,-1,0,0,0,0,0,0,0,0,0,166905,29155,266,690,0,2,37880064,40960,268435968,0,0,0,-1321907123,1427461461
54965,Robot affettati,,34741,67818,0,-1,0,0,0,0,0,0,0,0,0,0,0,0,7209,0,2,36700416,32768,268435968,55736,0,0,-1,-1
55032,Senza catene,,34788,70829,0,-1,0,0,0,0,0,0,0,0,0,0,29156,266,690,0,2,37880064,40960,268435968,0,0,0,-1321907123,1427461461
55215,Il ciclo della vita,,34953,55564,0,-1,0,0,0,0,0,0,0,0,0,0,28301,152,464,0,3,-2110193408,0,268435456,0,0,0,-1,-1
55264,Calligrafia,,34999,55564,0,-1,0,0,0,0,0,0,0,0,0,0,28332,152,464,0,3,-2110193408,0,268435456,0,0,0,-1321907123,1427461461
55300,Il ciclo della vita,,35018,55564,0,-1,0,0,0,0,0,0,0,0,0,0,28352,152,464,0,3,-2110193408,0,268435456,0,0,0,-1,-1
55301,Il ciclo della vita,,35019,55564,0,-1,0,0,0,0,0,0,0,0,0,0,28353,152,464,0,3,-2110193408,0,268435456,0,0,0,-1,-1
55302,Il ciclo della vita,,35020,55564,0,-1,0,0,0,0,0,0,0,0,0,0,28354,152,464,0,3,-2110193408,0,268435456,0,0,0,-1,-1
55303,Il ciclo della vita,,35021,55564,0,-1,0,0,0,0,0,0,0,0,0,0,28355,152,464,0,3,-2110193408,0,268435456,0,0,0,-1,-1
55304,Il ciclo della vita,,35022,55564,0,-1,0,0,0,0,0,0,0,0,0,0,28356,152,464,0,3,-2110193408,0,268435456,0,0,0,-1,-1
55340,Calligrafia,,35057,55564,0,-1,0,0,0,0,0,0,0,0,0,0,28368,152,464,0,3,-2110193408,0,268435456,0,0,0,-1321907123,1427461461
55341,Calligrafia,,35058,55564,0,-1,0,0,0,0,0,0,0,0,0,0,28369,152,464,0,3,-2110193408,0,268435456,0,0,0,-1321907123,1427461461
55342,Calligrafia,,35059,55564,0,-1,0,0,0,0,0,0,0,0,0,0,28368,152,464,0,3,-2110193408,0,268435456,0,0,0,1309324210,-1440044374
55343,Calligrafia,,35060,55564,0,-1,0,0,0,0,0,0,0,0,0,0,28332,152,464,0,3,-2110193408,0,268435456,0,0,0,1309324210,-1440044374
55344,Calligrafia,,35061,55564,0,-1,0,0,0,0,0,0,0,0,0,0,28369,152,464,0,3,-2110193408,0,268435456,0,0,0,1309324210,-1440044374
55350,Assalto: L'avanzata degli Amathet,Torna dal Gran Comandante Kamses a Ramkahen.,35065,75566,0,-1,0,0,0,0,0,0,0,0,0,0,30233,268,703,0,3,36176128,524288,268435458,0,0,0,-1,-1
55354,Il fronte di Vir'nall,,35068,77117,0,-1,0,0,0,0,0,0,0,0,0,0,31039,109,703,0,3,36241408,524288,268447744,55349,0,0,-1,-1
55355,I Campi d'Addestramento dei Lamalucente,,35069,77117,0,-1,0,0,0,0,0,0,0,0,0,0,31038,109,703,0,3,36241408,524288,268447744,55349,0,0,-1,-1
55356,Segnalatore del Re del Sole,,35070,77117,0,-1,0,0,0,0,0,0,0,0,0,0,31032,109,703,0,3,36241408,524288,268447744,0,0,0,-1,-1
55357,Segnalatore del Re del Sole,,35071,77117,0,-1,0,0,0,0,0,0,0,0,0,0,31033,109,703,0,3,36241408,524288,268447744,55349,0,0,-1,-1
55358,Segnalatore del Re del Sole,,35072,77117,0,-1,0,0,0,0,0,0,0,0,0,0,31034,109,703,0,3,36241408,524288,268447744,55349,0,0,-1,-1
55359,Il rituale dell'ascendenza,,35073,77117,0,-1,0,0,0,0,0,0,0,0,0,0,31035,109,703,0,3,36241408,524288,268447744,55349,0,0,-1,-1
55360,La tomba aperta,,35074,77117,0,-1,0,0,0,0,0,0,0,0,0,0,31036,109,703,0,3,36241408,524288,268447744,55349,0,0,-1,-1
55361,Lo Sciamano perduto.,,35075,0,0,-1,0,0,0,0,0,0,0,0,0,0,0,0,690,0,2,38928384,8192,268435968,56350,0,0,-1321907123,1427461461
55362,Furia elementale,,35076,0,0,-1,0,0,0,0,0,0,0,0,0,167748,0,0,690,0,2,306315264,8192,268435968,55361,0,0,-1321907123,1427461461
55363,Salva il Chiaroveggente,,35077,0,0,-1,0,0,0,0,0,0,0,0,0,0,0,0,690,0,2,39976960,8192,268435968,55361,0,0,-1321907123,1427461461
55466,Vuk'laz lo Spaccaterra,,35180,75790,0,-1,0,0,0,0,0,0,0,0,0,0,30713,112,703,0,3,37290304,0,268435456,55349,0,0,-1,-1
55625,Perle di inimmaginabile potenza,,35322,70830,0,-1,0,0,0,0,0,0,0,0,0,0,29157,266,690,0,2,37880064,40960,268435968,0,0,0,-1321907123,1427461461
55629,Vignette - Kaneb-ti,,35326,0,0,-1,0,0,0,0,0,0,0,0,0,0,0,0,0,0,3,33559552,0,0,0,0,0,-1,-1
55633,La cassa sommersa,,35330,70828,0,-1,0,0,0,0,0,0,0,0,0,0,29158,266,690,0,2,37880064,40960,268435968,0,0,0,-1321907123,1427461461
55636,Il lavoro di una vita,,35331,70830,0,-1,0,0,0,0,0,0,0,0,0,0,29159,266,690,0,2,39846144,40960,268435968,0,0,0,-1321907123,1427461461
55637,Povere anime sfortunate,,35332,70828,0,-1,0,0,0,0,0,0,0,0,0,0,29160,266,690,0,2,37748992,40960,268435968,0,0,0,-1321907123,1427461461
55638,Vinificatore di Algabacca,,35333,71080,0,-1,0,0,0,0,0,0,0,0,0,0,29247,266,690,0,2,37749000,40960,268435968,0,0,0,1309324210,-1440044374
55640,La Visione di Roccavento,,35335,0,0,-1,0,0,0,0,0,0,0,0,0,0,3785,135,737,0,3,67731456,0,268435456,0,0,0,-1,-1
55659,Reliquie della Separazione,,35351,70829,0,-1,0,0,0,0,0,0,0,0,0,0,29161,266,690,0,2,37748992,40960,268435968,0,0,0,-1321907123,1427461461
55661,Avvelenare gli avvelenatori,,35353,71080,0,-1,0,0,0,0,0,0,0,0,0,0,29248,266,690,0,2,4325640,40960,268435968,0,0,0,1309324210,-1440044374
55662,Cassa Arcana,,35354,70829,0,-1,0,0,0,0,0,0,0,0,0,0,29162,266,690,0,2,37748992,40960,268435968,0,0,0,-1321907123,1427461461
55663,Senza controllo,,35355,71080,0,-1,0,0,0,0,0,0,0,0,0,0,29249,266,690,0,2,37749000,40960,268435968,0,0,0,1309324210,-1440044374
55664,Un colpo al morale,,35356,71082,0,-1,0,0,0,0,0,0,0,0,0,0,29250,266,690,0,2,33554696,32768,268435968,0,0,0,1309324210,-1440044374
55665,Il giardino oscuro,,35357,71081,0,-1,0,0,0,0,0,0,0,0,0,0,29251,266,690,0,2,36700424,32768,268435968,0,0,0,1309324210,-1440044374
55670,La flotta d'assalto degli Amathet,,35362,77117,0,-1,0,0,0,0,0,0,0,0,0,0,31037,109,703,0,3,36241408,532480,268447744,55349,0,0,-1,-1
55681,Non prendere un granchio,,35375,70828,0,-1,0,0,0,0,0,0,0,0,0,0,29163,266,690,0,2,37814528,40960,268435968,0,0,0,-1321907123,1427461461
55683,Ricordi dimenticati,,35377,70830,0,-1,0,0,0,0,0,0,0,0,0,0,29164,266,690,0,2,37748992,40960,268435968,0,0,0,-1321907123,1427461461
55695,Il nuovo profumo delle cavalcature,,35387,70583,0,-1,1,0,0,0,0,0,0,0,0,0,0,0,7209,0,2,39850240,40960,268435968,55736,54929,0,-1,-1
55701,Artigli di Drago Carnivoro,,35393,70829,0,-1,0,0,0,0,0,0,0,0,0,0,29165,266,690,0,2,39846144,40960,268435968,0,0,0,-1321907123,1427461461
55714,Cassa del Vuoto,,35401,70830,0,-1,0,0,0,0,0,0,0,0,0,0,29166,266,690,0,2,37748992,40960,268435968,0,0,0,-1321907123,1427461461
55715,Cibo per tutti,,35402,71081,0,-1,0,0,0,0,0,0,0,0,0,168253,29252,266,690,0,2,37749000,40960,268435968,0,0,0,1309324210,-1440044374
55716,Vignette - Uat-ka the Sun's Wrath,,35403,0,0,-1,0,0,0,0,0,0,0,0,0,0,0,0,0,0,3,33559560,0,0,0,0,0,-1,-1
55728,Cassa Rinforzata,,35415,70828,0,-1,0,0,0,0,0,0,0,0,0,0,29167,266,690,0,2,37748992,40960,268435968,0,0,0,-1321907123,1427461461
55750,RICERCATA: Dama Naz'jess,,35432,70828,0,-1,0,0,0,0,0,0,0,0,0,0,29168,266,690,0,2,37748992,40960,268435968,0,0,0,-1321907123,1427461461
55751,Acqua viva,,35433,71081,0,-1,0,0,0,0,0,0,0,0,0,0,29253,266,690,0,2,33554696,32768,268435968,0,0,0,1309324210,-1440044374
55766,La ragazza e le conchiglie,,35448,71081,0,-1,0,0,0,0,0,0,0,0,0,0,29254,266,690,0,2,33554696,32768,268435968,0,0,0,1309324210,-1440044374
55767,Depistaggio,,35449,71081,0,-1,0,0,0,0,0,0,0,0,0,0,29255,266,690,0,2,39846152,40960,268435968,0,0,0,1309324210,-1440044374
55768,Piante acquatiche rare,,35450,71080,0,-1,0,0,0,0,0,0,0,0,0,0,29256,266,690,0,2,33554696,32768,268435968,0,0,0,1309324210,-1440044374
55770,RICERCATO: Comandante Sarj'eth,,35452,70830,0,-1,0,0,0,0,0,0,0,0,0,0,29169,266,690,0,2,37748992,40960,268435968,0,0,0,-1321907123,1427461461
55771,RICERCATO: Sire Ha'kass,,35453,70828,0,-1,0,0,0,0,0,0,0,0,0,0,29170,266,690,0,2,37748992,40960,268435968,0,0,0,-1321907123,1427461461
55772,RICERCATA: Dama Narjiss,,35454,70830,0,-1,0,0,0,0,0,0,0,0,0,0,29171,266,690,0,2,37748992,40960,268435968,0,0,0,-1321907123,1427461461
55773,RICERCATO: Gler'thogg,,35455,70828,0,-1,0,0,0,0,0,0,0,0,0,0,29172,266,690,0,2,37748992,40960,268435968,0,0,0,-1321907123,1427461461
55774,RICERCATO: Inquisitore Ithriza,,35456,70830,0,-1,0,0,0,0,0,0,0,0,0,0,29173,266,690,0,2,37748992,40960,268435968,0,0,0,-1321907123,1427461461
55775,RICERCATO: Haggronar,,35457,70829,0,-1,0,0,0,0,0,0,0,0,0,0,29174,266,690,0,2,37748992,40960,268435968,0,0,0,-1321907123,1427461461
55776,RICERCATO: Emorneth,,35458,70829,0,-1,0,0,0,0,0,0,0,0,0,0,29175,266,690,0,2,37748992,40960,268435968,0,0,0,-1321907123,1427461461
55777,RICERCATO: Braxicus,,35459,70829,0,-1,0,0,0,0,0,0,0,0,0,0,29176,266,690,0,2,37748992,40960,268435968,0,0,0,-1321907123,1427461461
55813,Puntare in alto,,35495,70584,0,-1,0,0,0,0,0,0,0,0,0,169279,0,0,7209,0,2,37753088,40960,268435968,55736,0,0,-1,-1
55845,Piani d'attacco.,,35526,70828,0,-1,0,0,0,0,0,0,0,0,0,168396,29177,266,690,0,2,37748992,40960,268435968,0,0,0,-1321907123,1427461461
55846,Rituali proibiti,,35527,70830,0,-1,0,0,0,0,0,0,0,0,0,0,29178,266,690,0,2,37748992,40960,268435968,0,0,0,-1321907123,1427461461
55871,Raccolta amici,,35552,71081,0,-1,0,0,0,0,0,0,0,0,0,168407,29257,266,690,0,2,37749000,40960,268435968,0,0,0,1309324210,-1440044374
55872,Nascondiglio,,35553,71082,0,-1,0,0,0,0,0,0,0,0,0,168432,29258,266,690,0,2,37749000,40960,268435968,0,0,0,1309324210,-1440044374
55873,Uccidere il Kritch,,35554,71080,0,-1,0,0,0,0,0,0,0,0,0,0,29259,266,690,0,2,37749000,40960,268435968,0,0,0,1309324210,-1440044374
55874,Tappare i geyser,,35555,71082,0,-1,0,0,0,0,0,0,0,0,0,168482,29261,266,690,0,2,37749000,40960,268435968,0,0,0,1309324210,-1440044374
55875,Tappare i geyser,,35556,71082,0,-1,0,0,0,0,0,0,0,0,0,168482,29262,266,690,0,2,37880072,40960,268435968,0,0,0,1309324210,-1440044374
55876,Tappare i geyser,,35557,71082,0,-1,0,0,0,0,0,0,0,0,0,168482,29263,266,690,0,2,37749000,40960,268435968,0,0,0,1309324210,-1440044374
55877,Tappare i geyser,,35558,71082,0,-1,0,0,0,0,0,0,0,0,0,168482,29264,266,690,0,2,37749000,40960,268435968,0,0,0,1309324210,-1440044374
55878,Tappare i geyser,,35559,71082,0,-1,0,0,0,0,0,0,0,0,0,168482,29265,266,690,0,2,37880072,40960,268435968,0,0,0,1309324210,-1440044374
55883,Amante delle mante,,35564,71081,0,-1,0,0,0,0,0,0,0,0,0,168425,29266,266,690,0,2,37749000,40960,268435968,0,0,0,1309324210,-1440044374
55884,Infestazione Folle,,35565,70076,0,-1,0,0,0,0,0,0,0,0,0,0,28750,109,690,0,3,34144512,8192,268435456,0,0,0,-1,-1
55886,Brutalizzatore Zanj'ir,,35567,70076,0,-1,0,0,0,0,0,0,0,0,0,0,28754,135,690,0,3,37290240,0,268435456,0,0,0,-1,-1
55887,"Campionessa Alzana, Freccia di Tuono",,35568,70076,0,-1,0,0,0,0,0,0,0,0,0,0,28760,136,690,0,3,37290240,0,268435456,0,0,0,-1,-1
55888,"Campionessa Qalina, Lancia di Ghiaccio",,35569,70076,0,-1,0,0,0,0,0,0,0,0,0,0,28759,136,690,0,3,37290240,0,268435456,0,0,0,-1,-1
55889,"Campione Kyx'zhul, Oratore del Profondo",,35570,70076,0,-1,0,0,0,0,0,0,0,0,0,0,28758,136,690,0,3,37290240,0,268435456,0,0,0,-1,-1
55890,"Campione Vyz'olgo, Ladro di Menti",,35571,70076,0,-1,0,0,0,0,0,0,0,0,0,0,28757,136,690,0,3,37290240,0,268435456,0,0,0,-1,-1
55891,"Campione Aldrantiss, Difensore del Suo Regno",,35572,70076,0,-1,0,0,0,0,0,0,0,0,0,0,28756,136,690,0,3,37290240,0,268435456,0,0,0,-1,-1
55892,"Campione Eldanar, Scudo della Sua Gloria",,35573,70076,0,-1,0,0,0,0,0,0,0,0,0,0,28755,136,690,0,3,37290240,0,268435456,0,0,0,-1,-1
55893,Il Lamasalmastra Azanz,,35574,70076,0,-1,0,0,0,0,0,0,0,0,0,0,28768,135,690,0,3,37290240,0,268435456,0,0,0,-1,-1
55894,"Zoko, Difensore di Ferro",,35575,70076,0,-1,0,0,0,0,0,0,0,0,0,0,28767,135,690,0,3,37290240,0,268435456,0,0,0,-1,-1
55895,Venti gelidi di Zhiela,,35576,70076,0,-1,0,0,0,0,0,0,0,0,0,0,28766,135,690,0,3,37290240,0,268435456,0,0,0,-1,-1
55896,"Undana, Assassina Raggelante",,35577,70076,0,-1,0,0,0,0,0,0,0,0,0,0,28765,135,690,0,3,37290240,0,268435456,0,0,0,-1,-1
55897,"Szun, Flagello degli Schiavi",,35578,70076,0,-1,0,0,0,0,0,0,0,0,0,0,28764,135,690,0,3,37290240,0,268435456,0,0,0,-1,-1
55898,Cantatempesta Shalan'ali,,35579,70076,0,-1,0,0,0,0,0,0,0,0,0,0,28763,135,690,0,3,37290240,0,268435456,0,0,0,-1,-1
55899,Cercastelle degli Shirakess,,35580,70076,0,-1,0,0,0,0,0,0,0,0,0,0,28762,135,690,0,3,37290240,0,268435456,0,0,0,-1,-1
55900,"Kassar, Portatore delle Lame Oscure",,35581,70076,0,-1,0,0,0,0,0,0,0,0,0,0,28761,135,690,0,3,37290240,0,268435456,0,0,0,-1,-1
55901,Ribellione di Bullonaccio,,35582,70022,0,-1,131073,0,0,0,0,0,0,0,0,0,28998,109,7209,0,3,40436032,8192,268435456,56131,55623,0,-1,-1
55970,Attrito,,35649,70076,0,-1,0,0,0,0,0,0,0,0,0,0,28843,109,690,0,3,34144512,0,268435456,0,0,0,-1,-1
55973,Esperimenti sugli Spirafonda,,35650,70076,0,-1,0,0,0,0,0,0,0,0,0,168634,28845,109,690,0,3,34144512,0,268435456,0,0,0,-1,-1
55980,Scaglie resistenti,,35656,71082,0,-1,0,0,0,0,0,0,0,0,0,0,29267,266,690,0,2,33554696,32768,268435968,0,0,0,1309324210,-1440044374
55982,I signori dell'acqua,,35658,70076,0,-1,0,0,0,0,0,0,0,0,0,0,28867,109,690,0,3,34144512,0,268435456,0,0,0,-1,-1
55984,Un buon attacco,,35660,69973,0,-1,0,0,0,0,0,0,0,0,0,0,29268,266,690,0,2,38797576,40960,268435968,0,0,0,1309324210,-1440044374
55985,Luminosità intensa,,35661,71080,0,-1,0,0,0,0,0,0,0,0,0,0,29269,266,690,0,2,33554696,32768,268435968,0,0,0,1309324210,-1440044374
55986,Rompere qualche uovo,,35662,71080,0,-1,0,0,0,0,0,0,0,0,0,0,29270,266,690,0,2,33554696,32768,268435968,0,0,0,1309324210,-1440044374
55993,Proiettili pungenti,,35669,71080,0,-1,0,0,0,0,0,0,0,0,0,0,29271,266,690,0,2,33554696,32768,268435968,0,0,0,1309324210,-1440044374
55994,Non potabile,,35670,70585,0,-1,131073,0,0,0,0,0,0,0,0,0,0,0,7209,0,2,40898816,40960,268435968,56328,56329,0,-1,-1
55997,Idra affamata,,35673,70736,0,-1,0,0,0,0,0,0,0,0,0,0,28892,109,690,0,3,38338816,0,268435456,0,0,0,-1,-1
56000,Non dire granchio se non l'hai nel sacco,,35676,70829,0,-1,0,0,0,0,0,0,0,0,0,0,29179,266,690,0,2,37748992,40960,268435968,0,0,0,-1321907123,1427461461
56001,Murloc in stato di ebbrezza,,35677,70828,0,-1,0,0,0,0,0,0,0,0,0,0,29180,266,690,0,2,37748992,40960,268435968,0,0,0,-1321907123,1427461461
56002,Brlocclgl di Mggquatty,,35678,70830,0,-1,0,0,0,0,0,0,0,0,0,0,29181,266,690,0,2,37748992,40960,268435968,0,0,0,-1321907123,1427461461
56003,Cassa con chiusura runica,,35679,69938,0,-1,0,0,0,0,0,0,0,0,0,0,28898,109,690,0,3,36241664,0,268435456,0,0,0,-1,-1
56006,Cassa con chiusura runica,,35682,69938,0,-1,0,0,0,0,0,0,0,0,0,0,28901,109,690,0,3,36241664,0,268435456,0,0,0,-1,-1
56007,Cassa con chiusura runica,,35683,69938,0,-1,0,0,0,0,0,0,0,0,0,0,28903,109,690,0,3,36241664,0,268435456,0,0,0,-1,-1
56008,Cassa con chiusura runica,,35684,69938,0,-1,0,0,0,0,0,0,0,0,0,0,28899,109,690,0,3,36241664,0,268435456,0,0,0,-1,-1
56009,Cassa con chiusura runica,,35685,69938,0,-1,0,0,0,0,0,0,0,0,0,0,28900,109,690,0,3,36241664,0,268435456,0,0,0,-1,-1
56010,Cassa con chiusura runica,,35686,69938,0,-1,0,0,0,0,0,0,0,0,0,0,28902,109,690,0,3,36241664,0,268435456,0,0,0,-1,-1
56011,Cassa con chiusura runica,,35687,69938,0,-1,0,0,0,0,0,0,0,0,0,0,28905,109,690,0,3,36241664,0,268435456,0,0,0,-1,-1
56012,Cassa con chiusura runica,,35688,69938,0,-1,0,0,0,0,0,0,0,0,0,0,28909,109,690,0,3,36241664,0,268435456,0,0,0,-1,-1
56013,Cassa con chiusura runica,,35689,69938,0,-1,0,0,0,0,0,0,0,0,0,0,28906,109,690,0,3,36241664,0,268435456,0,0,0,-1,-1
56014,Cassa con chiusura runica,,35690,69938,0,-1,0,0,0,0,0,0,0,0,0,0,28907,109,690,0,3,36241664,0,268435456,0,0,0,-1,-1
56015,Cassa con chiusura runica,,35691,69938,0,-1,0,0,0,0,0,0,0,0,0,0,28904,109,690,0,3,36241664,0,268435456,0,0,0,-1,-1
56016,Cassa con chiusura runica,,35692,69938,0,-1,0,0,0,0,0,0,0,0,0,0,28908,109,690,0,3,36241664,0,268435456,0,0,0,-1,-1
56017,Cassa con chiusura runica,,35693,69938,0,-1,0,0,0,0,0,0,0,0,0,0,28911,109,690,0,3,36241664,0,268435456,0,0,0,-1,-1
56018,Cassa con chiusura runica,,35694,69938,0,-1,0,0,0,0,0,0,0,0,0,0,28915,109,690,0,3,36241664,0,268435456,0,0,0,-1,-1
56019,Cassa con chiusura runica,,35695,69938,0,-1,0,0,0,0,0,0,0,0,0,0,28912,109,690,0,3,36241664,0,268435456,0,0,0,-1,-1
56020,Cassa con chiusura runica,,35696,69938,0,-1,0,0,0,0,0,0,0,0,0,0,28913,109,690,0,3,36241664,0,268435456,0,0,0,-1,-1
56021,Cassa con chiusura runica,,35697,69938,0,-1,0,0,0,0,0,0,0,0,0,0,28910,109,690,0,3,36241664,0,268435456,0,0,0,-1,-1
56022,Cassa con chiusura runica,,35698,69938,0,-1,0,0,0,0,0,0,0,0,0,0,28914,109,690,0,3,36241664,0,268435456,0,0,0,-1,-1
56023,Cassa con chiusura di faglia,,35699,69938,0,-1,0,0,0,0,0,0,0,0,0,0,28918,109,690,0,3,34144512,0,268435456,0,0,0,-1,-1
56024,Cassa con chiusura di faglia,,35700,69938,0,-1,0,0,0,0,0,0,0,0,0,0,28917,109,690,0,3,34144512,0,268435456,0,0,0,-1,-1
56025,Cassa con chiusura di faglia,,35701,69938,0,-1,0,0,0,0,0,0,0,0,0,0,28916,109,690,0,3,34144512,0,268435456,0,0,0,-1,-1
56032,La sporca dozzina,,35705,70076,0,-1,0,0,0,0,0,0,0,0,0,0,28939,109,690,0,3,34144512,0,268435456,0,0,0,-1,-1
56035,Bivalvi deliziosi,,35707,71081,0,-1,0,0,0,0,0,0,0,0,0,168672,29272,266,690,0,2,37880072,40960,268435968,0,0,0,1309324210,-1440044374
56036,Una situazione fumante,,35708,70076,0,-1,0,0,0,0,0,0,0,0,0,0,28938,109,690,0,3,34144512,0,268435456,0,0,0,-1,-1
56041,Sgusciate l'inferno,,35713,70076,0,-1,0,0,0,0,0,0,0,0,0,0,28945,109,690,0,3,38338816,0,268435456,0,0,0,-1,-1
56048,Le Divinatrici Annegate,,35719,70076,0,-1,0,0,0,0,0,0,0,0,0,0,28949,109,690,0,3,34144512,8192,268435456,0,0,0,-1,-1
56050,Evento PvP: Battaglia per Nazjatar,,35723,71797,0,-1,0,0,0,0,0,0,0,0,0,0,28948,113,464,0,3,622912,0,268435456,0,0,0,-1,-1
56056,Terrore degli abissi,,35729,70076,0,-1,0,0,0,0,0,0,0,0,0,0,28606,112,690,0,3,34144320,0,268435456,0,0,0,-1,-1
56057,Il vincolatore d'anime,,35730,70076,0,-1,0,0,0,0,0,0,0,0,0,0,28610,112,690,0,3,34144320,0,268435456,0,0,0,-1,-1
56064,Assalto: L'Impero Nero,Torna dal Ramingo della Sapienza Cho nell'Archivio della Conoscenza.,35737,75565,0,-1,0,0,0,0,0,0,0,0,0,0,29473,268,703,0,3,34078976,524288,268435458,0,0,0,-1,-1
56074,Il Condotto del Vuoto,,35747,77107,0,-1,0,0,0,0,0,0,0,0,0,0,31021,109,703,0,3,36241664,524288,268447744,0,0,0,-1,-1
56075,Potere Rubato,,35748,71081,0,-1,0,0,0,0,0,0,0,0,0,0,29273,266,690,0,2,37749000,40960,268435968,0,0,0,1309324210,-1440044374
56076,Rituale abissale,,35749,77107,0,-1,0,0,0,0,0,0,0,0,0,0,31024,109,703,0,3,36241664,524288,268447744,0,0,0,-1,-1
56078,Krilleficina,,35751,70076,0,-1,0,0,0,0,0,0,0,0,0,0,28975,109,690,0,3,38338816,8192,268435456,0,0,0,-1,-1
56082,Furia robotica,,35755,70582,0,-1,0,0,0,0,0,0,0,0,0,0,0,0,7209,0,2,40898816,40960,268435968,55736,0,0,-1321907123,1427461461
56083,Condizioni di lavoro ostili,,35756,70582,0,-1,0,0,0,0,0,0,0,0,0,0,0,0,7209,0,2,37753088,8192,268435968,55736,0,0,1309324210,-1440044374
56090,La resistenza di Triplo Malto,,35762,77107,0,-1,0,0,0,0,0,0,0,0,0,0,31025,109,703,0,3,36241664,524288,268447744,0,0,0,-1,-1
56099,La fonte della corruzione,,35772,77107,0,-1,0,0,0,0,0,0,0,0,0,0,31026,109,703,0,3,36241664,524288,268447744,0,0,0,-1,-1
56121,Medusa saltellante,,35793,70076,0,-1,0,0,0,0,0,0,0,0,0,0,28993,109,690,0,3,34144512,0,268435456,0,0,0,-1,-1
56131,Sicurezza innanzi tutto,,35801,70252,0,-1,131073,0,0,0,0,0,0,0,0,0,28997,109,7209,0,3,40436032,8192,268435456,55736,55623,0,-1,-1
56139,Tesori buttati,,35809,70022,0,-1,131073,0,0,0,0,0,0,0,0,0,28874,109,7209,0,3,6881600,8256,268435456,56131,55623,0,-1,-1
56141,Sicurezza innanzi tutto,,35811,70022,0,-1,131073,0,0,0,0,0,0,0,0,0,28999,109,7209,0,3,40436032,8192,268435456,56131,55623,0,-1,-1
56146,Vinificatore di Algabacca,,35333,70828,0,-1,0,0,0,0,0,0,0,0,0,0,29182,266,690,0,2,37748992,40960,268435968,0,0,0,-1321907123,1427461461
56149,Cibo per tutti,,35819,70829,0,-1,0,0,0,0,0,0,0,0,0,168253,29184,266,690,0,2,37748992,40960,268435968,0,0,0,-1321907123,1427461461
56150,Uccidere il Kritch,,35820,70829,0,-1,0,0,0,0,0,0,0,0,0,0,29186,266,690,0,2,37748992,40960,268435968,0,0,0,-1321907123,1427461461
56151,Manicaretti per Poen,,35963,71081,0,-1,0,0,0,0,0,0,0,0,0,0,29274,266,690,0,2,33554696,32768,268435968,0,0,0,1309324210,-1440044374
56152,Scaglie resistenti,,35822,70829,0,-1,0,0,0,0,0,0,0,0,0,0,29193,266,690,0,2,37748992,40960,268435968,0,0,0,-1321907123,1427461461
56153,Bivalvi deliziosi,,35707,70828,0,-1,0,0,0,0,0,0,0,0,0,168672,29194,266,690,0,2,37880064,40960,268435968,0,0,0,-1321907123,1427461461
56154,Nascondiglio,,35824,70828,0,-1,0,0,0,0,0,0,0,0,0,168432,29185,266,690,0,2,37748992,40960,268435968,0,0,0,-1321907123,1427461461
56155,Tappare i geyser,,35555,70830,0,-1,0,0,0,0,0,0,0,0,0,168482,29187,266,690,0,2,37748992,40960,268435968,0,0,0,-1321907123,1427461461
56156,Una lama temprata,,35826,0,0,-1,0,0,0,0,0,0,0,0,0,0,0,0,690,0,2,40894464,8192,268435968,55363,0,0,-1321907123,1427461461
56157,Tappare i geyser,,35556,70830,0,-1,0,0,0,0,0,0,0,0,0,168482,29188,266,690,0,2,37880064,40960,268435968,0,0,0,-1321907123,1427461461
56158,Tappare i geyser,,35557,70830,0,-1,0,0,0,0,0,0,0,0,0,168482,29189,266,690,0,2,37748992,40960,268435968,0,0,0,-1321907123,1427461461
56159,Tappare i geyser,,35558,70830,0,-1,0,0,0,0,0,0,0,0,0,168482,29190,266,690,0,2,37748992,40960,268435968,0,0,0,-1321907123,1427461461
56160,Tappare i geyser,,35559,70828,0,-1,0,0,0,0,0,0,0,0,0,168482,29192,266,690,0,2,37880064,40960,268435968,0,0,0,-1321907123,1427461461
56163,Vincolare un elementale,,35829,77107,0,-1,0,0,0,0,0,0,0,0,0,0,31027,109,703,0,3,36241664,524288,268447744,0,0,0,-1,-1
56177,Il Condotto del Vuoto,,35843,77107,0,-1,0,0,0,0,0,0,0,0,0,0,31022,109,703,0,3,36241664,524288,268447744,0,0,0,-1,-1
56178,Il Condotto del Vuoto,,35844,77107,0,-1,0,0,0,0,0,0,0,0,0,0,31023,109,703,0,3,36241664,524288,268447744,0,0,0,-1,-1
56180,Vincolare un elementale,,35846,77107,0,-1,0,0,0,0,0,0,0,0,0,0,31028,109,703,0,3,36241664,524288,268447744,0,0,0,-1,-1
56222,RICERCATA: Dama Naz'jess,,35888,71082,0,-1,0,0,0,0,0,0,0,0,0,0,29275,266,690,0,2,37748992,40960,268435968,0,0,0,-1,-1
56223,RICERCATO: Comandante Sarj'eth,,35889,71080,0,-1,0,0,0,0,0,0,0,0,0,0,29276,266,690,0,2,37748992,40960,268435968,0,0,0,-1,-1
56224,RICERCATO: Sire Ha'kass,,35890,71082,0,-1,0,0,0,0,0,0,0,0,0,0,29277,266,690,0,2,37748992,40960,268435968,0,0,0,-1,-1
56225,RICERCATA: Dama Narjiss,,35891,71080,0,-1,0,0,0,0,0,0,0,0,0,0,29278,266,690,0,2,37748992,40960,268435968,0,0,0,-1,-1
56226,RICERCATO: Gler'thogg,,35892,71082,0,-1,0,0,0,0,0,0,0,0,0,0,29279,266,690,0,2,37748992,40960,268435968,0,0,0,-1,-1
56227,RICERCATO: Inquisitore Ithriza,,35893,71080,0,-1,0,0,0,0,0,0,0,0,0,0,29280,266,690,0,2,37748992,40960,268435968,0,0,0,-1,-1
56231,Cassa Rinforzata,,35897,71082,0,-1,0,0,0,0,0,0,0,0,0,0,29281,266,690,0,2,37748992,40960,268435968,0,0,0,1309324210,-1440044374
56232,Cassa del Vuoto,,35898,71080,0,-1,0,0,0,0,0,0,0,0,0,0,29282,266,690,0,2,37748992,40960,268435968,0,0,0,1309324210,-1440044374
56233,Cassa Arcana,,35899,71081,0,-1,0,0,0,0,0,0,0,0,0,0,29283,266,690,0,2,37748992,40960,268435968,0,0,0,1309324210,-1440044374
56264,Non dire granchio se non l'hai nel sacco,,35925,71081,0,-1,0,0,0,0,0,0,0,0,0,0,29284,266,690,0,2,37748992,40960,268435968,0,0,0,1309324210,-1440044374
56265,Murloc in stato di ebbrezza,,35926,71081,0,-1,0,0,0,0,0,0,0,0,0,0,29285,266,690,0,2,37748992,40960,268435968,0,0,0,1309324210,-1440044374
56266,Brlocclgl di Mggquatty,,35927,71080,0,-1,0,0,0,0,0,0,0,0,0,0,29287,266,690,0,2,37748992,40960,268435968,0,0,0,1309324210,-1440044374
56308,Assalto: L'avvento degli Aqir,Torna da Arik Scorpiaculeo all'Obelisco della Luna.,35970,75566,0,-1,0,0,0,0,0,0,0,0,0,0,29038,268,703,0,3,36176128,524288,268435458,0,0,0,-1,-1
56326,Salvataggio Famelico,,35982,71222,0,-1,1,0,0,0,0,0,0,0,0,0,0,0,7209,0,2,37753088,41024,268435968,55736,0,0,-1,-1
56327,Robot affettati,,35983,70581,0,-1,131073,0,0,0,0,0,0,0,0,0,0,0,7209,0,2,40898816,8192,268435968,54965,56330,0,-1,-1
56328,Non potabile,,35984,0,0,-1,0,0,0,0,0,0,0,0,0,0,0,0,7209,0,2,39846144,40960,268435968,55736,0,0,-1,-1
56330,Tracking Quest,,35986,0,0,-1,0,0,0,0,0,0,0,0,0,0,0,0,0,0,2,33559560,0,512,0,0,0,-1,-1
56334,Robot impazziti,,35990,71223,0,-1,0,0,0,0,0,0,0,0,0,0,0,0,7209,0,2,37753088,40960,268435968,55736,0,0,-1,-1
56370,Rompere qualche uovo,,35662,70829,0,-1,0,0,0,0,0,0,0,0,0,0,29183,266,690,0,2,37748992,40960,268435968,0,0,0,-1321907123,1427461461
56373,Carassi inghiottiti,,36019,71224,0,-1,0,0,0,0,0,2592,1,0,0,0,0,0,7209,0,2,39850240,40960,268435968,55736,0,0,-1,-1
56380,A terra,,36026,71225,0,-1,0,0,0,0,0,0,0,0,0,0,0,0,7209,0,2,39850240,40960,268435968,55736,0,0,-1,-1
56381,Principe Fremicoda,,36027,70722,0,-1,0,0,0,0,0,0,0,0,0,0,29111,115,690,0,3,3735808,0,268435456,0,0,0,-1,-1
56382,Gnam,,36028,70722,0,-1,0,0,0,0,0,0,0,0,0,0,29112,115,690,0,3,3735808,0,268435456,0,0,0,-1,-1
56383,Silenzio,,36029,70722,0,-1,0,0,0,0,0,0,0,0,0,0,29113,115,690,0,3,3735808,0,268435456,0,0,0,-1,-1
56384,Guardingo Spinaombra,,36030,70722,0,-1,0,0,0,0,0,0,0,0,0,0,29114,115,690,0,3,3735808,0,268435456,0,0,0,-1,-1
56385,Crostaceo Guscioperlaceo,,36031,70722,0,-1,0,0,0,0,0,0,0,0,0,0,29115,115,690,0,3,3735808,0,268435456,0,0,0,-1,-1
56386,Prole Antica di Nalaada,,36032,70722,0,-1,0,0,0,0,0,0,0,0,0,0,29116,115,690,0,3,3735808,0,268435456,0,0,0,-1,-1
56387,Idra Scagliosa Famelica,,36033,70722,0,-1,0,0,0,0,0,0,0,0,0,0,29117,115,690,0,3,3735808,0,268435456,0,0,0,-1,-1
56388,Legamente,,36034,70722,0,-1,0,0,0,0,0,0,0,0,0,0,29118,115,690,0,3,3735808,0,268435456,0,0,0,-1,-1
56389,Pietralga,,36035,70722,0,-1,0,0,0,0,0,0,0,0,0,0,29119,115,690,0,3,3735808,0,268435456,0,0,0,-1,-1
56390,Trincafulmini,,36036,70722,0,-1,0,0,0,0,0,0,0,0,0,0,29120,115,690,0,3,3735808,0,268435456,0,0,0,-1,-1
56391,Trinciazanna Furioso,,36037,70722,0,-1,0,0,0,0,0,0,0,0,0,0,29121,115,690,0,3,3735808,0,268435456,0,0,0,-1,-1
56392,Conchiglia Gigante Opalina,,36038,70722,0,-1,0,0,0,0,0,0,0,0,0,0,29122,115,690,0,3,3735808,0,268435456,0,0,0,-1,-1
56393,Divoragnomi,,36039,70723,0,-1,0,0,0,0,0,0,0,0,0,0,29123,115,7209,0,3,3735808,0,268435456,0,0,0,-1,-1
56394,Sputatubi,,36040,70723,0,-1,0,0,0,0,0,0,0,0,0,0,29124,115,7209,0,3,3735808,0,268435456,0,0,0,-1,-1
56395,Orobot XD,,36041,70723,0,-1,0,0,0,0,0,0,0,0,0,0,29125,115,7209,0,3,3735808,0,268435456,0,0,0,-1,-1
56396,Cliclac,,36042,70723,0,-1,0,0,0,0,0,0,0,0,0,0,29126,115,7209,0,3,3735808,0,268435456,0,0,0,-1,-1
56397,Unità di Microppressione CK-9,,36043,70723,0,-1,0,0,0,0,0,0,0,0,0,0,29127,115,7209,0,3,3735808,0,268435456,0,0,0,-1,-1
56398,Unità 35,,36044,70723,0,-1,0,0,0,0,0,0,0,0,0,0,29128,115,7209,0,3,3735808,0,268435456,0,0,0,-1,-1
56399,Unità 6,,36045,70723,0,-1,0,0,0,0,0,0,0,0,0,0,29129,115,7209,0,3,3735808,0,268435456,0,0,0,-1,-1
56400,Unità 17,,36046,70723,0,-1,0,0,0,0,0,0,0,0,0,0,29130,115,7209,0,3,3735808,0,268435456,0,0,0,-1,-1
56402,Le Monete del Nomade,,36048,76114,0,-1,0,0,0,0,0,0,0,0,0,0,31209,0,703,0,2,35651720,32768,268435968,57915,0,0,-1,-1
56434,RICERCATI: Junkmatt e Roadtrogg,,36064,71226,0,-1,0,0,0,0,0,0,0,0,0,0,0,1,7209,0,2,39850240,40960,268435968,55736,0,0,-1,-1
56532,"Nuclearizzali, Norbit",,36148,71227,0,-1,0,0,0,0,0,0,0,0,0,0,0,0,7209,0,2,39850240,40960,268435968,55736,0,0,-1,-1
56550,Pulizia dai cadaveri,,36166,76113,0,-1,0,0,0,0,0,0,0,0,0,174323,31208,0,703,0,2,35651720,32768,268435968,57954,0,0,-1,-1
56570,Incarico di lavoro: Tonico Superiore delle Correnti,,36179,70076,0,-1,0,0,0,0,0,2478,1,0,0,0,29350,118,464,0,3,524608,0,268435458,0,0,0,-1321907123,1427461461
56767,Incarico di lavoro: Tonico Superiore degli Abissi Infiniti,,36372,70076,0,-1,0,0,0,0,0,2478,1,0,0,0,29351,118,464,0,3,524608,0,268435458,0,0,0,-1321907123,1427461461
56768,Incarico di lavoro: Tonico Superiore della Risacca,,36373,70076,0,-1,0,0,0,0,0,2478,1,0,0,0,29352,118,464,0,3,524608,0,268435458,0,0,0,-1321907123,1427461461
56769,Incarico di lavoro: Tonico Superiore dell'Orizzonte Vasto,,36374,70076,0,-1,0,0,0,0,0,2478,1,0,0,0,29353,118,464,0,3,524608,0,268435458,0,0,0,-1321907123,1427461461
56770,Incarico di lavoro: Tonico Superiore delle Correnti,,36179,70076,0,-1,0,0,0,0,0,2478,1,0,0,0,29350,118,464,0,3,524608,0,268435458,0,0,0,1309324210,-1440044374
56772,Incarico di lavoro: Tonico Superiore degli Abissi Infiniti,,36372,70076,0,-1,0,0,0,0,0,2478,1,0,0,0,29351,118,464,0,3,524608,0,268435458,0,0,0,1309324210,-1440044374
56773,Incarico di lavoro: Tonico Superiore dell'Orizzonte Vasto,,36374,70076,0,-1,0,0,0,0,0,2478,1,0,0,0,29353,118,464,0,3,524608,0,268435458,0,0,0,1309324210,-1440044374
56774,Incarico di lavoro: Tonico Superiore della Risacca,,36373,70076,0,-1,0,0,0,0,0,2478,1,0,0,0,29352,118,464,0,3,524608,0,268435458,0,0,0,1309324210,-1440044374
56793,Incarico di lavoro: Meccaburger di Mek Dowel,,36394,70076,0,-1,0,0,0,0,0,2541,1,0,0,0,29413,131,464,0,3,524608,0,268435458,0,0,0,-1321907123,1427461461
56794,Incarico di lavoro: Patata Cotta col Teletrasporto,,36395,70076,0,-1,0,0,0,0,0,2541,1,0,0,0,29414,131,464,0,3,524608,0,268435458,0,0,0,-1321907123,1427461461
56795,Incarico di lavoro: Crocchetta Fritta degli Abissi,,36396,70076,0,-1,0,0,0,0,0,2541,1,0,0,0,29415,131,464,0,3,524608,0,268435458,0,0,0,-1321907123,1427461461
56796,Incarico di lavoro: Kakavia Fragrante,,36397,70076,0,-1,0,0,0,0,0,2541,1,0,0,0,29416,131,464,0,3,524608,0,268435458,0,0,0,-1321907123,1427461461
56797,Incarico di lavoro: Bil'tong,,36398,70076,0,-1,0,0,0,0,0,2541,1,0,0,0,29417,131,464,0,3,524608,0,268435458,0,0,0,-1321907123,1427461461
56798,Incarico di lavoro: Bil'tong,,36398,70076,0,-1,0,0,0,0,0,2541,1,0,0,0,29417,131,464,0,3,524608,0,268435458,0,0,0,1309324210,-1440044374
56799,Incarico di lavoro: Kakavia Fragrante,,36397,70076,0,-1,0,0,0,0,0,2541,1,0,0,0,29416,131,464,0,3,524608,0,268435458,0,0,0,1309324210,-1440044374
56800,Incarico di lavoro: Crocchetta Fritta degli Abissi,,36396,70076,0,-1,0,0,0,0,0,2541,1,0,0,0,29415,131,464,0,3,524608,0,268435458,0,0,0,1309324210,-1440044374
56801,Incarico di lavoro: Patata Cotta col Teletrasporto,,36395,70076,0,-1,0,0,0,0,0,2541,1,0,0,0,29414,131,464,0,3,524608,0,268435458,0,0,0,1309324210,-1440044374
56802,Incarico di lavoro: Meccaburger di Mek Dowel,,36394,70076,0,-1,0,0,0,0,0,2541,1,0,0,0,29413,131,464,0,3,524608,0,268435458,0,0,0,1309324210,-1440044374
56818,Incarico di lavoro: Incantamento Arma - Pelle di Naga,,36530,70076,0,-1,0,0,0,0,0,2486,1,0,0,0,29412,123,464,0,3,524608,0,268435458,0,0,0,1309324210,-1440044374
56819,Incarico di lavoro: Incantamento Arma - Rigenerazione Oceanica,,36414,70076,0,-1,0,0,0,0,0,2486,1,0,0,0,29410,123,464,0,3,524608,0,268435458,0,0,0,1309324210,-1440044374
56820,Incarico di lavoro: Incantamento Arma - Moltiplicatore di Forza,,36415,70076,0,-1,0,0,0,0,0,2486,1,0,0,0,29411,123,464,0,3,524608,0,268435458,0,0,0,1309324210,-1440044374
56821,Incarico di lavoro: Incantamento Arma - Acume del Macchinista,,36416,70076,0,-1,0,0,0,0,0,2486,1,0,0,0,29409,123,464,0,3,524608,0,268435458,0,0,0,1309324210,-1440044374
56824,Incarico di lavoro: Incantamento Arma - Acume del Macchinista,,36416,70076,0,-1,0,0,0,0,0,2486,1,0,0,0,29409,123,464,0,3,524608,0,268435458,0,0,0,-1321907123,1427461461
56825,Incarico di lavoro: Incantamento Arma - Rigenerazione Oceanica,,36414,70076,0,-1,0,0,0,0,0,2486,1,0,0,0,29410,123,464,0,3,524608,0,268435458,0,0,0,-1321907123,1427461461
56826,Incarico di lavoro: Incantamento Arma - Moltiplicatore di Forza,,36415,70076,0,-1,0,0,0,0,0,2486,1,0,0,0,29411,123,464,0,3,524608,0,268435458,0,0,0,-1321907123,1427461461
56827,Incarico di lavoro: Incantamento Arma - Pelle di Naga,,36530,70076,0,-1,0,0,0,0,0,2486,1,0,0,0,29412,123,464,0,3,524608,0,268435458,0,0,0,-1321907123,1427461461
56889,Nomadi feriti,,36478,76112,0,-1,0,0,0,0,0,0,0,0,0,174326,31207,0,703,0,2,35782792,32768,268435968,57969,0,0,-1,-1
56914,Abitanti arrabbiati,,36503,0,0,-1,0,0,0,0,0,0,0,0,0,0,0,115,464,0,3,3768576,0,268435456,0,0,0,-1,-1
56934,Il Distruttore d'Ossidiana,,36524,5703,0,-1,0,0,0,0,0,0,0,0,0,0,29038,109,703,0,3,36241408,0,268435456,0,0,0,-1,-1
57008,Assalto: I clan in guerra,Torna dall'Oratore delle Tempeste Qian al Santuario del Silenzio.,36588,75565,0,-1,0,0,0,0,0,0,0,0,0,0,29494,268,703,0,3,34078976,524288,268435458,0,0,0,-1,-1
57023,Il Manufatto dei Mogu Piombato,,36602,77112,0,-1,0,0,0,0,0,0,0,0,0,0,31010,109,703,0,3,36241664,524288,268447744,0,0,0,-1,-1
57049,La Cripta delle Anime,,36627,77112,0,-1,0,0,0,0,0,0,0,0,0,0,31011,109,703,0,3,36241664,524288,268447744,0,0,0,-1,-1
57085,Carro da Guerra Potenziato,,36663,77120,0,-1,0,0,0,0,0,0,0,0,0,0,31060,109,703,0,3,36241408,524288,268447744,0,0,0,-1,-1
57087,Baruk il Disintegratore,,36665,77112,0,-1,0,0,0,0,0,0,0,0,0,0,31012,109,703,0,3,36241664,524288,268447744,0,0,0,-1,-1
57089,Il vivaio dei Vil'thik,,36667,77120,0,-1,0,0,0,0,0,0,0,0,0,0,31061,109,703,0,3,36241408,524288,268447744,0,0,0,-1,-1
57101,La gabbia della Serpe degli Zan-Tien,,36679,77112,0,-1,0,0,0,0,0,0,0,0,0,0,31013,109,703,0,3,40435968,524288,268447744,0,0,0,-1,-1
57146,Squarcio della Corruzione,,36716,77107,0,-1,0,0,0,0,0,0,0,0,0,0,31029,109,703,0,3,40435968,524288,268447744,0,0,0,-1,-1
57157,Assalto: L'Impero Nero,Torna dal Gran Sacerdote Amet a Ramkahen.,36725,75566,0,-1,0,0,0,0,0,0,0,0,0,0,29865,268,703,0,3,36176128,524288,268435458,0,0,0,-1,-1
57158,Potenziamento elettrico,,36726,77112,0,-1,0,0,0,0,0,0,0,0,0,0,31014,109,703,0,3,40435968,524288,268447744,0,0,0,-1,-1
57171,Il Guardiano Ramodoro,,36739,77112,0,-1,0,0,0,0,0,0,0,0,0,0,31015,109,703,0,3,40435968,524288,268447744,0,0,0,-1,-1
57177,Un nuovo inizio,,36745,80434,0,-1,0,0,0,0,0,0,0,0,0,0,0,0,746,0,3,34144256,0,268435456,59021,0,0,-1,-1
57205,Qualche ostacolo lungo la via,,36773,74689,0,-1,0,0,0,0,0,0,0,0,0,0,30133,109,837,0,3,41484544,8192,268435456,0,0,0,-1,-1
57215,Il Congegno dell'Ascesa,,36783,77117,0,-1,0,0,0,0,0,0,0,0,0,0,31040,109,703,0,3,36241408,524288,268447744,55349,0,0,-1,-1
57217,Il Custode Dissotterrato,,36784,77117,0,-1,0,0,0,0,0,0,0,0,0,0,31041,109,703,0,3,36241408,524288,268447744,55349,0,0,-1,-1
57218,Il Custode Dissotterrato,,36785,77117,0,-1,0,0,0,0,0,0,0,0,0,0,31042,109,703,0,3,36241408,524288,268447744,55349,0,0,-1,-1
57219,Il Custode Dissotterrato,,36786,77117,0,-1,0,0,0,0,0,0,0,0,0,0,31043,109,703,0,3,36241408,524288,268447744,55349,0,0,-1,-1
57223,Custode Dissotterrato,,36790,77117,0,-1,0,0,0,0,0,0,0,0,0,0,31044,109,703,0,3,36241408,524288,268447744,55349,0,0,-1,-1
57234,Il collezionista solare,,36799,77117,0,-1,0,0,0,0,0,0,0,0,0,0,31045,109,703,0,3,36241408,524288,268447744,55349,0,0,-1,-1
57235,Il collezionista solare,,36800,77117,0,-1,0,0,0,0,0,0,0,0,0,0,31046,109,703,0,3,36241408,524288,268447744,55349,0,0,-1,-1
57243,Il Campo degli Schiavi degli Amathet,,36808,77117,0,-1,0,0,0,0,0,0,0,0,0,0,31047,109,703,0,3,36241408,524288,268447744,55349,0,0,-1,-1
57256,L'Arena degli Eletti,,36818,77112,0,-1,0,0,0,0,0,0,0,0,0,0,31016,109,703,0,3,40435968,524288,268447744,0,0,0,-1,-1
57272,L'Effige Vincolasangue,,36833,77112,0,-1,0,0,0,0,0,0,0,0,0,0,31017,109,703,0,3,40435968,524288,268447744,0,0,0,-1,-1
57277,Vignette - Muminah the Incandescent,,36838,0,0,-1,0,0,0,0,0,0,0,0,0,0,0,0,0,0,3,34149376,0,0,0,0,0,-1,-1
57287,Gli Squarci del Vuoto,,36847,77106,0,-1,0,0,0,0,0,0,0,0,0,0,30360,109,703,0,3,40435712,532480,268447744,0,0,0,-1,-1
57299,Un misterioso sarcofago,,36859,77112,0,-1,0,0,0,0,0,0,0,0,0,0,31018,109,703,0,3,40435968,524288,268447744,0,0,0,-1,-1
57301,Misture spietate,,36861,0,0,-1,0,0,0,0,0,0,0,0,0,0,0,0,1340,0,2,40927240,8192,268435968,58431,0,0,-1,-1
57323,Il vincolo dei serpenti,,36875,77112,0,-1,0,0,0,0,0,0,0,0,0,0,31019,109,703,0,3,40435968,524288,268447744,0,0,0,-1,-1
57326,Prototipi profittevoli,,36878,71941,0,-1,0,0,0,0,0,0,0,0,0,0,0,0,7209,0,2,39850248,8192,268435968,55736,0,0,1309324210,-1440044374
57327,Prototipi d'ispirazione,,36877,71941,0,-1,0,0,0,0,0,0,0,0,0,0,0,0,7209,0,2,39850248,8192,268435968,55736,0,0,-1321907123,1427461461
57328,Razziare l'accampamento,,36879,0,0,-1,1,0,0,0,0,0,0,0,0,0,31376,109,837,0,3,36241664,0,268435968,57559,62706,0,-1,-1
57330,Tempo di vendetta,,36881,70076,0,-1,0,0,0,0,0,0,0,0,0,0,29709,109,690,0,3,34144512,0,268435456,0,0,0,-1,-1
57331,Operazioni di recupero,,36882,70076,0,-1,0,0,0,0,0,0,0,0,0,0,29710,109,690,0,3,34144512,0,268435456,0,0,0,-1,-1
57333,Terrori alla terrazza,,36884,70076,0,-1,0,0,0,0,0,0,0,0,0,0,29715,109,690,0,3,37290240,0,268435456,0,0,0,-1,-1
57334,Caverna dei Murloc,,36885,70076,0,-1,0,0,0,0,0,0,0,0,0,0,29712,109,690,0,3,34144512,0,268435456,0,0,0,-1,-1
57335,Massacro dei Murloc,,36886,70076,0,-1,0,0,0,0,0,0,0,0,0,0,29713,109,690,0,3,34144512,0,268435456,0,0,0,-1,-1
57336,In pace con il passato,,36887,70076,0,-1,0,0,0,0,0,0,0,0,0,0,29714,109,690,0,3,34144512,0,268435456,0,0,0,-1,-1
57338,Sforzi di spopolamento,,36889,70076,0,-1,0,0,0,0,0,0,0,0,0,0,29716,109,690,0,3,34144512,0,268435456,0,0,0,-1,-1
57339,Rituale di costruzione,,36890,77112,0,-1,0,0,0,0,0,0,0,0,0,0,31020,109,703,0,3,40435968,524288,268447744,0,0,0,-1,-1
57340,Banchetto di Manta delle Profondità,,36891,70076,0,-1,0,0,0,0,0,0,0,0,0,0,29718,109,690,0,3,34144512,0,268435456,0,0,0,-1,-1
57353,Purificare gli Spirafonda,,36903,70076,0,-1,0,0,0,0,0,0,0,0,0,0,29729,109,690,0,3,37290240,0,268435456,0,0,0,-1,-1
57354,Meglio tardi che mai,,36904,70076,0,-1,0,0,0,0,0,0,0,0,0,0,29733,109,690,0,3,37290240,0,268435456,0,0,0,-1,-1
57359,Il Rituale d'Evocazione,,36906,77106,0,-1,0,0,0,0,0,0,0,0,0,0,30361,109,703,0,3,36241408,524288,268447744,0,0,0,-1,-1
57375,Un Mucchio di Terra Pulsante,,36919,77107,0,-1,0,0,0,0,0,0,0,0,0,0,31030,109,703,0,3,40435968,524288,268447744,0,0,0,-1,-1
57379,La statua di giada infestata,,36923,77107,0,-1,0,0,0,0,0,0,0,0,0,0,31031,109,703,0,3,40435968,524288,268447744,0,0,0,-1,-1
57384,Curare una mostruosità,,36928,77120,0,-1,0,0,0,0,0,0,0,0,0,0,31062,109,703,0,3,36241408,524288,268447744,0,0,0,-1,-1
57404,L'Alveare Devastatore,,36948,77120,0,-1,0,0,0,0,0,0,0,0,0,0,31063,109,703,0,3,36241408,524288,268447744,0,0,0,-1,-1
57429,La Pira dell'Amalgama Supremo,,36973,77106,0,-1,0,0,0,0,0,0,0,0,0,0,30991,109,703,0,3,36241408,524288,268447744,0,0,0,-1,-1
57443,Lavoro sporco: demolizione al dettaglio,,36987,0,0,-1,1,0,0,0,0,0,0,0,0,0,31374,109,837,0,3,36241664,8192,268435456,57559,62706,0,-1,-1
57445,Il Carretto degli Spaghetti di Chin,,36989,77120,0,-1,0,0,0,0,0,0,0,0,0,0,31064,109,703,0,3,36241408,524288,268447744,0,0,0,-1,-1
57449,Esecutore di N'zoth,,36993,77106,0,-1,0,0,0,0,0,0,0,0,0,0,30992,109,703,0,3,36241408,524288,268447744,0,0,0,-1,-1
57453,Invocatore dello Sciame,,36996,77120,0,-1,0,0,0,0,0,0,0,0,0,0,31065,109,703,0,3,36241408,524288,268447744,0,0,0,-1,-1
57456,Bevispiriti,,36999,77106,0,-1,0,0,0,0,0,0,0,0,0,0,30993,109,703,0,3,36241408,524288,268447744,0,0,0,-1,-1
57465,Lavoro sporco: raccolta di legna,,37008,0,0,-1,1,0,0,0,0,0,0,0,0,0,31375,109,837,0,3,36241664,8192,268435456,57559,62706,0,-1,-1
57476,Terre di Nutrimento dei Vil'thik,,37017,77120,0,-1,0,0,0,0,0,0,0,0,0,0,31066,109,703,0,3,36241408,524288,268447744,0,0,0,-1,-1
57484,Il Rituale del Risveglio,,37024,77120,0,-1,0,0,0,0,0,0,0,0,0,0,31067,109,703,0,3,36241408,524288,268447744,0,0,0,-1,-1
57508,Stendardo da Guerra degli Zara'thik,,37041,77120,0,-1,0,0,0,0,0,0,0,0,0,0,31068,109,703,0,3,36241408,524288,268447744,0,0,0,-1,-1
57510,Signore Oscuro Taraxis,,37043,0,0,-1,0,0,0,0,0,0,0,0,0,0,0,0,742,0,3,34148672,0,268439552,0,0,0,-1,-1
57517,Invocatore dello Sciame,,37050,77120,0,-1,0,0,0,0,0,0,0,0,0,0,31069,109,703,0,3,36241408,524288,268447744,0,0,0,-1,-1
57519,Invocatore dello Sciame,,37053,77120,0,-1,0,0,0,0,0,0,0,0,0,0,31070,109,703,0,3,36241408,524288,268447744,0,0,0,-1,-1
57521,Carro da Guerra Potenziato,,37055,77120,0,-1,0,0,0,0,0,0,0,0,0,0,31071,109,703,0,3,36241408,524288,268447744,0,0,0,-1,-1
57522,La Chiamata del Vuoto,,37056,77106,0,-1,0,0,0,0,0,0,0,0,0,0,30994,109,703,0,3,40435712,532480,268447744,0,0,0,-1,-1
57540,L'incubatore dei Kunchong,,37074,77120,0,-1,0,0,0,0,0,0,0,0,0,0,31072,109,703,0,3,36241408,524288,268447744,0,0,0,-1,-1
57541,La Chiamata del Vuoto,,37075,77106,0,-1,0,0,0,0,0,0,0,0,0,0,30995,109,703,0,3,40435712,532480,268447744,0,0,0,-1,-1
57542,Invocatore dello Sciame,,37076,77120,0,-1,0,0,0,0,0,0,0,0,0,0,31073,109,703,0,3,36241408,524288,268447744,0,0,0,-1,-1
57543,Esecutore di N'zoth,,37077,77106,0,-1,0,0,0,0,0,0,0,0,0,0,30996,109,703,0,3,36241408,524288,268447744,0,0,0,-1,-1
57556,La Fauce: tesori settimanali,,37090,5703,0,-1,0,0,0,0,0,0,0,0,0,0,0,109,742,0,3,33024,0,268435456,0,0,0,-1,-1
57558,Il vivaio dei Vil'thik,,37091,77120,0,-1,0,0,0,0,0,0,0,0,0,0,31074,109,703,0,3,36241408,524288,268447744,0,0,0,-1,-1
57580,Esecutore di N'zoth,,37113,77106,0,-1,0,0,0,0,0,0,0,0,0,0,30997,109,703,0,3,36241408,524288,268447744,0,0,0,-1,-1
57582,Esecutore di N'zoth,,37114,77106,0,-1,0,0,0,0,0,0,0,0,0,0,30998,109,703,0,3,36241408,524288,268447744,0,0,0,-1,-1
57585,La Chiamata del Vuoto,,37117,77106,0,-1,0,0,0,0,0,0,0,0,0,0,30999,109,703,0,3,40435712,532480,268447744,0,0,0,-1,-1
57586,Bevispiriti,,37118,77106,0,-1,0,0,0,0,0,0,0,0,0,0,31000,109,703,0,3,36241408,524288,268447744,0,0,0,-1,-1
57587,Bevispiriti,,37119,77106,0,-1,0,0,0,0,0,0,0,0,0,0,31001,109,703,0,3,36241408,524288,268447744,0,0,0,-1,-1
57588,Bevispiriti,,37120,77106,0,-1,0,0,0,0,0,0,0,0,0,0,31002,109,703,0,3,36241408,524288,268447744,0,0,0,-1,-1
57589,Bevispiriti,,37121,77106,0,-1,0,0,0,0,0,0,0,0,0,0,31003,109,703,0,3,36241408,524288,268447744,0,0,0,-1,-1
57590,Bevispiriti,,37122,77106,0,-1,0,0,0,0,0,0,0,0,0,0,31004,109,703,0,3,36241408,524288,268447744,0,0,0,-1,-1
57591,Bevispiriti,,37123,77106,0,-1,0,0,0,0,0,0,0,0,0,0,31005,109,703,0,3,36241408,524288,268447744,0,0,0,-1,-1
57592,Esecutore di N'zoth,,37124,77106,0,-1,0,0,0,0,0,0,0,0,0,0,31006,109,703,0,3,36241408,524288,268447744,0,0,0,-1,-1
57620,Il Rituale d'Evocazione,,37150,77106,0,-1,0,0,0,0,0,0,0,0,0,0,30379,109,703,0,3,36241408,524288,268447744,0,0,0,-1,-1
57621,Il Rituale d'Evocazione,,37151,77106,0,-1,0,0,0,0,0,0,0,0,0,0,30380,109,703,0,3,36241408,524288,268447744,0,0,0,-1,-1
57650,Meglio morti che male accompagnati,,37184,88288,0,-1,0,0,0,0,0,0,0,0,0,0,30516,109,837,0,3,40435968,8192,268435456,0,0,0,-1,-1
57718,Pietrificazione totale,,37253,75058,0,-1,0,0,0,0,0,0,0,0,0,0,31187,0,703,0,2,35651720,32768,268435968,0,0,0,-1,-1
57720,I campioni dei Mogu,,37255,75059,0,-1,0,0,0,0,0,0,0,0,0,0,31188,0,703,0,2,35651720,32768,268435968,0,0,0,-1,-1
57721,Spoglie di guerra,,37256,75060,0,-1,0,0,0,0,0,0,0,0,0,0,31190,0,703,0,2,35651720,32768,268435968,0,0,0,-1,-1
57728,Assalto: Lo sciame infinito,Torna da Taoshi al Santuario del Silenzio.,37261,75565,0,-1,0,0,0,0,0,0,0,0,0,0,30231,268,703,0,3,34078976,524288,268435458,0,0,0,-1,-1
57737,Il salvataggio,,37268,74880,0,-1,0,0,0,0,0,0,0,0,0,0,31205,0,703,0,2,35651720,32768,268435968,0,0,0,-1,-1
57773,Squarci marci,,37302,74878,0,-1,0,0,0,0,0,0,0,0,0,0,31203,0,703,0,2,35651720,32768,268435968,0,0,0,-1,-1
57774,Sette vite,,37303,74879,0,-1,0,0,0,0,0,0,0,0,0,0,31204,0,703,0,2,35651720,32768,268435968,0,0,0,-1,-1
57917,[DNT] Test - JAM,,37441,0,0,-1,0,0,0,0,0,0,0,0,0,0,0,0,798,0,2,37748744,0,268436002,0,0,0,-1,-1
57968,Nomadi profanati e bruciati,,37489,76116,0,-1,0,0,0,0,0,0,0,0,0,0,31211,0,703,0,2,35651720,32768,268435968,57956,0,0,-1,-1
58010,"Più pezzi, più pezzi!",,37529,76110,0,-1,0,0,0,0,0,0,0,0,0,0,31205,0,703,0,2,39846024,32768,268435968,56576,0,0,-1,-1
58084,Le trappole dell'anima,,37593,73555,0,-1,0,0,0,0,0,0,0,0,0,0,31377,109,837,0,3,40435968,8192,268435456,0,0,0,-1,-1
58123,Fai Quest [internal only],,37630,0,0,-1,0,0,0,0,0,0,0,0,0,0,0,109,798,0,3,34144256,131072,268435456,0,0,0,-1,-1
58144,Livido e malconcio,,37648,73555,0,-1,0,0,0,0,0,0,0,0,0,0,31378,109,837,0,3,36241664,0,268435456,0,0,0,-1,-1
58146,Per l'Alleanza,,37650,0,0,-1,0,0,0,0,0,0,0,0,0,0,0,0,863,0,2,39845896,8192,268435976,0,0,0,16384,0
58147,Stranieri in terra straniera,,37651,0,0,-1,0,0,0,0,0,0,0,0,0,0,0,0,863,0,2,37748744,8192,268435976,58146,0,0,16384,0
58151,I Servitori di N'zoth,,37654,74480,0,-1,0,0,0,0,0,0,0,0,0,0,0,0,703,0,2,33558536,32768,268435968,0,0,0,-1,-1
58155,Una mano nel buio,,37658,74481,0,-1,0,0,0,0,0,0,0,0,0,0,0,0,703,0,2,34607112,32768,268435968,0,0,0,-1,-1
58156,Sconfiggere l'oscurità,,37659,74482,0,-1,0,0,0,0,0,0,0,0,0,0,0,0,703,0,2,34607112,32768,268435968,0,0,0,-1,-1
58167,Misure preventive,,37670,74483,0,-1,0,0,0,0,0,0,0,0,0,0,0,0,703,0,2,33558536,32768,268435968,0,0,0,-1,-1
58168,Una realtà oscura,,37671,74484,0,-1,0,0,0,0,0,0,0,0,0,173810,0,0,703,0,2,33558536,32768,268435968,0,0,0,-1,-1
58207,Dare di matto,,37710,74689,0,-1,0,0,0,0,0,0,0,0,0,0,30102,109,2060,0,3,40435968,8192,268435456,0,0,0,-1,-1
58216,Fauci Divoranti,,37719,77106,0,-1,0,0,0,0,0,0,0,0,0,0,30988,109,703,0,3,36241408,524288,268447744,0,0,0,-1,-1
58221,Pareggiare i conti,,37724,74689,0,-1,0,0,0,0,0,0,0,0,0,0,30105,109,2060,0,3,40435968,8192,268435456,0,0,0,-1,-1
58229,Su col morale!,,37732,74881,0,-1,0,0,0,0,0,0,0,0,0,0,31206,0,703,0,2,35651720,32768,268435968,0,0,0,-1,-1
58230,Accecare gli osservatori,,37733,74882,0,-1,0,0,0,0,0,0,0,0,0,0,31207,0,703,0,2,35651720,32768,268435968,0,0,0,-1,-1
58231,Dalla follia alla conoscenza,,37734,74883,0,-1,0,0,0,0,0,0,0,0,0,0,31208,0,703,0,2,35651720,32768,268435968,0,0,0,-1,-1
58232,Dal caos all'ordine,,37735,74884,0,-1,0,0,0,0,0,0,0,0,0,0,31209,1,703,0,2,35651720,32768,268435968,0,0,0,-1,-1
58233,Una pestilenza in carne e corruzione,,37736,74885,0,-1,0,0,0,0,0,0,0,0,0,0,31210,0,703,0,2,35651720,32768,268435968,0,0,0,-1,-1
58234,Un tonico alternativo,,37737,74886,0,-1,0,0,0,0,0,0,0,0,0,0,31211,0,703,0,2,35651720,32768,268435968,0,0,0,-1,-1
58235,Ancore dell'Impero Nero,,37738,74887,0,-1,0,0,0,0,0,0,0,0,0,0,31212,0,703,0,2,35651720,32768,268435968,0,0,0,-1,-1
58236,Distruzione simbolica,,37739,74888,0,-1,0,0,0,0,0,0,0,0,0,0,31213,0,703,0,2,35651720,32768,268435968,0,0,0,-1,-1
58237,Ripulire Uldum,,37740,74889,0,-1,0,0,0,0,0,0,0,0,0,0,31214,0,703,0,2,35651720,32768,268435968,0,0,0,-1,-1
58238,Perduti e tormentati,,37741,74890,0,-1,0,0,0,0,0,0,0,0,0,0,31215,0,703,0,2,35651720,32768,268435968,0,0,0,-1,-1
58239,Lezioni di brigantaggio,,37742,74891,0,-1,0,0,0,0,0,0,0,0,0,0,31216,0,703,0,2,35651720,32768,268435968,0,0,0,-1,-1
58256,Fauci Divoranti,,37748,77106,0,-1,0,0,0,0,0,0,0,0,0,0,30987,109,703,0,3,36241408,524288,268447744,0,0,0,-1,-1
58257,Fauci Divoranti,,37749,77106,0,-1,0,0,0,0,0,0,0,0,0,0,30986,109,703,0,3,36241408,524288,268447744,0,0,0,-1,-1
58258,Fauci Divoranti,,37750,77106,0,-1,0,0,0,0,0,0,0,0,0,0,30985,109,703,0,3,36241408,524288,268447744,0,0,0,-1,-1
58268,Posizioni avvantaggiate,,37760,80768,0,-1,0,0,0,0,0,0,0,0,0,0,0,0,1334,0,2,37748744,8192,268435968,57912,0,0,-1,-1
58271,Rituale della Fiamma del Vuoto,,37763,77106,0,-1,0,0,0,0,0,0,0,0,0,0,30989,109,703,0,3,36241408,524288,268447744,0,0,0,-1,-1
58275,Evocazioni mostruose,,37767,77106,0,-1,0,0,0,0,0,0,0,0,0,0,30990,109,703,0,3,36241408,524288,268447744,0,0,0,-1,-1
58276,Mar'at in Fiamme,,37768,77106,0,-1,0,0,0,0,0,0,0,0,0,0,30984,109,703,0,3,36241408,524288,268447744,0,0,0,-1,-1
58277,Ingannatori oscuri,,37769,74892,0,-1,0,0,0,0,0,0,0,0,0,0,31217,0,703,0,2,35651720,32768,268435968,0,0,0,-1,-1
58281,Armature antiche,,37773,74709,0,-1,0,0,0,0,0,0,0,0,0,0,31203,0,703,0,2,35651720,32768,268435968,0,0,0,-1,-1
58282,Una pioggia di frecce,,37774,74710,0,-1,0,0,0,0,0,0,0,0,0,0,31204,0,703,0,2,35651720,32768,268435968,0,0,0,-1,-1
58283,Ciechi che guidano ciechi,,37775,74711,0,-1,0,0,0,0,0,0,0,0,0,0,31205,0,703,0,2,35651720,32768,268435968,0,0,0,-1,-1
58284,I Decreti del Re del Sole,,37776,74712,0,-1,0,0,0,0,0,0,0,0,0,0,31206,0,703,0,2,35651720,32768,268435968,0,0,0,-1,-1
58285,Alla ricerca dei manufatti perduti,,37777,74714,0,-1,0,0,0,0,0,0,0,0,0,0,31207,0,703,0,2,2097288,32768,268435968,0,0,0,-1,-1
58286,Lontani da casa,,37778,74715,0,-1,0,0,0,0,0,0,0,0,0,0,31208,0,703,0,2,35651720,32768,268435968,0,0,0,-1,-1
58287,Un piano distruttivo,,37779,74717,0,-1,0,0,0,0,0,0,0,0,0,0,31209,0,703,0,2,35651720,32768,268435968,0,0,0,-1,-1
58288,I prescelti del Re del Sole,,37780,74718,0,-1,0,0,0,0,0,0,0,0,0,0,31210,0,703,0,2,35651720,32768,268435968,0,0,0,-1,-1
58289,Segreti ben custoditi,,37781,74719,0,-1,0,0,0,0,0,0,0,0,0,0,31211,0,703,0,2,35651720,32768,268435968,0,0,0,-1,-1
58290,I campioni degli Amathet,,37782,74720,0,-1,0,0,0,0,0,0,0,0,0,0,31212,1,703,0,2,35651720,32768,268435968,0,0,0,-1,-1
58291,Cacciatori cacciati via,,37783,74721,0,-1,0,0,0,0,0,0,0,0,0,0,31213,0,703,0,2,35651720,32768,268435968,0,0,0,-1,-1
58321,Un nucleo pregiato,,37813,74722,0,-1,0,0,0,0,0,0,0,0,0,0,31214,1,703,0,2,35651720,32768,268435968,0,0,0,-1,-1
58334,Calanebbia in fiamme,,34706,77112,0,-1,0,0,0,0,0,0,0,0,0,0,31007,109,703,0,3,36241408,524288,268447744,0,0,0,-1,-1
58367,Demolitore Potenziato,,37828,77112,0,-1,0,0,0,0,0,0,0,0,0,0,31008,109,703,0,3,36241408,524288,268447744,0,0,0,-1,-1
58370,Demolitore Potenziato,,37835,77112,0,-1,0,0,0,0,0,0,0,0,0,0,31009,109,703,0,3,36241408,524288,268447744,0,0,0,-1,-1
58420,Una seccatura disgustosa,,37905,74898,0,-1,0,0,0,0,0,0,0,0,0,0,31191,0,703,0,2,35651720,32768,268435968,56935,0,0,-1,-1
58422,Il marchio dei conquistatori,,37907,74902,0,-1,0,0,0,0,0,0,0,0,0,0,31195,0,703,0,2,35651720,32768,268435968,56935,0,0,-1,-1
58423,I più forti tra loro,,37908,74894,0,-1,0,0,0,0,0,0,0,0,0,0,31187,0,703,0,2,35651720,32768,268435968,56935,0,0,-1,-1
58432,"Qualcosa di antico, qualcosa di usato",,37917,83780,0,-1,131073,0,0,0,0,0,0,0,0,178554,0,0,2060,0,2,39878664,8192,268435968,60041,61516,0,-1,-1
58437,Parti di un insieme,,37922,89132,0,-1,0,0,0,0,0,0,0,0,0,174110,30181,109,837,0,3,40435968,8192,268435968,0,0,0,-1,-1
58438,Fauci Divoranti,,37923,77107,0,-1,0,0,0,0,0,0,0,0,0,0,30902,109,703,0,3,36241664,524288,268447744,0,0,0,-1,-1
58439,Fauci Divoranti,,37924,75565,0,-1,0,0,0,0,0,0,0,0,0,0,30903,109,703,0,3,36241664,524288,268447744,0,0,0,-1,-1
58442,Fauci Divoranti,,37927,77107,0,-1,0,0,0,0,0,0,0,0,0,0,30904,109,703,0,3,36241664,524288,268447744,0,0,0,-1,-1
58460,I fanti della follia,,37945,74896,0,-1,0,0,0,0,0,0,0,0,0,0,31189,1,703,0,2,35651720,32768,268435968,56935,0,0,-1,-1
58461,I tomi antichi della follia,,37946,74906,0,-1,0,0,0,0,0,0,0,0,0,0,31199,0,703,0,2,35651720,32768,268435968,56935,0,0,-1,-1
58462,Le finestre dell'anima,,37947,74901,0,-1,0,0,0,0,0,0,0,0,0,0,31194,0,703,0,2,35651720,32768,268435968,56935,0,0,-1,-1
58463,Creature della Follia,,37948,74900,0,-1,0,0,0,0,0,0,0,0,0,0,31193,0,703,0,2,35651720,32768,268435968,56935,0,0,-1,-1
58464,Decimazione dell'Alveare Profondo,,37949,74907,0,-1,0,0,0,0,0,0,0,0,0,0,31200,0,703,0,2,33554568,32768,268435968,56935,0,0,-1,-1
58465,Manifestazione di corruzione,,37950,74899,0,-1,0,0,0,0,0,0,0,0,0,0,31192,0,703,0,2,35651720,32768,268435968,56935,0,0,-1,-1
58466,Tormento dall'aldilà,,37951,74903,0,-1,0,0,0,0,0,0,0,0,0,0,31196,0,703,0,2,35651720,32768,268435968,56935,0,0,-1,-1
58467,Prigionieri nel corpo e nella mente,,37952,74904,0,-1,0,0,0,0,0,0,0,0,0,0,31197,0,703,0,2,35651720,32768,268435968,56935,0,0,-1,-1
58468,Un'oscurità crescente,,37953,74908,0,-1,0,0,0,0,0,0,0,0,0,0,31201,0,703,0,2,33554568,32768,268435968,56935,0,0,-1,-1
58469,Una Vallata di lacrime,,37954,74909,0,-1,0,0,0,0,0,0,0,0,0,0,31202,0,703,0,2,33554568,32768,268435968,56935,0,0,-1,-1
58470,Stranezze corrotte,,37955,74895,0,-1,0,0,0,0,0,0,0,0,0,0,31188,0,703,0,2,35651720,32768,268435968,56935,0,0,-1,-1
58471,Note aggressive,,37956,74897,0,-1,0,0,0,0,0,0,0,0,0,174197,31190,0,703,0,2,35782792,32768,268435968,56935,0,0,-1,-1
58476,Minaccia alla Pagoda,,37960,75062,0,-1,0,0,0,0,0,0,0,0,0,0,31191,0,703,0,2,35651720,32768,268435968,0,0,0,-1,-1
58477,"Sangue, polvere e ossa",,37961,75061,0,-1,0,0,0,0,0,0,0,0,0,0,31193,0,703,0,2,35651720,32768,268435968,0,0,0,-1,-1
58478,Frantumali tutti,,37962,75063,0,-1,0,0,0,0,0,0,0,0,0,0,31192,0,703,0,2,35651720,32768,268435968,0,0,0,-1,-1
58479,Schianti di fulmini,,37963,75875,0,-1,0,0,0,0,0,0,0,0,0,0,31195,0,703,0,2,35651720,32768,268435968,0,0,0,-1,-1
58481,Rituali del sangue,,37965,75876,0,-1,0,0,0,0,0,0,0,0,0,0,31196,0,703,0,2,35651720,32768,268435968,0,0,0,-1,-1
58485,Dalle statue alle stalle,,37968,75877,0,-1,0,0,0,0,0,0,0,0,0,0,31197,0,703,0,2,35651720,32768,268435968,0,0,0,-1,-1
58487,Saccheggiare i saccheggiatori,,37970,75874,0,-1,0,0,0,0,0,0,0,0,0,0,31189,0,703,0,2,35651720,32768,268435968,0,0,0,-1,-1
58490,Promemoria letale,,37973,88288,0,-1,0,0,0,0,0,0,0,0,0,0,30515,109,837,0,3,40435968,8192,268435456,0,0,0,-1,-1
58505,Disfatta pianificata,,37987,88288,0,-1,0,0,0,0,0,0,0,0,0,0,30524,109,837,0,3,40435968,8192,268435456,0,0,0,-1,-1
58595,Pilastri dell'Oblio,,38075,74905,0,-1,0,0,0,0,0,0,0,0,0,0,31198,0,703,0,2,35651720,32768,268435968,56935,0,0,-1,-1
58601,Tela d'informazioni,,38079,74689,0,-1,0,0,0,0,0,0,0,0,0,0,31379,109,2060,0,3,40435968,8192,268435456,0,0,0,-1,-1
58605,Serata per dilettanti,,38083,74689,0,-1,0,0,0,0,0,0,0,0,0,0,30574,111,837,0,3,41484544,8192,268435456,0,0,0,-1,-1
58609,Il Seggio,,38087,70104,0,-1,2,0,0,0,0,0,0,0,0,0,0,0,2060,0,2,39845888,8196,268435976,57878,62000,0,-1,-1
58660,Terrori Sotterranei,,38138,77118,0,-1,0,0,0,0,0,0,0,0,0,0,31048,109,703,0,3,36241408,524288,268447744,0,0,0,-1,-1
58661,Terrori Sotterranei,,38139,77118,0,-1,0,0,0,0,0,0,0,0,0,0,31049,109,703,0,3,36241408,524288,268447744,0,0,0,-1,-1
58662,Terrori Sotterranei,,38140,77118,0,-1,0,0,0,0,0,0,0,0,0,0,31050,109,703,0,3,36241408,524288,268447744,0,0,0,-1,-1
58667,Estrazione di Ossidiana,,38145,77118,0,-1,0,0,0,0,0,0,0,0,0,0,31051,109,703,0,3,36241408,524288,268447744,0,0,0,-1,-1
58676,Distruttore Dormiente,,38154,77118,0,-1,0,0,0,0,0,0,0,0,0,0,31052,109,703,0,3,36241408,524288,268447744,0,0,0,-1,-1
58679,Distruttore Dormiente,,38157,77118,0,-1,0,0,0,0,0,0,0,0,0,0,31053,109,703,0,3,36241408,524288,268447744,0,0,0,-1,-1
58705,La Grande Imperatrice Shek'zara,,38183,75790,0,-1,0,0,0,0,0,0,0,0,0,0,30186,112,703,0,3,37290304,0,268435456,56935,0,0,-1,-1
58740,Serpi soggiogate,,38215,75873,0,-1,0,0,0,0,0,0,0,0,0,0,31194,1,703,0,2,35651720,32768,268435968,0,0,0,-1,-1
58741,Un'arma vale l'altra,,38216,75878,0,-1,0,0,0,0,0,0,0,0,0,0,31198,0,703,0,2,35651720,32768,268435968,0,0,0,-1,-1
58742,Retinus il Cercatore,,38217,76415,0,-1,0,0,0,0,0,0,0,0,0,0,30776,115,464,0,3,3735808,0,268435456,0,0,0,-1,-1
58743,Duna su duna,,38218,76415,0,-1,0,0,0,0,0,0,0,0,0,0,30777,115,464,0,3,3735808,0,268435456,0,0,0,-1,-1
58744,A me non possono sussurrare,,38219,76415,0,-1,0,0,0,0,0,0,0,0,0,0,30778,115,464,0,3,3735808,0,268435456,0,0,0,-1,-1
58745,Passo falso,,38220,76415,0,-1,0,0,0,0,0,0,0,0,0,0,30779,115,464,0,3,3735808,0,268435456,0,0,0,-1,-1
58746,Una follia piccina picciò,,38221,76416,0,-1,0,0,0,0,0,0,0,0,0,0,30780,115,464,0,3,3735808,0,268435456,0,0,0,-1,-1
58747,Solletico mentale,,38222,76416,0,-1,0,0,0,0,0,0,0,0,0,0,30781,115,464,0,3,3735808,0,268435456,0,0,0,-1,-1
58748,Le statue viventi sono toste,,38223,76416,0,-1,0,0,0,0,0,0,0,0,0,0,30782,115,464,0,3,3735808,0,268435456,0,0,0,-1,-1
58749,Il volo dei Vil'thik,,38224,76416,0,-1,0,0,0,0,0,0,0,0,0,0,30783,115,464,0,3,3735808,0,268435456,0,0,0,-1,-1
58753,Tracciamento missione: Caduta leggera,,38228,0,0,-1,0,0,0,0,0,0,0,0,0,0,0,0,2060,0,3,33588232,0,0,0,0,0,-1,-1
58754,Campioni dello sciame,,38229,76029,0,-1,0,0,0,0,0,0,0,0,0,0,31187,0,703,0,2,35651720,32768,268435968,0,0,0,-1,-1
58755,Rifornimenti ritrovati,,38230,76030,0,-1,0,0,0,0,0,0,0,0,0,0,31188,0,703,0,2,35651720,32768,268435968,0,0,0,-1,-1
58756,Guaritori del terrore,,38231,76033,0,-1,0,0,0,0,0,0,0,0,0,0,31191,0,703,0,2,35651720,32768,268435968,0,0,0,-1,-1
58757,Prove di prole,,38232,76034,0,-1,0,0,0,0,0,0,0,0,0,0,31192,0,703,0,2,35651720,32768,268435968,0,0,0,-1,-1
58758,Distruggere i Distruttori,,38233,76035,0,-1,0,0,0,0,0,0,0,0,0,0,31193,1,703,0,2,35651720,32768,268435968,0,0,0,-1,-1
58759,Le guardie dell'Imperatrice,,38234,76036,0,-1,0,0,0,0,0,0,0,0,0,0,31194,1,703,0,2,35651720,32768,268435968,0,0,0,-1,-1
58760,Le Lame d'Ambra,,38235,76031,0,-1,0,0,0,0,0,0,0,0,0,0,31189,0,703,0,2,35651720,32768,268435968,0,0,0,-1,-1
58761,"Ops, pardon...",,38236,76037,0,-1,0,0,0,0,0,0,0,0,0,0,31195,0,703,0,2,35651720,32768,268435968,0,0,0,-1,-1
58762,Prigionieri dello sciame,,38237,76038,0,-1,0,0,0,0,0,0,0,0,0,0,31196,0,703,0,2,35651720,32768,268435968,0,0,0,-1,-1
58763,Produzione interrotta,,38238,76039,0,-1,0,0,0,0,0,0,0,0,0,0,31197,0,703,0,2,35651720,32768,268435968,0,0,0,-1,-1
58764,Gli stendardi dello sciame,,38239,76040,0,-1,0,0,0,0,0,0,0,0,0,0,31198,0,703,0,2,34603144,32768,268435968,0,0,0,-1,-1
58765,Carri da guerra da sabotare,,38240,76032,0,-1,0,0,0,0,0,0,0,0,0,0,31190,0,703,0,2,35651720,32768,268435968,0,0,0,-1,-1
58776,Rompere le uova nel paniere,,38250,76115,0,-1,0,0,0,0,0,0,0,0,0,0,31210,0,703,0,2,35651720,32768,268435968,0,0,0,-1,-1
58777,Ne ho le suole piene,,38251,76111,0,-1,0,0,0,0,0,0,0,0,0,0,31206,0,703,0,2,35651720,32768,268435968,0,0,0,-1,-1
58778,Portatemi la sua testa,,38252,76117,0,-1,0,0,0,0,0,0,0,0,0,0,31212,1,703,0,2,35651720,32768,268435968,0,0,0,-1,-1
58779,Tiro agli Aqir,,38253,76118,0,-1,0,0,0,0,0,0,0,0,0,0,31213,0,703,0,2,35651720,32768,268435968,0,0,0,-1,-1
58780,Araldi dell'alveare,,38254,76119,0,-1,0,0,0,0,0,0,0,0,0,0,31214,1,703,0,2,35651720,32768,268435968,0,0,0,-1,-1
58781,Sepolti ma non dimenticati,,38255,76108,0,-1,0,0,0,0,0,0,0,0,0,0,31203,0,703,0,2,35651720,32768,268435968,0,0,0,-1,-1
58782,Rifornimenti riforniti,,38256,76109,0,-1,0,0,0,0,0,0,0,0,0,0,31204,0,703,0,2,35651720,32768,268435968,0,0,0,-1,-1
58881,Missione di Tracciamento,,38353,0,0,-1,0,0,0,0,0,0,0,0,0,0,0,265,703,0,3,34144320,0,0,0,0,0,-1,-1
58900,Una scommessa sicura,,38369,0,0,-1,0,0,0,0,0,0,0,0,0,0,0,0,1335,0,2,39845896,8192,268435968,59837,0,0,-1,-1
58918,Huwerath,,38387,73557,0,-1,0,0,0,0,0,0,0,0,0,0,32643,0,742,0,3,40436160,0,268439552,0,0,0,-1,-1
58952,Fiamme Purificatrici,,38421,77118,0,-1,0,0,0,0,0,0,0,0,0,0,31054,109,703,0,3,36241408,524288,268447744,0,0,0,-1,-1
58961,Coloni Colti di Sorpresa,,38430,77118,0,-1,0,0,0,0,0,0,0,0,0,0,31055,109,703,0,3,36241408,524288,268447744,0,0,0,-1,-1
58974,Coloni Colti di Sorpresa,,38443,77118,0,-1,0,0,0,0,0,0,0,0,0,0,31056,109,703,0,3,36241408,524288,268447744,0,0,0,-1,-1
58975,Rimozione parassiti,,38444,0,0,-1,1,0,0,0,0,0,0,0,0,0,32072,109,2060,0,3,37290240,0,268435456,57559,62706,0,-1,-1
58981,L'Alveare Indurito,,38450,77118,0,-1,0,0,0,0,0,0,0,0,0,0,31057,109,703,0,3,36241408,524288,268447744,0,0,0,-1,-1
58985,Anima Terrorizzata,,38452,21439,0,-1,0,0,0,0,0,0,0,0,0,0,0,0,742,0,3,40440128,0,268435456,0,0,0,-1,-1
58990,L'Uovo di Titanus,,38457,77118,0,-1,0,0,0,0,0,0,0,0,0,0,31058,109,703,0,3,36241408,524288,268447744,0,0,0,-1,-1
58993,Le difese dello sciame,,38460,0,0,-1,1,0,0,0,0,0,0,0,0,0,32054,109,2060,0,3,37290240,0,268435456,57559,62706,0,-1,-1
58999,Anima Incatenata,,38465,21439,0,-1,0,0,0,0,0,0,0,0,0,0,0,0,742,0,3,40440128,0,268439552,0,0,0,-1,-1
59003,I Bozzoli Infiammabili,,38469,77118,0,-1,0,0,0,0,0,0,0,0,0,0,31059,109,703,0,3,36241408,524288,268447744,0,0,0,-1,-1
59007,Pozzo delle Anime,,38473,89148,0,-1,0,0,0,0,0,0,0,0,0,0,0,0,742,0,3,40440256,0,268435456,0,0,0,-1,-1
59015,Ricordi ostili,,38481,93206,0,-1,0,0,0,0,0,0,0,0,0,0,0,0,1319,0,3,34144256,0,268435456,58977,0,0,-1,-1
59067,Globo del Districamento,,38532,21439,0,-1,0,0,0,0,0,0,0,0,0,0,0,0,742,0,3,40440128,0,268435456,0,0,0,-1,-1
59183,Cordoglio alla Deriva,,38617,73557,0,-1,0,0,0,0,0,0,0,0,0,0,32646,0,742,0,3,40436160,0,268439552,0,0,0,-1,-1
59184,Borr-Geth,,38618,73557,0,-1,0,0,0,0,0,0,0,0,0,0,0,0,742,0,3,38342976,0,268439552,0,0,0,-1,-1
59211,Villaggio dimenticato,,38657,88458,0,-1,0,0,0,0,0,0,0,0,0,0,0,0,746,0,3,34144256,0,268435456,60313,0,0,-1,-1
59229,Il cercatore gigantesco,,38675,73557,0,-1,0,0,0,0,0,0,0,0,0,0,0,0,742,0,3,40440128,0,268439552,0,0,0,-1,-1
59230,"Dartanos, Scuoiatore d'Anime",,38676,73557,0,-1,0,0,0,0,0,0,0,0,0,0,32645,0,742,0,3,36241856,0,268439552,0,0,0,-1,-1
59234,Una miscela disastrosa,,38680,88288,0,-1,0,0,0,0,0,0,0,0,0,0,31106,109,837,0,3,40435968,8192,268435968,0,0,0,-1,-1
59259,Il Tormentatore Eterno,,38705,73557,0,-1,0,0,0,0,0,0,0,0,0,0,0,0,742,0,3,40440256,0,268439552,0,0,0,-1,-1
59441,Fabbro d'Anime Yol-Mattar,,38874,73557,0,-1,0,0,0,0,0,0,0,0,0,0,32639,0,742,0,3,40436160,0,268439552,0,0,0,-1,-1
59578,Modestia modesta,,39010,0,0,-1,1,0,0,0,0,0,0,0,0,0,31259,109,837,0,3,37290240,0,268435456,57559,62706,0,-1,-1
59581,La forza di Oblio del Peccato,,39012,73555,0,-1,0,0,0,0,0,0,0,0,0,0,31227,109,837,0,3,36241664,0,268435456,0,0,0,-1,-1
59585,Farò di te un aspirante,,39016,0,0,-1,1,0,0,0,0,0,0,0,0,0,31233,109,837,0,3,37290240,0,268435456,57559,62706,0,-1,-1
59598,Un bene per l'anima,,39029,127305,0,-1,0,0,0,0,0,0,0,0,0,0,0,0,837,0,2,37748736,4202496,268435976,0,0,0,-1,-1
59599,Conservare la corte,,39030,73555,0,-1,0,0,0,0,0,0,0,0,0,0,31236,109,837,0,3,36241664,8192,268435456,0,0,0,-1,-1
59600,Problemi Rovomarci,,39031,0,0,-1,1,0,0,0,0,0,0,0,0,0,31237,109,2060,0,3,36241664,0,268435456,57559,62706,0,-1,-1
59601,Assalto al Vestibolo,,39032,87182,0,-1,1,0,0,0,0,0,0,0,0,0,31261,109,837,0,3,3735808,0,268435456,57559,62706,0,-1,-1
59603,Prestare servizio alle Terretetre,,39034,87677,0,-1,0,0,0,0,0,0,0,0,0,0,0,0,837,0,2,38797312,4202496,268435976,63054,0,0,-1,-1
59609,Non c'è pace per i morti,,39037,70104,0,-1,0,0,0,0,0,0,0,0,0,0,0,0,837,0,2,39845888,4202496,268435976,62848,0,0,-1,-1
59617,Demoni di Pietra Sabotatori,,39044,88130,0,-1,0,0,0,0,0,0,0,0,0,0,31246,109,2060,0,3,36241664,8192,268435456,0,0,0,-1,-1
59642,Puntare i rifornimenti,,39068,88843,0,-1,0,0,0,0,0,0,0,0,0,0,29956,109,837,0,3,40435968,8192,268435968,0,0,0,-1,-1
59643,Corsa sui bastioni!,,39069,73555,0,-1,0,0,0,0,0,0,0,0,0,0,31262,109,837,0,3,40435968,8192,268435456,0,0,0,-1,-1
59658,Esprimere il dominio,,39661,71941,0,-1,1,0,0,0,0,0,0,0,0,0,31397,113,837,0,3,3735808,0,268435456,57559,62706,0,-1,-1
59680,Il vespro vizioso di Vesifone,,39122,87248,0,-1,1,0,0,0,0,0,0,0,0,0,31274,109,837,0,3,36241664,8192,268435456,57559,62706,0,-1,-1
59703,Bersagliare gli abomini,,39146,79434,0,-1,0,0,0,0,0,0,0,0,0,0,31294,109,837,0,3,36241664,0,268435456,0,0,0,-1,-1
59705,Cose da ricordare,,39148,0,0,-1,1,0,0,0,0,0,0,0,0,0,31301,109,837,0,3,37290240,0,268435456,57559,62706,0,-1,-1
59717,Cose da ricordare,,39160,0,0,-1,1,0,0,0,0,0,0,0,0,0,31325,109,837,0,3,37290240,0,268435456,57559,62706,0,-1,-1
59718,Un parasole in pericolo,,39161,73555,0,-1,0,0,0,0,0,0,0,0,0,0,31352,109,837,0,3,40435968,8192,268435456,0,0,0,-1,-1
59743,Il ragno sul muro,,39186,74689,0,-1,0,0,0,0,0,0,0,0,0,0,31373,109,2060,0,3,36241664,0,268435456,0,0,0,-1,-1
59771,La storia della corruzione,,39215,95859,0,-1,1,0,0,0,0,0,0,0,0,177836,31385,109,837,0,3,36241664,0,268435456,57559,62706,0,-1,-1
59772,Rovinare la ricerca,,39216,83700,0,-1,0,0,0,0,0,0,0,0,0,0,33141,0,1401,0,2,33554440,32768,268435968,0,0,0,-1,-1
59782,Devoti dei Necroratori,,39222,83703,0,-1,0,0,0,0,0,0,0,0,0,0,33139,0,1401,0,2,33554440,32768,268435968,0,0,0,-1,-1
59783,Rapitori cultisti,,39223,83703,0,-1,0,0,0,0,0,0,0,0,0,0,33140,0,1401,0,2,33554440,32768,268435968,0,0,0,-1,-1
59789,Tributi e tasse,,39225,83243,0,-1,0,0,0,0,0,0,0,0,0,0,31391,109,837,0,3,36372736,8192,268435456,0,0,0,-1,-1
59803,Per l'onore,,39237,71941,0,-1,1,0,0,0,0,0,0,0,0,0,31396,113,837,0,3,3735808,0,268435456,57559,62706,0,-1,-1
59804,Cancelli dell'orrore,,39238,0,0,-1,1,0,0,0,0,0,0,0,0,0,31392,109,837,0,3,36241664,0,268435456,57559,62706,0,-1,-1
59808,Poltiglia e fanghiglia,,39242,73555,0,-1,0,0,0,0,0,0,0,0,0,0,31393,109,837,0,3,36372736,0,268435456,0,0,0,-1,-1
59825,Caccia al seme,,39268,71941,0,-1,1,0,0,0,0,0,0,0,0,0,31398,113,837,0,3,3735808,0,268435456,57559,62706,0,-1,-1
59826,Scommettere su se stessi,,39261,0,0,-1,131073,0,0,0,0,0,0,0,0,0,31399,1,837,0,2,39845896,40960,268435968,57316,59843,0,-1,-1
59827,Scommettere su se stessi,,39262,0,0,-1,131073,0,0,0,0,0,0,0,0,0,31401,1,837,0,2,39845896,40960,268435968,57316,59843,0,-1,-1
59828,Scommettere su se stessi,,39263,0,0,-1,131073,0,0,0,0,0,0,0,0,0,31400,1,837,0,2,39845896,40960,268435968,57316,59843,0,-1,-1
59836,Battaglie vinte tempo addietro,,42431,74689,0,-1,0,0,0,0,0,0,0,0,0,0,32715,109,837,0,3,40435968,8192,268435456,0,0,0,-1,-1
59838,Macchine da Guerra del Flagello,,39274,83700,0,-1,0,0,0,0,0,0,0,0,0,182313,33487,0,1401,0,2,33554440,32768,268435968,0,0,0,-1,-1
59839,ATTENZIONE: è solo una prova!,,39275,87032,0,-1,0,0,0,0,0,0,0,0,0,0,33223,0,1401,0,2,33554440,32768,268435968,0,0,0,-1,-1
59843,Tracking Quest,,39278,0,0,-1,1,0,0,0,0,0,0,0,0,0,0,0,0,0,2,33588224,0,512,0,0,0,-1,-1
59847,Mantenere i bastioni,,39280,83700,0,-1,0,0,0,0,0,0,0,0,0,0,33494,0,1401,0,2,33554440,32768,268435968,0,0,0,-1,-1
59848,Storie di tè: Teotar,,39281,78835,0,-1,0,0,0,0,0,0,0,0,0,0,34807,109,837,0,3,36241664,0,268435456,0,0,0,-1,-1
59850,Storie di tè: Vulca,,39282,78836,0,-1,0,0,0,0,0,0,0,0,0,0,34807,109,837,0,3,36241664,0,268435456,0,0,0,-1,-1
59851,Congelamento solido,,39283,83700,0,-1,0,0,0,0,0,0,0,0,0,182199,33413,0,1401,0,2,33554440,32768,268435968,0,0,0,-1,-1
59852,Storie di tè: Gubbins e Tubbins,,39284,78837,0,-1,0,0,0,0,0,0,0,0,0,0,34807,109,837,0,3,36241664,0,268435456,0,0,0,-1,-1
59853,Storie di tè: Sibilla Perduta,,39285,78838,0,-1,0,0,0,0,0,0,0,0,0,0,34808,109,837,0,3,36241664,0,268435456,0,0,0,-1,-1
59855,Disturbi speculari,,39287,79970,0,-1,0,0,0,0,0,0,0,0,0,0,33667,109,837,0,3,40435968,0,268435456,0,0,0,-1,-1
59863,Nullificatore di Combattimento 07-X,,39297,87032,0,-1,0,0,0,0,0,0,0,0,0,0,33447,0,1401,0,2,36700168,32768,268435968,0,0,0,-1,-1
59867,RICERCATO: Valutatore Vix,,39300,79462,0,-1,0,0,0,0,0,0,0,0,0,0,0,1,837,0,2,39845888,8192,268435968,0,0,0,-1,-1
59878,Troppi draghetti,,39312,83703,0,-1,1,0,0,0,0,0,0,0,0,0,33200,0,1401,0,2,33554440,32768,268435968,0,0,0,-1,-1
59902,Uno strano forziere,,39335,73555,0,-1,0,0,0,0,0,0,0,0,0,0,31481,109,837,0,3,40435968,8192,268435456,0,0,0,-1,-1
59904,Uno strano forziere,,39337,73555,0,-1,0,0,0,0,0,0,0,0,0,0,31482,109,837,0,3,40435968,8192,268435456,0,0,0,-1,-1
59905,Uno strano forziere,,39338,73555,0,-1,0,0,0,0,0,0,0,0,0,0,31483,109,837,0,3,40435968,8192,268435456,0,0,0,-1,-1
60010,Tremacolo: anime liberate,,39436,21439,0,-1,0,0,0,0,0,0,0,0,0,0,5740,109,742,0,3,34144512,0,268435456,0,0,0,-1,-1
60011,Calcis: decifrazione,,39437,73557,0,-1,0,0,0,0,0,0,0,0,0,0,3785,136,742,0,3,34144256,0,268435456,0,0,0,-1,-1
60012,Calderone di Zovaal: inondazione di Stigia,,39438,21439,0,-1,0,0,0,0,0,0,0,0,0,0,5740,136,742,0,3,34144256,0,268435456,0,0,0,-1,-1
60110,Mai avuta un'amica così,,39514,70104,0,-1,1,0,0,0,0,0,0,0,0,0,0,0,837,0,2,39845888,8192,268435968,60049,57648,0,-1,-1
60111,Forgiare un'amicizia,,39515,70104,0,-1,0,0,0,0,0,0,0,0,0,0,0,0,837,0,2,39845888,8192,268435968,62406,0,0,-1,-1
60231,Stato di decadimento,,41840,71941,0,-1,1,0,0,0,0,0,0,0,0,0,31600,113,837,0,3,3735808,0,268435456,57559,62706,0,-1,-1
60236,RSVP: Custode delle Cripte Kassir,,0,90001,0,-1,0,0,0,0,0,0,0,0,0,0,0,0,2060,0,2,2097152,32768,268435968,61704,0,0,-1,-1
60291,La corsa al corpo,,39670,88018,0,-1,0,0,0,0,0,0,0,0,0,178599,0,0,2060,0,2,39878664,8192,268435968,57597,0,0,-1,-1
60337,Soldato della crisalide,,39709,0,0,-1,1,0,0,0,0,0,0,0,0,0,31710,109,837,0,3,37290240,0,268435456,57559,62706,0,-1,-1
60358,Arraffare l'aureonite,,39728,84987,0,-1,1,0,0,0,0,0,0,0,0,0,31718,271,2060,0,2,101187840,0,268435456,0,0,0,-1,-1
60363,Arraffare l'aureonite,,39728,84988,0,-1,1,0,0,0,0,0,0,0,0,0,31718,271,2060,0,2,101187840,0,268435456,0,0,0,-1,-1
60364,Arraffare l'aureonite,,39728,84990,0,-1,1,0,0,0,0,0,0,0,0,0,31718,271,2060,0,2,101187840,0,268435456,0,0,0,-1,-1
60365,Arraffare l'aureonite,,39728,84989,0,-1,1,0,0,0,0,0,0,0,0,0,31718,271,2060,0,2,101187840,0,268435456,0,0,0,-1,-1
60369,Imboscare del legnobosco,,39736,84990,0,-1,1,0,0,0,0,0,0,0,0,0,31814,271,2060,0,2,101187840,0,268435456,0,0,0,-1,-1
60370,Imboscare del legnobosco,,39736,84989,0,-1,1,0,0,0,0,0,0,0,0,0,31814,271,2060,0,2,101187840,0,268435456,0,0,0,-1,-1
60371,Imboscare del legnobosco,,39736,84988,0,-1,1,0,0,0,0,0,0,0,0,0,31814,271,2060,0,2,101187840,0,268435456,0,0,0,-1,-1
60372,Imboscare del legnobosco,,39736,84987,0,-1,1,0,0,0,0,0,0,0,0,0,31814,271,2060,0,2,101187840,0,268435456,0,0,0,-1,-1
60373,I Viticci del Dolore,,39737,84990,0,-1,1,0,0,0,0,0,0,0,0,0,31813,271,2060,0,2,101187840,0,268435456,0,0,0,-1,-1
60374,Metalosso a più non posso,,39738,84990,0,-1,1,0,0,0,0,0,0,0,0,0,31812,271,2060,0,2,101187840,0,268435456,0,0,0,-1,-1
60375,Metalosso a più non posso,,39738,84989,0,-1,1,0,0,0,0,0,0,0,0,0,31812,271,2060,0,2,101187840,0,268435456,0,0,0,-1,-1
60376,Metalosso a più non posso,,39738,84988,0,-1,1,0,0,0,0,0,0,0,0,0,31812,271,2060,0,2,101187840,0,268435456,0,0,0,-1,-1
60377,Metalosso a più non posso,,39738,84987,0,-1,1,0,0,0,0,0,0,0,0,0,31812,271,2060,0,2,101187840,0,268435456,0,0,0,-1,-1
60378,I Viticci del Dolore,,39737,84989,0,-1,1,0,0,0,0,0,0,0,0,0,31813,271,2060,0,2,101187840,0,268435456,0,0,0,-1,-1
60379,I Viticci del Dolore,,39737,84988,0,-1,1,0,0,0,0,0,0,0,0,0,31813,271,2060,0,2,101187840,0,268435456,0,0,0,-1,-1
60380,I Viticci del Dolore,,39737,84987,0,-1,1,0,0,0,0,0,0,0,0,0,31813,271,2060,0,2,101187840,0,268435456,0,0,0,-1,-1
60381,In aiuto di Selvarden,,39739,84990,0,-1,0,0,0,0,0,0,0,0,0,0,31818,271,2060,0,2,101187840,0,268435456,62693,0,0,-1,-1
60382,In aiuto di Revendreth,,39740,84990,0,-1,1,0,0,0,0,0,0,0,0,0,31817,271,2060,0,2,101187840,0,268435456,0,0,0,-1,-1
60383,In aiuto di Maldraxxus,,39741,84990,0,-1,1,0,0,0,0,0,0,0,0,0,31816,271,2060,0,2,101187840,0,268435456,0,0,0,-1,-1
60384,In aiuto del Bastione,,39742,84990,0,-1,1,0,0,0,0,0,0,0,0,0,31815,271,2060,0,2,101187840,0,268435456,0,0,0,-1,-1
60385,Addestramento a Revendreth,,39743,84990,0,-1,1,0,0,0,0,0,0,0,0,0,31821,271,2060,0,2,104333568,0,268435456,0,0,0,-1,-1
60386,Addestramento a Maldraxxus,,39744,84990,0,-1,1,0,0,0,0,0,0,0,0,0,31820,271,2060,0,2,104333568,0,268435456,0,0,0,-1,-1
60387,Addestramento al Bastione,,39745,84990,0,-1,1,0,0,0,0,0,0,0,0,0,31819,271,2060,0,2,104333568,0,268435456,0,0,0,-1,-1
60388,Addestrare le nostre forze,,39746,84990,0,-1,1,0,0,0,0,0,0,0,0,0,31822,271,2060,0,2,104333568,0,268435456,0,0,0,-1,-1
60389,In aiuto di Selvarden,,39739,84989,0,-1,1,0,0,0,0,0,0,0,0,0,31818,271,2060,0,2,101187840,0,268435456,0,0,0,-1,-1
60390,In aiuto di Selvarden,,39739,84988,0,-1,1,0,0,0,0,0,0,0,0,0,31818,271,2060,0,2,101187840,0,268435456,0,0,0,-1,-1
60391,In aiuto di Selvarden,,39739,84987,0,-1,1,0,0,0,0,0,0,0,0,0,31818,271,2060,0,2,101187840,0,268435456,0,0,0,-1,-1
60392,In aiuto del Bastione,,39742,84987,0,-1,0,0,0,0,0,0,0,0,0,0,31815,271,2060,0,2,101187840,0,268435456,62692,0,0,-1,-1
60393,In aiuto del Bastione,,39742,84988,0,-1,1,0,0,0,0,0,0,0,0,0,31815,271,2060,0,2,101187840,0,268435456,0,0,0,-1,-1
60394,In aiuto del Bastione,,39742,84989,0,-1,1,0,0,0,0,0,0,0,0,0,31815,271,2060,0,2,101187840,0,268435456,0,0,0,-1,-1
60395,In aiuto di Maldraxxus,,39741,84987,0,-1,1,0,0,0,0,0,0,0,0,0,31816,271,2060,0,2,101187840,0,268435456,0,0,0,-1,-1
60396,In aiuto di Maldraxxus,,39741,84988,0,-1,0,0,0,0,0,0,0,0,0,0,31816,271,2060,0,2,101187840,0,268435456,62694,0,0,-1,-1
60397,In aiuto di Maldraxxus,,39741,84989,0,-1,1,0,0,0,0,0,0,0,0,0,31816,271,2060,0,2,101187840,0,268435456,0,0,0,-1,-1
60398,In aiuto di Revendreth,,39740,84988,0,-1,1,0,0,0,0,0,0,0,0,0,31817,271,2060,0,2,101187840,0,268435456,0,0,0,-1,-1
60399,In aiuto di Revendreth,,39740,84989,0,-1,0,0,0,0,0,0,0,0,0,0,31817,271,2060,0,2,101187840,0,268435456,62691,0,0,-1,-1
60400,In aiuto di Revendreth,,39740,84987,0,-1,1,0,0,0,0,0,0,0,0,0,31817,271,2060,0,2,101187840,0,268435456,0,0,0,-1,-1
60401,Addestramento a Selvarden,,39746,84989,0,-1,1,0,0,0,0,0,0,0,0,0,31822,271,2060,0,2,104333568,0,268435456,0,0,0,-1,-1
60402,Addestramento a Selvarden,,39746,84988,0,-1,1,0,0,0,0,0,0,0,0,0,31822,271,2060,0,2,104333568,0,268435456,0,0,0,-1,-1
60403,Addestramento a Selvarden,,39746,84987,0,-1,1,0,0,0,0,0,0,0,0,0,31822,271,2060,0,2,104333568,0,268435456,0,0,0,-1,-1
60404,Addestrare le nostre forze,,39745,84987,0,-1,1,0,0,0,0,0,0,0,0,0,31819,271,2060,0,2,104333568,0,268435456,0,0,0,-1,-1
60405,Addestramento al Bastione,,39745,84988,0,-1,1,0,0,0,0,0,0,0,0,0,31819,271,2060,0,2,104333568,0,268435456,0,0,0,-1,-1
60406,Addestramento al Bastione,,39745,84989,0,-1,1,0,0,0,0,0,0,0,0,0,31819,271,2060,0,2,104333568,0,268435456,0,0,0,-1,-1
60407,Addestramento a Maldraxxus,,39744,84987,0,-1,1,0,0,0,0,0,0,0,0,0,31820,271,2060,0,2,104333568,0,268435456,0,0,0,-1,-1
60408,Addestrare le nostre forze,,39744,84988,0,-1,1,0,0,0,0,0,0,0,0,0,31820,271,2060,0,2,104333568,0,268435456,0,0,0,-1,-1
60409,Addestramento a Maldraxxus,,39744,84989,0,-1,1,0,0,0,0,0,0,0,0,0,31820,271,2060,0,2,104333568,0,268435456,0,0,0,-1,-1
60410,Addestrare le nostre forze,,39743,84989,0,-1,0,0,0,0,0,0,0,0,0,0,31821,271,2060,0,2,104333568,0,268435456,62921,0,0,-1,-1
60411,Addestramento a Revendreth,,39743,84988,0,-1,1,0,0,0,0,0,0,0,0,0,31821,271,2060,0,2,104333568,0,268435456,0,0,0,-1,-1
60412,Addestramento a Revendreth,,39743,84987,0,-1,1,0,0,0,0,0,0,0,0,0,31821,271,2060,0,2,104333568,0,268435456,0,0,0,-1,-1
60414,Risorse rare,,39748,84990,0,-1,1,0,0,0,0,0,0,0,0,0,31823,271,2060,0,2,101187840,0,268435456,0,0,0,-1,-1
60415,Risorse rare,,39748,84987,0,-1,1,0,0,0,0,0,0,0,0,0,31823,271,2060,0,2,101187840,0,268435456,0,0,0,-1,-1
60416,Risorse rare,,39748,84988,0,-1,1,0,0,0,0,0,0,0,0,0,31823,271,2060,0,2,101187840,0,268435456,0,0,0,-1,-1
60417,Risorse rare,,39748,84989,0,-1,1,0,0,0,0,0,0,0,0,0,31823,271,2060,0,2,101187840,0,268435456,0,0,0,-1,-1
60418,La chiamata del Bastione,,39749,84990,0,-1,1,0,0,0,0,0,0,0,0,0,31824,271,2060,0,2,101187840,0,268435456,0,0,0,-1,-1
60419,Problemi a casa,,39750,84990,0,-1,1,0,0,0,0,0,0,0,0,0,31825,271,2060,0,2,101187840,0,268435456,0,0,0,-1,-1
60420,La chiamata di Maldraxxus,,39751,84990,0,-1,1,0,0,0,0,0,0,0,0,0,31827,271,2060,0,2,101187840,0,268435456,0,0,0,-1,-1
60421,La chiamata di Revendreth,,39752,84990,0,-1,1,0,0,0,0,0,0,0,0,0,31826,271,2060,0,2,101187840,0,268435456,0,0,0,-1,-1
60422,La chiamata di Selvarden,,39750,84989,0,-1,1,0,0,0,0,0,0,0,0,0,31825,271,2060,0,2,101187840,0,268435456,0,0,0,-1,-1
60423,La chiamata di Selvarden,,39750,84988,0,-1,1,0,0,0,0,0,0,0,0,0,31825,271,2060,0,2,101187840,0,268435456,0,0,0,-1,-1
60424,La chiamata di Selvarden,,39750,84987,0,-1,1,0,0,0,0,0,0,0,0,0,31825,271,2060,0,2,101187840,0,268435456,0,0,0,-1,-1
60425,Problemi a casa,,39749,84987,0,-1,1,0,0,0,0,0,0,0,0,0,31824,271,2060,0,2,101187840,0,268435456,0,0,0,-1,-1
60426,La chiamata del Bastione,,39749,84988,0,-1,1,0,0,0,0,0,0,0,0,0,31824,271,2060,0,2,101187840,0,268435456,0,0,0,-1,-1
60427,La chiamata del Bastione,,39749,84989,0,-1,1,0,0,0,0,0,0,0,0,0,31824,271,2060,0,2,101187840,0,268435456,0,0,0,-1,-1
60429,Problemi a casa,,39751,84988,0,-1,1,0,0,0,0,0,0,0,0,0,31827,271,2060,0,2,101187840,0,268435456,0,0,0,-1,-1
60430,La chiamata di Maldraxxus,,39751,84987,0,-1,1,0,0,0,0,0,0,0,0,0,31827,271,2060,0,2,101187840,0,268435456,0,0,0,-1,-1
60431,La chiamata di Maldraxxus,,39751,84989,0,-1,1,0,0,0,0,0,0,0,0,0,31827,271,2060,0,2,101187840,0,268435456,0,0,0,-1,-1
60432,Problemi a casa,,39752,84989,0,-1,1,0,0,0,0,0,0,0,0,0,31826,271,2060,0,2,101187840,0,268435456,0,0,0,-1,-1
60433,La chiamata di Revendreth,,39752,84988,0,-1,1,0,0,0,0,0,0,0,0,0,31826,271,2060,0,2,101187840,0,268435456,0,0,0,-1,-1
60434,La chiamata di Revendreth,,39752,84987,0,-1,1,0,0,0,0,0,0,0,0,0,31826,271,2060,0,2,101187840,0,268435456,0,0,0,-1,-1
60435,Le sfide di Revendreth,,39754,84990,0,-1,1,0,0,0,0,0,0,0,0,0,31830,271,2060,0,2,101187840,0,268435456,0,0,0,-1,-1
60436,Le sfide di Maldraxxus,,39755,84990,0,-1,1,0,0,0,0,0,0,0,0,0,31829,271,2060,0,2,101187840,0,268435456,0,0,0,-1,-1
60437,Le sfide del Bastione,,39756,84990,0,-1,1,0,0,0,0,0,0,0,0,0,31828,271,2060,0,2,101187840,0,268435456,0,0,0,-1,-1
60438,Le sfide di Selvarden,,39757,84990,0,-1,1,0,0,0,0,0,0,0,0,0,31831,271,2060,0,2,101187840,0,268435456,0,0,0,-1,-1
60439,Le sfide di Selvarden,,39757,84987,0,-1,1,0,0,0,0,0,0,0,0,0,31831,271,2060,0,2,101187840,0,268435456,0,0,0,-1,-1
60440,Le sfide di Selvarden,,39757,84988,0,-1,1,0,0,0,0,0,0,0,0,0,31831,271,2060,0,2,101187840,0,268435456,0,0,0,-1,-1
60441,Le sfide di Selvarden,,39757,84989,0,-1,1,0,0,0,0,0,0,0,0,0,31831,271,2060,0,2,101187840,0,268435456,0,0,0,-1,-1
60442,Le sfide del Bastione,,39756,84987,0,-1,1,0,0,0,0,0,0,0,0,0,31828,271,2060,0,2,101187840,0,268435456,0,0,0,-1,-1
60443,Le sfide del Bastione,,39756,84988,0,-1,1,0,0,0,0,0,0,0,0,0,31828,271,2060,0,2,101187840,0,268435456,0,0,0,-1,-1
60444,Le sfide del Bastione,,39756,84989,0,-1,1,0,0,0,0,0,0,0,0,0,31828,271,2060,0,2,101187840,0,268435456,0,0,0,-1,-1
60445,Le sfide di Maldraxxus,,39755,84988,0,-1,1,0,0,0,0,0,0,0,0,0,31829,271,2060,0,2,101187840,0,268435456,0,0,0,-1,-1
60446,Le sfide di Maldraxxus,,39755,84989,0,-1,1,0,0,0,0,0,0,0,0,0,31829,271,2060,0,2,101187840,0,268435456,0,0,0,-1,-1
60447,Le sfide di Maldraxxus,,39755,84987,0,-1,1,0,0,0,0,0,0,0,0,0,31829,271,2060,0,2,101187840,0,268435456,0,0,0,-1,-1
60448,Le sfide di Revendreth,,39754,84989,0,-1,1,0,0,0,0,0,0,0,0,0,31830,271,2060,0,2,101187840,0,268435456,0,0,0,-1,-1
60449,Le sfide di Revendreth,,39754,84988,0,-1,1,0,0,0,0,0,0,0,0,0,31830,271,2060,0,2,101187840,0,268435456,0,0,0,-1,-1
60450,Le sfide di Revendreth,,39754,84987,0,-1,1,0,0,0,0,0,0,0,0,0,31830,271,2060,0,2,101187840,0,268435456,0,0,0,-1,-1
60452,Assalto alla Fauce,,39759,84990,0,-1,1,0,0,0,0,0,0,0,0,0,31832,271,2060,0,2,101187840,0,268435456,0,0,0,-1,-1
60454,Assalto alla Fauce,,39759,84987,0,-1,1,0,0,0,0,0,0,0,0,0,31832,271,2060,0,2,101187840,0,268435456,0,0,0,-1,-1
60455,Assalto alla Fauce,,39759,84988,0,-1,1,0,0,0,0,0,0,0,0,0,31832,271,2060,0,2,101187840,0,268435456,0,0,0,-1,-1
60456,Assalto alla Fauce,,39759,84989,0,-1,1,0,0,0,0,0,0,0,0,0,31832,271,2060,0,2,101187840,0,268435456,0,0,0,-1,-1
60457,Recupero d'Animum,,39761,84990,0,-1,1,0,0,0,0,0,0,0,0,0,31833,271,2060,0,2,101187840,0,268435456,0,0,0,-1,-1
60458,Recupero d'Animum,,39761,84987,0,-1,1,0,0,0,0,0,0,0,0,0,31833,271,2060,0,2,101187840,0,268435456,0,0,0,-1,-1
60459,Recupero d'Animum,,39761,84988,0,-1,1,0,0,0,0,0,0,0,0,0,31833,271,2060,0,2,101187840,0,268435456,0,0,0,-1,-1
60460,Recupero d'Animum,,39761,84989,0,-1,1,0,0,0,0,0,0,0,0,0,31833,271,2060,0,2,101187840,0,268435456,0,0,0,-1,-1
60462,Ricerca d'Animum,,39763,84990,0,-1,1,0,0,0,0,0,0,0,0,0,31834,271,2060,0,2,101187840,0,268435456,0,0,0,-1,-1
60463,Ricerca d'Animum,,39763,84989,0,-1,1,0,0,0,0,0,0,0,0,0,31834,271,2060,0,2,101187840,0,268435456,0,0,0,-1,-1
60464,Ricerca d'Animum,,39763,84988,0,-1,1,0,0,0,0,0,0,0,0,0,31834,271,2060,0,2,101187840,0,268435456,0,0,0,-1,-1
60465,Ricerca d'Animum,,39763,84987,0,-1,1,0,0,0,0,0,0,0,0,0,31834,271,2060,0,2,101187840,0,268435456,0,0,0,-1,-1
60475,Al laboratorio,,39773,0,0,-1,1,0,0,0,0,0,0,0,0,0,31863,109,837,0,3,37290240,0,268435456,57559,62706,0,-1,-1
60476,Spriggan immisurabil!,,39774,0,0,-1,1,0,0,0,0,0,0,0,0,0,31862,109,837,0,3,41484544,8192,268435456,57559,62706,0,-1,-1
60531,Campioni Prescelti,,39828,73555,0,-1,0,0,0,0,0,0,0,0,0,0,31829,136,2060,0,3,36241664,0,268435968,0,0,0,-1,-1
60532,Distruggere il Dominante,,39829,90864,0,-1,0,0,0,0,0,0,0,0,0,0,31830,136,2060,0,3,36241664,0,268435968,0,0,0,-1,-1
60533,Orrori a Tirna Falcis,,39830,89414,0,-1,1,0,0,0,0,0,0,0,0,0,31831,136,2060,0,3,36241664,0,268435968,57559,62706,0,-1,-1
60534,Cittadini infedeli,,39831,73555,0,-1,0,0,0,0,0,0,0,0,0,0,31828,136,2060,0,3,36241664,0,268435968,0,0,0,-1,-1
60542,Nathanos Selvamorta,,39839,83729,0,-1,0,0,0,0,0,0,0,0,0,0,0,112,1401,0,3,34177344,0,268435456,0,0,0,-1,-1
60564,"Tre gorm entrano, nessuno esce",,39847,0,0,-1,1,0,0,0,0,0,0,0,0,0,31903,109,2060,0,3,37290240,0,268435456,57559,62706,0,-1,-1
60565,Un Factotum per ogni occasione,,39848,0,0,-1,1,0,0,0,0,0,0,0,0,0,31905,109,837,0,3,37290240,0,268435456,57559,62706,0,-1,-1
60574,Scuotere i funghi,,39856,0,0,-1,1,0,0,0,0,0,0,0,0,0,31910,109,2060,0,3,37290240,0,268435456,57559,62706,0,-1,-1
60585,La rivolta degli Spriggan,,39865,86918,0,-1,1,0,0,0,0,0,0,0,0,0,31922,109,2060,0,3,41484544,8192,268435456,57559,62706,0,-1,-1
60597,Problemi al recinto dei gormini,,39875,89214,0,-1,1,0,0,0,0,0,0,0,0,0,31930,109,837,0,3,37290240,0,268435456,57559,62706,0,-1,-1
60601,Esercitazioni Alacupa,,39879,79249,0,-1,1,0,0,0,0,0,0,0,0,0,31935,109,2060,0,3,107544832,8192,268435456,57559,62706,0,-1,-1
60602,Servizi segreti,,39880,73555,0,-1,0,0,0,0,0,0,0,0,0,0,31936,109,2060,0,3,40435968,8192,268435456,0,0,0,-1,-1
60609,Chi divora i divoratori?,,39885,0,0,-1,1,0,0,0,0,0,0,0,0,0,31949,111,2060,0,3,37290240,0,268435456,57559,62706,0,-1,-1
60622,L'occhio del veggente,,39898,88667,0,-1,0,0,0,0,0,0,0,0,0,0,32571,0,742,0,2,35651720,32768,268435968,0,0,0,-1,-1
60623,AHHH! Mostri reali!,,39899,0,0,-1,1,0,0,0,0,0,0,0,0,0,32537,109,2060,0,3,37290240,0,268435456,57559,62706,0,-1,-1
60646,Questione di miseria,,39922,88667,0,-1,0,0,0,0,0,0,0,0,0,0,32575,0,742,0,2,35783048,32768,268435968,0,0,0,-1,-1
60649,Una spina nel loro fianco,,39925,88846,0,-1,1,0,0,0,0,0,0,0,0,0,31981,109,2060,0,3,37290240,0,268435456,57559,62706,0,-1,-1
60653,Ripristino degli specchi,,39929,73555,0,-1,0,0,0,0,0,0,0,0,0,0,31992,109,837,0,3,40435968,8192,268435456,0,0,0,-1,-1
60654,Anime sciamanti,,39930,73555,0,-1,0,0,0,0,0,0,0,0,0,0,31991,109,2060,0,3,40435968,8192,268435456,0,0,0,-1,-1
60655,Un Demonio di Pietra rubato,,39931,73555,0,-1,0,0,0,0,0,0,0,0,0,180249,31990,109,2060,0,3,40435968,8192,268435456,0,0,0,-1,-1
60656,Evocazione dei peccati,,39932,73555,0,-1,0,0,0,0,0,0,0,0,0,0,31989,109,2060,0,3,40435968,8192,268435456,0,0,0,-1,-1
60657,Aiuto dall'alto,,39933,73555,0,-1,0,0,0,0,0,0,0,0,0,0,31988,109,837,0,3,40435968,8192,268435456,0,0,0,-1,-1
60658,Un appetito interminabile,,39934,89125,0,-1,0,0,0,0,0,0,0,0,0,0,31987,109,837,0,3,40435968,8192,268435456,0,0,0,-1,-1
60659,Difesa della Luce,,39935,73555,0,-1,0,0,0,0,0,0,0,0,0,0,31986,109,837,0,3,40435968,8192,268435456,0,0,0,-1,-1
60732,Interrompere il flusso,,40004,88666,0,-1,0,0,0,0,0,0,0,0,0,0,34303,0,742,0,2,35651720,32768,268435968,0,0,0,-1,-1
60739,Un pubblico difficile,,40010,82056,0,-1,1,0,0,0,0,0,0,0,0,0,32055,109,2060,0,3,37290240,0,268435456,57559,62706,0,-1,-1
60762,I Granuli della Morte,,40018,88667,0,-1,0,0,0,0,0,0,0,0,0,0,32578,0,742,0,2,2097544,32768,268435968,0,0,0,-1,-1
60770,Schiaccia e brucia,,40026,88170,0,-1,1,0,0,0,0,0,0,0,0,180274,32090,109,837,0,3,305725696,0,268435456,57559,62706,0,-1,-1
60775,Una fine adeguata,,40031,88667,0,-1,0,0,0,0,0,0,0,0,0,0,32580,0,742,0,2,35783048,32768,268435968,0,0,0,-1,-1
60786,Le difese dello sciame,,40040,0,0,-1,1,0,0,0,0,0,0,0,0,0,32134,109,2060,0,3,37290240,0,268435456,57559,62706,0,-1,-1
60837,L'ira di Aliothe,,40092,82170,0,-1,1,0,0,0,0,0,0,0,0,0,32143,109,2060,0,3,41484544,8192,268435456,57559,62706,0,-1,-1
60840,L'offensiva della Caccia Selvaggia,,40095,81411,0,-1,0,0,0,0,0,0,0,0,0,0,0,0,1931,0,3,271122432,0,268468736,0,0,0,-1,-1
60841,Ordine di evacuazione,,40096,83703,0,-1,0,0,0,0,0,0,0,0,0,0,33201,0,1401,0,2,33554440,32768,268435968,0,0,0,-1,-1
60842,Ben gli sta,,40097,0,0,-1,1,0,0,0,0,0,0,0,0,0,32145,109,2060,0,3,37421312,0,268435456,57559,62706,0,-1,-1
60844,Scuola di volo: cadere con stile,,40099,87575,0,-1,0,0,0,0,0,0,0,0,0,0,32154,109,2060,0,3,40435968,0,268435456,0,0,0,-1,-1
60855,Agormalisse,,40110,88170,0,-1,1,0,0,0,0,0,0,0,0,0,32155,109,837,0,3,41484544,8192,268435456,57559,62706,0,-1,-1
60858,Scuola di volo: in alto e via!,,40113,88579,0,-1,0,0,0,0,0,0,0,0,0,0,32182,109,2060,0,3,40435968,0,268435456,0,0,0,-1,-1
60872,Un raccolto pericoloso,,40121,88941,0,-1,1,0,0,0,0,0,0,0,0,0,32183,109,837,0,3,41484544,8192,268435456,57559,62706,0,-1,-1
60899,Una notte al bosco,,40146,0,0,-1,1,0,0,0,0,0,0,0,0,0,32241,109,2060,0,3,37290240,0,268435456,57559,62706,0,-1,-1
60903,Krala,,40150,76424,0,-1,0,0,0,0,0,0,0,0,0,0,33680,0,742,0,3,36241792,0,268435456,0,0,0,-1,-1
60911,Scuola di volo: frenesia volante,,40157,73555,0,-1,0,0,0,0,0,0,0,0,0,0,32259,109,2060,0,3,36241664,0,268435456,0,0,0,-1,-1
60916,RSVP: Testaroccia,,0,90002,0,-1,0,0,0,0,0,0,0,0,0,0,0,0,2060,0,2,40894472,40960,268435968,0,0,0,-1,-1
60920,Akros,,40166,76424,0,-1,0,0,0,0,0,0,0,0,0,0,33679,0,742,0,3,36241792,0,268435456,0,0,0,-1,-1
60929,Supremazia aerea,,40176,73555,0,-1,0,0,0,0,0,0,0,0,0,0,32266,109,837,0,3,40435968,8192,268435456,0,0,0,-1,-1
60948,RSVP: La Contessa,,0,81753,0,-1,0,0,0,0,0,0,0,0,0,0,0,0,2060,0,2,37879816,40960,268435968,0,0,0,-1,-1
60950,Una questione di furtività,,40195,87202,0,-1,0,0,0,0,0,0,0,0,0,0,32291,109,837,0,3,40435968,8192,268435456,0,0,0,-1,-1
60958,Mandiamo solo te,,40201,87133,0,-1,0,0,0,0,0,0,0,0,0,0,32294,109,837,0,3,36241664,0,268435456,0,0,0,-1,-1
60990,Tracking Quest,,40222,73557,0,-1,0,0,0,0,0,0,0,0,0,0,32639,0,742,0,3,34144512,0,0,0,0,0,-1,-1
60991,"Sacrorror, Signore dell'Emosuzione",,40349,73557,0,-1,0,0,0,0,0,0,0,0,0,0,32635,0,742,0,3,36241792,0,268439552,0,0,0,-1,-1
60992,"Razkazzar, Signore delle Asce",,40224,73557,0,-1,0,0,0,0,0,0,0,0,0,0,32644,0,742,0,3,36241792,0,268439552,0,0,0,-1,-1
61059,RSVP: Squartacus e Mazzafaccia,,0,81980,0,-1,0,0,0,0,0,0,0,0,0,0,0,0,2060,0,2,8,32769,268435968,0,0,0,-1,-1
61060,Perdenti sporadici,,42457,74689,0,-1,0,0,0,0,0,0,0,0,0,0,32398,109,837,0,3,40435968,8192,268435456,0,0,0,-1,-1
61062,Aiutante Dekaris,,40292,73557,0,-1,0,0,0,0,0,0,0,0,0,0,0,0,742,0,3,38342976,0,268439552,0,0,0,-1,-1
61075,Una scintilla di luce,,40307,88667,0,-1,0,0,0,0,0,0,0,0,0,180607,32573,0,742,0,2,35651976,32768,268435968,0,0,0,-1,-1
61079,La quota del Carceriere,,40311,88667,0,-1,0,0,0,0,0,0,0,0,0,0,34301,0,742,0,2,35651976,32768,268435968,0,0,0,-1,-1
61088,Polvere alla polvere,,42455,88667,0,-1,0,0,0,0,0,0,0,0,0,0,32570,0,742,0,2,35651720,32768,268435968,0,0,0,-1,-1
61092,RSVP: Gran Maestro Vole,,0,82033,0,-1,0,0,0,0,0,0,0,0,0,0,0,0,2060,0,2,33554504,32768,268435968,0,0,0,-1,-1
61103,Interrompere il ciclo,,40329,88667,0,-1,0,0,0,0,0,0,0,0,0,0,32577,0,742,0,2,33554824,32768,268435968,0,0,0,-1,-1
61104,Grathalax l'Estrattore,,40330,88667,0,-1,0,0,0,0,0,0,0,0,0,0,32576,0,742,0,2,35651976,32768,268435968,0,0,0,-1,-1
61105,RSVP: Architetto della Piaga Marileth,,0,82089,0,-1,0,0,0,0,0,0,0,0,0,0,0,0,2060,0,2,37748744,40960,268435968,0,0,0,-1,-1
61109,RSVP: Capitano della Caccia Korayn,,0,82072,0,-1,0,0,0,0,0,0,0,0,0,0,0,0,2060,0,2,37748744,40960,268435968,0,0,0,-1,-1
61123,RSVP: Polemarco Adrestes,,0,82074,0,-1,0,0,0,0,0,0,0,0,0,0,0,0,2060,0,2,37748744,40960,268435968,0,0,0,-1,-1
61124,Meticcio delle Tane,,40348,73557,0,-1,0,0,0,0,0,0,0,0,0,0,32638,0,742,0,3,36241792,0,268439552,0,0,0,-1,-1
61125,Stigia Malevola,,40350,73557,0,-1,0,0,0,0,0,0,0,0,0,0,32636,0,742,0,3,36241792,0,268439552,0,0,0,-1,-1
61129,RSVP: Droman Aliothe,,0,82182,0,-1,0,0,0,0,0,0,0,0,0,0,0,0,2060,0,2,8,32769,268435968,0,0,0,-1,-1
61130,RSVP: Sika,,0,82184,0,-1,0,0,0,0,0,0,0,0,0,0,0,0,2060,0,2,37748744,32768,268435968,0,0,0,-1,-1
61136,Agonix,,40359,73557,0,-1,0,0,0,0,0,0,0,0,0,0,32637,0,742,0,3,36241792,0,268439552,0,0,0,-1,-1
61139,RSVP: Chufa,,0,82195,0,-1,0,0,0,0,0,0,0,0,0,0,0,0,2060,0,2,37748744,40960,268435968,0,0,0,-1,-1
61140,Dath Rezara,,40361,73557,0,-1,0,0,0,0,0,0,0,0,0,0,33928,0,742,0,3,36241792,0,268439552,0,0,0,-1,-1
61141,Il giocattolo Preferito di Zannamortale,,40362,74689,0,-1,0,0,0,0,0,0,0,0,0,0,32523,109,837,0,3,41615616,8192,268435456,0,0,0,-1,-1
61148,AHHH! Mostri reali!,,40368,0,0,-1,1,0,0,0,0,0,0,0,0,0,32538,109,2060,0,3,37290240,0,268435456,57559,62706,0,-1,-1
61173,RSVP: Mikanikos,,0,82193,0,-1,0,0,0,0,0,0,0,0,0,0,0,0,2060,0,2,37748744,40960,268435968,0,0,0,-1,-1
61174,RSVP: Baronessa Vashj,,0,82474,0,-1,0,0,0,0,0,0,0,0,0,0,0,0,2060,0,2,35651592,40960,268435968,0,0,0,-1,-1
61189,Ricerche gelatinose approfondite,,40404,74689,0,-1,0,0,0,0,0,0,0,0,0,0,32589,109,837,0,3,36372736,8192,268435456,0,0,0,-1,-1
61220,AHHH! Mostri reali!,,40433,0,0,-1,1,0,0,0,0,0,0,0,0,0,32626,109,2060,0,3,37290240,0,268435456,57559,62706,0,-1,-1
61255,RSVP: Alexandros Mograine,,0,82699,0,-1,0,0,0,0,0,0,0,0,0,0,0,0,2060,0,2,33554440,32768,268435968,0,0,0,-1,-1
61256,RSVP: Kleia e Pelagos,,0,82701,0,-1,0,0,0,0,0,0,0,0,0,0,0,0,2060,0,2,33554440,32768,268435968,0,0,0,-1,-1
61303,Piovono scintille,,40507,87009,0,-1,1,0,0,0,0,0,0,0,0,0,32651,109,837,0,3,37290240,0,268435456,57559,62706,0,-1,-1
61335,Rabbia contro la gabbia,,40534,70104,0,-1,0,0,0,0,0,0,0,0,0,0,0,0,837,0,2,4194312,8192,268435968,61227,0,0,-1,-1
61337,Marcia del Protettore Eterno,,40536,0,0,-1,1,0,0,0,0,0,0,0,0,0,32713,109,2060,0,3,37290240,0,268435456,57559,62706,0,-1,-1
61342,Battaglie vinte tempo addietro,,42432,74689,0,-1,0,0,0,0,0,0,0,0,0,0,32716,109,837,0,3,40435968,8192,268435456,0,0,0,-1,-1
61343,Battaglie vinte tempo addietro,,39272,92609,0,-1,0,0,0,0,0,0,0,0,0,0,32717,109,837,0,3,40435968,8192,268435456,0,0,0,-1,-1
61346,Cirixia lo Spezzavolontà,,40539,73557,0,-1,0,0,0,0,0,0,0,0,0,0,32718,0,742,0,3,36241856,0,268439552,0,0,0,-1,-1
61352,Tutto verrà consumato,,42456,74689,0,-1,0,0,0,0,0,0,0,0,0,0,32731,109,837,0,3,40435968,8192,268435456,0,0,0,-1,-1
61353,Tutto verrà consumato,,40542,74689,0,-1,0,0,0,0,0,0,0,0,0,0,32732,109,837,0,3,40435968,8192,268435456,0,0,0,-1,-1
61354,RSVP: Dama Baccaluna,,0,82703,0,-1,0,0,0,0,0,0,0,0,0,0,0,0,2060,0,2,37748744,40960,268435968,0,0,0,-1,-1
61394,Lancio del gormino: Pozze Placide,,40581,79261,0,-1,1,0,0,0,0,0,0,0,0,0,32744,109,2060,0,3,104530176,0,268435456,57559,62706,0,-1,-1
61398,Corte delle Braci: Tradizionale,,41047,83198,0,-1,0,0,0,0,0,0,0,0,0,0,0,0,2060,0,2,8,1,268435976,0,0,0,-1,-1
61399,Corte delle Braci: Ricordi Mortali,,41046,83200,0,-1,0,0,0,0,0,0,0,0,0,181367,0,0,2060,0,2,8,0,268435976,0,0,0,-1,-1
61400,Corte delle Braci: Specchi del Mistero,,41045,83211,0,-1,0,0,0,0,0,0,0,0,0,0,0,0,2060,0,2,33554440,0,268435976,0,0,0,-1,-1
61401,Corte delle Braci: Venthyr Volontari,,41044,83212,0,-1,0,0,0,0,0,0,0,0,0,181716,0,0,2060,0,2,37748744,8192,268435976,0,0,0,-1,-1
61402,Corte delle Braci: Riserve Litogene,,41043,83213,0,-1,0,0,0,0,0,0,0,0,0,0,0,1,2060,0,2,40894472,8192,268435976,0,0,0,-1,-1
61403,Corte delle Braci: Armata di Maldraxxus,,41042,83214,0,-1,0,0,0,0,0,0,0,0,0,0,0,0,2060,0,2,37748736,8192,268435976,0,0,0,-1,-1
61404,Corte delle Braci: Ora del Tè di Tubbins,,41027,83215,0,-1,0,0,0,0,0,0,0,0,0,183943,0,1,2060,0,2,39976968,8192,268435976,61705,0,0,-1,-1
61405,Corte delle Braci: Dolci Divini,,41041,83216,0,-1,0,0,0,0,0,0,0,0,0,0,0,0,2060,0,2,8,1,268435976,0,0,0,-1,-1
61406,Corte delle Braci: Funghi a Sorpresa!,,41040,83217,0,-1,0,0,0,0,0,0,0,0,0,181828,0,0,2060,0,2,33554440,0,268435976,0,0,0,-1,-1
61407,Corte delle Braci: Rituali di Redenzione,,41037,83218,0,-1,0,0,0,0,0,0,0,0,0,0,0,0,2060,0,2,8,0,268435976,61706,0,0,-1,-1
61408,Corte delle Braci: Scorci Selvaggi,,41039,83219,0,-1,0,0,0,0,0,0,0,0,0,183944,0,0,2060,0,2,33554440,0,268435976,0,0,0,-1,-1
61411,Il nostro cuore continuerà,,40586,0,0,-1,1,0,0,0,0,0,0,0,0,0,32751,109,837,0,3,41615616,0,268435456,57559,62706,0,-1,-1
61434,Alchimia: Tonico della Disciplina Misurata,,40601,0,0,-1,1,0,0,0,0,2750,25,0,0,0,34415,118,837,0,3,34144576,0,268435458,57559,62706,0,-1,-1
61435,Forgiatura: Punte di Freccia dell'Inseguitore,,40602,0,0,-1,1,0,0,0,0,2751,25,0,0,0,34400,116,837,0,3,34144576,0,268435458,57559,62706,0,-1,-1
61439,Cucina: Stufato del Factotum,,40606,0,0,-1,1,0,0,0,0,2752,25,0,0,0,34417,131,837,0,3,34144576,0,268435458,57559,62706,0,-1,-1
61440,Incantamento: Cestino Infinito,,40607,0,0,-1,1,0,0,0,0,2753,25,0,0,0,34402,123,837,0,3,34144576,0,268435458,57559,62706,0,-1,-1
61441,Ingegneria: Maglio,,40608,0,0,-1,1,0,0,0,0,2755,25,0,0,0,34419,122,837,0,3,34144576,0,268435458,57559,62706,0,-1,-1
61442,Pesca: Brillapinna Glorioso,,40609,0,0,-1,1,0,0,0,0,2754,25,0,0,0,34420,130,837,0,3,34144576,0,268435458,57559,62706,0,-1,-1
61443,Erbalismo: Fior di Gloria Spazzato dal Vento,,40610,0,0,-1,1,0,0,0,0,2760,25,0,0,0,34421,119,837,0,3,34144576,0,268435458,57559,62706,0,-1,-1
61446,Runografia: Invocazione del Dovere,,40612,0,0,-1,1,0,0,0,0,2756,25,0,0,0,34422,126,837,0,3,34144576,0,268435458,57559,62706,0,-1,-1
61447,Oreficeria: Collana di Kyranite Scintillante,,40613,0,0,-1,1,0,0,0,0,2757,25,0,0,0,34423,125,837,0,3,34144576,0,268435458,57559,62706,0,-1,-1
61449,Conciatura: Bardatura di Cuoio di Pellacciaio,,40614,0,0,-1,1,0,0,0,0,2758,25,0,0,0,34424,117,837,0,3,34144576,0,268435458,57559,62706,0,-1,-1
61467,Estrazione: Formazione di Solenio Luminosa,,40631,0,0,-1,1,0,0,0,0,2761,25,0,0,0,34412,120,837,0,3,34144576,0,268435458,57559,62706,0,-1,-1
61468,Scuoiatura: Pellicce Soffici di Mantoramato,,40632,0,0,-1,1,0,0,0,0,2762,25,0,0,0,34413,124,837,0,3,34144576,0,268435458,57559,62706,0,-1,-1
61469,Sartoria: Tunica di Spettroseta Intrecciata,,40633,0,0,-1,1,0,0,0,0,2759,25,0,0,0,34414,121,837,0,3,34144576,0,268435458,57559,62706,0,-1,-1
61477,La chiamata dei campioni,,40638,74689,0,-1,0,0,0,0,0,0,0,0,0,0,33080,109,837,0,3,40435968,8192,268435456,0,0,0,-1,-1
61509,Oggetti del Bastione,,40665,87382,0,-1,131077,0,0,0,0,0,0,0,0,178554,0,0,2060,0,2,39878664,8192,268435968,60041,61516,61512,-1,-1
61510,Un bottino abbondante,,40666,87381,0,-1,131077,0,0,0,0,0,0,0,0,178554,0,0,2060,0,2,39878664,8192,268435968,60041,61516,61512,-1,-1
61511,Oggetti abbandonati,,40667,87383,0,-1,131077,0,0,0,0,0,0,0,0,178554,0,0,2060,0,2,39878664,8192,268435968,60041,61516,61512,-1,-1
61512,Tracking Quest,,40668,0,0,-1,0,0,0,0,0,0,0,0,0,0,0,0,2060,0,2,33555456,0,520,0,0,0,-1,-1
61516,Tracking Quest,,40670,0,0,-1,0,0,0,0,0,0,0,0,0,0,0,0,2060,0,2,33588224,0,520,0,0,0,-1,-1
61517,zz,,40671,73557,0,-1,0,0,0,0,0,0,0,0,0,0,0,109,742,0,3,34148608,0,268439552,0,0,0,-1,-1
61520,Il nemico del mio Mnemi,,40675,88576,0,-1,1,0,0,0,0,0,0,0,0,0,33159,109,2060,0,3,37290240,0,268435456,57559,62706,0,-1,-1
61521,Tracking Quest,,40676,0,0,-1,0,0,0,0,0,0,0,0,0,0,0,0,2060,0,2,33588224,0,512,0,0,0,-1,-1
61522,La corsa al corpo,,40677,88019,0,-1,0,0,0,0,0,0,0,0,0,178599,0,0,2060,0,2,39878664,8192,268435968,57597,0,0,-1,-1
61523,La corsa al corpo,,40678,88020,0,-1,0,0,0,0,0,0,0,0,0,178599,0,0,2060,0,2,39878664,8192,268435968,57597,0,0,-1,-1
61530,Estrazione: Ammasso di Fedrio Ligneo,,40685,0,0,-1,1,0,0,0,0,2761,25,0,0,0,34409,120,837,0,3,34144576,0,268435458,57559,62706,0,-1,-1
61537,Estrazione: Formazione di Oxeina Monolitica,,40692,0,0,-1,1,0,0,0,0,2761,25,0,0,0,34429,120,837,0,3,34144576,0,268435458,57559,62706,0,-1,-1
61538,Estrazione: Formazione di Peccavyr Minacciosa,,40693,0,0,-1,1,0,0,0,0,2761,25,0,0,0,34444,120,837,0,3,34144576,0,268435458,57559,62706,0,-1,-1
61539,I capricci dei Lich,,40694,92691,0,-1,0,0,0,0,0,0,0,0,0,0,33169,109,2060,0,3,40435968,8192,268435456,0,0,0,-1,-1
61540,Improvvisare sul momento,,40695,74689,0,-1,0,0,0,0,0,0,0,0,0,0,33172,109,837,0,3,40435968,8192,268435456,0,0,0,-1,-1
61543,Erbalismo: Torcia della Veglia Luccicante,,40698,0,0,-1,1,0,0,0,0,2760,25,0,0,0,34405,119,837,0,3,34144576,0,268435458,57559,62706,0,-1,-1
61544,Erbalismo: Vedovia Lussureggiante,,40699,0,0,-1,1,0,0,0,0,2760,25,0,0,0,34441,119,837,0,3,34144576,0,268435458,57559,62706,0,-1,-1
61545,Erbalismo: Bulbosso Rigonfio,,40700,0,0,-1,1,0,0,0,0,2760,25,0,0,0,34425,119,837,0,3,34144576,0,268435458,57559,62706,0,-1,-1
61549,Condizioni di siccità,,40704,0,0,-1,1,0,0,0,0,0,0,0,0,0,33179,109,837,0,3,37290240,0,268435456,57559,62706,0,-1,-1
61555,Il Gran Inquisitore Vetar,,42813,78576,0,-1,0,0,0,0,0,0,0,0,0,0,32041,272,2060,0,3,36245504,524288,268447744,0,0,0,-1,-1
61556,Imbucati!,,42808,78576,0,-1,0,0,0,0,0,0,0,0,0,0,32041,272,2060,0,3,36245504,524288,268447744,0,0,0,-1,-1
61564,Forgiatura: Scudo dei Kyrian Lucidato,,40719,0,0,-1,1,0,0,0,0,2751,25,0,0,0,34416,116,837,0,3,34144576,0,268435458,57559,62706,0,-1,-1
61565,Tracking Quest,,40720,73557,0,-1,0,0,0,0,0,0,0,0,0,0,33199,0,0,0,3,36242688,0,0,0,0,0,-1,-1
61593,Una crisi di memoria,,40747,88580,0,-1,1,0,0,0,0,0,0,0,0,0,33224,109,2060,0,3,37290240,0,268435456,57559,62706,0,-1,-1
61595,Alchimia: Pozione del Riposo Ibernato,,40749,0,0,-1,1,0,0,0,0,2750,25,0,0,0,34399,118,837,0,3,34144576,0,268435458,57559,62706,0,-1,-1
61596,Cucina: Torta di Melarden,,40750,0,0,-1,1,0,0,0,0,2752,25,0,0,0,34401,131,837,0,3,34144576,0,268435458,57559,62706,0,-1,-1
61597,Ingegneria: Folgoratore per Insetti,,40751,0,0,-1,1,0,0,0,0,2755,25,0,0,0,34403,122,837,0,3,34144576,0,268435458,57559,62706,0,-1,-1
61598,Pesca: Codarossa Screziato,,40752,0,0,-1,1,0,0,0,0,2754,25,0,0,0,34404,130,837,0,3,34144576,0,268435458,57559,62706,0,-1,-1
61599,Runografia: Innario della Ripresa,,40753,0,0,-1,1,0,0,0,0,2756,25,0,0,0,34406,126,837,0,3,34144576,0,268435458,57559,62706,0,-1,-1
61601,Oreficeria: Braccialetto Tempestato di Gemme,,40755,0,0,-1,1,0,0,0,0,2757,25,0,0,0,34407,125,837,0,3,34144576,0,268435458,57559,62706,0,-1,-1
61602,Conciatura: Faretra di Cuoio del Predatore,,40756,0,0,-1,1,0,0,0,0,2758,25,0,0,0,34408,117,837,0,3,34144576,0,268435458,57559,62706,0,-1,-1
61603,Scuoiatura: Pelle di Gorm Spessa,,40757,0,0,-1,1,0,0,0,0,2762,25,0,0,0,34410,124,837,0,3,34144576,0,268435458,57559,62706,0,-1,-1
61604,Sartoria: Mantello della Mimetizzazione,,40758,0,0,-1,1,0,0,0,0,2759,25,0,0,0,34411,121,837,0,3,34144576,0,268435458,57559,62706,0,-1,-1
61605,Alchimia: Fiasca della Forza Grottesca,,40759,0,0,-1,1,0,0,0,0,2750,25,0,0,0,34432,118,837,0,3,34144576,0,268435458,57559,62706,0,-1,-1
61606,Forgiatura: Rasoio dell'Anima,,40760,0,0,-1,1,0,0,0,0,2751,25,0,0,0,34433,116,837,0,3,34144576,0,268435458,57559,62706,0,-1,-1
61607,Cucina: Ragno Essiccato,,40761,0,0,-1,1,0,0,0,0,2752,25,0,0,0,34434,131,837,0,3,34144576,0,268435458,57559,62706,0,-1,-1
61608,Incantamento: Cristallo Indistruttibile,,40762,0,0,-1,1,0,0,0,0,2753,25,0,0,0,34435,123,837,0,3,34144576,0,268435458,57559,62706,0,-1,-1
61609,Ingegneria: Sparapaletti in Osso,,40763,0,0,-1,1,0,0,0,0,2755,25,0,0,0,34436,122,837,0,3,34144576,0,268435458,57559,62706,0,-1,-1
61610,Pesca: Saltafango Scheletrico,,40764,0,0,-1,1,0,0,0,0,2754,25,0,0,0,34437,130,837,0,3,34144576,0,268435458,57559,62706,0,-1,-1
61611,Runografia: Litania del Vigore,,40765,0,0,-1,1,0,0,0,0,2756,25,0,0,0,34426,126,837,0,3,34144576,0,268435458,57559,62706,0,-1,-1
61612,Oreficeria: Anello di Cristallo Scolpito,,40766,0,0,-1,1,0,0,0,0,2757,25,0,0,0,34427,125,837,0,3,34144576,0,268435458,57559,62706,0,-1,-1
61613,Conciatura: Pugni Rinforzati d'Ossa,,40767,0,0,-1,1,0,0,0,0,2758,25,0,0,0,34428,117,837,0,3,34144576,0,268435458,57559,62706,0,-1,-1
61614,Scuoiatura: Carapace Robusto,,40768,0,0,-1,1,0,0,0,0,2762,25,0,0,0,34430,124,837,0,3,34144576,0,268435458,57559,62706,0,-1,-1
61615,Sartoria: Cappuccio Infestante,,40769,0,0,-1,1,0,0,0,0,2759,25,0,0,0,34431,121,837,0,3,34144576,0,268435458,57559,62706,0,-1,-1
61619,Alchimia: Elisir dell'Umiltà,,40772,0,0,-1,1,0,0,0,0,2750,25,0,0,0,34447,118,837,0,3,34144576,0,268435458,57559,62706,0,-1,-1
61620,Forgiatura: Manette Orgogliose,,40773,0,0,-1,1,0,0,0,0,2751,25,0,0,0,34448,116,837,0,3,34144576,0,268435458,57559,62706,0,-1,-1
61621,Cucina: Carni allo Spiedo,,40774,0,0,-1,1,0,0,0,0,2752,25,0,0,0,34449,131,837,0,3,34144576,0,268435458,57559,62706,0,-1,-1
61622,Ingegneria: Pistola del Duellante,,40775,0,0,-1,1,0,0,0,0,2755,25,0,0,0,34450,122,837,0,3,34144576,0,268435458,57559,62706,0,-1,-1
61623,Pesca: Cernia Golasangue,,40776,0,0,-1,1,0,0,0,0,2754,25,0,0,0,34440,130,837,0,3,34144576,0,268435458,57559,62706,0,-1,-1
61624,Runografia: Catalogo dei Peccati,,40777,0,0,-1,1,0,0,0,0,2756,25,0,0,0,34442,126,837,0,3,34144576,0,268435458,57559,62706,0,-1,-1
61625,Oreficeria: Girocollo Sinistro,,40778,0,0,-1,1,0,0,0,0,2757,25,0,0,0,34443,125,837,0,3,34144576,0,268435458,57559,62706,0,-1,-1
61626,Conciatura: Stivali di Cuoio Raffinati,,40779,0,0,-1,1,0,0,0,0,2758,25,0,0,0,34439,117,837,0,3,34144576,0,268435458,57559,62706,0,-1,-1
61627,Scuoiatura: Pelle di Cuoio Orripilante,,40780,0,0,-1,1,0,0,0,0,2762,25,0,0,0,34445,124,837,0,3,34144576,0,268435458,57559,62706,0,-1,-1
61628,Sartoria: Arazzo Minaccioso,,40781,0,0,-1,1,0,0,0,0,2759,25,0,0,0,34446,121,837,0,3,34144576,0,268435458,57559,62706,0,-1,-1
61629,Incantamento: Mira Assoluta,,40782,0,0,-1,1,0,0,0,0,2753,25,0,0,0,34418,123,837,0,3,34144576,0,268435458,57559,62706,0,-1,-1
61630,Incantamento: Marchio Inestinguibile,,40783,0,0,-1,1,0,0,0,0,2753,25,0,0,0,34438,123,837,0,3,34144576,0,268435458,57559,62706,0,-1,-1
61631,Che rimanga tra i Drust,,40784,87323,0,-1,1,0,0,0,0,0,0,0,0,0,34022,109,2060,0,3,36241664,0,268435456,57559,62706,0,-1,-1
61667,Forgiato in segreto,,40820,88288,0,-1,0,0,0,0,0,0,0,0,0,0,33288,109,837,0,3,40435968,8192,268435456,0,0,0,-1,-1
61689,Una crisi di memoria,,40842,88580,0,-1,1,0,0,0,0,0,0,0,0,0,33389,109,2060,0,3,37290240,0,268435456,57559,62706,0,-1,-1
61699,La casata della poltiglia,,40852,79255,0,-1,1,0,0,0,0,0,0,0,0,0,33397,109,837,0,3,107544832,8192,268435456,57559,62706,0,-1,-1
61708,Assorbimento Veleno,,40861,88843,0,-1,0,0,0,0,0,0,0,0,0,0,34161,109,837,0,3,8061184,8192,268435456,0,0,0,-1,-1
61717,Pifferaio dei gormini: Pozze Placide,,40870,79261,0,-1,1,0,0,0,0,0,0,0,0,0,33410,109,2060,0,3,108724480,0,268435456,57559,62706,0,-1,-1
61728,Valis il Crudele,,40880,73557,0,-1,0,0,0,0,0,0,0,0,0,0,33423,0,742,0,3,36241792,0,268439552,0,0,0,-1,-1
61738,Corte delle Braci: I Caliceamaro,,41023,84511,0,-1,0,0,0,0,0,0,0,0,0,0,0,0,2060,0,2,39976960,0,268435976,0,0,0,-1,-1
61765,Parole di protezione,,40914,88668,0,-1,0,0,0,0,0,0,0,0,0,0,33471,1,742,0,2,35783048,32768,268435968,0,0,0,-1,-1
61783,Maxibotto,,40932,73555,0,-1,0,0,0,0,0,0,0,0,0,0,33473,115,837,0,3,3735808,0,268435456,0,0,0,-1,-1
61784,Alture del Bastione,,40933,132428,0,-1,0,0,0,0,0,0,0,0,0,0,33474,115,837,0,3,3735808,0,268435456,0,0,0,-1,-1
61787,Miniforza di Difesa,,40936,73555,0,-1,0,0,0,0,0,0,0,0,0,0,33476,115,837,0,3,3735808,0,268435456,0,0,0,-1,-1
61791,Mascotte Leali di Thenia,,40940,73555,0,-1,0,0,0,0,0,0,0,0,0,0,33477,115,837,0,3,3735808,0,268435456,0,0,0,-1,-1
61813,"Valinor, la Luce degli Eoni",,40962,98713,0,-1,1,0,0,0,0,0,0,0,0,0,33483,112,2060,0,3,37290304,0,268435456,57559,62706,0,-1,-1
61814,Nurgash Tuttomuco,,40963,98713,0,-1,1,0,0,0,0,0,0,0,0,0,33484,112,2060,0,3,37290304,0,268435456,57559,62706,0,-1,-1
61815,Oranomonos la Ramificante,,40964,98713,0,-1,1,0,0,0,0,0,0,0,0,0,33485,112,2060,0,3,37290304,0,268435456,57559,62706,0,-1,-1
61816,Mortanis,,40965,98713,0,-1,1,0,0,0,0,0,0,0,0,0,33486,112,2060,0,3,37290304,0,268435456,57559,62706,0,-1,-1
61841,La casata della poltiglia,,42458,79255,0,-1,1,0,0,0,0,0,0,0,0,0,33492,109,837,0,3,107544832,8192,268435456,57559,62706,0,-1,-1
61866,I potenti servitori di Maldraxxus,,41014,132428,0,-1,0,0,0,0,0,0,0,0,0,0,33502,115,837,0,3,3735808,0,268435456,0,0,0,-1,-1
61867,Pezzi aggiuntivi,,41015,73555,0,-1,0,0,0,0,0,0,0,0,0,0,33503,115,837,0,3,3735808,0,268435456,0,0,0,-1,-1
61868,Una copertura spiacevole,,41016,73555,0,-1,0,0,0,0,0,0,0,0,0,0,33504,115,837,0,3,3735808,0,268435456,0,0,0,-1,-1
61870,Esperimento fallito,,41018,73555,0,-1,0,0,0,0,0,0,0,0,0,0,33505,115,837,0,3,3735808,0,268435456,0,0,0,-1,-1
61879,Cenere alla cenere,,41028,73555,0,-1,0,0,0,0,0,0,0,0,0,0,33516,115,837,0,3,3735808,0,268435456,0,0,0,-1,-1
61880,Presenza onorata,,41029,84863,0,-1,0,0,0,0,0,0,0,0,0,0,0,0,2060,0,2,306315264,8192,268435976,61704,0,0,-1,-1
61882,Intrattenimento Formale,,41031,84872,0,-1,0,0,0,0,0,0,0,0,0,0,0,0,2060,0,2,306315264,8192,268435976,61706,0,0,-1,-1
61883,Sopravvissuti resilienti,,41032,132428,0,-1,0,0,0,0,0,0,0,0,0,0,33519,115,837,0,3,3735808,0,268435456,0,0,0,-1,-1
61884,Rinfreschi Formali,,41048,84877,0,-1,0,0,0,0,0,0,0,0,0,0,0,0,2060,0,2,306315264,8192,268435976,61705,0,0,-1,-1
61885,Gli amici speciali di Aigor,,41049,73555,0,-1,0,0,0,0,0,0,0,0,0,0,33520,115,837,0,3,3735808,0,268435456,0,0,0,-1,-1
61886,I Giochi Mentali di Addius,,41050,73555,0,-1,0,0,0,0,0,0,0,0,0,0,33521,115,2060,0,3,3735808,0,268435456,0,0,0,-1,-1
61946,Difensori naturali,,41108,73555,0,-1,0,0,0,0,0,0,0,0,0,0,33530,115,837,0,3,3735808,0,268435456,0,0,0,-1,-1
61947,In attesa nell'ombra,,41109,73555,0,-1,0,0,0,0,0,0,0,0,0,0,33531,115,837,0,3,3735808,0,268435456,0,0,0,-1,-1
61948,Forza di difesa aerea,,41110,132428,0,-1,0,0,0,0,0,0,0,0,0,0,33532,115,837,0,3,3735808,0,268435456,0,0,0,-1,-1
61949,Ingannatori di Selvarden,,41111,73555,0,-1,0,0,0,0,0,0,0,0,0,0,33533,115,837,0,3,3735808,0,268435456,0,0,0,-1,-1
61964,Missione settimanale della Torre del Carceriere di Aubrie,,41125,0,0,-1,0,0,0,0,0,0,0,0,0,0,0,0,0,0,3,34177024,0,268435456,0,0,0,-1,-1
61967,Lezioni riparatrici,,41128,0,0,-1,1,0,0,0,0,0,0,0,0,0,33540,109,2060,0,3,36372736,8192,268435456,57559,62706,0,-1,-1
61996,Di' la parolina magica,,41154,87380,0,-1,0,0,0,0,0,0,0,0,0,182474,0,0,2060,0,2,37781512,8192,268435968,57600,0,0,-1,-1
61997,Tracking Quest,,41155,0,0,-1,0,0,0,0,0,0,0,0,0,0,0,0,2060,0,2,33588224,0,512,0,0,0,-1,-1
62051,Lancio del Gormino: Radura dello Spirito,,41209,88074,0,-1,1,0,0,0,0,0,0,0,0,0,33593,109,2060,0,3,104530176,0,268435456,57559,62706,0,-1,-1
62058,"Centurioni, uniti!",,41216,85106,0,-1,1,0,0,0,0,0,0,0,0,0,33595,109,2060,0,3,37290240,0,268435456,57559,62706,0,-1,-1
62068,Pifferaio dei Gormini: Cresta Sbriciolata,,41221,79261,0,-1,1,0,0,0,0,0,0,0,0,0,33604,109,837,0,3,108724480,0,268435456,57559,62706,0,-1,-1
62110,Imbucati,,42807,78577,0,-1,0,0,0,0,0,0,0,0,0,0,32041,272,2060,0,3,36245504,524288,268447744,0,0,0,-1,-1
62111,Drezgruda,,42812,78577,0,-1,0,0,0,0,0,0,0,0,0,0,32041,272,2060,0,3,36245504,524288,268447744,0,0,0,-1,-1
62112,Impiastro,,42811,78578,0,-1,0,0,0,0,0,0,0,0,0,0,32041,272,2060,0,3,36245504,524288,268447744,0,0,0,-1,-1
62113,Imbucati,,42806,78578,0,-1,0,0,0,0,0,0,0,0,0,0,32041,272,2060,0,3,36245504,524288,268447744,0,0,0,-1,-1
62114,Mangiapeccati,,42810,78579,0,-1,0,0,0,0,0,0,0,0,0,0,32041,272,2060,0,3,36245504,524288,268447744,0,0,0,-1,-1
62115,Imbucati,,42805,78579,0,-1,0,0,0,0,0,0,0,0,0,0,32041,272,2060,0,3,36245504,524288,268447744,0,0,0,-1,-1
62116,Kedu,,42809,82447,0,-1,0,0,0,0,0,0,0,0,0,0,32041,272,2060,0,3,36245504,524288,268447744,0,0,0,-1,-1
62117,Imbucati,,42804,82447,0,-1,0,0,0,0,0,0,0,0,0,0,32041,272,2060,0,3,36245504,524288,268447744,0,0,0,-1,-1
62118,Candele Tradizionali,,42819,78485,0,-1,0,0,0,0,0,0,0,0,0,0,32041,272,2060,0,3,36245504,524288,268447744,0,0,0,-1,-1
62119,Fuochi Fragorosi,,42818,78485,0,-1,0,0,0,0,0,0,0,0,0,0,32041,272,2060,0,3,36245504,524288,268447744,0,0,0,-1,-1
62120,Ricordi Rubati,,42817,78486,0,-1,0,0,0,0,0,0,0,0,0,0,32041,272,2060,0,3,36245504,524288,268447744,0,0,0,-1,-1
62121,Giustizia del Cartello Ta,,42816,78486,0,-1,0,0,0,0,0,0,0,0,0,0,32041,272,2060,0,3,36245504,524288,268447744,0,0,0,-1,-1
62122,Specchi del Mistero,,42815,78487,0,-1,0,0,0,0,0,0,0,0,0,0,32041,272,2060,0,3,36245504,524288,268447744,0,0,0,-1,-1
62123,Fuga di Prigione,,42814,78487,0,-1,0,0,0,0,0,0,0,0,0,0,32041,272,2060,0,3,36245504,524288,268447744,0,0,0,-1,-1
62124,Rituale dell'Accusa,,42825,78553,0,-1,0,0,0,0,0,0,0,0,0,0,32041,272,2060,0,3,36245504,524288,268447744,0,0,0,-1,-1
62125,Rituale dell'Assoluzione,,42824,78553,0,-1,0,0,0,0,0,0,0,0,0,0,32041,272,2060,0,3,36245504,524288,268447744,0,0,0,-1,-1
62126,Soccorso Animale,,42823,78554,0,-1,0,0,0,0,0,0,0,0,0,0,32041,272,2060,0,3,36245504,524288,268447744,0,0,0,-1,-1
62127,In Sella verso l'Orizzonte Selvaggio,,42822,78554,0,-1,0,0,0,0,0,0,0,0,0,0,32041,272,2060,0,3,36245504,524288,268447744,0,0,0,-1,-1
62128,Inizio del Concerto,,42821,78555,0,-1,0,0,0,0,0,0,0,0,0,0,32041,272,2060,0,3,36245504,524288,268447744,0,0,0,-1,-1
62129,Danza per Amore,,42820,78555,0,-1,0,0,0,0,0,0,0,0,0,0,32041,272,2060,0,3,36245504,524288,268447744,0,0,0,-1,-1
62130,Un Momento Tranquillo,,42832,78557,0,-1,0,0,0,0,0,0,0,0,0,0,32041,272,2060,0,3,36245504,524288,268447744,0,0,0,-1,-1
62132,Battaglia di Cibo,,42829,78558,0,-1,0,0,0,0,0,0,0,0,0,0,32041,272,2060,0,3,36245504,524288,268447744,0,0,0,-1,-1
62133,Fatto su Misura,,42828,78558,0,-1,0,0,0,0,0,0,0,0,0,0,32041,272,2060,0,3,36245504,524288,268447744,0,0,0,-1,-1
62134,Abbassa le tue Aspettative,,42827,78559,0,-1,0,0,0,0,0,0,0,0,0,0,32041,272,2060,0,3,36245504,524288,268447744,0,0,0,-1,-1
62135,Esperimenti Fungini,,42826,78559,0,-1,0,0,0,0,0,0,0,0,0,0,32041,272,2060,0,3,36245504,524288,268447744,0,0,0,-1,-1
62136,Piantagrani,,42839,85050,0,-1,0,0,0,0,0,0,0,0,0,0,32041,272,2060,0,3,36245504,524288,268447744,0,0,0,-1,-1
62137,Brindisi di Teotar,,42838,85051,0,-1,0,0,0,0,0,0,0,0,0,0,32041,272,2060,0,3,36245504,524288,268447744,0,0,0,-1,-1
62138,Frantumatore della Corte,,42837,85052,0,-1,0,0,0,0,0,0,0,0,0,0,32041,272,2060,0,3,36245504,524288,268447744,0,0,0,-1,-1
62139,Sbattibock,,42836,85053,0,-1,0,0,0,0,0,0,0,0,0,0,32041,272,2060,0,3,36245504,524288,268447744,0,0,0,-1,-1
62140,Provocatore Venthyr,,42835,85054,0,-1,0,0,0,0,0,0,0,0,0,0,32041,272,2060,0,3,36245504,524288,268447744,0,0,0,-1,-1
62141,Foruncolo Ribollente,,42834,85055,0,-1,0,0,0,0,0,0,0,0,0,0,32041,272,2060,0,3,36245504,524288,268447744,0,0,0,-1,-1
62142,Terrore dei Cieli delle Braci,,42833,85056,0,-1,0,0,0,0,0,0,0,0,0,0,32041,272,2060,0,3,36245504,524288,268447744,0,0,0,-1,-1
62143,Assassinio del Colonnello Mort,,42847,85057,0,-1,0,0,0,0,0,0,0,0,0,0,32041,272,2060,0,3,36245504,524288,268447744,0,0,0,-1,-1
62144,Eredità di pietra,,42846,85058,0,-1,0,0,0,0,0,0,0,0,0,0,32041,272,2060,0,3,36245504,524288,268447744,0,0,0,-1,-1
62145,Moda Criminale,,42845,85059,0,-1,0,0,0,0,0,0,0,0,0,0,32041,272,2060,0,3,36245504,524288,268447744,0,0,0,-1,-1
62146,Un Po' Più Confortevole,,42844,85060,0,-1,0,0,0,0,0,0,0,0,0,0,32041,272,2060,0,3,36245504,524288,268447744,0,0,0,-1,-1
62147,Pesti della Festa,,42843,85061,0,-1,0,0,0,0,0,0,0,0,0,0,32041,272,2060,0,3,36245504,524288,268447744,0,0,0,-1,-1
62148,Pioggia d'Animum,,42842,85062,0,-1,0,0,0,0,0,0,0,0,0,0,32041,272,2060,0,3,36245504,524288,268447744,0,0,0,-1,-1
62149,[DNT],,42841,85063,0,-1,0,0,0,0,0,0,0,0,0,0,32041,272,2060,0,3,36245504,524288,268447744,0,0,0,-1,-1
62150,[DNT],,42840,85064,0,-1,0,0,0,0,0,0,0,0,0,0,32041,272,2060,0,3,36245504,524288,268447744,0,0,0,-1,-1
62171,Ora del Tè,,42830,78557,0,-1,0,0,0,0,0,0,0,0,0,0,32041,272,2060,0,3,36245504,524288,268447744,0,0,0,-1,-1
62194,Parole da guerra,,41282,87379,0,-1,0,0,0,0,0,0,0,0,0,182474,0,0,2060,0,2,39878664,8192,268435968,57600,0,0,-1,-1
62195,L'ultima parola,,41284,87378,0,-1,0,0,0,0,0,0,0,0,0,182474,0,0,2060,0,2,37781512,8192,268435968,57600,0,0,-1,-1
62203,Disturbi Speculari,,41291,79970,0,-1,0,0,0,0,0,0,0,0,0,0,33668,109,837,0,3,40435968,0,268435456,0,0,0,-1,-1
62204,Disturbi Speculari,,41292,79970,0,-1,0,0,0,0,0,0,0,0,0,0,33669,109,837,0,3,40435968,0,268435456,0,0,0,-1,-1
62209,Maestro dei Segugi Vasanok,,41297,73557,0,-1,0,0,0,0,0,0,0,0,0,0,33926,0,742,0,3,36241856,0,268439552,0,0,0,-1,-1
62210,Sanngror il Torturatore,,41298,73557,0,-1,0,0,0,0,0,0,0,0,0,0,33927,0,742,0,3,36241856,0,268439552,0,0,0,-1,-1
62211,La Madre della Stirpe Brulicante,,41299,73557,0,-1,0,0,0,0,0,0,0,0,0,0,33925,0,742,0,3,36241856,0,268439552,0,0,0,-1,-1
62212,Tracking Quest,,41300,0,0,-1,0,0,0,0,0,0,0,0,0,0,0,0,2060,0,2,33588224,0,512,0,0,0,-1,-1
62214,Forze della perdizione,,41302,88668,0,-1,0,0,0,0,0,0,0,0,0,0,33675,1,742,0,2,35651976,32768,268435968,0,0,0,-1,-1
62215,Tracking Quest,,41303,0,0,-1,0,0,0,0,0,0,0,0,0,0,0,0,2060,0,2,33588224,0,512,0,0,0,-1,-1
62233,Tracking Quest,,41317,0,0,-1,0,0,0,0,0,0,0,0,0,0,0,0,2060,0,2,33588224,0,512,0,0,0,-1,-1
62234,L'energia del Colosso,,41318,88668,0,-1,0,0,0,0,0,0,0,0,0,0,33682,1,742,0,2,35651976,32768,268435968,0,0,0,-1,-1
62235,Fugare le paure,,41319,73555,0,-1,0,0,0,0,0,0,0,0,0,0,33681,109,837,0,3,40567040,8192,268435456,0,0,0,-1,-1
62239,Rimozione roditori,,41322,88669,0,-1,0,0,0,0,0,0,0,0,0,183105,34295,0,742,0,2,35782792,32768,268435968,0,0,0,-1,-1
62241,Sessione di addestramento,,41324,88025,0,-1,0,0,0,0,0,0,0,0,0,0,33697,109,837,0,3,40435968,0,268435456,0,0,0,-1,-1
62253,Tracking Quest,,41335,0,0,-1,0,0,0,0,0,0,0,0,0,0,0,0,2060,0,2,33588224,0,512,0,0,0,-1,-1
62257,Tracking Quest,,41339,0,0,-1,0,0,0,0,0,0,0,0,0,0,0,0,2060,0,2,33588224,0,512,0,0,0,-1,-1
62258,Volando sul Bastione,,41340,88024,0,-1,0,0,0,0,0,0,0,0,0,0,33698,109,837,0,3,40435968,0,268435456,0,0,0,-1,-1
62262,Nutrimento fungino,,41344,83703,0,-1,0,0,0,0,0,0,0,0,0,0,33706,0,1401,0,2,33554440,32768,268435968,0,0,0,-1,-1
62280,Limbo,,41361,85543,0,-1,0,0,0,0,0,0,0,0,0,0,33720,109,2060,0,3,104399104,0,268435456,0,0,0,-1,-1
62290,Tracking Quest,,41371,0,0,-1,0,0,0,0,0,0,0,0,0,0,0,0,2060,0,2,33588224,0,512,0,0,0,-1,-1
62295,Ripulire la volta,,41374,83700,0,-1,0,0,0,0,0,0,0,0,0,0,33731,0,1401,0,2,33554440,32768,268435968,0,0,0,-1,-1
62362,Reazioni instabili,,41424,79684,0,-1,5,0,0,0,0,0,0,0,0,0,33771,0,837,0,2,39846152,40960,268435968,0,0,0,-1,-1
62363,Sollevamento armi,,41425,79684,0,-1,5,0,0,0,0,0,0,0,0,0,33772,0,837,0,2,39846152,40960,268435968,0,0,0,-1,-1
62364,Conoscenza terribile,,41426,79684,0,-1,5,0,0,0,0,0,0,0,0,0,33780,0,837,0,2,39846152,40960,268435968,0,0,0,-1,-1
62365,Creazioni fragili,,41427,83700,0,-1,0,0,0,0,0,0,0,0,0,0,33781,0,1401,0,2,33554440,32768,268435968,0,0,0,-1,-1
62390,Trovare il corpo,,41451,79684,0,-1,5,0,0,0,0,0,0,0,0,0,33797,0,837,0,2,39846152,40960,268435968,0,0,0,-1,-1
62411,Tracking Quest,,41472,0,0,-1,0,0,0,0,0,0,0,0,0,0,0,0,2060,0,2,33555456,0,512,0,0,0,-1,-1
62451,Assalto al Vestibolo,,41510,87182,0,-1,1,0,0,0,0,0,0,0,0,0,33850,109,837,0,3,3735808,0,268435456,57559,62706,0,-1,-1
62473,Usato e ricondizionato,,41532,83700,0,-1,0,0,0,0,0,0,0,0,0,0,33859,0,1401,0,2,33554440,32768,268435968,0,0,0,-1,-1
62484,Consegna in corso,,41543,83700,0,-1,0,0,0,0,0,0,0,0,0,183795,33864,0,1401,0,2,37748744,32768,268435968,0,0,0,-1,-1
62535,Tracking Quest,,41594,0,0,-1,0,0,0,0,0,0,0,0,0,0,0,0,2060,0,2,33555456,0,512,0,0,0,-1,-1
62539,Inceneritore Stigio,,41598,73557,0,-1,0,0,0,0,0,0,0,0,0,0,33880,0,742,0,3,36241856,0,268439552,0,0,0,-1,-1
62553,Ritardare i loro sforzi,,41610,83703,0,-1,0,0,0,0,0,0,0,0,0,0,33446,0,1401,0,2,37748744,32768,268435968,0,0,0,-1,-1
62584,Rifornimenti per il fronte,,41636,83700,0,-1,0,0,0,0,0,0,0,0,0,0,33890,0,1401,0,2,39845896,32768,268435968,0,0,0,-1,-1
62618,Odalrik,,41669,73557,0,-1,0,0,0,0,0,0,0,0,0,0,0,0,742,0,3,36245888,0,268439552,0,0,0,-1,-1
62691,Convocazione a Revendreth,,44340,70102,0,-1,131073,0,0,0,0,0,0,0,0,0,0,271,2060,0,2,103809280,0,268435464,62695,62699,0,-1,-1
62692,Convocazione al Bastione,,44339,70101,0,-1,131073,0,0,0,0,0,0,0,0,0,0,271,2060,0,2,103809280,0,268435464,62698,62699,0,-1,-1
62693,Convocazione a Selvarden,,44337,70103,0,-1,131073,0,0,0,0,0,0,0,0,0,0,271,2060,0,2,103809280,0,268435456,62697,62699,0,-1,-1
62694,Convocazione a Maldraxxus,,44338,70104,0,-1,131073,0,0,0,0,0,0,0,0,0,0,271,2060,0,2,103809280,0,268435456,62835,62699,0,-1,-1
62705,Perlustrare il Tempio,,41744,87994,0,-1,0,0,0,0,0,0,0,0,0,0,0,0,1707,0,3,36372480,16384,268435968,0,0,0,-1,-1
62712,Guerra di logoramento,,41751,87995,0,-1,0,0,0,0,0,0,0,0,0,0,0,0,1707,0,3,40566784,8192,268435968,0,0,0,-1,-1
62720,Albero Caduto,,41759,88877,0,-1,0,0,0,0,0,0,0,0,0,0,0,0,1707,0,3,36241408,0,268435968,62713,0,0,-1,-1
62721,Decostruire il problema,,41760,87995,0,-1,0,0,0,0,0,0,0,0,0,0,0,0,1707,0,3,40566784,8192,268435968,0,0,0,-1,-1
62723,Supporto al Bastione,,41762,86994,0,-1,1,0,0,0,0,0,0,0,0,0,0,0,1707,0,2,35127296,2048,268435968,0,0,0,-1,-1
62724,Ye Olde Test of Strength,,41763,0,0,-1,0,0,0,0,0,0,0,0,0,0,0,0,0,0,3,33554440,0,268435456,0,0,0,-1,-1
62726,Ye Olde Test of Fortitude,,41765,0,0,-1,0,0,0,0,0,0,0,0,0,0,0,0,0,0,3,33554440,0,268435456,0,0,0,-1,-1
62732,Focus sul Locus,,41770,87994,0,-1,0,0,0,0,0,0,0,0,0,0,0,0,1707,0,3,40435712,16384,268435968,0,0,0,-1,-1
62735,Ricordi ostili,,41773,87994,0,-1,0,0,0,0,0,0,0,0,0,0,0,0,1707,0,3,40435712,16384,268435968,0,0,0,-1,-1
62736,Ingiunzione di sfratto dei Maldraxxi,,41774,87994,0,-1,0,0,0,0,0,0,0,0,0,0,0,0,1707,0,3,36372480,16384,268435968,0,0,0,-1,-1
62737,Aspirante per un giorno,,41775,87994,0,-1,0,0,0,0,0,0,0,0,0,0,0,0,1707,0,3,36372480,16384,268435968,0,0,0,-1,-1
62741,Scelta di agire,,41779,87995,0,-1,0,0,0,0,0,0,0,0,0,0,0,0,1707,0,3,40566784,8192,268435968,0,0,0,-1,-1
62742,Evitali come la peste,,41780,87995,0,-1,0,0,0,0,0,0,0,0,0,0,0,0,1707,0,3,40566784,8192,268435968,0,0,0,-1,-1
62743,Situazione decadente,,41781,87995,0,-1,0,0,0,0,0,0,0,0,0,0,0,0,1707,0,3,6881280,8192,268435968,0,0,0,-1,-1
62748,Adunata a Maldraxxus,,41786,86994,0,-1,1,0,0,0,0,0,0,0,0,0,0,0,1707,0,2,35127552,0,268435968,0,0,0,-1,-1
62763,Assistere la Corte,,41802,86994,0,-1,1,0,0,0,0,0,0,0,0,0,0,0,1707,0,2,35127552,0,268435968,0,0,0,-1,-1
62773,Bacino del Tempionirico,,41812,87993,0,-1,0,0,0,0,0,0,0,0,0,0,0,0,1707,0,3,37289984,0,268435968,62713,0,0,-1,-1
62774,Pozze Placide,,41813,87993,0,-1,0,0,0,0,0,0,0,0,0,179921,0,0,1707,0,3,37421056,8192,268435968,62713,0,0,-1,-1
62775,Il Bosco Calante,,41814,87993,0,-1,0,0,0,0,0,0,0,0,0,0,0,0,1707,0,3,36241408,0,268435968,62713,0,0,-1,-1
62778,Rinforzi per Revendreth,,41817,86994,0,-1,1,0,0,0,0,0,0,0,0,0,0,0,1707,0,2,35127552,0,268435968,0,0,0,-1,-1
62780,Parassiti della realtà,,41819,87998,0,-1,0,0,0,0,0,0,0,0,0,0,0,0,1707,0,3,36241408,0,268435968,62713,0,0,-1,-1
62781,La gioia della cenere,,41820,87998,0,-1,0,0,0,0,0,0,0,0,0,0,0,0,1707,0,3,36241408,0,268435968,62713,0,0,-1,-1
62782,La Foresta della Rovina,,41821,87998,0,-1,0,0,0,0,0,0,0,0,0,0,0,0,1707,0,3,36241408,0,268435968,62713,0,0,-1,-1
62783,Seguire la paura,,41822,87998,0,-1,0,0,0,0,0,0,0,0,0,0,0,0,1707,0,3,36241408,0,268435968,62713,0,0,-1,-1
62784,I ciarlatani della cerimonia,,41823,87998,0,-1,0,0,0,0,0,0,0,0,0,0,0,0,1707,0,3,36241408,0,268435968,62713,0,0,-1,-1
63031,Acquisizione: Stigia Cristallizzata,,42051,88666,0,-1,0,0,0,0,0,0,0,0,0,184510,34279,0,742,0,2,35651976,32768,268435968,0,0,0,-1,-1
63038,Consegna garantita,,42052,88574,0,-1,0,0,0,0,0,0,0,0,0,184513,34297,1,742,0,2,308281480,41024,268435968,0,0,0,-1,-1
63039,Monumento alla vendetta,,42053,88666,0,-1,0,0,0,0,0,0,0,0,0,0,34280,0,742,0,2,35651976,32768,268435968,0,0,0,-1,-1
63040,Consegna garantita,,42054,88574,0,-1,0,0,0,0,0,0,0,0,0,184513,34298,1,742,0,2,308281480,40960,268435968,0,0,0,-1,-1
63042,Anima allo Sbando,,42056,21439,0,-1,0,0,0,0,0,0,0,0,0,0,0,273,742,0,3,34082816,67108864,268447744,0,0,0,-1,-1
63043,Anime lacerate,,42057,88666,0,-1,0,0,0,0,0,0,0,0,0,0,34283,0,742,0,2,39911816,32768,268435968,0,0,0,-1,-1
63044,Zampillaratti,,42058,73557,0,-1,0,0,0,0,0,0,0,0,0,0,34170,0,742,0,3,36241792,0,268439552,0,0,0,-1,-1
63045,Nutrimento per l'anima,,42059,88574,0,-1,0,0,0,0,0,0,0,0,0,0,34296,1,742,0,2,39846024,40960,268435968,0,0,0,-1,-1
63047,Acquisizione: Catene Runaforgiate,,42061,88666,0,-1,0,0,0,0,0,0,0,0,0,184552,34282,0,742,0,2,304087176,32768,268435968,0,0,0,-1,-1
63050,Acquisizione: Lingotti Fiammeggianti,,42064,88666,0,-1,0,0,0,0,0,0,0,0,0,184556,34284,0,742,0,2,304087176,32768,268435968,0,0,0,-1,-1
63062,Raccolta di tormenti,,42077,88666,0,-1,0,0,0,0,0,0,0,0,0,0,34281,0,742,0,2,35651720,40960,268435968,0,0,0,-1,-1
63069,Informazioni preziose,,42082,88669,0,-1,0,0,0,0,0,0,0,0,0,0,34277,0,742,0,2,35651720,32768,268435968,0,0,0,-1,-1
63072,Acquisizione: Minerale di Stigia,,42085,88669,0,-1,0,0,0,0,0,0,0,0,0,0,34278,0,742,0,2,35651720,32768,268435968,0,0,0,-1,-1
63100,Sofferenze indicibili,,42113,88666,0,-1,0,0,0,0,0,0,0,0,0,0,34276,0,742,0,2,35717256,32768,268435968,0,0,0,-1,-1
63166,Il destino delle ombre,,42178,88666,0,-1,0,0,0,0,0,0,0,0,0,0,34299,0,742,0,2,39846024,32768,268435968,0,0,0,-1,-1
63179,Annegati e fatti a pezzi,,42191,88666,0,-1,0,0,0,0,0,0,0,0,0,0,34300,0,742,0,2,39846024,32832,268435968,0,0,0,-1,-1
63206,Gusci senz'anima,,42217,88667,0,-1,0,0,0,0,0,0,0,0,0,0,34305,0,742,0,2,35783048,32768,268435968,0,0,0,-1,-1
63543,Assalto dei Necrosignori,,42555,91090,0,-1,0,0,0,0,0,0,0,0,0,0,34594,268,2060,0,3,40436032,532480,268435456,0,0,0,-1,-1
63544,Maldraxxus Assault Complete,,42556,0,0,-1,0,0,0,0,0,0,0,0,0,0,0,0,2043,0,3,33555456,0,8,0,0,0,-1,-1
63685,L'amicizia con il Custode delle Cripte Kassir,,42695,89768,0,-1,0,0,0,0,0,0,0,0,0,0,0,0,2060,0,0,2097152,128,268435976,0,0,0,-1,-1
63686,L'amicizia con la Baronessa Vashj,,42696,89770,0,-1,0,0,0,0,0,0,0,0,0,0,0,0,2060,0,0,2097152,128,268435976,0,0,0,-1,-1
63687,L'amicizia con Dama Baccaluna,,42697,89771,0,-1,0,0,0,0,0,0,0,0,0,0,0,0,2060,0,0,2097152,128,268435976,0,0,0,-1,-1
63688,L'amicizia con Mikanikos,,42698,89772,0,-1,0,0,0,0,0,0,0,0,0,0,0,0,2060,0,0,2097152,128,268435976,0,0,0,-1,-1
63689,L'amicizia con la Contessa,,42699,89773,0,-1,0,0,0,0,0,0,0,0,0,0,0,0,2060,0,0,2097152,128,268435976,0,0,0,-1,-1
63690,L'amicizia con Alexandros Mograine,,42700,89774,0,-1,0,0,0,0,0,0,0,0,0,0,0,0,2060,0,0,2097152,128,268435976,0,0,0,-1,-1
63691,L'amicizia con il Capitano della Caccia Korayn,,42701,89775,0,-1,0,0,0,0,0,0,0,0,0,0,0,0,2060,0,0,2097152,128,268435976,0,0,0,-1,-1
63692,L'amicizia con il Polemarco Adrestes,,42702,89776,0,-1,0,0,0,0,0,0,0,0,0,0,0,0,2060,0,0,2097152,128,268435976,0,0,0,-1,-1
63693,L'amicizia con Squartacus e Mazzafaccia,,42703,89777,0,-1,0,0,0,0,0,0,0,0,0,0,0,0,2060,0,0,2097152,128,268435976,0,0,0,-1,-1
63694,L'amicizia con Chufa,,42704,89778,0,-1,0,0,0,0,0,0,0,0,0,0,0,0,2060,0,0,2097152,128,268435976,0,0,0,-1,-1
63695,L'amicizia con il Droman Aliothe,,42705,89779,0,-1,0,0,0,0,0,0,0,0,0,0,0,0,2060,0,0,2097152,128,268435976,0,0,0,-1,-1
63696,L'amicizia con il Gran Maestro Vole,,42706,89780,0,-1,0,0,0,0,0,0,0,0,0,0,0,0,2060,0,0,2097152,128,268435976,0,0,0,-1,-1
63697,L'amicizia con Kleia e Pelagos,,42707,89781,0,-1,0,0,0,0,0,0,0,0,0,0,0,0,2060,0,0,2097152,128,268435976,0,0,0,-1,-1
63698,L'amicizia con l'Architetto della Piaga Marileth,,42708,89782,0,-1,0,0,0,0,0,0,0,0,0,0,0,0,2060,0,0,2097152,128,268435976,0,0,0,-1,-1
63699,L'amicizia con Sika,,42709,89783,0,-1,0,0,0,0,0,0,0,0,0,0,0,0,2060,0,0,2097152,128,268435976,0,0,0,-1,-1
63700,L'amicizia con Testaroccia,,42710,89784,0,-1,0,0,0,0,0,0,0,0,0,0,0,0,2060,0,0,2097152,128,268435976,0,0,0,-1,-1
63775,Chiavi e Crittogrammi,,42767,92685,0,-1,0,0,0,0,0,0,0,0,0,0,34999,0,2043,0,2,35651720,32768,268435968,0,0,0,-1,-1
63776,Registri osservazionali,,42768,90234,0,-1,0,0,0,0,0,0,0,0,0,0,35064,0,2043,0,2,35651720,32768,268435968,0,0,0,-1,-1
63777,Segreti sigillati,,42769,90234,0,-1,0,0,0,0,0,0,0,0,0,0,35008,0,2043,0,2,35651720,32768,268435968,0,0,0,-1,-1
63778,Andiamo Avanti,,42770,92685,0,-1,0,0,0,0,0,0,0,0,0,0,35002,0,2043,0,2,35651720,32768,268435968,0,0,0,-1,-1
63779,Una parvenza di normalità,,42771,92685,0,-1,0,0,0,0,0,0,0,0,0,0,35003,0,2043,0,2,35651720,32768,268435968,0,0,0,-1,-1
63780,Vediamo se gli piace QUESTO!,,42772,90234,0,-1,0,0,0,0,0,0,0,0,0,0,35004,0,2043,0,2,35651720,32768,268435968,0,0,0,-1,-1
63781,I piani di battaglia dei Giurafauce,,42773,92685,0,-1,0,0,0,0,0,0,0,0,0,0,35005,0,2043,0,2,35651720,32768,268435968,0,0,0,-1,-1
63782,Rituali Giurafauce,,42774,90234,0,-1,0,0,0,0,0,0,0,0,0,0,35006,0,2043,0,2,35651720,32768,268435968,0,0,0,-1,-1
63783,Requisizione dell'Animum,,42775,90234,0,-1,0,0,0,0,0,0,0,0,0,0,35007,0,2043,0,2,35651720,32768,268435968,0,0,0,-1,-1
63784,L'oro non è un problema,,42776,90234,0,-1,0,0,0,0,0,0,0,0,0,0,35035,0,2043,0,2,35651976,32768,268435968,0,0,0,-1,-1
63785,Sforzi costanti: il Quorum del Cercatore,,42777,92685,0,-1,0,0,0,0,0,0,0,0,0,0,35031,0,2043,0,2,36700296,32768,268435968,0,0,0,-1,-1
63786,Ripulire il Nido Ventoso,,42778,92685,0,-1,0,0,0,0,0,0,0,0,0,0,35010,0,2043,0,2,35651720,32768,268435968,0,0,0,-1,-1
63787,Sforzi costanti: la Terrazza del Mazzuolatore,,42779,90234,0,-1,0,0,0,0,0,0,0,0,0,0,35011,0,2043,0,2,35651720,32768,268435968,0,0,0,-1,-1
63788,Sforzi costanti: il Sacrario della Guida,,42780,90234,0,-1,0,0,0,0,0,0,0,0,0,0,35012,0,2043,0,2,35651720,32768,268435968,0,0,0,-1,-1
63789,Sforzi costanti: l'Antro dello Studioso,,42781,90234,0,-1,0,0,0,0,0,0,0,0,0,0,35013,0,2043,0,2,35651720,32768,268435968,0,0,0,-1,-1
63790,Ricercato dagli Alienatori: Sire Azzorak,,42782,90234,0,-1,0,0,0,0,0,0,0,0,0,0,35014,1,2043,0,2,169869448,32768,268435968,0,0,0,-1,-1
63791,Ricercato dagli Alienatori: Valdinar il Maledetto,,42783,90234,0,-1,0,0,0,0,0,0,0,0,0,0,35015,1,2043,0,2,169869448,32768,268435968,0,0,0,-1,-1
63792,Ricercato dagli Alienatori: Nocturnus l'Annientatore,,42784,90234,0,-1,0,0,0,0,0,0,0,0,0,0,35016,1,2043,0,2,169869448,32768,268435968,0,0,0,-1,-1
63793,Ricercato dagli Alienatori: Ensydius il Profanatore,,42785,90234,0,-1,0,0,0,0,0,0,0,0,0,0,35017,1,2043,0,2,169869448,32768,268435968,0,0,0,-1,-1
63794,Ricercato dagli Alienatori: Behemoth Famelico,,42786,90234,0,-1,0,0,0,0,0,0,0,0,0,0,35018,1,2043,0,2,169869704,32768,268435968,0,0,0,-1,-1
63819,Revendreth Wrapper Complete,,42853,0,0,-1,0,0,0,0,0,0,0,0,0,0,0,0,2043,0,3,33555456,0,0,0,0,0,-1,-1
63820,Bastion Wrapper Complete,,42854,0,0,-1,0,0,0,0,0,0,0,0,0,0,0,0,2043,0,3,33555456,0,8,0,0,0,-1,-1
63821,Ardenweald Wrapper Complete,,42855,0,0,-1,0,0,0,0,0,0,0,0,0,0,0,0,2043,0,3,33555456,0,8,0,0,0,-1,-1
63822,Assalto dei Venthyr,,42856,91495,0,-1,0,0,0,0,0,0,0,0,0,0,34778,268,2060,0,3,6881600,532480,268435456,0,0,0,-1,-1
63823,Assalto dei Silfi della Notte,,42857,91090,0,-1,0,0,0,0,0,0,0,0,0,0,34774,268,2060,0,3,6881600,532480,268435456,0,0,0,-1,-1
63824,Assalto dei Kyrian,,42858,91090,0,-1,0,0,0,0,0,0,0,0,0,0,34776,268,2060,0,3,40436032,532480,268435456,0,0,0,-1,-1
63850,Tracciamento - Console piccole,,42883,0,0,-1,0,0,0,0,0,0,0,0,0,0,0,265,2057,0,3,34148352,0,268447744,0,0,0,-1,-1
63934,Posta Scomposta,,42965,90234,0,-1,0,0,0,0,0,0,0,0,0,0,35022,0,2043,0,2,35651720,32768,268435968,0,0,0,-1,-1
63935,Radici Preziose,,42966,90234,0,-1,0,0,0,0,0,0,0,0,0,0,35023,0,2043,0,2,35651720,32768,268435968,0,0,0,-1,-1
63936,L'Animum Divorato,,42967,90234,0,-1,0,0,0,0,0,0,0,0,0,0,35024,0,2043,0,2,35651720,32768,268435968,0,0,0,-1,-1
63937,Grandi Denti Taglienti,,42968,92685,0,-1,0,0,0,0,0,0,0,0,0,0,35025,0,2043,0,2,35651720,32768,268435968,0,0,0,-1,-1
63938,Gorm Grown: Black [DNT],,42969,0,0,-1,0,0,0,0,0,0,0,0,0,0,0,0,2043,0,3,33555456,0,8,0,0,0,-1,-1
63939,Gorm Grown: Blue [DNT],,42970,0,0,-1,0,0,0,0,0,0,0,0,0,0,0,0,2043,0,3,33555456,0,8,0,0,0,-1,-1
63940,Gorm Grown: Green [DNT],,42971,0,0,-1,0,0,0,0,0,0,0,0,0,0,0,0,2043,0,3,33555456,0,8,0,0,0,-1,-1
63941,Gorm Grown: Purple [DNT],,42972,0,0,-1,0,0,0,0,0,0,0,0,0,0,0,0,2043,0,3,33555456,0,8,0,0,0,-1,-1
63942,Gorm Grown: White [DNT],,42973,0,0,-1,0,0,0,0,0,0,0,0,0,0,0,0,2043,0,3,33555456,0,8,0,0,0,-1,-1
63943,Gorm Grown: Yellow [DNT],,42974,0,0,-1,0,0,0,0,0,0,0,0,0,0,0,0,2043,0,3,35652608,0,8,0,0,0,-1,-1
63949,Come plasmare il destino,,43017,0,0,-1,0,0,0,0,0,0,0,0,0,0,0,0,2043,0,2,33587272,0,268435968,63902,0,0,-1,-1
63950,Artigli di Alafina,,42981,90234,0,-1,0,0,0,0,0,0,0,0,0,0,35026,0,2043,0,2,35651720,32768,268435968,0,0,0,-1,-1
63953,Vendetta di Korrak,,53365,0,0,-1,0,0,0,0,0,0,0,0,0,0,19885,283,973,0,3,34144256,0,268435456,0,0,0,-1,-1
63954,Segreti sigillati,,42985,90234,0,-1,0,0,0,0,0,0,0,0,0,0,35037,0,2043,0,2,35651720,32768,268435968,0,0,0,-1,-1
63955,Segreti sigillati,,42986,90234,0,-1,0,0,0,0,0,0,0,0,0,0,35062,0,2043,0,2,35651720,32768,268435968,0,0,0,-1,-1
63956,Segreti sigillati,,42987,90234,0,-1,0,0,0,0,0,0,0,0,0,0,35061,0,2043,0,2,35651720,32768,268435968,0,0,0,-1,-1
63957,Registri osservazionali,,42988,90234,0,-1,0,0,0,0,0,0,0,0,0,0,35065,0,2043,0,2,35651720,32768,268435968,0,0,0,-1,-1
63958,Registri osservazionali,,42989,90234,0,-1,0,0,0,0,0,0,0,0,0,0,35066,0,2043,0,2,35651720,32768,268435968,0,0,0,-1,-1
63959,Registri osservazionali,,42990,90234,0,-1,0,0,0,0,0,0,0,0,0,0,35068,0,2043,0,2,35651720,32768,268435968,0,0,0,-1,-1
63960,Registri osservazionali,,42991,90234,0,-1,0,0,0,0,0,0,0,0,0,0,35067,0,2043,0,2,35651720,32768,268435968,0,0,0,-1,-1
63961,Segreti sigillati,,42992,90234,0,-1,0,0,0,0,0,0,0,0,0,0,35063,0,2043,0,2,35651720,32768,268435968,0,0,0,-1,-1
63962,Registri osservazionali,,42993,90234,0,-1,0,0,0,0,0,0,0,0,0,0,35069,0,2043,0,2,35651720,32768,268435968,0,0,0,-1,-1
63963,Ricercato dagli Alienatori: Squartagole,,42994,90234,0,-1,0,0,0,0,0,0,0,0,0,0,35076,1,2043,0,2,35651720,32768,268435968,0,0,0,-1,-1
63964,Ricercato dagli Alienatori: Artiglio Lugubre,,42995,90234,0,-1,0,0,0,0,0,0,0,0,0,0,35077,1,2043,0,2,35651720,32768,268435968,0,0,0,-1,-1
63965,Salvare le Uova di Alafina,,42996,92685,0,-1,0,0,0,0,0,0,0,0,0,0,35029,0,2043,0,2,35651720,32768,268435968,0,0,0,-1,-1
63989,Melme di carattere,,43019,92685,0,-1,0,0,0,0,0,0,0,0,0,0,35034,0,2043,0,2,39846024,40960,268435968,0,0,0,-1,-1
64015,Dritti nel tritacarne,,43042,92685,0,-1,0,0,0,0,0,0,0,0,0,0,35025,0,2043,0,2,39846024,40960,268435968,0,0,0,-1,-1
64016,Melme di carattere,,43043,92685,0,-1,0,0,0,0,0,0,0,0,0,0,35120,0,2043,0,2,39846024,40960,268435968,0,0,0,-1,-1
64017,Melme di carattere,,43044,92685,0,-1,0,0,0,0,0,0,0,0,0,0,35119,0,2043,0,2,39846024,40960,268435968,0,0,0,-1,-1
64018,Il peso della pietra,,43045,92685,0,-1,0,0,0,0,0,0,0,0,0,0,35010,0,2043,0,2,39846024,40960,268435968,0,0,0,-1,-1
64040,"Cure, cure e... cure",,43064,92685,0,-1,0,0,0,0,0,0,0,0,0,186445,35032,0,2043,0,2,35651720,32768,268435968,63727,0,0,-1,-1
64043,Ci serve un guaritore. Tu!,,43066,92685,0,-1,0,0,0,0,0,0,0,0,0,186448,35033,0,2043,0,2,35782792,32768,268435968,0,0,0,-1,-1
64065,Reagenti locali,,43078,92685,0,-1,0,0,0,0,0,0,0,0,0,0,35034,0,2043,0,2,35651720,32768,268435968,0,0,0,-1,-1
64070,Scarti di Scarty,,43082,92685,0,-1,0,0,0,0,0,0,0,0,0,0,35028,0,2043,0,2,35651720,32768,268435968,0,0,0,-1,-1
64080,Coi piedi per terra,,43104,92685,0,-1,0,0,0,0,0,0,0,0,0,186474,35031,0,2043,0,2,39977096,40960,268435968,0,0,0,-1,-1
64089,Tè e misture,,43110,92685,0,-1,0,0,0,0,0,0,0,0,0,0,35038,0,2043,0,2,35651720,32768,268435968,0,0,0,-1,-1
64101,Le giuste procedure,,43120,90234,0,-1,0,0,0,0,0,0,0,0,0,0,35036,0,2043,0,2,35651720,32768,268435968,0,0,0,-1,-1
64103,Funziona sempre,,43123,93336,0,-1,0,0,0,0,0,0,0,0,0,0,35027,0,2043,0,2,35651720,32768,268435968,0,0,0,-1,-1
64104,Pensate agli animaletti,,43124,92685,0,-1,0,0,0,0,0,0,0,0,0,186561,35029,0,2043,0,2,39977096,40960,268435968,0,0,0,-1,-1
64129,Carica della Caccia Selvaggia,,43146,92685,0,-1,0,0,0,0,0,0,0,0,0,0,35002,0,2043,0,2,39977096,40960,268435968,0,0,0,-1,-1
64131,Tracking Quest,,43148,0,0,-1,0,0,0,0,0,0,0,0,0,0,0,265,807,0,3,33619968,0,0,0,0,0,-1,-1
64138,Tracking Quest,,43155,0,0,-1,0,0,0,0,0,0,0,0,0,0,0,265,807,0,3,33619968,0,0,0,0,0,-1,-1
64166,Accesso alla memoria casuale,,43176,92685,0,-1,0,0,0,0,0,0,0,0,0,186672,35003,0,2043,0,2,35782792,32768,268435968,0,0,0,-1,-1
64194,Prototipo da guerra,,43196,92685,0,-1,0,0,0,0,0,0,0,0,0,0,35033,0,2043,0,2,39977096,40960,268435968,0,0,0,-1,-1
64211,La porta verso il buio,,43212,91338,0,-1,0,0,0,0,0,0,0,0,0,0,0,0,2043,0,2,34603008,0,268435968,63593,0,0,-1321907123,1427461461
64212,La porta verso il buio,,43212,91338,0,-1,0,0,0,0,0,0,0,0,0,0,0,0,2043,0,2,34603008,0,268435968,63593,0,0,1309324210,-1440044374
64240,Il volo dei Kyrian,,43237,92685,0,-1,0,0,0,0,0,0,0,0,0,0,35032,0,2043,0,2,39977096,40960,268435968,0,0,0,-1,-1
64253,Revendreth Quests Complete,,43250,0,0,-1,0,0,0,0,0,0,0,0,0,0,34778,0,2043,0,3,33555456,0,0,0,0,0,-1,-1
64271,Un modo più civile,,43264,92685,0,-1,0,0,0,0,0,0,0,0,0,0,35005,0,2043,0,2,39846024,40960,268435968,0,0,0,-1,-1
64273,Contenere gli Helsvorn,,43266,91638,0,-1,0,0,0,0,0,0,0,0,0,0,35386,136,2043,0,3,2687232,0,268435968,0,0,0,-1,-1
64274,Tracking Quest,,43267,0,0,-1,0,0,0,0,0,0,0,0,0,0,0,265,2043,0,3,34144320,0,0,0,0,0,-1,-1
64376,Hidden Quest,,43360,0,0,-1,0,0,0,0,0,0,0,0,0,0,0,265,2043,0,3,34144320,0,268435456,0,0,0,-1,-1
64430,Parlare a tè per tè,,43414,92685,0,-1,0,0,0,0,0,0,0,0,0,0,35038,0,2043,0,2,39977096,40960,268435968,0,0,0,-1,-1
64432,Dalla forza alla debolezza,,43415,92685,0,-1,0,0,0,0,0,0,0,0,0,0,35028,0,2043,0,2,39846024,40960,268435968,0,0,0,-1,-1
64510,Peter's Test Task,,43493,0,0,-1,0,0,0,0,0,0,0,0,0,0,0,0,1,0,3,34144256,131072,268697600,0,0,0,-1,-1
64531,Mor'geth,,43514,97648,0,-1,1,0,0,0,0,0,0,0,0,0,35388,112,2060,0,3,36241728,0,268435456,57559,62706,0,-1,-1
64554,Assalto dei Venthyr,,43536,92530,0,-1,0,0,0,0,0,0,0,0,0,0,34778,268,2060,0,3,4784448,532480,268435456,0,0,0,-1,-1
64560,Requisizione dell'Animum,,43542,92561,0,-1,0,0,0,0,0,0,0,0,0,0,0,0,2043,0,2,33554568,32768,268435968,64555,0,0,-1,-1
64561,Registri osservazionali,,43543,92561,0,-1,0,0,0,0,0,0,0,0,0,0,0,0,2043,0,2,33554568,32768,268435968,64555,0,0,-1,-1
64562,Ci serve un guaritore. Tu!,,43544,92561,0,-1,0,0,0,0,0,0,0,0,0,187504,0,0,2043,0,2,33685640,32768,268435968,64555,0,0,-1,-1
64579,Sforzi vani,,43559,94636,0,-1,0,0,0,0,0,0,0,0,0,187516,35794,0,2057,0,2,304087304,32768,268435968,0,0,0,-1,-1
64592,Protezione storica,,43572,94757,0,-1,0,0,0,0,0,0,0,0,0,0,35967,1,2057,0,2,39846152,40960,268435968,0,0,0,-1,-1
64641,Vegetazione misteriosa,,43621,94758,0,-1,0,0,0,0,0,0,0,0,0,0,0,0,2057,0,2,37748744,8192,268435968,0,0,0,-1,-1
64717,Materiali della creazione,,43696,94636,0,-1,0,0,0,0,0,0,0,0,0,187516,35793,0,2057,0,2,308281608,40960,268435968,0,0,0,-1,-1
64768,Caccia al manufatto di Brillamolla,,43744,99239,0,-1,0,0,0,0,0,0,0,0,0,0,37603,109,2272,0,3,40436096,8192,0,0,0,0,-1,-1
64771,Esodo illuminato,,43748,95904,0,-1,0,0,0,0,0,0,0,0,0,0,0,0,2057,0,2,33554696,4194304,268435968,64958,0,0,-1,-1
64785,Storie tra le fronde,,43762,94636,0,-1,0,0,0,0,0,0,0,0,0,187684,35792,0,2057,0,2,308281608,40960,268435968,0,0,0,-1,-1
64850,Viaggio di piacere a Torgast,,43827,86994,0,-1,1,0,0,0,0,0,0,0,0,0,0,0,1707,0,2,40898816,0,268435976,0,0,0,-1,-1
64854,Trappola efficace,,43831,94636,0,-1,0,0,0,0,0,0,0,0,0,187684,35667,0,2057,0,2,308281608,40960,268435968,0,0,0,-1,-1
64861,Disco Cismetrico,,43836,0,0,-1,0,0,0,0,0,0,0,0,0,187792,0,0,2057,0,2,39845888,8192,268435968,0,0,0,-1,-1
64960,Nutrire gli Anellidi,,43923,95162,0,-1,0,0,0,0,0,0,0,0,0,0,35795,109,2057,0,3,37421056,8192,268435456,0,0,0,-1,-1
64964,Scegli il tuo combattente,,43927,94636,0,-1,0,0,0,0,0,0,0,0,0,0,35796,0,2057,0,2,39846152,40960,268435968,0,0,0,-1,-1
64974,Pulizie degli Automa,,43933,95162,0,-1,0,0,0,0,0,0,0,0,0,0,35797,109,2057,0,3,40435712,8192,268435456,0,0,0,-1,-1
64977,Entrare nel ring,,43935,94636,0,-1,0,0,0,0,0,0,0,0,0,0,35798,0,2057,0,2,35651592,32768,268435968,0,0,0,-1,-1
65027,Tracking Quest,,43977,0,0,-1,0,0,0,0,0,0,0,0,0,0,0,0,0,0,3,33621256,0,8,0,0,0,-1,-1
65028,Tracking Quest,,43978,0,0,-1,0,0,0,0,0,0,0,0,0,0,0,0,0,0,3,33621256,0,8,0,0,0,-1,-1
65053,Fungo Polmonare Gigante,,44001,93633,0,-1,0,0,0,0,0,0,0,0,0,0,32041,272,2060,0,3,36245504,524288,268447744,0,0,0,-1,-1
65054,Manichini d'Allenamento,,44002,93634,0,-1,0,0,0,0,0,0,0,0,0,0,32041,272,2060,0,3,36245504,524288,268447744,0,0,0,-1,-1
65055,Bracieri Protettivi,,44003,93635,0,-1,0,0,0,0,0,0,0,0,0,0,32041,272,2060,0,3,36245504,524288,268447744,0,0,0,-1,-1
65056,Fermare l'errore,,44004,93636,0,-1,0,0,0,0,0,0,0,0,0,0,32041,272,2060,0,3,36245504,524288,268447744,0,0,0,-1,-1
65072,Sicurezza sul lavoro,,44020,94636,0,-1,0,0,0,0,0,0,0,0,0,0,35695,0,2057,0,2,6291720,40960,268435968,0,0,0,-1,-1
65081,Una mela al giorno,,44029,95162,0,-1,0,0,0,0,0,0,0,0,0,0,35689,109,2057,0,3,40435712,8192,268435456,0,0,0,-1,-1
65089,Va' in rana,,44037,95162,0,-1,0,0,0,0,0,0,0,0,0,187987,35691,109,2057,0,3,6881280,8192,268435456,0,0,0,-1,-1
65096,La tua morte o la mia,,44042,94636,0,-1,0,0,0,0,0,0,0,0,0,0,35696,0,2057,0,2,6291720,40960,268435968,0,0,0,-1,-1
65102,Occhi di Pesce,,44048,95162,0,-1,0,0,0,0,0,0,0,0,0,187999,35698,109,2057,0,3,6881280,8192,268435456,0,0,0,-1,-1
65115,Ricercare la soluzione,,44058,95162,0,-1,0,0,0,0,0,0,0,0,0,0,35699,109,2057,0,3,6881280,8192,268435456,0,0,0,-1,-1
65117,Campioni inadatti,,44060,95162,0,-1,0,0,0,0,0,0,0,0,0,0,35702,109,2057,0,3,40435712,8192,268435456,0,0,0,-1,-1
65119,Operazioni Automa,,44062,95730,0,-1,0,0,0,0,0,0,0,0,0,0,35711,109,2057,0,3,40435712,8192,268435456,0,0,0,-1,-1
65121,L'amico di un amico: Baronessa Vashj,,44064,93838,0,-1,0,0,0,0,0,0,0,0,0,0,0,0,2060,0,0,0,0,268435968,0,0,0,-1,-1
65123,L'amico di un amico: Dama Baccaluna,,44066,93839,0,-1,0,0,0,0,0,0,0,0,0,0,0,0,2060,0,0,0,0,268435968,0,0,0,-1,-1
65124,L'amico di un amico: Mikanikos,,44067,93840,0,-1,0,0,0,0,0,0,0,0,0,0,0,0,2060,0,0,0,0,268435968,0,0,0,-1,-1
65126,L'amico di un amico: La Contessa,,44068,93841,0,-1,0,0,0,0,0,0,0,0,0,0,0,0,2060,0,0,0,0,268435968,0,0,0,-1,-1
65128,L'amico di un amico: Alexandros Mograine,,44069,93842,0,-1,0,0,0,0,0,0,0,0,0,0,0,0,2060,0,0,0,0,268435968,0,0,0,-1,-1
65129,L'amico di un amico: Capitano della Caccia Korayn,,44070,93843,0,-1,0,0,0,0,0,0,0,0,0,0,0,0,2060,0,0,0,0,268435968,0,0,0,-1,-1
65130,L'amico di un amico: Polemarco Adrestes,,44071,93844,0,-1,0,0,0,0,0,0,0,0,0,0,0,0,2060,0,0,0,0,268435968,0,0,0,-1,-1
65131,L'amico di un amico: Squartacus e Mazzafaccia,,44072,93845,0,-1,0,0,0,0,0,0,0,0,0,0,0,0,2060,0,0,0,0,268435968,0,0,0,-1,-1
65132,L'amico di un amico: Chufa,,44073,93846,0,-1,0,0,0,0,0,0,0,0,0,0,0,0,2060,0,0,0,0,268435968,0,0,0,-1,-1
65134,L'amico di un amico: Custode delle Cripte Kassir,,44075,93847,0,-1,0,0,0,0,0,0,0,0,0,0,0,0,2060,0,0,0,0,268435968,0,0,0,-1,-1
65135,L'amico di un amico: Droman Aliothe,,44076,93848,0,-1,0,0,0,0,0,0,0,0,0,0,0,0,2060,0,0,0,0,268435968,0,0,0,-1,-1
65136,L'amico di un amico: Gran Maestro Vole,,44077,93849,0,-1,0,0,0,0,0,0,0,0,0,0,0,0,2060,0,0,0,0,268435968,0,0,0,-1,-1
65137,L'amico di un amico: Kleia e Pelagos,,44078,93850,0,-1,0,0,0,0,0,0,0,0,0,0,0,0,2060,0,0,0,0,268435968,0,0,0,-1,-1
65138,L'amico di un amico: Architetto della Piaga Marileth,,44079,93851,0,-1,0,0,0,0,0,0,0,0,0,0,0,0,2060,0,0,0,0,268435968,0,0,0,-1,-1
65140,L'amico di un amico: Sika,,44081,93852,0,-1,0,0,0,0,0,0,0,0,0,0,0,0,2060,0,0,0,0,268435968,0,0,0,-1,-1
65141,L'amico di un amico: Testaroccia,,44082,93853,0,-1,0,0,0,0,0,0,0,0,0,0,0,0,2060,0,0,0,0,268435968,0,0,0,-1,-1
65142,Rete di portali,,44083,94636,0,-1,0,0,0,0,0,0,0,0,0,188170,35774,0,2057,0,2,308281608,40960,268435968,0,0,0,-1,-1
65143,Antros,,44084,98721,0,-1,0,0,0,0,0,0,0,0,0,0,35732,112,2060,0,3,36241728,0,268435456,57559,0,0,-1,-1
65152,Un legame rafforzato,,44093,70104,0,-1,0,0,0,0,0,0,0,0,0,0,0,0,837,0,0,39845896,8192,268435968,62406,0,0,-1,-1
65165,Supporto da un'anima,,44100,94036,0,-1,131073,0,0,0,0,0,0,0,0,0,0,0,837,0,0,39845896,8192,268435968,62848,60049,0,-1,-1
65177,Frutti della creazione,,44110,94636,0,-1,0,0,0,0,0,0,0,0,0,0,35799,0,2057,0,2,35651592,32768,268435968,0,0,0,-1,-1
65226,Veloci e fastidiosi,,44152,94636,0,-1,0,0,0,0,0,0,0,0,0,0,35783,0,2057,0,2,39846152,40960,268435968,0,0,0,-1,-1
65230,Robotanica,,44155,95162,0,-1,0,0,0,0,0,0,0,0,0,0,35779,109,2057,0,3,6881280,8192,268435456,0,0,0,-1,-1
65231,Conoscenza depredata,,44156,95162,0,-1,0,0,0,0,0,0,0,0,0,0,35781,111,2057,0,3,36241408,0,268435456,0,0,0,-1,-1
65232,I signori degli anellidi,,44157,95162,0,-1,0,0,0,0,0,0,0,0,0,0,35782,109,2057,0,3,6881280,8192,268435456,0,0,0,-1,-1
65234,Trattali bene,,44159,95162,0,-1,0,0,0,0,0,0,0,0,0,0,35784,109,2057,0,3,40435712,8192,268435456,0,0,0,-1,-1
65244,Divorabile,,44169,95162,0,-1,0,0,0,0,0,0,0,0,0,0,35813,109,2057,0,3,6881280,8192,268435456,0,0,0,-1,-1
65249,La sconfitta del Carceriere,,44173,95663,0,-1,0,0,0,0,0,0,0,0,0,0,0,0,2057,0,2,33554688,4194304,268960256,0,0,0,-1,-1
65252,Schiaccialo ora,,44176,95162,0,-1,0,0,0,0,0,0,0,0,0,0,35817,109,2057,0,3,6881280,8192,268435456,0,0,0,-1,-1
65255,Forzare il ciclo,,44177,94636,0,-1,0,0,0,0,0,0,0,0,0,0,35862,0,2057,0,2,39846152,40960,268435968,0,0,0,-1,-1
65256,Chicchiribum,,44178,94636,0,-1,0,0,0,0,0,0,0,0,0,188697,35818,0,2057,0,2,35651592,32768,268435968,0,0,0,-1,-1
65262,Salvare i vombatidi,,44183,95162,0,-1,0,0,0,0,0,0,0,0,0,0,35831,109,2057,0,3,40435712,8192,268435456,0,0,0,-1,-1
65264,Operazione: ricollocamento,,44185,94636,0,-1,0,0,0,0,0,0,0,0,0,0,35834,0,2057,0,2,35782664,32768,268435968,0,0,0,-1,-1
65265,Residui sepolti,,44186,94636,0,-1,0,0,0,0,0,0,0,0,0,0,35835,0,2057,0,2,35651848,32768,268435968,0,0,0,-1,-1
65268,Bzzzt!,,44190,94636,0,-1,0,0,0,0,0,0,0,0,0,188788,35863,0,2057,0,2,39846152,40960,268435968,0,0,0,-1,-1
65269,Percepire l'energia,,44191,94636,0,-1,0,0,0,0,0,0,0,0,0,0,35839,0,2057,0,2,35651592,32768,268435968,0,0,0,-1,-1
65325,Granuli della conoscenza,,44242,94757,0,-1,0,0,0,0,0,0,0,0,0,0,35974,0,2057,0,2,6291720,40960,268435968,0,0,0,-1,-1
65326,Il cerchio della discordia,,44243,94757,0,-1,0,0,0,0,0,0,0,0,0,0,35954,0,2057,0,2,6291720,40960,268435968,0,0,0,-1,-1
65356,Tracking Quest,,44273,0,0,-1,0,0,0,0,0,0,0,0,0,0,0,265,2057,0,3,34144576,0,0,0,0,0,-1,-1
65362,Nemici nascosti,,44279,94757,0,-1,0,0,0,0,0,0,0,0,0,189449,35977,0,2057,0,2,6291720,40960,268435968,0,0,0,-1,-1
65363,Stato pericoloso,,44280,94757,0,-1,0,0,0,0,0,0,0,0,0,0,35980,0,2057,0,2,6291720,40960,268435968,0,0,0,-1,-1
65364,Super Jiro,,44281,94757,0,-1,0,0,0,0,0,0,0,0,0,0,35982,0,2057,0,2,6291720,40960,268435968,0,0,0,-1,-1
65402,Riconoscimento modello,,44319,93710,0,-1,0,0,0,0,0,0,0,0,0,0,35985,109,2057,0,3,6881344,8192,268435456,0,0,0,-1,-1
65403,Situazione incomprensibile,,44320,93710,0,-1,0,0,0,0,0,0,0,0,0,0,35986,109,2057,0,3,6881344,8192,268435456,0,0,0,-1,-1
65404,Venirne a capo,,44321,93710,0,-1,0,0,0,0,0,0,0,0,0,0,35987,109,2057,0,3,6881344,8192,268435456,0,0,0,-1,-1
65405,Problemi macchinosi,,44322,93710,0,-1,0,0,0,0,0,0,0,0,0,0,35996,109,2057,0,3,6881344,8192,268435456,0,0,0,-1,-1
65406,Unire i puntini,,44323,93710,0,-1,0,0,0,0,0,0,0,0,0,0,35989,109,2057,0,3,6881344,8192,268435456,0,0,0,-1,-1
65407,Riconoscimento modello,,44324,93710,0,-1,0,0,0,0,0,0,0,0,0,0,35990,109,2057,0,3,6881344,8192,268435456,0,0,0,-1,-1
65408,Riconoscimento modello,,44325,93710,0,-1,0,0,0,0,0,0,0,0,0,0,35991,109,2057,0,3,6881344,8192,268435456,0,0,0,-1,-1
65410,Situazione incomprensibile,,44326,93710,0,-1,0,0,0,0,0,0,0,0,0,0,35992,109,2057,0,3,6881344,8192,268435456,0,0,0,-1,-1
65411,Situazione incomprensibile,,44327,93710,0,-1,0,0,0,0,0,0,0,0,0,0,35993,109,2057,0,3,6881344,8192,268435456,0,0,0,-1,-1
65412,Venirne a capo,,44328,93710,0,-1,0,0,0,0,0,0,0,0,0,0,35994,109,2057,0,3,6881344,8192,268435456,0,0,0,-1,-1
65413,Venirne a capo,,44329,93710,0,-1,0,0,0,0,0,0,0,0,0,0,35995,109,2057,0,3,6881344,8192,268435456,0,0,0,-1,-1
65414,Problemi macchinosi,,44330,93710,0,-1,0,0,0,0,0,0,0,0,0,0,35997,109,2057,0,3,6881344,8192,268435456,0,0,0,-1,-1
65415,Problemi macchinosi,,44331,93710,0,-1,0,0,0,0,0,0,0,0,0,0,35998,109,2057,0,3,6881344,8192,268435456,0,0,0,-1,-1
65416,Unire i puntini,,44332,93710,0,-1,0,0,0,0,0,0,0,0,0,0,35999,109,2057,0,3,6881344,8192,268435456,0,0,0,-1,-1
65417,Unire i puntini,,44333,93710,0,-1,0,0,0,0,0,0,0,0,0,0,36047,109,2057,0,3,6881344,8192,268435456,0,0,0,-1,-1
65445,Risorse necessarie,,44362,94757,0,-1,0,0,0,0,0,0,0,0,0,0,36072,0,2057,0,2,39846152,40960,268435968,0,0,0,-1,-1
65599,Merl,,44510,95476,0,-1,0,0,0,0,0,0,0,0,0,0,36178,0,2152,0,3,34144704,0,4096,0,0,0,-1,-1
65735,RICERCATO: Custos,,44642,95904,0,-1,0,0,0,0,0,0,0,0,0,0,0,1,2057,0,2,39845888,8192,268435968,64958,0,0,-1,-1
65748,Provviste degli Illuminati,,44655,95904,0,-1,0,0,0,0,0,0,0,0,0,0,0,0,2057,0,2,37748744,8192,268435968,64958,0,0,-1,-1
65749,La necessità dell'equipaggiamento,,44656,0,0,-1,0,0,0,0,0,0,0,0,0,0,0,0,2057,0,2,37748744,8192,268435968,64230,0,0,-1,-1
65841,Fermare la propagazione,,44745,96259,0,-1,0,0,0,0,0,0,0,0,0,0,0,0,2313,0,3,35192832,0,512,0,0,0,-1,-1
65889,Reliquie perdute,,44792,99309,0,-1,0,0,0,0,0,0,0,0,0,0,36363,109,2437,0,3,34144512,0,0,0,0,0,-1,-1
65892,Frammentata e in pezzi,,44795,105254,0,-1,0,0,0,0,0,0,0,0,0,0,0,0,2262,0,3,34144256,0,512,0,0,0,-1,-1
65941,Rompiroccia,,44845,0,0,-1,0,0,0,0,0,0,0,0,0,0,36393,0,2153,0,3,34144256,0,0,0,0,0,-1,-1
65994,Giustizia dei Djaradin,,44894,100605,0,-1,1,0,0,0,0,0,0,0,0,0,0,0,2297,0,3,34144256,0,0,65989,65990,0,-1,-1
66004,Galgresh,,44904,0,0,-1,0,0,0,0,0,0,0,0,0,0,0,0,2152,0,3,34148352,0,0,0,0,0,-1,-1
66042,Schemi dentro gli schemi,,44942,0,0,-1,0,0,0,0,0,0,0,0,0,0,0,0,2057,0,2,37781576,8192,268436232,64230,0,0,-1,-1
66070,Ossa di Lamafulgida,,44970,99239,0,-1,0,0,0,0,0,0,0,0,0,0,37602,109,2266,0,3,40436096,8192,0,0,0,0,-1,-1
66074,Regina dei Falcidi Primordiale,,44974,0,0,-1,0,0,0,0,0,0,0,0,0,0,0,0,2307,0,3,34144512,0,0,0,0,0,-1,-1
66117,Liberare il campo di battaglia,,45016,97698,0,-1,0,0,0,0,0,0,0,0,0,0,0,0,2279,0,3,38338560,8192,0,0,0,0,-1,-1
66133,Chiavi di lealtà,,45032,99309,0,-1,1,0,0,0,0,0,0,0,0,0,0,111,2287,0,3,5865792,8192,0,66419,66802,0,-1,-1
66192,Mettere in sicurezza la zona: Vallata dei Mantogelido,,45093,0,0,-1,0,0,0,0,0,0,0,0,0,0,36455,0,2153,0,3,622592,0,0,0,0,0,-1,-1
66194,Ricerca 103 - Condizioni fatiscenti,,45095,96521,0,-1,0,0,0,0,0,0,0,0,0,0,36461,109,2151,0,3,590080,0,0,0,0,0,-1,-1
66200,Scavi ambulanti,,45100,96521,0,-1,0,0,0,0,0,0,0,0,0,0,36461,136,2151,0,3,590080,0,0,0,0,0,-1,-1
66203,Travolgimento totale,,45103,99309,0,-1,1,0,0,0,0,0,0,0,0,0,37947,109,2287,0,3,39911688,8192,0,0,0,0,-1,-1
66220,Reliquie perdute 2,,45120,95476,0,-1,0,0,0,0,0,0,0,0,0,0,36363,109,2152,0,3,34144256,0,0,0,0,0,-1,-1
66356,Troncoferreo,,45255,0,0,-1,0,0,0,0,0,0,0,0,0,0,0,0,2152,0,3,34144512,0,0,0,0,0,-1,-1
66419,Lealtà unica,,45317,104361,0,-1,0,0,0,0,0,0,0,0,0,0,0,111,2287,0,3,41517312,8192,0,65793,0,0,-1,-1
66421,La Cicatrice Tempestosa,,45319,0,0,-1,1,0,0,0,0,0,0,0,0,0,0,0,2505,0,3,38338560,8192,0,66331,0,0,-1,-1
66551,Il terribile trio,,45440,132429,0,-1,0,0,0,0,0,0,0,0,0,0,37865,115,2437,0,3,34144512,0,0,0,0,0,-1,-1
66574,Una goccia di guai,,45465,21439,0,-1,0,0,0,0,0,0,0,0,0,0,0,0,2266,0,3,34144256,0,0,66481,0,0,-1,-1
66576,Riprendersi la terra,,45466,21439,0,-1,0,0,0,0,0,0,0,0,0,0,0,0,2266,0,3,34144256,0,0,66481,0,0,-1,-1
66588,Drospo l'Anziano,,45475,99309,0,-1,0,0,0,0,0,0,0,0,0,0,36584,115,2437,0,3,590080,0,0,0,0,0,-1,-1
66614,"Valinor, la Luce degli Eoni",,45497,98714,0,-1,1,0,0,0,0,0,0,0,0,0,33483,111,2426,0,3,37290304,0,268435456,57559,62706,0,-1,-1
66615,Nurgash Tuttomuco,,45498,98714,0,-1,1,0,0,0,0,0,0,0,0,0,33484,111,2426,0,3,37290304,0,268435456,57559,62706,0,-1,-1
66616,Oranomonos la Ramificante,,45499,98714,0,-1,1,0,0,0,0,0,0,0,0,0,33485,111,2426,0,3,37290304,0,268435456,57559,62706,0,-1,-1
66617,Mortanis,,45500,98714,0,-1,1,0,0,0,0,0,0,0,0,0,33486,111,2426,0,3,37290304,0,268435456,57559,62706,0,-1,-1
66618,Mor'geth,,45501,98715,0,-1,1,0,0,0,0,0,0,0,0,0,35388,111,2426,0,3,36241728,0,268435456,57559,62706,0,-1,-1
66619,Antros,,45502,98720,0,-1,0,0,0,0,0,0,0,0,0,0,35732,111,2426,0,3,36241728,0,268435456,57559,0,0,-1,-1
66693,Sfida del destino: Castello di Nathria,,45572,97623,0,-1,1,0,0,0,0,0,0,0,0,0,36644,111,837,0,3,36241728,0,268435458,57559,62706,0,-1,-1
66694,Sfida del destino: Sanctum del Dominio,,45573,97623,0,-1,1,0,0,0,0,0,0,0,0,0,36643,111,837,0,3,34144576,0,268435458,57559,62706,0,-1,-1
66695,Sfida del destino: Sepolcro dei Primi,,45574,97623,0,-1,1,0,0,0,0,0,0,0,0,0,36642,111,837,0,3,34144576,0,268435458,57559,62706,0,-1,-1
66696,Sfida del destino: destino delle Terretetre,,45575,97625,0,-1,1,0,0,0,0,0,0,0,0,0,36657,111,837,0,3,34144576,0,268435458,57559,62706,0,-1,-1
66718,Gli Gnoll devono morire,,45599,97800,0,-1,0,0,0,0,0,0,0,0,0,0,0,0,2347,0,3,269025280,0,33280,66709,0,0,-1,-1
66802,Tracking Quest,,45639,0,0,-1,0,0,0,0,0,0,0,0,0,0,0,0,0,0,3,33588232,0,8,0,0,0,-1,-1
66805,Chiavi di lealtà,,45640,99309,0,-1,1,0,0,0,0,0,0,0,0,0,0,111,2287,0,3,5865792,8192,0,66419,66808,0,-1,-1
66808,Tracking Quest,,45641,0,0,-1,0,0,0,0,0,0,0,0,0,0,0,0,0,0,3,33588232,0,8,0,0,0,-1,-1
66833,Marmosona in difficoltà,,45656,99309,0,-1,0,0,0,0,0,0,0,0,0,193212,36800,109,2307,0,3,36372736,0,0,0,0,0,-1,-1
66896,Ottima pesca,,45714,99309,0,-1,0,0,0,0,0,0,0,0,0,192191,36864,109,2306,0,3,34275584,0,0,0,0,0,-1,-1
66898,Tracking Quest,,45716,0,0,-1,0,0,0,0,0,0,0,0,0,0,0,0,0,0,3,33559816,0,8,0,0,0,-1,-1
66901,Spezzare il mondo,,0,99270,0,-1,0,0,0,0,0,0,0,0,0,0,36873,0,2287,0,3,5832704,8192,512,0,0,0,-1,-1
66902,Disinfestazione,,45720,99309,0,-1,0,0,0,0,0,0,0,0,0,193064,36875,109,2295,0,3,34275584,0,0,0,0,0,-1,-1
66903,Ripulisci le mura,,0,99270,0,-1,0,0,0,0,0,0,0,0,0,0,36816,0,2287,0,3,5832704,8192,512,0,0,0,-1,-1
66934,Distruggere il Distruttore,,45732,99309,0,-1,0,0,0,0,0,0,0,0,0,0,36897,109,2297,0,3,34275584,0,0,0,0,0,-1,-1
66956,Il Cacciadraghi Igordan,,45752,0,0,-1,0,0,0,0,0,0,0,0,0,0,0,0,2297,0,3,34144512,0,0,0,0,0,-1,-1
66960,Klozicc l'Asceso,,45755,0,0,-1,0,0,0,0,0,0,0,0,0,0,0,0,2280,0,3,34144512,0,0,0,0,0,-1,-1
66970,Ty'foon l'Asceso,,45766,0,0,-1,0,0,0,0,0,0,0,0,0,0,0,0,2152,0,3,34144512,0,0,0,0,0,-1,-1
66989,Un raccolto benevolo,,45784,99309,0,-1,0,0,0,0,0,0,0,0,0,204343,36928,109,2151,0,3,40567040,0,0,0,0,0,-1,-1
67005,Come addestrare un Proto-Draco,,46700,100571,0,-1,0,0,0,0,0,0,0,0,0,194818,37026,113,2523,0,3,36372736,0,0,0,0,0,-1,-1
67006,Spegnere la Fiamma,,45807,99309,0,-1,0,0,0,0,0,0,0,0,0,0,36946,109,2297,0,3,34275584,0,0,0,0,0,-1,-1
67009,Baggianate dei drospi cornuti,,45809,99309,0,-1,0,0,0,0,0,0,0,0,0,193918,36948,109,2151,0,3,40567040,0,0,0,0,0,-1,-1
67010,Ribollimento,,45810,99309,0,-1,0,0,0,0,0,0,0,0,0,0,36947,109,2297,0,3,34275584,0,0,0,0,0,-1,-1
67012,Quando le bestie dei fiumi spiccano il volo,,45812,99309,0,-1,0,0,0,0,0,0,0,0,0,0,36949,109,2151,0,3,40567040,0,0,0,0,0,-1,-1
67014,Basta Gorloc,,45814,99309,0,-1,0,0,0,0,0,0,0,0,0,0,36950,109,2151,0,3,40567040,0,0,0,0,0,-1,-1
67015,Forgiare la risposta,,0,106162,0,-1,0,0,0,0,0,0,0,0,0,0,36852,0,2287,0,3,7929856,8192,131584,0,0,0,-1,-1
67024,Rinforzo infuocato,,45821,99309,0,-1,0,0,0,0,0,0,0,0,0,0,36968,109,2151,0,3,40567040,0,0,0,0,0,-1,-1
67026,Tieni il Temp(i)o,,45823,99309,0,-1,0,0,0,0,0,0,0,0,0,0,36971,109,2151,0,3,40567040,0,0,0,0,0,-1,-1
67027,Ombra della Morte,,0,99270,0,-1,0,0,0,0,0,0,0,0,0,0,36972,0,2287,0,3,5832704,8192,131584,0,0,0,-1,-1
67062,Conflitto dilagante,,45855,99309,0,-1,0,0,0,0,0,0,0,0,0,0,37012,109,2302,0,3,40567040,0,0,0,0,0,-1,-1
67113,Strana situazione agli scavi,,45901,99309,0,-1,0,0,0,0,0,0,0,0,0,0,37019,109,2284,0,3,38338816,8192,0,0,0,0,-1,-1
67172,Fishing Hole 01 Unlocked,,45926,0,0,-1,0,0,0,0,0,0,0,0,0,0,0,0,2437,0,3,590848,1,8,0,0,0,-1,-1
67173,Ladruncoli Gnoll,,45927,0,0,-1,0,0,0,0,0,0,0,0,0,0,0,0,2311,0,3,34144512,0,0,0,0,0,-1,-1
67717,Regina delle Ragnatele Ashkaz,,46035,0,0,-1,0,0,0,0,0,0,0,0,0,0,0,0,2263,0,3,34177024,0,0,0,0,0,-1,-1
67744,Shezra,,46043,0,0,-1,0,0,0,0,0,0,0,0,0,0,0,0,2151,0,3,34144256,0,0,0,0,0,-1,-1
69667,Branchialercia,,46427,0,0,-1,0,0,0,0,0,0,0,0,0,0,0,0,2153,0,3,34148608,0,4096,0,0,0,-1,-1
69668,Drospog lo Sputafuoco,,46428,0,0,-1,0,0,0,0,0,0,0,0,0,0,0,0,2153,0,3,34148608,0,4096,0,0,0,-1,-1
69837,Behemoth Squamalume,,46484,0,0,-1,0,0,0,0,0,0,0,0,0,0,0,0,2152,0,3,34144512,0,0,0,0,0,-1,-1
69838,Amethyzar lo Splendente,,46485,0,0,-1,0,0,0,0,0,0,0,0,0,0,0,0,2153,0,3,34148608,0,4096,0,0,0,-1,-1
69839,Peonia Preziosa di Azra,,46486,0,0,-1,0,0,0,0,0,0,0,0,0,0,0,0,2295,0,3,34148608,0,4096,0,0,0,-1,-1
69848,Gusciomagma Massiccio,,46492,0,0,-1,0,0,0,0,0,0,0,0,0,0,0,0,2153,0,3,34148608,0,4096,0,0,0,-1,-1
69849,Elementale Gettafumo Infuriato,,46493,0,0,-1,0,0,0,0,0,0,0,0,0,0,0,0,2152,0,3,34148608,0,0,0,0,0,-1,-1
69850,Zanna Lanosa,,46494,0,0,-1,0,0,0,0,0,0,0,0,0,0,0,0,2152,0,3,34148608,0,0,0,0,0,-1,-1
69851,Squarciasega l'Inseguitore,,46495,0,0,-1,0,0,0,0,0,0,0,0,0,0,0,0,2439,0,3,34144512,0,0,0,0,0,-1,-1
69852,Salamandra Territoriale,,46496,0,0,-1,0,0,0,0,0,0,0,0,0,0,0,0,2439,0,3,34144512,0,0,0,0,0,-1,-1
69854,Lapide di Solethus,,46498,0,0,-1,0,0,0,0,0,0,0,0,0,0,0,0,2152,0,3,36245760,0,0,0,0,0,-1,-1
69856,Fulgurb,,46500,0,0,-1,0,0,0,0,0,0,0,0,0,0,0,0,2152,0,3,34148608,0,4096,0,0,0,-1,-1
69857,Mikrin dei Venti Furenti,,46501,0,0,-1,0,0,0,0,0,0,0,0,0,0,0,0,2078,0,3,34148608,0,4096,0,0,0,-1,-1
69858,Mantammorbato,,46502,0,0,-1,0,0,0,0,0,0,0,0,0,0,0,0,2311,0,3,34148608,0,0,0,0,0,-1,-1
69859,Sandana il Temporale,,46503,0,0,-1,0,0,0,0,0,0,0,0,0,0,0,0,2153,0,3,34148608,0,4096,0,0,0,-1,-1
69861,Trilvarus Tessistoria,,46505,0,0,-1,0,0,0,0,0,0,0,0,0,0,0,0,2311,0,3,34148608,0,8,0,0,0,-1,-1
69864,Creazione Dimenticata,,46508,0,0,-1,0,0,0,0,0,0,0,0,0,0,0,0,2311,0,3,34144512,0,0,0,0,0,-1,-1
69865,Mezeri Bramascaglie,,46509,0,0,-1,0,0,0,0,0,0,0,0,0,0,0,0,2152,0,3,34148608,0,0,0,0,0,-1,-1
69866,Phleep,,46510,0,0,-1,0,0,0,0,0,0,0,0,0,0,0,0,2401,0,3,34148608,0,4096,0,0,0,-1,-1
69868,Tessistirpe Araznae,,46512,0,0,-1,0,0,0,0,0,0,0,0,0,0,0,0,2153,0,3,34148608,0,4096,0,0,0,-1,-1
69871,Malsegan,,46515,0,0,-1,0,0,0,0,0,0,0,0,0,0,0,0,2152,0,3,34148608,0,4096,0,0,0,-1,-1
69872,"Vakril, il Tuskarr più forte",,46516,0,0,-1,0,0,0,0,0,0,0,0,0,0,0,0,2311,0,3,34144512,0,0,0,0,0,-1,-1
69873,Henlare,,46517,0,0,-1,0,0,0,0,0,0,0,0,0,0,0,0,2385,0,3,34144512,0,0,0,0,0,-1,-1
69874,Gorjo l'Incatenatore di Granchi,,46518,0,0,-1,0,0,0,0,0,0,0,0,0,0,0,0,2153,0,3,34148608,0,4096,0,0,0,-1,-1
69875,Eldoren la Rinata,,46519,0,0,-1,0,0,0,0,0,0,0,0,0,0,0,0,2153,0,3,34148608,0,4096,0,0,0,-1,-1
69877,Oshigol,,46521,0,0,-1,0,0,0,0,0,0,0,0,0,0,0,0,2152,0,3,34148608,0,4096,0,0,0,-1,-1
69878,Ronsak il Decimatore,,46522,0,0,-1,0,0,0,0,0,0,0,0,0,0,0,0,2258,0,3,34148608,0,4096,0,0,0,-1,-1
69879,Pupazzo di Neve Magico,,46523,0,0,-1,0,0,0,0,0,0,0,0,0,0,0,0,2153,0,3,34148608,0,0,0,0,0,-1,-1
69880,Calcafiume Tamopo,,46524,0,0,-1,0,0,0,0,0,0,0,0,0,0,0,0,2153,0,3,34148608,0,4096,0,0,0,-1,-1
69882,Ser Epochbrgl,,46526,0,0,-1,0,0,0,0,0,0,0,0,0,0,0,0,2152,0,3,34148608,0,0,0,0,0,-1,-1
69883,Matriarca Remalla,,46527,0,0,-1,0,0,0,0,0,0,0,0,0,0,0,0,2078,0,3,34148608,0,4096,0,0,0,-1,-1
69885,Gruffy,,46528,0,0,-1,0,0,0,0,0,0,0,0,0,0,0,0,2153,0,3,34148608,0,4096,0,0,0,-1,-1
69886,Tempestrian,,46529,0,0,-1,0,0,0,0,0,0,0,0,0,0,0,0,2078,0,3,34148608,0,4096,0,0,0,-1,-1
69891,Lepidoralia il Risplendente,,46532,0,0,-1,0,0,0,0,0,0,0,0,0,0,0,0,2078,0,3,34148608,0,0,0,0,0,-1,-1
69892,Proboscide Bisbetica,,46533,0,0,-1,0,0,0,0,0,0,0,0,0,0,0,0,2153,0,3,34148608,0,4096,0,0,0,-1,-1
69895,Distruttore evocato,,46535,0,0,-1,0,0,0,0,0,0,0,0,0,0,0,0,2311,0,3,34144512,0,0,0,0,0,-1,-1
69913,Torri del potere della terra,,46553,99309,0,-1,0,0,0,0,0,0,0,0,0,0,37108,109,2437,0,3,40435968,8192,0,0,0,0,-1,-1
69916,Rane famose,,46556,99309,0,-1,0,0,0,0,0,0,0,0,0,197928,37109,109,2304,0,3,36372736,0,0,0,0,0,-1,-1
69924,Torri del potere del fuoco,,46562,99309,0,-1,0,0,0,0,0,0,0,0,0,0,37125,109,2437,0,3,40435968,8192,0,0,0,0,-1,-1
69927,Bazual,,46565,99401,0,-1,0,0,0,0,0,0,0,0,0,0,37136,112,2471,0,3,34144320,0,0,0,0,0,-1,-1
69928,Liskanoth,,46566,99401,0,-1,0,0,0,0,0,0,0,0,0,0,37135,112,2471,0,3,34144320,0,0,0,0,0,-1,-1
69929,Strunraan,,46567,99401,0,-1,0,0,0,0,0,0,0,0,0,0,37137,112,2471,0,3,34144320,0,0,0,0,0,-1,-1
69930,Basrikron,,46568,99401,0,-1,0,0,0,0,0,0,0,0,0,0,37138,112,2471,0,3,34144320,0,0,0,0,0,-1,-1
69931,Picchiata e cattura,,46569,99309,0,-1,0,0,0,0,0,0,0,0,0,0,37160,109,2437,0,3,41484544,8192,0,0,0,0,-1,-1
69938,Pesca frenetica!,,46576,104843,0,-1,0,0,0,0,0,0,0,0,0,0,38546,109,2437,0,3,34144512,0,0,0,0,0,-1,-1
69941,Vittime congelate,,46577,99309,0,-1,0,0,0,0,0,0,0,0,0,0,37243,109,2437,0,3,34144512,0,0,0,0,0,-1,-1
69942,Misteri dei Felcepelle,,46579,99309,0,-1,0,0,0,0,0,0,0,0,0,0,37223,109,2437,0,3,34144512,0,0,0,0,0,-1,-1
69949,Carneficina,,46795,100571,0,-1,0,0,0,0,0,0,0,0,0,0,37242,113,2523,0,3,4784384,8192,0,0,0,0,-1,-1
69951,Pietron,,46587,0,0,-1,0,0,0,0,0,0,0,0,0,0,37047,0,2078,0,3,34144512,0,0,0,0,0,-1,-1
69952,Cristallus,,46588,0,0,-1,0,0,0,0,0,0,0,0,0,0,37047,0,2078,0,3,34144512,0,0,0,0,0,-1,-1
69953,Karantun,,46589,0,0,-1,0,0,0,0,0,0,0,0,0,0,37047,0,2078,0,3,34144512,0,0,0,0,0,-1,-1
69954,Infernum,,46590,0,0,-1,0,0,0,0,0,0,0,0,0,0,37047,0,2078,0,3,34144512,0,0,0,0,0,-1,-1
69955,Fiammion,,46591,0,0,-1,0,0,0,0,0,0,0,0,0,0,37047,0,2078,0,3,34144512,0,0,0,0,0,-1,-1
69956,Rocciagrigia,,46592,0,0,-1,0,0,0,0,0,0,0,0,0,0,37047,0,2078,0,3,34144512,0,0,0,0,0,-1,-1
69959,Gaelzion,,46595,0,0,-1,0,0,0,0,0,0,0,0,0,0,37047,0,2078,0,3,34144512,0,0,0,0,0,-1,-1
69960,Gravlion,,46596,0,0,-1,0,0,0,0,0,0,0,0,0,0,37047,0,2078,0,3,34144512,0,0,0,0,0,-1,-1
69961,Frozion,,46597,0,0,-1,0,0,0,0,0,0,0,0,0,0,37047,0,2078,0,3,34144512,0,0,0,0,0,-1,-1
69962,Proto-Drago Corrotto,,46598,0,0,-1,0,0,0,0,0,0,0,0,0,0,0,0,2154,0,3,34148608,0,0,0,0,0,-1,-1
69963,Protettore Antico,,46599,0,0,-1,0,0,0,0,0,0,0,0,0,0,0,0,2437,0,3,34148608,0,0,0,0,0,-1,-1
69964,Elementale Appietrantito,,46600,0,0,-1,0,0,0,0,0,0,0,0,0,0,0,0,2152,0,3,34148608,0,0,0,0,0,-1,-1
69966,Rokmur,,46602,0,0,-1,0,0,0,0,0,0,0,0,0,0,0,0,2153,0,3,34148608,0,4096,0,0,0,-1,-1
69967,Vedetta Mordren,,46603,0,0,-1,0,0,0,0,0,0,0,0,0,0,0,0,2385,0,3,34144512,0,0,0,0,0,-1,-1
69968,Prozela Sparavento,,46604,0,0,-1,0,0,0,0,0,0,0,0,0,0,0,0,2256,0,3,34144512,0,0,0,0,0,-1,-1
69969,Voraazka,,46605,0,0,-1,0,0,0,0,0,0,0,0,0,0,37047,0,2078,0,3,34144512,0,0,0,0,0,-1,-1
69970,Kain Brandifuoco,,46606,0,0,-1,0,0,0,0,0,0,0,0,0,0,37047,0,2078,0,3,34144512,0,0,0,0,0,-1,-1
69971,Trio Lama Gelida,,46607,0,0,-1,0,0,0,0,0,0,0,0,0,0,37047,0,2078,0,3,34144512,0,0,0,0,0,-1,-1
69972,Zurgaz Spezzanucleo,,46608,0,0,-1,0,0,0,0,0,0,0,0,0,0,37047,0,2078,0,3,34144512,0,0,0,0,0,-1,-1
69973,Rouen Ventogelido,,46609,0,0,-1,0,0,0,0,0,0,0,0,0,0,37047,0,2078,0,3,34144512,0,0,0,0,0,-1,-1
69974,Sbrillpip Schioccafulmine,,46610,0,0,-1,0,0,0,0,0,0,0,0,0,0,37047,0,2078,0,3,34144512,0,0,0,0,0,-1,-1
69975,Neela Flagellafuoco,,46611,0,0,-1,0,0,0,0,0,0,0,0,0,0,37047,0,2078,0,3,34144512,0,0,0,0,0,-1,-1
69976,Fenran,,46612,0,0,-1,0,0,0,0,0,0,0,0,0,0,0,0,2078,0,3,34148608,0,4096,0,0,0,-1,-1
69987,"Campi della Ferocia, Redux: Terrore della Palude!",,46623,99450,0,-1,0,0,0,0,0,0,0,0,0,0,37197,111,2249,0,3,34144512,0,0,0,0,0,-1,-1
69988,Rocce appariscenti,,46624,99309,0,-1,0,0,0,0,0,0,0,0,0,0,37222,109,2251,0,3,36372736,8192,0,0,0,0,-1,-1
69990,Ritorno dei Campi della Ferocia: signore del decadimento!,,46626,99450,0,-1,0,0,0,0,0,0,0,0,0,0,37199,111,2249,0,3,34144512,0,0,0,0,0,-1,-1
69991,Ritorno dei Campi della Ferocia: nemico dal vulcano!,,46627,99450,0,-1,0,0,0,0,0,0,0,0,0,0,37200,111,2249,0,3,34144512,0,0,0,0,0,-1,-1
69993,Ritorno dei Campi della Ferocia: disperse nel Sogno!,,46629,99450,0,-1,0,0,0,0,0,0,0,0,0,0,37201,111,2249,0,3,34144512,0,0,0,0,0,-1,-1
69994,Ritorno dei Campi della Ferocia: vendetta degli elementi!,,46630,99450,0,-1,0,0,0,0,0,0,0,0,0,0,37202,111,2249,0,3,34144512,0,0,0,0,0,-1,-1
69995,Ritorno dei Campi della Ferocia: maestro della caccia!,,46631,99450,0,-1,0,0,0,0,0,0,0,0,0,0,37203,111,2249,0,3,34144512,0,0,0,0,0,-1,-1
70011,Amici pelosi,,46647,99309,0,-1,0,0,0,0,0,0,0,0,0,0,37302,109,2437,0,3,34144512,0,0,0,0,0,-1,-1
70012,Proteggi le reti!,,46648,99309,0,-1,0,0,0,0,0,0,0,0,0,0,37295,109,2437,0,3,34144512,0,0,0,0,0,-1,-1
70015,Pulizia dal decadimento,,46651,99309,0,-1,0,0,0,0,0,0,0,0,0,0,37297,109,2437,0,3,37290240,0,0,0,0,0,-1,-1
70016,Calmare la terra,,46652,99309,0,-1,0,0,0,0,0,0,0,0,0,0,37298,109,2437,0,3,38338816,8192,0,0,0,0,-1,-1
70021,Storia di Tapionnuq,,46657,99309,0,-1,0,0,0,0,0,0,0,0,0,0,37378,109,2437,0,3,40435968,8192,0,0,0,0,-1,-1
70024,Tracking Quest,,46676,0,0,-1,0,0,0,0,0,0,0,0,0,0,0,0,0,0,3,33555464,0,8,0,0,0,-1,-1
70035,Regata sulle rapide di Ruriq,,46671,99517,0,-1,0,0,0,0,0,0,0,0,0,0,37551,109,2437,0,3,40435968,8192,0,0,0,0,-1,-1
70037,Attrezzi disattivati,,46672,99309,0,-1,0,0,0,0,0,0,0,0,0,0,37209,111,2475,0,3,36241664,0,0,0,0,0,-1,-1
70039,Tracking Quest,,46675,0,0,-1,0,0,0,0,0,0,0,0,0,0,0,0,0,0,3,33555464,0,8,0,0,0,-1,-1
70047,Prigioni di Ghiaccio,,46683,99309,0,-1,0,0,0,0,0,0,0,0,0,0,37235,109,2437,0,3,34144512,0,0,0,0,0,-1,-1
70057,Tarasek furtivi,,46693,99309,0,-1,0,0,0,0,0,0,0,0,0,0,37224,109,2382,0,3,36372736,0,0,0,0,0,-1,-1
70064,Per Imbu!,,46701,99309,0,-1,0,0,0,0,0,0,0,0,0,0,37483,136,2330,0,3,36241728,0,0,0,0,0,-1,-1
70066,Riconquistare il Forte,,46703,99309,0,-1,0,0,0,0,0,0,0,0,0,0,37485,136,2400,0,3,36241728,0,0,0,0,0,-1,-1
70067,Un messaggio per i Nokhud,,46704,99309,0,-1,0,0,0,0,0,0,0,0,0,0,37484,136,2535,0,3,36241728,0,0,0,0,0,-1,-1
70068,Catastrofe di cobalto,,46705,99309,0,-1,0,0,0,0,0,0,0,0,0,0,37481,136,2475,0,3,36241728,0,0,0,0,0,-1,-1
70071,Recuperare la magia,,46708,99309,0,-1,0,0,0,0,0,0,0,0,0,0,37234,109,2437,0,3,40435968,8192,0,0,0,0,-1,-1
70072,Tempo perduto e ritrovato,,46709,99309,0,-1,0,0,0,0,0,0,0,0,0,0,37319,109,2437,0,3,36241664,0,0,0,0,0,-1,-1
70073,Stendardi dei Piumablu,,46710,99309,0,-1,0,0,0,0,0,0,0,0,0,0,37358,109,2437,0,3,41484544,8192,0,0,0,0,-1,-1
70074,Frammentata e saccheggiata,,46711,99309,0,-1,0,0,0,0,0,0,0,0,0,0,37256,109,2437,0,3,36241664,0,0,0,0,0,-1,-1
70075,Catalogando le Sponde del Risveglio,,46712,100503,0,-1,0,0,0,0,0,0,0,0,0,0,37366,109,2437,0,3,6881536,8192,0,0,0,0,-1,-1
70079,Catalogando le Pianure di Ohn'ahra,,46716,100503,0,-1,0,0,0,0,0,0,0,0,0,0,37393,109,2437,0,3,6881536,8192,0,0,0,0,-1,-1
70100,Catalogando la Vastità Azzurra,,46737,100503,0,-1,0,0,0,0,0,0,0,0,0,0,37447,109,2437,0,3,40435968,8192,0,0,0,0,-1,-1
70110,Catalogando Thaldraszus,,46747,100503,0,-1,0,0,0,0,0,0,0,0,0,0,37494,109,2437,0,3,40435968,8192,0,0,0,0,-1,-1
70111,Tesori del tempio,,46748,99309,0,-1,0,0,0,0,0,0,0,0,0,0,37251,109,2437,0,3,40567040,0,0,0,0,0,-1,-1
70112,Minaccia dei Mezzorsi,,46749,99309,0,-1,0,0,0,0,0,0,0,0,0,0,37250,109,2519,0,3,36372736,0,0,0,0,0,-1,-1
70146,Rifiuto delle Alture,,46779,99309,0,-1,0,0,0,0,0,0,0,0,0,0,37317,109,2249,0,3,34144512,0,0,0,0,0,-1,-1
70149,Speranza per le Alture,,46782,99309,0,-1,0,0,0,0,0,0,0,0,0,0,37777,109,2249,0,3,34144512,0,0,0,0,0,-1,-1
70150,Tanti Draghetti da gestire,,46783,103223,0,-1,1,0,0,0,0,0,0,0,0,0,37252,109,2296,0,3,39911688,8192,0,0,0,0,-1,-1
70152,Pesca frenetica!,,46785,99309,0,-1,0,0,0,0,0,0,0,0,0,0,37876,109,2437,0,3,34144512,0,0,0,0,0,-1,-1
70160,Difesa della tesi alchemica,,46793,99309,0,-1,0,0,0,0,0,0,0,0,0,0,37264,109,2437,0,3,36241664,0,0,0,0,0,-1,-1
70172,Misteri montani,,46805,99309,0,-1,0,0,0,0,0,0,0,0,0,0,37276,109,2437,0,3,34144512,0,0,0,0,0,-1,-1
70176,Vittime della rete,,46809,99309,0,-1,0,0,0,0,0,0,0,0,0,0,37277,109,2437,0,3,34144512,0,0,0,0,0,-1,-1
70196,Sfrondare la Riserva,,46818,105994,0,-1,0,0,0,0,0,0,0,0,0,0,0,0,2151,0,3,34144256,0,512,0,0,0,-1,-1
70209,Qua-Quattacco,,46826,100571,0,-1,0,0,0,0,0,0,0,0,0,0,37368,113,2523,0,3,4784384,8192,0,0,0,0,-1,-1
70212,Penumbrus,,46829,0,0,-1,0,0,0,0,0,0,0,0,0,0,0,0,2151,0,3,34148608,0,4096,0,0,0,-1,-1
70213,Harkyn Pietracupa,,46830,0,0,-1,0,0,0,0,0,0,0,0,0,0,0,0,2151,0,3,34148608,0,4096,0,0,0,-1,-1
70224,Minaccia fetida,,46840,99309,0,-1,0,0,0,0,0,0,0,0,0,0,37367,109,2437,0,3,34144512,0,0,0,0,0,-1,-1
70246,Tracking,,46859,0,0,-1,0,0,0,0,0,0,0,0,0,0,0,0,0,0,3,38339584,8192,8,0,0,0,-1,-1
70248,Tracking,,46861,0,0,-1,0,0,0,0,0,0,0,0,0,0,0,0,0,0,3,38339584,8192,8,0,0,0,-1,-1
70270,Tracking,,46882,0,0,-1,0,0,0,0,0,0,0,0,0,0,0,0,0,0,3,38339584,8192,8,0,0,0,-1,-1
70271,Tracking,,46883,0,0,-1,0,0,0,0,0,0,0,0,0,0,0,0,0,0,3,38339584,8192,8,0,0,0,-1,-1
70272,Tracking,,46884,0,0,-1,0,0,0,0,0,0,0,0,0,0,0,0,0,0,3,38339584,8192,8,0,0,0,-1,-1
70273,Tracking,,46885,0,0,-1,0,0,0,0,0,0,0,0,0,0,0,0,0,0,3,38339584,8192,8,0,0,0,-1,-1
70275,Overcharged Tesla Coil Looted [DND],,46887,0,0,-1,0,0,0,0,0,0,0,0,0,0,0,0,0,0,3,38339584,8192,8,0,0,0,-1,-1
70276,Curious Glyph Tracking,,46888,0,0,-1,0,0,0,0,0,0,0,0,0,0,0,0,0,0,3,38339584,8192,8,0,0,0,-1,-1
70278,Tracking,,46890,0,0,-1,0,0,0,0,0,0,0,0,0,0,0,0,0,0,3,38339584,8192,8,0,0,0,-1,-1
70287,Tracking,,46900,0,0,-1,0,0,0,0,0,0,0,0,0,0,0,0,0,0,3,38339584,8192,8,0,0,0,-1,-1
70290,Tracking,,46903,0,0,-1,0,0,0,0,0,0,0,0,0,0,0,0,0,0,3,38339584,8192,8,0,0,0,-1,-1
70296,Tracking,,46909,0,0,-1,0,0,0,0,0,0,0,0,0,0,0,0,2214,0,3,34145280,0,8,0,0,0,-1,-1
70310,Tracking,,46923,0,0,-1,0,0,0,0,0,0,0,0,0,0,0,0,0,0,3,38339584,8192,8,0,0,0,-1,-1
70311,Tracking,,46924,0,0,-1,0,0,0,0,0,0,0,0,0,0,0,0,0,0,3,38339584,8192,8,0,0,0,-1,-1
70312,Tracking,,46925,0,0,-1,0,0,0,0,0,0,0,0,0,0,0,0,0,0,3,38339584,8192,8,0,0,0,-1,-1
70313,Tracking,,46926,0,0,-1,0,0,0,0,0,0,0,0,0,0,0,0,0,0,3,38339584,8192,8,0,0,0,-1,-1
70314,Tracking,,46927,0,0,-1,0,0,0,0,0,0,0,0,0,0,0,0,0,0,3,38339584,8192,8,0,0,0,-1,-1
70353,Tracking,,46948,0,0,-1,0,0,0,0,0,0,0,0,0,0,0,0,0,0,3,38339584,8192,8,0,0,0,-1,-1
70369,Un passato ridotto a granelli,,46962,99309,0,-1,0,0,0,0,0,0,0,0,0,0,37434,109,2437,0,3,34144512,0,0,0,0,0,-1,-1
70372,Tracking,,46964,0,0,-1,0,0,0,0,0,0,0,0,0,0,0,0,0,0,3,38339584,8192,8,0,0,0,-1,-1
70382,Corsa Cavalcadraghi - Anello del Tempio della Vita di Rubino,,46974,101721,0,-1,0,0,0,0,0,0,0,0,0,0,37446,281,2437,0,3,34144512,0,0,0,0,0,-1,-1
70410,Corsa Cavalcadraghi - Sorvolo dei Freddolesto,,46997,101721,0,-1,0,0,0,0,0,0,0,0,0,0,37452,281,2437,0,3,34144512,0,0,0,0,0,-1,-1
70412,Corsa Cavalcadraghi - Slalom della Riserva Selvaggia,,46998,101721,0,-1,0,0,0,0,0,0,0,0,0,0,37453,281,2437,0,3,34144512,0,0,0,0,0,-1,-1
70413,Corsa Cavalcadraghi - Volo del Flusso Ardente,,46999,101721,0,-1,0,0,0,0,0,0,0,0,0,0,37454,281,2437,0,3,34144512,0,0,0,0,0,-1,-1
70415,Corsa Cavalcadraghi - Gara sul fiume della Giungla Apicale,,47001,101721,0,-1,0,0,0,0,0,0,0,0,0,0,37455,281,2437,0,3,34144512,0,0,0,0,0,-1,-1
70416,Corsa Cavalcadraghi - Ottovolante degli Uktulut,,47002,101721,0,-1,0,0,0,0,0,0,0,0,0,0,37456,281,2437,0,3,34144512,0,0,0,0,0,-1,-1
70417,Corsa Cavalcadraghi - Rondò di Riposo Alato,,47003,101721,0,-1,0,0,0,0,0,0,0,0,0,0,37457,281,2437,0,3,34144512,0,0,0,0,0,-1,-1
70418,Corsa Cavalcadraghi - Circuito della Riserva Selvaggia,,47004,101721,0,-1,0,0,0,0,0,0,0,0,0,0,37458,281,2437,0,3,34144512,0,0,0,0,0,-1,-1
70419,Corsa Cavalcadraghi - Circuito del Boschetto Spargisole,,47005,101721,0,-1,0,0,0,0,0,0,0,0,0,0,37459,281,2437,0,3,34144512,0,0,0,0,0,-1,-1
70420,Corsa Cavalcadraghi - Volo nel Pantano,,47006,101721,0,-1,0,0,0,0,0,0,0,0,0,0,37460,281,2437,0,3,34144512,0,0,0,0,0,-1,-1
70421,Corsa Cavalcadraghi - Gara sul Fiume della Gola,,47007,101721,0,-1,0,0,0,0,0,0,0,0,0,0,37461,281,2437,0,3,34144512,0,0,0,0,0,-1,-1
70422,Corsa Cavalcadraghi - Ascesa dei Giardini di Smeraldo,,47008,101721,0,-1,0,0,0,0,0,0,0,0,0,0,37462,281,2437,0,3,34144512,0,0,0,0,0,-1,-1
70423,Corsa Cavalcadraghi - Scatto di Maruukai,,47009,101721,0,-1,0,0,0,0,0,0,0,0,0,0,37464,281,2437,0,3,34144512,0,0,0,0,0,-1,-1
70424,Corsa Cavalcadraghi - Scatto dello Specchio del Cielo,,47010,101721,0,-1,0,0,0,0,0,0,0,0,0,0,37467,281,2437,0,3,34144512,0,0,0,0,0,-1,-1
70425,Corsa Cavalcadraghi - Volata della Vastità Azzurra,,47011,101721,0,-1,0,0,0,0,0,0,0,0,0,0,37468,281,2437,0,3,34144512,0,0,0,0,0,-1,-1
70426,Corsa Cavalcadraghi - Slalom della Vastità Azzurra,,47012,101721,0,-1,0,0,0,0,0,0,0,0,0,0,37469,281,2437,0,3,34144512,0,0,0,0,0,-1,-1
70427,Corsa Cavalcadraghi - Ascesa di Vakthros,,47013,101721,0,-1,0,0,0,0,0,0,0,0,0,0,37470,281,2437,0,3,34144512,0,0,0,0,0,-1,-1
70428,Corsa Cavalcadraghi - Giro di Iskaara,,47014,101721,0,-1,0,0,0,0,0,0,0,0,0,0,37471,281,2437,0,3,34144512,0,0,0,0,0,-1,-1
70429,Corsa Cavalcadraghi - Sorvolo delle Terre Gelide,,47015,101721,0,-1,0,0,0,0,0,0,0,0,0,0,37472,281,2437,0,3,34144512,0,0,0,0,0,-1,-1
70430,Corsa Cavalcadraghi - Perimetro dell'Archivio,,47016,101721,0,-1,0,0,0,0,0,0,0,0,0,0,37473,281,2437,0,3,34144512,0,0,0,0,0,-1,-1
70431,Corsa Cavalcadraghi - Volo della Foresta Fluente,,47017,101721,0,-1,0,0,0,0,0,0,0,0,0,0,37474,281,2437,0,3,34144512,0,0,0,0,0,-1,-1
70432,Corsa Cavalcadraghi - Prova del Forte di Tyr,,47018,101721,0,-1,0,0,0,0,0,0,0,0,0,0,37475,281,2437,0,3,34144512,0,0,0,0,0,-1,-1
70433,Corsa Cavalcadraghi - Circuito delle Scogliere,,47019,101721,0,-1,0,0,0,0,0,0,0,0,0,0,37476,281,2437,0,3,34144512,0,0,0,0,0,-1,-1
70434,Corsa Cavalcadraghi - Ascesa dell'Accademia,,47020,101721,0,-1,0,0,0,0,0,0,0,0,0,0,37477,281,2437,0,3,34144512,0,0,0,0,0,-1,-1
70435,Corsa Cavalcadraghi - Passeggiata in Giardino,,47022,101721,0,-1,0,0,0,0,0,0,0,0,0,0,37478,281,2437,0,3,34144512,0,0,0,0,0,-1,-1
70436,Corsa Cavalcadraghi - Caverne Intersecanti,,47023,101721,0,-1,0,0,0,0,0,0,0,0,0,0,37479,281,2437,0,3,34144512,0,0,0,0,0,-1,-1
70439,L'Arcano Selvaggio,,47025,99309,0,-1,0,0,0,0,0,0,0,0,0,0,37489,113,2523,0,3,4784384,8192,0,0,0,0,-1,-1
70440,Occhi morti,,47026,99309,0,-1,0,0,0,0,0,0,0,0,0,0,37490,109,2437,0,3,38338816,8192,0,0,0,0,-1,-1
70442,Battaglia al banchetto,,47028,99309,0,-1,0,0,0,0,0,0,0,0,0,0,37491,109,2437,0,3,34144512,0,0,0,0,0,-1,-1
70502,Ripulire i cieli,,47085,99309,0,-1,0,0,0,0,0,0,0,0,0,0,37499,109,2437,0,3,41484544,0,0,0,0,0,-1,-1
70529,Portali a casa,,47111,99309,0,-1,0,0,0,0,0,0,0,0,0,0,37514,109,2437,0,3,38338816,8192,0,0,0,0,-1,-1
70549,Il frutto appetitoso appeso più in basso,,47131,104424,0,-1,0,0,0,0,0,0,0,0,0,0,37538,109,2437,0,3,34144512,8192,0,0,0,0,-1,-1
70602,Lezione di storia: Guerra delle Sabbie Mutevoli,,47183,99309,0,-1,0,0,0,0,0,0,0,0,0,0,37539,109,2437,0,3,34144512,0,0,0,0,0,-1,-1
70612,Alimentare le Tre Cascate,,47193,99309,0,-1,0,0,0,0,0,0,0,0,0,0,37549,109,2437,0,3,38338816,8192,0,0,0,0,-1,-1
70622,Rifornire le Tre Cascate,,47203,99309,0,-1,0,0,0,0,0,0,0,0,0,0,37550,109,2437,0,3,38338816,8192,0,0,0,0,-1,-1
70623,Ripulire i cieli,,47204,99309,0,-1,0,0,0,0,0,0,0,0,0,0,37554,109,2437,0,3,41484544,0,0,0,0,0,-1,-1
70625,Creazione Forgiata dalla Magia,,47205,99309,0,-1,0,0,0,0,0,0,0,0,0,0,37631,111,2475,0,3,34144576,0,0,0,0,0,-1,-1
70629,Assalto alla spiaggia,,47209,99309,0,-1,0,0,0,0,0,0,0,0,0,0,37557,109,2437,0,3,36241664,0,0,0,0,0,-1,-1
70631,Ripulire i cieli,,47211,99309,0,-1,0,0,0,0,0,0,0,0,0,0,37556,109,2437,0,3,41484544,0,0,0,0,0,-1,-1
70632,Catalogando le Sponde del Risveglio,,47212,100503,0,-1,0,0,0,0,0,0,0,0,0,0,37555,109,2437,0,3,6881536,8192,0,0,0,0,-1,-1
70634,Agitazione,,47214,99309,0,-1,0,0,0,0,0,0,0,0,0,0,37560,109,2437,0,3,38338816,8192,0,0,0,0,-1,-1
70636,Proto-Draghi Antichi,,47216,99309,0,-1,0,0,0,0,0,0,0,0,0,0,37263,109,2304,0,3,34144512,0,0,0,0,0,-1,-1
70637,Fishing Hole 01 Nets Unlocked,,47217,0,0,-1,0,0,0,0,0,0,0,0,0,0,0,0,2437,0,3,590848,1,8,0,0,0,-1,-1
70638,Il Demolitore del Vento,,47219,99309,0,-1,0,0,0,0,0,0,0,0,0,0,37566,109,2437,0,3,36241664,0,0,0,0,0,-1,-1
70639,Stendardi azzurri,,47220,99309,0,-1,0,0,0,0,0,0,0,0,0,0,37571,109,2437,0,3,41484544,8192,0,0,0,0,-1,-1
70646,Valvola della Pressione,,47228,99309,0,-1,0,0,0,0,0,0,0,0,0,0,37580,109,2437,0,3,41484544,8192,0,0,0,0,-1,-1
70648,Firava il Riaccenditore,,47230,0,0,-1,0,0,0,0,0,0,0,0,0,0,0,0,2285,0,3,34144512,0,0,0,0,0,-1,-1
70649,Campionamento di drospo,,47231,99309,0,-1,0,0,0,0,0,0,0,0,0,0,37572,109,2437,0,3,41484544,8192,0,0,0,0,-1,-1
70651,Ladri di bagagli,,47233,99239,0,-1,0,0,0,0,0,0,0,0,0,0,37582,109,2151,0,3,38338816,8192,0,0,0,0,-1,-1
70652,Fuori uno!,,47234,99239,0,-1,0,0,0,0,0,0,0,0,0,0,37583,109,2152,0,3,40435968,0,0,0,0,0,-1,-1
70653,Con la scienza non si scherza,,47235,99239,0,-1,0,0,0,0,0,0,0,0,0,0,37586,109,2153,0,3,40435968,0,0,0,0,0,-1,-1
70654,Mi stai purrrendendo in giro?,,47236,99239,0,-1,0,0,0,0,0,0,0,0,0,0,37589,109,2154,0,3,40435968,8192,0,0,0,0,-1,-1
70655,Foglie di vite al massimo,,47237,99239,0,-1,0,0,0,0,0,0,0,0,0,0,37585,109,2152,0,3,40435968,0,0,0,0,0,-1,-1
70656,Questo fungo non funge,,47238,99239,0,-1,0,0,0,0,0,0,0,0,0,0,37591,109,2154,0,3,40435968,0,0,0,0,0,-1,-1
70658,Manufatto o fatto di fantasia?,,47240,99239,0,-1,0,0,0,0,0,0,0,0,0,0,37587,109,2153,0,3,40435968,0,0,0,0,0,-1,-1
70659,Catalogando le Pianure di Ohn'ahra,,47241,100503,0,-1,0,0,0,0,0,0,0,0,0,0,37579,109,2437,0,3,6881536,8192,0,0,0,0,-1,-1
70660,Minerali meravigliosi,,47242,99239,0,-1,0,0,0,0,0,0,0,0,0,0,37584,109,2152,0,3,40435968,0,0,0,0,0,-1,-1
70661,Provviste a volontà,,47243,99239,0,-1,0,0,0,0,0,0,0,0,0,0,37590,109,2154,0,3,40435968,0,0,0,0,0,-1,-1
70662,"Osso per osso, piccone per piccone",,47244,99239,0,-1,0,0,0,0,0,0,0,0,0,0,37588,109,2153,0,3,40435968,0,0,0,0,0,-1,-1
70698,Ricercatrice Alafurba,,47266,0,0,-1,0,0,0,0,0,0,0,0,0,0,0,0,2078,0,3,34148608,0,4096,0,0,0,-1,-1
70699,Catalogando Thaldraszus,,47267,100503,0,-1,0,0,0,0,0,0,0,0,0,0,37610,109,2437,0,3,40435968,8192,0,0,0,0,-1,-1
70712,Corsa Cavalcadraghi - Percorso per le Rapide,,47279,101721,0,-1,0,0,0,0,0,0,0,0,0,0,37620,281,2437,0,3,34144512,0,0,0,0,0,-1,-1
70719,Trakken Sferzaombre,,47284,0,0,-1,0,0,0,0,0,0,0,0,0,0,0,0,2308,0,3,34148608,0,0,0,0,0,-1,-1
70720,Non sono per te,,47285,99309,0,-1,0,0,0,0,0,0,0,0,0,0,37627,109,2437,0,3,6881536,8192,0,0,0,0,-1,-1
70750,Aiutare l'Accordo,,47316,107827,0,-1,0,0,0,0,0,0,0,0,0,0,0,0,2437,0,2,36733248,0,776,0,0,0,-1,-1
70751,Terillod il Devoto,,47317,0,0,-1,0,0,0,0,0,0,0,0,0,0,0,0,2279,0,3,34144512,0,0,0,0,0,-1,-1
70763,Tagliamondi A'tir,,47327,0,0,-1,0,0,0,0,0,0,0,0,0,0,0,0,2474,0,3,34148608,0,0,0,0,0,-1,-1
70780,Stendardi di Ohn'ahra,,47342,99309,0,-1,0,0,0,0,0,0,0,0,0,0,37652,109,2437,0,3,41484544,8192,0,0,0,0,-1,-1
70782,Stendardi frondosi,,47344,99309,0,-1,0,0,0,0,0,0,0,0,0,0,37653,109,2437,0,3,41484544,8192,0,0,0,0,-1,-1
70783,Skaara,,47345,0,0,-1,0,0,0,0,0,0,0,0,0,0,0,0,2469,0,3,34144512,0,0,0,0,0,-1,-1
70823,Tracking Quest,,47385,0,0,-1,0,0,0,0,0,0,0,0,0,0,0,0,0,0,3,33555464,0,8,0,0,0,-1,-1
70824,Tracking Quest,,47386,0,0,-1,0,0,0,0,0,0,0,0,0,0,0,0,0,0,3,33555464,0,8,0,0,0,-1,-1
70825,Tracking Quest,,47387,0,0,-1,0,0,0,0,0,0,0,0,0,0,0,0,0,0,3,33555464,0,8,0,0,0,-1,-1
70826,Tracking Quest,,47388,0,0,-1,0,0,0,0,0,0,0,0,0,0,0,0,0,0,3,33555464,0,8,0,0,0,-1,-1
70827,Tracking Quest,,47389,0,0,-1,0,0,0,0,0,0,0,0,0,0,0,0,0,0,3,33555464,0,8,0,0,0,-1,-1
70934,Abbraccio della salamantera,,47475,99309,0,-1,0,0,0,0,0,0,0,0,0,0,37756,109,2437,0,3,37290240,0,0,0,0,0,-1,-1
70947,Trambladd l'Acchiappatesori,,47487,0,0,-1,0,0,0,0,0,0,0,0,0,0,0,0,2154,0,3,34148608,0,4096,0,0,0,-1,-1
70979,Magmaton,,47518,0,0,-1,0,0,0,0,0,0,0,0,0,0,0,0,2151,0,3,34148608,0,4096,0,0,0,-1,-1
70983,O'nank Rovistalidi,,47520,0,0,-1,0,0,0,0,0,0,0,0,0,0,0,0,2151,0,3,34148608,0,4096,0,0,0,-1,-1
70984,Spezzare l'impeto,,47521,99309,0,-1,0,0,0,0,0,0,0,0,0,0,37813,136,2287,0,3,36241728,0,0,65793,0,0,-1,-1
70986,Soldata Shikzar,,47523,0,0,-1,0,0,0,0,0,0,0,0,0,0,0,0,2154,0,3,38338816,0,0,0,0,0,-1,-1
71140,Due più due,,47659,132429,0,-1,0,0,0,0,0,0,0,0,0,0,37871,115,2437,0,3,34144512,0,0,0,0,0,-1,-1
71145,Il Gran Maestro,,47664,132429,0,-1,0,0,0,0,0,0,0,0,0,0,37878,115,2437,0,3,34144512,0,0,0,0,0,-1,-1
71154,Lancio dell'artiglio: fondamenti di tiro,,47673,99309,0,-1,0,0,0,0,0,0,0,0,0,0,37892,109,2401,0,3,38338816,0,0,0,0,0,-1,-1
71156,Preoccupazioni ribelli,,47675,99309,0,-1,0,0,0,0,0,0,0,0,0,0,37893,109,2437,0,3,34144512,0,0,0,0,0,-1,-1
71160,Carica di profondità,,47678,99309,0,-1,0,0,0,0,0,0,0,0,0,200561,40808,109,2400,0,3,34144512,0,0,0,0,0,-1,-1
71164,Bende rubate,,47681,99309,0,-1,0,0,0,0,0,0,0,0,0,0,37895,109,2437,0,3,34144512,0,0,0,0,0,-1,-1
71166,La più antica libellula,,47683,99309,0,-1,0,0,0,0,0,0,0,0,0,0,37896,115,2437,0,3,590080,0,0,0,0,0,-1,-1
71180,Devi iniziare da qualche parte,,47696,132429,0,-1,0,0,0,0,0,0,0,0,0,0,37897,115,2437,0,3,34144512,0,0,0,0,0,-1,-1
71181,Reliquie della grotta dimenticata,,47697,99309,0,-1,0,0,0,0,0,0,0,0,0,0,37926,109,2437,0,3,40435968,8192,0,0,0,0,-1,-1
71200,Tracking Quest,,47713,0,0,-1,0,0,0,0,0,0,0,0,0,0,0,0,0,0,3,33555464,0,8,0,0,0,-1,-1
71201,Nascondissimo,,47714,99309,0,-1,0,0,0,0,0,0,0,0,0,0,37924,109,2404,0,3,34144512,0,0,0,0,0,-1,-1
71202,Mini mischia del Demone del Mana,,47715,99309,0,-1,0,0,0,0,0,0,0,0,0,0,37925,115,2437,0,3,590080,0,0,0,0,0,-1,-1
71204,Tracking Quest,,47717,0,0,-1,0,0,0,0,0,0,0,0,0,0,0,0,0,0,3,33555464,0,8,0,0,0,-1,-1
71205,Idrotuskarr,,47718,99309,0,-1,0,0,0,0,0,0,0,0,0,0,37927,109,2437,0,3,40435968,8192,0,0,0,0,-1,-1
71206,Occhio della Prole Tempestosa,,47719,99309,0,-1,0,0,0,0,0,0,0,0,0,0,37928,115,2437,0,3,590080,0,0,0,0,0,-1,-1
71207,Tracking Quest,,47720,0,0,-1,0,0,0,0,0,0,0,0,0,0,0,0,0,0,3,33555464,0,8,0,0,0,-1,-1
71208,Tracking Quest,,47721,0,0,-1,0,0,0,0,0,0,0,0,0,0,0,0,0,0,3,33555464,0,8,0,0,0,-1,-1
71212,Attaccare i Felcepelle,,47724,99309,0,-1,0,0,0,0,0,0,0,0,0,0,37482,136,2516,0,3,36241728,0,0,0,0,0,-1,-1
71214,Riconquistare le Cascate,,47726,99309,0,-1,0,0,0,0,0,0,0,0,0,0,37939,109,2437,0,3,38338816,8192,0,0,0,0,-1,-1
71215,Tracking Quest,,47727,0,0,-1,0,0,0,0,0,0,0,0,0,0,0,0,0,0,3,33555464,0,8,0,0,0,-1,-1
71216,Tracking Quest,,47728,0,0,-1,0,0,0,0,0,0,0,0,0,0,0,0,0,0,3,33555464,0,8,0,0,0,-1,-1
71217,Tracking Quest,,47729,0,0,-1,0,0,0,0,0,0,0,0,0,0,0,0,0,0,3,33555464,0,8,0,0,0,-1,-1
71218,Tracking Quest,,47730,0,0,-1,0,0,0,0,0,0,0,0,0,0,0,0,0,0,3,33555464,0,8,0,0,0,-1,-1
71220,Tracking Quest,,47731,0,0,-1,0,0,0,0,0,0,0,0,0,0,0,0,0,0,3,33555464,0,8,0,0,0,-1,-1
71221,Tracking Quest,,47732,0,0,-1,0,0,0,0,0,0,0,0,0,0,0,0,0,0,3,33555464,0,8,0,0,0,-1,-1
71222,Tracking Quest,,47733,0,0,-1,0,0,0,0,0,0,0,0,0,0,0,0,0,0,3,33555464,0,8,0,0,0,-1,-1
71223,Tracking Quest,,47734,0,0,-1,0,0,0,0,0,0,0,0,0,0,0,0,0,0,3,33555464,0,8,0,0,0,-1,-1
71224,Tracking Quest,,47735,0,0,-1,0,0,0,0,0,0,0,0,0,0,0,0,0,0,3,33555464,0,8,0,0,0,-1,-1
71225,Portato dal vento: Rhuzast,,47736,100571,0,-1,0,0,0,0,0,0,0,0,0,0,37975,278,2078,0,3,4784384,8192,0,0,0,0,-1,-1
72008,Conquistare la montagna: Krolkoth,,48522,100571,0,-1,0,0,0,0,0,0,0,0,0,0,37978,278,2078,0,3,4784384,8192,0,0,0,0,-1,-1
72019,Scoprire l'intendo del nemico: Nezascar,,48533,100571,0,-1,0,0,0,0,0,0,0,0,0,0,37979,278,2078,0,3,4784384,8192,0,0,0,0,-1,-1
72022,Pesca frenetica!,,48536,104838,0,-1,0,0,0,0,0,0,0,0,0,0,38542,109,2437,0,3,34144512,0,0,0,0,0,-1,-1
72028,Pesca frenetica!,,48542,104839,0,-1,0,0,0,0,0,0,0,0,0,0,38543,109,2437,0,3,34144512,0,0,0,0,0,-1,-1
72029,Pesca frenetica!,,48543,104841,0,-1,0,0,0,0,0,0,0,0,0,0,38544,109,2437,0,3,34144512,0,0,0,0,0,-1,-1
72030,Pesca frenetica!,,48544,104842,0,-1,0,0,0,0,0,0,0,0,0,0,38545,109,2437,0,3,34144512,0,0,0,0,0,-1,-1
72050,Balgar,,46599,0,0,-1,0,0,0,0,0,0,0,0,0,0,0,0,2437,0,3,34148608,0,0,0,0,0,-1,-1
72058,Cosa abbiamo qui: Tarolekk,,48569,109451,0,-1,0,0,0,0,0,0,0,0,0,0,37999,278,2535,0,3,4784384,8192,0,0,0,0,-1,-1
72061,Invocatempeste Veldra,,48572,0,0,-1,0,0,0,0,0,0,0,0,0,0,0,0,2437,0,3,34148608,0,0,0,0,0,-1,-1
72068,Aiutare l'Accordo: un banchetto per tutti,,47316,107827,0,-1,0,0,0,0,0,0,0,0,0,0,0,0,2437,0,2,36733248,0,776,0,0,0,-1,-1
72089,Si va all'Osservatorio della Vetta,,48594,0,0,-1,0,0,0,0,0,0,0,0,0,0,0,265,2151,0,3,41418752,0,256,0,0,0,-1,-1
72090,Sventare il piano dei Primalisti,,48595,99309,0,-1,0,0,0,0,0,0,0,0,0,0,38011,136,2385,0,3,37290304,0,0,0,0,0,-1,-1
72114,Acrosoth,,48619,0,0,-1,0,0,0,0,0,0,0,0,0,0,0,0,2541,0,3,34144512,0,8,0,0,0,-1,-1
72116,Liskron l'Abbagliante,,48621,0,0,-1,0,0,0,0,0,0,0,0,0,0,0,0,2371,0,3,34144512,0,0,0,0,0,-1,-1
72121,Il Grande Shellkhan,,48624,0,0,-1,0,0,0,0,0,0,0,0,0,0,0,0,2154,0,3,34144512,0,0,0,0,0,-1,-1
72126,"Slurpo, l'Incredibile Lumaca",,48629,0,0,-1,0,0,0,0,0,0,0,0,0,0,0,0,2523,0,3,34148608,0,0,0,0,0,-1,-1
72127,Capitana Lanciera,,48630,0,0,-1,0,0,0,0,0,0,0,0,0,0,0,0,2523,0,3,34148608,0,0,0,0,0,-1,-1
72128,Enkine il Vorace,,48631,0,0,-1,0,0,0,0,0,0,0,0,0,0,0,0,2523,0,3,34148608,0,0,0,0,0,-1,-1
72130,Grifone dimenticato,,48633,0,0,-1,0,0,0,0,0,0,0,0,0,0,0,0,2523,0,3,34148608,0,0,0,0,0,-1,-1
72154,Skag il Lanciatore,,48657,0,0,-1,0,0,0,0,0,0,0,0,0,0,0,0,2153,0,3,34148608,0,4096,0,0,0,-1,-1
72254,Il fantasma del Pescatore Tinnak,,48705,103663,0,-1,0,0,0,0,0,0,0,0,0,0,0,0,2437,0,3,34144512,0,0,0,0,0,-1,-1
72358,Cascata,,48807,0,0,-1,0,0,0,0,0,0,0,0,0,0,0,0,2153,0,3,34144512,0,0,0,0,0,-1,-1
72364,Zarizz,,48813,0,0,-1,0,0,0,0,0,0,0,0,0,0,0,0,2152,0,3,34148608,0,0,0,0,0,-1,-1
72373,Aiutare l'Accordo: la caccia è aperta,,47316,107827,0,-1,0,0,0,0,0,0,0,0,0,0,0,0,2437,0,2,36733248,0,776,0,0,0,-1,-1
72374,Aiutare l'Accordo: Forte del Flagello dei Draghi,,47316,107827,0,-1,0,0,0,0,0,0,0,0,0,0,0,0,2437,0,2,36733248,0,776,0,0,0,-1,-1
72375,Aiutare l'Accordo: la chiamata delle isole,,47316,107827,0,-1,0,0,0,0,0,0,0,0,0,0,0,0,2437,0,2,36733184,0,776,0,0,0,-1,-1
72439,[DNT] Tracking Quest,,48881,0,0,-1,0,0,0,0,0,0,0,0,0,0,0,0,0,0,3,33588224,0,8,0,0,0,-1,-1
72510,Isola Proibita 1/1,,48953,0,0,-1,0,0,0,0,0,0,0,0,0,0,38628,265,7211,0,3,38273024,1073750016,8,0,0,0,-1,-1
72516,Tracking Quest [DNT],,48958,0,0,-1,0,0,0,0,0,0,0,0,0,0,0,0,2424,0,3,33555456,128,8,0,0,0,-1,-1
72560,Arrampicata,,48988,99239,0,-1,0,0,0,0,0,0,0,0,0,0,0,265,2523,0,3,36245504,0,12288,0,0,0,-1,-1
72675,Isola Proibita 1/2,,49079,0,0,-1,0,0,0,0,0,0,0,0,0,0,38628,265,7211,0,3,39321600,1073750016,8,0,0,0,-1,-1
72677,Isola Proibita 1/3,,49081,0,0,-1,0,0,0,0,0,0,0,0,0,0,38628,265,7211,0,3,38273024,1073750016,8,0,0,0,-1,-1
72678,Isola Proibita 1/4,,49082,0,0,-1,0,0,0,0,0,0,0,0,0,0,38628,265,7211,0,3,39321600,1073750016,8,0,0,0,-1,-1
72699,Isola Proibita 1/5,,49102,0,0,-1,0,0,0,0,0,0,0,0,0,0,38628,265,7211,0,3,38273024,1073750016,8,0,0,0,-1,-1
72783,Ordini d'Artigianato,,49183,0,0,-1,0,0,0,0,0,0,0,0,0,0,0,0,2401,0,2,39911424,8192,512,70633,0,0,-1,-1
72891,Isola Proibita 2/6,,49276,0,0,-1,0,0,0,0,0,0,0,0,0,0,38628,265,7211,0,3,39321600,1073750016,8,0,0,0,-1,-1
72893,Isola Proibita 2/5,,49278,0,0,-1,0,0,0,0,0,0,0,0,0,0,38628,265,7211,0,3,39321600,1073750016,8,0,0,0,-1,-1
72894,Isola Proibita 2/4,,49279,0,0,-1,0,0,0,0,0,0,0,0,0,0,38628,265,7211,0,3,38273024,1073750016,8,0,0,0,-1,-1
72895,Isola Proibita 2/3,,49280,0,0,-1,0,0,0,0,0,0,0,0,0,0,38628,265,7211,0,3,38273024,1073750016,8,0,0,0,-1,-1
72896,Isola Proibita 2/2,,49281,0,0,-1,0,0,0,0,0,0,0,0,0,0,38628,265,7211,0,3,38273024,1073750016,8,0,0,0,-1,-1
72897,Isola Proibita 2/1,,49282,0,0,-1,0,0,0,0,0,0,0,0,0,0,38628,265,7211,0,3,38273024,1073750016,8,0,0,0,-1,-1
72898,Isola Proibita 2/7,,49283,0,0,-1,0,0,0,0,0,0,0,0,0,0,38628,265,7211,0,3,38273024,1073750016,8,0,0,0,-1,-1
72899,Isola Proibita 2/8,,49284,0,0,-1,0,0,0,0,0,0,0,0,0,0,38628,265,7211,0,3,38273024,1073750016,8,0,0,0,-1,-1
72906,[DNT] Storm Pet Battle,,49291,0,0,-1,0,0,0,0,0,0,0,0,0,0,0,115,2437,0,3,4784128,8192,0,0,0,0,-1,-1
72907,[DNT] Storm Pet Battle Fodder Tracking Quest,,49308,0,0,-1,0,0,0,0,0,0,0,0,0,0,0,115,2437,0,3,2688256,0,0,0,0,0,-1,-1
72952,La spaventosa Cripta di Ur,,49341,0,0,-1,131073,0,0,0,0,0,0,0,0,0,0,0,7211,0,2,40894464,1073750016,520,72953,74431,0,-1,-1
72953,Cripta di Zskera: Az,,49342,0,0,-1,0,0,0,0,0,0,0,0,0,0,0,0,7211,0,2,40894464,1073750016,520,73159,0,0,-1,-1
72954,Cripta di Zskera: Ix,,49343,0,0,-1,131073,0,0,0,0,0,0,0,0,0,0,0,7211,0,2,40894464,1073750016,520,72952,74431,0,-1,-1
72955,Cripta di Zskera: Kx,,49344,0,0,-1,131073,0,0,0,0,0,0,0,0,0,0,0,7211,0,2,40894464,1073750016,520,72954,74431,0,-1,-1
73064,Pupazzo di Neve Magico,,49454,0,0,-1,0,0,0,0,0,0,0,0,0,0,0,0,2605,0,3,34148352,0,0,0,0,0,-1,-1
73078,Corsa Cavalcadraghi - Circuito del Cratere Spezzatempesta,,49468,101721,0,-1,0,0,0,0,0,0,0,0,0,0,38662,281,7211,0,3,34144512,0,0,0,0,0,-1,-1
73079,Corsa Cavalcadraghi - Ascesa di Morqut,,49469,101721,0,-1,0,0,0,0,0,0,0,0,0,0,38663,281,7211,0,3,34144512,0,0,0,0,0,-1,-1
73080,Corsa Cavalcadraghi - Giro del Baratro delle Aquile,,49470,101721,0,-1,0,0,0,0,0,0,0,0,0,0,38664,281,7211,0,3,34144512,0,0,0,0,0,-1,-1
73082,Corsa Cavalcadraghi - Percorso dell'Isola Meridionale,,49472,101721,0,-1,0,0,0,0,0,0,0,0,0,0,38665,281,7211,0,3,34144512,0,0,0,0,0,-1,-1
73083,Corsa Cavalcadraghi - Ottovolante della Caldera,,49473,101721,0,-1,0,0,0,0,0,0,0,0,0,0,38666,281,7211,0,3,34144512,0,0,0,0,0,-1,-1
73084,Corsa Cavalcadraghi - Scatto dell'Isola Proibita,,49474,101721,0,-1,0,0,0,0,0,0,0,0,0,0,38667,281,7211,0,3,34144512,0,0,0,0,0,-1,-1
73146,Vento tagliente,,49535,0,0,-1,0,0,0,0,0,0,0,0,0,0,38670,115,7211,0,3,4784128,8192,0,0,0,0,-1,-1
73147,Terreno mutevole,,49536,0,0,-1,0,0,0,0,0,0,0,0,0,0,38671,115,7211,0,3,4784128,8192,0,0,0,0,-1,-1
73148,Vegetazione combustibile,,49537,0,0,-1,0,0,0,0,0,0,0,0,0,0,38672,115,7211,0,3,4784128,8192,0,0,0,0,-1,-1
73149,Allarme alluvione,,49538,0,0,-1,0,0,0,0,0,0,0,0,0,0,38673,115,7211,0,3,4784128,8192,0,0,0,0,-1,-1
73221,Lucidità mentale,,49605,108904,0,-1,0,0,0,0,0,0,0,0,0,202714,39333,109,2650,0,3,38469888,8192,0,0,0,0,-1,-1
73408,Fiutali!,,49715,108883,0,-1,0,0,0,0,0,0,0,0,0,203013,38725,109,7214,0,3,41484544,8192,0,0,0,0,-1,-1
73696,Tracking Quest,,49865,0,0,-1,0,0,0,0,0,0,0,0,0,0,0,0,0,0,3,33555464,0,8,0,0,0,-1,-1
73698,Capriole,,49867,108886,0,-1,0,0,0,0,0,0,0,0,0,0,38773,109,7214,0,3,40435968,8192,0,0,0,0,-1,-1
73699,Tracking Quest,,49868,0,0,-1,0,0,0,0,0,0,0,0,0,0,0,0,0,0,3,33555464,0,8,0,0,0,-1,-1
73700,Tracking Quest,,49869,0,0,-1,0,0,0,0,0,0,0,0,0,0,0,0,0,0,3,33555464,0,8,0,0,0,-1,-1
73702,Tracking Quest,,49871,0,0,-1,0,0,0,0,0,0,0,0,0,0,0,0,0,0,3,33555464,0,8,0,0,0,-1,-1
73864,Tracciamento Missione,,49960,0,0,-1,0,0,0,0,0,0,0,0,0,0,0,265,2424,0,3,33619968,128,0,0,0,0,-1,-1
74292,Misteri di Concafonda,,50375,108884,0,-1,0,0,0,0,0,0,0,0,0,0,38774,109,7214,0,3,40435968,8192,0,0,0,0,-1,-1
74296,Isola Proibita 3/3,,50379,0,0,-1,0,0,0,0,0,0,0,0,0,0,38628,265,7211,0,3,38273024,1073750016,8,0,0,0,-1,-1
74297,Isola Proibita 3/1,,50380,0,0,-1,0,0,0,0,0,0,0,0,0,0,38628,265,7211,0,3,38273024,1073750016,8,0,0,0,-1,-1
74298,Isola Proibita 3/2,,50381,0,0,-1,0,0,0,0,0,0,0,0,0,0,38628,265,7211,0,3,39321600,1073750016,8,0,0,0,-1,-1
74299,Isola Proibita 3/4,,50382,0,0,-1,0,0,0,0,0,0,0,0,0,0,38628,265,7211,0,3,39321600,1073750016,8,0,0,0,-1,-1
74300,Tectonus,,50383,0,0,-1,0,0,0,0,0,0,0,0,0,0,0,0,7211,0,3,34148672,0,8,0,0,0,-1,-1
74301,Isola Proibita 3/5,,50384,0,0,-1,0,0,0,0,0,0,0,0,0,0,38628,265,7211,0,3,39321600,1073750016,8,0,0,0,-1,-1
74302,Isola Proibita 3/6,,50385,0,0,-1,0,0,0,0,0,0,0,0,0,0,38628,265,7211,0,3,39321600,1073750016,8,0,0,0,-1,-1
74303,Isola Proibita 3/7,,50386,0,0,-1,0,0,0,0,0,0,0,0,0,0,38628,265,7211,0,3,39321600,1073750016,8,0,0,0,-1,-1
74304,Isola Proibita 3/8,,50387,0,0,-1,0,0,0,0,0,0,0,0,0,0,38628,265,7211,0,3,39321600,1073750016,8,0,0,0,-1,-1
74305,Ser Pizzicot,,50388,0,0,-1,0,0,0,0,0,0,0,0,0,0,0,0,7211,0,3,34148672,0,8,0,0,0,-1,-1
74306,Manatema,,50389,0,0,-1,0,0,0,0,0,0,0,0,0,0,0,0,7211,0,3,34148672,0,8,0,0,0,-1,-1
74307,Zannaguzza,,50390,0,0,-1,0,0,0,0,0,0,0,0,0,0,0,0,7211,0,3,34148672,0,8,0,0,0,-1,-1
74311,Isola Proibita 4/1,,50394,0,0,-1,0,0,0,0,0,0,0,0,0,0,38628,265,7211,0,3,38273024,1073750016,8,0,0,0,-1,-1
74313,Isola Proibita 4/2,,50396,0,0,-1,0,0,0,0,0,0,0,0,0,0,38628,265,7211,0,3,38273024,1073750016,8,0,0,0,-1,-1
74315,Isola Proibita 4/3,,50398,0,0,-1,0,0,0,0,0,0,0,0,0,0,38628,265,7211,0,3,38273024,1073750016,8,0,0,0,-1,-1
74319,Isola Proibita 4/4,,50402,0,0,-1,0,0,0,0,0,0,0,0,0,0,38628,265,7211,0,3,38273024,1073750016,8,0,0,0,-1,-1
74320,Isola Proibita 4/5,,50403,0,0,-1,0,0,0,0,0,0,0,0,0,0,38628,265,7211,0,3,38273024,1073750016,8,0,0,0,-1,-1
74321,Gareed,,50404,0,0,-1,0,0,0,0,0,0,0,0,0,0,0,0,7211,0,3,34148672,0,8,0,0,0,-1,-1
74322,Faunos,,50405,0,0,-1,0,0,0,0,0,0,0,0,0,0,0,0,7211,0,3,34148672,0,8,0,0,0,-1,-1
74323,Isola Proibita 4/6,,50406,0,0,-1,0,0,0,0,0,0,0,0,0,0,38628,265,7211,0,3,38273024,1073750016,8,0,0,0,-1,-1
74324,Isola Proibita 4/7,,50407,0,0,-1,0,0,0,0,0,0,0,0,0,0,38628,265,7211,0,3,38273024,1073750016,8,0,0,0,-1,-1
74325,Forgiamaree Zarviss,,50408,0,0,-1,0,0,0,0,0,0,0,0,0,0,0,0,7211,0,3,34148672,0,8,0,0,0,-1,-1
74327,Isola Proibita 4/8,,50409,0,0,-1,0,0,0,0,0,0,0,0,0,0,38628,265,7211,0,3,38273024,1073750016,8,0,0,0,-1,-1
74328,Arcantrix,,50410,0,0,-1,0,0,0,0,0,0,0,0,0,0,0,0,7211,0,3,34148672,0,8,0,0,0,-1,-1
74329,Kangalo,,50411,0,0,-1,0,0,0,0,0,0,0,0,0,0,0,0,7211,0,3,34148672,0,8,0,0,0,-1,-1
74330,Fimbul,,50412,0,0,-1,0,0,0,0,0,0,0,0,0,0,0,0,7211,0,3,34148672,0,8,0,0,0,-1,-1
74331,Agni Zoccolo Ardente,,50413,0,0,-1,0,0,0,0,0,0,0,0,0,0,0,0,7211,0,3,34148672,0,8,0,0,0,-1,-1
74332,Luttrok,,50414,0,0,-1,0,0,0,0,0,0,0,0,0,0,0,0,7211,0,3,34148672,0,8,0,0,0,-1,-1
74333,Lapistoico,,50415,0,0,-1,0,0,0,0,0,0,0,0,0,0,0,0,7211,0,3,34148672,0,8,0,0,0,-1,-1
74336,Vraken il Cacciatore,,50418,0,0,-1,0,0,0,0,0,0,0,0,0,0,0,0,7211,0,3,34148672,0,8,0,0,0,-1,-1
74337,Gahz'raxes,,50419,0,0,-1,0,0,0,0,0,0,0,0,0,0,0,0,7211,0,3,34148672,0,8,0,0,0,-1,-1
74338,Ishyra,,50420,0,0,-1,0,0,0,0,0,0,0,0,0,0,0,0,7211,0,3,34148672,0,8,0,0,0,-1,-1
74339,Reisa l'Annegata,,50421,0,0,-1,0,0,0,0,0,0,0,0,0,0,0,0,7211,0,3,34148672,0,8,0,0,0,-1,-1
74340,Duzalgor,,50422,0,0,-1,0,0,0,0,0,0,0,0,0,0,0,0,7211,0,3,34148672,0,8,0,0,0,-1,-1
74341,Vagliaossa Marwak,,50423,0,0,-1,0,0,0,0,0,0,0,0,0,0,0,0,7211,0,3,34148672,0,8,0,0,0,-1,-1
74342,Galakhad,,50424,0,0,-1,0,0,0,0,0,0,0,0,0,0,0,0,7211,0,3,34148672,0,8,0,0,0,-1,-1
74343,Grugoth lo Spezzascafi,,50425,0,0,-1,0,0,0,0,0,0,0,0,0,0,0,0,7211,0,3,34148672,0,8,0,0,0,-1,-1
74344,Dama Shaz'ra,,50426,0,0,-1,0,0,0,0,0,0,0,0,0,0,0,0,7211,0,3,34148672,0,8,0,0,0,-1,-1
74345,Veltrax,,50427,0,0,-1,0,0,0,0,0,0,0,0,0,0,0,0,7211,0,3,34148672,0,8,0,0,0,-1,-1
74346,Carrey Occhiopazzo,,50428,0,0,-1,0,0,0,0,0,0,0,0,0,0,0,0,7211,0,3,34148672,0,8,0,0,0,-1,-1
74347,Ammazzadragoni Angvardi,,50429,0,0,-1,0,0,0,0,0,0,0,0,0,0,0,0,7211,0,3,34148672,0,8,0,0,0,-1,-1
74348,Custode Entrix,,50430,0,0,-1,0,0,0,0,0,0,0,0,0,0,0,0,7211,0,3,34148672,0,8,0,0,0,-1,-1
74349,Barbagruggo,,50431,0,0,-1,0,0,0,0,0,0,0,0,0,0,0,0,7211,0,3,34148672,0,8,0,0,0,-1,-1
74350,Pyrachniss,,50432,0,0,-1,0,0,0,0,0,0,0,0,0,0,0,0,7211,0,3,34148672,0,8,0,0,0,-1,-1
74351,Volcanakk,,50433,0,0,-1,0,0,0,0,0,0,0,0,0,0,0,0,7211,0,3,34148672,0,8,0,0,0,-1,-1
74352,Zefiro Turbinante,,52033,109176,0,-1,0,0,0,0,0,0,0,0,0,0,39373,283,7214,0,3,36372480,524288,4096,0,0,0,-1,-1
74377,Ribaltare un granchio,,50459,106302,0,-1,0,0,0,0,0,0,0,0,0,0,0,0,7211,0,3,34144256,0,8,0,0,0,-1,-1
74378,Furia dei Cieli,,50460,127219,0,-1,0,0,0,0,0,0,0,0,0,0,38594,112,2594,0,3,36241664,0,0,0,0,0,-1,-1
74440,Cercaventi Avash,,50528,0,0,-1,0,0,0,0,0,0,0,0,0,0,0,0,2152,0,3,34148608,0,0,0,0,0,-1,-1
74441,Maestra delle Aquile Niraak,,50529,0,0,-1,0,0,0,0,0,0,0,0,0,0,0,0,2152,0,3,34148608,0,0,0,0,0,-1,-1
74444,Forbidden Reach 1/3 C and D,,50532,0,0,-1,0,0,0,0,0,0,0,0,0,0,38628,265,7211,0,3,38273024,1073750016,8,0,0,0,-1,-1
74445,Forbidden Reach 1/1 C and D,,50533,0,0,-1,0,0,0,0,0,0,0,0,0,0,38628,265,7211,0,3,38273024,1073750016,8,0,0,0,-1,-1
74448,Sovrintendente Linguardesia,,50536,0,0,-1,0,0,0,0,0,0,0,0,0,0,0,0,2078,0,3,34148608,0,4096,0,0,0,-1,-1
74449,Matrice di Difesa in Sovraccarico,,50537,0,0,-1,0,0,0,0,0,0,0,0,0,0,0,0,2078,0,3,34148608,0,4096,0,0,0,-1,-1
74450,Morlash,,50538,0,0,-1,0,0,0,0,0,0,0,0,0,0,0,0,2078,0,3,34148608,0,4096,0,0,0,-1,-1
74451,Tikarr Gelartigli,,50539,0,0,-1,0,0,0,0,0,0,0,0,0,0,0,0,2078,0,3,34148608,0,4096,0,0,0,-1,-1
74452,Valantus,,50540,0,0,-1,0,0,0,0,0,0,0,0,0,0,0,0,2078,0,3,34148608,0,4096,0,0,0,-1,-1
74453,Alascheggia,,50541,0,0,-1,0,0,0,0,0,0,0,0,0,0,0,0,2078,0,3,34148608,0,4096,0,0,0,-1,-1
74454,Maestra delle Forme Za'lani,,50542,0,0,-1,0,0,0,0,0,0,0,0,0,0,0,0,2078,0,3,34148608,0,4096,0,0,0,-1,-1
74455,Golem Arcano Instabile,,50543,0,0,-1,0,0,0,0,0,0,0,0,0,0,0,0,2078,0,3,34148608,0,4096,0,0,0,-1,-1
74456,Motivatore Krathos,,50544,0,0,-1,0,0,0,0,0,0,0,0,0,0,0,0,2078,0,3,34148608,0,4096,0,0,0,-1,-1
74457,Gran Ingegnera Zeerak,,50545,0,0,-1,0,0,0,0,0,0,0,0,0,0,0,0,2078,0,3,34148608,0,4096,0,0,0,-1,-1
74458,Srivantor,,50546,0,0,-1,0,0,0,0,0,0,0,0,0,0,0,0,2078,0,3,34148608,0,4096,0,0,0,-1,-1
74459,Pietrartiglio,,50547,0,0,-1,0,0,0,0,0,0,0,0,0,0,0,0,2078,0,3,34148608,0,4096,0,0,0,-1,-1
74460,Acquatino,,50548,0,0,-1,0,0,0,0,0,0,0,0,0,0,0,0,2078,0,3,34148608,0,4096,0,0,0,-1,-1
74461,Malucro Rocciacauta,,50549,0,0,-1,0,0,0,0,0,0,0,0,0,0,0,0,2078,0,3,34148608,0,4096,0,0,0,-1,-1
74462,Shiobhan Figlia dell'Acqua,,50550,0,0,-1,0,0,0,0,0,0,0,0,0,0,0,0,2078,0,3,34148608,0,4096,0,0,0,-1,-1
74463,Groffnar,,50551,0,0,-1,0,0,0,0,0,0,0,0,0,0,0,0,2078,0,3,34148608,0,4096,0,0,0,-1,-1
74464,Lurgan,,50552,0,0,-1,0,0,0,0,0,0,0,0,0,0,0,0,2078,0,3,34148608,0,4096,0,0,0,-1,-1
74465,Invocatempeste Narkena,,50553,0,0,-1,0,0,0,0,0,0,0,0,0,0,0,0,2078,0,3,34148608,0,4096,0,0,0,-1,-1
74466,Maestra Cacciatrice Yrgena,,50554,0,0,-1,0,0,0,0,0,0,0,0,0,0,0,0,2078,0,3,34148608,0,4096,0,0,0,-1,-1
74467,Beccosanguigno il Vorace,,50555,0,0,-1,0,0,0,0,0,0,0,0,0,0,0,0,2078,0,3,34148608,0,4096,0,0,0,-1,-1
74468,Forbidden Reach 1/2 D and E,,50556,0,0,-1,0,0,0,0,0,0,0,0,0,0,38628,265,7211,0,3,39321600,1073750016,8,0,0,0,-1,-1
74501,Campo di Soffusione: Vento Cinereo,,50589,111201,0,-1,131073,0,0,0,0,0,0,0,0,0,38748,111,2641,0,3,4784128,8193,0,75888,75157,0,-1,-1
74510,Forbidden Reach 2/6,,50597,0,0,-1,0,0,0,0,0,0,0,0,0,0,38628,265,7211,0,3,38273024,1073750016,8,0,0,0,-1,-1
74784,Isola Proibita 1/3 (RD),,50855,0,0,-1,0,0,0,0,0,0,0,0,0,0,38628,265,7211,0,3,38273024,1073750016,8,0,0,0,-1,-1
74792,Sono pieni di stelle!,,50863,99309,0,-1,0,0,0,0,0,0,0,0,0,0,39062,115,2437,0,3,34144512,0,0,0,0,0,-1,-1
74794,L'ora giusta due volte al dì,,50865,99309,0,-1,0,0,0,0,0,0,0,0,0,0,39063,115,2437,0,3,590080,0,0,0,0,0,-1,-1
74835,Enok il Fetido,,50908,99309,0,-1,0,0,0,0,0,0,0,0,0,0,39064,115,2437,0,3,590080,0,0,0,0,0,-1,-1
74836,Una nuova vocazione,,50909,99309,0,-1,0,0,0,0,0,0,0,0,0,0,39065,115,2437,0,3,34144512,0,0,0,0,0,-1,-1
74837,Zampe del tuono,,50910,99309,0,-1,0,0,0,0,0,0,0,0,0,0,39066,115,2437,0,3,34144512,0,0,0,0,0,-1,-1
74838,Vivex,,50911,99309,0,-1,0,0,0,0,0,0,0,0,0,0,39067,115,2437,0,3,590080,0,0,0,0,0,-1,-1
74840,Ardente ardore,,50913,99309,0,-1,0,0,0,0,0,0,0,0,0,0,39068,115,2437,0,3,34144512,0,0,0,0,0,-1,-1
74841,Adinakon,,50914,99309,0,-1,0,0,0,0,0,0,0,0,0,0,39069,115,2437,0,3,590080,0,0,0,0,0,-1,-1
74879,Controbilanciamento corrosivo,,50951,108893,0,-1,0,0,0,0,0,0,0,0,0,0,39323,109,7214,0,3,38338560,8192,0,0,0,0,-1,-1
74892,Anziani Zaqali,,50962,107182,0,-1,0,0,0,0,0,0,0,0,0,0,39104,112,2471,0,3,34144320,0,0,0,0,0,-1,-1
74945,Azzardo di guanite,,51006,108897,0,-1,0,0,0,0,0,0,0,0,0,0,39335,109,7214,0,3,38338560,8192,0,0,0,0,-1,-1
74985,Come falene verso la fiamma,,51046,108909,0,-1,0,0,0,0,0,0,0,0,0,0,39334,109,7214,0,3,38338560,8192,0,0,0,0,-1,-1
74988,Se non sopporti il caldo,,51091,108887,0,-1,0,0,0,0,0,0,0,0,0,204344,39133,111,7214,0,3,37421312,0,0,0,0,0,-1,-1
74989,Difese zelanti,,51050,108888,0,-1,0,0,0,0,0,0,0,0,0,0,39134,111,7214,0,3,34144512,0,0,0,0,0,-1,-1
74990,Ombra vorticosa,,51051,108889,0,-1,0,0,0,0,0,0,0,0,0,0,39135,111,7214,0,3,41484544,0,0,0,0,0,-1,-1
74991,Abbiamo fatto ritorno,,51052,108890,0,-1,0,0,0,0,0,0,0,0,0,204365,39136,111,7214,0,3,34275584,0,0,0,0,0,-1,-1
74992,Equipaggiamento con resistenza al fuoco,,51053,108891,0,-1,0,0,0,0,0,0,0,0,0,0,39137,111,7214,0,3,34144512,0,0,0,0,0,-1,-1
75022,Vinyeti,,51083,0,0,-1,0,0,0,0,0,0,0,0,0,0,0,0,2650,0,3,34148672,0,8,0,0,0,-1,-1
75030,Catastrofe di cristallo!,,51092,108885,0,-1,0,0,0,0,0,0,0,0,0,0,39147,109,7214,0,3,40435968,8192,0,0,0,0,-1,-1
75058,Acquisizione d'avanguardia,,51116,108447,0,-1,0,0,0,0,0,0,0,0,0,0,38683,109,7214,0,3,40435968,0,0,0,0,0,-1,-1
75060,Una vera discarica,,51118,108447,0,-1,0,0,0,0,0,0,0,0,0,0,38681,109,7214,0,3,40435968,0,0,0,0,0,-1,-1
75061,Questo fungo non fungerà per sempre,,51119,108447,0,-1,0,0,0,0,0,0,0,0,0,0,38682,109,7214,0,3,40435968,0,0,0,0,0,-1,-1
75062,Enigma cristallino,,51120,108447,0,-1,0,0,0,0,0,0,0,0,0,0,38680,109,7214,0,3,40435968,0,0,0,0,0,-1,-1
75063,Grasso Ambrato,,51121,108905,0,-1,0,0,0,0,0,0,0,0,0,0,39159,109,7214,0,3,38469632,8192,0,0,0,0,-1,-1
75064,Sbarcare il fungario,,51122,108906,0,-1,0,0,0,0,0,0,0,0,0,0,39160,109,7214,0,3,38469632,8192,0,0,0,0,-1,-1
75067,Raduno di Vipere delle Rocce,,51125,108907,0,-1,0,0,0,0,0,0,0,0,0,0,39162,109,7214,0,3,38469632,0,0,0,0,0,-1,-1
75071,Ogni topo da fiuto è benvenuto,,51129,108908,0,-1,0,0,0,0,0,0,0,0,0,0,39163,109,7214,0,3,38469632,0,0,0,0,0,-1,-1
75119,Corsa Cavalcadraghi - Circuito di Cristallo,,51178,108754,0,-1,0,0,0,0,0,0,0,0,0,0,39164,281,2437,0,3,34144512,0,0,0,0,0,-1,-1
75120,Corsa Cavalcadraghi - Giro della Caldera,,51179,108754,0,-1,0,0,0,0,0,0,0,0,0,0,39167,281,2437,0,3,34144512,0,0,0,0,0,-1,-1
75121,Corsa Cavalcadraghi - Scatto di Zolfo,,51180,108754,0,-1,0,0,0,0,0,0,0,0,0,0,39168,281,2437,0,3,34144512,0,0,0,0,0,-1,-1
75122,Corsa Cavalcadraghi - Slalom Scintillante,,51181,108754,0,-1,0,0,0,0,0,0,0,0,0,0,39169,281,2437,0,3,34144512,0,0,0,0,0,-1,-1
75123,Corsa Cavalcadraghi - Tour di Loamm,,51182,108754,0,-1,0,0,0,0,0,0,0,0,0,0,39170,281,2437,0,3,34144512,0,0,0,0,0,-1,-1
75124,Corsa Cavalcadraghi - Allungo Sulfureo,,51183,108754,0,-1,0,0,0,0,0,0,0,0,0,0,39171,281,2437,0,3,34144512,0,0,0,0,0,-1,-1
75125,"Tutte le porte, dappertutto, tutte insieme",,51184,0,0,-1,0,0,0,0,0,0,0,0,0,0,38628,265,7211,0,3,2686976,1073741824,8,0,0,0,-1,-1
75126,Catalogazione della Caverna di Zaralek,,51185,107540,0,-1,0,0,0,0,0,0,0,0,0,0,38676,109,7214,0,3,40566784,8192,0,0,0,0,-1,-1
75128,Allevamento di poltiglie,,51187,108895,0,-1,0,0,0,0,0,0,0,0,0,0,39325,109,7214,0,3,41484288,8192,0,0,0,0,-1,-1
75151,Ridistribuire i resti,,51211,108894,0,-1,0,0,0,0,0,0,0,0,0,0,39324,109,7214,0,3,38338560,8192,0,0,0,0,-1,-1
75155,Spegnere l'ombrofuoco,,51215,108896,0,-1,0,0,0,0,0,0,0,0,0,0,39326,109,7214,0,3,41484288,8192,0,0,0,0,-1,-1
75156,Espresso dello Stress,,51685,108370,0,-1,0,0,0,0,0,0,0,0,0,0,39370,283,7214,0,3,35192832,524288,4096,0,0,0,-1,-1
75162,Evocare gli elementi,,51222,110050,0,-1,0,0,0,0,0,0,0,0,0,204473,39202,113,2523,0,3,38469888,8192,0,0,0,0,-1,-1
75200,Eliminazione di fondovolo,,51254,108882,0,-1,0,0,0,0,0,0,0,0,0,0,39211,109,7214,0,3,41484544,8192,0,0,0,0,-1,-1
75222,Guscio di Fuoco,,51694,108373,0,-1,0,0,0,0,0,0,0,0,0,0,39370,283,7214,0,3,35192832,524288,4096,0,0,0,-1,-1
75234,Unghie e naso,,52101,109354,0,-1,0,0,0,0,0,0,0,0,0,0,0,283,7214,0,3,36241408,524288,4104,0,0,0,-1,-1
75257,L'Asilo della Guerra,,51307,106302,0,-1,0,0,0,0,0,0,0,0,0,0,39251,136,7211,0,3,40436032,0,0,0,0,0,-1,-1
75259,Aiutare l'Accordo: Cripte di Zskera,,47316,107827,0,-1,0,0,0,0,0,0,0,0,0,0,0,0,7211,0,2,36733248,0,776,0,0,0,-1,-1
75267,Kob'rok,,51315,0,0,-1,0,0,0,0,0,0,0,0,0,0,0,111,2650,0,3,34148672,0,8,0,0,0,-1,-1
75269,Kapraku,,51317,0,0,-1,0,0,0,0,0,0,0,0,0,0,0,111,2650,0,3,34148672,0,8,0,0,0,-1,-1
75271,Aquifon,,51319,0,0,-1,0,0,0,0,0,0,0,0,0,0,0,111,2650,0,3,34148672,0,8,0,0,0,-1,-1
75274,Viscix,,51322,0,0,-1,0,0,0,0,0,0,0,0,0,0,0,111,2650,0,3,34148672,0,8,0,0,0,-1,-1
75276,Roteamidollo,,51324,0,0,-1,0,0,0,0,0,0,0,0,0,0,0,111,2650,0,3,34148672,0,8,0,0,0,-1,-1
75280,Campo di Soffusione: Gelo Intenso,,51328,111201,0,-1,131073,0,0,0,0,0,0,0,0,0,39213,111,2641,0,3,4784128,8193,0,75888,75157,0,-1,-1
75285,Alcanon,,51332,0,0,-1,0,0,0,0,0,0,0,0,0,0,0,111,2650,0,3,34148672,0,8,0,0,0,-1,-1
75292,Professor Gastrinax,,51335,0,0,-1,0,0,0,0,0,0,0,0,0,0,0,111,2650,0,3,34148672,0,8,0,0,0,-1,-1
75296,Generale Zskorro,,51339,0,0,-1,0,0,0,0,0,0,0,0,0,0,0,111,2650,0,3,34148672,0,8,0,0,0,-1,-1
75298,Regina di Sottoluce,,51341,0,0,-1,0,0,0,0,0,0,0,0,0,0,0,111,2650,0,3,34148672,0,8,0,0,0,-1,-1
75314,Hadexia,,51351,0,0,-1,0,0,0,0,0,0,0,0,0,0,0,0,2650,0,3,34148672,0,8,0,0,0,-1,-1
75322,Klakatak,,51359,0,0,-1,0,0,0,0,0,0,0,0,0,0,0,111,2650,0,3,34148672,0,8,0,0,0,-1,-1
75326,Brullo il Forte,,51363,0,0,-1,0,0,0,0,0,0,0,0,0,0,0,111,2650,0,3,34148672,0,8,0,0,0,-1,-1
75334,Karokta,,51371,0,0,-1,0,0,0,0,0,0,0,0,0,0,0,111,2650,0,3,34148672,0,8,0,0,0,-1,-1
75336,Invoq,,51373,0,0,-1,0,0,0,0,0,0,0,0,0,0,0,111,2650,0,3,34148672,0,8,0,0,0,-1,-1
75338,Lavermix,,51375,0,0,-1,0,0,0,0,0,0,0,0,0,0,0,0,2650,0,3,34148672,0,8,0,0,0,-1,-1
75340,Magtembo,,51377,0,0,-1,0,0,0,0,0,0,0,0,0,0,0,111,2650,0,3,34148672,0,8,0,0,0,-1,-1
75342,Kronkapak,,51379,0,0,-1,0,0,0,0,0,0,0,0,0,0,0,0,2650,0,3,34148672,0,8,0,0,0,-1,-1
75343,Tutto ciò che luccica,,51381,108899,0,-1,0,0,0,0,0,0,0,0,0,0,39327,109,7214,0,3,38338560,8192,0,0,0,0,-1,-1
75344,Spaccatore di cristalli,,51382,108901,0,-1,0,0,0,0,0,0,0,0,0,0,39329,109,7214,0,3,41484288,8192,0,0,0,0,-1,-1
75345,Società di gusci,,51383,108902,0,-1,0,0,0,0,0,0,0,0,0,0,39331,109,7214,0,3,38338560,8192,0,0,0,0,-1,-1
75346,Raccolta dati,,51384,108903,0,-1,0,0,0,0,0,0,0,0,0,0,39332,109,7214,0,3,41484288,8192,0,0,0,0,-1,-1
75349,Skornak,,51387,0,0,-1,0,0,0,0,0,0,0,0,0,0,0,111,2650,0,3,34148672,0,8,0,0,0,-1,-1
75350,Spostatore dei Niffen,,51388,108900,0,-1,0,0,0,0,0,0,0,0,0,0,39328,109,7214,0,3,38338560,8192,0,0,0,0,-1,-1
75353,Dinn,,51390,0,0,-1,0,0,0,0,0,0,0,0,0,0,0,111,2650,0,3,34148672,0,8,0,0,0,-1,-1
75358,Fluidus,,51395,0,0,-1,0,0,0,0,0,0,0,0,0,0,0,111,2650,0,3,34148672,0,8,0,0,0,-1,-1
75360,Sotterrax,,51397,0,0,-1,0,0,0,0,0,0,0,0,0,0,0,111,2650,0,3,34148672,0,8,0,0,0,-1,-1
75364,Vesprardente,,51401,0,0,-1,0,0,0,0,0,0,0,0,0,0,0,111,2650,0,3,34148672,0,8,0,0,0,-1,-1
75366,Re Verdastro,,51403,0,0,-1,0,0,0,0,0,0,0,0,0,0,0,111,2650,0,3,34148672,0,8,0,0,0,-1,-1
75370,Incenso Odoroso,,51695,108372,0,-1,0,0,0,0,0,0,0,0,0,0,39370,283,7214,0,3,35192832,524288,4096,0,0,0,-1,-1
75390,Anomalia verticale,,52103,109357,0,-1,0,0,0,0,0,0,0,0,0,0,0,283,7214,0,3,36241408,524288,4104,0,0,0,-1,-1
75393,Produrre odori,,52090,109229,0,-1,0,0,0,0,0,0,0,0,0,0,0,283,7214,0,3,36241408,524288,4104,0,0,0,-1,-1
75397,Quei vermi dispettosi,,52098,109345,0,-1,0,0,0,0,0,0,0,0,0,0,0,283,7214,0,3,36241408,524288,4104,0,0,0,-1,-1
75398,Onora il Falò,Onora il Falò di Mezza Estate sulle Sponde del Risveglio.,51434,9484,0,-1,0,0,0,0,0,0,0,0,0,0,0,0,394,0,2,2097152,0,512,0,0,0,-1,-1
75441,Intruglio Puzzolente,,51696,108371,0,-1,0,0,0,0,0,0,0,0,0,0,39370,283,7214,0,3,35192832,524288,4096,0,0,0,-1,-1
75450,Cerimonia sismica,,51492,108378,0,-1,0,0,0,0,0,0,0,0,0,0,39587,283,7214,0,3,36241408,524288,4096,0,0,0,-1,-1
75451,Equilibrio imperfetto,,51494,108376,0,-1,0,0,0,0,0,0,0,0,0,0,39587,283,7214,0,3,36241408,524288,4096,0,0,0,-1,-1
75454,Conflitto di mortai,,51497,108380,0,-1,0,0,0,0,0,0,0,0,0,0,39587,283,7214,0,3,40435712,524288,4096,0,0,0,-1,-1
75455,Cospirazione delle fiamme,,51671,108379,0,-1,0,0,0,0,0,0,0,0,0,0,39587,283,7214,0,3,36241408,524288,4096,0,0,0,-1,-1
75459,Nuovi scavi,,51489,0,0,-1,0,0,0,0,0,0,0,0,0,0,0,109,7214,0,3,34144256,524352,4360,0,0,0,-1,-1
75461,Matriarca Magmagrinfia,,52036,108381,0,-1,0,0,0,0,0,0,0,0,0,0,39371,283,7214,0,3,34144256,524288,4096,0,0,0,-1,-1
75471,Rilevamento Cristallino,,51692,108374,0,-1,0,0,0,0,0,0,0,0,0,0,39370,283,7214,0,3,35192832,524288,4096,0,0,0,-1,-1
75476,Colossian,,51511,0,0,-1,0,0,0,0,0,0,0,0,0,0,0,111,2650,0,3,34148672,0,8,0,0,0,-1,-1
75478,Idra molto molto affamata,,52035,109174,0,-1,0,0,0,0,0,0,0,0,0,0,39371,283,7214,0,3,34144256,524288,4096,0,0,0,-1,-1
75494,Colpisci i colori,,52034,109175,0,-1,0,0,0,0,0,0,0,0,0,0,39371,283,7214,0,3,36241408,524288,4096,0,0,0,-1,-1
75511,Tracking Quest,,51543,0,0,-1,0,0,0,0,0,0,0,0,0,0,0,265,2474,0,3,622656,69206080,0,0,0,0,-1,-1
75516,Interventi riusciti,,52099,109348,0,-1,0,0,0,0,0,0,0,0,0,0,0,283,7214,0,3,36241408,524288,4104,0,0,0,-1,-1
75517,Nasconditi e annusa,,52096,109342,0,-1,0,0,0,0,0,0,0,0,0,0,0,283,7214,0,3,36241408,524288,4104,0,0,0,-1,-1
75576,Invasione del Torvo Beone!,,51605,0,0,-1,0,0,0,0,0,0,0,0,0,0,0,0,2650,0,3,34148672,0,8,0,0,0,-1,-1
75611,Brilla che sia troppo tardi,,52089,108575,0,-1,0,0,0,0,0,0,0,0,0,0,39372,283,7214,0,3,37289984,524288,4096,0,0,0,-1,-1
75612,Richiamo delle cascate,,52087,108605,0,-1,0,0,0,0,0,0,0,0,0,0,39372,283,7214,0,3,36241408,524288,4096,0,0,0,-1,-1
75617,Onora il Falò,Onora il Falò di Mezza Estate nelle Pianure di Ohn'ahra.,51644,9484,0,-1,0,0,0,0,0,0,0,0,0,0,0,0,394,0,2,2097152,0,512,0,0,0,-1,-1
75619,Animaletti ladruncoli,,52094,109339,0,-1,0,0,0,0,0,0,0,0,0,0,0,283,7214,0,3,36241408,524288,4104,0,0,0,-1,-1
75620,Bugiardi allo scoperto,,52091,109336,0,-1,0,0,0,0,0,0,0,0,0,0,0,283,7214,0,3,36241408,524288,4104,0,0,0,-1,-1
75621,Sussurri elementali,,52100,109351,0,-1,0,0,0,0,0,0,0,0,0,0,0,283,7214,0,3,36241408,524288,4104,0,0,0,-1,-1
75624,La sfida del campione,,52088,108614,0,-1,0,0,0,0,0,0,0,0,0,0,39372,283,7214,0,3,36241408,34078720,4096,0,0,0,-1,-1
75640,Onora il Falò,Onora il Falò di Mezza Estate nella Vastità Azzurra.,51666,9484,0,-1,0,0,0,0,0,0,0,0,0,0,0,0,394,0,2,2097152,0,512,0,0,0,-1,-1
75645,Onora il Falò,Onora il Falò di Mezza Estate a Thaldraszus.,51672,9484,0,-1,0,0,0,0,0,0,0,0,0,0,0,0,394,0,2,2097152,0,512,0,0,0,-1,-1
75647,Onora il Falò,Onora il Falò di Mezza Estate sull'Isola Proibita.,51674,9484,0,-1,0,0,0,0,0,0,0,0,0,0,0,0,394,0,2,2097152,0,512,0,0,0,-1,-1
75650,Onora il Falò,Onora il Falò di Mezza Estate nella Caverna di Zaralek.,51677,9484,0,-1,0,0,0,0,0,0,0,0,0,0,0,0,394,0,2,2097152,0,512,0,0,0,-1,-1
75660,La fine della guardia,,51688,108910,0,-1,0,0,0,0,0,0,0,0,0,0,39529,109,7214,0,3,40435968,0,0,0,0,0,-1,-1
75661,Collezione curativa cristallina,,51689,108911,0,-1,0,0,0,0,0,0,0,0,0,0,39533,109,7214,0,3,38338816,0,0,0,0,0,-1,-1
75663,Tormento irrequieto,,51691,108898,0,-1,0,0,0,0,0,0,0,0,0,0,39538,109,7214,0,3,38338560,8192,0,0,0,0,-1,-1
75664,Cristalli discordanti,,52031,109177,0,-1,0,0,0,0,0,0,0,0,0,0,39373,283,7214,0,3,34144256,524288,4096,0,0,0,-1,-1
75665,Un degno alleato: Niffen di Loamm,,51693,108781,0,-1,0,0,0,0,0,0,0,0,0,0,0,0,2649,0,2,33587272,0,776,0,0,0,-1,-1
75680,In una terra sottoterra,,51711,105724,0,-1,0,0,0,0,0,0,0,0,0,0,39554,115,2650,0,3,34144512,0,0,0,0,0,-1,-1
75705,Manutenzione del monumento,,52032,109178,0,-1,0,0,0,0,0,0,0,0,0,0,39373,283,7214,0,3,34144256,524288,4096,0,0,0,-1,-1
75750,Non sono una meraviglia?,,51777,105724,0,-1,0,0,0,0,0,0,0,0,0,0,39630,115,2650,0,3,34144512,0,0,0,0,0,-1,-1
75834,La Scavatrice Mardei,,51861,105724,0,-1,0,0,0,0,0,0,0,0,0,0,39654,115,2650,0,3,34144512,0,0,0,0,0,-1,-1
75835,Ma almeno ti alleni?,,51862,105724,0,-1,0,0,0,0,0,0,0,0,0,0,39655,115,2650,0,3,34144512,0,0,0,0,0,-1,-1
75859,Aiutare l'Accordo: il Fiutatutto,,47316,107827,0,-1,0,0,0,0,0,0,0,0,0,0,0,0,2649,0,2,36733248,0,776,0,0,0,-1,-1
75860,Aiutare l'Accordo: ricercatori sotto attacco,,47316,107827,0,-1,0,0,0,0,0,0,0,0,0,0,0,0,2649,0,2,36733248,0,776,0,0,0,-1,-1
75861,Aiutare l'Accordo: Campo di Soffusione,,47316,107827,0,-1,0,0,0,0,0,0,0,0,0,0,0,0,2641,0,2,36733248,0,776,0,0,0,-1,-1
75996,Il tuo peso in oro,,52097,109347,0,-1,0,0,0,0,0,0,0,0,0,0,0,283,7214,0,3,40435712,524288,4104,0,0,0,-1,-1
76014,Statua Vivente,,52093,109334,0,-1,0,0,0,0,0,0,0,0,0,0,0,283,7214,0,3,36241408,524288,4104,0,0,0,-1,-1
76015,Cuore di Ferro,,52092,109335,0,-1,0,0,0,0,0,0,0,0,0,0,0,283,7214,0,3,36241408,524288,4104,0,0,0,-1,-1
76016,La Trivella Vivente,,52095,109343,0,-1,0,0,0,0,0,0,0,0,0,0,0,283,7214,0,3,36241408,524288,4104,0,0,0,-1,-1
76027,Urla e battiti d'ali,,52102,109358,0,-1,0,0,0,0,0,0,0,0,0,0,0,283,7214,0,3,36241408,524288,4104,0,0,0,-1,-1
76081,Bugiardi di Spirito,,52117,109338,0,-1,0,0,0,0,0,0,0,0,0,0,0,283,7214,0,3,36241408,524288,4104,0,0,0,-1,-1
76084,Precisione di Fuocogelo,,52120,109337,0,-1,0,0,0,0,0,0,0,0,0,0,0,283,7214,0,3,36241408,524288,4104,0,0,0,-1,-1
76247,Tenere accesa la fiamma di casa,,52277,127044,0,-1,0,0,0,0,0,0,0,0,0,0,0,0,2809,0,2,37748744,8192,520,79573,0,0,-1,-1
76308,Prova dello Stile,,52333,0,0,-1,0,0,0,0,0,0,0,0,0,0,22303,0,877,0,2,72,0,520,0,0,0,-1,-1
76338,Un Picchiacavoli migliore,,54968,110782,0,-1,0,0,0,0,0,0,0,0,0,0,0,0,2809,0,3,38371328,8192,512,79573,0,0,-1,-1
76361,La settimana della moda,,52388,0,0,-1,0,0,0,0,0,0,0,0,52333,0,22303,0,877,0,2,16777224,0,520,0,0,0,-1,-1
76367,Eroi dell'ibernazione,,52394,110842,0,-1,0,0,0,0,0,0,0,0,0,0,41504,112,2471,0,3,34144320,0,0,0,0,0,-1,-1
76506,Trivella di Fuoco per Driadi,,52537,112517,0,-1,1,0,0,0,0,0,0,0,0,0,40689,109,2699,0,3,40435968,8192,0,0,0,0,-1,-1
76518,Sicurezza delle radici,,52547,113028,0,-1,0,0,0,0,0,0,0,0,0,208447,40861,109,2699,0,3,38338816,8192,0,0,0,0,-1,-1
76519,Tutti i bambini,,52548,113029,0,-1,0,0,0,0,0,0,0,0,0,0,40869,109,2699,0,3,38338816,8192,0,0,0,0,-1,-1
76520,Sogno condiviso,,52549,113030,0,-1,0,0,0,0,0,0,0,0,0,208983,41130,109,2699,0,3,38338816,8192,0,0,0,0,-1,-1
76522,Sogno da battaglia,,53270,113032,0,-1,0,0,0,0,0,0,0,0,0,0,40719,109,2699,0,3,38338816,8192,0,0,0,0,-1,-1
76526,Tra gli alberi!,,52555,113031,0,-1,0,0,0,0,0,0,0,0,0,0,40879,109,2699,0,3,40435968,8192,0,0,0,0,-1,-1
76531,Barilotto,,52560,9485,0,-1,0,0,0,0,0,0,0,0,0,0,0,0,298,0,0,33554432,0,520,0,0,0,-1,-1
76549,Sognando nel Sogno,,52577,113011,0,-1,0,0,0,0,0,0,0,0,0,0,40887,109,2699,0,3,40435968,8192,0,0,0,0,-1,-1
76550,Visione Assoluta,,52578,113012,0,-1,0,0,0,0,0,0,0,0,0,208841,40893,109,2699,0,3,40435712,8192,0,0,0,0,-1,-1
76551,Immersioni a caccia di tesori,,52579,113013,0,-1,0,0,0,0,0,0,0,0,0,0,40894,109,2699,0,3,38338560,8192,0,0,0,0,-1,-1
76558,Controllo della base,,52585,113014,0,-1,0,0,0,0,0,0,0,0,0,0,40895,111,2699,0,3,38338560,8192,0,0,0,0,-1,-1
76559,I nostri gufi,,52586,113016,0,-1,0,0,0,0,0,0,0,0,0,0,40896,109,2699,0,3,38338560,8192,0,0,0,0,-1,-1
76562,Manutenzione del fossato,,52589,113017,0,-1,0,0,0,0,0,0,0,0,0,0,40897,109,2699,0,3,38338560,8192,0,0,0,0,-1,-1
76586,Diffondere la Luce,,52611,128113,0,-1,0,0,0,0,0,0,0,0,0,0,41783,111,2809,0,3,5308424,8257,8,79573,0,0,-1,-1
76587,Ricerca: Centauri delle Pianure di Ohn'ahra,,52612,118785,0,-1,0,0,0,0,0,0,0,0,0,0,40442,109,2714,0,3,40435976,8192,0,0,0,0,-1,-1
76588,Difensore della Fiamma,,52613,127044,0,-1,0,0,0,0,0,0,0,0,0,0,41783,0,2809,0,2,37748744,2138112,520,79573,0,0,-1,-1
76599,In mezzo alle Giro-ottiche - Attivazione,,52622,0,0,-1,0,0,0,0,0,0,0,0,0,0,41783,265,2809,0,3,41484288,8256,8,0,0,0,-1,-1
76734,Ricerca: Djaradin della Caverna di Zaralek,,52757,116943,0,-1,0,0,0,0,0,0,0,0,0,0,40444,109,2714,0,3,40435968,8192,0,0,0,0,-1,-1
76739,Ricerca: Niffen della Caverna di Zaralek,,52762,116944,0,-1,0,0,0,0,0,0,0,0,0,0,40446,109,2714,0,3,40435968,8192,0,0,0,0,-1,-1
76911,Ricerca: Draconidi delle Sponde del Risveglio,,52773,118783,0,-1,0,0,0,0,0,0,0,0,0,0,40448,109,2714,0,3,40435968,8192,0,0,0,0,-1,-1
76988,Slalom silvano,,52802,113018,0,-1,0,0,0,0,0,0,0,0,0,0,40898,109,2699,0,3,38338560,8192,0,0,0,0,-1,-1
76989,Distruggere l'accampamento,,52803,113023,0,-1,0,0,0,0,0,0,0,0,0,0,40900,109,2699,0,3,34144256,0,0,0,0,0,-1,-1
76990,Panico al portale,,52804,113022,0,-1,0,0,0,0,0,0,0,0,0,0,40899,109,2699,0,3,34144256,0,0,0,0,0,-1,-1
76991,Carpa Diem,,52805,113024,0,-1,0,0,0,0,0,0,0,0,0,0,40901,109,2699,0,3,40435712,8192,0,0,0,0,-1,-1
76992,Giudizio volubile,,52806,113025,0,-1,0,0,0,0,0,0,0,0,0,210227,40902,109,2699,0,3,38338560,8192,0,0,0,0,-1,-1
76993,Potere della Tartaruga,,52807,113026,0,-1,0,0,0,0,0,0,0,0,0,211302,40903,109,2699,0,3,34144256,0,0,0,0,0,-1,-1
77095,Barilotto,,52814,9485,0,-1,0,0,0,0,0,0,0,0,0,0,0,0,298,0,0,33554432,0,520,0,0,0,-1,-1
77096,Barilotto,,52815,9485,0,-1,0,0,0,0,0,0,0,0,0,0,0,0,298,0,0,33554432,0,520,0,0,0,-1,-1
77097,Barilotto,,52816,9485,0,-1,0,0,0,0,0,0,0,0,0,0,0,0,298,0,0,33554432,0,520,0,0,0,-1,-1
77099,Barilotto,,52818,9485,0,-1,0,0,0,0,0,0,0,0,0,0,0,0,298,0,0,33554432,0,512,0,0,0,-1,-1
77152,Barilotto,,52848,9485,0,-1,0,0,0,0,0,0,0,0,0,0,0,0,298,0,0,33554432,0,520,0,0,0,-1,-1
77153,Barilotto,,52849,9485,0,-1,0,0,0,0,0,0,0,0,0,0,0,0,298,0,0,33554432,0,520,0,0,0,-1,-1
77155,Barilotto,,52851,9485,0,-1,0,0,0,0,0,0,0,0,0,0,0,0,298,0,0,33554432,0,520,0,0,0,-1,-1
77156,Redistribuzione botanica,,52852,111661,0,-1,0,0,0,0,0,0,0,0,0,0,40244,109,2699,0,3,40435968,0,0,0,0,0,-1,-1
77159,Questo fungo non funge,,52855,111661,0,-1,0,0,0,0,0,0,0,0,0,0,40245,109,2699,0,3,40435968,0,0,0,0,0,-1,-1
77209,Eredità nei semi,,52902,0,0,-1,0,0,0,0,0,0,0,0,0,210014,0,0,2699,0,2,37748736,1073750016,520,78172,0,0,-1,-1
77251,Plasmare il Sovronirico,,52942,0,0,-1,0,0,0,0,0,0,0,0,0,0,0,0,2708,0,2,33587208,0,520,0,0,0,-1,-1
77254,Aiutare l'accordo: Fenditura del Tempo,,47316,107827,0,-1,0,0,0,0,0,0,0,0,0,0,0,0,2684,0,2,36733248,0,776,0,0,0,-1,-1
77362,Ricerca: Draconidi dell'Isola Proibita,,53049,116945,0,-1,0,0,0,0,0,0,0,0,0,0,40450,109,2714,0,3,40435968,8192,0,0,0,0,-1,-1
77416,Tracciamento Missione,,60126,0,0,-1,0,0,0,0,0,0,0,0,0,0,0,265,2474,0,3,33619968,131072,8,0,0,0,-1,-1
77424,Ricerca: Dracthyr dell'Isola Proibita,,53112,116940,0,-1,0,0,0,0,0,0,0,0,0,0,40440,109,2714,0,3,40435968,8192,0,0,0,0,-1,-1
77570,"Nuoberon, il Sogno Selvaggio di un Bambino",,53253,112505,0,-1,0,0,0,0,0,0,0,0,0,0,40678,283,2699,0,3,35192896,524288,4120,0,0,0,-1,-1
77615,Tracking Quest,,53299,0,0,-1,0,0,0,0,0,0,0,0,0,0,0,0,0,0,3,33588232,0,8,0,0,0,-1,-1
77714,Natura sigillata,,53399,113027,0,-1,0,0,0,0,0,0,0,0,0,0,40878,109,2699,0,3,38338816,8192,0,0,0,0,-1,-1
77715,Salvataggio in bolla,,53429,113005,0,-1,0,0,0,0,0,0,0,0,0,0,40888,109,2699,0,3,40435712,8192,0,0,0,0,-1,-1
77744,Barilotto,,53428,9485,0,-1,0,0,0,0,0,0,0,0,0,0,0,0,298,0,0,33554432,0,520,0,0,0,-1,-1
77745,Barilotto,,53430,9485,0,-1,0,0,0,0,0,0,0,0,0,0,0,0,298,0,0,33554432,0,520,0,0,0,-1,-1
77746,Barilotto,,53431,9485,0,-1,0,0,0,0,0,0,0,0,0,0,0,0,298,0,0,33554432,0,520,0,0,0,-1,-1
77747,Barilotto,,53432,9485,0,-1,0,0,0,0,0,0,0,0,0,0,0,0,298,0,0,33554432,0,520,0,0,0,-1,-1
77754,Problemi di piromania,,53439,113008,0,-1,0,0,0,0,0,0,0,0,0,0,40891,109,2699,0,3,40435968,8192,0,0,0,0,-1,-1
77755,Distruggere l'accampamento,,53440,113010,0,-1,0,0,0,0,0,0,0,0,0,0,40892,109,2699,0,3,40435968,8192,0,0,0,0,-1,-1
77756,Il volo dei Draghi,,53441,113006,0,-1,0,0,0,0,0,0,0,0,0,0,40889,109,2699,0,3,41484544,8192,0,0,0,0,-1,-1
77757,Terrore nel rifugio,,53442,113007,0,-1,0,0,0,0,0,0,0,0,0,0,40890,109,2699,0,3,40435968,8192,0,0,0,0,-1,-1
77761,Documentare un sogno,,53446,113019,0,-1,0,0,0,0,0,0,0,0,0,0,40246,109,2699,0,3,40435968,8192,0,0,0,0,-1,-1
77765,Documentare un sogno,,53450,113019,0,-1,0,0,0,0,0,0,0,0,0,0,40247,109,2699,0,3,40435968,8192,0,0,0,0,-1,-1
77867,Moruud,,53551,113215,0,-1,0,0,0,0,0,0,0,0,0,0,40678,283,2699,0,3,35192896,524288,4120,0,0,0,-1,-1
77878,Inviato dell'Inverno,,53563,113262,0,-1,0,0,0,0,0,0,0,0,0,0,40681,283,2699,0,3,37290048,524288,4120,0,0,0,-1,-1
77976,Aiutare l'Accordo: Sovronirico,,47316,107827,0,-1,0,0,0,0,0,0,0,0,0,0,0,0,2641,0,2,36733248,0,776,0,0,0,-1,-1
77982,Gessie l'Avido,,53662,113354,0,-1,0,0,0,0,0,0,0,0,0,0,40680,283,2699,0,3,37290048,524288,4120,0,0,0,-1,-1
78015,Brandifuoco Fystia,,53694,113502,0,-1,0,0,0,0,0,0,0,0,0,0,40679,283,2699,0,3,35192896,524288,4120,0,0,0,-1,-1
78033,Bocciolo Magico,,53712,0,0,-1,65536,0,0,0,0,0,0,0,0,0,0,265,2484,0,3,38371328,1073750016,8,78005,0,0,-1,-1
78170,Nutrire i Semi Senza Età,,53836,0,0,-1,0,0,0,0,0,0,0,0,0,0,0,0,2699,0,2,37748736,1073750016,520,77209,0,0,-1,-1
78172,Semi Misteriosi,,53838,0,0,-1,0,0,0,0,0,0,0,0,0,210050,0,0,2699,0,2,37748736,1073750016,520,0,0,0,-1,-1
78177,A Gilneas,,53843,0,0,-1,0,0,0,0,0,0,0,0,0,0,0,0,2736,0,2,39846152,0,512,0,0,0,-1,-1
78178,A Gilneas,,53843,923,0,-1,0,0,0,0,0,0,0,0,0,0,0,0,2736,0,2,37749000,0,512,0,0,0,-1,-1
78180,Una crociata rossa,,53846,0,0,-1,2,0,0,0,0,0,0,0,0,0,0,0,2736,0,2,38797576,0,512,78177,78178,0,-1,-1
78181,La risposta di Aderic,,53847,0,0,-1,2,0,0,0,0,0,0,0,0,0,0,0,2736,0,2,38797576,0,512,78177,78178,0,-1,-1
78182,In ginocchio,,53848,0,0,-1,1,0,0,0,0,0,0,0,0,0,0,0,2736,0,2,37749000,8192,512,78181,78180,0,-1,-1
78183,Sangue scarlatto,,53849,0,0,-1,0,0,0,0,0,0,0,0,0,0,0,0,2736,0,2,37749000,8192,512,78182,0,0,-1,-1
78215,Radicato nel pericolo,,53880,116346,0,-1,0,0,0,0,0,0,0,0,0,0,41314,113,2523,0,3,4784384,8192,0,0,0,0,-1,-1
78370,Artigli per il sociale,,54024,114850,0,-1,0,0,0,0,0,0,0,0,0,0,41477,109,2699,0,3,38338816,8192,0,0,0,0,-1,-1
78434,Corsa Cavalcadraghi - Palio di Ysera,,54082,114959,0,-1,0,0,0,0,0,0,0,0,0,0,41521,281,2437,0,3,34144512,0,0,0,0,0,-1,-1
78435,Corsa Cavalcadraghi - Scatto Infuocato,,54083,114959,0,-1,0,0,0,0,0,0,0,0,0,0,41522,281,2437,0,3,34144512,0,0,0,0,0,-1,-1
78436,Corsa Cavalcadraghi - Ventura Viridescente,,54084,114959,0,-1,0,0,0,0,0,0,0,0,0,0,41523,281,2437,0,3,34144512,0,0,0,0,0,-1,-1
78437,Corsa Cavalcadraghi - Tornante Costiero,,54085,114959,0,-1,0,0,0,0,0,0,0,0,0,0,41524,281,2437,0,3,34144512,0,0,0,0,0,-1,-1
78438,Corsa Cavalcadraghi - Curvatura della Giungla,,54086,114959,0,-1,0,0,0,0,0,0,0,0,0,0,41525,281,2437,0,3,34144512,0,0,0,0,0,-1,-1
78439,Corsa Cavalcadraghi - Solcata di Smeraldo,,54087,114959,0,-1,0,0,0,0,0,0,0,0,0,0,41526,281,2437,0,3,34144512,0,0,0,0,0,-1,-1
78444,Un degno Alleato: Custodi del Sogno,,54091,114971,0,-1,0,0,0,0,0,0,0,0,0,0,0,0,2669,0,2,33587272,0,776,0,0,0,-1,-1
78446,Aiutare l'accordo: Superfioritura,,47316,107827,0,-1,0,0,0,0,0,0,0,0,0,0,0,0,2699,0,2,36733248,0,776,0,0,0,-1,-1
78447,Aiutare l'Accordo: Dono di Smeraldo,,47316,107827,0,-1,0,0,0,0,0,0,0,0,0,0,0,0,2699,0,2,36733248,0,776,0,0,0,-1,-1
78452,Rinforzi - Attivazione,,54097,0,0,-1,0,0,0,0,0,0,0,0,0,0,41783,265,2809,0,3,41484288,8256,8,0,0,0,-1,-1
78457,Le pietre di Dornogal,,54102,0,0,-1,0,0,0,0,0,0,0,0,0,216697,0,0,2797,0,2,39845896,8192,512,78460,0,0,-1,-1
78458,Mieti la rovina - Attivatore,,59660,0,0,-1,0,0,0,0,0,0,0,0,0,0,41783,265,2809,0,3,7929856,8256,8,0,0,0,-1,-1
78466,Ombre di Sapori - Attivazione,,54111,0,0,-1,0,0,0,0,0,0,0,0,0,0,41783,265,2809,0,3,41484288,8256,8,0,0,0,-1,-1
78472,Luce nell'oscurità - Attivazione,,54117,0,0,-1,0,0,0,0,0,0,0,0,0,0,41783,265,2809,0,3,41484288,8256,8,0,0,0,-1,-1
78590,Sul filo del rasoio,,54234,110871,0,-1,0,0,0,0,0,0,0,0,0,0,0,0,2809,0,3,38371328,8192,524288,79573,0,0,-1,-1
78607,A Mereldar,,54248,0,0,-1,0,0,0,0,0,0,0,0,0,0,0,0,2799,0,2,37748744,0,512,78954,0,0,-1,-1
78613,Il Bastione dei Precipizi Sacri,,54252,0,0,-1,0,0,0,0,0,0,0,0,0,0,0,0,2799,0,2,38928392,0,1049088,78607,0,0,-1,-1
78616,Tecnoveggenza: I misteri dell'Osservatorio del Concordato,,54255,118783,0,-1,0,0,0,0,0,0,0,0,0,0,40447,109,2714,0,3,40435968,8192,0,0,0,0,-1,-1
78618,Frenesia fungina,,54257,120958,0,-1,0,0,0,0,0,0,0,0,0,0,0,0,3019,0,3,34144512,0,33280,0,0,0,-1,-1
78620,Crocevia del Crepuscolo,,54259,0,0,-1,1,0,0,0,0,0,0,0,0,0,0,0,2799,0,2,38797320,0,512,78615,0,0,-1,-1
78624,Una candela nel buio,,54263,0,0,-1,1,0,0,0,0,0,0,0,0,0,0,0,2799,0,2,34603016,8192,512,78621,78620,0,-1,-1
78627,Il fronte finale,,54266,0,0,-1,1,0,0,0,0,0,0,0,0,0,0,0,2799,0,2,37748744,0,512,79089,80049,0,-1,-1
78628,Trappola scattata,,54267,0,0,-1,0,0,0,0,0,0,0,0,0,0,0,0,2799,0,2,38797320,0,512,78627,0,0,-1,-1
78629,Riserve da salvare,,54268,0,0,-1,0,0,0,0,0,0,0,0,0,0,0,0,2799,0,2,38797320,0,512,78627,0,0,-1,-1
78630,L'ascesa della Resa dei Conti,,54269,0,0,-1,1,0,0,0,0,0,0,0,0,0,0,0,2799,0,2,38797320,0,512,78628,78629,0,-1,-1
78643,Cieli limpidi e venti forti,,54285,0,0,-1,0,0,0,0,0,0,0,0,0,0,0,0,2699,0,2,40894472,8192,512,76283,0,0,-1,-1
78645,Scavi: Sepolto nel letto del fiume,,54287,118785,0,-1,0,0,0,0,0,0,0,0,0,210435,40441,109,2714,0,3,40435968,0,16,0,0,0,-1,-1
78649,Scavi: C'è qualcosa di grande nel letto del fiume,,54290,118785,0,-1,0,0,0,0,0,0,0,0,0,210435,42136,109,2714,0,3,40435968,0,0,0,0,0,-1,-1
78657,La sentinella di mezzanotte,,54298,117662,0,-1,0,0,0,0,0,0,0,0,0,211073,0,0,2809,0,3,38371328,8192,520,79573,0,0,-1,-1
78661,Scavi: Tesori sulla scogliera,,54302,116945,0,-1,0,0,0,0,0,0,0,0,0,210778,40449,109,2714,0,3,40435968,0,0,0,0,0,-1,-1
78662,Scavi: Una scogliera piena di casse,,54303,116945,0,-1,0,0,0,0,0,0,0,0,0,210778,42138,109,2714,0,3,40435968,0,0,0,0,0,-1,-1
78663,Scavi: Tutto sparpagliato intorno alla torre,,54304,116944,0,-1,0,0,0,0,0,0,0,0,0,210834,40445,109,2714,0,3,40435968,0,0,0,0,0,-1,-1
78685,La fine del tunnel,,54326,0,0,-1,0,0,0,0,0,0,0,0,0,0,0,0,2798,0,2,40894472,4202496,512,80079,0,0,-1,-1
78696,Non è facile entrare a Taelloch,,54337,0,0,-1,0,0,0,0,0,0,0,0,0,0,0,0,2798,0,2,36700168,8192,512,78685,0,0,-1,-1
78697,Una città fantasma,,54338,0,0,-1,0,0,0,0,0,0,0,0,0,0,0,0,2798,0,2,37748744,8192,512,78696,0,0,-1,-1
78700,Demolizione controllata,,54341,0,0,-1,0,0,0,0,0,0,0,0,0,0,0,0,2798,0,2,37748744,8192,512,78697,0,0,-1,-1
78701,La verità nei gessetti,,54342,0,0,-1,0,0,0,0,0,0,0,0,0,0,0,0,2798,0,2,4194312,8192,512,78697,0,0,-1,-1
78703,Sepolti nella pietra,,54344,0,0,-1,1,0,0,0,0,0,0,0,0,0,0,0,2798,0,2,37748744,8192,512,78700,78701,0,-1,-1
78704,Trova la Caposquadra,,54345,0,0,-1,0,0,0,0,0,0,0,0,0,0,0,0,2798,0,2,37748744,8192,512,78703,0,0,-1,-1
78705,Cos'ha visto,,54346,0,0,-1,0,0,0,0,0,0,0,0,0,0,0,0,2798,0,2,37748744,8192,512,78704,0,0,-1,-1
78706,Il segreto del Gran Oratore,,54347,0,0,-1,0,0,0,0,0,0,0,0,0,0,0,0,2798,0,2,38797320,8192,512,78705,0,0,-1,-1
78739,Scavi: Il tesoro della torre,,54376,116944,0,-1,0,0,0,0,0,0,0,0,0,210834,42137,109,2714,0,3,40435968,8192,0,0,0,0,-1,-1
78820,Tecnoveggenza: I misteri del Presidio di Igira,,54454,116943,0,-1,0,0,0,0,0,0,0,0,0,0,40443,109,2714,0,3,36241664,0,0,0,0,0,-1,-1
78821,Fioritura di Semonirici,,54455,114971,0,-1,0,0,0,0,0,0,0,0,0,0,0,0,2669,0,2,35684424,0,776,0,0,0,-1,-1
78861,Aiutare l'Accordo,,47316,107827,0,-1,0,0,0,0,0,0,0,0,0,0,0,0,2437,0,3,104366088,0,4203008,0,0,0,-1,-1
78890,Frenesia di Smeraldo,,54516,112502,0,-1,0,0,0,0,0,0,0,0,0,0,41860,0,2699,0,3,5832704,8192,131072,0,0,0,-1,-1
78894,Crescita infinita,,54519,119437,0,-1,0,0,0,0,0,0,0,0,0,0,0,282,2793,0,0,0,1,268435976,0,0,0,-1,-1
78931,Tecnoveggenza: I misteri dell'Isola Teschio di Drago,,54556,116941,0,-1,0,0,0,0,0,0,0,0,0,0,40439,109,2714,0,3,40435968,8192,0,0,0,0,-1,-1
78941,Cambio di rotta necessario,,54566,127948,0,-1,0,0,0,0,0,0,0,0,0,0,0,0,2462,0,2,37748744,8192,512,0,0,0,-1,-1
78974,Mentalità da scarabeo,,57693,124432,0,-1,0,0,0,0,0,0,0,0,0,0,43168,109,2861,0,3,41484544,8192,0,0,0,0,-1,-1
78995,Caccia ai tartufi,,57692,124432,0,-1,0,0,0,0,0,0,0,0,0,0,43167,109,2861,0,3,41484544,8192,0,0,0,0,-1,-1
79082,La Superfioritura,,54687,0,0,-1,0,0,0,0,0,0,0,0,0,0,42003,265,2701,0,3,34144256,0,8,0,0,0,-1,-1
79089,Pulizia consacrata,,54694,0,0,-1,0,0,0,0,0,0,0,0,0,0,0,0,2799,0,2,39845888,0,512,78624,0,0,-1,-1
79116,Ottica da aracnide,,54717,124686,0,-1,0,0,0,0,0,0,0,0,0,0,43165,109,2861,0,3,41484544,8192,0,0,0,0,-1,-1
79151,La richiesta di un'orfana,,54745,121339,0,-1,0,0,0,0,0,0,0,0,0,0,0,0,2799,0,2,34603016,8192,1049088,0,0,0,-1,-1
79152,Sventrare la pozza,,54746,0,0,-1,0,0,0,0,0,0,0,0,0,0,0,0,2799,0,2,40894472,8192,512,79151,0,0,-1,-1
79153,Vae Victis,,54747,0,0,-1,1,0,0,0,0,0,0,0,0,0,0,0,2799,0,2,36700168,0,512,83182,79152,0,-1,-1
79154,Un ultimo saluto,,54748,0,0,-1,0,0,0,0,0,0,0,0,0,0,0,0,2799,0,2,36700168,0,512,79153,0,0,-1,-1
79165,Un momento per riposare,,54757,0,0,-1,0,0,0,0,0,0,0,0,0,0,0,0,2462,0,2,38797320,0,512,79573,0,0,-1,-1
79166,Pezzi smarriti,,54758,0,0,-1,0,0,0,0,0,0,0,0,0,0,0,0,2462,0,2,37748744,0,512,79165,0,0,-1,-1
79167,Chiedere in prestito,,54759,0,0,-1,0,0,0,0,0,0,0,0,0,0,0,0,2462,0,2,37748744,0,512,79166,0,0,-1,-1
79168,Lotta per la Luce,,54760,0,0,-1,0,0,0,0,0,0,0,0,0,0,0,0,2462,0,2,39845896,0,512,79167,0,0,-1,-1
79200,Chi sono?,,54791,123985,0,-1,0,0,0,0,0,0,0,0,0,0,0,0,863,0,2,38797312,8192,520,0,0,0,-1,-1
79201,L'Interfaccia d'Analisi,,54792,124463,0,-1,0,0,0,0,0,0,0,0,0,0,0,0,863,0,2,37748744,0,520,79200,0,0,-1,-1
79202,Roccia batte roccia,,54793,123985,0,-1,2,0,0,0,0,0,0,0,0,0,0,0,863,0,2,39845896,0,520,79201,83328,0,-1,-1
79203,Autorizzazione: negata,,54794,123985,0,-1,0,0,0,0,0,0,0,0,0,0,0,0,863,0,2,38797320,0,520,79202,0,0,-1,-1
79204,Chiunque tu voglia essere,,54795,123985,0,-1,0,0,0,0,0,0,0,0,0,0,0,0,863,0,2,37748744,0,520,79203,0,0,-1,-1
79232,Coloro che sono caduti,,54820,118274,0,-1,0,0,0,0,0,0,0,0,0,0,0,0,2462,0,2,37748744,8192,268435976,79573,0,0,-1,-1
79246,Ordini del capitano: collezionista di scrigni,,54859,116979,0,-1,0,0,0,0,0,0,0,0,0,0,0,109,2814,0,3,37294368,68,0,0,0,0,-1,-1
79249,Ordini del capitano: uccisioni à gogo,,54860,116979,0,-1,0,0,0,0,0,0,0,0,0,0,0,109,2814,0,3,37294368,68,0,0,0,0,-1,-1
79254,Spruzzattorno,,54842,0,0,-1,0,0,0,0,0,0,0,0,0,0,0,0,2814,0,3,34144256,0,0,0,0,0,-1,-1
79257,Problematiche martellanti,,54845,128201,0,-1,0,0,0,0,0,0,0,0,0,0,0,0,3017,0,3,35193088,0,32768,0,0,0,-1,-1
79295,Innaffiare abbondantemente - Attiva,,54885,0,0,-1,0,0,0,0,0,0,0,0,0,0,41783,265,2809,0,3,41484288,8256,8,0,0,0,-1,-1
79315,Ser Harlbrand,,54905,0,0,-1,0,0,0,0,0,0,0,0,0,0,0,0,2814,0,3,34144256,0,0,0,0,0,-1,-1
79316,Mietitore Malfunzionante,,54906,0,0,-1,0,0,0,0,0,0,0,0,0,0,0,0,2814,0,3,34144256,0,0,0,0,0,-1,-1
79317,Morkus Serragrigno,,54907,0,0,-1,0,0,0,0,0,0,0,0,0,0,0,0,2814,0,3,34144256,0,0,0,0,0,-1,-1
79318,Narla Zoccolo Tonante,,54908,0,0,-1,0,0,0,0,0,0,0,0,0,0,0,0,2814,0,3,34144256,0,0,0,0,0,-1,-1
79319,Bestiagufo Frenetico,,54909,0,0,-1,0,0,0,0,0,0,0,0,0,0,0,0,2814,0,3,34144256,0,0,0,0,0,-1,-1
79320,Gorthak Zannatetra,,54910,0,0,-1,0,0,0,0,0,0,0,0,0,0,0,0,2814,0,3,34144256,0,0,0,0,0,-1,-1
79321,Il dono del Catalizzatore,,54911,117108,0,-1,0,0,0,0,0,0,0,0,0,0,0,0,2474,0,2,33554440,0,512,0,0,0,-1,-1
79328,Ambasciate ed emissari,,54917,0,0,-1,0,0,0,0,0,0,0,0,0,0,0,0,2829,0,2,39845896,8192,512,79333,0,0,1309324210,-1440044374
79329,Raccolto Luminoso,,54918,0,0,-1,0,0,0,0,0,0,0,0,0,0,42291,0,2809,0,3,38371328,8256,512,79573,0,0,-1,-1
79333,L'arrivo della flotta,,54922,127984,0,-1,0,0,0,0,0,0,0,84367,0,0,0,0,2829,0,2,37748744,8192,512,79197,0,0,-1,-1
79343,Andiamo a dissotterrare,,54932,117222,0,-1,0,0,0,0,0,0,0,0,0,0,0,0,2798,0,2,36700168,0,512,0,0,0,-1,-1
79344,Odissea urbana,,54933,0,0,-1,0,0,0,0,0,0,0,0,0,0,0,0,2829,0,2,37748744,8192,512,83315,0,0,-1,-1
79379,"Ordini del capitano: niente preda, niente paga",,54969,116979,0,-1,0,0,0,0,0,0,0,0,0,0,0,109,2814,0,3,37294368,68,0,0,0,0,-1,-1
79380,Esilio della Bestia del Pantano,,54970,117459,0,-1,0,0,0,0,0,0,0,0,0,0,0,0,2809,0,3,4816896,8192,512,79573,0,0,-1,-1
79381,Ordini del capitano: X segna il posto,,54971,116979,0,-1,0,0,0,0,0,0,0,0,0,0,0,109,2814,0,3,37294368,68,0,0,0,0,-1,-1
79382,Ordini del capitano: scuola di ladri,,54972,116979,0,-1,0,0,0,0,0,0,0,0,0,0,0,109,2814,0,3,37294368,68,0,0,0,0,-1,-1
79383,Una tela di manipolazioni - Attiva,,54973,0,0,-1,0,0,0,0,0,0,0,0,0,0,41783,265,2809,0,3,41484288,8256,8,0,0,0,-1,-1
79462,[DNT] Renown Reward 001,,55045,0,0,-1,0,0,0,0,0,0,0,0,0,0,0,0,2814,0,3,41488640,8326,0,0,0,0,-1,-1
79464,[DNT] Renown Reward 002,,55046,0,0,-1,0,0,0,0,0,0,0,0,0,0,0,0,2814,0,3,41488640,8326,0,0,0,0,-1,-1
79465,[DNT] Renown Reward 003,,55047,0,0,-1,0,0,0,0,0,0,0,0,0,0,0,0,2814,0,3,41488640,8326,0,0,0,0,-1,-1
79466,[DNT] Renown Reward 004,,55048,0,0,-1,0,0,0,0,0,0,0,0,0,0,0,0,2814,0,3,41488640,8326,0,0,0,0,-1,-1
79469,In agguato sottoterra,,55051,117663,0,-1,0,0,0,0,0,0,0,0,0,215467,0,0,2809,0,3,38371328,8192,512,79573,0,0,-1,-1
79470,Acque di Guerra,,55052,117665,0,-1,0,0,0,0,0,0,0,0,0,211073,0,0,2809,0,3,38371328,8192,512,79573,0,0,-1,-1
79471,Sabbia Tetra,,55053,117666,0,-1,0,0,0,0,0,0,0,0,0,211073,0,0,2809,0,3,38371328,8192,524288,79573,0,0,-1,-1
79667,È Elementare,,55226,120958,0,-1,0,0,0,0,0,0,0,0,0,0,0,0,3019,0,3,269025536,0,33280,0,0,0,-1,-1
79669,Io Prendere Candela!,,55228,120958,0,-1,0,0,0,0,0,0,0,0,0,0,0,0,3019,0,3,269025536,0,33280,0,0,0,-1,-1
79673,Pericolo: Ragni!,,55232,5703,0,-1,0,0,0,0,0,0,0,0,0,0,0,0,2797,0,3,269025536,0,33280,0,0,0,-1,-1
79722,Lavoro da bassifondi,,55276,124686,0,-1,0,0,0,0,0,0,0,0,0,0,43151,109,2861,0,3,41484544,8192,0,0,0,0,-1,-1
79958,"Verme incartato, sigillato e consegnato",,57690,124686,0,-1,0,0,0,0,0,0,0,0,0,0,43170,109,2861,0,3,41484544,8192,0,0,0,0,-1,-1
79959,Disinfestazione,,55514,124686,0,-1,0,0,0,0,0,0,0,0,0,0,43169,109,2861,0,3,41484544,8192,0,0,0,0,-1,-1
79960,Prendere al volo,,55515,124686,0,-1,0,0,0,0,0,0,0,0,0,216664,43166,109,2861,0,3,41484544,8192,0,0,0,0,-1,-1
79965,Senza le basi si finisce in pasto ai pesci,,55520,0,0,-1,0,0,0,0,0,0,0,0,0,0,0,109,2814,0,3,37290016,132,8,0,0,0,-1,-1
80005,Presa del Granchio - Attiva,,55555,0,0,-1,0,0,0,0,0,0,0,0,0,0,41783,265,2809,0,3,7929856,8256,8,0,0,0,-1,-1
80006,Ixlorb the Spinner,,55556,0,0,-1,0,0,0,0,0,0,0,0,0,0,0,0,2806,0,3,37291008,0,8,0,0,0,-1,-1
80009,,,55557,0,0,-1,0,0,0,0,0,0,0,0,0,0,0,0,2860,0,3,37295104,0,8,0,0,0,-1,-1
80010,,,55558,0,0,-1,0,0,0,0,0,0,0,0,0,0,0,0,2806,0,3,37291008,0,8,0,0,0,-1,-1
80049,La fiamma continua a bruciare,,55598,0,0,-1,0,0,0,0,0,0,0,0,0,0,0,0,2799,0,2,39845896,0,512,78624,0,0,-1,-1
80079,Un bastone tra le ruote,,55624,0,0,-1,0,0,0,0,0,0,0,0,0,0,0,0,2798,0,2,40894472,0,512,80082,0,0,-1,-1
80081,Ordini del capitano: inondazioni e tesori,,55626,116979,0,-1,0,0,0,0,0,0,0,0,0,0,0,109,2814,0,3,37294112,68,0,0,0,0,-1,-1
80099,Tracking Quest,,55644,0,0,-1,0,0,0,0,0,0,0,0,0,0,0,0,0,0,3,33621000,0,0,0,0,0,-1,-1
80100,Tracking Quest,,55645,0,0,-1,0,0,0,0,0,0,0,0,0,0,0,0,0,0,3,33621000,0,0,0,0,0,-1,-1
80101,Tracking Quest,,55646,0,0,-1,0,0,0,0,0,0,0,0,0,0,0,0,0,0,3,33621000,0,0,0,0,0,-1,-1
80102,Tracking Quest,,55647,0,0,-1,0,0,0,0,0,0,0,0,0,0,0,0,0,0,3,33621000,0,0,0,0,0,-1,-1
80103,Tracking Quest,,55648,0,0,-1,0,0,0,0,0,0,0,0,0,0,0,0,0,0,3,33621000,0,0,0,0,0,-1,-1
80104,Tracking Quest,,55649,0,0,-1,0,0,0,0,0,0,0,0,0,0,0,0,0,0,3,33621000,0,0,0,0,0,-1,-1
80105,Tracking Quest,,55650,0,0,-1,0,0,0,0,0,0,0,0,0,0,0,0,0,0,3,33621000,0,0,0,0,0,-1,-1
80106,Tracking Quest,,55651,0,0,-1,0,0,0,0,0,0,0,0,0,0,0,0,0,0,3,33621000,0,0,0,0,0,-1,-1
80107,Tracking Quest,,55652,0,0,-1,0,0,0,0,0,0,0,0,0,0,0,0,0,0,3,33621000,0,0,0,0,0,-1,-1
80108,Tracking Quest,,55653,0,0,-1,0,0,0,0,0,0,0,0,0,0,0,0,0,0,3,33621000,0,0,0,0,0,-1,-1
80109,Tracking Quest,,55654,0,0,-1,0,0,0,0,0,0,0,0,0,0,0,0,0,0,3,33621000,0,0,0,0,0,-1,-1
80110,Dobloni giornalieri,,55655,0,0,-1,0,0,0,0,0,0,0,0,0,0,0,109,2814,0,3,37294336,196,8,0,0,0,-1,-1
80208,Scavare fino ai guai,,55737,119449,0,-1,0,0,0,0,0,0,0,0,0,0,42576,113,2869,0,3,4784384,8192,512,0,0,0,-1,-1
80295,"Rocce, acqua e carne elementale",,55823,117968,0,-1,1,0,0,0,0,0,0,0,0,0,43074,109,2837,0,3,4784384,8192,0,0,0,0,-1,-1
80320,Aiuta i Klaxxi,,0,119578,0,-1,0,0,0,0,0,0,0,0,0,0,0,0,657,0,0,3145728,32768,512,0,0,0,-1,-1
80323,Scontro nella nebbia,,55845,119449,0,-1,0,0,0,0,0,0,0,0,0,0,42571,278,2869,0,3,4784384,8192,512,0,0,0,-1,-1
80385,Atto finale: Isole dei Draghi,,55909,120509,0,-1,0,0,0,0,0,0,0,0,0,0,0,0,2078,0,2,36732992,0,268436232,0,0,0,-1,-1
80386,Atto finale: Caverna di Zaralek e Fenditure del Tempo,,55909,120508,0,-1,0,0,0,0,0,0,0,0,0,0,0,0,2078,0,2,36732992,0,268436232,0,0,0,-1,-1
80388,Atto finale: Sogno di Smeraldo,,55909,120511,0,-1,0,0,0,0,0,0,0,0,0,0,0,0,2078,0,2,36732992,0,268436232,0,0,0,-1,-1
80389,Atto finale,,55909,120508,0,-1,0,0,0,0,0,0,0,0,0,0,0,0,2078,0,3,104366088,0,272638464,0,0,0,-1,-1
80394,Una corsa insieme,,55915,119449,0,-1,0,0,0,0,0,0,0,0,0,0,42595,113,2837,0,3,4784384,8192,0,0,0,0,-1,-1
80395,Scavo elementale,,55917,119449,0,-1,0,0,0,0,0,0,0,0,0,218124,42596,113,2837,0,3,38469888,8192,0,0,0,0,-1,-1
80409,Polarizzazione,,55931,127873,0,-1,0,0,0,0,0,0,0,0,0,0,42607,113,2837,0,3,6881536,8192,0,0,0,0,-1,-1
80412,Respingere l'oscurità,,55934,119449,0,-1,0,0,0,0,0,0,0,0,0,0,42688,113,2837,0,3,4784384,8192,0,0,0,0,-1,-1
80426,Aiuta gli Shandaren,,0,119870,0,-1,0,0,0,0,0,0,0,0,0,0,0,0,657,0,0,3145728,32768,512,0,0,0,-1,-1
80427,Aiuta il Loto Dorato,,0,119871,0,-1,0,0,0,0,0,0,0,0,0,0,0,0,657,0,0,3145728,32768,512,0,0,0,-1,-1
80429,Aiuta i Venerabili Celestiali,,0,119872,0,-1,0,0,0,0,0,0,0,0,0,0,11728,0,657,0,0,3145728,32768,512,0,0,0,-1,-1
80430,Aiuta i Venerabili Celestiali,,0,119874,0,-1,0,0,0,0,0,0,0,0,0,0,11731,0,657,0,0,3145728,32768,512,0,0,0,-1,-1
80431,Aiuta i Venerabili Celestiali,,0,119873,0,-1,0,0,0,0,0,0,0,0,0,0,11730,0,657,0,0,3145728,32768,512,0,0,0,-1,-1
80433,Aiuta i Venerabili Celestiali,,0,119875,0,-1,0,0,0,0,0,0,0,0,0,0,11729,0,657,0,0,3145728,32768,512,0,0,0,-1,-1
80438,Aiuta l'Orda,,0,119877,0,-1,0,0,0,0,0,0,0,0,0,0,0,0,657,0,0,3145728,32768,512,0,0,0,1309324210,-1440044374
80439,Aiuta l'Alleanza,,0,119876,0,-1,0,0,0,0,0,0,0,0,0,0,0,0,657,0,0,3145728,32768,512,0,0,0,-1321907123,1427461461
80441,Aiuta l'Ordine della Serpe delle Nubi,,0,119878,0,-1,0,0,0,0,0,0,0,0,0,0,0,0,657,0,0,3145728,32768,512,0,0,0,-1,-1
80442,Aiuta la Furia dei Predatori del Sole,,57191,119881,0,-1,0,0,0,0,0,0,0,0,0,0,0,0,657,0,0,3149824,32768,512,0,0,0,1309324210,-1440044374
80443,Aiuta la Rivalsa del Kirin Tor,,57192,119880,0,-1,0,0,0,0,0,0,0,0,0,0,0,0,657,0,0,3149824,32768,512,0,0,0,-1321907123,1427461461
80444,Aiuta i Lancialenza,,0,119882,0,-1,0,0,0,0,0,0,0,0,0,0,0,0,657,0,0,3145728,32768,512,0,0,0,-1,-1
80457,Servire la Regina,,55964,127873,0,-1,0,0,0,0,0,0,0,0,0,0,42680,113,2837,0,3,6881536,8192,0,0,0,0,-1,-1
80573,Informazioni Segrete: Spoglie di Guerra,,57023,127320,0,-1,0,0,0,0,0,0,0,0,0,0,44425,0,2861,0,3,40960008,32768,8,0,0,0,-1,-1
80592,Forgia un Patto,,56087,124684,0,-1,0,0,0,0,0,0,0,0,0,0,0,284,2861,0,2,661750080,8320,4203008,0,0,0,-1,-1
80670,Occhi della Tessitrice,,56164,0,0,-1,0,0,0,0,0,0,0,0,0,0,0,284,2861,0,2,40927552,8192,776,80544,0,0,-1,-1
80671,La lama del Generale,,56165,0,0,-1,0,0,0,0,0,0,0,0,0,0,0,284,2861,0,2,40927552,8192,776,80545,0,0,-1,-1
80672,La mano del Visir,,56166,0,0,-1,0,0,0,0,0,0,0,0,0,0,0,284,2861,0,2,40927552,8192,776,80546,0,0,-1,-1
80674,[TEMPLATE] Creature Name,,56169,0,0,-1,0,0,0,0,0,0,0,0,0,0,0,0,2860,0,3,34149376,0,8,0,0,0,-1,-1
80675,Creature Name,,56170,0,0,-1,0,0,0,0,0,0,0,0,0,0,0,0,2860,0,3,34149376,0,8,0,0,0,-1,-1
81465,Manufatti in abbondanza,,56960,117968,0,-1,0,0,0,0,0,0,0,0,0,0,42769,109,2838,0,3,41484544,8192,0,0,0,0,-1,-1
81470,Informazioni Segrete: Furto di Tessuti,,57066,127320,0,-1,0,0,0,0,0,0,0,0,0,0,44419,0,2861,0,3,40960008,32768,8,0,0,0,-1,-1
81471,Informazioni Segrete: Salvare il Passato,,57067,127320,0,-1,0,0,0,0,0,0,0,0,0,0,44435,0,2861,0,3,40960008,32768,8,0,0,0,-1,-1
81472,Controllo delle Informazioni: la verità di Ansurek,,57042,127320,0,-1,0,0,0,0,0,0,0,0,0,0,44429,0,2861,0,3,40960008,32768,8,0,0,0,-1,-1
81473,Controllo delle Informazioni: Il lato giusto della storia,,57027,127320,0,-1,0,0,0,0,0,0,0,0,0,0,44424,0,2861,0,3,40960008,32768,8,0,0,0,-1,-1
81475,Spezzare la Falange: Nominati Reali,,57024,127320,0,-1,0,0,0,0,0,0,0,0,0,0,44441,0,2861,0,3,40960008,32768,8,0,0,0,-1,-1
81476,Taglia: Mastodonte Chitinoso,,57037,127320,0,-1,0,0,0,0,0,0,0,0,0,0,44430,0,2861,0,3,40960008,32768,8,0,0,0,-1,-1
81477,Armamenti: Armi,,57044,127320,0,-1,0,0,0,0,0,0,0,0,0,0,44433,0,2861,0,3,40960008,32768,8,0,0,0,-1,-1
81478,Reliquie di Guerra: il Lago Spaccato,,57039,127320,0,-1,0,0,0,0,0,0,0,0,0,0,44449,0,2861,0,3,40960008,32768,8,0,0,0,-1,-1
81479,Requisizioni: Fungombrali,,57068,127320,0,-1,0,0,0,0,0,0,0,0,0,0,44415,0,2861,0,3,40960008,32768,8,0,0,0,-1,-1
81480,Reagenti selvaggi: Profondità Esasperanti,,57090,127320,0,-1,0,0,0,0,0,0,0,0,0,0,44445,0,2861,0,3,40960008,32768,8,0,0,0,-1,-1
81481,Sabotaggio: Ricettacoli nel Trasformatorio,,57093,127320,0,-1,0,0,0,0,0,0,0,0,0,0,44423,0,2861,0,3,40960008,32768,8,0,0,0,-1,-1
81482,Esperimenti: Unguento Gelatinoso,,57087,127320,0,-1,0,0,0,0,0,0,0,0,0,219323,44428,0,2861,0,3,41091080,32768,8,0,0,0,-1,-1
81483,Infiltrazione: Blocco alla produzione,,57028,127320,0,-1,0,0,0,0,0,0,0,0,0,0,44422,0,2861,0,3,40960008,32768,8,0,0,0,-1,-1
81484,Lavoro sporco: Morte di un venditore,,57065,127320,0,-1,0,0,0,0,0,0,0,0,0,0,44427,0,2861,0,3,40960008,32768,8,0,0,0,-1,-1
81487,Spezzare la Falange: Fildilama,,57025,127320,0,-1,0,0,0,0,0,0,0,0,0,0,44440,0,2861,0,3,40960008,32768,8,0,0,0,-1,-1
81488,Spezzare la Falange: saggi scismatici,,57064,127320,0,-1,0,0,0,0,0,0,0,0,0,0,44439,0,2861,0,3,40960008,32768,8,0,0,0,-1,-1
81489,Taglia: Zorikal la Patrona,,57062,127320,0,-1,0,0,0,0,0,0,0,0,0,0,44438,0,2861,0,3,40960008,32768,8,0,0,0,-1,-1
81490,Taglia: Balaxir il Bullo,,57063,127320,0,-1,0,0,0,0,0,0,0,0,0,0,44434,0,2861,0,3,40960008,32768,520,0,0,0,-1,-1
81491,Armamenti: Arbaleste,,57045,127320,0,-1,0,0,0,0,0,0,0,0,0,0,44432,0,2861,0,3,40960008,32768,8,0,0,0,-1,-1
81492,Armamenti: Attrezzi da Fabbro,,57046,127320,0,-1,0,0,0,0,0,0,0,0,0,0,44450,0,2861,0,3,40960008,32768,8,0,0,0,-1,-1
81493,Reliquie di Guerra: Il Conflitto dei Bassifondi Salini,,57040,127320,0,-1,0,0,0,0,0,0,0,0,0,0,44446,0,2861,0,3,40960008,32768,8,0,0,0,-1,-1
81494,Reliquie di Guerra: Rak-Zakaz,,57041,127320,0,-1,0,0,0,0,0,0,0,0,0,0,44448,0,2861,0,3,40960008,32768,8,0,0,0,-1,-1
81495,Requisizioni: Sboccialuce Cristallini,,57070,127320,0,-1,0,0,0,0,0,0,0,0,0,0,44420,0,2861,0,3,40960008,32768,8,0,0,0,-1,-1
81496,Requisizioni: Petalmorsi,,57069,127320,0,-1,0,0,0,0,0,0,0,0,0,0,44431,0,2861,0,3,40960008,32768,8,0,0,0,-1,-1
81497,Reagenti selvaggi: Bassifondi Salini,,57091,127320,0,-1,0,0,0,0,0,0,0,0,0,0,44444,0,2861,0,3,40960008,32768,8,0,0,0,-1,-1
81498,Reagenti selvaggi: Gola Contorta,,57092,127320,0,-1,0,0,0,0,0,0,0,0,0,0,44443,0,2861,0,3,40960008,32768,8,0,0,0,-1,-1
81499,Controllo delle Informazioni: Intrighi degli Ascesi,,57043,127320,0,-1,0,0,0,0,0,0,0,0,0,0,44421,0,2861,0,3,40960008,32768,8,0,0,0,-1,-1
81500,Lavoro sporco: A casa loro,,57107,127320,0,-1,0,0,0,0,0,0,0,0,0,0,44426,0,2861,0,3,40960008,32768,8,0,0,0,-1,-1
81501,Esperimenti: Elisir Torbido,,57088,127320,0,-1,0,0,0,0,0,0,0,0,0,219324,44417,0,2861,0,3,41091080,32768,8,0,0,0,-1,-1
81502,Esperimenti: Filtro Magico Maleodorante,,57089,127320,0,-1,0,0,0,0,0,0,0,0,0,219322,44436,0,2861,0,3,41091080,32768,8,0,0,0,-1,-1
81503,Infiltrazione: Terrore manifestato,,57029,127320,0,-1,0,0,0,0,0,0,0,0,0,0,44442,0,2861,0,3,40960008,32768,8,0,0,0,-1,-1
81504,Infiltrazione: Figure nascoste,,57030,127320,0,-1,0,0,0,0,0,0,0,0,0,0,44447,0,2861,0,3,40960008,32768,8,0,0,0,-1,-1
81505,Sabotaggio: Velenomanti,,57094,127320,0,-1,0,0,0,0,0,0,0,0,0,0,44437,0,2861,0,3,40960008,32768,8,0,0,0,-1,-1
81506,Sabotaggio: Strumenti Alchemici,,57095,127320,0,-1,0,0,0,0,0,0,0,0,0,0,44416,0,2861,0,3,40960008,32768,8,0,0,0,-1,-1
81510,All'avventura!,,56971,0,0,-1,2,0,0,0,0,0,0,0,0,0,0,0,2829,0,2,575668232,8192,512,84224,83315,0,-1,-1
81512,Scenografie e incenso,,56973,117968,0,-1,0,0,0,0,0,0,0,0,0,0,42772,109,2838,0,3,41484544,8192,0,0,0,0,-1,-1
81555,Lavoro Sporco: Oboli letali,,57105,127320,0,-1,0,0,0,0,0,0,0,0,0,0,44418,0,2861,0,3,40960008,32768,8,0,0,0,-1,-1
81556,Nebbia esotica,,57017,127799,0,-1,0,0,0,0,0,0,0,0,0,0,0,0,2838,0,2,36700168,0,512,0,0,0,-1,-1
81557,Catalogare la nebbia,,57018,0,0,-1,0,0,0,0,0,0,0,0,0,219469,0,0,2838,0,2,36700168,0,512,81556,0,0,-1,-1
81558,Predatori innaturali,,57019,0,0,-1,0,0,0,0,0,0,0,0,0,0,0,0,2838,0,2,36700168,0,512,81556,0,0,-1,-1
81559,Famiglio delle nebbie,,57020,0,0,-1,1,0,0,0,0,0,0,0,0,0,0,0,2838,0,2,40894472,0,512,81557,81558,0,-1,-1
81568,Liberare le bestie,,57034,120617,0,-1,0,0,0,0,0,0,0,0,0,0,0,0,3018,0,3,35193088,0,33280,0,0,0,-1,-1
81595,Inizio della stagione,,57071,125989,0,-1,0,0,0,0,0,0,0,0,0,0,0,0,2824,0,2,36700168,0,512,79573,0,0,-1,-1
81614,Una pinna di troppo,,57097,120958,0,-1,0,0,0,0,0,0,0,0,0,0,0,0,3019,0,3,590080,0,33280,0,0,0,-1,-1
81615,Punte di stoppino,,57098,117968,0,-1,0,0,0,0,0,0,0,0,0,0,42794,109,2838,0,3,37290240,8192,0,0,0,0,-1,-1
81620,Missione di recupero,,57103,117968,0,-1,0,0,0,0,0,0,0,0,0,0,42811,109,2838,0,3,41484544,8192,512,0,0,0,-1,-1
81621,Galleria vattene via!,,57104,117968,0,-1,0,0,0,0,0,0,0,0,0,219284,42797,109,2838,0,3,37290240,8192,0,0,0,0,-1,-1
81622,Campane della Luce,,57106,119449,0,-1,0,0,0,0,0,0,0,0,0,0,42681,113,2837,0,3,4784384,8192,0,0,0,0,-1,-1
81624,"Orta, la Montagna Spezzata",,57109,117968,0,-1,0,0,0,0,0,0,0,0,0,0,42799,289,2860,0,3,37290048,0,8,0,0,0,-1,-1
81630,Protocollo di attivazione,,57115,117968,0,-1,0,0,0,0,0,0,0,0,0,0,44154,289,2860,0,3,37290048,0,0,0,0,0,-1,-1
81639,Nerubiani ladri di miele,,57124,122294,0,-1,1,0,0,0,0,0,0,0,0,0,43075,109,2838,0,3,4784384,8192,0,0,0,0,-1,-1
81647,Incarico speciale: rinascita titanica,,57126,117968,0,-1,0,0,0,0,0,0,0,0,0,0,42832,286,2837,0,3,41484544,8192,0,82154,0,0,-1,-1
81649,Incarico speciale: rinascita titanica,,57128,130094,0,-1,0,0,0,0,0,0,0,0,0,0,42833,286,2837,0,3,41484544,8192,0,83069,0,0,-1,-1
81650,Incarico speciale: rinascita titanica,,57129,117968,0,-1,0,0,0,0,0,0,0,0,0,0,42835,286,2837,0,3,41484544,8192,0,83070,0,0,-1,-1
81653,"Shurrai, Atrocità del Mare Sotterraneo",,57132,117968,0,-1,0,0,0,0,0,0,0,0,0,0,42960,289,2860,0,3,41484608,8192,512,0,0,0,-1,-1
81656,Non si butta via niente,,57135,117968,0,-1,0,0,0,0,0,0,0,0,0,0,42858,109,2869,0,3,41484544,0,512,0,0,0,-1,-1
81670,Seta strappata,,57149,128161,0,-1,0,0,0,0,0,0,0,0,0,0,0,283,3016,0,3,37289984,0,32768,0,0,0,-1,-1
81675,Innaffiare una pecora,,57154,123372,0,-1,0,0,0,0,0,0,0,0,0,219525,43076,109,2838,0,3,41484544,8192,0,0,0,0,-1,-1
81690,La luce in fondo al tunnel,,57169,0,0,-1,0,0,0,0,0,0,0,0,0,0,0,0,2799,0,2,38797320,8192,512,78952,0,0,-1,-1
81691,Incarico speciale: l'ombra sottostante,,57170,117968,0,-1,0,0,0,0,0,0,0,0,0,0,42882,286,2869,0,3,41484544,8192,512,82155,0,0,-1,-1
81692,La fiamma all'interno,,57171,118280,0,-1,0,0,0,0,0,0,0,0,0,0,0,0,2462,0,2,4194312,8192,268435976,81673,0,0,-1,-1
81710,Catalogazione dell'idromele,,57187,117968,0,-1,0,0,0,0,0,0,0,0,0,0,42881,109,2838,0,3,41484544,8192,0,0,0,0,-1,-1
81711,Nome Creatura,,57188,120888,0,-1,0,0,0,0,0,0,0,0,0,0,0,283,2860,0,3,35196992,524288,4120,0,0,0,-1,-1
81748,Aiuta la Furia dei Predatori del Sole,,0,119881,0,-1,0,0,0,0,0,0,0,0,0,0,0,0,657,0,0,3145728,32768,512,80442,0,0,1309324210,-1440044374
81749,Aiuta la Rivalsa del Kirin Tor,,0,119880,0,-1,0,0,0,0,0,0,0,0,0,0,0,0,657,0,0,3145728,32768,512,80443,0,0,-1321907123,1427461461
81750,Coltivazione tra le nuvole,,57193,128162,0,-1,0,0,0,0,0,0,0,0,0,0,42889,109,2869,0,3,41484544,0,512,0,0,0,-1,-1
81767,Recupera quel rottame!,,57203,117968,0,-1,0,0,0,0,0,0,0,0,0,0,42891,109,2869,0,3,41484544,0,512,0,0,0,-1,-1
81799,Corsa Calcacieli - Deriva di Dornogal,,57213,117968,0,-1,0,0,0,0,0,0,0,0,0,0,42896,281,2838,0,3,34144512,0,0,0,0,0,-1,-1
81802,Corsa Calcacieli - Perizia del Presidio della Tempesta,,57216,117968,0,-1,0,0,0,0,0,0,0,0,0,0,42897,281,2838,0,3,34144512,0,0,0,0,0,-1,-1
81803,Corsa Calcacieli - Branca del Bacino,,57217,117968,0,-1,0,0,0,0,0,0,0,0,0,0,42898,281,2838,0,3,34144512,0,0,0,0,0,-1,-1
81804,Corsa Calcacieli - Strade Sopraelevate,,57218,117968,0,-1,0,0,0,0,0,0,0,0,0,0,42899,281,2838,0,3,34144512,0,0,0,0,0,-1,-1
81805,Corsa Calcacieli - Cammino del Cumulonembo,,57219,117968,0,-1,0,0,0,0,0,0,0,0,0,0,42900,281,2838,0,3,34144512,0,0,0,0,0,-1,-1
81806,Corsa Calcacieli - Curve di Mineralia,,57220,117968,0,-1,0,0,0,0,0,0,0,0,0,0,42901,281,2838,0,3,34144512,0,0,0,0,0,-1,-1
81807,Corsa Calcacieli - Intrecci delle Officine Terrigene,,57221,117968,0,-1,0,0,0,0,0,0,0,0,0,0,42902,281,2838,0,3,34144512,0,0,0,0,0,-1,-1
81808,Corsa Calcacieli - Escursione nelle Profondità Risonanti,,57222,117968,0,-1,0,0,0,0,0,0,0,0,0,0,42903,281,2838,0,3,34144512,0,0,0,0,0,-1,-1
81810,Corsa Calcacieli - Atrio Brulicante,,57224,117968,0,-1,0,0,0,0,0,0,0,0,0,0,42904,281,2838,0,3,34144512,0,0,0,0,0,-1,-1
81811,Corsa Calcacieli - Crociera nel Fiume Torrenziale,,57225,117968,0,-1,0,0,0,0,0,0,0,0,0,0,42905,281,2838,0,3,34144512,0,0,0,0,0,-1,-1
81812,Corsa Calcacieli - Torsioni di Taelloch,,57226,117968,0,-1,0,0,0,0,0,0,0,0,0,0,42906,281,2838,0,3,34144512,0,0,0,0,0,-1,-1
81813,Corsa Calcacieli - Passo del Presidio d'Opportunità,,57227,117968,0,-1,0,0,0,0,0,0,0,0,0,0,42907,281,2838,0,3,34144512,0,0,0,0,0,-1,-1
81815,Corsa Calcacieli - Decorso di Dunelle,,57229,117968,0,-1,0,0,0,0,0,0,0,0,0,0,42908,281,2838,0,3,34144512,0,0,0,0,0,-1,-1
81816,Corsa Calcacieli - Traversata di Tenir,,57230,117968,0,-1,0,0,0,0,0,0,0,0,0,0,42909,281,2838,0,3,34144512,0,0,0,0,0,-1,-1
81818,Corsa Calcacieli - Discesa del Baluardo della Luce,,57231,117968,0,-1,0,0,0,0,0,0,0,0,0,0,42910,281,2838,0,3,34144512,0,0,0,0,0,-1,-1
81819,Corsa Calcacieli - Passo di Pietraferma,,57232,117968,0,-1,0,0,0,0,0,0,0,0,0,0,42911,281,2838,0,3,34144512,0,0,0,0,0,-1,-1
81822,Corsa Calcacieli - Meandri di Mereldar,,57234,117968,0,-1,0,0,0,0,0,0,0,0,0,0,42912,281,2838,0,3,34144512,0,0,0,0,0,-1,-1
81823,Corsa Calcacieli - Avventura di Velhan,,57235,117968,0,-1,0,0,0,0,0,0,0,0,0,0,42913,281,2838,0,3,34144512,0,0,0,0,0,-1,-1
81824,Corsa Calcacieli - Intreccio della Città dei Fili,,57236,124686,0,-1,0,0,0,0,0,0,0,0,0,0,42914,281,2838,0,3,34144512,0,0,0,0,0,-1,-1
81825,Corsa Calcacieli - Immersione nelle Profondità Esasperanti,,57237,124686,0,-1,0,0,0,0,0,0,0,0,0,0,42915,281,2838,0,3,34144512,0,0,0,0,0,-1,-1
81827,Corsa Calcacieli - Ala della Tessitrice,,57238,124686,0,-1,0,0,0,0,0,0,0,0,0,0,42916,281,2838,0,3,34144512,0,0,0,0,0,-1,-1
81828,Corsa Calcacieli - Scatto di Rak-Ahat,,57239,124686,0,-1,0,0,0,0,0,0,0,0,0,0,42917,281,2838,0,3,34144512,0,0,0,0,0,-1,-1
81829,Corsa Calcacieli - Tuffo nella Fossa,,57240,124686,0,-1,0,0,0,0,0,0,0,0,0,0,42918,281,2838,0,3,34144512,0,0,0,0,0,-1,-1
81831,Corsa Calcacieli - Fuga dal Forte d'Assedio,,57241,124686,0,-1,0,0,0,0,0,0,0,0,0,0,42919,281,2838,0,3,34144512,0,0,0,0,0,-1,-1
81854,Richiesta di manutenzione dell'Arteria del Nucleo,,57254,117968,0,-1,0,0,0,0,0,0,0,0,0,0,43080,109,2837,0,3,4784384,8192,512,79344,0,0,-1,-1
81862,Frenesia felina,,57255,117968,0,-1,0,0,0,0,0,0,0,0,0,0,43464,109,2838,0,3,41484544,8192,0,0,0,0,-1,-1
81886,Per l'Alleanza,,57268,0,0,-1,0,0,0,0,0,0,0,0,0,0,0,0,863,0,2,37748744,4202496,520,79204,0,0,262144,0
81887,Stranieri in terra straniera,,57269,0,0,-1,0,0,0,0,0,0,0,0,0,0,0,0,863,0,2,39845896,8192,520,81886,0,0,262144,0
81888,Per l'Orda,,57270,0,0,-1,0,0,0,0,0,0,0,0,0,0,0,0,863,0,2,37748744,4202496,520,79204,0,0,131072,0
81889,Stranieri in terra straniera,,57271,0,0,-1,0,0,0,0,0,0,0,0,0,0,0,0,863,0,2,39845896,8192,520,81888,0,0,131072,0
81906,Sussurri dalla ragnatela,,57288,122529,0,-1,0,0,0,0,0,0,0,0,0,0,0,0,2462,0,2,5242888,8192,268435968,81896,0,0,-1,-1
81976,Un bazar bizzarro,,57340,121368,0,-1,0,0,0,0,0,0,0,0,0,0,0,282,57,0,0,36700160,0,268435968,0,0,0,-1,-1
81981,Quale armata?,,57345,121336,0,-1,0,0,0,0,0,0,0,0,0,0,0,0,3017,0,3,37290240,0,33280,0,0,0,-1,-1
81985,Ricordo dell'Anima del Mondo: I Tagliamondi,,0,122933,0,-1,0,0,0,0,0,0,0,0,0,0,0,0,2462,0,3,36765768,0,8704,0,0,0,-1,-1
81990,Richiamo della Luce,,57353,127044,0,-1,0,0,0,0,0,0,0,0,0,0,0,0,2809,0,2,40894472,0,512,79573,0,0,-1,-1
81993,Il legame del Cavalcatempesta,,57356,121328,0,-1,65536,0,0,0,0,0,0,0,0,0,0,0,2424,0,2,36700160,128,520,84825,0,0,-1,-1
81994,Un legame sacro,,57357,121328,0,-1,131073,0,0,0,0,0,0,0,0,0,0,0,2424,0,2,36700160,128,520,81993,84825,0,-1,-1
82038,Tracking Quest,,57401,0,0,-1,0,0,0,0,0,0,0,0,0,0,0,0,0,0,3,36701184,128,8,0,0,0,-1,-1
82041,Benedizione di Beledar,,57403,117968,0,-1,0,0,0,0,0,0,0,0,0,0,43027,109,2838,0,3,40435968,0,0,0,0,0,-1,-1
82045,Tracking Quest,,57407,0,0,-1,0,0,0,0,0,0,0,0,0,0,0,0,0,0,3,36701184,128,8,0,0,0,-1,-1
82046,Tracking Quest,,57408,0,0,-1,0,0,0,0,0,0,0,0,0,0,0,0,0,0,3,36701184,128,8,0,0,0,-1,-1
82047,Tracking Quest,,57409,0,0,-1,0,0,0,0,0,0,0,0,0,0,0,0,0,0,3,36701184,128,8,0,0,0,-1,-1
82048,Tracking Quest,,57410,0,0,-1,0,0,0,0,0,0,0,0,0,0,0,0,0,0,3,36701184,128,8,0,0,0,-1,-1
82049,Tracking Quest,,57411,0,0,-1,0,0,0,0,0,0,0,0,0,0,0,0,0,0,3,36701184,128,8,0,0,0,-1,-1
82051,Tracking Quest,,57413,0,0,-1,0,0,0,0,0,0,0,0,0,0,0,0,0,0,3,36701184,128,8,0,0,0,-1,-1
82052,Tracking Quest,,57414,0,0,-1,0,0,0,0,0,0,0,0,0,0,0,0,0,0,3,36701184,128,8,0,0,0,-1,-1
82053,Tracking Quest,,57415,0,0,-1,0,0,0,0,0,0,0,0,0,0,0,0,0,0,3,36701184,128,8,0,0,0,-1,-1
82054,Tracking Quest,,57416,0,0,-1,0,0,0,0,0,0,0,0,0,0,0,0,0,0,3,36701184,128,8,0,0,0,-1,-1
82061,Tracking Quest,,57419,0,0,-1,0,0,0,0,0,0,0,0,0,0,0,0,0,0,3,36701184,128,8,0,0,0,-1,-1
82063,Tracking Quest,,57421,0,0,-1,0,0,0,0,0,0,0,0,0,0,0,0,0,0,3,36701184,128,8,0,0,0,-1,-1
82064,Tracking Quest,,57422,0,0,-1,0,0,0,0,0,0,0,0,0,0,0,0,0,0,3,36701184,128,8,0,0,0,-1,-1
82065,Tracking Quest,,57423,0,0,-1,0,0,0,0,0,0,0,0,0,0,0,0,0,0,3,36701184,128,8,0,0,0,-1,-1
82066,Tracking Quest,,57424,0,0,-1,0,0,0,0,0,0,0,0,0,0,0,0,0,0,3,36701184,128,8,0,0,0,-1,-1
82067,Tracking Quest,,57425,0,0,-1,0,0,0,0,0,0,0,0,0,0,0,0,0,0,3,36701184,128,8,0,0,0,-1,-1
82069,Tracking Quest,,57427,0,0,-1,0,0,0,0,0,0,0,0,0,0,0,0,0,0,3,36701184,128,8,0,0,0,-1,-1
82079,Tracking Quest,,57437,0,0,-1,0,0,0,0,0,0,0,0,0,0,0,0,0,0,3,36701184,128,8,0,0,0,-1,-1
82080,Lanciare le torce... ancora,,5852,9484,0,-1,0,0,0,0,0,0,0,0,0,0,0,0,394,0,2,4096,0,1536,82087,0,0,-1321907123,1427461461
82082,Tracking Quest,,57439,0,0,-1,0,0,0,0,0,0,0,0,0,0,0,0,0,0,3,36701184,128,8,0,0,0,-1,-1
82085,Tracking Quest,,57442,0,0,-1,0,0,0,0,0,0,0,0,0,0,0,0,0,0,3,36701184,128,8,0,0,0,-1,-1
82087,Lanciare le torce,,5658,9484,0,-1,0,0,0,0,0,0,0,0,0,0,0,0,394,0,2,0,0,1536,0,0,0,-1321907123,1427461461
82088,Sabotare i Kobyss,,57443,117968,0,-1,0,0,0,0,0,0,0,0,0,0,43032,109,2838,0,3,40435968,0,0,0,0,0,-1,-1
82105,Lanciare le torce,,5658,9484,0,-1,0,0,0,0,0,0,0,0,0,0,0,0,394,0,2,0,0,1536,0,0,0,1309324210,-1440044374
82109,Lanciare le torce... ancora,Colpisci 20 Bracieri.,5852,9484,0,-1,0,0,0,0,0,0,0,0,0,0,0,0,394,0,2,4096,0,1536,82105,0,0,1309324210,-1440044374
82120,Ripulire le pozze,,57469,117968,0,-1,0,0,0,0,0,0,0,0,0,0,43036,109,2838,0,3,41484544,0,0,0,0,0,-1,-1
82133,Documentazione: edizione manuale sul campo,,57481,117968,0,-1,0,0,0,0,0,0,0,0,0,0,43041,109,2838,0,3,40435968,8192,0,0,0,0,-1,-1
82134,Tracking Quest,,57482,0,0,-1,0,0,0,0,0,0,0,0,0,0,0,0,0,0,3,40895488,0,8,0,0,0,-1,-1
82142,Tracking Quest,,57490,0,0,-1,0,0,0,0,0,0,0,0,0,0,0,0,0,0,3,40895488,0,8,0,0,0,-1,-1
82145,Lanamuschio Perduto,,57493,0,0,-1,0,0,0,0,0,0,0,0,0,0,0,265,2832,0,3,38338560,8192,8,0,0,0,-1,-1
82153,Ambasciate ed emissari,,54917,0,0,-1,0,0,0,0,0,0,0,0,0,0,0,0,2829,0,2,39845896,8192,512,79333,0,0,-1321907123,1427461461
82164,Ricordo dell'Anima del Mondo: Regno degli Dei Antichi,,0,122933,0,-1,0,0,0,0,0,0,0,0,0,0,0,0,2462,0,3,36765768,0,8704,0,0,0,-1,-1
82197,Finimondo di riserva,,57542,117968,0,-1,0,0,0,0,0,0,0,0,0,0,43046,109,2838,0,3,38338816,0,0,0,0,0,-1,-1
82206,Nelle ombre,,57551,117968,0,-1,0,0,0,0,0,0,0,0,0,0,43048,109,2838,0,3,40435968,8192,0,0,0,0,-1,-1
82207,Ricordo dell'Anima del Mondo: Discendenti di Acque Distanti,,0,122933,0,-1,0,0,0,0,0,0,0,0,0,0,0,0,2462,0,3,36765768,0,8704,0,0,0,-1,-1
82212,Un Pesce Leone debole,,57553,0,0,-1,0,0,0,0,0,0,0,0,0,0,0,265,2832,0,3,41484288,8192,8,0,0,0,-1,-1
82213,Una richiesta fuori di testa,,57554,0,0,-1,0,0,0,0,0,0,0,0,0,0,0,0,2799,0,2,34603016,0,512,82216,0,0,-1,-1
82214,A qualcuno piacciono le vespe?,,57555,0,0,-1,0,0,0,0,0,0,0,0,0,0,0,0,2799,0,2,34603016,0,512,82216,0,0,-1,-1
82215,Fibra regolare,,57556,0,0,-1,0,0,0,0,0,0,0,0,0,0,0,0,2799,0,2,34603016,0,512,82216,0,0,-1,-1
82216,Richiesta economica,,57557,122088,0,-1,5,0,0,0,0,0,0,0,0,0,0,0,2799,0,2,33554440,0,512,0,0,0,-1,-1
82217,Economia sotterranea,,57558,0,0,-1,5,0,0,0,0,0,0,0,0,0,0,0,2799,0,2,35651592,0,9437696,82215,82213,82214,-1,-1
82218,Break [DNT],,57559,0,0,-1,0,0,0,0,0,0,0,0,0,0,0,0,2799,0,2,33559560,0,520,0,0,0,-1,-1
82219,Spezie per la famiglia,,57560,122089,0,-1,0,0,0,0,0,0,0,0,0,0,0,0,2799,0,2,33554440,0,512,0,0,0,-1,-1
82220,Aquile arrosto,,57561,122089,0,-1,0,0,0,0,0,0,0,0,0,222976,0,0,2799,0,2,33554440,0,512,0,0,0,-1,-1
82221,Occasione speciale,,57562,0,0,-1,1,0,0,0,0,0,0,0,0,0,0,0,2799,0,2,37748744,0,512,82220,82219,0,-1,-1
82222,Cucinare con stile,,57563,0,0,-1,0,0,0,0,0,0,0,0,0,0,0,0,2799,0,2,37748744,0,512,82221,0,0,-1,-1
82223,Un pranzo fatto in casa,,57564,0,0,-1,0,0,0,0,0,0,0,0,0,0,0,0,2799,0,2,34603016,0,512,82222,0,0,-1,-1
82225,Scavo spettacolare,,57566,117968,0,-1,0,0,0,0,0,0,0,0,0,0,43078,109,2837,0,3,590080,8192,32768,0,0,0,-1,-1
82227,Tracking Quest,,57568,0,0,-1,0,0,0,0,0,0,0,0,0,0,0,0,0,0,3,36701184,0,8,82212,0,0,-1,-1
82228,Tracking Quest,,57569,0,0,-1,0,0,0,0,0,0,0,0,0,0,0,0,0,0,3,36701184,0,8,0,0,0,-1,-1
82234,Montoni fantastici e dove trovarli,,57575,117968,0,-1,1,0,0,0,0,0,0,0,0,0,43079,109,2837,0,3,4784384,8192,0,0,0,0,-1,-1
82237,Risalire le cascate,,57578,117968,0,-1,0,0,0,0,0,0,0,0,0,0,43073,109,2838,0,3,40435968,0,0,0,0,0,-1,-1
82238,Lancio del Globo di Lava,,59296,117968,0,-1,0,0,0,0,0,0,0,0,0,222963,43360,109,2869,0,3,41484544,8192,512,0,0,0,-1,-1
82244,Perle di Lava,,59298,117968,0,-1,0,0,0,0,0,0,0,0,0,0,43181,109,2869,0,3,41484544,8192,512,0,0,0,-1,-1
82245,Un Thak per amico,,57580,0,0,-1,0,0,0,0,0,0,0,0,0,0,0,265,2832,0,3,41484288,0,8,0,0,0,-1,-1
82246,Quest Tracking,,57581,0,0,-1,0,0,0,0,0,0,0,0,0,0,0,0,0,0,3,36701184,0,8,82245,0,0,-1,-1
82251,Tracking Quest,,57586,0,0,-1,0,0,0,0,0,0,0,0,0,0,0,0,0,0,3,36701184,0,8,0,0,0,-1,-1
82252,Quest Tracking,,57587,0,0,-1,0,0,0,0,0,0,0,0,0,0,0,0,0,0,3,36701184,0,8,0,0,0,-1,-1
82253,Tracking Quest,,57588,0,0,-1,0,0,0,0,0,0,0,0,0,0,0,0,0,0,3,36701184,0,8,0,0,0,-1,-1
82254,Acquapocalisse,,57589,128162,0,-1,0,0,0,0,0,0,0,0,0,0,43132,109,2838,0,3,38338816,0,512,0,0,0,-1,-1
82256,Cattura delle creature presso il Fiume Torrenziale,,57591,117968,0,-1,0,0,0,0,0,0,0,0,0,0,43133,109,2869,0,3,40435968,8192,512,0,0,0,-1,-1
82257,Sepoltura sotterranea,,57592,117968,0,-1,0,0,0,0,0,0,0,0,0,0,43131,109,2838,0,3,39387392,8192,512,0,0,0,-1,-1
82258,Assediare le armi d'assedio,,57593,117968,0,-1,0,0,0,0,0,0,0,0,0,0,43130,109,2838,0,3,39387392,8192,512,0,0,0,-1,-1
82259,Onore ai caduti,,57594,123491,0,-1,0,0,0,0,0,0,0,0,0,0,43129,109,2838,0,3,38338816,8192,512,0,0,0,-1,-1
82260,Ricordo dell'Anima del Mondo: Predatori Primordiali,,0,122933,0,-1,0,0,0,0,0,0,0,0,0,0,0,0,2462,0,3,35717192,0,8704,0,0,0,-1,-1
82263,Ricordo dell'Anima del Mondo: Furia Elementale,,0,122933,0,-1,0,0,0,0,0,0,0,0,0,0,0,0,2462,0,3,36765768,0,8704,0,0,0,-1,-1
82266,Simulatore di lavaggio a torre,,57599,124686,0,-1,0,0,0,0,0,0,0,0,0,223220,43180,109,2861,0,3,36241664,0,0,0,0,0,-1,-1
82285,Ricordo dell'Anima del Mondo: Un'Anima Ferita,,0,122933,0,-1,0,0,0,0,0,0,0,0,0,0,0,0,2462,0,3,36765768,0,8704,0,0,0,-1,-1
82286,Ricordo dell'Anima del Mondo: Dei Antichi Reietti,,0,122933,0,-1,0,0,0,0,0,0,0,0,0,0,0,0,2462,0,3,36765768,0,8704,0,0,0,-1,-1
82288,"Lavorare sodo, sempre",,57606,117968,0,-1,0,0,0,0,0,0,0,0,0,0,43091,109,2838,0,3,38338816,0,512,0,0,0,-1,-1
82291,Roborissa,,57609,117968,0,-1,0,0,0,0,0,0,0,0,0,0,43124,115,2838,0,3,590080,0,0,0,0,0,-1,-1
82292,Collezionista di sassi,,57610,117968,0,-1,0,0,0,0,0,0,0,0,0,0,43123,115,2838,0,3,590080,0,0,0,0,0,-1,-1
82293,Il potere dell'amicizia,,57611,117968,0,-1,0,0,0,0,0,0,0,0,0,0,43103,115,2838,0,3,4784384,0,512,0,0,0,-1,-1
82294,Esercito in miniatura,,57612,117968,0,-1,0,0,0,0,0,0,0,0,0,0,43125,115,2838,0,3,590080,0,0,0,0,0,-1,-1
82295,Ziriak,,57613,124686,0,-1,0,0,0,0,0,0,0,0,0,0,43128,115,2838,0,3,2687232,0,0,0,0,0,-1,-1
82296,Il potere della creazione,,59727,124394,0,-1,0,0,0,0,0,0,0,0,0,0,0,0,2462,0,0,40894464,8320,512,0,0,0,-1,-1
82297,Un verme affamato,,57615,124686,0,-1,0,0,0,0,0,0,0,0,0,0,43127,115,2838,0,3,2687232,0,0,0,0,0,-1,-1
82298,La cosa della palude,,57616,128162,0,-1,0,0,0,0,0,0,0,0,0,0,43126,115,2838,0,3,590080,0,0,0,0,0,-1,-1
82300,Malfunzionamento grave,,57617,117968,0,-1,0,0,0,0,0,0,0,0,0,0,43104,115,2838,0,3,4784384,0,512,0,0,0,-1,-1
82321,Ricordo dell'Anima del Mondo: Esploratori Antichi,,0,122933,0,-1,0,0,0,0,0,0,0,0,0,0,0,0,2462,0,3,36765768,0,8704,0,0,0,-1,-1
82324,Corsa di larve,,57633,124686,0,-1,0,0,0,0,0,0,0,0,0,0,43150,109,2861,0,3,41484544,8192,0,0,0,0,-1,-1
82332,Ragno senza pretese,,57637,124686,0,-1,0,0,0,0,0,0,0,0,0,0,43152,109,2861,0,3,41484544,8192,0,0,0,0,-1,-1
82355,Incarico speciale: assalto delle Api di Cenere,,57659,117968,0,-1,0,0,0,0,0,0,0,0,0,0,43055,286,2837,0,3,4784384,8192,0,82146,0,0,-1,-1
82363,Forze opposte,,57667,124686,0,-1,0,0,0,0,0,0,0,0,0,0,43171,109,2861,0,3,41484544,8192,0,0,0,0,-1,-1
82364,Documentare un disaccordo,,57668,124686,0,-1,0,0,0,0,0,0,0,0,0,0,43172,109,2861,0,3,41484544,8192,0,0,0,0,-1,-1
82387,"Uccidi la melma, salva il mondo",,57694,124686,0,-1,0,0,0,0,0,0,0,0,0,0,43173,111,2861,0,3,41484544,8192,0,0,0,0,-1,-1
82414,Incarico speciale: una libbra di cure,,57723,124686,0,-1,0,0,0,0,0,0,0,0,0,0,43064,286,2861,0,3,37290240,8192,0,82159,0,0,-1,-1
82448,Prestito in biblioteca,,57757,117968,0,-1,1,0,0,0,0,0,0,0,0,0,43663,109,2837,0,3,4784384,8192,512,78536,0,0,-1,-1
82449,Il richiamo dell'Anima del Mondo,,57758,122755,0,-1,0,0,0,0,0,0,0,0,0,0,45035,284,2838,0,3,104333312,0,4202496,0,0,0,-1,-1
82451,Amici di peluche,,57759,117968,0,-1,0,0,0,0,0,0,0,0,0,0,43214,109,2838,0,3,38338816,0,0,78536,0,0,-1,-1
82454,Sintonizzare i Bagni di Fuoco,,57760,117968,0,-1,0,0,0,0,0,0,0,0,0,0,43357,109,2838,0,3,38338816,0,0,0,0,0,-1,-1
82455,Il pane è finito,,57761,117968,0,-1,0,0,0,0,0,0,0,0,0,0,43229,109,2838,0,3,38338816,0,0,0,0,0,-1,-1
82456,Mordete questo,,57762,117968,0,-1,0,0,0,0,0,0,0,0,0,0,43525,109,2838,0,3,38338816,0,0,0,0,0,-1,-1
82468,Lasciali vincere,,57773,124686,0,-1,0,0,0,0,0,0,0,0,0,0,43195,109,2861,0,3,41484544,8192,0,0,0,0,-1,-1
82470,Enigmi arcani,,57775,117968,0,-1,1,0,0,0,0,0,0,0,0,0,43203,109,2837,0,3,4784384,8192,512,78536,0,0,-1,-1
82481,Sterminio degli Esecutori,,57782,124686,0,-1,0,0,0,0,0,0,0,0,0,0,43731,109,2861,0,3,41484544,8192,0,0,0,0,-1,-1
82518,Rattoppatore di tubi,,57783,117968,0,-1,1,0,0,0,0,0,0,0,0,0,43200,109,2869,0,3,41484544,0,512,0,0,0,-1,-1
82519,Tu prende candela,,57784,117968,0,-1,1,0,0,0,0,0,0,0,0,0,43201,109,2869,0,3,41484544,0,512,0,0,0,-1,-1
82521,Pedine dei signori oscuri,,57786,124686,0,-1,0,0,0,0,0,0,0,0,0,0,43196,109,2861,0,3,41484544,8192,0,0,0,0,-1,-1
82523,Spezzatore del Re delle Candele,,57787,117968,0,-1,1,0,0,0,0,0,0,0,0,0,43202,109,2869,0,3,41484544,0,512,0,0,0,-1,-1
82524,Sterminio,,57788,124686,0,-1,0,0,0,0,0,0,0,0,0,0,43390,109,2861,0,3,41484544,8192,0,0,0,0,-1,-1
82526,Insetticidio,,57791,124686,0,-1,0,0,0,0,0,0,0,0,0,0,43410,109,2861,0,3,41484544,8192,0,0,0,0,-1,-1
82531,Incarico speciale: bombe dalle retrovie,,57796,124686,0,-1,0,0,0,0,0,0,0,0,0,0,43065,286,2861,0,3,41484544,8192,0,82161,0,0,-1,-1
82533,Tinto a morte!,,59333,124686,0,-1,0,0,0,0,0,0,0,0,0,0,43363,109,2861,0,3,41484544,8192,0,0,0,0,-1,-1
82535,[REUSE THIS RECORD],,57800,0,0,-1,0,0,0,0,0,0,0,0,0,0,0,109,2861,0,3,39387136,8192,0,79715,0,0,-1,-1
82536,Operazione di esfiltrazione,,58639,124686,0,-1,0,0,0,0,0,0,0,0,0,0,43569,109,2861,0,3,41484544,8192,0,0,0,0,-1,-1
82537,[REUSE THIS RECORD],,57800,0,0,-1,0,0,0,0,0,0,0,0,0,0,0,109,2462,0,3,39387136,8192,0,0,0,0,-1,-1
82552,Che agitazione,,59297,117968,0,-1,0,0,0,0,0,0,0,0,0,0,43342,109,2869,0,3,41484544,0,512,0,0,0,-1,-1
82580,Missione del corriere: recupero minerali,,58831,117968,0,-1,0,0,0,0,0,0,0,0,0,0,43388,109,2869,0,3,41484544,8192,512,0,0,0,-1,-1
82582,Avvolto nell'ombra,,57827,117968,0,-1,0,0,0,0,0,0,0,0,0,0,43468,109,2838,0,3,37290240,0,0,0,0,0,-1,-1
82583,Accendi il fuoco interiore,,57828,117968,0,-1,0,0,0,0,0,0,0,0,0,0,43465,109,2838,0,3,41484544,0,0,0,0,0,-1,-1
82584,Lotta per la Luce,,57829,125575,0,-1,0,0,0,0,0,0,0,0,0,0,43463,109,2838,0,3,41484544,8192,0,0,0,0,-1,-1
82585,Con una grande pira,,57830,117968,0,-1,0,0,0,0,0,0,0,0,0,225555,43467,109,2838,0,3,37290240,0,0,0,0,0,-1,-1
82586,Sterminatore di Spore,,57831,117968,0,-1,0,0,0,0,0,0,0,0,0,0,43466,109,2462,0,3,37290240,0,0,0,0,0,-1,-1
82615,Reclamare l'Acquedotto,,57839,124562,0,-1,0,0,0,0,0,0,0,0,0,0,0,0,3017,0,3,41484544,8192,33280,0,0,0,-1,-1
82650,Pizzico di Sale,,57869,117968,0,-1,0,0,0,0,0,0,0,0,0,0,43077,109,2838,0,3,37290240,0,0,0,0,0,-1,-1
82653,Aggregazione di Orrori,,57872,117968,0,-1,0,0,0,0,0,0,0,0,0,0,43620,289,2860,0,3,37290048,0,0,0,0,0,-1,-1
82658,Rilascio rapido,,57873,117968,0,-1,0,0,0,0,0,0,0,0,0,0,43315,109,2838,0,3,37290240,0,0,0,0,0,-1,-1
82672,Un altro invito tempestivo,,57875,114864,0,-1,0,0,0,0,0,0,0,0,59367,0,0,0,1369,0,2,33554440,0,536871424,0,0,0,-1,-1
82675,Cooking With Style Tracker,,57877,0,0,-1,0,0,0,0,0,0,0,0,0,0,0,0,2799,0,3,33555456,0,8,0,0,0,-1,-1
82747,Piazza del Crocevia,,57935,0,0,-1,0,0,0,0,0,0,0,0,0,0,0,0,2797,0,2,40894472,0,512,0,0,0,-1,-1
82778,Gara di pesca dei Precipizi Sacri,,57963,0,0,-1,0,0,0,0,0,0,0,0,0,0,43735,0,2862,0,2,36700160,0,512,0,0,0,-1,-1
82787,Incarico speciale: sollevazione dei colossali,,57970,0,0,-1,0,0,0,0,0,0,0,0,0,0,43383,286,2809,0,3,41484544,8192,0,82157,0,0,-1,-1
82852,Incarico speciale: soccorso delle linci,,58021,123372,0,-1,0,0,0,0,0,0,0,0,0,0,43063,286,2809,0,3,41484544,8192,0,82158,0,0,-1,-1
83024,Il legame del Cavalcatempesta,,57356,121328,0,-1,65536,0,0,0,0,0,0,0,0,0,0,0,2832,0,2,36700160,128,520,84824,0,0,-1,-1
83025,Un legame sacro,,57357,121328,0,-1,131073,0,0,0,0,0,0,0,0,0,0,0,2832,0,2,36700160,128,520,81993,84824,0,-1,-1
83028,Nasolungo ladruncoli,,58180,117968,0,-1,0,0,0,0,0,0,0,0,0,0,43472,109,2869,0,3,41484544,0,512,0,0,0,-1,-1
83048,Camminatori ribelli,,58200,117968,0,-1,0,0,0,0,0,0,0,0,0,0,43490,109,2869,0,3,41484544,0,512,0,0,0,-1,-1
83055,Firmato e sigillato,,60732,0,0,-1,0,0,0,0,0,0,0,0,0,0,0,0,2888,0,3,41484288,0,268447752,0,0,0,-1,-1
83056,Cooking With Style Tracker,,58208,0,0,-1,0,0,0,0,0,0,0,0,0,0,0,0,2799,0,3,33555456,0,8,0,0,0,-1,-1
83079,Accumulo minerale,,59194,117968,0,-1,0,0,0,0,0,0,0,0,0,0,43504,109,2869,0,3,41484544,8192,512,0,0,0,-1,-1
83080,Pulizia di Taelloch,,59193,117968,0,-1,0,0,0,0,0,0,0,0,0,0,43505,109,2869,0,3,41484544,8192,512,0,0,0,-1,-1
83101,In cerca di risorse,,58250,117968,0,-1,0,0,0,0,0,0,0,0,0,0,43534,109,2869,0,3,41484544,0,512,0,0,0,-1,-1
83182,Un retaggio di sangue,,58331,0,0,-1,0,0,0,0,0,0,0,0,0,0,0,0,2799,0,2,38797320,8192,1049088,79151,0,0,-1,-1
83229,Incarico speciale: risveglio delle Profondità,,58373,117968,0,-1,0,0,0,0,0,0,0,0,0,0,43058,286,2869,0,3,41484544,8192,512,82156,0,0,-1,-1
83271,C'è sempre un altro segreto,,58416,0,0,-1,2,0,0,0,0,0,0,0,0,0,0,0,2829,0,2,37748744,8192,512,82153,82153,0,-1,-1
83286,Cosa giace nascosto sotto Dornogal,,58431,0,0,-1,0,0,0,0,0,0,0,0,0,0,0,0,2829,0,2,37748744,8192,512,83271,0,0,-1,-1
83315,Prepararsi all'ignoto,,58460,0,0,-1,0,0,0,0,0,0,0,0,0,0,0,0,2829,0,2,37748744,8192,512,83286,0,0,-1,-1
83328,L'Interfaccia d'Analisi,,58472,124461,0,-1,0,0,0,0,0,0,0,0,0,0,0,0,863,0,2,37748744,0,520,79200,0,0,-1,-1
83503,Ritorno a Dornogal,,58642,0,0,-1,1,0,0,0,0,0,0,0,0,0,0,0,2462,0,2,37748744,0,544,78948,0,0,-1,-1
83521,"Un aiutino, per favore?",,58660,5793,0,-1,0,0,0,0,0,0,0,0,0,0,0,0,2888,0,2,40894472,8192,512,0,0,0,-1,-1
83529,Gara di pesca dei Precipizi Sacri,,58668,0,0,-1,0,0,0,0,0,0,0,0,0,0,43752,0,2862,0,2,36700160,0,512,0,0,0,-1,-1
83530,Gara di pesca dei Precipizi Sacri,,58669,0,0,-1,0,0,0,0,0,0,0,0,0,0,43753,0,2862,0,2,36700160,0,512,0,0,0,-1,-1
83531,Gara di pesca dei Precipizi Sacri,,58670,0,0,-1,0,0,0,0,0,0,0,0,0,0,43754,0,2862,0,2,36700160,0,512,0,0,0,-1,-1
83532,Gara di pesca dei Precipizi Sacri,,58671,0,0,-1,0,0,0,0,0,0,0,0,0,0,43755,0,2862,0,2,36700160,0,512,0,0,0,-1,-1
83536,Becchino degli abissi,,58675,124686,0,-1,0,0,0,0,0,0,0,0,0,0,43759,109,2861,0,3,41484288,8192,0,0,0,0,-1,-1
83537,Trattamento di gemme geotermali,,58829,117968,0,-1,0,0,0,0,0,0,0,0,0,0,43760,109,2869,0,3,41484544,8192,512,0,0,0,-1,-1
83538,Liberazione degli scavi,,58830,117968,0,-1,0,0,0,0,0,0,0,0,0,0,43827,109,2869,0,3,41484544,8192,512,0,0,0,-1,-1
83555,Collana misteriosa,,58692,0,0,-1,0,0,0,0,0,0,0,0,0,0,0,0,2829,0,2,37748744,0,512,83553,0,0,-1,-1
83556,Guardare ma non toccare,,58693,0,0,-1,1,0,0,0,0,0,0,0,0,0,0,0,2829,0,2,37748744,0,512,83554,83555,0,-1,-1
83562,Calling Quest (DNT),,58699,0,0,-1,0,0,0,0,0,0,0,0,0,0,0,271,2797,0,2,36700168,131072,0,0,0,0,-1,-1
83640,<DNT> Template,,58767,0,0,-1,0,0,0,0,0,0,0,0,0,0,0,0,2888,0,3,41484288,131072,268447752,0,0,0,-1,-1
83643,In qualche modo siamo sopravvissuti,,58770,0,0,-1,0,0,0,0,0,0,0,0,0,0,0,0,2829,0,2,37748744,0,512,83641,0,0,-1,-1
83715,Merce recuperata rivendicata,,58834,126042,0,-1,0,0,0,0,0,0,0,0,0,0,43828,109,2869,0,3,41484544,0,512,0,0,0,-1,-1
83718,Uovestrazione,,58836,124686,0,-1,0,0,0,0,0,0,0,0,0,0,43830,109,2861,0,3,40435968,0,0,0,0,0,-1,-1
83723,Aiuto prezioso,,58841,0,0,-1,0,0,0,0,0,0,0,0,0,0,0,0,2829,0,2,37748744,0,512,83643,0,0,-1,-1
83762,Massa Critica,,58872,0,0,-1,0,0,0,0,0,0,0,0,0,0,0,0,2829,0,2,38797320,8192,512,83743,0,0,-1,-1
83764,"Troppo potenti, troppo pericolosi",,58874,0,0,-1,1,0,0,0,0,0,0,0,0,0,0,0,2829,0,2,38797320,8192,544,83762,0,0,-1,-1
83775,Crescita infinita II,,58885,118675,0,-1,0,0,0,0,0,0,0,0,0,0,0,282,2793,0,0,0,1,268435976,78894,0,0,-1,-1
83776,Crescita infinita III,,58886,118685,0,-1,0,0,0,0,0,0,0,0,0,0,0,282,2793,0,0,0,1,268435976,83775,0,0,-1,-1
83777,Crescita infinita IV,,58887,118695,0,-1,0,0,0,0,0,0,0,0,0,0,0,282,2793,0,0,0,1,268435976,83776,0,0,-1,-1
83791,Test Interfaccia: 3 obiettivi paralleli,,58901,0,0,-1,0,0,0,0,0,0,0,0,0,0,0,0,2824,0,3,36765704,131072,8192,0,0,0,-1,-1
83827,Zittire il canto,,58935,129009,0,-1,0,0,0,0,0,0,0,0,0,226261,43870,0,2462,0,2,308281352,8256,268435968,0,0,0,-1,-1
83930,Rimozione vermi,,59036,117968,0,-1,0,0,0,0,0,0,0,0,0,0,43939,109,2869,0,3,41484544,0,512,0,0,0,-1,-1
84001,Il binario giusto,,59108,129009,0,-1,0,0,0,0,0,0,0,0,0,0,43870,0,3004,0,2,39845896,8256,268435968,0,0,0,-1,-1
84022,Unire i Fili Recisi,,59197,0,0,-1,0,0,0,0,0,0,0,0,0,0,0,0,2762,0,2,40894464,8192,512,78248,0,0,-1,-1
84143,Perduto e occupato,,59321,127442,0,-1,0,0,0,0,0,0,0,0,59322,0,0,0,1369,0,2,36700168,0,512,0,0,0,-1,-1
84225,Uova strapazzate,,59340,129247,0,-1,0,0,0,0,0,0,0,0,0,0,45160,0,3004,0,2,39845888,8256,268435968,85070,0,0,-1,-1
84236,Il grande investigatore,,59351,127453,0,-1,0,0,0,0,0,0,0,0,0,0,0,0,1369,0,2,40894472,0,512,83831,0,0,-1,-1
84241,Difesa della costa,,59355,129247,0,-1,0,0,0,0,0,0,0,0,0,0,45160,0,3004,0,2,39845888,8256,268435968,0,0,0,-1,-1
84248,Il rituale runico,,59361,129009,0,-1,0,0,0,0,0,0,0,0,0,0,43871,0,2832,0,2,39845896,8256,268435968,0,0,0,-1,-1
84252,Precisione in volo,,59365,129009,0,-1,0,0,0,0,0,0,0,0,0,230795,0,0,3004,0,2,308281352,8192,268435968,0,0,0,-1,-1
84278,Missione di tracciamento,,59390,127454,0,-1,0,0,0,0,0,0,0,0,0,0,0,0,1369,0,2,309461000,0,4640,84237,0,0,-1,-1
84286,Gli oggetti più belli,,0,131868,0,-1,0,0,0,0,0,0,0,0,0,0,0,0,2723,0,0,7405568,40960,520,0,0,0,-1,-1
84296,Tracce fresche,,59408,127454,0,-1,0,0,0,0,0,0,0,0,0,0,0,0,1369,0,2,41025544,0,4640,84278,0,0,-1,-1
84305,Barilotto,,59422,9485,0,-1,0,0,0,0,0,0,0,0,0,0,0,0,298,0,0,33554432,0,520,0,0,0,-1,-1
84306,Barilotto,,59423,9485,0,-1,0,0,0,0,0,0,0,0,0,0,0,0,298,0,0,33554432,0,520,0,0,0,-1,-1
84307,Barilotto,,59424,9485,0,-1,0,0,0,0,0,0,0,0,0,0,0,0,298,0,0,33554432,0,520,0,0,0,-1,-1
84308,Barilotto,,59425,9485,0,-1,0,0,0,0,0,0,0,0,0,0,0,0,298,0,0,33554432,0,520,0,0,0,-1,-1
84310,Barilotto,,59427,9485,0,-1,0,0,0,0,0,0,0,0,0,0,0,0,298,0,0,33554432,0,520,0,0,0,-1,-1
84311,Barilotto,,59428,9485,0,-1,0,0,0,0,0,0,0,0,0,0,0,0,298,0,0,33554432,0,520,0,0,0,-1,-1
84313,Barilotto,,59431,9485,0,-1,0,0,0,0,0,0,0,0,0,0,0,0,298,0,0,33554432,0,520,0,0,0,-1,-1
84314,Barilotto,,59432,9485,0,-1,0,0,0,0,0,0,0,0,0,0,0,0,298,0,0,33554432,0,520,0,0,0,-1,-1
84315,Barilotto,,59433,9485,0,-1,0,0,0,0,0,0,0,0,0,0,0,0,298,0,0,33554432,0,520,0,0,0,-1,-1
84316,Barilotto,,59434,9485,0,-1,0,0,0,0,0,0,0,0,0,0,0,0,298,0,0,33554432,0,520,0,0,0,-1,-1
84334,Avvisare l'investigatore,,59452,127455,0,-1,0,0,0,0,0,0,0,0,0,0,0,0,1369,0,2,40894472,0,4640,84296,0,0,-1,-1
84336,Trovare le differenze,,59454,127455,0,-1,0,0,0,0,0,0,0,0,0,0,0,0,1369,0,2,40894472,0,4640,84334,0,0,-1,-1
84392,La fame nella conca,,59510,0,0,-1,0,0,0,0,0,0,0,0,58014,0,0,0,2799,0,2,36700168,0,512,0,0,0,-1,-1
84423,Scrollarsi la polvere di dosso,,59534,0,0,-1,0,0,0,0,0,0,0,0,0,0,0,0,2991,0,0,34603016,0,1049088,0,0,0,-1,-1
84424,Verso una nuova avventura!,,59535,0,0,-1,0,0,0,0,0,0,0,0,0,0,0,0,2991,0,2,55574536,4,1049088,84423,0,0,-1,-1
84429,Contenimento dei costrutti,,59540,117968,0,-1,0,0,0,0,0,0,0,0,0,0,44128,109,2869,0,3,41484544,8192,512,0,0,0,-1,-1
84490,La Gran Banca,,59610,127205,0,-1,0,0,0,0,0,0,0,0,0,0,0,0,2892,0,2,33554440,128,512,0,0,0,-1,-1
84506,All'inseguimento delle mascotte,,59625,127464,0,-1,0,0,0,0,0,0,0,0,0,0,0,0,1369,0,2,36700168,0,512,83831,0,0,-1,-1
84563,Problemi di giocattoli,,59669,129998,0,-1,0,0,0,0,0,0,0,0,0,0,0,0,1369,0,2,40894472,0,512,84336,0,0,-1321907123,1427461461
84589,Creature Name,,59695,0,0,-1,0,0,0,0,0,0,0,0,0,0,0,0,2860,0,3,34149376,0,8,0,0,0,-1,-1
84680,Vivi come sassi,,59791,129009,0,-1,0,0,0,0,0,0,0,0,0,228988,43871,0,3004,0,2,40894728,41024,268435968,0,0,0,-1,-1
84682,Di patti e clienti,,59794,127693,0,-1,0,0,0,0,0,0,0,0,0,0,0,0,2861,0,2,124780800,8192,4203008,0,0,0,-1,-1
84755,Il giocattolo finale,,59871,129999,0,-1,0,0,0,0,0,0,0,0,0,0,0,0,1369,0,2,40894472,0,512,84588,0,0,-1321907123,1427461461
84787,Fognature,,61710,130610,0,-1,0,0,0,0,0,0,0,0,0,0,44409,0,3004,0,3,6881280,8192,268435976,85753,0,0,-1,-1
84788,Hot dog Razzopronto,,59901,0,0,-1,0,0,0,0,0,0,0,0,0,0,0,0,2888,0,3,41484288,0,268447752,0,0,0,-1,-1
84791,Panino Razzopronto,,59904,0,0,-1,0,0,0,0,0,0,0,0,0,0,0,0,2888,0,3,41484288,0,268447752,0,0,0,-1,-1
84835,Antro Sommerso,,61704,130662,0,-1,0,0,0,0,0,0,0,0,0,0,44479,0,3004,0,3,6881280,8192,268435976,85760,0,0,-1,-1
84836,Cavità Vibrante,,61707,128822,0,-1,0,0,0,0,0,0,0,0,0,0,44478,0,3004,0,3,6881280,8192,268435976,0,0,0,-1,-1
84850,Ira del Serpente,,59965,129009,0,-1,65536,0,0,0,0,0,0,0,0,0,43872,111,3004,0,3,6881280,8256,268435968,85070,0,0,-1,-1
84851,Maree d'Avidità,,59966,129009,0,-1,65536,0,0,0,0,0,0,0,0,0,43870,111,3004,0,3,6881280,8256,268435968,85070,0,0,-1,-1
84852,Retaggio dei Vrykul,,59967,129009,0,-1,65536,0,0,0,0,0,0,0,0,0,43871,111,3004,0,3,6881280,8192,268435968,85070,0,0,-1,-1
84877,Ephemeral Agent Lathyd,,59992,0,0,-1,0,0,0,0,0,0,0,0,0,0,0,0,2992,0,3,34178048,0,8,0,0,0,-1,-1
84884,Junk Wall,,59999,0,0,-1,0,0,0,0,0,0,0,0,0,0,0,0,2992,0,3,34178048,0,8,0,0,0,-1,-1
84895,Slugger the Smart,,60005,0,0,-1,0,0,0,0,0,0,0,0,0,0,0,0,2992,0,3,34178048,0,8,0,0,0,-1,-1
84907,Chief Foreman Gutso,,60016,0,0,-1,0,0,0,0,0,0,0,0,0,0,0,0,2992,0,3,34178048,0,8,0,0,0,-1,-1
84911,Flyboy Snooty,,60020,0,0,-1,0,0,0,0,0,0,0,0,0,0,0,0,2992,0,3,34178048,0,8,0,0,0,-1,-1
84912,Lo spettacolo deve continuare,,60021,52278,0,-1,0,0,0,0,0,0,0,0,0,0,0,0,1369,0,2,41025544,8192,512,84985,0,0,-1,-1
84917,Scrapbeak,,60027,0,0,-1,0,0,0,0,0,0,0,0,0,0,0,0,2860,0,3,34149376,0,8,0,0,0,-1,-1
84918,Court of Rats,,60028,0,0,-1,0,0,0,0,0,0,0,0,0,0,0,0,2860,0,3,34149376,0,8,0,0,0,-1,-1
84919,Tally Doublespeak,,60029,0,0,-1,0,0,0,0,0,0,0,0,0,0,0,0,2860,0,3,34149376,0,8,0,0,0,-1,-1
84920,Rogue Alchemist Vaz,,60030,0,0,-1,0,0,0,0,0,0,0,0,0,0,0,0,2860,0,3,34149376,0,8,0,0,0,-1,-1
84921,Thwack,,60031,0,0,-1,0,0,0,0,0,0,0,0,0,0,0,0,2860,0,3,34149376,0,8,0,0,0,-1,-1
84922,S.A.L.,,60032,0,0,-1,0,0,0,0,0,0,0,0,0,0,0,0,2860,0,3,34149376,0,8,0,0,0,-1,-1
84923,Sulle ali della storia,,60033,127467,0,-1,0,0,0,0,0,0,0,0,0,0,0,0,1369,0,2,36700168,0,512,83831,0,0,-1,-1
84926,Nitro,,60036,0,0,-1,0,0,0,0,0,0,0,0,0,0,0,0,2860,0,3,34149376,0,8,0,0,0,-1,-1
84927,Candy Stickemup,,60037,0,0,-1,0,0,0,0,0,0,0,0,0,0,0,0,2860,0,3,34149376,0,8,0,0,0,-1,-1
84928,Longwick,,60038,0,0,-1,0,0,0,0,0,0,0,0,0,0,0,0,2860,0,3,34149376,0,8,0,0,0,-1,-1
84929,Bagnino in servizio,,60039,129746,0,-1,0,0,0,0,0,0,0,0,0,0,44558,109,2888,0,3,41484544,8192,0,0,0,0,-1,-1
84932,Un'eredità di distruzione,,60040,130006,0,-1,0,0,0,0,0,0,0,0,0,0,0,0,1369,0,2,36700168,0,512,83831,0,0,-1,-1
84948,Contratto di lavoro,,60057,133024,0,-1,0,0,0,0,0,0,0,0,0,0,0,109,2888,0,3,41517312,8320,8,0,0,0,-1,-1
84955,Contrabbando vietato,,60064,129746,0,-1,0,0,0,0,0,0,0,0,0,0,44561,109,2888,0,3,41484544,8192,0,0,0,0,-1,-1
84962,Sterminio urgente,,60071,137876,0,-1,0,0,0,0,0,0,0,0,0,0,45043,109,3008,0,3,41484544,8192,0,0,0,0,-1,-1
84966,Interrompere l'assalto,,60075,138829,0,-1,0,0,0,0,0,0,0,0,0,0,0,0,3008,0,3,41484288,8192,0,0,0,0,-1,-1
84971,Per amore del grog,,60077,129746,0,-1,0,0,0,0,0,0,0,0,0,0,44576,109,2888,0,3,41484544,8192,0,0,0,0,-1,-1
84979,[DNT] World Quest 001,,60082,128647,0,-1,0,0,0,0,0,0,0,0,0,0,44587,109,3031,0,3,41418752,8192,0,0,0,0,-1,-1
84981,[DNT] World Quest 002,,60083,128648,0,-1,0,0,0,0,0,0,0,0,0,0,44587,109,3031,0,3,41418752,8192,0,0,0,0,-1,-1
84982,[DNT] World Quest 003,,60084,128649,0,-1,0,0,0,0,0,0,0,0,0,0,44587,109,3031,0,3,41418752,8192,0,0,0,0,-1,-1
84983,[DNT] World Quest 004,,60085,128650,0,-1,0,0,0,0,0,0,0,0,0,0,44587,109,3031,0,3,41418752,8192,0,0,0,0,-1,-1
84984,[DNT] World Quest 005,,60086,128651,0,-1,0,0,0,0,0,0,0,0,0,0,44587,109,3031,0,3,41418752,8192,0,0,0,0,-1,-1
84985,Palco allo sbaraglio,,60087,127466,0,-1,0,0,0,0,0,0,0,0,0,0,0,0,1369,0,2,36700168,0,512,83831,0,0,-1,-1
84993,Attacco del Divoratore: Oasi,,60094,0,0,-1,0,0,0,0,0,0,0,0,0,0,44596,283,3007,0,3,39419968,532480,4120,0,0,0,-1,-1
84994,Prove d'effetto,,60095,129745,0,-1,0,0,0,0,0,0,0,0,0,0,44598,109,2888,0,3,41484544,8192,0,0,0,0,-1,-1
84995,Foto! Foto di Cavafonda!,,60096,129746,0,-1,0,0,0,0,0,0,0,0,0,0,44599,109,2888,0,3,41484544,8192,0,0,0,0,-1,-1
85004,Swigs Farsight,,60105,0,0,-1,0,0,0,0,0,0,0,0,0,0,0,0,2860,0,3,34149376,0,8,0,0,0,-1,-1
85005,Una chiamata radiosa,,60106,128742,0,-1,0,0,0,0,0,0,0,0,0,0,0,0,3031,0,2,40894472,0,512,0,0,0,-1,-1
85013,Precipitante dei Micciascura,,62291,129050,0,-1,0,0,0,0,0,0,0,0,0,0,44611,283,2888,0,3,37289984,0,512,0,0,0,-1,-1
85024,Problemi di giocattoli,,59669,129998,0,-1,0,0,0,0,0,0,0,0,0,0,0,0,1369,0,2,40894472,0,512,84336,0,0,1309324210,-1440044374
85026,Dove nascono le leggende,,60127,128802,0,-1,0,0,0,0,0,0,0,0,0,0,0,0,2991,0,2,592445448,0,1049088,84423,0,0,-1,-1
85042,Il giocattolo finale,,59871,129999,0,-1,0,0,0,0,0,0,0,0,0,0,0,0,1369,0,2,40894472,0,512,85025,0,0,1309324210,-1440044374
85051,Al setaccio delle spiagge,,60150,129009,0,-1,0,0,0,0,0,0,0,0,0,0,43872,0,3004,0,2,6291720,8192,268435968,0,0,0,-1,-1
85070,Tracking Quest,,60169,0,0,-1,0,0,0,0,0,0,0,0,0,0,45160,0,0,0,3,33621248,0,268435464,0,0,0,-1,-1
85088,L'evento principale,,64711,129050,0,-1,0,0,0,0,0,0,0,0,0,0,0,289,2993,0,3,37323072,0,8,0,0,0,-1,-1
85104,Corsa Solcacieli - Scatto a Razzo,,60202,129748,0,-1,0,0,0,0,0,0,0,0,0,0,44725,281,2838,0,3,34144512,0,0,0,0,0,-1,-1
85105,Corsa Solcacieli - Guizzo dei Cumuli,,60203,134740,0,-1,0,0,0,0,0,0,0,0,0,0,44726,281,2838,0,3,34144512,0,0,0,0,0,-1,-1
85106,Corsa Solcacieli - Rincorsa del Rottamaio,,60204,134740,0,-1,0,0,0,0,0,0,0,0,0,0,44727,281,2838,0,3,34144512,0,0,0,0,0,-1,-1
85107,Corsa Solcacieli - Pista dalle Stelle alle Stalle,,60205,134740,0,-1,0,0,0,0,0,0,0,0,0,0,44728,281,2838,0,3,34144512,0,0,0,0,0,-1,-1
85113,Incarico speciale: arriva la tempesta,,60209,129247,0,-1,0,0,0,0,0,0,0,0,0,232466,45160,286,3004,0,3,578355200,8256,268435976,0,0,0,-1,-1
85263,Pallabomba,,60387,129313,0,-1,0,0,0,0,0,0,0,0,0,0,44751,109,2888,0,3,41484544,8192,0,0,0,0,-1,-1
85268,Simulatore di lavaggio potente,,60390,129746,0,-1,0,0,0,0,0,0,0,0,0,0,44755,109,2888,0,3,41484544,0,0,0,0,0,-1,-1
85269,Bomballone,,60391,129744,0,-1,0,0,0,0,0,0,0,0,0,0,44756,109,2888,0,3,39387392,0,0,0,0,0,-1,-1
85270,Freddo come il ghiaccio,,60392,129745,0,-1,0,0,0,0,0,0,0,0,0,0,44757,109,2888,0,3,41484544,8192,0,0,0,0,-1,-1
85390,Insaponatore dell'Alba,,60508,129745,0,-1,0,0,0,0,0,0,0,0,0,0,44773,109,2888,0,3,37290240,0,0,0,0,0,-1,-1
85396,Cumuli di scarti,,60514,129747,0,-1,0,0,0,0,0,0,0,0,0,231164,44779,109,2888,0,3,41484544,8192,0,0,0,0,-1,-1
85397,Cosa desiderano le piante,,60515,129747,0,-1,0,0,0,0,0,0,0,0,0,0,44834,109,2888,0,3,41484544,8192,0,0,0,0,-1,-1
85398,Buooom viaggio!,,60516,129747,0,-1,0,0,0,0,0,0,0,0,0,0,44819,109,2888,0,3,41484544,8192,0,0,0,0,-1,-1
85399,Shock del caddie,,60517,129747,0,-1,0,0,0,0,0,0,0,0,0,0,44835,109,2888,0,3,41484544,8192,0,0,0,0,-1,-1
85400,"Ridurre, riutilmelmare, riciclare",,60518,129747,0,-1,0,0,0,0,0,0,0,0,0,0,44836,109,2888,0,3,41484544,8192,0,0,0,0,-1,-1
85402,In alto,,60520,129746,0,-1,0,0,0,0,0,0,0,0,0,0,44794,109,2888,0,3,41484544,8192,0,0,0,0,-1,-1
85427,Espirazione esplosiva,,60543,129744,0,-1,0,0,0,0,0,0,0,0,0,0,44782,109,2888,0,3,41484544,8192,0,0,0,0,-1,-1
85428,Violazioni del codice,,60544,129744,0,-1,0,0,0,0,0,0,0,0,0,232989,44783,109,2888,0,3,41615616,8192,0,0,0,0,-1,-1
85460,Successione ecologica,,60574,137553,0,-1,0,0,0,0,0,0,0,0,0,0,0,109,2838,0,3,40599808,0,8,0,0,0,-1,-1
85466,Che freddo,,60580,129747,0,-1,0,0,0,0,0,0,0,0,0,0,44837,109,2888,0,3,41484544,8192,0,0,0,0,-1,-1
85467,Fuoco dall'alto,,60581,129747,0,-1,0,0,0,0,0,0,0,0,0,0,44838,109,2888,0,3,41484544,8192,0,0,0,0,-1,-1
85472,Reagenti gratuiti!,,60594,129745,0,-1,0,0,0,0,0,0,0,0,0,0,44818,109,2888,0,3,41484544,8192,0,0,0,0,-1,-1
85473,Edizione straordinaria! Edizione straordinaria!,,60595,129748,0,-1,0,0,0,0,0,0,0,0,0,0,44832,109,2888,0,3,41484544,8192,0,0,0,0,-1,-1
85474,Rattattacco,,60596,129748,0,-1,0,0,0,0,0,0,0,0,0,0,44833,109,2888,0,3,41484544,8192,0,0,0,0,-1,-1
85475,Segreti nelle sabbie,,60597,130003,0,-1,2,0,0,0,0,0,0,0,0,0,0,0,1369,0,2,40894472,0,512,85208,85195,0,-1,-1
85479,Rocce esplosive,,60601,138185,0,-1,0,0,0,0,0,0,0,0,0,0,44830,113,2888,0,3,6881536,8192,0,0,0,0,-1,-1
85487,Incarico speciale: boom! Colpo alla testa!,,60609,129748,0,-1,0,0,0,0,0,0,0,0,0,0,44839,286,2888,0,3,41484544,8192,0,85489,0,0,-1,-1
85488,Incarico speciale: scorta,,60610,129748,0,-1,0,0,0,0,0,0,0,0,0,0,44840,286,2888,0,3,41484544,8192,0,85490,0,0,-1,-1
85497,Guarnizione esplosa,,60619,129744,0,-1,0,0,0,0,0,0,0,0,0,0,44848,109,2888,0,3,41484544,8192,0,0,0,0,-1,-1
85498,Vai coi fuochi d'artificio,,60620,129744,0,-1,0,0,0,0,0,0,0,0,0,0,44849,109,2888,0,3,41484544,8192,0,0,0,0,-1,-1
85499,Quello che un Goblin butta...,,60621,129744,0,-1,0,0,0,0,0,0,0,0,0,0,44850,109,2888,0,3,41484544,8192,0,0,0,0,-1,-1
85500,Rifiuti pericolosi,,60622,129744,0,-1,0,0,0,0,0,0,0,0,0,0,44851,109,2888,0,3,41484544,8192,0,0,0,0,-1,-1
85502,Riflessioni festive,,60624,130004,0,-1,1,0,0,0,0,0,0,0,0,0,0,0,1369,0,2,40894472,0,512,85476,0,0,-1,-1
85512,Sradicare le contraffazioni,,60634,136062,0,-1,0,0,0,0,0,0,0,0,0,0,44854,109,2888,0,3,37290240,0,0,0,0,0,-1,-1
85513,Grasso dei Corrifondo,,60635,129745,0,-1,0,0,0,0,0,0,0,0,0,0,44855,109,2888,0,3,37290240,0,0,0,0,0,-1,-1
85514,Se non hanno intenzione di usarlo...,,60636,129745,0,-1,0,0,0,0,0,0,0,0,0,0,44856,109,2888,0,3,37290240,0,0,0,0,0,-1,-1
85515,Campioni gratuiti!,,60637,129745,0,-1,0,0,0,0,0,0,0,0,0,231900,44857,109,2888,0,3,37421312,0,0,0,0,0,-1,-1
85518,Feccia che scotenna,,60640,129748,0,-1,0,0,0,0,0,0,0,0,0,0,44858,109,2888,0,3,41484544,8192,0,0,0,0,-1,-1
85519,Bombe e scoppi,,60641,129744,0,-1,0,0,0,0,0,0,0,0,0,0,44860,109,2888,0,3,41484544,8192,268435456,0,0,0,-1,-1
85524,Disarmare i Micciascura,,60646,129748,0,-1,0,0,0,0,0,0,0,0,0,0,44865,109,2888,0,3,37290240,0,0,0,0,0,-1,-1
85526,Sacca per feccia,,60648,129747,0,-1,0,0,0,0,0,0,0,0,0,0,44866,109,2888,0,3,41484544,8192,0,0,0,0,-1,-1
85527,Bonsai del Bucaniere,,60649,129746,0,-1,0,0,0,0,0,0,0,0,0,0,44867,109,2888,0,3,37290240,0,0,0,0,0,-1,-1
85528,Reclutamento ciurme,,60650,129746,0,-1,0,0,0,0,0,0,0,0,0,0,44868,109,2888,0,3,41484544,8192,0,0,0,0,-1,-1
85553,Lavoretto: prendere un granchio,,60676,131393,0,-1,0,0,0,0,0,0,0,0,0,0,45183,0,2888,0,2,40894472,32768,512,0,0,0,-1,-1
85554,Lavoretto: frittata di pterrordattilo,,60677,131393,0,-1,0,0,0,0,0,0,0,0,0,0,45184,0,2888,0,2,40894472,40960,512,0,0,0,-1,-1
85561,[DNT] Debugging Abandon,,60685,0,0,-1,0,0,0,0,0,0,0,0,0,0,0,0,2869,0,3,37289984,0,0,0,0,0,-1,-1
85653,Testare le acque,,60721,0,0,-1,0,0,0,0,0,0,0,0,0,0,44954,0,3004,0,2,40894472,8192,268435968,84726,0,0,-1,-1
85654,Frizzi e lazzi,,60722,0,0,-1,1,0,0,0,0,0,0,0,0,0,44955,0,3004,0,2,40894472,8192,268435968,85653,85070,0,-1,-1
85655,Scatenare il suo potere,,60723,0,0,-1,0,0,0,0,0,0,0,0,0,0,44956,0,3004,0,2,40894472,8192,268435968,85654,0,0,-1,-1
85656,L'acchiappa-banditi canterino,,60724,0,0,-1,0,0,0,0,0,0,0,0,0,0,44957,0,3004,0,2,40894472,8192,268435968,85655,0,0,-1,-1
85657,Cyrce sarebbe così orgogliosa,,60725,0,0,-1,0,0,0,0,0,0,0,0,0,0,44958,0,3004,0,2,40894472,8192,268435968,85656,0,0,-1,-1
85715,Cercasi musa,,60778,0,0,-1,0,0,0,0,0,0,0,0,0,0,0,0,2888,0,3,41484288,0,268447752,0,0,0,-1,-1
85717,Famiglio precario,,60780,0,0,-1,0,0,0,0,0,0,0,0,0,0,0,0,2888,0,3,41484288,0,268447752,0,0,0,-1,-1
85731,Missione di tracciamento,,60791,0,0,-1,0,0,0,0,0,0,0,0,0,0,0,0,2734,0,3,3768320,0,12296,0,0,0,-1,-1
85732,Sterminio Espresso,,60792,0,0,-1,0,0,0,0,0,0,0,0,0,0,0,0,2888,0,3,41484288,0,268447752,0,0,0,-1,-1
85733,Disastro del daiquiri,,60793,0,0,-1,0,0,0,0,0,0,0,0,0,0,0,0,2888,0,3,41484288,0,268447752,0,0,0,-1,-1
85753,Fognature,,61711,130607,0,-1,0,0,0,0,0,0,0,0,0,0,44409,0,3004,0,3,6881280,8192,268435976,0,0,0,-1,-1
85754,Fognature,,61709,130612,0,-1,1,0,0,0,0,0,0,0,0,0,44409,0,3004,0,3,6881280,8192,268435976,85753,84787,0,-1,-1
85755,Fognature,,61714,128821,0,-1,0,0,0,0,0,0,0,0,0,0,44409,0,3004,0,3,6881280,8192,268435976,0,0,0,-1,-1
85758,Una bella spazzata,,60818,0,0,-1,0,0,0,0,0,0,0,0,0,0,0,0,2888,0,3,41484288,0,268447752,0,0,0,-1,-1
85759,Allineamento dei cristalli,,60819,0,0,-1,0,0,0,0,0,0,0,0,0,0,0,0,2888,0,3,41484288,0,268447752,0,0,0,-1,-1
85760,Antro Sommerso,,61703,128827,0,-1,0,0,0,0,0,0,0,0,0,0,44479,0,3004,0,3,6881280,8192,268435976,0,0,0,-1,-1
85761,Antro Sommerso,,61705,130664,0,-1,1,0,0,0,0,0,0,0,0,0,44479,0,3004,0,3,6881280,8192,268435976,85760,84835,0,-1,-1
85762,Antro Sommerso,,61713,130666,0,-1,0,0,0,0,0,0,0,0,0,0,44479,0,3004,0,3,6881280,8192,268435976,0,0,0,-1,-1
85763,Cavità Vibrante,,61708,130672,0,-1,0,0,0,0,0,0,0,0,0,0,44478,283,3004,0,3,6881280,8192,268435976,0,0,0,-1,-1
85764,Cavità Vibrante,,61715,130675,0,-1,0,0,0,0,0,0,0,0,0,0,44478,0,3004,0,3,6881280,8192,268435976,0,0,0,-1,-1
85765,Cavità Vibrante,,61706,130682,0,-1,0,0,0,0,0,0,0,0,0,0,44478,0,3004,0,3,6881280,8192,268435976,0,0,0,-1,-1
85769,La Festa Deve Continuare,,60826,0,0,-1,0,0,0,0,0,0,0,0,0,0,0,0,2888,0,3,41484288,0,268447752,0,0,0,-1,-1
85771,Consegna di Giornali,,60828,0,0,-1,0,0,0,0,0,0,0,0,0,0,0,0,2888,0,3,41484288,0,268447752,0,0,0,-1,-1
85773,Spiriti a pagamento,,60830,0,0,-1,0,0,0,0,0,0,0,0,0,0,0,0,2888,0,3,41484288,0,268447752,0,0,0,-1,-1
85797,Duello all'arma bianca,,60854,0,0,-1,0,0,0,0,0,0,0,0,0,0,0,0,2888,0,3,41484288,0,268447752,0,0,0,-1,-1
85812,Attacco agli incursori,,60862,137876,0,-1,0,0,0,0,0,0,0,0,0,0,45040,109,3008,0,3,41484544,8192,0,0,0,0,-1,-1
85822,Creare un mercato,,60872,137876,0,-1,0,0,0,0,0,0,0,0,0,0,45039,109,3008,0,3,41484544,8192,0,0,0,0,-1,-1
85826,"Crocevia della ""Nonnina""",,60876,0,0,-1,0,0,0,0,0,0,0,0,0,0,0,0,2888,0,3,41484288,0,268447752,0,0,0,-1,-1
85834,Esemplari a rischio,,60880,137876,0,-1,0,0,0,0,0,0,0,0,0,0,45041,109,3008,0,3,41484544,0,0,0,0,0,-1,-1
85854,In mancanza di un nome,,60900,0,0,-1,0,0,0,0,0,0,0,0,0,0,0,0,2888,0,3,41484288,0,268447752,0,0,0,-1,-1
85855,Qualcosa da dichiarare?,,60901,137876,0,-1,0,0,0,0,0,0,0,0,0,0,45046,109,3008,0,3,41484544,8192,0,0,0,0,-1,-1
85861,Mostro del tappeto!!!,,60907,0,0,-1,0,0,0,0,0,0,0,0,0,0,0,0,2888,0,3,41484288,0,268447752,0,0,0,-1,-1
85863,Esplorazione Fasica: Strane Tempeste,,60909,137876,0,-1,0,0,0,0,0,0,0,0,0,0,45048,109,3008,0,3,41484544,8192,0,0,0,0,-1,-1
85864,Esplorazione Fasica: Laacunite Frammentata,,60910,137876,0,-1,0,0,0,0,0,0,0,0,0,0,45469,109,3008,0,3,41484544,8192,0,0,0,0,-1,-1
85874,Salvataggio del pesce rosso,,60920,0,0,-1,0,0,0,0,0,0,0,0,0,0,0,0,2888,0,3,41484288,0,268447752,0,0,0,-1,-1
85888,Licenza artistica,,60930,0,0,-1,0,0,0,0,0,0,0,0,0,0,0,0,2888,0,3,41484288,0,268447752,0,0,0,-1,-1
85913,Lavoretto: pulizie straordinarie,,60945,131392,0,-1,0,0,0,0,0,0,0,0,0,0,45177,0,2888,0,2,36700168,32768,512,0,0,0,-1,-1
85914,Lavoretto: problemi di refrigerante,,60946,131392,0,-1,0,0,0,0,0,0,0,0,0,0,45178,0,2888,0,2,40894472,32768,512,0,0,0,-1,-1
85925,Corsa a Rottadicollo - Scatto a Rotta di Collo,,60954,131194,0,-1,0,0,0,0,0,0,0,0,0,0,45075,281,2838,0,3,34144512,0,0,0,0,0,-1,-1
85926,Corsa a Rottadicollo - Scarico della Discarica,,60955,131194,0,-1,0,0,0,0,0,0,0,0,0,0,45076,281,2838,0,3,34144512,0,0,0,0,0,-1,-1
85927,Corsa a Rottadicollo - Giro del Casinò,,60956,131194,0,-1,0,0,0,0,0,0,0,0,0,0,45077,281,2838,0,3,34144512,0,0,0,0,0,-1,-1
85928,Corsa a Rottadicollo - Scatto Sabbioso,,60957,131194,0,-1,0,0,0,0,0,0,0,0,0,0,45078,281,2838,0,3,34144512,0,0,0,0,0,-1,-1
85929,Archivista Ciottolume,,60958,0,0,-1,0,0,0,0,0,0,0,0,0,0,0,0,401,0,0,33554440,0,512,0,0,0,-1,-1
85930,Archivista Ramuschio,,60959,0,0,-1,0,0,0,0,0,0,0,0,0,0,0,0,401,0,0,33554440,0,512,0,0,0,-1,-1
85931,Archivista Farolt,,60960,0,0,-1,0,0,0,0,0,0,0,0,0,0,0,0,401,0,0,33554440,0,512,0,0,0,-1,-1
85932,Archivista Silsigra,,60961,0,0,-1,0,0,0,0,0,0,0,0,0,0,0,0,401,0,0,33554440,0,512,0,0,0,-1,-1
85933,Anziano Knythall,,60962,0,0,-1,0,0,0,0,0,0,0,0,0,0,0,0,401,0,0,33554440,0,512,0,0,0,-1,-1
85934,Anziana Giuravoto,,60963,0,0,-1,0,0,0,0,0,0,0,0,0,0,0,0,401,0,0,33554440,0,512,0,0,0,-1,-1
85935,Anziana Ikk'zivan,,60964,0,0,-1,0,0,0,0,0,0,0,0,0,0,0,0,401,0,0,33554440,0,512,0,0,0,-1,-1
85936,Anziana Ikk'xataz,,60965,0,0,-1,0,0,0,0,0,0,0,0,0,0,0,0,401,0,0,33554440,0,512,0,0,0,-1,-1
85944,Lavoretto: gruppo sanguigno,,60973,131392,0,-1,0,0,0,0,0,0,0,0,0,0,45180,0,2888,0,2,36700168,32768,512,0,0,0,-1,-1
85945,Lavoretto: Smacchiasangue,,60974,131392,0,-1,0,0,0,0,0,0,0,0,0,232897,45181,0,2888,0,2,36700168,32768,512,0,0,0,-1,-1
85946,La grande evasione dei granchi,,60975,0,0,-1,0,0,0,0,0,0,0,0,0,0,0,0,2888,0,3,41484288,0,268447752,0,0,0,-1,-1
85960,"Lavoretto: presto, nell'Immanifesto",,60983,131392,0,-1,0,0,0,0,0,0,0,0,0,0,45179,0,2888,0,2,36700168,32768,512,0,0,0,-1,-1
85962,Lavoretto: reagenti strani,,60985,131392,0,-1,0,0,0,0,0,0,0,0,0,0,45182,0,2888,0,2,36700168,32768,512,0,0,0,-1,-1
86177,Lavoretto: una marea d'oro,,61102,131393,0,-1,0,0,0,0,0,0,0,0,0,0,45185,0,2888,0,2,40894472,32768,512,0,0,0,-1,-1
86178,Lavoretto: ripulire la spiaggia,,61103,131393,0,-1,0,0,0,0,0,0,0,0,0,0,45186,0,2888,0,2,40894472,32768,512,0,0,0,-1,-1
86179,Lavoretto: un botto alla Botta di Fortuna,,61104,131393,0,-1,0,0,0,0,0,0,0,0,0,0,45187,0,2888,0,2,40894472,32768,512,0,0,0,-1,-1
86180,Lavoretto: acque infestate,,61105,131393,0,-1,0,0,0,0,0,0,0,0,0,0,45188,0,2888,0,2,40894472,32768,512,0,0,0,-1,-1
86197,Senza le basi si finisce in pasto ai pesci,,61130,0,0,-1,0,0,0,0,0,0,0,0,0,0,3785,109,2814,0,3,37290016,132,8,0,0,0,-1,-1
86305,Guarda come stermino questi insetti,,61236,137876,0,-1,0,0,0,0,0,0,0,0,0,249417,45205,109,3008,0,3,7930112,8192,0,0,0,0,-1,-1
86309,La sfida del Capofondo: Goblin Prezioso,,0,0,0,-1,0,0,0,0,0,0,0,0,0,0,45206,0,2462,0,3,36765768,0,512,0,0,0,-1,-1
86311,Cumuli di problemi,,61240,0,0,-1,0,0,0,0,0,0,0,0,0,0,0,0,2888,0,3,41484288,0,268447752,0,0,0,-1,-1
86313,Pulizia dei Micciascura,,61242,0,0,-1,0,0,0,0,0,0,0,0,0,0,0,0,2888,0,3,41484288,0,268447752,0,0,0,-1,-1
86314,Melma nella corsia 3,,61243,0,0,-1,0,0,0,0,0,0,0,0,0,0,0,0,2888,0,3,41484288,0,268447752,0,0,0,-1,-1
86315,Caos nelle strade,,61244,0,0,-1,0,0,0,0,0,0,0,0,0,0,0,0,2888,0,3,41484288,0,268447752,0,0,0,-1,-1
86317,Sangue Nero via mare,,61246,0,0,-1,0,0,0,0,0,0,0,0,0,0,0,0,2888,0,3,41484288,0,268447752,0,0,0,-1,-1
86318,Problemi al portello,,61247,0,0,-1,0,0,0,0,0,0,0,0,0,0,0,0,2888,0,3,41484288,0,268447752,0,0,0,-1,-1
86319,Occhi del cielo,,61248,0,0,-1,0,0,0,0,0,0,0,0,0,0,0,0,2888,0,3,41484288,0,268447752,0,0,0,-1,-1
86320,Abbasso i bulli!,,61249,0,0,-1,0,0,0,0,0,0,0,0,0,0,0,0,2888,0,3,41484288,0,268447752,0,0,0,-1,-1
86321,Porta a porta,,61250,0,0,-1,0,0,0,0,0,0,0,0,0,0,0,0,2888,0,3,41484288,0,268447752,0,0,0,-1,-1
86337,Gallagio Garbage,,61269,0,0,-1,0,0,0,0,0,0,0,0,0,0,0,0,2992,0,3,34149376,0,8,0,0,0,-1,-1
86363,La parte migliore delle Pietre del Valore,,61295,143009,0,-1,0,0,0,0,0,0,0,0,0,0,0,0,3008,0,2,37749064,0,520,0,0,0,-1,-1
86364,Gli Emblemi Eterei,,61296,0,0,-1,0,0,0,0,0,0,0,0,0,0,0,0,3008,0,2,37749064,0,520,86363,0,0,-1,-1
86365,Trasmutazione degli emblemi,,61297,0,0,-1,0,0,0,0,0,0,0,0,0,0,0,0,3008,0,2,34603336,0,520,86364,0,0,-1,-1
86367,Schiacciare i vermi,,61298,137876,0,-1,0,0,0,0,0,0,0,0,0,0,45260,109,3008,0,3,41484544,8192,0,0,0,0,-1,-1
86372,Devastare i Desertici,,61302,137876,0,-1,0,0,0,0,0,0,0,0,0,0,45262,109,3008,0,3,41484544,8192,0,84906,0,0,-1,-1
86388,Spark - Template,,61318,0,0,-1,0,0,0,0,0,0,0,0,0,0,0,282,2888,0,2,40894464,8192,268435976,0,0,0,-1,-1
86390,Disturbo di Granstrippo,,62290,129050,0,-1,0,0,0,0,0,0,0,0,0,0,45266,283,2888,0,3,37289984,0,0,0,0,0,-1,-1
86391,Riconquistare la nostra energia,,61319,137876,0,-1,0,0,0,0,0,0,0,0,0,0,48658,109,3008,0,3,41484544,8192,0,0,0,0,-1,-1
86395,Rubare ciò che è stato rubato,,61324,137876,0,-1,0,0,0,0,0,0,0,0,0,0,45297,109,3008,0,3,41484544,8192,0,0,0,0,-1,-1
86409,Caccia tra le rupi,,61342,137876,0,-1,0,0,0,0,0,0,0,0,0,0,45306,109,3008,0,3,41484544,8192,0,0,0,0,-1,-1
86410,Domare le poltiglie,,61343,0,0,-1,0,0,0,0,0,0,0,0,0,0,0,0,2888,0,3,41484288,0,268447752,0,0,0,-1,-1
86412,Pantaloni Stravaganti,,61345,0,0,-1,0,0,0,0,0,0,0,0,0,0,0,0,2888,0,3,41484288,0,268447752,0,0,0,-1,-1
86414,Magno-Riciclatore 9000,,62268,129050,0,-1,0,0,0,0,0,0,0,0,0,0,45270,283,2888,0,3,37289984,0,0,0,0,0,-1,-1
86418,Asciugamano pulito?,,61349,0,0,-1,0,0,0,0,0,0,0,0,0,0,0,0,2888,0,3,41484288,0,268447752,0,0,0,-1,-1
86428,Volton il Caricato,,62267,129050,0,-1,0,0,0,0,0,0,0,0,0,0,45339,283,2888,0,3,37289984,0,0,0,0,0,-1,-1
86429,Esplorazione Fasica: Gli Svincolati vincolati,,61357,137876,0,-1,0,0,0,0,0,0,0,0,0,0,46703,109,3008,0,3,41484544,8192,0,0,0,0,-1,-1
86431,Mordiscarti,,62266,129050,0,-1,0,0,0,0,0,0,0,0,0,0,45342,283,2888,0,3,37289984,0,0,0,0,0,-1,-1
86447,Attacco del Divoratore: Ecosfera Primus,,61369,0,0,-1,0,0,0,0,0,0,0,0,0,0,45356,283,3007,0,3,39419968,524288,4120,0,0,0,-1,-1
86450,Tracking Quest,,61371,0,0,-1,0,0,0,0,0,0,0,0,0,0,0,0,0,0,3,36766728,0,0,0,0,0,-1,-1
86464,Attacco del Divoratore: Atrio,,61385,0,0,-1,0,0,0,0,0,0,0,0,0,0,45388,283,3007,0,3,39419968,524288,4120,0,0,0,-1,-1
86465,Attacco del Divoratore: Tazavesh,,61386,0,0,-1,0,0,0,0,0,0,0,0,0,0,45393,283,3007,0,3,39419968,524288,4120,0,0,0,-1,-1
86476,Ricordo dell'Anima del Mondo: Prime Guerre tra Cartelli,,0,122933,0,-1,0,0,0,0,0,0,0,0,0,0,0,0,2462,0,3,36765768,0,8704,0,0,0,-1,-1
86477,Ricordo dell'Anima del Mondo: Contatto con la Kaja'mite,,0,122933,0,-1,0,0,0,0,0,0,0,0,0,0,0,0,2462,0,3,36765768,0,8704,0,0,0,-1,-1
86535,Teletrasporto di prova,,61450,132606,0,-1,0,0,0,0,0,0,0,0,0,0,0,0,2888,0,2,39845896,0,552,0,0,0,-1,-1
86567,Tracking Quest,,61483,0,0,-1,0,0,0,0,0,0,0,0,0,0,0,0,0,0,3,36701184,128,8,0,0,0,-1,-1
86568,Tracking Quest,,61484,0,0,-1,0,0,0,0,0,0,0,0,0,0,0,0,0,0,3,36701184,128,8,0,0,0,-1,-1
86569,Tracking Quest,,61485,0,0,-1,0,0,0,0,0,0,0,0,0,0,0,0,0,0,3,36701184,128,8,0,0,0,-1,-1
86570,Tracking Quest,,61486,0,0,-1,0,0,0,0,0,0,0,0,0,0,0,0,0,0,3,36701184,128,8,0,0,0,-1,-1
86571,Tracking Quest,,61487,0,0,-1,0,0,0,0,0,0,0,0,0,0,0,0,0,0,3,36701184,128,8,0,0,0,-1,-1
86572,Tracking Quest,,61488,0,0,-1,0,0,0,0,0,0,0,0,0,0,0,0,0,0,3,36701184,128,8,0,0,0,-1,-1
86573,Tracking Quest,,61489,0,0,-1,0,0,0,0,0,0,0,0,0,0,0,0,0,0,3,36701184,128,8,0,0,0,-1,-1
86584,Sopraffarli con del Riposo obbligatorio,,61498,137876,0,-1,0,0,0,0,0,0,0,0,0,0,45446,109,3008,0,3,37290240,8192,0,84967,0,0,-1,-1
86610,Né Vuoto della Notte,,61522,137876,0,-1,0,0,0,0,0,0,0,0,0,0,45461,109,3008,0,3,37290240,0,512,84967,0,0,-1,-1
86645,Hidden Quest [DNT],,61553,0,0,-1,65536,0,0,0,0,0,0,0,0,0,0,265,3321,0,3,41484288,0,8200,93061,0,0,-1,-1
86696,Ri-distruzione d'Ombra,,61591,137876,0,-1,0,0,0,0,0,0,0,0,0,0,45526,109,3008,0,3,37290240,8192,0,85037,0,0,-1,-1
86707,La rinascita della Guardia dell'Ombra,,61602,137876,0,-1,0,0,0,0,0,0,0,0,0,0,47755,109,3008,0,3,37290240,8192,512,84967,0,0,-1,-1
86709,Mana dal cielo,,61604,137876,0,-1,0,0,0,0,0,0,0,0,0,0,45536,109,3008,0,3,41484544,8192,0,85037,0,0,-1,-1
86728,Operazione: Paratoia: liberarsi dei rifiuti,,61623,135171,0,-1,0,0,0,0,0,0,0,0,0,0,0,81,2718,0,2,36700424,0,512,0,0,0,-1,-1
86800,Spazzali via,,61686,137876,0,-1,0,0,0,0,0,0,0,0,0,0,45648,109,3008,0,3,37290240,8192,512,0,0,0,-1,-1
86810,Mietere il Vuoto,,61696,139380,0,-1,0,0,0,0,0,0,0,0,0,0,50662,0,4311,0,2,40894472,8192,268435968,0,0,0,-1,-1
86817,Antro Sommerso,,61712,0,0,-1,0,0,0,0,0,0,0,0,0,0,0,0,3004,0,3,2098176,0,268435464,0,0,0,-1,-1
86821,Esplorazione Fasica: Malati e alla deriva,,61719,137876,0,-1,0,0,0,0,0,0,0,0,0,0,45675,109,3008,0,3,41484544,8192,0,0,0,0,-1,-1
86822,Un'ultima reliquia,,61720,0,0,-1,0,0,0,0,0,0,0,0,0,0,0,0,3088,0,2,37748744,8192,512,89338,0,0,-1,-1
86823,L'Orda Oscura,,61721,0,0,-1,0,0,0,0,0,0,0,0,0,0,0,0,3088,0,2,38797320,4202496,512,86822,0,0,-1,-1
86824,Che non ne rimanga nemmeno uno,,61722,0,0,-1,0,0,0,0,0,0,0,0,0,239130,0,0,3088,0,2,38797320,4202496,512,86822,0,0,-1,-1
86825,Servo fedele di una causa persa,,61723,0,0,-1,0,0,0,0,0,0,0,0,0,0,0,0,3088,0,2,38797320,4202496,512,86822,0,0,-1,-1
86826,Nagosh lo Sfregiato,,61724,0,0,-1,0,0,0,0,0,0,0,0,0,0,0,0,3088,0,2,38797320,0,512,91391,0,0,-1,-1
86827,Riconoscimento dovuto,,61725,0,0,-1,0,0,0,0,0,0,0,0,0,0,0,0,3088,0,2,40894472,0,512,91391,0,0,-1,-1
86828,Non caccia solo Troll,,61726,0,0,-1,5,0,0,0,0,0,0,0,0,0,0,0,3088,0,2,38797320,2,512,86826,86827,91842,-1,-1
86829,Un momento storico,,61727,0,0,-1,1,0,0,0,0,0,0,0,0,0,0,0,3088,0,2,37748744,4,512,86830,86831,0,-1,-1
86830,Una vera orda dell'Orda Oscura,,61728,0,0,-1,0,0,0,0,0,0,0,0,0,0,0,0,3088,0,2,38797320,4202496,512,86828,0,0,-1,-1
86831,Guerrieri senza una guida,,61729,0,0,-1,0,0,0,0,0,0,0,0,0,0,0,0,3088,0,2,38797320,4202496,512,86828,0,0,-1,-1
86832,Una degna forgia,,61730,0,0,-1,0,0,0,0,0,0,0,0,61731,0,0,0,3088,0,2,55574536,4202496,512,91726,0,0,-1,-1
86833,La ricostruzione di un baluardo,,61731,0,0,-1,0,0,0,0,0,0,0,0,0,0,0,0,3088,0,2,37748744,8196,524800,91726,0,0,-1,-1
86837,Incontro al Pozzo Solare,,61735,0,0,-1,0,0,0,0,0,0,0,0,0,0,0,0,3088,0,2,40894472,4194304,512,89193,0,0,-1,-1
86838,Rinvigorire gli esausti,,61736,0,0,-1,0,0,0,0,0,0,0,0,0,237811,0,0,3088,0,2,309461000,4194304,512,86837,0,0,-1,-1
86839,Reliquie della Cappella della Luce,,61737,0,0,-1,0,0,0,0,0,0,0,0,0,0,0,0,3088,0,2,40894472,8192,512,86838,0,0,-1,-1
86840,Un barlume di speranza,,61738,0,0,-1,0,0,0,0,0,0,0,0,0,0,0,0,3088,0,2,40894472,4202496,512,86839,0,0,-1,-1
86841,Reliquie di paladini antichi,,61739,0,0,-1,0,0,0,0,0,0,0,0,0,0,0,0,3088,0,2,40894472,4202496,512,86840,0,0,-1,-1
86842,Potere scarlatto,,61740,0,0,-1,1,0,0,0,0,0,0,0,0,0,0,0,3088,0,2,36700168,4202496,512,86840,86841,0,-1,-1
86843,Abuso della Luce,,61741,0,0,-1,0,0,0,0,0,0,0,0,0,0,0,0,3088,0,2,40894472,8192,512,86842,0,0,-1,-1
86844,Luce riconvertita,,61742,0,0,-1,0,0,0,0,0,0,0,0,0,0,0,0,3088,0,2,40894472,8192,512,86842,0,0,-1,-1
86845,Il cammino dei Campioni del Sole,,61743,0,0,-1,0,0,0,0,0,0,0,0,0,0,0,0,3088,0,2,40894472,8192,512,86902,0,0,-1,-1
86846,Rifornire i fornitori,,61744,0,0,-1,0,0,0,0,0,0,0,0,0,0,0,0,3088,0,2,40894472,0,512,86845,0,0,-1,-1
86869,Esplorazione Fasica: I sabotatori di Shan'dorah,,61768,137876,0,-1,0,0,0,0,0,0,0,0,0,0,45668,109,3008,0,3,41484544,8192,0,0,0,0,-1,-1
86872,Esplorazione Fasica: Sterminio sperimentale,,61770,137876,0,-1,0,0,0,0,0,0,0,0,0,0,45670,109,3008,0,3,41484544,8192,0,0,0,0,-1,-1
86874,Sradicamento della Luce,,61772,137402,0,-1,0,0,0,0,0,0,0,0,0,0,0,0,3087,0,3,37289984,0,0,0,0,0,-1,-1
86902,Consegnare le reliquie,,61800,0,0,-1,1,0,0,0,0,0,0,0,0,0,0,0,3088,0,2,37748744,4194304,512,86843,86844,0,-1,-1
86903,L'Arcantina,,61801,0,0,-1,0,0,0,0,0,0,0,0,0,248131,0,0,3088,0,2,309461000,4194304,1049088,86833,0,0,-1,-1
86909,Spiriti irrequieti,,61807,0,0,-1,0,0,0,0,0,0,0,0,0,0,3785,0,3087,0,2,41484288,8192,512,0,0,0,-1,-1
86938,Perforazioni del vuoto,,61836,142958,0,-1,0,0,0,0,0,0,0,0,0,0,49791,109,3098,0,3,37290240,0,512,0,0,0,-1,-1
86939,Spina del Crepuscolo,,61837,142958,0,-1,0,0,0,0,0,0,0,0,0,235663,49792,109,3098,0,3,37290240,0,512,0,0,0,-1,-1
86941,Infusione elementale,,61839,142958,0,-1,0,0,0,0,0,0,0,0,0,0,49793,109,3098,0,3,37290240,0,512,0,0,0,-1,-1
86943,Giù con la trivella,,61841,129748,0,-1,0,0,0,0,0,0,0,0,0,0,45708,115,2888,0,3,37290240,0,0,0,0,0,-1,-1
86945,Scorte nell'ombra,,61843,142958,0,-1,0,0,0,0,0,0,0,0,0,0,49794,109,3098,0,3,37290240,0,512,0,0,0,-1,-1
86947,"Minuscolo, costoso e letale",,61845,129748,0,-1,0,0,0,0,0,0,0,0,0,0,45709,115,2888,0,3,37290240,0,0,0,0,0,-1,-1
86948,Legami del Crepuscolo,,61846,142958,0,-1,0,0,0,0,0,0,0,0,0,0,49795,109,3098,0,3,37290240,0,512,0,0,0,-1,-1
86949,Compagni di ciurma leali,,61847,129748,0,-1,0,0,0,0,0,0,0,0,0,0,45710,115,2888,0,3,37290240,0,0,0,0,0,-1,-1
86951,Ascesi in discesa,,61848,142958,0,-1,0,0,0,0,0,0,0,0,0,0,49796,109,3098,0,3,37290240,0,512,0,0,0,-1,-1
86952,Arraffa la blatta,,61849,129748,0,-1,0,0,0,0,0,0,0,0,0,0,45711,115,2888,0,3,37290240,0,0,0,0,0,-1,-1
86957,La vendetta di Drakgor,,61851,142958,0,-1,0,0,0,0,0,0,0,0,0,0,49797,109,3098,0,3,37290240,0,512,0,0,0,-1,-1
86959,Prigionieri Occhiotruce,,61853,142958,0,-1,0,0,0,0,0,0,0,0,0,0,49798,109,3098,0,3,37290240,0,512,0,0,0,-1,-1
86996,Luoghi oscuri,,61888,0,0,-1,0,0,0,0,0,0,0,0,0,0,0,0,3084,0,3,36700160,0,0,86536,0,0,-1,-1
87001,Mandato: Energia Devastante,,64886,139388,0,-1,131073,0,0,0,0,0,0,0,0,0,0,0,3008,0,2,40960000,8192,268435976,87405,90807,0,-1,-1
87007,Gallagio Garbage,,61894,0,0,-1,0,0,0,0,0,0,0,0,0,0,0,0,2860,0,3,37295104,0,8,0,0,0,-1,-1
87308,Alba del Crepuscolo,,62190,142958,0,-1,0,0,0,0,0,0,0,0,0,0,0,284,3098,0,2,36732936,0,520,0,0,0,-1,-1
87327,La resilienza di chi accetta la sfida,,62207,134280,0,-1,0,0,0,0,0,0,0,0,0,0,0,282,2888,0,2,36700160,0,268435969,0,0,0,-1,-1
87342,Onora il Falò,Onora il Falò sull'Isola di Dorn.,62217,9484,0,-1,0,0,0,0,0,0,0,0,0,0,0,0,394,0,2,2097152,0,512,0,0,0,-1,-1
87343,Mandato: Sciagura Vacua,,64884,139388,0,-1,131073,0,0,0,0,0,0,0,0,0,0,0,3008,0,2,7405568,8192,268435976,87001,90807,0,-1,-1
87344,Una minaccia importante,,64299,145662,0,-1,0,0,0,0,0,0,0,0,0,0,0,0,3008,0,2,40894464,8192,268435976,0,0,0,-1,-1
87345,Mandato: Xy'vox il Contorto,,64887,139388,0,-1,65536,0,0,0,0,0,0,0,0,0,0,0,3008,0,2,39911424,8192,268435976,90807,0,0,-1,-1
87348,Tracking Quest,,62220,0,0,-1,0,0,0,0,0,0,0,0,0,0,0,0,3008,0,3,37848072,8192,0,0,0,0,-1,-1
87350,Abbondanza: Covo Intrecciato ai Loa,,0,136693,0,-1,0,0,0,0,0,0,0,0,0,0,0,0,7443,0,3,36765768,0,270848,0,0,0,-1,-1
87351,Tracking Quest,,62221,0,0,-1,0,0,0,0,0,0,0,0,0,0,0,0,0,0,3,36766728,0,0,0,0,0,-1,-1
87354,"Reshanor, lo Slegato",,62224,137876,0,-1,0,0,0,0,0,0,0,0,0,0,0,289,3009,0,3,37323072,0,8,0,0,0,-1,-1
87355,Onora il Falò,Onora il Falò di Mezza Estate ai Precipizi Sacri.,62225,9484,0,-1,0,0,0,0,0,0,0,0,0,0,0,0,394,0,2,2097152,0,512,0,0,0,-1,-1
87356,Onora il Falò,Onora il Falò di Mezza Estate ad Azj-Kahet.,62226,9484,0,-1,0,0,0,0,0,0,0,0,0,0,0,0,394,0,2,2097152,0,512,0,0,0,-1,-1
87357,Onora il Falò,Onora il Falò di Mezza Estate nelle Profondità Risonanti.,62227,9484,0,-1,0,0,0,0,0,0,0,0,0,0,0,0,394,0,2,2097152,0,512,0,0,0,-1,-1
87375,Tracking Quest,,62241,0,0,-1,0,0,0,0,0,0,0,0,0,0,0,0,0,0,3,36766728,0,0,0,0,0,-1,-1
87546,Mandato: Torba Viola,,64885,139388,0,-1,131073,0,0,0,0,0,0,0,0,0,0,0,3008,0,2,40960000,8192,268435976,87345,90807,0,-1,-1
87569,Pausa legalmente richiesta,,62415,0,0,-1,0,0,0,0,0,0,0,0,0,0,0,0,2888,0,3,41484288,8192,268447752,0,0,0,-1,-1
87582,Scorribande: sito della follia,,62428,135171,0,-1,0,0,0,0,0,0,0,0,0,0,0,288,2888,0,2,36700424,0,512,0,0,0,-1,-1
87583,Scorribande: il succo del canale,,62429,135171,0,-1,0,0,0,0,0,0,0,0,0,0,0,288,2888,0,2,36700424,0,512,0,0,0,-1,-1
87588,Compatta quel pattume,,62434,0,0,-1,0,0,0,0,0,0,0,0,0,0,0,0,2888,0,3,41484288,0,268447752,0,0,0,-1,-1
87759,Vuoto incapsulato,,62477,139380,0,-1,0,0,0,0,0,0,0,0,0,0,49745,113,3313,0,3,6881536,8192,512,0,0,0,-1,-1
88679,Faccia a faccia con l'inaspettato,,63395,139380,0,-1,0,0,0,0,0,0,0,0,0,0,49751,113,3313,0,3,6881536,8192,512,0,0,0,-1,-1
88771,Alfa Intrecciati ai Loa!,,0,136693,0,-1,0,0,0,0,0,0,0,0,0,0,0,0,3321,0,3,41484288,8192,512,0,0,0,-1,-1
88772,Resti di mammut!,,0,136693,0,-1,0,0,0,0,0,0,0,0,0,0,0,0,3321,0,3,41484288,8192,512,0,0,0,-1,-1
88774,Energia esaurita,,63458,137876,0,-1,0,0,0,0,0,0,0,0,0,0,46223,109,3008,0,3,41484544,8192,0,0,0,0,-1,-1
88804,Sconfiggi il Grezzaminiera!,,0,136693,0,-1,0,0,0,0,0,0,0,0,0,0,0,0,3321,0,3,41484288,8192,512,0,0,0,-1,-1
88818,Spazzatore di Vuoto,,63482,137876,0,-1,0,0,0,0,0,0,0,0,0,0,46237,109,3008,0,3,41484544,8192,0,0,0,0,-1,-1
88902,Esplorazione Fasica: Anime irrequiete,,63564,137876,0,-1,0,0,0,0,0,0,0,0,0,0,46279,109,3008,0,3,41484544,8192,0,0,0,0,-1,-1
88904,Esplorazione Fasica: Potrebbe essere qualunque cosa,,63566,137876,0,-1,0,0,0,0,0,0,0,0,0,0,46282,109,3008,0,3,41484544,8192,0,0,0,0,-1,-1
88992,Maestria predetta,,63651,139380,0,-1,0,0,0,0,0,0,0,0,0,0,49748,113,3313,0,3,6881536,8192,512,0,0,0,-1,-1
89018,Cliente fedele: argento,,63677,132350,0,-1,0,0,0,0,0,0,0,0,0,0,0,0,2832,0,0,39845888,8320,520,0,0,0,-1,-1
89241,"In alto, e ancora più su",,63897,137876,0,-1,0,0,0,0,0,0,0,0,0,0,46627,113,2888,0,3,6881536,8192,0,0,0,0,-1,-1
89251,Si parte!,,63906,132358,0,-1,0,0,0,0,0,0,0,0,0,0,0,0,2832,0,0,39845888,8320,520,0,0,0,-1,-1
89252,Devi tirarti su?,,63907,132352,0,-1,0,0,0,0,0,0,0,0,0,0,0,0,2832,0,0,39845888,8320,520,0,0,0,-1,-1
89267,Entità misteriosa,,63916,139380,0,-1,0,0,0,0,0,0,0,0,0,0,49744,113,3313,0,3,6881536,8192,512,0,0,0,-1,-1
89274,Il brutto specchio,,63923,137876,0,-1,0,0,0,0,0,0,0,0,0,0,46761,109,3008,0,3,41484544,8192,0,0,0,0,-1,-1
89288,Esplorazione Fasica: Spezzavarchi Tza'akir,,63937,137876,0,-1,0,0,0,0,0,0,0,0,0,0,46764,109,3008,0,3,41484544,8192,0,0,0,0,-1,-1
89289,Favore della Corte,,63938,142445,0,-1,0,0,0,0,0,0,0,0,0,0,0,0,7442,0,2,573603840,0,512,0,0,0,-1,-1
89291,Esplorazione Fasica: Spezzavoti Desamirah,,63940,137876,0,-1,0,0,0,0,0,0,0,0,0,0,46765,109,3008,0,3,41484544,8192,0,0,0,0,-1,-1
89293,Incarico speciale: In Ombra,,63942,137876,0,-1,0,0,0,0,0,0,0,0,0,0,46766,286,3008,0,3,41484544,8192,0,91193,0,0,-1,-1
89294,Incarico speciale: Viste allineate,,63943,137876,0,-1,0,0,0,0,0,0,0,0,0,0,46767,286,3008,0,3,41484544,8192,0,91203,0,0,-1,-1
89338,Strumenti di pace al posto di lame da guerra,,63988,0,0,-1,1,0,0,0,0,0,0,0,0,0,0,0,3088,0,2,40894472,0,512,86846,91000,0,-1,-1
89347,Superare l'ignoto: Errante Crivellato di Rabbia,,63997,139380,0,-1,0,0,0,0,0,0,0,0,0,0,49749,278,3313,0,3,6881536,8192,512,0,0,0,-1,-1
89377,Caccia sotto copertura,,64024,139380,0,-1,0,0,0,0,0,0,0,0,0,0,49746,113,3313,0,3,6881536,8192,0,0,0,0,-1,-1
89440,Proteggere il fianco,,64090,137464,0,-1,0,0,0,0,0,0,0,0,0,0,0,0,3592,0,3,34275328,0,268435968,86807,0,0,-1,-1
89441,Ripulire il ponte,,64091,138053,0,-1,0,0,0,0,0,0,0,0,0,0,0,0,3592,0,3,34275328,0,268435968,0,0,0,-1,-1
89476,Ricerca Infinita,,0,137527,0,-1,0,0,0,0,0,0,0,0,0,0,0,284,3382,0,3,104333312,0,4203016,0,0,0,-1,-1
89490,Mandato: Raccoglitore Arcano So'zer,,64882,139388,0,-1,131073,0,0,0,0,0,0,0,0,0,0,0,3008,0,2,39911424,8192,268435976,87343,90807,0,-1,-1
89569,Necrohexxer Raz'ka,,64215,0,0,-1,0,0,0,0,0,0,0,0,0,0,0,0,4282,0,3,34149632,0,8,0,0,0,-1,-1
89570,The Snapping Scourge,,64216,0,0,-1,0,0,0,0,0,0,0,0,0,0,0,0,4282,0,3,34149632,0,8,0,0,0,-1,-1
89571,Skullcrusher Harak,,64217,0,0,-1,0,0,0,0,0,0,0,0,0,0,0,0,4282,0,3,34149632,0,8,0,0,0,-1,-1
89572,Elder Oaktalon,,64218,0,0,-1,0,0,0,0,0,0,0,0,0,0,0,0,4282,0,3,34149632,0,8,0,0,0,-1,-1
89573,Depthborn Eelamental,,64219,0,0,-1,0,0,0,0,0,0,0,0,0,0,0,0,4282,0,3,34149632,0,8,0,0,0,-1,-1
89575,Lightwood Borer,,64221,0,0,-1,0,0,0,0,0,0,0,0,0,0,0,0,4281,0,3,34149632,0,8,0,0,0,-1,-1
89577,Unleashed Tempest,,64223,0,0,-1,0,0,0,0,0,0,0,0,0,0,0,0,4281,0,3,34149632,0,8,0,0,0,-1,-1
89578,Spinefrill,,64224,0,0,-1,0,0,0,0,0,0,0,0,0,0,0,0,4281,0,3,34149632,0,8,0,0,0,-1,-1
89579,Oophaga,,64225,0,0,-1,0,0,0,0,0,0,0,0,0,0,0,0,4281,0,3,34149632,0,8,0,0,0,-1,-1
89580,Tiny Vermin,,64226,0,0,-1,0,0,0,0,0,0,0,0,0,0,0,0,4281,0,3,34149632,0,8,0,0,0,-1,-1
89581,Voidtouched Crustacean,,64227,0,0,-1,0,0,0,0,0,0,0,0,0,0,0,0,4281,0,3,34149632,0,8,0,0,0,-1,-1
89583,The Devouring Invader,,64228,0,0,-1,0,0,0,0,0,0,0,0,0,0,0,0,4281,0,3,34149632,0,8,0,0,0,-1,-1
90128,Bara Furfanti!,,0,136693,0,-1,0,0,0,0,0,0,0,0,0,0,0,0,3321,0,3,41484288,8192,512,0,0,0,-1,-1
90467,Storie del cielo,,64321,148400,0,-1,0,0,0,0,0,0,0,0,0,0,0,0,3087,0,2,40894472,8192,512,0,0,0,-1,-1
90488,M.A.G.N.O.,,64342,0,0,-1,0,0,0,0,0,0,0,0,0,0,0,0,2860,0,3,34178048,0,8,0,0,0,-1,-1
90489,Giovante,,64343,0,0,-1,0,0,0,0,0,0,0,0,0,0,0,0,2860,0,3,34178048,0,8,0,0,0,-1,-1
90490,Voltstrike,,64344,0,0,-1,0,0,0,0,0,0,0,0,0,0,0,0,2860,0,3,34178048,0,8,0,0,0,-1,-1
90491,Scrapchewer,,64345,0,0,-1,0,0,0,0,0,0,0,0,0,0,0,0,2860,0,3,34178048,0,8,0,0,0,-1,-1
90492,Darkfuse Precipitant,,64346,0,0,-1,0,0,0,0,0,0,0,0,0,0,0,0,2860,0,3,34178048,0,8,0,0,0,-1,-1
90533,Vai a prendere Orweyna!,,64611,148399,0,-1,0,0,0,0,0,0,0,0,0,0,0,0,3087,0,2,41025544,0,1049088,0,0,0,-1,-1
90536,La storia della Protezione di Wey'nan,,64614,136537,0,-1,0,0,0,0,0,0,0,0,0,0,0,0,3087,0,3,41484352,8192,12800,0,0,0,-1,-1
90583,Shadowhowl,,64664,0,0,-1,0,0,0,0,0,0,0,0,0,0,0,0,2860,0,3,34149376,0,8,0,0,0,-1,-1
90584,Xarran the Binder,,64665,0,0,-1,0,0,0,0,0,0,0,0,0,0,0,0,2860,0,3,34149376,0,8,0,0,0,-1,-1
90585,Sha'ryth the Cursed,,64666,0,0,-1,0,0,0,0,0,0,0,0,0,0,0,0,2860,0,3,34149376,0,8,0,0,0,-1,-1
90586,Korgorath the Ravager,,64667,0,0,-1,0,0,0,0,0,0,0,0,0,0,0,0,2860,0,3,34149376,0,8,0,0,0,-1,-1
90587,"""Chowdar""",,64668,0,0,-1,0,0,0,0,0,0,0,0,0,0,0,0,2860,0,3,34149376,0,8,0,0,0,-1,-1
90588,Morgil the Netherspawn,,64669,0,0,-1,0,0,0,0,0,0,0,0,0,0,0,0,2860,0,3,34149376,0,8,0,0,0,-1,-1
90589,The Nightreaver,,64670,0,0,-1,0,0,0,0,0,0,0,0,0,0,0,0,2860,0,3,34149376,0,8,0,0,0,-1,-1
90590,Prototype Mk-V,,64671,0,0,-1,0,0,0,0,0,0,0,0,0,0,0,0,2860,0,3,34149376,0,8,0,0,0,-1,-1
90591,Revenant of the Wasteland,,64672,0,0,-1,0,0,0,0,0,0,0,0,0,0,0,0,2860,0,3,34149376,0,8,0,0,0,-1,-1
90592,Stalker of the Wastes,,64673,0,0,-1,0,0,0,0,0,0,0,0,0,0,0,0,2860,0,3,34149376,0,8,0,0,0,-1,-1
90593,Urmag,,64674,0,0,-1,0,0,0,0,0,0,0,0,0,0,0,0,2860,0,3,34149376,0,8,0,0,0,-1,-1
90594,Maw of the Sands,,64675,0,0,-1,0,0,0,0,0,0,0,0,0,0,0,0,2860,0,3,34178048,0,8,0,0,0,-1,-1
90595,Orith the Dreadful,,64676,0,0,-1,0,0,0,0,0,0,0,0,0,0,0,0,2860,0,3,34178048,0,8,0,0,0,-1,-1
90596,Ixthar the Unblinking,,64677,0,0,-1,0,0,0,0,0,0,0,0,0,0,0,0,2860,0,3,34178048,0,8,0,0,0,-1,-1
90663,Rubare in casa,,64744,138496,0,-1,0,0,0,0,0,0,0,0,0,0,0,0,3008,0,2,39845896,8192,520,0,0,0,-1,-1
90672,Xarran the Binder,,64753,0,0,-1,0,0,0,0,0,0,0,0,0,0,0,0,2860,0,3,34178048,128,8,0,0,0,-1,-1
90673,Sha'ryth the Cursed,,64754,0,0,-1,0,0,0,0,0,0,0,0,0,0,0,0,2860,0,3,34178048,128,8,0,0,0,-1,-1
90674,Shadowhowl,,64755,0,0,-1,0,0,0,0,0,0,0,0,0,0,0,0,2860,0,3,34178048,128,8,0,0,0,-1,-1
90675,Korgorath the Ravager,,64756,0,0,-1,0,0,0,0,0,0,0,0,0,0,0,0,2860,0,3,34178048,128,8,0,0,0,-1,-1
90676,"""Chowdar""",,64757,0,0,-1,0,0,0,0,0,0,0,0,0,0,0,0,2860,0,3,34178048,128,8,0,0,0,-1,-1
90677,Morgil the Netherspawn,,64758,0,0,-1,0,0,0,0,0,0,0,0,0,0,0,0,2860,0,3,34178048,128,8,0,0,0,-1,-1
90678,The Nightreaver,,64759,0,0,-1,0,0,0,0,0,0,0,0,0,0,0,0,2860,0,3,34178048,128,8,0,0,0,-1,-1
90679,Prototype Mk-V,,64760,0,0,-1,0,0,0,0,0,0,0,0,0,0,0,0,2860,0,3,34178048,128,8,0,0,0,-1,-1
90680,Revenant of the Wasteland,,64761,0,0,-1,0,0,0,0,0,0,0,0,0,0,0,0,2860,0,3,34178048,128,8,0,0,0,-1,-1
90681,Stalker of the Wastes,,64762,0,0,-1,0,0,0,0,0,0,0,0,0,0,0,0,2860,0,3,34178048,128,8,0,0,0,-1,-1
90682,Urmag,,64763,0,0,-1,0,0,0,0,0,0,0,0,0,0,0,0,2860,0,3,34178048,128,8,0,0,0,-1,-1
90683,Maw of the Sands,,64764,0,0,-1,0,0,0,0,0,0,0,0,0,0,0,0,2860,0,3,34178048,128,8,0,0,0,-1,-1
90684,Orith the Dreadful,,64765,0,0,-1,0,0,0,0,0,0,0,0,0,0,0,0,2860,0,3,34178048,128,8,0,0,0,-1,-1
90685,Ixthar the Unblinking,,64766,0,0,-1,0,0,0,0,0,0,0,0,0,0,0,0,2860,0,3,34178048,128,8,0,0,0,-1,-1
90687,Shatterpulse,,64768,0,0,-1,0,0,0,0,0,0,0,0,0,0,0,0,2860,0,3,34178048,0,8,0,0,0,-1,-1
90688,Shatterpulse,,64769,0,0,-1,0,0,0,0,0,0,0,0,0,0,0,0,2860,0,3,34178048,128,8,0,0,0,-1,-1
90689,Hollowbane,,64770,0,0,-1,0,0,0,0,0,0,0,0,0,0,0,0,2860,0,3,34178048,0,8,0,0,0,-1,-1
90691,Hollowbane,,64772,0,0,-1,0,0,0,0,0,0,0,0,0,0,0,0,2860,0,3,34178048,128,8,0,0,0,-1,-1
90692,Purple Peat,,64773,0,0,-1,0,0,0,0,0,0,0,0,0,0,0,0,2860,0,3,34178048,0,8,0,0,0,-1,-1
90693,Purple Peat,,64774,0,0,-1,0,0,0,0,0,0,0,0,0,0,0,0,2860,0,3,34178048,128,8,0,0,0,-1,-1
90694,Xy'vox the Twisted,,64775,0,0,-1,0,0,0,0,0,0,0,0,0,0,0,0,2860,0,3,34178048,0,8,0,0,0,-1,-1
90695,Xy'vox the Twisted,,64776,0,0,-1,0,0,0,0,0,0,0,0,0,0,0,0,2860,0,3,34178048,128,8,0,0,0,-1,-1
90696,Arcana-Monger Iz'zer,,64777,0,0,-1,0,0,0,0,0,0,0,0,0,0,0,0,2860,0,3,34178048,0,8,0,0,0,-1,-1
90697,Arcana-Monger Iz'zer,,64778,0,0,-1,0,0,0,0,0,0,0,0,0,0,0,0,2860,0,3,34178048,128,8,0,0,0,-1,-1
90698,Grubber,,64779,0,0,-1,0,0,0,0,0,0,0,0,0,0,0,0,2860,0,3,34178048,0,8,0,0,0,-1,-1
90699,Grubber,,64780,0,0,-1,0,0,0,0,0,0,0,0,0,0,0,0,2860,0,3,34178048,128,8,0,0,0,-1,-1
90725,Tracking Quest,,64802,0,0,-1,0,0,0,0,0,0,0,0,0,0,0,0,3008,0,3,33559816,0,8,0,0,0,-1,-1
90729,Situazione vantaggiosa per tutti,,64803,137876,0,-1,131073,0,0,0,0,0,0,0,0,0,0,0,3008,0,2,39845888,8192,520,90663,90725,0,-1,-1
90733,Ascoltare la storia,,64806,146720,0,-1,0,0,0,0,0,0,0,0,0,0,0,0,3087,0,2,36700168,0,524800,0,0,0,-1,-1
90734,In nome della Dea,,64807,146721,0,-1,0,0,0,0,0,0,0,0,0,0,0,0,3087,0,2,36700168,0,512,90733,0,0,-1,-1
90741,Ritorno nella Fenditura,,64814,146722,0,-1,0,0,0,0,0,0,0,0,0,0,0,0,3087,0,2,40894472,4194304,524800,90740,0,0,-1,-1
90747,Il blucefalo sbagliato,,64820,137876,0,-1,131073,0,0,0,0,0,0,0,0,0,0,0,3008,0,2,39845888,8192,520,90729,90725,0,-1,-1
90769,A tu per blu,,64838,137876,0,-1,0,0,0,0,0,0,0,0,0,0,0,0,3008,0,2,40894464,8192,520,90770,0,0,-1,-1
90770,Griftah come grinta,,64839,137876,0,-1,131073,0,0,0,0,0,0,0,0,0,0,0,3008,0,2,39845888,8192,520,90773,90725,0,-1,-1
90773,Non di solo pane,,64841,137876,0,-1,131073,0,0,0,0,0,0,0,0,0,0,0,3008,0,2,39845888,8192,520,90747,90725,0,-1,-1
90805,Sundereth the Caller,,64873,0,0,-1,0,0,0,0,0,0,0,0,0,0,0,0,4284,0,3,34149632,0,8,0,0,0,-1,-1
90849,Spettacolo luminoso,,64921,137464,0,-1,0,0,0,0,0,0,0,0,0,0,0,0,3592,0,3,34275328,0,268435968,86807,0,0,-1,-1
90889,La storia degli echi di Sai'alyo,,64959,140215,0,-1,0,0,0,0,0,0,0,0,0,0,0,0,3087,0,3,41484288,8192,8704,0,0,0,-1,-1
90957,Giorno di iniziazione,,65023,148993,0,-1,0,0,0,0,0,0,0,0,0,0,0,0,863,0,2,40894464,8192,520,0,0,0,-1,-1
90958,Radici prima di tutto,,65024,0,0,-1,0,0,0,0,0,0,0,0,0,0,0,0,863,0,2,40894464,8192,9437704,90957,0,0,-1,-1
90959,Compiti tradizionali,,65025,0,0,-1,0,0,0,0,0,0,0,0,0,0,0,0,863,0,2,40894464,8192,520,90958,0,0,-1,-1
90960,"La mia storia, il mio retaggio",,65026,0,0,-1,0,0,0,0,0,0,0,0,0,0,0,0,863,0,2,40894464,8192,520,90959,0,0,-1,-1
90961,Stranieri in terra straniera,,65027,0,0,-1,0,0,0,0,0,0,0,0,0,0,0,0,863,0,2,40894464,8192,520,90960,0,0,-1,-1
90962,Assalto di Buferion,,65028,150461,0,-1,0,0,0,0,0,0,0,0,0,0,0,136,4311,0,3,37847368,8256,268435976,0,0,0,-1,-1
90995,Il futuro del Vilmartello,,65060,0,0,2048,0,0,0,0,0,0,0,0,0,0,0,0,3380,0,2,577765376,10496,268435976,89418,0,0,-1,-1
90999,Quest Tracking,,65064,0,0,-1,0,0,0,0,0,0,0,0,0,0,0,0,0,0,3,36701184,0,8,0,0,0,-1,-1
91000,Un umile servitore,,65065,0,0,-1,0,0,0,0,0,0,0,0,0,0,0,0,3088,0,2,40894472,0,512,86845,0,0,-1,-1
91040,Ramovile rancorosi,,65102,140183,0,-1,0,0,0,0,0,0,0,0,0,0,0,0,3086,0,3,37290240,0,33280,0,0,0,-1,-1
91047,Eruundi,,65109,0,0,-1,0,0,0,0,0,0,0,0,0,0,0,0,4284,0,3,34149632,0,8,0,0,0,-1,-1
91048,Tremora,,65110,0,0,-1,0,0,0,0,0,0,0,0,0,0,0,0,4284,0,3,34149632,0,8,0,0,0,-1,-1
91050,Territorial Voidscythe,,65112,0,0,-1,0,0,0,0,0,0,0,0,0,0,0,0,4284,0,3,34149632,0,8,0,0,0,-1,-1
91051,Nightbrood,,65113,0,0,-1,0,0,0,0,0,0,0,0,0,0,0,0,4284,0,3,34149632,0,8,0,0,0,-1,-1
91061,Caos Infinito,,65121,140308,0,-1,0,0,0,0,0,0,0,0,0,246808,0,282,4468,0,2,305135624,0,520,0,0,0,-1,-1
91072,The Decaying Diamondback,,65129,0,0,-1,0,0,0,0,0,0,0,0,0,0,0,0,4281,0,3,34149632,0,8,0,0,0,-1,-1
91073,Ash'an the Empowered,,65130,0,0,-1,0,0,0,0,0,0,0,0,0,0,0,0,4281,0,3,34149632,0,8,0,0,0,-1,-1
91093,Non è solo una fase,,65150,146031,0,-1,0,0,0,0,0,0,0,0,0,0,0,0,4159,0,2,36733192,0,512,89345,0,0,-1,-1
91174,Mrrlokk,,65231,0,0,-1,0,0,0,0,0,0,0,0,0,0,0,0,4282,0,3,34149632,0,8,0,0,0,-1,-1
91194,Malek'ta the Jaws of Oblivion,,65251,0,0,-1,0,0,0,0,0,0,0,0,0,0,0,0,2860,0,3,34149632,0,8,0,0,0,-1,-1
91195,"Heka'tamos, the Elemental Disjunction",,65252,0,0,-1,0,0,0,0,0,0,0,0,0,0,0,0,2860,0,3,34149632,0,8,0,0,0,-1,-1
91207,Preda: Predatore alfa,,65261,141752,0,-1,0,0,0,0,0,0,0,0,0,0,50714,295,5224,0,3,41484544,8192,0,0,0,0,-1,-1
91273,Tracking Quest,,65327,0,0,-1,0,0,0,0,0,0,0,0,0,0,0,0,0,0,3,36701184,128,8,0,0,0,-1,-1
91275,Malek'ta,,65329,0,0,-1,0,0,0,0,0,0,0,0,0,0,0,0,2860,0,3,34149376,0,8,0,0,0,-1,-1
91276,Heka'tamos,,65330,0,0,-1,0,0,0,0,0,0,0,0,0,0,0,0,2860,0,3,34149376,0,8,0,0,0,-1,-1
91286,Korgoth the Hungerer,,65339,0,0,-1,0,0,0,0,0,0,0,0,0,0,0,0,2860,0,3,34178048,0,8,0,0,0,-1,-1
91287,Soroth Miasmawrath,,65340,0,0,-1,0,0,0,0,0,0,0,0,0,0,0,0,2860,0,3,34178048,0,8,0,0,0,-1,-1
91289,The Harvester,,65342,0,0,-1,0,0,0,0,0,0,0,0,0,0,0,0,2860,0,3,34178048,0,8,0,0,0,-1,-1
91290,The Wallbreaker,,65343,0,0,-1,0,0,0,0,0,0,0,0,0,0,0,0,2860,0,3,34178048,0,8,0,0,0,-1,-1
91293,Sthaarbs,,65346,0,0,-1,0,0,0,0,0,0,0,0,0,0,0,0,2860,0,3,34178048,0,8,0,0,0,-1,-1
91297,Raptolinfa Fiordiloa!,,0,136693,0,-1,0,0,0,0,0,0,0,0,0,0,0,0,3321,0,3,41484288,8192,512,0,0,0,-1,-1
91299,Boccioli di Fiordiloa!,,0,136693,0,-1,0,0,0,0,0,0,0,0,0,0,0,0,3321,0,3,41484288,8192,512,0,0,0,-1,-1
91300,Patarospi Fuggiaschi!,,0,136693,0,-1,0,0,0,0,0,0,0,0,0,0,0,0,3321,0,3,41484288,8192,512,0,0,0,-1,-1
91302,Abbondanza: Selva dell'Abbondanza,,0,142116,0,-1,0,0,0,0,0,0,0,0,0,0,0,0,7443,0,3,36765768,0,270848,0,0,0,-1,-1
91309,Korgoth the Hungerer,,65353,0,0,-1,0,0,0,0,0,0,0,0,0,0,0,0,2860,0,3,34178048,128,8,0,0,0,-1,-1
91310,Soroth Miasmawrath,,65354,0,0,-1,0,0,0,0,0,0,0,0,0,0,0,0,2860,0,3,34178048,128,8,0,0,0,-1,-1
91311,The Harvester,,65355,0,0,-1,0,0,0,0,0,0,0,0,0,0,0,0,2860,0,3,34178048,128,8,0,0,0,-1,-1
91312,The Wallbreaker,,65356,0,0,-1,0,0,0,0,0,0,0,0,0,0,0,0,2860,0,3,34178048,128,8,0,0,0,-1,-1
91375,Il silenzio di Fungara,,65400,148418,0,-1,0,0,0,0,0,0,0,0,65401,0,0,0,3087,0,2,40894472,8192,512,0,0,0,-1,-1
91390,Incarico Speciale: quel che resta di un tempio distrutto,,65415,139380,0,-1,0,0,0,0,0,0,0,0,0,0,48927,286,4568,0,3,41484608,8192,512,94865,0,0,-1,-1
91391,La perlustrazione prosegue,,65416,0,0,-1,5,0,0,0,0,0,0,0,0,0,0,0,3088,0,2,37748744,4194304,512,86823,86824,86825,-1,-1
91395,Tracking Quest,,65418,0,0,-1,0,0,0,0,0,0,0,0,0,0,0,0,0,0,3,36701184,128,8,0,0,0,-1,-1
91419,Dominazione elementale,,65440,139380,0,-1,0,0,0,0,0,0,0,0,0,0,49750,113,3313,0,3,6881536,8192,512,0,0,0,-1,-1
91423,[DO NOT USE],,65444,0,0,-1,0,0,0,0,0,0,0,0,0,0,0,0,2860,0,3,34178048,128,8,0,0,0,-1,-1
91427,Dissacrazioni di Mausoloa!,,0,136693,0,-1,0,0,0,0,0,0,0,0,0,0,0,0,3321,0,3,41484288,8192,512,0,0,0,-1,-1
91429,Sarcofagi di Mausoloa!,,0,136693,0,-1,0,0,0,0,0,0,0,0,0,0,0,0,3321,0,3,41484288,8192,512,0,0,0,-1,-1
91430,Arti Fuggiaschi!,,0,136693,0,-1,0,0,0,0,0,0,0,0,0,0,0,0,3321,0,3,41484288,8192,512,0,0,0,-1,-1
91431,Sthaarbs,,65446,0,0,-1,0,0,0,0,0,0,0,0,0,0,0,0,2860,0,3,34178048,128,8,0,0,0,-1,-1
91433,Korgoth the Hungerer,,65448,0,0,-1,0,0,0,0,0,0,0,0,0,0,0,0,2860,0,3,34178048,128,8,0,0,0,-1,-1
91434,Soroth Miasmawrath,,65449,0,0,-1,0,0,0,0,0,0,0,0,0,0,0,0,2860,0,3,34178048,128,8,0,0,0,-1,-1
91435,The Harvester,,65450,0,0,-1,0,0,0,0,0,0,0,0,0,0,0,0,2860,0,3,34178048,128,8,0,0,0,-1,-1
91436,The Wallbreaker,,65451,0,0,-1,0,0,0,0,0,0,0,0,0,0,0,0,2860,0,3,34178048,128,8,0,0,0,-1,-1
91457,Abbondanza: Cripte di Watha'nan,,0,145016,0,-1,0,0,0,0,0,0,0,0,0,0,0,0,7443,0,3,36765768,0,270848,0,0,0,-1,-1
91458,Preda: Caccia persistente,,65471,141752,0,-1,0,0,0,0,0,0,0,0,0,0,50716,295,5224,0,3,41484544,8192,0,0,0,0,-1,-1
91468,Tracking Quest,,65480,0,0,-1,0,0,0,0,0,0,0,0,0,0,0,0,2860,0,3,34149376,128,8,0,0,0,-1,-1
91469,Tracking Quest,,65481,0,0,-1,0,0,0,0,0,0,0,0,0,0,0,0,2860,0,3,34149376,0,8,0,0,0,-1,-1
91470,Tracking Quest,,65482,0,0,-1,0,0,0,0,0,0,0,0,0,0,0,0,2860,0,3,34149376,0,8,0,0,0,-1,-1
91471,Tracking Quest,,65483,0,0,-1,0,0,0,0,0,0,0,0,0,0,0,0,2860,0,3,34149376,0,8,0,0,0,-1,-1
91472,Tracking Quest,,65484,0,0,-1,0,0,0,0,0,0,0,0,0,0,0,0,2860,0,3,34149376,0,8,0,0,0,-1,-1
91473,Tracking Quest,,65485,0,0,-1,0,0,0,0,0,0,0,0,0,0,0,0,2860,0,3,34149376,0,8,0,0,0,-1,-1
91474,Tracking Quest,,65486,0,0,-1,0,0,0,0,0,0,0,0,0,0,0,0,2860,0,3,34149376,0,8,0,0,0,-1,-1
91475,Abbondanza: Concavuota dell'Abbondanza,,0,142285,0,-1,0,0,0,0,0,0,0,0,0,0,0,0,7443,0,3,3211336,0,270848,0,0,0,-1,-1
91476,Oltre le linee nemiche,,65489,139942,0,-1,0,0,0,0,0,0,0,0,0,0,0,62,3228,0,2,40370176,8320,520,0,0,0,-1,-1
91477,Oltre le linee nemiche II,,65490,139947,0,-1,0,0,0,0,0,0,0,0,0,0,0,62,3228,0,2,40370176,8320,520,0,0,0,-1,-1
91478,Oltre le linee nemiche III,,65491,139951,0,-1,0,0,0,0,0,0,0,0,0,0,0,62,3228,0,2,40370176,8320,520,0,0,0,-1,-1
91479,Oltre le linee nemiche IV,,65492,139954,0,-1,0,0,0,0,0,0,0,0,0,0,0,62,3228,0,2,40370176,8320,520,0,0,0,-1,-1
91480,Oltre le linee nemiche V,,65493,139956,0,-1,0,0,0,0,0,0,0,0,0,0,0,62,3228,0,2,40370176,8320,520,0,0,0,-1,-1
91490,Spegnere Teldrassil,,65502,139380,0,-1,0,0,0,0,0,0,0,0,0,0,48603,109,4567,0,3,41484544,0,0,0,0,0,-1,-1
91492,La storia del Bocciolo di Aln'hara,,65503,142260,0,-1,0,0,0,0,0,0,0,0,0,0,0,0,3087,0,3,41484288,8192,8704,0,0,0,-1,-1
91501,Macigni di Loanite!,,0,136693,0,-1,0,0,0,0,0,0,0,0,0,0,0,0,3321,0,3,41484288,8192,512,0,0,0,-1,-1
91502,Vene di Loanite!,,0,136693,0,-1,0,0,0,0,0,0,0,0,0,0,0,0,3321,0,3,41484288,8192,512,0,0,0,-1,-1
91503,Cristalli Fuggiaschi!,,0,136693,0,-1,0,0,0,0,0,0,0,0,0,0,0,0,3321,0,3,41484288,8192,512,0,0,0,-1,-1
91506,La storia della prima Shul'ka e la fiamma,,65514,142995,0,-1,0,0,0,0,0,0,0,0,0,0,0,0,3087,0,3,41484288,8192,8704,0,0,0,-1,-1
91507,La storia di Russula,,65515,144203,0,-1,0,0,0,0,0,0,0,0,0,0,0,0,3087,0,3,41484288,8192,8704,0,0,0,-1,-1
91508,Storie di Radivie e custodi,,65516,143244,0,-1,0,0,0,0,0,0,0,0,0,0,0,0,3087,0,3,41484288,8192,8704,0,0,0,-1,-1
91509,La storia di una pietra caduta dal cielo,,65517,143705,0,-1,0,0,0,0,0,0,0,0,0,0,0,0,3087,0,3,41484288,8192,8704,0,0,0,-1,-1
91523,Preda: Minaccia nascosta,,65532,141752,0,-1,0,0,0,0,0,0,0,0,0,0,50715,295,5224,0,3,41484544,0,0,0,0,0,-1,-1
91555,Difensori della vallata,,65561,139380,0,-1,0,0,0,0,0,0,0,0,0,0,48604,109,4567,0,3,41484544,0,0,0,0,0,-1,-1
91582,Potare il reticolo,,65588,139380,0,-1,0,0,0,0,0,0,0,0,0,0,48605,109,4567,0,3,41484544,0,0,0,0,0,-1,-1
91590,Preda: Minaccia nascosta,,65596,141755,0,-1,0,0,0,0,0,0,0,0,0,0,50706,295,5224,0,3,41484544,0,0,0,0,0,-1,-1
91591,Preda: Minaccia nascosta,,65597,141754,0,-1,0,0,0,0,0,0,0,0,0,0,50709,295,5224,0,3,41484544,0,0,0,0,0,-1,-1
91592,Preda: Minaccia nascosta,,65598,141753,0,-1,0,0,0,0,0,0,0,0,0,0,50712,295,5224,0,3,41484544,0,0,0,0,0,-1,-1
91594,Preda: Caccia persistente,,65599,141755,0,-1,0,0,0,0,0,0,0,0,0,0,50707,295,5224,0,3,41484544,8192,0,0,0,0,-1,-1
91595,Preda: Caccia persistente,,65600,141754,0,-1,0,0,0,0,0,0,0,0,0,0,50710,295,5224,0,3,41484544,8192,0,0,0,0,-1,-1
91596,Preda: Caccia persistente,,65601,141753,0,-1,0,0,0,0,0,0,0,0,0,0,50713,295,5224,0,3,41484544,8192,0,0,0,0,-1,-1
91601,Preda: Predatore alfa,,65606,141755,0,-1,0,0,0,0,0,0,0,0,0,0,50705,295,5224,0,3,41484544,8192,0,0,0,0,-1,-1
91602,Preda: Predatore alfa,,65607,141754,0,-1,0,0,0,0,0,0,0,0,0,0,50708,295,5224,0,3,41484544,8192,0,0,0,0,-1,-1
91604,Preda: Predatore alfa,,65609,141753,0,-1,0,0,0,0,0,0,0,0,0,0,50711,295,5224,0,3,41484544,8192,0,0,0,0,-1,-1
91612,Ricerca Infinita,,0,142406,0,-1,0,0,0,0,0,0,0,0,0,0,0,284,3382,0,3,104333312,0,4203016,0,0,0,-1,-1
91613,Promozione nella Ricerca Infinita: Assistente celere,,65612,142407,0,-1,0,0,0,0,0,0,0,0,0,0,0,0,3426,0,0,36700160,128,520,0,0,0,-1,-1
91627,Rifugio di Saltheril,,65616,142555,0,-1,0,0,0,0,0,0,0,0,0,0,0,0,7442,0,2,40894464,0,512,0,0,0,-1,-1
91631,Progresso epocale,,65620,142443,0,-1,0,0,0,0,0,0,0,0,0,0,0,0,3382,0,0,36700160,0,520,0,0,0,-1,-1
91632,La conclusione di un viaggio epocale,,65621,145399,0,-1,0,0,0,0,0,0,0,0,0,0,0,0,3563,0,0,36700160,0,520,0,0,0,-1,-1
91634,Poacher Rav'ik,,65623,0,0,-1,0,0,0,0,0,0,0,0,0,0,0,0,4281,0,3,34149632,0,8,0,0,0,-1,-1
91640,Tracking Quest,,65629,0,0,-1,0,0,0,0,0,0,0,0,0,0,0,0,0,0,3,36701184,128,8,0,0,0,-1,-1
91642,Tracking Quest,,65631,0,0,-1,0,0,0,0,0,0,0,0,0,0,0,0,0,0,3,36701184,128,8,0,0,0,-1,-1
91643,Tracking Quest,,65632,0,0,-1,0,0,0,0,0,0,0,0,0,0,0,0,0,0,3,36701184,128,8,0,0,0,-1,-1
91644,Colline ventose,,65633,0,0,-1,0,0,0,0,0,0,0,0,0,0,48710,283,3313,0,3,37289984,0,512,0,0,0,-1,-1
91645,Tracking Quest,,65634,0,0,-1,0,0,0,0,0,0,0,0,0,0,0,0,0,0,3,36701184,128,8,0,0,0,-1,-1
91646,Tracking Quest,,65635,0,0,-1,0,0,0,0,0,0,0,0,0,0,0,0,0,0,3,36701184,128,8,0,0,0,-1,-1
91647,Tracking Quest,,65636,0,0,-1,0,0,0,0,0,0,0,0,0,0,0,0,0,0,3,36701184,128,8,0,0,0,-1,-1
91648,Tracking Quest,,65637,0,0,-1,0,0,0,0,0,0,0,0,0,0,0,0,0,0,3,36701184,128,8,0,0,0,-1,-1
91649,Tracking Quest,,65638,0,0,-1,0,0,0,0,0,0,0,0,0,0,0,0,0,0,3,36701184,128,8,0,0,0,-1,-1
91686,Tracking Quest,,65675,0,0,-1,0,0,0,0,0,0,0,0,0,0,0,0,0,0,3,36701184,128,8,0,0,0,-1,-1
91687,Tracking Quest,,65676,0,0,-1,0,0,0,0,0,0,0,0,0,0,0,0,0,0,3,36701184,128,8,0,0,0,-1,-1
91699,Tracking Quest,,65686,0,0,-1,0,0,0,0,0,0,0,0,0,0,0,0,0,0,3,36701184,0,8,0,0,0,-1,-1
91700,Oscurità disfatta,,65687,139380,0,-1,0,0,0,0,0,0,0,0,0,0,0,1,4311,0,2,40927240,8192,268435968,0,0,0,-1,-1
91726,Una forza inarrestabile,,65713,0,0,-1,0,0,0,0,0,0,0,0,0,0,0,0,3088,0,2,37748744,4,512,86829,0,0,-1,-1
91759,Non portarlo qui,,65742,142958,0,-1,0,0,0,0,0,0,0,0,0,0,49799,109,3098,0,3,37290240,0,512,0,0,0,-1,-1
91776,Granmartello liberi,,65757,142958,0,-1,0,0,0,0,0,0,0,0,0,0,49800,109,3098,0,3,41484544,0,512,0,0,0,-1,-1
91778,"Troppo profondo, troppo scuro",,65759,142958,0,-1,0,0,0,0,0,0,0,0,0,0,49801,109,3098,0,3,37290240,0,512,0,0,0,-1,-1
91779,Addestramento al combattimento per cultisti,,65760,142958,0,-1,0,0,0,0,0,0,0,0,0,0,49802,109,3098,0,3,37290240,0,512,0,0,0,-1,-1
91785,Aspetta e spora,,65766,139380,0,-1,0,0,0,0,0,0,0,0,0,0,48606,109,4567,0,3,41484544,0,0,0,0,0,-1,-1
91787,La fine del viaggio,,65767,0,0,-1,0,0,0,0,0,0,0,0,0,0,0,0,3088,0,2,41025544,4202496,512,86903,0,0,-1,-1
91789,Apocron,,65817,143176,0,-1,0,0,0,0,0,0,0,0,0,0,48873,144,335,0,3,37290304,0,268435456,0,0,0,-1,-1
91790,Brutallus,,65820,143176,0,-1,0,0,0,0,0,0,0,0,0,0,48872,144,335,0,3,37290304,0,268435456,0,0,0,-1,-1
91791,Malificus,,65819,143176,0,-1,0,0,0,0,0,0,0,0,0,0,48871,144,335,0,3,37290304,0,268435456,0,0,0,-1,-1
91792,Si'vash,,65818,143176,0,-1,0,0,0,0,0,0,0,0,0,0,48870,144,335,0,3,37290304,0,268435456,0,0,0,-1,-1
91795,Mandare all'aria la chiamata,,65771,142958,0,-1,0,0,0,0,0,0,0,0,0,0,0,284,3098,0,2,36732936,0,520,0,0,0,-1,-1
91796,Incarico Speciale: di nuovo nostro!,,65772,139380,0,-1,0,0,0,0,0,0,0,0,0,0,48928,286,4568,0,3,41484544,8192,512,94866,0,0,-1,-1
91798,Pesce del giorno,,65774,139380,0,-1,0,0,0,0,0,0,0,0,0,0,48930,109,4568,0,3,37290240,0,0,0,0,0,-1,-1
91799,Prova di volo,,65775,139380,0,-1,0,0,0,0,0,0,0,0,0,0,48931,109,4568,0,3,37290240,8192,0,0,0,0,-1,-1
91800,Pericolo ereditario incombente,,65776,139380,0,-1,0,0,0,0,0,0,0,0,0,0,48932,109,4568,0,3,37290240,0,0,0,0,0,-1,-1
91801,Flagello del Crepuscolo,,65777,139380,0,-1,0,0,0,0,0,0,0,0,0,0,48934,109,4568,0,3,37290240,0,0,0,0,0,-1,-1
91802,I bocconi migliori sono gli insetti di palude,,65778,139380,0,-1,0,0,0,0,0,0,0,0,0,0,48935,109,4568,0,3,37290240,0,0,0,0,0,-1,-1
91803,Minaccia della palude,,65779,139380,0,-1,0,0,0,0,0,0,0,0,0,0,48936,109,4568,0,3,37290240,0,0,0,0,0,-1,-1
91804,Pesce per il fuoco,,65780,139380,0,-1,0,0,0,0,0,0,0,0,0,0,48937,109,4568,0,3,37290240,0,0,0,0,0,-1,-1
91805,Rami nei cunicoli,,65781,139380,0,-1,0,0,0,0,0,0,0,0,0,0,48938,109,4568,0,3,37290240,0,0,0,0,0,-1,-1
91806,Caccia grossa,,65782,139380,0,-1,0,0,0,0,0,0,0,0,0,0,48939,109,4568,0,3,37290240,0,0,0,0,0,-1,-1
91807,Rami spezzati,,65783,139380,0,-1,0,0,0,0,0,0,0,0,0,0,48940,109,4568,0,3,37290240,0,0,0,0,0,-1,-1
91808,Recupero di risorse,,65784,139380,0,-1,0,0,0,0,0,0,0,0,0,238962,48926,109,4568,0,3,41484544,0,0,0,0,0,-1,-1
91809,Velocità marina,,65785,139380,0,-1,0,0,0,0,0,0,0,0,0,0,48941,109,4568,0,3,37290240,0,0,0,0,0,-1,-1
91810,Banchetto di Cinghiale Urticante,,65786,139380,0,-1,0,0,0,0,0,0,0,0,0,0,48942,109,4568,0,3,41484544,0,0,0,0,0,-1,-1
91811,Uno specchio bruciato,,65787,139380,0,-1,0,0,0,0,0,0,0,0,0,0,48943,109,4568,0,3,41484544,0,0,0,0,0,-1,-1
91841,Tracking Quest,,65821,0,0,-1,0,0,0,0,0,0,0,0,0,0,0,0,3322,0,3,36701184,0,8,0,0,0,-1,-1
91844,Promozione nella Ricerca Infinita: Annalista ad honorem,,65824,143302,0,-1,0,0,0,0,0,0,0,0,0,0,0,0,3426,0,0,36700160,128,520,91613,0,0,-1,-1
91845,Promozione nella Ricerca Infinita: Annalista capo senior,,65825,143303,0,-1,0,0,0,0,0,0,0,0,0,0,0,0,3426,0,0,36700160,128,520,91844,0,0,-1,-1
91846,InvestigatorePromozione nella Ricerca Infinita: Detective principale della cronoindagine,,65826,143304,0,-1,0,0,0,0,0,0,0,0,0,0,0,0,3426,0,0,36700160,128,520,91845,0,0,-1,-1
91847,Ricerca Infinita,,0,143305,0,-1,0,0,0,0,0,0,0,0,0,0,0,284,3382,0,3,104333312,0,4203016,0,0,0,-1,-1
91848,Ricerca Infinita,,0,143306,0,-1,0,0,0,0,0,0,0,0,0,0,0,284,3382,0,3,104333312,0,4203016,0,0,0,-1,-1
91849,Ricerca Infinita,,0,143307,0,-1,0,0,0,0,0,0,0,0,0,0,0,284,3382,0,3,104333312,0,4203016,0,0,0,-1,-1
91927,Un calcio alla melma,,65884,139380,0,-1,0,0,0,0,0,0,0,0,0,0,48607,109,4567,0,3,41484544,0,0,0,0,0,-1,-1
91928,Cosa c'è per pranzo?,,65885,147656,0,-1,131073,0,0,0,0,0,0,0,0,0,0,0,4311,0,2,39846144,8192,268435968,54781,91931,0,-1,-1
91929,Cosa c'è per pranzo?,,65886,147656,0,-1,131073,0,0,0,0,0,0,0,0,0,0,0,4311,0,2,39846144,8192,268435968,91928,91931,0,-1,-1
91930,Le terre dell'Abbondanza,,65887,139380,0,-1,0,0,0,0,0,0,0,0,0,0,0,0,7443,0,2,40894472,0,520,0,0,0,-1,-1
91932,Il risveglio dell'Abbondanza,,65889,140165,0,-1,0,0,0,0,0,0,0,0,0,0,0,0,7443,0,2,40894472,8192,520,91930,0,0,-1,-1
91933,L'onore dell'Abbondanza,,65890,140165,0,-1,0,0,0,0,0,0,0,0,0,252608,0,0,7443,0,2,36700168,0,520,91932,0,0,-1,-1
91937,Ritratti nella vallata,,65893,139380,0,-1,0,0,0,0,0,0,0,0,0,0,49009,109,4567,0,3,40435968,8192,512,0,0,0,-1,-1
91966,Serata di Saltheril,,65925,0,0,-1,0,0,0,0,0,0,0,0,0,0,0,0,3321,0,3,37294080,0,0,89290,0,0,-1,-1
91970,RICERCATO: Gelatonius,,65929,148400,0,-1,0,0,0,0,0,0,0,0,0,0,49077,1,5915,0,2,40894472,8192,268435968,0,0,0,-1,-1
91980,RICERCATO: Spina di Ellebora,,65939,148400,0,-1,0,0,0,0,0,0,0,0,0,0,49078,1,5915,0,2,40894472,8192,268435968,0,0,0,-1,-1
91981,Avvelenare e curare,,65940,139380,0,-1,0,0,0,0,0,0,0,0,0,0,48608,109,4567,0,3,37290240,0,0,0,0,0,-1,-1
91982,RICERCATO: Petali di Ranombra,,65941,148400,0,-1,0,0,0,0,0,0,0,0,0,0,49079,1,5915,0,2,40894472,8192,268435968,0,0,0,-1,-1
91998,RICERCATO: viticci soffocanti di Fangolercio,,65957,148400,0,-1,0,0,0,0,0,0,0,0,0,0,49080,1,5915,0,2,40894472,8192,268435968,0,0,0,-1,-1
92012,RICERCATO: Chele di Sventrapunta,,65971,148400,0,-1,0,0,0,0,0,0,0,0,0,0,49082,1,5915,0,2,40894472,8192,268435968,0,0,0,-1,-1
92013,RICERCATO: zannaspine di Dionaea,,65972,148400,0,-1,0,0,0,0,0,0,0,0,0,0,49083,1,5915,0,2,40894472,8192,268435968,0,0,0,-1,-1
92018,x.x Testing (YGR),,65977,0,0,-1,0,0,0,0,0,0,0,0,0,0,0,286,3008,0,3,41484288,8192,0,0,0,0,-1,-1
92034,Thorm'belan,,65990,139380,0,-1,0,0,0,0,0,0,0,0,0,0,49063,289,4907,0,3,41484608,8192,520,0,0,0,-1,-1
92062,Occuparsi delle radici,,66018,139380,0,-1,0,0,0,0,0,0,0,0,0,0,48609,109,4567,0,3,41484544,8192,512,0,0,0,-1,-1
92063,Incarico speciale: il rimpianto di un cacciatore,,66019,155068,0,-1,0,0,0,0,0,0,0,0,0,0,48623,286,4567,0,3,41484544,8192,512,94390,0,0,-1,-1
92085,Con gli artigli e con i denti,,66040,153758,0,-1,0,0,0,0,0,0,0,0,0,0,49065,109,4567,0,3,41484544,8192,512,0,0,0,-1,-1
92086,Un assaggio di accordo,,66041,139380,0,-1,0,0,0,0,0,0,0,0,0,0,49066,109,4567,0,3,41484544,8192,512,0,0,0,-1,-1
92105,Carta canta!,,66060,139380,0,-1,0,0,0,0,0,0,0,0,0,0,49345,109,4569,0,3,40435968,8192,0,0,0,0,-1,-1
92119,Bruciatura dei Fioramari,,66071,139380,0,-1,0,0,0,0,0,0,0,0,0,0,48610,109,4567,0,3,40435968,8192,512,0,0,0,-1,-1
92120,Capire la magia,,66072,139380,0,-1,0,0,0,0,0,0,0,0,0,0,49842,109,4569,0,3,40435968,8192,0,0,0,0,-1,-1
92121,Il grande mondo esterno,,66073,139380,0,-1,0,0,0,0,0,0,0,0,0,0,49574,109,4569,0,3,40435968,8192,0,0,0,0,-1,-1
92122,Sotto le vele del sole,,66074,139380,0,-1,0,0,0,0,0,0,0,0,0,0,49112,109,4569,0,3,40435968,8192,512,0,0,0,-1,-1
92123,Rupizio,,66075,161685,0,-1,0,0,0,0,0,0,0,0,0,0,49114,289,4281,0,3,37290304,0,8,0,0,0,-1,-1
92136,Infusioni di speranza,,66119,0,0,-1,1,0,0,0,0,0,0,0,61800,0,0,0,3088,0,2,57671688,4202496,512,86843,86844,0,-1,-1
92138,Mobilitare! Arruolare! Reclutare!,,66121,139380,0,-1,0,0,0,0,0,0,0,0,0,0,49157,109,4569,0,3,41615616,8192,512,0,0,0,-1,-1
92139,Incarico speciale: ombra e artigli,,66122,155068,0,-1,0,0,0,0,0,0,0,0,0,0,49123,286,4569,0,3,41484544,8192,512,95435,0,0,-1,-1
92140,Incarichi di sradicamento,,66123,139380,0,-1,0,0,0,0,0,0,0,0,0,0,49121,109,4569,0,3,41484544,8192,0,0,0,0,-1,-1
92141,Le classiche minacce,,66124,139380,0,-1,0,0,0,0,0,0,0,0,0,0,49122,109,4569,0,3,41484544,8192,0,0,0,0,-1,-1
92143,Riallocazione Arcana,,66126,139380,0,-1,0,0,0,0,0,0,0,0,0,269606,49209,109,4569,0,3,41484544,8192,0,0,0,0,-1,-1
92144,Niente abusivi,,66127,139380,0,-1,0,0,0,0,0,0,0,0,0,0,49278,109,4569,0,3,41484544,8192,0,0,0,0,-1,-1
92145,Incarico speciale: la bevanda del Gran Magistro,,66128,155068,0,-1,0,0,0,0,0,0,0,0,0,0,49636,286,4569,0,3,41484544,8192,512,92848,0,0,-1,-1
92146,Zona di contenimento,,66129,139380,0,-1,0,0,0,0,0,0,0,0,0,0,49342,109,4569,0,3,41484544,8192,0,0,0,0,-1,-1
92149,Morte al Crepuscolo,,66132,139380,0,-1,0,0,0,0,0,0,0,0,0,0,49124,111,4569,0,3,41484544,8192,0,0,0,0,-1,-1
92150,Una brezza su Brezzaserena,,66133,153037,0,-1,0,0,0,0,0,0,0,0,0,0,49125,109,4569,0,3,41484544,8192,0,0,0,0,-1,-1
92152,Combattere la Fioritura,,66135,139380,0,-1,0,0,0,0,0,0,0,0,0,0,49127,109,4569,0,3,41484544,8192,0,0,0,0,-1,-1
92153,La luna al crepuscolo,,66136,139380,0,-1,0,0,0,0,0,0,0,0,0,0,49128,109,4569,0,3,41484544,8192,0,0,0,0,-1,-1
92160,Caos tra i pulcini,,66143,139380,0,-1,0,0,0,0,0,0,0,0,0,0,49129,109,4569,0,3,41484544,8192,0,0,0,0,-1,-1
92162,Un patapalato raffinato,,66145,152897,0,-1,0,0,0,0,0,0,0,0,0,0,48625,109,4569,0,3,41484544,0,0,0,0,0,-1,-1
92184,Raccolta di Patagirini,,66167,139380,0,-1,0,0,0,0,0,0,0,0,0,0,48616,109,4567,0,3,40435968,8192,512,0,0,0,-1,-1
92195,Scendere,,66179,139380,0,-1,0,0,0,0,0,0,0,0,0,0,49224,109,4569,0,3,41484544,8192,512,0,0,0,-1,-1
92364,Supporto solare,,66338,139380,0,-1,0,0,0,0,0,0,0,0,0,250854,49253,109,4569,0,3,41484544,8192,512,0,0,0,-1,-1
92365,Creare le difese,,66339,139380,0,-1,0,0,0,0,0,0,0,0,0,0,0,0,4311,0,2,40894472,8192,268435968,0,0,0,-1,-1
92407,Nascondiglio Nascosto,,66379,139380,0,-1,0,0,0,0,0,0,0,0,0,251284,50661,0,4311,0,2,40894472,8192,268435968,0,0,0,-1,-1
92447,Pescatori dell'Abisso,,0,144909,0,-1,0,0,0,0,0,0,0,0,0,0,0,0,3321,0,3,36765768,0,8704,0,0,0,-1,-1
92546,Predatori incombenti,,66504,139380,0,-1,0,0,0,0,0,0,0,0,0,0,49452,109,3321,0,3,37290240,0,0,0,0,0,-1,-1
92549,Vuoto dall'alto,,66506,139380,0,-1,0,0,0,0,0,0,0,0,0,0,49454,109,3321,0,3,37290240,0,0,0,0,0,-1,-1
92555,Onora il Falò,Onora il Falò di Mezza Estate a Tranquillien nei Boschi di Cantoeterno.,66512,9484,0,-1,0,0,0,0,0,0,0,0,0,0,0,0,394,0,2,2097152,0,520,0,0,0,-1,-1
92556,Onora il Falò,Onora il Falò di Mezza Estate a Lunargenta.,66513,9484,0,-1,0,0,0,0,0,0,0,0,0,0,0,0,394,0,2,2097152,0,520,0,0,0,-1,-1
92557,Onora il Falò,Onora il Falò di Mezza Estate a Zul'aman.,66514,9484,0,-1,0,0,0,0,0,0,0,0,0,0,0,0,394,0,2,2097152,0,520,0,0,0,-1,-1
92558,Onora il Falò,Onora il Falò di Mezza Estate alla Tempesta del Vuoto.,66515,9484,0,-1,0,0,0,0,0,0,0,0,0,0,0,0,394,0,2,2097152,0,520,0,0,0,-1,-1
92559,Onora il Falò,Onora il Falò di Mezza Estate ad Harandar.,66516,9484,0,-1,0,0,0,0,0,0,0,0,0,0,0,0,394,0,2,2097152,0,520,0,0,0,-1,-1
92560,Lu'ashal,,66517,139379,0,-1,0,0,0,0,0,0,0,0,0,0,49484,289,4907,0,3,37290304,0,8,0,0,0,-1,-1
92566,Armatedell'oscurità,,66522,139380,0,-1,0,0,0,0,0,0,0,0,0,0,49529,109,3321,0,3,37290240,0,0,0,0,0,-1321907123,1427461461
92571,Armatedell'oscurità,,66524,139380,0,-1,0,0,0,0,0,0,0,0,0,0,49529,109,3321,0,3,37290240,0,0,0,0,0,1309324210,-1440044374
92576,Dominare i Domanaar,,66528,139380,0,-1,0,0,0,0,0,0,0,0,0,0,49537,109,3321,0,3,37290240,0,0,0,0,0,-1,-1
92582,Applicare alle radici,,66534,139380,0,-1,0,0,0,0,0,0,0,0,0,0,48612,109,4567,0,3,37290240,0,0,0,0,0,-1,-1
92583,Fungicida,,66535,139380,0,-1,0,0,0,0,0,0,0,0,0,0,48622,109,4567,0,3,37290240,8192,0,0,0,0,-1,-1
92636,Predaxas,,66598,139380,0,-1,0,0,0,0,0,0,0,0,0,0,49633,289,4907,0,3,41484608,8192,520,0,0,0,-1,-1
92641,Tingere di sangue la pianura,,66603,145914,0,-1,0,0,0,0,0,0,0,0,0,0,0,0,3084,0,3,37289984,0,0,0,0,0,-1,-1
92714,Tracking Quest,,66674,0,0,-1,0,0,0,0,0,0,0,0,0,0,0,0,3322,0,3,36701184,128,8,0,0,0,-1,-1
92715,Solo su invito?,,66675,152747,0,-1,0,0,0,0,0,0,0,0,66697,0,20689,0,623,0,2,36700160,0,512,0,0,0,1309324210,-1440044374
92731,Artefici del conflitto,,66688,146118,0,-1,0,0,0,0,0,0,0,0,0,0,49592,109,3321,0,3,40435968,0,0,0,0,0,-1,-1
92746,La svolta nei Campi Tempestosi.,,66703,139380,0,-1,0,0,0,0,0,0,0,0,0,0,49604,109,3321,0,3,40435968,0,0,0,0,0,-1,-1
92845,Solo su invito?,,66793,152747,0,-1,0,0,0,0,0,0,0,0,66799,0,20689,0,623,0,2,36700160,0,512,0,0,0,-1321907123,1427461461
92945,Il potere dell'angoscia,,66888,0,0,-1,0,0,0,0,0,0,0,0,0,0,0,0,3321,0,2,36700160,4194304,520,92926,0,0,-1,-1
92954,Caverne di Maisara: maestra delle anime,,66897,0,0,-1,1,0,0,0,0,0,0,0,0,0,0,81,5071,0,2,40894472,4202496,512,92953,92951,0,-1,-1
93013,Incarico speciale: respingere la Luce,,66956,155068,0,-1,0,0,0,0,0,0,0,0,0,0,49834,286,4567,0,3,41484544,8192,512,94391,0,0,-1,-1
93046,Beni annidati,,66980,139380,0,-1,0,0,0,0,0,0,0,0,0,0,49864,109,4567,0,3,41484544,8192,512,0,0,0,-1,-1
93047,Basi della macellazione,,66981,146358,0,-1,0,0,0,0,0,0,0,0,0,0,0,0,3086,0,2,36700168,0,512,0,0,0,-1,-1
93048,Ci vuole ritmo,,66982,146358,0,-1,0,0,0,0,0,0,0,0,0,0,0,0,3086,0,2,40894472,8192,512,0,0,0,-1,-1
93049,Supporto per i compiti a casa,,66983,146358,0,-1,0,0,0,0,0,0,0,0,0,0,0,0,3086,0,2,36700168,0,512,0,0,0,-1,-1
93050,La storia dell'altare,,66984,146345,0,-1,0,0,0,0,0,0,0,0,0,267005,0,0,3086,0,2,40894472,0,512,0,0,0,-1,-1
93051,L'esame finale,,66985,146358,0,-1,0,0,0,0,0,0,0,0,0,0,0,0,3086,0,2,36700168,0,512,0,0,0,-1,-1
93053,Pulire l'Antro,,66986,152895,0,-1,0,0,0,0,0,0,0,0,0,0,49861,109,4567,0,3,41484544,8192,512,0,0,0,-1,-1
93067,Tracking Quest,,66998,0,0,-1,0,0,0,0,0,0,0,0,0,0,0,0,3322,0,3,36701184,128,8,0,0,0,-1,-1
93071,Marcio fino al midollo,,66999,139380,0,-1,0,0,0,0,0,0,0,0,0,0,48614,109,4567,0,3,41484544,8192,512,0,0,0,-1,-1
93130,Quest Tracking,,67057,0,0,-1,0,0,0,0,0,0,0,0,0,0,0,0,0,0,3,36701184,0,8,0,0,0,-1,-1
93144,Quest Tracking,,67071,0,0,-1,5,0,0,0,0,0,0,0,0,0,0,0,0,0,3,40895488,8192,8,93130,93145,93146,-1,-1
93145,Quest Tracking,,67072,0,0,-1,0,0,0,0,0,0,0,0,0,0,0,0,0,0,3,36701184,0,8,0,0,0,-1,-1
93146,Quest Tracking,,67073,0,0,-1,0,0,0,0,0,0,0,0,0,0,0,0,0,0,3,36701184,0,8,0,0,0,-1,-1
93244,Incarico speciale: agenti dello scudo,,67164,155068,0,-1,0,0,0,0,0,0,0,0,0,0,49606,286,3321,0,3,41615616,8192,512,94795,0,0,-1,-1
93397,Fame divorante,,67269,139380,0,-1,0,0,0,0,0,0,0,0,0,0,49594,109,3321,0,3,41484544,8192,512,0,0,0,-1,-1
93423,Scintille di Guerra: Boschi di Cantoeterno,,67293,147396,0,-1,0,0,0,0,0,0,0,0,0,0,49990,0,3313,0,2,35651592,2105344,776,0,0,0,-1,-1
93424,Scintille di Guerra: Zul'aman,,67294,147396,0,-1,0,0,0,0,0,0,0,0,0,0,49991,0,3313,0,2,35651592,2105344,776,0,0,0,-1,-1
93425,Scintille di Guerra: Harandar,,67295,147396,0,-1,0,0,0,0,0,0,0,0,0,0,49992,0,3313,0,2,35651592,2105344,776,0,0,0,-1,-1
93426,Scintille di Guerra: Tempesta del Vuoto,,67296,147396,0,-1,0,0,0,0,0,0,0,0,0,0,49993,0,3313,0,2,35651592,2105344,776,0,0,0,-1,-1
93432,Lame come aratri,,67302,146345,0,-1,0,0,0,0,0,0,0,0,0,0,0,0,3086,0,2,40894472,8192,512,93440,0,0,-1,-1
93433,Santuario sigillato e consegnato,,67303,146345,0,-1,0,0,0,0,0,0,0,0,0,0,0,0,3086,0,2,40894472,8192,512,93440,0,0,-1,-1
93435,Quattro istigatori,,67304,0,0,-1,1,0,0,0,0,0,0,0,0,0,0,0,3086,0,2,40894472,8192,512,93432,93433,0,-1,-1
93436,"Maledici gli innocenti, ostacola i colpevoli",,67305,0,0,-1,1,0,0,0,0,0,0,0,0,259967,0,0,3086,0,2,40894472,8192,512,93432,93433,0,-1,-1
93437,Nel loro stesso sangue,,67306,146345,0,-1,1,0,0,0,0,0,0,0,0,0,0,0,3086,0,2,40894472,8192,512,93435,93436,0,-1,-1
93438,Incarico speciale: escissione di precisione,,67307,155068,0,-1,0,0,0,0,0,0,0,0,0,0,49593,286,3321,0,3,41484544,8192,512,94743,0,0,-1,-1
93440,Trascorso personale,,67309,146345,0,-1,0,0,0,0,0,0,0,0,67302,0,0,0,3086,0,2,40894472,8192,512,0,0,0,-1,-1
93470,Tracking Quest,,67338,0,0,-1,0,0,0,0,0,0,0,0,0,0,0,0,0,0,3,36701184,128,8,0,0,0,-1,-1
93471,Tracking Quest,,67339,0,0,-1,0,0,0,0,0,0,0,0,0,0,0,0,0,0,3,36701184,128,8,0,0,0,-1,-1
93472,Tracking Quest,,67340,0,0,-1,0,0,0,0,0,0,0,0,0,0,0,0,0,0,3,36701184,128,8,0,0,0,-1,-1
93473,Tracking Quest,,67341,0,0,-1,0,0,0,0,0,0,0,0,0,0,0,0,0,0,3,36701184,128,8,0,0,0,-1,-1
93474,Tracking Quest,,67342,0,0,-1,0,0,0,0,0,0,0,0,0,0,0,0,0,0,3,36701184,128,8,0,0,0,-1,-1
93475,Tracking Quest,,67343,0,0,-1,0,0,0,0,0,0,0,0,0,0,0,0,0,0,3,36701184,128,8,0,0,0,-1,-1
93476,Tracking Quest,,67344,0,0,-1,0,0,0,0,0,0,0,0,0,0,0,0,0,0,3,36701184,128,8,0,0,0,-1,-1
93478,Tracking Quest,,67346,0,0,-1,0,0,0,0,0,0,0,0,0,0,0,0,0,0,3,36701184,128,8,0,0,0,-1,-1
93479,Tracking Quest,,67347,0,0,-1,0,0,0,0,0,0,0,0,0,0,0,0,0,0,3,36701184,128,8,0,0,0,-1,-1
93480,Tracking Quest,,67348,0,0,-1,0,0,0,0,0,0,0,0,0,0,0,0,0,0,3,36701184,128,8,0,0,0,-1,-1
93481,Tracking Quest,,67349,0,0,-1,0,0,0,0,0,0,0,0,0,0,0,0,0,0,3,36701184,128,8,0,0,0,-1,-1
93482,Tracking Quest,,67350,0,0,-1,0,0,0,0,0,0,0,0,0,0,0,0,0,0,3,36701184,128,8,0,0,0,-1,-1
93483,Tracking Quest,,67351,0,0,-1,0,0,0,0,0,0,0,0,0,0,0,0,0,0,3,36701184,128,8,0,0,0,-1,-1
93484,Tracking Quest,,67352,0,0,-1,0,0,0,0,0,0,0,0,0,0,0,0,0,0,3,36701184,128,8,0,0,0,-1,-1
93485,Tracking Quest,,67353,0,0,-1,0,0,0,0,0,0,0,0,0,0,0,0,0,0,3,36701184,128,8,0,0,0,-1,-1
93486,Tracking Quest,,67354,0,0,-1,0,0,0,0,0,0,0,0,0,0,0,0,0,0,3,36701184,128,8,0,0,0,-1,-1
93487,Tracking Quest,,67355,0,0,-1,0,0,0,0,0,0,0,0,0,0,0,0,0,0,3,36701184,128,8,0,0,0,-1,-1
93488,Tracking Quest,,67356,0,0,-1,0,0,0,0,0,0,0,0,0,0,0,0,0,0,3,36701184,128,8,0,0,0,-1,-1
93489,Tracking Quest,,67357,0,0,-1,0,0,0,0,0,0,0,0,0,0,0,0,0,0,3,36701184,128,8,0,0,0,-1,-1
93490,Tracking Quest,,67358,0,0,-1,0,0,0,0,0,0,0,0,0,0,0,0,0,0,3,36701184,128,8,0,0,0,-1,-1
93491,Tracking Quest,,67359,0,0,-1,0,0,0,0,0,0,0,0,0,0,0,0,0,0,3,36701184,128,8,0,0,0,-1,-1
93501,La stagione ha inizio: Midnight,,67369,142972,0,-1,0,0,0,0,0,0,0,0,0,0,0,0,3313,0,2,40894472,0,512,90806,0,0,-1,-1
93507,Disturbare il Vuoto,,67375,139380,0,-1,0,0,0,0,0,0,0,0,0,0,49597,109,4311,0,3,3735808,0,0,0,0,0,-1,-1
93511,Un membro disperso,,67379,0,0,-1,0,0,0,0,0,0,0,0,0,0,0,0,3313,0,2,573571080,0,512,93501,0,0,-1,-1
93517,Intelligenza ultraterrena,,67383,139380,0,-1,0,0,0,0,0,0,0,0,0,0,49598,109,3321,0,3,37290240,0,0,0,0,0,-1,-1
93524,Corsa nelle fosse,,67388,139380,0,-1,0,0,0,0,0,0,0,0,0,0,49607,109,3321,0,3,37290240,0,0,0,0,0,-1,-1
93525,Neutralizzare Nullaeus,,67389,0,0,-1,0,0,0,0,0,0,0,0,0,0,0,0,3313,0,2,36700168,0,512,93511,0,0,-1,-1
93554,Tracking Quest,,67418,0,0,-1,0,0,0,0,0,0,0,0,0,0,0,0,0,0,3,36701184,128,8,0,0,0,-1,-1
93556,Tracking Quest,,67420,0,0,-1,0,0,0,0,0,0,0,0,0,0,0,0,0,0,3,36701184,128,8,0,0,0,-1,-1
93557,Tracking Quest,,67421,0,0,-1,0,0,0,0,0,0,0,0,0,0,0,0,0,0,3,36701184,128,8,0,0,0,-1,-1
93558,Tracking Quest,,67422,0,0,-1,0,0,0,0,0,0,0,0,0,0,0,0,0,0,3,36701184,128,8,0,0,0,-1,-1
93559,Tracking Quest,,67423,0,0,-1,0,0,0,0,0,0,0,0,0,0,0,0,0,0,3,36701184,128,8,0,0,0,-1,-1
93569,Exalibruc,,67432,0,0,-1,0,0,0,0,0,0,0,0,0,0,0,265,3321,0,3,3735552,8192,8,0,0,0,-1,-1
93571,Dissipare le ombre,,67434,139380,0,-1,0,0,0,0,0,0,0,0,0,0,49599,109,3321,0,3,41484544,8192,512,0,0,0,-1,-1
93573,Decifrare l'oscurità,,67436,139380,0,-1,0,0,0,0,0,0,0,0,0,0,49602,109,3321,0,3,41484544,8192,512,0,0,0,-1,-1
93575,Caverne di Maisara: Maisara ha fame,,67438,146360,0,-1,0,0,0,0,0,0,0,0,0,0,0,81,3086,0,2,36700424,0,512,0,0,0,-1,-1
93577,Istinto domato,,67440,139380,0,-1,0,0,0,0,0,0,0,0,0,0,49603,109,3321,0,3,40435968,8192,512,0,0,0,-1,-1
93578,Dove si addensano le ombre,,67441,139380,0,-1,0,0,0,0,0,0,0,0,0,0,49601,109,3321,0,3,41484544,8192,512,0,0,0,-1,-1
93579,Sentiero della purificazione,,67442,139380,0,-1,0,0,0,0,0,0,0,0,0,0,49600,109,3321,0,3,41484544,8192,512,0,0,0,-1,-1
93593,Chiamata alla battaglia,,67455,34190,0,-1,0,0,0,0,0,0,0,0,0,0,0,0,4240,0,2,35684424,8388608,514,0,0,0,-1,-1
93595,Chiamata per le Scorribande,,67457,127918,0,-1,0,0,0,0,0,0,0,0,0,0,0,0,4240,0,2,35684360,0,514,90806,0,0,-1,-1
93598,Emissario di guerra,,67458,65125,0,-1,0,0,0,0,0,0,0,0,0,0,0,81,4240,0,2,35684360,0,514,0,0,0,-1,-1
93599,I migliori,,67459,34192,0,-1,0,0,0,0,0,0,0,0,0,0,0,0,4240,0,2,35684424,2176,514,0,0,0,-1,-1
93600,La chiamata dell'Arena,,67460,34193,0,-1,0,0,0,0,0,0,0,0,0,0,0,0,4240,0,2,35684424,8388608,512,0,0,0,-1,-1
93605,Il mondo attende,,67465,44419,0,-1,0,0,0,0,0,0,0,0,0,0,0,0,4240,0,2,35684360,0,514,90806,0,0,-1,-1
93648,Furberie contorte,,67506,152763,0,-1,0,0,0,0,0,0,0,0,0,0,51041,109,5381,0,3,41484288,8192,0,0,0,0,-1,-1
93649,Questione di fegato,,67507,152763,0,-1,0,0,0,0,0,0,0,0,0,0,51032,109,5381,0,3,41484544,8192,0,0,0,0,-1,-1
93651,Valle Accecante: radici della Fioritura di Luce,,67509,148145,0,-1,0,0,0,0,0,0,0,0,0,0,0,81,3086,0,2,36700424,0,512,0,0,0,-1,-1
93664,Pesce marcio,,67522,152763,0,-1,0,0,0,0,0,0,0,0,0,0,51036,109,5381,0,3,41484288,8192,512,0,0,0,-1,-1
93666,Ritorno alla Zuppa Furba,,0,148200,0,-1,0,0,0,0,0,0,0,0,0,0,0,283,5381,0,3,41484288,8192,268435976,0,0,0,-1,-1
93669,Maledizione della bramosia,,67529,152763,0,-1,0,0,0,0,0,0,0,0,0,0,51046,109,5381,0,3,41484288,8192,0,0,0,0,-1,-1
93670,E quelle mele?,,67530,152763,0,-1,0,0,0,0,0,0,0,0,0,0,51049,109,5381,0,3,41484288,8192,0,0,0,0,-1,-1
93671,Una stretta soffocante,,67531,152763,0,-1,0,0,0,0,0,0,0,0,0,0,51048,109,5381,0,3,41615360,8192,0,0,0,0,-1,-1
93672,Dare pace alla lama,,67532,152763,0,-1,0,0,0,0,0,0,0,0,0,0,51034,109,5381,0,3,41484288,8192,0,0,0,0,-1,-1
93687,Assaporare il vero potere,,67544,148249,0,-1,0,0,0,0,0,0,0,0,0,0,0,0,3313,0,0,40894464,8320,512,0,0,0,-1,-1
93744,Uniti contro il Vuoto,,67601,149827,0,-1,0,0,0,0,0,0,0,0,0,0,50434,284,4240,0,3,104333312,0,4202496,0,0,0,-1,-1
93751,Pinnacolo dei Ventolesto,,67608,149827,0,-1,0,0,0,0,0,0,0,0,0,0,50436,81,4240,0,2,36700424,0,520,0,0,0,-1,-1
93752,Traversa degli Intrighi,,67609,149827,0,-1,0,0,0,0,0,0,0,0,0,0,50437,81,4240,0,2,36700424,0,520,0,0,0,-1,-1
93753,Terrazza dei Magistri,,67610,149827,0,-1,0,0,0,0,0,0,0,0,0,0,50438,81,4240,0,2,36700424,0,520,0,0,0,-1,-1
93754,Caverne di Maisara,,67611,149827,0,-1,0,0,0,0,0,0,0,0,0,0,50439,81,4240,0,2,36700424,0,520,0,0,0,-1,-1
93755,Tana di Nalorakk,,67612,149827,0,-1,0,0,0,0,0,0,0,0,0,0,50440,81,4240,0,2,36700424,0,520,0,0,0,-1,-1
93756,Valle Accecante,,67613,149827,0,-1,0,0,0,0,0,0,0,0,0,0,50441,81,4240,0,2,36700424,0,520,0,0,0,-1,-1
93757,Arena Sfregiavuoto,,67614,149827,0,-1,0,0,0,0,0,0,0,0,0,0,50442,81,4240,0,2,36700424,0,520,0,0,0,-1,-1
93758,Punta del Nexus Xenas,,67615,149827,0,-1,0,0,0,0,0,0,0,0,0,0,50443,81,4240,0,2,36700424,0,520,0,0,0,-1,-1
93792,Benedizioni dei Loa,,67646,150612,0,-1,0,0,0,0,0,0,0,0,0,0,0,0,3086,0,2,40894472,0,512,0,0,0,-1,-1
93829,Big Mon,,67680,0,0,-1,0,0,0,0,0,0,0,0,0,0,0,0,5381,0,3,34149632,0,8,0,0,0,-1,-1
93850,Pinnacolo dei Ventolesto: melodie tormentanti,,67700,153417,0,-1,0,0,0,0,0,0,0,0,0,0,0,81,3085,0,2,40894728,0,512,0,0,0,-1,-1
93884,Bilemaw the Gluttonous,,67733,0,0,-1,0,0,0,0,0,0,0,0,0,0,0,0,4284,0,3,34149632,0,8,0,0,0,-1,-1
93895,Ravengerus,,67737,0,0,-1,0,0,0,0,0,0,0,0,0,0,0,0,4281,0,3,34149632,0,8,0,0,0,-1,-1
93896,Far'thana the Mad,,67738,0,0,-1,0,0,0,0,0,0,0,0,0,0,0,0,4281,0,3,34149632,0,8,0,0,0,-1,-1
93904,Sfida alla Gravità,,67745,139380,0,-1,1,0,0,0,0,0,0,0,0,0,49596,109,3321,0,3,7930112,8192,512,0,0,0,-1,-1
93905,Interruzioni in corso,,67746,139380,0,-1,0,0,0,0,0,0,0,0,0,0,49595,109,3321,0,3,41484544,8192,512,0,0,0,-1,-1
93934,Queen o' War,,67769,0,0,-1,0,0,0,0,0,0,0,0,0,0,0,0,4284,0,3,37295360,0,8,0,0,0,-1,-1
93944,Aeonelle Blackstar,,67779,0,0,-1,0,0,0,0,0,0,0,0,0,0,0,0,4284,0,3,34149632,0,8,0,0,0,-1,-1
93946,Bane of the Vilebloods,,67781,0,0,-1,0,0,0,0,0,0,0,0,0,0,0,0,4284,0,3,34149632,0,8,0,0,0,-1,-1
93947,Lotus Darkblossom,,67782,0,0,-1,0,0,0,0,0,0,0,0,0,0,0,0,4284,0,3,34149632,0,8,0,0,0,-1,-1
93953,Rakshur the Bonegrinder,,67788,0,0,-1,0,0,0,0,0,0,0,0,0,0,0,0,4284,0,3,34149632,0,8,0,0,0,-1,-1
93966,Screammaxa the Matriarch,,67797,0,0,-1,0,0,0,0,0,0,0,0,0,0,0,0,4284,0,3,34149632,0,8,0,0,0,-1,-1
94005,Scorte Stellari,,67829,0,0,-1,0,0,0,0,0,0,0,0,0,0,0,265,3084,0,3,34144256,0,8,0,0,0,-1,-1
94210,Impiumare il nido,,67877,0,0,-1,0,0,0,0,0,0,0,0,0,0,0,282,4285,0,2,37224448,4194432,524808,91969,0,0,-1,-1
94361,La vita nell'Abbondanza,,67878,140165,0,-1,0,0,0,0,0,0,0,0,0,0,0,0,7443,0,2,40894472,8192,520,91933,0,0,-1,-1
94379,Questo vecchio focolare,,67893,149690,0,-1,0,0,0,0,0,0,0,0,0,0,0,282,4285,0,2,36700160,4194432,524808,94210,0,0,-1,-1
94385,Assalti del Vuoto: Boschi di Cantoeterno,,67899,149634,0,-1,0,0,0,0,0,0,0,0,0,0,49149,0,3321,0,2,36700424,0,512,0,0,0,-1,-1
94386,Assalti del Vuoto: Zul'aman,,67900,154898,0,-1,0,0,0,0,0,0,0,0,0,0,49277,0,3321,0,2,36700424,0,512,0,0,0,-1,-1
94389,Tracking Quest,,67903,0,0,-1,0,0,0,0,0,0,0,0,0,0,0,0,0,0,3,36701184,0,8,0,0,0,-1,-1
94394,Tracking Quest,,67908,0,0,-1,0,0,0,0,0,0,0,0,0,0,0,0,0,0,3,36701184,0,8,0,0,0,-1,-1
94395,Tracking Quest,,67909,0,0,-1,0,0,0,0,0,0,0,0,0,0,0,0,0,0,3,36701184,0,8,0,0,0,-1,-1
94397,Tracking Quest,,67911,0,0,-1,0,0,0,0,0,0,0,0,0,0,0,0,0,0,3,36701184,0,8,0,0,0,-1,-1
94398,Tracking Quest,,67912,0,0,-1,0,0,0,0,0,0,0,0,0,0,0,0,0,0,3,36701184,0,8,0,0,0,-1,-1
94417,Emblemi dell'Alba,,67927,142396,0,-1,0,0,0,0,0,0,0,0,0,0,0,0,3313,0,2,40894792,0,520,94430,0,0,-1,-1
94418,Trasmutazione degli emblemi,,67928,142396,0,-1,0,0,0,0,0,0,0,0,0,0,0,0,3313,0,2,40894792,0,520,94432,0,0,-1,-1
94425,Sangue nel Pinnacolo,,67935,150739,0,-1,0,0,0,0,0,0,0,0,0,0,49605,111,3321,0,3,41484544,8192,0,0,0,0,-1,-1
94430,Equipaggiamento per l'Avventura,,67941,142396,0,-1,0,0,0,0,0,0,0,0,0,0,0,0,3313,0,2,40894728,0,520,0,0,0,-1,-1
94432,Equipaggiamenti da veterano,,67943,142396,0,-1,0,0,0,0,0,0,0,0,0,0,0,0,3313,0,2,40894728,0,520,94417,0,0,-1,-1
94444,Scegli un cammino,,67955,149832,0,-1,131073,0,0,0,0,0,0,0,0,0,0,0,863,0,2,40894472,8192,520,90961,94445,0,524288,0
94445,Scegli un cammino,,67956,149833,0,-1,131073,0,0,0,0,0,0,0,0,0,0,0,863,0,2,40894472,8192,520,90961,94444,0,1048576,0
94474,La Gran Banca,,67980,149994,0,-1,0,0,0,0,0,0,0,0,0,0,0,0,4240,0,2,37748736,8192,520,0,0,0,-1,-1
94506,Tracking Quest,,68007,0,0,-1,0,0,0,0,0,0,0,0,0,0,0,0,2860,0,3,34149376,128,8,0,0,0,-1,-1
94507,Tracking Quest,,68008,0,0,-1,0,0,0,0,0,0,0,0,0,0,0,0,2860,0,3,34149376,0,8,0,0,0,-1,-1
94508,Tracking Quest,,68009,0,0,-1,0,0,0,0,0,0,0,0,0,0,0,0,2860,0,3,34149376,0,8,0,0,0,-1,-1
94509,Tracking Quest,,68010,0,0,-1,0,0,0,0,0,0,0,0,0,0,0,0,2860,0,3,34149376,0,8,0,0,0,-1,-1
94510,Tracking Quest,,68011,0,0,-1,0,0,0,0,0,0,0,0,0,0,0,0,2860,0,3,34149376,0,8,0,0,0,-1,-1
94511,Tracking Quest,,68012,0,0,-1,0,0,0,0,0,0,0,0,0,0,0,0,2860,0,3,34149376,0,8,0,0,0,-1,-1
94512,Tracking Quest,,68013,0,0,-1,0,0,0,0,0,0,0,0,0,0,0,0,2860,0,3,34149376,0,8,0,0,0,-1,-1
94513,Tracking Quest,,68014,0,0,-1,0,0,0,0,0,0,0,0,0,0,0,0,2860,0,3,34149376,0,8,0,0,0,-1,-1
94514,Tracking Quest,,68015,0,0,-1,0,0,0,0,0,0,0,0,0,0,0,0,2860,0,3,34149376,0,8,0,0,0,-1,-1
94515,Tracking Quest,,68016,0,0,-1,0,0,0,0,0,0,0,0,0,0,0,0,2860,0,3,34149376,0,8,0,0,0,-1,-1
94516,Tracking Quest,,68017,0,0,-1,0,0,0,0,0,0,0,0,0,0,0,0,2860,0,3,34149376,0,8,0,0,0,-1,-1
94517,Tracking Quest,,68018,0,0,-1,0,0,0,0,0,0,0,0,0,0,0,0,2860,0,3,34149376,0,8,0,0,0,-1,-1
94518,Tracking Quest,,68019,0,0,-1,0,0,0,0,0,0,0,0,0,0,0,0,2860,0,3,34149376,0,8,0,0,0,-1,-1
94536,Tracking Quest,,68036,0,0,-1,0,0,0,0,0,0,0,0,0,0,0,0,0,0,3,33555464,128,8,0,0,0,-1,-1
94537,Tracking Quest,,68037,0,0,-1,0,0,0,0,0,0,0,0,0,0,0,0,0,0,3,33555464,128,8,0,0,0,-1,-1
94538,Tracking Quest,,68038,0,0,-1,0,0,0,0,0,0,0,0,0,0,0,0,0,0,3,33555464,128,8,0,0,0,-1,-1
94539,Tracking Quest,,68039,0,0,-1,0,0,0,0,0,0,0,0,0,0,0,0,0,0,3,33555464,128,8,0,0,0,-1,-1
94540,Tracking Quest,,68040,0,0,-1,0,0,0,0,0,0,0,0,0,0,0,0,0,0,3,33555464,128,8,0,0,0,-1,-1
94541,Tracking Quest,,68041,0,0,-1,0,0,0,0,0,0,0,0,0,0,0,0,0,0,3,33555464,128,8,0,0,0,-1,-1
94542,Tracking Quest,,68042,0,0,-1,0,0,0,0,0,0,0,0,0,0,0,0,0,0,3,33555464,128,8,0,0,0,-1,-1
94543,Tracking Quest,,68043,0,0,-1,0,0,0,0,0,0,0,0,0,0,0,0,0,0,3,33555464,128,8,0,0,0,-1,-1
94544,Tracking Quest,,68044,0,0,-1,0,0,0,0,0,0,0,0,0,0,0,0,0,0,3,33555464,128,8,0,0,0,-1,-1
94545,Tracking Quest,,68045,0,0,-1,0,0,0,0,0,0,0,0,0,0,0,0,0,0,3,33555464,128,8,0,0,0,-1,-1
94546,Tracking Quest,,68046,0,0,-1,0,0,0,0,0,0,0,0,0,0,0,0,0,0,3,33555464,128,8,0,0,0,-1,-1
94547,Tracking Quest,,68047,0,0,-1,0,0,0,0,0,0,0,0,0,0,0,0,0,0,3,33555464,128,8,0,0,0,-1,-1
94548,Tracking Quest,,68048,0,0,-1,0,0,0,0,0,0,0,0,0,0,0,0,0,0,3,33555464,128,8,0,0,0,-1,-1
94549,Tracking Quest,,68049,0,0,-1,0,0,0,0,0,0,0,0,0,0,0,0,0,0,3,33555464,128,8,0,0,0,-1,-1
94550,Tracking Quest,,68050,0,0,-1,0,0,0,0,0,0,0,0,0,0,0,0,0,0,3,33555464,128,8,0,0,0,-1,-1
94551,Tracking Quest,,68051,0,0,-1,0,0,0,0,0,0,0,0,0,0,0,0,0,0,3,33555464,128,8,0,0,0,-1,-1
94552,Tracking Quest,,68052,0,0,-1,0,0,0,0,0,0,0,0,0,0,0,0,0,0,3,33555464,128,8,0,0,0,-1,-1
94553,Tracking Quest,,68053,0,0,-1,0,0,0,0,0,0,0,0,0,0,0,0,0,0,3,33555464,128,8,0,0,0,-1,-1
94554,Tracking Quest,,68054,0,0,-1,0,0,0,0,0,0,0,0,0,0,0,0,0,0,3,33555464,128,8,0,0,0,-1,-1
94555,Tracking Quest,,68055,0,0,-1,0,0,0,0,0,0,0,0,0,0,0,0,0,0,3,33555464,128,8,0,0,0,-1,-1
94571,Le ceneri della storia,,68069,152763,0,-1,0,0,0,0,0,0,0,0,0,0,51037,109,5381,0,3,41484288,8192,512,0,0,0,-1,-1
94572,Corazzare il futuro,,68070,152763,0,-1,0,0,0,0,0,0,0,0,0,0,51038,109,5381,0,3,41484288,8192,512,0,0,0,-1,-1
94573,Larve sul pavimento,,68071,152763,0,-1,0,0,0,0,0,0,0,0,0,0,51039,109,5381,0,3,41484288,8192,512,0,0,0,-1,-1
94574,Ladro d'uova,,68072,152763,0,-1,0,0,0,0,0,0,0,0,0,0,51040,109,5381,0,3,41484288,8192,0,0,0,0,-1,-1
94575,"Posta ""Celere"" - Sbocciapace",,68073,150400,0,-1,0,0,0,0,0,0,0,0,0,0,0,82,4285,0,3,41484288,8192,8,0,0,0,-1,-1
94581,Non cedere il passo,,68077,150460,0,-1,0,0,0,0,0,0,0,0,0,0,50546,109,4311,0,3,37814592,8256,520,0,0,0,-1,-1
94583,"Posta ""Celere"" - Fogliargenta",,68079,150434,0,-1,0,0,0,0,0,0,0,0,0,0,0,82,4285,0,3,41484288,8192,8,0,0,0,-1,-1
94584,"Posta ""Celere"" - Fiore di Loto Nero",,68080,150435,0,-1,0,0,0,0,0,0,0,0,0,0,0,82,4285,0,3,41484288,8192,8,0,0,0,-1,-1
94585,"Posta ""Celere"" - Zin'anthid",,68081,150436,0,-1,0,0,0,0,0,0,0,0,0,0,0,82,4285,0,3,41484288,8192,8,0,0,0,-1,-1
94586,"Posta ""Celere"" - Bulboterro e Magareale",,68082,150437,0,-1,0,0,0,0,0,0,0,0,0,0,0,82,4285,0,3,41484288,8192,8,0,0,0,-1,-1
94587,"Posta ""Celere"" - Pescesalvia Marcescente",,68083,150438,0,-1,0,0,0,0,0,0,0,0,0,0,0,82,4285,0,3,41484288,8192,8,0,0,0,-1,-1
94588,"Posta ""Celere"" - Vestiti appena lavati",,68084,150439,0,-1,0,0,0,0,0,0,0,0,0,0,0,82,4285,0,3,41484288,8192,8,0,0,0,-1,-1
94589,"Posta ""Celere"" - Spezie",,68085,150440,0,-1,0,0,0,0,0,0,0,0,0,0,0,82,4285,0,3,41484288,8192,8,0,0,0,-1,-1
94590,"Posta ""Celere"" - Agrumi",,68086,150441,0,-1,0,0,0,0,0,0,0,0,0,0,0,82,4285,0,3,41484288,8192,8,0,0,0,-1,-1
94591,"Posta ""Celere"" - Recentemente affetto da dilatazione temporale",,68087,150442,0,-1,0,0,0,0,0,0,0,0,0,0,0,82,4285,0,3,41484288,8192,8,0,0,0,-1,-1
94592,"Posta ""Celere"" - Biscotti",,68088,150443,0,-1,0,0,0,0,0,0,0,0,0,0,0,82,4285,0,3,41484288,8192,8,0,0,0,-1,-1
94593,"Posta ""Celere"" - Menta",,68089,150444,0,-1,0,0,0,0,0,0,0,0,0,0,0,82,4285,0,3,41484288,8192,8,0,0,0,-1,-1
94594,"Posta ""Celere"" - Erbe",,68090,150445,0,-1,0,0,0,0,0,0,0,0,0,0,0,82,4285,0,3,41484288,8192,8,0,0,0,-1,-1
94595,"Posta ""Celere"" - Terra",,68091,150446,0,-1,0,0,0,0,0,0,0,0,0,0,0,82,4285,0,3,41484288,8192,8,0,0,0,-1,-1
94596,"Posta ""Celere"" - Legno",,68092,150447,0,-1,0,0,0,0,0,0,0,0,0,0,0,82,4285,0,3,41484288,8192,8,0,0,0,-1,-1
94597,"Posta ""Celere"" - Muschio",,68093,150448,0,-1,0,0,0,0,0,0,0,0,0,0,0,82,4285,0,3,41484288,8192,8,0,0,0,-1,-1
94598,"Posta ""Celere"" - Vaniglia",,68094,150449,0,-1,0,0,0,0,0,0,0,0,0,0,0,82,4285,0,3,41484288,8192,8,0,0,0,-1,-1
94599,"Posta ""Celere"" - Algatorta",,68095,150450,0,-1,0,0,0,0,0,0,0,0,0,0,0,82,4285,0,3,41484288,8192,8,0,0,0,-1,-1
94600,"Posta ""Celere"" - Giglio Tigrato",,68096,150451,0,-1,0,0,0,0,0,0,0,0,0,0,0,82,4285,0,3,41484288,8192,8,0,0,0,-1,-1
94601,"Posta ""Celere"" - Micofiore",,68097,150452,0,-1,0,0,0,0,0,0,0,0,0,0,0,82,4285,0,3,41484288,8192,8,0,0,0,-1,-1
94602,"Posta ""Celere"" - Erbacieca",,68098,150453,0,-1,0,0,0,0,0,0,0,0,0,0,0,82,4285,0,3,41484288,8192,8,0,0,0,-1,-1
94603,"Posta ""Celere"" - Papavero Bolla",,68099,150454,0,-1,0,0,0,0,0,0,0,0,0,0,0,82,4285,0,3,41484288,8192,8,0,0,0,-1,-1
94604,"Posta ""Celere"" - Cane Bagnato",,68100,150455,0,-1,0,0,0,0,0,0,0,0,0,0,0,82,4285,0,3,41484288,8192,8,0,0,0,-1,-1
94605,"Posta ""Celere"" - Campo Appena Concimato",,68101,150456,0,-1,0,0,0,0,0,0,0,0,0,0,0,82,4285,0,3,41484288,8192,8,0,0,0,-1,-1
94606,"Posta ""Celere"" - Peonia",,68102,150457,0,-1,0,0,0,0,0,0,0,0,0,0,0,82,4285,0,3,41484288,8192,8,0,0,0,-1,-1
94607,"Posta ""Celere"" - Kafa",,68103,150458,0,-1,0,0,0,0,0,0,0,0,0,0,0,82,4285,0,3,41484288,8192,8,0,0,0,-1,-1
94611,Predatori e prede,,68107,152763,0,-1,0,0,0,0,0,0,0,0,0,0,51042,109,5381,0,3,41484288,8192,512,0,0,0,-1,-1
94612,Artigli in festa,,68108,152763,0,-1,0,0,0,0,0,0,0,0,0,0,51035,109,5381,0,3,41484288,8192,0,0,0,0,-1,-1
94619,Coin-Eye Skully,,68112,0,0,-1,0,0,0,0,0,0,0,0,0,0,0,0,5381,0,3,33559552,0,8,0,0,0,-1,-1
94622,Dacci dentro,,68113,0,0,-1,0,0,0,0,0,0,0,0,0,0,22303,0,877,0,2,3145736,0,520,0,0,0,-1,-1
94623,Costruire la Forgia del Vuoto,,68114,156364,0,-1,0,0,0,0,0,0,0,0,0,0,0,282,6157,0,2,36700168,8322,520,0,0,0,-1,-1
94625,Un Nucleo del Vuoto Elementare,,0,150653,0,-1,131073,0,0,0,0,0,0,0,0,0,0,282,4240,0,2,36700168,0,520,94623,94675,0,-1,-1
94627,Tracking Quest,,68118,0,0,-1,0,0,0,0,0,0,0,0,0,0,0,0,0,0,3,36701184,0,8,0,0,0,-1,-1
94630,Dacci dentro,,68120,0,0,-1,0,0,0,0,0,0,0,0,0,0,22303,0,877,0,2,3145736,0,520,0,0,0,-1,-1
94631,Tracking Quest,,68121,0,0,-1,0,0,0,0,0,0,0,0,0,0,0,0,0,0,3,36701184,0,8,0,0,0,-1,-1
94632,Tracking Quest,,68122,0,0,-1,0,0,0,0,0,0,0,0,0,0,0,0,0,0,3,36701184,0,8,0,0,0,-1,-1
94633,Tracking Quest,,68123,0,0,-1,0,0,0,0,0,0,0,0,0,0,0,0,0,0,3,36701184,0,8,0,0,0,-1,-1
94635,Dacci dentro,,68125,0,0,-1,0,0,0,0,0,0,0,0,0,0,22303,0,877,0,2,3145736,0,520,0,0,0,-1,-1
94636,Dacci dentro,,68126,0,0,-1,0,0,0,0,0,0,0,0,0,0,22303,0,877,0,2,3145736,0,520,0,0,0,-1,-1
94637,Dacci dentro,,68127,0,0,-1,0,0,0,0,0,0,0,0,0,0,22303,0,877,0,2,3145736,0,520,0,0,0,-1,-1
94640,"Posta ""Celere"" - Scorzatorta",,68130,150400,0,-1,0,0,0,0,0,0,0,0,0,0,0,82,4285,0,3,41484288,8192,8,0,0,0,-1,-1
94641,"Posta ""Celere"" - Cedro",,68131,150434,0,-1,0,0,0,0,0,0,0,0,0,0,0,82,4285,0,3,41484288,8192,8,0,0,0,-1,-1
94642,"Posta ""Celere"" - Fogliafiamma",,68132,150435,0,-1,0,0,0,0,0,0,0,0,0,0,0,82,4285,0,3,41484288,8192,8,0,0,0,-1,-1
94643,"Posta ""Celere"" - Prosciutto Arrosto",,68133,150436,0,-1,0,0,0,0,0,0,0,0,0,0,0,82,4285,0,3,41484288,8192,8,0,0,0,-1,-1
94644,"Posta ""Celere"" - Fjarnskaggl",,68134,150437,0,-1,0,0,0,0,0,0,0,0,0,0,0,82,4285,0,3,41484288,8192,8,0,0,0,-1,-1
94645,"Posta ""Celere"" - Cannella",,68135,150438,0,-1,0,0,0,0,0,0,0,0,0,0,0,82,4285,0,3,41484288,8192,8,0,0,0,-1,-1
94646,"Posta ""Celere"" - Chiodo di Garofano",,68136,150439,0,-1,0,0,0,0,0,0,0,0,0,0,0,82,4285,0,3,41484288,8192,8,0,0,0,-1,-1
94647,"Posta ""Celere"" - Noce Moscata",,68137,150440,0,-1,0,0,0,0,0,0,0,0,0,0,0,82,4285,0,3,41484288,8192,8,0,0,0,-1,-1
94648,"Posta ""Celere"" - Foglia Onirica",,68138,150441,0,-1,0,0,0,0,0,0,0,0,0,0,0,82,4285,0,3,41484288,8192,8,0,0,0,-1,-1
94649,"Posta ""Celere"" - Sudore di una settimana fa",,68139,150442,0,-1,0,0,0,0,0,0,0,0,0,0,0,82,4285,0,3,41484288,8192,8,0,0,0,-1,-1
94650,"Posta ""Celere"" - Cocco",,68140,150443,0,-1,0,0,0,0,0,0,0,0,0,0,0,82,4285,0,3,41484288,8192,8,0,0,0,-1,-1
94651,"Posta ""Celere"" - Miele",,68141,150444,0,-1,0,0,0,0,0,0,0,0,0,0,0,82,4285,0,3,41484288,8192,8,0,0,0,-1,-1
94652,"Posta ""Celere"" - Pioggia Recente",,68142,150445,0,-1,0,0,0,0,0,0,0,0,0,0,0,82,4285,0,3,41484288,8192,8,0,0,0,-1,-1
94653,"Posta ""Celere"" - Fiorvolpe",,68143,150446,0,-1,0,0,0,0,0,0,0,0,0,0,0,82,4285,0,3,41484288,8192,8,0,0,0,-1,-1
94654,"Posta ""Celere"" - Mela",,68144,150447,0,-1,0,0,0,0,0,0,0,0,0,0,0,82,4285,0,3,41484288,8192,8,0,0,0,-1,-1
94655,"Posta ""Celere"" - Pesca",,68145,150448,0,-1,0,0,0,0,0,0,0,0,0,0,0,82,4285,0,3,41484288,8192,8,0,0,0,-1,-1
94656,"Posta ""Celere"" - Sapone",,68146,150449,0,-1,0,0,0,0,0,0,0,0,0,0,0,82,4285,0,3,41484288,8192,8,0,0,0,-1,-1
94657,"Posta ""Celere"" - Muffa Umida",,68147,150450,0,-1,0,0,0,0,0,0,0,0,0,0,0,82,4285,0,3,41484288,8192,8,0,0,0,-1,-1
94658,"Posta ""Celere"" - Profumo del Vento",,68148,150451,0,-1,0,0,0,0,0,0,0,0,0,0,0,82,4285,0,3,41484288,8192,8,0,0,0,-1,-1
94659,"Posta ""Celere"" - Vino di contrabbando nerubiano",,68149,150452,0,-1,0,0,0,0,0,0,0,0,0,0,0,82,4285,0,3,41484288,8192,8,0,0,0,-1,-1
94660,"Posta ""Celere"" - Bouquet di funghi",,68150,150453,0,-1,0,0,0,0,0,0,0,0,0,0,0,82,4285,0,3,41484288,8192,8,0,0,0,-1,-1
94661,"Posta ""Celere"" - Schegge di granito",,68151,150454,0,-1,0,0,0,0,0,0,0,0,0,0,0,82,4285,0,3,41484288,8192,8,0,0,0,-1,-1
94662,"Posta ""Celere"" - Caramello",,68152,150455,0,-1,0,0,0,0,0,0,0,0,0,0,0,82,4285,0,3,41484288,8192,8,0,0,0,-1,-1
94663,"Posta ""Celere"" - Note di cioccolato",,68153,150456,0,-1,0,0,0,0,0,0,0,0,0,0,0,82,4285,0,3,41484288,8192,8,0,0,0,-1,-1
94664,"Posta ""Celere"" - Caviale",,68154,150457,0,-1,0,0,0,0,0,0,0,0,0,0,0,82,4285,0,3,41484288,8192,8,0,0,0,-1,-1
94665,"Posta ""Celere"" - Erba appena tagliata",,68155,150458,0,-1,0,0,0,0,0,0,0,0,0,0,0,82,4285,0,3,41484288,8192,8,0,0,0,-1,-1
94673,Tracking Quest,,68163,0,0,-1,0,0,0,0,0,0,0,0,0,0,0,0,0,0,3,36701184,0,8,0,0,0,-1,-1
94674,Tracking Quest,,68164,0,0,-1,0,0,0,0,0,0,0,0,0,0,0,0,0,0,3,36701184,0,8,0,0,0,-1,-1
94675,Forgia del Vuoto riforgiata,,68165,150728,0,-1,0,0,0,0,0,0,0,0,0,0,0,282,3320,0,0,36700160,128,520,0,0,0,-1,-1
94735,Dacci dentro,,68223,0,0,-1,0,0,0,0,0,0,0,0,0,0,22303,0,877,0,2,3145736,0,520,0,0,0,-1,-1
94736,Dacci dentro,,68224,0,0,-1,0,0,0,0,0,0,0,0,0,0,22303,0,877,0,2,3145736,0,520,0,0,0,-1,-1
94738,Dacci dentro,,68226,0,0,-1,0,0,0,0,0,0,0,0,0,0,22303,0,877,0,2,3145736,0,520,0,0,0,-1,-1
94790,Console di Ricerca: esplorare il Vuoto,,68265,139380,0,-1,0,0,0,0,0,0,0,0,0,0,0,0,3321,0,2,36732928,0,268436232,93970,0,0,-1,-1
94796,Curare la resistenza alla maledizione,,68270,159911,0,-1,0,0,0,0,0,0,0,0,0,0,53590,0,5381,0,2,36700168,32768,512,0,0,0,-1,-1
94798,Il desiderio di Ssak'mozek,,68272,159911,0,-1,0,0,0,0,0,0,0,0,0,0,53607,0,5381,0,2,36700168,32768,512,0,0,0,-1,-1
94800,Granchi schiacciati,,68274,159911,0,-1,0,0,0,0,0,0,0,0,0,0,53603,0,5381,0,2,36700168,32768,512,0,0,0,-1,-1
94802,Morte dai morti,,68276,159911,0,-1,0,0,0,0,0,0,0,0,0,0,53605,0,5381,0,2,36700168,32768,512,0,0,0,-1,-1
94803,Mira alla corona,,68277,159911,0,-1,0,0,0,0,0,0,0,0,0,0,53606,0,5381,0,2,36700168,32768,512,0,0,0,-1,-1
94804,Una raccolta putrida,,68278,159911,0,-1,0,0,0,0,0,0,0,0,0,0,53589,0,5381,0,2,36700168,32768,512,0,0,0,-1,-1
94805,"Il nuovo tesoro, razziato",,68279,159911,0,-1,0,0,0,0,0,0,0,0,0,0,53602,0,5381,0,2,36700168,32768,512,0,0,0,-1,-1
94806,Fradici e dimenanti,,68280,159911,0,-1,0,0,0,0,0,0,0,0,0,0,53604,0,5381,0,2,36700168,32768,512,0,0,0,-1,-1
94810,Tracking Quest - Local 17,,68282,0,0,-1,0,0,0,0,0,0,0,0,0,0,0,0,0,0,3,36701184,128,8,0,0,0,-1,-1
94815,HIDDEN QUEST - Special Assignment: The Grand Magister's Drink [DNT],,68284,0,0,-1,0,0,0,0,0,0,0,0,0,0,0,265,3321,0,3,37289984,0,8200,0,0,0,-1,-1
94856,Garsecg,,68304,0,0,-1,0,0,0,0,0,0,0,0,0,0,0,0,5381,0,3,34149632,0,8,0,0,0,-1,-1
94860,Nar'zira,,68308,0,0,-1,0,0,0,0,0,0,0,0,0,0,0,0,5381,0,3,34149632,0,8,0,0,0,-1,-1
94876,Mostra un po' di spina dorsale,,68322,152763,0,-1,0,0,0,0,0,0,0,0,0,0,51047,109,5381,0,3,41484288,8192,0,0,0,0,-1,-1
94908,Tracking Quest,,68349,0,0,-1,0,0,0,0,0,0,0,0,0,0,0,0,0,0,3,36766728,0,8,0,0,0,-1,-1
94951,Tracking Quest,,68386,0,0,-1,0,0,0,0,0,0,0,0,0,0,0,0,0,0,3,36766728,0,8,0,0,0,-1,-1
94966,Tracking Quest,,68399,0,0,-1,0,0,0,0,0,0,0,0,0,0,0,0,0,0,3,36766728,0,8,0,0,0,-1,-1
94967,Assalto allo spuntino di Ki'clak,,68400,160569,0,-1,0,0,0,0,0,0,0,0,0,0,51043,109,5381,0,3,41484544,8192,1048576,0,0,0,-1,-1
94976,Tracking Quest,,68408,0,0,-1,0,0,0,0,0,0,0,0,0,0,0,0,0,0,3,36766728,0,8,0,0,0,-1,-1
94990,Tracking Quest,,68421,0,0,-1,0,0,0,0,0,0,0,0,0,0,0,0,0,0,3,36766728,0,8,0,0,0,-1,-1
94991,Tracking Quest,,68422,0,0,-1,0,0,0,0,0,0,0,0,0,0,0,0,0,0,3,36766728,0,8,0,0,0,-1,-1
94996,Sguardo dei morti,,68427,152763,0,-1,0,0,0,0,0,0,0,0,0,0,51033,109,5381,0,3,41484288,8192,0,0,0,0,-1,-1
95005,Tracking Quest,,68436,0,0,-1,0,0,0,0,0,0,0,0,0,0,0,0,0,0,3,40895488,0,8,0,0,0,-1,-1
95007,Tracking Quest,,68438,0,0,-1,0,0,0,0,0,0,0,0,0,0,0,0,0,0,3,36766728,0,8,0,0,0,-1,-1
95009,Fino in fondo,,68439,0,0,-1,0,0,0,0,0,0,0,0,0,0,50704,0,877,0,2,33554440,0,1536,0,0,0,1309324210,-1440044374
95045,Tracking Quest,,68465,0,0,-1,0,0,0,0,0,0,0,0,0,0,0,0,0,0,3,40895488,0,8,0,0,0,-1,-1
95046,Tracking Quest,,68466,0,0,-1,0,0,0,0,0,0,0,0,0,0,0,0,0,0,3,40895488,0,8,0,0,0,-1,-1
95054,Tracking Quest,,68473,0,0,-1,0,0,0,0,0,0,0,0,0,0,0,0,0,0,3,33621000,0,0,0,0,0,-1,-1
95091,Tracking Quest,,68493,0,0,-1,0,0,0,0,0,0,0,0,0,0,0,0,0,0,3,36701184,128,8,0,0,0,-1,-1
95114,Preda: evocazioni cremisi,,68501,0,0,-1,0,0,0,0,0,0,0,0,66869,0,0,0,3313,0,2,36700168,0,512,0,0,0,-1,-1
95146,Tracking Quest,,68534,0,0,-1,0,0,0,0,0,0,0,0,0,0,0,0,0,0,3,36766728,0,8,0,0,0,-1,-1
95175,Piazzare le difese,,68563,0,0,-1,0,0,0,0,0,0,0,0,0,0,0,0,4311,0,2,37749064,8256,268435976,92365,0,0,-1,-1
95245,Midnight: tour mondiale,,68612,139380,0,-1,0,0,0,0,0,0,0,0,0,0,0,282,3321,0,2,36700168,0,520,95276,0,0,-1,-1
95253,Fame scioccante,,68619,152763,0,-1,0,0,0,0,0,0,0,0,0,0,50970,109,5381,0,3,41615616,8192,520,0,0,0,-1,-1
95268,"Nuovi attrezzi, nuove vette",,68631,0,0,-1,0,0,0,0,0,0,0,0,0,269668,0,282,4240,0,2,36700160,130,520,94675,0,0,-1,-1
95269,Alimentare il Martello del Nulla,,0,152650,0,-1,131073,0,0,0,0,0,0,0,0,269668,0,282,4240,0,2,36700168,2,520,95268,95271,0,-1,-1
95271,Il Martello del Nulla Ascendente,,68633,152651,0,-1,0,0,0,0,0,0,0,0,0,0,0,282,4240,0,0,36700160,128,520,0,0,0,-1,-1
95279,Nucleo del Vuoto Nebuloso: Oro,,0,152680,0,-1,0,0,0,0,0,0,0,0,0,0,0,0,3320,0,0,36700160,32768,268435976,94675,0,0,-1,-1
95290,Nuclei del Vuoto Nebulosi: Marna di Lucevuota,,0,152680,0,-1,0,0,0,0,0,0,0,0,0,0,0,0,3320,0,0,36700160,32768,268435976,94675,0,0,-1,-1
95304,Nucleo del Vuoto Nebuloso: Emblema dell'Alba del Veterano,,0,152680,0,-1,0,0,0,0,0,0,0,0,0,0,0,0,3320,0,0,36700160,32768,268435976,94675,0,0,-1,-1
95308,Tracking Quest,,68667,0,0,-1,0,0,0,0,0,0,0,0,0,0,0,0,3322,0,3,36701184,0,8,0,0,0,-1,-1
95324,La guerra al di là delle radici,,68682,152749,0,-1,0,0,0,0,0,0,0,0,0,0,0,282,3321,0,2,36700168,128,512,0,0,0,-1,-1
95373,Un tentativo nebuloso,,68718,0,0,-1,0,0,0,0,0,0,0,0,0,0,0,282,3320,0,2,36700160,128,520,97981,0,0,-1,-1
95381,Fuoco nel cielo,,68727,152763,0,-1,0,0,0,0,0,0,0,0,0,0,51196,109,5381,0,3,41484544,8192,520,0,0,0,-1,-1
95392,Un'amicizia basta e avanza,,68738,153034,0,-1,0,0,0,0,0,0,0,0,0,0,51174,296,3321,0,3,37290240,8192,268435456,0,0,0,-1,-1
95393,Salvataggio delle caverne,,68739,153034,0,-1,0,0,0,0,0,0,0,0,0,0,51175,296,3321,0,3,41484544,8192,268435456,0,0,0,-1,-1
95394,Liberazione dall'aberrazione,,68740,153034,0,-1,0,0,0,0,0,0,0,0,0,0,51176,296,3321,0,3,37290240,0,268435456,0,0,0,-1,-1
95395,Finché non è fatta,,68741,153034,0,-1,0,0,0,0,0,0,0,0,0,0,51177,296,3321,0,3,41484544,0,268435456,0,0,0,-1,-1
95396,Rituale corrotto,,68742,153034,0,-1,0,0,0,0,0,0,0,0,0,0,51178,296,3321,0,3,37290240,0,268435456,0,0,0,-1,-1
95397,Una fredda accoglienza,,68743,153034,0,-1,0,0,0,0,0,0,0,0,0,0,51179,296,3321,0,3,37290240,0,268435456,0,0,0,-1,-1
95398,Dissenso e divisione,,68744,153034,0,-1,0,0,0,0,0,0,0,0,0,0,51180,296,3321,0,3,41484544,0,268435456,0,0,0,-1,-1
95399,Strategie tenebrose,,68745,153034,0,-1,0,0,0,0,0,0,0,0,0,0,51181,296,3321,0,3,41484544,0,268435456,0,0,0,-1,-1
95400,Freddo solido,,68746,153034,0,-1,0,0,0,0,0,0,0,0,0,0,51182,296,3321,0,3,37290240,0,268435456,0,0,0,-1,-1
95401,Disfunzione della giunzione,,68747,153034,0,-1,0,0,0,0,0,0,0,0,0,0,51183,296,3321,0,3,37290240,0,268435456,0,0,0,-1,-1
95402,Collettore di gas ignobile,,68748,153034,0,-1,0,0,0,0,0,0,0,0,0,0,51184,296,3321,0,3,37290240,0,268435456,0,0,0,-1,-1
95403,Eco persistente,,68749,153034,0,-1,0,0,0,0,0,0,0,0,0,0,51185,296,3321,0,3,37290240,0,268435456,0,0,0,-1,-1
95404,Congelare le uova a distanza,,68750,153034,0,-1,0,0,0,0,0,0,0,0,0,0,51186,296,3321,0,3,37290240,0,268435456,0,0,0,-1,-1
95413,Coinvolgimento della comunità,,68759,153576,0,-1,0,0,0,0,0,0,0,0,0,0,0,0,4240,0,2,36798472,128,512,0,0,0,-1,-1
95416,Giro di posta,,68762,153684,0,-1,0,0,0,0,0,0,0,0,0,0,0,0,4240,0,2,36732936,2097280,512,0,0,0,-1,-1
95429,Piede svelto,,68775,152763,0,-1,0,0,0,0,0,0,0,0,0,0,51265,109,5381,0,3,41484544,8192,8,0,0,0,-1,-1
95438,Animali Perduti,,70379,153685,0,-1,0,0,0,0,0,0,0,0,0,0,0,0,4240,0,2,36732936,2097280,512,0,0,0,-1,-1
95440,Festa di inaugurazione della casa,,68784,153683,0,-1,0,0,0,0,0,0,0,0,0,0,0,1,4240,0,2,36798536,128,512,0,0,0,-1,-1
95448,La dose fa il veleno,,68792,152763,0,-1,0,0,0,0,0,0,0,0,0,0,51050,109,5381,0,3,41484288,8192,0,0,0,0,-1,-1
95449,Serpi nell'erba,,68793,152763,0,-1,0,0,0,0,0,0,0,0,0,0,51225,109,5381,0,3,41484288,8192,0,0,0,0,-1,-1
95450,Tracking Quest,,68794,0,0,-1,0,0,0,0,0,0,0,0,0,0,0,0,0,0,3,40895488,0,8,0,0,0,-1,-1
95451,Chi ha ordinato una sacca di serpenti?,,68795,152763,0,-1,0,0,0,0,0,0,0,0,0,0,51226,109,5381,0,3,41484288,8192,0,0,0,0,-1,-1
95453,Rimpatriare i Tortolliani,,68798,152763,0,-1,0,0,0,0,0,0,0,0,0,0,51044,109,5381,0,3,41484288,8192,0,0,0,0,-1,-1
95484,Tafferuglio tra tartufi,,68823,152763,0,-1,0,0,0,0,0,0,0,0,0,0,51045,109,5381,0,3,41484288,8192,0,0,0,0,-1,-1
95513,Rettili in subbuglio,,68850,152763,0,-1,0,0,0,0,0,0,0,0,0,0,51227,109,5381,0,3,41484544,8192,1048576,0,0,0,-1,-1
95520,Purificazione delle segrete,,68857,160444,0,-1,0,0,0,0,0,0,0,0,0,0,0,284,6146,0,2,40927552,8192,520,98388,0,0,-1,-1
95529,Infilzare i serpenti celesti,,68866,152763,0,-1,0,0,0,0,0,0,0,0,0,0,51228,109,5381,0,3,41484544,8192,1049088,0,0,0,-1,-1
95549,Allarme magico,,68886,155203,0,-1,0,0,0,0,0,0,0,0,0,271094,0,0,4240,0,2,305135872,128,520,0,0,0,-1,-1
95550,Sfoltire i ranghi,,68887,155185,0,-1,0,0,0,0,0,0,0,0,0,0,0,0,4240,0,2,36700416,128,520,0,0,0,-1,-1
95552,Indagine sull'Obelisco Oscuro,,68889,154642,0,-1,0,0,0,0,0,0,0,0,0,0,0,0,4240,0,2,36700416,128,520,0,0,0,-1,-1
95553,Densità manifestata,,68890,155192,0,-1,0,0,0,0,0,0,0,0,0,0,0,0,4240,0,2,36700416,128,520,0,0,0,-1,-1
95572,Dolori tonanti,,68909,153034,0,-1,0,0,0,0,0,0,0,0,0,0,51477,283,3321,0,3,37290240,0,0,0,0,0,-1,-1
95573,Pattuglia del Tempio: Vincoli Spezzati,,68910,154774,0,-1,0,0,0,0,0,0,0,0,0,0,0,283,6146,0,3,41484352,532480,268570632,0,0,0,-1,-1
95575,Spore di mana della foresta,,68912,158245,0,-1,0,0,0,0,0,0,0,0,0,0,51484,296,3321,0,3,37290240,0,268435456,0,0,0,-1,-1
95580,Pattuglia del Tempio: Uccidi gli Irrequieti,,68915,154775,0,-1,0,0,0,0,0,0,0,0,0,0,0,283,6146,0,3,-2105998528,532480,268570632,0,0,0,-1,-1
95598,Pattuglia del Tempio: Uccidi i Figli di Ula'tek,,68923,154776,0,-1,0,0,0,0,0,0,0,0,0,0,0,283,6146,0,3,41485120,532480,268570632,0,0,0,-1,-1
95614,Pattuglia del Tempio: Condotto del Veleno,,68939,154777,0,-1,0,0,0,0,0,0,0,0,0,0,0,283,6146,0,3,41485120,532480,268570632,0,0,0,-1,-1
95616,Barriera A,,68941,0,0,-1,0,0,0,0,0,0,0,0,0,0,0,265,5381,0,3,38342720,1344282688,8,0,0,0,-1,-1
95617,Barriera B,,68942,0,0,-1,0,0,0,0,0,0,0,0,0,0,0,265,5381,0,3,38342720,1344282688,8,0,0,0,-1,-1
95619,Barriera C,,68944,0,0,-1,0,0,0,0,0,0,0,0,0,0,0,265,5381,0,3,38342720,1344282688,8,0,0,0,-1,-1
95639,Ripulire la covata,,68964,0,0,-1,0,0,0,0,0,0,0,0,0,0,0,265,5381,0,3,39325760,1344282688,8,0,0,0,-1,-1
95640,Ripulire la covata,,68965,0,0,-1,0,0,0,0,0,0,0,0,0,0,0,265,5381,0,3,38277184,1344282688,8,0,0,0,-1,-1
95641,Ripulire la covata,,68966,0,0,-1,0,0,0,0,0,0,0,0,0,0,0,265,5381,0,3,39325760,1344282688,8,0,0,0,-1,-1
95662,Uno stufato sospetto,,68984,152763,0,-1,0,0,0,0,0,0,0,0,0,0,51588,109,5381,0,3,41615616,8192,512,0,0,0,-1,-1
95695,Barriera D,,69013,0,0,-1,0,0,0,0,0,0,0,0,0,0,0,291,5381,0,3,38342720,1344282688,8,0,0,0,-1,-1
95794,Processo di de-cifrazione,,69260,152763,0,-1,0,0,0,0,0,0,0,0,0,276622,51241,109,5381,0,3,41484544,8192,1048576,0,0,0,-1,-1
95807,Al tegamino,,69270,152763,0,-1,0,0,0,0,0,0,0,0,0,0,51651,109,5381,0,3,41615616,8192,512,0,0,0,-1,-1
95815,Scivolata variegata,,69278,156004,0,-1,0,0,0,0,0,0,0,0,0,0,51672,283,3321,0,3,41484544,0,8,0,0,0,-1,-1
95906,Pattuglia del Tempio: Armi Recuperate,,69364,154778,0,-1,0,0,0,0,0,0,0,0,0,0,0,283,6146,0,3,41485120,532480,268570632,0,0,0,-1,-1
95918,Incarico speciale: furia fantasma,,69374,152763,0,-1,0,0,0,0,0,0,0,0,0,0,51769,286,5381,0,3,41484544,8192,8,96307,0,0,-1,-1
95921,Incarico speciale: domanda e offerta,,69376,152763,0,-1,0,0,0,0,0,0,0,0,0,0,51770,286,5381,0,3,41484544,8192,8,96492,0,0,-1,-1
95922,Incarico speciale: affrontare lo sciame,,69377,152763,0,-1,0,0,0,0,0,0,0,0,0,0,51771,286,5381,0,3,41484544,8192,8,96029,0,0,-1,-1
95923,Fuga tra le rovine,,69378,152763,0,-1,0,0,0,0,0,0,0,0,0,0,51772,109,5381,0,3,41484544,8192,8,0,0,0,-1,-1
95931,Pesca in mare aperto,,69386,160179,0,-1,0,0,0,0,0,0,0,0,0,0,0,130,5381,0,3,41517312,8192,8,0,0,0,-1,-1
95933,Tracce nel buio,,69388,154550,0,-1,0,0,0,0,0,0,0,0,0,0,0,0,3321,0,2,37748736,8192,268435976,0,0,0,-1,-1
95942,Preda: Imboscata velenosa,,69397,159219,0,-1,0,0,0,0,0,0,0,0,0,0,52802,295,5381,0,3,37290240,0,0,0,0,0,-1,-1
95952,Pattuglia del Tempio: Respira e Arrabbiati,,69407,154779,0,-1,0,0,0,0,0,0,0,0,0,0,0,283,6146,0,3,41485120,532480,268570632,0,0,0,-1,-1
95953,Pattuglia del Tempio: Veleno Coagulato,,69408,154780,0,-1,0,0,0,0,0,0,0,0,0,0,0,283,6146,0,3,41485120,532480,268570632,0,0,0,-1,-1
95962,Pattuglia del Tempio: Vendetta per i Morti,,69417,154782,0,-1,0,0,0,0,0,0,0,0,0,0,0,283,6146,0,3,41485120,532480,268570632,0,0,0,-1,-1
95972,Pattuglia del Tempio: Cenere alla Cenere,,69427,154783,0,-1,0,0,0,0,0,0,0,0,0,0,0,283,6146,0,3,41485120,532480,268570632,0,0,0,-1,-1
95974,Preda: Bivacco Abbandonato,,69429,159219,0,-1,0,0,0,0,0,0,0,0,0,0,52804,295,5381,0,3,37290240,0,0,0,0,0,-1,-1
95985,Pattuglia del Tempio: Calma per i Morti,,69440,154784,0,-1,0,0,0,0,0,0,0,0,0,0,0,283,6146,0,3,41485120,532480,268570632,0,0,0,-1,-1
95987,Pattuglia del Tempio: Riposo Eterno,,69442,154785,0,-1,0,0,0,0,0,0,0,0,0,0,0,283,6146,0,3,41485120,532480,268570632,0,0,0,-1,-1
95989,Preda: Cunicoli dei Lamatossica,,69444,159219,0,-1,0,0,0,0,0,0,0,0,0,0,52803,295,5381,0,3,37290240,0,0,0,0,0,-1,-1
95990,Alture serpeggianti,,69445,152763,0,-1,0,0,0,0,0,0,0,0,0,0,51834,109,5381,0,3,40435968,0,0,0,0,0,-1,-1
96000,Giretto in barca,,69453,158245,0,-1,0,0,0,0,0,0,0,0,0,0,51537,296,3321,0,3,37290240,0,268435456,0,0,0,-1,-1
96004,Preda: Una minaccia strisciante,,69457,157934,0,-1,0,0,0,0,0,0,0,0,0,0,0,282,5381,0,2,36700168,128,768,0,0,0,-1,-1
96017,Pattuglia del Tempio: Sottoterra,,69462,154781,0,-1,0,0,0,0,0,0,0,0,0,0,0,283,6146,0,3,41485120,532480,268570632,0,0,0,-1,-1
96030,Szarith the Fanged,,69472,0,0,-1,0,0,0,0,0,0,0,0,0,0,0,0,5381,0,3,34149632,0,8,0,0,0,-1,-1
96048,Tempo di colpire,,69490,160137,0,-1,0,0,0,0,0,0,0,0,0,0,0,0,3321,0,2,40894472,4202496,524808,0,0,0,-1,-1
96066,Ispettore serpeggiante,,69508,152763,0,-1,0,0,0,0,0,0,0,0,0,0,51929,109,5381,0,3,40435968,8192,0,0,0,0,-1,-1
96210,Scacciare i guai,,69640,158245,0,-1,0,0,0,0,0,0,0,0,0,0,52039,296,3321,0,3,37290240,0,268435456,0,0,0,-1,-1
96214,Tracking Quest,,69643,0,0,-1,0,0,0,0,0,0,0,0,0,0,0,0,0,0,3,36701184,128,8,0,0,0,-1,-1
96215,Tracking Quest,,69644,0,0,-1,0,0,0,0,0,0,0,0,0,0,0,0,0,0,3,36701184,128,8,0,0,0,-1,-1
96217,Risucchio di potere sporadico,,69646,158245,0,-1,0,0,0,0,0,0,0,0,0,0,52050,296,3321,0,3,37290240,0,268435456,0,0,0,-1,-1
96223,La chiamata dei Magistri,,69654,160138,0,-1,0,0,0,0,0,0,0,0,0,0,0,282,3313,0,2,40894728,8192,512,0,0,0,-1,-1
96267,Gemme ancestrali,,69697,159290,0,-1,0,0,0,0,0,0,0,0,0,0,0,1,5381,0,2,40894536,8192,512,98388,0,0,-1,-1
96268,Spore di mana della palude,,69698,158245,0,-1,0,0,0,0,0,0,0,0,0,0,52079,296,3321,0,3,37290240,0,268435456,0,0,0,-1,-1
96269,Rubare la ricerca sui divoratori,,69699,158245,0,-1,0,0,0,0,0,0,0,0,0,0,52083,283,3321,0,3,41484544,0,0,0,0,0,-1,-1
96271,Esistenza maledetta,,69700,0,0,-1,131073,0,0,0,0,0,0,0,0,0,0,1,5381,0,2,40894536,8192,512,96275,96363,0,-1,-1
96272,Maciullare le macchine del mana micotiche,,69701,158245,0,-1,0,0,0,0,0,0,0,0,0,0,52082,296,3321,0,3,37290240,0,268435968,0,0,0,-1,-1
96273,Un equilibrio pagato con il sangue,,69702,0,0,-1,131073,0,0,0,0,0,0,0,0,0,0,1,5381,0,2,40894536,8192,512,96276,96363,0,-1,-1
96275,A mollo,,69703,0,0,-1,131073,0,0,0,0,0,0,0,0,0,0,1,5381,0,2,40894536,8192,512,96273,96363,0,-1,-1
96276,Talismani Oscuri,,69704,0,0,-1,131073,0,0,0,0,0,0,0,0,0,0,1,5381,0,2,40894536,8192,512,96267,96363,0,-1,-1
96293,Mico-celerazione,,69721,158245,0,-1,0,0,0,0,0,0,0,0,0,0,52108,296,3321,0,3,37290240,0,268435968,0,0,0,-1,-1
96295,Una punizione pertinente,,69723,155771,0,-1,0,0,0,0,0,0,0,0,0,0,51289,289,3321,0,3,37323072,8192,268435976,0,0,0,-1,-1
96305,Essenza d'innocenza,,69735,0,0,-1,131073,0,0,0,0,0,0,0,0,0,0,1,5381,0,2,40894536,8192,512,96271,96363,0,-1,-1
96329,Sortilegi e inganni,,69754,152763,0,-1,0,0,0,0,0,0,0,0,0,0,52118,109,5381,0,3,41484544,8192,1048576,0,0,0,-1,-1
96349,Gemme ancestrali,,69772,0,0,-1,131073,0,0,0,0,0,0,0,0,0,52139,1,5381,0,2,40894536,8192,512,96305,96363,0,-1,-1
96352,Talismani Oscuri,,69774,0,0,-1,131073,0,0,0,0,0,0,0,0,0,52138,1,5381,0,2,40894528,8192,512,96305,96363,0,-1,-1
96354,Un equilibrio pagato con il sangue,,69775,0,0,-1,131073,0,0,0,0,0,0,0,0,0,52140,1,5381,0,2,40894528,8192,512,96305,96363,0,-1,-1
96360,A mollo,,69777,0,0,-1,131073,0,0,0,0,0,0,0,0,0,52141,1,5381,0,2,40894528,8192,512,96305,96363,0,-1,-1
96361,Esistenza maledetta,,69778,0,0,-1,131073,0,0,0,0,0,0,0,0,0,52142,1,5381,0,2,40894528,8192,512,96305,96363,0,-1,-1
96388,Unirsi ai Pescatori dell'Abisso,,69801,150769,0,-1,0,0,0,0,0,0,0,0,0,0,0,0,3321,0,2,36700168,0,512,0,0,0,-1,-1
96400,Corruzione persistente,,69813,153034,0,-1,0,0,0,0,0,0,0,0,0,0,52163,296,3321,0,3,41484544,0,268435456,0,0,0,-1,-1
96432,Sovraccarico di potenza,,69845,158245,0,-1,0,0,0,0,0,0,0,0,0,0,52178,296,3321,0,3,37290240,0,268435456,0,0,0,-1,-1
96433,Non la mamma,,69846,153034,0,-1,0,0,0,0,0,0,0,0,0,0,52174,283,3321,0,3,37290240,0,0,0,0,0,-1,-1
96463,Attivatori di trappole,,69873,158245,0,-1,0,0,0,0,0,0,0,0,0,0,52198,283,3321,0,3,41484544,0,0,0,0,0,-1,-1
96472,Il Capitano del Nexus,,69879,0,0,-1,0,0,0,0,0,0,0,0,0,0,0,1,3321,0,2,40894536,8192,520,96054,0,0,-1,-1
96474,Preda: Qualcosa per Astalor,,69881,0,0,-1,0,0,0,0,0,0,0,0,0,0,0,0,5381,0,2,36700168,128,512,96466,0,0,-1,-1
96496,La strada percorsa una volta sola,,69901,156540,0,-1,0,0,0,0,0,0,0,0,0,0,0,0,3321,0,2,40894472,8320,512,0,0,0,-1,-1
96497,Ragionamento spaziale,,69902,156541,0,-1,0,0,0,0,0,0,0,0,0,0,0,0,3321,0,2,40894728,8320,520,0,0,0,-1,-1
96522,"Oh, capitano, muori, capitano!",,69927,156576,0,-1,0,0,0,0,0,0,0,0,0,0,51372,289,3321,0,3,37323072,8192,268435976,0,0,0,-1,-1
96528,Preda: Angoscia dall'aldilà,,69933,0,0,-1,0,0,0,0,0,0,0,0,0,0,0,0,5381,0,2,36704256,32768,268435968,96532,0,0,-1,-1
96547,Indebolire le forze,,69954,158245,0,-1,0,0,0,0,0,0,0,0,0,0,52312,296,3321,0,3,37290240,0,268435456,0,0,0,-1,-1
96548,Punteggio spora-dico,,69955,158245,0,-1,0,0,0,0,0,0,0,0,0,0,52314,283,3321,0,3,37290240,0,0,0,0,0,-1,-1
96552,Tracking Quest,,69959,0,0,-1,0,0,0,0,0,0,0,0,0,0,0,0,0,0,3,36766728,0,8,0,0,0,-1,-1
96553,Tracking Quest,,69960,0,0,-1,0,0,0,0,0,0,0,0,0,0,0,0,0,0,3,36766728,0,8,0,0,0,-1,-1
96554,Tracking Quest,,69961,0,0,-1,0,0,0,0,0,0,0,0,0,0,0,0,0,0,3,36766728,0,8,0,0,0,-1,-1
96555,Tracking Quest,,69962,0,0,-1,0,0,0,0,0,0,0,0,0,0,0,0,0,0,3,36766728,0,8,0,0,0,-1,-1
96556,Tracking Quest,,69963,0,0,-1,0,0,0,0,0,0,0,0,0,0,0,0,0,0,3,36766728,0,8,0,0,0,-1,-1
96557,Detriti volanti,,69964,158245,0,-1,0,0,0,0,0,0,0,0,0,0,52318,296,3321,0,3,37290240,0,268435456,0,0,0,-1,-1
96588,Preda: Imboscata velenosa,,69992,141752,0,-1,0,0,0,0,0,0,0,0,0,0,52799,295,5381,0,3,37290240,0,0,0,0,0,-1,-1
96589,Preda: Imboscata velenosa,,69993,141753,0,-1,0,0,0,0,0,0,0,0,0,0,52796,295,5381,0,3,37290240,0,0,0,0,0,-1,-1
96590,Preda: Imboscata velenosa,,69994,141754,0,-1,0,0,0,0,0,0,0,0,0,0,52793,295,5381,0,3,37290240,0,0,0,0,0,-1,-1
96591,Preda: Imboscata velenosa,,69995,141755,0,-1,0,0,0,0,0,0,0,0,0,0,52787,295,5381,0,3,37290240,0,0,0,0,0,-1,-1
96592,Preda: Cunicoli dei Lamatossica,,69996,141752,0,-1,0,0,0,0,0,0,0,0,0,0,52800,295,5381,0,3,37290240,0,0,0,0,0,-1,-1
96593,Preda: Cunicoli dei Lamatossica,,69997,141753,0,-1,0,0,0,0,0,0,0,0,0,0,52797,295,5381,0,3,37290240,0,0,0,0,0,-1,-1
96594,Preda: Cunicoli dei Lamatossica,,69998,141754,0,-1,0,0,0,0,0,0,0,0,0,0,52794,295,5381,0,3,37290240,0,0,0,0,0,-1,-1
96595,Preda: Cunicoli dei Lamatossica,,69999,141755,0,-1,0,0,0,0,0,0,0,0,0,0,52791,295,5381,0,3,37290240,0,0,0,0,0,-1,-1
96596,Preda: Bivacco Abbandonato,,70000,141752,0,-1,0,0,0,0,0,0,0,0,0,0,52801,295,5381,0,3,37290240,0,0,0,0,0,-1,-1
96597,Preda: Bivacco Abbandonato,,70001,141753,0,-1,0,0,0,0,0,0,0,0,0,0,52798,295,5381,0,3,37290240,0,0,0,0,0,-1,-1
96598,Preda: Bivacco Abbandonato,,70002,141754,0,-1,0,0,0,0,0,0,0,0,0,0,52795,295,5381,0,3,37290240,0,0,0,0,0,-1,-1
96599,Preda: Bivacco Abbandonato,,70003,141755,0,-1,0,0,0,0,0,0,0,0,0,0,52792,295,5381,0,3,37290240,0,0,0,0,0,-1,-1
96600,Epurazione della cripta,,70004,158245,0,-1,0,0,0,0,0,0,0,0,0,0,52352,296,3321,0,3,37290240,0,268435968,0,0,0,-1,-1
96611,Mitigazione della tempesta,,70010,153034,0,-1,0,0,0,0,0,0,0,0,0,0,52188,283,3321,0,3,41484544,0,268435456,0,0,0,-1,-1
96614,Forgiato attraverso il fuoco,,70013,156529,0,-1,0,0,0,0,0,0,0,0,0,0,0,282,5381,0,0,40894464,8320,512,0,0,0,-1,-1
96617,Mitigazione della tempesta,,70016,153034,0,-1,0,0,0,0,0,0,0,0,0,0,52360,283,3321,0,3,41484544,0,268435456,0,0,0,-1,-1
96618,Mitigazione della tempesta,,70017,153034,0,-1,0,0,0,0,0,0,0,0,0,0,52363,283,3321,0,3,41484544,0,268435456,0,0,0,-1,-1
96623,Compost rovesciato,,70019,158245,0,-1,0,0,0,0,0,0,0,0,0,0,52377,296,3321,0,3,37290304,0,268435456,0,0,0,-1,-1
96625,Gladiatori spettrali,,70020,152763,0,-1,0,0,0,0,0,0,0,0,0,0,52376,113,5381,0,3,37290240,0,1048576,0,0,0,-1,-1
96633,Seminario sull'equipaggiamento,,70025,157086,0,-1,0,0,0,0,0,0,0,0,0,0,0,282,5381,0,2,40894728,0,520,0,0,0,-1,-1
96635,Tirocinio di potenziamento,,70026,157086,0,-1,0,0,0,0,0,0,0,0,0,0,0,282,5381,0,2,40894792,0,520,96633,0,0,-1,-1
96637,Simposio del Veterano,,70028,157086,0,-1,0,0,0,0,0,0,0,0,0,0,0,282,3313,0,2,40894728,0,520,96635,0,0,-1,-1
96639,Pattugliamento del tempio,,70029,162111,0,-1,0,0,0,0,0,0,0,0,0,0,53200,1,6146,0,2,40894792,40960,520,0,0,0,-1,-1
96640,Bottino dei maledetti,,70030,162111,0,-1,0,0,0,0,0,0,0,0,0,0,53201,1,6146,0,2,40894792,40960,520,0,0,0,-1,-1
96641,Affondi implacabili,,70031,162111,0,-1,0,0,0,0,0,0,0,0,0,0,53202,1,6146,0,2,40894792,40960,520,0,0,0,-1,-1
96642,Incursioni decisive,,70032,162111,0,-1,0,0,0,0,0,0,0,0,0,0,53203,1,6146,0,2,40894792,40960,520,0,0,0,-1,-1
96643,Da dove è venuto,,70033,162111,0,-1,0,0,0,0,0,0,0,0,0,0,53204,1,6146,0,2,40894792,40960,520,0,0,0,-1,-1
96644,Essenza della malizia,,70034,162111,0,-1,0,0,0,0,0,0,0,0,0,0,53205,1,6146,0,2,40894792,40960,520,0,0,0,-1,-1
96649,Chiave di volta degli Emblemi della Nebbia,,70038,157086,0,-1,0,0,0,0,0,0,0,0,0,0,0,282,5381,0,2,40894792,0,520,96637,0,0,-1,-1
96650,Placa la Tempesta di Spore,,70039,158245,0,-1,0,0,0,0,0,0,0,0,0,0,52393,283,3321,0,3,41484544,0,268435456,0,0,0,-1,-1
96651,Placa la Tempesta di Spore,,70040,158245,0,-1,0,0,0,0,0,0,0,0,0,0,52394,283,3321,0,3,41484544,0,268435456,0,0,0,-1,-1
96660,Fionda di viticci del Relitto,,70044,158245,0,-1,0,0,0,0,0,0,0,0,0,0,52358,283,3321,0,3,37290240,0,0,0,0,0,-1,-1
96668,Placa la Tempesta di Spore,,70051,158245,0,-1,0,0,0,0,0,0,0,0,0,0,52406,283,3321,0,3,41484544,0,268435456,0,0,0,-1,-1
96688,Fionda di viticci di Forgiaspore,,70070,158245,0,-1,0,0,0,0,0,0,0,0,0,0,52418,283,3321,0,3,37290240,0,0,0,0,0,-1,-1
96689,Fionda di viticci dei Campi di Prova,,70071,158245,0,-1,0,0,0,0,0,0,0,0,0,0,52419,283,3321,0,3,37290240,0,0,0,0,0,-1,-1
96691,Fionda di viticci del Punto di Comando,,70072,158245,0,-1,0,0,0,0,0,0,0,0,0,0,52420,283,3321,0,3,37290240,0,0,0,0,0,-1,-1
96693,Fionda di viticci del Porto del Nexus,,70074,158245,0,-1,0,0,0,0,0,0,0,0,0,0,52421,283,3321,0,3,37290240,0,0,0,0,0,-1,-1
96695,Fionda di viticci dei Recinti,,70076,158245,0,-1,0,0,0,0,0,0,0,0,0,0,52422,283,3321,0,3,37290240,0,0,0,0,0,-1,-1
96696,Fionda di viticci del Campo Base,,70077,158245,0,-1,0,0,0,0,0,0,0,0,0,0,52423,283,3321,0,3,37290240,0,0,0,0,0,-1,-1
96697,Fionda di viticci della Costa dell'Estrazione,,70078,158245,0,-1,0,0,0,0,0,0,0,0,0,0,52424,283,3321,0,3,37290240,0,0,0,0,0,-1,-1
96698,Fionda di viticci della Palude,,70079,158245,0,-1,0,0,0,0,0,0,0,0,0,0,52425,283,3321,0,3,37290240,0,0,0,0,0,-1,-1
96699,Fionda di viticci della Cima dei Funghi,,70080,158245,0,-1,0,0,0,0,0,0,0,0,0,0,52426,283,3321,0,3,37290240,0,0,0,0,0,-1,-1
96725,Scintille di Guerra: Val,,70106,147396,0,-1,0,0,0,0,0,0,0,0,0,0,50638,0,3313,0,2,35651592,2105344,776,0,0,0,-1,-1
96726,Scintille di Guerra: Naigtal,,70107,147396,0,-1,0,0,0,0,0,0,0,0,0,0,50639,0,3313,0,2,35651592,2105344,776,0,0,0,-1,-1
96746,Sporandia: Fangorrido,,70125,0,0,-1,0,0,0,0,0,0,0,0,0,0,0,62,6116,0,2,40894536,8192,512,0,0,0,-1,-1
96808,Scintille di Guerra: Isola Serpeggiante,,70186,147396,0,-1,0,0,0,0,0,0,0,0,0,0,52600,0,3313,0,2,35651592,2105344,776,0,0,0,-1,-1
96809,Traslocatore della Manaforgia Esterno,,70187,157951,0,-1,0,0,0,0,0,0,0,0,0,0,0,0,3321,0,2,40894472,8320,520,0,0,0,-1,-1
96910,Barilotto,,70282,9485,0,-1,0,0,0,0,0,0,0,0,0,0,0,0,298,0,0,33554432,0,520,0,0,0,-1,-1
96911,Barilotto,,70283,9485,0,-1,0,0,0,0,0,0,0,0,0,0,0,0,298,0,0,33554432,0,520,0,0,0,-1,-1
96922,Barilotto,,70294,9485,0,-1,0,0,0,0,0,0,0,0,0,0,0,0,298,0,0,33554432,0,520,0,0,0,-1,-1
96923,Barilotto,,70295,9485,0,-1,0,0,0,0,0,0,0,0,0,0,0,0,298,0,0,33554432,0,520,0,0,0,-1,-1
96924,Barilotto,,70296,9485,0,-1,0,0,0,0,0,0,0,0,0,0,0,0,298,0,0,33554432,0,520,0,0,0,-1,-1
96925,Barilotto,,70297,9485,0,-1,0,0,0,0,0,0,0,0,0,0,0,0,298,0,0,33554432,0,520,0,0,0,-1,-1
96926,Barilotto,,70298,9485,0,-1,0,0,0,0,0,0,0,0,0,0,0,0,298,0,0,33554432,0,520,0,0,0,-1,-1
96941,Una punizione pertinente,,70311,158242,0,-1,0,0,0,0,0,0,0,0,0,0,51289,289,3313,0,3,37323072,8192,268435976,0,0,0,-1,-1
96942,"Oh, capitano, muori, capitano!",,70312,158244,0,-1,0,0,0,0,0,0,0,0,0,0,51372,289,3313,0,3,37323072,8192,268435976,0,0,0,-1,-1
96945,Tracking Quest,,70316,0,0,-1,0,0,0,0,0,0,0,0,0,0,0,0,0,0,3,36701184,0,8,0,0,0,-1,-1
96946,Tracking Quest,,70317,0,0,-1,0,0,0,0,0,0,0,0,0,0,0,0,0,0,3,36701184,0,8,0,0,0,-1,-1
96947,Tracking Quest,,70318,0,0,-1,0,0,0,0,0,0,0,0,0,0,0,0,0,0,3,36701184,0,8,0,0,0,-1,-1
96952,Barilotto,,70323,9485,0,-1,0,0,0,0,0,0,0,0,0,0,0,0,298,0,0,33554432,0,520,0,0,0,-1,-1
96995,Respingere l'ondata,,70358,160444,0,-1,0,0,0,0,0,0,0,0,0,0,0,284,6145,0,2,40927552,8192,520,0,0,0,-1,-1
97031,Commiato di Vilaldoun,,70387,158455,0,-1,0,0,0,0,0,0,0,0,0,0,0,0,3321,0,2,40894464,8192,512,0,0,0,-1,-1
97088,C'è ancora molto da fare,,70437,158770,0,-1,0,0,0,0,0,0,0,0,0,0,0,284,3321,0,3,104333312,0,4202504,0,0,0,-1,-1
97089,C'è ancora molto da fare,,70437,158788,0,-1,0,0,0,0,0,0,0,0,0,0,0,284,3313,0,3,104333312,0,4202504,0,0,0,-1,-1
97128,Antro: Invocatrice dell'Onda Nymrissa,,70472,160922,0,-1,0,0,0,0,0,0,0,0,0,0,0,289,5857,0,3,37323072,0,8,0,0,0,-1,-1
97215,Un assalto secondario,,70535,159111,0,-1,0,0,0,0,0,0,0,0,0,0,0,0,3321,0,2,40894472,4202496,524800,0,0,0,-1,-1
97256,Far fuori i migliori (Eroica),,70576,159231,0,-1,0,0,0,0,0,0,0,0,0,0,0,0,3313,0,2,36700488,0,512,0,0,0,-1,-1
97321,Spoglie serpeggianti,,70638,0,0,-1,0,0,0,0,0,0,0,0,0,0,0,0,3313,0,2,573571080,0,512,97454,0,0,-1,-1
97454,Ripasso Stagionale: Midnight,,70758,153279,0,-1,0,0,0,0,0,0,0,0,0,0,0,282,3313,0,2,40894472,0,512,90806,0,0,-1,-1
97482,Zanne indimenticabili,,70784,0,0,-1,0,0,0,0,0,0,0,0,0,0,0,0,3313,0,2,36700168,0,512,97321,0,0,-1,-1
97945,All'ombra del Catalizzatore,,71181,153279,0,-1,0,0,0,0,0,0,0,0,0,0,0,282,6157,0,2,36700168,8322,520,0,0,0,-1,-1
97978,Potenziale prismatico,,71189,153279,0,-1,0,0,0,0,0,0,0,0,0,0,0,282,6157,0,2,36700168,8322,520,97945,0,0,-1,-1
97981,Benedizioni ombrali del Catalizzatore,,71193,160311,0,-1,0,0,0,0,0,0,0,0,0,0,0,282,6157,0,0,36700160,8322,520,97978,0,0,-1,-1
98012,Nucleo del Vuoto Nebuloso: Emblema della Nebbia del Veterano,,0,160292,0,-1,0,0,0,0,0,0,0,0,0,0,0,0,3320,0,0,36700160,32768,268435976,97981,0,0,-1,-1
98015,Nuclei del Vuoto Nebulosi: Marna di Lucevuota,,0,160292,0,-1,0,0,0,0,0,0,0,0,0,0,0,0,3320,0,0,36700160,32768,268435976,97981,0,0,-1,-1
98016,Nucleo del Vuoto Nebuloso: Oro,,0,160292,0,-1,0,0,0,0,0,0,0,0,0,0,0,0,3320,0,0,36700160,32768,268435976,97981,0,0,-1,-1
98220,Altare delle Zanne,,71421,149827,0,-1,0,0,0,0,0,0,0,0,0,0,53338,81,5381,0,2,36700424,0,520,0,0,0,-1,-1
98302,Tracking Quest,,71499,0,0,-1,0,0,0,0,0,0,0,0,0,0,0,0,0,0,3,36701184,0,8,0,0,0,-1,-1
98303,Tracking Quest,,71500,0,0,-1,0,0,0,0,0,0,0,0,0,0,0,0,0,0,3,36701184,0,8,0,0,0,-1,-1
98304,Tracking Quest,,71501,0,0,-1,0,0,0,0,0,0,0,0,0,0,0,0,0,0,3,36701184,0,8,0,0,0,-1,-1
98305,Tracking Quest,,71502,0,0,-1,0,0,0,0,0,0,0,0,0,0,0,0,0,0,3,36701184,0,8,0,0,0,-1,-1
98306,Tracking Quest,,71503,0,0,-1,0,0,0,0,0,0,0,0,0,0,0,0,0,0,3,36701184,0,8,0,0,0,-1,-1
98307,Tracking Quest,,71504,0,0,-1,0,0,0,0,0,0,0,0,0,0,0,0,0,0,3,36701184,0,8,0,0,0,-1,-1
98308,Tracking Quest,,71505,0,0,-1,0,0,0,0,0,0,0,0,0,0,0,0,0,0,3,36701184,0,8,0,0,0,-1,-1
98419,Spalla a spalla,,71603,162111,0,-1,0,0,0,0,0,0,0,0,0,0,53533,1,6146,0,2,40894792,40960,520,0,0,0,-1,-1
98420,Cosa c'è là fuori?,,71604,162111,0,-1,0,0,0,0,0,0,0,0,0,0,53534,1,6146,0,2,40894792,40960,520,0,0,0,-1,-1
