ID,Name_lang,Description_lang,ReputationIndex,ParentFactionID,Expansion,FriendshipRepID,Flags,ParagonFactionID,RenownFactionID,RenownCurrencyID,ReputationClassMask[0],ReputationClassMask[1],ReputationClassMask[2],ReputationClassMask[3],ReputationFlags[0],ReputationFlags[1],ReputationFlags[2],ReputationFlags[3],ReputationBase[0],ReputationBase[1],ReputationBase[2],ReputationBase[3],ReputationMax[0],ReputationMax[1],ReputationMax[2],ReputationMax[3],ParentFactionMod[0],ParentFactionMod[1],ParentFactionCap[0],ParentFactionCap[1],ReputationRaceMasks0[0],ReputationRaceMasks0[1],ReputationRaceMasks1[0],ReputationRaceMasks1[1],ReputationRaceMasks2[0],ReputationRaceMasks2[1],ReputationRaceMasks3[0],ReputationRaceMasks3[1]
1,"JOUEUR, Humain",,-1,0,0,0,0,0,0,0,0,0,0,0,0,0,0,0,0,0,0,0,0,0,0,0,1,1,5,5,0,0,0,0,0,0,0,0
2,"JOUEUR, Orc",,-1,0,0,0,0,0,0,0,0,0,0,0,0,0,0,0,0,0,0,0,0,0,0,0,1,1,5,5,0,0,0,0,0,0,0,0
3,"JOUEUR, Nain",,-1,0,0,0,0,0,0,0,0,0,0,0,0,0,0,0,0,0,0,0,0,0,0,0,1,1,5,5,0,0,0,0,0,0,0,0
4,"JOUEUR, Elfe de la nuit",,-1,0,0,0,0,0,0,0,0,0,0,0,0,0,0,0,0,0,0,0,0,0,0,0,1,1,5,5,0,0,0,0,0,0,0,0
5,"JOUEUR, Mort-vivant",,-1,0,0,0,0,0,0,0,0,0,0,0,0,0,0,0,0,0,0,0,0,0,0,0,1,1,5,5,0,0,0,0,0,0,0,0
6,"JOUEUR, Tauren",,-1,0,0,0,0,0,0,0,0,0,0,0,0,0,0,0,0,0,0,0,0,0,0,0,1,1,5,5,0,0,0,0,0,0,0,0
7,Créature,,-1,0,0,0,0,0,0,0,0,0,0,0,0,0,0,0,0,0,0,0,0,0,0,0,1,1,5,5,0,0,0,0,0,0,0,0
8,"JOUEUR, Gnome",,-1,0,0,0,0,0,0,0,0,0,0,0,0,0,0,0,0,0,0,0,0,0,0,0,1,1,5,5,0,0,0,0,0,0,0,0
9,"JOUEUR, Troll",,-1,0,0,0,0,0,0,0,0,0,0,0,0,0,0,0,0,0,0,0,0,0,0,0,1,1,5,5,0,0,0,0,0,0,0,0
14,Monstre,,-1,0,0,0,0,0,0,0,0,0,0,0,0,0,0,0,0,0,0,0,0,0,0,0,1,1,5,5,0,0,0,0,0,0,0,0
15,Confrérie défias,,-1,0,0,0,0,0,0,0,0,0,0,0,0,0,0,0,0,0,0,0,0,0,0,0,1,1,5,5,0,0,0,0,0,0,0,0
16,Gnoll - Rivepatte,,-1,0,0,0,0,0,0,0,0,0,0,0,0,0,0,0,0,0,0,0,0,0,0,0,1,1,5,5,0,0,0,0,0,0,0,0
17,Gnoll - Carmines,,-1,0,0,0,0,0,0,0,0,0,0,0,0,0,0,0,0,0,0,0,0,0,0,0,1,1,5,5,0,0,0,0,0,0,0,0
18,Gnoll - Sombrepoil,,-1,0,0,0,0,0,0,0,0,0,0,0,0,0,0,0,0,0,0,0,0,0,0,0,1,1,5,5,0,0,0,0,0,0,0,0
19,Murloc,,-1,0,0,0,0,0,0,0,0,0,0,0,0,0,0,0,0,0,0,0,0,0,0,0,1,1,5,5,0,0,0,0,0,0,0,0
20,"Mort-vivant, Fléau",,-1,0,0,0,0,0,0,0,0,0,0,0,0,0,0,0,0,0,0,0,0,0,0,0,1,1,5,5,0,0,0,0,0,0,0,0
21,Baie-du-Butin,"Cette ville portuaire en pleine expansion est dirigée par le baron Revilgaz, des Écumeurs des Flots noirs. Ces derniers appartiennent au cartel Gentepression, et sont des ennemis mortels des boucaniers de la Voile sanglante.",1,169,0,0,0,0,0,0,0,0,0,0,64,0,0,0,500,0,0,0,42000,0,0,0,1,0.5,7,5,-1,-1,0,0,0,0,0,0
22,Bête - Araignée,,-1,0,0,0,0,0,0,0,0,0,0,0,0,0,0,0,0,0,0,0,0,0,0,0,1,1,5,5,0,0,0,0,0,0,0,0
23,Bête - Sanglier,,-1,0,0,0,0,0,0,0,0,0,0,0,0,0,0,0,0,0,0,0,0,0,0,0,1,1,5,5,0,0,0,0,0,0,0,0
24,Worgen,,-1,0,0,0,0,0,0,0,0,0,0,0,0,0,0,0,0,0,0,0,0,0,0,0,1,1,5,5,0,0,0,0,0,0,0,0
25,Kobold,,-1,0,0,0,0,0,0,0,0,0,0,0,0,0,0,0,0,0,0,0,0,0,0,0,1,1,5,5,0,0,0,0,0,0,0,0
26,"Troll, Scalp-rouge",,-1,0,0,0,0,0,0,0,0,0,0,0,0,0,0,0,0,0,0,0,0,0,0,0,1,1,5,5,0,0,0,0,0,0,0,0
27,"Troll, Casse-crâne",,-1,0,0,0,0,0,0,0,0,0,0,0,0,0,0,0,0,0,0,0,0,0,0,0,1,1,5,5,0,0,0,0,0,0,0,0
28,Proie,,-1,0,0,0,0,0,0,0,0,0,0,0,0,0,0,0,0,0,0,0,0,0,0,0,1,1,5,5,0,0,0,0,0,0,0,0
29,Bête - Loup,,-1,0,0,0,0,0,0,0,0,0,0,0,0,0,0,0,0,0,0,0,0,0,0,0,1,1,5,5,0,0,0,0,0,0,0,0
30,Traître de la Confrérie défias,,-1,0,0,0,0,0,0,0,0,0,0,0,0,0,0,0,0,0,0,0,0,0,0,0,1,1,5,5,0,0,0,0,0,0,0,0
31,Bienveillant,,-1,0,0,0,0,0,0,0,0,0,0,0,0,0,0,0,0,0,0,0,0,0,0,0,1,1,5,5,0,0,0,0,0,0,0,0
32,Trogg,,-1,0,0,0,0,0,0,0,0,0,0,0,0,0,0,0,0,0,0,0,0,0,0,0,1,1,5,5,0,0,0,0,0,0,0,0
33,"Troll, Crins-de-Givre",,-1,0,0,0,0,0,0,0,0,0,0,0,0,0,0,0,0,0,0,0,0,0,0,0,1,1,5,5,0,0,0,0,0,0,0,0
34,"Orc, Rochenoire",,-1,0,0,0,0,0,0,0,0,0,0,0,0,0,0,0,0,0,0,0,0,0,0,0,1,1,5,5,0,0,0,0,0,0,0,0
35,Méchant,,-1,0,0,0,0,0,0,0,0,0,0,0,0,0,0,0,0,0,0,0,0,0,0,0,1,1,5,5,0,0,0,0,0,0,0,0
36,Victime,,-1,0,0,0,0,0,0,0,0,0,0,0,0,0,0,0,0,0,0,0,0,0,0,0,1,1,5,5,0,0,0,0,0,0,0,0
37,Bête - Ours,,-1,0,0,0,0,0,0,0,0,0,0,0,0,0,0,0,0,0,0,0,0,0,0,0,1,1,5,5,0,0,0,0,0,0,0,0
38,Ogre,,-1,0,0,0,0,0,0,0,0,0,0,0,0,0,0,0,0,0,0,0,0,0,0,0,1,1,5,5,0,0,0,0,0,0,0,0
39,Mercenaires de Kurzen,,-1,0,0,0,0,0,0,0,0,0,0,0,0,0,0,0,0,0,0,0,0,0,0,0,1,1,5,5,0,0,0,0,0,0,0,0
40,Escorteur,,-1,0,0,0,0,0,0,0,0,0,0,0,0,0,0,0,0,0,0,0,0,0,0,0,1,1,5,5,0,0,0,0,0,0,0,0
41,KapitalRisk,,-1,0,0,0,0,0,0,0,0,0,0,0,0,0,0,0,0,0,0,0,0,0,0,0,1,1,5,5,0,0,0,0,0,0,0,0
42,Bête - Raptor,,-1,0,0,0,0,0,0,0,0,0,0,0,0,0,0,0,0,0,0,0,0,0,0,0,1,1,5,5,0,0,0,0,0,0,0,0
43,Basilic,,-1,0,0,0,0,0,0,0,0,0,0,0,0,0,0,0,0,0,0,0,0,0,0,0,1,1,5,5,0,0,0,0,0,0,0,0
44,Vol vert,,-1,0,0,0,0,0,0,0,0,0,0,0,0,0,0,0,0,0,0,0,0,0,0,0,1,1,5,5,0,0,0,0,0,0,0,0
45,Perdus,,-1,0,0,0,0,0,0,0,0,0,0,0,0,0,0,0,0,0,0,0,0,0,0,0,1,1,5,5,0,0,0,0,0,0,0,0
46,Forge - Fabricant d'armure,,29,0,0,0,0,0,0,0,0,0,0,0,4,0,0,0,0,0,0,0,3000,0,0,0,1,1,5,5,-1,-1,0,0,0,0,0,0
47,Forgefer,"Résidence du roi Magni, cette capitale de l’Alliance fait la fierté des nains de Dun Morogh.",20,469,0,0,0,0,0,0,0,0,0,0,273,6,17,0,3100,-42000,4000,0,42000,-42000,42000,0,1,0.25,4,7,-1322957751,0,1309324210,-1440044374,2052,0,0,0
48,Nains sombrefer,,-1,0,0,0,0,0,0,0,0,0,0,0,0,0,0,0,0,0,0,0,0,0,0,0,1,1,5,5,0,0,0,0,0,0,0,0
49,"Humain, Veilleur",,-1,0,0,0,0,0,0,0,0,0,0,0,0,0,0,0,0,0,0,0,0,0,0,0,1,1,5,5,0,0,0,0,0,0,0,0
50,Vol rouge,,-1,0,0,0,0,0,0,0,0,0,0,0,0,0,0,0,0,0,0,0,0,0,0,0,1,1,5,5,0,0,0,0,0,0,0,0
51,Gnoll - Poil-moussu,,-1,0,0,0,0,0,0,0,0,0,0,0,0,0,0,0,0,0,0,0,0,0,0,0,1,1,5,5,0,0,0,0,0,0,0,0
52,"Orc, Gueule-de-dragon gangrené",,-1,0,0,0,0,0,0,0,0,0,0,0,0,0,0,0,0,0,0,0,0,0,0,0,1,1,5,5,0,0,0,0,0,0,0,0
53,Gnome - Lépreux,,-1,0,0,0,0,0,0,0,0,0,0,0,0,0,0,0,0,0,0,0,0,0,0,0,1,1,5,5,0,0,0,0,0,0,0,0
54,Gnomeregan,Les anciens habitants de Gnomeregan vivent aujourd’hui à la Nouvelle-Brikabrok et se sont associés à l’Alliance.,18,469,0,0,0,0,0,0,0,0,0,0,273,6,17,0,3100,-42000,4000,0,42000,-42000,42000,0,1,0.25,4,7,-1321923571,0,1309324210,-1440044374,16448,0,0,0
55,Léopard,,-1,0,0,0,0,0,0,0,0,0,0,0,0,0,0,0,0,0,0,0,0,0,0,0,1,1,5,5,0,0,0,0,0,0,0,0
56,Croisade écarlate,,-1,0,0,0,0,0,0,0,0,0,0,0,0,0,0,0,0,0,0,0,0,0,0,0,1,1,5,5,0,0,0,0,0,0,0,0
57,Gnoll - Poil-putride,,-1,0,0,0,0,0,0,0,0,0,0,0,0,0,0,0,0,0,0,0,0,0,0,0,1,1,5,5,0,0,0,0,0,0,0,0
58,Bête - Gorille,,-1,0,0,0,0,0,0,0,0,0,0,0,0,0,0,0,0,0,0,0,0,0,0,0,1,1,5,5,0,0,0,0,0,0,0,0
59,Confrérie du thorium,"Les nains de la Confrérie du thorium personnifient l’excellence dans l’artisanat, et sont résolus à percer les secrets du mont Rochenoire.",4,1118,0,0,0,0,0,0,0,0,0,0,16,0,0,0,0,0,0,0,42000,0,0,0,0,0,5,5,-1,-1,0,0,0,0,0,0
60,Naga,,-1,0,0,0,0,0,0,0,0,0,0,0,0,0,0,0,0,0,0,0,0,0,0,0,1,1,5,5,0,0,0,0,0,0,0,0
61,Dalaran,,-1,0,0,0,0,0,0,0,0,0,0,0,0,0,0,0,0,0,0,0,0,0,0,0,1,1,5,5,0,0,0,0,0,0,0,0
62,Esprit mélancolique,,-1,0,0,0,0,0,0,0,0,0,0,0,0,0,0,0,0,0,0,0,0,0,0,0,1,1,5,5,0,0,0,0,0,0,0,0
63,Rugissombre,,-1,0,0,0,0,0,0,0,0,0,0,0,0,0,0,0,0,0,0,0,0,0,0,0,1,1,5,5,0,0,0,0,0,0,0,0
64,Grell,,-1,0,0,0,0,0,0,0,0,0,0,0,0,0,0,0,0,0,0,0,0,0,0,0,1,1,5,5,0,0,0,0,0,0,0,0
65,Furbolg,,-1,0,0,0,0,0,0,0,0,0,0,0,0,0,0,0,0,0,0,0,0,0,0,0,1,1,5,5,0,0,0,0,0,0,0,0
66,Horde Générique,,-1,0,0,0,0,0,0,0,0,0,0,0,0,0,0,0,0,0,0,0,0,0,0,0,1,1,5,5,0,0,0,0,0,0,0,0
67,Horde,,12,1118,0,0,0,0,0,0,0,0,0,0,25,14,0,0,3500,-42000,0,0,42000,-42000,0,0,0,0,5,5,1309324210,-1440044374,-1321907123,1427461461,0,0,0,0
68,Fossoyeuse,"Dirigés par Sylvanas Coursevent, les Réprouvés ont établi une alliance ténue avec la Horde et se sont installés dans les vastes catacombes qui s’étendent sous les ruines de Lordaeron.",17,67,0,0,0,0,0,0,0,0,0,0,273,6,17,17,500,-42000,4000,3100,42000,-42000,42000,42000,1,0.25,4,7,1309323682,0,-1321907123,1427461461,16,0,512,0
69,Darnassus,"Située sur l’île de Teldrassil, cette capitale de l’Alliance est la demeure des Elfes de la nuit. Elle est dirigée par la prêtresse de la Lune, Tyrande Murmevent.",21,469,0,0,0,0,0,0,0,0,0,0,273,6,17,0,3100,-42000,4000,0,42000,-42000,42000,0,1,0.25,4,7,-1321907131,0,1309324210,-1440044374,8,0,0,0
70,Syndicat,"Cette organisation criminelle, composée d’une majorité d’Humains, opère depuis les montagnes d’Alterac et les contreforts de Hautebrande.",6,1118,0,0,0,0,0,0,0,0,0,0,2,0,0,0,-10000,0,0,0,0,0,0,0,0,0,5,5,-1,-1,0,0,0,0,0,0
71,Milice de Hautebrande,,-1,0,0,0,0,0,0,0,0,0,0,0,0,0,0,0,0,0,0,0,0,0,0,0,1,1,5,5,0,0,0,0,0,0,0,0
72,Hurlevent,Cette capitale de l’Alliance est l’un des derniers bastions de la puissance des Humains. Elle est gouvernée avec sagesse par le jeune roi Anduin Wrynn.,19,469,0,0,0,0,0,0,0,0,0,0,273,6,17,0,3100,-42000,4000,0,42000,-42000,42000,0,1,0.25,4,7,825576524,0,1309324210,-1440044374,-2147483647,0,0,0
73,Démon,,-1,0,0,0,0,0,0,0,0,0,0,0,0,0,0,0,0,0,0,0,0,0,0,0,1,1,5,5,0,0,0,0,0,0,0,0
74,Élémentaire,,-1,0,0,0,0,0,0,0,0,0,0,0,0,0,0,0,0,0,0,0,0,0,0,0,1,1,5,5,0,0,0,0,0,0,0,0
75,Esprit,,-1,0,0,0,0,0,0,0,0,0,0,0,0,0,0,0,0,0,0,0,0,0,0,0,1,1,5,5,0,0,0,0,0,0,0,0
76,Orgrimmar,"Fondée par Thrall, cette capitale de la Horde abrite les nombreux et fiers clans orcs de Durotar.",14,67,0,0,0,0,0,0,0,0,0,0,273,6,17,17,3100,-42000,4000,500,42000,-42000,42000,42000,1,0.25,4,7,1309315488,0,-1321907123,1427461461,8194,0,528,0
77,Trésor,,-1,0,0,0,0,0,0,0,0,0,0,0,0,0,0,0,0,0,0,0,0,0,0,0,1,1,5,5,0,0,0,0,0,0,0,0
78,Gnoll - Fangemufle,,-1,0,0,0,0,0,0,0,0,0,0,0,0,0,0,0,0,0,0,0,0,0,0,0,1,1,5,5,0,0,0,0,0,0,0,0
79,"Hautebrande, maire d’Austrivage",,-1,0,0,0,0,0,0,0,0,0,0,0,0,0,0,0,0,0,0,0,0,0,0,0,1,1,5,5,0,0,0,0,0,0,0,0
80,Vol Noir,,-1,0,0,0,0,0,0,0,0,0,0,0,0,0,0,0,0,0,0,0,0,0,0,0,1,1,5,5,0,0,0,0,0,0,0,0
81,Pitons-du-Tonnerre,"Baine Sabot-de-Sang dirige son peuple, les fiers Taurens, depuis cette puissante capitale de la Horde.",16,67,0,0,0,0,0,0,0,0,0,0,273,6,17,17,3100,-42000,500,4000,42000,-42000,42000,42000,1,0.25,4,7,1175105922,0,-1321907123,1427461461,528,0,134217760,0
82,"Troll, Fanécorce",,-1,0,0,0,0,0,0,0,0,0,0,0,0,0,0,0,0,0,0,0,0,0,0,0,1,1,5,5,0,0,0,0,0,0,0,0
83,Travail du cuir - Élémentaire,,23,0,0,0,0,0,0,0,0,0,0,0,4,0,0,0,2999,0,0,0,3000,0,0,0,1,1,5,5,-1,-1,0,0,0,0,0,0
84,"Huran, Tranchecrin",,-1,0,0,0,0,0,0,0,0,0,0,0,0,0,0,0,0,0,0,0,0,0,0,0,1,1,5,5,0,0,0,0,0,0,0,0
85,"Huran, Dos-hirsute",,-1,0,0,0,0,0,0,0,0,0,0,0,0,0,0,0,0,0,0,0,0,0,0,0,1,1,5,5,0,0,0,0,0,0,0,0
86,Travail du cuir - Écailles de dragon,,22,0,0,0,0,0,0,0,0,0,0,0,4,0,0,0,2999,0,0,0,3000,0,0,0,1,1,5,5,-1,-1,0,0,0,0,0,0
87,Voile sanglante,"Ennemis jurés de Baie-du-Butin, ces corsaires assoiffés de sang sont la plaie des nombreux marchands qui naviguent en haute mer.",0,1118,0,0,0,0,0,0,0,0,0,0,2,0,0,0,-6500,0,0,0,42000,0,0,0,0,0,5,5,-1,-1,0,0,0,0,0,0
88,Brassenoire,,-1,0,0,0,0,0,0,0,0,0,0,0,0,0,0,0,0,0,0,0,0,0,0,0,1,1,5,5,0,0,0,0,0,0,0,0
89,Makrura,,-1,0,0,0,0,0,0,0,0,0,0,0,0,0,0,0,0,0,0,0,0,0,0,0,1,1,5,5,0,0,0,0,0,0,0,0
90,Centaures (Kolkar),,-1,0,0,0,0,0,0,0,0,0,0,0,0,0,0,0,0,0,0,0,0,0,0,0,1,1,5,5,0,0,0,0,0,0,0,0
91,Centaures (Galak),,-1,0,0,0,0,0,0,0,0,0,0,0,0,0,0,0,0,0,0,0,0,0,0,0,1,1,5,5,0,0,0,0,0,0,0,0
92,Centaures (Gelkis),"Ennemis mortels des centaures Magram, ces centaures se sont établis dans la région méridionale de Désolace.",2,1118,0,0,0,0,0,0,0,0,0,0,2,0,0,0,2000,0,0,0,42000,0,0,0,0,0,5,5,-1,-1,0,0,0,0,0,0
93,Centaures (Magram),"Ennemis mortels des centaures Gelkis, ces centaures résident dans la région orientale de Désolace.",3,1118,0,0,0,0,0,0,0,0,0,0,2,0,0,0,2000,0,0,0,42000,0,0,0,0,0,5,5,-1,-1,0,0,0,0,0,0
94,Maraudine,,-1,0,0,0,0,0,0,0,0,0,0,0,0,0,0,0,0,0,0,0,0,0,0,0,1,1,5,5,0,0,0,0,0,0,0,0
108,Theramore,,-1,0,0,0,0,0,0,0,0,0,0,0,0,0,0,0,0,0,0,0,0,0,0,0,1,1,5,5,0,0,0,0,0,0,0,0
109,"Huran, Tranchebauge",,-1,0,0,0,0,0,0,0,0,0,0,0,0,0,0,0,0,0,0,0,0,0,0,0,1,1,5,5,0,0,0,0,0,0,0,0
110,"Huran, Tranchecrin 2",,-1,0,0,0,0,0,0,0,0,0,0,0,0,0,0,0,0,0,0,0,0,0,0,0,1,1,5,5,0,0,0,0,0,0,0,0
111,"Huran, Tête de mort",,-1,0,0,0,0,0,0,0,0,0,0,0,0,0,0,0,0,0,0,0,0,0,0,0,1,1,5,5,0,0,0,0,0,0,0,0
128,Ennemi,,-1,0,0,0,0,0,0,0,0,0,0,0,0,0,0,0,0,0,0,0,0,0,0,0,1,1,5,5,0,0,0,0,0,0,0,0
148,Ambiant,,-1,0,0,0,0,0,0,0,0,0,0,0,0,0,0,0,0,0,0,0,0,0,0,0,1,1,5,5,0,0,0,0,0,0,0,0
168,Caravane de Rempart-du-Néant,,-1,0,0,0,0,0,0,0,0,0,0,0,0,0,0,0,0,0,0,0,0,0,0,0,1,1,5,5,0,0,0,0,0,0,0,0
169,Cartel Gentepression,,10,1118,0,0,0,0,0,0,0,0,0,0,12,0,0,0,500,0,0,0,42000,0,0,0,0,0,5,5,-1,-1,0,0,0,0,0,0
189,Alliance (Générique),,-1,0,0,0,0,0,0,0,0,0,0,0,0,0,0,0,0,0,0,0,0,0,0,0,1,1,5,5,0,0,0,0,0,0,0,0
209,Rempart-du-Néant,,-1,0,0,0,0,0,0,0,0,0,0,0,0,0,0,0,0,0,0,0,0,0,0,0,1,1,5,5,0,0,0,0,0,0,0,0
229,Cavernes des Lamentations,,-1,0,0,0,0,0,0,0,0,0,0,0,0,0,0,0,0,0,0,0,0,0,0,0,1,1,5,5,0,0,0,0,0,0,0,0
249,Silithides,,-1,0,0,0,0,0,0,0,0,0,0,0,0,0,0,0,0,0,0,0,0,0,0,0,1,1,5,5,0,0,0,0,0,0,0,0
269,Survivants de Lune-d’Argent,,-1,0,0,0,0,0,0,0,0,0,0,0,0,0,0,0,0,0,0,0,0,0,0,0,1,1,5,5,0,0,0,0,0,0,0,0
270,Tribu Zandalar,"Ces Trolls sont venus sur l’île de Yojamba pour tenter de trouver de l’aide contre le Dieu sanglant ressuscité et ses prêtres atal’ai, à Zul'Gurub.",51,1118,0,0,0,0,0,0,0,0,0,0,16,0,0,0,0,0,0,0,42000,0,0,0,0,0,5,5,-1,-1,0,0,0,0,0,0
289,Forge - Fabricant d'armes,,30,0,0,0,0,0,0,0,0,0,0,0,4,0,0,0,0,0,0,0,3000,0,0,0,1,1,5,5,-1,-1,0,0,0,0,0,0
309,Scorpide,,-1,0,0,0,0,0,0,0,0,0,0,0,0,0,0,0,0,0,0,0,0,0,0,0,1,1,5,5,0,0,0,0,0,0,0,0
310,Bête - Chauve-souris,,-1,0,0,0,0,0,0,0,0,0,0,0,0,0,0,0,0,0,0,0,0,0,0,0,1,1,5,5,0,0,0,0,0,0,0,0
311,Titan,,-1,0,0,0,0,0,0,0,0,0,0,0,0,0,0,0,0,0,0,0,0,0,0,0,1,1,5,5,0,0,0,0,0,0,0,0
329,Sous-chef Fizzule,,-1,0,0,0,0,0,0,0,0,0,0,0,0,0,0,0,0,0,0,0,0,0,0,0,1,1,5,5,0,0,0,0,0,0,0,0
349,Ravenholdt,"Cette guilde de voleurs et d’assassins, ennemie jurée du Syndicat, n’accepte que les individus les plus talentueux.",5,1118,0,0,0,0,0,0,0,0,0,0,0,0,0,0,0,0,0,0,42000,0,0,0,0,0,5,5,-1,-1,0,0,0,0,0,0
369,Gadgetzan,"Capitale du cartel Gentepression, c’est la demeure des meilleurs ingénieurs, alchimistes et marchands gobelins.",7,169,0,0,0,0,0,0,0,0,0,0,64,0,0,0,500,0,0,0,42000,0,0,0,1,0.5,7,5,-1,-1,0,0,0,0,0,0
389,Insecte de Gnomeregan,,-1,0,0,0,0,0,0,0,0,0,0,0,0,0,0,0,0,0,0,0,0,0,0,0,1,1,5,5,0,0,0,0,0,0,0,0
409,Harpie,,-1,0,0,0,0,0,0,0,0,0,0,0,0,0,0,0,0,0,0,0,0,0,0,0,1,1,5,5,0,0,0,0,0,0,0,0
429,Lame-Ardente,,-1,0,0,0,0,0,0,0,0,0,0,0,0,0,0,0,0,0,0,0,0,0,0,0,1,1,5,5,0,0,0,0,0,0,0,0
449,Braconnier Ombresoie,,-1,0,0,0,0,0,0,0,0,0,0,0,0,0,0,0,0,0,0,0,0,0,0,0,1,1,5,5,0,0,0,0,0,0,0,0
450,Araignée des Vents brûlants,,-1,0,0,0,0,0,0,0,0,0,0,0,0,0,0,0,0,0,0,0,0,0,0,0,1,1,5,5,0,0,0,0,0,0,0,0
469,Alliance,,11,1118,0,0,0,0,0,0,0,0,0,0,25,14,0,0,3300,-42000,0,0,42000,-42000,0,0,0,0,5,5,-1321907123,1427461461,1309324210,-1440044374,0,0,0,0
470,Cabestan,Cette ville gobeline appartient au cartel Gentepression. Elle offre un abri neutre à tous ceux qui veulent échanger des biens et des services dans les Tarides.,9,169,0,0,0,0,0,0,0,0,0,0,64,0,0,0,500,0,0,0,42000,0,0,0,1,0.5,7,5,-1,-1,0,0,0,0,0,0
489,"Gobelin, client du bar sombrefer",,-1,0,0,0,0,0,0,0,0,0,0,0,0,0,0,0,0,0,0,0,0,0,0,0,1,1,5,5,0,0,0,0,0,0,0,0
509,Ligue d'Arathor,La Ligue d’Arathor tente de récupérer les terres perdues du bassin Arathi pour le compte de ses bienfaiteurs de Hurlevent.,53,891,0,0,0,0,0,0,0,0,0,0,16,2,0,0,0,-42000,0,0,42000,-42000,0,0,0,0,5,5,-1321907123,1427461461,1309324210,-1440044374,0,0,0,0
510,Profanateurs,Les Profanateurs cherchent à s’emparer des ressources inestimables du bassin Arathi au profit de la Horde.,52,892,0,0,0,0,0,0,0,0,0,0,16,2,0,0,0,-42000,0,0,42000,-42000,0,0,0,0,5,5,1309324210,-1440044374,-1321907123,1427461461,0,0,0,0
511,Géant,,-1,0,0,0,0,0,0,0,0,0,0,0,0,0,0,0,0,0,0,0,0,0,0,0,1,1,5,5,0,0,0,0,0,0,0,0
529,Aube d'argent,Cette organisation s’est vouée à protéger Azeroth contre la menace du Fléau. On trouve ses forteresses dans les Maleterres de l’Est et de l’Ouest.,13,1118,0,0,0,0,0,0,0,0,0,0,0,0,0,0,200,0,0,0,42000,0,0,0,0,0,5,5,-1,-1,0,0,0,0,0,0
530,Trolls sombrelances,Cette tribu de Trolls exilés a joint ses forces à celles de Thrall et de la Horde. Ils partagent désormais Durotar avec leurs alliés orcs.,15,67,0,0,0,0,0,0,0,0,0,0,273,6,17,17,3100,-42000,500,4000,42000,-42000,42000,42000,1,0.25,4,7,235581730,0,-1321907123,1427461461,528,0,1073741952,0
531,Vol de bronze,,-1,0,0,0,0,0,0,0,0,0,0,0,0,0,0,0,0,0,0,0,0,0,0,0,1,1,5,5,0,0,0,0,0,0,0,0
532,Vol bleu,,-1,0,0,0,0,0,0,0,0,0,0,0,0,0,0,0,0,0,0,0,0,0,0,0,1,1,5,5,0,0,0,0,0,0,0,0
549,Travail du cuir - Tribal,,24,0,0,0,0,0,0,0,0,0,0,0,4,0,0,0,2999,0,0,0,3000,0,0,0,1,1,5,5,-1,-1,0,0,0,0,0,0
550,Ingénieur - Gobelin,,26,0,0,0,0,0,0,0,0,0,0,0,4,0,0,0,2999,0,0,0,3000,0,0,0,1,1,5,5,-1,-1,0,0,0,0,0,0
551,Ingénieur - Gnome,,25,0,0,0,0,0,0,0,0,0,0,0,4,0,0,0,2999,0,0,0,3000,0,0,0,1,1,5,5,-1,-1,0,0,0,0,0,0
569,Forge - Fabricant de marteaux,,33,0,0,0,0,0,0,0,0,0,0,0,4,0,0,0,0,0,0,0,3000,0,0,0,1,1,5,5,-1,-1,0,0,0,0,0,0
570,Forge - Fabricant de haches,,31,0,0,0,0,0,0,0,0,0,0,0,4,0,0,0,0,0,0,0,3000,0,0,0,1,1,5,5,-1,-1,0,0,0,0,0,0
571,Forge - Fabricant d’épées,,32,0,0,0,0,0,0,0,0,0,0,0,4,0,0,0,0,0,0,0,3000,0,0,0,1,1,5,5,-1,-1,0,0,0,0,0,0
572,"Troll, Vilebranche",,-1,0,0,0,0,0,0,0,0,0,0,0,0,0,0,0,0,0,0,0,0,0,0,0,1,1,5,5,0,0,0,0,0,0,0,0
573,Flibustiers des mers du Sud,,-1,0,0,0,0,0,0,0,0,0,0,0,0,0,0,0,0,0,0,0,0,0,0,0,1,1,5,5,0,0,0,0,0,0,0,0
574,Caer Darrow,,34,0,0,0,0,0,0,0,0,0,0,0,4,0,0,0,0,0,0,0,42000,0,0,0,1,1,5,5,-1,-1,0,0,0,0,0,0
575,"Furbolg, non corrompu",,-1,0,0,0,0,0,0,0,0,0,0,0,0,0,0,0,0,0,0,0,0,0,0,0,1,1,5,5,0,0,0,0,0,0,0,0
576,Grumegueules,Les Grumegueules sont la dernière tribu furbolg à échapper à la corruption. Ils cherchent à préserver leur spiritualité et à mettre un terme aux souffrances de leur peuple.,35,1118,0,0,0,0,0,0,0,0,0,0,0,0,0,0,-2900,0,0,0,42000,0,0,0,0,0,5,5,-1,-1,0,0,0,0,0,0
577,Long-Guet,"Administré par les Gobelins du cartel Gentepression, ce comptoir se trouve au croisement des routes commerciales du Berceau-de-l’Hiver.",28,169,0,0,0,0,0,0,0,0,0,0,64,0,0,0,500,0,0,0,42000,0,0,0,1,0.5,7,5,-1,-1,0,0,0,0,0,0
589,Éleveurs de sabres-d'hiver,Ce petit groupe d’Elfes de la nuit vit en reclus. Ses membres élèvent et dressent des sabres-d’hiver au Berceau-de-l’Hiver.,27,1118,0,0,0,0,0,0,0,0,0,0,6,0,0,0,-42000,0,0,0,-42000,42000,0,0,0,0,5,5,1309324210,-1440044374,-1321907123,1427461461,0,0,0,0
609,Cercle cénarien,"Gardiens de la nature, les druides du Cercle cénarien ont établi leur demeure dans la paisible vallée de Reflet-de-Lune.",36,1118,0,0,0,0,0,0,7167,1024,0,0,16,16,0,0,0,2000,0,0,42000,42000,0,0,0,0,5,5,-1,-1,-878706520,0,0,0,0,0
629,Trolls Briselance,,-1,0,0,0,0,0,0,0,0,0,0,0,0,0,0,0,0,0,0,0,0,0,0,0,1,1,5,5,0,0,0,0,0,0,0,0
630,Éleveurs de ravasaures,,-1,0,0,0,0,0,0,0,0,0,0,0,0,0,0,0,0,0,0,0,0,0,0,0,1,1,5,5,0,0,0,0,0,0,0,0
649,Chambellan Executus,,-1,0,0,0,0,0,0,0,0,0,0,0,0,0,0,0,0,0,0,0,0,0,0,0,1,1,5,5,0,0,0,0,0,0,0,0
669,Bête - Charognard,,-1,0,0,0,0,0,0,0,0,0,0,0,0,0,0,0,0,0,0,0,0,0,0,0,1,1,5,5,0,0,0,0,0,0,0,0
670,Bête - Chat,,-1,0,0,0,0,0,0,0,0,0,0,0,0,0,0,0,0,0,0,0,0,0,0,0,1,1,5,5,0,0,0,0,0,0,0,0
671,Bête - Crabe,,-1,0,0,0,0,0,0,0,0,0,0,0,0,0,0,0,0,0,0,0,0,0,0,0,1,1,5,5,0,0,0,0,0,0,0,0
672,Bête - Crocilisque,,-1,0,0,0,0,0,0,0,0,0,0,0,0,0,0,0,0,0,0,0,0,0,0,0,1,1,5,5,0,0,0,0,0,0,0,0
673,Bête - Hyène,,-1,0,0,0,0,0,0,0,0,0,0,0,0,0,0,0,0,0,0,0,0,0,0,0,1,1,5,5,0,0,0,0,0,0,0,0
674,Bête - Chouette,,-1,0,0,0,0,0,0,0,0,0,0,0,0,0,0,0,0,0,0,0,0,0,0,0,1,1,5,5,0,0,0,0,0,0,0,0
675,Bête - Scorpide,,-1,0,0,0,0,0,0,0,0,0,0,0,0,0,0,0,0,0,0,0,0,0,0,0,1,1,5,5,0,0,0,0,0,0,0,0
676,Bête - Haut-trotteur,,-1,0,0,0,0,0,0,0,0,0,0,0,0,0,0,0,0,0,0,0,0,0,0,0,1,1,5,5,0,0,0,0,0,0,0,0
677,Bête - Tortue,,-1,0,0,0,0,0,0,0,0,0,0,0,0,0,0,0,0,0,0,0,0,0,0,0,1,1,5,5,0,0,0,0,0,0,0,0
678,Bête - Serpent du vent,,-1,0,0,0,0,0,0,0,0,0,0,0,0,0,0,0,0,0,0,0,0,0,0,0,1,1,5,5,0,0,0,0,0,0,0,0
679,Mannequin d’entraînement,,-1,0,0,0,0,0,0,0,0,0,0,0,0,0,0,0,0,0,0,0,0,0,0,0,1,1,5,5,0,0,0,0,0,0,0,0
689,Vol noir - Appât,,-1,0,0,0,0,0,0,0,0,0,0,0,0,0,0,0,0,0,0,0,0,0,0,0,1,1,5,5,0,0,0,0,0,0,0,0
709,Neutres des Champs de bataille,,-1,0,0,0,0,0,0,0,0,0,0,0,0,0,0,0,0,0,0,0,0,0,0,0,1,1,5,5,0,0,0,0,0,0,0,0
729,Clan Loup-de-Givre,Le clan Loup-de-Givre cherche à chasser les nains de l’expédition Foudrepique de la vallée d’Alterac.,41,892,0,0,0,0,0,0,0,0,0,0,16,6,0,0,0,-42000,0,0,42000,-42000,0,0,0,0,5,5,1309324210,-1440044374,-1321907123,1427461461,0,0,0,0
730,Garde Foudrepique,"Les nains Foudrepique se sont établis dans la vallée d’Alterac, où ils affrontent sans cesse les Orcs Loup-de-givre.",40,891,0,0,0,0,0,0,0,0,0,0,16,6,0,0,0,-42000,0,0,42000,-42000,0,0,0,0,5,5,-1321907123,1427461461,1309324210,-1440044374,0,0,0,0
749,Hydraxiens,"Ennemis jurés des armées de Ragnaros, ces élémentaires se sont installés dans les îles à l’est d’Azshara.",42,1118,0,0,0,0,0,0,0,0,0,0,0,0,0,0,0,0,0,0,42000,0,0,0,0,0,5,5,-1,-1,0,0,0,0,0,0
750,Seigneurs du feu de Sulfuron,,-1,0,0,0,0,0,0,0,0,0,0,0,0,0,0,0,0,0,0,0,0,0,0,0,1,1,5,5,0,0,0,0,0,0,0,0
769,Mannequin de Kadenaz,,-1,0,0,0,0,0,0,0,0,0,0,0,0,0,0,0,0,0,0,0,0,0,0,0,1,1,5,5,0,0,0,0,0,0,0,0
770,Amulette de Kadenaz,,-1,0,0,0,0,0,0,0,0,0,0,0,0,0,0,0,0,0,0,0,0,0,0,0,1,1,5,5,0,0,0,0,0,0,0,0
771,Kadenaz,,-1,0,0,0,0,0,0,0,0,0,0,0,0,0,0,0,0,0,0,0,0,0,0,0,1,1,5,5,0,0,0,0,0,0,0,0
789,Moro'gai,,-1,0,0,0,0,0,0,0,0,0,0,0,0,0,0,0,0,0,0,0,0,0,0,0,1,1,5,5,0,0,0,0,0,0,0,0
790,Guide spirituel - Alliance,,-1,0,0,0,0,0,0,0,0,0,0,0,0,0,0,0,0,0,0,0,0,0,0,0,1,1,5,5,0,0,0,0,0,0,0,0
809,Shen'dralar,"Ce qui reste des puissants Elfes qui vivaient à Hache-Tripes. Ils ont conservé leur sagesse, et connaissent maints secrets.",44,1118,0,0,0,0,0,0,0,0,0,0,16,0,0,0,0,0,0,0,42000,0,0,0,0,0,5,5,-1,-1,0,0,0,0,0,0
829,Ogre (capitaine Kromcrabouille),,-1,0,0,0,0,0,0,0,0,0,0,0,0,0,0,0,0,0,0,0,0,0,0,0,1,1,5,5,0,0,0,0,0,0,0,0
849,Guide spirituel - Horde,,-1,0,0,0,0,0,0,0,0,0,0,0,0,0,0,0,0,0,0,0,0,0,0,0,1,1,5,5,0,0,0,0,0,0,0,0
869,Jaedenar,,-1,0,0,0,0,0,0,0,0,0,0,0,0,0,0,0,0,0,0,0,0,0,0,0,1,1,5,5,0,0,0,0,0,0,0,0
889,Voltigeurs Chanteguerre,Ces vaillants Orcs du clan Chanteguerre livrent une bataille incessante aux Sentinelles d’Aile-argent dans le goulet des Chanteguerres.,46,892,0,0,0,0,0,0,0,0,0,0,16,6,0,0,0,-42000,0,0,42000,-42000,0,0,0,0,7,7,1309324210,-1440044374,-1321907123,1427461461,0,0,0,0
890,Sentinelles d'Aile-argent,Ces vaillants défenseurs d’Orneval livrent une bataille incessante aux voltigeurs Chanteguerre du goulet des Chanteguerres.,45,891,0,0,0,0,0,0,0,0,0,0,16,6,0,0,0,-42000,0,0,42000,-42000,0,0,0,0,7,7,-1321907123,1427461461,1309324210,-1440044374,0,0,0,0
891,Forces de l'Alliance,,47,1118,0,0,0,0,0,0,0,0,0,0,24,14,0,0,0,-42000,0,0,42000,-42000,0,0,0,0,5,5,-1321907123,1427461461,1309324210,-1440044374,0,0,0,0
892,Forces de la Horde,,48,1118,0,0,0,0,0,0,0,0,0,0,24,14,0,0,0,-42000,0,0,42000,-42000,0,0,0,0,5,5,1309324210,-1440044374,-1321907123,1427461461,0,0,0,0
893,Trolls Vengebroche,,-1,0,0,0,0,0,0,0,0,0,0,0,0,0,0,0,0,0,0,0,0,0,0,0,1,1,5,5,0,0,0,0,0,0,0,0
909,Foire de Sombrelune,"Cette foire, qui présente des attractions étranges et extraordinaires, est située sur une île mystérieuse accessible uniquement la première semaine de chaque mois.",50,1118,0,0,0,0,0,0,0,0,0,0,16,0,0,0,0,0,0,0,42000,0,0,0,0,0,5,5,-1,-1,0,0,0,0,0,0
910,Progéniture de Nozdormu,"Ces descendants du Vol de bronze sont les gardiens du temps, et ne se préoccupent que très peu des races mortelles.",54,1118,0,0,0,0,0,0,0,0,0,0,0,0,0,0,-42000,0,0,0,42000,0,0,0,0,0,5,5,-1,-1,0,0,0,0,0,0
911,Lune-d’Argent,"La capitale de Quel'Thalas, foyer des Elfes de sang. Quasiment détruite lors de l'attaque d'Arthas sur le puits de soleil, Lune-d’Argent est redevenue une ville prospère.",55,67,0,0,0,0,0,0,0,0,0,0,273,6,17,17,400,-42000,4000,3100,42000,-42000,42000,42000,1,0.25,4,7,1309323682,0,-1321907123,1427461461,512,0,16,0
912,Puissance de Kalimdor,,-1,0,0,0,0,0,0,0,0,0,0,0,0,0,0,0,0,0,0,0,0,0,0,0,1,1,5,5,0,0,0,0,0,0,0,0
914,"JOUEUR, Elfe de sang",,-1,0,0,0,0,0,0,0,0,0,0,0,0,0,0,0,0,0,0,0,0,0,0,0,1,1,5,5,0,0,0,0,0,0,0,0
915,Armées de C'Thun,,-1,0,0,0,0,0,0,0,0,0,0,0,0,0,0,0,0,0,0,0,0,0,0,0,1,1,5,5,0,0,0,0,0,0,0,0
916,Attaquants silithides,,-1,0,0,0,0,0,0,0,0,0,0,0,0,0,0,0,0,0,0,0,0,0,0,0,1,1,5,5,0,0,0,0,0,0,0,0
917,Brigade de Forgefer,,-1,0,0,0,0,0,0,0,0,0,0,0,0,0,0,0,0,0,0,0,0,0,0,0,1,1,5,5,0,0,0,0,0,0,0,0
918,Ennemis télécommandés,,-1,0,0,0,0,0,0,0,0,0,0,0,0,0,0,0,0,0,0,0,0,0,0,0,1,1,5,5,0,0,0,0,0,0,0,0
919,Objets télécommandés,,-1,0,0,0,0,0,0,0,0,0,0,0,0,0,0,0,0,0,0,0,0,0,0,0,1,1,5,5,0,0,0,0,0,0,0,0
920,Rouge,,-1,0,0,0,0,0,0,0,0,0,0,0,0,0,0,0,0,0,0,0,0,0,0,0,1,1,5,5,0,0,0,0,0,0,0,0
921,Bleu,,-1,0,0,0,0,0,0,0,0,0,0,0,0,0,0,0,0,0,0,0,0,0,0,0,1,1,5,5,0,0,0,0,0,0,0,0
922,Tranquillien,"Tranquillien était jadis une paisible cité elfique. Abandonnée lorsque le Fléau a envahi Quel’Thalas, elle a été reprise par les Réprouvés et les Elfes de sang qui s’efforcent de chasser le Fléau des terres Fantômes.",56,980,0,0,0,0,0,0,0,0,0,0,16,6,0,0,0,-42000,0,0,42000,-42000,0,0,0,0,5,5,1309324210,-1440044374,-1321907123,1427461461,0,0,0,0
923,Pérégrins,,-1,0,0,0,0,0,0,0,0,0,0,0,0,0,0,0,0,0,0,0,0,0,0,0,1,1,5,5,0,0,0,0,0,0,0,0
925,Hauts-soleils,,-1,0,0,0,0,0,0,0,0,0,0,0,0,0,0,0,0,0,0,0,0,0,0,0,1,1,5,5,0,0,0,0,0,0,0,0
926,Guilde des magistères,,-1,0,0,0,0,0,0,0,0,0,0,0,0,0,0,0,0,0,0,0,0,0,0,0,1,1,5,5,0,0,0,0,0,0,0,0
927,"JOUEUR, Draeneï",,-1,0,0,0,0,0,0,0,0,0,0,0,0,0,0,0,0,0,0,0,0,0,0,0,1,1,5,5,0,0,0,0,0,0,0,0
928,Envahisseurs du Fléau,,-1,0,0,0,0,0,0,0,0,0,0,0,0,0,0,0,0,0,0,0,0,0,0,0,1,1,5,5,0,0,0,0,0,0,0,0
929,Clan Masse-Sanglante,,-1,469,0,0,0,0,0,0,0,0,0,0,0,0,0,0,0,0,0,0,0,0,0,0,0,0,3,3,0,0,0,0,0,0,0,0
930,Exodar,"Le vaisseau naaru qui a conduit les Draeneï en Azeroth. Bien que naufragé dans l'archipel de Brume-Azur, il sert de capitale à ce noble peuple.",49,469,0,0,0,0,0,0,0,0,0,0,273,6,17,0,3100,-42000,4000,0,42000,-42000,42000,0,1,0.25,4,7,-1858779059,0,1309324210,-1440044374,536871936,0,0,0
932,L'Aldor,"Autrefois dirigé par Velen, l’Aldor est un ordre antique de prêtres draeneï. Son chef actuel est la grande prêtresse Ishanah. Il sert les Sha’tar, les naaru de Shattrath, et est en rivalité avec les Clairvoyants.",58,936,0,0,0,0,0,0,0,0,0,0,80,80,80,0,0,3500,-3500,0,42000,42000,42000,0,-1.1,1,7,7,-541066753,0,536871936,0,512,0,0,0
933,Consortium,"Dirigé par le prince-nexus Haramad, le Consortium est un cartel de contrebandiers, de négociants et de voleurs éthériens, unis dans une alliance assez lâche et venus en Outreterre pour tirer profit de ses richesses.",60,980,0,0,0,0,0,0,0,0,0,0,16,0,0,0,0,0,0,0,42000,0,0,0,0,0,7,7,-1,-1,0,0,0,0,0,0
934,Clairvoyants,"Voren’thal le Voyant dirige les Elfes de sang dissidents qui ont rejeté la vision de Kael’thas. Au grand désarroi de l'Aldor, ils se sont joints aux naaru de Shattrath.",62,936,0,0,0,0,0,0,0,0,0,0,80,80,80,0,0,-3500,3500,0,42000,42000,42000,0,-1.1,1,7,7,-541066753,0,536871936,0,512,0,0,0
935,Sha'tar,"Les Sha’tar forment un groupe de puissants naaru, qui règne sur la cité reconstruite de Shattrath. Avec l'aide de l'Aldor et des Clairvoyants, ils dirigent la lutte contre Illidan et la Légion ardente.",39,936,0,0,0,0,0,0,0,0,0,0,16,0,0,0,0,0,0,0,42000,0,0,0,0.5,0,4,3,-1,-1,0,0,0,0,0,0
936,Shattrath,,59,980,0,0,0,0,0,0,0,0,0,0,28,0,0,0,0,0,0,0,42000,0,0,0,0,0,7,7,-1,-1,0,0,0,0,0,0
937,Trolls des forêts,,-1,0,0,0,0,0,0,0,0,0,0,0,0,0,0,0,0,0,0,0,0,0,0,0,1,1,5,5,0,0,0,0,0,0,0,0
938,Omenaï,,-1,0,0,0,0,0,0,0,0,0,0,0,0,0,0,0,0,0,0,0,0,0,0,0,1,1,5,5,0,0,0,0,0,0,0,0
940,Fils de Lothar,,-1,0,0,0,0,0,0,0,0,0,0,0,0,0,0,0,0,0,0,0,0,0,0,0,1,1,5,5,0,0,0,0,0,0,0,0
941,Mag'har,Ces Orcs à la peau brune vivent reclus et ont échappé à toute corruption démoniaque. Ils ont conservé leur mode de vie traditionnel malgré tous les bouleversements survenus en Outreterre.,61,980,0,0,0,0,0,0,0,0,0,0,16,6,0,0,-500,-42000,0,0,42000,-42000,0,0,0,0,5,5,1309324210,-1440044374,-1321907123,1427461461,0,0,0,0
942,Expédition cénarienne,"Une troupe d’explorateurs envoyée en Outreterre par le Cercle cénarien, afin d’étudier les formes de vie survivantes. L’Expédition cénarienne a rapidement grossi et gagné en autonomie depuis l'ouverture de la Porte des ténèbres.",64,980,0,0,0,0,0,0,0,0,0,0,16,0,0,0,0,0,0,0,42000,0,0,0,0,0,5,5,-1,-1,0,0,0,0,0,0
943,Gangr'orc,,-1,0,0,0,0,0,0,0,0,0,0,0,0,0,0,0,0,0,0,0,0,0,0,0,1,1,5,5,0,0,0,0,0,0,0,0
944,Fantôme de Gangr'orc,,-1,0,0,0,0,0,0,0,0,0,0,0,0,0,0,0,0,0,0,0,0,0,0,0,1,1,5,5,0,0,0,0,0,0,0,0
945,Fantômes des Fils de Lothar,,-1,0,0,0,0,0,0,0,0,0,0,0,0,0,0,0,0,0,0,0,0,0,0,0,1,1,5,5,0,0,0,0,0,0,0,0
946,Bastion de l'Honneur,"Cet avant-poste des Flammes infernales est la place forte de ce qui reste des Fils de Lothar, les vétérans de l’Alliance qui ont, les premiers, posé le pied sur Draenor. Des armées venues de Forgefer et de Hurlevent sont en train de les rejoindre.",38,980,0,0,0,0,0,0,0,0,0,0,16,0,0,0,0,-42000,0,0,42000,-42000,0,0,0,0,5,5,-1321907123,1427461461,1309324210,-1440044374,0,0,0,0
947,Thrallmar,L’expédition envoyée à travers la Porte des ténèbres par Thrall a bâti une forteresse sur la péninsule des Flammes infernales. Thrallmar sert de base d’opérations à la plupart des activités de la Horde en Outreterre.,37,980,0,0,0,0,0,0,0,0,0,0,16,0,0,0,0,-42000,0,0,42000,-42000,0,0,0,0,5,5,1309324210,-1440044374,-1321907123,1427461461,0,0,0,0
948,Faction de test 2,,86,949,0,0,0,0,0,0,0,0,0,0,8,0,0,0,0,0,0,0,42000,0,0,0,1,1,5,5,58732543,0,0,0,0,0,0,0
949,Faction de test 1,,85,0,0,184,0,0,0,0,0,0,0,0,24,0,0,0,0,0,0,0,62000,0,0,0,1,1,5,5,-1,-1,0,0,0,0,0,0
950,ToWoW - Drapeau,,-1,0,0,0,0,0,0,0,0,0,0,0,0,0,0,0,0,0,0,0,0,0,0,0,1,1,5,5,0,0,0,0,0,0,0,0
951,ToWoW - Déclencheur drapeau Alliance (DND),,-1,0,0,0,0,0,0,0,0,0,0,0,0,0,0,0,0,0,0,0,0,0,0,0,1,1,5,5,0,0,0,0,0,0,0,0
952,Faction de test 3,,87,948,0,0,0,0,0,0,0,0,0,0,0,0,0,0,0,0,0,0,42000,0,0,0,1,1,5,5,-1,-1,0,0,0,0,0,0
954,ToWoW - Déclencheur drapeau Horde (DND),,-1,0,0,0,0,0,0,0,0,0,0,0,0,0,0,0,0,0,0,0,0,0,0,0,1,1,5,5,0,0,0,0,0,0,0,0
955,Roués,,-1,0,0,0,0,0,0,0,0,0,0,0,0,0,0,0,0,0,0,0,0,0,0,0,1,1,5,5,0,0,0,0,0,0,0,0
956,Ethereum,,-1,0,0,0,0,0,0,0,0,0,0,0,0,0,0,0,0,0,0,0,0,0,0,0,1,1,5,5,0,0,0,0,0,0,0,0
957,"Élémentaire, terre",,-1,0,0,0,0,0,0,0,0,0,0,0,0,0,0,0,0,0,0,0,0,0,0,0,1,1,5,5,0,0,0,0,0,0,0,0
958,Robots de combat,,-1,0,0,0,0,0,0,0,0,0,0,0,0,0,0,0,0,0,0,0,0,0,0,0,1,1,5,5,0,0,0,0,0,0,0,0
959,Bon acteur,,-1,0,0,0,0,0,0,0,0,0,0,0,0,0,0,0,0,0,0,0,0,0,0,0,1,1,5,5,0,0,0,0,0,0,0,0
960,Mauvais acteur,,-1,0,0,0,0,0,0,0,0,0,0,0,0,0,0,0,0,0,0,0,0,0,0,0,1,1,5,5,0,0,0,0,0,0,0,0
961,Furbolg Calmepin,,-1,0,0,0,0,0,0,0,0,0,0,0,0,0,0,0,0,0,0,0,0,0,0,0,1,1,5,5,0,0,0,0,0,0,0,0
962,Chouettide affolé,,-1,0,0,0,0,0,0,0,0,0,0,0,0,0,0,0,0,0,0,0,0,0,0,0,1,1,5,5,0,0,0,0,0,0,0,0
963,Échecs (Alliance),,-1,0,0,0,0,0,0,0,0,0,0,0,0,0,0,0,0,0,0,0,0,0,0,0,1,1,5,5,0,0,0,0,0,0,0,0
964,Échecs (Horde),,-1,0,0,0,0,0,0,0,0,0,0,0,0,0,0,0,0,0,0,0,0,0,0,0,1,1,5,5,0,0,0,0,0,0,0,0
965,Monstre d'entraînement,,-1,0,0,0,0,0,0,0,0,0,0,0,0,0,0,0,0,0,0,0,0,0,0,0,1,1,5,5,0,0,0,0,0,0,0,0
966,Copain du monstre d'entraînement,,-1,0,0,0,0,0,0,0,0,0,0,0,0,0,0,0,0,0,0,0,0,0,0,0,1,1,5,5,0,0,0,0,0,0,0,0
967,L'Œil pourpre,"Une secte secrète du Kirin Tor, fondée pour espionner Medivh et ses activités.",63,980,0,0,0,0,0,0,0,0,0,0,16,0,0,0,0,0,0,0,42000,0,0,0,0,0,5,5,-1,-1,0,0,0,0,0,0
968,Éperviers du soleil,,-1,0,0,0,0,0,0,0,0,0,0,0,0,0,0,0,0,0,0,0,0,0,0,0,1,1,5,5,0,0,0,0,0,0,0,0
969,Main d'Argus,,-1,0,0,0,0,0,0,0,0,0,0,0,0,0,0,0,0,0,0,0,0,0,0,0,1,1,5,5,0,0,0,0,0,0,0,0
970,Sporeggar,"Les sporelins sont un peuple d’hommes-champignons paisibles, originaires de l’Outreterre. Ils vivent dans les tourbières méridionales du marécage de Zangar.",65,980,0,0,0,0,0,0,0,0,0,0,0,0,0,0,-2500,0,0,0,42000,0,0,0,0,0,5,5,-1,-1,0,0,0,0,0,0
971,Géant fongique,,-1,0,0,0,0,0,0,0,0,0,0,0,0,0,0,0,0,0,0,0,0,0,0,0,1,1,5,5,0,0,0,0,0,0,0,0
972,Sporoptère,,-1,0,0,0,0,0,0,0,0,0,0,0,0,0,0,0,0,0,0,0,0,0,0,0,1,1,5,5,0,0,0,0,0,0,0,0
973,"Monstre, prédateur",,-1,0,0,0,0,0,0,0,0,0,0,0,0,0,0,0,0,0,0,0,0,0,0,0,1,1,5,5,0,0,0,0,0,0,0,0
974,"Monstre, proie",,-1,0,0,0,0,0,0,0,0,0,0,0,0,0,0,0,0,0,0,0,0,0,0,0,1,1,5,5,0,0,0,0,0,0,0,0
975,Anomalie du Vide,,-1,0,0,0,0,0,0,0,0,0,0,0,0,0,0,0,0,0,0,0,0,0,0,0,1,1,5,5,0,0,0,0,0,0,0,0
976,Défenseurs d'Hyjal,,-1,0,0,0,0,0,0,0,0,0,0,0,0,0,0,0,0,0,0,0,0,0,0,0,1,1,5,5,0,0,0,0,0,0,0,0
977,Envahisseurs d'Hyjal,,-1,0,0,0,0,0,0,0,0,0,0,0,0,0,0,0,0,0,0,0,0,0,0,0,1,1,5,5,0,0,0,0,0,0,0,0
978,Kurenaï,"Ce mot signifie « rachetés » en draeneï. Après avoir échappé au joug des esclavagistes de l'Outreterre, ces Roués se sont installés en Nagrand. C'est là qu'ils cherchent à redécouvrir leur destinée.",66,980,0,0,0,0,0,0,0,0,0,0,16,0,0,0,-1200,-42000,0,0,42000,-42000,0,0,0,0,5,5,-1321907123,1427461461,1309324210,-1440044374,0,0,0,0
979,"Cercle terrestre, vieux monde",,-1,0,0,0,0,0,0,0,0,0,0,0,0,0,0,0,0,0,0,0,0,0,0,0,1,1,5,5,0,0,0,0,0,0,0,0
980,The Burning Crusade,,43,0,1,0,0,0,0,0,0,0,0,0,4120,0,0,0,0,0,0,0,0,0,0,0,0,0,5,5,-1,-1,0,0,0,0,0,0
981,Arakkoa,,-1,0,0,0,0,0,0,0,0,0,0,0,0,0,0,0,0,0,0,0,0,0,0,0,1,1,5,5,0,0,0,0,0,0,0,0
982,Bannière du marécage de Zangar (Alliance),,-1,0,0,0,0,0,0,0,0,0,0,0,0,0,0,0,0,0,0,0,0,0,0,0,1,1,5,5,0,0,0,0,0,0,0,0
983,Bannière du marécage de Zangar (Horde),,-1,0,0,0,0,0,0,0,0,0,0,0,0,0,0,0,0,0,0,0,0,0,0,0,1,1,5,5,0,0,0,0,0,0,0,0
984,Bannière du marécage de Zangar (neutre),,-1,0,0,0,0,0,0,0,0,0,0,0,0,0,0,0,0,0,0,0,0,0,0,0,1,1,5,5,0,0,0,0,0,0,0,0
985,Cavernes du temps - Thrall,,-1,0,0,0,0,0,0,0,0,0,0,0,0,0,0,0,0,0,0,0,0,0,0,0,1,1,5,5,0,0,0,0,0,0,0,0
986,Cavernes du temps - Fort-de-Durn,,-1,0,0,0,0,0,0,0,0,0,0,0,0,0,0,0,0,0,0,0,0,0,0,0,1,1,5,5,0,0,0,0,0,0,0,0
987,Cavernes du temps - Gardes d’Austrivage,,-1,0,0,0,0,0,0,0,0,0,0,0,0,0,0,0,0,0,0,0,0,0,0,0,1,1,5,5,0,0,0,0,0,0,0,0
988,"Conseil des ombres, secret",,-1,0,0,0,0,0,0,0,0,0,0,0,0,0,0,0,0,0,0,0,0,0,0,0,1,1,5,5,0,0,0,0,0,0,0,0
989,Gardiens du Temps,Les Gardiens du Temps sont des dragons de bronze choisis avec soin par Nozdormu pour protéger les Grottes du temps.,67,980,0,0,0,0,0,0,0,0,0,0,16,0,0,0,0,0,0,0,42000,0,0,0,0,0,5,5,-1,-1,0,0,0,0,0,0
990,Balance des sables,"Une faction secrète du Vol de bronze menée par Soridormi, première compagne de Nozdormu.",57,980,0,0,0,0,0,0,0,0,0,0,16,0,0,0,0,0,0,0,42000,0,0,0,0,0,5,5,-1,-1,0,0,0,0,0,0
991,"Défenseur de la Porte des ténèbres, Alliance",,-1,0,0,0,0,0,0,0,0,0,0,0,0,0,0,0,0,0,0,0,0,0,0,0,1,1,5,5,0,0,0,0,0,0,0,0
992,"Défenseur de la Porte des ténèbres, Horde",,-1,0,0,0,0,0,0,0,0,0,0,0,0,0,0,0,0,0,0,0,0,0,0,0,1,1,5,5,0,0,0,0,0,0,0,0
993,"Attaquant de la Porte des ténèbres, Légion",,-1,0,0,0,0,0,0,0,0,0,0,0,0,0,0,0,0,0,0,0,0,0,0,0,1,1,5,5,0,0,0,0,0,0,0,0
994,Déclencheur Séditieux,Utilisé pour l'évènement de Cœur-noir le Séditieux.,-1,0,0,0,0,0,0,0,0,0,0,0,0,0,0,0,0,0,0,0,0,0,0,0,1,1,5,5,0,0,0,0,0,0,0,0
995,Déclencheur Séditieux 2,Utilisé pour l'évènement de Cœur-noir le Séditieux.,-1,0,0,0,0,0,0,0,0,0,0,0,0,0,0,0,0,0,0,0,0,0,0,0,1,1,5,5,0,0,0,0,0,0,0,0
996,Déclencheur Séditieux 3,Utilisé pour l'évènement de Cœur-noir le Séditieux.,-1,0,0,0,0,0,0,0,0,0,0,0,0,0,0,0,0,0,0,0,0,0,0,0,1,1,5,5,0,0,0,0,0,0,0,0
997,Déclencheur Séditieux 4,Utilisé pour l'évènement de Cœur-noir le Séditieux.,-1,0,0,0,0,0,0,0,0,0,0,0,0,0,0,0,0,0,0,0,0,0,0,0,1,1,5,5,0,0,0,0,0,0,0,0
998,Déclencheur Séditieux 5,Utilisé pour l'évènement de Cœur-noir le Séditieux.,-1,0,0,0,0,0,0,0,0,0,0,0,0,0,0,0,0,0,0,0,0,0,0,0,1,1,5,5,0,0,0,0,0,0,0,0
999,Créature de mana,,-1,0,0,0,0,0,0,0,0,0,0,0,0,0,0,0,0,0,0,0,0,0,0,0,1,1,5,5,0,0,0,0,0,0,0,0
1000,Serviteur de Khadgar,,-1,0,0,0,0,0,0,0,0,0,0,0,0,0,0,0,0,0,0,0,0,0,0,0,1,1,5,5,0,0,0,0,0,0,0,0
1001,Clan Flèchelame,,-1,0,0,0,0,0,0,0,0,0,0,0,0,0,0,0,0,0,0,0,0,0,0,0,1,1,5,5,0,0,0,0,0,0,0,0
1002,Compagnon d'entraînement de l'Ethereum,,-1,0,0,0,0,0,0,0,0,0,0,0,0,0,0,0,0,0,0,0,0,0,0,0,1,1,5,5,0,0,0,0,0,0,0,0
1003,Protectorat,,-1,0,0,0,0,0,0,0,0,0,0,0,0,0,0,0,0,0,0,0,0,0,0,0,1,1,5,5,0,0,0,0,0,0,0,0
1004,Annihilateur arcanique (DNR),,-1,0,0,0,0,0,0,0,0,0,0,0,0,0,0,0,0,0,0,0,0,0,0,0,1,1,5,5,0,0,0,0,0,0,0,0
1005,"Bienveillant, caché",,68,0,0,0,0,0,0,0,-1,0,0,0,20,0,0,0,3000,0,0,0,30000,0,0,0,1,1,5,5,-1,-1,0,0,0,0,0,0
1006,Kirin'Var - Dathric,,-1,0,0,0,0,0,0,0,0,0,0,0,0,0,0,0,0,0,0,0,0,0,0,0,1,1,5,5,0,0,0,0,0,0,0,0
1007,Kirin'Var - Belmara,,-1,0,0,0,0,0,0,0,0,0,0,0,0,0,0,0,0,0,0,0,0,0,0,0,1,1,5,5,0,0,0,0,0,0,0,0
1008,Kirin'Var - Luminrath,,-1,0,0,0,0,0,0,0,0,0,0,0,0,0,0,0,0,0,0,0,0,0,0,0,1,1,5,5,0,0,0,0,0,0,0,0
1009,Kirin'Var - Cohlien,,-1,0,0,0,0,0,0,0,0,0,0,0,0,0,0,0,0,0,0,0,0,0,0,0,1,1,5,5,0,0,0,0,0,0,0,0
1010,Serviteur d'Illidan,,-1,0,0,0,0,0,0,0,0,0,0,0,0,0,0,0,0,0,0,0,0,0,0,0,1,1,5,5,0,0,0,0,0,0,0,0
1011,Ville basse,"Les réfugiés qui habitent Shattrath sont de diverses races et origines. Lorsque l'on vient en aide à un habitant de la Ville basse, la nouvelle se répand vite.",69,936,0,0,0,0,0,0,-1,0,0,0,16,0,0,0,0,0,0,0,42000,0,0,0,0,0,3,3,-1,-1,0,0,0,0,0,0
1012,Ligemort cendrelangue,"L’élite de la tribu des Roués des Cendrelangues, officiellement alliée avec Illidan. Les ligemorts sont les lieutenants favoris d’Akama, et connaissent les mystérieuses motivations de leur chef.",70,980,0,0,0,0,0,0,0,0,0,0,16,0,0,0,0,0,0,0,42000,0,0,0,0,0,3,3,-1,-1,0,0,0,0,0,0
1013,Esprits d'Ombrelune 1,,-1,0,0,0,0,0,0,0,0,0,0,0,0,0,0,0,0,0,0,0,0,0,0,0,1,1,5,5,0,0,0,0,0,0,0,0
1014,Esprits d'Ombrelune 2,,-1,0,0,0,0,0,0,0,0,0,0,0,0,0,0,0,0,0,0,0,0,0,0,0,1,1,5,5,0,0,0,0,0,0,0,0
1015,Aile-du-Néant,"Cette portée de dragons peu commune est issue des œufs du Vol noir d'Aile de mort, imprégnés des pures énergies du Néant. Ils cherchent maintenant à retrouver leur identité, au-delà des ombres de l'héritage délétère de leur père.",71,980,0,0,0,0,0,0,-1,0,0,0,2,0,0,0,-42000,0,0,0,42000,0,0,0,0,0,5,5,-1,-1,0,0,0,0,0,0
1016,Culte du Ver,,-1,0,0,0,0,0,0,0,0,0,0,0,0,0,0,0,0,0,0,0,0,0,0,0,1,1,5,5,0,0,0,0,0,0,0,0
1017,Tréant,,-1,0,0,0,0,0,0,0,0,0,0,0,0,0,0,0,0,0,0,0,0,0,0,0,1,1,5,5,0,0,0,0,0,0,0,0
1018,Démon de Leotheras I,,-1,0,0,0,0,0,0,0,0,0,0,0,0,0,0,0,0,0,0,0,0,0,0,0,1,1,5,5,0,0,0,0,0,0,0,0
1019,Démon de Leotheras II,,-1,0,0,0,0,0,0,0,0,0,0,0,0,0,0,0,0,0,0,0,0,0,0,0,1,1,5,5,0,0,0,0,0,0,0,0
1020,Démon de Leotheras III,,-1,0,0,0,0,0,0,0,0,0,0,0,0,0,0,0,0,0,0,0,0,0,0,0,1,1,5,5,0,0,0,0,0,0,0,0
1021,Démon de Leotheras IV,,-1,0,0,0,0,0,0,0,0,0,0,0,0,0,0,0,0,0,0,0,0,0,0,0,1,1,5,5,0,0,0,0,0,0,0,0
1022,Démon de Leotheras V,,-1,0,0,0,0,0,0,0,0,0,0,0,0,0,0,0,0,0,0,0,0,0,0,0,1,1,5,5,0,0,0,0,0,0,0,0
1023,Azaloth,,-1,0,0,0,0,0,0,0,0,0,0,0,0,0,0,0,0,0,0,0,0,0,0,0,1,1,5,5,0,0,0,0,0,0,0,0
1024,Ecorche-roc,,-1,0,0,0,0,0,0,0,0,0,0,0,0,0,0,0,0,0,0,0,0,0,0,0,1,1,5,5,0,0,0,0,0,0,0,0
1025,Chasseur écorcheur,,-1,0,0,0,0,0,0,0,0,0,0,0,0,0,0,0,0,0,0,0,0,0,0,0,1,1,5,5,0,0,0,0,0,0,0,0
1026,Ombre d'Ombrelune,,-1,0,0,0,0,0,0,0,0,0,0,0,0,0,0,0,0,0,0,0,0,0,0,0,1,1,5,5,0,0,0,0,0,0,0,0
1027,Communicateur de la Légion,,-1,0,0,0,0,0,0,0,0,0,0,0,0,0,0,0,0,0,0,0,0,0,0,0,1,1,5,5,0,0,0,0,0,0,0,0
1028,Anciens du bois aux corbeaux,,-1,0,0,0,0,0,0,0,0,0,0,0,0,0,0,0,0,0,0,0,0,0,0,0,1,1,5,5,0,0,0,0,0,0,0,0
1029,"Échecs, amical envers tous les échecs",,-1,0,0,0,0,0,0,0,0,0,0,0,0,0,0,0,0,0,0,0,0,0,0,0,1,1,5,5,0,0,0,0,0,0,0,0
1030,Portes du Temple noir - Illidari,,-1,0,0,0,0,0,0,0,0,0,0,0,0,0,0,0,0,0,0,0,0,0,0,0,1,1,5,5,0,0,0,0,0,0,0,0
1031,Garde-ciel sha'tari,Une force militaire aérienne créée par la ville de Shattrath pour s'occuper des menaces qui rôdent dans les zones de haute altitude de l'Outreterre.,72,936,0,0,0,0,0,0,-1,0,0,0,16,0,0,0,0,0,0,0,42000,0,0,0,0,0,5,5,-1,-1,0,0,0,0,0,0
1032,Zone 52,,-1,0,0,0,0,0,0,0,0,0,0,0,0,0,0,0,0,0,0,0,0,0,0,0,1,1,5,5,0,0,0,0,0,0,0,0
1033,Maiev,,-1,0,0,0,0,0,0,0,0,0,0,0,0,0,0,0,0,0,0,0,0,0,0,0,1,1,5,5,0,0,0,0,0,0,0,0
1034,Arakkoa ténébreux de Skettis,,-1,0,0,0,0,0,0,0,0,0,0,0,0,0,0,0,0,0,0,0,0,0,0,0,1,1,5,5,0,0,0,0,0,0,0,0
1035,Arakkoa de Skettis,,-1,0,0,0,0,0,0,0,0,0,0,0,0,0,0,0,0,0,0,0,0,0,0,0,1,1,5,5,0,0,0,0,0,0,0,0
1036,Ennemi Gueule-de-dragon,,-1,0,0,0,0,0,0,0,0,0,0,0,0,0,0,0,0,0,0,0,0,0,0,0,1,1,5,5,0,0,0,0,0,0,0,0
1037,Avant-garde de l'Alliance,"L’ensemble des troupes de l’Alliance en Norfendre, dirigées par l’expédition de la Bravoure mais incluant également des groupes de civils comme la Ligue des explorateurs.",88,1097,0,0,0,0,0,0,0,0,0,0,136,6,0,0,0,0,0,0,42000,0,0,0,0,0,5,5,-1321907123,1427461461,1309324210,-1440044374,0,0,0,0
1038,Ogri'la,"Les citoyens éclairés d'Ogri'la ont élu domicile dans la partie ouest des Tranchantes, où la proximité des cristaux apogides leur a permis de transcender la brutalité de leur nature d'Ogres.",73,980,0,0,0,0,0,0,0,0,0,0,16,0,0,0,0,0,0,0,42000,0,0,0,0,0,5,5,-1,-1,0,0,0,0,0,0
1039,Ravageur,,-1,0,0,0,0,0,0,0,0,0,0,0,0,0,0,0,0,0,0,0,0,0,0,0,1,1,5,5,0,0,0,0,0,0,0,0
1040,REUSE,,-1,0,0,0,0,0,0,0,0,0,0,0,0,0,0,0,0,0,0,0,0,0,0,0,1,1,5,5,0,0,0,0,0,0,0,0
1041,Frénésie,,-1,0,0,0,0,0,0,0,0,0,0,0,0,0,0,0,0,0,0,0,0,0,0,0,1,1,5,5,0,0,0,0,0,0,0,0
1042,Ennemi de la Garde-ciel,,-1,0,0,0,0,0,0,0,0,0,0,0,0,0,0,0,0,0,0,0,0,0,0,0,1,1,5,5,0,0,0,0,0,0,0,0
1043,"Putois, Pétunia",,-1,0,0,0,0,0,0,0,0,0,0,0,0,0,0,0,0,0,0,0,0,0,0,0,1,1,5,5,0,0,0,0,0,0,0,0
1044,Déserteurs de Theramore,,-1,0,0,0,0,0,0,0,0,0,0,0,0,0,0,0,0,0,0,0,0,0,0,0,1,1,5,5,0,0,0,0,0,0,0,0
1045,Vrykul,,-1,0,0,0,0,0,0,0,0,0,0,0,0,0,0,0,0,0,0,0,0,0,0,0,1,1,5,5,0,0,0,0,0,0,0,0
1046,Pirates des mers du nord,,-1,0,0,0,0,0,0,0,0,0,0,0,0,0,0,0,0,0,0,0,0,0,0,0,1,1,5,5,0,0,0,0,0,0,0,0
1047,Rohart,,-1,0,0,0,0,0,0,0,0,0,0,0,0,0,0,0,0,0,0,0,0,0,0,0,1,1,5,5,0,0,0,0,0,0,0,0
1048,INUTILISÉ,,-1,0,0,0,0,0,0,0,0,0,0,0,0,0,0,0,0,0,0,0,0,0,0,0,1,1,5,5,0,0,0,0,0,0,0,0
1049,"Troll, Amani",,-1,0,0,0,0,0,0,0,0,0,0,0,0,0,0,0,0,0,0,0,0,0,0,0,1,1,5,5,0,0,0,0,0,0,0,0
1050,Expédition de la Bravoure,"L'armée principale de l'Alliance dans le Norfendre, qui combat le Fléau et est dirigée par le roi Varian Wrynn.",74,1037,0,0,0,0,0,0,0,0,0,0,16,6,0,0,0,-42000,0,0,42000,-42000,0,0,0.5,0.5,7,7,-1321907123,1427461461,1309324210,-1440044374,0,0,0,0
1051,INUTILISÉ,,-1,0,0,0,0,0,0,0,0,0,0,0,0,0,0,0,0,0,0,0,0,0,0,0,1,1,5,5,0,0,0,0,0,0,0,0
1052,Expédition de la Horde,"Les troupes combinées de la Horde en Norfendre, dont l'Offensive chanteguerre est le fer de lance.",75,1097,0,0,0,0,0,0,0,0,0,0,152,0,0,0,0,-42000,0,0,42000,-42000,0,0,0,0,5,5,1309324210,-1440044374,-1321907123,1427461461,0,0,0,0
1053,Garde de l'ouest,,-1,0,0,0,0,0,0,0,0,0,0,0,0,0,0,0,0,0,0,0,0,0,0,0,1,1,5,5,0,0,0,0,0,0,0,0
1054,Griffon tacheté,,-1,0,0,0,0,0,0,0,0,0,0,0,0,0,0,0,0,0,0,0,0,0,0,0,1,1,5,5,0,0,0,0,0,0,0,0
1055,Chien pestiféré apprivoisé,,-1,0,0,0,0,0,0,0,0,0,0,0,0,0,0,0,0,0,0,0,0,0,0,0,1,1,5,5,0,0,0,0,0,0,0,0
1056,Vrykul (esprit ancien 1),,-1,0,0,0,0,0,0,0,0,0,0,0,0,0,0,0,0,0,0,0,0,0,0,0,1,1,5,5,0,0,0,0,0,0,0,0
1057,Vrykul (esprit ancien 2),,-1,0,0,0,0,0,0,0,0,0,0,0,0,0,0,0,0,0,0,0,0,0,0,0,1,1,5,5,0,0,0,0,0,0,0,0
1058,Vrykul (esprit ancien 3),,-1,0,0,0,0,0,0,0,0,0,0,0,0,0,0,0,0,0,0,0,0,0,0,0,1,1,5,5,0,0,0,0,0,0,0,0
1059,JdD - Drapeau - Alliance,,-1,0,0,0,0,0,0,0,0,0,0,0,0,0,0,0,0,0,0,0,0,0,0,0,1,1,5,5,0,0,0,0,0,0,0,0
1060,Test,,-1,0,0,0,0,0,0,0,0,0,0,0,0,0,0,0,0,0,0,0,0,0,0,0,1,1,5,5,0,0,0,0,0,0,0,0
1061,vrykul,,-1,0,0,0,0,0,0,0,0,0,0,0,0,0,0,0,0,0,0,0,0,0,0,0,1,1,5,5,0,0,0,0,0,0,0,0
1062,Gladiateur vrykul,,-1,0,0,0,0,0,0,0,0,0,0,0,0,0,0,0,0,0,0,0,0,0,0,0,1,1,5,5,0,0,0,0,0,0,0,0
1063,Combattant de Valgarde,,-1,0,0,0,0,0,0,0,0,0,0,0,0,0,0,0,0,0,0,0,0,0,0,0,1,1,5,5,0,0,0,0,0,0,0,0
1064,Taunkas,"Ce peuple robuste est apparenté aux Taurens. Il fournit d'inestimables éclaireurs aux armées de la Horde, dans sa marche vers le nord.",76,1052,0,0,0,0,0,0,0,0,0,0,16,6,0,0,0,-42000,0,0,42000,-42000,0,0,0.5,0.5,7,7,1309324210,-1440044374,-1321907123,1427461461,0,0,0,0
1065,"Monstre, Zone Force Réaction 1",,-1,0,0,0,0,0,0,0,0,0,0,0,0,0,0,0,0,0,0,0,0,0,0,0,1,1,5,5,0,0,0,0,0,0,0,0
1066,"Monstre, Zone Force Réaction 2",,-1,0,0,0,0,0,0,0,0,0,0,0,0,0,0,0,0,0,0,0,0,0,0,0,1,1,5,5,0,0,0,0,0,0,0,0
1067,Main de la vengeance,Sylvanas Coursevent a chargé ces Réprouvés de venger Fossoyeuse en infligeant la dernière mutation de leur peste mortelle à Arthas.,77,1052,0,0,0,0,0,0,0,0,0,0,16,0,0,0,0,-42000,0,0,42000,-42000,0,0,0.5,0.5,7,7,1309324210,-1440044374,-1321907123,1427461461,0,0,0,0
1068,Ligue des explorateurs,Cette organisation cherche à découvrir les origines de la race des nains en rassemblant les reliques des Titans. Leurs recherches les plus récentes les ont conduit à explorer différents sites archéologiques du Norfendre.,78,1037,0,0,0,0,0,0,0,0,0,0,16,6,0,0,0,-42000,0,0,42000,-42000,0,0,0.5,0.5,7,7,-1321907123,1427461461,1309324210,-1440044374,0,0,0,0
1069,Course de béliers - Chauffe DND,,-1,0,0,0,0,0,0,0,0,0,0,0,0,0,0,0,0,0,0,0,0,0,0,0,1,1,5,5,0,0,0,0,0,0,0,0
1070,Course de béliers - Piège DND,,-1,0,0,0,0,0,0,0,0,0,0,0,0,0,0,0,0,0,0,0,0,0,0,0,1,1,5,5,0,0,0,0,0,0,0,0
1071,Les indomptables Écureuils de la Justice de Craig,Faction de test.,-1,0,0,0,0,0,0,0,0,0,0,0,0,0,0,0,0,0,0,0,0,0,0,0,1,1,5,5,0,0,0,0,0,0,0,0
1072,[DNT] AC Major Faction Child Renown Test,,407,2503,9,0,0,0,0,0,0,0,0,0,0,0,0,0,0,0,0,0,42000,0,0,0,0,0,0,0,0,0,0,0,0,0,0,0
1073,Kalu'aks,"Les roharts sont un peuple endurant mais pacifique, qui vit de la pêche et de la chasse à la baleine. Leurs villages ont récemment été violemment attaqués, et ils accueillent volontiers tous les alliés qui leur viennent en aide.",79,1097,0,0,0,0,0,0,0,0,0,0,16,0,0,0,0,0,0,0,42000,0,0,0,0,0,5,5,-1,-1,0,0,0,0,0,0
1074,Fête - Tonneau d'eau,,-1,0,0,0,0,0,0,0,0,0,0,0,0,0,0,0,0,0,0,0,0,0,0,0,1,1,5,5,0,0,0,0,0,0,0,0
1075,Fête - Générique,,-1,0,0,0,0,0,0,0,0,0,0,0,0,0,0,0,0,0,0,0,0,0,0,0,1,1,5,5,0,0,0,0,0,0,0,0
1076,Nains de fer,,-1,0,0,0,0,0,0,0,0,0,0,0,0,0,0,0,0,0,0,0,0,0,0,0,1,1,5,5,0,0,0,0,0,0,0,0
1077,Opération Soleil brisé,Dernière phase de la campagne de Shattrath visant à contrer les agissements du prince Kael'thas au Puits de soleil.,80,936,0,0,0,0,0,0,0,0,0,0,16,0,0,0,0,0,0,0,42000,0,0,0,0,0,5,5,-1,-1,0,0,0,0,0,0
1078,Mascotte de combat,,-1,0,0,0,0,0,0,0,0,0,0,0,0,0,0,0,0,0,0,0,0,0,0,0,1,1,5,5,0,0,0,0,0,0,0,0
1079,"Murloc, Aileron-d'hiver",,-1,0,0,0,0,0,0,0,0,0,0,0,0,0,0,0,0,0,0,0,0,0,0,0,1,1,5,5,0,0,0,0,0,0,0,0
1080,"Bienveillant, Force de réaction 1",,-1,0,0,0,0,0,0,0,0,0,0,0,0,0,0,0,0,0,0,0,0,0,0,0,1,1,5,5,0,0,0,0,0,0,0,0
1081,"Objet, Force de réaction",,-1,0,0,0,0,0,0,0,0,0,0,0,0,0,0,0,0,0,0,0,0,0,0,0,1,1,5,5,0,0,0,0,0,0,0,0
1083,REUSE,,-1,0,0,0,0,0,0,0,0,0,0,0,0,0,0,0,0,0,0,0,0,0,0,0,1,1,5,5,0,0,0,0,0,0,0,0
1084,"Vrykul, marin",,-1,0,0,0,0,0,0,0,0,0,0,0,0,0,0,0,0,0,0,0,0,0,0,0,1,1,5,5,0,0,0,0,0,0,0,0
1085,Offensive chanteguerre,"Garrosh Hurlenfer commande les forces expéditionnaires de la Horde, alors qu'elles avancent en Norfendre pour affronter Arthas et les armées du Fléau.",81,1052,0,0,0,0,0,0,0,0,0,0,6,16,0,0,-42000,0,0,0,-42000,42000,0,0,0.5,0.5,7,7,-1321907123,1427461461,1309324210,-1440044374,0,0,0,0
1086,Braconnier,,-1,0,0,0,0,0,0,0,0,0,0,0,0,0,0,0,0,0,0,0,0,0,0,0,1,1,5,5,0,0,0,0,0,0,0,0
1087,Monstre des fêtes,,-1,0,0,0,0,0,0,0,0,0,0,0,0,0,0,0,0,0,0,0,0,0,0,0,1,1,5,5,0,0,0,0,0,0,0,0
1088,"Furbolg, Rougecroc",,-1,0,0,0,0,0,0,0,0,0,0,0,0,0,0,0,0,0,0,0,0,0,0,0,1,1,5,5,0,0,0,0,0,0,0,0
1089,"Furbolg, Givrepatte",,-1,0,0,0,0,0,0,0,0,0,0,0,0,0,0,0,0,0,0,0,0,0,0,0,1,1,5,5,0,0,0,0,0,0,0,0
1090,Kirin Tor,"Les mages et les archimages qui gouvernent la cité de Dalaran. Devant les menaces croissantes du Vol draconique bleu et du Fléau, ils ont transporté leur cité au cœur du Norfendre.",84,1097,0,0,0,0,0,0,8063,8063,128,128,16,16,16,16,0,0,3000,3000,42000,42000,42000,42000,0,0,5,5,-1321907123,1427461461,1309324210,-1440044374,-1321907123,1427461461,1309324210,-1440044374
1091,Accord du Repos du ver,"Avec le soulèvement violent du Vol draconique bleu contre tous les utilisateurs mortels de la magie, les vols draconiques restants se sont regroupés sous la bannière du Vol draconique rouge, pour combattre leurs frères égarés.",83,1097,0,0,0,0,0,0,0,0,0,0,16,0,0,0,0,0,0,0,42000,0,0,0,0,0,5,5,-1,-1,0,0,0,0,0,0
1092,Azjol-Nérub,,-1,0,0,0,0,0,0,0,0,0,0,0,0,0,0,0,0,0,0,0,0,0,0,0,1,1,5,5,0,0,0,0,0,0,0,0
1093,REUSE,,-1,0,0,0,0,0,0,0,0,0,0,0,0,0,0,0,0,0,0,0,0,0,0,0,1,1,5,5,0,0,0,0,0,0,0,0
1094,Concordat argenté,Un groupe militant de Haut-Elfes qui refuse l'admission d'Elfes de sang au Kirin Tor. Ils se sont unis sous la bannière de Vereesa Coursevent et ont rejoint les forces de l'Alliance dans le Norfendre.,90,1037,0,0,0,0,0,0,0,0,0,0,16,6,0,0,0,-42000,0,0,42000,-42000,0,0,0.5,0.5,7,7,-1321907123,1427461461,1309324210,-1440044374,0,0,0,0
1095,Trappeurs des Grisonnes,,-1,0,0,0,0,0,0,0,0,0,0,0,0,0,0,0,0,0,0,0,0,0,0,0,1,1,5,5,0,0,0,0,0,0,0,0
1096,REUSE,,-1,0,0,0,0,0,0,0,0,0,0,0,0,0,0,0,0,0,0,0,0,0,0,0,1,1,5,5,0,0,0,0,0,0,0,0
1097,Wrath of the Lich King,,89,0,2,0,0,0,0,0,0,0,0,0,4104,0,0,0,0,0,0,0,0,0,0,0,0,0,5,5,-1,-1,0,0,0,0,0,0
1098,Chevaliers de la Lame d'ébène,"Libérés de l'emprise du roi-liche, ses anciens chevaliers de la mort se sont regroupés pour l'affronter sous la bannière du généralissime Darion Mograine.",91,1097,0,0,0,0,0,0,32,8159,0,0,16,16,0,0,3200,0,0,0,42000,42000,0,0,1,1,5,5,0,0,0,0,0,0,0,0
1099,Portail du Courroux du Fléau,,-1,0,0,0,0,0,0,0,0,0,0,0,0,0,0,0,0,0,0,0,0,0,0,0,1,1,5,5,0,0,0,0,0,0,0,0
1100,Portail du Courroux de l'Alliance,,-1,0,0,0,0,0,0,0,0,0,0,0,0,0,0,0,0,0,0,0,0,0,0,0,1,1,5,5,0,0,0,0,0,0,0,0
1101,Portail du Courroux de la Horde,,-1,0,0,0,0,0,0,0,0,0,0,0,0,0,0,0,0,0,0,0,0,0,0,0,1,1,5,5,0,0,0,0,0,0,0,0
1102,JdD - Drapeau - Horde,,-1,0,0,0,0,0,0,0,0,0,0,0,0,0,0,0,0,0,0,0,0,0,0,0,1,1,5,5,0,0,0,0,0,0,0,0
1103,JdD - Drapeau - Neutre,,-1,0,0,0,0,0,0,0,0,0,0,0,0,0,0,0,0,0,0,0,0,0,0,0,1,1,5,5,0,0,0,0,0,0,0,0
1104,Tribu Frénécœur,"Chassée de ses terres par le Fléau, cette redoutable tribu de varleus compte faire du bassin de Sholazar son nouveau foyer. Le tempérament agressif de ses membres leur vaut des démêlés avec les diverses tribus de gorlocs regroupées sous le nom d'Oracles.",92,1117,0,0,0,0,0,0,0,0,0,0,16,0,0,0,0,0,0,0,42000,0,0,0,-2.2,1,7,7,-1,-1,0,0,0,0,0,0
1105,Oracles,Les gorlocs du bassin de Sholazar sont des créatures reptiliennes qui se considèrent comme les gardiens des vestiges de la technologie des Titans dans la région (même s’ils la comprennent mal). Ils sont en conflit territorial avec les varleus.,93,1117,0,0,0,0,0,0,0,0,0,0,16,0,0,0,0,0,0,0,42000,0,0,0,-2.2,1,7,7,-1,-1,0,0,0,0,0,0
1106,Croisade d'argent,"Menée par Tirion Fordring, la Croisade d'argent regroupe les membres d'une Main d'argent reformée et ceux de l'Aube d'argent, dans le but de vaincre une bonne fois pour toutes les troupes du roi-liche.",94,1097,0,0,0,0,0,0,0,0,0,0,16,0,0,0,0,0,0,0,42000,0,0,0,0,0,5,5,-1,-1,0,0,0,0,0,0
1107,"Troll, Drakkari",,-1,0,0,0,0,0,0,0,0,0,0,0,0,0,0,0,0,0,0,0,0,0,0,0,1,1,5,5,0,0,0,0,0,0,0,0
1108,Arthas GdT,,-1,0,0,0,0,0,0,0,0,0,0,0,0,0,0,0,0,0,0,0,0,0,0,0,1,1,5,5,0,0,0,0,0,0,0,0
1109,Citoyen de Stratholme GdT,,-1,0,0,0,0,0,0,0,0,0,0,0,0,0,0,0,0,0,0,0,0,0,0,0,1,1,5,5,0,0,0,0,0,0,0,0
1110,Fléau GdT,,-1,0,0,0,0,0,0,0,0,0,0,0,0,0,0,0,0,0,0,0,0,0,0,0,1,1,5,5,0,0,0,0,0,0,0,0
1111,Freya,,-1,0,0,0,0,0,0,0,0,0,0,0,0,0,0,0,0,0,0,0,0,0,0,0,1,1,5,5,0,0,0,0,0,0,0,0
1112,Monture - Taxi - Alliance,,-1,0,0,0,0,0,0,0,0,0,0,0,0,0,0,0,0,0,0,0,0,0,0,0,1,1,5,5,0,0,0,0,0,0,0,0
1113,Monture - Taxi - Horde,,-1,0,0,0,0,0,0,0,0,0,0,0,0,0,0,0,0,0,0,0,0,0,0,0,1,1,5,5,0,0,0,0,0,0,0,0
1114,Monture - Taxi - Neutre,,-1,0,0,0,0,0,0,0,0,0,0,0,0,0,0,0,0,0,0,0,0,0,0,0,1,1,5,5,0,0,0,0,0,0,0,0
1115,"Élémentaire, eau",,-1,0,0,0,0,0,0,0,0,0,0,0,0,0,0,0,0,0,0,0,0,0,0,0,1,1,5,5,0,0,0,0,0,0,0,0
1116,"Élémentaire, air",,-1,0,0,0,0,0,0,0,0,0,0,0,0,0,0,0,0,0,0,0,0,0,0,0,1,1,5,5,0,0,0,0,0,0,0,0
1117,Bassin de Sholazar,,95,1097,0,0,0,0,0,0,0,0,0,0,12,0,0,0,0,0,0,0,42000,0,0,0,0,0,5,5,-1,-1,0,0,0,0,0,0
1118,Classique,,96,0,0,0,0,0,0,0,0,0,0,0,4104,0,0,0,0,0,0,0,0,0,0,0,0,0,5,5,-1,-1,0,0,0,0,0,0
1119,Fils de Hodir,Les géants du givre des pics Foudroyés sont un peuple guerrier qui s'est établi à Dun Niffelem.,97,1097,0,0,0,0,0,0,0,0,0,0,0,0,0,0,-42000,0,0,0,42000,0,0,0,0,0,5,5,-1,-1,0,0,0,0,0,0
1120,Géants de fer,,-1,0,0,0,0,0,0,0,0,0,0,0,0,0,0,0,0,0,0,0,0,0,0,0,1,1,5,5,0,0,0,0,0,0,0,0
1121,Vrykuls de givre,,-1,0,0,0,0,0,0,0,0,0,0,0,0,0,0,0,0,0,0,0,0,0,0,0,1,1,5,5,0,0,0,0,0,0,0,0
1122,Terrestres des pics Foudroyés,,-1,0,0,0,0,0,0,0,0,0,0,0,0,0,0,0,0,0,0,0,0,0,0,0,1,1,5,5,0,0,0,0,0,0,0,0
1123,Monstre arbitre,,-1,0,0,0,0,0,0,0,0,0,0,0,0,0,0,0,0,0,0,0,0,0,0,0,1,1,5,5,0,0,0,0,0,0,0,0
1124,Saccage-Soleil,"Traditionnellement exclue de Dalaran, la Horde a fini par y être admise grâce aux efforts de l'archimage Aethas Saccage-Soleil. Ses adeptes ont repris son nom et veillent sur le quartier appelé Sanctuaire de Saccage-Soleil.",98,1052,0,0,0,0,0,0,0,0,0,0,16,6,0,0,0,-42000,0,0,42000,-42000,0,0,0.5,0.5,7,7,1309324210,-1440044374,-1321907123,1427461461,0,0,0,0
1125,Hyldsmeet,,-1,0,0,0,0,0,0,0,0,0,0,0,0,0,0,0,0,0,0,0,0,0,0,0,1,1,5,5,0,0,0,0,0,0,0,0
1126,Givre-nés,Cette mystérieuse race de Nains de givre a élu domicile dans les pics Foudroyés. Ils se sont récemment alliés à la Ligue des explorateurs et accueillent les membres de l'Alliance dans leurs habitations.,99,1037,0,0,0,0,0,0,0,0,0,0,16,0,0,0,0,-42000,0,0,42000,-42000,0,0,0.5,0.5,7,7,-1321907123,1427461461,1309324210,-1440044374,0,0,0,0
1128,Marteau du crépuscule,,-1,0,0,0,0,0,0,0,0,0,0,0,0,0,0,0,0,0,0,0,0,0,0,0,1,1,5,5,0,0,0,0,0,0,0,0
1129,"Furbolg, Noirbois",,-1,0,0,0,0,0,0,0,0,0,0,0,0,0,0,0,0,0,0,0,0,0,0,0,1,1,5,5,0,0,0,0,0,0,0,0
1130,"Cerf, Sombrivage",,-1,0,0,0,0,0,0,0,0,0,0,0,0,0,0,0,0,0,0,0,0,0,0,0,1,1,5,5,0,0,0,0,0,0,0,0
1131,"Ours, Sombrivage",,-1,0,0,0,0,0,0,0,0,0,0,0,0,0,0,0,0,0,0,0,0,0,0,0,1,1,5,5,0,0,0,0,0,0,0,0
1132,"Traquelune, Sombrivage",,-1,0,0,0,0,0,0,0,0,0,0,0,0,0,0,0,0,0,0,0,0,0,0,0,1,1,5,5,0,0,0,0,0,0,0,0
1133,Cartel Baille-Fonds,"Dirigé par l'impitoyable prince marchand Gallywix, le cartel Baille-Fonds est la compagnie commerciale la plus puissante de l'île de Kezan. Depuis son quartier-général au port Baille-Fonds, le cartel domine tout le commerce des mers du Sud.",105,67,0,0,0,0,0,0,0,0,0,0,273,6,0,0,3100,-42000,0,0,42000,-42000,0,0,1,0.25,4,7,1309324210,-1440044374,-1321907123,1427461461,0,0,0,0
1134,Gilnéas,"Le peuple de Gilnéas est une nation de survivants. Ils ont construit un mur entre eux et le reste du monde, mais ils doivent maintenant faire face aux menaces intérieures.",106,469,0,0,0,0,0,0,0,0,0,0,273,6,17,0,0,-42000,3000,0,42000,-42000,42000,0,1,0.25,4,7,-1324004275,0,1309324210,-1440044374,2097152,0,0,0
1135,Cercle terrestre,Ce rassemblement des plus puissants chamans d'Azeroth cherche à maintenir l'équilibre entre les forces élémentaires du monde. Son principal objectif durant le Cataclysme a été de circonscrire et réparer les dégâts provoqués par l'arrivée d'Aile de mort.,110,1162,0,0,0,0,0,0,0,0,0,0,16,0,0,0,0,0,0,0,42000,0,0,0,0,0,5,5,-1,-1,0,0,0,0,0,0
1136,Conversion de Tranquillien,,100,0,0,0,0,0,0,0,0,0,0,0,4,0,0,0,0,0,0,0,42000,0,0,0,0,0,0,0,-1,-1,0,0,0,0,0,0
1137,Conversion des sabres-d'hiver,,101,0,0,0,0,0,0,0,-1,0,0,0,4,0,0,0,0,0,0,0,42000,0,0,0,0,0,0,0,-1,-1,0,0,0,0,0,0
1138,Catacylsm - Nouvelle réputation neutre,,-1,0,0,0,0,0,0,0,0,0,0,0,0,0,0,0,0,0,0,0,0,0,0,0,1,1,0,0,0,0,0,0,0,0,0,0
1142,Vestige des Magram,,-1,0,0,0,0,0,0,0,0,0,0,0,0,0,0,0,0,0,0,0,0,0,0,0,0,0,0,0,0,0,0,0,0,0,0,0
1143,Fils des Gelkis,,-1,0,0,0,0,0,0,0,0,0,0,0,0,0,0,0,0,0,0,0,0,0,0,0,0,0,0,0,0,0,0,0,0,0,0,0
1144,REUSE,,-1,0,0,0,0,0,0,0,0,0,0,0,0,0,0,0,0,0,0,0,0,0,0,0,0,0,0,0,0,0,0,0,0,0,0,0
1145,Hait tout et tout le monde,,-1,0,0,0,0,0,0,0,0,0,0,0,0,0,0,0,0,0,0,0,0,0,0,0,0,0,0,0,0,0,0,0,0,0,0,0
1152,"JOUEUR, Gobelin",,-1,0,0,0,0,0,0,0,0,0,0,0,0,0,0,0,0,0,0,0,0,0,0,0,1,1,5,5,0,0,0,0,0,0,0,0
1153,"JOUEUR, Worgen",,-1,0,0,0,0,0,0,0,0,0,0,0,0,0,0,0,0,0,0,0,0,0,0,0,1,1,5,5,0,0,0,0,0,0,0,0
1154,Conversion au Concordat argenté,,102,0,0,0,0,0,0,0,0,0,0,0,4,0,0,0,0,0,0,0,42000,0,0,0,0,0,0,0,-1,-1,0,0,0,0,0,0
1155,Conversion aux Saccage-Soleil,,103,0,0,0,0,0,0,0,0,0,0,0,4,0,0,0,0,0,0,0,42000,0,0,0,0,0,0,0,-1,-1,0,0,0,0,0,0
1156,Verdict des cendres,Tirion Fordring et Darion Mograine ont passé un accord. La Croisade d’argent et les chevaliers de la Lame d’ébène ont mis de côté leurs différends pour attaquer la citadelle de la Couronne de glace… et anéantir le roi-liche.,104,1097,0,0,0,0,0,0,0,0,0,0,16,0,0,0,0,0,0,0,42000,0,0,0,0,0,0,0,-1,-1,0,0,0,0,0,0
1157,Pygmée,,-1,0,0,0,0,0,0,0,0,0,0,0,0,0,0,0,0,0,0,0,0,0,0,0,0,0,0,0,0,0,0,0,0,0,0,0
1158,Gardiens d'Hyjal,"Confrontés à la dévastation imminente du mont Hyjal, les plus puissants membres du Cercle cénarien ont uni leurs forces à celles du Vol draconique émeraude pour repousser les hordes de serviteurs de Ragnaros et du Marteau du crépuscule.",113,1162,0,0,0,0,0,0,0,0,0,0,16,0,0,0,0,0,0,0,42000,0,0,0,0,0,0,0,-1,-1,0,0,0,0,0,0
1159,JdD - Drapeau - Alliance 2,,-1,0,0,0,0,0,0,0,0,0,0,0,0,0,0,0,0,0,0,0,0,0,0,0,1,1,5,5,0,0,0,0,0,0,0,0
1160,JdD - Drapeau - Horde 2,,-1,0,0,0,0,0,0,0,0,0,0,0,0,0,0,0,0,0,0,0,0,0,0,0,1,1,5,5,0,0,0,0,0,0,0,0
1161,Totem-Sinistre,,-1,0,0,0,0,0,0,0,0,0,0,0,0,0,0,0,0,0,0,0,0,0,0,0,0,0,0,0,0,0,0,0,0,0,0,0
1162,Cataclysm,,111,0,3,0,0,0,0,0,0,0,0,0,4104,0,0,0,0,0,0,0,0,0,0,0,0,0,0,0,-1,-1,0,0,0,0,0,0
1168,Guilde,Cette réputation représente la manière dont vous êtes perçu(e) par votre guilde actuelle. Elle est nécessaire pour acheter les récompenses de guilde. Vous gagnez de la réputation de guilde automatiquement quand vous obtenez de l'expérience de guilde.,114,1169,0,0,2,0,0,0,0,0,0,0,528,0,0,0,0,0,0,0,42000,0,0,0,0,0,0,0,-1,-1,0,0,0,0,0,0
1169,Guilde,,115,0,0,0,0,0,0,0,0,0,0,0,4120,0,0,0,0,0,0,0,0,0,0,0,0,0,0,0,-1,-1,0,0,0,0,0,0
1171,Therazane,"Le Tréfonds, plan élémentaire de la terre, est dirigé par Therazane et ses enfants, les seigneurs de pierre. Après avoir été témoin de la dévastation provoquée par Aile de mort et ses serviteurs, Therazane traite tous les étrangers avec hostilité.",116,1162,0,0,0,0,0,0,0,0,0,0,64,0,0,0,-42000,0,0,0,42000,0,0,0,0,0,0,0,-1,-1,0,0,0,0,0,0
1172,Clan Gueule-de-dragon,"Ce clan d'Orcs rebelles fut autrefois habilité par Aile de mort lui-même à asservir les dragons rouges, y compris Alexstrasza. Aujourd'hui moins nombreux et puissants, les Gueules-de-dragon se sont établis dans les hautes-terres du Crépuscule.",117,1162,0,0,0,0,0,0,0,0,0,0,16,0,0,0,0,-42000,0,0,42000,-42000,0,0,0,0,0,0,1309324210,-1440044374,-1321907123,1427461461,0,0,0,0
1173,Ramkahen,"Les hommes-chats de Ramkahen sont les descendants des Tol'vir, les gardiens d'Uldum. Même s'ils ont perdu leur corps de pierre, protéger les secrets des Titans fait toujours partie de leur stricte tradition.",118,1162,0,0,0,0,0,0,0,0,0,0,16,0,0,0,0,0,0,0,42000,0,0,0,0,0,0,0,-1,-1,0,0,0,0,0,0
1174,Clan Marteau-Hardi,"Les nains marteaux-hardis sont connus pour leur courage, leur témérité et leur compétence inégalée de chevaucheurs de griffon. Chassés de Grim Batol par une malédiction sombrefer, ils se sont depuis éparpillés dans les hautes-terres du Crépuscule.",119,1162,0,0,0,0,0,0,0,0,0,0,16,4,0,0,0,-42000,0,0,42000,-42000,0,0,0,0,0,0,-1321907123,1427461461,1309324210,-1440044374,0,0,0,0
1177,Gardiens de Baradin,"Autrefois dirigée par le duc Reginald Baradin II, cette féroce armée a des liens historiques avec l'île fortifiée de Tol Barad. Elle a rejoint l'Alliance pour repousser les envahisseurs de la Horde et prendre le contrôle de cette île stratégique.",122,1162,0,0,0,0,0,0,0,0,0,0,0,6,0,0,0,-42000,0,0,42000,-42000,0,0,0,0,0,0,-1321907123,1427461461,1309324210,-1440044374,0,0,0,0
1178,Poing de Hurlenfer,"Le Poing de Hurlenfer est un régiment d'élite de la Horde composé uniquement de vétérans ayant souvent combattu. Sélectionnés par Garrosh lui-même, ils ont reçu pour ordre de prendre le contrôle total de Tol Barad. L'échec n'est pas une option.",123,1162,0,0,0,0,0,0,0,0,0,0,6,16,0,0,-42000,0,0,0,-42000,42000,0,0,0,0,0,0,-1321907123,1427461461,1309324210,-1440044374,0,0,0,0
1179,Gelée,,-1,0,0,0,0,0,0,0,0,0,0,0,0,0,0,0,0,0,0,0,0,0,0,0,1,1,5,5,0,0,0,0,0,0,0,0
1181,"Bienveillant, nouveau",,-1,0,0,0,0,0,0,0,0,0,0,0,0,0,0,0,0,0,0,0,0,0,0,0,1,1,0,0,0,0,0,0,0,0,0,0
1189,K3,,-1,0,0,0,0,0,0,0,0,0,0,0,0,0,0,0,0,0,0,0,0,0,0,0,1,1,5,5,0,0,0,0,0,0,0,0
1204,Vengeurs d’Hyjal,"Rendus furieux par la destruction perpétrée par le seigneur des Flammes, le Cercle cénarien reprend l’initiative, rispostant aux attaques de Ragnaros et s’enfonçant au cœur même des terres de Feu.",127,1162,0,0,0,0,0,0,0,0,0,0,16,0,0,0,0,0,0,0,42000,0,0,0,0,0,0,0,-1,-1,0,0,0,0,0,0
1216,Académie de Shang Xi,"Depuis près de trois générations, le très estimé Shang Xi prépare des héros pandarens pour une vie d’aventures.",131,1245,0,0,0,0,0,0,0,0,0,0,81,0,0,0,3000,0,0,0,42000,0,0,0,0,0,0,0,58720256,0,0,0,0,0,0,0
1228,Hozen des forêts,Un peuple singe fougueux et violent à l’espérance de vie courte.,144,1245,0,0,0,0,0,0,0,0,0,0,2,2,0,0,-42000,-42000,0,0,42000,-42000,0,0,0,0,5,5,1309324210,-1440044374,-1321907123,1427461461,0,0,0,0
1233,GdT Puits d’éternité - Illidan,,-1,0,0,0,0,0,0,0,0,0,0,0,0,0,0,0,0,0,0,0,0,0,0,0,1,1,0,0,0,0,0,0,0,0,0,0
1234,GdT Puits d’éternité - Haut-Elfes,,-1,0,0,0,0,0,0,0,0,0,0,0,0,0,0,0,0,0,0,0,0,0,0,0,1,1,0,0,0,0,0,0,0,0,0,0
1235,GdT Puits d’éternité - Illidan (camouflage),,-1,0,0,0,0,0,0,0,0,0,0,0,0,0,0,0,0,0,0,0,0,0,0,0,1,1,0,0,0,0,0,0,0,0,0,0
1237,GdT Puits d’éternité - Démons,,-1,0,0,0,0,0,0,0,0,0,0,0,0,0,0,0,0,0,0,0,0,0,0,0,1,1,0,0,0,0,0,0,0,0,0,0
1240,GdT Puits d’éternité - Balles démoniaques,,-1,0,0,0,0,0,0,0,0,0,0,0,0,0,0,0,0,0,0,0,0,0,0,0,0,0,0,0,0,0,0,0,0,0,0,0
1241,GdT Puits d’éternité - Traqueurs,,-1,0,0,0,0,0,0,0,0,0,0,0,0,0,0,0,0,0,0,0,0,0,0,0,1,1,0,0,0,0,0,0,0,0,0,0
1242,Jinyu de Nageperle,"Un peuple pisciforme, réservé et méthodique.",143,1245,0,0,0,0,0,0,-1,0,0,0,16,2,0,0,0,-42000,0,0,42000,-42000,0,0,0,0,0,0,-1321907123,1427461461,1309324210,-1440044374,0,0,0,0
1243,Hozen,Une tribu noble et fougueuse de singes.,-1,1245,0,0,0,0,0,0,2047,0,0,0,2,0,0,0,-42000,0,0,0,42000,0,0,0,0,0,0,0,1309324210,-1440044374,0,0,0,0,0,0
1245,Mists of Pandaria,,145,0,4,0,0,0,0,0,0,0,0,0,4104,0,0,0,0,0,0,0,0,0,0,0,0,0,0,0,-1,-1,0,0,0,0,0,0
1249,"JOUEUR, neutre extension 4",,-1,0,0,0,0,0,0,0,0,0,0,0,0,0,0,0,0,0,0,0,0,0,0,0,1,1,5,5,0,0,0,0,0,0,0,0
1252,Sha,Les esprits maléfiques des lieux.,-1,0,0,0,0,0,0,0,0,0,0,0,0,0,0,0,0,0,0,0,0,0,0,0,0,0,0,0,0,0,0,0,0,0,0,0
1253,Gardiens du temple de l’Est,,-1,0,0,0,0,0,0,0,0,0,0,0,0,0,0,0,0,0,0,0,0,0,0,0,0,0,0,0,0,0,0,0,0,0,0,0
1265,Shen’dralar,"Ce qui reste des puissants Elfes qui vivaient à Hache-Tripes. Ils ont conservé leur sagesse, et connaissent maints secrets.",-1,1118,0,0,0,0,0,0,0,0,0,0,0,0,0,0,0,0,0,0,0,0,0,0,1,1,5,5,0,0,0,0,0,0,0,0
1268,Mogu,"Les Mogu, anciens maîtres de ces contrées, haïssent tous ceux qui prétendent leur succéder, y compris ces usurpateurs de pandarens.",-1,1245,0,0,0,0,0,0,0,0,0,0,0,0,0,0,0,0,0,0,0,0,0,0,1,1,0,0,0,0,0,0,0,0,0,0
1269,Lotus doré,Cette mystérieuse société pandarène cherche à résoudre le problème mogu une fois pour toutes.,167,1245,0,0,1,0,0,0,0,0,0,0,16,0,0,0,0,0,0,0,42000,0,0,0,0,0,0,0,-1,-1,0,0,0,0,0,0
1270,Pandashan,"Énigmatiques protecteurs des temples de Pandarie, les Pandashan sont auréolés de mystère.",182,1245,0,0,1,0,0,0,0,0,0,0,16,0,0,0,0,0,0,0,42000,0,0,0,0,0,0,0,-1,-1,0,0,0,0,0,0
1271,L’ordre du Serpent-nuage,Gardiens du temple de l’Est,154,1245,0,0,1,0,0,0,-1,0,0,0,16,0,0,0,3000,0,0,0,42000,0,0,0,0,0,0,0,-1,-1,0,0,0,0,0,0
1272,Laboureurs,Les Laboureurs sont des Pandarens pacifiques et travailleurs qui cultivent la terre pour satisfaire les gros appétits de leur peuple.,171,1245,0,0,1,0,0,0,-1,0,0,0,152,0,0,0,0,0,0,0,42000,0,0,0,0,0,0,0,-1,-1,0,0,0,0,0,0
1273,Jogu l’Ivrogne,"Jogu est facile à trouver, il est certainement en train d’admirer le fond d’une des bouteilles bon marché vendues à la brasserie Brune d’Orage.",156,1272,0,21,0,0,0,0,0,0,0,0,16,0,0,0,0,0,0,0,42000,0,0,0,0,0,0,0,-1,-1,0,0,0,0,0,0
1275,Ella,"Ella aspire à devenir un grand brasseur, mais elle a encore une longue route devant elle !",158,1272,0,17,0,0,0,0,0,0,0,0,16,0,0,0,0,0,0,0,42000,0,0,0,0,0,0,0,-1,-1,0,0,0,0,0,0
1276,Vieux Patte des Hauts,Le vieux Patte des Hauts est l’éleveur de poulet le plus malin du coin.,159,1272,0,22,0,0,0,0,0,0,0,0,16,0,0,0,0,0,0,0,42000,0,0,0,0,0,0,0,-1,-1,0,0,0,0,0,0
1277,Chii Chii,"Si vous avez des questions sur les moutons, Chii Chii a sûrement la réponse.",160,1272,0,16,0,0,0,0,0,0,0,0,16,0,0,0,0,0,0,0,42000,0,0,0,0,0,0,0,-1,-1,0,0,0,0,0,0
1278,Sho,"Vigoureuse et fière protectrice des fermes, Sho est toujours là quand il s’agit de faire le coup de poing.",161,1272,0,23,0,0,0,0,0,0,0,0,16,0,0,0,0,0,0,0,42000,0,0,0,0,0,0,0,-1,-1,0,0,0,0,0,0
1279,Haohan Griffe de Tourbe,"Chef respecté des Laboureurs, Haohan Griffe de Tourbe est débordé de responsabilités.",162,1272,0,20,0,0,0,0,0,0,0,0,16,0,0,0,0,0,0,0,42000,0,0,0,0,0,0,0,-1,-1,0,0,0,0,0,0
1280,Tina Griffe de Tourbe,Tina Griffe de Tourbe est friande des choses délicates de la vie.,163,1272,0,24,0,0,0,0,0,0,0,0,16,0,0,0,0,0,0,0,42000,0,0,0,0,0,0,0,-1,-1,0,0,0,0,0,0
1281,Gina Griffe de Tourbe,Gérer le marché de Micolline fait de Gina Griffe de Tourbe une dame très stressée !,164,1272,0,19,0,0,0,0,0,0,0,0,16,0,0,0,0,0,0,0,42000,0,0,0,0,0,0,0,-1,-1,0,0,0,0,0,0
1282,Marée Pelage de Roseau,Marée Pelage de Roseau en appris plus sur l’histoire de cette terre que ce que le reste de la ville a oublié.,165,1272,0,18,0,0,0,0,0,0,0,0,16,0,0,0,0,0,0,0,42000,0,0,0,0,0,0,0,-1,-1,0,0,0,0,0,0
1283,Fermier Fung,Le fermier Fung fait pousser les plus gros légumes de tout le Giron !,166,1272,0,2,0,0,0,0,0,0,0,0,16,0,0,0,0,0,0,0,42000,0,0,0,0,0,0,0,-1,-1,0,0,0,0,0,0
1286,Gardiens de la Grue rouge,,-1,0,0,0,0,0,0,0,0,0,0,0,0,0,0,0,0,0,0,0,0,0,0,0,0,0,0,0,0,0,0,0,0,0,0,0
1302,Hameçonneurs,Les Hameçonneurs sont un groupe de pêcheurs pandarens qui souhaite nourrir son peuple et accroître ses connaissances en matière de pêche.,172,1245,0,0,1,0,0,0,0,0,0,0,152,0,0,0,0,0,0,0,42000,0,0,0,0,0,0,0,-1,-1,0,0,0,0,0,0
1336,L’Essaim mantide,"Les essaims voraces des mantides parcourent les steppes de Tanglong et les terres de l’Angoisse, détruisant tout sur leur passage.",-1,1245,0,0,0,0,0,0,0,0,0,0,0,0,0,0,0,0,0,0,0,0,0,0,1,1,0,0,0,0,0,0,0,0,0,0
1337,Klaxxi,Ces anciens mantides ont été épargnés par la corruption et la folie qui a emporté le reste de l’essaim mantide. Ils tentent de travailler de concert avec les races de Pandarie pour rendre à leur reine sa gloire passée.,181,1245,0,0,1,0,0,0,0,0,0,0,16,0,0,0,0,0,0,0,42000,0,0,0,0,0,0,0,-1,-1,0,0,0,0,0,0
1338,Mogu gurthan,,-1,0,0,0,0,0,0,0,0,0,0,0,0,0,0,0,0,0,0,0,0,0,0,0,0,0,0,0,0,0,0,0,0,0,0,0
1339,Mogu harthak,,-1,0,0,0,0,0,0,0,0,0,0,0,0,0,0,0,0,0,0,0,0,0,0,0,0,0,0,0,0,0,0,0,0,0,0,0
1340,Mogu korgesh,,-1,0,0,0,0,0,0,0,0,0,0,0,0,0,0,0,0,0,0,0,0,0,0,0,0,0,0,0,0,0,0,0,0,0,0,0
1341,Astres vénérables,Ces braves Pandarens protègent les temples de Pandarie des maléfiques sha.,183,1245,0,0,1,0,0,0,0,0,0,0,16,0,0,0,0,0,0,0,42000,0,0,0,0,0,0,0,-1,-1,0,0,0,0,0,0
1345,Chroniqueurs,"Gardiens des mystères de la Pandarie, ces âmes courageuses parcourent le continent, dans l’espoir d’apprendre de leur histoire.",184,1245,0,0,1,0,0,0,0,0,0,0,16,0,0,0,0,0,0,0,42000,0,0,0,0,0,0,0,-1,-1,0,0,0,0,0,0
1351,Maîtres brasseurs,"Ces nobles Pandarens protègent les secrets des breuvages héréditaires, affrontant de rudes épreuves pour confectionner leurs puissantes décoctions.",186,1245,0,0,1,0,0,0,0,0,0,0,0,0,0,0,0,0,0,0,42000,0,0,0,0,0,0,0,-1,-1,0,0,0,0,0,0
1352,Pandarens huojin,"Dirigés par l’intrépide Ji Patte de Feu, les Pandarens huojin sont prompts à réagir et encore plus lorsqu’il s’agit de combattre pour ce en quoi ils croient.",187,67,0,0,0,0,0,0,0,0,0,0,273,6,0,0,3100,-42000,0,0,42000,-42000,0,0,1,0.25,4,7,1309324210,-1440044374,-1321907123,1427461461,0,0,0,0
1353,Pandarens tushui,"Dirigés par la vaillante Aysa Poète des Nuages, les Pandarens tushui croient au recueillement et aux actions raisonnées.",188,469,0,0,0,0,0,0,0,0,0,0,273,6,17,0,3100,-42000,3000,0,42000,-42000,42000,0,1,0.25,4,7,-1324004275,0,1309324210,-1440044374,2097152,0,0,0
1357,Nomi,Faction cachée utilisée pour faire gagner des niveaux à Nomi.,191,0,0,25,0,0,0,0,0,0,0,0,4,0,0,0,0,0,0,0,42000,0,0,0,0,0,0,0,-1,-1,0,0,0,0,0,0
1358,Nat Pagle,"Pêcheur accompli et amoureux des alcools fins de tous les horizons, le caractère irascible de Nat cache une passion pour l’enseignement.",192,1302,0,26,0,0,0,0,0,0,0,0,16,0,0,0,0,0,0,0,42000,0,0,0,0,0,0,0,-1,-1,0,0,0,0,0,0
1359,Prince noir,Irion le prince noir est le dernier des dragons noirs. On dit qu’il récompense richement ceux qui gagnent sa confiance et qui soutiennent ses efforts.,193,1245,0,0,0,0,0,0,-1,0,0,0,16,0,0,0,2800,0,0,0,42000,0,0,0,0,0,0,0,-1,-1,0,0,0,0,0,0
1364,"Bienveillant, Force de réaction 2",,-1,0,0,0,0,0,0,0,0,0,0,0,0,0,0,0,0,0,0,0,0,0,0,0,1,1,5,5,0,0,0,0,0,0,0,0
1366,"Amical, force la réaction 3",,-1,0,0,0,0,0,0,0,0,0,0,0,0,0,0,0,0,0,0,0,0,0,0,0,1,1,5,5,0,0,0,0,0,0,0,0
1367,"Amical, force la réaction 4",,-1,0,0,0,0,0,0,0,0,0,0,0,0,0,0,0,0,0,0,0,0,0,0,0,1,1,5,5,0,0,0,0,0,0,0,0
1368,"Amical, force la réaction 5",,-1,0,0,0,0,0,0,0,0,0,0,0,0,0,0,0,0,0,0,0,0,0,0,0,1,1,5,5,0,0,0,0,0,0,0,0
1369,"Amical, force la réaction 6",,-1,0,0,0,0,0,0,0,0,0,0,0,0,0,0,0,0,0,0,0,0,0,0,0,1,1,5,5,0,0,0,0,0,0,0,0
1370,"Amical, force la réaction 7",,-1,0,0,0,0,0,0,0,0,0,0,0,0,0,0,0,0,0,0,0,0,0,0,0,1,1,5,5,0,0,0,0,0,0,0,0
1371,Pao’don,,-1,0,0,0,0,0,0,0,0,0,0,0,0,0,0,0,0,0,0,0,0,0,0,0,0,0,0,0,0,0,0,0,0,0,0,0
1372,Rosée-de-Miel,,-1,0,0,0,0,0,0,0,0,0,0,0,0,0,0,0,0,0,0,0,0,0,0,0,0,0,0,0,0,0,0,0,0,0,0,0
1374,Arène de Castagn’ar (saison 1),La première saison de la guilde des Bastonneurs de la Horde a eu lieu durant la campagne en Pandarie.,197,892,0,171,0,0,0,0,0,0,0,0,16,0,0,0,0,0,0,0,9000,0,0,0,0,0,0,0,1309324210,-1440044374,0,0,0,0,0,0
1375,Offensive Domination,"Les forces de la Horde sont en Pandarie, stationnées à la halte de la Domination dans les étendues sauvages de Krasarang.",198,1245,0,0,1,0,0,0,0,0,0,0,144,2,0,0,0,-42000,0,0,42000,-42000,0,0,0,0,0,0,1309324210,-1440044374,-1321907123,1427461461,0,0,0,0
1376,Opération Bouclier,"Les forces de l’Alliance sont en Pandarie, stationnées sur le territoire du Lion dans les étendues sauvages de Krasarang.",199,1245,0,0,1,0,0,0,0,0,0,0,144,2,0,0,0,-42000,0,0,42000,-42000,0,0,0,0,0,0,-1321907123,1427461461,1309324210,-1440044374,0,0,0,0
1387,Offensive du Kirin Tor,"Enflammée par la fureur de Jaina, l’Offensive du Kirin Tor veut s’emparer de l’île du Tonnerre pour la gloire de l’Alliance !",207,1245,0,0,1,0,0,0,0,0,0,0,144,2,0,0,3000,-42000,0,0,42000,-42000,0,0,0,0,0,0,-1321907123,1427461461,1309324210,-1440044374,0,0,0,0
1388,Assaut des Saccage-Soleil,"Banni de Dalaran, l’assaut des Saccage-Soleil se bat pour obtenir de puissants artéfacts mogu dans les ruines de l’île du Tonnerre, et assurer leur avenir si la Horde succombe à l’anarchie.",208,1245,0,0,1,0,0,0,0,0,0,0,144,2,0,0,3000,-42000,0,0,42000,-42000,0,0,0,0,0,0,1309324210,-1440044374,-1321907123,1427461461,0,0,0,0
1416,Confiance d’Akama,Akama ne fait plus confiance aux démonistes depuis qu’il a vu Illidan succomber à sa propre corruption et le Temple noir se faire envahir par les démonistes après le Cataclysme.,221,1245,4,0,0,0,0,0,-1,0,0,0,0,0,0,0,500,0,0,0,1000,0,0,0,1,1,0,0,-1,-1,0,0,0,0,0,0
1419,Bar-Tabasse de Bizmo (saison 1),La première saison de la guilde des Bastonneurs en groupes aléatoires a eu lieu durant la campagne en Pandarie.,220,891,0,172,0,0,0,0,0,0,0,0,16,0,0,0,0,0,0,0,9000,0,0,0,0,0,0,0,-1321907123,1427461461,0,0,0,0,0,0
1433,"Monstre, neutre imposé pour forcer réaction",,227,0,0,0,0,0,0,0,-1,0,0,0,20,0,0,0,100,0,0,0,100,0,0,0,0,0,0,0,-1,-1,0,0,0,0,0,0
1435,Assaut des Pandashan,Ces valeureux pandashan s’aventurent au Trône du tonnerre pour contenir le mal qui s’y cache et faire justice pour les siècles d’esclavage qu’ils ont endurés sous le règne du roi-tonnerre.,228,1245,0,0,0,0,0,0,-1,0,0,0,16,0,0,0,0,0,0,0,42000,0,0,0,0,0,0,0,-1,-1,0,0,0,0,0,0
1440,Rébellion sombrelance,"Vol’jin s’est ouvertement rebellé contre Garrosh Hurlenfer. Avec l’aide conjointe des troupes de la Horde et de l’Alliance, il rassemble les ressources nécessaires à la préparation d’une attaque contre Orgrimmar même.",229,1245,0,72,0,0,0,0,0,0,0,0,16,0,0,0,0,0,0,0,10000,0,0,0,0,0,0,0,-1,-1,0,0,0,0,0,0
1443,Kor’krons,,-1,0,0,0,0,0,0,0,0,0,0,0,0,0,0,0,0,0,0,0,0,0,0,0,0,0,0,0,0,0,0,0,0,0,0,0
1444,Warlords of Draenor,,230,0,5,0,0,0,0,0,0,0,0,0,4120,0,0,0,0,0,0,0,0,0,0,0,0,0,0,0,-1,-1,0,0,0,0,0,0
1445,Orcs loups-de-givre,Les Orcs loups-de-givre de la crête de Givrefeu forment une famille soudée de guerriers brutaux et bien équipés pour affronter la dure réalité de Draenor.,231,1444,0,0,0,0,0,0,0,0,0,0,16,2,0,0,3000,-42000,0,0,42000,-42000,0,0,0,0,0,0,1309324210,-1440044374,-1321907123,1427461461,0,0,0,0
1447,Trolls sombrelances,,-1,0,0,0,0,0,0,0,0,0,0,0,0,0,0,0,0,0,0,0,0,0,0,0,0,0,0,0,0,0,0,0,0,0,0,0
1457,Florelins,,-1,0,0,0,0,0,0,0,0,0,0,0,0,0,0,0,0,0,0,0,0,0,0,0,1,1,5,5,0,0,0,0,0,0,0,0
1483,Mange-Florelins,,-1,0,0,0,0,0,0,0,0,0,0,0,0,0,0,0,0,0,0,0,0,0,0,0,1,1,5,5,0,0,0,0,0,0,0,0
1491,Marcheurs du temps,Ils protègent les voies temporelles contre ceux qui voudraient tirer avantage de la mortalité du Vol draconique de bronze ; ce sont surtout des aventuriers ou des érudits qui travaillaient avant avec les gardiens du Temps.,-1,0,0,0,0,0,0,0,0,0,0,0,0,0,0,0,0,0,0,0,0,0,0,0,0,0,0,0,0,0,0,0,0,0,0,0
1492,Empereur Shaohao,"Shaohao, l’empereur du peuple pandaren disparu depuis longtemps, est un personnage digne du plus profond respect.",241,1245,0,0,0,0,0,0,-1,0,0,0,16,0,0,0,0,0,0,0,42000,0,0,0,0,0,0,0,-1,-1,0,0,0,0,0,0
1496,Ogres de Givrefeu,"Les Ogres de Givrefeu ne sont pas intéressants, mais une chose est sûre, ils aiment se disputer.",-1,1444,0,0,0,0,0,0,0,0,0,0,0,0,0,0,0,0,0,0,0,0,0,0,1,1,0,0,0,0,0,0,0,0,0,0
1500,Fantôme rouge,Vous avez été corrompu par le pouvoir d’Ordos et vous êtes retourné contre amis et ennemis dans un accès de rage involontaire.,-1,0,0,0,0,0,0,0,0,0,0,0,0,0,0,0,0,0,0,0,0,0,0,0,0,0,0,0,0,0,0,0,0,0,0,0
1508,Orcs ombrelunes,,-1,0,0,0,0,0,0,0,0,0,0,0,0,0,0,0,0,0,0,0,0,0,0,0,0,0,0,0,0,0,0,0,0,0,0,0
1509,Blafards,,-1,0,0,0,0,0,0,0,0,0,0,0,0,0,0,0,0,0,0,0,0,0,0,0,0,0,0,0,0,0,0,0,0,0,0,0
1514,Adhérents de Rukhmar,"Adoratrice de la redoutable déesse Rukhmar, cette vile engeance cherche à tacher le monde du sang de ses adversaires.",-1,0,0,0,0,0,0,0,0,0,0,0,0,0,0,0,0,0,0,0,0,0,0,0,1,1,0,0,0,0,0,0,0,0,0,0
1515,Parias arakkoa,"Œuvrant dans l’ombre, les parias arakkoa cherchent à se forger des lendemains meilleurs.",247,1444,0,0,0,0,0,0,0,0,0,0,16,0,0,0,0,0,0,0,42000,0,0,0,0,0,0,0,-1,-1,0,0,0,0,0,0
1520,Exilés ombrelunes,,205,1444,0,0,0,0,0,0,0,0,0,0,20,0,0,0,0,0,0,0,0,0,0,0,1,1,0,0,0,0,0,0,0,0,0,0
1521,Conseil des ombres,,-1,0,0,0,0,0,0,0,0,0,0,0,0,0,0,0,0,0,0,0,0,0,0,0,0,0,0,0,0,0,0,0,0,0,0,0
1591,"Draeneï, Draenor",,-1,0,0,0,0,0,0,0,0,0,0,0,0,0,0,0,0,0,0,0,0,0,0,0,0,0,0,0,0,0,0,0,0,0,0,0
1617,Primordial,,-1,0,0,0,0,0,0,0,0,0,0,0,0,0,0,0,0,0,0,0,0,0,0,0,0,0,0,0,0,0,0,0,0,0,0,0
1618,Briseur,,-1,0,0,0,0,0,0,0,0,0,0,0,0,0,0,0,0,0,0,0,0,0,0,0,0,0,0,0,0,0,0,0,0,0,0,0
1623,Horde de Fer,Une alliance précaire qui regroupe de nombreux clans orcs de Draenor sous le commandement de Grommash Hurlenfer.,-1,1245,0,0,0,0,0,0,0,0,0,0,0,0,0,0,0,0,0,0,0,0,0,0,1,1,0,0,0,0,0,0,0,0,0,0
1665,Sargereï,"Corrompus par leur allégeance au Conseil des ombres, ces Draeneï ont consenti de grands sacrifices dans leur quête du pouvoir.",-1,0,0,0,0,0,0,0,0,0,0,0,0,0,0,0,0,0,0,0,0,0,0,0,0,0,0,0,0,0,0,0,0,0,0,0
1674,Spores de Draenor,,-1,0,0,0,0,0,0,0,0,0,0,0,0,0,0,0,0,0,0,0,0,0,0,0,0,0,0,0,0,0,0,0,0,0,0,0
1679,Opération Fourmilier,,251,1444,0,0,0,0,0,0,0,0,0,0,4,0,0,0,0,0,0,0,10000,0,0,0,0,0,0,0,0,0,0,0,0,0,0,0
1680,Cognefort,Les Ogres de Cognefort aiment les toges et les combats de gladiateurs.,-1,1444,0,0,0,0,0,0,0,0,0,0,0,0,0,0,0,0,0,0,0,0,0,0,1,1,0,0,0,0,0,0,0,0,0,0
1681,Lance de Vol’jin,"Troupes de la Horde en A’shran, stationnées à Fer-de-Lance.",252,892,0,0,0,0,0,0,0,0,0,0,16,18,0,0,0,-42000,0,0,42000,-42000,0,0,0,0,0,0,1309324210,-1440044374,-1321907123,1427461461,0,0,0,0
1682,Avant-garde de Wrynn,"Troupes de l’Alliance en A’shran, stationnées à Bouclier-des-Tempêtes.",253,891,0,0,0,0,0,0,0,0,0,0,16,18,0,0,0,-42000,0,0,42000,-42000,0,0,0,0,0,0,-1321907123,1427461461,1309324210,-1440044374,0,0,0,0
1687,Gorens de Gorgrond,,-1,0,0,0,0,0,0,0,0,0,0,0,0,0,0,0,0,0,0,0,0,0,0,0,0,0,0,0,0,0,0,0,0,0,0,0
1690,Arène de Castagn’ar (saison 2),La deuxième saison de la guilde des Bastonneurs de la Horde a eu lieu durant la campagne de Draenor.,136,892,0,212,0,0,0,0,0,0,0,0,16,0,0,0,0,0,0,0,7000,0,0,0,1,1,0,0,1309324210,-1440044374,0,0,0,0,0,0
1691,Bar-Tabasse de Bizmo (saison 2),La deuxième saison de la guilde des Bastonneurs de l’Alliance a eu lieu durant la campagne de Draenor.,135,891,0,210,0,0,0,0,0,0,0,0,16,0,0,0,0,0,0,0,7000,0,0,0,1,1,0,0,-1321907123,1427461461,0,0,0,0,0,0
1708,Orcs du Crâne-Ricanant,Le clan du Crâne-Ricanant a pour foyer les confins les plus sauvages de Draenor. Ses membres se gaussent de l’annihilation imminente qui les menace de toutes parts.,107,1444,0,0,0,0,0,0,0,0,0,0,16,2,0,0,3000,-42000,0,0,42000,-42000,0,0,0,0,0,0,1309324210,-1440044374,-1321907123,1427461461,0,0,0,0
1710,Défense sha’tari,"Suite à une trahison dans leurs rangs, les défenseurs de Shattrath peinent à reprendre le contrôle de leur capitale.",121,1444,0,0,0,0,0,0,0,0,0,0,16,2,0,0,0,-42000,0,0,42000,-42000,0,0,0,0,0,0,-1321907123,1427461461,1309324210,-1440044374,0,0,0,0
1711,Société de Conservation de Gentepression,"Les Gobelins de la Société de Conservation de Gentepression cherchent à débarrasser les Ogres de Nagrand de leurs reliques, dans la noble intention de les vendre au plus offrant.",124,1444,0,0,0,0,0,0,0,0,0,0,16,0,0,0,0,0,0,0,42000,0,0,0,0,0,5,5,-1,-1,0,0,0,0,0,0
1712,GarInvasion_IronHorde,,125,1444,0,0,0,0,0,0,0,0,0,0,1028,0,0,0,0,0,0,0,42000,0,0,0,0,0,0,0,-1,-1,0,0,0,0,0,0
1713,GarInvasion_ShadowCouncil,,126,1444,0,0,0,0,0,0,0,0,0,0,1028,0,0,0,0,0,0,0,42000,0,0,0,0,0,0,0,-1,-1,0,0,0,0,0,0
1714,GarInvasion_Ogres,,128,1444,0,0,0,0,0,0,0,0,0,0,1028,0,0,0,0,0,0,0,42000,0,0,0,0,0,0,0,-1,-1,0,0,0,0,0,0
1715,GarInvasion_Primals,,129,1444,0,0,0,0,0,0,0,0,0,0,1028,0,0,0,0,0,0,0,42000,0,0,0,0,0,0,0,-1,-1,0,0,0,0,0,0
1716,GarInvasion_Breakers,,132,1444,0,0,0,0,0,0,0,0,0,0,1028,0,0,0,0,0,0,0,42000,0,0,0,0,0,0,0,-1,-1,0,0,0,0,0,0
1717,GarInvasion_ThunderLord,,133,1444,0,0,0,0,0,0,0,0,0,0,1028,0,0,0,0,0,0,0,42000,0,0,0,0,0,0,0,-1,-1,0,0,0,0,0,0
1718,GarInvasion_Shadowmoon,,134,1444,0,0,0,0,0,0,0,0,0,0,1028,0,0,0,0,0,0,0,42000,0,0,0,0,0,0,0,-1,-1,0,0,0,0,0,0
1731,Conseil des exarques,"Dirigés par cinq puissants exarques, les Draeneï ont prospéré malgré la sauvagerie naturelle de Draenor.",254,1444,0,0,0,0,0,0,0,0,0,0,16,2,0,0,3000,-42000,0,0,42000,-42000,0,0,0,0,0,0,-1321907123,1427461461,1309324210,-1440044374,0,0,0,0
1732,Expédition de Gentepression en Draenor,Draenor offre d’innombrables opportunités pour très peu de concurrence.,138,1444,0,0,0,0,0,0,-1,0,0,0,4,0,0,0,0,0,0,0,0,0,0,0,1,1,0,0,-1,-1,0,0,0,0,0,0
1733,Delvar Poing-de-Fer,"Votre garde du corps personnel, posté dans votre caserne. Vous pouvez vous lier d’amitié avec Delvar en l’invitant à combattre à vos côtés.",255,1735,0,164,0,0,0,0,0,0,0,0,16,0,0,0,0,0,0,0,20000,0,0,0,0,0,0,0,-1321907123,1427461461,0,0,0,0,0,0
1735,Gardes du corps de caserne,Permet de poster des gardes du corps dans votre caserne.,242,1444,0,0,0,0,0,0,0,0,0,0,0,0,0,0,0,0,0,0,0,0,0,0,0,0,0,0,0,0,0,0,0,0,0,0
1736,Tormmok,"Votre garde du corps personnel, posté dans votre caserne. Vous pouvez vous lier d’amitié avec Tormmok en l’invitant à combattre à vos côtés.",243,1735,0,160,0,0,0,0,0,0,0,0,16,0,0,0,0,0,0,0,20000,0,0,0,0,0,0,0,-1,-1,0,0,0,0,0,0
1737,Prêtre de la serre Ishaal,"Votre garde du corps personnel, posté dans votre caserne. Vous pouvez vous lier d’amitié avec Ishaal en l’invitant à combattre à vos côtés.",244,1735,0,166,0,0,0,0,0,0,0,0,16,0,0,0,0,0,0,0,20000,0,0,0,0,0,0,0,-1,-1,0,0,0,0,0,0
1738,Défenseur Illona,"Votre garde du corps personnel, posté dans votre caserne. Vous pouvez vous lier d’amitié avec Illona en l’invitant à combattre à vos côtés.",245,1735,0,162,0,0,0,0,0,0,0,0,16,0,0,0,0,0,0,0,20000,0,0,0,0,0,0,0,-1321907123,1427461461,0,0,0,0,0,0
1739,Vivianne,"Votre garde du corps personnel, posté dans votre caserne. Vous pouvez vous lier d’amitié avec Vivianne en l’invitant à combattre à vos côtés.",246,1735,0,165,0,0,0,0,0,0,0,0,16,0,0,0,0,0,0,0,20000,0,0,0,0,0,0,0,1309324210,-1440044374,0,0,0,0,0,0
1740,Aeda Brillaube,"Votre garde du corps personnel, posté dans votre caserne. Vous pouvez vous lier d’amitié avec Aeda en l’invitant à combattre à vos côtés.",248,1735,0,163,0,0,0,0,0,0,0,0,16,0,0,0,0,0,0,0,20000,0,0,0,0,0,0,0,1309324210,-1440044374,0,0,0,0,0,0
1741,Leorajh,"Votre garde du corps personnel, posté dans votre caserne. Vous pouvez vous lier d’amitié avec Leorajh en l’invitant à combattre à vos côtés.",137,1735,0,167,0,0,0,0,0,0,0,0,16,0,0,0,0,0,0,0,20000,0,0,0,0,0,0,0,-1,-1,0,0,0,0,0,0
1746,Gronn de Nagrand,,-1,0,0,0,0,0,0,0,0,0,0,0,0,0,0,0,0,0,0,0,0,0,0,0,0,0,0,0,0,0,0,0,0,0,0,0
1747,Trésor du colisée,,-1,0,0,0,0,0,0,0,0,0,0,0,0,0,0,0,0,0,0,0,0,0,0,0,1,1,5,5,0,0,0,0,0,0,0,0
1756,LVA_Looters,,-1,0,0,0,0,0,0,0,0,0,0,0,0,0,0,0,0,0,0,0,0,0,0,0,0,0,0,0,0,0,0,0,0,0,0,0
1757,LVA_Preservers,,-1,0,0,0,0,0,0,0,0,0,0,0,0,0,0,0,0,0,0,0,0,0,0,0,0,0,0,0,0,0,0,0,0,0,0,0
1758,LVA_Naturalists,,-1,0,0,0,0,0,0,0,0,0,0,0,0,0,0,0,0,0,0,0,0,0,0,0,0,0,0,0,0,0,0,0,0,0,0,0
1759,LVA_Machines,,-1,0,0,0,0,0,0,0,0,0,0,0,0,0,0,0,0,0,0,0,0,0,0,0,0,0,0,0,0,0,0,0,0,0,0,0
1760,Gladiateurs de Cognefort,Les Ogres de Cognefort aiment les toges et les combats de gladiateurs.,-1,1444,0,0,0,0,0,0,0,0,0,0,0,0,0,0,0,0,0,0,0,0,0,0,1,1,0,0,0,0,0,0,0,0,0,0
1786,Envahisseurs de la Légion ardente,Des démons originaires de contrées inconnues et dotés d’une puissance sans pareille.,-1,0,0,0,0,0,0,0,0,0,0,0,0,0,0,0,0,0,0,0,0,0,0,0,0,0,0,0,0,0,0,0,0,0,0,0
1815,Survivants gilnéens,,140,1834,0,0,0,0,0,0,0,0,0,0,4,0,0,0,0,0,0,0,42000,0,0,0,0,0,0,0,-1,-1,0,0,0,0,0,0
1828,Tribu de Haut-Roc,"La tribu de Haut-Roc a vu sa population s’amoindrir avec les années, mais la menace des Drogbars l’amène à former de nouvelles alliances pour sauver son foyer.",141,1834,0,0,0,2085,0,0,0,0,0,0,16,17,0,0,0,3000,0,0,42000,42000,0,0,0,0,5,5,-138412033,0,134217728,0,0,0,0,0
1833,Sans-Couronne,"Si vous posez des questions, il est déjà trop tard pour vous.",-1,1834,0,0,0,0,0,0,0,0,0,0,0,0,0,0,0,0,0,0,0,0,0,0,1,1,0,0,0,0,0,0,0,0,0,0
1834,Legion,,146,0,6,0,0,0,0,0,0,0,0,0,4120,0,0,0,0,0,0,0,0,0,0,0,0,0,0,0,-1,-1,0,0,0,0,0,0
1847,Main du prophète,"Yrel a rassemblé les derniers exarques et veut entamer une croisade au nom de Velen. Ensemble, les exarques œuvrent pour prendre pied sur la jungle de Tanaan et renverser Gul’dan.",147,1444,0,0,0,0,0,0,0,0,0,0,16,2,0,0,3000,-42000,0,0,42000,-42000,0,0,0,0,0,0,-1321907123,1427461461,1309324210,-1440044374,0,0,0,0
1848,Chasseurs de têtes de Vol’jin,"Cherchant à protéger Azeroth grâce à une victoire décisive en Draenor, le chef de guerre Vol’jin rassemble une équipe de champions d’élite pour prendre pied dans la jungle de Tanaan et renverser Gul’dan.",148,1444,0,0,0,0,0,0,0,0,0,0,16,2,0,0,3000,-42000,0,0,42000,-42000,0,0,0,0,0,0,1309324210,-1440044374,-1321907123,1427461461,0,0,0,0
1849,Ordre des Éveillés,"Rescapés d’une terrible guerre civile, ces arakkoa assiégés espèrent pouvoir reconstruire leur civilisation dans la paix une fois les artéfacts apogides récupérés.",149,1444,0,0,0,0,0,0,0,0,0,0,16,0,0,0,0,0,0,0,42000,0,0,0,0,0,5,5,-1,-1,0,0,0,0,0,0
1850,Traquesabres,"La faune dangereuse de la jungle de Tanaan attire les chasseurs les plus rusés d’Azeroth et de Draenor. Pour vaincre les bêtes de Tanaan, il faut soi-même devenir un animal.",150,1444,0,0,0,0,0,0,0,0,0,0,16,0,0,0,0,0,0,0,42000,0,0,0,0,0,5,5,-1,-1,0,0,0,0,0,0
1859,Souffrenuit,Ces Elfes sacrenuit exilés souffrent d’être privés de l’énergie du Puits de la nuit. Ils s’opposent à l’alliance que leur peuple a conclue avec la Légion et combattent dans l’espoir de trouver la rédemption.,151,1834,0,0,0,2089,0,0,0,0,0,0,16,16,17,0,0,0,42000,0,42000,42000,42000,0,0,0,5,5,-1321907123,1427461461,1242215346,0,67108864,0,0,0
1860,Soif des Arcanes (Thalyssra),Première arcaniste Thalyssra,152,1859,0,181,0,0,0,0,0,0,0,0,20,0,0,0,1,0,0,0,200,0,0,0,0,0,0,0,-1,-1,0,0,0,0,0,0
1861,Soif des Arcanes (Silgryn) [PÉRIMÉ],DEPRECATED,153,1859,0,182,0,0,0,0,0,0,0,0,20,0,0,0,0,0,0,0,42000,0,0,0,0,0,0,0,-1,-1,0,0,0,0,0,0
1862,Soif des Arcanes (Oculeth),Télémancien en chef Oculeth,155,1859,0,183,0,0,0,0,0,0,0,0,20,0,0,0,1,0,0,0,200,0,0,0,0,0,0,0,-1,-1,0,0,0,0,0,0
1883,Tisse-Rêves,Les druides et leurs alliés de Val’sharah gardent le Rêve d’émeraude depuis des temps immémoriaux.,157,1834,0,0,0,2088,0,0,0,0,0,0,16,0,0,0,0,0,0,0,42000,0,0,0,0,0,5,5,-1,-1,0,0,0,0,0,0
1888,Vrykuls de Jandvik,,168,1834,0,0,0,0,0,0,-1,0,0,0,6,0,0,0,-42000,0,0,0,42000,0,0,0,0,0,0,0,-1,-1,0,0,0,0,0,0
1894,Gardiennes,"Suite à l’assaut de la Légion et de Gul’dan, les quelques Gardiennes du caveau qui demeurent sont déterminées à reconstruire cette prison et à traquer les effroyables créatures qui s’en sont échappées lorsqu’elle est tombée.",169,1834,0,0,0,2090,0,0,0,0,0,0,16,0,0,0,0,0,0,0,42000,0,0,0,0,0,5,5,-1,-1,0,0,0,0,0,0
1899,Garde de la Lune,The Night Time is the Right Time [PH],176,1834,0,0,0,0,0,0,0,0,0,0,16,0,0,0,0,0,0,0,42000,0,0,0,0,0,5,5,-1,-1,0,0,0,0,0,0
1900,Cour de Farondis,Les fantômes de la cour de Farondis et leurs alliés continuent le combat pour repousser les attaques d’envahisseurs sur l’île maudite d’Azsuna.,177,1834,0,0,0,2087,0,0,0,0,0,0,16,0,0,0,0,0,0,0,42000,0,0,0,0,0,5,5,-1,-1,0,0,0,0,0,0
1905,Druide de la Sylverêve,,-1,0,0,0,0,0,0,0,0,0,0,0,0,0,0,0,0,0,0,0,0,0,0,0,0,0,0,0,0,0,0,0,0,0,0,0
1910,Drogbar,,-1,0,0,0,0,0,0,0,0,0,0,0,0,0,0,0,0,0,0,0,0,0,0,0,0,0,0,0,0,0,0,0,0,0,0,0
1911,Fantômes kvaldir,,-1,0,0,0,0,0,0,0,0,0,0,0,0,0,0,0,0,0,0,0,0,0,0,0,0,0,0,0,0,0,0,0,0,0,0,0
1912,Kvaldir,,-1,0,0,0,0,0,0,0,0,0,0,0,0,0,0,0,0,0,0,0,0,0,0,0,0,0,0,0,0,0,0,0,0,0,0,0
1913,Sacrenuit,,-1,0,0,0,0,0,0,0,0,0,0,0,0,0,0,0,0,0,0,0,0,0,0,0,0,0,0,0,0,0,0,0,0,0,0,0
1914,Flétri,,-1,0,0,0,0,0,0,0,0,0,0,0,0,0,0,0,0,0,0,0,0,0,0,0,0,0,0,0,0,0,0,0,0,0,0,0
1919,Soif des Arcanes (Valtrois),Arcaniste Valtrois,178,1859,0,185,0,0,0,0,0,0,0,0,20,0,0,0,1,0,0,0,200,0,0,0,0,0,0,0,-1,-1,0,0,0,0,0,0
1920,Garde de la Lune,,-1,0,0,0,0,0,0,0,0,0,0,0,0,0,0,0,0,0,0,0,0,0,0,0,0,0,0,0,0,0,0,0,0,0,0,0
1947,Illidari,"Quel que soit le prix à payer, ces Elfes se sont juré de combattre la Légion ardente.",195,1834,0,0,0,0,0,0,2048,2047,0,0,20,20,0,0,3000,0,0,0,42000,42000,0,0,1,1,0,0,0,0,0,0,0,0,0,0
1948,Valarjar,"Ces guerriers sont les élus d’Odyn, qu’ils ont juré de servir dans la vie comme dans la mort.",196,1834,0,0,0,2086,0,0,0,0,0,0,16,16,0,0,0,0,0,0,42000,42000,0,0,0,0,5,5,-1321907123,1427461461,1309324210,-1440044374,0,0,0,0
1953,Cauchemar,,-1,0,0,0,0,0,0,0,0,0,0,0,0,0,0,0,0,0,0,0,0,0,0,0,0,0,0,0,0,0,0,0,0,0,0,0
1962,Civil sacrenuit,,-1,0,0,0,0,0,0,0,0,0,0,0,0,0,0,0,0,0,0,0,0,0,0,0,0,0,0,0,0,0,0,0,0,0,0,0
1975,Adjurateur Margoss,"Autrefois étudiant du Kirin Tor, Margoss s’est tourné vers la pêche pour relâcher la pression de sa vie stressante.",200,1834,0,193,0,0,0,0,0,0,0,0,16,0,0,0,0,0,0,0,42000,0,0,0,0,0,0,0,-1,-1,0,0,0,0,0,0
1984,Guérisseuses,"Perchées sur les hauteurs de leur ville natale de Dalaran, Olisarra et Angélique prodiguent des soins aux blessés, aux malades et aux patients dans un état critique. Elles vendent aussi des fournitures médicales aux voyageurs.",201,1834,0,195,0,0,0,0,0,0,0,0,0,0,0,0,0,0,0,0,0,0,0,0,1,1,0,0,0,0,0,0,0,0,0,0
1989,Garde de la Lune,,142,1834,0,0,0,0,0,0,0,0,0,0,4,0,0,0,42000,0,0,0,42000,0,0,0,0,0,0,0,-1,-1,0,0,0,0,0,0
2010,Arène de Castagn’ar (saison 3),La troisième saison de la guilde des Bastonneurs de la Horde a eu lieu durant la campagne des îles Brisées.,206,892,0,340,0,0,0,0,0,0,0,0,16,0,0,0,0,0,0,0,7000,0,0,0,1,1,0,0,1309324210,-1440044374,0,0,0,0,0,0
2011,Bar-Tabasse de Bizmo (saison 3),La troisième saison de la guilde des Bastonneurs de l’Alliance a eu lieu durant la campagne des îles Brisées.,209,891,0,339,0,0,0,0,0,0,0,0,16,0,0,0,0,0,0,0,7000,0,0,0,1,1,0,0,-1321907123,1427461461,0,0,0,0,0,0
2012,Rebelles sacrenuit,,-1,0,0,0,0,0,0,0,0,0,0,0,0,0,0,0,0,0,0,0,0,0,0,0,0,0,0,0,0,0,0,0,0,0,0,0
2018,Serre vengeresse,Alliés de la demi-déesse Aviana et protecteurs des créatures ailées des îles Brisées.,211,1834,0,0,2,0,0,0,0,0,0,0,16,0,0,0,0,0,0,0,42000,0,0,0,0,0,5,5,-1,-1,0,0,0,0,0,0
2040,Serre vengeresse,Alliés de la demi-déesse Aviana et protecteurs des créatures ailées des îles Brisées.,-1,1834,0,0,0,0,0,0,0,0,0,0,0,0,0,0,0,0,0,0,0,0,0,0,1,1,5,5,0,0,0,0,0,0,0,0
2045,Armées du Déclin de la Légion,Une coalition d’ordres déterminés à vaincre la Légion à la tombe de Sargeras et au rivage Brisé.,212,1834,0,0,0,2091,0,0,0,0,0,0,16,0,0,0,3000,0,0,0,42000,0,0,0,0,0,5,5,-1,-1,0,0,0,0,0,0
2063,Arne Test - Paragon Reputation Stormwind,"Cette capitale de l’Alliance est l’un des derniers bastions de la puissance des Humains. Elle est gouvernée par le roi Varian Wrynn, revenu après une disparition mystérieuse.",214,0,0,0,0,2062,0,0,0,0,0,0,276,6,20,4,3100,-42000,4000,0,42000,-42000,42000,0,1,0.25,4,7,0,0,0,0,0,0,0,0
2085,Tribu de Haut-Roc (parangon),"La tribu de Haut-Roc a vu sa population s’amoindrir avec les années, mais la menace des Drogbars l’amène à former de nouvelles alliances pour sauver son foyer.",235,1834,0,0,0,0,0,0,0,0,0,0,16,0,0,0,0,0,0,0,42000,0,0,0,0,0,5,5,-1,-1,0,0,0,0,0,0
2086,Valarjar (parangon),"Ces guerriers sont les élus d’Odyn, qu’ils ont juré de servir dans la vie comme dans la mort.",236,1834,0,0,0,0,0,0,0,0,0,0,16,16,0,0,0,0,0,0,42000,42000,0,0,0,0,5,5,-1321907123,1427461461,1309324210,-1440044374,0,0,0,0
2087,Cour de Farondis (parangon),Les fantômes de la cour de Farondis et leurs alliés continuent le combat pour repousser les attaques d’envahisseurs sur l’île maudite d’Azsuna.,237,1834,0,0,0,0,0,0,0,0,0,0,16,0,0,0,0,0,0,0,42000,0,0,0,0,0,5,5,-1,-1,0,0,0,0,0,0
2088,Tisse-Rêves (parangon),Les druides et leurs alliés de Val’sharah gardent le Rêve d’émeraude depuis des temps immémoriaux.,238,1834,0,0,0,0,0,0,0,0,0,0,16,0,0,0,0,0,0,0,42000,0,0,0,0,0,5,5,-1,-1,0,0,0,0,0,0
2089,Souffrenuit (parangon),Ces Elfes sacrenuit exilés souffrent d’être privés de l’énergie du Puits de la nuit. Ils s’opposent à l’alliance que leur peuple a conclue avec la Légion et combattent dans l’espoir de trouver la rédemption.,239,1834,0,0,0,0,0,0,0,0,0,0,16,16,0,0,0,0,0,0,42000,42000,0,0,0,0,5,5,-1321907123,1427461461,1309324210,-1440044374,0,0,0,0
2090,Gardiennes (parangon),"Suite à l’assaut de la Légion et de Gul’dan, les quelques Gardiennes du caveau qui demeurent sont déterminées à reconstruire cette prison et à traquer les effroyables créatures qui s’en sont échappées lorsqu’elle est tombée.",240,1834,0,0,0,0,0,0,0,0,0,0,16,0,0,0,0,0,0,0,42000,0,0,0,0,0,5,5,-1,-1,0,0,0,0,0,0
2091,Armées du Déclin de la Légion (parangon),Une coalition d’ordres déterminés à vaincre la Légion à la tombe de Sargeras et au rivage Brisé.,249,1834,0,0,0,0,0,0,0,0,0,0,16,0,0,0,0,0,0,0,42000,0,0,0,0,0,5,5,-1,-1,0,0,0,0,0,0
2097,Ilyssia des Eaux,Gardienne de l’étang Royal d’Azsuna depuis des millénaires.,256,1834,0,199,0,0,0,0,0,0,0,0,16,0,0,0,0,0,0,0,42000,0,0,0,0,0,0,0,-1,-1,0,0,0,0,0,0
2098,Gardienne Raynae,La gardienne des poissons de Val’sharah.,257,1834,0,204,0,0,0,0,0,0,0,0,16,0,0,0,0,0,0,0,42000,0,0,0,0,0,0,0,-1,-1,0,0,0,0,0,0
2099,Akule Ruissecorne,Maître des rivières et des poissons qui les peuplent.,258,1834,0,200,0,0,0,0,0,0,0,0,16,0,0,0,0,0,0,0,42000,0,0,0,0,0,0,0,-1,-1,0,0,0,0,0,0
2100,Corbyn,Un corbeau avec des yeux brillants d’intelligence qui aime passionnément les poissons.,259,1834,0,208,0,0,0,0,0,0,0,0,16,0,0,0,0,0,0,0,42000,0,0,0,0,0,0,0,-1,-1,0,0,0,0,0,0
2101,Sha’leth,Une mystérieuse flétrie qui vit près des chutes d’eau.,260,1834,0,206,0,0,0,0,0,0,0,0,16,0,0,0,0,0,0,0,42000,0,0,0,0,0,0,0,-1,-1,0,0,0,0,0,0
2102,Diablotus,"Invoqué depuis un endroit lointain, Diablotus collectionne les carapaces dans l’espoir de créer une « porte magique » pour retourner chez lui.",261,1834,0,202,0,0,0,0,0,0,0,0,16,0,0,0,0,0,0,0,42000,0,0,0,0,0,0,0,-1,-1,0,0,0,0,0,0
2103,Empire zandalari,"Les Zandalari, dont l’empire est le plus ancien d’Azeroth, sont de puissants Trolls qui pactisent avec de terrifiants Loas et possèdent une flotte inégalée dans toute la Grande mer.",262,2104,0,0,0,2378,0,0,0,0,0,0,16,6,17,0,0,-42000,9000,0,42000,-42000,42000,0,0,0,0,0,235582386,0,-1321907123,1427461461,1073741824,0,0,0
2104,Battle for Azeroth,,263,0,7,0,0,0,0,0,0,0,0,0,4104,0,0,0,0,0,0,0,0,0,0,0,0,0,0,0,-1,-1,0,0,0,0,0,0
2105,Nazmani,,-1,0,0,0,0,0,0,0,0,0,0,0,0,0,0,0,0,0,0,0,0,0,0,0,0,0,0,0,0,0,0,0,0,0,0,0
2111,Dinosaures zandalari,,264,2104,0,0,0,0,0,0,0,0,0,0,6,2,0,0,-42000,-42000,0,0,-42000,42000,0,0,0,0,0,0,-1321907123,1427461461,1309324210,-1440044374,0,0,0,0
2120,Kul Tiras - Tiragarde,La nation insulaire de Kul Tiras est le foyer des meilleurs marins de tout Azeroth.,266,2160,0,0,0,0,0,0,0,0,0,0,20,6,20,0,0,-42000,9000,0,42000,-42000,42000,0,1,0,7,0,825576525,0,1309324210,-1440044374,-2147483648,0,0,0
2121,Corsaires de la Grande mer,"Peuple libre de la Grande mer, dont la loyauté est réservée aux siens.",-1,0,0,0,0,0,0,0,0,0,0,0,0,0,0,0,0,0,0,0,0,0,0,0,0,0,0,0,0,0,0,0,0,0,0,0
2122,Lamineurs,"Une bande de pirates impitoyables, basée à l’extérieur de Port-Liberté, dans la rade de Tiragarde.",-1,0,0,0,0,0,0,0,0,0,0,0,0,0,0,0,0,0,0,0,0,0,0,0,0,0,0,0,0,0,0,0,0,0,0,0
2135,Chromie,"Chronormu, plus connue sous le diminutif de Chromie, a toujours été l’un des dragons de bronze les plus actifs et accessibles. Renforcez votre lien avec elle pour augmenter sa puissance dans le scénario des Morts de Chromie.",265,1834,0,209,0,0,0,0,0,0,0,0,16,0,0,0,0,0,0,0,15100,0,0,0,0,0,0,0,-1,-1,0,0,0,0,0,0
2155,Trolls de sang,,-1,0,0,0,0,0,0,0,0,0,0,0,0,0,0,0,0,0,0,0,0,0,0,0,0,0,0,0,0,0,0,0,0,0,0,0
2156,Expédition de Talanji,La princesse Talanji et ses alliés se battent pour protéger Zandalar de l’assaut des Trolls de sang.,267,2104,0,0,0,2380,0,0,0,0,0,0,16,2,0,0,0,-42000,0,0,42000,-42000,0,0,0,0,0,0,1309324210,-1440044374,-1321907123,1427461461,0,0,0,0
2157,Brigade de l’Honneur,"Une délégation spéciale de l’armée de la Horde, chargée de perturber les opérations de l’Alliance en Kul Tiras.",268,2104,0,0,0,2385,0,0,0,0,0,0,16,2,0,0,3000,-42000,0,0,42000,-42000,0,0,0,0,0,0,1309324210,-1440044374,-1321907123,1427461461,0,0,0,0
2158,Volduni,"Groupe d’exilés vivant de récupération, les Volduni utilisent leurs connaissances des sables pour prospérer là où d’autres perdraient la vie.",269,2104,0,0,0,2382,0,0,0,0,0,0,16,20,17,0,0,-3000,9000,0,42000,-3000,42000,0,0,0,0,0,1309320114,0,-1321907123,1427461461,4096,0,0,0
2159,7e Légion,"Une troupe d’élite spéciale de l’armée de l’Alliance, chargée de perturber les opérations de la Horde en Zandalar.",270,2104,0,0,0,2384,0,0,0,0,0,0,16,2,0,0,3000,-42000,0,0,42000,-42000,0,0,0,0,0,0,-1321907123,1427461461,1309324210,-1440044374,0,0,0,0
2160,Amirauté des Portvaillant,"Maîtres des mers, commandants de la meilleure flotte d’Azeroth, les Portvaillant gouvernent Kul Tiras à Boralus, siège du pouvoir de leur éminente famille, depuis des décennies.",271,2104,0,0,0,2379,0,0,0,0,0,0,16,2,17,0,0,-42000,9000,0,42000,-42000,42000,0,0,0,0,0,825576525,0,1309324210,-1440044374,-2147483648,0,0,0
2161,Ordre des Braises,"L’Ordre des Braises, un ancien ordre kultirassien, a été ressuscité pour combattre la menace de la sorcellerie, avec pour guide de leurs lames la connaissance.",272,2104,0,0,0,2383,0,0,0,0,0,0,16,2,0,0,0,-42000,0,0,42000,-42000,0,0,0,0,0,0,-1321907123,1427461461,1309324210,-1440044374,0,0,0,0
2162,Sillage des tempêtes,"Rassemblant fermiers, artisans, soldats et les mystérieux eaugures, le Sillage des tempêtes cherche à reprendre possession de la vallée Chantorage et à affirmer sa position en Kul Tiras.",273,2104,0,0,0,2381,0,0,0,0,0,0,16,2,0,0,0,-42000,0,0,42000,-42000,0,0,0,0,0,0,-1321907123,1427461461,1309324210,-1440044374,0,0,0,0
2163,Chercheurs tortollans,"Voyageant à travers le monde, les Chercheurs tortollans utilisent leur immense fortune pour cataloguer et préserver des connaissances interdites.",274,2104,0,0,0,2387,0,0,0,0,0,0,16,0,0,0,0,0,0,0,42000,0,0,0,0,0,0,0,-1,-1,0,0,0,0,0,0
2164,Champions d’Azeroth,"Engagés par Magni Barbe-de-Bronze, les Champions d’Azeroth cherchent à soigner les blessures infligées par la lame ardente de Sargeras et à sauver un monde qui se meurt.",275,2104,0,0,0,2386,0,0,0,0,0,0,16,0,0,0,0,0,0,0,42000,0,0,0,0,0,0,0,-1,-1,0,0,0,0,0,0
2165,Armée de la Lumière,"Après la chute d’Argus, les meilleurs guerriers parmi les Draeneï ont suivi le Premier Naaru, Xe’ra, à travers le cosmos dans une guerre sans fin contre la Légion. Depuis, d’autres survivants de la Croisade ardente ont rejoint les rangs des Sancteforge.",276,1834,0,0,0,2166,0,0,0,0,0,0,16,17,0,0,3000,6000,0,0,42000,42000,0,0,0,0,0,0,-541065217,0,536870912,0,0,0,0,0
2166,Armée de la Lumière (parangon),,277,1834,6,0,0,0,0,0,0,0,0,0,16,0,0,0,0,0,0,0,42000,0,0,0,0,0,5,5,-1,-1,0,0,0,0,0,0
2167,Front argusséen (parangon),,278,1893,0,0,0,0,0,0,0,0,0,0,16,0,0,0,0,0,0,0,42000,0,0,0,0,0,0,0,-1,-1,0,0,0,0,0,0
2170,Front argusséen,"Même si nombreux sont ceux qui se sont opposés à la conquête d’Argus par la Légion, tous n’ont pas pu s’enfuir. Enhardis par l’arrivée de nouveaux alliés, réfugiés et parias se sont unis pour récupérer leur foyer.",279,1834,6,0,0,2167,0,0,0,0,0,0,16,17,0,0,0,3000,0,0,42000,42000,0,0,0,0,0,0,-272629761,0,268435456,0,0,0,0,0
2176,"Neutral, Force Reaction 1",,-1,0,0,0,0,0,0,0,0,0,0,0,0,0,0,0,0,0,0,0,0,0,0,0,0,0,0,0,0,0,0,0,0,0,0,0
2177,"Neutral, Force Reaction 2",,-1,0,0,0,0,0,0,0,0,0,0,0,0,0,0,0,0,0,0,0,0,0,0,0,0,0,0,0,0,0,0,0,0,0,0,0
2178,"Neutral, Force Reaction 3",,-1,0,0,0,0,0,0,0,0,0,0,0,0,0,0,0,0,0,0,0,0,0,0,0,0,0,0,0,0,0,0,0,0,0,0,0
2179,"Neutral, Force Reaction 4",,-1,0,0,0,0,0,0,0,0,0,0,0,0,0,0,0,0,0,0,0,0,0,0,0,0,0,0,0,0,0,0,0,0,0,0,0
2185,Soutaillons,"Un équipage de marginaux issus de races « bâtardes », basé à proximité de Port-Liberté, dans la rade de Tiragarde.",-1,0,0,0,0,0,0,0,0,0,0,0,0,0,0,0,0,0,0,0,0,0,0,0,0,0,0,0,0,0,0,0,0,0,0,0
2186,Mort-aux-Dents,"Un turbulent équipage de cogneurs qui ne reculent jamais devant un combat, comptant parmi les nombreuses bandes de pirates basées à proximité de Port-Liberté, dans la rade de Tiragarde.",-1,0,0,0,0,0,0,0,0,0,0,0,0,0,0,0,0,0,0,0,0,0,0,0,0,0,0,0,0,0,0,0,0,0,0,0
2187,Éperonneurs,"Une bande de bandits et de mercenaires rusés qui proposent leurs services au plus offrant. Entre deux contrats, ils jettent l’ancre à Port-Liberté, dans la rade de Tiragarde.",-1,0,0,0,0,0,0,0,0,0,0,0,0,0,0,0,0,0,0,0,0,0,0,0,0,0,0,0,0,0,0,0,0,0,0,0
2192,Compagnie marchande Corsandre,Une entreprise de transport et de manufacture installée en dehors de Boralus. Les rumeurs qui courent dans la capitale kultirassienne suggèrent qu’elle servirait de couverture à un empire criminel bien plus sinistre.,-1,0,0,0,0,0,0,0,0,0,0,0,0,0,0,0,0,0,0,0,0,0,0,0,0,0,0,0,0,0,0,0,0,0,0,0
2218,8.0 Hidden Object - Red,,-1,0,0,0,0,0,0,0,0,0,0,0,0,0,0,0,0,0,0,0,0,0,0,0,1,1,5,5,0,0,0,0,0,0,0,0
2219,8.0 Hidden Object - Withered - Red,,-1,0,0,0,0,0,0,0,0,0,0,0,0,0,0,0,0,0,0,0,0,0,0,0,1,1,5,5,0,0,0,0,0,0,0,0
2220,8.0 Hidden Object - Withered - Blue,,-1,0,0,0,0,0,0,0,0,0,0,0,0,0,0,0,0,0,0,0,0,0,0,0,1,1,5,5,0,0,0,0,0,0,0,0
2221,8.0 Hidden Object - Withered - Green,,-1,0,0,0,0,0,0,0,0,0,0,0,0,0,0,0,0,0,0,0,0,0,0,0,1,1,5,5,0,0,0,0,0,0,0,0
2222,8.0 Hidden Object - Withered - Yellow,,-1,0,0,0,0,0,0,0,0,0,0,0,0,0,0,0,0,0,0,0,0,0,0,0,1,1,5,5,0,0,0,0,0,0,0,0
2227,Bête - Abeille,,-1,0,0,0,0,0,0,0,0,0,0,0,0,0,0,0,0,0,0,0,0,0,0,0,1,1,5,5,0,0,0,0,0,0,0,0
2228,Bête - Wendigo,,-1,0,0,0,0,0,0,0,0,0,0,0,0,0,0,0,0,0,0,0,0,0,0,0,1,1,5,5,0,0,0,0,0,0,0,0
2229,"PLAYER, Void Elf",,-1,0,0,0,0,0,0,0,0,0,0,0,0,0,0,0,0,0,0,0,0,0,0,0,1,1,5,5,0,0,0,0,0,0,0,0
2230,"PLAYER, Highmountain Tauren",,-1,0,0,0,0,0,0,0,0,0,0,0,0,0,0,0,0,0,0,0,0,0,0,0,1,1,5,5,0,0,0,0,0,0,0,0
2231,"PLAYER, Nightborne",,-1,0,0,0,0,0,0,0,0,0,0,0,0,0,0,0,0,0,0,0,0,0,0,0,1,1,5,5,0,0,0,0,0,0,0,0
2232,"PLAYER, Lightforged Draenei",,-1,0,0,0,0,0,0,0,0,0,0,0,0,0,0,0,0,0,0,0,0,0,0,0,1,1,5,5,0,0,0,0,0,0,0,0
2233,Entraînement de dinosaure - Pterreurdactyle,,282,2104,0,213,0,0,0,0,-1,0,0,0,4,0,0,0,0,0,0,0,42000,0,0,0,0,0,0,0,-1,-1,0,0,0,0,0,0
2258,Wendigo,,-1,0,0,0,0,0,0,0,0,0,0,0,0,0,0,0,0,0,0,0,0,0,0,0,0,0,0,0,0,0,0,0,0,0,0,0
2259,Abeilles,,-1,0,0,0,0,0,0,0,0,0,0,0,0,0,0,0,0,0,0,0,0,0,0,0,0,0,0,0,0,0,0,0,0,0,0,0
2264,Kul Tiras - Drustvar,La nation insulaire de Kul Tiras est le foyer des meilleurs marins de tout Azeroth.,285,2161,0,0,0,0,0,0,0,0,0,0,20,6,0,0,0,-42000,0,0,42000,-42000,0,0,1,0,7,0,-1321907123,1427461461,1309324210,-1440044374,0,0,0,0
2265,Kul Tiras - Chantorage,La nation insulaire de Kul Tiras est le foyer des meilleurs marins de tout Azeroth.,286,2162,0,0,0,0,0,0,0,0,0,0,20,6,0,0,0,-42000,0,0,42000,-42000,0,0,1,0,7,0,-1321907123,1427461461,1309324210,-1440044374,0,0,0,0
2370,Entraînement de dinosaure - Navrecorne,,288,2104,0,315,0,0,0,0,-1,0,0,0,4,0,0,0,0,0,0,0,42000,0,0,0,0,0,0,0,-1,-1,0,0,0,0,0,0
2371,Bar-Tabasse de Bizmo (saison 4),La quatrième saison de la guilde des Bastonneurs de l’Alliance a eu lieu durant la campagne de Kul Tiras.,289,891,0,505,0,0,0,0,0,0,0,0,16,0,0,0,0,0,0,0,7000,0,0,0,1,1,0,0,-1321907123,1427461461,0,0,0,0,0,0
2372,Arène de Castagn’ar (saison 4),La quatrième saison de la guilde des Bastonneurs de la Horde a eu lieu durant la campagne de Kul Tiras.,290,892,0,512,0,0,0,0,0,0,0,0,16,0,0,0,0,0,0,0,7000,0,0,0,1,1,0,0,1309324210,-1440044374,0,0,0,0,0,0
2373,Affranchis,"Opprimés par les Nagas, ces réfugiés se sont ligués et soulevés pour conquérir leur liberté.",291,2104,0,0,0,2374,0,0,-1,0,0,0,16,20,0,0,0,0,0,0,42000,0,0,0,0,0,0,0,1309324210,-1440044374,-1321907123,1427461461,0,0,0,0
2374,Affranchis (parangon),"Opprimés par les Nagas, ces réfugiés se sont ligués et soulevés pour conquérir leur liberté.",292,2104,0,0,0,0,0,0,-1,0,0,0,16,20,0,0,0,0,0,0,42000,0,0,0,0,0,0,0,1309324210,-1440044374,-1321907123,1427461461,0,0,0,0
2375,Chasseur Akana,Akana est un chasseur expérimenté à l’excellent instinct de survie.,293,2104,0,316,0,0,0,0,-1,0,0,0,4,0,0,0,0,0,0,0,42000,0,0,0,0,0,0,0,-1321907123,1427461461,0,0,0,0,0,0
2376,Long-voyant Ori,Le long-voyant Ori est un sage et formidable chaman capable de commander aux éléments.,294,2104,0,317,0,0,0,0,-1,0,0,0,4,0,0,0,0,0,0,0,42000,0,0,0,0,0,0,0,-1321907123,1427461461,0,0,0,0,0,0
2377,Maître-lame Inowari,Le maître-lame Inowari est un guerrier vétéran qui jouit du respect des Ankoïens.,295,2104,0,318,0,0,0,0,-1,0,0,0,4,0,0,0,0,0,0,0,42000,0,0,0,0,0,0,0,-1321907123,1427461461,0,0,0,0,0,0
2378,Empire zandalari (parangon),"Les Zandalari, dont l’empire est le plus ancien d’Azeroth, sont de puissants Trolls qui pactisent avec de terrifiants Loas et possèdent une flotte inégalée dans toute la Grande mer.",296,2104,0,0,0,0,0,0,0,0,0,0,16,6,0,0,0,-42000,0,0,42000,-42000,0,0,0,0,0,0,1309324210,-1440044374,-1321907123,1427461461,0,0,0,0
2379,Amirauté des Portvaillant (parangon),"Maîtres des mers, commandants de la meilleure flotte d’Azeroth, les Portvaillant gouvernent Kul Tiras à Boralus, siège du pouvoir de leur éminente famille, depuis des décennies.",297,2104,0,0,0,0,0,0,0,0,0,0,16,2,0,0,0,-42000,0,0,42000,-42000,0,0,0,0,0,0,-1321907123,1427461461,1309324210,-1440044374,0,0,0,0
2380,Expédition de Talanji (parangon),La princesse Talanji et ses alliés se battent pour protéger Zandalar de l’assaut des Trolls de sang.,298,2104,0,0,0,0,0,0,0,0,0,0,16,2,0,0,0,-42000,0,0,42000,-42000,0,0,0,0,0,0,1309324210,-1440044374,-1321907123,1427461461,0,0,0,0
2381,Sillage des tempêtes (parangon),"Rassemblant fermiers, artisans, soldats et les mystérieux eaugures, le Sillage des tempêtes cherche à reprendre possession de la vallée Chantorage et à affirmer sa position en Kul Tiras.",299,2104,0,0,0,0,0,0,0,0,0,0,16,2,0,0,0,-42000,0,0,42000,-42000,0,0,0,0,0,0,-1321907123,1427461461,1309324210,-1440044374,0,0,0,0
2382,Volduni (parangon),"Groupe d’exilés vivant de récupération, les Volduni utilisent leurs connaissances des sables pour prospérer là où d’autres perdraient la vie.",300,2104,0,0,0,0,0,0,0,0,0,0,16,20,0,0,0,-3000,0,0,42000,-3000,0,0,0,0,0,0,1309324210,-1440044374,-1321907123,1427461461,0,0,0,0
2383,Ordre des Braises (parangon),"L’Ordre des Braises, un ancien ordre kultirassien, a été ressuscité pour combattre la menace de la sorcellerie, avec pour guide de leurs lames la connaissance.",301,2104,0,0,0,0,0,0,0,0,0,0,16,2,0,0,0,-42000,0,0,42000,-42000,0,0,0,0,0,0,-1321907123,1427461461,1309324210,-1440044374,0,0,0,0
2384,7e Légion (parangon),"Une troupe d’élite spéciale de l’armée de l’Alliance, chargée de perturber les opérations de la Horde en Zandalar.",302,2104,0,0,0,0,0,0,0,0,0,0,16,2,0,0,0,-42000,0,0,42000,-42000,0,0,0,0,0,0,-1321907123,1427461461,1309324210,-1440044374,0,0,0,0
2385,Brigade de l’Honneur (parangon),"Une délégation spéciale de l’armée de la Horde, chargée de perturber les opérations de l’Alliance en Kul Tiras.",303,2104,0,0,0,0,0,0,0,0,0,0,16,2,0,0,0,-42000,0,0,42000,-42000,0,0,0,0,0,0,1309324210,-1440044374,-1321907123,1427461461,0,0,0,0
2386,Champions d’Azeroth (parangon),"Engagés par Magni Barbe-de-Bronze, les Champions d’Azeroth cherchent à soigner les blessures infligées par la lame ardente de Sargeras et à sauver un monde qui se meurt.",304,2104,0,0,0,0,0,0,0,0,0,0,16,0,0,0,0,0,0,0,42000,0,0,0,0,0,0,0,-1,-1,0,0,0,0,0,0
2387,Chercheurs tortollans (parangon),"Voyageant à travers le monde, les Chercheurs tortollans utilisent leur immense fortune pour cataloguer et préserver des connaissances interdites.",305,2104,0,0,0,0,0,0,0,0,0,0,16,0,0,0,0,0,0,0,42000,0,0,0,0,0,0,0,-1,-1,0,0,0,0,0,0
2388,Poën Seldemer,Faction de la Horde 1,306,2104,0,323,0,0,0,0,-1,0,0,0,4,0,0,0,0,0,0,0,42000,0,0,0,0,0,0,0,1309324210,-1440044374,0,0,0,0,0,0
2389,Néri Tranchécaille,Faction de la Horde 2,307,2104,0,320,0,0,0,0,-1,0,0,0,4,0,0,0,0,0,0,0,42000,0,0,0,0,0,0,0,1309324210,-1440044374,0,0,0,0,0,0
2390,Vim Saumecœur,Faction de la Horde 3,308,2104,0,324,0,0,0,0,-1,0,0,0,4,0,0,0,0,0,0,0,42000,0,0,0,0,0,0,0,1309324210,-1440044374,0,0,0,0,0,0
2391,Résistance de Mécarouille,La Résistance de Mécarouille fait front au roi Mécagone et ses plans diaboliques.,309,2104,0,0,0,2392,0,0,0,0,0,0,16,17,0,0,0,9000,0,0,42000,42000,0,0,0,0,0,0,-4210689,0,16384,0,0,0,0,0
2392,Résistance de Mécarouille (parangon),La Résistance de Mécarouille fait front au roi Mécagone et ses plans diaboliques.,310,2104,0,0,0,0,0,0,0,0,0,0,16,0,0,0,0,0,0,0,42000,0,0,0,0,0,0,0,-1,-1,0,0,0,0,0,0
2394,Bernard-l’hermite,,-1,0,0,0,0,0,0,0,0,0,0,0,0,0,0,0,0,0,0,0,0,0,0,0,0,0,0,0,0,0,0,0,0,0,0,0
2395,Essaim Dos-de-Miel,"Une espèce d’abeille réputée pour sa taille inhabituelle. Bien qu’elle soit nouvelle dans la vallée Chantorage, son arrivée a rapidement été notée à la fois par les aventuriers et les amateurs d’insectes.",312,2104,0,0,0,0,0,0,-1,-1,0,0,16,20,0,0,0,0,0,0,42000,42000,0,0,1,1,0,0,-1321907123,1427461461,1309324210,-1440044374,0,0,0,0
2396,Faux bourdon dos-de-miel,,313,0,0,326,0,0,0,0,-1,0,0,0,20,0,0,0,0,0,0,0,42000,0,0,0,1,1,0,0,-1,-1,0,0,0,0,0,0
2397,Reine de l'essaim dos-de-miel,,314,0,0,327,0,0,0,0,-1,0,0,0,20,0,0,0,0,0,0,0,42000,0,0,0,1,1,0,0,-1,-1,0,0,0,0,0,0
2398,Butineuse dos-de-miel,,315,0,0,325,0,0,0,0,-1,0,0,0,20,0,0,0,0,0,0,0,42000,0,0,0,1,1,0,0,-1,-1,0,0,0,0,0,0
2400,Ankoïens du Brisant,"Les Ankoïens du Brisant, un antique peuple de guerriers des abysses, traversent les zones les plus profondes et les plus dangereuses de l’océan.",317,2104,0,0,0,2401,0,0,-1,0,0,0,16,20,0,0,0,0,0,0,42000,0,0,0,0,0,0,0,-1321907123,1427461461,1309324210,-1440044374,0,0,0,0
2401,Ankoïens du Brisant (parangon),"Les Ankoïens du Brisant, un antique peuple de guerriers des abysses, traversent les zones les plus profondes et les plus dangereuses de l’océan.",318,2104,0,0,0,0,0,0,-1,0,0,0,16,20,0,0,0,0,0,0,42000,0,0,0,0,0,0,0,-1321907123,1427461461,1309324210,-1440044374,0,0,0,0
2404,Maison des Assemblages,TBD,-1,0,0,0,0,0,0,0,0,0,0,0,0,0,0,0,0,0,0,0,0,0,0,0,1,1,0,0,0,0,0,0,0,0,0,0
2405,Maison des Rituels,TBD,-1,0,0,0,0,0,0,0,0,0,0,0,0,0,0,0,0,0,0,0,0,0,0,0,1,1,0,0,0,0,0,0,0,0,0,0
2406,Maison des Élus,,-1,2414,0,0,0,0,0,0,0,0,0,0,0,0,0,0,0,0,0,0,0,0,0,0,1,1,0,0,0,0,0,0,0,0,0,0
2407,Transcendés,Les Kyrians qui parviennent à se débarrasser des fardeaux de leur vie mortelle sont jugés dignes d’accomplir le rite de l’Ascension au cours duquel ils reçoivent leurs ailes et s’engagent pour l’éternité au service de l’Archonte.,333,2414,0,0,20,2441,0,0,-1,0,0,0,16,0,0,0,0,0,0,0,42000,0,0,0,0,0,0,0,-1,-1,0,0,0,0,0,0
2408,Kyrians sombres,,-1,0,0,0,0,0,0,0,0,0,0,0,0,0,0,0,0,0,0,0,0,0,0,0,0,0,0,0,0,0,0,0,0,0,0,0
2410,Armée immortelle,"Il y a une éternité de cela, le Primat fonda les cinq maisons de Maldraxxus dans le but de constituer l’armée ultime. Que ce soit par la force, l’intelligence ou la ruse, ces troupes ont juré de défendre l’Ombreterre envers et contre tous.",332,2414,0,0,20,2440,0,0,-1,0,0,0,16,0,0,0,0,0,0,0,42000,0,0,0,0,0,0,0,-1,-1,0,0,0,0,0,0
2411,Légion de pierre,,-1,0,0,0,0,0,0,0,0,0,0,0,0,0,0,0,0,0,0,0,0,0,0,0,0,0,0,0,0,0,0,0,0,0,0,0
2412,Tombe-Vice,,-1,2414,8,0,0,0,0,0,0,0,0,0,0,0,0,0,0,0,0,0,0,0,0,0,1,1,0,0,0,0,0,0,0,0,0,0
2413,Cour des Moissonneurs,"Après des siècles sous le règne tyrannique de sire Denathrius, Revendreth est désormais gouverné par la cour des Moissonneurs. Ces nobles venthyrs ont pour devoir sacré de guider les âmes orgueilleuses sur la voie de la rédemption.",321,2414,0,0,20,2442,0,0,-1,0,0,0,16,0,0,0,0,0,0,0,42000,0,0,0,0,0,0,0,-1,-1,0,0,0,0,0,0
2414,Shadowlands,,322,0,8,0,0,0,0,0,0,0,0,0,4104,0,0,0,0,0,0,0,0,0,0,0,0,0,0,0,-1,-1,0,0,0,0,0,0
2415,Rajani,"Groupe de Mogu fidèles au gardien des Titans Ra, chargés de défendre le moteur de Nalak’sha contre les serviteurs de N’Zoth.",323,2104,0,0,0,2416,0,0,0,0,0,0,16,0,0,0,0,0,0,0,42000,0,0,0,0,0,0,0,-1,-1,0,0,0,0,0,0
2416,Rajani (parangon),"Groupe de Mogu fidèles au gardien des Titans Ra, chargés de défendre le moteur de Nalak’sha contre les serviteurs de N’Zoth.",324,2104,0,0,0,0,0,0,0,0,0,0,16,0,0,0,0,0,0,0,42000,0,0,0,0,0,0,0,-1,-1,0,0,0,0,0,0
2417,Accord d’Uldum,"Coalition informelle menée par les Tol’vir, l’Accord d’Uldum a été fondé pour protéger la forge des Origines face aux hordes ennemies.",325,2104,0,0,0,2418,0,0,0,0,0,0,16,0,0,0,0,0,0,0,42000,0,0,0,0,0,0,0,-1,-1,0,0,0,0,0,0
2418,Accord d’Uldum (parangon),"Coalition informelle menée par les Tol’vir, l’Accord d’Uldum a été fondé pour protéger la forge des Origines face aux hordes ennemies.",326,2104,0,0,0,0,0,0,0,0,0,0,16,0,0,0,0,0,0,0,42000,0,0,0,0,0,0,0,-1,-1,0,0,0,0,0,0
2419,N’Zoth,,-1,0,0,0,0,0,0,0,0,0,0,0,0,0,0,0,0,0,0,0,0,0,0,0,0,0,0,0,0,0,0,0,0,0,0,0
2422,Faë nocturnes,"Mobilisé pour servir la reine de l’hiver en temps de crise, l’Hallali rassemble les meilleurs chasseresses et chasseurs de Sylvarden. Face à la pénurie et au danger, ils se tiennent prêts à défendre la forêt.",328,2465,0,0,0,0,0,0,-1,0,0,0,20,0,0,0,0,0,0,0,42000,0,0,0,1,1,7,7,-1,-1,0,0,0,0,0,0
2427,Jeune aqir,,329,2104,0,365,0,0,0,0,-1,0,0,0,4,0,0,0,0,0,0,0,42000,0,0,0,0,0,0,0,-1,-1,0,0,0,0,0,0
2431,Owen Test,,330,0,0,0,0,0,0,0,4095,0,0,0,0,0,0,0,0,0,0,0,0,0,0,0,0,0,0,0,-1325316096,0,1308635136,0,0,0,0,0
2432,Ve’nari,Ve’nari en sait plus que quiconque sur l’Antre et pourrait bien se confier à vous si vous gagnez son respect.,331,2414,0,366,20,2474,0,0,-1,0,0,0,16,0,0,0,0,0,0,0,42000,0,0,0,0,0,0,0,-1,-1,0,0,0,0,0,0
2437,Tourment - Garde,,-1,0,0,0,0,0,0,0,0,0,0,0,0,0,0,0,0,0,0,0,0,0,0,0,0,0,0,0,0,0,0,0,0,0,0,0
2438,Tourment - Prisonnier,,-1,0,0,0,0,0,0,0,0,0,0,0,0,0,0,0,0,0,0,0,0,0,0,0,0,0,0,0,0,0,0,0,0,0,0,0
2439,Les Confirmés,"D’une loyauté sans faille envers l’Accusatrice, ces archivistes cherchent à restaurer et cataloguer les stèles du vice brisées par le grand chambellan et ses inquisiteurs.",334,2414,0,0,20,0,0,0,-1,0,0,0,0,0,0,0,0,0,0,0,42000,0,0,0,0,0,0,0,-1,-1,0,0,0,0,0,0
2440,Armée immortelle (parangon),"Il y a une éternité de cela, le Primat fonda les cinq maisons de Maldraxxus dans le but de constituer l’armée ultime. Que ce soit par la force, l’intelligence ou la ruse, ces troupes ont juré de défendre l’Ombreterre envers et contre tout.",320,2414,0,0,20,0,0,0,-1,0,0,0,16,0,0,0,0,0,0,0,42000,0,0,0,0,0,0,0,-1,-1,0,0,0,0,0,0
2441,Transcendés (parangon),Les Kyrians qui parviennent à se débarrasser des fardeaux de leur vie mortelle sont jugés dignes d’accomplir le rite de l’Ascension au cours duquel ils reçoivent leurs ailes et s’engagent pour l’éternité au service de l’Archonte.,335,2414,0,0,20,0,0,0,-1,0,0,0,16,0,0,0,0,0,0,0,42000,0,0,0,0,0,0,0,-1,-1,0,0,0,0,0,0
2442,Cour des Moissonneurs (parangon),"Après des siècles sous le règne tyrannique de sire Denathrius, Revendreth est désormais gouverné par la cour des Moissonneurs. Ces nobles venthyrs ont pour devoir sacré de guider les âmes orgueilleuses sur la voie de la rédemption.",336,2414,0,0,20,0,0,0,-1,0,0,0,16,0,0,0,0,0,0,0,42000,0,0,0,0,0,0,0,-1,-1,0,0,0,0,0,0
2444,L’Hallali (parangon),"Mobilisé pour servir la reine de l’hiver en temps de crise, l’Hallali rassemble les meilleurs chasseresses et chasseurs de Sylvarden. Face à la pénurie et au danger, ils se tiennent prêts à défendre la forêt.",338,2414,0,0,20,0,0,0,-1,0,0,0,16,0,0,0,0,0,0,0,42000,0,0,0,0,0,0,0,-1,-1,0,0,0,0,0,0
2445,Cour des Braises,"Une nouvelle cour s’est ouverte en Revendreth, où le prince Rénathal tente d’unir des alliés de toute l’Ombreterre et d’augmenter l’influence de sa congrégation.",339,2414,0,0,0,0,0,0,-1,0,0,0,152,0,0,0,0,0,0,0,42000,0,0,0,0,0,0,0,-1,-1,0,0,0,0,0,0
2446,Baronne Vashj,Cette inépuisable dignitaire naga a un œil critique sur tout.,340,2445,0,367,0,0,0,0,-1,0,0,0,16,0,0,0,0,0,0,0,42000,0,0,0,0,0,0,0,-1,-1,0,0,0,0,0,0
2447,Dame Baie-de-Lune,"Membre lunatique de la cour de la Nuit, dame Baie-de-Lune est réputée pour ses artifices et son influence.",341,2445,0,368,0,0,0,0,-1,0,0,0,16,0,0,0,0,0,0,0,42000,0,0,0,0,0,0,0,-1,-1,0,0,0,0,0,0
2448,Mikanikos,"En tant que premier forgelite du Bastion, Mikanikos passe le plus clair de son temps à bricoler toutes sortes d’inventions.",342,2445,0,370,0,0,0,0,-1,0,0,0,16,0,0,0,0,0,0,0,42000,0,0,0,0,0,0,0,-1,-1,0,0,0,0,0,0
2449,La comtesse,"En sa qualité d’hôtesse de marque férue de mondanités, la comtesse jouit d’une influence considérable en Revendreth.",343,2445,0,371,0,0,0,0,-1,0,0,0,16,0,0,0,0,0,0,0,42000,0,0,0,0,0,0,0,-1,-1,0,0,0,0,0,0
2450,Alexandros Mograine,"Le Porte-Cendres a passé des vies entières à faire la guerre, sans jamais pouvoir trouver le repos.",344,2445,0,372,0,0,0,0,-1,0,0,0,16,0,0,0,0,0,0,0,42000,0,0,0,0,0,0,0,-1,-1,0,0,0,0,0,0
2451,Capitaine de l’Hallali Korayn,"Redoutable combattante, le capitaine de l’Hallali Korayn ne supporte pas les formalités protocolaires.",345,2445,0,373,0,0,0,0,-1,0,0,0,16,0,0,0,0,0,0,0,42000,0,0,0,0,0,0,0,-1,-1,0,0,0,0,0,0
2452,Marchedroit Adrestès,"Entièrement dévoué à son devoir, ce transcendé impavide ne se divertit que si on lui en donne l’ordre, même lorsqu’il participe à une réception.",346,2445,0,375,0,0,0,0,-1,0,0,0,16,0,0,0,0,0,0,0,42000,0,0,0,0,0,0,0,-1,-1,0,0,0,0,0,0
2453,Rondel et Férul,"Ceux qui travaillent dur méritent de la reconnaissance. Et dans tout Tombe-Vice, personne ne se donne autant de mal que Rondel et Férul.",347,2445,0,376,0,0,0,0,-1,0,0,0,16,0,0,0,0,0,0,0,42000,0,0,0,0,0,0,0,-1,-1,0,0,0,0,0,0
2454,Choufa,"Choufa et ses amis ne manquent pas de panache, dans tous les sens du terme.",348,2445,0,377,0,0,0,0,-1,0,0,0,16,0,0,0,0,0,0,0,42000,0,0,0,0,0,0,0,-1,-1,0,0,0,0,0,0
2455,Gardien de la crypte Kassir,"Aussi têtu qu’à cheval sur ses principes, le gardien de la crypte Kassir ne cessera jamais de se battre pour ce en quoi il croit.",349,2445,0,379,0,0,0,0,-1,0,0,0,16,0,0,0,0,0,0,0,42000,0,0,0,0,0,0,0,-1,-1,0,0,0,0,0,0
2456,Dromane Aliothe,"Si la grande ourse Aliothe est une déesse sauvage, elle n’a rien d’une créature primitive.",350,2445,0,381,0,0,0,0,-1,0,0,0,16,0,0,0,0,0,0,0,42000,0,0,0,0,0,0,0,-1,-1,0,0,0,0,0,0
2457,Grand maître Vole,Personne ne peut nier que le grand maître Vole se dévoue corps et âme au théâtre de la Souffrance.,351,2445,0,382,0,0,0,0,-1,0,0,0,16,0,0,0,0,0,0,0,42000,0,0,0,0,0,0,0,-1,-1,0,0,0,0,0,0
2458,Kléia et Pélagos,"Ces âmes liées sont plus fortes lorsqu’elles sont ensemble, et leurs amis parmi les Venthyrs seront ravis de les revoir.",352,2445,0,383,0,0,0,0,-1,0,0,0,16,0,0,0,0,0,0,0,42000,0,0,0,0,0,0,0,-1,-1,0,0,0,0,0,0
2459,Sika,Cette régisseuse remarquable assure le bon fonctionnement de l’ensemble du Bastion.,353,2445,0,384,0,0,0,0,-1,0,0,0,16,0,0,0,0,0,0,0,42000,0,0,0,0,0,0,0,-1,-1,0,0,0,0,0,0
2460,Tête-de-Caillasse,"Notre ami simple d’esprit contrôle l’accès à la province des Braises, au sud.",354,2445,0,385,0,0,0,0,-1,0,0,0,16,0,0,0,0,0,0,0,42000,0,0,0,0,0,0,0,-1,-1,0,0,0,0,0,0
2461,"Marileth, catalyseur de peste","Si salissantes soient ses expériences, l’éminent expert en gelée de Maldraxxus trouve toujours une solution à tout.",355,2445,0,387,0,0,0,0,-1,0,0,0,16,0,0,0,0,0,0,0,42000,0,0,0,0,0,0,0,-1,-1,0,0,0,0,0,0
2462,Maîtres des sutures,"Spécialistes réputés de la fusion des chairs, des os et de l’anima pour créer des assemblages, les maîtres des sutures s’avèrent de puissants alliés en Maldraxxus. Ils se sont installés au Billot après avoir quitté la maison des Assemblages et ses traîtres.",356,2414,0,389,0,0,0,0,-1,0,0,0,16,0,0,0,0,0,0,0,42000,0,0,0,0,0,0,0,-1,-1,0,0,0,0,0,0
2463,Marasmius,Cette étrangeté aux allures fongiques fait partie de l’écosystème de Sylvarden depuis des temps immémoriaux. Votre bienveillance a touché ce qu’on pourrait apparenter à son cœur et il a toujours de quoi vous occuper.,357,2414,0,390,0,0,0,0,-1,0,0,0,20,0,0,0,0,0,0,0,42000,0,0,0,0,0,0,0,-1,-1,0,0,0,0,0,0
2464,Cour de la Nuit,"La pénurie d’anima et l’invasion des Drust accaparent toute l’attention de la reine de l’hiver et de l’Hallali, ce qui laisse aux dromans de la cour de la Nuit la charge de protéger les graines sauvages et de défendre leurs bosquets.",358,2414,0,391,20,0,0,0,-1,0,0,0,16,0,0,0,0,0,0,0,42000,0,0,0,0,0,0,0,-1,-1,0,0,0,0,0,0
2465,L’Hallali,"Mobilisé pour servir la reine de l’hiver en temps de crise, l’Hallali rassemble les meilleurs chasseresses et chasseurs de Sylvarden. Face à la pénurie et au danger, ils se tiennent prêts à défendre la forêt.",359,2414,0,0,20,2444,0,0,-1,0,0,0,16,0,0,0,0,0,0,0,42000,0,0,0,0,0,0,0,-1,-1,0,0,0,0,0,0
2468,Korthia,,-1,0,0,0,0,0,0,0,0,0,0,0,0,0,0,0,0,0,0,0,0,0,0,0,0,0,0,0,0,0,0,0,0,0,0,0
2469,Savoir fractal,Levez le voile sur les secrets de la création.,360,2414,0,392,0,0,0,0,-1,0,0,0,16,0,0,0,0,0,0,0,15000,0,0,0,0,0,0,0,-1,-1,0,0,0,0,0,0
2470,Avancée de la mort,"La puissance combinée des congrégations de l’Ombreterre, unie pour donner l’assaut au sanctum de Domination.",361,2414,0,0,20,2471,0,0,-1,0,0,0,16,0,0,0,0,0,0,0,42000,0,0,0,0,0,0,0,-1,-1,0,0,0,0,0,0
2471,Avancée de la mort (Parangon),"La puissance combinée des congrégations de l’Ombreterre, unie pour donner l’assaut au sanctum de Domination.",362,2414,0,0,20,0,0,0,-1,0,0,0,16,0,0,0,0,0,0,0,42000,0,0,0,0,0,0,0,-1,-1,0,0,0,0,0,0
2472,Le Codex des archivistes,"Les auxiliaires korthiens consacrent leur existence à rechercher des reliques aux quatre coins de l’Ombreterre. Guidés par leur archiviste, ils sont résolus à recouvrer les reliques éparpillées dans Korthia après l’invasion antrelige.",363,2414,0,393,20,2473,0,0,-1,0,0,0,16,0,0,0,0,0,0,0,41000,0,0,0,0,0,0,0,-1,-1,0,0,0,0,0,0
2473,Le Codex des archivistes (parangon),"Les auxiliaires korthiens consacrent leur existence à rechercher des reliques aux quatre coins de l’Ombreterre. Guidés par leur archiviste, ils sont résolus à recouvrer les reliques éparpillées dans Korthia après l’invasion antrelige.",364,2414,0,0,20,0,0,0,-1,0,0,0,16,0,0,0,0,0,0,0,42000,0,0,0,0,0,0,0,-1,-1,0,0,0,0,0,0
2474,Ve’nari (parangon),Ve’nari en sait plus que quiconque sur l’Antre et pourrait bien se confier à vous si vous gagnez son respect.,365,2414,0,0,20,0,0,0,-1,0,0,0,16,0,0,0,0,0,0,0,42000,0,0,0,0,0,0,0,-1,-1,0,0,0,0,0,0
2478,Les Éclairés,"Autrefois membres du cartel Al, les Négociants éclairés ont renoncé à tout enrichissement personnel par dévotion envers les Fondateurs. Ils pourraient être enclins à partager leur savoir avec ceux qui sauront mériter leurs faveurs.",284,2414,0,0,20,2479,0,0,-1,0,0,0,16,0,0,0,0,0,0,0,42000,0,0,0,0,0,0,0,-1,-1,0,0,0,0,0,0
2479,Les Éclairés (parangon),"Autrefois membres du cartel Al, les Négociants éclairés ont renoncé à tout enrichissement personnel par dévotion envers les Fondateurs. Ils pourraient être enclins à partager leur savoir avec ceux qui sauront mériter leurs faveurs.",368,2414,0,0,20,0,0,0,-1,0,0,0,16,0,0,0,0,0,0,0,42000,0,0,0,0,0,0,0,-1,-1,0,0,0,0,0,0
2480,Automas,,-1,2414,0,0,0,0,0,0,0,0,0,0,0,0,0,0,0,0,0,0,0,0,0,0,1,1,0,0,0,0,0,0,0,0,0,0
2502,Monstres attirés de Zereth Mortis,,-1,0,0,0,0,0,0,0,0,0,0,0,0,0,0,0,0,0,0,0,0,0,0,0,0,0,0,0,0,0,0,0,0,0,0,0
2503,Centaure maruuk,"Guidés par l’appel du vent et le frisson de la chasse, les clans de Centaures parcourent les plaines d’Ohn’ahra.",401,2506,9,0,6,2504,0,2002,-1,0,0,0,16,0,0,0,0,0,0,0,2500,0,0,0,0,0,0,0,-1,-1,0,0,0,0,0,0
2504,Centaur maruuk (parangon),"Guidés par l’appel du vent et le frisson de la chasse, les clans de Centaures parcourent les plaines d’Ohn’ahra.",373,2506,9,0,6,0,0,0,-1,0,0,0,16,0,0,0,0,0,0,0,42000,0,0,0,0,0,0,0,-1,-1,0,0,0,0,0,0
2506,Dragonflight,,374,0,9,0,0,0,0,0,0,0,0,0,4120,0,0,0,0,0,0,0,0,0,0,0,0,0,0,0,-1,-1,0,0,0,0,0,0
2507,Expédition du Dracaret,"Expédition conjointe de la Ligue des explorateurs et du Reliquaire, ce groupe intrépide d’aventuriers, d’érudits et d’artisans cherche à percer les nombreux mystères des îles aux Dragons.",369,2506,9,0,6,2508,0,2021,-1,0,0,0,152,0,0,0,0,0,0,0,2500,0,0,0,0,0,0,0,-1,-1,0,0,0,0,0,0
2508,Expédition du Dracaret (parangon),"Expédition conjointe de la Ligue des explorateurs et du Reliquaire, ce groupe intrépide d’aventuriers, d’érudits et d’artisans cherche à percer les nombreux mystères des îles aux Dragons.",375,2506,9,0,6,0,0,0,-1,0,0,0,16,0,0,0,0,0,0,0,42000,0,0,0,0,0,0,0,-1,-1,0,0,0,0,0,0
2509,Clan des Shikaars,,376,2503,9,0,0,0,0,0,-1,0,0,0,2068,0,0,0,0,0,0,0,42000,0,0,0,0,0,0,0,-1,-1,0,0,0,0,0,0
2510,Concordat de Valdrakken,"Établi dans la capitale historique des peuples draconiens, le concordat de Valdrakken incarne leur puissance réunie et cherche à protéger non seulement leur île natale, mais aussi l’ensemble d’Azeroth.",377,2506,9,0,6,2552,0,2088,-1,0,0,0,152,0,0,0,0,0,0,0,2500,0,0,0,0,0,0,0,-1,-1,0,0,0,0,0,0
2511,Rohart iskaarien,Les Roharts iskaariens vivent en harmonie sur les îles aux Dragons depuis des générations et sont friands de récits sur le monde qui les entoure.,378,2506,9,0,6,2551,0,2087,-1,0,0,0,16,0,0,0,0,0,0,0,2500,0,0,0,0,0,0,0,-1,-1,0,0,0,0,0,0
2512,Clan des Aylaags,,379,2503,9,0,0,0,0,0,-1,0,0,0,2068,0,0,0,0,0,0,0,42000,0,0,0,0,0,0,0,-1,-1,0,0,0,0,0,0
2513,Clan des Ohn’irs,,380,2503,9,0,0,0,0,0,-1,0,0,0,2068,0,0,0,0,0,0,0,42000,0,0,0,0,0,0,0,-1,-1,0,0,0,0,0,0
2514,Primalistes,,-1,0,0,0,0,0,0,0,0,0,0,0,0,0,0,0,0,0,0,0,0,0,0,0,0,0,0,0,0,0,0,0,0,0,0,0
2516,Djaradins,,-1,0,0,0,0,0,0,0,0,0,0,0,0,0,0,0,0,0,0,0,0,0,0,0,1,1,0,0,0,0,0,0,0,0,0,0
2517,Irion,"Jusqu’alors préoccupé par la défense d’Azeroth, Irion se consacre désormais à l’avenir du Vol draconique noir… et à son propre destin.",381,2510,9,396,4,0,0,0,-1,0,0,0,16,0,0,0,0,0,0,0,42000,0,0,0,0,0,0,0,-1,-1,0,0,0,0,0,0
2518,Sabellian,"Sabellian a fondé une nouvelle génération de Dragons noirs non corrompus, et s’efforce de la protéger à tout prix.",382,2510,9,397,4,0,0,0,-1,0,0,0,16,0,0,0,0,0,0,0,42000,0,0,0,0,0,0,0,-1,-1,0,0,0,0,0,0
2519,Reconquête,,-1,0,0,0,0,0,0,0,0,0,0,0,0,0,0,0,0,0,0,0,0,0,0,0,0,0,0,0,0,0,0,0,0,0,0,0
2520,Clan des Nokhuds,,414,2506,0,0,0,0,0,0,-1,0,0,0,2054,0,0,0,-40000,0,0,0,42000,0,0,0,0,0,0,0,-1,-1,0,0,0,0,0,0
2521,Clan des Nokhuds (parangon),,384,2506,9,0,0,0,0,0,-1,0,0,0,2068,0,0,0,0,0,0,0,42000,0,0,0,0,0,0,0,-1,-1,0,0,0,0,0,0
2522,Clan des Teeraïs,,385,2503,9,0,0,0,0,0,-1,0,0,0,2068,0,0,0,0,0,0,0,42000,0,0,0,0,0,0,0,-1,-1,0,0,0,0,0,0
2523,Serres-Noires,"Avec à leur tête la brave squammandante Cendrécraz, les Serres-Noires étaient l’arme secrète du Vol draconique noir. De nos jours, ces Dracthyrs sont capables de renverser le cours de n’importe quelle bataille, même en infériorité numérique.",386,67,9,0,0,0,0,0,-1,-1,-1,0,272,2,17,0,0,-42000,3000,0,42000,-42000,42000,0,0,0,0,0,1309291442,0,-1321907123,1427461461,32768,0,0,0
2524,Gardes d’obsidienne,"Avec à leur tête le brave squammandant Azurathel, les Serres-Noires étaient l’arme secrète du Vol draconique noir. De nos jours, ces Dracthyrs sont capables de renverser le cours de n’importe quelle bataille, même en infériorité numérique.",387,469,9,0,0,0,0,0,-1,-1,-1,0,272,2,273,0,0,-42000,3000,0,42000,-42000,42000,0,0,0,0,0,-1321972659,0,1309324210,-1440044374,65536,0,0,0
2525,"Élémentaire, feu",,-1,0,0,0,0,0,0,0,0,0,0,0,0,0,0,0,0,0,0,0,0,0,0,0,1,1,5,5,0,0,0,0,0,0,0,0
2526,Furbolg crin-d’hiver,Les Furbolgs crins-d’hiver parlent un dialecte que personne ne semble comprendre. Peut-être en apprendrons-nous davantage à l’avenir.,411,2506,0,0,0,0,0,0,0,0,0,0,0,0,0,0,-2900,0,0,0,42000,0,0,0,0,0,0,0,-1,-1,0,0,0,0,0,0
2542,Clan des Ukhels,,372,2506,0,0,0,0,0,0,-1,0,0,0,2054,0,0,0,-42000,0,0,0,-42000,0,0,0,0,0,0,0,-1,-1,0,0,0,0,0,0
2544,Consortium d’artisanat – filiale des îles aux Dragons,,402,2510,0,398,4,0,0,0,-1,0,0,0,16,0,0,0,0,0,0,0,42000,0,0,0,0,0,0,0,-1,-1,0,0,0,0,0,0
2550,Assemblée de Cobalt,"L’assemblée de Cobalt était autrefois un sanctuaire où les Dragons bleus invoquaient de merveilleuses créations nées de la magie des arcanes. Aujourd’hui, elle est tombée aux mains de la Flamme fracturée qui compte mettre ce pouvoir au service de la guerre.",408,2510,0,400,4,0,0,0,-1,0,0,0,16,0,0,0,100,0,0,0,42000,0,0,0,0,0,0,0,-1,-1,0,0,0,0,0,0
2551,Roharts iskaariens (parangon),Les Roharts iskaariens vivent en harmonie sur les îles aux Dragons depuis des générations et sont friands de récits sur le monde qui les entoure.,409,2506,9,0,6,0,0,0,-1,0,0,0,16,0,0,0,0,0,0,0,42000,0,0,0,0,0,0,0,-1,-1,0,0,0,0,0,0
2552,Concordat de Valdrakken (parangon),"Établi dans la capitale historique des peuples draconiens, le concordat de Valdrakken incarne leur puissance réunie et cherche à protéger non seulement leur île natale, mais aussi l’ensemble d’Azeroth.",410,2506,9,0,6,0,0,0,-1,0,0,0,16,0,0,0,0,0,0,0,42000,0,0,0,0,0,0,0,-1,-1,0,0,0,0,0,0
2553,Soridormi,"Les marcheurs du temps de Soridormi arpentent les voies temporelles et protègent notre monde contre les innombrables alternatives. Lorsque notre ligne temporelle est attaquée ou menace de s’effondrer, elle est la commandante chargée de restaurer l’équilibre.",432,2510,9,411,4,0,0,0,-1,0,0,0,16,0,0,0,0,0,0,0,42000,0,0,0,0,0,0,0,-1,-1,0,0,0,0,0,0
2554,Clan des Toghus,,412,2503,0,0,0,0,0,0,-1,0,0,0,2052,0,0,0,0,0,0,0,42000,0,0,0,0,0,0,0,-1,-1,0,0,0,0,0,0
2555,Clan des Kaïghans,,413,2506,0,0,0,0,0,0,-1,0,0,0,2054,0,0,0,-6000,0,0,0,42000,0,0,0,0,0,0,0,-1,-1,0,0,0,0,0,0
2564,Flairans de Terreau,"Sous les îles aux Dragons, au plus profond de la grotte de Zaralek, se cache la cité flairane de Terreau. Ses négociants et négociantes sont réputés pour leur amabilité sans faille, leur hospitalité, leur odorat surdéveloppé et leur système de marchandage unique en son genre.",421,2506,9,0,6,2565,0,2402,-1,0,0,0,16,0,0,0,0,0,0,0,2500,0,0,0,0,0,0,0,-1,-1,0,0,0,0,0,0
2565,Flairans de Terreau (parangon),"Sous les îles aux Dragons, au plus profond de la grotte de Zaralek, se cache la cité flairane de Terreau. Ses négociants et négociantes sont réputés pour leur amabilité sans faille, leur hospitalité, leur odorat surdéveloppé et leur système de marchandage unique en son genre.",422,2506,9,0,6,0,0,0,-1,0,0,0,16,0,0,0,0,0,0,0,42000,0,0,0,0,0,0,0,-1,-1,0,0,0,0,0,0
2568,Pilote phosphorogg,Briggul ne confie pas Gliss à n’importe qui. Pouvez-vous prouver que vous savez chevaucher un escargot ?,425,2506,0,408,0,0,0,0,-1,0,0,0,16,0,0,0,0,0,0,0,2800,0,0,0,0,0,0,0,-1,-1,0,0,0,0,0,0
2569,The War Within,,383,0,10,0,0,0,0,0,-1,0,0,0,4120,0,0,0,0,0,0,0,0,0,0,0,0,0,0,0,-1,-1,0,0,0,0,0,0
2570,Arathis de Sainte-Chute,"Les Arathis de l’expédition de Sainte-Chute protègent l’étoile Beledar des nombreuses menaces venant de sous Khaz Algar. Isolés de leur empire lointain, ils ont bâti un nouveau foyer grâce à la puissance de leur foi en la Flamme sacrée.",426,2569,10,0,4,2611,0,2901,-1,0,0,0,16,0,0,0,0,0,0,0,2500,0,0,0,0,0,0,0,-1,-1,0,0,0,0,0,0
2574,Gardiens du Rêve,Une coalition de races prêtes à défendre le Rêve d’émeraude contre toutes les menaces possibles.,430,2506,9,0,6,2575,0,2653,-1,0,0,0,16,0,0,0,0,0,0,0,2500,0,0,0,0,0,0,0,-1,-1,0,0,0,0,0,0
2575,Gardiens du Rêve (parangon),Une coalition de races prêtes à défendre le Rêve d’émeraude contre toutes les menaces possibles.,431,2506,9,0,6,0,0,0,0,0,0,0,0,0,0,0,0,0,0,0,0,0,0,0,0,0,0,0,0,0,0,0,0,0,0,0
2576,Druides de la Flamme,,-1,0,0,0,0,0,0,0,0,0,0,0,0,0,0,0,0,0,0,0,0,0,0,0,0,0,0,0,0,0,0,0,0,0,0,0
2590,Conseil de Dornogal,"Depuis la salle des Fondations, le conseil de Dornogal exerce le pouvoir sous la houlette du conseiller Merrix et prend des décisions affectant tous les Terrestres de l’île de Dorn.",442,2569,10,0,4,2612,0,2900,-1,0,0,0,16,0,0,0,0,0,0,0,2500,0,0,0,0,0,0,0,-1,-1,0,0,0,0,0,0
2593,Équipage de Labarrique,"Un équipage de canailles indépendant, qui sème le chaos sous le pavillon du capitaine Labarrique.",203,0,9,0,38,0,0,2814,-1,0,0,0,16,0,0,0,0,0,0,0,2500,0,0,0,0,0,0,0,-1,-1,0,0,0,0,0,0
2594,Assemblée des profondeurs,"Au sein des abîmes Retentissants, des machines abandonnées attendent d’être réparées. Tandis que les mandataires des machines exploitent leurs connaissances technologiques, les Kobolds récupèrent des pièces détachées. Quiconque souhaite explorer et reconstruire est la ou le bienvenu.",444,2569,10,0,6,2613,0,2898,-1,0,0,0,16,0,0,0,0,0,0,0,2500,0,0,0,0,0,0,0,-1,-1,0,0,0,0,0,0
2595,Ordre de la nuit,,-1,2569,10,0,0,0,0,0,0,0,0,0,0,0,0,0,0,0,0,0,0,0,0,0,1,1,0,0,0,0,0,0,0,0,0,0
2596,Les Fils tranchés (parangon),Le règne tumultueux de la reine Ansurek a connu quelques détracteurs. Les Fils tranchés ont œuvré avec intelligence et discrétion pour saboter le règne d’Ansurek de l’intérieur.,445,2569,10,0,6,0,0,0,-1,0,0,0,16,0,0,0,0,0,0,0,7500,0,0,0,0,0,0,0,-1,-1,0,0,0,0,0,0
2600,Les Fils tranchés,Le règne tumultueux de la reine Ansurek a connu quelques détracteurs. Les Fils tranchés ont œuvré avec intelligence et discrétion pour saboter le règne d’Ansurek de l’intérieur.,446,2569,10,0,6,2596,0,2904,-1,0,0,0,4248,0,0,0,0,0,0,0,2500,0,0,0,0,0,0,0,-1,-1,0,0,0,0,0,0
2601,La Tisserande,"Autrefois tisserande royale, la veuve Arak’nai pose désormais un regard critique sur son ancien foyer. Grâce à son réseau de tisse-rats et d’espions, peu de choses lui échappent.",447,2600,10,416,6,2648,0,0,-1,0,0,0,16,0,0,0,0,0,0,0,20000,0,0,0,0,0,0,7,-1,-1,0,0,0,0,0,0
2602,Bazar Ombreux,Contrôle le comportement des créatures dans le bazar Ombreux de la cité des Fils.,-1,2600,10,0,4,0,0,0,0,0,0,0,0,0,0,0,0,0,0,0,0,0,0,0,1,1,0,0,0,0,0,0,0,0,0,0
2604,Équipage de Labarrique (parangon),"Un équipage de canailles indépendant, qui sème le chaos sous le pavillon du capitaine Labarrique.",202,0,9,0,6,0,0,0,-1,0,0,0,16,0,0,0,0,0,0,0,42000,0,0,0,0,0,0,0,-1,-1,0,0,0,0,0,0
2605,Le général,"Autrefois le plus illustre chef militaire d’Azj-Kahet, Anub’azal a dû laisser sa place à l’un des Transcendés si chers au cœur d’Ansurek. Une décision qui ne restera pas sans conséquences.",449,2600,10,417,6,2649,0,0,-1,0,0,0,16,0,0,0,0,0,0,0,20000,0,0,0,0,0,0,7,-1,-1,0,0,0,0,0,0
2606,Haut-Creux,Contrôle le comportement des créatures à Haut-Creux de la cité des Fils.,-1,2600,10,0,4,0,0,0,0,0,0,0,0,0,0,0,0,0,0,0,0,0,0,0,1,1,0,0,0,0,0,0,0,0,0,0
2607,Le vizir,"Occupant la position la plus dangereuse de toutes, l’exécuteur Nizrek passe ses journées à conseiller la reine Ansurek. Fort heureusement, Ansurek ignore qu’il passe le reste de son temps à essayer de mettre fin à son règne.",451,2600,10,418,6,2647,0,0,-1,0,0,0,16,0,0,0,0,0,0,0,20000,0,0,0,0,0,0,7,-1,-1,0,0,0,0,0,0
2609,Les Terriers,Contrôle le comportement des créatures dans les Terriers de la cité des Fils.,-1,2600,10,0,4,0,0,0,0,0,0,0,0,0,0,0,0,0,0,0,0,0,0,0,1,1,0,0,0,0,0,0,0,0,0,0
2610,Nérubien azj-kaheti (toujours hostile) (caché),"Contrôle le comportement des créatures pour les Nérubiens toujours hostiles. Agit comme un monstre, mais les autres Nérubiens n’attaquent pas (même en cas d’amitié avec le personnage-joueur). Utilisable sur la plupart des adversaires nérubiens.",-1,2600,10,0,0,0,0,0,0,0,0,0,0,0,0,0,0,0,0,0,0,0,0,0,1,1,0,0,0,0,0,0,0,0,0,0
2611,Arathis de Sainte-Chute (parangon),"Les Arathis de l’expédition de Sainte-Chute protègent l’étoile Beledar des nombreuses menaces venant de sous Khaz Algar. Isolés de leur empire lointain, ils ont bâti un nouveau foyer grâce à la puissance de leur foi en la Flamme sacrée.",453,2569,10,0,6,0,0,0,-1,0,0,0,16,0,0,0,0,0,0,0,42000,0,0,0,0,0,0,0,-1,-1,0,0,0,0,0,0
2612,Conseil de Dornogal (parangon),"Depuis la salle des Fondations, le conseil de Dornogal exerce le pouvoir sous la houlette du conseiller Merrix et prend des décisions affectant tous les Terrestres de l’île de Dorn.",454,2569,10,0,6,0,0,0,-1,0,0,0,16,0,0,0,0,0,0,0,42000,0,0,0,0,0,0,0,-1,-1,0,0,0,0,0,0
2613,Assemblée des profondeurs (parangon),"Au sein des abîmes Retentissants, des machines abandonnées attendent d’être réparées. Tandis que les mandataires des machines exploitent leurs connaissances technologiques, les Kobolds récupèrent des pièces détachées. Quiconque souhaite explorer et reconstruire est la ou le bienvenu.",455,2569,10,0,6,0,0,0,-1,0,0,0,16,0,0,0,0,0,0,0,42000,0,0,0,0,0,0,0,-1,-1,0,0,0,0,0,0
2614,Bastion du Siège,Controls creature behavior in the Siegehold POI of Azj-Kahet.  ONLY USED IN LEVEL UP CAMPAIGN CH 2.,-1,2600,10,0,0,0,0,0,0,0,0,0,0,0,0,0,0,0,0,0,0,0,0,0,1,1,0,0,0,0,0,0,0,0,0,0
2615,Archives d’Azeroth,Une association d’érudits de l’expédition du Dracaret qui s’attelle à la préservation des antiquités pour les générations à venir.,457,2507,9,419,4,0,0,0,-1,0,0,0,16,0,0,0,0,0,0,0,42000,0,0,0,0,0,0,0,-1,-1,0,0,0,0,0,0
2616,Vandale de Labarrique,,-1,2506,9,0,0,2604,0,2814,0,0,0,0,0,0,0,0,0,0,0,0,0,0,0,0,1,1,0,0,0,0,0,0,0,0,0,0
2635,Les Écheveaux,Contrôle le comportement des créatures dans les Écheveaux de la cité des Fils.,-1,2600,10,0,4,0,0,0,0,0,0,0,0,0,0,0,0,0,0,0,0,0,0,0,1,1,0,0,0,0,0,0,0,0,0,0
2637,"PERSONNAGE-JOUEUR, Terrestre de l’Alliance",,-1,0,0,0,0,0,0,0,0,0,0,0,0,0,0,0,0,0,0,0,0,0,0,0,1,1,5,5,0,0,0,0,0,0,0,0
2638,"PERSONNAGE-JOUEUR, Terrestre de la Horde",,-1,0,0,0,0,0,0,0,0,0,0,0,0,0,0,0,0,0,0,0,0,0,0,0,1,1,5,5,0,0,0,0,0,0,0,0
2640,Brann Barbe-de-Bronze,Compagnon de Gouffre digne de confiance,448,2569,0,412,6,0,0,0,-1,0,0,0,16,0,0,0,0,0,0,0,9335900,0,0,0,0,0,0,0,-1,-1,0,0,0,0,0,0
2644,Gouffre saison 1,,456,2569,10,0,102,0,0,3022,-1,0,0,0,0,0,0,0,0,0,0,0,4200,0,0,0,0,0,0,0,-1,-1,0,0,0,0,0,0
2645,Terrestres,,467,2590,9,0,4,0,0,0,-1,0,0,0,2068,0,0,0,3000,0,0,0,42000,0,0,0,1,0,7,0,-1,-1,0,0,0,0,0,0
2647,Le vizir (parangon),"Occupant la position la plus dangereuse de toutes, l’exécuteur Nizrek passe ses journées à conseiller la reine Ansurek. Fort heureusement, Ansurek ignore qu’il passe le reste de son temps à essayer de mettre fin à son règne.",468,2600,0,0,6,0,0,0,-1,0,0,0,16,0,0,0,0,0,0,0,0,0,0,0,0,0,0,0,-1,-1,0,0,0,0,0,0
2648,La Tisserande (parangon),"Autrefois tisserande royale, la veuve Arak’nai pose désormais un regard critique sur son ancien foyer. Grâce à son réseau de tisse-rats et d’espions, peu de choses lui échappent.",469,2600,0,0,6,0,0,0,-1,0,0,0,16,0,0,0,0,0,0,0,0,0,0,0,0,0,0,0,-1,-1,0,0,0,0,0,0
2649,Le général (parangon),"Autrefois le plus illustre chef militaire d’Azj-Kahet, Anub’azal a dû laisser sa place à l’un des Transcendés si chers au cœur d’Ansurek. Une décision qui ne restera pas sans conséquences.",470,2600,0,0,6,0,0,0,-1,0,0,0,16,0,0,0,0,0,0,0,0,0,0,0,0,0,0,0,-1,-1,0,0,0,0,0,0
2652,Milice imprégnée de ténèbres,Des mercenaires sous l’emploi de Jastor Gallywix pour « protéger » les ressources et la main d’œuvre de Terremine.,-1,2653,0,0,0,0,0,0,0,0,0,0,0,0,0,0,0,0,0,0,0,0,0,0,1,1,7,5,0,0,0,0,0,0,0,0
2653,Cartels de Terremine,"Terremine n’est pas comme les autres villes. Il n’y a ni roi ni chef, rien que des cartels. Tout le monde veut en faire partie. Il ne peut y avoir qu’un roi, alors que Terremine a plein de cartels, c’est bien mieux. Et ils ont tous ont besoin de nouveaux membres.",478,2569,10,0,6,2667,0,3120,-1,0,0,0,152,0,0,0,0,0,0,0,2500,0,0,0,0,0,7,7,-1,-1,0,0,0,0,0,0
2657,11.2 Ethereum,,-1,2569,10,0,0,0,0,0,0,0,0,0,0,0,0,0,0,0,0,0,0,0,0,0,1,1,0,0,0,0,0,0,0,0,0,0
2658,L’Entente de K’aresh,Une coalition de cartels négociants et éthériens formée pour accomplir un objectif impossible : sauver des griffes de l’Omni-dévoreur une facette de leur monde détruit.,471,2569,10,0,6,2659,0,3128,-1,0,0,0,16,0,0,0,0,0,0,0,2500,0,0,0,0,0,0,0,-1,-1,0,0,0,0,0,0
2659,L’Entente de K’aresh,Une coalition de cartels négociants et éthériens formée pour accomplir un objectif impossible : sauver des griffes de l’Omni-dévoreur une facette de leur monde détruit.,472,2569,9,0,6,0,0,0,-1,0,0,0,16,0,0,0,0,0,0,0,42000,0,0,0,0,0,0,0,-1,-1,0,0,0,0,0,0
2662,[PH] The Power of Friendship,[PH] This is the bucket for all neighborhood visitors who can become friends with the player.,473,2569,0,0,0,0,0,0,-1,0,0,0,152,0,0,0,0,0,0,0,42000,0,0,0,0,0,0,0,-1,-1,0,0,0,0,0,0
2663,Meera,"Loin de sa terre natale de Vol’dun, Meera a décidé de parcourir le monde en tant que marchande aux côtés de ses meilleurs amis, les alpagas Dingo et Dolly.",474,2662,0,487,0,0,0,0,-1,0,0,0,16,0,0,0,0,0,0,0,42000,0,0,0,0,0,0,0,-1,-1,0,0,0,0,0,0
2664,Flynn Bellebrise,"Autrefois capitaine pirate d’un bateau pirate sévissant au large des côtes de Kul Tiras, Flynn a depuis juré de servir l’Alliance… contre espèces sonnantes et trébuchantes.",475,2662,0,489,0,0,0,0,-1,0,0,0,16,0,0,0,0,0,0,0,42000,0,0,0,0,0,0,0,-1,-1,0,0,0,0,0,0
2665,Lillistrasza,"Si elle vit au sanctuaire de l’Essence rubis, sur les îles aux Dragons, Lillistrasza est connue pour s’éclipser de temps à autre afin de visiter des lieux qui l’intéressent.",476,2662,0,488,0,0,0,0,-1,0,0,0,16,0,0,0,0,0,0,0,42000,0,0,0,0,0,0,0,-1,-1,0,0,0,0,0,0
2666,Cafetard vantard,Le café local de Borobois.,477,2662,0,490,0,0,0,0,-1,0,0,0,16,0,0,0,0,0,0,0,42000,0,0,0,0,0,0,0,-1,-1,0,0,0,0,0,0
2667,Cartels de Terremine (parangon),"Terremine n’est pas comme les autres villes. Il n’y a ni roi ni chef, rien que des cartels. Tout le monde veut en faire partie. Il ne peut y avoir qu’un roi, alors que Terremine a plein de cartels, c’est bien mieux. Et ils ont tous ont besoin de nouveaux membres.",479,2569,0,0,6,0,0,0,-1,0,0,0,16,0,0,0,0,0,0,0,2500,0,0,0,0,0,7,7,-1,-1,0,0,0,0,0,0
2668,Solutions ténébreuses (parangon),"Les Solutions ténébreuses ne se sont pas fait d’amis en travaillant pour Gallywix, mais l’abandon ne fait pas partie de la méthode gobeline. Elles reviennent avec une nouvelle marque, une nouvelle attitude, et puis, il s’agissait juste d’affaires, pas vrai ?",480,2653,0,0,6,0,0,0,-1,0,0,0,16,0,0,0,0,0,0,0,42000,0,0,0,0,0,5,5,-1,-1,0,0,0,0,0,0
2669,Solutions ténébreuses,"Les Solutions ténébreuses ne se sont pas fait d’amis en travaillant pour Gallywix, mais l’abandon ne fait pas partie de la méthode gobeline. Elles reviennent avec une nouvelle marque, une nouvelle attitude, et puis, il s’agissait juste d’affaires, pas vrai ?",481,2653,10,0,6,2668,0,0,-1,0,0,0,16,0,0,0,0,0,0,0,42000,0,0,0,0,0,1,7,-1,-1,0,0,0,0,0,0
2670,KapitalRisk (parangon),"La KapitalRisk n’a pas une très bonne réputation en ville, mais personne ne récolte, mine ou creuse plus vite que ses membres. Si vous voulez quelque chose de joli, peignez un tableau. Si vous voulez des matières premières, la KapitalRisk s’occupe de vous.",482,2653,0,0,6,0,0,0,-1,0,0,0,16,0,0,0,0,0,0,0,42000,0,0,0,0,0,5,5,-1,-1,0,0,0,0,0,0
2671,KapitalRisk,"La KapitalRisk n’a pas une très bonne réputation en ville, mais personne ne récolte, mine ou creuse plus vite que ses membres. Si vous voulez quelque chose de joli, peignez un tableau. Si vous voulez des matières premières, la KapitalRisk s’occupe de vous.",483,2653,10,0,6,2670,0,0,-1,0,0,0,16,0,0,0,3000,0,0,0,42000,0,0,0,0,0,3,7,-1,-1,0,0,0,0,0,0
2672,Cartel Baille-Fonds (parangon),"Le cartel Baille-Fonds a connu plus de hauts et de bas que d’autres, mais personne ne sait aussi bien construire ou inventer. Qu’il s’agisse de villes, de jouets de bain ou de [SECRET DÉFENSE], Baille-Fonds fait ce qu’il y a de mieux.",484,2653,0,0,6,0,0,0,-1,0,0,0,16,0,0,0,0,0,0,0,42000,0,0,0,0,0,5,5,-1,-1,0,0,0,0,0,0
2673,Cartel Baille-Fonds,"Le cartel Baille-Fonds a connu plus de hauts et de bas que d’autres, mais personne ne sait aussi bien construire ou inventer. Qu’il s’agisse de villes, de jouets de bain ou de [SECRET DÉFENSE], Baille-Fonds fait ce qu’il y a de mieux.",485,2653,10,0,6,2672,0,0,-1,0,0,0,16,0,0,0,3000,0,0,0,42000,0,0,0,0,0,3,7,-1,-1,0,0,0,0,0,0
2674,Carte des Flots noirs (parangon),"Le cartel des Flots noirs s’est formé récemment sur les fondations d’un ancien syndicat de pirates. Mais il fait à présent des vagues dans le monde du transport maritime et des croisières de luxe. Il peut déplacer n’importe quelle cargaison, n’importe où, à n’importe quel moment, désormais de façon légale.",486,2653,0,0,6,0,0,0,-1,0,0,0,16,0,0,0,0,0,0,0,42000,0,0,0,0,0,7,7,-1,-1,0,0,0,0,0,0
2675,Cartel des Flots noirs,"Le cartel des Flots noirs s’est formé récemment sur les fondations d’un ancien syndicat de pirates. Mais il fait à présent des vagues dans le monde du transport maritime et des croisières de luxe. Il peut déplacer n’importe quelle cargaison, n’importe où, à n’importe quel moment, désormais de façon légale.",487,2653,10,0,6,2674,0,0,-1,0,0,0,16,0,0,0,3000,0,0,0,42000,0,0,0,0,0,3,7,-1,-1,0,0,0,0,0,0
2676,Cartel Gentepression (parangon),"Gentepression est sans doute le plus ancien et le plus grand cartel de Terremine. Il a une main dans toutes les industries, et son influence s’étend même au-delà d’Azeroth. De nos jours, depuis l’ascension de Brouillecaboche, l’alchimie représente le gros de son activité.",488,2653,0,0,6,0,0,0,-1,0,0,0,16,0,0,0,0,0,0,0,42000,0,0,0,0,0,5,5,-1,-1,0,0,0,0,0,0
2677,Cartel Gentepression,"Gentepression est sans doute le plus ancien et le plus grand cartel de Terremine. Il a une main dans toutes les industries, et son influence s’étend même au-delà d’Azeroth. De nos jours, depuis l’ascension de Brouillecaboche, l’alchimie représente le gros de son activité.",489,2653,10,0,6,2676,0,0,-1,0,0,0,16,0,0,0,3000,0,0,0,42000,0,0,0,0,0,3,7,-1,-1,0,0,0,0,0,0
2683,Gouffres saison 2,,493,2569,10,0,102,0,0,3130,-1,0,0,0,0,0,0,0,0,0,0,0,4200,0,0,0,0,0,0,0,-1,-1,0,0,0,0,0,0
2684,Programme de fidélité du Gallagio (parangon),"Le Gallagio vient de changer de direction. Ou en changera bientôt. Et quand ce sera le cas, vous voudrez être en bon termes avec le proprio, non ? Alors aidez le Gallagio à s’améliorer, et faites-vous une bonne réputation.",494,2653,10,0,6,0,0,0,-1,0,0,0,16,0,0,0,0,0,0,0,42000,0,0,0,0,0,0,0,-1,-1,0,0,0,0,0,0
2685,Programme de fidélité du Gallagio,"Le Gallagio vient de changer de direction. Ou en changera bientôt. Et quand ce sera le cas, vous voudrez être en bon termes avec le proprio, non ? Alors aidez le Gallagio à s’améliorer, et faites-vous une bonne réputation.",495,2653,10,0,6,2684,0,3315,-1,0,0,0,16,0,0,0,0,0,0,0,2500,0,0,0,0,0,7,7,-1,-1,0,0,0,0,0,0
2688,Radiance de la Flamme,"Lorsque Sainte-Chute est menacée et l’armée trop affaiblie pour faire face, un appel aux armes retentit pour former la Radiance de la Flamme. Tout renfort sera le bienvenu pour la défense de Sainte-Chute.",496,2569,10,0,6,2689,0,3140,-1,0,0,0,16,0,0,0,0,0,0,0,2500,0,0,0,0,0,0,0,-1,-1,0,0,0,0,0,0
2689,Radiance de la Flamme (parangon),"Lorsque Sainte-Chute est menacée et l’armée trop affaiblie pour faire face, un appel aux armes retentit pour former la Radiance de la Flamme. Tout renfort sera le bienvenu pour la défense de Sainte-Chute.",497,2569,10,0,6,0,0,0,-1,0,0,0,16,0,0,0,0,0,0,0,2500,0,0,0,0,0,0,0,-1,-1,0,0,0,0,0,0
2692,KapitalRisk,11.1 NPC/CREATURE ONLY,-1,0,0,0,0,0,0,0,0,0,0,0,0,0,0,0,0,0,0,0,0,0,0,0,1,1,7,7,0,0,0,0,0,0,0,0
2693,Périple du Gouffre (saison 1),,498,2569,10,0,70,0,0,0,-1,0,0,0,4248,0,0,0,0,0,0,0,2500,0,0,0,0,0,0,0,-1,-1,0,0,0,0,0,0
2695,Test Account Wide Stormwind (DNT),Testing faction-restricted account wide factions (DNT),500,0,0,0,100,0,0,0,0,0,0,0,276,6,20,0,3000,-42000,4000,0,42000,-42000,42000,0,1,0.25,4,7,825576524,0,1309324210,-1440044374,-2147483647,0,0,0
2696,Tribu des Amani,"Pendant des millénaires, le peuple amani a dominé et contrôlé la plus grande partie des royaumes de l’Est, mais il a été contraint de trouver refuge à Zul’Aman lorsque les peuples elfe et humain ont colonisé ces terres.",501,2698,11,0,6,2705,0,3355,-1,0,0,0,152,0,0,0,0,0,0,0,2500,0,0,0,0,0,0,0,-1,-1,0,0,0,0,0,0
2697,Chase's test faction (DNT),Testing for AVU (DNT),504,469,0,0,244,0,0,0,-1,0,0,0,4,4,4,4,300,0,0,0,40000,0,0,0,1,1,4,7,-1321907123,1427461461,0,0,0,0,0,0
2698,Midnight,,503,0,11,0,0,0,0,0,-1,0,0,0,24,0,0,0,0,0,0,0,0,0,0,0,0,0,0,0,-1,-1,0,0,0,0,0,0
2699,La Singularité,"Peu d’individus ont la force de caractère nécessaire pour survivre dans le tourbillon de terreur et de violence de la tempête du Vide. La Singularité, fondée par le magistère Umbric et les Ren’dorei, réunit tous les êtres prêts à braver cette terre redoutable pour tenir tête à Xal’atath.",502,2698,11,0,6,2725,0,3388,-1,0,0,0,16,0,0,0,0,0,0,0,2500,0,0,0,0,0,0,0,-1,-1,0,0,0,0,0,0
2700,DEPRECATED Fungarian Fighting Ring,,505,2698,11,0,32,0,0,0,-1,0,0,0,20,0,0,0,0,0,0,0,0,0,0,0,0,0,0,0,-1,-1,0,0,0,0,0,0
2704,Hara’ti,"Répondant à l’écho du chant de leur déesse, les Hara’ti veillent sur son berceau, Harandar, en espérant son retour.",509,2698,11,0,6,2726,0,3369,-1,0,0,0,16,0,0,0,0,0,0,0,2500,0,0,0,0,0,0,0,-1,-1,0,0,0,0,0,0
2705,Tribu des Amani (parangon),"12.0 Z2 Zul'lAman - Main Faction, Paragon",510,2698,0,0,6,0,0,0,-1,0,0,0,144,0,0,0,0,0,0,0,42000,0,0,0,0,0,4,4,-1,-1,0,0,0,0,0,0
2706,Tribu fanécorce,12.0 Z2 Zul'Aman - Amani Sub Faction,-1,2696,0,0,0,0,0,0,0,0,0,0,0,0,0,0,0,0,0,0,0,0,0,0,1,1,4,4,0,0,0,0,0,0,0,0
2709,Avant-garde de la Lumière,12.0 New Army of the Light,-1,2698,0,0,4,0,0,0,0,0,0,0,0,0,0,0,0,0,0,0,0,0,0,0,1,1,0,0,0,0,0,0,0,0,0,0
2710,Cour de Lune-d’Argent,"Par son élégance, son intelligence et sa finesse politique, la cour s’assure que la lumière de Lune-d’Argent brille d’un éclat unique et éternel.",515,2698,11,0,6,2727,0,3371,-1,0,0,0,4248,0,0,0,0,0,0,0,2500,0,0,0,0,0,4,4,-1,-1,0,0,0,0,0,0
2711,Magistères,"La fine fleur des lanceurs et lanceuses de sorts de Lune-d’Argent. Les Magistères sont d’éminents êtres sin’dorei qui maîtrisent à la perfection les arts arcaniques, dotés d’un esprit aiguisé par des siècles d’études.",516,2710,10,497,6,0,0,0,-1,0,0,0,16,0,0,0,0,0,0,0,42000,0,0,0,0,0,4,4,-1,-1,0,0,0,0,0,0
2712,Chevaliers de sang,"Les troupes paladines de Lune-d’Argent. De braves héros et héroïnes, fidèles du soleil, qui suivent dame Liadrin au combat pour terrasser les adversaires des Sin’dorei.",517,2710,10,499,6,0,0,0,-1,0,0,0,16,0,0,0,0,0,0,0,42000,0,0,0,0,0,4,4,-1,-1,0,0,0,0,0,0
2713,Pérégrins,"L’élite des troupes forestières sin’dorei dont la mission formelle est de garder les forêts, les frontières et les terres sauvages du bois des Chants éternels.",518,2710,10,498,6,0,0,0,-1,0,0,0,16,0,0,0,0,0,0,0,42000,0,0,0,0,0,4,4,-1,-1,0,0,0,0,0,0
2714,Ombres de l’Allée,"Sournoises. Avides. Mais incroyablement utiles dans les situations délicates. Bien que peu de personnes parlent des Ombres de l’Allée, la quasi-totalité de Lune-d’Argent a déjà eu affaire à leurs manigances.",519,2710,10,500,6,0,0,0,-1,0,0,0,16,0,0,0,0,0,0,0,42000,0,0,0,0,0,4,4,-1,-1,0,0,0,0,0,0
2720,Lune-d’Argent,12.0 Silvermoon - NPC Faction Only,-1,0,0,0,0,0,0,0,0,0,0,0,0,0,0,0,0,0,0,0,0,0,0,0,0,0,0,0,0,0,0,0,0,0,0,0
2722,Gouffres saison 3,,524,2569,10,0,70,0,0,3271,-1,0,0,0,0,0,0,0,0,0,0,0,4200,0,0,0,0,0,0,0,-1,-1,0,0,0,0,0,0
2725,La Singularité (parangon),"Peu d’individus ont la force de caractère nécessaire pour survivre dans le tourbillon de terreur et de violence de la tempête du Vide. La Singularité, fondée par le magistère Umbric et les Ren’dorei, réunit tous les êtres prêts à braver cette terre redoutable pour tenir tête à Xal’atath.",525,2698,9,0,6,0,0,0,-1,0,0,0,16,0,0,0,0,0,0,0,42000,0,0,0,0,0,0,0,-1,-1,0,0,0,0,0,0
2726,Hara’ti (parangon),[DNT] Haranir tribe on haronar,526,2698,9,0,6,0,0,0,-1,0,0,0,16,0,0,0,0,0,0,0,42000,0,0,0,0,0,0,0,-1,-1,0,0,0,0,0,0
2727,Cour de Lune-d’Argent (parangon),"12.0 Z1 Eversong - Main Faction, Paragon",527,2698,0,0,6,0,0,0,-1,0,0,0,144,0,0,0,0,0,0,0,42000,0,0,0,0,0,4,4,-1,-1,0,0,0,0,0,0
2728,"PERSONNAGE-JOUEUR, Haranir de la Horde",,-1,0,0,0,0,0,0,0,0,0,0,0,0,0,0,0,0,0,0,0,0,0,0,0,1,1,5,5,0,0,0,0,0,0,0,0
2729,"PERSONNAGE-JOUEUR, Haranir de l’Alliance",,-1,0,0,0,0,0,0,0,0,0,0,0,0,0,0,0,0,0,0,0,0,0,0,0,1,1,5,5,0,0,0,0,0,0,0,0
2736,Vandales de la manaforge,"L’Entente de K’aresh travaille à unir les peuples de son étoile mourante, mais d’autres préfèrent une approche plus directe. Faisant usage de tous les types de subterfuge et de tromperie à leur disposition, les Vandales de la manaforge cherchent à démanteler les forces de Salhadaar, coûte que coûte.",530,2569,10,0,6,0,0,3305,-1,0,0,0,16,0,0,0,0,0,0,0,2500,0,0,0,0,0,7,7,-1,-1,0,0,0,0,0,0
2739,Gouffres : conversion de fragments de clé de coffre,,531,2569,0,0,234,0,0,3028,-1,0,0,0,0,0,0,0,0,0,0,0,100,0,0,0,0,0,0,0,-1,-1,0,0,0,0,0,0
2742,Gouffres saison 1,,532,2698,11,0,70,0,0,3317,-1,0,0,0,0,0,0,0,0,0,0,0,4200,0,0,0,0,0,0,0,-1,-1,0,0,0,0,0,0
2744,Valeera Sanguinar,Compagnie de Gouffre digne de confiance,533,2698,0,501,6,0,0,0,-1,0,0,0,16,0,0,0,0,0,0,0,8989497,0,0,0,0,0,0,0,-1,-1,0,0,0,0,0,0
2764,Traque saison 1,"Alors que d’innombrables dangers pèsent sur Azeroth, Astalor Ligessang a découvert une solution unique pour protéger Lune-d’Argent.",536,2698,11,0,70,0,0,3386,-1,0,0,0,16,0,0,0,0,0,0,0,4000,0,0,0,0,0,0,0,-1,-1,0,0,0,0,0,0
2766,Arène de Castagn’ar,Des créatures sont venues de partout pour participer à des combats à mort dans une arène sanglante avec des héros et héroïnes de la Horde.,537,892,0,28,0,0,0,0,0,0,0,0,16,0,0,0,0,0,0,0,7000,0,0,0,1,1,0,0,1309324210,-1440044374,0,0,0,0,0,0
2767,Bar-Tabasse de Bizmo,Un groupe de combat en mal de bataille a rassemblé des créatures venues de partout pour participer à des combats à mort dans une arène sanglante avec des héros et héroïnes de l’Alliance.,538,891,0,43,0,0,0,0,0,0,0,0,16,0,0,0,0,0,0,0,7000,0,0,0,1,1,0,0,-1321907123,1427461461,0,0,0,0,0,0
2770,Duellum meurtrier,"Au cœur de la tempête du Vide, la guerre entre Vidious et Ziadan fait rage.",539,2698,0,0,4,2774,0,0,-1,0,0,0,16,0,0,0,0,0,0,0,42000,0,0,0,0,0,0,0,-1,-1,0,0,0,0,0,0
2774,Duellum meurtrier (parangon),"Au cœur de la tempête du Vide, la guerre entre Vidious et Ziadan fait rage.",543,2698,0,0,4,0,0,0,-1,0,0,0,16,0,0,0,0,0,0,0,42000,0,0,0,0,0,0,0,-1,-1,0,0,0,0,0,0
2780,Tribu ombrepin,12.0 Z2 Zul'Aman - Amani Sub Faction,-1,2696,0,0,0,0,0,0,0,0,0,0,0,0,0,0,0,0,0,0,0,0,0,0,1,1,4,4,0,0,0,0,0,0,0,0
2781,Tribu vengebroche,12.0 Z2 Zul'Aman - Amani Sub Faction,-1,2696,0,0,0,0,0,0,0,0,0,0,0,0,0,0,0,0,0,0,0,0,0,0,1,1,4,4,0,0,0,0,0,0,0,0
2792,Sites rituels,"Le chaos qui a suivi les attaques du Vide a enhardi les adversaires, qui se tournent désormais vers de sombres rituels pour gagner en puissance. Nous devons nous occuper de ces sites de magie intense.",514,2698,11,0,6,2793,0,3428,-1,0,0,0,4248,0,0,0,0,0,0,0,2500,0,0,0,0,0,4,4,-1,-1,0,0,0,0,0,0
2793,Sites rituels (parangon),"12.0.5 Ritual Sites - Feature, Paragon",546,2698,0,0,6,0,0,0,-1,0,0,0,144,0,0,0,0,0,0,0,42000,0,0,0,0,0,4,4,-1,-1,0,0,0,0,0,0
