ID,QuestTitle_lang,BulletText_lang,UniqueBitFlag,ConditionID,FiltActiveQuest,FiltClasses,FiltCompletedQuestLogic,FiltMaxFactionID,FiltMaxFactionValue,FiltMinFactionID,FiltMinFactionValue,FiltMinSkillID,FiltMinSkillValue,FiltNonActiveQuest,BreadCrumbID,StartItem,WorldStateExpressionID,QuestInfoID,ContentTuningID,CovenantID,Field_9_0_2_36206_022,Flags[0],Flags[1],Flags[2],FiltCompletedQuest[0],FiltCompletedQuest[1],FiltCompletedQuest[2],FiltRaceMasks[0],FiltRaceMasks[1]
11354,GESUCHT: Nazans Reitgerte,,5351,0,0,-1,0,0,0,0,0,0,0,0,0,0,4824,85,820,0,2,4104,0,268435968,0,0,0,-1,-1
11362,GESUCHT: Keli'dans gefiederter Stab,,5351,0,0,-1,0,0,0,0,0,0,0,0,0,0,4825,85,820,0,2,4104,0,268435968,0,0,0,-1,-1
11363,GESUCHT: Messerfausts Siegel,,5351,0,0,-1,0,0,0,0,0,0,0,0,0,0,4826,85,820,0,2,4104,0,268435968,0,0,0,-1,-1
11368,GESUCHT: Das Herz von Quagmirran,,5351,0,0,-1,0,0,0,0,0,0,0,0,0,0,4827,85,820,0,2,4104,0,268435968,0,0,0,-1,-1
11369,GESUCHT: Ei der Schattenmutter,,5351,0,0,-1,0,0,0,0,0,0,0,0,0,0,4828,85,820,0,2,4104,0,268435968,0,0,0,-1,-1
11370,GESUCHT: Die Aufzeichnungen des Kriegsherrn,,5351,0,0,-1,0,0,0,0,0,0,0,0,0,0,4829,85,820,0,2,4104,0,268435968,0,0,0,-1,-1
11371,GESUCHT: Myrmidonen des Echsenkessels,,5359,0,0,-1,0,0,0,0,0,0,0,0,0,0,4817,81,233,0,2,4104,0,268435968,0,0,0,-1,-1
11372,GESUCHT: Die Kopfschmuckfedern von Ikiss,,5351,0,0,-1,0,0,0,0,0,0,0,0,0,0,4830,85,820,0,2,4104,0,268435968,0,0,0,-1,-1
11373,GESUCHT: Shaffars wundersames Amulett,,5351,0,0,-1,0,0,0,0,0,0,0,0,0,0,4831,85,820,0,2,4104,0,268435968,0,0,0,-1,-1
11374,GESUCHT: Der Seelenedelstein des Exarchen,,5351,0,0,-1,0,0,0,0,0,0,0,0,0,0,4832,85,820,0,2,4104,0,268435968,0,0,0,-1,-1
11375,GESUCHT: Murmurs Flüstern,,5351,0,0,-1,0,0,0,0,0,0,0,0,0,0,4833,85,820,0,2,4104,0,268435968,0,0,0,-1,-1
11376,GESUCHT: Bösartige Ausbilderinnen,,5359,0,0,-1,0,0,0,0,0,0,0,0,0,0,4818,81,225,0,2,4104,0,268435968,0,0,0,-1,-1
11378,GESUCHT: Der Kopf des Epochenjägers,,5351,0,0,-1,0,0,0,0,0,0,0,0,0,0,4834,85,820,0,2,4104,0,268435968,0,0,0,-1,-1
11382,GESUCHT: Aeonus' Stundenglas,,5351,0,0,-1,0,0,0,0,0,0,0,0,0,0,4835,85,820,0,2,4104,0,268435968,0,0,0,-1,-1
11383,GESUCHT: Fürsten der Zeitenrisse,,5359,0,0,-1,0,0,0,0,0,0,0,0,0,0,4819,81,227,0,2,4104,0,268435968,0,0,0,-1,-1
11384,GESUCHT: Warpzweigsplitter,,5351,0,0,-1,0,0,0,0,0,0,0,0,0,0,4836,85,820,0,2,4104,0,268435968,0,0,0,-1,-1
11385,GESUCHT: Kanalisierer der Sonnensucher,,5359,0,0,-1,0,0,0,0,0,0,0,0,0,0,4820,81,229,0,2,4104,0,268435968,0,0,0,-1,-1
11386,GESUCHT: Pathaleons Projektionsgerät,,5351,0,0,-1,0,0,0,0,0,0,0,0,0,0,4837,85,820,0,2,4104,0,268435968,0,0,0,-1,-1
11387,GESUCHT: Zerstörer der Sturmschmiede,,5359,0,0,-1,0,0,0,0,0,0,0,0,0,0,4821,81,230,0,2,4104,0,268435968,0,0,0,-1,-1
11388,GESUCHT: Horizontiss' Schriftrolle,,5351,0,0,-1,0,0,0,0,0,0,0,0,0,0,4838,85,820,0,2,4104,0,268435968,0,0,0,-1,-1
11389,GESUCHT: Schildwachen der Arkatraz,,5359,0,0,-1,0,0,0,0,0,0,0,0,0,0,4822,81,226,0,2,4104,0,268435968,0,0,0,-1,-1
11499,GESUCHT: Der Siegelring von Prinz Kael'thas,,5351,0,0,-1,0,0,0,0,0,0,0,0,0,0,5046,85,820,0,2,4104,0,268435968,0,0,0,-1,-1
11500,GESUCHT: Schwestern der Qual,,5359,0,0,-1,0,0,0,0,0,0,0,0,0,0,5047,81,221,0,2,4104,0,268435968,0,0,0,-1,-1
11580,Entweiht dieses Feuer!,,5513,9484,0,-1,0,0,0,0,0,0,0,0,0,0,0,0,394,0,0,0,0,512,0,0,0,-1321907123,1427461461
11581,Entweiht dieses Feuer!,,5514,9484,0,-1,0,0,0,0,0,0,0,0,0,0,0,0,394,0,0,0,0,512,0,0,0,1309324210,-1440044374
11583,Ehrt die Flamme,,5516,9484,0,-1,0,0,0,0,0,0,0,0,0,0,0,0,394,0,0,0,0,512,0,0,0,-1321907123,1427461461
11584,Ehrt die Flamme,,5517,9484,0,-1,0,0,0,0,0,0,0,0,0,0,0,0,394,0,0,0,0,512,0,0,0,1309324210,-1440044374
11732,Entweiht dieses Feuer!,,5660,9484,0,-1,0,0,0,0,0,0,0,0,0,0,0,0,394,0,0,0,0,512,0,0,0,1309324210,-1440044374
11734,Entweiht dieses Feuer!,,5661,9484,0,-1,0,0,0,0,0,0,0,0,0,0,0,0,394,0,0,0,0,512,0,0,0,1309324210,-1440044374
11735,Entweiht dieses Feuer!,,5662,9484,0,-1,0,0,0,0,0,0,0,0,0,0,0,0,394,0,0,0,0,512,0,0,0,1309324210,-1440044374
11736,Entweiht dieses Feuer!,,5663,9484,0,-1,0,0,0,0,0,0,0,0,0,0,0,0,394,0,0,0,0,512,0,0,0,1309324210,-1440044374
11737,Entweiht dieses Feuer!,,5664,9484,0,-1,0,0,0,0,0,0,0,0,0,0,0,0,394,0,0,0,0,512,0,0,0,1309324210,-1440044374
11738,Entweiht dieses Feuer!,,5665,9484,0,-1,0,0,0,0,0,0,0,0,0,0,0,0,394,0,0,0,0,512,0,0,0,1309324210,-1440044374
11739,Entweiht dieses Feuer!,,5666,9484,0,-1,0,0,0,0,0,0,0,0,0,0,0,0,394,0,0,0,0,512,0,0,0,1309324210,-1440044374
11740,Entweiht dieses Feuer!,,5667,9484,0,-1,0,0,0,0,0,0,0,0,0,0,0,0,394,0,0,0,0,512,0,0,0,1309324210,-1440044374
11741,Entweiht dieses Feuer!,,5668,9484,0,-1,0,0,0,0,0,0,0,0,0,0,0,0,394,0,0,0,0,512,0,0,0,1309324210,-1440044374
11742,Entweiht dieses Feuer!,,5669,9484,0,-1,0,0,0,0,0,0,0,0,0,0,0,0,394,0,0,0,0,512,0,0,0,1309324210,-1440044374
11743,Entweiht dieses Feuer!,,5670,9484,0,-1,0,0,0,0,0,0,0,0,0,0,0,0,394,0,0,0,0,512,0,0,0,1309324210,-1440044374
11744,Entweiht dieses Feuer!,,5671,9484,0,-1,0,0,0,0,0,0,0,0,0,0,0,0,394,0,0,0,0,512,0,0,0,1309324210,-1440044374
11745,Entweiht dieses Feuer!,,5672,9484,0,-1,0,0,0,0,0,0,0,0,0,0,0,0,394,0,0,0,0,512,0,0,0,1309324210,-1440044374
11746,Entweiht dieses Feuer!,,5673,9484,0,-1,0,0,0,0,0,0,0,0,0,0,0,0,394,0,0,0,0,512,0,0,0,1309324210,-1440044374
11747,Entweiht dieses Feuer!,,5674,9484,0,-1,0,0,0,0,0,0,0,0,0,0,0,0,394,0,0,0,0,512,0,0,0,1309324210,-1440044374
11748,Entweiht dieses Feuer!,,5675,9484,0,-1,0,0,0,0,0,0,0,0,0,0,0,0,394,0,0,0,0,512,0,0,0,1309324210,-1440044374
11749,Entweiht dieses Feuer!,,5676,9484,0,-1,0,0,0,0,0,0,0,0,0,0,0,0,394,0,0,0,0,512,0,0,0,1309324210,-1440044374
11750,Entweiht dieses Feuer!,,5677,9484,0,-1,0,0,0,0,0,0,0,0,0,0,0,0,394,0,0,0,0,512,0,0,0,1309324210,-1440044374
11751,Entweiht dieses Feuer!,,5678,9484,0,-1,0,0,0,0,0,0,0,0,0,0,0,0,394,0,0,0,0,512,0,0,0,1309324210,-1440044374
11752,Entweiht dieses Feuer!,,5679,9484,0,-1,0,0,0,0,0,0,0,0,0,0,0,0,394,0,0,0,0,512,0,0,0,1309324210,-1440044374
11753,Entweiht dieses Feuer!,,5680,9484,0,-1,0,0,0,0,0,0,0,0,0,0,0,0,394,0,0,0,0,512,0,0,0,1309324210,-1440044374
11754,Entweiht dieses Feuer!,,5681,9484,0,-1,0,0,0,0,0,0,0,0,0,0,0,0,394,0,0,0,0,512,0,0,0,1309324210,-1440044374
11755,Entweiht dieses Feuer!,,5682,9484,0,-1,0,0,0,0,0,0,0,0,0,0,0,0,394,0,0,0,0,512,0,0,0,1309324210,-1440044374
11756,Entweiht dieses Feuer!,,5683,9484,0,-1,0,0,0,0,0,0,0,0,0,0,0,0,394,0,0,0,0,512,0,0,0,1309324210,-1440044374
11757,Entweiht dieses Feuer!,,5684,9484,0,-1,0,0,0,0,0,0,0,0,0,0,0,0,394,0,0,0,0,512,0,0,0,1309324210,-1440044374
11758,Entweiht dieses Feuer!,,5685,9484,0,-1,0,0,0,0,0,0,0,0,0,0,0,0,394,0,0,0,0,512,0,0,0,1309324210,-1440044374
11759,Entweiht dieses Feuer!,,5686,9484,0,-1,0,0,0,0,0,0,0,0,0,0,0,0,394,0,0,0,0,512,0,0,0,1309324210,-1440044374
11760,Entweiht dieses Feuer!,,5687,9484,0,-1,0,0,0,0,0,0,0,0,0,0,0,0,394,0,0,0,0,512,0,0,0,1309324210,-1440044374
11761,Entweiht dieses Feuer!,,5688,9484,0,-1,0,0,0,0,0,0,0,0,0,0,0,0,394,0,0,0,0,512,0,0,0,1309324210,-1440044374
11762,Entweiht dieses Feuer!,,5689,9484,0,-1,0,0,0,0,0,0,0,0,0,0,0,0,394,0,0,0,0,512,0,0,0,1309324210,-1440044374
11763,Entweiht dieses Feuer!,,5690,9484,0,-1,0,0,0,0,0,0,0,0,0,0,0,0,394,0,0,0,0,512,0,0,0,1309324210,-1440044374
11764,Entweiht dieses Feuer!,,5691,9484,0,-1,0,0,0,0,0,0,0,0,0,0,0,0,394,0,0,0,0,512,0,0,0,-1321907123,1427461461
11765,Entweiht dieses Feuer!,,5692,9484,0,-1,0,0,0,0,0,0,0,0,0,0,0,0,394,0,0,0,0,512,0,0,0,-1321907123,1427461461
11766,Entweiht dieses Feuer!,,5693,9484,0,-1,0,0,0,0,0,0,0,0,0,0,0,0,394,0,0,0,0,512,0,0,0,-1321907123,1427461461
11767,Entweiht dieses Feuer!,,5694,9484,0,-1,0,0,0,0,0,0,0,0,0,0,0,0,394,0,0,0,0,512,0,0,0,-1321907123,1427461461
11768,Entweiht dieses Feuer!,,5695,9484,0,-1,0,0,0,0,0,0,0,0,0,0,0,0,394,0,0,0,0,512,0,0,0,-1321907123,1427461461
11769,Entweiht dieses Feuer!,,5696,9484,0,-1,0,0,0,0,0,0,0,0,0,0,0,0,394,0,0,0,0,512,0,0,0,-1321907123,1427461461
11770,Entweiht dieses Feuer!,,5697,9484,0,-1,0,0,0,0,0,0,0,0,0,0,0,0,394,0,0,0,0,512,0,0,0,-1321907123,1427461461
11771,Entweiht dieses Feuer!,,5698,9484,0,-1,0,0,0,0,0,0,0,0,0,0,0,0,394,0,0,0,0,512,0,0,0,-1321907123,1427461461
11772,Entweiht dieses Feuer!,,5699,9484,0,-1,0,0,0,0,0,0,0,0,0,0,0,0,394,0,0,0,0,512,0,0,0,-1321907123,1427461461
11773,Entweiht dieses Feuer!,,5700,9484,0,-1,0,0,0,0,0,0,0,0,0,0,0,0,394,0,0,0,0,512,0,0,0,-1321907123,1427461461
11774,Entweiht dieses Feuer!,,5701,9484,0,-1,0,0,0,0,0,0,0,0,0,0,0,0,394,0,0,0,0,512,0,0,0,-1321907123,1427461461
11775,Entweiht dieses Feuer!,,5702,9484,0,-1,0,0,0,0,0,0,0,0,0,0,0,0,394,0,0,0,0,512,0,0,0,-1321907123,1427461461
11776,Entweiht dieses Feuer!,,5703,9484,0,-1,0,0,0,0,0,0,0,0,0,0,0,0,394,0,0,0,0,512,0,0,0,-1321907123,1427461461
11777,Entweiht dieses Feuer!,,5704,9484,0,-1,0,0,0,0,0,0,0,0,0,0,0,0,394,0,0,0,0,512,0,0,0,-1321907123,1427461461
11778,Entweiht dieses Feuer!,,5705,9484,0,-1,0,0,0,0,0,0,0,0,0,0,0,0,394,0,0,0,0,512,0,0,0,-1321907123,1427461461
11779,Entweiht dieses Feuer!,,5706,9484,0,-1,0,0,0,0,0,0,0,0,0,0,0,0,394,0,0,0,0,512,0,0,0,-1321907123,1427461461
11780,Entweiht dieses Feuer!,,5707,9484,0,-1,0,0,0,0,0,0,0,0,0,0,0,0,394,0,0,0,0,512,0,0,0,-1321907123,1427461461
11781,Entweiht dieses Feuer!,,5708,9484,0,-1,0,0,0,0,0,0,0,0,0,0,0,0,394,0,0,0,0,512,0,0,0,-1321907123,1427461461
11782,Entweiht dieses Feuer!,,5709,9484,0,-1,0,0,0,0,0,0,0,0,0,0,0,0,394,0,0,0,0,512,0,0,0,-1321907123,1427461461
11783,Entweiht dieses Feuer!,,5710,9484,0,-1,0,0,0,0,0,0,0,0,0,0,0,0,394,0,0,0,0,512,0,0,0,-1321907123,1427461461
11784,Entweiht dieses Feuer!,,5711,9484,0,-1,0,0,0,0,0,0,0,0,0,0,0,0,394,0,0,0,0,512,0,0,0,-1321907123,1427461461
11785,Entweiht dieses Feuer!,,5712,9484,0,-1,0,0,0,0,0,0,0,0,0,0,0,0,394,0,0,0,0,512,0,0,0,-1321907123,1427461461
11786,Entweiht dieses Feuer!,,5713,9484,0,-1,0,0,0,0,0,0,0,0,0,0,0,0,394,0,0,0,0,512,0,0,0,-1321907123,1427461461
11787,Entweiht dieses Feuer!,,5714,9484,0,-1,0,0,0,0,0,0,0,0,0,0,0,0,394,0,0,0,0,512,0,0,0,-1321907123,1427461461
11799,Entweiht dieses Feuer!,,5726,9484,0,-1,0,0,0,0,0,0,0,0,0,0,0,0,394,0,0,0,0,512,0,0,0,-1321907123,1427461461
11800,Entweiht dieses Feuer!,,5727,9484,0,-1,0,0,0,0,0,0,0,0,0,0,0,0,394,0,0,0,0,512,0,0,0,-1321907123,1427461461
11801,Entweiht dieses Feuer!,,5728,9484,0,-1,0,0,0,0,0,0,0,0,0,0,0,0,394,0,0,0,0,512,0,0,0,-1321907123,1427461461
11802,Entweiht dieses Feuer!,,5729,9484,0,-1,0,0,0,0,0,0,0,0,0,0,0,0,394,0,0,0,0,512,0,0,0,-1321907123,1427461461
11803,Entweiht dieses Feuer!,,5730,9484,0,-1,0,0,0,0,0,0,0,0,0,0,0,0,394,0,0,0,0,512,0,0,0,-1321907123,1427461461
11804,Ehrt die Flamme,,5731,9484,0,-1,0,0,0,0,0,0,0,0,0,0,0,0,394,0,0,0,0,512,0,0,0,-1321907123,1427461461
11805,Ehrt die Flamme,,5732,9484,0,-1,0,0,0,0,0,0,0,0,0,0,0,0,394,0,0,0,0,512,0,0,0,-1321907123,1427461461
11806,Ehrt die Flamme,,5733,9484,0,-1,0,0,0,0,0,0,0,0,0,0,0,0,394,0,0,0,0,512,0,0,0,-1321907123,1427461461
11807,Ehrt die Flamme,,5734,9484,0,-1,0,0,0,0,0,0,0,0,0,0,0,0,394,0,0,0,0,512,0,0,0,-1321907123,1427461461
11808,Ehrt die Flamme,,5735,9484,0,-1,0,0,0,0,0,0,0,0,0,0,0,0,394,0,0,0,0,512,0,0,0,-1321907123,1427461461
11809,Ehrt die Flamme,,5736,9484,0,-1,0,0,0,0,0,0,0,0,0,0,0,0,394,0,0,0,0,512,0,0,0,-1321907123,1427461461
11810,Ehrt die Flamme,,5737,9484,0,-1,0,0,0,0,0,0,0,0,0,0,0,0,394,0,0,0,0,512,0,0,0,-1321907123,1427461461
11811,Ehrt die Flamme,,5738,9484,0,-1,0,0,0,0,0,0,0,0,0,0,0,0,394,0,0,0,0,512,0,0,0,-1321907123,1427461461
11812,Ehrt die Flamme,,5739,9484,0,-1,0,0,0,0,0,0,0,0,0,0,0,0,394,0,0,0,0,512,0,0,0,-1321907123,1427461461
11813,Ehrt die Flamme,,5740,9484,0,-1,0,0,0,0,0,0,0,0,0,0,0,0,394,0,0,0,0,512,0,0,0,-1321907123,1427461461
11814,Ehrt die Flamme,,5741,9484,0,-1,0,0,0,0,0,0,0,0,0,0,0,0,394,0,0,0,0,512,0,0,0,-1321907123,1427461461
11815,Ehrt die Flamme,,5742,9484,0,-1,0,0,0,0,0,0,0,0,0,0,0,0,394,0,0,0,0,512,0,0,0,-1321907123,1427461461
11816,Ehrt die Flamme,,5743,9484,0,-1,0,0,0,0,0,0,0,0,0,0,0,0,394,0,0,0,0,512,0,0,0,-1321907123,1427461461
11817,Ehrt die Flamme,,5745,9484,0,-1,0,0,0,0,0,0,0,0,0,0,0,0,394,0,0,0,0,512,0,0,0,-1321907123,1427461461
11818,Ehrt die Flamme,,5746,9484,0,-1,0,0,0,0,0,0,0,0,0,0,0,0,394,0,0,0,0,512,0,0,0,-1321907123,1427461461
11819,Ehrt die Flamme,,5749,9484,0,-1,0,0,0,0,0,0,0,0,0,0,0,0,394,0,0,0,0,512,0,0,0,-1321907123,1427461461
11820,Ehrt die Flamme,,5748,9484,0,-1,0,0,0,0,0,0,0,0,0,0,0,0,394,0,0,0,0,512,0,0,0,-1321907123,1427461461
11821,Ehrt die Flamme,,5750,9484,0,-1,0,0,0,0,0,0,0,0,0,0,0,0,394,0,0,0,0,512,0,0,0,-1321907123,1427461461
11822,Ehrt die Flamme,,5751,9484,0,-1,0,0,0,0,0,0,0,0,0,0,0,0,394,0,0,0,0,512,0,0,0,-1321907123,1427461461
11823,Ehrt die Flamme,,5752,9484,0,-1,0,0,0,0,0,0,0,0,0,0,0,0,394,0,0,0,0,512,0,0,0,-1321907123,1427461461
11824,Ehrt die Flamme,,5753,9484,0,-1,0,0,0,0,0,0,0,0,0,0,0,0,394,0,0,0,0,512,0,0,0,-1321907123,1427461461
11825,Ehrt die Flamme,,5754,9484,0,-1,0,0,0,0,0,0,0,0,0,0,0,0,394,0,0,0,0,512,0,0,0,-1321907123,1427461461
11826,Ehrt die Flamme,,5755,9484,0,-1,0,0,0,0,0,0,0,0,0,0,0,0,394,0,0,0,0,512,0,0,0,-1321907123,1427461461
11827,Ehrt die Flamme,,5756,9484,0,-1,0,0,0,0,0,0,0,0,0,0,0,0,394,0,0,0,0,512,0,0,0,-1321907123,1427461461
11828,Ehrt die Flamme,,5757,9484,0,-1,0,0,0,0,0,0,0,0,0,0,0,0,394,0,0,0,0,512,0,0,0,-1321907123,1427461461
11829,Ehrt die Flamme,,5758,9484,0,-1,0,0,0,0,0,0,0,0,0,0,0,0,394,0,0,0,0,512,0,0,0,-1321907123,1427461461
11830,Ehrt die Flamme,,5759,9484,0,-1,0,0,0,0,0,0,0,0,0,0,0,0,394,0,0,0,0,512,0,0,0,-1321907123,1427461461
11831,Ehrt die Flamme,,5760,9484,0,-1,0,0,0,0,0,0,0,0,0,0,0,0,394,0,0,0,0,512,0,0,0,-1321907123,1427461461
11832,Ehrt die Flamme,,5761,9484,0,-1,0,0,0,0,0,0,0,0,0,0,0,0,394,0,0,0,0,512,0,0,0,-1321907123,1427461461
11833,Ehrt die Flamme,,5762,9484,0,-1,0,0,0,0,0,0,0,0,0,0,0,0,394,0,0,0,0,512,0,0,0,-1321907123,1427461461
11834,Ehrt die Flamme,,5763,9484,0,-1,0,0,0,0,0,0,0,0,0,0,0,0,394,0,0,0,0,512,0,0,0,-1321907123,1427461461
11835,Ehrt die Flamme,,5764,9484,0,-1,0,0,0,0,0,0,0,0,0,0,0,0,394,0,0,0,0,512,0,0,0,1309324210,-1440044374
11836,Ehrt die Flamme,,5765,9484,0,-1,0,0,0,0,0,0,0,0,0,0,0,0,394,0,0,0,0,512,0,0,0,1309324210,-1440044374
11837,Ehrt die Flamme,,5766,9484,0,-1,0,0,0,0,0,0,0,0,0,0,0,0,394,0,0,0,0,512,0,0,0,1309324210,-1440044374
11838,Ehrt die Flamme,,5767,9484,0,-1,0,0,0,0,0,0,0,0,0,0,0,0,394,0,0,0,0,512,0,0,0,1309324210,-1440044374
11839,Ehrt die Flamme,,5768,9484,0,-1,0,0,0,0,0,0,0,0,0,0,0,0,394,0,0,0,0,512,0,0,0,1309324210,-1440044374
11840,Ehrt die Flamme,,5769,9484,0,-1,0,0,0,0,0,0,0,0,0,0,0,0,394,0,0,0,0,512,0,0,0,1309324210,-1440044374
11841,Ehrt die Flamme,,5770,9484,0,-1,0,0,0,0,0,0,0,0,0,0,0,0,394,0,0,0,0,512,0,0,0,1309324210,-1440044374
11842,Ehrt die Flamme,,5771,9484,0,-1,0,0,0,0,0,0,0,0,0,0,0,0,394,0,0,0,0,512,0,0,0,1309324210,-1440044374
11843,Ehrt die Flamme,,5772,9484,0,-1,0,0,0,0,0,0,0,0,0,0,0,0,394,0,0,0,0,512,0,0,0,1309324210,-1440044374
11844,Ehrt die Flamme,,5773,9484,0,-1,0,0,0,0,0,0,0,0,0,0,0,0,394,0,0,0,0,512,0,0,0,1309324210,-1440044374
11845,Ehrt die Flamme,,5774,9484,0,-1,0,0,0,0,0,0,0,0,0,0,0,0,394,0,0,0,0,512,0,0,0,1309324210,-1440044374
11846,Ehrt die Flamme,,5775,9484,0,-1,0,0,0,0,0,0,0,0,0,0,0,0,394,0,0,0,0,512,0,0,0,1309324210,-1440044374
11847,Ehrt die Flamme,,5776,9484,0,-1,0,0,0,0,0,0,0,0,0,0,0,0,394,0,0,0,0,512,0,0,0,1309324210,-1440044374
11848,Ehrt die Flamme,,5777,9484,0,-1,0,0,0,0,0,0,0,0,0,0,0,0,394,0,0,0,0,512,0,0,0,1309324210,-1440044374
11849,Ehrt die Flamme,,5778,9484,0,-1,0,0,0,0,0,0,0,0,0,0,0,0,394,0,0,0,0,512,0,0,0,1309324210,-1440044374
11850,Ehrt die Flamme,,5779,9484,0,-1,0,0,0,0,0,0,0,0,0,0,0,0,394,0,0,0,0,512,0,0,0,1309324210,-1440044374
11851,Ehrt die Flamme,,5810,9484,0,-1,0,0,0,0,0,0,0,0,0,0,0,0,394,0,0,0,0,512,0,0,0,1309324210,-1440044374
11852,Ehrt die Flamme,,5781,9484,0,-1,0,0,0,0,0,0,0,0,0,0,0,0,394,0,0,0,0,512,0,0,0,1309324210,-1440044374
11853,Ehrt die Flamme,,5782,9484,0,-1,0,0,0,0,0,0,0,0,0,0,0,0,394,0,0,0,0,512,0,0,0,1309324210,-1440044374
11854,Ehrt die Flamme,,5783,9484,0,-1,0,0,0,0,0,0,0,0,0,0,0,0,394,0,0,0,0,512,0,0,0,1309324210,-1440044374
11855,Ehrt die Flamme,,5784,9484,0,-1,0,0,0,0,0,0,0,0,0,0,0,0,394,0,0,0,0,512,0,0,0,1309324210,-1440044374
11856,Ehrt die Flamme,,5785,9484,0,-1,0,0,0,0,0,0,0,0,0,0,0,0,394,0,0,0,0,512,0,0,0,1309324210,-1440044374
11857,Ehrt die Flamme,,5786,9484,0,-1,0,0,0,0,0,0,0,0,0,0,0,0,394,0,0,0,0,512,0,0,0,1309324210,-1440044374
11858,Ehrt die Flamme,,5787,9484,0,-1,0,0,0,0,0,0,0,0,0,0,0,0,394,0,0,0,0,512,0,0,0,1309324210,-1440044374
11859,Ehrt die Flamme,,5788,9484,0,-1,0,0,0,0,0,0,0,0,0,0,0,0,394,0,0,0,0,512,0,0,0,1309324210,-1440044374
11860,Ehrt die Flamme,,5789,9484,0,-1,0,0,0,0,0,0,0,0,0,0,0,0,394,0,0,0,0,512,0,0,0,1309324210,-1440044374
11861,Ehrt die Flamme,,5790,9484,0,-1,0,0,0,0,0,0,0,0,0,0,0,0,394,0,0,0,0,512,0,0,0,1309324210,-1440044374
11862,Ehrt die Flamme,,5791,9484,0,-1,0,0,0,0,0,0,0,0,0,0,0,0,394,0,0,0,0,512,0,0,0,1309324210,-1440044374
11863,Ehrt die Flamme,,5792,9484,0,-1,0,0,0,0,0,0,0,0,0,0,0,0,394,0,0,0,0,512,0,0,0,1309324210,-1440044374
11886,Ungewöhnliche Aktivitäten,,5818,9484,0,-1,0,0,0,0,0,0,0,0,0,35828,0,0,395,0,2,268435464,0,268436992,0,0,0,-1,-1
11964,Rauchwerk für die Sommerflämmlinge,,5893,9484,0,-1,0,0,0,0,0,0,0,0,0,35725,0,0,394,0,2,8,0,268435968,0,0,0,-1321907123,1427461461
11966,Rauchwerk für die Festflämmlinge,,5895,9484,0,-1,0,0,0,0,0,0,0,0,0,35725,0,0,394,0,2,8,0,268435968,0,0,0,1309324210,-1440044374
13440,Entweiht dieses Feuer!,,7203,9484,0,-1,0,0,0,0,0,0,0,0,0,0,0,0,394,0,0,0,0,512,0,0,0,1309324210,-1440044374
13441,Entweiht dieses Feuer!,,7202,9484,0,-1,0,0,0,0,0,0,0,0,0,0,0,0,394,0,0,0,0,512,0,0,0,-1321907123,1427461461
13442,Entweiht dieses Feuer!,,7204,9484,0,-1,0,0,0,0,0,0,0,0,0,0,0,0,394,0,0,0,0,512,0,0,0,1309324210,-1440044374
13443,Entweiht dieses Feuer!,,7207,9484,0,-1,0,0,0,0,0,0,0,0,0,0,0,0,394,0,0,0,0,512,0,0,0,1309324210,-1440044374
13444,Entweiht dieses Feuer!,,7208,9484,0,-1,0,0,0,0,0,0,0,0,0,0,0,0,394,0,0,0,0,512,0,0,0,1309324210,-1440044374
13445,Entweiht dieses Feuer!,,7211,9484,0,-1,0,0,0,0,0,0,0,0,0,0,0,0,394,0,0,0,0,512,0,0,0,1309324210,-1440044374
13446,Entweiht dieses Feuer!,,7212,9484,0,-1,0,0,0,0,0,0,0,0,0,0,0,0,394,0,0,0,0,512,0,0,0,1309324210,-1440044374
13447,Entweiht dieses Feuer!,,7215,9484,0,-1,0,0,0,0,0,0,0,0,0,0,0,0,394,0,0,0,0,512,0,0,0,1309324210,-1440044374
13449,Entweiht dieses Feuer!,,7216,9484,0,-1,0,0,0,0,0,0,0,0,0,0,0,0,394,0,0,0,0,512,0,0,0,1309324210,-1440044374
13450,Entweiht dieses Feuer!,,7205,9484,0,-1,0,0,0,0,0,0,0,0,0,0,0,0,394,0,0,0,0,512,0,0,0,-1321907123,1427461461
13451,Entweiht dieses Feuer!,,7206,9484,0,-1,0,0,0,0,0,0,0,0,0,0,0,0,394,0,0,0,0,512,0,0,0,-1321907123,1427461461
13453,Entweiht dieses Feuer!,,7209,9484,0,-1,0,0,0,0,0,0,0,0,0,0,0,0,394,0,0,0,0,512,0,0,0,-1321907123,1427461461
13454,Entweiht dieses Feuer!,,7210,9484,0,-1,0,0,0,0,0,0,0,0,0,0,0,0,394,0,0,0,0,512,0,0,0,-1321907123,1427461461
13455,Entweiht dieses Feuer!,,7213,9484,0,-1,0,0,0,0,0,0,0,0,0,0,0,0,394,0,0,0,0,512,0,0,0,-1321907123,1427461461
13457,Entweiht dieses Feuer!,,7214,9484,0,-1,0,0,0,0,0,0,0,0,0,0,0,0,394,0,0,0,0,512,0,0,0,-1321907123,1427461461
13458,Entweiht dieses Feuer!,,7217,9484,0,-1,0,0,0,0,0,0,0,0,0,0,0,0,394,0,0,0,0,512,0,0,0,-1321907123,1427461461
13485,Ehrt die Flamme,,7220,9484,0,-1,0,0,0,0,0,0,0,0,0,0,0,0,394,0,0,0,0,512,0,0,0,-1321907123,1427461461
13486,Ehrt die Flamme,,7225,9484,0,-1,0,0,0,0,0,0,0,0,0,0,0,0,394,0,0,0,0,512,0,0,0,-1321907123,1427461461
13487,Ehrt die Flamme,,7222,9484,0,-1,0,0,0,0,0,0,0,0,0,0,0,0,394,0,0,0,0,512,0,0,0,-1321907123,1427461461
13488,Ehrt die Flamme,,7224,9484,0,-1,0,0,0,0,0,0,0,0,0,0,0,0,394,0,0,0,0,512,0,0,0,-1321907123,1427461461
13489,Ehrt die Flamme,,7223,9484,0,-1,0,0,0,0,0,0,0,0,0,0,0,0,394,0,0,0,0,512,0,0,0,-1321907123,1427461461
13490,Ehrt die Flamme,,7226,9484,0,-1,0,0,0,0,0,0,0,0,0,0,0,0,394,0,0,0,0,512,0,0,0,-1321907123,1427461461
13491,Ehrt die Flamme,,7221,9484,0,-1,0,0,0,0,0,0,0,0,0,0,0,0,394,0,0,0,0,512,0,0,0,-1321907123,1427461461
13492,Ehrt die Flamme,,7227,9484,0,-1,0,0,0,0,0,0,0,0,0,0,0,0,394,0,0,0,0,512,0,0,0,-1321907123,1427461461
13493,Ehrt die Flamme,,7228,9484,0,-1,0,0,0,0,0,0,0,0,0,0,0,0,394,0,0,0,0,512,0,0,0,1309324210,-1440044374
13494,Ehrt die Flamme,,7233,9484,0,-1,0,0,0,0,0,0,0,0,0,0,0,0,394,0,0,0,0,512,0,0,0,1309324210,-1440044374
13495,Ehrt die Flamme,,7230,9484,0,-1,0,0,0,0,0,0,0,0,0,0,0,0,394,0,0,0,0,512,0,0,0,1309324210,-1440044374
13496,Ehrt die Flamme,,7232,9484,0,-1,0,0,0,0,0,0,0,0,0,0,0,0,394,0,0,0,0,512,0,0,0,1309324210,-1440044374
13497,Ehrt die Flamme,,7231,9484,0,-1,0,0,0,0,0,0,0,0,0,0,0,0,394,0,0,0,0,512,0,0,0,1309324210,-1440044374
13498,Ehrt die Flamme,,7234,9484,0,-1,0,0,0,0,0,0,0,0,0,0,0,0,394,0,0,0,0,512,0,0,0,1309324210,-1440044374
13499,Ehrt die Flamme,,7229,9484,0,-1,0,0,0,0,0,0,0,0,0,0,0,0,394,0,0,0,0,512,0,0,0,1309324210,-1440044374
13500,Ehrt die Flamme,,7235,9484,0,-1,0,0,0,0,0,0,0,0,0,0,0,0,394,0,0,0,0,512,0,0,0,1309324210,-1440044374
28910,Entweiht dieses Feuer!,,11855,9484,0,-1,0,0,0,0,0,0,0,0,0,0,0,0,394,0,0,0,0,512,0,0,0,1309324210,-1440044374
28911,Entweiht dieses Feuer!,,11856,9484,0,-1,0,0,0,0,0,0,0,0,0,0,0,0,394,0,0,0,0,512,0,0,0,-1321907123,1427461461
28912,Entweiht dieses Feuer!,,11857,9484,0,-1,0,0,0,0,0,0,0,0,0,0,0,0,394,0,0,0,0,512,0,0,0,1309324210,-1440044374
28913,Entweiht dieses Feuer!,,11858,9484,0,-1,0,0,0,0,0,0,0,0,0,0,0,0,394,0,0,0,0,512,0,0,0,1309324210,-1440044374
28914,Entweiht dieses Feuer!,,11859,9484,0,-1,0,0,0,0,0,0,0,0,0,0,0,0,394,0,0,0,0,512,0,0,0,-1321907123,1427461461
28915,Entweiht dieses Feuer!,,11860,9484,0,-1,0,0,0,0,0,0,0,0,0,0,0,0,394,0,0,0,0,512,0,0,0,1309324210,-1440044374
28916,Entweiht dieses Feuer!,,11861,9484,0,-1,0,0,0,0,0,0,0,0,0,0,0,0,394,0,0,0,0,512,0,0,0,1309324210,-1440044374
28917,Entweiht dieses Feuer!,,11888,9484,0,-1,0,0,0,0,0,0,0,0,0,0,0,0,394,0,0,0,0,512,0,0,0,-1321907123,1427461461
28918,Entweiht dieses Feuer!,,11863,9484,0,-1,0,0,0,0,0,0,0,0,0,0,0,0,394,0,0,0,0,512,0,0,0,-1321907123,1427461461
28919,Entweiht dieses Feuer!,,11864,9484,0,-1,0,0,0,0,0,0,0,0,0,0,0,0,394,0,0,0,0,512,0,0,0,-1321907123,1427461461
28920,Entweiht dieses Feuer!,,11865,9484,0,-1,0,0,0,0,0,0,0,0,0,0,0,0,394,0,0,0,0,512,0,0,0,-1321907123,1427461461
28921,Entweiht dieses Feuer!,,11866,9484,0,-1,0,0,0,0,0,0,0,0,0,0,0,0,394,0,0,0,0,512,0,0,0,1309324210,-1440044374
28922,Ehrt die Flamme,,11868,9484,0,-1,0,0,0,0,0,0,0,0,0,0,0,0,394,0,0,0,0,512,0,0,0,-1321907123,1427461461
28923,Ehrt die Flamme,,11869,9484,0,-1,0,0,0,0,0,0,0,0,0,0,0,0,394,0,0,0,0,512,0,0,0,1309324210,-1440044374
28924,Ehrt die Flamme,,11870,9484,0,-1,0,0,0,0,0,0,0,0,0,0,0,0,394,0,0,0,0,512,0,0,0,1309324210,-1440044374
28925,Ehrt die Flamme,,11871,9484,0,-1,0,0,0,0,0,0,0,0,0,0,0,0,394,0,0,0,0,512,0,0,0,-1321907123,1427461461
28926,Ehrt die Flamme,,11872,9484,0,-1,0,0,0,0,0,0,0,0,0,0,0,0,394,0,0,0,0,512,0,0,0,-1321907123,1427461461
28927,Ehrt die Flamme,,11873,9484,0,-1,0,0,0,0,0,0,0,0,0,0,0,0,394,0,0,0,0,512,0,0,0,1309324210,-1440044374
28928,Ehrt die Flamme,,11874,9484,0,-1,0,0,0,0,0,0,0,0,0,0,0,0,394,0,0,0,0,512,0,0,0,-1321907123,1427461461
28929,Ehrt die Flamme,,11875,9484,0,-1,0,0,0,0,0,0,0,0,0,0,0,0,394,0,0,0,0,512,0,0,0,-1321907123,1427461461
28930,Ehrt die Flamme,,11876,9484,0,-1,0,0,0,0,0,0,0,0,0,0,0,0,394,0,0,0,0,512,0,0,0,1309324210,-1440044374
28931,Ehrt die Flamme,,11877,9484,0,-1,0,0,0,0,0,0,0,0,0,0,0,0,394,0,0,0,0,512,0,0,0,1309324210,-1440044374
28932,Ehrt die Flamme,,11878,9484,0,-1,0,0,0,0,0,0,0,0,0,0,0,0,394,0,0,0,0,512,0,0,0,-1321907123,1427461461
28933,Ehrt die Flamme,,11879,9484,0,-1,0,0,0,0,0,0,0,0,0,0,0,0,394,0,0,0,0,512,0,0,0,1309324210,-1440044374
28943,Entweiht dieses Feuer!,,11890,9484,0,-1,0,0,0,0,0,0,0,0,0,0,0,0,394,0,0,0,0,512,0,0,0,1309324210,-1440044374
28944,Entweiht dieses Feuer!,,11891,9484,0,-1,0,0,0,0,0,0,0,0,0,0,0,0,394,0,0,0,0,512,0,0,0,-1321907123,1427461461
28945,Ehrt die Flamme,,11892,9484,0,-1,0,0,0,0,0,0,0,0,0,0,0,0,394,0,0,0,0,512,0,0,0,-1321907123,1427461461
28946,Ehrt die Flamme,,11893,9484,0,-1,0,0,0,0,0,0,0,0,0,0,0,0,394,0,0,0,0,512,0,0,0,1309324210,-1440044374
28947,Entweiht dieses Feuer!,,11894,9484,0,-1,0,0,0,0,0,0,0,0,0,0,0,0,394,0,0,0,0,512,0,0,0,1309324210,-1440044374
28948,Entweiht dieses Feuer!,,11895,9484,0,-1,0,0,0,0,0,0,0,0,0,0,0,0,394,0,0,0,0,512,0,0,0,-1321907123,1427461461
28949,Ehrt die Flamme,,11896,9484,0,-1,0,0,0,0,0,0,0,0,0,0,0,0,394,0,0,0,0,512,0,0,0,1309324210,-1440044374
28950,Ehrt die Flamme,,11897,9484,0,-1,0,0,0,0,0,0,0,0,0,0,0,0,394,0,0,0,0,512,0,0,0,-1321907123,1427461461
29030,Ehrt die Flamme,Ehrt das Freudenfeuer des Irdenen Rings auf dem Hyjal.,11976,9484,0,-1,0,0,0,0,0,0,0,0,0,0,0,0,394,0,2,2097152,0,268435968,0,0,0,-1,-1
29031,Ehrt die Flamme,Ehrt das Freudenfeuer des Irdenen Rings in Vashj'ir.,11982,9484,0,-1,0,0,0,0,0,0,0,0,0,0,0,0,394,0,2,2097152,0,268435968,0,0,0,-1,-1
29036,Ehrt die Flamme,Ehrt das Freudenfeuer des Irdenen Rings in Tiefenheim.,11983,9484,0,-1,0,0,0,0,0,0,0,0,0,0,0,0,394,0,2,2097152,0,268435968,0,0,0,-1,-1
30134,Wildes in der Wildnis,,12939,0,0,-1,0,0,0,0,0,0,0,0,0,0,0,0,57,0,2,0,0,268435968,0,0,0,-1,-1
31001,Absturz,,13601,0,0,-1,0,0,0,0,0,0,0,0,0,0,0,0,62,0,2,8,0,268435968,0,0,0,-1,-1
31394,Eine himmlische Erfahrung,,13906,0,0,-1,0,0,0,0,0,0,0,0,0,0,0,0,7210,0,2,1048584,0,268435968,0,0,0,-1321907123,1427461461
31395,Eine himmlische Erfahrung,,13906,0,0,-1,0,0,0,0,0,0,0,0,0,0,0,0,7210,0,2,1048584,0,268435968,0,0,0,1309324210,-1440044374
31511,Ein historischer Moment,,14001,0,0,-1,0,0,0,0,0,0,0,0,0,0,0,0,7210,0,2,8,0,268435968,31395,0,0,1309324210,-1440044374
31512,Ein historischer Moment,,14001,0,0,-1,0,0,0,0,0,0,0,0,0,0,0,0,7210,0,2,2097160,0,268435968,31394,0,0,-1321907123,1427461461
31697,Jeremy's Test Quest,,22887,0,0,-1,0,0,0,0,0,0,0,0,0,0,0,109,798,0,3,3735552,131072,268435456,0,0,0,-1,-1
32246,Treffen mit der Späherin,,14562,0,0,-1,0,0,0,0,0,0,0,0,0,0,0,0,59,0,2,2097152,0,268435968,0,0,0,-1321907123,1427461461
32249,Treffen mit der Späherin,,14562,0,0,-1,0,0,0,0,0,0,0,0,0,0,0,0,59,0,2,2097152,0,268435968,0,0,0,1309324210,-1440044374
32496,Entweiht dieses Feuer!,,14773,9484,0,-1,0,0,0,0,0,0,0,0,0,0,0,0,394,0,0,0,0,512,0,0,0,-1,-1
32497,Ehrt die Flamme,Ehrt das Sonnenwendfreudenfeuer in der Schreckensöde.,14774,9484,0,-1,0,0,0,0,0,0,0,0,0,0,0,0,394,0,2,2097152,0,268435968,0,0,0,-1,-1
32498,Ehrt die Flamme,Ehrt das Sonnenwendfreudenfeuer im Jadewald.,14775,9484,0,-1,0,0,0,0,0,0,0,0,0,0,0,0,394,0,2,2097152,0,268435968,0,0,0,-1,-1
32499,Ehrt die Flamme,Ehrt das Sonnenwendfreudenfeuer in der Krasarangwildnis.,14772,9484,0,-1,0,0,0,0,0,0,0,0,0,0,0,0,394,0,2,2097152,0,268435968,0,0,0,-1,-1
32500,Ehrt die Flamme,Ehrt das Sonnenwendfreudenfeuer am Kun-Lai-Gipfel.,14776,9484,0,-1,0,0,0,0,0,0,0,0,0,0,0,0,394,0,2,2097152,0,268435968,0,0,0,-1,-1
32501,Ehrt die Flamme,Ehrt das Sonnenwendfreudenfeuer in der Tonlongsteppe.,14777,9484,0,-1,0,0,0,0,0,0,0,0,0,0,0,0,394,0,2,2097152,0,268435968,0,0,0,-1,-1
32502,Ehrt die Flamme,Ehrt das Sonnenwendfreudenfeuer im Tal der Vier Winde.,14778,9484,0,-1,0,0,0,0,0,0,0,0,0,0,0,0,394,0,2,2097152,0,268435968,0,0,0,-1,-1
32503,Entweiht dieses Feuer!,,14779,9484,0,-1,0,0,0,0,0,0,0,0,0,0,0,0,394,0,0,0,0,512,0,0,0,-1,-1
32509,Ehrt die Flamme,,14785,9484,0,-1,0,0,0,0,0,0,0,0,0,0,0,0,394,0,0,0,0,512,0,0,0,1309324210,-1440044374
32510,Ehrt die Flamme,,14786,9484,0,-1,0,0,0,0,0,0,0,0,0,0,0,0,394,0,0,0,0,512,0,0,0,-1321907123,1427461461
32680,Der Sturm braut sich zusammen,,14859,0,0,-1,0,0,0,0,0,0,0,0,0,0,0,0,167,0,2,572522504,0,268435968,0,0,0,1309324210,-1440044374
32681,Der Sturm braut sich zusammen,,14859,0,0,-1,0,0,0,0,0,0,0,0,0,0,0,0,167,0,2,572522504,0,268435968,0,0,0,-1321907123,1427461461
33145,Grimmfrostberg,,15222,0,0,-1,0,0,0,0,0,0,0,0,0,0,0,0,64,0,3,34144256,8192,268435456,0,0,0,1309324210,-1440044374
33156,Hüter der Zeit Kairoz,,15234,0,0,-1,0,0,0,0,0,0,0,0,0,0,0,0,169,0,2,2097152,0,268435968,0,0,0,1309324210,-1440044374
33160,Hüter der Zeit Kairoz,,15234,0,0,-1,0,0,0,0,0,0,0,0,0,0,0,0,169,0,2,2097152,0,268435968,0,0,0,-1321907123,1427461461
33232,Die Reise zur Zeitlosen Insel,,15309,0,0,-1,0,0,0,0,0,0,0,0,15234,104110,0,0,169,0,2,302120968,0,268435968,0,0,0,1309324210,-1440044374
34076,Die Begräbnisfelder,,15961,0,0,-1,0,0,0,0,0,0,0,0,0,0,0,0,63,0,3,34144256,0,268435456,0,0,0,-1321907123,1427461461
34496,Die Hügel von Valuun,,16321,0,0,-1,0,0,0,0,0,0,0,0,0,0,0,0,63,0,3,34144256,0,268435456,0,0,0,-1321907123,1427461461
34501,Frostbrandhöhle,,16326,0,0,-1,0,0,0,0,0,0,0,0,0,0,0,0,64,0,3,38338560,8192,268435456,0,0,0,1309324210,-1440044374
34504,Blutdornhöhle,,16329,0,0,-1,0,0,0,0,0,0,0,0,0,0,0,0,63,0,3,37289984,0,268435456,0,0,0,-1321907123,1427461461
34505,Verbotener Gletscher,,16330,28902,0,-1,0,0,0,0,0,0,0,0,0,0,0,0,64,0,3,34144256,0,268435456,0,0,0,1309324210,-1440044374
34639,Aruunas Verheerung,,16398,0,0,-1,0,0,0,0,0,0,0,0,0,0,0,0,66,0,3,589824,0,268435456,0,0,0,-1,-1
34660,Zorkras Sturz,,16417,0,0,-1,0,0,0,0,0,0,0,0,0,0,0,0,66,0,3,34144256,0,268435456,0,0,0,-1,-1
34667,Hof der Seelen,,16424,0,0,-1,0,0,0,0,0,0,0,0,0,0,0,0,66,0,3,34144256,0,268435456,0,0,0,-1,-1
34723,Eisenfausthafen,,16470,0,0,-1,0,0,0,0,0,0,0,0,0,0,0,0,68,0,3,34144256,0,268435456,0,0,0,-1,-1
34724,Die Vergessenen Höhlen,,18083,0,0,-1,0,0,0,0,0,0,0,0,0,0,0,0,65,0,3,34144256,0,268435456,0,0,0,-1,-1
34726,Vignette: Fahlspinnenbrutmutter,,18084,0,0,-1,0,0,0,0,0,0,0,0,0,0,0,0,0,0,3,33555464,0,0,0,0,0,-1,-1
34728,Das Schimmermoor,,16472,0,0,-1,0,0,0,0,0,0,0,0,0,0,0,0,63,0,3,34144256,0,268435456,0,0,0,-1321907123,1427461461
35236,Orunaiküste,,16836,0,0,-1,0,0,0,0,0,0,0,0,0,0,0,0,66,0,3,34144256,0,268435456,0,0,0,-1321907123,1427461461
35237,Rodung von Mor'gran,,16837,0,0,-1,0,0,0,0,0,0,0,0,0,0,0,0,66,0,3,34144256,0,268435456,0,0,0,1309324210,-1440044374
35250,Test Quest,,16847,0,0,-1,0,0,0,0,0,0,0,0,0,0,0,0,798,0,3,33554432,131328,268435456,0,0,0,-1,-1
35379,Hemets Schlaraffenland,,16917,0,0,-1,0,0,0,0,0,0,0,0,0,0,0,0,68,0,3,34144256,0,268435456,0,0,0,-1,-1
35637,Angriff auf die Steinzornklippen,,17076,33050,0,-1,0,0,0,0,0,0,0,0,0,0,0,0,816,0,3,41488384,524288,268435464,0,0,0,-1321907123,1427461461
35641,Angriff auf die Steinzornklippen,,17483,33050,0,-1,0,0,0,0,0,0,0,0,0,0,0,0,816,0,3,41488384,524288,268435464,0,0,0,1309324210,-1440044374
35649,Der Windende Morast,,17018,0,0,-1,0,0,0,0,0,0,0,0,0,0,0,0,67,0,3,34144256,0,268435456,0,0,0,-1,-1
35881,Ruinen der Ersten Bastion,,17125,0,0,-1,0,0,0,0,0,0,0,0,0,0,0,0,65,0,3,34144256,0,268435456,0,0,0,-1,-1
35974,Angriff auf das Nachtflutnest,,17747,32525,0,-1,0,0,0,0,0,0,0,0,0,0,0,0,816,0,3,37294080,524288,268435464,0,0,0,-1321907123,1427461461
35977,Angriff auf das Nachtflutnest,,17748,32525,0,-1,0,0,0,0,0,0,0,0,0,0,0,0,816,0,3,37294080,524288,268435464,0,0,0,1309324210,-1440044374
36069,Angriff auf Skettis,,17851,32526,0,-1,0,0,0,0,0,0,0,0,0,0,0,0,816,0,3,37294080,524288,268435464,0,0,0,-1321907123,1427461461
36070,Angriff auf Skettis,,17852,32526,0,-1,0,0,0,0,0,0,0,0,0,0,0,0,816,0,3,37294080,524288,268435464,0,0,0,1309324210,-1440044374
36338,Angriff auf den Hafen von Shattrath,,19214,32529,0,-1,0,0,0,0,0,0,0,0,0,0,0,0,816,0,3,37294080,524288,268435464,0,0,0,1309324210,-1440044374
36347,Angriff auf Socrethars Klippe,,19211,32524,0,-1,0,0,0,0,0,0,0,0,0,0,0,0,816,0,3,37294080,524288,268435464,0,0,0,1309324210,-1440044374
36348,Angriff auf Socrethars Klippe,,19212,32524,0,-1,0,0,0,0,0,0,0,0,0,0,0,0,816,0,3,37294080,524288,268435464,0,0,0,-1321907123,1427461461
36383,Angriff auf die Grube,,17482,38227,0,-1,0,0,0,0,0,0,0,0,0,0,0,0,816,0,3,37294080,524288,268435464,0,0,0,-1321907123,1427461461
36473,Leidensgrat,,17561,27805,0,-1,0,0,0,0,0,0,0,0,0,0,0,0,65,0,3,34144256,0,268435456,0,0,0,-1,-1
36476,Südliche Gronnschlucht,,17565,27805,0,-1,0,0,0,0,0,0,0,0,0,0,0,0,65,0,3,34144256,0,268435456,0,0,0,-1,-1
36480,Tal der Zerstörung,,17569,31135,0,-1,0,0,0,0,0,0,0,0,0,0,0,0,65,0,3,34144256,0,268435456,0,0,0,-1,-1
36489,Angriff auf die Grube,,17482,38227,0,-1,0,0,0,0,0,0,0,0,0,0,0,0,816,0,3,37294080,524288,268435464,0,0,0,1309324210,-1440044374
36490,Angriff auf die Säulen des Schicksals,,19213,32528,0,-1,0,0,0,0,0,0,0,0,0,0,0,0,816,0,3,37294080,524288,268435464,0,0,0,-1321907123,1427461461
36491,Angriff auf die Säulen des Schicksals,,19218,32528,0,-1,0,0,0,0,0,0,0,0,0,0,0,0,816,0,3,37294080,524288,268435464,0,0,0,1309324210,-1440044374
36500,Der Klingenflor,,17582,27803,0,-1,0,0,0,0,0,0,0,0,0,0,0,0,65,0,3,38338560,0,268435456,0,0,0,-1,-1
36504,Immermornquellen,,17599,27803,0,-1,0,0,0,0,0,0,0,0,0,0,0,0,65,0,3,34144256,0,268435456,0,0,0,-1,-1
36520,Keulenschwanzbecken,,17596,0,0,-1,0,0,0,0,0,0,0,0,0,0,0,0,65,0,3,34144256,0,268435456,0,0,0,-1,-1
36563,Schwadensumpf,,17619,0,0,-1,0,0,0,0,0,0,0,0,0,0,0,0,65,0,3,34144256,0,268435456,0,0,0,-1,-1
36564,Schlingenherz,,17620,27803,0,-1,0,0,0,0,0,0,0,0,0,0,0,0,65,0,3,34144256,0,268435456,0,0,0,-1,-1
36566,Steinbrecherarena,,17622,27805,0,-1,0,0,0,0,0,0,0,0,0,0,0,0,65,0,3,34144256,0,268435456,0,0,0,-1,-1
36571,Der Iyunwald,,18072,0,0,-1,0,0,0,0,0,0,0,0,0,0,0,0,65,0,3,34144256,0,268435456,0,0,0,-1,-1
36590,Der Heulende Fels,,17646,0,0,-1,0,0,0,0,0,0,0,0,0,0,0,0,67,0,3,34144256,0,268435456,0,0,0,-1,-1
36603,Schwefelquellen,,17653,0,0,-1,0,0,0,0,0,0,0,0,0,0,0,0,65,0,3,34144256,0,268435456,0,0,0,-1,-1
36660,Blutmähnenrevier,,17698,29048,0,-1,0,0,0,0,0,0,0,0,0,0,0,0,67,0,3,34144256,0,268435456,0,0,0,-1,-1
36792,Messerfaustfestung,,17794,29095,0,-1,0,0,0,0,0,0,0,0,0,0,0,0,67,0,3,34144256,0,268435456,0,0,0,-1,-1
36807,Angriff auf das Herz von Shattrath,,19215,38228,0,-1,0,0,0,0,0,0,0,0,0,0,0,0,816,0,3,37294080,524288,268435464,0,0,0,1309324210,-1440044374
36808,Angriff auf den Hafen von Shattrath,,19216,32529,0,-1,0,0,0,0,0,0,0,0,0,0,0,0,816,0,3,37294080,524288,268435464,0,0,0,-1321907123,1427461461
36809,Angriff auf das Herz von Shattrath,,19217,38228,0,-1,0,0,0,0,0,0,0,0,0,0,0,0,816,0,3,37294080,524288,268435464,0,0,0,-1321907123,1427461461
36811,Rückeroberung von Faronaar,,17804,39583,0,-1,2,0,0,0,0,0,0,0,0,0,0,0,331,0,3,570490888,0,268435456,36920,40815,0,-1,-1
36814,Angriff auf die Immergrüne Wildnis,,19209,32516,0,-1,0,0,0,0,0,0,0,0,0,0,0,0,816,0,3,37294080,524288,268435456,0,0,0,1309324210,-1440044374
36815,Angriff auf die Immergrüne Wildnis,,19210,32516,0,-1,0,0,0,0,0,0,0,0,0,0,0,0,816,0,3,37294080,524288,268435456,0,0,0,-1321907123,1427461461
36816,Angriff auf die Zerschlagene Anhöhe,,17808,32522,0,-1,0,0,0,0,0,0,0,0,0,0,0,0,816,0,3,37294080,524288,268435464,0,0,0,-1321907123,1427461461
36817,Angriff auf die Zerschlagene Anhöhe,,17809,32522,0,-1,0,0,0,0,0,0,0,0,0,0,0,0,816,0,3,37294080,524288,268435464,0,0,0,1309324210,-1440044374
36818,Angriff auf den Wachposten von Mok'gol,,17810,32523,0,-1,0,0,0,0,0,0,0,0,0,0,0,0,816,0,3,37294080,524288,268435464,0,0,0,-1321907123,1427461461
36819,Angriff auf den Wachposten von Mok'gol,,17811,32523,0,-1,0,0,0,0,0,0,0,0,0,0,0,0,816,0,3,37294080,524288,268435464,0,0,0,1309324210,-1440044374
36820,Angriff auf das Gorianische Übungsgelände,,18451,31356,0,-1,0,0,0,0,0,0,0,0,0,0,0,0,816,0,3,37289984,524288,268435464,0,0,0,-1321907123,1427461461
36821,Angriff auf das Gorianische Übungsgelände,,18452,31356,0,-1,0,0,0,0,0,0,0,0,0,0,0,0,816,0,3,41484288,532480,268435464,0,0,0,1309324210,-1440044374
36822,Angriff auf das Eiserne Belagerungswerk,,19208,32515,0,-1,0,0,0,0,0,0,0,0,0,0,0,0,816,0,3,37294080,524288,268435456,0,0,0,-1321907123,1427461461
36823,Angriff auf das Eiserne Belagerungswerk,,19207,32515,0,-1,0,0,0,0,0,0,0,0,0,0,0,0,816,0,3,37294080,524288,268435464,0,0,0,1309324210,-1440044374
36826,Angriff auf Magnarok,,17817,32520,0,-1,0,0,0,0,0,0,0,0,0,0,0,0,816,0,3,37294080,524288,268435464,0,0,0,-1321907123,1427461461
36827,Angriff auf Magnarok,,17842,32520,0,-1,0,0,0,0,0,0,0,0,0,0,0,0,816,0,3,37294080,524288,268435464,0,0,0,1309324210,-1440044374
36860,Angriff auf das Vergessene Anzuversteck,,17848,32527,0,-1,0,0,0,0,0,0,0,0,0,0,0,0,816,0,3,37294080,524288,268435464,0,0,0,-1,-1
36868,Schlacht um Ashran,,17850,0,0,-1,2,0,0,0,0,0,0,0,0,0,0,0,949,0,3,37294080,0,8,36548,36666,0,1309324210,-1440044374
36869,Schlacht um Ashran,,17850,0,0,-1,2,0,0,0,0,0,0,0,0,0,0,0,949,0,3,37294080,0,8,36536,36666,0,1309324210,-1440044374
37280,Fauchtatzenstieg,,18209,0,0,-1,0,0,0,0,0,0,0,0,0,0,0,0,68,0,3,34144256,0,268435456,0,0,0,-1,-1
37421,Kuuros Bergwerk,,18332,30845,0,-1,0,0,0,0,0,0,0,0,0,0,0,0,66,0,3,34144256,0,268435456,0,0,0,-1,-1
37422,Zangarra,,18333,30846,0,-1,0,0,0,0,0,0,0,0,0,0,0,0,66,0,3,34144256,0,268435456,0,0,0,-1,-1
37466,Die verheerte Akademie,,18937,32683,0,-1,0,0,0,0,0,0,0,0,0,0,0,0,990,0,3,34144256,2,268468224,0,0,0,-1,-1
37495,Plündert die Höhle,,18385,39582,0,-1,0,0,0,0,0,0,0,0,0,0,0,0,331,0,3,34144256,0,268435456,37538,0,0,-1,-1
37585,Angriff auf das Eiserne Belagerungswerk,,18448,31290,0,-1,0,0,0,0,0,0,0,0,0,0,0,0,816,0,3,37289984,524288,268435464,0,0,0,-1321907123,1427461461
37622,Angriff auf das Eiserne Belagerungswerk,,18447,31290,0,-1,0,0,0,0,0,0,0,0,0,0,0,0,816,0,3,37289984,524288,268435464,0,0,0,1309324210,-1440044374
37623,Angriff auf die Steinzornklippen,,18446,31355,0,-1,0,0,0,0,0,0,0,0,0,0,0,0,816,0,3,41484288,524288,268435464,0,0,0,-1321907123,1427461461
37624,Angriff auf die Steinzornklippen,,18444,31355,0,-1,0,0,0,0,0,0,0,0,0,0,0,0,816,0,3,41484288,524288,268435464,0,0,0,1309324210,-1440044374
37625,Angriff auf Magnarok,,18445,31354,0,-1,0,0,0,0,0,0,0,0,0,0,0,0,816,0,3,37289984,524288,268435464,0,0,0,-1321907123,1427461461
37626,Angriff auf Magnarok,,18443,31354,0,-1,0,0,0,0,0,0,0,0,0,0,0,0,816,0,3,37289984,524288,268435464,0,0,0,1309324210,-1440044374
37627,Angriff auf die Zerschlagene Anhöhe,,18449,31357,0,-1,0,0,0,0,0,0,0,0,0,0,0,0,816,0,3,37289984,524288,268435464,0,0,0,-1321907123,1427461461
37628,Angriff auf die Zerschlagene Anhöhe,,18450,31357,0,-1,0,0,0,0,0,0,0,0,0,0,0,0,816,0,3,37289984,524288,268435464,0,0,0,1309324210,-1440044374
37629,Angriff auf den Wachposten von Mok'gol,,18453,31385,0,-1,0,0,0,0,0,0,0,0,0,0,0,0,816,0,3,37289984,524288,268435464,0,0,0,-1321907123,1427461461
37630,Angriff auf den Wachposten von Mok'gol,,18454,31385,0,-1,0,0,0,0,0,0,0,0,0,0,0,0,816,0,3,37289984,524288,268435464,0,0,0,1309324210,-1440044374
37631,Angriff auf Socrethars Klippe,,18455,31358,0,-1,0,0,0,0,0,0,0,0,0,0,0,0,816,0,3,37289984,524288,268435464,0,0,0,-1321907123,1427461461
37632,Angriff auf Socrethars Klippe,,18456,31358,0,-1,0,0,0,0,0,0,0,0,0,0,0,0,816,0,3,37289984,524288,268435464,0,0,0,1309324210,-1440044374
37633,Angriff auf das Nachtflutnest,,18457,31359,0,-1,0,0,0,0,0,0,0,0,0,0,0,0,816,0,3,37289984,524288,268435464,0,0,0,-1321907123,1427461461
37634,Angriff auf das Nachtflutnest,,18458,31359,0,-1,0,0,0,0,0,0,0,0,0,0,0,0,816,0,3,37289984,524288,268435464,0,0,0,1309324210,-1440044374
37635,Angriff auf den Hafen von Shattrath,,18459,31360,0,-1,0,0,0,0,0,0,0,0,0,0,0,0,816,0,3,37289984,524288,268435464,0,0,0,-1321907123,1427461461
37636,Angriff auf den Hafen von Shattrath,,18460,31360,0,-1,0,0,0,0,0,0,0,0,0,0,0,0,816,0,3,37289984,524288,268435464,0,0,0,1309324210,-1440044374
37749,Prüfungen des Khadgar: Eiserne Jungfrauen,,18535,0,0,-1,0,0,0,0,0,0,0,0,0,0,0,0,816,0,3,34177024,0,268468224,0,0,0,-1,-1
37779,Gut gegen Schuppen,,18565,32683,0,-1,0,0,0,0,0,0,0,0,0,0,0,0,990,0,3,34144256,0,268468224,0,0,0,-1,-1
37865,Angriff auf den Eisenfausthafen,,18652,0,0,-1,2,0,0,0,0,0,0,0,0,0,0,0,816,0,3,37294080,524288,268435464,37946,36666,0,1309324210,-1440044374
37866,Angriff auf den Eisenfausthafen,,18654,0,0,-1,2,0,0,0,0,0,0,0,0,0,0,0,816,0,3,37294080,524288,268435464,37886,36666,0,-1321907123,1427461461
37921,Aufräumarbeiten an den Docks,,18697,0,0,-1,0,0,0,0,0,0,0,0,0,0,0,0,816,0,3,37289984,524288,268435456,38253,0,0,-1321907123,1427461461
37938,Angriff auf die Ruinen von Kra'nak,,18716,0,0,-1,2,0,0,0,0,0,0,0,0,0,0,0,816,0,3,37294080,524288,268435464,37939,36666,0,-1321907123,1427461461
37963,Nicht zu retten,,18737,65868,0,-1,0,0,0,0,0,0,0,0,0,0,0,0,331,0,3,34144256,0,268468224,0,0,0,-1,-1
37965,Ein verderbter Jahrgang,,18744,49271,0,-1,0,0,0,0,0,0,0,0,0,0,0,0,990,0,3,34144256,0,268468224,0,0,0,-1,-1
37966,Angriff auf den Tempel von Sha'naar,,18740,0,0,-1,2,0,0,0,0,0,0,0,0,0,0,0,816,0,3,37294080,524288,268435464,37967,36666,0,-1321907123,1427461461
37970,Angriff auf die Dämonenschmiede,,19110,0,0,-1,2,0,0,0,0,0,0,0,0,0,0,0,816,0,3,37294080,4,268435464,38437,36666,0,1309324210,-1440044374
38009,Angriff auf die Ruinen von Kra'nak,,18716,0,0,-1,2,0,0,0,0,0,0,0,0,0,0,0,816,0,3,37294080,524288,268435464,38010,36666,0,1309324210,-1440044374
38020,Angriff auf den Tempel von Sha'naar,,18740,0,0,-1,2,0,0,0,0,0,0,0,0,0,0,0,816,0,3,37294080,524288,268435464,38021,36666,0,1309324210,-1440044374
38040,Lasst das Blutende Auge bluten,,18801,0,0,-1,2,0,0,0,0,0,0,0,0,0,0,0,816,0,3,37294080,524288,268435464,38041,36666,0,1309324210,-1440044374
38043,Lasst das Blutende Auge bluten,,18804,0,0,-1,2,0,0,0,0,0,0,0,0,0,0,0,816,0,3,37294080,524288,268435464,38042,36666,0,-1321907123,1427461461
38051,Schlacht an der Eisernen Front,,18816,0,0,-1,2,0,0,0,0,0,0,0,0,0,0,0,816,0,3,37294080,524288,268435464,38039,36666,0,-1321907123,1427461461
38054,Schlacht an der Eisernen Front,,18817,0,0,-1,2,0,0,0,0,0,0,0,0,0,0,0,816,0,3,37294080,524288,268435464,38038,36666,0,1309324210,-1440044374
38204,Angriff auf das gorianische Übungsgelände,,19251,32530,0,-1,0,0,0,0,0,0,0,0,0,0,0,0,816,0,3,37289984,524288,268435464,0,0,0,-1321907123,1427461461
38205,Angriff auf das gorianische Übungsgelände,,19250,32530,0,-1,0,0,0,0,0,0,0,0,0,0,0,0,816,0,3,41484288,532480,268435464,0,0,0,1309324210,-1440044374
38343,Macht keinen Hel daraus,,19006,0,0,-1,0,0,0,0,0,0,0,0,0,0,0,0,334,0,3,38338560,8192,268468224,38818,0,0,-1,-1
38372,Elende Schwestern,,19044,65870,0,-1,0,0,0,0,0,0,0,0,0,0,0,0,990,0,3,34144256,0,268468224,0,0,0,-1,-1
38374,Angriff auf die Drekirjar,,19077,33048,0,-1,0,0,0,0,0,0,0,0,0,0,0,0,334,0,3,38338560,8192,268468224,0,0,0,-1,-1
38409,Test Bonus Objective,,19083,0,0,-1,0,0,0,0,0,0,0,0,0,0,0,0,949,0,3,38338560,139264,268468224,0,0,0,-1,-1
38439,Angriff auf die Dämonenschmiede,,19114,0,0,-1,2,0,0,0,0,0,0,0,0,0,0,0,816,0,3,37294080,4,268435464,38438,36666,0,-1321907123,1427461461
38442,Ein würdiger Herausforderer,,19117,35357,0,-1,0,0,0,0,0,0,0,0,0,0,0,0,334,0,3,38338560,8192,268435456,0,0,0,-1,-1
38569,Säuberung der Docks,,18697,0,0,-1,0,0,0,0,0,0,0,0,0,0,0,0,816,0,3,37289984,0,268435456,38567,0,0,1309324210,-1440044374
38587,Angriff auf Kil'jaedens Thron,,19269,0,0,-1,2,0,0,0,0,0,0,0,0,0,0,0,816,0,3,37294080,4,268435464,38583,36666,0,-1321907123,1427461461
38588,Angriff auf Kil'jaedens Thron,,19270,0,0,-1,2,0,0,0,0,0,0,0,0,0,0,0,816,0,3,37294080,4,268435464,38584,36666,0,1309324210,-1440044374
38708,Die Reinigung des Flusses,,19388,0,0,-1,0,0,0,0,0,0,0,0,0,0,0,0,949,0,3,34144256,0,268468224,0,0,0,-1,-1
38716,Die Rabenwehr,,19397,0,0,-1,0,0,0,0,0,0,0,0,0,0,0,0,332,0,3,34144256,0,268468224,38718,0,0,-1,-1
38748,Ruinen von Shala'nir,,19435,45636,0,-1,0,0,0,0,0,0,0,0,0,0,0,0,332,0,3,34144256,0,268468224,38684,0,0,-1,-1
38842,Feenaufruhr,,19533,0,0,-1,0,0,0,0,0,0,0,0,0,0,0,0,990,0,3,34144256,0,268468224,0,0,0,-1,-1
38865,Schlacht an der Eisernen Front,,19560,33454,0,-1,0,0,0,0,0,0,0,0,0,0,0,0,816,0,3,37289984,524288,268435464,0,0,0,1309324210,-1440044374
38866,Schlacht an der Eisernen Front,,19560,33454,0,-1,0,0,0,0,0,0,0,0,0,0,0,0,816,0,3,37289984,524288,268435464,0,0,0,-1321907123,1427461461
38868,Angriff auf die Ruinen von Kra'nak,,19563,33455,0,-1,0,0,0,0,0,0,0,0,0,0,0,0,816,0,3,37289984,524288,268435464,0,0,0,-1321907123,1427461461
38869,Angriff auf die Ruinen von Kra'nak,,19563,33455,0,-1,0,0,0,0,0,0,0,0,0,0,0,0,816,0,3,37289984,524288,268435464,0,0,0,1309324210,-1440044374
38870,Lasst das Blutende Auge bluten,,19564,33456,0,-1,0,0,0,0,0,0,0,0,0,0,0,0,816,0,3,37289984,524288,268435464,0,0,0,-1321907123,1427461461
38871,Lasst das Blutende Auge bluten,,19564,33456,0,-1,0,0,0,0,0,0,0,0,0,0,0,0,816,0,3,37289984,524288,268435464,0,0,0,1309324210,-1440044374
38876,Angriff auf die Dämonenschmiede,,19570,33459,0,-1,0,0,0,0,0,0,0,0,0,0,0,0,816,0,3,37289984,4,268435464,0,0,0,1309324210,-1440044374
38877,Angriff auf die Dämonenschmiede,,19570,33459,0,-1,0,0,0,0,0,0,0,0,0,0,0,0,816,0,3,37289984,4,268435464,0,0,0,-1321907123,1427461461
38939,Angriff auf Skold-Ashil,,19630,0,0,-1,0,0,0,0,0,0,0,0,0,0,0,0,334,0,3,38338560,8192,268468224,39154,0,0,-1,-1
39029,Verteidigung des Tempels,,19736,65872,0,-1,0,0,0,0,0,0,0,0,0,0,0,0,332,0,3,34144256,0,268468224,38641,0,0,-1,-1
39119,Angriff auf Skold-Ashil,,19830,0,0,-1,0,0,0,0,0,0,0,0,0,0,0,0,334,0,3,38338560,8192,268468224,39062,0,0,-1,-1
39274,Verteidigung der Flusslande,,19932,74379,0,-1,0,0,0,0,0,0,0,0,0,0,0,0,333,0,3,34144256,0,268468224,39496,0,0,-1,-1
39279,Angriff auf Mardum,,19936,38205,0,2048,0,0,0,0,0,0,0,0,0,0,0,0,699,0,3,34144512,0,268468224,0,0,0,-1,-1
39317,Belagerung der Scharrfurien,,19968,0,0,-1,0,0,0,0,0,0,0,0,0,0,0,0,333,0,3,34144256,0,268468224,38913,0,0,-1,-1
39371,Himmelshexen,,20018,0,0,-1,0,0,0,0,0,0,0,0,0,0,0,0,990,0,3,34144256,0,268468224,0,0,0,-1,-1
39393,Das Mondklauental,,20045,39500,0,-1,0,0,0,0,0,0,0,0,0,0,0,0,332,0,3,34144256,0,268435456,38382,0,0,-1,-1
39424,Alles!,,20069,47899,0,-1,0,0,0,0,0,0,0,0,0,0,18685,109,347,0,3,41484544,0,268435456,0,0,0,-1,-1
39441,Lasst das Blutende Auge bluten,,20103,34867,0,-1,0,0,0,0,0,0,0,0,0,0,0,0,816,0,3,37294080,524288,268435464,0,0,0,-1321907123,1427461461
39442,Lasst das Blutende Auge bluten,,20107,34868,0,-1,0,0,0,0,0,0,0,0,0,0,0,0,816,0,3,37294080,524288,268435464,0,0,0,1309324210,-1440044374
39443,Schlacht an der Eisernen Front,,20097,34872,0,-1,0,0,0,0,0,0,0,0,0,0,0,0,816,0,3,37294080,524288,268435464,0,0,0,-1321907123,1427461461
39444,Schlacht an der Eisernen Front,,20098,34871,0,-1,0,0,0,0,0,0,0,0,0,0,0,0,816,0,3,37294080,524288,268435464,0,0,0,1309324210,-1440044374
39445,Angriff auf die Dämonenschmiede,,20105,34879,0,-1,0,0,0,0,0,0,0,0,0,0,0,0,816,0,3,37294080,4,268435464,0,0,0,-1321907123,1427461461
39446,Angriff auf die Dämonenschmiede,,20099,34876,0,-1,0,0,0,0,0,0,0,0,0,0,0,0,816,0,3,37294080,4,268435464,0,0,0,1309324210,-1440044374
39447,Angriff auf die Ruinen von Kra'nak,,20095,34873,0,-1,0,0,0,0,0,0,0,0,0,0,0,0,816,0,3,37294080,524288,268435464,0,0,0,-1321907123,1427461461
39448,Angriff auf die Ruinen von Kra'nak,,20101,34874,0,-1,0,0,0,0,0,0,0,0,0,0,0,0,816,0,3,37294080,524288,268435464,0,0,0,1309324210,-1440044374
39449,Angriff auf den Tempel von Sha'naar,,20096,34878,0,-1,0,0,0,0,0,0,0,0,0,0,0,0,816,0,3,37294080,524288,268435464,0,0,0,-1321907123,1427461461
39450,Angriff auf den Tempel von Sha'naar,,20100,34875,0,-1,0,0,0,0,0,0,0,0,0,0,0,0,816,0,3,37294080,524288,268435464,0,0,0,1309324210,-1440044374
39451,Angriff auf den Eisenfausthafen,,20094,34869,0,-1,0,0,0,0,0,0,0,0,0,0,0,0,816,0,3,37294080,524288,268435464,0,0,0,-1321907123,1427461461
39452,Angriff auf den Eisenfausthafen,,20102,34870,0,-1,0,0,0,0,0,0,0,0,0,0,0,0,816,0,3,37294080,524288,268435464,0,0,0,1309324210,-1440044374
39453,Angriff auf Kil'jaedens Thron,,20104,34880,0,-1,0,0,0,0,0,0,0,0,0,0,0,0,816,0,3,37294080,4,268435464,0,0,0,-1321907123,1427461461
39454,Angriff auf Kil'jaedens Thron,,20106,34877,0,-1,0,0,0,0,0,0,0,0,0,0,0,0,816,0,3,37294080,4,268435464,0,0,0,1309324210,-1440044374
39462,Rustikale Rachegefühle,,21861,47899,0,-1,0,0,0,0,0,0,0,0,0,0,18333,109,347,0,3,34144512,0,268435456,0,0,0,-1,-1
39576,Echos von Todesschwinge,,20221,74379,0,-1,0,0,0,0,0,0,0,0,0,0,0,0,333,0,3,34144256,0,268468224,39575,0,0,-1,-1
39742,Das Verlies der Wächterinnen,,20386,0,0,2048,0,0,0,0,0,0,0,0,0,0,0,0,699,0,3,34144512,0,268468224,38672,0,0,-1,-1
39998,Treibt die Wellenskorn zurück,,20684,0,0,-1,0,0,0,0,0,0,0,0,0,0,0,0,334,0,3,38338560,8192,268468224,40002,0,0,-1,-1
40050,Die Schiffbruchgrotte,,20743,0,0,-1,0,0,0,0,0,0,0,0,0,0,0,0,990,0,3,34144256,0,268468224,0,0,0,-1,-1
40111,Vernichtung der Bilgenflosseneindringlinge,,20797,0,0,-1,0,0,0,0,0,0,0,0,0,0,0,0,990,0,3,38338560,8192,268468224,0,0,0,-1,-1
40121,Leylinieneinfluss,,20805,0,0,-1,0,0,0,0,0,0,0,0,0,0,0,0,335,0,3,34144256,0,268468224,0,0,0,-1,-1
40226,Überbleibsel der Sashj'tar,,20943,0,0,-1,0,0,0,0,0,0,0,0,0,0,0,0,335,0,3,34144256,0,268468224,41000,0,0,-1,-1
40277,Kampfnacht: Tiffany Nelson,,21007,145934,0,-1,0,0,0,0,0,0,0,0,0,0,19014,115,347,0,3,3735808,0,268435456,0,0,0,-1,-1
40278,Auf Geheiß meines Tiers,,21008,132427,0,-1,0,0,0,0,0,0,0,0,0,0,19170,115,347,0,3,3735808,0,268435456,0,0,0,-1,-1
40279,Training mit Durian,,21009,145947,0,-1,0,0,0,0,0,0,0,0,0,0,18992,115,347,0,3,3735808,0,268435456,0,0,0,-1,-1
40280,Training mit Bredda,,21010,132427,0,-1,0,0,0,0,0,0,0,0,0,0,18758,115,347,0,3,3735808,0,268435456,0,0,0,-1,-1
40282,"Kleine Wilderer, kleine Tiere",,21013,132427,0,-1,0,0,0,0,0,0,0,0,0,0,18844,115,347,0,3,3735808,0,268435456,0,0,0,-1,-1
40298,Kampfnacht: Sir Galveston,,21031,145934,0,-1,0,0,0,0,0,0,0,0,0,0,19015,115,347,0,3,3735808,0,268435456,0,0,0,-1,-1
40299,Kampfnacht: Bodhi Sonnenreiter,,21032,145934,0,-1,0,0,0,0,0,0,0,0,0,0,19016,115,347,0,3,3735808,0,268435456,0,0,0,-1,-1
40316,Der Kreischende Felsen,,21055,0,0,-1,0,0,0,0,0,0,0,0,0,0,0,0,990,0,3,37289984,0,268468224,0,0,0,-1,-1
40337,Perplex,,21090,145934,0,-1,0,0,0,0,0,0,0,0,0,0,19220,115,335,0,3,3735808,0,268435456,0,0,0,-1,-1
40390,Geheiligter Boden,,21145,47602,0,2,0,0,0,0,0,0,0,0,0,0,21313,135,336,0,3,37290240,0,268435456,0,0,0,-1,-1
40850,Gefangene von Graustein,,21692,47899,0,-1,0,0,0,0,0,0,0,0,0,0,18835,109,347,0,3,37290240,0,268435456,0,0,0,-1,-1
40895,Der Sumpf der Heimsuchung,,21746,47899,0,-1,0,0,0,0,0,0,0,0,0,0,18254,109,347,0,3,34144512,0,268435456,0,0,0,-1,-1
40896,Trauergesang der Häuptlinge,,21747,47899,0,-1,0,0,0,0,0,0,0,0,0,0,18259,109,347,0,3,37290240,0,268435456,0,0,0,-1,-1
40920,Steinbinderprämie,,26247,47899,0,-1,0,0,0,0,0,0,0,0,0,0,18828,109,347,0,3,37290240,0,268435456,39027,0,0,-1,-1
40925,Einbruch in die Beißsteinenklave,,21791,47899,0,-1,0,0,0,0,0,0,0,0,0,0,18834,109,347,0,3,41484544,8192,268435456,39027,0,0,-1,-1
40951,Basar der Beißsteinenklave,,21829,47899,0,-1,0,0,0,0,0,0,0,0,0,0,18829,109,347,0,3,41484544,8192,268435456,39027,0,0,-1,-1
40966,Ritualisten sind unter uns,,22074,47899,0,-1,0,0,0,0,0,0,0,0,0,0,18647,109,347,0,3,37290240,0,268435456,0,0,0,-1,-1
40978,Böse Bären,,21863,47899,0,-1,0,0,0,0,0,0,0,0,0,0,18623,109,347,0,3,37290240,0,268435456,0,0,0,-1,-1
40980,Eiterbeulenpest,,21864,47899,0,-1,0,0,0,0,0,0,0,0,0,0,18624,109,347,0,3,37290240,0,268435456,0,0,0,-1,-1
40984,Übergriff der Naga der Dumpfwasser: Hochberg,,21891,47899,0,-1,0,0,0,0,0,0,0,0,0,0,18841,109,347,0,3,37290240,0,268435456,0,0,0,-1,-1
40985,Übergriff der Naga der Reifschuppen: Hochberg,,21892,47899,0,-1,0,0,0,0,0,0,0,0,0,0,20815,109,347,0,3,37290240,0,268435456,0,0,0,-1,-1
41011,Umbralsplitterrituale,,21850,47899,0,-1,0,0,0,0,0,0,0,0,0,0,18649,109,347,0,3,37290240,0,268435456,0,0,0,-1,-1
41013,Finsterbrularena,,23463,143217,0,-1,0,0,0,0,0,0,0,0,0,0,18196,113,347,0,3,3735808,0,268435456,0,0,0,-1,-1
41014,Straße der Wut,,26248,47899,0,-1,0,0,0,0,0,0,0,0,0,0,18648,109,347,0,3,41615616,8192,268435456,0,0,0,-1,-1
41024,Abgesang der Toten,,21901,47899,0,-1,0,0,0,0,0,0,0,0,0,0,18260,109,347,0,3,37290240,0,268435456,0,0,0,-1,-1
41025,Wiederauferstehung der Gefallenen,,21902,47899,0,-1,0,0,0,0,0,0,0,0,0,0,18261,109,347,0,3,37290240,0,268435456,0,0,0,-1,-1
41026,Zurück in die Schatten,,21904,47899,0,-1,0,0,0,0,0,0,0,0,0,0,18262,109,347,0,3,37290240,0,268435456,0,0,0,-1,-1
41055,Rustikale Rachegefühle,,21947,47899,0,-1,0,0,0,0,0,0,0,0,0,0,18334,109,347,0,3,34144512,0,268435456,0,0,0,-1,-1
41057,Rustikale Rachegefühle,,21951,47899,0,-1,0,0,0,0,0,0,0,0,0,0,18335,109,347,0,3,34144512,0,268435456,0,0,0,-1,-1
41076,Munitionstests,,21967,47899,0,-1,0,0,0,0,0,0,0,0,0,0,18635,109,347,0,3,36241664,16384,268435456,0,0,0,-1,-1
41077,Munitionstests,,21968,47899,0,-1,0,0,0,0,0,0,0,0,0,0,18636,109,347,0,3,36241664,16384,268435456,0,0,0,-1,-1
41078,Munitionstests,,21969,47899,0,-1,0,0,0,0,0,0,0,0,0,0,18637,109,347,0,3,36241664,0,268435456,0,0,0,-1,-1
41089,Fürsten der Anhöhen,,21987,47899,0,-1,0,0,0,0,0,0,0,0,0,0,18201,136,347,0,3,3735808,0,268435456,0,0,0,-1,-1
41090,Fürsten der Anhöhen,,21986,47899,0,-1,0,0,0,0,0,0,0,0,0,0,18202,136,347,0,3,3735808,0,268435456,0,0,0,-1,-1
41091,Fürsten der Anhöhen,,21988,47899,0,-1,0,0,0,0,0,0,0,0,0,0,18203,136,347,0,3,3735808,0,268435456,0,0,0,-1,-1
41093,GEFAHR: Durguth,,22136,47899,0,-1,0,0,0,0,0,0,0,0,0,0,18213,136,347,0,3,3735872,0,268435456,0,0,0,-1,-1
41095,Wichtige Ernte,,21997,47899,0,-1,0,0,0,0,0,0,0,0,0,0,18913,109,347,0,3,7930112,0,268435456,0,0,0,-1,-1
41122,Eingenebelt,,22021,47899,0,-1,0,0,0,0,0,0,0,0,0,0,18927,109,347,0,3,37290240,0,268435456,0,0,0,-1,-1
41127,Schleimschnauzenpest,,22068,47899,0,-1,0,0,0,0,0,0,0,0,0,0,18929,109,347,0,3,37290240,0,268435456,0,0,0,-1,-1
41130,Keine Angst vor dem Weiner,,22033,47899,0,-1,0,0,0,0,0,0,0,0,0,0,18255,109,347,0,3,34144512,0,268435456,0,0,0,-1,-1
41144,Zurück zum Fluss,,22057,47899,0,-1,0,0,0,0,0,0,0,0,0,0,18330,109,347,0,3,37290240,8192,268435456,0,0,0,-1,-1
41145,Wasser des Lebens,,22058,47899,0,-1,0,0,0,0,0,0,0,0,0,0,18331,109,347,0,3,37290240,0,268435456,0,0,0,-1,-1
41196,Leysteinbasilisken,,22118,47899,0,-1,0,0,0,0,0,2566,25,0,0,0,18225,120,347,0,3,34144576,0,268435456,0,0,0,-1,-1
41198,Leysteinbasilisken,,22120,47899,0,-1,0,0,0,0,0,2566,25,0,0,0,18226,120,347,0,3,34144576,0,268435456,0,0,0,-1,-1
41199,Leysteinrumpler,,22122,47899,0,-1,0,0,0,0,0,2566,25,0,0,0,18227,120,347,0,3,34144576,0,268435456,0,0,0,-1,-1
41200,Raue Leysteinablagerung,,22121,47899,0,-1,0,0,0,0,0,2566,25,0,0,0,18228,120,347,0,3,34144576,0,268435456,0,0,0,-1,-1
41201,Grobe Leysteinablagerung,,22123,47899,0,-1,0,0,0,0,0,2566,25,0,0,0,18229,120,347,0,3,34144576,0,268435456,0,0,0,-1,-1
41202,Spröde Leysteinflöze,,22124,47899,0,-1,0,0,0,0,0,2566,25,0,0,0,18230,120,347,0,3,34144576,0,268435456,0,0,0,-1,-1
41203,Helles Leysteinvorkommen,,22125,47899,0,-1,0,0,0,0,0,2566,25,0,0,0,18231,120,347,0,3,34144576,0,268435456,0,0,0,-1,-1
41204,Hartes Leysteinvorkommen,,22126,47899,0,-1,0,0,0,0,0,2566,25,0,0,0,18232,120,347,0,3,34144576,0,268435456,0,0,0,-1,-1
41205,Warmes Leysteinvorkommen,,22127,47899,0,-1,0,0,0,0,0,2566,25,0,0,0,18233,120,347,0,3,34144576,0,268435456,0,0,0,-1,-1
41206,Arbeitsauftrag: Leystein,,22128,47899,0,-1,0,0,0,0,0,2566,25,0,0,0,18234,120,347,0,3,524608,0,268435456,0,0,0,-1,-1
41207,Benötigte Vorräte: Leystein,,22129,143217,0,-1,0,0,0,0,0,0,0,0,0,0,18235,109,347,0,3,524608,0,268435456,0,0,0,-1,-1
41208,Schwefelzerstörer,,22130,47899,0,-1,0,0,0,0,0,2566,25,0,0,0,18236,120,347,0,3,34144576,0,268435456,0,0,0,-1,-1
41209,Schwefelzerstörer,,22131,47899,0,-1,0,0,0,0,0,2566,25,0,0,0,18237,120,347,0,3,34144576,0,268435456,0,0,0,-1,-1
41210,Schwefelzerstörer,,22132,47899,0,-1,0,0,0,0,0,2566,25,0,0,0,18238,120,347,0,3,34144576,0,268435456,0,0,0,-1,-1
41211,Neltharions Hort: Neltharions Schatz,,22912,42902,0,-1,0,0,0,0,0,0,0,0,0,0,18839,137,347,0,3,35193152,0,268435458,0,0,0,-1,-1
41219,Blühende Fuchsblume,,22147,47899,0,-1,0,0,0,0,0,2550,25,0,0,0,18251,119,347,0,3,34144576,0,268435456,0,0,0,-1,-1
41223,Arbeitsauftrag: Fuchsblume,,22151,47899,0,-1,0,0,0,0,0,2550,25,0,0,0,18266,119,347,0,3,524608,0,268435456,0,0,0,-1,-1
41224,Benötigte Vorräte: Fuchsblume,,22152,143217,0,-1,0,0,0,0,0,0,0,0,0,0,18267,109,347,0,3,524608,0,268435456,0,0,0,-1,-1
41225,Teufelswurz,,22153,47899,0,-1,0,0,0,0,0,2550,25,0,0,0,18268,119,347,0,3,34144576,0,268435456,0,0,0,-1,-1
41227,Angriff auf den Turm der Wächterinnen: Cordanas Apex,,24888,143217,0,-1,0,0,0,0,0,0,0,0,0,0,18272,113,347,0,3,37290240,0,268435456,0,0,0,1309324210,-1440044374
41228,Fuchsblumenbüschel,,22156,47899,0,-1,0,0,0,0,0,2550,25,0,0,0,18269,119,347,0,3,34144576,0,268435456,0,0,0,-1,-1
41232,Dicker Eisenhornbalg,,22162,47899,0,-1,0,0,0,0,0,2558,25,0,0,0,18278,124,347,0,3,34144576,0,268435456,0,0,0,-1,-1
41233,Borstiger Bärenpelz,,22163,47899,0,-1,0,0,0,0,0,2558,25,0,0,0,18279,124,347,0,3,34144576,0,268435456,0,0,0,-1,-1
41234,Zottiger Säblerbalg,,22164,47899,0,-1,0,0,0,0,0,2558,25,0,0,0,18280,124,347,0,3,34144576,0,268435456,0,0,0,-1,-1
41235,Arbeitsauftrag: Steinbalgleder,,22165,47899,0,-1,0,0,0,0,0,2558,25,0,0,0,18281,124,347,0,3,524608,0,268435456,0,0,0,-1,-1
41236,Wo ist unser Wein?,,22168,0,0,-1,0,0,0,0,0,0,0,0,0,0,18626,0,347,0,3,34144512,0,268435456,41559,0,0,-1,-1
41237,Benötigte Vorräte: Steinbalgleder,,22166,143217,0,-1,0,0,0,0,0,0,0,0,0,0,18282,109,347,0,3,524608,0,268435456,0,0,0,-1,-1
41238,Verkalkte Wurmschuppen,,22167,47899,0,-1,0,0,0,0,0,2558,25,0,0,0,18283,124,347,0,3,34144576,0,268435456,0,0,0,-1,-1
41239,Teufelsbalg,,22169,47899,0,-1,0,0,0,0,0,2558,25,0,0,0,18284,124,347,0,3,34144576,0,268435456,0,0,0,-1,-1
41240,Arbeitsauftrag: Hochberglachs,,22170,47899,0,-1,0,0,0,0,0,356,75,0,0,0,18285,130,347,0,3,524608,0,268435456,0,0,0,-1,-1
41242,Speckstreifen,,22172,47899,0,-1,0,0,0,0,0,2542,25,0,0,0,18288,131,347,0,3,34144576,0,268435456,0,0,0,-1,-1
41243,Gewaltiger Hochberglachs,,22173,47899,0,-1,0,0,0,0,0,356,75,0,0,0,18300,130,347,0,3,34144576,0,268435456,0,0,0,-1,-1
41244,Lebhafter Hochberglachs,,22174,47899,0,-1,0,0,0,0,0,356,75,0,0,0,18301,130,347,0,3,34144576,0,268435456,0,0,0,-1,-1
41252,Wilder nördlicher Barrakuda,,22182,47899,0,-1,0,0,0,0,0,356,75,0,0,0,18305,130,347,0,3,34144576,0,268435456,0,0,0,-1,-1
41253,Wandernder Hochberglachs,,22183,47899,0,-1,0,0,0,0,0,356,75,0,0,0,18328,130,347,0,3,34144576,0,268435456,0,0,0,-1,-1
41257,Angriff auf den Turm der Wächterinnen: Cordanas Apex,,22155,143217,0,-1,0,0,0,0,0,0,0,0,0,0,18430,113,347,0,3,37290240,0,268435456,0,0,0,-1321907123,1427461461
41259,Speckstreifen,,22209,47901,0,-1,0,0,0,0,0,2542,25,0,0,0,18336,131,347,0,3,34144576,0,268435456,0,0,0,-1,-1
41260,Speckstreifen,,22210,47895,0,-1,0,0,0,0,0,2542,25,0,0,0,18337,131,347,0,3,34144576,0,268435456,0,0,0,-1,-1
41261,Speckstreifen,,26359,47897,0,-1,0,0,0,0,0,2542,25,0,0,0,18338,131,347,0,3,34144576,0,268435456,0,0,0,-1,-1
41262,Speckstreifen,,22212,38948,0,-1,0,0,0,0,0,2542,25,0,0,0,18339,131,335,0,3,34144576,0,268435456,0,0,0,-1,-1
41264,Lebhafter verfluchter Königinnenfisch,,22214,47901,0,-1,0,0,0,0,0,356,75,0,0,0,18340,130,347,0,3,34144576,0,268435456,0,0,0,-1,-1
41265,Gewaltiger verfluchter Königinnenfisch,,22215,47901,0,-1,0,0,0,0,0,356,75,0,0,0,18341,130,347,0,3,34144576,0,268435456,0,0,0,-1,-1
41266,Angeln vom Floß,,22216,47901,0,-1,0,0,0,0,0,356,75,0,0,0,18342,130,347,0,3,34144576,0,268435456,0,0,0,-1,-1
41267,Arbeitsauftrag: Verfluchter Königinnenfisch,,22217,47901,0,-1,0,0,0,0,0,356,75,0,0,0,18343,130,347,0,3,524608,16384,268435456,0,0,0,-1,-1
41268,Die Königin der Königinnenfische,,22218,47901,0,-1,0,0,0,0,0,356,75,0,0,0,18344,130,347,0,3,34144576,0,268435456,0,0,0,-1,-1
41269,Lebhafter Mooskiemenbarsch,,22219,47895,0,-1,0,0,0,0,0,356,75,0,0,0,18345,130,347,0,3,34144576,0,268435456,0,0,0,-1,-1
41270,Gewaltiger Mooskiemenbarsch,,22220,47895,0,-1,0,0,0,0,0,356,75,0,0,0,18346,130,347,0,3,34144576,0,268435456,0,0,0,-1,-1
41271,In den Strudel,,22221,47895,0,-1,0,0,0,0,0,356,75,0,0,0,18347,130,347,0,3,34144576,0,268435456,0,0,0,-1,-1
41272,Arbeitsauftrag: Mooskiemenbarsch,,22222,47895,0,-1,0,0,0,0,0,356,75,0,0,0,18348,130,347,0,3,524608,0,268435456,0,0,0,-1,-1
41273,Bojenangeln,,22223,47895,0,-1,0,0,0,0,0,356,75,0,0,0,18349,130,347,0,3,34275648,0,268435456,0,0,0,-1,-1
41274,Lebhafte Sturmrochen,,22224,47897,0,-1,0,0,0,0,0,356,75,0,0,0,18350,130,347,0,3,34144576,0,268435456,0,0,0,-1,-1
41275,Gewaltiger Sturmrochen,,22225,47897,0,-1,0,0,0,0,0,356,75,0,0,0,18351,130,347,0,3,34144576,0,268435456,0,0,0,-1,-1
41276,Fischen mit Raketenstiefeln,,22226,47897,0,-1,0,0,0,0,0,356,75,0,0,0,18352,130,347,0,3,34144576,0,268435456,0,0,0,-1,-1
41277,Arbeitsauftrag: Sturmrochen,,22227,47897,0,-1,0,0,0,0,0,356,75,0,0,0,18353,130,347,0,3,524608,0,268435456,0,0,0,-1,-1
41278,Glitschiger Sturmrochen,,22228,47897,0,-1,0,0,0,0,0,356,75,0,0,0,18354,130,347,0,3,1769792,8192,268435456,0,0,0,-1,-1
41279,Lebhafter Runenschuppenkoi,,22229,38948,0,-1,0,0,0,0,0,356,75,0,0,0,18355,130,335,0,3,34144576,0,268435456,0,0,0,-1,-1
41280,Gewaltiger Runenschuppenkoi,,22230,38948,0,-1,0,0,0,0,0,356,75,0,0,0,18356,130,335,0,3,34144576,0,268435456,0,0,0,-1,-1
41282,Arbeitsauftrag: Runenschuppenkoi,,22232,45166,0,-1,0,0,0,0,0,356,75,0,0,0,18358,130,335,0,3,524608,0,268435456,0,0,0,-1,-1
41283,Der Anglermangler,,22233,38948,0,-1,0,0,0,0,0,356,75,0,0,0,18359,130,335,0,3,34144576,0,268435456,0,0,0,-1,-1
41286,Aethrilbüschel,,22236,47901,0,-1,0,0,0,0,0,2550,25,0,0,0,18371,119,347,0,3,34144576,0,268435456,0,0,0,-1,-1
41287,Arbeitsauftrag: Aethril,,22237,47901,0,-1,0,0,0,0,0,2550,25,0,0,0,18372,119,347,0,3,524608,0,268435456,0,0,0,-1,-1
41288,Benötigte Vorräte: Aethril,,22238,143777,0,-1,0,0,0,0,0,0,0,0,0,0,18373,109,347,0,3,524608,0,268435456,0,0,0,-1,-1
41289,Blühendes Aethril,,22239,47901,0,-1,0,0,0,0,0,2550,25,0,0,0,18374,119,347,0,3,34144576,0,268435456,0,0,0,-1,-1
41290,Aquäusaethril,,22240,47901,0,-1,0,0,0,0,0,2550,25,0,0,0,18375,119,347,0,3,34144576,0,268435456,0,0,0,-1,-1
41291,Traumlaubbüschel,,22241,47895,0,-1,0,0,0,0,0,2550,25,0,0,0,18376,119,347,0,3,34144576,0,268435456,0,0,0,-1,-1
41292,Arbeitsauftrag: Traumlaub,,22242,47895,0,-1,0,0,0,0,0,2550,25,0,0,0,18377,119,347,0,3,524608,0,268435456,0,0,0,-1,-1
41293,Benötigte Vorräte: Traumlaub,,22243,143219,0,-1,0,0,0,0,0,0,0,0,0,0,18378,109,347,0,3,524608,0,268435456,0,0,0,-1,-1
41294,Blühendes Traumlaub,,22244,47895,0,-1,0,0,0,0,0,2550,25,0,0,0,18379,119,347,0,3,34144576,0,268435456,0,0,0,-1,-1
41295,Traumlaubbedecktes Urtum,,22245,47895,0,-1,0,0,0,0,0,2550,25,0,0,0,18380,119,347,0,3,34144576,0,268435456,0,0,0,-1,-1
41296,Fjarnskagglbüschel,,22246,47897,0,-1,0,0,0,0,0,2550,25,0,0,0,18381,119,347,0,3,34144576,0,268435456,0,0,0,-1,-1
41297,Arbeitsauftrag: Fjarnskaggl,,22247,47897,0,-1,0,0,0,0,0,2550,25,0,0,0,18382,119,347,0,3,524608,0,268435456,0,0,0,-1,-1
41298,Benötigte Vorräte: Fjarnskaggl,,22248,143218,0,-1,0,0,0,0,0,0,0,0,0,0,18383,109,347,0,3,524608,0,268435456,0,0,0,-1,-1
41299,Blühender Fjarnskaggl,,22249,47897,0,-1,0,0,0,0,0,2550,25,0,0,0,18384,119,347,0,3,34144576,0,268435456,0,0,0,-1,-1
41300,Angesengter Fjarnskaggl,,22250,47897,0,-1,0,0,0,0,0,2550,25,0,0,0,18385,119,347,0,3,34144576,0,268435456,0,0,0,-1,-1
41301,Sternlichtrosenbüschel,,22251,38948,0,-1,0,0,0,0,0,2550,25,0,0,0,18386,119,335,0,3,34144576,0,268435456,0,0,0,-1,-1
41302,Arbeitsauftrag: Sternlichtrosen,,22252,45166,0,-1,0,0,0,0,0,2550,25,0,0,0,18387,119,335,0,3,524608,0,268435456,0,0,0,-1,-1
41303,Benötigte Vorräte: Sternlichtrosen,,22253,45166,0,-1,0,0,0,0,0,0,0,0,0,0,18388,109,335,0,3,524608,0,268435456,0,0,0,-1,-1
41304,Blühende Sternlichtrosen,,22254,38948,0,-1,0,0,0,0,0,2550,25,0,0,0,18389,119,335,0,3,34144576,0,268435456,0,0,0,-1,-1
41305,Nachtgeborener Kräuterhändler,,22255,38948,0,-1,0,0,0,0,0,2550,25,0,0,0,18390,119,335,0,3,34144576,0,268435456,0,0,0,-1,-1
41308,Grenzverstärkungen,,22262,38948,0,-1,0,0,0,0,0,0,0,0,0,0,18392,109,347,0,3,37290240,0,268435456,0,0,0,-1,-1
41311,Arbeitsauftrag: Leystein,,22267,47901,0,-1,0,0,0,0,0,2566,25,0,0,0,18391,120,347,0,3,524608,0,268435456,0,0,0,-1,-1
41312,Arbeitsauftrag: Leystein,,22268,47895,0,-1,0,0,0,0,0,2566,25,0,0,0,18393,120,347,0,3,524608,0,268435456,0,0,0,-1,-1
41313,Arbeitsauftrag: Leystein,,22269,47897,0,-1,0,0,0,0,0,2566,25,0,0,0,18394,120,347,0,3,524608,0,268435456,0,0,0,-1,-1
41314,Arbeitsauftrag: Teufelsschiefer,,22270,45166,0,-1,0,0,0,0,0,2566,25,0,0,0,18395,120,335,0,3,524608,0,268435456,0,0,0,-1,-1
41315,Benötigte Vorräte: Leystein,,22271,143777,0,-1,0,0,0,0,0,0,0,0,0,0,18396,109,347,0,3,524608,0,268435456,0,0,0,-1,-1
41316,Benötigte Vorräte: Leystein,,22272,143219,0,-1,0,0,0,0,0,0,0,0,0,0,18397,109,347,0,3,524608,0,268435456,0,0,0,-1,-1
41317,Benötigte Vorräte: Leystein,,22273,143218,0,-1,0,0,0,0,0,0,0,0,0,0,18398,109,347,0,3,524608,0,268435456,0,0,0,-1,-1
41318,Benötigte Vorräte: Teufelsschiefer,,22274,45166,0,-1,0,0,0,0,0,0,0,0,0,0,18399,109,335,0,3,524608,0,268435456,0,0,0,-1,-1
41322,Unversehrte Hippogryphenschuppe,,22278,47901,0,-1,0,0,0,0,0,2558,25,0,0,0,18401,124,347,0,3,34144576,0,268435456,0,0,0,-1,-1
41323,Fettige Löwenrobbenhaut,,22279,47901,0,-1,0,0,0,0,0,2558,25,0,0,0,18402,124,347,0,3,34144576,0,268435456,0,0,0,-1,-1
41324,Seidenes Streunerfell,,22280,47901,0,-1,0,0,0,0,0,2558,25,0,0,0,18403,124,347,0,3,34144576,0,268435456,0,0,0,-1,-1
41326,Arbeitsauftrag: Sturmschuppen,,22284,47901,0,-1,0,0,0,0,0,2558,25,0,0,0,18405,124,347,0,3,524608,0,268435456,0,0,0,-1,-1
41327,Benötigte Vorräte: Sturmschuppen,,22285,143777,0,-1,0,0,0,0,0,0,0,0,0,0,18406,109,347,0,3,524608,0,268435456,0,0,0,-1,-1
41333,Unverwüstlicher Wolfsbalg,,22293,47895,0,-1,0,0,0,0,0,2558,25,0,0,0,18407,124,347,0,3,34144576,0,268435456,0,0,0,-1,-1
41334,Moschusduftender Bärenbalg,,22291,47895,0,-1,0,0,0,0,0,2558,25,0,0,0,18408,124,347,0,3,34144576,0,268435456,0,0,0,-1,-1
41336,Grober Moschushirschbalg,,22292,47897,0,-1,0,0,0,0,0,2558,25,0,0,0,18409,124,347,0,3,34144576,0,268435456,0,0,0,-1,-1
41337,Makelloser Hirschbalg,,22294,47895,0,-1,0,0,0,0,0,2558,25,0,0,0,18410,124,347,0,3,34144576,0,268435456,0,0,0,-1,-1
41338,Arbeitsauftrag: Steinbalgleder,,22295,47895,0,-1,0,0,0,0,0,2558,25,0,0,0,18411,124,347,0,3,524608,0,268435456,0,0,0,-1,-1
41339,Benötigte Vorräte: Steinbalgleder,,22296,143219,0,-1,0,0,0,0,0,0,0,0,0,0,18412,109,347,0,3,524608,0,268435456,0,0,0,-1,-1
41340,Perfekte Sturmdrachenschuppe,,22297,47897,0,-1,0,0,0,0,0,2558,25,0,0,0,18413,124,347,0,3,34144576,0,268435456,0,0,0,-1,-1
41342,Dicker Bärenbalg,,22299,47897,0,-1,0,0,0,0,0,2558,25,0,0,0,18415,124,347,0,3,34144576,0,268435456,0,0,0,-1,-1
41343,Festes Krabbenpanzerstück,,22300,47897,0,-1,0,0,0,0,0,2558,25,0,0,0,18416,124,347,0,3,34144576,0,268435456,0,0,0,-1,-1
41344,Arbeitsauftrag: Sturmschuppen,,22301,47897,0,-1,0,0,0,0,0,2558,25,0,0,0,18417,124,347,0,3,524608,0,268435456,0,0,0,-1,-1
41345,Benötigte Vorräte: Sturmschuppen,,22302,143218,0,-1,0,0,0,0,0,0,0,0,0,0,18418,109,347,0,3,524608,0,268435456,0,0,0,-1,-1
41346,Samtiger Pirscherbalg,,22303,38948,0,-1,0,0,0,0,0,2558,25,0,0,0,18419,124,335,0,3,34144576,0,268435456,0,0,0,-1,-1
41347,Extra-ranziger Teufelshundbalg,,22304,38948,0,-1,0,0,0,0,0,2558,25,0,0,0,18420,124,335,0,3,34144576,0,268435456,0,0,0,-1,-1
41349,Steinhartes Krebschitin,,22306,38948,0,-1,0,0,0,0,0,2558,25,0,0,0,18422,124,335,0,3,34144576,0,268435456,0,0,0,-1,-1
41350,Arbeitsauftrag: Steinbalgleder,,22307,45166,0,-1,0,0,0,0,0,2558,25,0,0,0,18423,124,335,0,3,524608,0,268435456,0,0,0,-1,-1
41351,Benötigte Vorräte: Steinbalgleder,,22308,45166,0,-1,0,0,0,0,0,0,0,0,0,0,18424,109,335,0,3,524608,0,268435456,0,0,0,-1,-1
41352,Teufelsschieferbasilisken,,22309,38948,0,-1,0,0,0,0,0,2566,25,0,0,0,18425,120,335,0,3,34144576,0,268435456,0,0,0,-1,-1
41353,Abscheuliche Teufelsschieferablagerung,,22310,38948,0,-1,0,0,0,0,0,2566,25,0,0,0,18427,120,335,0,3,34144576,0,268435456,0,0,0,-1,-1
41354,Zerschmetterte Teufelsschieferflöze,,22311,38948,0,-1,0,0,0,0,0,2566,25,0,0,0,18428,120,335,0,3,34144576,0,268435456,0,0,0,-1,-1
41357,Urzeitliche Teufelsschiefervorkommen,,22312,38948,0,-1,0,0,0,0,0,2566,25,0,0,0,18429,120,335,0,3,34144576,0,268435456,0,0,0,-1,-1
41414,Todesschwinges Waffen,,26234,47899,0,-1,0,0,0,0,0,0,0,0,0,0,18426,109,347,0,3,37290240,0,268435456,0,0,0,-1,-1
41416,Rückeroberung des Himmelshorns,,22384,47899,0,-1,0,0,0,0,0,0,0,0,0,0,18631,109,347,0,3,37290240,0,268435456,0,0,0,-1,-1
41417,Jeremy's Test Criteria-Based Progress Bar,,22382,0,0,-1,0,0,0,0,0,0,0,0,0,0,18632,0,333,0,3,589824,131072,268435456,0,0,0,-1,-1
41420,Angriff auf den Turm der Wächterinnen: Der Hort des Nachtwächters,,22392,143217,0,-1,0,0,0,0,0,0,0,0,0,0,18430,113,347,0,3,37290240,0,268435456,0,0,0,1309324210,-1440044374
41421,Angriff auf den Turm der Wächterinnen: Der Hort des Nachtwächters,,24887,143217,0,-1,0,0,0,0,0,0,0,0,0,0,18272,113,347,0,3,37290240,0,268435456,0,0,0,-1321907123,1427461461
41427,Abge-Vrekt,,22411,47897,0,-1,0,0,0,0,0,0,0,0,0,0,18656,109,347,0,3,37290240,0,268435456,0,0,0,-1,-1
41428,Instabiles Portal,,22401,47899,0,-1,0,0,0,0,0,0,0,0,0,0,18686,109,347,0,3,41484544,0,268435456,0,0,0,-1,-1
41432,Feurige Leysteinvorkommen,,22413,47899,0,-1,0,0,0,0,0,2566,25,0,0,0,18658,120,347,0,3,34144576,0,268435456,0,0,0,-1,-1
41433,Große Leysteinvorkommen,,22414,47899,0,-1,0,0,0,0,0,2566,25,0,0,0,18659,120,347,0,3,34144576,0,268435456,0,0,0,-1,-1
41434,Leuchtende Leysteinvorkommen,,22415,47901,0,-1,0,0,0,0,0,2566,25,0,0,0,18660,120,347,0,3,34144576,0,268435456,0,0,0,-1,-1
41435,Glatte Leysteinvorkommen,,22416,47901,0,-1,0,0,0,0,0,2566,25,0,0,0,18661,120,347,0,3,34144576,0,268435456,0,0,0,-1,-1
41437,Feine Leysteinvorkommen,,22417,47901,0,-1,0,0,0,0,0,2566,25,0,0,0,18662,120,347,0,3,34144576,0,268435456,0,0,0,-1,-1
41438,Geladene Leysteinvorkommen,,22418,47901,0,-1,0,0,0,0,0,2566,25,0,0,0,18663,120,347,0,3,34144576,0,268435456,0,0,0,-1,-1
41439,Exquisite Leysteinvorkommen,,22419,47895,0,-1,0,0,0,0,0,2566,25,0,0,0,18664,120,347,0,3,34144576,0,268435456,0,0,0,-1,-1
41440,Prächtige Leysteinvorkommen,,22420,47895,0,-1,0,0,0,0,0,2566,25,0,0,0,18665,120,347,0,3,34144576,0,268435456,0,0,0,-1,-1
41441,Überlegene Leysteinvorkommen,,22422,47895,0,-1,0,0,0,0,0,2566,25,0,0,0,18666,120,347,0,3,34144576,0,268435456,0,0,0,-1,-1
41442,Stechende Leysteinvorkommen,,22423,47897,0,-1,0,0,0,0,0,2566,25,0,0,0,18667,120,347,0,3,34144576,0,268435456,0,0,0,-1,-1
41443,Uralte Leysteinvorkommen,,22424,47897,0,-1,0,0,0,0,0,2566,25,0,0,0,18668,120,347,0,3,34144576,0,268435456,0,0,0,-1,-1
41444,Dunkle Leysteinvorkommen,,22425,47897,0,-1,0,0,0,0,0,2566,25,0,0,0,18669,120,347,0,3,34144576,0,268435456,0,0,0,-1,-1
41445,Stürmische Leysteinvorkommen,,22426,47897,0,-1,0,0,0,0,0,2566,25,0,0,0,18670,120,347,0,3,34144576,0,268435456,0,0,0,-1,-1
41446,Verdunkelte Teufelsschiefervorkommen,,22427,38948,0,-1,0,0,0,0,0,2566,25,0,0,0,18671,120,335,0,3,34144576,0,268435456,0,0,0,-1,-1
41447,Brennende Teufelsschiefervorkommen,,22428,38948,0,-1,0,0,0,0,0,2566,25,0,0,0,18672,120,335,0,3,34144576,0,268435456,0,0,0,-1,-1
41448,Schwere Teufelsschiefervorkommen,,22429,38948,0,-1,0,0,0,0,0,2566,25,0,0,0,18673,120,335,0,3,34144576,0,268435456,0,0,0,-1,-1
41451,Angriff auf Hrydshal,,22446,47897,0,-1,0,0,0,0,0,0,0,0,0,0,18674,109,347,0,3,41484544,0,268435456,0,0,0,-1,-1
41454,Glänzende Leysteinablagerung,,22670,47901,0,-1,0,0,0,0,0,2566,25,0,0,0,18678,120,347,0,3,34144576,0,268435456,0,0,0,-1,-1
41455,Schimmernde Leysteinablagerung,,22440,47901,0,-1,0,0,0,0,0,2566,25,0,0,0,18679,120,347,0,3,34144576,0,268435456,0,0,0,-1,-1
41457,Strahlende Leysteinablagerung,,22442,47895,0,-1,0,0,0,0,0,2566,25,0,0,0,18680,120,347,0,3,34144576,0,268435456,0,0,0,-1,-1
41458,Gehärtete Leysteinablagerung,,22443,47895,0,-1,0,0,0,0,0,2566,25,0,0,0,18681,120,347,0,3,34144576,0,268435456,0,0,0,-1,-1
41459,Dichte Leysteinablagerung,,22444,47897,0,-1,0,0,0,0,0,2566,25,0,0,0,18682,120,347,0,3,34144576,0,268435456,0,0,0,-1,-1
41460,Ursprüngliche Leysteinablagerung,,22445,47897,0,-1,0,0,0,0,0,2566,25,0,0,0,18683,120,347,0,3,38338880,0,268435456,0,0,0,-1,-1
41461,Bösartige Teufelsschieferablagerung,,22447,38948,0,-1,0,0,0,0,0,2566,25,0,0,0,18684,120,335,0,3,34144576,0,268435456,0,0,0,-1,-1
41464,"Nicht hier, nicht jetzt, niemals",,22450,0,0,-1,0,0,0,0,0,0,0,0,0,0,0,0,335,0,2,37879816,0,268435968,41463,0,0,-1,-1
41467,Keine andere Wahl,,22453,0,0,-1,0,0,0,0,0,0,0,0,0,135534,0,0,335,0,2,33685512,0,268435968,41464,0,0,-1,-1
41481,Schwefelzerstörer,,22464,47901,0,-1,0,0,0,0,0,2566,25,0,0,0,18688,120,347,0,3,34144576,0,268435456,0,0,0,-1,-1
41482,Schwefelzerstörer,,22465,47901,0,-1,0,0,0,0,0,2566,25,0,0,0,18689,120,347,0,3,34144576,0,268435456,0,0,0,-1,-1
41483,Schwefelzerstörer,,22466,47901,0,-1,0,0,0,0,0,2566,25,0,0,0,18690,120,347,0,3,34144576,0,268435456,0,0,0,-1,-1
41484,Schwefelzerstörer,,22468,47895,0,-1,0,0,0,0,0,2566,25,0,0,0,18691,120,347,0,3,34144576,0,268435456,0,0,0,-1,-1
41486,Schwefelzerstörer,,22469,47895,0,-1,0,0,0,0,0,2566,25,0,0,0,18692,120,347,0,3,34144576,0,268435456,0,0,0,-1,-1
41487,Schwefelzerstörer,,22470,47895,0,-1,0,0,0,0,0,2566,25,0,0,0,18693,120,347,0,3,34144576,0,268435456,0,0,0,-1,-1
41488,Schwefelzerstörer,,22471,47897,0,-1,0,0,0,0,0,2566,25,0,0,0,18694,120,347,0,3,34144576,0,268435456,0,0,0,-1,-1
41489,Schwefelzerstörer,,22472,47897,0,-1,0,0,0,0,0,2566,25,0,0,0,18695,120,347,0,3,34144576,0,268435456,0,0,0,-1,-1
41490,Schwefelzerstörer,,22473,47897,0,-1,0,0,0,0,0,2566,25,0,0,0,18696,120,347,0,3,34144576,0,268435456,0,0,0,-1,-1
41491,Schwefelzerstörer,,22474,38948,0,-1,0,0,0,0,0,2566,25,0,0,0,18697,120,335,0,3,34144576,0,268435456,0,0,0,-1,-1
41492,Schwefelzerstörer,,22475,38948,0,-1,0,0,0,0,0,2566,25,0,0,0,18698,120,335,0,3,34144576,0,268435456,0,0,0,-1,-1
41493,Schwefelzerstörer,,22476,38948,0,-1,0,0,0,0,0,2566,25,0,0,0,18699,120,335,0,3,34144576,0,268435456,0,0,0,-1,-1
41495,Brillante Leysteinflöze,,22671,47901,0,-1,0,0,0,0,0,2566,25,0,0,0,18700,120,347,0,3,34144576,0,268435456,0,0,0,-1,-1
41496,Rohe Leysteinflöze,,22479,47895,0,-1,0,0,0,0,0,2566,25,0,0,0,18701,120,347,0,3,34144576,0,268435456,0,0,0,-1,-1
41497,Wilde Leysteinflöze,,22478,47897,0,-1,0,0,0,0,0,2566,25,0,0,0,18702,120,347,0,3,34144576,0,268435456,0,0,0,-1,-1
41498,Leysteinbasilisken,,22480,47901,0,-1,0,0,0,0,0,2566,25,0,0,0,18703,120,347,0,3,34144576,0,268435456,0,0,0,-1,-1
41500,Leywürmer,,22483,47901,0,-1,0,0,0,0,0,2566,25,0,0,0,18704,120,347,0,3,34144576,0,268435456,0,0,0,-1,-1
41501,Leysteinbasilisken,,22484,47901,0,-1,0,0,0,0,0,2566,25,0,0,0,18705,120,347,0,3,34144576,0,268435456,0,0,0,-1,-1
41502,Leysteinbasilisken,,22485,47895,0,-1,0,0,0,0,0,2566,25,0,0,0,18706,120,347,0,3,34144576,0,268435456,0,0,0,-1,-1
41503,Leysteinbasilisken,,22486,47895,0,-1,0,0,0,0,0,2566,25,0,0,0,18707,120,347,0,3,34144576,0,268435456,0,0,0,-1,-1
41504,Leysteinbasilisken,,22487,47895,0,-1,0,0,0,0,0,2566,25,0,0,0,18708,120,347,0,3,34144576,0,268435456,0,0,0,-1,-1
41505,Leysteinbasilisken,,22488,47897,0,-1,0,0,0,0,0,2566,25,0,0,0,18709,120,347,0,3,34144576,0,268435456,0,0,0,-1,-1
41506,Leysteinbasilisken,,22489,47897,0,-1,0,0,0,0,0,2566,25,0,0,0,18710,120,347,0,3,34144576,0,268435456,0,0,0,-1,-1
41507,Leysteinbasilisken,,22490,47897,0,-1,0,0,0,0,0,2566,25,0,0,0,18711,120,347,0,3,34144576,0,268435456,0,0,0,-1,-1
41508,Teufelsschieferbasilisken,,22491,38948,0,-1,0,0,0,0,0,2566,25,0,0,0,18712,120,335,0,3,34144576,0,268435456,0,0,0,-1,-1
41509,Teufelsschieferbasilisken,,22492,38948,0,-1,0,0,0,0,0,2566,25,0,0,0,18713,120,335,0,3,34144576,0,268435456,0,0,0,-1,-1
41511,Teufelswurz,,22494,47899,0,-1,0,0,0,0,0,2550,25,0,0,0,18715,119,347,0,3,34144576,0,268435456,0,0,0,-1,-1
41512,Teufelswurz,,22495,47899,0,-1,0,0,0,0,0,2550,25,0,0,0,18716,119,347,0,3,34144576,0,268435456,0,0,0,-1,-1
41513,Teufelswurz,,22496,47901,0,-1,0,0,0,0,0,2550,25,0,0,0,18717,119,347,0,3,34144576,0,268435456,0,0,0,-1,-1
41514,Teufelswurz,,22497,47901,0,-1,0,0,0,0,0,2550,25,0,0,0,18718,119,347,0,3,34144576,0,268435456,0,0,0,-1,-1
41515,Teufelswurz,,22498,47901,0,-1,0,0,0,0,0,2550,25,0,0,0,18719,119,347,0,3,34144576,0,268435456,0,0,0,-1,-1
41516,Teufelswurz,,22499,47895,0,-1,0,0,0,0,0,2550,25,0,0,0,18720,119,347,0,3,34144576,0,268435456,0,0,0,-1,-1
41517,Teufelswurz,,22500,47895,0,-1,0,0,0,0,0,2550,25,0,0,0,18721,119,347,0,3,34144576,0,268435456,0,0,0,-1,-1
41518,Teufelswurz,,22501,47895,0,-1,0,0,0,0,0,2550,25,0,0,0,18722,119,347,0,3,34144576,0,268435456,0,0,0,-1,-1
41519,Teufelswurz,,22502,47897,0,-1,0,0,0,0,0,2550,25,0,0,0,18723,119,347,0,3,34144576,0,268435456,0,0,0,-1,-1
41520,Teufelswurz,,22503,47897,0,-1,0,0,0,0,0,2550,25,0,0,0,18724,119,347,0,3,34144576,0,268435456,0,0,0,-1,-1
41521,Teufelswurz,,22504,47897,0,-1,0,0,0,0,0,2550,25,0,0,0,18725,119,347,0,3,34144576,0,268435456,0,0,0,-1,-1
41522,Teufelswurz,,22505,38948,0,-1,0,0,0,0,0,2550,25,0,0,0,18726,119,335,0,3,34144576,0,268435456,0,0,0,-1,-1
41523,Teufelswurz,,22506,38948,0,-1,0,0,0,0,0,2550,25,0,0,0,18727,119,335,0,3,34144576,0,268435456,0,0,0,-1,-1
41524,Teufelswurz,,22507,38948,0,-1,0,0,0,0,0,2550,25,0,0,0,18728,119,335,0,3,34144576,0,268435456,0,0,0,-1,-1
41525,Zarte Fuchsblume,,22508,47899,0,-1,0,0,0,0,0,2550,25,0,0,0,18729,119,347,0,3,34144576,0,268435456,0,0,0,-1,-1
41526,Buschige Fuchsblume,,22509,47899,0,-1,0,0,0,0,0,2550,25,0,0,0,18730,119,347,0,3,34144576,0,268435456,0,0,0,-1,-1
41527,Lebhaftes Aethril,,22510,47901,0,-1,0,0,0,0,0,2550,25,0,0,0,18732,119,347,0,3,34144576,0,268435456,0,0,0,-1,-1
41528,Schillerndes Aethril,,22511,47901,0,-1,0,0,0,0,0,2550,25,0,0,0,18733,119,347,0,3,34144576,0,268435456,0,0,0,-1,-1
41529,Buschiges Aethril,,22512,47901,0,-1,0,0,0,0,0,2550,25,0,0,0,18735,119,347,0,3,34144576,0,268435456,0,0,0,-1,-1
41530,Lebhaftes Traumlaub,,22513,47895,0,-1,0,0,0,0,0,2550,25,0,0,0,18736,119,347,0,3,34144576,0,268435456,0,0,0,-1,-1
41531,Schillerndes Traumlaub,,22514,47895,0,-1,0,0,0,0,0,2550,25,0,0,0,18737,119,347,0,3,34144576,0,268435456,0,0,0,-1,-1
41532,Buschiges Traumlaub,,22515,47895,0,-1,0,0,0,0,0,2550,25,0,0,0,18738,119,347,0,3,34144576,0,268435456,0,0,0,-1,-1
41533,Duftendes Traumlaub,,22516,47895,0,-1,0,0,0,0,0,2550,25,0,0,0,18739,119,347,0,3,34144576,0,268435456,0,0,0,-1,-1
41534,Dorniger Fjarnskaggl,,22517,47897,0,-1,0,0,0,0,0,2550,25,0,0,0,18740,119,347,0,3,34144576,0,268435456,0,0,0,-1,-1
41535,Stacheliger Fjarnskaggl,,22518,47897,0,-1,0,0,0,0,0,2550,25,0,0,0,18741,119,347,0,3,34144576,0,268435456,0,0,0,-1,-1
41536,Stark riechender Fjarnskaggl,,22519,47897,0,-1,0,0,0,0,0,2550,25,0,0,0,18742,119,347,0,3,34144576,0,268435456,0,0,0,-1,-1
41537,Lebhafte Sternlichtrosen,,22672,38948,0,-1,0,0,0,0,0,2550,25,0,0,0,18743,119,335,0,3,34144576,0,268435456,0,0,0,-1,-1
41538,Schillernde Sternlichtrosen,,22521,38948,0,-1,0,0,0,0,0,2550,25,0,0,0,18744,119,335,0,3,34144576,0,268435456,0,0,0,-1,-1
41539,Funkelnde Sternlichtrosen,,22520,38948,0,-1,0,0,0,0,0,2550,25,0,0,0,18745,119,335,0,3,34144576,0,268435456,0,0,0,-1,-1
41544,Fuchsblumenbüschel,,22526,47899,0,-1,0,0,0,0,0,2550,25,0,0,0,18746,119,347,0,3,34144576,0,268435456,0,0,0,-1,-1
41545,Aethrilbüschel,,22527,47901,0,-1,0,0,0,0,0,2550,25,0,0,0,18747,119,347,0,3,34144576,0,268435456,0,0,0,-1,-1
41546,Traumlaubbüschel,,22530,47895,0,-1,0,0,0,0,0,2550,25,0,0,0,18748,119,347,0,3,34144576,0,268435456,0,0,0,-1,-1
41547,Fjarnskagglbüschel,,22528,47897,0,-1,0,0,0,0,0,2550,25,0,0,0,18749,119,347,0,3,34144576,0,268435456,0,0,0,-1,-1
41548,Sternlichtrosenbüschel,,22529,38948,0,-1,0,0,0,0,0,2550,25,0,0,0,18750,119,335,0,3,34144576,0,268435456,0,0,0,-1,-1
41549,Speckstreifen,,22531,47899,0,-1,0,0,0,0,0,2542,25,0,0,0,18759,131,347,0,3,34144576,0,268435456,0,0,0,-1,-1
41550,Speckstreifen,,22532,47899,0,-1,0,0,0,0,0,2542,25,0,0,0,18760,131,347,0,3,34144576,0,268435456,0,0,0,-1,-1
41551,Speckstreifen,,22533,47901,0,-1,0,0,0,0,0,2542,25,0,0,0,18761,131,347,0,3,34144576,0,268435456,0,0,0,-1,-1
41552,Speckstreifen,,22534,47901,0,-1,0,0,0,0,0,2542,25,0,0,0,18762,131,347,0,3,34144576,0,268435456,0,0,0,-1,-1
41553,Speckstreifen,,22535,47895,0,-1,0,0,0,0,0,2542,25,0,0,0,18763,131,347,0,3,34144576,0,268435456,0,0,0,-1,-1
41554,Speckstreifen,,22536,47895,0,-1,0,0,0,0,0,2542,25,0,0,0,18764,131,347,0,3,34144576,0,268435456,0,0,0,-1,-1
41555,Speckstreifen,,22537,47897,0,-1,0,0,0,0,0,2542,25,0,0,0,18765,131,347,0,3,34144576,0,268435456,0,0,0,-1,-1
41556,Speckstreifen,,22538,47897,0,-1,0,0,0,0,0,2542,25,0,0,0,18766,131,347,0,3,34144576,0,268435456,0,0,0,-1,-1
41557,Speckstreifen,,22539,38948,0,-1,0,0,0,0,0,2542,25,0,0,0,18767,131,335,0,3,34144576,0,268435456,0,0,0,-1,-1
41558,Speckstreifen,,22540,38948,0,-1,0,0,0,0,0,2542,25,0,0,0,18768,131,335,0,3,34144576,0,268435456,0,0,0,-1,-1
41560,Teufelsbalg,,22543,47899,0,-1,0,0,0,0,0,2558,25,0,0,0,18770,124,347,0,3,34144576,0,268435456,0,0,0,-1,-1
41561,Teufelsbalg,,22544,47899,0,-1,0,0,0,0,0,2558,25,0,0,0,18771,124,347,0,3,34144576,0,268435456,0,0,0,-1,-1
41562,Teufelsbalg,,22545,47901,0,-1,0,0,0,0,0,2558,25,0,0,0,18772,124,347,0,3,34144576,0,268435456,0,0,0,-1,-1
41563,Teufelsbalg,,22546,47901,0,-1,0,0,0,0,0,2558,25,0,0,0,18773,124,347,0,3,34144576,0,268435456,0,0,0,-1,-1
41564,Teufelsbalg,,22547,47901,0,-1,0,0,0,0,0,2558,25,0,0,0,18774,124,347,0,3,34144576,0,268435456,0,0,0,-1,-1
41565,Teufelsbalg,,22548,47895,0,-1,0,0,0,0,0,2558,25,0,0,0,18775,124,347,0,3,34144576,0,268435456,0,0,0,-1,-1
41566,Teufelsbalg,,22549,47895,0,-1,0,0,0,0,0,2558,25,0,0,0,18776,124,347,0,3,34144576,0,268435456,0,0,0,-1,-1
41567,Teufelsbalg,,22550,47895,0,-1,0,0,0,0,0,2558,25,0,0,0,18777,124,347,0,3,34144576,0,268435456,0,0,0,-1,-1
41568,Teufelsbalg,,22551,47897,0,-1,0,0,0,0,0,2558,25,0,0,0,18778,124,347,0,3,34144576,0,268435456,0,0,0,-1,-1
41569,Teufelsbalg,,22552,47897,0,-1,0,0,0,0,0,2558,25,0,0,0,18779,124,347,0,3,34144576,0,268435456,0,0,0,-1,-1
41570,Teufelsbalg,,22553,47897,0,-1,0,0,0,0,0,2558,25,0,0,0,18780,124,347,0,3,34144576,0,268435456,0,0,0,-1,-1
41571,Teufelsbalg,,22554,38948,0,-1,0,0,0,0,0,2558,25,0,0,0,18781,124,335,0,3,34144576,0,268435456,0,0,0,-1,-1
41572,Teufelsbalg,,22555,38948,0,-1,0,0,0,0,0,2558,25,0,0,0,18782,124,335,0,3,34144576,0,268435456,0,0,0,-1,-1
41573,Teufelsbalg,,22556,38948,0,-1,0,0,0,0,0,2558,25,0,0,0,18783,124,335,0,3,34144576,0,268435456,0,0,0,-1,-1
41582,Weiches Sonnenrennerleder,,22566,47901,0,-1,0,0,0,0,0,2558,25,0,0,0,19478,124,347,0,3,34144576,0,268435456,0,0,0,-1,-1
41596,Lebhafter Hochberglachs,,22580,47899,0,-1,0,0,0,0,0,356,75,0,0,0,18804,130,347,0,3,34144576,0,268435456,0,0,0,-1,-1
41597,Lebhafter Hochberglachs,,22581,47899,0,-1,0,0,0,0,0,356,75,0,0,0,18805,130,347,0,3,34144576,0,268435456,0,0,0,-1,-1
41598,Lebhafter verfluchter Königinnenfisch,,22583,47901,0,-1,0,0,0,0,0,356,75,0,0,0,18806,130,347,0,3,34144576,0,268435456,0,0,0,-1,-1
41599,Lebhafter verfluchter Königinnenfisch,,22582,47901,0,-1,0,0,0,0,0,356,75,0,0,0,18807,130,347,0,3,34144576,0,268435456,0,0,0,-1,-1
41600,Lebhafter Mooskiemenbarsch,,22584,47895,0,-1,0,0,0,0,0,356,75,0,0,0,18808,130,347,0,3,34144576,0,268435456,0,0,0,-1,-1
41601,Lebhafter Mooskiemenbarsch,,22585,47895,0,-1,0,0,0,0,0,356,75,0,0,0,18809,130,347,0,3,34144576,0,268435456,0,0,0,-1,-1
41602,Lebhafte Sturmrochen,,22586,47897,0,-1,0,0,0,0,0,356,75,0,0,0,18810,130,347,0,3,34144576,0,268435456,0,0,0,-1,-1
41603,Lebhafte Sturmrochen,,22587,47897,0,-1,0,0,0,0,0,356,75,0,0,0,18811,130,347,0,3,34144576,0,268435456,0,0,0,-1,-1
41604,Lebhafter Runenschuppenkoi,,22588,38948,0,-1,0,0,0,0,0,356,75,0,0,0,18812,130,347,0,3,34144576,0,268435456,0,0,0,-1,-1
41605,Lebhafter Runenschuppenkoi,,22589,38948,0,-1,0,0,0,0,0,356,75,0,0,0,18813,130,335,0,3,34144576,0,268435456,0,0,0,-1,-1
41609,Gewaltiger Hochberglachs,,22598,47899,0,-1,0,0,0,0,0,356,75,0,0,0,18816,130,347,0,3,34144576,0,268435456,0,0,0,-1,-1
41610,Gewaltiger verfluchter Königinnenfisch,,22599,47901,0,-1,0,0,0,0,0,356,75,0,0,0,18817,130,347,0,3,34144576,0,268435456,0,0,0,-1,-1
41611,Gewaltiger verfluchter Königinnenfisch,,22600,47901,0,-1,0,0,0,0,0,356,75,0,0,0,18818,130,347,0,3,34144576,0,268435456,0,0,0,-1,-1
41612,Gewaltiger Mooskiemenbarsch,,22601,47895,0,-1,0,0,0,0,0,356,75,0,0,0,18819,130,347,0,3,34144576,0,268435456,0,0,0,-1,-1
41613,Gewaltiger Mooskiemenbarsch,,22602,47895,0,-1,0,0,0,0,0,356,75,0,0,0,18820,130,347,0,3,34144576,0,268435456,0,0,0,-1,-1
41614,Gewaltiger Sturmrochen,,22603,47897,0,-1,0,0,0,0,0,356,75,0,0,0,18821,130,347,0,3,34144576,0,268435456,0,0,0,-1,-1
41615,Gewaltiger Sturmrochen,,22604,47897,0,-1,0,0,0,0,0,356,75,0,0,0,18822,130,347,0,3,101253440,0,268435456,0,0,0,-1,-1
41616,Gewaltiger Runenschuppenkoi,,22605,38948,0,-1,0,0,0,0,0,356,75,0,0,0,18823,130,335,0,3,34144576,64,268435456,0,0,0,-1,-1
41617,Gewaltiger Runenschuppenkoi,,22606,38948,0,-1,0,0,0,0,0,356,75,0,0,0,18824,130,335,0,3,34144576,0,268435456,0,0,0,-1,-1
41622,Das Erbe der Scharrfurien,,22611,47899,0,-1,0,0,0,0,0,0,0,0,0,0,18843,109,347,0,3,37290240,0,268435456,41694,0,0,-1,-1
41623,Champions vom Hochberg,,22613,39948,0,-1,0,0,0,0,0,0,0,0,0,0,18845,109,347,0,3,38338816,0,268435456,39992,0,0,-1,-1
41624,Rocko muss rasiert werden,,22614,145947,0,-1,0,0,0,0,0,0,0,0,0,0,18846,115,347,0,3,3735808,0,268435456,0,0,0,-1,-1
41633,Arbeitsauftrag: Leysteinbeinschützer,,22623,47901,0,-1,0,0,0,0,0,2454,25,0,0,0,18848,116,347,0,3,524608,0,268435456,0,0,0,-1,-1
41634,Arbeitsauftrag: Leysteinarmschützer,,22624,47895,0,-1,0,0,0,0,0,2454,25,0,0,0,18849,116,347,0,3,524608,0,268435456,0,0,0,-1,-1
41635,Arbeitsauftrag: Leysteinstiefel,,22625,47899,0,-1,0,0,0,0,0,2454,25,0,0,0,18850,116,347,0,3,524608,0,268435456,0,0,0,-1,-1
41636,Arbeitsauftrag: Leysteinbrustplatte,,22626,47897,0,-1,0,0,0,0,0,2454,25,0,0,0,18851,116,347,0,3,524608,8192,268435456,0,0,0,-1,-1
41637,Arbeitsauftrag: Leysteinschulterstücke,,22627,45166,0,-1,0,0,0,0,0,2454,25,0,0,0,18852,116,335,0,3,524608,0,268435456,0,0,0,-1,-1
41638,Arbeitsauftrag: Leysteinstulpen,,22628,38948,0,-1,0,0,0,0,0,2454,25,0,0,0,18853,116,347,0,3,524608,0,268435456,0,0,0,-1,-1
41639,Arbeitsauftrag: Kampfschwurschiftung,,22629,47901,0,-1,0,0,0,0,0,2526,25,0,0,0,18854,117,347,0,3,524608,0,268435456,0,0,0,-1,-1
41640,Arbeitsauftrag: Kriegsbalgmaske,,22630,47895,0,-1,0,0,0,0,0,2526,25,0,0,0,18855,117,347,0,3,524608,0,268435456,0,0,0,-1,-1
41641,Arbeitsauftrag: Kampfschwurarmbinden,,22673,47899,0,-1,0,0,0,0,0,2526,25,0,0,0,18856,117,347,0,3,524608,0,268435456,0,0,0,-1,-1
41642,Arbeitsauftrag: Kriegsbalgfußpolster,,22632,47897,0,-1,0,0,0,0,0,2526,25,0,0,0,18857,117,347,0,3,524608,0,268435456,0,0,0,-1,-1
41643,Arbeitsauftrag: Kampfschwurgamaschen,,22631,45166,0,-1,0,0,0,0,0,2526,25,0,0,0,18858,117,335,0,3,524608,0,268435456,0,0,0,-1,-1
41644,Arbeitsauftrag: Kriegsbalghandschuhe,,22633,38948,0,-1,0,0,0,0,0,2526,25,0,0,0,18859,117,347,0,3,524608,0,268435456,0,0,0,-1,-1
41645,Arbeitsauftrag: Seidengewebte Schulterklappen,,22634,47901,0,-1,0,0,0,0,0,2534,25,0,0,0,18860,121,347,0,3,524608,0,268435456,0,0,0,-1,-1
41646,Arbeitsauftrag: Seidengewebte Handschuhe,,22635,47895,0,-1,0,0,0,0,0,2534,25,0,0,0,18861,121,347,0,3,524608,0,268435456,0,0,0,-1,-1
41647,Arbeitsauftrag: Seidengewebte Robe,,22636,47899,0,-1,0,0,0,0,0,2534,25,0,0,0,18862,121,347,0,3,524608,0,268435456,0,0,0,-1,-1
41648,Arbeitsauftrag: Seidengewebte Armschienen,,22637,47897,0,-1,0,0,0,0,0,2534,25,0,0,0,18863,121,347,0,3,524608,0,268435456,0,0,0,-1,-1
41649,Arbeitsauftrag: Seidengewebte Pantoffeln,,22638,45166,0,-1,0,0,0,0,0,2534,25,0,0,0,18864,121,335,0,3,524608,0,268435456,0,0,0,-1,-1
41650,Arbeitsauftrag: Seidengewebte Kapuze,,22639,38948,0,-1,0,0,0,0,0,2534,25,0,0,0,18865,121,347,0,3,524608,0,268435456,0,0,0,-1,-1
41651,Arbeitsauftrag: Azsunitanhänger,,22640,47901,0,-1,0,0,0,0,0,2518,25,0,0,0,18866,125,347,0,3,524608,0,268435456,0,0,0,-1,-1
41652,Arbeitsauftrag: Tiefenbernsteinring,,22641,47895,0,-1,0,0,0,0,0,2518,25,0,0,0,18867,125,347,0,3,524608,0,268435456,0,0,0,-1,-1
41653,Arbeitsauftrag: Himmelssteinanhänger,,22642,47899,0,-1,0,0,0,0,0,2518,25,0,0,0,18868,125,347,0,3,524608,0,268435456,0,0,0,-1,-1
41654,Arbeitsauftrag: Königinnenopalschleife,,22643,47897,0,-1,0,0,0,0,0,2518,25,0,0,0,18869,125,347,0,3,524608,0,268435456,0,0,0,-1,-1
41655,Arbeitsauftrag: Königinnenopalanhänger,,22644,45166,0,-1,0,0,0,0,0,2518,25,0,0,0,18870,125,335,0,3,524608,0,268435456,0,0,0,-1,-1
41656,Arbeitsauftrag: Azsunitring,,22645,38948,0,-1,0,0,0,0,0,2518,25,0,0,0,18871,125,347,0,3,524608,0,268435456,0,0,0,-1,-1
41657,Arbeitsauftrag: Destillate aus roher Magie,,22646,47901,0,-1,0,0,0,0,0,2479,25,0,0,0,18872,118,347,0,3,524608,0,268435456,0,0,0,-1,-1
41658,Arbeitsauftrag: Sylvanelixiere,,22647,47895,0,-1,0,0,0,0,0,2479,25,0,0,0,18873,118,347,0,3,524608,0,268435456,0,0,0,-1,-1
41659,Arbeitsauftrag: Lawinenelixier,,22648,47899,0,-1,0,0,0,0,0,2479,25,0,0,0,18874,118,347,0,3,524608,0,268435456,0,0,0,-1,-1
41660,Arbeitsauftrag: Skaggldrynk,,22649,47897,0,-1,0,0,0,0,0,2479,25,0,0,0,18875,118,347,0,3,524608,0,268435456,0,0,0,-1,-1
41661,Arbeitsauftrag: Himmelslauftränke,,22650,45166,0,-1,0,0,0,0,0,2479,25,0,0,0,18876,118,335,0,3,524608,0,268435456,0,0,0,-1,-1
41662,Arbeitsauftrag: Uralte Verjüngungstränke,,22651,38948,0,-1,0,0,0,0,0,2479,25,0,0,0,18877,118,347,0,3,524608,0,268435456,0,0,0,-1,-1
41663,Arbeitsauftrag für Vantusrune: Elerethe Elerethe Renferal,,22652,47901,0,-1,0,0,0,0,0,2508,25,0,0,0,18878,126,347,0,3,524608,0,268435456,0,0,0,-1,-1
41664,Arbeitsauftrag für Vantusrune: Drachen des Alptraums,,22653,47895,0,-1,0,0,0,0,0,2508,25,0,0,0,18879,126,347,0,3,524608,0,268435456,0,0,0,-1,-1
41665,Arbeitsauftrag für Vantusrune: Ursoc,,22654,47899,0,-1,0,0,0,0,0,2508,25,0,0,0,18880,126,347,0,3,524608,0,268435456,0,0,0,-1,-1
41666,Arbeitsauftrag für Vantusrune: Nythendra,,22655,47897,0,-1,0,0,0,0,0,2508,25,0,0,0,18881,126,347,0,3,524608,0,268435456,0,0,0,-1,-1
41667,Arbeitsauftrag für Vantusrune: Xavius,,22656,45166,0,-1,0,0,0,0,0,2508,25,0,0,0,18882,126,335,0,3,524608,0,268435456,0,0,0,-1,-1
41668,"Arbeitsauftrag für Vantusrune: Il'gynoth, das Herz der Verderbnis",,22657,38948,0,-1,0,0,0,0,0,2508,25,0,0,0,18883,126,347,0,3,524608,0,268435456,0,0,0,-1,-1
41669,Arbeitsauftrag: Wort des kritischen Treffers,,22658,47901,0,-1,0,0,0,0,0,2487,25,0,0,0,18884,123,347,0,3,524608,0,268435456,0,0,0,-1,-1
41670,Arbeitsauftrag: Wort der Beweglichkeit,,22659,47895,0,-1,0,0,0,0,0,2487,25,0,0,0,18885,123,347,0,3,524608,0,268435456,0,0,0,-1,-1
41671,Arbeitsauftrag: Wort der Stärke,,22660,47899,0,-1,0,0,0,0,0,2487,25,0,0,0,18886,123,347,0,3,524608,0,268435456,0,0,0,-1,-1
41672,Arbeitsauftrag: Wort des Tempos,,22661,47897,0,-1,0,0,0,0,0,2487,25,0,0,0,18887,123,347,0,3,524608,0,268435456,0,0,0,-1,-1
41673,Arbeitsauftrag: Wort der Meisterschaft,,22662,45166,0,-1,0,0,0,0,0,2487,25,0,0,0,18888,123,335,0,3,524608,0,268435456,0,0,0,-1,-1
41674,Arbeitsauftrag: Wort der Intelligenz,,22663,38948,0,-1,0,0,0,0,0,2487,25,0,0,0,18889,123,347,0,3,524608,0,268435456,0,0,0,-1,-1
41675,Arbeitsauftrag: Blinzelabzugkopfkanone,,22664,47901,0,-1,0,0,0,0,0,2500,25,0,0,0,18890,122,347,0,3,524608,0,268435456,0,0,0,-1,-1
41676,Arbeitsauftrag: Repetierbandagenflinte,,22665,47895,0,-1,0,0,0,0,0,2500,25,0,0,0,18891,122,347,0,3,524608,0,268435456,0,0,0,-1,-1
41677,Arbeitsauftrag: Automatikhammer,,22666,47899,0,-1,0,0,0,0,0,2500,25,0,0,0,18892,122,347,0,3,524608,0,268435456,0,0,0,-1,-1
41678,Arbeitsauftrag: Waffenpaket,,22667,47897,0,-1,0,0,0,0,0,2500,25,0,0,0,18893,122,347,0,3,524608,0,268435456,0,0,0,-1,-1
41679,Arbeitsauftrag: Stationärer Kugelspender,,22668,45166,0,-1,0,0,0,0,0,2500,25,0,0,0,18894,122,335,0,3,524608,0,268435456,0,0,0,-1,-1
41680,Arbeitsauftrag: Fehlschlagdetektorpylon,,22669,38948,0,-1,0,0,0,0,0,2500,25,0,0,0,18895,122,347,0,3,524608,0,268435456,0,0,0,-1,-1
41685,GEFAHR: Ala'washte,,22682,47899,0,-1,0,0,0,0,0,0,0,0,0,0,18902,136,347,0,3,3735872,0,268435456,0,0,0,-1,-1
41686,GEFAHR: Olokk der Schiffszerstörer,,22683,47899,0,-1,0,0,0,0,0,0,0,0,0,0,18904,136,347,0,3,3735872,0,268435456,0,0,0,-1,-1
41687,Schneckenkampf!,,22686,145947,0,-1,0,0,0,0,0,0,0,0,0,0,18905,115,347,0,3,3735808,0,268435456,0,0,0,-1,-1
41691,Ein Meer aus Federn,,22692,47899,0,-1,0,0,0,0,0,0,0,0,0,0,18908,109,347,0,3,37290240,0,268435456,0,0,0,-1,-1
41692,Schiffswrackplünderer,,22693,47899,0,-1,0,0,0,0,0,0,0,0,0,0,18910,109,347,0,3,37290240,0,268435456,0,0,0,-1,-1
41695,GEFAHR: Defilia,,22699,47899,0,-1,0,0,0,0,0,0,0,0,0,0,18909,136,347,0,3,3735872,0,268435456,0,0,0,-1,-1
41696,GEFAHR: Mawat'aki,,22701,47899,0,-1,0,0,0,0,0,0,0,0,0,0,18914,136,347,0,3,3735872,0,268435456,0,0,0,-1,-1
41697,"GEFAHR: Colerian, Alteria, und Selenyi",,22702,38948,0,-1,0,0,0,0,0,0,0,0,0,0,18915,136,335,0,3,3735872,0,268435456,0,0,0,-1,-1
41699,Krebsknabberlis,,22704,47899,0,-1,0,0,0,0,0,0,0,0,0,0,18917,109,347,0,3,37290240,8192,268435456,0,0,0,-1,-1
41700,GEFAHR: Shalas'aman,,22708,47895,0,-1,0,0,0,0,0,0,0,0,0,0,18922,136,347,0,3,3735872,0,268435456,0,0,0,-1,-1
41701,Panzerjäger,,22705,47899,0,-1,0,0,0,0,0,0,0,0,0,0,18921,109,347,0,3,37290240,8192,268435456,0,0,0,-1,-1
41703,GEFAHR: Ormagrogg,,22707,47899,0,-1,0,0,0,0,0,0,0,0,0,0,18923,136,347,0,3,3735872,0,268435456,0,0,0,-1,-1
41705,Angriff auf Donnertotem,,22719,55295,0,-1,0,0,0,0,0,0,0,0,0,0,18924,109,347,0,3,41484544,8192,268435456,41694,0,0,-1,-1
41706,Salziges Gewässer,,22723,47899,0,-1,0,0,0,0,0,0,0,0,0,0,18918,109,347,0,3,37290240,8192,268435456,0,0,0,-1,-1
41757,Echos des Erdwächters,,22766,47899,0,-1,0,0,0,0,0,0,0,0,0,0,18933,109,347,0,3,34144512,0,268435456,0,0,0,-1,-1
41758,Obsidianwächter,,22767,47899,0,-1,0,0,0,0,0,0,0,0,0,0,18934,109,347,0,3,38338816,0,268435456,0,0,0,-1,-1
41765,[NYI] Hunting Wager,,22802,47899,0,-1,0,0,0,0,0,0,0,0,0,0,18936,109,347,0,3,35193088,0,268435456,0,0,0,-1,-1
41766,Wildtierschutztrupp,,22773,145947,0,-1,0,0,0,0,0,0,0,0,0,0,18935,115,347,0,3,3735808,0,268435456,0,0,0,-1,-1
41789,Rückkehr zum Felsen,,22812,47899,0,-1,0,0,0,0,0,0,0,0,0,0,18955,109,347,0,3,37290240,0,268435456,0,0,0,-1,-1
41794,Drachenpirscher,,22821,47897,0,-1,0,0,0,0,0,0,0,0,0,0,21030,109,347,0,3,37290240,0,268435456,0,0,0,-1,-1
41816,GEFAHR: Oubdob der Knaller,,22836,47899,0,-1,0,0,0,0,0,0,0,0,0,0,18966,136,347,0,3,3735872,0,268435456,0,0,0,-1,-1
41817,Schädelkappe des Zuchtmeisters,,22837,38948,0,-1,0,0,0,0,0,0,0,0,0,0,18967,109,347,0,3,590080,0,268435456,0,0,0,-1,-1
41818,GESUCHT: Majestätisches Urhorn,,22838,47899,0,-1,0,0,0,0,0,0,0,0,0,0,20552,109,347,0,3,3735872,0,268435456,0,0,0,-1,-1
41819,GESUCHT: Gurbog der Klopper,,22839,47899,0,-1,0,0,0,0,0,0,0,0,0,0,19940,109,347,0,3,3735872,0,268435456,0,0,0,-1,-1
41820,Immer schön unrhythmisch gehen!,,22842,38948,0,-1,0,0,0,0,0,0,0,0,0,0,18972,109,347,0,3,590080,0,268435456,0,0,0,-1,-1
41821,GESUCHT: Shara Teufelshauch,,22841,47899,0,-1,0,0,0,0,0,0,0,0,0,0,19835,109,347,0,3,3735872,0,268435456,0,0,0,-1,-1
41822,Auf seinen Hufspuren,,22843,38948,0,-1,0,0,0,0,0,0,0,0,0,0,18970,109,347,0,3,590080,0,268435456,0,0,0,-1,-1
41823,Asche zu Asche,,22844,38948,0,-1,0,0,0,0,0,0,0,0,0,0,18973,109,347,0,3,590080,0,268435456,0,0,0,-1,-1
41824,GESUCHT: Arru,,22845,47899,0,-1,0,0,0,0,0,0,0,0,0,0,20555,109,347,0,3,3735872,0,268435456,0,0,0,-1,-1
41825,Geflügelte Bedrohung,,22846,38948,0,-1,0,0,0,0,0,0,0,0,0,0,18975,109,347,0,3,590080,0,268435456,0,0,0,-1,-1
41826,GESUCHT: Krähenschropf der Hungrige,,22847,47899,0,-1,0,0,0,0,0,0,0,0,0,0,20576,109,347,0,3,3735872,0,268435456,0,0,0,-1,-1
41827,Miauen der Katze,,26360,38948,0,-1,0,0,0,0,0,0,0,0,0,0,18976,109,347,0,3,590080,0,268435456,0,0,0,-1,-1
41828,GESUCHT: Borstenschlund,,22848,47899,0,-1,0,0,0,0,0,0,0,0,0,0,20571,109,347,0,3,3735872,0,268435456,0,0,0,-1,-1
41829,Die Dunkelfederspäherin,,22849,38948,0,-1,0,0,0,0,0,0,0,0,0,0,18979,109,347,0,3,590080,0,268435456,0,0,0,-1,-1
41830,Dämonenbiss,,22850,38948,0,-1,0,0,0,0,0,0,0,0,0,0,18980,109,347,0,3,590080,0,268435456,0,0,0,-1,-1
41832,Weißwasserschrecken,,22850,38948,0,-1,0,0,0,0,0,0,0,0,0,0,18982,109,347,0,3,590080,0,268435456,0,0,0,-1,-1
41833,Grmlrmls letzter Ritt,,22852,38948,0,-1,0,0,0,0,0,0,0,0,0,0,18983,109,347,0,3,590080,0,268435456,0,0,0,-1,-1
41835,Wurmkur,,22853,38948,0,-1,0,0,0,0,0,0,0,0,0,0,18984,109,347,0,3,590080,0,268435456,0,0,0,-1,-1
41836,GESUCHT: Bodash der Hamsterer,,22854,47899,0,-1,0,0,0,0,0,0,0,0,0,0,19946,109,347,0,3,3735872,0,268435456,0,0,0,-1,-1
41837,Beinharter Widersacher,,26361,38948,0,-1,0,0,0,0,0,0,0,0,0,0,18986,109,347,0,3,590080,0,268435456,0,0,0,-1,-1
41838,GESUCHT: Schlummer,,22858,47899,0,-1,0,0,0,0,0,0,0,0,0,0,20546,109,347,0,3,3735872,0,268435456,0,0,0,-1,-1
41842,Das Ende der Nahrungskette,,22859,38948,0,-1,0,0,0,0,0,0,0,0,0,0,18988,109,347,0,3,590080,0,268435456,0,0,0,-1,-1
41843,Pucks Pechsträhne,,22860,38948,0,-1,0,0,0,0,0,0,0,0,0,0,18989,109,347,0,3,590080,0,268435456,0,0,0,-1,-1
41844,GESUCHT: Sekhan,,26362,47899,0,-1,0,0,0,0,0,0,0,0,0,0,20549,109,347,0,3,3735872,0,268435456,0,0,0,-1,-1
41855,Schikane!,,22879,145947,0,-1,0,0,0,0,0,0,0,0,0,0,18991,115,347,0,3,3735808,0,268435456,0,0,0,-1,-1
41857,Neltharions Hort: Dunkelsteinsklaven,,22910,42902,0,-1,0,0,0,0,0,0,0,0,0,0,19009,137,347,0,3,35193088,0,268435458,0,0,0,-1,-1
41860,Händel mit Satyrn,,22908,132427,0,-1,0,0,0,0,0,0,0,0,0,0,19002,115,347,0,3,3735808,0,268435456,0,0,0,-1,-1
41861,Den Schlund kennenlernen,,22909,145947,0,-1,0,0,0,0,0,0,0,0,0,0,19004,115,347,0,3,3735808,0,268435456,0,0,0,-1,-1
41862,Nur Haustiere können Waldbrände verhindern,,22911,145947,0,-1,0,0,0,0,0,0,0,0,0,0,19007,115,347,0,3,3735808,0,268435456,0,0,0,-1,-1
41864,Neltharions Hort: Kristallinzermalmer,,22913,42253,0,-1,0,0,0,0,0,0,0,0,0,0,19010,137,347,0,3,35193088,0,268435458,0,0,0,-1,-1
41865,Neltharions Hort: Mutter des Steins,,22914,42253,0,-1,0,0,0,0,0,0,0,0,0,0,19011,137,347,0,3,35193088,0,268435458,0,0,0,-1,-1
41866,Neltharions Hort: Verseuchte Fledermaus,,22915,42253,0,-1,0,0,0,0,0,0,0,0,0,0,19012,137,347,0,3,35193088,0,268435458,0,0,0,-1,-1
41881,Kampfnacht: Heliosus,,22931,145934,0,-1,0,0,0,0,0,0,0,0,0,0,19018,115,347,0,3,3735808,0,268435456,0,0,0,-1,-1
41886,Kampfnacht: Fiese Ratten!,,22942,145934,0,-1,0,0,0,0,0,0,0,0,0,0,19019,115,347,0,3,3735808,0,268435456,0,0,0,-1,-1
41895,Meister der Haustiere,,22951,145946,0,-1,0,0,0,0,0,0,0,0,0,0,19038,115,335,0,3,3735808,0,268435456,0,0,0,-1,-1
41896,Operation: Murlocfreiheit,,26246,143777,0,-1,0,0,0,0,0,0,0,0,0,0,20198,113,347,0,3,590080,0,268435456,0,0,0,-1,-1
41902,Währungserhalt,,26357,21439,0,-1,0,0,0,0,0,0,0,0,0,0,0,0,347,0,3,3735552,131200,268435456,0,0,0,-1,-1
41914,Die Katakomben räumen,,22968,145934,0,-1,0,0,0,0,0,0,0,0,0,0,19091,115,335,0,3,3735808,0,268435456,0,0,0,-1,-1
41925,Hel erleuchtet,,22986,39338,0,-1,0,0,0,0,0,0,0,0,0,0,19093,109,347,0,3,41484544,8192,268435456,0,0,0,-1,-1
41926,Zurückkehrender Champion,,23022,47897,0,-1,0,0,0,0,0,0,0,0,0,0,19094,109,347,0,3,41484544,8192,268435456,41694,0,0,-1,-1
41927,Das Runenwaldsterben,,23026,47897,0,-1,0,0,0,0,0,0,0,0,0,0,19095,109,347,0,3,41484544,8192,268435456,41694,0,0,-1,-1
41930,Heldenmut gefragt,,22998,47897,0,-1,0,0,0,0,0,0,0,0,0,0,19097,109,347,0,3,41484544,8192,268435456,41694,0,0,-1,-1
41931,Manadurst,,22992,145934,0,-1,0,0,0,0,0,0,0,0,0,0,19096,115,335,0,3,3735808,0,268435456,0,0,0,-1,-1
41935,Angespannte Lage,,23002,145947,0,-1,0,0,0,0,0,0,0,0,0,0,19109,115,347,0,3,3735808,0,268435456,0,0,0,-1,-1
41936,Ihr wurdet herausgefordert!,,23013,47897,0,-1,0,0,0,0,0,0,0,0,0,0,19120,109,347,0,3,37290240,8192,268435456,0,0,0,-1,-1
41938,Brüder von Skovald,,23018,47897,0,-1,0,0,0,0,0,0,0,0,0,0,19128,109,347,0,3,37290240,0,268435456,0,0,0,-1,-1
41944,Jarruns Leiter,,23028,145968,0,-1,0,0,0,0,0,0,0,0,0,0,19131,115,347,0,3,3735808,0,268435456,0,0,0,-1,-1
41948,Streichelzoo im Himmel,,23033,145947,0,-1,0,0,0,0,0,0,0,0,0,0,19144,115,347,0,3,3735808,0,268435456,0,0,0,-1,-1
41949,Rückkehr der Drekirjar,,23045,47897,0,-1,0,0,0,0,0,0,0,0,0,0,19134,109,347,0,3,37290240,0,268435456,0,0,0,-1,-1
41950,Noch mehr Donner des Schmerzes,,25514,47310,0,-1,0,0,0,0,0,0,0,0,0,0,19135,109,347,0,3,37290240,0,268435456,0,0,0,-1,-1
41955,Blutlinie des Steins,,23053,47895,0,-1,0,0,0,0,0,0,0,0,0,0,19143,109,347,0,3,41484544,0,268435456,0,0,0,-1,-1
41956,Versteinerte Akolythen,,23054,47895,0,-1,0,0,0,0,0,0,0,0,0,0,19260,109,347,0,3,41484544,0,268435456,0,0,0,-1,-1
41958,"Oh, Ominitron",,23059,145947,0,-1,0,0,0,0,0,0,0,0,0,0,19147,115,347,0,3,3735808,0,268435456,0,0,0,-1,-1
41961,Rabenwehrtsachen,,23062,47893,0,-1,0,0,0,0,0,0,0,0,0,0,19149,109,347,0,3,37290240,0,268435456,0,0,0,-1,-1
41962,Wache der Rabenwehr,,23063,47895,0,-1,0,0,0,0,0,0,0,0,0,0,19150,109,347,0,3,34144512,0,268435456,0,0,0,-1,-1
41964,Vergiftetes Wasser,,23065,47895,0,-1,0,0,0,0,0,0,0,0,0,0,19145,109,347,0,3,37290240,8192,268435456,0,0,0,-1,-1
41965,Mondschwingenbefreiung,,23067,47895,0,-1,0,0,0,0,0,0,0,0,0,0,19152,109,347,0,3,37290240,0,268435456,0,0,0,-1,-1
41980,Tempelverteidigung,,23082,47895,0,-1,0,0,0,0,0,0,0,0,0,0,19178,109,347,0,3,37290240,0,268435456,0,0,0,-1,-1
41983,[NYI] Bear Necessities,,23086,47899,0,-1,0,0,0,0,0,0,0,0,0,0,19172,109,347,0,3,3735808,0,268435456,0,0,0,-1,-1
41984,Die kriechenden Nebel,,23120,47897,0,-1,0,0,0,0,0,0,0,0,0,0,19169,109,347,0,3,41484544,8192,268435456,0,0,0,-1,-1
41990,Zerhackt,,23100,145946,0,-1,0,0,0,0,0,0,0,0,0,0,19176,115,335,0,3,3735808,0,268435456,0,0,0,-1,-1
41992,Verderbte Asche,,23105,47895,0,-1,0,0,0,0,0,0,0,0,0,0,19179,109,347,0,3,37290240,0,268435456,0,0,0,-1,-1
41995,Dunkle Verderbnis,,23110,47895,0,-1,0,0,0,0,0,0,0,0,0,0,19181,109,347,0,3,37290240,0,268435456,0,0,0,-1,-1
41996,Verworrener Alptraum,,23117,47895,0,-1,0,0,0,0,0,0,0,0,0,0,19182,109,347,0,3,37290240,0,268435456,0,0,0,-1,-1
42004,Geisterschiff,,23140,47897,0,-1,0,0,0,0,0,0,0,0,0,0,19184,109,347,0,3,37290240,0,268435456,0,0,0,-1,-1
42013,Der Höllenschlund,,23148,47896,0,-1,0,0,0,0,0,0,0,0,0,0,19190,109,347,0,3,37290240,0,268435456,0,0,0,-1,-1
42014,Ein verderbter Jahrgang,,23149,47901,0,-1,0,0,0,0,0,0,0,0,0,0,19192,109,347,0,3,37290240,0,268435456,41694,0,0,-1,-1
42015,Fäden des Schicksals,,23150,145934,0,-1,0,0,0,0,0,0,0,0,0,0,19194,115,335,0,3,3735808,0,268435456,0,0,0,-1,-1
42018,Nicht zu retten,,23152,47901,0,-1,0,0,0,0,0,0,0,0,0,0,19196,109,347,0,3,37290240,0,268435456,41694,0,0,-1,-1
42019,Gut gegen Schuppen,,23153,47901,0,-1,0,0,0,0,0,0,0,0,0,0,19197,109,347,0,3,37290240,0,268435456,41694,0,0,-1,-1
42021,Untersuchung in Mak'rana,,23154,47901,0,-1,0,0,0,0,0,0,0,0,0,0,19198,109,347,0,3,37290240,0,268435456,41694,0,0,-1,-1
42022,Die verheerte Akademie,,23155,47901,0,-1,0,0,0,0,0,0,0,0,0,0,19199,109,347,0,3,37290240,2,268435456,41694,0,0,-1,-1
42023,Rabenwehrrandale,,23465,143219,0,-1,0,0,0,0,0,0,0,0,0,0,18197,113,347,0,3,3735808,0,268435456,0,0,0,-1,-1
42024,Freund meines Feindes,,23156,47901,0,-1,0,0,0,0,0,0,0,0,0,0,19200,136,347,0,3,37290240,0,268435456,41694,0,0,-1,-1
42025,Rabiate Rauferei,,23464,143218,0,-1,0,0,0,0,0,0,0,0,0,0,18199,113,347,0,3,3735808,0,268435456,0,0,0,-1,-1
42026,Faronaar im Ruin,,23158,47901,0,-1,0,0,0,0,0,0,0,0,0,0,19201,109,347,0,3,577831176,8192,268435456,41694,0,0,-1,-1
42027,Faronaar im Chaos,,23157,47901,0,-1,0,0,0,0,0,0,0,0,0,0,19202,109,347,0,3,577831176,8192,268435456,41694,0,0,-1,-1
42028,In den Alptraum,,23164,47895,0,-1,0,0,0,0,0,0,0,0,0,0,19203,109,347,0,3,41484544,8192,268435456,0,0,0,-1,-1
42062,Kampfnacht: Klitzeklitzekleiner,,23194,145934,0,-1,0,0,0,0,0,0,0,0,0,0,19221,115,347,0,3,3735808,0,268435456,0,0,0,-1,-1
42063,Es kommt nicht auf die Größe an,,23195,145947,0,-1,0,0,0,0,0,0,0,0,0,0,19222,115,347,0,3,3735808,0,268435456,0,0,0,-1,-1
42064,Das ist Illid... Moment mal...,,23196,145947,0,-1,0,0,0,0,0,0,0,0,0,0,19223,115,347,0,3,3735808,0,268435456,0,0,0,-1,-1
42067,Großes Maul und nichts dahinter,,23199,145968,0,-1,0,0,0,0,0,0,0,0,0,0,19225,115,347,0,3,3735808,0,268435456,0,0,0,-1,-1
42070,Angriff auf den Turm der Wächterinnen: Die Sternenjägerwacht,,24386,143219,0,-1,0,0,0,0,0,0,0,0,0,0,18630,113,347,0,3,37290240,0,268435456,0,0,0,1309324210,-1440044374
42071,Zu Ehren der Vergangenheit,,23217,41005,0,-1,0,0,0,0,0,0,0,0,0,0,19242,109,335,0,3,37290240,0,268435456,0,0,0,-1,-1
42075,Botanischer Rückschlag,,23207,47895,0,-1,0,0,0,0,0,0,0,0,0,0,19227,109,347,0,3,41484544,8192,268435456,0,0,0,-1,-1
42076,Das Schattenmoordorf,,23208,47895,0,-1,0,0,0,0,0,0,0,0,0,0,19236,109,347,0,3,37290240,0,268435456,0,0,0,-1,-1
42077,Wandelnde Alpträume,,23209,47895,0,-1,0,0,0,0,0,0,0,0,0,0,19240,109,347,0,3,41484544,0,268435456,0,0,0,-1,-1
42080,Bastion Bradenbach,,23216,47895,0,-1,0,0,0,0,0,0,0,0,0,0,19241,109,347,0,3,41484544,8192,268435456,0,0,0,-1,-1
42082,Das Epizentrum,,23221,45613,0,-1,0,0,0,0,0,0,0,0,0,0,19244,109,335,0,3,41484544,8192,268435456,0,0,0,-1,-1
42086,Die Teufelstotems,,23233,47899,0,-1,0,0,0,0,0,0,0,0,0,0,19246,109,347,0,3,37290240,0,268435456,41694,0,0,-1,-1
42087,Grüner Schrecken,,23237,47895,0,-1,0,0,0,0,0,0,0,0,0,0,19245,109,347,0,3,37290240,8192,268435456,0,0,0,-1,-1
42089,Die Gefallenen,,23239,45058,0,-1,0,0,0,0,0,0,0,0,0,0,19248,109,335,0,3,37290240,0,268435456,0,0,0,-1,-1
42090,Huschende Versuchsobjekte,,23242,45058,0,-1,0,0,0,0,0,0,0,0,0,140916,19250,109,335,0,3,37290240,8192,268435456,0,0,0,-1,-1
42094,Hüter des Traums,,23247,47895,0,-1,0,0,0,0,0,0,0,0,0,0,19249,109,347,0,3,34144512,0,268435456,0,0,0,-1,-1
42095,Alptraumdrache,,23251,47895,0,-1,0,0,0,0,0,0,0,0,0,0,19251,0,347,0,3,34144512,0,268435456,0,0,0,-1,-1
42099,Kopfgeldquesttest,,23261,0,0,-1,0,0,0,0,0,0,0,0,0,0,0,128,798,0,3,33554440,131072,268435456,0,0,0,-1,-1
42101,Sprache der Verlorenen,,23272,47901,0,-1,0,0,0,0,0,0,0,0,0,0,19255,109,347,0,3,37290240,0,268435456,41694,0,0,-1,-1
42105,Mixologiemischerei,,23277,47901,0,-1,0,0,0,0,0,0,0,0,0,0,19257,109,347,0,3,37290240,0,268435456,41694,0,0,-1,-1
42108,Ruf der Nachtwächter,,23279,47901,0,-1,0,0,0,0,0,0,0,0,0,0,19261,109,347,0,3,37290240,8192,268435456,41694,0,0,-1,-1
42109,Bounty Quest Test 2,,23261,0,0,-1,0,0,0,0,0,0,0,0,0,0,0,128,798,0,3,33554440,131072,268435456,0,0,0,-1,-1
42111,Aggressive Aufklärung,,23281,41005,0,-1,0,0,0,0,0,0,0,0,0,0,19262,109,335,0,3,37290240,0,268435456,0,0,0,-1,-1
42112,Die Verdorrten kehren zurück,,23282,47901,0,-1,0,0,0,0,0,0,0,0,0,0,19263,109,347,0,3,37290240,0,268435456,41694,0,0,-1,-1
42119,Ein läuternder Cocktail,,23290,47901,0,-1,0,0,0,0,0,0,0,0,0,0,19288,109,347,0,3,37290240,0,268435456,41694,0,0,-1,-1
42123,Llothien zurückerobern,,23298,47901,0,-1,0,0,0,0,0,0,0,0,0,0,19305,109,347,0,3,37290240,0,268435456,41694,0,0,-1,-1
42124,Hexen und Verhexung,,23300,47895,0,-1,0,0,0,0,0,0,0,0,0,0,19306,109,347,0,3,37290240,8192,268435456,0,0,0,-1,-1
42145,Von drauß vom Walde,,23330,47895,0,-1,0,0,0,0,0,0,0,0,0,0,19325,109,347,0,3,37290240,8192,268435456,0,0,0,-1,-1
42146,Betäubt und verwirrt und goldig,,23331,145947,0,-1,0,0,0,0,0,0,0,0,0,0,19331,115,347,0,3,3735808,0,268435456,0,0,0,-1,-1
42148,Der Wein ist schlecht,,23334,145970,0,-1,0,0,0,0,0,0,0,0,0,0,19336,115,347,0,3,3735808,0,268435456,0,0,0,-1,-1
42150,Übergriff der Naga von Kal'delar,,23339,47895,0,-1,0,0,0,0,0,0,0,0,0,0,19340,109,347,0,3,37290240,0,268435456,0,0,0,-1,-1
42151,Für saubere Luft sorgen,,23340,45619,0,-1,0,0,0,0,0,0,0,0,0,0,19341,109,335,0,3,41484544,8192,268435456,0,0,0,-1,-1
42154,Helft einem Welpen,,23341,145947,0,-1,0,0,0,0,0,0,0,0,0,0,19343,115,347,0,3,3735808,0,268435456,0,0,0,-1,-1
42159,Training mit den Nachtwächtern,,23343,145947,0,-1,0,0,0,0,0,0,0,0,0,0,19347,115,347,0,3,3735808,0,268435456,0,0,0,-1,-1
42160,Unwillkommene Besucher,,23344,47901,0,-1,0,0,0,0,0,0,0,0,0,0,19350,109,347,0,3,37290240,8192,268435456,41694,0,0,-1,-1
42165,Exemplare aus Azsuna,,23345,145947,0,-1,0,0,0,0,0,0,0,0,0,0,19385,115,347,0,3,3735808,0,268435456,0,0,0,-1,-1
42169,Totgeglaubt zurückgelassen,,25395,45618,0,-1,0,0,0,0,0,0,0,0,0,0,19356,109,335,0,3,37290240,0,268435456,0,0,0,-1,-1
42172,Leygrottenverseuchung,,23356,47901,0,-1,0,0,0,0,0,0,0,0,0,0,19366,109,347,0,3,37290240,8192,268435456,41694,0,0,-1,-1
42173,Elektrohappen,,23361,47897,0,-1,0,0,0,0,0,0,0,0,0,0,19367,109,347,0,3,41484544,8192,268435456,41694,0,0,-1,-1
42174,Champions von Elune,,23359,39947,0,-1,0,0,0,0,0,0,0,0,0,0,19352,109,347,0,3,39387392,0,268435456,39992,0,0,-1,-1
42176,Skovald erhebt sich,,23371,47897,0,-1,0,0,0,0,0,0,0,0,0,0,19353,109,347,0,3,40435968,8192,268435456,41694,0,0,-1,-1
42177,Die Rückeroberung von Morheim,,23368,47897,0,-1,0,0,0,0,0,0,0,0,0,0,19369,109,347,0,3,41484544,8192,268435456,41694,0,0,-1,-1
42178,Schockabsorbierer,,23388,42474,0,-1,0,0,0,0,0,0,0,0,0,0,19370,109,347,0,3,41484544,8192,268435456,41694,0,0,-1,-1
42182,In den Kampf!,,23387,47897,0,-1,0,0,0,0,0,0,0,0,0,0,19376,109,347,0,3,37290240,0,268435456,41694,0,0,1309324210,-1440044374
42183,In den Kampf!,,24987,47897,0,-1,0,0,0,0,0,0,0,0,0,0,19376,109,347,0,3,37290240,0,268435456,41694,0,0,-1321907123,1427461461
42190,Wildtierschützer,,23399,145947,0,-1,0,0,0,0,0,0,0,0,0,0,19392,115,347,0,3,3735808,0,268435456,0,0,0,-1,-1
42209,Befreiung der Entführten,,23856,41006,0,-1,0,0,0,0,0,0,0,0,0,0,19381,135,335,0,3,41615616,0,268435456,0,0,0,-1,-1
42211,Leodraths Sippe,,23423,47901,0,-1,0,0,0,0,0,0,0,0,0,0,19382,109,347,0,3,37290240,8192,268435456,41694,0,0,-1,-1
42239,Hallen der Tapferkeit: Der Bärenkönig,,23440,42253,0,-1,0,0,0,0,0,0,0,0,0,0,19308,137,347,0,3,35193088,0,268435458,0,0,0,-1,-1
42240,Hallen der Tapferkeit: Schwerfällige Wilderei,,23441,42253,0,-1,0,0,0,0,0,0,0,0,0,0,19307,137,347,0,3,35193088,0,268435458,0,0,0,-1,-1
42241,Hallen der Tapferkeit: Eine würdige Herausforderung,,23442,42253,0,-1,0,0,0,0,0,0,0,0,0,0,19286,137,347,0,3,35193088,0,268435458,0,0,0,-1,-1
42242,Hallen der Tapferkeit: Ein Geschenk für Vethir,,23443,42902,0,-1,0,0,0,0,0,0,0,0,0,0,19314,137,347,0,3,35193088,0,268435458,0,0,0,-1,-1
42243,Hallen der Tapferkeit: Taten der Vergangenheit,,23446,42902,0,-1,0,0,0,0,0,0,0,0,0,0,19394,137,347,0,3,35193088,0,268435458,0,0,0,-1,-1
42269,Die Seelenräuber,,23448,45690,0,-1,0,0,0,0,0,0,0,0,0,0,19404,112,347,0,3,37290304,0,268435456,0,0,0,-1,-1
42270,Geißel der Himmel,,23452,45690,0,-1,0,0,0,0,0,0,0,0,0,0,19405,112,347,0,3,37290304,0,268435456,0,0,0,-1,-1
42274,Denkt denn niemand an die Welpen?,,23456,47901,0,-1,0,0,0,0,0,0,0,0,0,0,19429,109,347,0,3,37290240,0,268435456,0,0,0,-1,-1
42275,"Nicht, solange ich hier wache",,23457,47901,0,-1,0,0,0,0,0,0,0,0,0,0,19430,109,347,0,3,37290240,0,268435456,0,0,0,-1,-1
42276,"Ekelhaft, aber nützlich",,23458,47901,0,-1,0,0,0,0,0,0,0,0,0,0,19431,109,347,0,3,37290240,0,268435456,0,0,0,-1,-1
42277,Eindringlinge!,,23459,47901,0,-1,0,0,0,0,0,0,0,0,0,0,19432,109,347,0,3,37290240,0,268435456,0,0,0,-1,-1
42373,Rache für die Dunkelsteine,,23512,74379,0,-1,5,0,0,0,0,0,0,0,0,0,0,0,333,0,3,38338560,0,268468224,39391,39425,39588,-1,-1
42431,Nithoggs Brut,,23584,0,0,-1,0,0,0,0,0,0,0,0,0,0,0,0,990,0,3,38338560,8192,268468224,0,0,0,-1,-1
42442,Kampfnacht: Amalia,,23593,145934,0,-1,0,0,0,0,0,0,0,0,0,0,19474,115,347,0,3,3735808,0,268435456,0,0,0,-1,-1
42506,Folianten alter Zeiten,,23645,47901,0,-1,0,0,0,0,0,0,0,0,0,0,19483,109,347,0,3,37290240,0,268435456,0,0,0,-1,-1
42511,Verzerrte Seelen,,23651,47901,0,-1,0,0,0,0,0,0,0,0,0,0,19486,109,347,0,3,37290240,0,268435456,0,0,0,-1,-1
42620,GESUCHT: Arkavellus,,23753,47901,0,-1,0,0,0,0,0,0,0,0,0,0,19736,109,347,0,3,3735872,0,268435456,0,0,0,-1,-1
42623,Piraterie zahlt sich nicht aus,,23757,47901,0,-1,0,0,0,0,0,0,0,0,0,0,19514,109,347,0,3,37290240,0,268435456,0,0,0,-1,-1
42624,Anführer der Flotte,,23758,47901,0,-1,0,0,0,0,0,0,0,0,0,0,19515,109,347,0,3,37290240,0,268435456,0,0,0,-1,-1
42631,GESUCHT: Inquisitor Tivos,,23762,47901,0,-1,0,0,0,0,0,0,0,0,0,0,19740,109,347,0,3,3735872,0,268435456,0,0,0,-1,-1
42633,GESUCHT: Vorthax,,23766,47901,0,-1,0,0,0,0,0,0,0,0,0,0,19741,109,347,0,3,3735872,0,268435456,0,0,0,-1,-1
42636,GESUCHT: Arkanist Shal'iman,,23767,47901,0,-1,0,0,0,0,0,0,0,0,0,0,19735,109,347,0,3,3735872,0,268435456,0,0,0,-1,-1
42652,Uralte Exemplare,,23832,47901,0,-1,0,0,0,0,0,0,0,0,0,0,19554,111,347,0,3,37290240,0,268435456,0,0,0,-1,-1
42711,Die ewigen Magier,,23834,47901,0,-1,0,0,0,0,0,0,0,0,0,0,19555,109,347,0,3,37290240,0,268435456,0,0,0,-1,-1
42712,Das Auge Azsharas: Verzwickte Lage,,23838,42253,0,-1,0,0,0,0,0,0,0,0,0,0,19547,137,347,0,3,35193088,0,268435458,0,0,0,-1,-1
42713,Das Auge Azsharas: Schneckentempo,,23843,42253,0,-1,0,0,0,0,0,0,0,0,0,0,19548,137,347,0,3,35193088,0,268435458,0,0,0,-1,-1
42714,Das Finsterherzdickicht: Mythana,,23849,42253,0,-1,0,0,0,0,0,0,0,0,0,0,18130,137,347,0,3,37290240,0,268435458,0,0,0,-1,-1
42723,"Das Auge Azsharas: Harte Schale, weicher Kern",,23858,42253,0,-1,0,0,0,0,0,0,0,0,0,0,19549,137,347,0,3,35193088,0,268435458,0,0,0,-1,-1
42725,Den Reichtum teilen,,23867,41006,0,-1,0,0,0,0,0,0,0,0,0,0,19582,135,335,0,3,37290240,0,268435456,0,0,0,-1,-1
42742,Das Finsterherzdickicht: Zornfäule,,23887,42253,0,-1,0,0,0,0,0,0,0,0,0,0,18131,137,347,0,3,37290240,0,268435458,0,0,0,-1,-1
42743,Das Finsterherzdickicht: Kudzilla,,23886,42253,0,-1,0,0,0,0,0,0,0,0,0,0,18132,137,347,0,3,37290240,0,268435458,0,0,0,-1,-1
42744,Das Finsterherzdickicht: Bewahrung der Bewahrer,,23885,42902,0,-1,0,0,0,0,0,0,0,0,0,0,19552,137,347,0,3,37290240,0,268435458,0,0,0,-1,-1
42745,Das Finsterherzdickicht: Bärendienst,,23884,42902,0,-1,0,0,0,0,0,0,0,0,0,0,19583,137,347,0,3,37290240,0,268435458,0,0,0,-1,-1
42746,Das Auge Azsharas: Abgewrackt,,23890,42902,0,-1,0,0,0,0,0,0,0,0,0,0,19550,137,347,0,3,35193088,0,268435458,0,0,0,-1,-1
42755,Das Auge Azsharas: Azsunianische Perlen,,24902,42902,0,-1,0,0,0,0,0,0,0,0,0,0,19551,137,347,0,3,35193088,0,268435458,0,0,0,-1,-1
42757,Der Seelenschlund: Bedrohung der See,,23906,42253,0,-1,0,0,0,0,0,0,0,0,0,0,19573,137,347,0,3,35193088,0,268435458,0,0,0,-1,-1
42764,Der Hof der Sterne: Der Geist in der Maschine,,23914,45063,0,-1,0,0,0,0,0,0,0,0,0,0,19589,137,335,0,3,35193088,0,268435458,0,0,0,-1,-1
42769,Der Hof der Sterne: Bringt mir die Augen,,23932,45063,0,-1,0,0,0,0,0,0,0,0,0,0,19590,137,335,0,3,35193088,0,268435458,0,0,0,-1,-1
42779,Die schlummernde Verderbnis,,23946,45690,0,-1,0,0,0,0,0,0,0,0,0,0,19597,112,347,0,3,37290304,0,268435456,0,0,0,-1,-1
42780,Der Seelenschlund: Aus dem Schlund der Hölle,,23929,42253,0,-1,0,0,0,0,0,0,0,0,0,0,19574,137,347,0,3,35193088,0,268435458,0,0,0,-1,-1
42781,Der Hof der Sterne: Entwaffnung der Wache,,23903,45063,0,-1,0,0,0,0,0,0,0,0,0,0,19591,137,335,0,3,35193088,0,268435458,0,0,0,-1,-1
42783,Der Hof der Sterne: Blüten der Nacht,,23933,45063,0,-1,0,0,0,0,0,0,0,0,0,0,19592,137,335,0,3,35193088,0,268435458,0,0,0,-1,-1
42784,Der Hof der Sterne: Die hinterlistige Schülerin,,23934,45063,0,-1,0,0,0,0,0,0,0,0,0,0,19593,137,335,0,3,35193088,0,268435458,0,0,0,-1,-1
42785,GEFAHR: Höhlenmutter Ylva,,23943,47897,0,-1,0,0,0,0,0,0,0,0,0,0,19598,136,347,0,3,37290304,0,268435456,0,0,0,-1,-1
42788,Der Seelenschlund: Die Rückkehr der Bestie,,23959,42253,0,-1,0,0,0,0,0,0,0,0,0,0,19575,137,347,0,3,35193088,0,268435458,0,0,0,-1,-1
42795,GESUCHT: Sanaar,,23963,38948,0,-1,0,0,0,0,0,0,0,0,0,0,20477,109,335,0,3,3735872,0,268435456,0,0,0,-1,-1
42796,GESUCHT: Brutmutter Shu'malis,,23964,38948,0,-1,0,0,0,0,0,0,0,0,0,0,20470,109,335,0,3,3735872,0,268435456,0,0,0,-1,-1
42797,GEFAHR: Sichelmeister Cil'raman,,25420,38948,0,-1,0,0,0,0,0,0,0,0,0,0,19187,136,335,0,3,3735872,0,268435456,0,0,0,-1,-1
42798,GEFAHR: Jägerin Estrid,,23968,47897,0,-1,0,0,0,0,0,0,0,0,0,0,19604,136,347,0,3,37290304,0,268435456,0,0,0,-1,-1
42799,GEFAHR: Oglok der Rasende,,23965,38948,0,-1,0,0,0,0,0,0,0,0,0,0,19610,136,335,0,3,3735872,0,268435456,0,0,0,-1,-1
42806,GEFAHR: Fjorlag der Grabeshauch,,23981,47897,0,-1,0,0,0,0,0,0,0,0,0,0,19618,136,347,0,3,37290304,0,268435456,0,0,0,-1,-1
42819,Taschenzauberer,,23996,45690,0,-1,0,0,0,0,0,0,0,0,0,0,19627,112,347,0,3,37290304,0,268435456,0,0,0,-1,-1
42820,GEFAHR: Aegir Wellenschmetterer,,23998,47897,0,-1,0,0,0,0,0,0,0,0,0,0,19632,136,347,0,3,37290304,0,268435456,0,0,0,-1,-1
42830,Ungezieferbehandlung,,24041,41007,0,-1,0,0,0,0,0,0,0,0,0,0,19642,135,335,0,3,37421312,0,268435456,0,0,0,-1,-1
42859,Ein Trank der Hoffnung,,24163,41006,0,-1,0,0,0,0,0,0,0,0,0,0,19687,135,335,0,3,41484544,0,268435456,0,0,0,-1,-1
42861,GEFAHR: Felssturz der Zerfressene,,24048,47897,0,-1,0,0,0,0,0,0,0,0,0,0,19646,136,347,0,3,37290304,0,268435456,0,0,0,-1,-1
42864,GEFAHR: Kapitän Dargun,,24053,47897,0,-1,0,0,0,0,0,0,0,0,0,0,19647,136,347,0,3,37290304,0,268435456,0,0,0,-1,-1
42870,GEFAHR: Kathaw der Wilde,,24061,47895,0,-1,0,0,0,0,0,0,0,0,0,0,19655,136,347,0,3,37290304,0,268435456,0,0,0,-1,-1
42880,Das erfüllte Soll,,24073,41007,0,-1,0,0,0,0,0,0,0,0,0,0,19657,135,335,0,3,37290240,0,268435456,0,0,0,-1,-1
42922,Das Verlies der Wächterinnen: Startsequenz,,24104,42902,0,-1,0,0,0,0,0,0,0,0,0,0,19666,137,347,0,3,35193088,0,268435458,0,0,0,-1,-1
42924,Das Verlies der Wächterinnen: Eine finstere Angelegenheit,,24112,42902,0,-1,0,0,0,0,0,0,0,0,0,0,19668,137,347,0,3,35193088,0,268435458,0,0,0,-1,-1
42926,Das Verlies der Wächterinnen: Wie ist er da hochgekommen?,,24114,42253,0,-1,0,0,0,0,0,0,0,0,0,0,19670,137,347,0,3,35193088,0,268435458,0,0,0,-1,-1
42927,GEFAHR: Malisandra,,24131,47895,0,-1,0,0,0,0,0,0,0,0,0,0,19663,136,347,0,3,37290304,0,268435456,0,0,0,-1,-1
42953,GEFAHR: Seelenbinderin Halldora,,24142,47897,0,-1,0,0,0,0,0,0,0,0,0,0,19673,136,347,0,3,37290304,0,268435456,0,0,0,-1,-1
42962,Geheime Korrespondenz,,24156,41006,0,-1,0,0,0,0,0,0,0,0,0,137299,19677,135,335,0,3,37421312,6,268435456,0,0,0,-1,-1
42963,GEFAHR: Rulf Knochenknacker,,24158,47897,0,-1,0,0,0,0,0,0,0,0,0,0,19678,136,347,0,3,37290304,0,268435456,0,0,0,-1,-1
42964,GEFAHR: Lagertha,,24159,47897,0,-1,0,0,0,0,0,0,0,0,0,0,19639,136,347,0,3,37290304,0,268435456,0,0,0,-1,-1
42969,Ein Spion unter uns,,24161,41006,0,-1,0,0,0,0,0,0,0,0,0,0,19685,135,335,0,3,41484544,2,268435456,0,0,0,-1,-1
42991,GEFAHR: Runenseher Sigvid,,24186,47897,0,-1,0,0,0,0,0,0,0,0,0,0,19690,136,347,0,3,37290304,0,268435456,0,0,0,-1,-1
43027,GEFAHR: Mortiferus,,24224,47901,0,-1,0,0,0,0,0,0,0,0,0,0,19697,136,347,0,3,37290304,0,268435456,0,0,0,-1,-1
43040,GEFAHR: Valakar der Durstige,,24255,47901,0,-1,0,0,0,0,0,0,0,0,0,0,19698,136,347,0,3,37290304,0,268435456,0,0,0,-1,-1
43059,GEFAHR: Fjordun,,24254,47901,0,-1,0,0,0,0,0,0,0,0,0,0,19699,136,347,0,3,37290304,0,268435456,0,0,0,-1,-1
43063,GEFAHR: Sturmfeder,,24707,47901,0,-1,0,0,0,0,0,0,0,0,0,0,19700,136,347,0,3,37290304,0,268435456,0,0,0,-1,-1
43072,GEFAHR: Die Flüsterin,,24267,47901,0,-1,0,0,0,0,0,0,0,0,0,0,19702,136,347,0,3,37290304,0,268435456,0,0,0,-1,-1
43079,GEFAHR: Feurio,,24706,47901,0,-1,0,0,0,0,0,0,0,0,0,0,19703,136,347,0,3,37290304,0,268435456,0,0,0,-1,-1
43091,GEFAHR: Arkanor Prime,,24289,47901,0,-1,0,0,0,0,0,0,0,0,0,0,19706,136,347,0,3,37290304,0,268435456,0,0,0,-1,-1
43098,GEFAHR: Marblub der Massive,,24295,47901,0,-1,0,0,0,0,0,0,0,0,0,0,19707,136,347,0,3,37290304,0,268435456,0,0,0,-1,-1
43101,GEFAHR: Hexendoktor Grgl-Brgl,,24348,47895,0,-1,0,0,0,0,0,0,0,0,0,0,19708,136,347,0,3,37290304,0,268435456,0,0,0,-1,-1
43121,GEFAHR: Hauptschatzmeister Jabril,,24376,47901,0,-1,0,0,0,0,0,0,0,0,0,0,19724,136,347,0,3,37290304,0,268435456,0,0,0,-1,-1
43152,GEFAHR: Lytheron,,24351,47895,0,-1,0,0,0,0,0,0,0,0,0,0,19730,136,347,0,3,37290304,0,268435456,0,0,0,-1,-1
43175,GEFAHR: Tiefenschere,,24375,47901,0,-1,0,0,0,0,0,0,0,0,0,0,19742,136,347,0,3,37290304,0,268435456,0,0,0,-1,-1
43183,Angriff auf den Turm der Wächterinnen: Die Sternenjägerwacht,,24387,143219,0,-1,0,0,0,0,0,0,0,0,0,0,18675,113,347,0,3,37290240,0,268435456,0,0,0,-1321907123,1427461461
43192,Schrecken der Tiefe,,24399,45690,0,-1,0,0,0,0,0,0,0,0,0,0,19603,112,347,0,3,37290304,0,268435456,0,0,0,-1,-1
43193,Unheilvolle Absichten,,24400,45690,0,-1,0,0,0,0,0,0,0,0,0,0,19695,112,347,0,3,37290304,0,268435456,0,0,0,-1,-1
43241,Fluss des Alptraums,,24451,45636,0,-1,0,0,0,0,0,0,0,0,0,0,0,0,990,0,3,34144256,0,268468224,0,0,0,-1,-1
43247,Angriff auf den Turm der Wächterinnen: Finsterfolgs Turm,,24457,143219,0,-1,0,0,0,0,0,0,0,0,0,0,18675,113,347,0,3,37290240,0,268435456,0,0,0,1309324210,-1440044374
43248,Angriff auf den Turm der Wächterinnen: Finsterfolgs Turm,,24458,143219,0,-1,0,0,0,0,0,0,0,0,0,0,18630,113,347,0,3,37290240,0,268435456,0,0,0,-1321907123,1427461461
43324,Zorn der Eulenbestien,,24566,47895,0,-1,0,0,0,0,0,0,0,0,0,0,19850,109,347,0,3,41484544,0,268435456,0,0,0,-1,-1
43325,Leyrennen,,24561,48387,0,-1,0,0,0,0,0,0,0,0,0,0,20478,109,347,0,3,35193088,0,268435456,0,0,0,-1,-1
43326,Erkunden,,24565,47904,0,-1,0,0,0,0,0,0,0,0,0,0,19852,109,347,0,3,35193088,0,268435456,0,0,0,-1,-1
43327,Die Magie des Flugs,,24567,47901,0,-1,0,0,0,0,0,0,0,0,0,0,20479,109,347,0,3,-2112290560,0,268435456,0,0,0,-1,-1
43328,Geheimnisvoll,,24568,47901,0,-1,0,0,0,0,0,0,0,0,0,0,20480,109,347,0,3,-2110193408,0,268435456,0,0,0,-1,-1
43330,Feuereffekt,,24570,47904,0,-1,0,0,0,0,0,0,0,0,0,0,19855,109,347,0,3,35193088,0,268435456,0,0,0,-1,-1
43332,Grell im Körbchen,,24574,47895,0,-1,0,0,0,0,0,0,0,0,0,0,19883,109,347,0,3,41484544,0,268435456,0,0,0,-1,-1
43333,GEFAHR: Nylaathria die Vergessene,,24578,47895,0,-1,0,0,0,0,0,0,0,0,0,0,19882,136,347,0,3,37290304,0,268435456,0,0,0,-1,-1
43336,Läuterung des Alptraums,,24581,47895,0,-1,0,0,0,0,0,0,0,0,0,0,19886,109,347,0,3,37290240,0,268435456,0,0,0,-1,-1
43344,GEFAHR: Aodh Welkblüte,,24599,47895,0,-1,0,0,0,0,0,0,0,0,0,0,19941,136,347,0,3,37290304,0,268435456,0,0,0,-1,-1
43345,GEFAHR: Herold der Schreie,,24603,47895,0,-1,0,0,0,0,0,0,0,0,0,0,19943,136,347,0,3,37290304,0,268435456,0,0,0,-1,-1
43346,GEFAHR: Ealdis,,24605,47895,0,-1,0,0,0,0,0,0,0,0,0,0,19954,136,347,0,3,37290304,0,268435456,0,0,0,-1,-1
43347,GEFAHR: Rabxach,,24608,47895,0,-1,0,0,0,0,0,0,0,0,0,0,19937,136,347,0,3,37290304,0,268435456,0,0,0,-1,-1
43426,GESUCHT: Brogozog,,24705,47901,0,-1,0,0,0,0,0,0,0,0,0,0,19737,109,347,0,3,3735872,0,268435456,0,0,0,-1,-1
43427,GESUCHT: Höllenbestienfürst,,24702,47901,0,-1,0,0,0,0,0,0,0,0,0,0,19739,109,347,0,3,3735872,0,268435456,0,0,0,-1,-1
43428,GESUCHT: Verdammnislord Kazrok,,24703,47901,0,-1,0,0,0,0,0,0,0,0,0,0,19738,109,347,0,3,3735872,0,268435456,0,0,0,-1,-1
43429,GESUCHT: Syphonus,,24700,47901,0,-1,0,0,0,0,0,0,0,0,0,0,19753,109,347,0,3,3735872,0,268435456,0,0,0,-1,-1
43430,GESUCHT: Hauptmann Volo'ren,,24704,47901,0,-1,0,0,0,0,0,0,0,0,0,0,19758,109,347,0,3,3735872,0,268435456,0,0,0,-1,-1
43431,GESUCHT: Kriegshetzer Mox'na,,24693,47901,0,-1,0,0,0,0,0,0,0,0,0,0,19970,109,347,0,3,3735872,0,268435456,0,0,0,-1,-1
43432,GESUCHT: Normantis der Entthronte,,24701,47901,0,-1,0,0,0,0,0,0,0,0,0,0,19781,109,347,0,3,3735872,0,268435456,0,0,0,-1,-1
43434,GESUCHT: Fathnyr,,24699,47897,0,-1,0,0,0,0,0,0,0,0,0,0,19792,109,347,0,3,3735872,0,268435456,0,0,0,-1,-1
43435,Die Schlacht geht weiter,,24697,45616,0,-1,0,0,0,0,0,0,0,0,0,0,19973,109,335,0,3,37290240,8194,268435456,0,0,0,-1,-1
43436,GESUCHT: Glimar Eisenfaust,,24698,47897,0,-1,0,0,0,0,0,0,0,0,0,0,19895,109,347,0,3,3735872,0,268435456,0,0,0,-1,-1
43437,GESUCHT: Than Irglov,,24709,47897,0,-1,0,0,0,0,0,0,0,0,0,0,19900,109,347,0,3,3735872,0,268435456,0,0,0,-1,-1
43438,GESUCHT: Der Namenlose König,,24721,47897,0,-1,0,0,0,0,0,0,0,0,0,0,19905,109,347,0,3,3735872,0,268435456,0,0,0,-1,-1
43445,Luftüberlegenheit,,24715,41856,0,-1,0,0,0,0,0,0,0,0,0,0,19974,109,335,0,3,41484544,8192,268435456,0,0,0,-1,-1
43448,Der gefrorene König,,24719,45690,0,-1,0,0,0,0,0,0,0,0,0,0,19975,112,347,0,3,37290304,0,268435456,0,0,0,-1,-1
43450,GESUCHT: Tiptog der Verlorene,,24722,47897,0,-1,0,0,0,0,0,0,0,0,0,0,19911,109,347,0,3,3735872,0,268435456,0,0,0,-1,-1
43451,GESUCHT: Urgev der Schinder,,24724,47897,0,-1,0,0,0,0,0,0,0,0,0,0,19917,109,347,0,3,3735872,0,268435456,0,0,0,-1,-1
43452,GESUCHT: Isel der Hammer,,24723,47897,0,-1,0,0,0,0,0,0,0,0,0,0,19922,109,347,0,3,3735872,0,268435456,0,0,0,-1,-1
43453,GESUCHT: Hannval der Schlächter,,24725,47897,0,-1,0,0,0,0,0,0,0,0,0,0,19927,109,347,0,3,3735872,0,268435456,0,0,0,-1,-1
43454,GESUCHT: Egyl der Ausdauernde,,24726,47897,0,-1,0,0,0,0,0,0,0,0,0,0,19934,109,347,0,3,3735872,0,268435456,0,0,0,-1,-1
43455,GESUCHT: Verschlingende Finsternis,,25419,47899,0,-1,0,0,0,0,0,0,0,0,0,0,19800,109,347,0,3,3735872,0,268435456,0,0,0,-1,-1
43456,GESUCHT: Skul'vrax,,24727,47895,0,-1,0,0,0,0,0,0,0,0,0,0,19806,109,347,0,3,3735872,0,268435456,0,0,0,-1,-1
43457,GESUCHT: Theryssia,,24728,47895,0,-1,0,0,0,0,0,0,0,0,0,0,19811,109,347,0,3,3735872,0,268435456,0,0,0,-1,-1
43458,GESUCHT: Perrexx,,24729,47895,0,-1,0,0,0,0,0,0,0,0,0,0,19816,109,347,0,3,3735872,0,268435456,0,0,0,-1,-1
43459,GESUCHT: Thondrax,,24730,47895,0,-1,0,0,0,0,0,0,0,0,0,0,19822,109,347,0,3,3735872,0,268435456,0,0,0,-1,-1
43460,GESUCHT: Kiranys Abendwisper,,24731,47895,0,-1,0,0,0,0,0,0,0,0,0,0,19951,109,347,0,3,3735872,0,268435456,0,0,0,-1,-1
43483,Teufelsvernichtung,,24761,41989,0,-1,0,0,0,0,0,0,0,0,0,0,0,0,345,0,3,39387136,8192,268435456,0,0,0,-1,-1
43512,Ana-Mouz,,24785,45690,0,-1,0,0,0,0,0,0,0,0,0,0,20023,112,335,0,3,37290304,0,268435456,0,0,0,-1,-1
43513,Na'zak das Scheusal,,24786,45690,0,-1,0,0,0,0,0,0,0,0,0,0,20025,112,335,0,3,37290304,0,268435456,0,0,0,-1,-1
43583,Das Leben findet einen Weg,,24866,42874,0,-1,0,0,0,0,0,0,0,0,0,0,20027,109,335,0,3,41484544,0,268435456,0,0,0,-1,-1
43598,Angriff auf den Turm der Wächterinnen: Das Schwarzfalkenbollwerk,,24883,143218,0,-1,0,0,0,0,0,0,0,0,0,0,18753,113,347,0,3,37290240,0,268435456,0,0,0,1309324210,-1440044374
43599,Angriff auf den Turm der Wächterinnen: Das Schwarzfalkenbollwerk,,24884,143218,0,-1,0,0,0,0,0,0,0,0,0,0,18752,113,347,0,3,37290240,0,268435456,0,0,0,-1321907123,1427461461
43600,Angriff auf den Turm der Wächterinnen: Wisperwinds Zitadelle,,24885,143218,0,-1,0,0,0,0,0,0,0,0,0,0,18752,113,347,0,3,37290240,0,268435456,0,0,0,1309324210,-1440044374
43601,Angriff auf den Turm der Wächterinnen: Wisperwinds Zitadelle,,24886,143218,0,-1,0,0,0,0,0,0,0,0,0,0,18753,113,347,0,3,37290240,0,268435456,0,0,0,-1321907123,1427461461
43605,GESUCHT: Arkanist Shal'iman,,25283,47901,0,-1,0,0,0,0,0,0,0,0,0,0,19718,135,347,0,3,3735872,0,268435456,0,0,0,-1,-1
43606,GESUCHT: Arkavellus,,25282,47901,0,-1,0,0,0,0,0,0,0,0,0,0,19717,135,347,0,3,3735872,0,268435456,0,0,0,-1,-1
43607,GESUCHT: Brogozog,,25281,47901,0,-1,0,0,0,0,0,0,0,0,0,0,19710,135,347,0,3,3735872,0,268435456,0,0,0,-1,-1
43608,GESUCHT: Hauptmann Volo'ren,,25280,47901,0,-1,0,0,0,0,0,0,0,0,0,0,19757,135,347,0,3,3735872,0,268435456,0,0,0,-1,-1
43609,GESUCHT: Verdammnislord Kazrok,,25279,47901,0,-1,0,0,0,0,0,0,0,0,0,0,19734,135,347,0,3,3735872,0,268435456,0,0,0,-1,-1
43610,GESUCHT: Höllenbestienfürst,,25278,47901,0,-1,0,0,0,0,0,0,0,0,0,0,19728,135,347,0,3,3735872,0,268435456,0,0,0,-1,-1
43611,GESUCHT: Inquisitor Tivos,,25277,47901,0,-1,0,0,0,0,0,0,0,0,0,0,19716,135,347,0,3,3735872,0,268435456,0,0,0,-1,-1
43612,GESUCHT: Normantis der Entthronte,,25276,47901,0,-1,0,0,0,0,0,0,0,0,0,0,19766,135,347,0,3,3735872,0,268435456,0,0,0,-1,-1
43613,GESUCHT: Syphonus,,25274,47901,0,-1,0,0,0,0,0,0,0,0,0,0,19752,135,347,0,3,3735872,0,268435456,0,0,0,-1,-1
43614,GESUCHT: Vorthax,,25275,47901,0,-1,0,0,0,0,0,0,0,0,0,0,19715,135,347,0,3,3735872,0,268435456,0,0,0,-1,-1
43615,GESUCHT: Kriegshetzer Mox'na,,25273,47901,0,-1,0,0,0,0,0,0,0,0,0,0,19762,135,347,0,3,3735872,0,268435456,0,0,0,-1,-1
43616,GESUCHT: Bodash der Hamsterer,,25301,47899,0,-1,0,0,0,0,0,0,0,0,0,0,19944,135,347,0,3,3735872,0,268435456,0,0,0,-1,-1
43617,GESUCHT: Verschlingende Finsternis,,25300,47899,0,-1,0,0,0,0,0,0,0,0,0,0,19799,135,347,0,3,3735872,0,268435456,0,0,0,-1,-1
43618,GESUCHT: Gurbog der Klopper,,25299,47899,0,-1,0,0,0,0,0,0,0,0,0,0,19939,135,347,0,3,3735872,0,268435456,0,0,0,-1,-1
43619,GESUCHT: Shara Teufelshauch,,25298,47899,0,-1,0,0,0,0,0,0,0,0,0,0,19834,135,347,0,3,3735872,0,268435456,0,0,0,-1,-1
43620,GESUCHT: Egyl der Ausdauernde,,25297,47897,0,-1,0,0,0,0,0,0,0,0,0,0,19932,135,347,0,3,3735872,0,268435456,0,0,0,-1,-1
43621,GESUCHT: Fathnyr,,25296,47897,0,-1,0,0,0,0,0,0,0,0,0,0,19791,135,347,0,3,3735872,0,268435456,0,0,0,-1,-1
43622,GESUCHT: Glimar Eisenfaust,,25295,47897,0,-1,0,0,0,0,0,0,0,0,0,0,19894,135,347,0,3,3735872,0,268435456,0,0,0,-1,-1
43623,GESUCHT: Hannval der Schlächter,,25294,47897,0,-1,0,0,0,0,0,0,0,0,0,0,19925,135,347,0,3,3735872,0,268435456,0,0,0,-1,-1
43624,GESUCHT: Isel der Hammer,,25293,47897,0,-1,0,0,0,0,0,0,0,0,0,0,19920,135,347,0,3,3735872,0,268435456,0,0,0,-1,-1
43625,GESUCHT: Der Namenlose König,,25292,47897,0,-1,0,0,0,0,0,0,0,0,0,0,19904,135,347,0,3,3735872,0,268435456,0,0,0,-1,-1
43626,GESUCHT: Than Irglov,,25291,47897,0,-1,0,0,0,0,0,0,0,0,0,0,19897,135,347,0,3,3735872,0,268435456,0,0,0,-1,-1
43627,GESUCHT: Tiptog der Verlorene,,25290,47897,0,-1,0,0,0,0,0,0,0,0,0,0,19909,135,347,0,3,3735872,0,268435456,0,0,0,-1,-1
43628,GESUCHT: Urgev der Schinder,,25289,47897,0,-1,0,0,0,0,0,0,0,0,0,0,19915,135,347,0,3,3735872,0,268435456,0,0,0,-1,-1
43629,GESUCHT: Kiranys Abendwisper,,25288,47895,0,-1,0,0,0,0,0,0,0,0,0,0,19949,135,347,0,3,3735872,0,268435456,0,0,0,-1,-1
43630,GESUCHT: Perrexx,,25287,47895,0,-1,0,0,0,0,0,0,0,0,0,0,19815,135,347,0,3,3735872,0,268435456,0,0,0,-1,-1
43631,GESUCHT: Skul'vrax,,25286,47895,0,-1,0,0,0,0,0,0,0,0,0,0,19805,135,347,0,3,3735872,0,268435456,0,0,0,-1,-1
43632,GESUCHT: Theryssia,,25285,47895,0,-1,0,0,0,0,0,0,0,0,0,0,19810,135,347,0,3,3735872,0,268435456,0,0,0,-1,-1
43633,GESUCHT: Thondrax,,25284,47895,0,-1,0,0,0,0,0,0,0,0,0,0,19821,135,347,0,3,3735872,0,268435456,0,0,0,-1,-1
43637,Der Arkus: Verstopfter Abfluss,,24897,45060,0,-1,0,0,0,0,0,0,0,0,0,0,20040,137,335,0,3,35193088,0,268435458,0,0,0,-1,-1
43638,Der Arkus: Silberschlange,,24898,45060,0,-1,0,0,0,0,0,0,0,0,0,0,20052,137,335,0,3,35193088,0,268435458,0,0,0,-1,-1
43639,Der Arkus: Arkanist in Nöten,,24899,45060,0,-1,0,0,0,0,0,0,0,0,0,0,20053,137,335,0,3,35193088,0,268435458,0,0,0,-1,-1
43640,Der Arkus: Schleichendes Misstrauen,,24900,45060,0,-1,0,0,0,0,0,0,0,0,0,0,20054,137,335,0,3,35193088,0,268435458,0,0,0,-1,-1
43641,Der Arkus: Wandernde Seuche,,24901,45060,0,-1,0,0,0,0,0,0,0,0,0,0,20055,137,335,0,3,35193088,0,268435458,0,0,0,-1,-1
43642,Rabenwehr: Der Kummer,,24905,42253,0,-1,0,0,0,0,0,0,0,0,0,0,20058,137,347,0,3,35193088,0,268435458,0,0,0,-1,-1
43709,Keulen machen Beulen,,25022,47895,0,-1,0,0,0,0,0,0,0,0,0,0,20105,109,347,0,3,41484544,0,268435456,0,0,0,-1,-1
43710,Dunkle Runen,,25049,47897,0,-1,0,0,0,0,0,0,0,0,0,0,20108,109,347,0,3,37290240,0,268435456,41694,0,0,-1,-1
43711,Rabenwehr: ...Mit Feuer!,,25045,42253,0,-1,0,0,0,0,0,0,0,0,0,0,20090,137,347,0,3,35193088,0,268435458,0,0,0,-1,-1
43712,Rabenwehr: Der verrückte Arkanist,,25047,42253,0,-1,0,0,0,0,0,0,0,0,0,0,20102,137,347,0,3,35193088,0,268435458,0,0,0,-1,-1
43714,Rabenwehr: Schlimmer geht's nicht,,25048,42253,0,-1,0,0,0,0,0,0,0,0,0,0,20113,137,347,0,3,35193088,0,268435458,0,0,0,-1,-1
43721,Die Helarjar sind aufgetaucht,,25059,47897,0,-1,0,0,0,0,0,0,0,0,0,0,20116,136,347,0,3,37290240,0,268435456,41694,0,0,-1,-1
43722,Heilige Knochen,,26355,47897,0,-1,0,0,0,0,0,0,0,0,0,0,20117,136,347,0,3,37290240,0,268435456,41694,0,0,-1,-1
43738,Düsternis an der Küste,,25081,47895,0,-1,0,0,0,0,0,0,0,0,0,0,20122,109,347,0,3,41484544,8192,268435456,0,0,0,-1,-1
43745,Ausdünnung der Brut des Sturms,,25061,47897,0,-1,0,0,0,0,0,0,0,0,0,0,20123,136,347,0,3,37290240,0,268435456,41694,0,0,-1,-1
43751,Klar Schiff machen,,25093,47897,0,-1,0,0,0,0,0,0,0,0,0,0,20138,109,347,0,3,41484544,0,268435456,41694,0,0,-1321907123,1427461461
43752,Klar Schiff machen,,25131,47897,0,-1,0,0,0,0,0,0,0,0,0,0,20138,109,347,0,3,41484544,0,268435456,41694,0,0,1309324210,-1440044374
43753,Leyrennen,,25094,47895,0,-1,0,0,0,0,0,0,0,0,0,0,20490,109,347,0,3,35193088,0,268435456,0,0,0,-1,-1
43754,Erkunden,,25095,47894,0,-1,0,0,0,0,0,0,0,0,0,0,19877,109,347,0,3,35193088,0,268435456,0,0,0,-1,-1
43755,Die Magie des Flugs,,25096,47895,0,-1,0,0,0,0,0,0,0,0,0,0,20491,109,347,0,3,-2112290560,0,268435456,0,0,0,-1,-1
43756,Geheimnisvoll,,25097,47895,0,-1,0,0,0,0,0,0,0,0,0,0,20492,109,347,0,3,-2110193408,0,268435456,0,0,0,-1,-1
43757,Feuereffekt,,25098,47894,0,-1,0,0,0,0,0,0,0,0,0,0,19880,109,347,0,3,35193088,0,268435456,0,0,0,-1,-1
43758,Dämmerung auf Schritt und Tritt,,25101,47895,0,-1,0,0,0,0,0,0,0,0,0,0,20136,109,347,0,3,41484544,8192,268435456,0,0,0,-1,-1
43759,Wo geht's zum Riff?,,25102,47895,0,-1,0,0,0,0,0,0,0,0,0,0,20139,109,347,0,3,41484544,8192,268435456,0,0,0,-1,-1
43762,Rabenwehr: Tod des Verräters,,25107,42253,0,-1,0,0,0,0,0,0,0,0,0,0,20120,137,347,0,3,35193088,0,268435458,0,0,0,-1,-1
43764,Leyrennen,,25109,47899,0,-1,0,0,0,0,0,0,0,0,0,0,20481,109,347,0,3,35193088,0,268435456,0,0,0,-1,-1
43765,Erkunden,,25110,47900,0,-1,0,0,0,0,0,0,0,0,0,0,19858,109,347,0,3,35193088,0,268435456,0,0,0,-1,-1
43766,Die Magie des Flugs,,25111,47899,0,-1,0,0,0,0,0,0,0,0,0,0,20482,109,347,0,3,-2112290560,0,268435456,0,0,0,-1,-1
43767,Geheimnisvoll,,25112,48385,0,-1,0,0,0,0,0,0,0,0,0,0,20483,109,347,0,3,-2110193408,0,268435456,0,0,0,-1,-1
43768,Feuereffekt,,25113,47900,0,-1,0,0,0,0,0,0,0,0,0,0,19862,109,347,0,3,35193088,0,268435456,0,0,0,-1,-1
43769,Leyrennen,,25114,47897,0,-1,0,0,0,0,0,0,0,0,0,0,20484,109,347,0,3,35193088,0,268435456,0,0,0,-1,-1
43770,Erkunden,,25115,47898,0,-1,0,0,0,0,0,0,0,0,0,0,19865,109,347,0,3,35193088,0,268435456,0,0,0,-1,-1
43771,Die Magie des Flugs,,25116,48386,0,-1,0,0,0,0,0,0,0,0,0,0,20485,109,347,0,3,-2112290560,0,268435456,0,0,0,-1,-1
43772,Geheimnisvoll,,25117,47897,0,-1,0,0,0,0,0,0,0,0,0,0,20486,109,347,0,3,-2110193408,0,268435456,0,0,0,-1,-1
43773,Feuereffekt,,25118,47898,0,-1,0,0,0,0,0,0,0,0,0,0,19868,109,347,0,3,35193088,0,268435456,0,0,0,-1,-1
43774,Leyrennen,,25120,38948,0,-1,0,0,0,0,0,0,0,0,0,0,20487,109,335,0,3,35193088,0,268435456,0,0,0,-1,-1
43776,Erkunden,,25121,42886,0,-1,0,0,0,0,0,0,0,0,0,0,19871,109,335,0,3,35193088,0,268435456,0,0,0,-1,-1
43777,Die Magie des Flugs,,25122,38948,0,-1,0,0,0,0,0,0,0,0,0,0,20488,109,335,0,3,-2112290560,0,268435456,0,0,0,-1,-1
43778,Geheimnisvoll,,25123,38948,0,-1,0,0,0,0,0,0,0,0,0,0,20489,109,335,0,3,-2110193408,0,268435456,0,0,0,-1,-1
43784,Was für ein Alptraum,,25127,47895,0,-1,0,0,0,0,0,0,0,0,0,0,20153,109,347,0,3,41484544,0,268435456,0,0,0,-1,-1
43786,Pestnester,,25149,47897,0,-1,0,0,0,0,0,0,0,0,0,0,20159,109,347,0,3,37290240,0,268435456,41694,0,0,-1,-1
43798,GEFAHR: Kosumoth der Hungernde,,25156,42706,0,-1,0,0,0,0,0,0,0,0,0,0,20161,136,347,0,3,37290304,0,268435456,0,0,0,-1,-1
43801,Panzerknacken für Fortgeschrittene,,25163,47901,0,-1,0,0,0,0,0,0,0,0,0,0,20162,136,347,0,3,37290240,0,268435456,41694,0,0,-1,-1
43802,Nasse Gräber,,25164,47901,0,-1,0,0,0,0,0,0,0,0,0,0,20163,136,347,0,3,37290240,0,268435456,41694,0,0,-1,-1
43803,Ein riesiges Murlocproblem,,25165,47901,0,-1,0,0,0,0,0,0,0,0,0,0,20164,136,347,0,3,37290240,0,268435456,41694,0,0,-1,-1
43804,Verhasste Hassnattern,,25167,47901,0,-1,0,0,0,0,0,0,0,0,0,0,20165,136,347,0,3,37290240,0,268435456,41694,0,0,-1,-1
43805,Meucheln unter Wasser,,25168,47901,0,-1,0,0,0,0,0,0,0,0,0,0,20166,136,347,0,3,37290240,0,268435456,41694,0,0,-1,-1
43807,Verdorrte Streitereien: Zinnobertal,,25171,44105,0,-1,0,0,0,0,0,0,0,0,0,0,20167,109,335,0,3,37290240,8192,268435456,0,0,0,-1,-1
43814,Unaussprechliche Kollaborateure,,25180,42728,0,-1,0,0,0,0,0,0,0,0,0,0,20171,136,335,0,3,36765960,0,268435456,0,0,0,-1,-1
43827,Sturm der Sturmschwingen,,25190,42766,0,-1,0,0,0,0,0,0,0,0,0,129161,20177,109,347,0,3,41615616,8192,268435456,41694,0,0,-1,-1
43930,Unholde von Tel'anor,,25264,45617,0,-1,0,0,0,0,0,0,0,0,0,0,20205,109,335,0,3,37290240,0,268435456,0,0,0,-1,-1
43932,Mächte der Unterdrückung,,25302,41006,0,-1,0,0,0,0,0,0,0,0,0,0,20207,135,335,0,3,37290240,0,268435456,0,0,0,-1,-1
43942,Verwittertes Artefakt,,25304,132203,0,-1,0,0,0,0,0,0,0,0,0,140249,0,0,331,0,2,33554432,0,268435968,0,0,0,-1,-1
43943,Ausbildung der Verdorrtenarmee,,25306,44828,0,-1,0,0,0,0,0,0,0,0,0,0,20222,109,335,0,3,34144576,0,268435456,44636,0,0,-1,-1
43951,Eine überfällige Schuld,,25318,47897,0,-1,0,0,0,0,0,0,0,0,0,0,20226,109,347,0,3,37290240,0,268435456,41694,0,0,-1,-1
43959,Erpressung von Haus Stelleris,,25328,42728,0,-1,0,0,0,0,0,0,0,0,0,0,20228,136,335,0,3,37290240,0,268435456,0,0,0,-1,-1
43963,Vampiraten!,,25337,47897,0,-1,0,0,0,0,0,0,0,0,0,0,20233,109,347,0,3,37290240,0,268435456,41694,0,0,-1,-1
43964,Ein Festmahl für den Jarl,,25393,42474,0,-1,0,0,0,0,0,0,0,0,0,0,18956,109,347,0,3,37290240,0,268435456,41694,0,0,-1,-1
43985,Dunkle Gezeiten,,25377,45690,0,-1,0,0,0,0,0,0,0,0,0,0,20267,112,347,0,3,37290304,0,268435456,0,0,0,-1,-1
44002,Unterwasservermessung,,25389,41005,0,-1,0,0,0,0,0,0,0,0,0,0,20298,109,335,0,3,37290240,0,268435456,0,0,0,-1,-1
44010,GESUCHT: Oreth der Grässliche,,25405,38948,0,-1,0,0,0,0,0,0,0,0,0,0,20260,109,335,0,3,3735872,0,268435456,0,0,0,-1,-1
44011,Verlorener Irrwisch,,25404,47895,0,-1,0,0,0,0,0,0,0,0,0,0,20349,109,347,0,3,41484544,8192,268435456,0,0,0,-1,-1
44012,GESUCHT: Belagerungsmeister Aedrin,,25406,38948,0,-1,0,0,0,0,0,0,0,0,0,0,20266,109,335,0,3,3735872,0,268435456,0,0,0,-1,-1
44013,GESUCHT: Wächter Thor'el,,25407,38948,0,-1,0,0,0,0,0,0,0,0,0,0,20272,109,335,0,3,3735872,0,268435456,0,0,0,-1,-1
44015,GESUCHT: Mal'Dreth der Verderber,,25412,38948,0,-1,0,0,0,0,0,0,0,0,0,0,20277,109,335,0,3,3735872,0,268435456,0,0,0,-1,-1
44016,GESUCHT: Cadraeus,,25418,38948,0,-1,0,0,0,0,0,0,0,0,0,0,20282,109,335,0,3,3735872,0,268435456,0,0,0,-1,-1
44017,GESUCHT: Apotheker Faldren,,25414,38948,0,-1,0,0,0,0,0,0,0,0,0,0,20287,109,335,0,3,3735872,0,268435456,0,0,0,-1,-1
44018,GESUCHT: Magister Phaedris,,25415,38948,0,-1,0,0,0,0,0,0,0,0,0,0,20292,109,335,0,3,3735872,0,268435456,0,0,0,-1,-1
44019,GESUCHT: Leutnant Strathmar,,25416,38948,0,-1,0,0,0,0,0,0,0,0,0,0,20297,109,335,0,3,3735872,0,268435456,0,0,0,-1,-1
44021,GESUCHT: Hertha Grimmdottir,,25413,38948,0,-1,0,0,0,0,0,0,0,0,0,0,20303,109,335,0,3,3735872,0,268435456,0,0,0,-1,-1
44022,GESUCHT: Shal'an,,25417,38948,0,-1,0,0,0,0,0,0,0,0,0,0,20322,109,335,0,3,3735872,0,268435456,0,0,0,-1,-1
44023,GESUCHT: Belagerungsmeister Aedrin,,25421,38948,0,-1,0,0,0,0,0,0,0,0,0,0,20262,135,335,0,3,3735872,0,268435456,0,0,0,-1,-1
44024,GESUCHT: Shal'an,,25422,38948,0,-1,0,0,0,0,0,0,0,0,0,0,20320,135,335,0,3,3735872,0,268435456,0,0,0,-1,-1
44025,GESUCHT: Oreth der Grässliche,,25423,38948,0,-1,0,0,0,0,0,0,0,0,0,0,20259,135,335,0,3,3735872,0,268435456,0,0,0,-1,-1
44026,GESUCHT: Mal'Dreth der Verderber,,25424,38948,0,-1,0,0,0,0,0,0,0,0,0,0,20276,135,335,0,3,3735872,0,268435456,0,0,0,-1,-1
44027,GESUCHT: Magister Phaedris,,25425,38948,0,-1,0,0,0,0,0,0,0,0,0,0,20291,135,335,0,3,3735872,0,268435456,0,0,0,-1,-1
44028,GESUCHT: Leutnant Strathmar,,25426,38948,0,-1,0,0,0,0,0,0,0,0,0,0,20296,135,335,0,3,3735872,0,268435456,0,0,0,-1,-1
44029,GESUCHT: Hertha Grimmdottir,,25427,38948,0,-1,0,0,0,0,0,0,0,0,0,0,20302,135,335,0,3,3735872,0,268435456,0,0,0,-1,-1
44030,GESUCHT: Wächter Thor'el,,25428,38948,0,-1,0,0,0,0,0,0,0,0,0,0,20268,135,335,0,3,3735872,0,268435456,0,0,0,-1,-1
44031,GESUCHT: Cadraeus,,25429,38948,0,-1,0,0,0,0,0,0,0,0,0,0,20281,135,335,0,3,3735872,0,268435456,0,0,0,-1,-1
44032,GESUCHT: Apotheker Faldren,,25430,38948,0,-1,0,0,0,0,0,0,0,0,0,0,20286,135,335,0,3,3735872,0,268435456,0,0,0,-1,-1
44033,Auf die Nüsse,,25436,47895,0,-1,0,0,0,0,0,0,0,0,0,0,20357,109,347,0,3,41484544,0,268435456,0,0,0,-1,-1
44044,Teuflische Experimente,,25458,47901,0,-1,0,0,0,0,0,0,0,0,0,0,20363,136,347,0,3,37290240,0,268435456,0,0,0,-1,-1
44048,Alles Nagana?,,25465,47901,0,-1,0,0,0,0,0,0,0,0,0,0,20365,136,347,0,3,37290240,0,268435456,0,0,0,-1,-1
44049,Das Böse hat viele Beine,,25466,47901,0,-1,0,0,0,0,0,0,0,0,0,0,20366,136,347,0,3,37290240,0,268435456,0,0,0,-1,-1
44050,Der Dämonenpakt muss fallen,,25471,47901,0,-1,0,0,0,0,0,0,0,0,0,0,20367,136,347,0,3,37290240,0,268435456,0,0,0,-1,-1
44054,Dämonizid,,25475,47901,0,-1,0,0,0,0,0,0,0,0,0,0,20368,136,347,0,3,37290240,0,268435456,0,0,0,-1,-1
44067,Kräfte sammeln,,25493,42728,0,-1,0,0,0,0,0,0,0,0,0,141253,20376,136,335,0,3,37421312,0,268435456,0,0,0,-1,-1
44113,GEFAHR: Achronos,,25544,38948,0,-1,0,0,0,0,0,0,0,0,0,0,20421,136,335,0,3,37290304,0,268435456,0,0,0,-1,-1
44114,GEFAHR: Magistrix Vilessa,,25545,38948,0,-1,0,0,0,0,0,0,0,0,0,0,20422,136,335,0,3,37290304,0,268435456,0,0,0,-1,-1
44118,GEFAHR: Auditor Esiel,,25550,38948,0,-1,0,0,0,0,0,0,0,0,0,0,20425,136,335,0,3,37290304,0,268435456,0,0,0,-1,-1
44119,GEFAHR: Volshax der Willensbrecher,,25551,38948,0,-1,0,0,0,0,0,0,0,0,0,0,20426,136,335,0,3,37290304,0,268435456,0,0,0,-1,-1
44121,GEFAHR: Az'jatar,,25553,38948,0,-1,0,0,0,0,0,0,0,0,0,0,20428,136,335,0,3,3735872,0,268435456,0,0,0,-1,-1
44122,GEFAHR: Sorallus,,25554,38948,0,-1,0,0,0,0,0,0,0,0,0,0,20430,136,335,0,3,3735872,0,268435456,0,0,0,-1,-1
44157,Verdorrte Streitereien: Tel'anor,,25589,44105,0,-1,0,0,0,0,0,0,0,0,0,0,20439,109,335,0,3,37290240,8192,268435456,0,0,0,-1,-1
44158,Verdorrte Streitereien: Falanaar,,25590,44105,0,-1,0,0,0,0,0,0,0,0,0,0,20440,109,335,0,3,37290240,8192,268435456,0,0,0,-1,-1
44185,GESUCHT: Sanaar,,25617,38948,0,-1,0,0,0,0,0,0,0,0,0,0,20476,135,335,0,3,3735872,0,268435456,0,0,0,-1,-1
44186,GESUCHT: Brutmutter Shu'malis,,25618,38948,0,-1,0,0,0,0,0,0,0,0,0,0,20468,135,335,0,3,3735872,0,268435456,0,0,0,-1,-1
44187,GEFAHR: Glutschwinge,,25621,47901,0,-1,0,0,0,0,0,0,0,0,0,0,20504,136,347,0,3,37290304,0,268435456,0,0,0,-1,-1
44189,GEFAHR: Bestrix,,25622,47901,0,-1,0,0,0,0,0,0,0,0,0,0,20503,136,347,0,3,37290304,0,268435456,0,0,0,-1,-1
44190,GEFAHR: Jade Dunkelhafen,,25623,47901,0,-1,0,0,0,0,0,0,0,0,0,0,20505,136,347,0,3,37290304,0,268435456,0,0,0,-1,-1
44191,GEFAHR: Karthax,,25624,47901,0,-1,0,0,0,0,0,0,0,0,0,0,20506,136,347,0,3,37290304,0,268435456,0,0,0,-1,-1
44192,GEFAHR: Lysanis Schattenseele,,25625,47901,0,-1,0,0,0,0,0,0,0,0,0,0,20507,136,347,0,3,37290304,0,268435456,0,0,0,-1,-1
44193,GEFAHR: Meereskönig Tidross,,25626,47901,0,-1,0,0,0,0,0,0,0,0,0,0,20508,136,347,0,3,37290304,0,268435456,0,0,0,-1,-1
44194,GEFAHR: Torrentius,,25627,47901,0,-1,0,0,0,0,0,0,0,0,0,0,20509,136,347,0,3,37290304,0,268435456,0,0,0,-1,-1
44287,TÖDLICH: Verdorrter J'im,,25801,45690,0,-1,0,0,0,0,0,0,0,0,0,0,20358,112,347,0,3,37290304,0,268435456,0,0,0,-1,-1
44289,GESUCHT: Arru,,25806,47899,0,-1,0,0,0,0,0,0,0,0,0,0,20554,135,347,0,3,3735872,0,268435456,0,0,0,-1,-1
44290,GESUCHT: Borstenschlund,,25807,47899,0,-1,0,0,0,0,0,0,0,0,0,0,20570,135,347,0,3,3735872,0,268435456,0,0,0,-1,-1
44291,GESUCHT: Krähenschropf der Hungrige,,25808,47899,0,-1,0,0,0,0,0,0,0,0,0,0,20575,135,347,0,3,3735872,0,268435456,0,0,0,-1,-1
44292,GESUCHT: Majestätisches Urhorn,,25809,47899,0,-1,0,0,0,0,0,0,0,0,0,0,20551,135,347,0,3,3735872,0,268435456,0,0,0,-1,-1
44293,GESUCHT: Schlummer,,25810,47899,0,-1,0,0,0,0,0,0,0,0,0,0,20545,135,347,0,3,3735872,0,268435456,0,0,0,-1,-1
44294,GESUCHT: Sekhan,,25811,47899,0,-1,0,0,0,0,0,0,0,0,0,0,20548,135,347,0,3,3735872,0,268435456,0,0,0,-1,-1
44298,GESUCHT: Terrormoor,,25815,47895,0,-1,0,0,0,0,0,0,0,0,0,0,20582,109,347,0,3,3735872,0,268435456,0,0,0,-1,-1
44299,GESUCHT: Grauschatten,,25816,47895,0,-1,0,0,0,0,0,0,0,0,0,0,20588,109,347,0,3,3735872,0,268435456,0,0,0,-1,-1
44300,GESUCHT: Sehsei,,25817,47895,0,-1,0,0,0,0,0,0,0,0,0,0,20593,109,347,0,3,3735872,0,268435456,0,0,0,-1,-1
44301,GESUCHT: Bahagar,,25818,47895,0,-1,0,0,0,0,0,0,0,0,0,0,20602,109,347,0,3,3735872,0,268435456,0,0,0,-1,-1
44302,GESUCHT: Sehsei,,25819,47895,0,-1,0,0,0,0,0,0,0,0,0,0,20592,135,347,0,3,3735872,0,268435456,0,0,0,-1,-1
44303,GESUCHT: Terrormoor,,25820,47895,0,-1,0,0,0,0,0,0,0,0,0,0,20581,135,347,0,3,3735872,0,268435456,0,0,0,-1,-1
44304,GESUCHT: Grauschatten,,25821,47895,0,-1,0,0,0,0,0,0,0,0,0,0,20587,135,347,0,3,3735872,0,268435456,0,0,0,-1,-1
44305,GESUCHT: Bahagar,,25822,47895,0,-1,0,0,0,0,0,0,0,0,0,0,20601,135,347,0,3,3735872,0,268435456,0,0,0,-1,-1
44494,Brut Alexstraszas,,26056,44612,0,-1,0,0,0,0,0,0,0,0,0,0,0,0,345,0,3,38338560,8192,268435456,0,0,0,-1,-1
44570,Ehrt die Flamme,Ehrt das Sonnenwendfreudenfeuer in den Spitzen von Arak.,26108,9484,0,-1,0,0,0,0,0,0,0,0,0,0,0,0,394,0,2,2097152,0,268435968,0,0,0,-1,-1
44571,Ehrt die Flamme,Ehrt das Sonnenwendfreudenfeuer in Talador.,26109,9484,0,-1,0,0,0,0,0,0,0,0,0,0,0,0,394,0,2,2097152,0,268435968,0,0,0,-1,-1
44572,Ehrt die Flamme,Ehrt das Sonnenwendfreudenfeuer in Nagrand.,26110,9484,0,-1,0,0,0,0,0,0,0,0,0,0,0,0,394,0,2,2097152,0,268435968,0,0,0,-1,-1
44573,Ehrt die Flamme,Ehrt das Sonnenwendfreudenfeuer in Gorgrond.,26111,9484,0,-1,0,0,0,0,0,0,0,0,0,0,0,0,394,0,2,2097152,0,268435968,0,0,0,-1,-1
44574,Ehrt die Flamme,Ehrt das Sonnenwendfreudenfeuer in Azsuna.,26112,9484,0,-1,0,0,0,0,0,0,0,0,0,0,0,0,394,0,2,2097152,0,268435968,0,0,0,-1,-1
44575,Ehrt die Flamme,Ehrt das Sonnenwendfreudenfeuer in Val'sharah.,26113,9484,0,-1,0,0,0,0,0,0,0,0,0,0,0,0,394,0,2,2097152,0,268435968,0,0,0,-1,-1
44576,Ehrt die Flamme,Ehrt das Sonnenwendfreudenfeuer am Hochberg.,26114,9484,0,-1,0,0,0,0,0,0,0,0,0,0,0,0,394,0,2,2097152,0,268435968,0,0,0,-1,-1
44577,Ehrt die Flamme,Ehrt das Sonnenwendfreudenfeuer in Sturmheim.,26115,9484,0,-1,0,0,0,0,0,0,0,0,0,0,0,0,394,0,2,2097152,0,268435968,0,0,0,-1,-1
44578,Ehrt die Flamme,Ehrt das Sonnenwendfreudenfeuer in Suramar.,26116,9484,0,-1,0,0,0,0,0,0,0,0,0,0,0,0,394,0,2,2097152,0,268435968,0,0,0,-1,-1
44579,Ehrt die Flamme,,26117,9484,0,-1,0,0,0,0,0,0,0,0,0,0,0,0,394,0,0,0,0,512,0,0,0,-1321907123,1427461461
44580,Ehrt die Flamme,,26118,9484,0,-1,0,0,0,0,0,0,0,0,0,0,0,0,394,0,0,0,0,512,0,0,0,1309324210,-1440044374
44582,Entweiht dieses Feuer!,,26120,9484,0,-1,0,0,0,0,0,0,0,0,0,0,0,0,394,0,0,0,0,512,0,0,0,1309324210,-1440044374
44583,Entweiht dieses Feuer!,,26119,9484,0,-1,0,0,0,0,0,0,0,0,0,0,0,0,394,0,0,0,0,512,0,0,0,-1321907123,1427461461
44613,Ehrt die Flamme,,26146,9484,0,-1,0,0,0,0,0,0,0,0,0,0,0,0,394,0,0,0,0,512,0,0,0,-1321907123,1427461461
44614,Ehrt die Flamme,,26147,9484,0,-1,0,0,0,0,0,0,0,0,0,0,0,0,394,0,0,0,0,512,0,0,0,1309324210,-1440044374
44624,Entweiht dieses Feuer!,,26159,9484,0,-1,0,0,0,0,0,0,0,0,0,0,0,0,394,0,0,0,0,512,0,0,0,1309324210,-1440044374
44627,Entweiht dieses Feuer!,,26160,9484,0,-1,0,0,0,0,0,0,0,0,0,0,0,0,394,0,0,0,0,512,0,0,0,-1321907123,1427461461
44730,Verheerte Träume,,26249,49404,0,-1,0,0,0,0,0,0,0,0,0,0,20852,139,332,0,3,37290752,0,268435456,0,0,0,-1,-1
44737,Ankunft der Helarjar: Die Grauen Untiefen,,26256,47903,0,-1,0,0,0,0,0,0,0,0,0,0,20860,135,347,0,3,37290240,0,268435456,0,0,0,-1,-1
44744,Lebenslinien,,26263,45705,0,-1,0,0,0,0,0,0,0,0,0,0,20870,135,335,0,3,37290240,0,268435456,0,0,0,-1,-1
44746,Ankunft der Helarjar: Die Beinharte Küste,,26264,47902,0,-1,0,0,0,0,0,0,0,0,0,0,20875,135,347,0,3,37290240,0,268435456,0,0,0,-1,-1
44748,Geflügelte Schrecken,,26266,47404,0,-1,0,0,0,0,0,0,0,0,0,0,21750,109,336,0,3,37290240,0,268435456,0,0,0,-1,-1
44751,Kein Soldat wird zurückgelassen,,26268,47404,0,-1,0,0,0,0,0,0,0,0,0,0,21463,109,336,0,3,37290240,8192,268435456,0,0,0,-1,-1
44759,Das Tal der Angst,,26276,49404,0,-1,0,0,0,0,0,0,0,0,0,0,20890,139,332,0,3,37290752,8192,268435456,0,0,0,-1,-1
44765,Anglerwettbewerb im Schlingendorntal,,26280,34333,0,-1,0,0,0,0,0,356,1,0,0,0,21650,130,391,0,3,524608,0,268435456,0,0,0,-1,-1
44769,Bewaffnung der Bevölkerung,,26284,45705,0,-1,0,0,0,0,0,0,0,0,0,0,20906,135,335,0,3,37421312,0,268435456,0,0,0,-1,-1
44776,Schlapp wie Floppy,,26291,47899,0,-1,0,0,0,0,0,0,0,0,0,0,20909,109,347,0,3,37290240,0,268435456,0,0,0,-1,-1
44780,Revanche,,26296,46746,0,-1,0,0,0,0,0,0,0,0,0,0,20910,135,335,0,3,37290240,0,268435456,0,0,0,-1,-1
44784,Fortgeschrittene Zauberstabkunde,,26302,45821,0,-1,0,0,0,0,0,0,0,0,0,0,20911,109,347,0,3,38338816,8192,268435456,0,0,0,-1,-1
44786,Zwischenprüfung: Runenfähigkeit,,26304,45824,0,-1,0,0,0,0,0,0,0,0,0,0,20912,109,347,0,3,38338816,8192,268435456,0,0,0,-1,-1
44788,Arbeitsstudie: Bestiarien von Azsuna,,26322,45825,0,-1,0,0,0,0,0,0,0,0,0,0,20913,109,347,0,3,38338816,8192,268435456,0,0,0,-1,-1
44799,Sichere Aufbewahrung,,26308,45705,0,-1,0,0,0,0,0,0,0,0,0,0,20919,135,335,0,3,37290240,0,268435456,0,0,0,-1,-1
44801,Verteidigung von Shal'Aran,,26309,45705,0,-1,0,0,0,0,0,0,0,0,0,0,20920,135,335,0,3,37290240,0,268435456,0,0,0,-1,-1
44802,Uralte Hilfe,,26512,45705,0,-1,0,0,0,0,0,0,0,0,0,0,20921,135,335,0,3,37290240,0,268435456,0,0,0,-1,-1
44805,Mittendrin statt nur dabei,,26314,45840,0,-1,0,0,0,0,0,0,0,0,0,0,20923,135,335,0,3,37290240,0,268435456,0,0,0,-1,-1
44811,Hilfe ist auf dem Weg,,26315,45840,0,-1,0,0,0,0,0,0,0,0,0,0,20924,135,335,0,3,37290240,0,268435456,0,0,0,-1,-1
44812,Mit leerem Magen,,26316,45840,0,-1,0,0,0,0,0,0,0,0,0,0,20925,135,335,0,3,37290240,0,268435456,0,0,0,-1,-1
44813,Leylinienstörung,,26317,45705,0,-1,0,0,0,0,0,0,0,0,0,142446,20926,135,335,0,3,37290240,0,268435456,0,0,0,-1,-1
44815,Vorbei mit der Kriecherei,,26318,45705,0,-1,0,0,0,0,0,0,0,0,0,142401,20927,136,335,0,3,37290240,0,268435456,0,0,0,-1,-1
44816,Andauernde Aussetzung,,26320,50838,0,-1,0,0,0,0,0,0,0,0,0,142509,20928,135,335,0,3,37290240,8192,268435456,0,0,0,-1,-1
44817,Den Schwarm anstacheln,,26321,45705,0,-1,0,0,0,0,0,0,0,0,0,0,20930,135,335,0,3,3735808,0,268435456,0,0,0,-1,-1
44823,Aufräumarbeiten in Donnertotem,,26324,5703,0,-1,0,0,0,0,0,0,0,0,0,0,20932,109,347,0,3,38338816,8192,268435456,0,0,0,-1,-1
44846,Wir machen den Weg frei,,26553,47602,0,4093,0,0,0,0,0,0,0,0,0,0,21313,135,336,0,3,37290240,0,268435456,0,0,0,-1,-1
44847,Direkt von der Quelle,,26346,47901,0,-1,0,0,0,0,0,0,0,0,0,0,20939,109,347,0,3,41484544,8192,268435456,37860,0,0,-1,-1
44856,Ganz schön katzbürstig!,,26351,142529,0,-1,0,0,0,0,0,0,0,0,0,0,21101,109,335,0,3,38338816,8192,268435456,41197,0,0,-1,-1
44857,"Nicht dort, nicht dann, nicht jemals",,26352,142529,0,-1,0,0,0,0,0,0,0,0,0,0,21028,109,335,0,3,41615616,8192,268435456,41464,0,0,-1,-1
44867,Den Vorstoß stoppen,,26367,45705,0,-1,0,0,0,0,0,0,0,0,0,0,20950,135,335,0,3,37290240,0,268435456,0,0,0,-1,-1
44884,Verteidigung der Smaragdgrünen Bucht,,26383,49404,0,-1,0,0,0,0,0,0,0,0,0,0,20959,139,332,0,3,37290752,8192,268435456,0,0,0,-1,-1
44892,Schneefederschwarm!,,26392,47899,0,-1,0,0,0,0,0,0,0,0,0,0,20964,135,347,0,3,41484544,8192,268435456,41694,0,0,-1,-1
44893,Düsterschnabelschwarm!,,26395,47897,0,-1,0,0,0,0,0,0,0,0,0,0,20966,135,347,0,3,41484544,8192,268435456,41694,0,0,-1,-1
44894,Blutstarrerschwarm!,,26394,47901,0,-1,0,0,0,0,0,0,0,0,0,0,20965,135,347,0,3,41484544,8192,268435456,41694,0,0,-1,-1
44895,Scharfkrallenschwarm!,,26393,47895,0,-1,0,0,0,0,0,0,0,0,0,0,20967,135,347,0,3,41484544,8192,268435456,0,0,0,-1,-1
44923,Ankunft der Helarjar: Vrekt,,26417,45693,0,-1,0,0,0,0,0,0,0,0,0,0,20988,135,347,0,3,37290240,0,268435456,0,0,0,-1,-1
44932,Die Nachtfestung: Ein Ettinfuß in der Tür,,26426,46053,0,-1,0,0,0,0,0,0,0,0,0,0,20992,141,335,0,3,35193152,0,268435458,0,0,0,-1,-1
44933,Die Nachtfestung: Heulen in der Nacht,,26427,46053,0,-1,0,0,0,0,0,0,0,0,0,0,20994,141,335,0,3,35193152,0,268435458,0,0,0,-1,-1
44934,Die Nachtfestung: Gruselige Kriecher,,26428,46053,0,-1,0,0,0,0,0,0,0,0,0,0,20995,141,335,0,3,35193152,0,268435458,0,0,0,-1,-1
44935,Die Nachtfestung: Vergoldeter Wächter,,26429,46053,0,-1,0,0,0,0,0,0,0,0,0,0,20996,141,335,0,3,35193152,0,268435458,0,0,0,-1,-1
44936,Die Nachtfestung: Versorgungsrouten,,26430,46053,0,-1,0,0,0,0,0,0,0,0,0,0,20997,141,335,0,3,35193152,0,268435458,0,0,0,-1,-1
44937,Die Nachtfestung: Fokussierte Macht,,26431,46053,0,-1,0,0,0,0,0,0,0,0,0,0,20998,141,335,0,3,35193152,0,268435458,0,0,0,-1,-1
44938,Die Nachtfestung: Liebesentzug,,26433,46053,0,-1,0,0,0,0,0,0,0,0,0,0,20999,141,335,0,3,35193152,0,268435458,0,0,0,-1,-1
44939,Die Nachtfestung: Saat der Zerstörung,,26432,46053,0,-1,0,0,0,0,0,0,0,0,0,0,21000,141,335,0,3,35193152,0,268435458,0,0,0,-1,-1
44942,Wind in den Federn,,26683,47897,0,-1,0,0,0,0,0,0,0,0,0,0,21041,109,347,0,3,38338816,8192,268435456,42447,0,0,-1,-1
44943,Das ist ja klauenhaft!,,26435,47897,0,-1,0,0,0,0,0,0,0,0,0,0,21029,109,347,0,3,41484544,8192,268435456,0,0,0,-1,-1
45032,Wie der Wind,,26515,42886,0,-1,0,0,0,0,0,0,0,0,0,0,21002,109,335,0,3,-2112290560,0,268435456,0,0,0,-1,-1
45035,Der Ruf der Schlacht,,26517,47404,0,-1,0,0,0,0,0,0,0,0,0,0,21762,109,336,0,3,34144512,8192,268435456,0,0,0,-1,-1
45046,Wie der Wind,,26526,47904,0,-1,0,0,0,0,0,0,0,0,0,0,21014,109,347,0,3,-2112290560,0,268435456,0,0,0,-1,-1
45047,Wie der Wind,,26527,47894,0,-1,0,0,0,0,0,0,0,0,0,0,21015,109,347,0,3,-2112290560,0,268435456,0,0,0,-1,-1
45048,Wie der Wind,,26528,47900,0,-1,0,0,0,0,0,0,0,0,0,0,21016,109,347,0,3,-2112290560,0,268435456,0,0,0,-1,-1
45049,Wie der Wind,,26529,38948,0,-1,0,0,0,0,0,0,0,0,0,0,21017,109,347,0,3,-2112290560,0,268435456,0,0,0,-1,-1
45058,Befreit die Schuppenwächter!,,26535,49401,0,-1,0,0,0,0,0,0,0,0,0,0,21019,139,331,0,3,37290752,0,268435456,0,0,0,-1,-1
45068,Fässerweise Spaß,,26543,38948,0,-1,0,0,0,0,0,0,0,0,0,0,21022,109,335,0,3,-2110193408,0,268435456,0,0,0,-1,-1
45069,Fässerweise Spaß,,26544,47901,0,-1,0,0,0,0,0,0,0,0,0,0,21023,109,347,0,3,-2110193408,0,268435456,0,0,0,-1,-1
45070,Fässerweise Spaß,,26545,48388,0,-1,0,0,0,0,0,0,0,0,0,0,21024,109,347,0,3,-2110193408,0,268435456,0,0,0,-1,-1
45071,Fässerweise Spaß,,26546,47900,0,-1,0,0,0,0,0,0,0,0,0,0,21025,109,347,0,3,-2110193408,0,268435456,0,0,0,-1,-1
45072,Fässerweise Spaß,,26547,47898,0,-1,0,0,0,0,0,0,0,0,0,0,21026,109,347,0,3,-2110193408,0,268435456,0,0,0,-1,-1
45134,Die Seelenernter,,26580,49401,0,-1,0,0,0,0,0,0,0,0,0,0,21040,139,331,0,3,41485056,8192,268435456,0,0,0,-1,-1
45178,Verseuchungseindämmung,,26627,47602,0,4079,0,0,0,0,0,0,0,0,0,0,21804,135,336,0,3,37290240,0,268435456,0,0,0,-1,-1
45203,Kampf um die Ruinen,,26647,49401,0,-1,0,0,0,0,0,0,0,0,0,0,21054,139,331,0,3,41485056,8192,268435456,0,0,0,-1,-1
45307,Unklaublich!,,26741,142529,0,-1,0,0,0,0,0,0,0,0,0,0,21093,109,335,0,3,41484544,8192,268435456,40230,0,0,-1,-1
45358,Eindämmungsmaßnahmen,,26795,47602,0,16,0,0,0,0,0,0,0,0,0,0,21804,135,336,0,3,37290240,0,268435456,46034,0,0,-1,-1
45379,Schatzmeister Iks'reeged,,26801,47404,0,-1,0,0,0,0,0,0,0,0,0,0,22420,135,336,0,3,41484608,8192,268435456,46666,0,0,-1,-1
45390,Seelen der Vrykul,,26807,49403,0,-1,0,0,0,0,0,0,0,0,0,0,21108,139,334,0,3,7930624,8194,268435456,0,0,0,-1,-1
45439,Eine Invasion von... Murlocs?,,26848,49403,0,-1,0,0,0,0,0,0,0,0,0,0,21135,139,334,0,3,7930624,8192,268435456,0,0,0,-1,-1
45472,Krakeneier,,26872,47404,0,-1,0,0,0,0,0,0,0,0,0,0,21351,109,336,0,3,41484544,8192,268435456,0,0,0,-1,-1
45473,Ein riesiges Problem,,26873,47404,0,-1,0,0,0,0,0,0,0,0,0,0,21379,109,336,0,3,37290240,0,268435456,0,0,0,-1,-1
45520,Hinter feindlichen Portalen,,26918,47404,0,-1,0,0,0,0,0,0,0,0,0,0,21177,109,336,0,3,37290240,0,268435456,0,0,0,-1,-1
45531,Kriechende Teufelsmagie,,26929,47602,0,16,0,0,0,0,0,0,0,0,0,0,21268,135,336,0,3,37290240,8192,268435456,0,0,0,-1,-1
45541,Wie gefällt EUCH das?!,,26937,47602,0,256,0,0,0,0,0,0,0,0,0,0,21196,135,336,0,3,37290240,8192,268435456,0,0,0,-1,-1
45542,Hinter feindlichen Portalen,,26954,47404,0,-1,0,0,0,0,0,0,0,0,0,0,21210,109,336,0,3,37290240,0,268435456,0,0,0,-1,-1
45549,Versorgung der Verderbnis,,26943,47602,0,4,0,0,0,0,0,0,0,0,0,0,21809,135,336,0,3,37290240,0,268435456,46048,0,0,-1,-1
45550,Versorgung der Verderbnis,,26944,47602,0,4091,0,0,0,0,0,0,0,0,0,0,21809,135,336,0,3,37290240,0,268435456,0,0,0,-1,-1
45559,Hinter feindlichen Portalen,,26953,47404,0,-1,0,0,0,0,0,0,0,0,0,0,21218,109,336,0,3,37290240,0,268435456,0,0,0,-1,-1
45626,Bombenbasteln für Anfänger,,27010,47602,0,3967,0,0,0,0,0,0,0,0,0,0,21249,135,336,0,3,37290240,0,268435456,0,0,0,-1,-1
45651,Die Ruinen von Ahn'Qiraj: Ossirian,,27512,47095,0,-1,0,0,0,0,0,0,0,0,0,0,21274,137,183,0,3,34144576,0,268436482,0,0,0,1309324210,-1440044374
45653,Reinigendes Feuer,,27025,47602,0,128,0,0,0,0,0,0,0,0,0,0,21249,135,336,0,3,37290240,8192,268435456,0,0,0,-1,-1
45654,Ahn'Qiraj: C'Thun,,27511,47095,0,-1,0,0,0,0,0,0,0,0,0,0,21275,137,183,0,3,34144576,0,268436482,0,0,0,1309324210,-1440044374
45655,Der Koloss von Ashi,,27510,47154,0,-1,0,0,0,0,0,0,0,0,0,0,21276,111,183,0,3,34144576,0,268436480,0,0,0,1309324210,-1440044374
45656,Geringe Windsteine,,27509,47095,0,-1,0,0,0,0,0,0,0,0,0,0,21277,109,183,0,3,34144576,0,268436480,0,0,0,1309324210,-1440044374
45657,Silithyst,,27506,47095,0,-1,0,0,0,0,0,0,0,0,0,0,21277,113,183,0,3,34144576,0,268436480,0,0,0,1309324210,-1440044374
45674,Der Koloss von Regal,,27508,47155,0,-1,0,0,0,0,0,0,0,0,0,0,21300,111,183,0,3,34144576,0,268436480,0,0,0,1309324210,-1440044374
45675,Der Koloss von Zora,,27507,47156,0,-1,0,0,0,0,0,0,0,0,0,0,21301,111,183,0,3,34144576,0,268436480,0,0,0,1309324210,-1440044374
45694,Arachnozid,,27033,47404,0,-1,0,0,0,0,0,0,0,0,0,0,21760,109,336,0,3,37290240,0,268435456,0,0,0,-1,-1
45736,Die Ruinen von Ahn'Qiraj: Ossirian,,27023,47095,0,-1,0,0,0,0,0,0,0,0,0,0,21274,137,183,0,3,34144576,0,268436482,0,0,0,-1321907123,1427461461
45737,Ahn'Qiraj: C'Thun,,27026,47095,0,-1,0,0,0,0,0,0,0,0,0,0,21275,137,183,0,3,34144576,0,268436482,0,0,0,-1321907123,1427461461
45738,Der Koloss von Ashi,,27027,47154,0,-1,0,0,0,0,0,0,0,0,0,0,21276,111,183,0,3,34144576,0,268436480,0,0,0,-1321907123,1427461461
45739,Geringe Windsteine,,27028,47095,0,-1,0,0,0,0,0,0,0,0,0,0,21277,109,183,0,3,34144576,0,268436480,0,0,0,-1321907123,1427461461
45740,Silithyst,,27029,47095,0,-1,0,0,0,0,0,0,0,0,0,0,21277,113,183,0,3,34144576,0,268436480,0,0,0,-1321907123,1427461461
45741,Der Koloss von Regal,,27030,47155,0,-1,0,0,0,0,0,0,0,0,0,0,21300,111,183,0,3,34144576,0,268436480,0,0,0,-1321907123,1427461461
45742,Der Koloss von Zora,,27031,47156,0,-1,0,0,0,0,0,0,0,0,0,0,21301,111,183,0,3,34144576,0,268436480,0,0,0,-1321907123,1427461461
45743,Odyns Urteil,,27049,47602,0,1,0,0,0,0,0,0,0,0,0,0,21311,135,336,0,3,37290240,8192,268435456,0,0,0,-1,-1
45744,Der Fall der Teufelsskorn,,27050,47602,0,4094,0,0,0,0,0,0,0,0,0,0,21311,135,336,0,3,37290240,8192,268435456,0,0,0,-1,-1
45776,Wer braucht schon Schlüssel,,27066,47602,0,8,0,0,0,0,0,0,0,0,0,0,21337,135,336,0,3,37290240,8192,268435456,0,0,0,-1,-1
45786,Ein Schmaus für die Hunde,,27067,49403,0,-1,0,0,0,0,0,0,0,0,0,0,21338,139,334,0,3,7930624,8192,268435456,0,0,0,-1,-1
45791,Kriegsmaterial,,27072,47404,0,-1,0,0,0,0,0,0,0,0,0,0,21339,109,336,0,3,37290240,0,268435456,0,0,0,-1,-1
45792,Okkultistenattacke,,27073,47602,0,3839,0,0,0,0,0,0,0,0,0,0,21802,135,336,0,3,37290240,0,268435456,0,0,0,-1,-1
45793,Okkultistenattacke,,27074,47602,0,256,0,0,0,0,0,0,0,0,0,0,21802,135,336,0,3,34144512,0,268435456,0,0,0,-1,-1
45797,Das Spiel mit dem grünen Feuer,,27078,47404,0,-1,0,0,0,0,0,0,0,0,0,0,21346,109,336,0,3,37290240,0,268435456,0,0,0,-1,-1
45804,Wichtelvasion!,,27084,49404,0,-1,0,0,0,0,0,0,0,0,0,0,21347,139,332,0,3,37290240,0,268435456,0,0,0,-1,-1
45805,Die brennenden Schlüssel,,27086,47602,0,4087,0,0,0,0,0,0,0,0,0,0,21337,135,336,0,3,37290240,0,268435456,0,0,0,-1,-1
45806,Bootstour,,27087,47348,0,-1,0,0,0,0,0,0,0,0,0,0,21362,109,184,0,3,34144512,0,268436480,0,0,0,-1,-1
45807,Müllfischen,,27088,47348,0,-1,0,0,0,0,0,0,0,0,0,0,21363,109,184,0,3,34144512,0,268436480,45806,0,0,-1,-1
45808,Wasserballkrawall,,27089,47348,0,-1,0,0,0,0,0,0,0,0,0,0,21366,109,184,0,3,34144512,0,268436480,45806,0,0,-1,-1
45809,"Grog, Rum und Lager",,27090,47348,0,-1,0,0,0,0,0,0,0,0,0,0,21364,109,184,0,3,34144512,0,268436480,45806,0,0,-1,-1
45810,Die Gnome haben unsere Bomben geklaut!,,27091,47348,0,-1,0,0,0,0,0,0,0,0,0,0,21365,109,184,0,3,34144512,0,268436480,45806,0,0,1309324210,-1440044374
45811,Die Goblins haben unsere Bomben geklaut!,,27091,47348,0,-1,0,0,0,0,0,0,0,0,0,0,21365,109,184,0,3,34144512,0,268436480,45806,0,0,-1321907123,1427461461
45837,Kriechende Teufelsmagie,,27118,47602,0,4079,0,0,0,0,0,0,0,0,0,0,21268,135,336,0,3,37290240,8192,268435456,0,0,0,-1,-1
45878,Ungestrafte Auslöschung,,27147,47404,0,-1,0,0,0,0,0,0,0,0,0,0,21378,109,336,0,3,37290240,0,268435456,0,0,0,-1,-1
45921,Thal'xur,,27183,49404,0,-1,0,0,0,0,0,0,0,0,0,0,21367,142,332,0,3,37290304,0,268435456,0,0,0,-1,-1
45922,Agmozuul,,27184,49404,0,-1,0,0,0,0,0,0,0,0,0,0,21368,142,332,0,3,37290304,0,268435456,0,0,0,-1,-1
45923,Gloth,,27185,49404,0,-1,0,0,0,0,0,0,0,0,0,0,21369,142,332,0,3,37290304,0,268435456,0,0,0,-1,-1
45924,Abyssalmonstrosität,,27186,49404,0,-1,0,0,0,0,0,0,0,0,0,0,21370,142,332,0,3,37290304,0,268435456,0,0,0,-1,-1
45925,Nez'val,,27187,49404,0,-1,0,0,0,0,0,0,0,0,0,0,21371,142,332,0,3,37290304,0,268435456,0,0,0,-1,-1
45926,Zar'teth,,27188,49404,0,-1,0,0,0,0,0,0,0,0,0,0,21373,142,332,0,3,37290304,0,268435456,0,0,0,-1,-1
45927,Zagmothar,,27189,49404,0,-1,0,0,0,0,0,0,0,0,0,0,21374,142,332,0,3,37290304,0,268435456,0,0,0,-1,-1
45928,Gelthrak,,27190,49404,0,-1,0,0,0,0,0,0,0,0,0,0,21375,142,332,0,3,37290304,0,268435456,0,0,0,-1,-1
45929,Läutern der Flammen,,27191,47602,0,64,0,0,0,0,0,0,0,0,0,0,21399,135,336,0,3,37290240,8192,268435456,0,0,0,-1,-1
45930,Ein leichtes Brennen,,27192,47602,0,4031,0,0,0,0,0,0,0,0,0,0,21399,135,336,0,3,37290240,8192,268435456,0,0,0,-1,-1
45934,Gefiederliches Spiel,,27193,47404,0,-1,0,0,0,0,0,0,0,0,0,0,21401,109,336,0,3,37290240,8192,268435456,0,0,0,-1,-1
45969,Verteidigung der Ahnen,,27228,47602,0,1024,0,0,0,0,0,0,0,0,0,0,21422,136,336,0,3,37290240,0,268435456,0,0,0,-1,-1
45970,Das Ende des Dienstes,,27229,47404,0,-1,0,0,0,0,0,0,0,0,0,0,21465,111,336,0,3,37290240,0,268435456,0,0,0,-1,-1
45972,Das verfluchte Dickicht,,27231,63664,0,-1,0,0,0,0,0,0,0,0,0,0,0,0,1404,0,3,34144320,0,268468224,47428,0,0,-1,-1
45973,Unkontrollierte Macht,,27232,47666,0,3967,0,0,0,0,0,0,0,0,0,0,21407,135,336,0,3,37421312,8192,268435456,0,0,0,-1,-1
45977,Wo eine Peitsche ist...,,27242,47602,0,3839,0,0,0,0,0,0,0,0,0,0,21196,135,336,0,3,37290240,8192,268435456,0,0,0,-1,-1
45985,Höllische Plünderer,,27244,47404,0,-1,0,0,0,0,0,0,0,0,0,0,21410,109,336,0,3,37290240,0,268435456,0,0,0,-1,-1
45988,Uralte Knochen,,27247,47404,0,-1,0,0,0,0,0,0,0,0,0,0,21402,109,336,0,3,37290240,8192,268435456,0,0,0,-1,-1
46001,Regeln der Jagd,,27260,47602,0,3071,0,0,0,0,0,0,0,0,0,0,21422,136,336,0,3,37290240,0,268435456,0,0,0,-1,-1
46006,Arkuthaz,,27266,49403,0,-1,0,0,0,0,0,0,0,0,0,0,21424,142,334,0,3,37290304,0,268435456,0,0,0,-1,-1
46008,Balnazoth,,27267,49403,0,-1,0,0,0,0,0,0,0,0,0,0,21425,142,334,0,3,37290304,0,268435456,0,0,0,-1,-1
46010,Knochenzermalmer Korgolath,,27268,49403,0,-1,0,0,0,0,0,0,0,0,0,0,21426,142,334,0,3,37290304,0,268435456,0,0,0,-1,-1
46011,Gigantische Höllenbestie,,27269,49403,0,-1,0,0,0,0,0,0,0,0,0,0,21427,142,334,0,3,37290304,0,268435456,0,0,0,-1,-1
46012,Teufelskommandant Urgoz,,27270,49403,0,-1,0,0,0,0,0,0,0,0,0,0,21428,142,334,0,3,37290304,0,268435456,0,0,0,-1,-1
46013,Feuerrufer Rok'duun,,27271,49403,0,-1,0,0,0,0,0,0,0,0,0,0,21429,142,334,0,3,37290304,0,268435456,0,0,0,-1,-1
46014,Gelthrog,,27272,49403,0,-1,0,0,0,0,0,0,0,0,0,0,21430,142,334,0,3,37290304,0,268435456,0,0,0,-1,-1
46015,Idra'zuul,,27273,49403,0,-1,0,0,0,0,0,0,0,0,0,0,21431,142,334,0,3,37290304,0,268435456,0,0,0,-1,-1
46016,Magdrezoth,,27274,49403,0,-1,0,0,0,0,0,0,0,0,0,0,21432,142,334,0,3,37290304,0,268435456,0,0,0,-1,-1
46017,Shel'drozul,,27275,49403,0,-1,0,0,0,0,0,0,0,0,0,0,21433,142,334,0,3,37290304,0,268435456,0,0,0,-1,-1
46021,Thel'draz,,27280,49403,0,-1,0,0,0,0,0,0,0,0,0,0,21434,142,334,0,3,37290304,0,268435456,0,0,0,-1,-1
46032,Peinvolle Rückkehr,,27291,47602,0,4063,0,0,0,0,0,0,0,0,0,0,21413,135,336,0,3,37290240,0,268435456,0,0,0,-1,-1
46046,Ärger-Lich,,27305,47602,0,32,0,0,0,0,0,0,0,0,0,0,21413,135,336,0,3,37290240,0,268435456,0,0,0,-1,-1
46061,Adoptiert eine Kaulquappe,,27319,0,0,-1,0,0,0,0,0,0,0,0,0,0,21464,0,438,0,2,34603016,8192,268436992,0,0,0,-1,-1
46063,Die klagenden Toten,,27320,47404,0,-1,0,0,0,0,0,0,0,0,0,0,21466,109,336,0,3,37290240,0,268435456,0,0,0,-1,-1
46066,Ein teuflisches Flattern,,27324,47404,0,-1,0,0,0,0,0,0,0,0,0,0,21469,111,336,0,3,37290240,0,268435456,0,0,0,-1,-1
46068,Schlägerzähmung,,27325,47404,0,-1,0,0,0,0,0,0,0,0,0,0,21470,109,336,0,3,41484544,0,268435456,0,0,0,-1,-1
46072,Voll teuflisch,,27430,47602,0,2048,0,0,0,0,0,0,0,0,0,0,21618,136,336,0,3,37290240,8192,268435456,0,0,0,-1,-1
46073,Ihre Garnison brechen,,27329,47404,0,-1,0,0,0,0,0,0,0,0,0,0,21471,109,336,0,3,37290240,0,268435456,0,0,0,-1,-1
46075,Reliktjagd,,27331,47404,0,-1,0,0,0,0,0,0,0,0,0,0,21404,109,336,0,3,41484544,8192,268435456,0,0,0,-1,-1
46076,Ruhelose Geister,,27332,47602,0,4093,0,0,0,0,0,0,0,0,0,0,21403,135,336,0,3,37290240,8192,268435456,0,0,0,-1,-1
46077,Dämonenversklavte Geister,,27333,47602,0,2,0,0,0,0,0,0,0,0,0,0,21403,135,336,0,3,37290240,8192,268435456,46045,0,0,-1,-1
46104,Giftigkeit der Arachniden,,27355,47602,0,512,0,0,0,0,0,0,0,0,0,0,21490,135,336,0,3,37290240,0,268435456,0,0,0,-1,-1
46105,Überlegenheit der Arachniden,,27356,47602,0,3583,0,0,0,0,0,0,0,0,0,0,21490,135,336,0,3,37290240,0,268435456,0,0,0,-1,-1
46109,Erhebt Euch!,,27360,47404,0,-1,0,0,0,0,0,0,0,0,0,0,21489,111,336,0,3,37290240,8192,268435456,0,0,0,-1,-1
46111,Illidarimeister: Sissix,,27362,145969,0,-1,0,0,0,0,0,0,0,0,0,0,21521,115,336,0,3,34144512,0,268435456,0,0,0,-1,-1
46112,Illidarimeister: Madame Viciosa,,27363,145969,0,-1,0,0,0,0,0,0,0,0,0,0,21522,115,336,0,3,34144512,0,268435456,0,0,0,-1,-1
46113,Illidarimeister: Namenloser Mystiker,,27364,145969,0,-1,0,0,0,0,0,0,0,0,0,0,21523,115,336,0,3,34144512,0,268435456,0,0,0,-1,-1
46116,Auf unheiligem Boden,,27366,49401,0,-1,0,0,0,0,0,0,0,0,0,0,21076,139,331,0,3,37290240,0,268435456,0,0,0,-1,-1
46126,Teufelsverderbte Federn,,27370,47404,0,-1,0,0,0,0,0,0,0,0,0,0,21505,109,336,0,3,37290240,0,268435456,0,0,0,-1,-1
46134,Juwelenschleifer gesucht,,27373,38948,0,-1,5,0,0,0,0,2518,25,0,0,0,21511,125,347,0,3,590144,0,268435456,40559,40560,40561,-1,-1
46135,Juwelenschleifer gesucht,,27374,38948,0,-1,5,0,0,0,0,2518,25,0,0,0,21512,125,347,0,3,590144,0,268435456,40559,40560,40561,-1,-1
46136,Juwelenschleifer gesucht,,27375,38948,0,-1,5,0,0,0,0,2518,25,0,0,0,21513,125,347,0,3,590144,0,268435456,40559,40560,40561,-1,-1
46137,Juwelenschleifer gesucht,,27376,38948,0,-1,5,0,0,0,0,2518,25,0,0,0,21514,125,347,0,3,590144,0,268435456,40559,40560,40561,-1,-1
46138,Juwelenschleifer gesucht,,27377,38948,0,-1,5,0,0,0,0,2518,25,0,0,0,21515,125,347,0,3,590144,0,268435456,40559,40560,40561,-1,-1
46139,Juwelenschleifer gesucht,,27378,38948,0,-1,5,0,0,0,0,2518,25,0,0,0,21516,125,347,0,3,590144,0,268435456,40559,40560,40561,-1,-1
46146,Die brennenden Ufer,,27380,49401,0,-1,0,0,0,0,0,0,0,0,0,0,21307,139,331,0,3,37290240,0,268435456,0,0,0,-1,-1
46160,Leere in Ketten,,27382,47404,0,-1,0,0,0,0,0,0,0,0,0,0,21520,109,336,0,3,37290240,0,268435456,0,0,0,-1,-1
46161,Teufelsruferin Thalezra,,27383,49401,0,-1,0,0,0,0,0,0,0,0,0,0,21435,142,331,0,3,37290304,0,268435456,0,0,0,-1,-1
46162,Unterwerfer Val'rek,,27384,49401,0,-1,0,0,0,0,0,0,0,0,0,0,21436,142,331,0,3,37290304,0,268435456,0,0,0,-1,-1
46163,Thaz'gul,,27385,49401,0,-1,0,0,0,0,0,0,0,0,0,0,21437,142,331,0,3,37290304,0,268435456,0,0,0,-1,-1
46164,Mal'serus,,27386,49401,0,-1,0,0,0,0,0,0,0,0,0,0,21438,142,331,0,3,37290304,0,268435456,0,0,0,-1,-1
46165,Kazruul,,27387,49401,0,-1,0,0,0,0,0,0,0,0,0,0,21439,142,331,0,3,37290304,0,268435456,0,0,0,-1,-1
46166,Garthulak der Zermalmer,,27388,49401,0,-1,0,0,0,0,0,0,0,0,0,0,21440,142,331,0,3,37290304,0,268435456,0,0,0,-1,-1
46167,Kozrum,,27389,49401,0,-1,0,0,0,0,0,0,0,0,0,0,21441,142,331,0,3,37290304,0,268435456,0,0,0,-1,-1
46168,Kommandant Vorlax,,27390,49401,0,-1,0,0,0,0,0,0,0,0,0,0,21442,142,331,0,3,37290304,0,268435456,0,0,0,-1,-1
46169,Dro'zek,,27391,49401,0,-1,0,0,0,0,0,0,0,0,0,0,21443,142,331,0,3,37290304,0,268435456,0,0,0,-1,-1
46170,Thar'gokk,,27392,49401,0,-1,0,0,0,0,0,0,0,0,0,0,21444,142,331,0,3,37290304,0,268435456,0,0,0,-1,-1
46175,Rollender Donner,,27395,47404,0,-1,0,0,0,0,0,0,0,0,0,0,21524,109,336,0,3,37290240,0,268435456,0,0,0,-1,-1
46179,Die Legion vernichten,,27397,49403,0,-1,0,0,0,0,0,0,0,0,0,0,21552,139,334,0,3,7930624,8192,268435456,0,0,0,-1,-1
46180,Die Macht unseres Feindes,,27398,47404,0,-1,0,0,0,0,0,0,0,0,0,0,21538,109,336,0,3,41484544,8192,268435456,0,0,0,-1,-1
46183,Kommandant Zarthak,,27401,49402,0,-1,0,0,0,0,0,0,0,0,0,0,21445,142,333,0,3,37290304,0,268435456,0,0,0,-1,-1
46184,Gelgothar,,27402,49402,0,-1,0,0,0,0,0,0,0,0,0,0,21446,142,333,0,3,37290304,0,268435456,0,0,0,-1,-1
46185,Iroxus,,27403,49402,0,-1,0,0,0,0,0,0,0,0,0,0,21447,142,333,0,3,37290304,0,268435456,0,0,0,-1,-1
46186,Ix'dreloth,,27404,49402,0,-1,0,0,0,0,0,0,0,0,0,0,21448,142,333,0,3,37290304,0,268435456,0,0,0,-1,-1
46187,Larthogg,,27405,49402,0,-1,0,0,0,0,0,0,0,0,0,0,21449,142,333,0,3,37290304,0,268435456,0,0,0,-1,-1
46188,Orgrokk,,27406,49402,0,-1,0,0,0,0,0,0,0,0,0,0,21450,142,333,0,3,37290304,0,268435456,0,0,0,-1,-1
46189,Shel'zuul,,27407,49402,0,-1,0,0,0,0,0,0,0,0,0,0,21451,142,333,0,3,37290304,0,268435456,0,0,0,-1,-1
46190,Ulgrom,,27408,49402,0,-1,0,0,0,0,0,0,0,0,0,0,21452,142,333,0,3,37290304,0,268435456,0,0,0,-1,-1
46191,Balinar,,27409,49402,0,-1,0,0,0,0,0,0,0,0,0,0,21453,142,333,0,3,37290304,0,268435456,0,0,0,-1,-1
46192,Zar'vok,,27410,49402,0,-1,0,0,0,0,0,0,0,0,0,0,21454,142,333,0,3,37290304,0,268435456,0,0,0,-1,-1
46193,Teufelsbrut,,27411,49402,0,-1,0,0,0,0,0,0,0,0,0,0,21558,139,333,0,3,37290240,8192,268435456,0,0,0,-1,-1
46194,Wölfe der Legion,,27412,49402,0,-1,0,0,0,0,0,0,0,0,0,0,21560,139,333,0,3,41484544,8192,268435456,0,0,0,-1,-1
46195,Schwärme am Himmel,,27413,49402,0,-1,0,0,0,0,0,0,0,0,0,0,21562,139,333,0,3,37290240,0,268435456,0,0,0,-1,-1
46196,Die Stunde ist beendet,,27414,49402,0,-1,0,0,0,0,0,0,0,0,0,0,21564,139,333,0,3,37290240,0,268435456,0,0,0,-1,-1
46197,Alles Teuflische kommt von oben,,27415,49402,0,-1,0,0,0,0,0,0,0,0,0,0,21223,139,333,0,3,37290240,0,268435456,0,0,0,-1,-1
46198,Edelsteine der Zerstörung,,27416,47404,0,-1,0,0,0,0,0,0,0,0,0,0,21571,109,336,0,3,37290240,0,268435456,0,0,0,-1,-1
46201,Durch Wasser geläutert,,27419,48357,0,-1,0,0,0,0,0,0,0,0,0,0,21815,109,336,0,3,41484544,8192,268435456,0,0,0,-1,-1
46209,Ein Leuchtfeuer im Dunklen,,27425,47602,0,4,0,0,0,0,0,0,0,0,0,0,21581,135,336,0,3,41484544,8192,268435456,0,0,0,-1,-1
46212,Hoch mit ihnen,,27427,47602,0,4091,0,0,0,0,0,0,0,0,0,0,21581,135,336,0,3,41484544,8192,268435456,0,0,0,-1,-1
46216,Geronnene Verderbnis,,27429,49403,0,-1,0,0,0,0,0,0,0,0,0,0,21608,139,334,0,3,7930624,8192,268435456,0,0,0,-1,-1
46236,Steingebundene Soldaten,,27444,47404,0,-1,0,0,0,0,0,0,0,0,0,0,21630,109,336,0,3,37290240,0,268435456,0,0,0,-1,-1
46261,Der Geschmack der Verderbnis,,27469,49404,0,-1,0,0,0,0,0,0,0,0,0,0,20933,139,332,0,3,37290752,0,268435456,0,0,0,-1,-1
46262,Rettet die Kaulquappen!,,27470,49402,0,-1,0,0,0,0,0,0,0,0,0,0,21566,139,333,0,3,37290240,0,268435456,0,0,0,-1,-1
46263,Teufelsnetze spinnen,,27471,49401,0,-1,0,0,0,0,0,0,0,0,0,0,21506,139,331,0,3,41484544,8192,268435456,0,0,0,-1,-1
46264,Sie haben uns im Auge,,27472,49403,0,-1,0,0,0,0,0,0,0,0,0,0,21124,139,334,0,3,37290240,0,268435456,0,0,0,-1,-1
46265,Verteufelte Rehkitze,,27473,49404,0,-1,0,0,0,0,0,0,0,0,0,0,21657,139,332,0,3,37290752,0,268435456,0,0,0,-1,-1
46279,Zargrom,,27485,49402,0,-1,0,0,0,0,0,0,0,0,0,0,21720,142,333,0,3,37290304,0,268435456,0,0,0,-1,-1
46288,Alle an die Front,,27498,47602,0,2047,0,0,0,0,0,0,0,0,0,0,21618,136,336,0,3,37290240,8192,268435456,0,0,0,-1,-1
46308,Eine Spur hinterlassen,,27518,47602,0,8,0,0,0,0,0,0,0,0,0,0,21801,135,336,0,3,41484544,8192,268435456,0,0,0,-1,-1
46325,Die vereinte Front,,27527,47404,0,-1,0,0,0,0,0,0,0,0,0,0,21777,111,336,0,3,37290240,8192,268435456,0,0,0,-1,-1
46360,Absolut atemberaubend,,27694,47602,0,4087,0,0,0,0,0,0,0,0,0,0,21801,135,336,0,3,41484544,8192,268435456,0,0,0,-1,-1
46500,Das Grabmal des Sargeras: Legende aus der Tiefe,,28076,48842,0,-1,0,0,0,0,0,0,0,0,0,0,22024,141,336,0,3,35193152,0,268435458,0,0,0,-1,-1
46502,Das Grabmal des Sargeras: Hand der Legion,,28078,48842,0,-1,0,0,0,0,0,0,0,0,0,0,22025,141,336,0,3,35193152,0,268435458,0,0,0,-1,-1
46503,Das Grabmal des Sargeras: Lektion in Sachen Schmerz,,28080,48842,0,-1,0,0,0,0,0,0,0,0,0,0,22026,141,336,0,3,35193152,0,268435458,0,0,0,-1,-1
46504,Das Grabmal des Sargeras: Erdrückende Tiefen,,28081,48842,0,-1,0,0,0,0,0,0,0,0,0,0,22027,141,336,0,3,35193152,0,268435458,0,0,0,-1,-1
46505,"Das Grabmal des Sargeras: Verloren, aber nicht vergessen",,28082,48842,0,-1,0,0,0,0,0,0,0,0,0,0,22028,141,336,0,3,35193152,0,268435458,0,0,0,-1,-1
46506,Das Grabmal des Sargeras: Leben nach dem Tode,,28083,48842,0,-1,0,0,0,0,0,0,0,0,0,0,22029,141,336,0,3,35193152,0,268435458,0,0,0,-1,-1
46507,Das Grabmal des Sargeras: Der Schreckenspirscher,,28084,48842,0,-1,0,0,0,0,0,0,0,0,0,0,22030,141,336,0,3,35193152,0,268435458,0,0,0,-1,-1
46508,Das Grabmal des Sargeras: Azsharas Einfluss,,28085,48842,0,-1,0,0,0,0,0,0,0,0,0,0,22031,141,336,0,3,35193152,0,268435458,0,0,0,-1,-1
46707,Diener! Tötet auch den da!,,27890,47404,0,-1,0,0,0,0,0,0,0,0,0,0,21816,109,336,0,3,41484544,0,268435456,0,0,0,-1,-1
46750,Reservebatterie,,27918,48502,0,2048,0,0,0,0,0,0,0,0,0,0,21878,135,336,0,3,37421312,0,268435456,0,0,0,-1,-1
46752,Geliehene Schwingen,,27920,48502,0,2047,0,0,0,0,0,0,0,0,0,0,21878,135,336,0,3,37421312,0,268435456,0,0,0,-1,-1
46754,Magische Bestien,,27922,47666,0,128,0,0,0,0,0,0,0,0,0,0,21407,135,336,0,3,37421312,0,268435456,0,0,0,-1,-1
46755,Mission: Dämonengroll,,27923,48514,0,1,0,0,0,0,0,0,0,0,0,0,21883,135,336,0,3,41615616,8192,268435456,0,0,0,-1,-1
46756,Mission: Dämonengrollzerstörung,,27924,48514,0,4094,0,0,0,0,0,0,0,0,0,0,21883,135,336,0,3,37421312,0,268435456,0,0,0,-1,-1
46761,Braubanditen,,27925,48521,0,3583,0,0,0,0,0,0,0,0,0,0,21885,135,336,0,3,41615616,8192,268435456,0,0,0,-1,-1
46762,Sturmgebräugerangel,,27926,48521,0,512,0,0,0,0,0,0,0,0,0,0,21885,135,336,0,3,41615616,8192,268435456,0,0,0,-1,-1
46763,Drol'maz,,27928,49404,0,-1,0,0,0,0,0,0,0,0,0,0,21887,142,332,0,3,37290304,0,268435456,0,0,0,-1,-1
46766,Ulgthax,,27929,49404,0,-1,0,0,0,0,0,0,0,0,0,0,21888,142,332,0,3,37290304,0,268435456,0,0,0,-1,-1
46811,Der Zorn der Brutmutter,,27967,47602,0,32,0,0,0,0,0,0,0,0,0,0,21921,135,336,0,3,41484544,8192,268435456,0,0,0,-1,-1
46814,Ruf des Frostwyrms,,27971,47602,0,4063,0,0,0,0,0,0,0,0,0,0,21921,135,336,0,3,41484544,8192,268435456,0,0,0,-1,-1
46817,Niedergang der Höllenbestien,,27973,47602,0,64,0,0,0,0,0,0,0,0,0,0,21928,135,336,0,3,37290240,0,268435456,0,0,0,-1,-1
46821,Kribblige Krabbler,,27978,47404,0,-1,0,0,0,0,0,0,0,0,0,0,21945,109,336,0,3,37421312,0,268435456,0,0,0,-1,-1
46822,Natürliche Auslese,,27979,47602,0,1024,0,0,0,0,0,0,0,0,0,0,21944,135,336,0,3,37290240,0,268435456,0,0,0,-1,-1
46825,Matschepatsche,,27982,47404,0,-1,0,0,0,0,0,0,0,0,0,0,21947,109,336,0,3,37290240,0,268435456,0,0,0,-1,-1
46829,Elementarmissbrauch,,27986,47602,0,4031,0,0,0,0,0,0,0,0,0,0,21928,135,336,0,3,37290240,0,268435456,0,0,0,-1,-1
46833,Entfesselte Natur,,27990,47602,0,3071,0,0,0,0,0,0,0,0,0,0,21944,135,336,0,3,37290240,0,268435456,0,0,0,-1,-1
46844,Die Kathedrale der Ewigen Nacht: Herrin der Klingen,,27998,144768,0,-1,0,0,0,0,0,0,0,0,0,0,0,145,336,0,3,35193088,0,268435456,0,0,0,-1,-1
46865,Die Kathedrale der Ewigen Nacht: Mutter der Flammen,,28003,144771,0,-1,0,0,0,0,0,0,0,0,0,0,0,145,336,0,3,35193088,0,268435456,0,0,0,-1,-1
46866,Folterkammer,,28040,47404,0,-1,0,0,0,0,0,0,0,0,0,0,21999,109,336,0,3,37421312,0,268435456,0,0,0,-1,-1
46867,Die Kathedrale der Ewigen Nacht: Teufelsbestie,,28002,144772,0,-1,0,0,0,0,0,0,0,0,0,0,0,145,336,0,3,35192832,0,268435456,0,0,0,-1,-1
46868,Die Kathedrale der Ewigen Nacht: Die teuflischen Toten,,28004,144770,0,-1,0,0,0,0,0,0,0,0,0,0,0,145,336,0,3,35193088,0,268435456,0,0,0,-1,-1
46869,Die Kathedrale der Ewigen Nacht: Verführerin der Pein,,28005,144769,0,-1,0,0,0,0,0,0,0,0,0,0,0,145,336,0,3,35193088,0,268435456,0,0,0,-1,-1
46932,Ein Hauch mehr Verderbnis,,28068,47404,0,-1,0,0,0,0,0,0,0,0,0,0,21576,109,336,0,3,37290240,0,268435456,0,0,0,-1,-1
46933,Teufelrglrglrglrgl,,28069,47404,0,-1,0,0,0,0,0,0,0,0,0,0,22009,109,336,0,3,37290240,8192,268435456,0,0,0,-1,-1
46942,Der Preis der Macht,,28086,47404,0,-1,0,0,0,0,0,0,0,0,0,0,22049,109,336,0,3,41484544,0,268435456,0,0,0,-1,-1
46945,Si'vash,,28088,143175,0,-1,0,0,0,0,0,0,0,0,0,0,21280,144,335,0,3,37290304,0,268435456,0,0,0,-1,-1
46947,Brutallus,,28090,143175,0,-1,0,0,0,0,0,0,0,0,0,0,21226,144,335,0,3,37290304,0,268435456,0,0,0,-1,-1
46948,Malificus,,28091,143175,0,-1,0,0,0,0,0,0,0,0,0,0,21227,144,335,0,3,37290304,0,268435456,0,0,0,-1,-1
47061,Apocron,,28160,143175,0,-1,0,0,0,0,0,0,0,0,0,0,22242,144,335,0,3,37290304,0,268435456,0,0,0,-1,-1
47132,Teufelsfeuer und Eis,,28202,47404,0,-1,0,0,0,0,0,0,0,0,0,0,21456,109,336,0,3,37290240,8192,268435456,0,0,0,-1,-1
47135,Zu ihrem eigenen Besten,,28205,50321,0,-1,0,0,0,0,0,0,0,0,0,0,22474,109,337,0,3,41484288,8192,268435456,0,0,0,-1,-1
47456,Beruhigen der Leere,,28476,50321,0,-1,0,0,0,0,0,0,0,0,0,0,22515,109,337,0,3,41484288,8192,268435456,0,0,0,-1,-1
47496,Panzerknacker,,28505,50280,0,-1,0,0,0,0,0,0,0,0,0,0,22750,109,337,0,3,37289984,0,268435456,47182,0,0,-1,-1
47507,Khazaduum,,28516,51611,0,-1,0,0,0,0,0,0,0,0,0,0,23299,136,337,0,3,37290048,0,268435456,0,0,0,-1,-1
47527,Ketzerische Rituale,,28533,0,0,-1,0,0,0,0,0,0,0,0,0,0,0,0,1407,0,3,40435712,8192,268468224,47521,0,0,1309324210,-1440044374
47542,Belagerungsmeister Voraan,,28544,50280,0,-1,0,0,0,0,0,0,0,0,0,0,22609,136,337,0,3,37290048,0,268435456,0,0,0,-1,-1
47551,Lektionen von Feuer und Schmerz,,28553,50280,0,-1,0,0,0,0,0,0,0,0,0,0,22603,109,337,0,3,37289984,0,268435456,0,0,0,-1,-1
47552,Herrin Il'thendra,,28554,51561,0,-1,0,0,0,0,0,0,0,0,0,0,22606,136,337,0,3,37290048,0,268435456,0,0,0,-1,-1
47561,Blasenmaul,,28562,51561,0,-1,0,0,0,0,0,0,0,0,0,0,22625,136,337,0,3,37290048,0,268435456,0,0,0,-1,-1
47563,Geister der Gefallenen,,28564,50280,0,-1,0,0,0,0,0,0,0,0,0,152995,22627,109,337,0,3,37289984,0,268435456,0,0,0,-1,-1
47566,Gar'zoth,,28567,51561,0,-1,0,0,0,0,0,0,0,0,0,0,22633,136,337,0,3,37290048,0,268435456,0,0,0,-1,-1
47567,Umbra'jin,,28568,0,0,-1,1,0,0,0,0,0,0,0,0,0,0,0,0,0,3,35652616,0,0,0,0,0,-1,-1
47624,Vergraben,,28650,50280,0,-1,0,0,0,0,0,0,0,0,0,0,22655,109,337,0,3,37289984,0,268435456,48544,0,0,-1,-1
47625,Geteiltes Ritual,,28651,50280,0,-1,0,0,0,0,0,0,0,0,0,0,22656,109,337,0,3,37289984,0,268435456,48544,0,0,-1,-1
47646,Angeleint,,28664,50280,0,-1,0,0,0,0,0,0,0,0,0,0,22665,109,337,0,3,37289984,0,268435456,48544,0,0,-1,-1
47647,Monster von Zem'lan,,28687,0,0,-1,0,0,0,0,0,0,0,0,0,0,0,0,1406,0,3,41484544,8192,268468224,51054,0,0,1309324210,-1440044374
47704,Fressattacke der Ranishu,,28712,55564,0,-1,0,0,0,0,0,0,0,0,0,0,25091,109,464,0,3,38338816,8192,268435456,0,0,0,1309324210,-1440044374
47705,Hinter den Linien der Legion,,28713,52120,0,-1,0,0,0,0,0,0,0,0,0,0,23176,109,337,0,3,41484288,8192,268435456,0,0,0,-1,-1
47707,Abschmelzen,,28715,50280,0,-1,0,0,0,0,0,0,0,0,0,0,22707,109,337,0,3,37289984,0,268435456,0,0,0,-1,-1
47712,Der Verwüster,,28720,50280,0,-1,0,0,0,0,0,0,0,0,0,0,22709,109,337,0,3,37289984,0,268435456,0,0,0,-1,-1
47720,Ewige Rache,,28723,50280,0,-1,0,0,0,0,0,0,0,0,0,0,22714,109,337,0,3,37289984,0,268435456,0,0,0,-1,-1
47722,Watertusk,,28725,0,0,-1,1,0,0,0,0,0,0,0,0,0,0,0,189,0,3,35652616,0,0,0,0,0,-1,-1
47724,Belagert,,28726,50280,0,-1,0,0,0,0,0,0,0,0,0,0,22724,109,337,0,3,37289984,0,268435456,0,0,0,-1,-1
47728,Talestra die Grässliche,,28730,50280,0,-1,0,0,0,0,0,0,0,0,0,0,22725,136,337,0,3,37290048,0,268435456,0,0,0,-1,-1
47756,Befreiung der Goldkelch,,28756,0,0,-1,0,0,0,0,0,0,0,0,0,0,0,0,1403,0,3,38338560,8192,268468224,47245,0,0,1309324210,-1440044374
47797,Besetzungsrisiko,,28768,0,0,-1,1,0,0,0,0,0,0,0,0,0,0,0,1407,0,3,34144256,0,268468224,47737,0,0,1309324210,-1440044374
47828,Erinnerungen der Gefallenen,,28773,50321,0,-1,0,0,0,0,0,0,0,0,0,0,22914,109,337,0,3,37289984,0,268435456,0,0,0,-1,-1
47833,Schattenzauberer Voruun,,28778,50321,0,-1,0,0,0,0,0,0,0,0,0,0,22915,136,337,0,3,37290048,0,268435456,0,0,0,-1,-1
47834,X'ue,,28779,0,0,-1,1,0,0,0,0,0,0,0,0,0,0,0,189,0,3,35652616,0,0,0,0,0,-1,-1
47839,Angry Troll Spirit,,28783,0,0,-1,1,0,0,0,0,0,0,0,0,0,0,0,189,0,3,35652616,0,0,0,0,0,-1,-1
47842,Asheva: Geschändete Gewässer,,28786,34450,0,-1,0,0,0,0,0,0,0,0,0,0,22922,109,347,0,3,34144256,0,268435456,0,0,0,-1,-1
47844,Wiederkehrender Wahnsinn,,28789,50321,0,-1,0,0,0,0,0,0,0,0,0,0,22923,109,337,0,3,37421056,0,268435456,47184,0,0,-1,-1
47858,Sicherheitsmaßnahmen: Aktiv,,28803,52120,0,-1,0,0,0,0,0,0,0,0,0,0,23178,109,337,0,3,41484288,8192,268435456,0,0,0,-1,-1
47875,Irixus: Legionswerft,,28818,34450,0,-1,0,0,0,0,0,0,0,0,0,0,22927,109,347,0,3,34144256,0,268435456,0,0,0,-1,-1
47876,Sholoth: Sklavengruben,,28819,34450,0,-1,0,0,0,0,0,0,0,0,0,0,22928,109,347,0,3,34144256,0,268435456,0,0,0,-1,-1
47953,Tereck der Ausleser,,28870,50280,0,-1,0,0,0,0,0,0,0,0,0,0,23016,136,337,0,3,37290048,0,268435456,0,0,0,-1,-1
47969,Der Fluch von Fallhafen,,28885,50981,0,-1,0,0,0,0,0,0,0,0,0,0,0,0,1404,0,3,34144320,0,268468224,48622,0,0,-1321907123,1427461461
47996,Rachenscheusalausrottung,,28905,51048,0,-1,0,0,0,0,0,0,0,0,0,0,0,0,1403,0,3,34144256,0,268468224,0,0,0,1309324210,-1440044374
48091,Vagath der Verratene,,28982,50280,0,-1,0,0,0,0,0,0,0,0,0,0,23101,136,337,0,3,37290048,0,268435456,0,0,0,-1,-1
48093,Naga? Nein danke!,,28984,61613,0,-1,0,0,0,0,0,0,0,0,0,0,0,0,1403,0,3,34144256,0,268468224,0,0,0,1309324210,-1440044374
48094,Leerenklumpen,,28985,50321,0,-1,0,0,0,0,0,0,0,0,0,0,23216,109,337,0,3,37289984,0,268435456,0,0,0,-1,-1
48095,Dunkle Experimente,,28986,50321,0,-1,0,0,0,0,0,0,0,0,0,0,23530,109,337,0,3,37289984,0,268435456,0,0,0,-1,-1
48096,Kernmechanik,,28987,52119,0,-1,0,0,0,0,0,0,0,0,0,0,23515,109,337,0,3,37289984,0,268435456,0,0,0,-1,-1
48097,Prüfung des Torwächters: Gerissenheit,,28988,52119,0,-1,1,0,0,0,0,0,0,0,0,0,23521,109,337,0,3,37289984,0,268435456,47685,48107,0,-1,-1
48098,Gartenungeziefer,,28989,52120,0,-1,0,0,0,0,0,0,0,0,0,0,23265,109,337,0,3,37289984,0,268435456,47854,0,0,-1,-1
48099,Feindliche Echologie,,28990,52119,0,-1,0,0,0,0,0,0,0,0,0,0,23263,109,337,0,3,37289984,0,268435456,0,0,0,-1,-1
48100,Die Verteidigung von Eredath,,28991,52120,0,-1,0,0,0,0,0,0,0,0,0,0,23529,109,337,0,3,37289984,0,268435456,0,0,0,-1,-1
48101,Plattform der Macht,,28992,147714,0,-1,0,0,0,0,0,0,0,0,0,0,23683,109,337,0,3,37289984,0,268435456,0,0,0,-1,-1
48102,Schuppenproben,,28993,52119,0,-1,0,0,0,0,0,0,0,0,0,0,23204,109,337,0,3,37289984,0,268435456,0,0,0,-1,-1
48103,Prüfung des Torwächters: Hartnäckigkeit,,28994,52119,0,-1,0,0,0,0,0,0,0,0,0,0,23522,109,337,0,3,35192832,0,268435456,47689,0,0,-1,-1
48105,Kollegenkontrolle,,28996,52119,0,-1,0,0,0,0,0,0,0,0,0,0,23523,109,337,0,3,37421056,0,268435456,0,0,0,-1,-1
48106,Wahres Missfallen,,28997,50321,0,-1,0,0,0,0,0,0,0,0,0,0,23227,109,337,0,3,37289984,0,268435456,0,0,0,-1,-1
48175,In der Senke verborgen,,29008,50321,0,-1,0,0,0,0,0,0,0,0,0,0,23568,109,337,0,3,37289984,0,268435456,0,0,0,-1,-1
48181,Neeeein,,29017,0,0,-1,0,0,0,0,0,0,0,0,0,0,0,0,1404,0,3,34144256,0,268468224,0,0,0,-1321907123,1427461461
48192,Teerspucker,,29025,50280,0,-1,0,0,0,0,0,0,0,0,0,0,23110,136,337,0,3,37290048,0,268435456,0,0,0,-1,-1
48282,Wichtelmutter Laglath,,29105,50280,0,-1,0,0,0,0,0,0,0,0,0,0,23170,136,337,0,3,37290048,0,268435456,0,0,0,-1,-1
48284,Erntezeit,,29108,50280,0,-1,0,0,0,0,0,0,0,0,0,0,23393,109,337,0,3,37289984,0,268435456,0,0,0,-1,-1
48285,Lufthoheit,,29109,50280,0,-1,0,0,0,0,0,0,0,0,0,0,23396,109,337,0,3,37289984,0,268435456,0,0,0,-1,-1
48286,Kristallmethoden,,29110,50280,0,-1,0,0,0,0,0,0,0,0,0,0,23394,109,337,0,3,37289984,0,268435456,0,0,0,-1,-1
48287,Ernter der Trauer,,29111,50280,0,-1,0,0,0,0,0,0,0,0,0,0,23395,109,337,0,3,37289984,0,268435456,0,0,0,-1,-1
48318,Arbeitsauftrag: Lichtblutelixiere,,29123,51748,0,-1,0,0,0,0,0,2479,25,0,0,0,23182,118,337,0,3,524608,0,268435456,0,0,0,-1,-1
48323,Arbeitsauftrag: Tränen der Naaru,,29128,51747,0,-1,0,0,0,0,0,2479,25,0,0,0,23193,118,337,0,3,524608,0,268435456,0,0,0,-1,-1
48337,Arbeitsauftrag: Astralwinden,,29142,51750,0,-1,0,0,0,0,0,2550,25,0,0,0,23184,119,337,0,3,524608,0,268435456,0,0,0,-1,-1
48338,Benötigte Vorräte: Astralwinden,,29143,51750,0,-1,0,0,0,0,0,0,0,0,0,0,23185,109,337,0,3,524608,0,268435456,0,0,0,-1,-1
48349,Arbeitsauftrag: Empyrium,,29153,51750,0,-1,0,0,0,0,0,2566,25,0,0,0,23188,120,337,0,3,524608,0,268435456,0,0,0,-1,-1
48358,Benötigte Vorräte: Empyrium,,29162,51750,0,-1,0,0,0,0,0,0,0,0,0,0,23189,109,337,0,3,524608,0,268435456,0,0,0,-1,-1
48359,Arbeitsauftrag: Infernalisches Leder,,29163,51750,0,-1,0,0,0,0,0,2558,25,0,0,0,23190,124,337,0,3,524608,0,268435456,0,0,0,-1,-1
48360,Benötigte Vorräte: Infernalisches Leder,,29164,51750,0,-1,0,0,0,0,0,0,0,0,0,0,23191,109,337,0,3,524608,0,268435456,0,0,0,-1,-1
48363,Arbeitsauftrag: Olivin,,29167,51750,0,-1,0,0,0,0,0,2518,25,0,0,0,23194,125,337,0,3,524608,0,268435456,0,0,0,-1,-1
48364,Arbeitsauftrag: Hesselit,,29168,51750,0,-1,0,0,0,0,0,2518,25,0,0,0,23195,125,337,0,3,524608,0,268435456,0,0,0,-1,-1
48373,Arbeitsauftrag: Lichtgewirktes Tuch,,29177,51750,0,-1,0,0,0,0,0,2534,75,0,0,0,23197,121,337,0,3,524608,0,268435456,0,0,0,-1,-1
48374,Benötigte Vorräte: Lichtgewirktes Tuch,,29178,51750,0,-1,0,0,0,0,0,0,0,0,0,0,23198,109,337,0,3,524608,0,268435456,0,0,0,-1,-1
48386,Jed'hinturnier,,29188,52119,0,-1,0,0,0,0,0,0,0,0,0,0,23655,109,337,0,3,37289984,0,268435456,0,0,0,-1,-1
48465,Vrax'thul,,29250,51561,0,-1,0,0,0,0,0,0,0,0,0,0,23247,136,337,0,3,37290048,0,268435456,0,0,0,-1,-1
48466,Ven'orn,,29251,51561,0,-1,0,0,0,0,0,0,0,0,0,0,23248,136,337,0,3,37290048,0,268435456,0,0,0,-1,-1
48467,Puscilla,,29252,51561,0,-1,0,0,0,0,0,0,0,0,0,0,23249,136,337,0,3,37290048,0,268435456,0,0,0,-1,-1
48474,Gruftwächter,,29255,52761,0,-1,0,0,0,0,0,0,0,0,0,0,0,0,1404,0,3,37289984,0,268468224,0,0,0,-1321907123,1427461461
48502,"Naroua, König des Waldes",,29274,113895,0,-1,0,0,0,0,0,0,0,0,0,0,23267,136,337,0,3,37290048,0,268435456,0,0,0,-1,-1
48503,Vindicator Hakbi,,29275,0,0,-1,1,0,0,0,0,0,0,0,0,0,0,0,189,0,3,35652616,0,0,0,0,0,-1,-1
48509,Kommandant Sathrenael,,29279,50280,0,-1,0,0,0,0,0,0,0,0,0,0,23300,136,337,0,3,37290048,0,268435456,0,0,0,-1,-1
48510,Kommandantin Vecaya,,29280,50280,0,-1,0,0,0,0,0,0,0,0,0,0,23301,136,337,0,3,37290048,0,268435456,0,0,0,-1,-1
48511,Kommandant Endaxis,,29281,50280,0,-1,0,0,0,0,0,0,0,0,0,0,23302,136,337,0,3,37290048,0,268435456,0,0,0,-1,-1
48512,Schwester Subversia,,29282,50280,0,-1,0,0,0,0,0,0,0,0,0,0,23303,136,337,0,3,37290048,0,268435456,0,0,0,-1,-1
48514,Schlummernde Ungetüme,,29284,51561,0,-1,0,0,0,0,0,0,0,0,0,0,23612,135,337,0,3,37289984,0,268435456,0,0,0,-1,-1
48525,Macht sie zu Kleinholz,,29295,0,0,-1,0,0,0,0,0,0,0,0,0,0,0,0,1404,0,3,34144256,0,268468224,48519,0,0,-1321907123,1427461461
48526,Selbstversenkung,,29296,51561,0,-1,0,0,0,0,0,0,0,0,0,0,23318,135,337,0,3,37289984,0,268435456,0,0,0,-1,-1
48543,Kandak,,29312,0,0,-1,1,0,0,0,0,0,0,0,0,0,0,0,0,0,3,35652616,0,0,0,0,0,-1,-1
48588,Heilung der Infektion,,29353,54627,0,-1,0,0,0,0,0,0,0,0,0,0,0,0,1403,0,3,36241408,0,268468224,0,0,0,1309324210,-1440044374
48592,Die Spitze halten,,29356,51611,0,-1,0,0,0,0,0,0,0,0,0,0,23426,109,337,0,3,41484288,0,268435456,0,0,0,-1,-1
48614,Leidvolle Folgen,,29378,51611,0,-1,0,0,0,0,0,0,0,0,0,0,23433,109,337,0,3,41484288,0,268435456,0,0,0,-1,-1
48615,Krieg bleibt immer gleich,,29379,51611,0,-1,0,0,0,0,0,0,0,0,0,0,23434,109,337,0,3,37289984,0,268435456,0,0,0,-1,-1
48624,Wer hat die von der Leine gelassen?,,29388,51561,0,-1,0,0,0,0,0,0,0,0,0,0,23436,135,337,0,3,37289984,0,268435456,0,0,0,-1,-1
48625,Ahalt'cob,,29389,0,0,-1,1,0,0,0,0,0,0,0,0,0,0,0,189,0,3,35652616,0,0,0,0,0,-1,-1
48637,Läuterndes Feuer,,29398,51561,0,-1,0,0,0,0,0,0,0,0,0,152648,23445,135,337,0,3,37421056,0,268435456,0,0,0,-1,-1
48640,Das unsterbliche Geschwader,,29401,51561,0,-1,0,0,0,0,0,0,0,0,0,152657,23447,135,337,0,3,37421056,0,268435456,0,0,0,-1,-1
48662,Kurze Lunten,,29420,51561,0,-1,0,0,0,0,0,0,0,0,0,0,23452,135,337,0,3,37289984,0,268435456,0,0,0,-1,-1
48680,Nicht die Bienen!,,29438,0,0,-1,0,0,0,0,0,0,0,0,0,0,0,0,1404,0,3,34144320,0,268468224,48678,0,0,-1321907123,1427461461
48691,Seelenkette,,29449,51561,0,-1,0,0,0,0,0,0,0,0,0,152971,23455,135,337,0,3,37289984,0,268435456,0,0,0,-1,-1
48694,Seelenverzerrte Monstrosität,,29452,52119,0,-1,0,0,0,0,0,0,0,0,0,0,23457,136,337,0,3,37290048,0,268435456,0,0,0,-1,-1
48696,Treiber Kravos,,29454,52119,0,-1,0,0,0,0,0,0,0,0,0,0,23458,136,337,0,3,37290048,0,268435456,0,0,0,-1,-1
48698,Kaara die Bleiche,,29456,50321,0,-1,0,0,0,0,0,0,0,0,0,0,23459,136,337,0,3,37290048,0,268435456,0,0,0,-1,-1
48701,Baruut der Blutrünstige,,29459,50321,0,-1,0,0,0,0,0,0,0,0,0,0,23460,136,337,0,3,37290048,0,268435456,0,0,0,-1,-1
48722,Fiesel der Muffindieb,,29480,52120,0,-1,0,0,0,0,0,0,0,0,0,0,23461,136,337,0,3,37290048,0,268435456,0,0,0,-1,-1
48723,Wache Thanos,,29481,50321,0,-1,0,0,0,0,0,0,0,0,0,0,23462,136,337,0,3,37290048,0,268435456,0,0,0,-1,-1
48724,Wache Kuro,,29482,52119,0,-1,0,0,0,0,0,0,0,0,0,0,23463,136,337,0,3,37290048,0,268435456,0,0,0,-1,-1
48725,Giftschwanzhimmelsflosse,,29483,50321,0,-1,0,0,0,0,0,0,0,0,0,0,23464,136,337,0,3,37290048,0,268435456,0,0,0,-1,-1
48726,Turek der Wache,,29484,50321,0,-1,0,0,0,0,0,0,0,0,0,0,23465,136,337,0,3,37290048,0,268435456,0,0,0,-1,-1
48727,Hauptmann Faruq,,29485,50321,0,-1,0,0,0,0,0,0,0,0,0,0,23466,136,337,0,3,37290048,0,268435456,0,0,0,-1,-1
48728,Umbraliss,,29486,50321,0,-1,0,0,0,0,0,0,0,0,0,0,23467,136,337,0,3,37290048,0,268435456,0,0,0,-1,-1
48729,Ataxon,,29487,50321,0,-1,0,0,0,0,0,0,0,0,0,0,23468,136,337,0,3,37290048,0,268435456,0,0,0,-1,-1
48730,Sorolis der Unglückselige,,29488,52119,0,-1,0,0,0,0,0,0,0,0,0,0,23469,136,337,0,3,37290048,0,268435456,0,0,0,-1,-1
48731,Vorbote des Chaos,,29489,50321,0,-1,0,0,0,0,0,0,0,0,0,0,23470,136,337,0,3,37290048,0,268435456,0,0,0,-1,-1
48732,Sabuul,,29490,50321,0,-1,0,0,0,0,0,0,0,0,0,0,23471,136,337,0,3,37290048,0,268435456,0,0,0,-1,-1
48733,Jed'hinchampion Vorusk,,29491,52119,0,-1,0,0,0,0,0,0,0,0,0,0,23472,136,337,0,3,37290048,0,268435456,0,0,0,-1,-1
48734,Aufseherin Y'Beda,,29492,52120,0,-1,0,0,0,0,0,0,0,0,0,0,23473,136,337,0,3,37290048,0,268435456,0,0,0,-1,-1
48735,Aufseherin Y'Sorna,,29493,52120,0,-1,0,0,0,0,0,0,0,0,0,0,23474,136,337,0,3,37290048,0,268435456,0,0,0,-1,-1
48736,Aufseherin Y'Morna,,29494,52120,0,-1,0,0,0,0,0,0,0,0,0,0,23475,136,337,0,3,37290048,0,268435456,0,0,0,-1,-1
48737,Lehrmeisterin Tarahna,,29495,52119,0,-1,0,0,0,0,0,0,0,0,0,0,23476,136,337,0,3,37290048,0,268435456,0,0,0,-1,-1
48738,Zul'tan der Zahllose,,29496,52119,0,-1,0,0,0,0,0,0,0,0,0,0,23477,136,337,0,3,37290048,0,268435456,0,0,0,-1,-1
48739,Kommandant Xethgar,,29497,52120,0,-1,0,0,0,0,0,0,0,0,0,0,23478,136,337,0,3,37290048,0,268435456,0,0,0,-1,-1
48740,Skreeg der Verschlinger,,29498,52120,0,-1,0,0,0,0,0,0,0,0,0,0,23479,136,337,0,3,37290048,0,268435456,0,0,0,-1,-1
48777,Die Höhle der Scheusale,,29535,51561,0,-1,0,0,0,0,0,0,0,0,0,0,23481,135,337,0,3,37289984,0,268435456,0,0,0,-1,-1
48780,Gladius,,29538,51561,0,-1,0,0,0,0,0,0,0,0,0,0,23484,135,337,0,3,37289984,0,268435456,0,0,0,-1,-1
48783,Niemand erwartet sie,,29541,51561,0,-1,0,0,0,0,0,0,0,0,0,0,23504,135,337,0,3,37289984,0,268435456,0,0,0,-1,-1
48827,Varga,,29580,51561,0,-1,0,0,0,0,0,0,0,0,0,0,23535,136,337,0,3,37290048,0,268435456,0,0,0,-1,-1
48828,Leutnant Xakaar,,29581,51561,0,-1,0,0,0,0,0,0,0,0,0,0,23536,136,337,0,3,37290048,0,268435456,0,0,0,-1,-1
48829,Zornfürst Yarez,,29582,51561,0,-1,0,0,0,0,0,0,0,0,0,0,23537,136,337,0,3,37290048,0,268435456,0,0,0,-1,-1
48830,Inquisitor Vethroz,,29583,51561,0,-1,0,0,0,0,0,0,0,0,0,0,23538,136,337,0,3,37290048,0,268435456,0,0,0,-1,-1
48831,Kommandant Texlaz,,29584,51561,0,-1,0,0,0,0,0,0,0,0,0,0,23539,136,337,0,3,37290048,0,268435456,0,0,0,-1,-1
48832,Admiral Rel'var,,29585,51561,0,-1,0,0,0,0,0,0,0,0,0,0,23540,136,337,0,3,37290048,0,268435456,0,0,0,-1,-1
48833,Ritualabschluss,,29586,51561,0,-1,0,0,0,0,0,0,0,0,0,0,23608,111,337,0,3,37289984,0,268435456,0,0,0,-1,-1
48834,Weltenspalter Skuul,,29587,51561,0,-1,0,0,0,0,0,0,0,0,0,0,23543,136,337,0,3,37290048,0,268435456,0,0,0,-1,-1
48835,Hundemeister Kerrax,,29588,51561,0,-1,0,0,0,0,0,0,0,0,0,0,23544,136,337,0,3,37290048,0,268435456,0,0,0,-1,-1
48836,Beobachter Aival,,29589,51561,0,-1,0,0,0,0,0,0,0,0,0,0,23545,136,337,0,3,37290048,0,268435456,0,0,0,-1,-1
48837,Allseher Xanarian,,29590,51561,0,-1,0,0,0,0,0,0,0,0,0,0,23541,136,337,0,3,37290048,0,268435456,0,0,0,-1,-1
48852,Zardrax aufhalten,,29605,52131,0,-1,0,0,0,0,0,0,0,0,0,0,0,0,1403,0,3,34144256,0,268468224,0,0,0,1309324210,-1440044374
48866,Leerenwächterin Valsuran,,29616,51561,0,-1,0,0,0,0,0,0,0,0,0,0,23560,136,337,0,3,37290048,0,268435456,0,0,0,-1,-1
48867,Oberster Alchemist Munculus,,29617,51561,0,-1,0,0,0,0,0,0,0,0,0,0,23561,136,337,0,3,37290048,0,268435456,0,0,0,-1,-1
48875,Gut vermischt,,29624,51561,0,-1,0,0,0,0,0,0,0,0,0,0,23567,135,337,0,3,37289984,0,268435456,0,0,0,-1,-1
48931,Erwachte Behemoths,,29675,51561,0,-1,0,0,0,0,0,0,0,0,0,0,23610,111,337,0,3,37289984,0,268435456,0,0,0,-1,-1
48934,Mal der Verdammten,,29677,53769,0,-1,0,0,0,0,0,0,0,0,0,0,0,0,1403,0,3,34144256,0,268468224,0,0,0,1309324210,-1440044374
48936,Slithon die Letzte,,29679,52119,0,-1,0,0,0,0,0,0,0,0,0,0,23627,136,337,0,3,37290048,0,268435456,0,0,0,-1,-1
48951,Sitz des Triumvirats: Leerenschlund,,29694,50321,0,-1,0,0,0,0,0,0,0,0,0,0,23660,137,337,0,3,35192832,0,268435458,0,0,0,-1,-1
48952,Knochen für alle,,29695,51561,0,-1,0,0,0,0,0,0,0,0,0,0,23666,135,337,0,3,37289984,0,268435456,0,0,0,-1,-1
48953,Sitz des Triumvirats: Rufer der Dunkelheit,,29696,50321,0,-1,0,0,0,0,0,0,0,0,0,0,23659,137,337,0,3,35192832,0,268435458,0,0,0,-1,-1
48957,Sitz des Triumvirats: Leerenklinge Zedaat,,29698,50321,0,-1,0,0,0,0,0,0,0,0,0,0,23661,137,337,0,3,35192832,0,268435458,0,0,0,-1,-1
48958,Ritualstörung,,29699,51561,0,-1,0,0,0,0,0,0,0,0,0,0,23678,135,337,0,3,37289984,0,268435456,0,0,0,-1,-1
48959,Sitz des Triumvirats: Dunkle Spalte,,29700,50321,0,-1,0,0,0,0,0,0,0,0,0,0,23662,137,337,0,3,35192832,0,268435458,0,0,0,-1,-1
48983,Bergbauregeln,,29722,51561,0,-1,0,0,0,0,0,0,0,0,0,0,23684,135,337,0,3,37289984,0,268435456,0,0,0,-1,-1
48985,Sitz des Triumvirats: Zwielichtbote Tharuul,,29724,50321,0,-1,0,0,0,0,0,0,0,0,0,0,23663,137,337,0,3,35192832,0,268435458,0,0,0,-1,-1
49013,Ein mächtiger Schock,,29748,55564,0,-1,0,0,0,0,0,0,0,0,0,0,25446,109,464,0,3,34144256,8192,268435456,0,0,0,1309324210,-1440044374
49041,Verdammnishuf,,29774,145951,0,-1,0,0,0,0,0,0,0,0,0,0,23694,115,337,0,3,3735808,0,268435456,0,0,0,-1,-1
49042,Übelklaue,,29775,145951,0,-1,0,0,0,0,0,0,0,0,0,0,23695,115,337,0,3,3735808,0,268435456,0,0,0,-1,-1
49043,Unheilsschimmer,,29776,145951,0,-1,0,0,0,0,0,0,0,0,0,0,23696,115,337,0,3,3735808,0,268435456,0,0,0,-1,-1
49044,Würger,,29777,145951,0,-1,0,0,0,0,0,0,0,0,0,0,23697,115,337,0,3,3735808,0,268435456,0,0,0,-1,-1
49045,Todeskreischer,,29778,145951,0,-1,0,0,0,0,0,0,0,0,0,0,23698,115,337,0,3,3735808,0,268435456,0,0,0,-1,-1
49046,Knirscher,,29779,145951,0,-1,0,0,0,0,0,0,0,0,0,0,23699,115,337,0,3,3735808,0,268435456,0,0,0,-1,-1
49047,Bukki,,29780,145956,0,-1,0,0,0,0,0,0,0,0,0,0,23700,115,337,0,3,3735808,0,268435456,0,0,0,-1,-1
49048,Zinken,,29781,145956,0,-1,0,0,0,0,0,0,0,0,0,0,23701,115,337,0,3,3735808,0,268435456,0,0,0,-1,-1
49049,Zwielichtflosse,,29782,145956,0,-1,0,0,0,0,0,0,0,0,0,0,23702,115,337,0,3,3735808,0,268435456,0,0,0,-1,-1
49050,Schattenflimmer,,29783,145956,0,-1,0,0,0,0,0,0,0,0,0,0,23703,115,337,0,3,3735808,0,268435456,0,0,0,-1,-1
49051,Verderbtes Blut von Argus,,29784,145956,0,-1,0,0,0,0,0,0,0,0,0,0,23704,115,337,0,3,3735808,0,268435456,0,0,0,-1,-1
49052,Mar'cuus,,29785,145956,0,-1,0,0,0,0,0,0,0,0,0,0,23705,115,337,0,3,3735808,0,268435456,0,0,0,-1,-1
49053,Beobachter,,29786,145953,0,-1,0,0,0,0,0,0,0,0,0,0,23706,115,337,0,3,3735808,0,268435456,0,0,0,-1,-1
49054,Blähi,,29787,145953,0,-1,0,0,0,0,0,0,0,0,0,0,23707,115,337,0,3,3735808,0,268435456,0,0,0,-1,-1
49055,Ohrensucher,,29788,145953,0,-1,0,0,0,0,0,0,0,0,0,0,23708,115,337,0,3,3735808,0,268435456,0,0,0,-1,-1
49056,Filzer,,29789,145953,0,-1,0,0,0,0,0,0,0,0,0,0,23709,115,337,0,3,3735808,0,268435456,0,0,0,-1,-1
49057,Minixis,,29790,145953,0,-1,0,0,0,0,0,0,0,0,0,0,23710,115,337,0,3,3735808,0,268435456,0,0,0,-1,-1
49058,Einer-von-vielen,,29791,145953,0,-1,0,0,0,0,0,0,0,0,0,0,23711,115,337,0,3,3735808,0,268435456,0,0,0,-1,-1
49068,Ordnung in der Bucht,,29797,55564,0,-1,0,0,0,0,0,0,0,0,0,0,23720,109,464,0,3,41484288,8192,268435456,0,0,0,1309324210,-1440044374
49300,Verderbte Wildnis,,29980,0,0,-1,0,0,0,0,0,0,0,0,0,0,0,0,1310,0,3,34144256,0,268468224,48366,0,0,-1321907123,1427461461
49315,Schreckensperlenabsprache,,29995,61885,0,-1,0,0,0,0,0,0,0,0,0,0,0,0,1407,0,3,34144256,0,268468224,0,0,0,-1,-1
49345,Vergrabener Schatz,,30025,55564,0,-1,0,0,0,0,0,0,0,0,0,0,25055,109,464,0,3,41484288,8192,268435456,0,0,0,1309324210,-1440044374
49367,Tracking Quest,,30044,0,0,-1,0,0,0,0,0,0,0,0,0,0,0,0,190,0,3,33555456,0,0,0,0,0,-1,-1
49368,Tracking Quest,,30045,0,0,-1,0,0,0,0,0,0,0,0,0,0,0,0,190,0,3,33555456,0,0,0,0,0,-1,-1
49369,Tracking Quest,,30046,0,0,-1,0,0,0,0,0,0,0,0,0,0,0,0,190,0,3,33555456,0,0,0,0,0,-1,-1
49397,Um die Wurst,,30069,55564,0,-1,0,0,0,0,0,0,0,0,0,0,25198,109,464,0,3,34144256,0,268435456,0,0,0,-1321907123,1427461461
49406,Schlachtfest in Zalamar,,30078,53450,0,-1,0,0,0,0,0,0,0,0,0,0,0,0,1403,0,3,269025280,0,268468224,0,0,0,1309324210,-1440044374
49413,Strolche mit Schriftrollen,,30084,55564,0,-1,0,0,0,0,0,0,0,0,0,0,24018,109,464,0,3,37289984,0,268435456,0,0,0,-1,-1
49444,Gestampft,,30112,68543,0,-1,0,0,0,0,0,0,0,0,0,0,23566,109,464,0,3,41484288,8192,268435456,0,0,0,1309324210,-1440044374
49529,Frühjahrsputz,,30167,54391,0,-1,0,0,0,0,0,0,0,0,0,0,0,0,1310,0,3,34144256,0,268468224,0,0,0,-1321907123,1427461461
49675,Tracking Quest,,30237,0,0,-1,0,0,0,0,0,0,0,0,0,0,0,0,190,0,3,33555456,0,0,0,0,0,-1,-1
49695,Tracking Quest,,30257,0,0,-1,0,0,0,0,0,0,0,0,0,0,0,0,190,0,3,33555464,0,0,0,0,0,-1,-1
49739,Der Feind vor den Toren,,30283,62654,0,-1,0,0,0,0,0,0,0,0,0,0,0,0,1310,0,3,589824,0,268468224,49738,0,0,-1321907123,1427461461
49800,Atal'Dazar: Spinnen!,,30331,55564,0,-1,0,0,0,0,0,0,0,0,0,0,24143,137,464,0,3,35192832,0,268435458,0,0,0,-1,-1
49809,Atal'Dazar: Aus den Schatten,,30340,55564,0,-1,0,0,0,0,0,0,0,0,0,0,24144,137,464,0,3,35192832,0,268435458,0,0,0,-1,-1
49888,Atal'Dazar: Ein bisschen Mojo,,30400,55564,0,-1,0,0,0,0,0,0,0,0,0,0,24145,137,464,0,3,35192832,0,268435458,0,0,0,-1,-1
49918,Der Gorillagraben,,30430,66346,0,-1,0,0,0,0,0,0,0,0,0,0,0,0,1407,0,3,34144320,0,268468224,0,0,0,1309324210,-1440044374
49994,Schlittern mit Stil,,30491,55564,0,-1,0,0,0,0,0,0,0,0,0,0,26695,109,464,0,3,2686976,0,268435456,0,0,0,-1321907123,1427461461
50000,Bestialische Machenschaften,,30497,55564,0,-1,0,0,0,0,0,0,0,0,0,0,25244,109,464,0,3,37289984,0,268435456,0,0,0,-1321907123,1427461461
50009,Schiffswrackbergung,,30506,0,0,-1,0,0,0,0,0,0,0,0,0,0,0,0,1310,0,3,34144256,0,268468224,50026,0,0,-1321907123,1427461461
50072,Test WQ Quest [RNM],,30567,0,0,-1,0,0,0,0,0,0,0,0,0,0,24378,115,347,0,3,34144256,196608,268435456,0,0,0,-1,-1
50080,Plünderer ausplündern,,30575,62273,0,-1,0,0,0,0,0,0,0,0,0,0,0,0,1403,0,3,38338560,8192,268468224,0,0,0,1309324210,-1440044374
50091,Dorfreparatur,,30586,54736,0,-1,0,0,0,0,0,0,0,0,0,0,0,0,1404,0,3,37289984,0,268468224,0,0,0,-1321907123,1427461461
50133,Unkraut vergeht nicht,,30618,54815,0,-1,1,0,0,0,0,0,0,0,0,0,0,0,1405,0,3,34144256,0,268468224,0,0,0,-1321907123,1427461461
50164,Polly will einen Keks?,,30649,55564,0,-1,0,0,0,0,0,0,0,0,0,154878,25319,109,464,0,3,38338560,8192,268435456,0,0,0,-1321907123,1427461461
50178,Probleme am Wurzelpfad,,30660,0,0,-1,0,0,0,0,0,0,0,0,0,0,0,0,1407,0,3,34144256,0,268468224,0,0,0,1309324210,-1440044374
50234,Mannschaften von Freihafen,,30716,55564,0,-1,0,0,0,0,0,0,0,0,0,0,24483,109,464,0,3,4784128,8193,268435456,0,0,0,-1321907123,1427461461
50267,Xu'e,,30744,0,0,-1,1,0,0,0,0,0,0,0,0,0,0,0,0,0,3,35652616,0,0,0,0,0,-1,-1
50287,Endlose Gorillakriegsführung,,30768,55564,0,-1,0,0,0,0,0,0,0,0,0,0,24526,109,464,0,3,37290304,0,268435456,0,0,0,1309324210,-1440044374
50295,Zum Zähne ausbeißen,,30775,70114,0,-1,0,0,0,0,0,0,0,0,0,0,24527,109,464,0,3,38338560,8192,268435456,0,0,0,-1321907123,1427461461
50296,Ziegenbockbarbier,,30776,55564,0,-1,0,0,0,0,0,0,0,0,0,153596,24528,109,464,0,3,34144256,0,268435456,0,0,0,-1321907123,1427461461
50299,Greifen greifen,,30779,55564,0,-1,0,0,0,0,0,0,0,0,0,156928,24532,109,464,0,3,34144256,0,268435456,0,0,0,-1321907123,1427461461
50315,Nicht eingeplant,,30793,55564,0,-1,0,0,0,0,0,0,0,0,0,0,25380,109,464,0,3,38338560,8192,268435456,0,0,0,-1321907123,1427461461
50322,Ein gefiederter Trend,,30799,55564,0,-1,0,0,0,0,0,0,0,0,0,0,25858,109,464,0,3,38338560,8192,268435456,0,0,0,-1321907123,1427461461
50324,Zischfeders idyllisches Resort,,30801,55564,0,-1,0,0,0,0,0,0,0,0,0,157540,26576,109,464,0,3,38338560,8192,268435456,0,0,0,-1321907123,1427461461
50357,Mineneroberung,,30833,5793,0,-1,0,0,0,0,0,0,0,0,0,0,0,0,1310,0,3,34144256,0,268468224,50349,0,0,-1321907123,1427461461
50369,Braunbärgebräu,,30845,55564,0,-1,1,0,0,0,0,0,0,0,0,0,25411,109,464,0,3,3735552,0,268435456,0,0,0,-1321907123,1427461461
50421,Sparring auf der Spiere,,30896,55564,0,-1,0,0,0,0,0,0,0,0,0,0,25457,109,464,0,3,4784128,8192,268435456,0,0,0,-1321907123,1427461461
50443,Bis zu den Wurzeln,,30918,55564,0,-1,0,0,0,0,0,0,0,0,0,0,24631,109,464,0,3,41484288,8192,268435456,0,0,0,1309324210,-1440044374
50448,Korlach zurückerobern,,30924,0,0,-1,0,0,0,0,0,0,0,0,0,0,0,0,1404,0,3,38338560,0,268468224,50253,0,0,-1321907123,1427461461
50459,Vugthuth,,30935,55564,0,-1,0,0,0,0,0,0,0,0,0,0,24588,136,464,0,3,37289984,0,268435456,0,0,0,-1,-1
50461,Zujothgul,,30937,55564,0,-1,0,0,0,0,0,0,0,0,0,0,24589,136,464,0,3,37289984,0,268435456,0,0,0,-1,-1
50468,Shul-Nagruth,,30943,55564,0,-1,0,0,0,0,0,0,0,0,0,0,24590,136,464,0,3,37289984,0,268435456,0,0,0,-1,-1
50474,Die Andere Seite,,30945,55564,0,-1,0,0,0,0,0,0,0,0,0,0,24632,109,464,0,3,41484288,8192,268435456,0,0,0,1309324210,-1440044374
50483,Unterfürst Xerxiz,,30954,55564,0,-1,0,0,0,0,0,0,0,0,0,0,24591,136,464,0,3,37289984,0,268435456,0,0,0,-1,-1
50488,Uralter Kieferknirscher,,30958,55564,0,-1,0,0,0,0,0,0,0,0,0,0,24597,135,464,0,3,34144320,0,268435456,0,0,0,-1,-1
50489,Xu'ba,,30959,55564,0,-1,0,0,0,0,0,0,0,0,0,0,24598,135,464,0,3,34144320,0,268435456,0,0,0,-1,-1
50490,Uroku der Gebundene,,30960,55564,0,-1,0,0,0,0,0,0,0,0,0,0,24599,135,464,0,3,34144320,0,268435456,0,0,0,-1,-1
50491,Leichenbringerin Yal'kar,,30961,55564,0,-1,0,0,0,0,0,0,0,0,0,0,24600,135,464,0,3,34144320,0,268435456,0,0,0,-1,-1
50492,Verfluchte Truhe,,30962,55564,0,-1,0,0,0,0,0,0,0,0,0,0,24601,135,464,0,3,34144320,0,268435456,0,0,0,-1,-1
50496,Glompschlund,,30967,55564,0,-1,0,0,0,0,0,0,0,0,0,0,24602,135,464,0,3,34144320,0,268435456,0,0,0,-1,-1
50497,Krag'was Gunst,,30968,55564,0,-1,0,0,0,0,0,0,0,0,0,0,24635,109,464,0,3,41484288,8192,268435456,0,0,0,1309324210,-1440044374
50498,Fleischfetz,,30969,55564,0,-1,0,0,0,0,0,0,0,0,0,0,24603,135,464,0,3,34144320,0,268435456,0,0,0,-1,-1
50499,Gwugnug,,30970,55564,0,-1,0,0,0,0,0,0,0,0,0,0,24604,135,464,0,3,34144320,0,268435456,0,0,0,-1,-1
50501,Königin Tzxi'kik,,30972,55564,0,-1,0,0,0,0,0,0,0,0,0,0,24605,135,464,0,3,35192896,0,268435456,0,0,0,-1,-1
50502,Jax'teb der Wiederbelebte,,30973,55564,0,-1,0,0,0,0,0,0,0,0,0,0,24606,135,464,0,3,34144320,0,268435456,0,0,0,-1,-1
50503,Juba der Vernarbte,,30974,55564,0,-1,0,0,0,0,0,0,0,0,0,0,24607,135,464,0,3,34144320,0,268435456,0,0,0,-1,-1
50505,Kal'draxa,,30976,67269,0,-1,0,0,0,0,0,0,0,0,0,0,24608,135,464,0,3,34144320,0,268435456,0,0,0,-1,-1
50506,König Kooba,,30977,55564,0,-1,0,0,0,0,0,0,0,0,0,0,24609,135,464,0,3,34144320,0,268435456,0,0,0,-1,-1
50507,Krubbs,,30978,55564,0,-1,0,0,0,0,0,0,0,0,0,0,24610,135,464,0,3,34144320,0,268435456,0,0,0,-1,-1
50509,Lo'kuno,,30980,55564,0,-1,0,0,0,0,0,0,0,0,0,0,24612,135,464,0,3,34144320,0,268435456,0,0,0,-1,-1
50510,Vollgefressener Saurolisk,,30981,55564,0,-1,0,0,0,0,0,0,0,0,0,0,24613,135,464,0,3,34144320,0,268435456,0,0,0,-1,-1
50511,Bajiatha,,30982,55564,0,-1,0,0,0,0,0,0,0,0,0,0,24614,135,464,0,3,34144320,0,268435456,0,0,0,-1,-1
50512,Späher Skrasniss,,30983,55564,0,-1,0,0,0,0,0,0,0,0,0,0,24615,135,464,0,3,34144320,0,268435456,0,0,0,-1,-1
50513,Besudelter Wächter,,30984,55564,0,-1,0,0,0,0,0,0,0,0,0,0,24616,135,464,0,3,34144320,0,268435456,0,0,0,-1,-1
50514,Totemmacherin Jash'ga,,30985,55564,0,-1,0,0,0,0,0,0,0,0,0,0,24617,135,464,0,3,34144320,0,268435456,0,0,0,-1,-1
50515,Giftkiefer,,30986,55564,0,-1,0,0,0,0,0,0,0,0,0,0,24618,135,464,0,3,34144320,0,268435456,0,0,0,-1,-1
50516,Kriegstrommlerin Zurula,,30987,55564,0,-1,0,0,0,0,0,0,0,0,0,0,24619,135,464,0,3,34144320,0,268435456,0,0,0,-1,-1
50517,Mala'kili und Rohnkor,,30988,55564,0,-1,0,0,0,0,0,0,0,0,0,0,24620,135,464,0,3,34144320,0,268435456,0,0,0,-1,-1
50518,Zanxib,,30989,55564,0,-1,0,0,0,0,0,0,0,0,0,0,24621,135,464,0,3,34144320,0,268435456,0,0,0,-1,-1
50519,Za'amar,,30990,55564,0,-1,0,0,0,0,0,0,0,0,0,0,24623,135,464,0,3,34144320,0,268435456,0,0,0,-1,-1
50521,Verbrannte Erde,,30992,55564,0,-1,0,0,0,0,0,0,0,0,0,157847,25598,109,464,0,3,41615360,8192,268435456,0,0,0,1309324210,-1440044374
50524,Den Tempel läutern,,30995,55564,0,-1,0,0,0,0,0,0,0,0,0,0,24664,109,464,0,3,41484288,8192,268435456,0,0,0,1309324210,-1440044374
50527,Hinter den Linien der Mogu,,30998,66654,0,-1,0,0,0,0,0,0,0,0,0,0,24666,109,464,0,3,41484544,8192,268435456,52287,0,0,-1321907123,1427461461
50529,Die Geister im Inneren,,31000,55564,0,-1,0,0,0,0,0,0,0,0,0,0,24637,109,464,0,3,41484288,8192,268435456,0,0,0,1309324210,-1440044374
50540,Ruft die Rastari zusammen,,31011,55564,0,-1,0,0,0,0,0,0,0,0,0,157858,24676,109,464,0,3,41615616,8192,268435456,0,0,0,1309324210,-1440044374
50545,Gabelblitz,,32725,55564,0,-1,0,0,0,0,0,0,0,0,0,0,24639,109,464,0,3,41484288,8192,268435456,0,0,0,1309324210,-1440044374
50547,Die Messer von Zul,,31020,55564,0,-1,0,0,0,0,0,0,0,0,0,0,24677,109,464,0,3,41484544,0,268435456,0,0,0,1309324210,-1440044374
50548,Vollstrecker des Willens des Königs,,31021,55564,0,-1,0,0,0,0,0,0,0,0,0,0,24678,109,464,0,3,41615360,8192,268435456,0,0,0,1309324210,-1440044374
50549,Absolut barbarisch,,31022,55564,0,-1,0,0,0,0,0,0,0,0,0,0,25611,109,464,0,3,41484288,8192,268435456,0,0,0,1309324210,-1440044374
50559,Außer Kontrolle,,31032,66505,0,-1,5,0,0,0,0,0,0,0,0,0,25787,109,464,0,3,40435712,8192,268435456,0,0,0,1309324210,-1440044374
50564,Azeritdurchströmte Schlacke,,31037,55564,0,-1,0,0,0,0,0,0,0,0,0,0,24680,135,464,0,3,37290048,0,268435456,0,0,0,-1,-1
50566,Verlorene Schriftrolle,,31039,55564,0,-1,0,0,0,0,0,0,0,0,0,0,24681,135,464,0,3,37290048,0,268435456,0,0,0,-1,-1
50568,Chags Herausforderung,,31041,55564,0,-1,0,0,0,0,0,0,0,0,0,0,24682,135,464,0,3,37290048,0,268435456,0,0,0,-1,-1
50570,Azeritdurchströmter Elementar,,31043,55564,0,-1,0,0,0,0,0,0,0,0,0,0,24683,135,464,0,3,34144320,0,268435456,0,0,0,-1,-1
50571,Eierausrottung,,31044,55564,0,-1,0,0,0,0,0,0,0,0,0,0,24684,109,464,0,3,41484544,0,268435456,0,0,0,1309324210,-1440044374
50572,Blutiger Übergriff,,31045,67204,0,-1,0,0,0,0,0,0,0,0,0,154724,24642,109,464,0,3,41615360,8192,268435456,0,0,0,1309324210,-1440044374
50574,Erhaltungsmethoden,,31047,55564,0,-1,0,0,0,0,0,0,0,0,0,158067,24685,109,464,0,3,41615616,0,268435456,0,0,0,1309324210,-1440044374
50577,Vermisst,,31050,55564,0,-1,0,0,0,0,0,0,0,0,0,159761,25599,109,464,0,3,41484288,8192,268435456,0,0,0,1309324210,-1440044374
50578,Erneuter Ruin,,31051,55564,0,-1,0,0,0,0,0,0,0,0,0,0,24686,109,464,0,3,41484288,8192,268435456,0,0,0,1309324210,-1440044374
50581,Schriftrollen und Schuppen,,31054,70810,0,-1,0,0,0,0,0,0,0,0,0,0,25000,109,464,0,3,41484288,8192,268435456,0,0,0,1309324210,-1440044374
50587,Nagative Gedanken,,31060,55564,0,-1,0,0,0,0,0,0,0,0,0,0,24644,109,464,0,3,41484288,8192,268435456,0,0,0,1309324210,-1440044374
50591,Bienenfleißig,,31066,55564,0,-1,0,0,0,0,0,0,0,0,0,0,25748,109,464,0,3,34144256,16384,268435456,0,0,0,-1321907123,1427461461
50592,Winziger Schrecken,,31067,55564,0,-1,0,0,0,0,0,0,0,0,0,0,24999,109,464,0,3,41484288,8192,268435456,49681,0,0,1309324210,-1440044374
50619,Auf und ab,,31093,55564,0,-1,0,0,0,0,0,0,0,0,0,0,24997,109,464,0,3,38338560,8192,268435456,0,0,0,1309324210,-1440044374
50633,Zutatenpterror,,31105,55564,0,-1,0,0,0,0,0,0,0,0,0,0,24706,109,464,0,3,41484544,0,268435456,0,0,0,1309324210,-1440044374
50634,Rettet unsere Schriftrollen!,,31106,55564,0,-1,0,0,0,0,0,0,0,0,0,0,24847,109,464,0,3,38338560,8192,268435456,0,0,0,1309324210,-1440044374
50636,Gravierende Bedrohung,,31108,55564,0,-1,0,0,0,0,0,0,0,0,0,0,24707,109,464,0,3,41484544,0,268435456,0,0,0,1309324210,-1440044374
50648,Von Toten und Blasen,,31120,55564,0,-1,0,0,0,0,0,0,0,0,0,0,24649,109,464,0,3,41484288,8192,268435456,0,0,0,1309324210,-1440044374
50650,Zerstörung von Zalamar,,31122,67203,0,-1,0,0,0,0,0,0,0,0,0,0,26030,109,464,0,3,272171008,0,268435456,0,0,0,1309324210,-1440044374
50651,Potenzial unterbinden,,31123,55564,0,-1,0,0,0,0,0,0,0,0,0,158185,24713,109,464,0,3,41615616,0,268435456,0,0,0,-1321907123,1427461461
50652,"Die Hand beißen, die sie füttert",,31124,55564,0,-1,0,0,0,0,0,0,0,0,0,0,24996,109,464,0,3,38338560,8192,268435456,0,0,0,1309324210,-1440044374
50660,Überlebensstrategie,,31132,55564,0,-1,0,0,0,0,0,0,0,0,0,0,24652,109,464,0,3,41484288,8192,268435456,0,0,0,1309324210,-1440044374
50665,Es gibt keine Bluttrollapokalypse,,31137,55564,0,-1,0,0,0,0,0,0,0,0,0,0,24654,109,464,0,3,272171008,0,268435456,0,0,0,1309324210,-1440044374
50667,Überfällig,,31139,55564,0,-1,0,0,0,0,0,0,0,0,0,0,24653,109,464,0,3,41484288,8192,268435456,0,0,0,1309324210,-1440044374
50676,Flusstribut,,31149,55564,0,-1,0,0,0,0,0,0,0,0,0,0,24655,109,464,0,3,41484288,8192,268435456,0,0,0,1309324210,-1440044374
50689,Drecksgrube,,31162,55564,0,-1,0,0,0,0,0,0,0,0,0,0,24656,109,464,0,3,272171264,0,268435456,0,0,0,1309324210,-1440044374
50695,Kannibalismus wird nicht geduldet,,31167,55564,0,-1,0,0,0,0,0,0,0,0,0,0,25595,109,464,0,3,272171008,0,268435456,0,0,0,1309324210,-1440044374
50717,"Nicht mit mir, Troll",,31189,55564,0,-1,0,0,0,0,0,0,0,0,0,158324,24658,109,464,0,3,272171264,0,268435456,0,0,0,1309324210,-1440044374
50718,Agent des Todes,,31190,55564,0,-1,0,0,0,0,0,0,0,0,0,0,24659,109,464,0,3,41484288,8192,268435456,0,0,0,1309324210,-1440044374
50735,Begräbniseinheit,,31206,55564,0,-1,0,0,0,0,0,0,0,0,0,0,24660,109,464,0,3,41484288,8192,268435456,0,0,0,1309324210,-1440044374
50737,Die Sprecher müssen schweigen,,31207,55564,0,-1,0,0,0,0,0,0,0,0,0,0,24743,109,464,0,3,41484544,0,268435456,0,0,0,-1321907123,1427461461
50744,Ihre Erinnerung auffrischen,,31215,55564,0,-1,0,0,0,0,0,0,0,0,0,0,24755,109,464,0,3,41484544,0,268435456,0,0,0,1309324210,-1440044374
50747,Nutzloser Amani,,31218,55564,0,-1,0,0,0,0,0,0,0,0,0,0,24756,109,464,0,3,41484544,8192,268435456,0,0,0,-1321907123,1427461461
50756,Unterirdische Evakuierung,,31227,55564,0,-1,0,0,0,0,0,0,0,0,0,158652,24757,109,464,0,3,8061184,0,268435456,0,0,0,-1321907123,1427461461
50765,Kinderbetreuung,,31236,55564,0,-1,0,0,0,0,0,0,0,0,0,0,25002,109,464,0,3,38338560,8192,268435456,0,0,0,1309324210,-1440044374
50767,Die Knochenritzergang,,31238,55564,0,-1,0,0,0,0,0,0,0,0,0,0,25383,109,464,0,3,34144256,0,268435456,0,0,0,-1321907123,1427461461
50776,Falsche Propheten,,31247,55564,0,-1,0,0,0,0,0,0,0,0,0,0,26579,109,464,0,3,34144256,0,268435456,0,0,0,-1321907123,1427461461
50779,Ein Neuanfang,,31250,56366,0,-1,0,0,0,0,0,0,0,0,0,0,0,0,1405,0,3,34144256,0,268468224,50612,0,0,-1321907123,1427461461
50782,Was man sich so erzählt,,31253,55564,0,-1,0,0,0,0,0,0,0,0,0,0,24763,109,464,0,3,41615616,0,268435456,0,0,0,-1321907123,1427461461
50786,Krag'was Rache,,31257,55564,0,-1,0,0,0,0,0,0,0,0,0,0,24640,109,464,0,3,41484288,8192,268435456,0,0,0,1309324210,-1440044374
50792,Bestechungen,,31263,55564,0,-1,0,0,0,0,0,0,0,0,0,0,26581,109,464,0,3,34144256,0,268435456,0,0,0,-1321907123,1427461461
50805,Himmelsruferstilllegung,,31276,56202,0,-1,5,0,0,0,0,0,0,0,0,0,0,0,1406,0,3,34275328,0,268468224,0,0,0,1309324210,-1440044374
50813,Frachtrückforderung,,31284,55564,0,-1,0,0,0,0,0,0,0,0,0,0,24661,109,464,0,3,41484288,8192,268435456,0,0,0,1309324210,-1440044374
50845,Kul'krazahn,,31307,55564,0,-1,0,0,0,0,0,0,0,0,0,0,24785,135,464,0,3,37290048,0,268435456,0,0,0,-1,-1
50846,Kopfjägerin Lee'za,,31308,55564,0,-1,0,0,0,0,0,0,0,0,0,0,24786,136,464,0,3,37289984,0,268435456,0,0,0,-1,-1
50847,Verderbter Spross von Rezan,,31309,55564,0,-1,0,0,0,0,0,0,0,0,0,0,24787,136,464,0,3,37289984,0,268435456,0,0,0,-1,-1
50848,Brgl-Lrgl der Schläger,,31310,0,0,-1,0,0,0,0,0,0,0,0,0,0,0,136,464,0,3,37290048,0,268435456,0,0,0,-1,-1
50849,Hexendoktor Habra'du,,31311,0,0,-1,0,0,0,0,0,0,0,0,0,0,0,136,464,0,3,37290048,0,268435456,0,0,0,-1,-1
50850,Tia'Kawan,,31312,55564,0,-1,0,0,0,0,0,0,0,0,0,0,24790,136,464,0,3,37289984,0,268435456,0,0,0,-1,-1
50851,Mor'fani der Verbannte,,31313,0,0,-1,0,0,0,0,0,0,0,0,0,0,0,136,464,0,3,37290048,0,268435456,0,0,0,-1,-1
50852,Lady Seirine,,31314,0,0,-1,0,0,0,0,0,0,0,0,0,0,0,136,464,0,3,37290048,0,268435456,0,0,0,-1,-1
50853,Umbra'rix,,31315,55564,0,-1,0,0,0,0,0,0,0,0,0,0,24793,136,464,0,3,37289984,0,268435456,0,0,0,-1,-1
50854,Blutsichel,,31316,55564,0,-1,0,0,0,0,0,0,0,0,0,0,24795,135,464,0,3,37290048,0,268435456,0,0,0,-1,-1
50855,R'gal der Alte,,31317,55564,0,-1,0,0,0,0,0,0,0,0,0,0,24796,136,464,0,3,37290048,0,268435456,0,0,0,-1321907123,1427461461
50857,Golrakahn,,31319,55564,0,-1,0,0,0,0,0,0,0,0,0,0,24797,135,464,0,3,37290048,0,268435456,0,0,0,-1,-1
50858,Himmelskönigin,,31320,55564,0,-1,0,0,0,0,0,0,0,0,0,0,24798,135,464,0,3,37290048,0,268435456,0,0,0,-1321907123,1427461461
50859,Kandak,,31321,55564,0,-1,0,0,0,0,0,0,0,0,0,0,24799,135,464,0,3,37290048,0,268435456,0,0,0,-1,-1
50861,Torraske der Ewige,,31323,55564,0,-1,0,0,0,0,0,0,0,0,0,0,24801,135,464,0,3,37290048,0,268435456,0,0,0,-1,-1
50862,Blutwulst,,31324,55564,0,-1,0,0,0,0,0,0,0,0,0,0,24802,135,464,0,3,37290048,0,268435456,0,0,0,-1,-1
50863,Avatar von Xolotal,,31325,55564,0,-1,0,0,0,0,0,0,0,0,0,0,24803,135,464,0,3,37290048,0,268435456,0,0,0,-1,-1
50864,Gotaka der Atal'zul,,31326,55564,0,-1,0,0,0,0,0,0,0,0,0,0,24804,135,464,0,3,37290048,0,268435456,0,0,0,-1,-1
50866,Zayoos,,31328,66345,0,-1,0,0,0,0,0,0,0,0,0,0,24805,135,464,0,3,37290048,0,268435456,0,0,0,-1,-1
50867,Tambano,,31329,55564,0,-1,0,0,0,0,0,0,0,0,0,0,24806,135,464,0,3,37290048,0,268435456,0,0,0,-1,-1
50868,Dornenschwinge,,31330,55564,0,-1,0,0,0,0,0,0,0,0,0,0,24807,135,464,0,3,37290048,0,268435456,0,0,0,-1,-1
50869,Kiboku,,31331,55564,0,-1,0,0,0,0,0,0,0,0,0,0,24808,135,464,0,3,37290048,0,268435456,0,0,0,-1,-1
50870,G'Naat,,31332,55564,0,-1,0,0,0,0,0,0,0,0,0,0,24809,135,464,0,3,37290048,0,268435456,0,0,0,-1,-1
50871,Dolchzahn,,31333,55564,0,-1,0,0,0,0,0,0,0,0,0,0,24810,135,464,0,3,37290048,0,268435456,0,0,0,-1,-1
50872,Schlachtkriecher Karkithiss,,31334,55564,0,-1,0,0,0,0,0,0,0,0,0,0,24811,135,464,0,3,37290048,0,268435456,0,0,0,-1,-1
50873,Seltsames Ei,,31335,55564,0,-1,0,0,0,0,0,0,0,0,0,0,24812,135,464,0,3,37290048,0,268435456,0,0,0,-1,-1
50874,Hakbi der Auferstandene,,31336,55564,0,-1,0,0,0,0,0,0,0,0,0,0,24813,135,464,0,3,37290048,0,268435456,0,0,0,-1,-1
50875,Dunkelsprecher Jo'la,,31337,55564,0,-1,0,0,0,0,0,0,0,0,0,0,24814,135,464,0,3,37290048,0,268435456,0,0,0,-1,-1
50876,Mordschnabel,,31338,55564,0,-1,0,0,0,0,0,0,0,0,0,0,24815,135,464,0,3,37290048,0,268435456,0,0,0,-1,-1
50877,Gahz'ralka,,31339,55564,0,-1,0,0,0,0,0,0,0,0,0,0,24816,135,464,0,3,37290048,0,268435456,0,0,0,-1,-1
50885,Lei-zhi,,31347,55564,0,-1,0,0,0,0,0,0,0,0,0,0,25019,135,464,0,3,37290048,0,268435456,0,0,0,-1,-1
50899,"Nicht mit mir, Troll",,31361,55564,0,-1,0,0,0,0,0,0,0,0,0,158924,24850,109,464,0,3,272171008,0,268435456,0,0,0,-1321907123,1427461461
50936,Überlebensstrategie,,31398,55564,0,-1,0,0,0,0,0,0,0,0,0,0,24848,109,464,0,3,41484288,8192,268435456,0,0,0,-1321907123,1427461461
50957,Rezans Zorn,,31417,55564,0,-1,0,0,0,0,0,0,0,0,0,0,24888,109,464,0,3,40435712,8192,268435456,0,0,0,1309324210,-1440044374
50958,Achtet auf Eure Geldbörsen,,31418,55564,0,-1,0,0,0,0,0,0,0,0,0,0,26580,109,464,0,3,34144256,0,268435456,0,0,0,-1321907123,1427461461
50959,Plündernde Piraten,,31420,0,0,-1,0,0,0,0,0,0,0,0,0,0,0,0,1404,0,3,38338624,0,268468224,0,0,0,-1321907123,1427461461
50961,Rettet unsere Schriftrollen!,,31106,55564,0,-1,0,0,0,0,0,0,0,0,0,0,24847,109,464,0,3,38338560,8192,268435456,0,0,0,-1321907123,1427461461
50962,Frachtrückforderung,,31424,55564,0,-1,0,0,0,0,0,0,0,0,0,0,24846,109,464,0,3,41484288,8192,268435456,0,0,0,-1321907123,1427461461
50964,Ritueller Kampf,,31426,61938,0,-1,0,0,0,0,0,0,0,0,0,0,24915,109,464,0,3,35323904,0,268435456,0,0,0,1309324210,-1440044374
50966,Putzkolonne,,31428,55564,0,-1,0,0,0,0,0,0,0,0,0,0,24998,109,464,0,3,38338560,8192,268435456,0,0,0,1309324210,-1440044374
50969,Notfallmanagement,,31430,55564,0,-1,0,0,0,0,0,0,0,0,0,0,25233,109,464,0,3,41484288,8192,268435456,0,0,0,-1321907123,1427461461
50975,Azeritbergbau,,31436,55564,0,-1,0,0,0,0,0,0,0,0,0,0,24940,151,464,0,3,272171008,0,268435456,0,0,0,-1,-1
50977,Schmugglerrazzia,,31438,55564,0,-1,0,0,0,0,0,0,0,0,0,0,24941,109,464,0,3,34144256,0,268435456,0,0,0,-1321907123,1427461461
50981,Arbeitsauftrag: Flussknospen,,31442,55564,0,-1,0,0,0,0,0,2549,1,0,0,0,26156,119,464,0,3,524608,0,268435458,0,0,0,-1321907123,1427461461
50982,Arbeitsauftrag: Sternmoos,,31443,55564,0,-1,0,0,0,0,0,2549,1,0,0,0,26157,119,464,0,3,524608,0,268435458,0,0,0,-1321907123,1427461461
50983,Arbeitsauftrag: Akundas Biss,,31444,55564,0,-1,0,0,0,0,0,2549,1,0,0,0,26158,119,464,0,3,524608,0,268435458,0,0,0,-1321907123,1427461461
50984,Arbeitsauftrag: Winterkuss,,31445,55564,0,-1,0,0,0,0,0,2549,1,0,0,0,26159,119,464,0,3,524608,0,268435458,0,0,0,-1321907123,1427461461
50985,Arbeitsauftrag: Sirenenpollen,,31446,55564,0,-1,0,0,0,0,0,2549,1,0,0,0,26160,119,464,0,3,524608,0,268435458,0,0,0,-1321907123,1427461461
50986,Arbeitsauftrag: Meeresstängel,,31447,55564,0,-1,0,0,0,0,0,2549,1,0,0,0,26161,119,464,0,3,524608,0,268435458,0,0,0,-1321907123,1427461461
50987,Arbeitsauftrag: Moneliterz,,31448,55564,0,-1,0,0,0,0,0,2565,1,0,0,0,26175,120,464,0,3,524608,0,268435458,0,0,0,-1321907123,1427461461
50989,Arbeitsauftrag: Sturmsilbererz,,31450,55564,0,-1,0,0,0,0,0,2565,1,0,0,0,26176,120,464,0,3,524608,0,268435458,0,0,0,-1321907123,1427461461
50991,Arbeitsauftrag: Blutbefleckter Knochen,,31452,55564,0,-1,0,0,0,0,0,2557,1,0,0,0,26183,124,464,0,3,524608,0,268435458,0,0,0,-1321907123,1427461461
50992,Arbeitsauftrag: Kalzifizierter Knochen,,31453,55564,0,-1,0,0,0,0,0,2557,1,0,0,0,26184,124,464,0,3,524608,0,268435458,0,0,0,-1321907123,1427461461
50993,Arbeitsauftrag: Raues Leder,,31454,55564,0,-1,0,0,0,0,0,2557,1,0,0,0,26185,124,464,0,3,524608,0,268435458,0,0,0,-1321907123,1427461461
50994,Arbeitsauftrag: Sturmbalg,,31455,55564,0,-1,0,0,0,0,0,2557,1,0,0,0,26186,124,464,0,3,524608,0,268435458,0,0,0,-1321907123,1427461461
50995,Arbeitsauftrag: Schimmerschuppen,,31456,55564,0,-1,0,0,0,0,0,2557,1,0,0,0,26187,124,464,0,3,524608,0,268435458,0,0,0,-1321907123,1427461461
50996,Arbeitsauftrag: Nebelschuppen,,31457,55564,0,-1,0,0,0,0,0,2557,1,0,0,0,26188,124,464,0,3,524608,0,268435458,0,0,0,-1321907123,1427461461
50997,Arbeitsauftrag: Gischtvernebeltes Leinen,,31458,55564,0,-1,0,0,0,0,0,197,1,0,0,0,26177,121,464,0,3,524608,0,268435458,0,0,0,-1321907123,1427461461
50998,Arbeitsauftrag: Tiefseesatin,,31459,55564,0,-1,0,0,0,0,0,197,1,0,0,0,26178,121,464,0,3,524608,0,268435458,0,0,0,-1321907123,1427461461
50999,Arbeitsauftrag: Flussknospen,,31460,55564,0,-1,0,0,0,0,0,2549,1,0,0,0,26229,119,464,0,3,524608,0,268435458,0,0,0,1309324210,-1440044374
51000,Arbeitsauftrag: Sternmoos,,31463,55564,0,-1,0,0,0,0,0,2549,1,0,0,0,26230,119,464,0,3,524608,0,268435458,0,0,0,1309324210,-1440044374
51002,Arbeitsauftrag: Akundas Biss,,31464,55564,0,-1,0,0,0,0,0,2549,1,0,0,0,26231,119,464,0,3,524608,0,268435458,0,0,0,1309324210,-1440044374
51003,Arbeitsauftrag: Winterkuss,,31465,55564,0,-1,0,0,0,0,0,2549,1,0,0,0,26232,119,464,0,3,524608,0,268435458,0,0,0,1309324210,-1440044374
51004,Arbeitsauftrag: Sirenenpollen,,31466,55564,0,-1,0,0,0,0,0,2549,1,0,0,0,26233,119,464,0,3,524608,0,268435458,0,0,0,1309324210,-1440044374
51005,Arbeitsauftrag: Meeresstängel,,31467,55564,0,-1,0,0,0,0,0,2549,1,0,0,0,26234,119,464,0,3,524608,0,268435458,0,0,0,1309324210,-1440044374
51006,Arbeitsauftrag: Moneliterz,,31468,67908,0,-1,0,0,0,0,0,2565,1,0,0,0,26251,120,464,0,3,524608,0,268435458,0,0,0,1309324210,-1440044374
51007,Arbeitsauftrag: Sturmsilbererz,,31469,55564,0,-1,0,0,0,0,0,2565,1,0,0,0,26252,120,464,0,3,524608,0,268435458,0,0,0,1309324210,-1440044374
51008,Arbeitsauftrag: Blutbefleckter Knochen,,31470,55564,0,-1,0,0,0,0,0,2557,1,0,0,0,26259,124,464,0,3,524608,0,268435458,0,0,0,1309324210,-1440044374
51009,Arbeitsauftrag: Kalzifizierter Knochen,,31471,55564,0,-1,0,0,0,0,0,2557,1,0,0,0,26260,124,464,0,3,524608,0,268435458,0,0,0,1309324210,-1440044374
51010,Arbeitsauftrag: Raues Leder,,31472,55564,0,-1,0,0,0,0,0,2557,1,0,0,0,26261,124,464,0,3,524608,0,268435458,0,0,0,1309324210,-1440044374
51011,Arbeitsauftrag: Sturmbalg,,31473,55564,0,-1,0,0,0,0,0,2557,1,0,0,0,26262,124,464,0,3,524608,0,268435458,0,0,0,1309324210,-1440044374
51012,Arbeitsauftrag: Schimmerschuppen,,31474,55564,0,-1,0,0,0,0,0,2557,1,0,0,0,26263,124,464,0,3,524608,0,268435458,0,0,0,1309324210,-1440044374
51013,Arbeitsauftrag: Nebelschuppen,,31475,55564,0,-1,0,0,0,0,0,2557,1,0,0,0,26264,124,464,0,3,524608,0,268435458,0,0,0,1309324210,-1440044374
51014,Arbeitsauftrag: Gischtvernebeltes Leinen,,31476,55564,0,-1,0,0,0,0,0,197,1,0,0,0,26267,121,464,0,3,524608,0,268435458,0,0,0,1309324210,-1440044374
51015,Arbeitsauftrag: Tiefseesatin,,31477,55564,0,-1,0,0,0,0,0,197,1,0,0,0,26268,121,464,0,3,524608,0,268435458,0,0,0,1309324210,-1440044374
51017,Benötigte Vorräte: Moneliterz,,31479,55564,0,-1,0,0,0,0,0,0,0,0,0,0,26074,109,464,0,3,524608,0,268435458,0,0,0,-1321907123,1427461461
51021,Benötigte Vorräte: Sturmsilbererz,,31483,55564,0,-1,0,0,0,0,0,0,0,0,0,0,26075,109,464,0,3,524608,0,268435458,0,0,0,-1321907123,1427461461
51022,Benötigte Vorräte: Flussknospen,,31484,55564,0,-1,0,0,0,0,0,0,0,0,0,0,26072,109,464,0,3,524608,0,268435458,0,0,0,-1321907123,1427461461
51023,Benötigte Vorräte: Sternmoos,,31485,55564,0,-1,0,0,0,0,0,0,0,0,0,0,26073,109,464,0,3,524608,0,268435458,0,0,0,-1321907123,1427461461
51024,Benötigte Vorräte: Akundas Biss,,31486,55564,0,-1,0,0,0,0,0,0,0,0,0,0,26127,109,464,0,3,524608,0,268435458,0,0,0,-1321907123,1427461461
51025,Benötigte Vorräte: Winterkuss,,31487,55564,0,-1,0,0,0,0,0,0,0,0,0,0,26128,109,464,0,3,524608,0,268435458,0,0,0,-1321907123,1427461461
51026,Benötigte Vorräte: Sirenenpollen,,31488,55564,0,-1,0,0,0,0,0,0,0,0,0,0,26129,109,464,0,3,524608,0,268435458,0,0,0,-1321907123,1427461461
51027,Benötigte Vorräte: Meeresstängel,,31489,55564,0,-1,0,0,0,0,0,0,0,0,0,0,26130,109,464,0,3,524608,0,268435458,0,0,0,-1321907123,1427461461
51028,Benötigte Vorräte: Blutbefleckter Knochen,,31490,55564,0,-1,0,0,0,0,0,0,0,0,0,0,26132,109,464,0,3,524608,0,268435458,0,0,0,-1321907123,1427461461
51029,Benötigte Vorräte: Kalzifizierter Knochen,,31491,55564,0,-1,0,0,0,0,0,0,0,0,0,0,26133,109,464,0,3,524608,0,268435458,0,0,0,-1321907123,1427461461
51030,Benötigte Vorräte: Raues Leder,,31492,55564,0,-1,0,0,0,0,0,0,0,0,0,0,26134,109,464,0,3,524608,0,268435458,0,0,0,-1321907123,1427461461
51031,Benötigte Vorräte: Sturmbälge,,31493,55564,0,-1,0,0,0,0,0,0,0,0,0,0,26135,109,464,0,3,524608,0,268435458,0,0,0,-1321907123,1427461461
51032,Benötigte Vorräte: Schimmerschuppen,,31494,55564,0,-1,0,0,0,0,0,0,0,0,0,0,26136,109,464,0,3,524608,0,268435458,0,0,0,-1321907123,1427461461
51033,Benötigte Vorräte: Nebelschuppen,,31495,55564,0,-1,0,0,0,0,0,0,0,0,0,0,26137,109,464,0,3,524608,0,268435458,0,0,0,-1321907123,1427461461
51034,Benötigte Vorräte: Gischtvernebeltes Leinen,,31496,55564,0,-1,0,0,0,0,0,0,0,0,0,0,26138,109,464,0,3,524608,0,268435458,0,0,0,-1321907123,1427461461
51035,Benötigte Vorräte: Tiefseesatin,,31497,55564,0,-1,0,0,0,0,0,0,0,0,0,0,26139,109,464,0,3,524608,0,268435458,0,0,0,-1321907123,1427461461
51036,Benötigte Vorräte: Flussknospen,,31498,55564,0,-1,0,0,0,0,0,0,0,0,0,0,26222,109,464,0,3,524608,0,268435458,0,0,0,1309324210,-1440044374
51037,Benötigte Vorräte: Sternmoos,,31499,55564,0,-1,0,0,0,0,0,0,0,0,0,0,26223,109,464,0,3,524608,0,268435458,0,0,0,1309324210,-1440044374
51038,Benötigte Vorräte: Akundas Biss,,31500,55564,0,-1,0,0,0,0,0,0,0,0,0,0,26224,109,464,0,3,524608,0,268435458,0,0,0,1309324210,-1440044374
51039,Benötigte Vorräte: Winterkuss,,31501,55564,0,-1,0,0,0,0,0,0,0,0,0,0,26225,109,464,0,3,524608,0,268435458,0,0,0,1309324210,-1440044374
51040,Benötigte Vorräte: Sirenenpollen,,31502,55564,0,-1,0,0,0,0,0,0,0,0,0,0,26227,109,464,0,3,524608,0,268435458,0,0,0,1309324210,-1440044374
51041,Benötigte Vorräte: Meeresstängel,,31503,55564,0,-1,0,0,0,0,0,0,0,0,0,0,26228,109,464,0,3,524608,0,268435458,0,0,0,1309324210,-1440044374
51042,Benötigte Vorräte: Moneliterz,,31504,55564,0,-1,0,0,0,0,0,0,0,0,0,0,26249,109,464,0,3,524608,0,268435458,0,0,0,1309324210,-1440044374
51043,Benötigte Vorräte: Sturmsilbererz,,31505,55564,0,-1,0,0,0,0,0,0,0,0,0,0,26250,109,464,0,3,524608,0,268435458,0,0,0,1309324210,-1440044374
51044,Benötigte Vorräte: Blutbefleckter Knochen,,31506,55564,0,-1,0,0,0,0,0,0,0,0,0,0,26253,109,464,0,3,524608,0,268435458,0,0,0,1309324210,-1440044374
51045,Benötigte Vorräte: Kalzifizierter Knochen,,31507,55564,0,-1,0,0,0,0,0,0,0,0,0,0,26254,109,464,0,3,524608,0,268435458,0,0,0,1309324210,-1440044374
51046,Benötigte Vorräte: Raues Leder,,31508,55564,0,-1,0,0,0,0,0,0,0,0,0,0,26255,109,464,0,3,524608,0,268435458,0,0,0,1309324210,-1440044374
51047,Benötigte Vorräte: Sturmbälge,,31509,55564,0,-1,0,0,0,0,0,0,0,0,0,0,26256,109,464,0,3,524608,0,268435458,0,0,0,1309324210,-1440044374
51048,Benötigte Vorräte: Schimmerschuppen,,31510,55564,0,-1,0,0,0,0,0,0,0,0,0,0,26257,109,464,0,3,524608,0,268435458,0,0,0,1309324210,-1440044374
51049,Benötigte Vorräte: Nebelschuppen,,31511,55564,0,-1,0,0,0,0,0,0,0,0,0,0,26258,109,464,0,3,524608,0,268435458,0,0,0,1309324210,-1440044374
51050,Benötigte Vorräte: Gischtvernebeltes Leinen,,31512,55564,0,-1,0,0,0,0,0,0,0,0,0,0,26265,109,464,0,3,524608,0,268435458,0,0,0,1309324210,-1440044374
51051,Benötigte Vorräte: Tiefseesatin,,31513,55564,0,-1,0,0,0,0,0,0,0,0,0,0,26266,109,464,0,3,524608,0,268435458,0,0,0,1309324210,-1440044374
51064,Azeritwunden,,31525,55564,0,-1,0,0,0,0,0,0,0,0,0,0,24952,151,464,0,3,7930112,8192,268435456,0,0,0,-1,-1
51081,Syrawon die Herrin,,31539,55564,0,-1,0,0,0,0,0,0,0,0,0,0,25021,135,464,0,3,37290048,0,268435456,0,0,0,-1,-1
51084,Dunkler Chronist,,31542,55564,0,-1,0,0,0,0,0,0,0,0,0,0,25020,135,464,0,3,37290048,0,268435456,0,0,0,-1,-1
51090,Das malerische Anwesen der Norwinsens,,31548,55564,0,-1,0,0,0,0,0,0,0,0,0,157540,26577,109,464,0,3,38338560,8192,268435456,0,0,0,-1321907123,1427461461
51092,Malerisches Boralus,,31550,55564,0,-1,0,0,0,0,0,0,0,0,0,157540,26578,109,464,0,3,38338560,8192,268435456,0,0,0,-1321907123,1427461461
51095,Aschmähne,,31553,55564,0,-1,0,0,0,0,0,0,0,0,0,0,24965,135,464,0,3,37290048,0,268435456,0,0,0,-1,-1
51096,Azer'tor,,31554,55564,0,-1,0,0,0,0,0,0,0,0,0,0,24966,135,464,0,3,37290048,0,268435456,0,0,0,-1,-1
51097,Aufgeblähter Krolusk,,31555,55564,0,-1,0,0,0,0,0,0,0,0,0,0,24967,135,464,0,3,37290048,0,268435456,0,0,0,-1,-1
51098,Kommodore Kalhaun,,31556,55564,0,-1,0,0,0,0,0,0,0,0,0,0,24968,135,464,0,3,37290048,0,268435456,0,0,0,-1,-1
51099,Schlitz-Ritz der Fresser,,31557,55564,0,-1,0,0,0,0,0,0,0,0,0,0,24969,135,464,0,3,37290048,0,268435456,0,0,0,-1,-1
51100,Riesiger Sandschnapper,,31558,55564,0,-1,0,0,0,0,0,0,0,0,0,0,24970,135,464,0,3,37290048,0,268435456,0,0,0,-1,-1
51102,Kamid der Fallensteller,,31560,55564,0,-1,0,0,0,0,0,0,0,0,0,0,24971,135,464,0,3,37290048,0,268435456,0,0,0,-1,-1
51103,Nez'ara,,31561,55564,0,-1,0,0,0,0,0,0,0,0,0,0,24972,135,464,0,3,37290048,0,268435456,0,0,0,-1,-1
51104,Himmelsrufer Teskris,,31562,55564,0,-1,0,0,0,0,0,0,0,0,0,0,24973,135,464,0,3,37290048,0,268435456,0,0,0,-1,-1
51105,Ak'tar,,31563,55564,0,-1,0,0,0,0,0,0,0,0,0,0,24974,135,464,0,3,37290048,0,268435456,0,0,0,-1,-1
51106,Sängerin Nahjeen,,31564,55564,0,-1,0,0,0,0,0,0,0,0,0,0,24975,135,464,0,3,37290048,0,268435456,0,0,0,-1,-1
51107,Schuppenklauenbrutmutter,,31565,55564,0,-1,0,0,0,0,0,0,0,0,0,0,24976,135,464,0,3,37290048,0,268435456,0,0,0,-1,-1
51108,Schwarmmutter Kraxi,,31566,55564,0,-1,0,0,0,0,0,0,0,0,0,0,24977,135,464,0,3,37290048,0,268435456,0,0,0,-1,-1
51109,Verbrannte Erde,,31567,55564,0,-1,0,0,0,0,0,0,0,0,0,159745,25596,109,464,0,3,41615360,8192,268435456,0,0,0,-1321907123,1427461461
51112,Kriegshetzer Hozzik,,31570,55564,0,-1,0,0,0,0,0,0,0,0,0,0,24978,135,464,0,3,37290048,0,268435456,0,0,0,-1,-1
51113,Kriegsfürst Zothix,,31571,55564,0,-1,0,0,0,0,0,0,0,0,0,0,24979,135,464,0,3,37290048,0,268435456,0,0,0,-1,-1
51114,Gefangene Kriegsmatrone,,31572,55564,0,-1,0,0,0,0,0,0,0,0,0,0,24980,135,464,0,3,37290048,0,268435456,0,0,0,-1,-1
51115,Zunashi der Verbannte,,31573,55564,0,-1,0,0,0,0,0,0,0,0,0,0,24981,135,464,0,3,37290048,0,268435456,0,0,0,-1,-1
51116,Himmelsschnitzer Krakit,,31574,55564,0,-1,0,0,0,0,0,0,0,0,0,0,24982,135,464,0,3,37290048,0,268435456,0,0,0,-1,-1
51117,Bajiani die Aalglatte,,31575,55564,0,-1,0,0,0,0,0,0,0,0,0,0,24983,135,464,0,3,37290048,0,268435456,0,0,0,-1,-1
51118,Knochenpicker der Blutflügel,,31576,55564,0,-1,0,0,0,0,0,0,0,0,0,0,24984,135,464,0,3,37290048,0,268435456,0,0,0,-1,-1
51119,Vathikur,,31577,55564,0,-1,0,0,0,0,0,0,0,0,0,0,24985,135,464,0,3,37290048,0,268435456,0,0,0,-1,-1
51120,"Stef ""Bis aufs Mark"" Quin",,31578,55564,0,-1,0,0,0,0,0,0,0,0,0,0,24986,135,464,0,3,37290048,0,268435456,0,0,0,-1,-1
51121,Wütender Krolusk,,31579,55564,0,-1,0,0,0,0,0,0,0,0,0,0,24987,135,464,0,3,37290048,0,268435456,0,0,0,-1,-1
51122,Skorpox,,31580,55564,0,-1,0,0,0,0,0,0,0,0,0,0,24988,135,464,0,3,37290048,0,268435456,0,0,0,-1,-1
51123,Sirokar,,31581,55564,0,-1,0,0,0,0,0,0,0,0,0,0,24989,135,464,0,3,37290048,0,268435456,0,0,0,-1,-1
51124,Reliktjäger Hazaak,,31582,55564,0,-1,0,0,0,0,0,0,0,0,0,0,24990,135,464,0,3,37290048,0,268435456,0,0,0,-1,-1
51125,Dschungelnetzjäger,,31583,55564,0,-1,0,0,0,0,0,0,0,0,0,0,24991,135,464,0,3,37290048,0,268435456,0,0,0,-1,-1
51127,Außer Kontrolle,,31585,67687,0,-1,5,0,0,0,0,0,0,0,0,0,24844,109,464,0,3,41484288,8192,268435456,0,0,0,-1321907123,1427461461
51131,Absolut barbarisch,,31587,55564,0,-1,0,0,0,0,0,0,0,0,0,0,24843,109,464,0,3,41484288,8192,268435456,0,0,0,-1321907123,1427461461
51153,Mor'fani der Verbannte,,31606,55564,0,-1,0,0,0,0,0,0,0,0,0,0,25012,136,464,0,3,37289984,0,268435456,0,0,0,-1,-1
51154,Überfällig,,31607,55564,0,-1,0,0,0,0,0,0,0,0,0,0,24841,109,464,0,3,41484288,8192,268435456,0,0,0,-1321907123,1427461461
51155,Brgl-Lrgl der Schläger,,31608,55564,0,-1,0,0,0,0,0,0,0,0,0,0,25014,136,464,0,3,37289984,0,268435456,0,0,0,-1,-1
51156,Giftzahnrufer Xorreth,,31609,55564,0,-1,0,0,0,0,0,0,0,0,0,0,25015,136,464,0,3,37289984,0,268435456,0,0,0,-1,-1
51157,Golanar,,31610,55564,0,-1,0,0,0,0,0,0,0,0,0,0,25242,136,464,0,3,37289984,0,268435456,0,0,0,-1,-1
51166,Bis zu den Wurzeln,,31619,55564,0,-1,0,0,0,0,0,0,0,0,0,0,24840,109,464,0,3,41484288,8192,268435456,0,0,0,-1321907123,1427461461
51172,Gabelblitz,,31018,55564,0,-1,0,0,0,0,0,0,0,0,0,0,24839,109,464,0,3,41484288,8192,268435456,0,0,0,-1321907123,1427461461
51173,Sandfischen,,31625,55564,0,-1,0,0,0,0,0,0,0,0,0,0,25029,109,464,0,3,7929856,8192,268435456,0,0,0,1309324210,-1440044374
51174,Ohne Anleitung,,31626,55564,0,-1,0,0,0,0,0,0,0,0,0,0,25026,109,464,0,3,37289984,8192,268435456,0,0,0,1309324210,-1440044374
51175,Azeritwunden,,31627,55564,0,-1,0,0,0,0,0,0,0,0,0,0,25031,151,464,0,3,7929856,8192,268435456,0,0,0,-1,-1
51176,Vermisst,,31628,55564,0,-1,0,0,0,0,0,0,0,0,0,159761,25597,109,464,0,3,41484288,8192,268435456,0,0,0,-1321907123,1427461461
51178,Einhundert Trolle im Weg,,31630,55564,0,-1,0,0,0,0,0,0,0,0,0,0,25090,109,464,0,3,37289984,8192,268435456,0,0,0,-1321907123,1427461461
51179,Azeritwahn,,31631,55564,0,-1,0,0,0,0,0,0,0,0,0,0,25033,151,464,0,3,7930112,8192,268435456,0,0,0,-1,-1
51180,Ohne Anleitung,,31632,55564,0,-1,0,0,0,0,0,0,0,0,0,0,25027,109,464,0,3,37289984,8192,268435456,0,0,0,1309324210,-1440044374
51181,Ohne Anleitung,,31633,55564,0,-1,0,0,0,0,0,0,0,0,0,0,25028,109,464,0,3,37289984,8192,268435456,0,0,0,1309324210,-1440044374
51185,Azeritermächtigung,,31635,55564,0,-1,0,0,0,0,0,0,0,0,0,0,25034,151,464,0,3,3735552,0,268435456,0,0,0,-1,-1
51198,Düngerdienst,,31640,55564,0,-1,0,0,0,0,0,0,0,0,0,0,25038,109,464,0,3,41484288,8192,268435456,0,0,0,1309324210,-1440044374
51210,Sprengung der Belagerung,,31651,55564,0,-1,0,0,0,0,0,0,0,0,0,0,25044,109,464,0,3,36241408,8192,268435456,0,0,0,1309324210,-1440044374
51212,Das Kronsteiganwesen: Die Hexenküche,,31653,55564,0,-1,0,0,0,0,0,0,0,0,0,0,25045,137,464,0,3,34144256,0,268435458,0,0,0,-1,-1
51213,Das Kronsteiganwesen: Eine Hexe zu viel,,31654,55564,0,-1,0,0,0,0,0,0,0,0,0,0,25046,137,464,0,3,34144320,0,268435458,0,0,0,-1,-1
51216,Das Kronsteiganwesen: Das Krächzen der Krähe,,31657,55564,0,-1,0,0,0,0,0,0,0,0,0,0,25047,137,464,0,3,34144320,0,268435458,0,0,0,-1,-1
51223,Über Scherben laufen,,31664,55564,0,-1,0,0,0,0,0,0,0,0,0,0,25051,109,464,0,3,41484544,0,268435456,0,0,0,1309324210,-1440044374
51225,Beflügelter Schrecken,,31666,55564,0,-1,0,0,0,0,0,0,0,0,0,0,25054,109,464,0,3,34144256,0,268435456,0,0,0,-1321907123,1427461461
51228,"Instantfleisch, verzehrfertig",,31668,55564,0,-1,0,0,0,0,0,0,0,0,0,159796,25061,109,464,0,3,34275328,0,268435456,0,0,0,1309324210,-1440044374
51232,Einhundert Trolle im Weg,,31672,55564,0,-1,0,0,0,0,0,0,0,0,0,0,25089,109,464,0,3,37289984,8192,268435456,0,0,0,1309324210,-1440044374
51238,Verlassen in den Höhlen,,31675,55564,0,-1,0,0,0,0,0,0,0,0,0,0,25062,109,464,0,3,34144256,8192,268435456,0,0,0,1309324210,-1440044374
51239,Ohne Anleitung,,31676,55564,0,-1,0,0,0,0,0,0,0,0,0,0,25063,109,464,0,3,37289984,8192,268435456,0,0,0,1309324210,-1440044374
51241,Hexenbären,,31678,55564,0,-1,0,0,0,0,0,0,0,0,0,0,25065,109,464,0,3,34144256,0,268435456,0,0,0,-1321907123,1427461461
51245,Ich bin Holzfäller und mir geht's gut,,31682,55564,0,-1,0,0,0,0,0,0,0,0,0,0,25066,109,464,0,3,34144256,0,268435456,0,0,0,-1321907123,1427461461
51250,Macht einen Abflug!,,31687,55564,0,-1,0,0,0,0,0,0,0,0,0,0,25067,109,464,0,3,41484608,0,268435456,0,0,0,1309324210,-1440044374
51252,Kiros Wüstenblume,,31689,55564,0,-1,0,0,0,0,0,0,0,0,0,0,25070,109,464,0,3,34275328,0,268435456,0,0,0,1309324210,-1440044374
51284,Falkenjagd,,31697,55564,0,-1,0,0,0,0,0,0,0,0,0,152643,25931,109,464,0,3,34144256,8192,268435456,0,0,0,-1321907123,1427461461
51285,Fressattacke,,31698,55564,0,-1,0,0,0,0,0,0,0,0,0,0,25080,109,464,0,3,7929856,8192,268435456,0,0,0,1309324210,-1440044374
51287,Tol Dagor: Versiegelte Vorräte,,31700,55564,0,-1,0,0,0,0,0,0,0,0,0,0,25081,137,464,0,3,35192832,0,268435458,0,0,0,-1,-1
51296,Tol Dagor: Der Stolz des Aufsehers,,31701,55564,0,-1,0,0,0,0,0,0,0,0,0,0,25085,137,464,0,3,35192832,0,268435458,0,0,0,-1,-1
51297,Tol Dagor: Küstengrundstück,,31702,55564,0,-1,0,0,0,0,0,0,0,0,0,0,25088,137,464,0,3,35192832,0,268435458,0,0,0,-1,-1
51311,Energie spendendes Extrakt,,31709,55564,0,-1,0,0,0,0,0,0,0,0,0,0,25891,109,464,0,3,34144256,0,268435456,0,0,0,-1321907123,1427461461
51315,Wilde Flatterlinge,,31713,55564,0,-1,0,0,0,0,0,0,0,0,0,0,25093,109,464,0,3,38338560,8192,268435456,0,0,0,1309324210,-1440044374
51316,Spaziergang im Spinnennetz,,31714,55564,0,-1,0,0,0,0,0,0,0,0,0,0,25094,109,464,0,3,41484288,8192,268435456,0,0,0,1309324210,-1440044374
51317,Schmutzsteine klopfen,,31715,55564,0,-1,0,0,0,0,0,0,0,0,0,0,25929,109,464,0,3,34144256,0,268435456,0,0,0,-1321907123,1427461461
51318,Auf das Boot,,31716,55564,0,-1,0,0,0,0,0,0,0,0,0,0,25236,109,464,0,3,40435712,8192,268435456,0,0,0,-1321907123,1427461461
51322,Flügel und Stacheln,,31720,55564,0,-1,0,0,0,0,0,0,0,0,0,0,25098,109,464,0,3,38338560,8192,268435456,0,0,0,1309324210,-1440044374
51330,Widerstandsfähige Samenkörner,,31721,55564,0,-1,0,0,0,0,0,0,0,0,0,0,25096,109,464,0,3,41484544,0,268435456,0,0,0,1309324210,-1440044374
51333,Anker lichten!,,31724,55564,0,-1,0,0,0,0,0,0,0,0,0,0,25237,109,464,0,3,40435712,8192,268435456,0,0,0,-1321907123,1427461461
51373,Überall Ohren,,31761,55564,0,-1,0,0,0,0,0,0,0,0,0,0,25116,109,464,0,3,41484544,0,268435456,0,0,0,-1321907123,1427461461
51374,Endlose Gorillakriegsführung,,31762,66345,0,-1,0,0,0,0,0,0,0,0,0,0,25121,109,464,0,3,37290304,0,268435456,0,0,0,-1321907123,1427461461
51377,Der Tempel von Sethraliss: Ökologische Forschung,,31765,55564,0,-1,0,0,0,0,0,0,0,0,0,0,25124,137,464,0,3,35193088,0,268435458,0,0,0,-1,-1
51378,Der Tempel von Sethraliss: Bazar des Bizarren,,31766,55564,0,-1,0,0,0,0,0,0,0,0,0,0,25125,137,464,0,3,35193088,0,268435458,0,0,0,-1,-1
51379,Der Tempel von Sethraliss: Ein Weg durch die Strömungen,,31767,55564,0,-1,0,0,0,0,0,0,0,0,0,0,25126,137,464,0,3,35193088,0,268435458,0,0,0,-1,-1
51385,Ein Stachelvorrat,,31771,67806,0,-1,0,0,0,0,0,0,0,0,0,0,25127,109,464,0,3,34144256,0,268435456,0,0,0,-1321907123,1427461461
51388,Den Befall aufhalten,,31773,55564,0,-1,0,0,0,0,0,0,0,0,0,0,25128,109,464,0,3,34144256,0,268435456,0,0,0,-1321907123,1427461461
51397,Angst vor dem Bohrer,,31780,55564,0,-1,0,0,0,0,0,0,0,0,0,0,25363,109,464,0,3,40435712,8192,268435456,0,0,0,-1321907123,1427461461
51405,Verderbnis in der Bucht,,31786,55564,0,-1,0,0,0,0,0,0,0,0,0,0,25132,109,464,0,3,34144256,0,268435456,0,0,0,-1321907123,1427461461
51406,Die Jagd des Lords,,31788,70114,0,-1,0,0,0,0,0,0,0,0,0,0,25930,109,464,0,3,34144256,0,268435456,0,0,0,-1321907123,1427461461
51411,Azeritbergbau,,31791,55564,0,-1,0,0,0,0,0,0,0,0,0,0,25017,151,464,0,3,272171008,0,268435456,0,0,0,-1,-1
51412,Azeritermächtigung,,31792,55564,0,-1,0,0,0,0,0,0,0,0,0,0,25005,151,464,0,3,3735552,0,268435456,0,0,0,-1,-1
51415,Azeritwahn,,31794,55564,0,-1,0,0,0,0,0,0,0,0,0,0,25018,151,464,0,3,7929856,8192,268435456,0,0,0,-1,-1
51422,Azeritwahn,,31798,55564,0,-1,0,0,0,0,0,0,0,0,0,0,25162,151,464,0,3,7929856,8192,268435456,0,0,0,-1,-1
51428,Azeritwunden,,31802,55564,0,-1,0,0,0,0,0,0,0,0,0,0,25161,151,464,0,3,7929856,8192,268435456,0,0,0,-1,-1
51429,König Zwickizwack,,31803,55564,0,-1,0,0,0,0,0,0,0,0,0,0,25171,135,464,0,3,37290048,0,268435456,0,0,0,-1,-1
51431,Seelengoliath,,31805,55564,0,-1,0,0,0,0,0,0,0,0,0,0,25176,136,464,0,3,34144256,0,268435456,0,0,0,-1,-1
51433,Matrone Morana,,31807,55564,0,-1,0,0,0,0,0,0,0,0,0,0,25175,136,464,0,3,34144256,0,268435456,0,0,0,-1,-1
51434,Steingolem,,31808,55564,0,-1,0,0,0,0,0,0,0,0,0,0,25177,136,464,0,3,34144256,0,268435456,0,0,0,-1,-1
51444,Azeritermächtigung,,31818,55564,0,-1,0,0,0,0,0,0,0,0,0,0,25166,151,464,0,3,3735552,0,268435456,0,0,0,-1,-1
51450,Azeritbergbau,,31824,55564,0,-1,0,0,0,0,0,0,0,0,0,0,25165,151,464,0,3,272171008,0,268435456,0,0,0,-1,-1
51453,Der Schrein des Sturms: Sehet das reine Wasser,,31825,55564,0,-1,0,0,0,0,0,0,0,0,0,0,25180,137,464,0,3,35192832,0,268435458,0,0,0,-1,-1
51454,Eine weitere Schlacht zu schlagen,,31826,55564,0,-1,0,0,0,0,0,0,0,0,0,0,25181,109,464,0,3,34144256,0,268435456,0,0,0,-1321907123,1427461461
51455,Der Schrein des Sturms: Reinigende Brunnen,,31827,55564,0,-1,0,0,0,0,0,0,0,0,0,0,25182,137,464,0,3,35192832,0,268435458,0,0,0,-1,-1
51456,Der Schrein des Sturms: Schleichende Verderbnis,,31828,55564,0,-1,0,0,0,0,0,0,0,0,0,0,25183,137,464,0,3,35192832,0,268435458,0,0,0,-1,-1
51457,Raunz der Übellaunige,,31829,55564,0,-1,0,0,0,0,0,0,0,0,0,0,25184,135,464,0,3,34144320,0,268435456,0,0,0,-1,-1
51461,Todeskappe,,31830,55564,0,-1,0,0,0,0,0,0,0,0,0,0,25185,135,464,0,3,34144320,0,268435456,0,0,0,-1,-1
51462,Fallschirmjäger,,31831,55564,0,-1,0,0,0,0,0,0,0,0,0,0,25389,109,464,0,3,36241408,0,268435456,0,0,0,1309324210,-1440044374
51463,Rettung vom Himmel,,31832,55564,0,-1,0,0,0,0,0,0,0,0,0,0,25390,109,464,0,3,36241408,0,268435456,0,0,0,1309324210,-1440044374
51466,Arvon der Verratene,,31834,55564,0,-1,0,0,0,0,0,0,0,0,0,0,25187,135,464,0,3,34144320,0,268435456,0,0,0,-1,-1
51467,Hyo'gi,,31835,55564,0,-1,0,0,0,0,0,0,0,0,0,0,25188,135,464,0,3,34144320,0,268435456,0,0,0,-1,-1
51468,Knochenschwall,,31836,55564,0,-1,0,0,0,0,0,0,0,0,0,0,25189,135,464,0,3,34144320,0,268435456,0,0,0,-1,-1
51469,Betti,,31837,55564,0,-1,0,0,0,0,0,0,0,0,0,0,25190,135,464,0,3,34144320,0,268435456,0,0,0,-1,-1
51475,Brutale Eskorte,,31842,55564,0,-1,0,0,0,0,0,0,0,0,0,0,25193,109,464,0,3,34144256,0,268435456,0,0,0,1309324210,-1440044374
51491,Unheilsdorn,,31853,55564,0,-1,0,0,0,0,0,0,0,0,0,0,25195,135,464,0,3,34144320,0,268435456,0,0,0,-1,-1
51494,Das Bluttor,,31856,67077,0,-1,0,0,0,0,0,0,0,0,0,0,25199,109,464,0,3,34144256,0,268435456,0,0,0,1309324210,-1440044374
51495,Die alte Rotana,,31857,57393,0,-1,0,0,0,0,0,0,0,0,0,0,25200,109,464,0,3,38338560,8192,268435456,0,0,0,1309324210,-1440044374
51496,Unterste Schubloade,,31858,65496,0,-1,0,0,0,0,0,0,0,0,0,0,25202,109,464,0,3,34144256,0,268435456,0,0,0,1309324210,-1440044374
51497,Verhexte Ausbildung,,31859,65496,0,-1,0,0,0,0,0,0,0,0,0,160307,25201,109,464,0,3,34275328,0,268435456,0,0,0,1309324210,-1440044374
51500,Die Königsruh: Der Waffenmeister ist wieder auf den Beinen,,31861,55564,0,-1,0,0,0,0,0,0,0,0,0,0,26091,137,464,0,3,34144320,0,268435458,0,0,0,-1,-1
51501,Die Königsruh: Fatale Fehlfunktion,,31862,55564,0,-1,0,0,0,0,0,0,0,0,0,0,26105,137,464,0,3,34144256,0,268435458,0,0,0,-1,-1
51502,Die Königsruh: Königswächter,,31863,55564,0,-1,0,0,0,0,0,0,0,0,0,0,26106,137,464,0,3,34144256,0,268435458,0,0,0,-1,-1
51505,Stachelrattenmatriarchin,,31865,55564,0,-1,0,0,0,0,0,0,0,0,0,0,25203,135,464,0,3,34144320,0,268435456,0,0,0,-1,-1
51506,Dornstachelkönigin,,31866,55564,0,-1,0,0,0,0,0,0,0,0,0,0,25205,135,464,0,3,34144320,0,268435456,0,0,0,-1,-1
51507,Blutgeweih,,31867,55564,0,-1,0,0,0,0,0,0,0,0,0,0,25209,135,464,0,3,34144320,0,268435456,0,0,0,-1,-1
51508,Zwingenmalmer,,31868,55564,0,-1,0,0,0,0,0,0,0,0,0,0,25210,135,464,0,3,34144320,0,268435456,0,0,0,-1,-1
51512,Gallenzahnmutter,,31869,67266,0,-1,0,0,0,0,0,0,0,0,0,0,25211,135,464,0,3,34144320,0,268435456,0,0,0,-1,-1
51527,Scharfrichter Schwartz,,31880,55564,0,-1,0,0,0,0,0,0,0,0,0,0,25218,135,464,0,3,34144320,0,268435456,0,0,0,-1,-1
51528,Käpt'n Bleifaust,,31881,55564,0,-1,0,0,0,0,0,0,0,0,0,0,25219,135,464,0,3,34144320,0,268435456,0,0,0,-1,-1
51529,Kralle,,31882,55564,0,-1,0,0,0,0,0,0,0,0,0,0,25220,135,464,0,3,34144320,0,268435456,0,0,0,-1,-1
51530,Ungebetene Gäste,,31883,55564,0,-1,0,0,0,0,0,0,0,0,0,0,25224,109,464,0,3,34144256,0,268435456,0,0,0,-1321907123,1427461461
51534,Die Schlacht um Brennadam,,31886,0,0,-1,1,0,0,0,0,0,0,0,0,0,0,0,1405,0,3,34144256,0,268468224,51163,0,0,-1321907123,1427461461
51541,Bogenlicht,,31892,55564,0,-1,0,0,0,0,0,0,0,0,0,0,25230,135,464,0,3,34144320,0,268435456,0,0,0,-1,-1
51542,Schneesturz,,31893,55564,0,-1,0,0,0,0,0,0,0,0,0,0,25231,135,464,0,3,34144320,0,268435456,0,0,0,-1,-1
51546,Drecksgrube,,31897,55564,0,-1,0,0,0,0,0,0,0,0,0,0,24837,109,464,0,3,272171264,0,268435456,0,0,0,-1321907123,1427461461
51548,Nagative Gedanken,,31899,55564,0,-1,0,0,0,0,0,0,0,0,0,0,25594,109,464,0,3,41484288,8192,268435456,0,0,0,-1321907123,1427461461
51550,Von Toten und Blasen,,31901,55564,0,-1,0,0,0,0,0,0,0,0,0,0,25802,109,464,0,3,41484288,8192,268435456,0,0,0,-1321907123,1427461461
51558,Spinnen schmoren,,31909,55564,0,-1,0,0,0,0,0,0,0,0,0,160870,25529,109,464,0,3,37289984,0,268435456,0,0,0,1309324210,-1440044374
51559,Beschädigte Ware,,31910,55564,0,-1,0,0,0,0,0,0,0,0,0,160923,25565,109,464,0,3,37421056,0,268435456,0,0,0,1309324210,-1440044374
51561,Spinnen schmoren,,31912,55564,0,-1,0,0,0,0,0,0,0,0,0,160870,25530,109,464,0,3,37289984,0,268435456,0,0,0,-1321907123,1427461461
51562,Beschädigte Ware,,31913,55564,0,-1,0,0,0,0,0,0,0,0,0,160923,25564,109,464,0,3,37421056,0,268435456,0,0,0,-1321907123,1427461461
51564,Düngerdienst,,31915,55564,0,-1,0,0,0,0,0,0,0,0,0,0,25568,109,464,0,3,41484288,8192,268435456,0,0,0,-1321907123,1427461461
51565,Fressattacke,,31916,55564,0,-1,0,0,0,0,0,0,0,0,0,0,25569,109,464,0,3,7929856,8192,268435456,0,0,0,-1321907123,1427461461
51566,Wiederkehr der Bestie,,31917,55564,0,-1,0,0,0,0,0,0,0,0,0,0,25246,109,464,0,3,34144256,0,268435456,0,0,0,-1321907123,1427461461
51576,Nur eine tote Hexe ist eine gute Hexe,,31927,55564,0,-1,0,0,0,0,0,0,0,0,0,0,25254,109,464,0,3,37289984,0,268435456,0,0,0,-1321907123,1427461461
51577,Verteidigung der Akademie,,31928,68021,0,-1,0,0,0,0,0,0,0,0,0,0,25259,109,464,0,3,38338560,8192,268435456,0,0,0,-1321907123,1427461461
51578,Blutrote See,,31929,55564,0,-1,0,0,0,0,0,0,0,0,0,0,25259,109,464,0,3,40435712,8192,268435456,0,0,0,1309324210,-1440044374
51579,Dunkle Waldläuferin Clea,,31930,55564,0,-1,0,0,0,0,0,0,0,0,0,0,25260,136,464,0,3,38338560,8192,268435456,0,0,0,-1321907123,1427461461
51580,Konteradmiral Hainwall,,31931,55564,0,-1,0,0,0,0,0,0,0,0,0,0,25260,136,464,0,3,40435712,8192,268435456,0,0,0,1309324210,-1440044374
51581,Azeritbergbau,,31932,55564,0,-1,0,0,0,0,0,0,0,0,0,0,25255,151,464,0,3,272171008,0,268435456,0,0,0,-1,-1
51583,Azeritwunden,,31934,55564,0,-1,0,0,0,0,0,0,0,0,0,0,25256,151,464,0,3,7929856,8192,268435456,0,0,0,-1,-1
51584,Azeritwahn,,31935,55564,0,-1,0,0,0,0,0,0,0,0,0,0,25257,151,464,0,3,7929856,8192,268435456,0,0,0,-1,-1
51585,Schluss mit der Hexerei,,31936,55564,0,-1,1,0,0,0,0,0,0,0,0,0,25272,109,464,0,3,3735616,0,268435456,0,0,0,-1321907123,1427461461
51586,Azeritermächtigung,,31937,55564,0,-1,0,0,0,0,0,0,0,0,0,0,25258,151,464,0,3,3735552,0,268435456,0,0,0,-1,-1
51588,Vertraute Feinde,,31939,55564,0,-1,0,0,0,0,0,0,0,0,0,0,25437,109,464,0,3,34144256,0,268435456,0,0,0,-1321907123,1427461461
51604,Gejagte Jäger,,31954,55564,0,-1,0,0,0,0,0,0,0,0,0,0,25514,109,464,0,3,34144320,0,268435456,0,0,0,-1321907123,1427461461
51608,Azeritwahn,,31955,67313,0,-1,0,0,0,0,0,0,0,0,0,0,25275,151,464,0,3,7929856,8192,268435456,0,0,0,-1,-1
51609,Azeritwunden,,31956,67313,0,-1,0,0,0,0,0,0,0,0,0,0,25276,151,464,0,3,7929856,8192,268435456,0,0,0,-1,-1
51610,Adhara Weiß,,31957,55564,0,-1,0,0,0,0,0,0,0,0,0,0,25286,136,464,0,3,38338560,8192,268435456,0,0,0,-1,-1
51611,Geist aus der Tiefe,,31958,55564,0,-1,0,0,0,0,0,0,0,0,0,0,25287,136,464,0,3,38338560,8192,268435456,0,0,0,-1,-1
51612,Azeritermächtigung,,31959,67266,0,-1,0,0,0,0,0,0,0,0,0,0,25274,151,464,0,3,3735552,0,268435456,0,0,0,-1,-1
51613,Blutrachen,,31960,55564,0,-1,0,0,0,0,0,0,0,0,0,0,25288,136,464,0,3,38338560,8192,268435456,0,0,0,-1,-1
51615,Azeritbergbau,,31961,67313,0,-1,0,0,0,0,0,0,0,0,0,0,25273,151,464,0,3,272171008,0,268435456,0,0,0,-1,-1
51616,Die letzte Ruhe,,31962,55564,0,-1,0,0,0,0,0,0,0,0,0,0,25293,109,464,0,3,37289984,0,268435456,0,0,0,-1321907123,1427461461
51617,Azeritermächtigung,,31963,55564,0,-1,0,0,0,0,0,0,0,0,0,0,25291,151,464,0,3,3735552,0,268435456,0,0,0,-1,-1
51618,Azeritwahn,,31964,55564,0,-1,0,0,0,0,0,0,0,0,0,0,25290,151,464,0,3,7929856,8192,268435456,0,0,0,-1,-1
51619,Ab in die Falle,,31965,55564,0,-1,0,0,0,0,0,0,0,0,0,0,25441,109,464,0,3,34144256,0,268435456,0,0,0,-1321907123,1427461461
51620,Rohstoffe,,31966,55564,0,-1,0,0,0,0,0,0,0,0,0,0,25442,109,464,0,3,37289984,0,268435456,0,0,0,-1321907123,1427461461
51621,Gezeitenlehren,,33435,55564,0,-1,0,0,0,0,0,0,0,0,0,0,25296,109,464,0,3,38338560,8192,268435456,0,0,0,-1321907123,1427461461
51622,Gezeitenlehren,,31967,55564,0,-1,0,0,0,0,0,0,0,0,0,0,25298,109,464,0,3,38338560,8192,268435456,0,0,0,1309324210,-1440044374
51623,Azeritwunden,,31968,55564,0,-1,0,0,0,0,0,0,0,0,0,0,25289,151,464,0,3,7929856,8192,268435456,0,0,0,-1,-1
51625,Panzerspiel,,31970,55564,0,-1,0,0,0,0,0,0,0,0,0,0,25300,152,464,0,3,-2110193408,0,268435456,0,0,0,-1,-1
51626,Panzerspiel,,31971,55564,0,-1,0,0,0,0,0,0,0,0,0,0,25301,152,464,0,3,-2110193408,0,268435456,0,0,0,-1,-1
51627,Panzerspiel,,31972,55564,0,-1,0,0,0,0,0,0,0,0,0,0,25302,152,464,0,3,-2110193408,0,268435456,0,0,0,-1,-1
51628,Panzerspiel,,31973,55564,0,-1,0,0,0,0,0,0,0,0,0,0,25303,152,464,0,3,-2110193408,0,268435456,0,0,0,-1,-1
51629,Panzerspiel,,31974,67936,0,-1,0,0,0,0,0,0,0,0,0,0,25304,152,464,0,3,-2105999104,8192,268435456,0,0,0,-1,-1
51630,Panzerspiel,,31975,55564,0,-1,0,0,0,0,0,0,0,0,0,0,25305,152,464,0,3,-2110193408,0,268435456,0,0,0,-1,-1
51631,Na'logo muss wandern,,31976,55564,0,-1,0,0,0,0,0,0,0,0,0,0,25306,152,464,0,3,-2110193408,0,268435456,0,0,0,-1,-1
51632,Na'logo muss wandern,,31977,66774,0,-1,0,0,0,0,0,0,0,0,0,0,25307,152,464,0,3,-2110193408,0,268435456,0,0,0,-1,-1
51633,Na'logo muss wandern,,31978,55564,0,-1,0,0,0,0,0,0,0,0,0,0,25308,152,464,0,3,-2110193408,0,268435456,0,0,0,-1,-1
51634,Na'logo muss wandern,,31979,55564,0,-1,0,0,0,0,0,0,0,0,0,0,25309,152,464,0,3,-2110193408,0,268435456,0,0,0,-1,-1
51635,Na'logo muss wandern,,31980,55564,0,-1,0,0,0,0,0,0,0,0,0,0,25310,152,464,0,3,-2105999104,8192,268435456,0,0,0,-1,-1
51636,Na'logo muss wandern,,31981,55564,0,-1,0,0,0,0,0,0,0,0,0,0,25311,152,464,0,3,-2110193408,0,268435456,0,0,0,-1,-1
51637,Brückenkopf,,31982,55564,0,-1,0,0,0,0,0,0,0,0,0,0,25312,152,464,0,3,-2110193408,0,268435456,0,0,0,-1,-1
51638,Brückenkopf,,31983,55564,0,-1,0,0,0,0,0,0,0,0,0,0,25313,152,464,0,3,-2110193408,0,268435456,0,0,0,-1,-1
51639,Brückenkopf,,31984,55564,0,-1,0,0,0,0,0,0,0,0,0,0,25314,152,464,0,3,-2110193408,8192,268435456,0,0,0,-1,-1
51640,Brückenkopf,,31985,67269,0,-1,0,0,0,0,0,0,0,0,0,0,25315,152,464,0,3,-2110193408,0,268435456,0,0,0,-1,-1
51641,Brückenkopf,,31986,55564,0,-1,0,0,0,0,0,0,0,0,0,0,25316,152,464,0,3,-2110193408,0,268435456,0,0,0,-1,-1
51642,Brückenkopf,,31987,55564,0,-1,0,0,0,0,0,0,0,0,0,0,25317,152,464,0,3,-2110193408,0,268435456,0,0,0,-1,-1
51644,Azeritbergbau,,31989,55564,0,-1,0,0,0,0,0,0,0,0,0,0,25292,151,464,0,3,272171008,0,268435456,0,0,0,-1,-1
51646,Polly will einen Keks?,,30649,55564,0,-1,0,0,0,0,0,0,0,0,0,154878,25319,109,464,0,3,38338560,8192,268435456,0,0,0,1309324210,-1440044374
51647,Mannschaften von Freihafen,,33432,55564,0,-1,0,0,0,0,0,0,0,0,0,0,25320,109,464,0,3,4784128,8193,268435456,0,0,0,1309324210,-1440044374
51651,Krächz,,31993,55564,0,-1,0,0,0,0,0,0,0,0,0,0,25321,135,464,0,3,38338624,8192,268435456,0,0,0,-1,-1
51652,Kneipenwirt Willy,,31994,55564,0,-1,0,0,0,0,0,0,0,0,0,0,25324,135,464,0,3,38338624,8192,268435456,0,0,0,-1,-1
51653,Auditor Dolp,,31995,55564,0,-1,0,0,0,0,0,0,0,0,0,0,25325,135,464,0,3,38338624,8192,268435456,0,0,0,-1,-1
51654,Schmuddelschnabel,,31996,55564,0,-1,0,0,0,0,0,0,0,0,0,0,25326,135,464,0,3,38338624,8192,268435456,0,0,0,-1,-1
51655,Teres,,31997,55564,0,-1,0,0,0,0,0,0,0,0,0,0,25330,135,464,0,3,38338624,8192,268435456,0,0,0,-1,-1
51656,Sauroliskenzähmer Mugg,,31998,55564,0,-1,0,0,0,0,0,0,0,0,0,0,25339,135,464,0,3,38338624,8192,268435456,0,0,0,-1,-1
51657,Doppelherzkonstrukt,,31999,55564,0,-1,0,0,0,0,0,0,0,0,0,0,25340,135,464,0,3,38338624,8192,268435456,0,0,0,-1,-1
51658,Ausgebüxt!,,32000,55564,0,-1,0,0,0,0,0,0,0,0,0,0,25347,109,464,0,3,34144256,0,268435456,0,0,0,-1321907123,1427461461
51659,Merianae,,32001,55564,0,-1,0,0,0,0,0,0,0,0,0,0,25341,135,464,0,3,38338624,8192,268435456,0,0,0,-1,-1
51660,Rudelführer Asenya,,32002,55564,0,-1,0,0,0,0,0,0,0,0,0,0,25342,135,464,0,3,38338624,8192,268435456,0,0,0,-1,-1
51661,Tosender Strom,,32003,55564,0,-1,0,0,0,0,0,0,0,0,0,0,25343,135,464,0,3,38338624,8192,268435456,0,0,0,-1,-1
51662,Himmelsschrecken der Fuchsbauwaldung,,32004,55564,0,-1,0,0,0,0,0,0,0,0,0,0,25344,135,464,0,3,38338624,8192,268435456,0,0,0,-1,-1
51664,Kulett die Störrische,,32006,55564,0,-1,0,0,0,0,0,0,0,0,0,0,25345,135,464,0,3,38338624,8192,268435456,0,0,0,-1,-1
51665,Brutmutter Razora,,32007,55564,0,-1,0,0,0,0,0,0,0,0,0,0,25346,135,464,0,3,38338624,8192,268435456,0,0,0,-1,-1
51666,Baschmu,,32008,55564,0,-1,0,0,0,0,0,0,0,0,0,0,25348,135,464,0,3,38338624,8192,268435456,0,0,0,-1,-1
51667,Ein Vogel muss frei sein,,32009,55564,0,-1,0,0,0,0,0,0,0,0,0,157845,25352,109,464,0,3,34275328,0,268435456,0,0,0,-1321907123,1427461461
51669,Der schwarzäugige Bartholomäus,,32011,55564,0,-1,0,0,0,0,0,0,0,0,0,0,25349,135,464,0,3,38338624,8192,268435456,0,0,0,-1,-1
51670,Greifholzwächter,,32012,55564,0,-1,0,0,0,0,0,0,0,0,0,0,25350,135,464,0,3,38338624,8192,268435456,0,0,0,-1,-1
51671,Ziegenbockbarbier,,33434,70114,0,-1,0,0,0,0,0,0,0,0,0,153596,25351,109,464,0,3,34144256,0,268435456,0,0,0,1309324210,-1440044374
51672,Verworrene Netze,,32013,55564,0,-1,0,0,0,0,0,0,0,0,0,0,25353,109,464,0,3,34144256,0,268435456,0,0,0,-1321907123,1427461461
51676,Weil ich ein Möwchen bin,,32018,55564,0,-1,0,0,0,0,0,0,0,0,0,0,25369,109,464,0,3,34144256,0,268435456,0,0,0,-1321907123,1427461461
51681,Einfache Hexe,,32023,55564,0,-1,0,0,0,0,0,0,0,0,0,0,25372,109,464,0,3,34144256,0,268435456,0,0,0,-1321907123,1427461461
51682,Dutzende Hexen,,33437,55564,0,-1,0,0,0,0,0,0,0,0,0,0,25370,109,464,0,3,38338560,8192,268435456,0,0,0,-1321907123,1427461461
51683,Brandrodungsstrategie,,32025,55564,0,-1,0,0,0,0,0,0,0,0,0,0,25375,109,464,0,3,34144256,0,268435456,0,0,0,-1321907123,1427461461
51686,Wo sind meine Hexen?,,32028,55564,0,-1,5,0,0,0,0,0,0,0,0,0,25376,109,464,0,3,38338560,0,268435456,0,0,0,-1321907123,1427461461
51687,Eine stinkende Lösung,,33438,55564,0,-1,0,0,0,0,0,0,0,0,0,160557,25377,109,464,0,3,38338560,8192,268435456,0,0,0,-1321907123,1427461461
51689,Tortollanerrettung,,32030,61475,0,-1,0,0,0,0,0,0,0,0,0,0,0,0,1403,0,3,34144256,0,268468224,0,0,0,1309324210,-1440044374
51690,Die Schatten von Korlach,,32032,55564,0,-1,0,0,0,0,0,0,0,0,0,0,25420,109,464,0,3,38338560,8192,268435456,0,0,0,-1321907123,1427461461
51693,Abfangen der Eisenflut,,32034,55564,0,-1,0,0,0,0,0,0,0,0,0,0,25385,109,464,0,3,38338624,0,268435456,0,0,0,-1321907123,1427461461
51694,Welche Hexe?,,32035,55564,0,-1,0,0,0,0,0,0,0,0,0,160571,25392,109,464,0,3,38338560,0,268435456,0,0,0,-1321907123,1427461461
51697,Die Jagd nach Trüffeljägern,,32038,55564,0,-1,0,0,0,0,0,0,0,0,0,0,25391,109,464,0,3,38338560,0,268435456,0,0,0,-1321907123,1427461461
51699,Verseuchte Monstrosität,,32040,55564,0,-1,0,0,0,0,0,0,0,0,0,0,25518,136,464,0,3,34144256,0,268435456,0,0,0,-1,-1
51706,Totes Holz,,32047,55564,0,-1,0,0,0,0,0,0,0,0,0,0,25397,109,464,0,3,41484288,8192,268435456,0,0,0,-1321907123,1427461461
51707,Wertvoller als Gold,,32048,55564,0,-1,0,0,0,0,0,0,0,0,0,0,25396,109,464,0,3,38338560,0,268435456,0,0,0,-1321907123,1427461461
51709,Ein Dorn im Auge,,33440,55564,0,-1,0,0,0,0,0,0,0,0,0,0,25402,109,464,0,3,38338624,0,268435456,0,0,0,-1321907123,1427461461
51710,Aufstand der Yetis,,33441,55564,0,-1,0,0,0,0,0,0,0,0,0,0,25403,109,464,0,3,38338560,0,268435456,0,0,0,-1321907123,1427461461
51719,Das darf es nicht gleven,,32058,55564,0,-1,0,0,0,0,0,0,0,0,0,0,25405,109,464,0,3,34144256,0,268435456,0,0,0,1309324210,-1440044374
51727,Dunkeleisen im Visier,,32066,55564,0,-1,0,0,0,0,0,0,0,0,0,0,25410,109,464,0,3,38338560,8192,268435456,0,0,0,1309324210,-1440044374
51737,Braunbärgebräu,,30845,55564,0,-1,1,0,0,0,0,0,0,0,0,0,25411,109,464,0,3,3735552,0,268435456,0,0,0,1309324210,-1440044374
51738,Dutzende Hexen,,32024,55564,0,-1,0,0,0,0,0,0,0,0,0,0,25412,109,464,0,3,38338560,8192,268435456,0,0,0,1309324210,-1440044374
51739,Aufstand der Yetis,,32051,55564,0,-1,0,0,0,0,0,0,0,0,0,0,25445,109,464,0,3,38338560,0,268435456,0,0,0,1309324210,-1440044374
51740,Die Jagd nach Trüffeljägern,,32038,55564,0,-1,0,0,0,0,0,0,0,0,0,0,25391,109,464,0,3,38338560,0,268435456,0,0,0,1309324210,-1440044374
51741,Ein Dorn im Auge,,32050,55564,0,-1,0,0,0,0,0,0,0,0,0,0,25415,109,464,0,3,38338624,0,268435456,0,0,0,1309324210,-1440044374
51742,Abfangen der Eisenflut,,33439,55564,0,-1,0,0,0,0,0,0,0,0,0,0,25416,109,464,0,3,38338624,0,268435456,0,0,0,1309324210,-1440044374
51743,Wertvoller als Gold,,32048,67266,0,-1,0,0,0,0,0,0,0,0,0,0,25396,109,464,0,3,38338560,0,268435456,0,0,0,1309324210,-1440044374
51745,Eine stinkende Lösung,,32029,55564,0,-1,0,0,0,0,0,0,0,0,0,160557,25418,109,464,0,3,38338560,8192,268435456,0,0,0,1309324210,-1440044374
51746,Die Schatten von Korlach,,32032,55564,0,-1,0,0,0,0,0,0,0,0,0,0,25420,109,464,0,3,38338560,8192,268435456,0,0,0,1309324210,-1440044374
51747,Frühzeitige Warnung,,32076,55564,0,-1,1,0,0,0,0,0,0,0,0,0,25424,109,464,0,3,3735552,0,268435456,0,0,0,1309324210,-1440044374
51754,Zähe Hunde,,32083,55564,0,-1,0,0,0,0,0,0,0,0,0,0,25425,109,464,0,3,38338560,8192,268435456,0,0,0,1309324210,-1440044374
51758,Waffenlieferung,,32087,55564,0,-1,0,0,0,0,0,0,0,0,0,0,25388,109,464,0,3,34144256,0,268435456,0,0,0,-1321907123,1427461461
51759,Seebrecher Skoloth,,32088,55564,0,-1,0,0,0,0,0,0,0,0,0,0,25433,135,464,0,3,41484352,8192,268435456,0,0,0,-1,-1
51760,Fressattacke der Ranishu,,32089,55564,0,-1,0,0,0,0,0,0,0,0,0,0,25434,109,464,0,3,38338816,8192,268435456,0,0,0,-1321907123,1427461461
51761,Vertraute Feinde,,31939,55564,0,-1,0,0,0,0,0,0,0,0,0,0,25437,109,464,0,3,34144256,0,268435456,0,0,0,1309324210,-1440044374
51763,Rettung von Zem'lan,,32091,55564,0,-1,0,0,0,0,0,0,0,0,0,0,25438,109,464,0,3,34144512,0,268435456,0,0,0,1309324210,-1440044374
51764,Gejagte Jäger,,31954,55564,0,-1,0,0,0,0,0,0,0,0,0,0,25514,109,464,0,3,34144320,0,268435456,0,0,0,1309324210,-1440044374
51765,Verworrene Netze,,33436,55564,0,-1,0,0,0,0,0,0,0,0,0,0,25440,109,464,0,3,34144256,0,268435456,0,0,0,1309324210,-1440044374
51767,Ab in die Falle,,31965,55564,0,-1,0,0,0,0,0,0,0,0,0,0,25441,109,464,0,3,34144256,0,268435456,0,0,0,1309324210,-1440044374
51768,Rohstoffe,,31966,55564,0,-1,0,0,0,0,0,0,0,0,0,0,25442,109,464,0,3,37289984,0,268435456,0,0,0,1309324210,-1440044374
51769,Weil ich ein Möwchen bin,,32018,55564,0,-1,0,0,0,0,0,0,0,0,0,0,25369,109,464,0,3,34144256,0,268435456,0,0,0,1309324210,-1440044374
51774,Ragna,,32097,55564,0,-1,0,0,0,0,0,0,0,0,0,0,25447,135,464,0,3,41484352,8192,268435456,0,0,0,-1,-1
51776,Orkansturm,,32099,55564,0,-1,0,0,0,0,0,0,0,0,0,0,25448,135,464,0,3,41484352,8192,268435456,0,0,0,-1,-1
51777,Dagrus der Verachtete,,32100,68611,0,-1,0,0,0,0,0,0,0,0,0,0,25449,135,464,0,3,41484352,8192,268435456,0,0,0,-1,-1
51778,Tiefzahn,,32101,55564,0,-1,0,0,0,0,0,0,0,0,0,0,25452,135,464,0,3,41484352,8192,268435456,0,0,0,-1,-1
51779,Zorngroll der Mümmlermalmer,,32103,55564,0,-1,0,0,0,0,0,0,0,0,0,0,25451,135,464,0,3,41484352,8192,268435456,0,0,0,-1,-1
51780,Abendessen für Dolly und Dot,,32104,55564,0,-1,0,0,0,0,0,0,0,0,0,0,25453,109,464,0,3,34144256,8192,268435456,0,0,0,1309324210,-1440044374
51781,Vorarbeiter Zettel,,32105,55564,0,-1,0,0,0,0,0,0,0,0,0,0,25455,135,464,0,3,41484352,8192,268435456,0,0,0,-1,-1
51782,Hauptmann Klingenstachel,,32106,55564,0,-1,0,0,0,0,0,0,0,0,0,0,25456,135,464,0,3,41484352,8192,268435456,0,0,0,-1,-1
51783,Rettung von Zem'lan,,32107,67933,0,-1,0,0,0,0,0,0,0,0,0,0,25454,109,464,0,3,34144512,0,268435456,0,0,0,-1321907123,1427461461
51791,Blasentotemtest,,33443,55564,0,-1,0,0,0,0,0,0,0,0,0,0,25464,109,464,0,3,34275584,8192,268435456,0,0,0,1309324210,-1440044374
51792,Eruptionstotemtest,,32116,55564,0,-1,0,0,0,0,0,0,0,0,0,0,25465,109,464,0,3,34144512,8192,268435456,0,0,0,1309324210,-1440044374
51793,Blasentotemtest,,33442,55564,0,-1,0,0,0,0,0,0,0,0,0,0,25466,109,464,0,3,34144512,8192,268435456,0,0,0,-1321907123,1427461461
51794,Eruptionstotemtest,,32115,55564,0,-1,0,0,0,0,0,0,0,0,0,0,25467,109,464,0,3,34144512,8192,268435456,0,0,0,-1321907123,1427461461
51804,Fortgesetzte Einmischung,,32125,55564,0,-1,0,0,0,0,0,0,0,0,0,0,25471,109,464,0,3,34144256,8192,268435456,0,0,0,-1321907123,1427461461
51806,Schädlingsbekämpfer MK. II,,32127,55564,0,-1,0,0,0,0,0,0,0,0,0,0,25481,136,464,0,3,37289984,0,268435456,0,0,0,-1,-1
51811,Gefangene Tortollaner,,32132,55564,0,-1,0,0,0,0,0,0,0,0,0,0,25488,109,464,0,3,38338560,8192,268435456,0,0,0,1309324210,-1440044374
51814,Gravierende Bedrohung,,32134,55564,0,-1,0,0,0,0,0,0,0,0,0,0,25485,109,464,0,3,38338816,0,268435456,0,0,0,-1321907123,1427461461
51815,Eierausrottung,,32135,55564,0,-1,0,0,0,0,0,0,0,0,0,0,25486,109,464,0,3,38338816,0,268435456,0,0,0,-1321907123,1427461461
51816,Zutatenpterror,,32136,55564,0,-1,0,0,0,0,0,0,0,0,0,0,25487,109,464,0,3,38338816,0,268435456,0,0,0,-1321907123,1427461461
51817,Gefangene Tortollaner,,32157,70823,0,-1,0,0,0,0,0,0,0,0,0,0,25489,109,464,0,3,38338560,8192,268435456,0,0,0,-1321907123,1427461461
51820,Ölige Sauerei,,32140,55564,0,-1,0,0,0,0,0,0,0,0,0,0,25492,109,464,0,3,38338624,8192,268435456,0,0,0,-1321907123,1427461461
51821,Ordnung in der Bucht,,32141,55564,0,-1,0,0,0,0,0,0,0,0,0,0,25482,109,464,0,3,38338560,8192,268435456,0,0,0,-1321907123,1427461461
51822,Schriftrollen und Schuppen,,32142,70810,0,-1,0,0,0,0,0,0,0,0,0,0,25493,109,464,0,3,38338560,8192,268435456,0,0,0,-1321907123,1427461461
51824,Bodenständig,,32143,55564,0,-1,0,0,0,0,0,0,0,0,0,0,25494,109,464,0,3,38338560,8192,268435456,0,0,0,-1321907123,1427461461
51827,Sie kamen von hinten!,,32144,55564,0,-1,0,0,0,0,0,0,0,0,0,160739,25468,109,464,0,3,38338560,8192,268435456,0,0,0,1309324210,-1440044374
51828,Die Legion niederbrennen,,32145,55564,0,-1,0,0,0,0,0,0,0,0,0,0,25495,109,464,0,3,38338560,8192,268435456,0,0,0,1309324210,-1440044374
51831,Schnelle Offensive,,32148,55564,0,-1,0,0,0,0,0,0,0,0,0,0,25521,109,464,0,3,38338560,8192,268435456,0,0,0,-1321907123,1427461461
51832,Um den heißen Brei,,32149,55564,0,-1,0,0,0,0,0,0,0,0,0,0,25497,109,464,0,3,34144256,0,268435456,0,0,0,1309324210,-1440044374
51834,Keine Verhandlungen,,32151,55564,0,-1,0,0,0,0,0,0,0,0,0,0,25538,109,464,0,3,34144256,8192,268435456,0,0,0,-1321907123,1427461461
51836,Ressourcen beschaffen,,32153,55564,0,-1,0,0,0,0,0,0,0,0,0,0,25498,109,464,0,3,38338560,8192,268435456,0,0,0,-1321907123,1427461461
51839,Squirgel aus der Tiefe,,32155,55564,0,-1,0,0,0,0,0,0,0,0,0,0,25501,135,464,0,3,34144320,0,268435456,0,0,0,-1,-1
51840,Ölige Sauerei,,32156,55564,0,-1,0,0,0,0,0,0,0,0,0,0,25503,109,464,0,3,38338624,8192,268435456,0,0,0,1309324210,-1440044374
51841,Schwarzstich,,32158,55564,0,-1,0,0,0,0,0,0,0,0,0,0,25504,135,464,0,3,34144320,0,268435456,0,0,0,-1,-1
51842,Carla Schmunzel,,32159,55564,0,-1,0,0,0,0,0,0,0,0,0,0,25505,135,464,0,3,34144320,0,268435456,0,0,0,-1,-1
51843,P4-N73R4,,32160,55564,0,-1,0,0,0,0,0,0,0,0,0,0,25506,135,464,0,3,34144320,0,268435456,0,0,0,-1,-1
51844,Gulliver,,32161,55564,0,-1,0,0,0,0,0,0,0,0,0,0,25507,135,464,0,3,34144320,0,268435456,0,0,0,-1,-1
51847,Krötenkiefer,,32162,55564,0,-1,0,0,0,0,0,0,0,0,0,0,25508,135,464,0,3,34144320,0,268435456,0,0,0,-1,-1
51848,Kapitän Wintersegel,,32163,55564,0,-1,0,0,0,0,0,0,0,0,0,0,25509,135,464,0,3,34144320,0,268435456,0,0,0,-1,-1
51849,Tempestria,,32164,55564,0,-1,0,0,0,0,0,0,0,0,0,0,25510,135,464,0,3,34144320,0,268435456,0,0,0,-1,-1
51850,Schützt die Oase,,32165,55564,0,-1,0,0,0,0,0,0,0,0,0,0,25511,109,464,0,3,34144512,8192,268435456,0,0,0,1309324210,-1440044374
51853,Schützt die Oase,,32166,55564,0,-1,0,0,0,0,0,0,0,0,0,0,25512,109,464,0,3,34144512,8192,268435456,0,0,0,-1321907123,1427461461
51854,Ich bin der Hai,,32167,55564,0,-1,0,0,0,0,0,0,0,0,0,0,25513,109,464,0,3,40435712,8192,268435456,0,0,0,-1321907123,1427461461
51855,Schön ist mein Piratenleben,,32168,55564,0,-1,0,0,0,0,0,0,0,0,0,0,25515,109,464,0,3,38338560,8192,268435456,0,0,0,-1321907123,1427461461
51856,Der Tiefenpfuhl: Moderschlund,,32169,55564,0,-1,0,0,0,0,0,0,0,0,0,0,25762,137,464,0,3,35192896,0,268435458,0,0,0,-1,-1
51874,Vollgefressener Eber,,32174,55564,0,-1,0,0,0,0,0,0,0,0,0,0,25519,135,464,0,3,34144320,0,268435456,0,0,0,-1,-1
51884,Durchgebrannter Golem,,32184,55564,0,-1,0,0,0,0,0,0,0,0,0,0,25523,135,464,0,3,34144320,0,268435456,0,0,0,-1,-1
51886,Nad el Kissen,,32186,55564,0,-1,0,0,0,0,0,0,0,0,0,0,25528,135,464,0,3,41484352,8192,268435456,0,0,0,-1,-1
51887,Fungustrio,,32187,55564,0,-1,0,0,0,0,0,0,0,0,0,0,25527,135,464,0,3,34144320,0,268435456,0,0,0,-1,-1
51890,"Ranja, die letzte Frostpranke",,32190,55564,0,-1,0,0,0,0,0,0,0,0,0,0,25532,135,464,0,3,34144320,0,268435456,0,0,0,-1,-1
51891,Sythian der Flinke,,32191,55564,0,-1,0,0,0,0,0,0,0,0,0,0,25533,135,464,0,3,34144320,0,268435456,0,0,0,-1,-1
51892,Schauderschuppe der Giftige,,32192,55564,0,-1,0,0,0,0,0,0,0,0,0,0,25534,135,464,0,3,34144320,0,268435456,0,0,0,-1,-1
51893,Sägezahn,,32193,55564,0,-1,0,0,0,0,0,0,0,0,0,0,25535,135,464,0,3,34144320,0,268435456,0,0,0,-1,-1
51894,Tentulos der Schwebende,,32194,55564,0,-1,0,0,0,0,0,0,0,0,0,0,25536,135,464,0,3,34144320,0,268435456,0,0,0,-1,-1
51895,Maison der Tragbare,,32195,55564,0,-1,0,0,0,0,0,0,0,0,0,0,25537,135,464,0,3,34144320,0,268435456,0,0,0,-1,-1
51897,Frostfels,,32197,55564,0,-1,0,0,0,0,0,0,0,0,0,0,25539,135,464,0,3,34144320,0,268435456,0,0,0,-1,-1
51900,Das Ende der Treulosen,,32200,55564,0,-1,0,0,0,0,0,0,0,0,0,0,25543,109,464,0,3,34144512,8192,268435456,0,0,0,1309324210,-1440044374
51901,Molluskelprotz,,32201,55564,0,-1,0,0,0,0,0,0,0,0,0,0,25553,135,464,0,3,41484352,8192,268435456,0,0,0,-1,-1
51905,Verstärkter Kielbrecher,,32203,55564,0,-1,0,0,0,0,0,0,0,0,0,0,25544,136,464,0,3,37289984,0,268435456,0,0,0,-1,-1
51906,Schwester Martha,,32204,55564,0,-1,0,0,0,0,0,0,0,0,0,0,25545,135,464,0,3,34144320,0,268435456,0,0,0,-1,-1
51908,Nimmermehr,,32206,55564,0,-1,0,0,0,0,0,0,0,0,0,0,25547,135,464,0,3,34144320,0,268435456,0,0,0,-1,-1
51909,Grozgor,,32207,55564,0,-1,0,0,0,0,0,0,0,0,0,0,25548,135,464,0,3,34144320,0,268435456,0,0,0,-1,-1
51917,Beschol,,32213,55564,0,-1,0,0,0,0,0,0,0,0,0,0,25549,135,464,0,3,34144320,0,268435456,0,0,0,-1,-1
51919,Emely Maidorf,,32214,55564,0,-1,0,0,0,0,0,0,0,0,0,0,25550,135,464,0,3,34144320,0,268435456,0,0,0,-1,-1
51920,Baumwollschwänzchenmatrone,,32215,55564,0,-1,0,0,0,0,0,0,0,0,0,0,25551,135,464,0,3,34144320,0,268435456,0,0,0,-1,-1
51921,Schlickpest,,32216,55564,0,-1,0,0,0,0,0,0,0,0,0,0,25552,135,464,0,3,41484352,8192,268435456,0,0,0,-1,-1
51924,Das Ende der Treulosen,,32200,55564,0,-1,0,0,0,0,0,0,0,0,0,0,25543,109,464,0,3,34144512,8192,268435456,0,0,0,-1321907123,1427461461
51925,Ohne Anleitung,,32219,55564,0,-1,0,0,0,0,0,0,0,0,0,0,25554,109,464,0,3,34144256,8192,268435456,0,0,0,-1321907123,1427461461
51928,Ohne Anleitung,,32222,55564,0,-1,0,0,0,0,0,0,0,0,0,0,25555,109,464,0,3,34144256,8192,268435456,0,0,0,-1321907123,1427461461
51931,Ohne Anleitung,,32225,55564,0,-1,0,0,0,0,0,0,0,0,0,0,25556,109,464,0,3,34144256,8192,268435456,0,0,0,-1321907123,1427461461
51933,Ohne Anleitung,,32227,55564,0,-1,0,0,0,0,0,0,0,0,0,0,25557,109,464,0,3,34144256,8192,268435456,0,0,0,-1321907123,1427461461
51947,Säbeltron,,32241,55564,0,-1,0,0,0,0,0,0,0,0,0,0,25561,135,464,0,3,41484352,8192,268435456,0,0,0,-1,-1
51948,Schutz bieten,,32242,55564,0,-1,0,0,0,0,0,0,0,0,0,0,25558,109,464,0,3,38338560,8192,268435456,0,0,0,1309324210,-1440044374
51957,Vorriks Zorn,,32251,55564,0,-1,0,0,0,0,0,0,0,0,0,0,25562,109,464,0,3,40435968,8192,268435456,0,0,0,1309324210,-1440044374
51963,Vorriks Zorn,,32255,55564,0,-1,0,0,0,0,0,0,0,0,0,0,25563,109,464,0,3,40435968,8192,268435456,0,0,0,-1321907123,1427461461
51970,Der Zuckerbäcker,,32259,55564,0,-1,0,0,0,0,0,0,0,0,0,0,25566,135,464,0,3,34144320,0,268435456,0,0,0,-1,-1
51972,Verirrte Ziege,,32260,55564,0,-1,0,0,0,0,0,0,0,0,0,0,25567,135,464,0,3,34144256,0,268435456,0,0,0,-1,-1
51974,Säbeltron,,32262,55564,0,-1,0,0,0,0,0,0,0,0,0,0,25573,135,464,0,3,41484352,8192,268435456,0,0,0,-1,-1
51976,Säbeltron,,32264,55564,0,-1,0,0,0,0,0,0,0,0,0,0,25572,135,464,0,3,41484352,8192,268435456,0,0,0,-1,-1
51977,Säbeltron,,32265,55564,0,-1,0,0,0,0,0,0,0,0,0,0,25570,135,464,0,3,41484352,8192,268435456,0,0,0,-1,-1
51978,Säbeltron,,32266,55564,0,-1,0,0,0,0,0,0,0,0,0,0,25571,135,464,0,3,41484352,8192,268435456,0,0,0,-1,-1
51981,Heimstatt des Erdenrufers,,32269,55564,0,-1,0,0,0,0,0,0,0,0,0,0,25579,109,464,0,3,38338560,8192,268435456,0,0,0,-1321907123,1427461461
51983,Vorriks Vergeltung,,33444,55564,0,-1,0,0,0,0,0,0,0,0,0,0,25578,109,464,0,3,38338816,8192,268435456,0,0,0,1309324210,-1440044374
51988,"Whitney ""Stahlklaue"" Ramsay",,32276,55564,0,-1,0,0,0,0,0,0,0,0,0,0,25583,135,464,0,3,34144320,0,268435456,0,0,0,-1,-1
51989,Braedan Weißwall,,32277,55564,0,-1,0,0,0,0,0,0,0,0,0,0,25584,135,464,0,3,34144320,0,268435456,0,0,0,-1,-1
51995,Vorriks Vergeltung,,32271,55564,0,-1,0,0,0,0,0,0,0,0,0,0,25580,109,464,0,3,38338816,8192,268435456,0,0,0,-1321907123,1427461461
51996,Heimstatt des Erdenrufers,,32280,55564,0,-1,0,0,0,0,0,0,0,0,0,0,25592,109,464,0,3,38338560,8192,268435456,0,0,0,1309324210,-1440044374
51997,Da versinkt sie,,32281,55564,0,-1,0,0,0,0,0,0,0,0,0,0,25591,109,464,0,3,38338816,8192,268435456,0,0,0,1309324210,-1440044374
52004,Gegenspionage,,32288,55564,0,-1,0,0,0,0,0,0,0,0,0,0,25593,109,464,0,3,38338560,8192,268435456,0,0,0,1309324210,-1440044374
52006,Präventivschlag,,32290,55564,0,-1,0,0,0,0,0,0,0,0,0,0,24646,109,464,0,3,38338560,8192,268435456,0,0,0,1309324210,-1440044374
52007,Kriegsmaschinen,,32291,55564,0,-1,0,0,0,0,0,0,0,0,0,160988,25606,109,464,0,3,38338560,8192,268435456,0,0,0,1309324210,-1440044374
52009,Krabbenvolk,,32293,131226,0,-1,0,0,0,0,0,0,0,0,0,0,25613,115,464,0,3,3735808,0,268435456,0,0,0,-1,-1
52010,Die Flut des Schicksals,,33445,55564,0,-1,0,0,0,0,0,0,0,0,0,0,25612,109,464,0,3,38338560,8192,268435456,0,0,0,-1321907123,1427461461
52011,Teuflische Felder,,33446,55564,0,-1,0,0,0,0,0,0,0,0,0,0,25619,109,464,0,3,40435712,8192,268435456,0,0,0,-1321907123,1427461461
52045,Eberpatrouille,,33447,55564,0,-1,0,0,0,0,0,0,0,0,0,0,25631,109,464,0,3,40435712,8192,268435456,0,0,0,-1321907123,1427461461
52047,Gegen den Sturm,,32317,55564,0,-1,0,0,0,0,0,0,0,0,0,0,25644,109,464,0,3,38338560,8192,268435456,0,0,0,-1321907123,1427461461
52054,Saubäre Arbeit,,32322,55564,0,-1,0,0,0,0,0,0,0,0,0,0,28007,109,464,0,3,38338560,8192,268435456,0,0,0,-1321907123,1427461461
52056,Die Flut des Schicksals,,32294,55564,0,-1,0,0,0,0,0,0,0,0,0,0,25643,109,464,0,3,38338560,8192,268435456,0,0,0,1309324210,-1440044374
52057,Gegen den Sturm,,32317,55564,0,-1,0,0,0,0,0,0,0,0,0,0,25644,109,464,0,3,38338560,8192,268435456,0,0,0,1309324210,-1440044374
52059,Da versinkt sie,,32324,55564,0,-1,0,0,0,0,0,0,0,0,0,0,25635,109,464,0,3,38338816,8192,268435456,0,0,0,-1321907123,1427461461
52063,Eberpatrouille,,32316,55564,0,-1,0,0,0,0,0,0,0,0,0,0,25648,109,464,0,3,40435712,8192,268435456,0,0,0,1309324210,-1440044374
52064,Teuflische Felder,,32295,55564,0,-1,0,0,0,0,0,0,0,0,0,0,25653,109,464,0,3,40435712,8192,268435456,0,0,0,1309324210,-1440044374
52071,Hinter dem Borstenrücken,,32333,55564,0,-1,0,0,0,0,0,0,0,0,0,0,25666,109,464,0,3,38338560,8192,268435456,0,0,0,-1321907123,1427461461
52115,Im Schatten des Kraken,,32340,55564,0,-1,0,0,0,0,0,0,0,0,0,0,25697,109,464,0,3,38338560,8192,268435456,0,0,0,1309324210,-1440044374
52117,Hinter dem Borstenrücken,,32333,55564,0,-1,0,0,0,0,0,0,0,0,0,0,25666,109,464,0,3,38338560,8192,268435456,0,0,0,1309324210,-1440044374
52119,Goblinazeritextraktion,,32343,55564,0,-1,0,0,0,0,0,0,0,0,0,0,25702,109,464,0,3,34144256,0,268435456,0,0,0,1309324210,-1440044374
52120,Gnomenazeritextraktion,,32344,55564,0,-1,0,0,0,0,0,0,0,0,0,0,25710,109,464,0,3,34144256,0,268435456,0,0,0,-1321907123,1427461461
52124,Des anderen Leid,,32348,55564,0,-1,0,0,0,0,0,0,0,0,0,0,25718,109,464,0,3,34144256,0,268435456,0,0,0,1309324210,-1440044374
52126,"Ich glaub, mein Schwein beißt",,32350,55564,0,-1,0,0,0,0,0,0,0,0,0,0,25719,115,464,0,3,3735808,0,268435456,0,0,0,-1,-1
52133,Guter Junge!,,32357,55564,0,-1,0,0,0,0,0,0,0,0,0,0,25738,109,464,0,3,39387136,8192,268435456,0,0,0,-1321907123,1427461461
52140,Ein dorniges Problem,,32364,55564,0,-1,0,0,0,0,0,0,0,0,0,0,25791,109,464,0,3,38338560,8192,268435456,0,0,0,-1321907123,1427461461
52142,Vorräte auffüllen,,32366,55564,0,-1,0,0,0,0,0,0,0,0,0,0,25750,109,464,0,3,34144256,0,268435456,0,0,0,-1321907123,1427461461
52143,Kleinere Knechte,,32367,55564,0,-1,0,0,0,0,0,0,0,0,0,0,26374,109,464,0,3,38338560,8192,268435456,0,0,0,-1321907123,1427461461
52144,Kernschmelze in der Gießerei,,32368,55564,0,-1,0,0,0,0,0,0,0,0,0,0,26377,109,464,0,3,34144256,0,268435456,0,0,0,-1321907123,1427461461
52145,Hau-Ruck!,,32369,69433,0,-1,0,0,0,0,0,0,0,0,0,0,26399,109,464,0,3,39387136,0,268435456,0,0,0,-1321907123,1427461461
52155,Schätze der Gezeiten,,32380,55564,0,-1,0,0,0,0,0,0,0,0,0,0,26378,109,464,0,3,34144256,0,268435456,0,0,0,-1321907123,1427461461
52157,Eine schaurige Begegnung,,32382,62193,0,-1,0,0,0,0,0,0,0,0,0,0,25749,112,464,0,3,37290304,0,268435456,0,0,0,-1,-1
52159,Schrubbt das!,,33448,55564,0,-1,0,0,0,0,0,0,0,0,0,0,26396,109,464,0,3,38338560,8192,268435456,0,0,0,-1321907123,1427461461
52160,Vorräte auffüllen,,32366,55564,0,-1,0,0,0,0,0,0,0,0,0,0,25750,109,464,0,3,34144256,0,268435456,0,0,0,1309324210,-1440044374
52162,Tracking Quest,,32386,0,0,-1,0,0,0,0,0,0,0,0,0,0,0,0,464,0,3,33588224,0,0,0,0,0,-1,-1
52163,Der geflügelte Taifun,,32387,62193,0,-1,0,0,0,0,0,0,0,0,0,0,25760,112,464,0,3,37290048,0,268435456,0,0,0,-1,-1
52164,Rum-Gepolter!,,32388,55564,0,-1,0,0,0,0,0,0,0,0,0,0,25752,109,464,0,3,38338560,8192,268435456,0,0,0,-1321907123,1427461461
52165,Automatisiertes Chaos,,32389,131226,0,-1,0,0,0,0,0,0,0,0,0,0,25753,115,464,0,3,3735808,0,268435456,0,0,0,-1,-1
52166,Der gesichtslose Herold,,32390,62193,0,-1,0,0,0,0,0,0,0,0,0,0,25739,112,464,0,3,34144320,0,268435456,0,0,0,-1,-1
52167,Räuberungsaktion,,32391,55564,0,-1,0,0,0,0,0,0,0,0,0,0,26385,109,464,0,3,4784192,8192,268435456,0,0,0,-1321907123,1427461461
52168,Heiße Nummer,,32392,64064,0,-1,0,0,0,0,0,0,0,0,0,0,25756,109,464,0,3,34144256,0,268435456,0,0,0,-1321907123,1427461461
52169,Die Matriarchin,,32394,62193,0,-1,0,0,0,0,0,0,0,0,0,0,25761,112,464,0,3,34144576,0,268435456,0,0,0,-1,-1
52174,Schlangen in den Untiefen,,32399,55564,0,-1,0,0,0,0,0,0,0,0,0,0,25766,109,464,0,3,38338560,8192,268435456,0,0,0,-1321907123,1427461461
52179,Verstärkter Widerstand,,32402,55564,0,-1,0,0,0,0,0,0,0,0,0,0,25767,109,464,0,3,38338560,8192,268435456,0,0,0,-1321907123,1427461461
52180,Eine verbrennadammte Schande,,32403,64064,0,-1,0,0,0,0,0,0,0,0,0,0,25768,109,464,0,3,34144256,0,268435456,0,0,0,-1321907123,1427461461
52181,Rauch und Schatten,,32404,67111,0,-1,0,0,0,0,0,0,0,0,0,0,24506,112,464,0,3,34144576,0,268435456,0,0,0,-1,-1
52182,Azerit muss mit,,32405,62340,0,-1,0,0,0,0,0,0,0,0,0,0,26084,109,288,0,3,41484288,8192,268435456,0,0,0,1309324210,-1440044374
52196,Knochen im Sand,,32419,62193,0,-1,0,0,0,0,0,0,0,0,0,0,25772,112,464,0,3,589888,0,268435456,0,0,0,-1,-1
52198,Tank und Zank,,32421,64064,0,-1,0,0,0,0,0,0,0,0,0,0,25779,109,464,0,3,36241408,0,268435456,0,0,0,-1321907123,1427461461
52199,Rum-Gepolter!,,32422,55564,0,-1,0,0,0,0,0,0,0,0,0,0,25780,109,464,0,3,38338560,8192,268435456,0,0,0,1309324210,-1440044374
52200,Schildkrötentaktiken,,32423,55564,0,-1,0,0,0,0,0,0,0,0,0,0,25781,109,464,0,3,39387136,8192,268435456,0,0,0,-1321907123,1427461461
52207,Azerit muss mit,,32427,62340,0,-1,0,0,0,0,0,0,0,0,0,0,26100,109,288,0,3,41484288,8192,268435456,0,0,0,-1321907123,1427461461
52209,Schildkrötentaktiken,,32429,55564,0,-1,0,0,0,0,0,0,0,0,0,0,25784,109,464,0,3,39387136,8192,268435456,0,0,0,1309324210,-1440044374
52211,Roter Sonnenaufgang,,32448,55564,0,-1,0,0,0,0,0,0,0,0,0,0,25637,109,464,0,3,38338560,8192,268435456,0,0,0,-1321907123,1427461461
52218,Nachtmahre,,32438,131226,0,-1,0,0,0,0,0,0,0,0,0,0,25786,115,464,0,3,3735808,0,268435456,0,0,0,-1,-1
52229,Saubäre Arbeit,,32450,55564,0,-1,0,0,0,0,0,0,0,0,0,0,25788,109,464,0,3,38338560,8192,268435456,0,0,0,1309324210,-1440044374
52230,Fehlendes Kleingeld,,32451,55564,0,-1,0,0,0,0,0,0,0,0,0,158226,25789,109,464,0,3,38338560,8192,268435456,0,0,0,-1321907123,1427461461
52236,Ein dorniges Problem,,32364,55564,0,-1,0,0,0,0,0,0,0,0,0,0,25791,109,464,0,3,38338560,8192,268435456,0,0,0,1309324210,-1440044374
52237,Der Tiefenpfuhl: Ruheloser Schrecken,,32453,55564,0,-1,0,0,0,0,0,0,0,0,0,0,25763,137,464,0,3,34144320,0,268435458,0,0,0,-1,-1
52238,Der Tiefenpfuhl: Mysteriöse Sporen,,32454,55564,0,-1,0,0,0,0,0,0,0,0,0,0,25764,137,464,0,3,34144256,0,268435458,0,0,0,-1,-1
52239,Fehlendes Kleingeld,,32455,55564,0,-1,0,0,0,0,0,0,0,0,0,158226,25792,109,464,0,3,38338560,8192,268435456,0,0,0,1309324210,-1440044374
52243,Treibstoff für die Verwüster,,32459,62340,0,-1,0,0,0,0,0,0,0,0,0,0,26087,109,288,0,3,41484288,8192,268435456,0,0,0,1309324210,-1440044374
52244,Haltet die Bohrungen auf,,32460,62340,0,-1,0,0,0,0,0,0,0,0,0,0,26103,109,288,0,3,41484288,8192,268435456,0,0,0,-1321907123,1427461461
52248,Die Küsten von Xibala,,32464,55564,0,-1,0,0,0,0,0,0,0,0,0,0,25797,109,464,0,3,38338560,8192,268435456,0,0,0,1309324210,-1440044374
52249,Die Küsten von Xibala,,32465,55564,0,-1,0,0,0,0,0,0,0,0,0,0,25798,109,464,0,3,38338560,8192,268435456,0,0,0,-1321907123,1427461461
52250,Xibala retten,,32466,66138,0,-1,0,0,0,0,0,0,0,0,0,0,25799,109,464,0,3,37289984,0,268435456,0,0,0,-1321907123,1427461461
52251,Kompromittierte Aufklärung,,32467,55564,0,-1,0,0,0,0,0,0,0,0,0,0,25800,109,464,0,3,38338560,8192,268435456,0,0,0,-1321907123,1427461461
52271,Mit Meersalzgeschmack,,32485,55564,0,-1,0,0,0,0,0,0,0,0,0,0,25807,109,464,0,3,38338560,8192,268435456,0,0,0,-1321907123,1427461461
52278,Abtrünniges Azerit,,32491,67266,0,-1,0,0,0,0,0,0,0,0,0,0,25812,115,464,0,3,3735808,0,268435456,0,0,0,-1,-1
52280,Mit Meersalzgeschmack,,32493,55564,0,-1,0,0,0,0,0,0,0,0,0,0,25813,109,464,0,3,38338560,8192,268435456,0,0,0,1309324210,-1440044374
52295,Das RIESENFLÖZ!!: Elementare als Angestellte,,32507,55564,0,-1,0,0,0,0,0,0,0,0,0,0,25814,137,464,0,3,35192832,0,268435458,0,0,0,-1,-1
52297,Fleißaufgabe,,32509,55564,0,-1,0,0,0,0,0,0,0,0,0,0,25818,115,464,0,3,3735808,0,268435456,0,0,0,-1,-1
52298,Das RIESENFLÖZ!!: Die Schläue steckt in seinem Horn!,,32510,55564,0,-1,0,0,0,0,0,0,0,0,0,0,25819,137,464,0,3,35192832,0,268435458,0,0,0,-1,-1
52299,Peitschenstengel,,32511,55564,0,-1,0,0,0,0,0,0,0,0,0,0,25816,135,464,0,3,41484352,8192,268435456,0,0,0,-1,-1
52300,Wagga Knurrzahn,,32512,55564,0,-1,0,0,0,0,0,0,0,0,0,0,25820,135,464,0,3,41484352,8192,268435456,0,0,0,-1,-1
52301,Rankensprecherin Ratha,,32513,55564,0,-1,0,0,0,0,0,0,0,0,0,0,25822,135,464,0,3,41484352,8192,268435456,0,0,0,-1,-1
52302,Das RIESENFLÖZ!!: Der hat aber echt fette Bomben,,32514,55564,0,-1,0,0,0,0,0,0,0,0,0,0,25823,137,464,0,3,35192832,0,268435458,0,0,0,-1,-1
52306,Quako,,32518,55564,0,-1,0,0,0,0,0,0,0,0,0,0,25838,135,464,0,3,41484352,8192,268435456,0,0,0,-1,-1
52307,Spirituelle Hilfe,,32519,62340,0,-1,0,0,0,0,0,0,0,0,0,0,26102,109,288,0,3,41484288,8192,268435456,0,0,0,-1321907123,1427461461
52309,Sandzahn,,32521,55564,0,-1,0,0,0,0,0,0,0,0,0,0,25839,135,464,0,3,41484352,8192,268435456,0,0,0,-1,-1
52310,Verderbter Wellenspringer,,32522,55564,0,-1,0,0,0,0,0,0,0,0,0,0,25843,135,464,0,3,41484352,8192,268435456,0,0,0,-1,-1
52312,Die Lichter löschen,,32524,62340,0,-1,0,0,0,0,0,0,0,0,0,0,26086,109,288,0,3,41484288,8192,268435456,0,0,0,1309324210,-1440044374
52315,Severus der Ausgestoßene,,32527,55564,0,-1,0,0,0,0,0,0,0,0,0,0,25844,135,464,0,3,41484352,8192,268435456,0,0,0,-1,-1
52316,Meerestiere sind seltsam,,32528,55564,0,-1,0,0,0,0,0,0,0,0,0,0,25847,115,464,0,3,3735808,0,268435456,0,0,0,-1,-1
52321,Treter,,32533,55564,0,-1,0,0,0,0,0,0,0,0,0,0,25854,135,464,0,3,41484352,8192,268435456,0,0,0,-1,-1
52322,Taja der Gezeitenheuler,,32534,55564,0,-1,0,0,0,0,0,0,0,0,0,0,25857,135,464,0,3,41484352,8192,268435456,0,0,0,-1,-1
52325,Das gefangene Böse,,32536,55564,0,-1,0,0,0,0,0,0,0,0,0,0,25859,115,464,0,3,3735808,0,268435456,0,0,0,-1,-1
52328,Eissichel,,32539,55564,0,-1,0,0,0,0,0,0,0,0,0,0,25860,135,464,0,3,41484352,8192,268435456,0,0,0,-1,-1
52330,Biengetüm,,32541,55564,0,-1,0,0,0,0,0,0,0,0,0,0,25864,136,464,0,3,37289984,0,268435456,0,0,0,-1,-1
52331,Arbeitsauftrag: Demitris Destillat der Täuschung,,32542,55564,0,-1,0,0,0,0,0,2478,1,0,0,0,28105,118,464,0,3,524608,0,268435458,0,0,0,-1321907123,1427461461
52332,Arbeitsauftrag: Trank der Leichtfüßigkeit,,32543,55564,0,-1,0,0,0,0,0,2478,1,0,0,0,28106,118,464,0,3,524608,0,268435458,0,0,0,-1321907123,1427461461
52333,Arbeitsauftrag: Meeresnebeltrank,,32544,55564,0,-1,0,0,0,0,0,2478,1,0,0,0,28107,118,464,0,3,524608,0,268435458,0,0,0,-1321907123,1427461461
52334,Arbeitsauftrag: Trank der Verhüllung,,32545,55564,0,-1,0,0,0,0,0,2478,1,0,0,0,28108,118,464,0,3,524608,0,268435458,0,0,0,-1321907123,1427461461
52335,Arbeitsauftrag: Demitris Destillat der Täuschung,,32546,55564,0,-1,0,0,0,0,0,2478,1,0,0,0,28165,118,464,0,3,524608,0,268435458,0,0,0,1309324210,-1440044374
52336,Arbeitsauftrag: Trank der Leichtfüßigkeit,,32547,55564,0,-1,0,0,0,0,0,2478,1,0,0,0,28164,118,464,0,3,524608,0,268435458,0,0,0,1309324210,-1440044374
52337,Arbeitsauftrag: Meeresnebeltrank,,32548,55564,0,-1,0,0,0,0,0,2478,1,0,0,0,28163,118,464,0,3,524608,0,268435458,0,0,0,1309324210,-1440044374
52338,Arbeitsauftrag: Trank der Verhüllung,,32549,55564,0,-1,0,0,0,0,0,2478,1,0,0,0,28162,118,464,0,3,524608,0,268435458,0,0,0,1309324210,-1440044374
52339,Arbeitsauftrag: Monelitgehärtete Steigbügel,,32550,55564,0,-1,0,0,0,0,0,2437,1,0,0,0,26123,116,464,0,3,524608,0,268435458,0,0,0,-1321907123,1427461461
52340,Arbeitsauftrag: Monelitgehärtete Hufplatten,,32551,55564,0,-1,0,0,0,0,0,2437,1,0,0,0,26124,116,464,0,3,524608,0,268435458,0,0,0,-1321907123,1427461461
52341,Arbeitsauftrag: Monelitgehärtete Steigbügel,,32552,55564,0,-1,0,0,0,0,0,2437,1,0,0,0,26197,116,464,0,3,524608,0,268435458,0,0,0,1309324210,-1440044374
52342,Arbeitsauftrag: Monelitgehärtete Hufplatten,,32553,55564,0,-1,0,0,0,0,0,2437,1,0,0,0,26198,116,464,0,3,524608,0,268435458,0,0,0,1309324210,-1440044374
52343,Die essen wie Orcs,,32554,62340,0,-1,0,0,0,0,0,0,0,0,0,0,26088,109,288,0,3,41484288,8192,268435456,0,0,0,1309324210,-1440044374
52344,Arbeitsauftrag: Kul Tiramisu,,32555,55564,0,-1,0,0,0,0,0,2541,1,0,0,0,28109,131,464,0,3,524608,0,268435458,0,0,0,-1,-1
52345,Arbeitsauftrag: Rabenbeerkuchen,,32556,55564,0,-1,0,0,0,0,0,2541,1,0,0,0,28110,131,464,0,3,524608,0,268435458,0,0,0,-1,-1
52346,Arbeitsauftrag: Matrosenpastete,,32557,55564,0,-1,0,0,0,0,0,2541,1,0,0,0,28111,131,464,0,3,524608,0,268435458,0,0,0,-1,-1
52347,Arbeitsauftrag: Honigglasierte Keule,,32558,55564,0,-1,0,0,0,0,0,2541,1,0,0,0,28112,131,464,0,3,524608,0,268435458,0,0,0,-1,-1
52348,Arbeitsauftrag: Mon'Dazi,,32559,55564,0,-1,0,0,0,0,0,2541,1,0,0,0,28161,131,464,0,3,524608,0,268435458,0,0,0,-1,-1
52349,Arbeitsauftrag: Loakuchen,,32560,55564,0,-1,0,0,0,0,0,2541,1,0,0,0,28160,131,464,0,3,524608,0,268435458,0,0,0,-1,-1
52350,Arbeitsauftrag: Sumpffisch mit Fritten,,32561,55564,0,-1,0,0,0,0,0,2541,1,0,0,0,28159,131,464,0,3,524608,0,268435458,0,0,0,-1,-1
52351,Arbeitsauftrag: Würziger Schnapper,,32562,55564,0,-1,0,0,0,0,0,2541,1,0,0,0,28158,131,464,0,3,524608,0,268435458,0,0,0,-1,-1
52352,Zeritarj,,32563,55564,0,-1,0,0,0,0,0,0,0,0,0,0,25765,136,464,0,3,37289984,0,268435456,0,0,0,-1,-1
52353,Arbeitsauftrag: Ring - Siegel des Tempos,,32564,55564,0,-1,0,0,0,0,0,2486,1,0,0,0,28113,123,464,0,3,524608,0,268435458,0,0,0,-1321907123,1427461461
52354,Arbeitsauftrag: Ring - Siegel der Meisterschaft,,32565,55564,0,-1,0,0,0,0,0,2486,1,0,0,0,28114,123,464,0,3,524608,0,268435458,0,0,0,-1321907123,1427461461
52355,Arbeitsauftrag: Waffe - Küstenwoge,,32566,55564,0,-1,0,0,0,0,0,2486,1,0,0,0,28115,123,464,0,3,524608,0,268435458,0,0,0,-1321907123,1427461461
52356,Arbeitsauftrag: Waffe - Strom der Elemente,,32567,55564,0,-1,0,0,0,0,0,2486,1,0,0,0,28116,123,464,0,3,524608,0,268435458,0,0,0,-1321907123,1427461461
52357,Arbeitsauftrag: Waffe - Schnelle Navigation,,32568,55564,0,-1,0,0,0,0,0,2486,1,0,0,0,28117,123,464,0,3,524608,0,268435458,0,0,0,-1321907123,1427461461
52358,Arbeitsauftrag: Ring - Siegel des Tempos,,32569,55564,0,-1,0,0,0,0,0,2486,1,0,0,0,28157,123,464,0,3,524608,0,268435458,0,0,0,1309324210,-1440044374
52359,Arbeitsauftrag: Ring - Siegel der Meisterschaft,,32570,55564,0,-1,0,0,0,0,0,2486,1,0,0,0,28156,123,464,0,3,524608,0,268435458,0,0,0,1309324210,-1440044374
52360,Arbeitsauftrag: Waffe - Küstenwoge,,32571,55564,0,-1,0,0,0,0,0,2486,1,0,0,0,28155,123,464,0,3,524608,0,268435458,0,0,0,1309324210,-1440044374
52361,Arbeitsauftrag: Waffe - Strom der Elemente,,32572,55564,0,-1,0,0,0,0,0,2486,1,0,0,0,28154,123,464,0,3,524608,0,268435458,0,0,0,1309324210,-1440044374
52362,Arbeitsauftrag: Waffe - Schnelle Navigation,,32573,55564,0,-1,0,0,0,0,0,2486,1,0,0,0,28153,123,464,0,3,524608,0,268435458,0,0,0,1309324210,-1440044374
52363,Arbeitsauftrag: Brandmunition,,32574,55564,0,-1,0,0,0,0,0,2499,1,0,0,0,28118,122,464,0,3,524608,0,268435458,0,0,0,-1321907123,1427461461
52364,Arbeitsauftrag: Thermobeschleunigter Seuchenverbreiter,,32575,55564,0,-1,0,0,0,0,0,2499,1,0,0,0,28119,122,464,0,3,524608,0,268435458,0,0,0,-1321907123,1427461461
52365,Arbeitsauftrag: B.R.U.T.Z.L.,,32576,55564,0,-1,0,0,0,0,0,2499,1,0,0,0,28120,122,464,0,3,524608,0,268435458,0,0,0,-1321907123,1427461461
52366,Arbeitsauftrag: XA-1000 Wellengleiter,,32577,55564,0,-1,0,0,0,0,0,2499,1,0,0,0,28121,122,464,0,3,524608,0,268435458,0,0,0,-1321907123,1427461461
52367,Arbeitsauftrag: Elektroschocker zur Reittiermotivierung,,32578,55564,0,-1,0,0,0,0,0,2499,1,0,0,0,28122,122,464,0,3,524608,0,268435458,0,0,0,-1321907123,1427461461
52368,Arbeitsauftrag: Zielfernrohr des Ausgucks,,32579,55564,0,-1,0,0,0,0,0,2499,1,0,0,0,28123,122,464,0,3,524608,0,268435458,0,0,0,-1321907123,1427461461
52369,Arbeitsauftrag: Brandmunition,,32580,55564,0,-1,0,0,0,0,0,2499,1,0,0,0,28152,122,464,0,3,524608,0,268435458,0,0,0,1309324210,-1440044374
52370,Arbeitsauftrag: Thermobeschleunigter Seuchenverbreiter,,32581,55564,0,-1,0,0,0,0,0,2499,1,0,0,0,28151,122,464,0,3,524608,0,268435458,0,0,0,1309324210,-1440044374
52371,Arbeitsauftrag: B.R.U.T.Z.L.,,32582,55564,0,-1,0,0,0,0,0,2499,1,0,0,0,28150,122,464,0,3,524608,0,268435458,0,0,0,1309324210,-1440044374
52372,Arbeitsauftrag: XA-1000 Wellengleiter,,32583,55564,0,-1,0,0,0,0,0,2499,1,0,0,0,28149,122,464,0,3,524608,0,268435458,0,0,0,1309324210,-1440044374
52373,Arbeitsauftrag: Elektroschocker zur Reittiermotivierung,,32584,55564,0,-1,0,0,0,0,0,2499,1,0,0,0,28148,122,464,0,3,524608,0,268435458,0,0,0,1309324210,-1440044374
52374,Arbeitsauftrag: Zielfernrohr des Ausgucks,,32585,55564,0,-1,0,0,0,0,0,2499,1,0,0,0,28147,122,464,0,3,524608,0,268435458,0,0,0,1309324210,-1440044374
52375,Benötigte Vorräte: Großmeerwels,,32586,55564,0,-1,0,0,0,0,0,0,0,0,0,0,26070,109,464,0,3,524608,0,268435458,0,0,0,-1321907123,1427461461
52376,Benötigte Vorräte: Sandschleicher,,32587,55564,0,-1,0,0,0,0,0,0,0,0,0,0,26071,109,464,0,3,524608,0,268435458,0,0,0,-1321907123,1427461461
52377,Benötigte Vorräte: Tiragardebarsch,,32588,55564,0,-1,0,0,0,0,0,0,0,0,0,0,26149,109,464,0,3,524608,0,268435458,0,0,0,-1321907123,1427461461
52378,Benötigte Vorräte: Schleimige Makrele,,32589,55564,0,-1,0,0,0,0,0,0,0,0,0,0,26125,109,464,0,3,524608,0,268435458,0,0,0,-1321907123,1427461461
52379,Benötigte Vorräte: Rotflossenschmerle,,32590,55564,0,-1,0,0,0,0,0,0,0,0,0,0,26126,109,464,0,3,524608,0,268435458,0,0,0,-1321907123,1427461461
52380,Benötigte Vorräte: Rasender Tigerfisch,,32591,55564,0,-1,0,0,0,0,0,0,0,0,0,0,26150,109,464,0,3,524608,0,268435458,0,0,0,-1321907123,1427461461
52381,Benötigte Vorräte: Spurschnapper,,32592,55564,0,-1,0,0,0,0,0,0,0,0,0,0,26189,109,464,0,3,524608,0,268435458,0,0,0,-1321907123,1427461461
52382,Benötigte Vorräte: Großmeerwels,,32593,55564,0,-1,0,0,0,0,0,0,0,0,0,0,26215,109,464,0,3,524608,0,268435458,0,0,0,1309324210,-1440044374
52383,Benötigte Vorräte: Sandschleicher,,32594,55564,0,-1,0,0,0,0,0,0,0,0,0,0,26216,109,464,0,3,524608,0,268435458,0,0,0,1309324210,-1440044374
52384,Benötigte Vorräte: Tiragardebarsch,,32595,55564,0,-1,0,0,0,0,0,0,0,0,0,0,26217,109,464,0,3,524608,0,268435458,0,0,0,1309324210,-1440044374
52385,Benötigte Vorräte: Schleimige Makrele,,32596,55564,0,-1,0,0,0,0,0,0,0,0,0,0,26218,109,464,0,3,524608,0,268435458,0,0,0,1309324210,-1440044374
52386,Benötigte Vorräte: Rotflossenschmerle,,32597,55564,0,-1,0,0,0,0,0,0,0,0,0,0,26219,109,464,0,3,524608,0,268435458,0,0,0,1309324210,-1440044374
52387,Benötigte Vorräte: Rasender Tigerfisch,,32598,55564,0,-1,0,0,0,0,0,0,0,0,0,0,26220,109,464,0,3,524608,0,268435458,0,0,0,1309324210,-1440044374
52388,Benötigte Vorräte: Spurschnapper,,32599,55564,0,-1,0,0,0,0,0,0,0,0,0,0,26221,109,464,0,3,524608,0,268435458,0,0,0,1309324210,-1440044374
52389,Arbeitsauftrag: Vertrag: Prachtmeeradmiralität,,32600,55564,0,-1,0,0,0,0,0,2507,1,0,0,0,28126,126,464,0,3,524608,0,268435458,0,0,0,-1321907123,1427461461
52390,Arbeitsauftrag: Vertrag: Der Glutorden,,32601,55564,0,-1,0,0,0,0,0,2507,1,0,0,0,28124,126,464,0,3,524608,0,268435458,0,0,0,-1321907123,1427461461
52391,Arbeitsauftrag: Vertrag: Die Sturmwacht,,32602,55564,0,-1,0,0,0,0,0,2507,1,0,0,0,28125,126,464,0,3,524608,0,268435458,0,0,0,-1321907123,1427461461
52392,Arbeitsauftrag: Ultramarinblaue Pigmente,,32603,55564,0,-1,0,0,0,0,0,2507,1,0,0,0,26162,126,464,0,3,524608,0,268435458,0,0,0,-1321907123,1427461461
52393,Arbeitsauftrag: Vertrag: Tortollanische Sucher,,32604,55564,0,-1,0,0,0,0,0,2507,1,0,0,0,28143,126,464,0,3,524608,0,268435458,0,0,0,-1,-1
52394,Arbeitsauftrag: Vertrag: Champions von Azeroth,,32605,55564,0,-1,0,0,0,0,0,2507,1,0,0,0,28127,126,464,0,3,524608,0,268435458,0,0,0,-1,-1
52395,Arbeitsauftrag: Vertrag: Zandalariimperium,,32606,55564,0,-1,0,0,0,0,0,2507,1,0,0,0,28146,126,464,0,3,524608,0,268435458,0,0,0,1309324210,-1440044374
52396,Arbeitsauftrag: Vertrag: Talanjis Expedition,,32607,55564,0,-1,0,0,0,0,0,2507,1,0,0,0,28145,126,464,0,3,524608,0,268435458,0,0,0,1309324210,-1440044374
52397,Arbeitsauftrag: Vertrag: Voldunai,,32608,55564,0,-1,0,0,0,0,0,2507,1,0,0,0,28144,126,464,0,3,524608,0,268435458,0,0,0,1309324210,-1440044374
52398,Arbeitsauftrag: Ultramarinblaue Pigmente,,32609,55564,0,-1,0,0,0,0,0,2507,1,0,0,0,26235,126,464,0,3,524608,0,268435458,0,0,0,1309324210,-1440044374
52400,Arbeitsauftrag: Kyanit,,32611,55564,0,-1,0,0,0,0,0,755,1,0,0,0,26165,125,464,0,3,524608,0,268435458,0,0,0,-1321907123,1427461461
52402,Arbeitsauftrag: Viridium,,32613,55564,0,-1,0,0,0,0,0,755,1,0,0,0,26166,125,464,0,3,524608,0,268435458,0,0,0,-1321907123,1427461461
52404,Arbeitsauftrag: Solstein,,32615,55564,0,-1,0,0,0,0,0,755,1,0,0,0,26167,125,464,0,3,524608,0,268435458,0,0,0,-1321907123,1427461461
52405,Arbeitsauftrag: Kubilin,,32616,55564,0,-1,0,0,0,0,0,755,1,0,0,0,26168,125,464,0,3,524608,0,268435458,0,0,0,-1321907123,1427461461
52406,Arbeitsauftrag: Granat,,32617,55564,0,-1,0,0,0,0,0,755,1,0,0,0,26169,125,464,0,3,524608,0,268435458,0,0,0,-1321907123,1427461461
52407,Arbeitsauftrag: Goldberyll,,32618,55564,0,-1,0,0,0,0,0,755,1,0,0,0,26170,125,464,0,3,524608,0,268435458,0,0,0,-1321907123,1427461461
52408,Arbeitsauftrag: Kyanit,,32619,55564,0,-1,0,0,0,0,0,755,1,0,0,0,26239,125,464,0,3,524608,0,268435458,0,0,0,1309324210,-1440044374
52409,Arbeitsauftrag: Viridium,,32620,55564,0,-1,0,0,0,0,0,755,1,0,0,0,26240,125,464,0,3,524608,0,268435458,0,0,0,1309324210,-1440044374
52410,Arbeitsauftrag: Solstein,,32621,55564,0,-1,0,0,0,0,0,755,1,0,0,0,26241,125,464,0,3,524608,0,268435458,0,0,0,1309324210,-1440044374
52411,Arbeitsauftrag: Kubilin,,32622,55564,0,-1,0,0,0,0,0,755,1,0,0,0,26242,125,464,0,3,524608,0,268435458,0,0,0,1309324210,-1440044374
52412,Arbeitsauftrag: Granat,,32623,55564,0,-1,0,0,0,0,0,755,1,0,0,0,26243,125,464,0,3,524608,0,268435458,0,0,0,1309324210,-1440044374
52413,Arbeitsauftrag: Goldberyll,,32624,55564,0,-1,0,0,0,0,0,755,1,0,0,0,26244,125,464,0,3,524608,0,268435458,0,0,0,1309324210,-1440044374
52414,Arbeitsauftrag: Trommeln des Mahlstroms,,32625,55564,0,-1,0,0,0,0,0,2525,1,0,0,0,26171,117,464,0,3,524608,0,268435458,0,0,0,-1321907123,1427461461
52415,Arbeitsauftrag: Rauer Lederharnisch,,32626,55564,0,-1,0,0,0,0,0,2525,1,0,0,0,26172,117,464,0,3,524608,0,268435458,0,0,0,-1321907123,1427461461
52416,Arbeitsauftrag: Schimmerschuppentauchanzug,,32627,55564,0,-1,0,0,0,0,0,2525,1,0,0,0,26173,117,464,0,3,524608,0,268435458,0,0,0,-1321907123,1427461461
52417,Arbeitsauftrag: Schimmerschuppentauchhelm,,32628,55564,0,-1,0,0,0,0,0,2525,1,0,0,0,26174,117,464,0,3,524608,0,268435458,0,0,0,-1321907123,1427461461
52418,Arbeitsauftrag: Trommeln des Mahlstroms,,32629,55564,0,-1,0,0,0,0,0,2525,1,0,0,0,26245,117,464,0,3,524608,0,268435458,0,0,0,1309324210,-1440044374
52419,Arbeitsauftrag: Rauer Lederharnisch,,32630,55564,0,-1,0,0,0,0,0,2525,1,0,0,0,26246,117,464,0,3,524608,0,268435458,0,0,0,1309324210,-1440044374
52420,Arbeitsauftrag: Schimmerschuppentauchanzug,,32631,55564,0,-1,0,0,0,0,0,2525,1,0,0,0,26247,117,464,0,3,524608,0,268435458,0,0,0,1309324210,-1440044374
52421,Arbeitsauftrag: Schimmerschuppentauchhelm,,32632,55564,0,-1,0,0,0,0,0,2525,1,0,0,0,26248,117,464,0,3,524608,0,268435458,0,0,0,1309324210,-1440044374
52422,Arbeitsauftrag: Schlachtflagge: Geist der Freiheit,,32633,55564,0,-1,0,0,0,0,0,2533,1,0,0,0,28128,121,464,0,3,524608,0,268435458,0,0,0,-1321907123,1427461461
52423,Arbeitsauftrag: Schlachtflagge: Phalanxverteidigung,,32634,55564,0,-1,0,0,0,0,0,2533,1,0,0,0,28129,121,464,0,3,524608,0,268435458,0,0,0,-1321907123,1427461461
52424,Arbeitsauftrag: Schlachtflagge: Ansporn,,32635,55564,0,-1,0,0,0,0,0,2533,1,0,0,0,28130,121,464,0,3,524608,0,268435458,0,0,0,-1321907123,1427461461
52425,Arbeitsauftrag: Schlachtflagge: Geist der Freiheit,,32636,55564,0,-1,0,0,0,0,0,2533,1,0,0,0,28142,121,464,0,3,524608,0,268435458,0,0,0,1309324210,-1440044374
52426,Arbeitsauftrag: Schlachtflagge: Phalanxverteidigung,,32637,55564,0,-1,0,0,0,0,0,2533,1,0,0,0,28141,121,464,0,3,524608,0,268435458,0,0,0,1309324210,-1440044374
52427,Arbeitsauftrag: Schlachtflagge: Ansporn,,32638,55564,0,-1,0,0,0,0,0,2533,1,0,0,0,28140,121,464,0,3,524608,0,268435458,0,0,0,1309324210,-1440044374
52430,Gar nicht so übel hier unten,,32641,55564,0,-1,0,0,0,0,0,0,0,0,0,0,25882,115,464,0,3,3735808,0,268435456,0,0,0,-1,-1
52432,Sturmbö,,32643,55564,0,-1,0,0,0,0,0,0,0,0,0,0,25888,135,464,0,3,41484352,8192,268435456,0,0,0,-1,-1
52446,Schwester Absinthia,,32656,55564,0,-1,0,0,0,0,0,0,0,0,0,0,25892,135,464,0,3,41484352,8192,268435456,0,0,0,-1,-1
52452,Herrin der Gesänge Dadalea,,32661,55564,0,-1,0,0,0,0,0,0,0,0,0,0,25900,135,464,0,3,41484352,8192,268435456,0,0,0,-1,-1
52454,Freihafen: Schreckenskapitän Vandegrimm,,32663,55564,0,-1,0,0,0,0,0,0,0,0,0,0,24907,137,464,0,3,35192832,0,268435458,0,0,0,-1,-1
52455,Unverwüstlich,,32664,55564,0,-1,0,0,0,0,0,0,0,0,0,0,25905,115,464,0,3,3735808,0,268435456,0,0,0,-1,-1
52456,Freihafen: Kriegsbewährte Galeere,,32665,55564,0,-1,0,0,0,0,0,0,0,0,0,0,24908,137,464,0,3,35192832,0,268435458,0,0,0,-1,-1
52458,Freihafen: Piratendublonen,,32667,55564,0,-1,0,0,0,0,0,0,0,0,0,0,24929,137,464,0,3,35192832,0,268435458,0,0,0,-1,-1
52459,Wirbelschwinge,,32668,55564,0,-1,0,0,0,0,0,0,0,0,0,0,25908,135,464,0,3,41484352,8192,268435456,0,0,0,-1,-1
52463,Haegol der Hammer,,32671,55564,0,-1,0,0,0,0,0,0,0,0,0,0,25926,135,464,0,3,41484352,8192,268435456,0,0,0,-1,-1
52464,Oska der Blutige,,32672,55564,0,-1,0,0,0,0,0,0,0,0,0,0,25927,135,464,0,3,41484352,8192,268435456,0,0,0,-1,-1
52471,Ein ziemlich großer Kadaver,,32678,55564,0,-1,0,0,0,0,0,0,0,0,0,0,25940,115,464,0,3,3735808,0,268435456,0,0,0,-1,-1
52474,Wilderer Jannes,,32681,55564,0,-1,0,0,0,0,0,0,0,0,0,0,25941,135,464,0,3,41484352,8192,268435456,0,0,0,-1,-1
52475,Wo die Adler jagen,,32682,65921,0,-1,0,0,0,0,0,0,0,0,0,0,26924,259,706,0,3,40435968,8192,268435456,0,0,0,-1321907123,1427461461
52476,Der Pilzkönig,,32683,55564,0,-1,0,0,0,0,0,0,0,0,0,0,25944,135,464,0,3,41484352,8192,268435456,0,0,0,-1,-1
52504,Frisch auf den Tisch,,32704,62340,0,-1,0,0,0,0,0,0,0,0,0,0,26104,109,288,0,3,41484288,8192,268435456,0,0,0,-1321907123,1427461461
52505,Die Dornen abschneiden,,32705,62340,0,-1,0,0,0,0,0,0,0,0,0,0,26085,109,288,0,3,41484288,8192,268435456,0,0,0,1309324210,-1440044374
52506,Die Stacheln abstumpfen,,32706,62340,0,-1,0,0,0,0,0,0,0,0,0,0,26101,109,288,0,3,40435712,8192,268435456,0,0,0,-1321907123,1427461461
52507,Klebrige Sauerei,,32707,55564,0,-1,0,0,0,0,0,0,0,0,0,0,26024,109,464,0,3,38338560,8192,268435456,0,0,0,-1321907123,1427461461
52747,Adherent of the Abyss,,32717,0,0,-1,0,0,0,0,0,0,0,0,0,0,0,0,188,0,3,33621000,0,0,0,0,0,-1,-1
52751,Seltsam aussehende Hunde,,32721,55564,0,-1,0,0,0,0,0,0,0,0,0,0,26017,115,464,0,3,3735808,0,268435456,0,0,0,-1,-1
52752,Wachsame Ausgucke,,32722,55564,0,-1,0,0,0,0,0,0,0,0,0,0,26018,109,464,0,3,38338560,8192,268435456,0,0,0,1309324210,-1440044374
52754,Sumpfbewohner,,32723,55564,0,-1,0,0,0,0,0,0,0,0,0,0,26019,115,464,0,3,3735808,0,268435456,0,0,0,-1,-1
52755,Jetzt wird's heiß,,32724,55564,0,-1,0,0,0,0,0,0,0,0,0,0,26020,109,464,0,3,38338560,8192,268435456,0,0,0,1309324210,-1440044374
52756,Ein wenig aufwärmen,,32726,55564,0,-1,0,0,0,0,0,0,0,0,0,0,26021,109,464,0,3,38338560,8192,268435456,0,0,0,1309324210,-1440044374
52757,Schmutzsteinverbrechen,,32727,55564,0,-1,0,0,0,0,0,0,0,0,0,0,26022,109,464,0,3,38338624,8192,268435456,0,0,0,1309324210,-1440044374
52760,Nasse Angelegenheit,,32730,55564,0,-1,0,0,0,0,0,0,0,0,0,0,26039,109,464,0,3,40435712,8192,268435456,0,0,0,1309324210,-1440044374
52761,Belagerung von Boralus: Blutgeld,,32731,55564,0,-1,0,0,0,0,0,0,0,0,0,0,26441,137,464,0,3,35192832,0,268435458,0,0,0,-1321907123,1427461461
52763,Belagerung von Boralus: Die Reihen lichten,,32733,55564,0,-1,0,0,0,0,0,0,0,0,0,0,26023,137,464,0,3,35192832,0,268435458,0,0,0,1309324210,-1440044374
52771,Belagerung von Boralus: Ketten brechen,,32741,55564,0,-1,0,0,0,0,0,0,0,0,0,0,26440,137,464,0,3,35192832,0,268435458,0,0,0,-1321907123,1427461461
52775,"Belagerung von Boralus: Was Euer ist, ist mein",,32745,55564,0,-1,0,0,0,0,0,0,0,0,0,0,26025,137,464,0,3,35192832,0,268435458,0,0,0,1309324210,-1440044374
52778,Belagerung von Boralus: Die Horde zerschmettern,,32748,55564,0,-1,0,0,0,0,0,0,0,0,0,0,26442,137,464,0,3,34144256,0,268435458,0,0,0,-1321907123,1427461461
52779,Der Krogg im Sumpf,,32749,55564,0,-1,0,0,0,0,0,0,0,0,0,0,26029,115,464,0,3,3735808,0,268435456,0,0,0,-1,-1
52780,Die Belagerung von Boralus: Die Allianz brechen,,32750,55564,0,-1,0,0,0,0,0,0,0,0,0,0,26028,137,464,0,3,34144256,0,268435458,0,0,0,1309324210,-1440044374
52785,Zerstörung von Zalamar,,31122,67455,0,-1,0,0,0,0,0,0,0,0,0,0,26030,109,464,0,3,273219584,0,268435456,0,0,0,-1321907123,1427461461
52794,Echsen und Geschäftsbücher,,32762,55564,0,-1,0,0,0,0,0,0,0,0,0,0,26041,109,464,0,3,38338560,8192,268435456,0,0,0,-1321907123,1427461461
52798,Noch ein paar Ladungen,,32766,55564,0,-1,1,0,0,0,0,0,0,52129,0,0,26048,109,464,0,3,40435712,8192,268435456,0,0,0,1309324210,-1440044374
52799,Rudelführer,,32767,55564,0,-1,0,0,0,0,0,0,0,0,0,0,26057,115,464,0,3,3735808,0,268435456,0,0,0,-1,-1
52803,Versehentliche Schrecken,,32771,55564,0,-1,0,0,0,0,0,0,0,0,0,0,26060,115,464,0,3,3735808,0,268435456,0,0,0,-1,-1
52804,Etwas regt sich in der Tiefe,,32772,55564,0,-1,0,0,0,0,0,0,0,0,0,0,26063,109,464,0,3,38338560,8192,268435456,0,0,0,1309324210,-1440044374
52805,Zum Zähne ausbeißen,,33433,55564,0,-1,0,0,0,0,0,0,0,0,0,0,26064,109,464,0,3,38338560,8192,268435456,0,0,0,1309324210,-1440044374
52832,Azeritermächtigung,,32799,55564,0,-1,0,0,0,0,0,0,0,0,0,0,26069,151,464,0,3,3735552,0,268435456,0,0,0,-1,-1
52847,Die Heulende Verdammnis,,32814,63859,0,-1,0,0,0,0,0,0,0,0,0,0,0,112,464,0,3,34144576,0,268435456,0,0,0,-1321907123,1427461461
52848,Der Brüllende Löwe,,32815,63860,0,-1,0,0,0,0,0,0,0,0,0,0,0,112,464,0,3,34144576,0,268435456,0,0,0,1309324210,-1440044374
52849,Azeritermächtigung,,32816,55564,0,-1,0,0,0,0,0,0,0,0,0,0,26078,151,464,0,3,3735552,0,268435456,0,0,0,-1,-1
52850,Keeyos Champions von Vol'dun,,32817,55564,0,-1,0,0,0,0,0,0,0,0,0,0,26094,115,464,0,3,3735808,0,268435456,0,0,0,-1,-1
52856,Schlangen auf einer Terrasse,,32823,55564,0,-1,0,0,0,0,0,0,0,0,0,0,26097,115,464,0,3,3735808,0,268435456,0,0,0,-1,-1
52858,Azeritermächtigung,,32825,55564,0,-1,0,0,0,0,0,0,0,0,0,0,26082,151,464,0,3,3735552,0,268435456,0,0,0,-1,-1
52862,Azeritermächtigung,,32829,55564,0,-1,0,0,0,0,0,0,0,0,0,0,26109,151,464,0,3,3735552,0,268435456,0,0,0,-1,-1
52864,"Was soll das heißen, bewusstseinsverändernde Pflanzen?",,32831,55564,0,-1,0,0,0,0,0,0,0,0,0,0,26120,115,464,0,3,3735808,0,268435456,0,0,0,-1,-1
52865,Blockadebrecher,,32832,55564,0,-1,0,0,0,0,0,0,0,0,0,0,26119,109,464,0,3,34144256,0,268435456,0,0,0,-1321907123,1427461461
52869,Azeritermächtigung,,32836,55564,0,-1,0,0,0,0,0,0,0,0,0,0,26117,151,464,0,3,3735552,0,268435456,0,0,0,-1,-1
52871,Azeritermächtigung,,32838,55564,0,-1,0,0,0,0,0,0,0,0,0,0,26113,151,464,0,3,3735552,0,268435456,0,0,0,-1,-1
52872,Azeritbergbau,,32839,55564,0,-1,0,0,0,0,0,0,0,0,0,0,26108,151,464,0,3,271122432,0,268435456,0,0,0,-1,-1
52873,Azeritbergbau,,32840,55564,0,-1,0,0,0,0,0,0,0,0,0,0,26112,151,464,0,3,271122432,0,268435456,0,0,0,-1,-1
52874,Azeritbergbau,,32841,55564,0,-1,0,0,0,0,0,0,0,0,0,0,26116,151,464,0,3,272171008,0,268435456,0,0,0,-1,-1
52875,Azeritbergbau,,32842,55564,0,-1,0,0,0,0,0,0,0,0,0,0,26077,151,464,0,3,271122432,0,268435456,0,0,0,-1,-1
52877,Azeritbergbau,,32844,55564,0,-1,0,0,0,0,0,0,0,0,0,0,26081,151,464,0,3,271122432,0,268435456,0,0,0,-1,-1
52878,Überlebende der Wüste,,32845,55564,0,-1,0,0,0,0,0,0,0,0,0,0,26202,115,464,0,3,3735808,0,268435456,0,0,0,-1,-1
52879,Starre Richtlinien,,32846,55564,0,-1,0,0,0,0,0,0,0,0,0,0,26226,109,464,0,3,35192832,0,268435456,0,0,0,-1321907123,1427461461
52880,Schlammschnauze von Mildenhall,,32847,55564,0,-1,0,0,0,0,0,0,0,0,0,0,26272,135,464,0,3,41484352,8192,268435456,0,0,0,-1,-1
52882,Kontrolliertes Feuer,,32846,55564,0,-1,0,0,0,0,0,0,0,0,0,0,26226,109,464,0,3,35192832,0,268435456,0,0,0,1309324210,-1440044374
52883,Durchbruch,,32849,62340,0,-1,0,0,0,0,0,0,0,0,0,162602,26284,109,288,0,3,41484288,8192,268435456,0,0,0,1309324210,-1440044374
52884,Azeritwunden,,32850,55564,0,-1,0,0,0,0,0,0,0,0,0,0,26066,151,464,0,3,7930112,8192,268435456,0,0,0,-1,-1
52885,Fee-da,,32851,62340,0,-1,0,0,0,0,0,0,0,0,0,0,26285,109,288,0,3,38338560,8192,268435456,0,0,0,-1321907123,1427461461
52889,Sandmalmer,,32854,55564,0,-1,0,0,0,0,0,0,0,0,0,0,26277,135,464,0,3,41484352,8192,268435456,0,0,0,-1,-1
52890,Irgendwie magisch,,32855,62340,0,-1,0,0,0,0,0,0,0,0,0,0,26286,109,288,0,3,38338560,8192,268435456,0,0,0,1309324210,-1440044374
52891,Wendigute Nacht,,32856,55564,0,-1,0,0,0,0,0,0,0,0,0,0,26276,109,464,0,3,34144256,8192,268435456,0,0,0,-1321907123,1427461461
52892,"Kleintiere sind Freunde, kein Fressen!",,32858,55564,0,-1,0,0,0,0,0,0,0,0,0,0,26278,115,464,0,3,3735808,0,268435456,0,0,0,-1,-1
52893,Gemeinsame Vision,,32860,62340,0,-1,0,0,0,0,0,0,0,0,0,0,26287,109,288,0,3,38338560,8192,268435456,0,0,0,-1321907123,1427461461
52894,Haltet mich nicht auf,,32861,62340,0,-1,0,0,0,0,0,0,0,0,0,0,26288,109,288,0,3,38338560,8192,268435456,0,0,0,1309324210,-1440044374
52895,Arboria,,32862,62340,0,-1,0,0,0,0,0,0,0,0,0,0,26289,109,288,0,3,38338560,8192,268435456,0,0,0,-1321907123,1427461461
52896,Unter Druck,,32863,62340,0,-1,0,0,0,0,0,0,0,0,0,0,26283,109,288,0,3,40435712,8192,268435456,0,0,0,1309324210,-1440044374
52897,Bis zum felsigen Ende,,32864,62340,0,-1,0,0,0,0,0,0,0,0,0,0,26282,109,288,0,3,4784128,8192,268435456,0,0,0,-1321907123,1427461461
52923,Die Sammlung erweitern,,32890,55564,0,-1,0,0,0,0,0,0,0,0,0,0,26291,115,464,0,3,3735808,0,268435456,0,0,0,-1,-1
52924,Ich helfe gerne met,,32891,55564,0,-1,0,0,0,0,0,0,0,0,0,0,26293,109,464,0,3,34144256,0,268435456,0,0,0,-1321907123,1427461461
52935,Eine neue Ära,,32893,55564,0,-1,0,0,0,0,0,0,0,0,0,155919,26295,109,464,0,3,38469632,0,268435456,0,0,0,-1321907123,1427461461
52936,Politik der verseuchten Erde,,32893,55564,0,-1,0,0,0,0,0,0,0,0,0,0,26295,109,464,0,3,38338560,0,268435456,0,0,0,1309324210,-1440044374
52937,Rammbock war noch nie so wütend,,32894,55564,0,-1,0,0,0,0,0,0,0,0,0,0,26297,115,464,0,3,3735808,0,268435456,0,0,0,-1,-1
52938,Klein angefangen,,32895,55564,0,-1,0,0,0,0,0,0,0,0,0,0,26299,115,464,0,3,3735808,0,268435456,0,0,0,-1,-1
52939,Munitionsbeschaffung,,32896,55564,0,-1,0,0,0,0,0,0,0,0,0,0,26300,109,464,0,3,34144256,0,268435456,0,0,0,-1321907123,1427461461
52940,Waffenhandel,,32896,55564,0,-1,0,0,0,0,0,0,0,0,0,0,26300,109,464,0,3,34144256,0,268435456,0,0,0,1309324210,-1440044374
52941,Licht im Dunkeln,,32897,68611,0,-1,0,0,0,0,0,0,0,0,0,0,26307,109,464,0,3,35323904,0,268435456,0,0,0,-1321907123,1427461461
52947,In den Hintern trettin,,32903,55564,0,-1,0,0,0,0,0,0,0,0,0,0,26375,109,464,0,3,34144256,8192,268435456,0,0,0,-1321907123,1427461461
52964,Ungezieferproblem,,32921,55564,0,-1,0,0,0,0,0,0,0,0,0,0,26327,109,464,0,3,720896,8192,268435456,0,0,0,-1321907123,1427461461
52968,Zeit für ein bisschen Blutvergießen,,32897,55564,0,-1,0,0,0,0,0,0,0,0,0,0,26307,109,464,0,3,34144256,0,268435456,0,0,0,1309324210,-1440044374
52972,Lieblingsenkel,,32927,55564,0,-1,0,0,0,0,0,0,0,0,0,0,26331,109,464,0,3,34144256,0,268435456,0,0,0,-1321907123,1427461461
52979,Reinigungsritual,,32935,68611,0,-1,0,0,0,0,0,0,0,0,0,0,26333,109,464,0,3,36372480,1,268435456,0,0,0,-1321907123,1427461461
52982,Böse Mine,,32939,55564,0,-1,0,0,0,0,0,0,0,0,0,0,26336,109,464,0,3,34144256,8192,268435456,51712,0,0,-1321907123,1427461461
52983,Ich will alles,,32940,62340,0,-1,0,0,0,0,0,0,0,0,0,0,26340,109,288,0,3,38338560,8192,268435456,0,0,0,-1321907123,1427461461
52984,Ich will alles,,32941,62340,0,-1,0,0,0,0,0,0,0,0,0,0,26339,109,288,0,3,38338560,8192,268435456,0,0,0,1309324210,-1440044374
52986,Ein tückisches Gefäß,,32935,55564,0,-1,0,0,0,0,0,0,0,0,0,0,26333,109,464,0,3,36372480,1,268435456,0,0,0,1309324210,-1440044374
52987,Alles soll brennen!,,32943,55564,0,-1,0,0,0,0,0,0,0,0,0,0,26337,109,464,0,3,34144256,8192,268435456,51712,0,0,-1321907123,1427461461
52988,Hausputz,,32944,55564,0,-1,0,0,0,0,0,0,0,0,0,0,26343,109,464,0,3,34144256,0,268435456,0,0,0,-1321907123,1427461461
53008,Die Klugheit eines Weisen,,32944,55564,0,-1,0,0,0,0,0,0,0,0,0,0,26343,109,464,0,3,34144256,0,268435456,0,0,0,1309324210,-1440044374
53009,Haltet durch,,32965,62340,0,-1,0,0,0,0,0,0,0,0,0,0,26426,109,288,0,3,38338560,8192,268435456,0,0,0,1309324210,-1440044374
53010,Kein Zurück,,32966,62340,0,-1,0,0,0,0,0,0,0,0,0,0,26425,109,288,0,3,38338560,8192,268435456,0,0,0,-1321907123,1427461461
53012,Spielzeuge wegräumen,,32968,69435,0,-1,0,0,0,0,0,0,0,0,0,0,26338,109,464,0,3,40435712,8192,268435456,51712,0,0,-1321907123,1427461461
53025,Ausdünnung,,32981,55564,0,-1,0,0,0,0,0,0,0,0,0,0,26345,109,464,0,3,34144256,0,268435456,0,0,0,-1321907123,1427461461
53027,Am Rande des Ruhms,,33449,55564,0,-1,0,0,0,0,0,0,0,0,0,0,26348,109,464,0,3,34144256,0,268435456,0,0,0,1309324210,-1440044374
53040,Sturmrauschen,,32994,55564,0,-1,0,0,0,0,0,0,0,0,0,0,26350,109,464,0,3,34144256,0,268435456,0,0,0,-1321907123,1427461461
53042,Sturmrufer,,32994,55564,0,-1,0,0,0,0,0,0,0,0,0,0,26350,109,464,0,3,34144256,0,268435456,0,0,0,1309324210,-1440044374
53076,Kernschmelze in der Gießerei,,32368,55564,0,-1,0,0,0,0,0,0,0,0,0,0,26377,109,464,0,3,34144256,512,268435456,0,0,0,1309324210,-1440044374
53078,Schätze der Gezeiten,,32380,55564,0,-1,0,0,0,0,0,0,0,0,0,0,26378,109,464,0,3,34144256,0,268435456,0,0,0,1309324210,-1440044374
53106,Schwingen lassen,,33052,63483,0,-1,0,0,0,0,0,0,0,0,0,163212,26452,109,464,0,3,37289984,0,268435456,0,0,0,-1321907123,1427461461
53107,Plünderung und Vorräte,,33053,63483,0,-1,0,0,0,0,0,0,0,0,0,0,26451,109,464,0,3,37289984,0,268435456,0,0,0,-1321907123,1427461461
53108,Bildersturm,,33054,63483,0,-1,0,0,0,0,0,0,0,0,0,157771,26453,109,464,0,3,37289984,0,268435456,0,0,0,-1321907123,1427461461
53111,Tracking Quest,,33057,0,0,-1,0,0,0,0,0,0,0,0,0,0,0,0,0,0,3,33621000,0,0,0,0,0,-1,-1
53165,Stopp dem Antiquitätendiebstahl,,33098,55564,0,-1,0,0,0,0,0,0,0,0,0,0,26397,109,464,0,3,38338560,8192,268435456,52261,0,0,-1321907123,1427461461
53188,Frostiger Freistil,,33120,55564,0,-1,0,0,0,0,0,0,0,0,0,0,26852,109,464,0,3,2686976,0,268435456,0,0,0,-1321907123,1427461461
53189,Flutsch und weg,,33121,55564,0,-1,0,0,0,0,0,0,0,0,0,0,26854,109,464,0,3,2686976,0,268435456,0,0,0,-1321907123,1427461461
53196,Schrubbt das!,,32384,55564,0,-1,0,0,0,0,0,0,0,0,0,0,26398,109,464,0,3,38338560,8192,268435456,0,0,0,1309324210,-1440044374
53200,Tracking Quest,,33131,0,0,-1,0,0,0,0,0,0,0,0,0,0,0,0,0,0,3,33621000,0,0,0,0,0,-1,-1
53201,Tracking Quest,,33132,0,0,-1,0,0,0,0,0,0,0,0,0,0,0,0,0,0,3,33621000,0,0,0,0,0,-1,-1
53202,Tracking Quest,,33133,0,0,-1,0,0,0,0,0,0,0,0,0,0,0,0,0,0,3,33621000,0,0,0,0,0,-1,-1
53203,Tracking Quest,,33134,0,0,-1,0,0,0,0,0,0,0,0,0,0,0,0,0,0,3,33621000,0,0,0,0,0,-1,-1
53204,Tracking Quest,,33135,0,0,-1,0,0,0,0,0,0,0,0,0,0,0,0,0,0,3,33621000,0,0,0,0,0,-1,-1
53214,Tracking Quest,,33141,0,0,-1,0,0,0,0,0,0,0,0,0,0,0,0,0,0,3,33621000,0,0,0,0,0,-1,-1
53215,Tracking Quest,,33142,0,0,-1,0,0,0,0,0,0,0,0,0,0,0,0,188,0,3,37815304,8192,0,0,0,0,-1,-1
53266,Blühende Meeresstängel,,33200,55564,0,-1,0,0,0,0,0,2549,1,0,0,0,26599,119,464,0,3,34144576,0,268435458,0,0,0,-1,-1
53270,Blühende Flussknospe,,33204,55564,0,-1,0,0,0,0,0,2549,1,0,0,0,26600,119,464,0,3,34144576,0,268435458,0,0,0,-1,-1
53271,Blühendes Sternmoos,,33205,55564,0,-1,0,0,0,0,0,2549,1,0,0,0,26601,119,464,0,3,590144,0,268435458,0,0,0,-1,-1
53272,Blühender Sirenendorn,,33206,55564,0,-1,0,0,0,0,0,2549,1,0,0,0,26602,119,464,0,3,590144,0,268435458,0,0,0,-1,-1
53273,Winterkussbüschel,,33207,67266,0,-1,0,0,0,0,0,2549,1,0,0,0,26603,119,464,0,3,590144,0,268435458,0,0,0,-1,-1
53274,Wucherndes Ankerkraut,,33208,55564,0,-1,0,0,0,0,0,2549,1,0,0,0,26604,119,464,0,3,34144576,0,268435458,0,0,0,-1,-1
53277,Blühende Meeresstängel,,33212,55564,0,-1,0,0,0,0,0,2549,1,0,0,0,26605,119,464,0,3,34144576,0,268435458,0,0,0,-1,-1
53278,Blühende Flussknospe,,33213,55564,0,-1,0,0,0,0,0,2549,1,0,0,0,26606,119,464,0,3,34144576,0,268435458,0,0,0,-1,-1
53279,Blühendes Sternmoos,,33214,55564,0,-1,0,0,0,0,0,2549,1,0,0,0,26607,119,464,0,3,590144,0,268435458,0,0,0,-1,-1
53280,Blühender Sirenendorn,,33215,55564,0,-1,0,0,0,0,0,2549,1,0,0,0,26608,119,464,0,3,590144,0,268435458,0,0,0,-1,-1
53281,Winterkussbüschel,,33216,55564,0,-1,0,0,0,0,0,2549,1,0,0,0,26609,119,464,0,3,590144,0,268435458,0,0,0,-1,-1
53282,Wucherndes Ankerkraut,,33217,55564,0,-1,0,0,0,0,0,2549,1,0,0,0,26610,119,464,0,3,590144,0,268435458,0,0,0,-1,-1
53283,Blühende Meeresstängel,,33218,55564,0,-1,0,0,0,0,0,2549,1,0,0,0,26611,119,464,0,3,34144576,0,268435458,0,0,0,-1,-1
53284,Blühende Flussknospe,,33219,55564,0,-1,0,0,0,0,0,2549,1,0,0,0,26612,119,464,0,3,34144576,0,268435458,0,0,0,-1,-1
53285,Blühendes Sternmoos,,33220,55564,0,-1,0,0,0,0,0,2549,1,0,0,0,26613,119,464,0,3,590144,0,268435458,0,0,0,-1,-1
53286,Blühender Sirenendorn,,33221,55564,0,-1,0,0,0,0,0,2549,1,0,0,0,26614,119,464,0,3,590144,0,268435458,0,0,0,-1,-1
53287,Winterkussbüschel,,33222,55564,0,-1,0,0,0,0,0,2549,1,0,0,0,26615,119,464,0,3,590144,0,268435458,0,0,0,-1,-1
53288,Wucherndes Ankerkraut,,33223,55564,0,-1,0,0,0,0,0,2549,1,0,0,0,26616,119,464,0,3,590144,0,268435458,0,0,0,-1,-1
53289,Blühende Meeresstängel,,33224,67269,0,-1,0,0,0,0,0,2549,1,0,0,0,26582,119,464,0,3,34144576,0,268435458,0,0,0,-1,-1
53290,Blühende Flussknospe,,33225,55564,0,-1,0,0,0,0,0,2549,1,0,0,0,26584,119,464,0,3,34144576,0,268435458,0,0,0,-1,-1
53291,Blühendes Sternmoos,,33226,55564,0,-1,0,0,0,0,0,2549,1,0,0,0,26585,119,464,0,3,590144,0,268435458,0,0,0,-1,-1
53292,Blühender Sirenendorn,,33227,55564,0,-1,0,0,0,0,0,2549,1,0,0,0,26586,119,464,0,3,590144,0,268435458,0,0,0,-1,-1
53293,Wucherndes Ankerkraut,,33228,55564,0,-1,0,0,0,0,0,2549,1,0,0,0,26587,119,464,0,3,590144,0,268435458,0,0,0,-1,-1
53294,Büschel von Akundas Biss,,33229,55564,0,-1,0,0,0,0,0,2549,1,0,0,0,26592,119,464,0,3,590144,0,268435458,0,0,0,-1,-1
53296,Blühende Meeresstängel,,33231,55564,0,-1,0,0,0,0,0,2549,1,0,0,0,26588,119,464,0,3,34144576,0,268435458,0,0,0,-1,-1
53297,Blühende Flussknospe,,33232,55564,0,-1,0,0,0,0,0,2549,1,0,0,0,26589,119,464,0,3,34144576,0,268435458,0,0,0,-1,-1
53298,Blühendes Sternmoos,,33233,55564,0,-1,0,0,0,0,0,2549,1,0,0,0,26590,119,464,0,3,590144,0,268435458,0,0,0,-1,-1
53299,Blühender Sirenendorn,,33234,55564,0,-1,0,0,0,0,0,2549,1,0,0,0,26591,119,464,0,3,590144,0,268435458,0,0,0,-1,-1
53300,Wucherndes Ankerkraut,,33235,55564,0,-1,0,0,0,0,0,2549,1,0,0,0,26593,119,464,0,3,590144,0,268435458,0,0,0,-1,-1
53301,Blühende Meeresstängel,,33236,55564,0,-1,0,0,0,0,0,2549,1,0,0,0,26594,119,464,0,3,34144576,0,268435458,0,0,0,-1,-1
53302,Blühende Flussknospe,,33237,55564,0,-1,0,0,0,0,0,2549,1,0,0,0,26595,119,464,0,3,34144576,0,268435458,0,0,0,-1,-1
53303,Blühendes Sternmoos,,33238,55564,0,-1,0,0,0,0,0,2549,1,0,0,0,26596,119,464,0,3,590144,0,268435458,0,0,0,-1,-1
53304,Blühender Sirenendorn,,33239,55564,0,-1,0,0,0,0,0,2549,1,0,0,0,26597,119,464,0,3,590144,0,268435458,0,0,0,-1,-1
53305,Wucherndes Ankerkraut,,33240,55564,0,-1,0,0,0,0,0,2549,1,0,0,0,26598,119,464,0,3,590144,0,268435458,0,0,0,-1,-1
53308,Glitzernder Monelit,,33244,55564,0,-1,0,0,0,0,0,2565,1,0,0,0,26617,120,464,0,3,34144576,0,268435458,0,0,0,-1,-1
53311,Glänzendes Sturmsilber,,33247,55564,0,-1,0,0,0,0,0,2565,1,0,0,0,26618,120,464,0,3,34144576,0,268435458,0,0,0,-1,-1
53312,Schimmerndes Platin,,33248,55564,0,-1,0,0,0,0,0,2565,1,0,0,0,26619,120,464,0,3,34144576,0,268435458,0,0,0,-1,-1
53313,Rauer Monelit,,33249,55564,0,-1,0,0,0,0,0,2565,1,0,0,0,26620,120,464,0,3,34144576,0,268435458,0,0,0,-1,-1
53314,Grobes Sturmsilber,,33250,55564,0,-1,0,0,0,0,0,2565,1,0,0,0,26621,120,464,0,3,34144576,0,268435458,0,0,0,-1,-1
53315,Glattes Platin,,33251,55564,0,-1,0,0,0,0,0,2565,1,0,0,0,26622,120,464,0,3,34144576,0,268435458,0,0,0,-1,-1
53316,Gehärteter Monelit,,33252,55564,0,-1,0,0,0,0,0,2565,1,0,0,0,26623,120,464,0,3,34144576,0,268435458,0,0,0,-1,-1
53317,Verdichtetes Sturmsilber,,33253,55564,0,-1,0,0,0,0,0,2565,1,0,0,0,26624,120,464,0,3,34144576,0,268435458,0,0,0,-1,-1
53318,Plastisches Platin,,33254,55564,0,-1,0,0,0,0,0,2565,1,0,0,0,26625,120,464,0,3,34144576,0,268435458,0,0,0,-1,-1
53319,Unser heiliger Wald,,33255,62340,0,-1,0,0,0,0,0,0,0,0,0,0,26423,109,288,0,3,38338560,8192,268435456,0,0,0,-1321907123,1427461461
53320,"Wir nehmen uns, was uns gehört",,33256,62340,0,-1,0,0,0,0,0,0,0,0,0,0,26424,109,288,0,3,38338560,8192,268435456,0,0,0,1309324210,-1440044374
53321,Glitzernder Monelit,,33257,55564,0,-1,0,0,0,0,0,2565,1,0,0,0,26634,120,464,0,3,34144576,0,268435458,0,0,0,-1,-1
53322,Glänzendes Sturmsilber,,33258,55564,0,-1,0,0,0,0,0,2565,1,0,0,0,26633,120,464,0,3,34144576,0,268435458,0,0,0,-1,-1
53323,Schimmerndes Platin,,33259,55564,0,-1,0,0,0,0,0,2565,1,0,0,0,26632,120,464,0,3,34144576,0,268435458,0,0,0,-1,-1
53324,Rauer Monelit,,33260,55564,0,-1,0,0,0,0,0,2565,1,0,0,0,26631,120,464,0,3,34144576,0,268435458,0,0,0,-1,-1
53325,Grobes Sturmsilber,,33261,55564,0,-1,0,0,0,0,0,2565,1,0,0,0,26630,120,464,0,3,34144576,0,268435458,0,0,0,-1,-1
53326,Glattes Platin,,33262,55564,0,-1,0,0,0,0,0,2565,1,0,0,0,26629,120,464,0,3,34144576,0,268435458,0,0,0,-1,-1
53327,Gehärteter Monelit,,33263,55564,0,-1,0,0,0,0,0,2565,1,0,0,0,26628,120,464,0,3,34144576,0,268435458,0,0,0,-1,-1
53328,Verdichtetes Sturmsilber,,33264,55564,0,-1,0,0,0,0,0,2565,1,0,0,0,26627,120,464,0,3,34144576,0,268435458,0,0,0,-1,-1
53329,Plastisches Platin,,33265,55564,0,-1,0,0,0,0,0,2565,1,0,0,0,26626,120,464,0,3,34144576,0,268435458,0,0,0,-1,-1
53331,Meisterleistung,,33267,55564,0,-1,0,0,0,0,0,0,0,0,0,0,26439,109,464,0,3,39387136,0,268435456,0,0,0,-1321907123,1427461461
53343,Schwingen lassen,,33052,63483,0,-1,0,0,0,0,0,0,0,0,0,163212,26452,109,464,0,3,37289984,0,268435456,0,0,0,1309324210,-1440044374
53344,Bildersturm,,33054,63483,0,-1,0,0,0,0,0,0,0,0,0,157771,26453,109,464,0,3,37289984,0,268435456,0,0,0,1309324210,-1440044374
53345,Plünderung und Vorräte,,33053,63483,0,-1,0,0,0,0,0,0,0,0,0,0,26451,109,464,0,3,37289984,0,268435456,0,0,0,1309324210,-1440044374
53346,Troggtrampeln,,33274,55564,0,-1,0,0,0,0,0,0,0,0,0,0,26514,109,464,0,3,36241408,0,268435456,0,0,0,-1321907123,1427461461
53435,Azerit für die Horde,,33337,64610,0,-1,0,0,0,0,0,0,0,0,0,0,0,261,289,0,2,101220608,67108864,268435490,0,0,0,1309324210,-1440044374
53436,Azerit für die Allianz,,33337,64610,0,-1,0,0,0,0,0,0,0,0,0,0,0,261,289,0,2,101220608,67108864,268435490,0,0,0,-1321907123,1427461461
53497,Freikommen,,33383,63694,0,-1,0,0,0,0,0,0,0,0,0,0,26656,109,288,0,3,34144256,0,268435456,0,0,0,-1321907123,1427461461
53498,Durchhaltevermögen,,33384,63694,0,-1,0,0,0,0,0,0,0,0,0,0,26655,109,288,0,3,34144256,0,268435456,0,0,0,1309324210,-1440044374
53520,Sprengen!,,33404,62340,0,-1,0,0,0,0,0,0,0,0,0,0,26694,109,288,0,3,34144256,0,268435456,0,0,0,-1321907123,1427461461
53549,Kopfgeldtasche,,33430,0,0,-1,0,0,0,0,0,0,0,0,0,0,0,41,464,0,3,101253184,0,268435456,0,0,0,-1,-1
53552,Wilde Sause,,33453,62340,0,-1,0,0,0,0,0,0,0,0,0,0,26727,109,288,0,3,34144256,0,268435456,0,0,0,1309324210,-1440044374
53564,Tracking Quest,,33457,0,0,-1,0,0,0,0,0,0,0,0,0,0,0,0,0,0,3,33621000,0,0,0,0,0,-1,-1
53584,Tracking Quest,,33479,0,0,-1,0,0,0,0,0,0,0,0,0,0,0,0,0,0,3,33621000,0,0,0,0,0,-1,-1
53585,Tracking Quest,,33480,0,0,-1,0,0,0,0,0,0,0,0,0,0,0,0,0,0,3,33621000,0,0,0,0,0,-1,-1
53586,Tracking Quest,,33481,0,0,-1,0,0,0,0,0,0,0,0,0,0,0,0,0,0,3,33621000,0,0,0,0,0,-1,-1
53587,Tracking Quest,,33482,0,0,-1,0,0,0,0,0,0,0,0,0,0,0,0,0,0,3,33621000,0,0,0,0,0,-1,-1
53588,Tracking Quest,,33483,0,0,-1,0,0,0,0,0,0,0,0,0,0,0,0,0,0,3,33621000,0,0,0,0,0,-1,-1
53589,Tracking Quest,,33484,0,0,-1,0,0,0,0,0,0,0,0,0,0,0,0,0,0,3,33621000,0,0,0,0,0,-1,-1
53590,Tracking Quest,,33485,0,0,-1,0,0,0,0,0,0,0,0,0,0,0,0,0,0,3,33621000,0,0,0,0,0,-1,-1
53591,Tracking Quest,,33486,0,0,-1,0,0,0,0,0,0,0,0,0,0,0,0,0,0,3,33621000,0,0,0,0,0,-1,-1
53592,Tracking Quest,,33487,0,0,-1,0,0,0,0,0,0,0,0,0,0,0,0,0,0,3,33621000,0,0,0,0,0,-1,-1
53593,Tracking Quest,,33488,0,0,-1,0,0,0,0,0,0,0,0,0,0,0,0,0,0,3,33621000,0,0,0,0,0,-1,-1
53594,Tracking Quest,,33489,0,0,-1,0,0,0,0,0,0,0,0,0,0,0,0,0,0,3,33621000,0,0,0,0,0,-1,-1
53595,Tracking Quest,,33490,0,0,-1,0,0,0,0,0,0,0,0,0,0,0,0,0,0,3,33621000,0,0,0,0,0,-1,-1
53596,Tracking Quest,,33491,0,0,-1,0,0,0,0,0,0,0,0,0,0,0,0,0,0,3,33621000,0,0,0,0,0,-1,-1
53597,Tracking Quest,,33492,0,0,-1,0,0,0,0,0,0,0,0,0,0,0,0,0,0,3,33621000,0,0,0,0,0,-1,-1
53598,Tracking Quest,,33493,0,0,-1,0,0,0,0,0,0,0,0,0,0,0,0,0,0,3,33621000,0,0,0,0,0,-1,-1
53599,Tracking Quest,,33494,0,0,-1,0,0,0,0,0,0,0,0,0,0,0,0,0,0,3,33621000,0,0,0,0,0,-1,-1
53600,Tracking Quest,,33495,0,0,-1,0,0,0,0,0,0,0,0,0,0,0,0,0,0,3,33621000,0,0,0,0,0,-1,-1
53601,Tracking Quest,,33496,0,0,-1,0,0,0,0,0,0,0,0,0,0,0,0,0,0,3,33621000,0,0,0,0,0,-1,-1
53699,Torknacker,,33607,65921,0,-1,0,0,0,0,0,0,0,0,0,0,26925,259,706,0,3,40435968,8192,268435456,0,0,0,-1321907123,1427461461
53704,Nicht allzu nüchterne Bürgerwehr,,33598,65921,0,-1,0,0,0,0,0,0,0,0,0,0,27049,259,706,0,3,40435968,8192,268435456,0,0,0,-1321907123,1427461461
53706,Bergt die Vorräte,,33599,65921,0,-1,0,0,0,0,0,0,0,0,0,0,27080,259,706,0,3,36241664,0,268435456,0,0,0,-1321907123,1427461461
53707,Räuchert die Vorräte,,33600,65921,0,-1,0,0,0,0,0,0,0,0,0,0,27080,259,706,0,3,36241664,0,268435456,0,0,0,1309324210,-1440044374
53712,Unfreundlicher Himmel,,33602,65921,0,-1,0,0,0,0,0,0,0,0,0,0,26964,259,706,0,3,40435968,8192,268435456,0,0,0,-1321907123,1427461461
53713,Nasse Sache: Bronhavn,,33604,65921,0,-1,0,0,0,0,0,0,0,0,0,0,26965,259,706,0,3,37290240,0,268435456,0,0,0,1309324210,-1440044374
53714,Apotheker Jerrod,,33605,67187,0,-1,0,0,0,0,0,0,0,0,0,0,26962,260,706,0,3,36241728,0,268435456,0,0,0,-1321907123,1427461461
53715,Feuerwächter Viton Nachtfackel,,33606,65921,0,-1,0,0,0,0,0,0,0,0,0,0,26966,260,706,0,3,36241728,0,268435456,0,0,0,-1321907123,1427461461
53716,Ernstfall im Osten,,33608,67264,0,-1,0,0,0,0,0,0,0,0,0,0,27148,259,706,0,3,36241664,0,268435456,0,0,0,1309324210,-1440044374
53717,Das Hochland halten,,33609,65921,0,-1,0,0,0,0,0,0,0,0,0,0,27078,259,706,0,3,36241664,0,268435456,0,0,0,-1321907123,1427461461
53724,Schattenjägerin Mutumba,,33616,65921,0,-1,0,0,0,0,0,0,0,0,0,0,26989,260,706,0,3,36241728,0,268435456,0,0,0,-1321907123,1427461461
53726,Mechmachenschaften,,33618,65921,0,-1,0,0,0,0,0,0,0,0,0,0,27002,259,706,0,3,40435968,8192,268435456,0,0,0,-1321907123,1427461461
53752,Bomb-astisch,,33639,65921,0,-1,0,0,0,0,0,0,0,0,0,0,27081,259,706,0,3,36241664,0,268435456,0,0,0,1309324210,-1440044374
53753,Bomb-astisch,,33640,65921,0,-1,0,0,0,0,0,0,0,0,0,0,27081,259,706,0,3,36241664,0,268435456,0,0,0,-1321907123,1427461461
53755,Ein Fass aufmachen,,33642,65921,0,-1,0,0,0,0,0,0,0,0,0,0,27017,259,706,0,3,36241664,0,268435456,0,0,0,-1321907123,1427461461
53759,Gebt acht da unten!,,33646,65921,0,-1,0,0,0,0,0,0,0,0,0,0,26924,259,706,0,3,40435968,8192,268435456,0,0,0,1309324210,-1440044374
53768,Aufruhr pur,,33654,65921,0,-1,0,0,0,0,0,0,0,0,0,0,27079,259,706,0,3,36241664,0,268435456,0,0,0,-1321907123,1427461461
53769,Aufruhr pur,,33655,65921,0,-1,0,0,0,0,0,0,0,0,0,0,27079,259,706,0,3,36241664,0,268435456,0,0,0,1309324210,-1440044374
53770,TBD - OLD PORTAL QUEST (NOT USED),,33656,65921,0,-1,0,0,0,0,0,0,0,0,0,0,3785,113,706,0,3,39387392,8192,268435456,0,0,0,-1321907123,1427461461
53771,Gurin Steinbinder,,33657,65921,0,-1,0,0,0,0,0,0,0,0,0,0,27015,260,706,0,3,36241728,0,268435456,0,0,0,-1321907123,1427461461
53772,Zagg Blindauge,,33658,65921,0,-1,0,0,0,0,0,0,0,0,0,0,27075,260,706,0,3,36241728,0,268435456,0,0,0,-1321907123,1427461461
53773,Nagaangriff!,,33659,66421,0,-1,0,0,0,0,0,0,0,0,0,0,27077,111,706,0,3,41484544,8192,268435456,0,0,0,-1,-1
53784,Belagerungsingenieur Krachbumm,,33670,65921,0,-1,0,0,0,0,0,0,0,0,0,0,27076,260,706,0,3,36241728,0,268435456,0,0,0,-1321907123,1427461461
53803,Fist of Orgrimmar - TBD OLD PORTAL QUEST,,33687,65921,0,-1,0,0,0,0,0,0,0,0,0,0,3785,113,706,0,3,39387392,8192,268435456,0,0,0,-1321907123,1427461461
53804,Dinomant Zakuru,,33688,65921,0,-1,0,0,0,0,0,0,0,0,0,0,27089,260,706,0,3,36241728,0,268435456,0,0,0,-1321907123,1427461461
53808,Kriechend zum Sieg,,33692,65921,0,-1,0,0,0,0,0,0,0,0,0,0,27002,259,706,0,3,40435968,8192,268435456,0,0,0,1309324210,-1440044374
53812,Eine sorgfältig vorbereitete Falle,,33696,65921,0,-1,0,0,0,0,0,0,0,0,0,0,27092,260,706,0,3,36241728,0,268435456,0,0,0,-1321907123,1427461461
53814,Rottenmeisterin Stahlzahn,,33698,65921,0,-1,0,0,0,0,0,0,0,0,0,0,27098,260,706,0,3,36241728,0,268435456,0,0,0,-1321907123,1427461461
53832,Gegensabotage,,33715,67264,0,-1,0,0,0,0,0,0,0,0,0,0,27014,259,706,0,3,40435968,8192,268435456,0,0,0,1309324210,-1440044374
53857,Käpt'n Gorok,,33739,65921,0,-1,0,0,0,0,0,0,0,0,0,0,27110,260,706,0,3,36241728,0,268435456,0,0,0,-1321907123,1427461461
53860,Azerite Transport (NOT USED),,33742,0,0,-1,0,0,0,0,0,0,0,0,0,0,3785,113,706,0,3,36241664,0,268435456,0,0,0,1309324210,-1440044374
53867,Ingenieur Bolzenhalt,,33749,65921,0,-1,0,0,0,0,0,0,0,0,0,0,27131,260,706,0,3,36241728,0,268435456,0,0,0,-1321907123,1427461461
53874,Ihre Wacht beenden,,33755,66632,0,-1,0,0,0,0,0,0,0,0,0,0,27439,109,464,0,3,34144256,0,268435456,0,0,0,1309324210,-1440044374
53875,Nebelfockfreibeuter für einen Tag,,33756,65921,0,-1,0,0,0,0,0,0,0,0,0,0,27145,259,706,0,3,40435968,8192,268435456,0,0,0,1309324210,-1440044374
53877,Begegnung im Osten,,33757,65921,0,-1,0,0,0,0,0,0,0,0,0,0,27148,259,706,0,3,36241664,0,268435456,0,0,0,-1321907123,1427461461
53878,Notfallbefreiung,,33758,65921,0,-1,0,0,0,0,0,0,0,0,0,0,27078,259,706,0,3,36241664,0,268435456,0,0,0,1309324210,-1440044374
53886,Besichtigung auf eigene Faust,,33766,67268,0,-1,0,0,0,0,0,0,0,0,0,0,27152,259,706,0,3,40435968,8192,268435456,0,0,0,1309324210,-1440044374
53945,Nagaangriff!,,33836,66420,0,-1,0,0,0,0,0,0,0,0,0,0,27166,111,706,0,3,41484544,8192,268435456,0,0,0,-1,-1
53950,Explosive Entlastung,,33826,67264,0,-1,0,0,0,0,0,0,0,0,0,0,27178,259,706,0,3,36241664,0,268435456,0,0,0,1309324210,-1440044374
53951,Explosive Entlastung,,33827,65921,0,-1,0,0,0,0,0,0,0,0,0,0,27178,259,706,0,3,36241664,0,268435456,0,0,0,-1321907123,1427461461
53963,Nagaangriff!,,33837,66349,0,-1,0,0,0,0,0,0,0,0,0,0,27181,111,706,0,3,41484544,8192,268435456,0,0,0,-1,-1
53979,Nagaangriff!,,33853,66339,0,-1,0,0,0,0,0,0,0,0,0,0,27209,111,706,0,3,41484544,8192,268435456,0,0,0,-1,-1
53983,Nasse Sache: Fortneid,,33855,65921,0,-1,0,0,0,0,0,0,0,0,0,0,27210,259,706,0,3,36241664,0,268435456,0,0,0,1309324210,-1440044374
53994,Nagaangriff!,,33866,66419,0,-1,0,0,0,0,0,0,0,0,0,0,27238,111,706,0,3,41484544,8192,268435456,0,0,0,-1,-1
54011,Nasse Sache: Aroms Wehr,,33882,67265,0,-1,0,0,0,0,0,0,0,0,0,0,27253,259,706,0,3,37290240,0,268435456,0,0,0,1309324210,-1440044374
54014,Nasse Sache: Blutgetränkter Sand,,33885,65921,0,-1,0,0,0,0,0,0,0,0,0,0,27262,259,706,0,3,36241664,0,268435456,0,0,0,-1321907123,1427461461
54016,Azerittransport,,33887,65921,0,-1,0,0,0,0,0,0,0,0,0,0,27260,260,706,0,3,36241728,0,268435456,0,0,0,1309324210,-1440044374
54017,Nasse Sache: Der Kriegsbestienkral,,33888,65921,0,-1,0,0,0,0,0,0,0,0,0,0,27259,259,706,0,3,37290240,0,268435456,0,0,0,-1321907123,1427461461
54020,Nasse Sache: Der Trübwasserübergang,,33891,65921,0,-1,0,0,0,0,0,0,0,0,0,0,27256,259,706,0,3,36241664,0,268435456,0,0,0,-1321907123,1427461461
54051,Nagaangriff!,,33939,66341,0,-1,0,0,0,0,0,0,0,0,0,0,27306,111,706,0,3,41484544,8192,268435456,0,0,0,-1,-1
54060,Nagaangriff!,,33944,66342,0,-1,0,0,0,0,0,0,0,0,0,0,27333,111,706,0,3,41484544,8192,268435456,0,0,0,-1,-1
54089,Omgar Unheilsbogen,,33973,65921,0,-1,0,0,0,0,0,0,0,0,0,0,27365,260,706,0,3,36241728,0,268435456,0,0,0,-1321907123,1427461461
54091,Jörn Starkarm,,33975,71588,0,-1,0,0,0,0,0,0,0,0,0,0,27366,260,706,0,3,36241728,0,268435456,0,0,0,1309324210,-1440044374
54112,Nebelwirkerin Nian,,33994,67264,0,-1,0,0,0,0,0,0,0,0,0,0,27375,260,706,0,3,36241728,0,268435456,0,0,0,1309324210,-1440044374
54119,Hartford Strengbach,,33996,67264,0,-1,0,0,0,0,0,0,0,0,0,0,27385,260,706,0,3,36241728,0,268435456,0,0,0,1309324210,-1440044374
54127,Raketensprung,,34005,68084,0,-1,0,0,0,0,0,0,0,0,0,0,27421,259,706,0,3,41484608,8192,268435456,0,0,0,-1321907123,1427461461
54129,Erster Maat Malle,,34007,65921,0,-1,0,0,0,0,0,0,0,0,0,0,27398,260,706,0,3,36241728,0,268435456,0,0,0,-1321907123,1427461461
54143,Vogelperspektive,,34022,67187,0,-1,0,0,0,0,0,0,0,0,0,0,27409,259,706,0,3,40435968,8192,268435456,0,0,0,-1321907123,1427461461
54154,Die Hügel der lugenden Augen,,34027,65921,0,-1,0,0,0,0,0,0,0,0,0,0,27151,259,706,0,3,40435968,8192,268435456,0,0,0,1309324210,-1440044374
54162,Harte Landung,,34032,65921,0,-1,0,0,0,0,0,0,0,0,0,0,27150,259,706,0,3,40435968,8192,268435456,0,0,0,1309324210,-1440044374
54166,Segel setzen,,34036,21439,0,-1,0,0,0,0,0,0,0,0,0,0,0,109,289,0,3,34177280,0,268435458,0,0,0,1309324210,-1440044374
54167,Segel setzen,,34036,21439,0,-1,0,0,0,0,0,0,0,0,0,0,0,109,289,0,3,34177280,0,268435458,0,0,0,-1321907123,1427461461
54170,Ormin Raketenklaps,,34039,65921,0,-1,0,0,0,0,0,0,0,0,0,0,27419,260,706,0,3,36241728,0,268435456,0,0,0,1309324210,-1440044374
54182,Die Bilgewässer Prügelbrüder,,34047,65921,0,-1,0,0,0,0,0,0,0,0,0,0,27427,260,706,0,3,36241728,0,268435456,0,0,0,-1321907123,1427461461
54187,Tee für zwei,,34052,55564,0,-1,0,0,0,0,0,0,0,0,0,0,27433,109,464,0,3,34144256,0,268435456,0,0,0,-1321907123,1427461461
54188,Botstörung,,34053,65921,0,-1,0,0,0,0,0,0,0,0,0,0,27429,259,706,0,3,40435968,8192,268435456,0,0,0,-1321907123,1427461461
54189,Wüstenkriecherei,,34054,65921,0,-1,0,0,0,0,0,0,0,0,0,0,27429,259,706,0,3,40435968,8192,268435456,0,0,0,1309324210,-1440044374
54190,Tee für zwei,,34055,55564,0,-1,0,0,0,0,0,0,0,0,0,0,27433,109,464,0,3,34144256,0,268435456,0,0,0,1309324210,-1440044374
54236,Nagaangriff!,,34101,66416,0,-1,0,0,0,0,0,0,0,0,0,0,27456,111,706,0,3,41484544,8192,268435456,0,0,0,-1,-1
54237,Togoth Grobfaust,,34102,65921,0,-1,0,0,0,0,0,0,0,0,0,0,27446,260,706,0,3,36241728,0,268435456,0,0,0,-1321907123,1427461461
54243,Auslöschung à la Goblin,,34107,66497,0,-1,0,0,0,0,0,0,0,0,0,0,27449,109,464,0,3,41615360,8192,268435456,0,0,0,-1321907123,1427461461
54245,Azeritauseinandersetzung,,34109,65921,0,-1,0,0,0,0,0,0,0,0,0,0,27457,259,706,0,3,36241664,0,268435456,0,0,0,-1321907123,1427461461
54246,Azeritauseinandersetzung,,34110,65921,0,-1,0,0,0,0,0,0,0,0,0,0,27457,259,706,0,3,36241664,0,268435456,0,0,0,1309324210,-1440044374
54251,Der Botschafter,,34115,67264,0,-1,0,0,0,0,0,0,0,0,0,0,27464,260,706,0,3,36241728,0,268435456,0,0,0,1309324210,-1440044374
54253,Bomben los,,34117,65921,0,-1,0,0,0,0,0,0,0,0,0,0,27466,259,706,0,3,36241664,0,268435456,0,0,0,1309324210,-1440044374
54254,Bomben los,,34118,65921,0,-1,0,0,0,0,0,0,0,0,0,0,27466,259,706,0,3,36241664,0,268435456,0,0,0,-1321907123,1427461461
54257,Kapitänin Grünsegel,,34121,67264,0,-1,0,0,0,0,0,0,0,0,0,0,27468,260,706,0,3,36241728,0,268435456,0,0,0,1309324210,-1440044374
54266,Mörsermeister Zappfritz,,34130,65921,0,-1,0,0,0,0,0,0,0,0,0,0,27475,260,706,0,3,36241728,0,268435456,0,0,0,-1321907123,1427461461
54267,Nagaangriff!,,34131,66418,0,-1,0,0,0,0,0,0,0,0,0,0,27480,111,706,0,3,41484544,8192,268435456,0,0,0,-1,-1
54268,Impulsivantrieb,,34132,66160,0,-1,0,0,0,0,0,0,0,0,0,0,27481,259,706,0,3,40435968,8192,268435456,0,0,0,1309324210,-1440044374
54272,Kampfbots,,34136,65921,0,-1,0,0,0,0,0,0,0,0,0,0,27485,259,706,0,3,36241664,0,268435456,0,0,0,-1321907123,1427461461
54273,Kampfbots,,34137,65921,0,-1,0,0,0,0,0,0,0,0,0,0,27485,259,706,0,3,36241664,0,268435456,0,0,0,1309324210,-1440044374
54281,Ballistenbombardierung,,34145,65921,0,-1,0,0,0,0,0,0,0,0,0,0,27495,259,706,0,3,40435968,8192,268435456,0,0,0,-1321907123,1427461461
54287,Nagaangriff!,,34151,66417,0,-1,0,0,0,0,0,0,0,0,0,0,27496,111,706,0,3,41484544,8192,268435456,0,0,0,-1,-1
54295,Artilleriemeister Siegesfroh,,34159,67264,0,-1,0,0,0,0,0,0,0,0,0,0,27497,260,706,0,3,36241728,0,268435456,0,0,0,1309324210,-1440044374
54298,Freier Fall,,34162,65921,0,-1,0,0,0,0,0,0,0,0,0,0,27150,259,706,0,3,40435968,8192,268435456,0,0,0,-1321907123,1427461461
54308,Tiefschürfende Angelegenheiten,,34172,65921,0,-1,0,0,0,0,0,0,0,0,0,0,27500,259,706,0,3,36241664,0,268435456,51696,0,0,1309324210,-1440044374
54313,Tracking Quest,,34176,0,0,-1,0,0,0,0,0,0,0,0,0,0,0,0,0,0,3,33621256,0,0,0,0,0,1309324210,-1440044374
54314,Tracking Quest,,34177,0,0,-1,0,0,0,0,0,0,0,0,0,0,0,0,0,0,3,33621256,0,0,0,0,0,-1,-1
54315,Tracking Quest,,34178,0,0,-1,0,0,0,0,0,0,0,0,0,0,0,0,0,0,3,35718408,0,0,0,0,0,-1,-1
54316,Tracking Quest,,34179,0,0,-1,0,0,0,0,0,0,0,0,0,0,0,0,0,0,3,33621256,0,0,0,0,0,-1,-1
54317,Tracking Quest,,34180,0,0,-1,0,0,0,0,0,0,0,0,0,0,0,0,0,0,3,33621256,0,0,0,0,0,-1,-1
54318,Tracking Quest,,34181,0,0,-1,0,0,0,0,0,0,0,0,0,0,0,0,0,0,3,33621256,0,0,0,0,0,-1,-1
54319,Tracking Quest,,34182,0,0,-1,0,0,0,0,0,0,0,0,0,0,0,0,0,0,3,33621256,0,0,0,0,0,-1,-1
54322,Tracking Quest,,34185,0,0,-1,0,0,0,0,0,0,0,0,0,0,0,0,0,0,3,35718408,0,0,0,0,0,-1,-1
54323,Tracking Quest,,34186,0,0,-1,0,0,0,0,0,0,0,0,0,0,0,0,0,0,3,33621256,0,0,0,0,0,-1,-1
54324,Tracking Quest,,34187,0,0,-1,0,0,0,0,0,0,0,0,0,0,0,0,0,0,3,33621256,0,0,0,0,0,-1,-1
54325,Tracking Quest,,34188,0,0,-1,0,0,0,0,0,0,0,0,0,0,0,0,0,0,3,33621256,0,0,0,0,0,-1,-1
54326,Tracking Quest,,34189,0,0,-1,0,0,0,0,0,0,0,0,0,0,0,0,0,0,3,33621256,0,0,0,0,0,-1,-1
54328,Kürassier Josiph,,34191,65921,0,-1,0,0,0,0,0,0,0,0,0,0,27531,260,706,0,3,36241728,0,268435456,0,0,0,1309324210,-1440044374
54399,Tracking Quest,,34262,0,0,-1,0,0,0,0,0,0,0,0,0,0,0,0,0,0,3,33621256,0,0,0,0,0,-1,-1
54400,Tracking Quest,,34263,0,0,-1,0,0,0,0,0,0,0,0,0,0,0,0,0,0,3,33621256,0,0,0,0,0,-1,-1
54401,Tracking Quest,,34264,0,0,-1,0,0,0,0,0,0,0,0,0,0,0,0,0,0,3,33621256,0,0,0,0,0,-1,-1
54403,Gezeitenweise Clarissa,,34266,65921,0,-1,0,0,0,0,0,0,0,0,0,0,27601,260,706,0,3,36241728,0,268435456,0,0,0,1309324210,-1440044374
54414,Die Windesunruh,,34277,65921,0,-1,0,0,0,0,0,0,0,0,0,0,27603,259,706,0,3,36241664,0,268435456,0,0,0,1309324210,-1440044374
54415,Vulpera für einen Tag,,34278,65921,0,-1,0,0,0,0,0,0,0,0,0,0,27708,259,706,0,3,40435968,8192,268435456,0,0,0,1309324210,-1440044374
54434,Leerenmeister Schattenfall,,34297,65921,0,-1,0,0,0,0,0,0,0,0,0,0,27602,260,706,0,3,36241728,0,268435456,0,0,0,1309324210,-1440044374
54437,Owynn Graddock,,34299,65921,0,-1,0,0,0,0,0,0,0,0,0,0,27608,260,706,0,3,36241728,0,268435456,0,0,0,1309324210,-1440044374
54442,Bestienzähmer Watteck,,34303,65921,0,-1,0,0,0,0,0,0,0,0,0,0,27613,260,706,0,3,36241728,0,268435456,0,0,0,1309324210,-1440044374
54448,Elementares Azerit,,34309,67265,0,-1,0,0,0,0,0,0,0,0,0,0,27621,259,706,0,3,36241664,0,268435456,0,0,0,1309324210,-1440044374
54449,Elementares Azerit,,34310,67282,0,-1,0,0,0,0,0,0,0,0,0,0,27621,259,706,0,3,36241664,0,268435456,0,0,0,-1321907123,1427461461
54467,Zerstörtes Erbe,,34316,67254,0,-1,0,0,0,0,0,0,0,0,0,0,28036,109,691,0,3,34144512,0,268435456,51722,0,0,1309324210,-1440044374
54468,Nalaess Federsucher,,34317,65921,0,-1,0,0,0,0,0,0,0,0,0,0,27622,260,706,0,3,36241728,0,268435456,0,0,0,1309324210,-1440044374
54471,Pflege für die Verwundeten,,34319,65921,0,-1,0,0,0,0,0,0,0,0,0,0,27625,259,706,0,3,36241664,0,268435456,0,0,0,-1321907123,1427461461
54472,Pflügen ist Trumpf,,34320,67265,0,-1,0,0,0,0,0,0,0,0,0,0,27625,259,706,0,3,36241664,0,268435456,0,0,0,1309324210,-1440044374
54488,Zul'aki der Kopfjäger,,34330,65921,0,-1,0,0,0,0,0,0,0,0,0,0,27626,260,706,0,3,36241728,0,268435456,0,0,0,-1321907123,1427461461
54496,Seehunde!,,34338,67254,0,-1,0,0,0,0,0,0,0,0,0,0,28037,109,691,0,3,34144512,0,268435456,51722,0,0,1309324210,-1440044374
54497,Eine gefährliche Kombination,,34339,67254,0,-1,0,0,0,0,0,0,0,0,0,0,28038,109,691,0,3,34144512,0,268435456,51722,0,0,1309324210,-1440044374
54498,Frachteskorte,,34340,65921,0,-1,0,0,0,0,0,0,0,0,0,0,27639,259,706,0,3,36241664,0,268435456,0,0,0,-1321907123,1427461461
54499,Rituale des Zwielichts,,34341,67254,0,-1,0,0,0,0,0,0,0,0,0,0,28039,109,691,0,3,34144512,0,268435456,51722,0,0,1309324210,-1440044374
54500,Unangezapftes Potential,,34342,65921,0,-1,0,0,0,0,0,0,0,0,0,0,27635,259,706,0,3,36241664,0,268435456,0,0,0,-1321907123,1427461461
54502,Es regnet Mana,,34342,67268,0,-1,0,0,0,0,0,0,0,0,0,0,27635,259,706,0,3,36241664,0,268435456,0,0,0,1309324210,-1440044374
54503,Meine kleine Gang,,34343,67268,0,-1,0,0,0,0,0,0,0,0,0,0,27641,259,706,0,3,40435968,8192,268435456,0,0,0,1309324210,-1440044374
54504,Späherhauptmann Quengelknopf,,34344,65921,0,-1,0,0,0,0,0,0,0,0,0,0,27642,260,706,0,3,36241728,0,268435456,0,0,0,-1321907123,1427461461
54505,Frachttransport,,34345,65921,0,-1,0,0,0,0,0,0,0,0,0,0,27643,259,706,0,3,36241664,0,268435456,0,0,0,1309324210,-1440044374
54506,Pilzbefall,,34346,67265,0,-1,0,0,0,0,0,0,0,0,0,0,27644,259,706,0,3,36241664,0,268435456,0,0,0,1309324210,-1440044374
54507,Pilzbefall,,34347,65921,0,-1,0,0,0,0,0,0,0,0,0,0,27644,259,706,0,3,36241664,0,268435456,0,0,0,-1321907123,1427461461
54508,Brücken schlagen,,34348,65921,0,-1,0,0,0,0,0,0,0,0,0,0,27646,260,706,0,3,36241728,0,268435456,0,0,0,-1321907123,1427461461
54509,Spitze des Dreizacks,,34349,67254,0,-1,0,0,0,0,0,0,0,0,0,0,28040,109,691,0,3,34144512,0,268435456,51722,0,0,1309324210,-1440044374
54511,Tod den Todeshauptmännern!,,34351,65921,0,-1,0,0,0,0,0,0,0,0,0,0,27648,260,706,0,3,36241728,0,268435456,0,0,0,-1321907123,1427461461
54512,Reinigende Flut,,34352,65921,0,-1,0,0,0,0,0,0,0,0,0,0,27649,259,706,0,3,40435968,0,268435456,0,0,0,-1321907123,1427461461
54513,Dinozeit!,,34353,65921,0,-1,0,0,0,0,0,0,0,0,0,0,27654,260,706,0,3,36241728,0,268435456,0,0,0,-1321907123,1427461461
54514,Gefangene der Dunkelschuppen,,34354,67254,0,-1,0,0,0,0,0,0,0,0,0,0,28041,109,691,0,3,34144512,0,268435456,51722,0,0,1309324210,-1440044374
54515,Gezeitenbinder Maka,,34355,65921,0,-1,0,0,0,0,0,0,0,0,0,0,27655,260,706,0,3,36241728,0,268435456,0,0,0,-1321907123,1427461461
54516,Kisten klauben,,34357,65921,0,-1,0,0,0,0,0,0,0,0,0,0,27657,259,706,0,3,40435968,8192,268435456,0,0,0,1309324210,-1440044374
54520,Angesengte Schösslinge,,34360,67254,0,-1,0,0,0,0,0,0,0,0,0,0,28042,109,691,0,3,34144512,0,268435456,51722,0,0,1309324210,-1440044374
54521,Gestohlene Hexerei,,34361,67254,0,-1,0,0,0,0,0,0,0,0,0,0,28043,109,691,0,3,34144512,0,268435456,51722,0,0,1309324210,-1440044374
54522,Klein für einen Orc,,34362,65921,0,-1,0,0,0,0,0,0,0,0,0,0,27665,260,706,0,3,36241728,0,268435456,0,0,0,1309324210,-1440044374
54523,Blinky Funkendings,,34363,65921,0,-1,0,0,0,0,0,0,0,0,0,0,27666,260,706,0,3,36241728,0,268435456,0,0,0,1309324210,-1440044374
54524,Kisten klauben,,34364,65921,0,-1,0,0,0,0,0,0,0,0,0,0,27657,259,706,0,3,40435968,8192,268435456,0,0,0,-1321907123,1427461461
54525,Tracking Quest,,34365,0,0,-1,0,0,0,0,0,0,0,0,0,0,0,259,0,0,3,34149632,0,0,0,0,0,-1,-1
54526,Tracking Quest,,34366,0,0,-1,0,0,0,0,0,0,0,0,0,0,0,259,0,0,3,34149632,0,0,0,0,0,-1,-1
54527,Dinojäger Wildbart,,34367,65921,0,-1,0,0,0,0,0,0,0,0,0,0,27671,260,706,0,3,36241728,0,268435456,0,0,0,1309324210,-1440044374
54528,Zurück in die Tiefen,,34368,67254,0,-1,0,0,0,0,0,0,0,0,0,0,28044,109,691,0,3,34144512,0,268435456,51722,0,0,1309324210,-1440044374
54531,"Alles, was wir retten können",,34370,67254,0,-1,0,0,0,0,0,0,0,0,0,0,28045,109,691,0,3,34144512,0,268435456,51722,0,0,1309324210,-1440044374
54532,Kahlschlag,,34371,65921,0,-1,0,0,0,0,0,0,0,0,0,0,27678,260,706,0,3,36241728,0,268435456,0,0,0,1309324210,-1440044374
54533,Kommt ein Fässlein geflogen,,34372,65921,0,-1,0,0,0,0,0,0,0,0,0,0,27682,259,706,0,3,36241664,0,268435456,0,0,0,-1321907123,1427461461
54534,Ein Hauch von Verseuchung,,34373,67268,0,-1,0,0,0,0,0,0,0,0,0,0,27682,259,706,0,3,40435968,0,268435456,0,0,0,1309324210,-1440044374
54535,Portalhüter Romiir,,34374,65921,0,-1,0,0,0,0,0,0,0,0,0,0,27683,260,706,0,3,36241728,0,268435456,0,0,0,1309324210,-1440044374
54536,Öl ins Feuer,,34375,67254,0,-1,0,0,0,0,0,0,0,0,0,0,28046,109,691,0,3,34144512,8192,268435456,51722,0,0,1309324210,-1440044374
54537,Gallenstampfer,,34376,65921,0,-1,0,0,0,0,0,0,0,0,0,0,27688,260,706,0,3,36241728,0,268435456,0,0,0,-1321907123,1427461461
54538,Übergriff am Übergang,,34377,67268,0,-1,0,0,0,0,0,0,0,0,0,0,27691,259,706,0,3,36241664,0,268435456,0,0,0,1309324210,-1440044374
54539,Übergriff am Übergang,,34378,65921,0,-1,0,0,0,0,0,0,0,0,0,0,27691,259,706,0,3,36241664,0,268435456,0,0,0,-1321907123,1427461461
54540,Verdammnisreiter Helgrim,,34379,66544,0,-1,0,0,0,0,0,0,0,0,0,0,27699,135,691,0,3,37290048,0,268435456,0,0,0,-1321907123,1427461461
54541,Kürassier Aldrin,,34380,66543,0,-1,0,0,0,0,0,0,0,0,0,0,27699,135,691,0,3,37290048,0,268435456,0,0,0,1309324210,-1440044374
54542,Schreckliche Erscheinung,,34381,66543,0,-1,0,0,0,0,0,0,0,0,0,0,27698,135,691,0,3,37290048,0,268435456,0,0,0,1309324210,-1440044374
54543,Menschenjäger Rog,,34382,66543,0,-1,0,0,0,0,0,0,0,0,0,0,27702,135,691,0,3,37290048,0,268435456,0,0,0,1309324210,-1440044374
54544,Bestienreiter Kama,,34383,66543,0,-1,0,0,0,0,0,0,0,0,0,0,27694,135,691,0,3,37290048,0,268435456,0,0,0,1309324210,-1440044374
54545,Nimar der Töter,,34384,66543,0,-1,0,0,0,0,0,0,0,0,0,0,27703,135,691,0,3,37290048,0,268435456,0,0,0,1309324210,-1440044374
54546,Sängerin,,34385,66543,0,-1,0,0,0,0,0,0,0,0,0,0,27705,135,691,0,3,37290048,0,268435456,0,0,0,1309324210,-1440044374
54547,Darbel Montrose,,34386,66543,0,-1,0,0,0,0,0,0,0,0,0,0,27695,135,691,0,3,37290048,0,268435456,0,0,0,1309324210,-1440044374
54548,Faulbauch,,34387,66543,0,-1,0,0,0,0,0,0,0,0,0,0,27696,135,691,0,3,37290048,0,268435456,0,0,0,1309324210,-1440044374
54549,Kovork,,34388,66543,0,-1,0,0,0,0,0,0,0,0,0,0,27701,135,691,0,3,37290048,0,268435456,0,0,0,1309324210,-1440044374
54550,Ruul Zweistein,,34389,66543,0,-1,0,0,0,0,0,0,0,0,0,0,27704,135,691,0,3,37290048,0,268435456,0,0,0,1309324210,-1440044374
54551,Zalas Bleichborke,,34390,66543,0,-1,0,0,0,0,0,0,0,0,0,0,27706,135,691,0,3,37290048,0,268435456,0,0,0,1309324210,-1440044374
54552,Geomant Flintdolch,,34391,66543,0,-1,0,0,0,0,0,0,0,0,0,0,27697,135,691,0,3,37290048,0,268435456,0,0,0,1309324210,-1440044374
54553,Kor'gresh Frostzorn,,34392,66543,0,-1,0,0,0,0,0,0,0,0,0,0,27700,135,691,0,3,37290048,0,268435456,0,0,0,1309324210,-1440044374
54554,Wolfsanführer Skraug,,34393,65921,0,-1,0,0,0,0,0,0,0,0,0,0,27707,260,706,0,3,36241728,0,268435456,0,0,0,-1321907123,1427461461
54555,Belager-o-matik 9000,,34394,65921,0,-1,0,0,0,0,0,0,0,0,0,0,27709,260,706,0,3,36241728,0,268435456,0,0,0,-1321907123,1427461461
54561,Zalas Bleichborke,,34390,66544,0,-1,0,0,0,0,0,0,0,0,0,0,27706,135,691,0,3,37290048,0,268435456,0,0,0,-1321907123,1427461461
54562,Sängerin,,34385,66544,0,-1,0,0,0,0,0,0,0,0,0,0,27705,135,691,0,3,37290048,0,268435456,0,0,0,-1321907123,1427461461
54563,Ruul Zweistein,,34389,66544,0,-1,0,0,0,0,0,0,0,0,0,0,27704,135,691,0,3,37290048,0,268435456,0,0,0,-1321907123,1427461461
54564,Nimar der Töter,,34384,66544,0,-1,0,0,0,0,0,0,0,0,0,0,27703,135,691,0,3,37290048,0,268435456,0,0,0,-1321907123,1427461461
54565,Menschenjäger Rog,,34382,66544,0,-1,0,0,0,0,0,0,0,0,0,0,27702,135,691,0,3,37290048,0,268435456,0,0,0,-1321907123,1427461461
54566,Kovork,,34388,66544,0,-1,0,0,0,0,0,0,0,0,0,0,27701,135,691,0,3,37290048,0,268435456,0,0,0,-1321907123,1427461461
54567,Kor'gresh Frostzorn,,34392,66544,0,-1,0,0,0,0,0,0,0,0,0,0,27700,135,691,0,3,37290048,0,268435456,0,0,0,-1321907123,1427461461
54568,Zweigfürst Aldrus,,34400,66543,0,-1,0,0,0,0,0,0,0,0,0,0,27693,136,691,0,3,37289984,0,268435456,0,0,0,1309324210,-1440044374
54569,Schreckliche Erscheinung,,34381,66544,0,-1,0,0,0,0,0,0,0,0,0,0,27698,135,691,0,3,37290048,0,268435456,0,0,0,-1321907123,1427461461
54570,Geomant Flintdolch,,34391,66544,0,-1,0,0,0,0,0,0,0,0,0,0,27697,135,691,0,3,37290048,0,268435456,0,0,0,-1321907123,1427461461
54571,Faulbauch,,34387,66544,0,-1,0,0,0,0,0,0,0,0,0,0,27696,135,691,0,3,37290048,0,268435456,0,0,0,-1321907123,1427461461
54572,Darbel Montrose,,34386,66544,0,-1,0,0,0,0,0,0,0,0,0,0,27695,135,691,0,3,37290048,0,268435456,0,0,0,-1321907123,1427461461
54573,Bestienreiter Kama,,34383,66544,0,-1,0,0,0,0,0,0,0,0,0,0,27694,135,691,0,3,37290048,0,268435456,0,0,0,-1321907123,1427461461
54574,Jin'tago,,34397,65921,0,-1,0,0,0,0,0,0,0,0,0,0,27710,260,706,0,3,36241728,0,268435456,0,0,0,-1321907123,1427461461
54578,Zweigfürst Aldrus,,34400,66544,0,-1,0,0,0,0,0,0,0,0,0,0,27693,136,691,0,3,37289984,0,268435456,0,0,0,-1321907123,1427461461
54583,Brennender Goliath,,34405,66543,0,-1,0,0,0,0,0,0,0,0,0,0,27711,136,691,0,3,37289984,0,268435456,0,0,0,1309324210,-1440044374
54584,Überschäumender Goliath,,34406,66543,0,-1,0,0,0,0,0,0,0,0,0,0,27712,136,691,0,3,37289984,0,268435456,0,0,0,1309324210,-1440044374
54585,Echo von Myzrael,,34407,66543,0,-1,0,0,0,0,0,0,0,0,0,0,27713,136,691,0,3,37289984,0,268435456,0,0,0,1309324210,-1440044374
54586,Fozruk,,34408,66543,0,-1,0,0,0,0,0,0,0,0,0,0,27714,136,691,0,3,37289984,0,268435456,0,0,0,1309324210,-1440044374
54587,Molok der Zermalmer,,34409,66543,0,-1,0,0,0,0,0,0,0,0,0,0,27715,136,691,0,3,37289984,0,268435456,0,0,0,1309324210,-1440044374
54588,Aufseher Krix,,34410,66543,0,-1,0,0,0,0,0,0,0,0,0,0,27716,136,691,0,3,37289984,0,268435456,0,0,0,1309324210,-1440044374
54589,Seuchenfeder,,34411,66543,0,-1,0,0,0,0,0,0,0,0,0,0,27717,136,691,0,3,37289984,0,268435456,0,0,0,1309324210,-1440044374
54590,Zornschnabel,,34412,66543,0,-1,0,0,0,0,0,0,0,0,0,0,27718,136,691,0,3,37289984,0,268435456,0,0,0,1309324210,-1440044374
54591,Grollender Goliath,,34413,66543,0,-1,0,0,0,0,0,0,0,0,0,0,27719,136,691,0,3,37289984,0,268435456,0,0,0,1309324210,-1440044374
54592,Schädelreißer,,34414,66543,0,-1,0,0,0,0,0,0,0,0,0,0,27720,136,691,0,3,37289984,0,268435456,0,0,0,1309324210,-1440044374
54593,Donnernder Goliath,,34415,66543,0,-1,0,0,0,0,0,0,0,0,0,0,27721,136,691,0,3,37289984,0,268435456,0,0,0,1309324210,-1440044374
54594,Venomarus,,34416,66543,0,-1,0,0,0,0,0,0,0,0,0,0,27722,136,691,0,3,37289984,0,268435456,0,0,0,1309324210,-1440044374
54595,Yogursa,,34417,66543,0,-1,0,0,0,0,0,0,0,0,0,0,27723,136,691,0,3,37289984,0,268435456,0,0,0,1309324210,-1440044374
54596,Yogursa,,34417,66544,0,-1,0,0,0,0,0,0,0,0,0,0,27723,136,691,0,3,37289984,0,268435456,0,0,0,-1321907123,1427461461
54597,Venomarus,,34416,66544,0,-1,0,0,0,0,0,0,0,0,0,0,27722,136,691,0,3,37289984,0,268435456,0,0,0,-1321907123,1427461461
54598,Donnernder Goliath,,34415,66544,0,-1,0,0,0,0,0,0,0,0,0,0,27721,136,691,0,3,37289984,0,268435456,0,0,0,-1321907123,1427461461
54599,Schädelreißer,,34414,66544,0,-1,0,0,0,0,0,0,0,0,0,0,27720,136,691,0,3,37289984,0,268435456,0,0,0,-1321907123,1427461461
54600,Grollender Goliath,,34413,66544,0,-1,0,0,0,0,0,0,0,0,0,0,27719,136,691,0,3,37289984,0,268435456,0,0,0,-1321907123,1427461461
54601,Zornschnabel,,34412,66544,0,-1,0,0,0,0,0,0,0,0,0,0,27718,136,691,0,3,37289984,0,268435456,0,0,0,-1321907123,1427461461
54602,Seuchenfeder,,34411,66544,0,-1,0,0,0,0,0,0,0,0,0,0,27717,136,691,0,3,37289984,0,268435456,0,0,0,-1321907123,1427461461
54603,Aufseher Krix,,34410,66544,0,-1,0,0,0,0,0,0,0,0,0,0,27716,136,691,0,3,37289984,0,268435456,0,0,0,-1321907123,1427461461
54604,Molok der Zermalmer,,34409,66544,0,-1,0,0,0,0,0,0,0,0,0,0,27715,136,691,0,3,37289984,0,268435456,0,0,0,-1321907123,1427461461
54605,Fozruk,,34408,66544,0,-1,0,0,0,0,0,0,0,0,0,0,27714,136,691,0,3,37289984,0,268435456,0,0,0,-1321907123,1427461461
54606,Echo von Myzrael,,34407,66544,0,-1,0,0,0,0,0,0,0,0,0,0,27713,136,691,0,3,37289984,0,268435456,0,0,0,-1321907123,1427461461
54607,Überschäumender Goliath,,34406,66544,0,-1,0,0,0,0,0,0,0,0,0,0,27712,136,691,0,3,37289984,0,268435456,0,0,0,-1321907123,1427461461
54608,Brennender Goliath,,34405,66544,0,-1,0,0,0,0,0,0,0,0,0,0,27711,136,691,0,3,37289984,0,268435456,0,0,0,-1321907123,1427461461
54609,Abrichterin Drakara,,34418,65921,0,-1,0,0,0,0,0,0,0,0,0,0,27724,260,706,0,3,36241728,0,268435456,0,0,0,-1321907123,1427461461
54612,Blut und Asche,,34419,67254,0,-1,0,0,0,0,0,0,0,0,0,0,28047,109,691,0,3,34144512,0,268435456,51722,0,0,1309324210,-1440044374
54613,Doppelt verbannt hält besser,,34420,66543,0,-1,0,0,0,0,0,0,0,0,0,0,27746,109,691,0,3,3735552,0,268435456,0,0,0,1309324210,-1440044374
54614,Exorzismus durchführen,,34421,66543,0,-1,0,0,0,0,0,0,0,0,0,0,27747,109,691,0,3,589824,0,268435456,0,0,0,1309324210,-1440044374
54615,Der Bund wird verlieren,,34422,66543,0,-1,0,0,0,0,0,0,0,0,0,0,27745,109,691,0,3,12124160,0,268435456,0,0,0,1309324210,-1440044374
54616,Faust um Faust,,34423,66543,0,-1,0,0,0,0,0,0,0,0,0,0,27748,109,691,0,3,3735552,0,268435456,0,0,0,1309324210,-1440044374
54617,Die Sünden des Syndikats,,34424,66543,0,-1,0,0,0,0,0,0,0,0,0,0,27749,109,691,0,3,3735552,0,268435456,0,0,0,1309324210,-1440044374
54619,Bleichborken beseitigen,,34425,66543,0,-1,0,0,0,0,0,0,0,0,0,0,27750,109,691,0,3,3735552,0,268435456,0,0,0,1309324210,-1440044374
54620,Tod den Entweihten,,34426,66544,0,-1,0,0,0,0,0,0,0,0,0,0,27745,109,691,0,3,3735552,0,268435456,0,0,0,-1321907123,1427461461
54621,Doppelt verbannt hält besser,,34427,66544,0,-1,0,0,0,0,0,0,0,0,0,0,27746,109,691,0,3,3735552,0,268435456,0,0,0,-1321907123,1427461461
54622,Exorzismus durchführen,,34428,66544,0,-1,0,0,0,0,0,0,0,0,0,0,27747,109,691,0,3,589824,0,268435456,0,0,0,-1321907123,1427461461
54623,Faust um Faust,,34429,66544,0,-1,0,0,0,0,0,0,0,0,0,0,27748,109,691,0,3,3735552,0,268435456,0,0,0,-1321907123,1427461461
54624,Die Sünden des Syndikats,,34430,66544,0,-1,0,0,0,0,0,0,0,0,0,0,27749,109,691,0,3,3735552,0,268435456,0,0,0,-1321907123,1427461461
54625,Bleichborken beseitigen,,34431,66544,0,-1,0,0,0,0,0,0,0,0,0,0,27750,109,691,0,3,3735552,0,268435456,0,0,0,-1321907123,1427461461
54636,Sandbinder Sodir,,34432,65921,0,-1,0,0,0,0,0,0,0,0,0,0,27726,260,706,0,3,36241728,0,268435456,0,0,0,-1321907123,1427461461
54638,Trommelschlägerei,,34433,65921,0,-1,0,0,0,0,0,0,0,0,0,0,27727,260,706,0,3,36241728,0,268435456,0,0,0,-1321907123,1427461461
54643,Evezon der Ewige,,34439,65921,0,-1,0,0,0,0,0,0,0,0,0,0,27730,260,706,0,3,36241728,0,268435456,0,0,0,1309324210,-1440044374
54644,Azerittransport,,34440,65921,0,-1,0,0,0,0,0,0,0,0,0,0,27737,260,706,0,3,36241728,0,268435456,0,0,0,1309324210,-1440044374
54645,Zorn der Erde,,34441,65921,0,-1,0,0,0,0,0,0,0,0,0,0,27738,260,706,0,3,36241728,0,268435456,0,0,0,1309324210,-1440044374
54646,Großmarschall Furon,,34442,65921,0,-1,0,0,0,0,0,0,0,0,0,0,27743,260,706,0,3,36241728,0,268435456,0,0,0,1309324210,-1440044374
54647,Bierische Absichten,,34443,67187,0,-1,0,0,0,0,0,0,0,0,0,0,27744,259,706,0,3,36241664,0,268435456,0,0,0,-1321907123,1427461461
54648,Rückstrom der Kaldorei,,34444,67254,0,-1,0,0,0,0,0,0,0,0,0,0,28048,109,691,0,3,36241664,0,268435456,51722,0,0,1309324210,-1440044374
54649,Flammen des Krieges,,34445,65921,0,-1,0,0,0,0,0,0,0,0,0,0,27751,260,706,0,3,36241728,0,268435456,0,0,0,1309324210,-1440044374
54650,Muk'luk,,34446,65921,0,-1,0,0,0,0,0,0,0,0,0,0,27634,260,706,0,3,36241728,0,268435456,0,0,0,-1321907123,1427461461
54662,Ans Licht gebracht,,34456,67187,0,-1,0,0,0,0,0,0,0,0,0,0,27754,259,706,0,3,40435968,8192,268435456,0,0,0,-1321907123,1427461461
54663,Schattenjäger Vol'tris,,34457,65921,0,-1,0,0,0,0,0,0,0,0,0,0,27757,260,706,0,3,36241728,0,268435456,0,0,0,-1321907123,1427461461
54664,Azerittransport,,34458,67268,0,-1,0,0,0,0,0,0,0,0,0,0,27759,260,706,0,3,36241728,0,268435456,0,0,0,1309324210,-1440044374
54665,Herzogin Todessang,,34459,67187,0,-1,0,0,0,0,0,0,0,0,0,0,27760,260,706,0,3,36241728,0,268435456,0,0,0,-1321907123,1427461461
54666,Rudelmeister Flinkpfeil,,34460,65921,0,-1,0,0,0,0,0,0,0,0,0,0,27758,260,706,0,3,36241728,0,268435456,0,0,0,-1321907123,1427461461
54667,Zerstörtes Erbe,,34461,67252,0,-1,0,0,0,0,0,0,0,0,0,0,28036,109,691,0,3,34144512,0,268435456,51722,0,0,-1321907123,1427461461
54668,Raus aus der Mine,,34462,67252,0,-1,0,0,0,0,0,0,0,0,0,0,28037,109,691,0,3,34144512,0,268435456,51722,0,0,-1321907123,1427461461
54669,Eine gefährliche Kombination,,34463,67252,0,-1,0,0,0,0,0,0,0,0,0,0,28038,109,691,0,3,34144512,0,268435456,51722,0,0,-1321907123,1427461461
54671,Überwuchertes Urtum,,34464,67268,0,-1,0,0,0,0,0,0,0,0,0,0,27761,260,706,0,3,36241728,0,268435456,0,0,0,1309324210,-1440044374
54672,Rituale des Zwielichts,,34465,67252,0,-1,0,0,0,0,0,0,0,0,0,0,28039,109,691,0,3,34144512,0,268435456,51722,0,0,-1321907123,1427461461
54673,Spitze des Dreizacks,,34466,67252,0,-1,0,0,0,0,0,0,0,0,0,0,28040,109,691,0,3,34144512,0,268435456,51722,0,0,-1321907123,1427461461
54674,Gefangene der Dunkelschuppen,,34467,67252,0,-1,0,0,0,0,0,0,0,0,0,0,28041,109,691,0,3,34144512,0,268435456,51722,0,0,-1321907123,1427461461
54675,Jagdsaison,,34468,67252,0,-1,0,0,0,0,0,0,0,0,0,0,28042,109,691,0,3,34144512,0,268435456,51722,0,0,-1321907123,1427461461
54676,Splitter von Narassin,,34469,67252,0,-1,0,0,0,0,0,0,0,0,0,0,28043,109,691,0,3,34144512,0,268435456,51722,0,0,-1321907123,1427461461
54677,Zurück in die Tiefen,,34470,67252,0,-1,0,0,0,0,0,0,0,0,0,0,28044,109,691,0,3,34144512,0,268435456,51722,0,0,-1321907123,1427461461
54678,"Alles, was wir retten können",,34471,67252,0,-1,0,0,0,0,0,0,0,0,0,0,28045,109,691,0,3,34144512,0,268435456,51722,0,0,-1321907123,1427461461
54679,Öl ins Feuer,,34472,67252,0,-1,0,0,0,0,0,0,0,0,0,0,28046,109,691,0,3,34144512,8192,268435456,51722,0,0,-1321907123,1427461461
54680,Seuchenmeister Herbert,,34473,65921,0,-1,0,0,0,0,0,0,0,0,0,0,27763,260,706,0,3,36241728,0,268435456,0,0,0,-1321907123,1427461461
54681,Azeritkarawane,,34474,67265,0,-1,0,0,0,0,0,0,0,0,0,0,27762,260,706,0,3,36241728,0,268435456,0,0,0,1309324210,-1440044374
54684,Arkanist Quintril,,34476,65921,0,-1,0,0,0,0,0,0,0,0,0,0,27765,260,706,0,3,36241728,0,268435456,0,0,0,-1321907123,1427461461
54685,Sie lieben Eisen,,34477,65921,0,-1,0,0,0,0,0,0,0,0,0,0,27767,259,706,0,3,36241664,0,268435456,0,0,0,1309324210,-1440044374
54686,Medizinischer Notfall,,34478,67265,0,-1,0,0,0,0,0,0,0,0,0,0,27768,260,706,0,3,36241728,0,268435456,0,0,0,1309324210,-1440044374
54688,Inquisitor Erik,,34480,67265,0,-1,0,0,0,0,0,0,0,0,0,0,27772,260,706,0,3,36241728,0,268435456,0,0,0,1309324210,-1440044374
54689,Licht aus,,34481,65921,0,-1,0,0,0,0,0,0,0,0,0,0,27775,259,706,0,3,40435968,8192,268435456,0,0,0,1309324210,-1440044374
54690,Maddok der Scharfschütze,,34482,67265,0,-1,0,0,0,0,0,0,0,0,0,0,27774,260,706,0,3,36241728,0,268435456,0,0,0,1309324210,-1440044374
54691,Braumeister Lin,,34483,65921,0,-1,0,0,0,0,0,0,0,0,0,0,27780,260,706,0,3,36241728,0,268435456,0,0,0,-1321907123,1427461461
54692,Magistrix Kristalynn,,34484,67265,0,-1,0,0,0,0,0,0,0,0,0,0,27779,260,706,0,3,36241728,0,268435456,0,0,0,1309324210,-1440044374
54693,Pterror der Horde,,34485,65921,0,-1,0,0,0,0,0,0,0,0,0,0,27781,260,706,0,3,36241728,0,268435456,0,0,0,-1321907123,1427461461
54694,Sturmruferin Morka,,34486,65921,0,-1,0,0,0,0,0,0,0,0,0,0,27786,260,706,0,3,36241728,0,268435456,0,0,0,-1321907123,1427461461
54697,Lichtgeschmiedete Kriegspanzerung,,34489,67268,0,-1,0,0,0,0,0,0,0,0,0,0,27792,260,706,0,3,36241728,0,268435456,0,0,0,1309324210,-1440044374
54698,Zersplitternde Speere,,34490,67252,0,-1,0,0,0,0,0,0,0,0,0,0,28051,109,691,0,3,34144512,8192,268435456,51722,0,0,-1321907123,1427461461
54699,Klassische Gnomeningenieurskunst,,34491,67268,0,-1,0,0,0,0,0,0,0,0,0,0,27793,260,706,0,3,36241728,0,268435456,0,0,0,1309324210,-1440044374
54700,Thomas Vandergrief,,34492,67268,0,-1,0,0,0,0,0,0,0,0,0,0,27795,260,706,0,3,36241728,0,268435456,0,0,0,1309324210,-1440044374
54701,Zorn des Ravasaurus,,34493,65921,0,-1,0,0,0,0,0,0,0,0,0,0,27811,259,706,0,3,36241664,0,268435456,0,0,0,1309324210,-1440044374
54707,Belagertron,,34498,67268,0,-1,0,0,0,0,0,0,0,0,0,0,27796,260,706,0,3,36241728,0,268435456,0,0,0,1309324210,-1440044374
54711,Zillie Wunderzange und Grizzwald,,34502,67265,0,-1,0,0,0,0,0,0,0,0,0,0,27798,260,706,0,3,36241728,0,268435456,0,0,0,1309324210,-1440044374
54712,Zauberkomponenten,,34503,65921,0,-1,0,0,0,0,0,0,0,0,0,0,27811,259,706,0,3,36241664,0,268435456,0,0,0,-1321907123,1427461461
54714,Tracking Quest,,34505,0,0,-1,0,0,0,0,0,0,0,0,0,0,0,0,0,0,3,33621256,0,0,0,0,0,-1,-1
54715,Tracking Quest,,34506,0,0,-1,0,0,0,0,0,0,0,0,0,0,0,0,0,0,3,33621256,0,0,0,0,0,-1,-1
54716,Tracking Quest,,34507,0,0,-1,0,0,0,0,0,0,0,0,0,0,0,0,0,0,3,33621256,0,0,0,0,0,-1,-1
54717,Tracking Quest,,34508,0,0,-1,0,0,0,0,0,0,0,0,0,0,0,0,0,0,3,33621256,0,0,0,0,0,-1,-1
54718,Tracking Quest,,34509,0,0,-1,0,0,0,0,0,0,0,0,0,0,0,0,0,0,3,33621256,0,0,0,0,0,-1,-1
54719,Worgen in der Erzmine,,34510,67254,0,-1,0,0,0,0,0,0,0,0,0,0,28049,109,691,0,3,34144512,0,268435456,51722,0,0,1309324210,-1440044374
54720,Tracking Quest,,34511,0,0,-1,0,0,0,0,0,0,0,0,0,0,0,0,0,0,3,33621256,0,0,0,0,0,-1,-1
54722,Das Blatt wenden,,34513,67254,0,-1,0,0,0,0,0,0,0,0,0,0,28050,109,691,0,3,36241664,0,268435456,51722,0,0,1309324210,-1440044374
54724,Schluss mit den Schwarzfellen,,34515,67254,0,-1,0,0,0,0,0,0,0,0,0,0,28051,109,691,0,3,34144512,0,268435456,51722,0,0,1309324210,-1440044374
54736,Entweiht dieses Feuer!,,34527,9484,0,-1,0,0,0,0,0,0,0,0,0,0,0,0,394,0,0,0,0,512,0,0,0,1309324210,-1440044374
54737,Ehrt die Flamme,,34528,9484,0,-1,0,0,0,0,0,0,0,0,0,0,0,0,394,0,0,0,0,512,0,0,0,-1321907123,1427461461
54739,Entweiht dieses Feuer!,,34530,9484,0,-1,0,0,0,0,0,0,0,0,0,0,0,0,394,0,0,0,0,512,0,0,0,1309324210,-1440044374
54741,Ehrt die Flamme,,34532,9484,0,-1,0,0,0,0,0,0,0,0,0,0,0,0,394,0,0,0,0,512,0,0,0,-1321907123,1427461461
54742,Entweiht dieses Feuer!,,34533,9484,0,-1,0,0,0,0,0,0,0,0,0,0,0,0,394,0,0,0,0,512,0,0,0,1309324210,-1440044374
54743,Ehrt die Flamme,,34534,9484,0,-1,0,0,0,0,0,0,0,0,0,0,0,0,394,0,0,0,0,512,0,0,0,-1321907123,1427461461
54744,Entweiht dieses Feuer!,,34535,9484,0,-1,0,0,0,0,0,0,0,0,0,0,0,0,394,0,0,0,0,512,0,0,0,-1321907123,1427461461
54745,Ehrt die Flamme,,34536,9484,0,-1,0,0,0,0,0,0,0,0,0,0,0,0,394,0,0,0,0,512,0,0,0,1309324210,-1440044374
54746,Entweiht dieses Feuer!,,34537,9484,0,-1,0,0,0,0,0,0,0,0,0,0,0,0,394,0,0,0,0,512,0,0,0,-1321907123,1427461461
54747,Ehrt die Flamme,,34538,9484,0,-1,0,0,0,0,0,0,0,0,0,0,0,0,394,0,0,0,0,512,0,0,0,1309324210,-1440044374
54749,Entweiht dieses Feuer!,,34540,9484,0,-1,0,0,0,0,0,0,0,0,0,0,0,0,394,0,0,0,0,512,0,0,0,-1321907123,1427461461
54750,Ehrt die Flamme,,34541,9484,0,-1,0,0,0,0,0,0,0,0,0,0,0,0,394,0,0,0,0,512,0,0,0,1309324210,-1440044374
54769,Tracking Quest,,34558,0,0,-1,0,0,0,0,0,0,0,0,0,0,0,0,0,0,3,33621256,0,0,0,0,0,-1,-1
54771,Tracking Quest,,34560,0,0,-1,0,0,0,0,0,0,0,0,0,0,0,0,0,0,3,33621256,0,0,0,0,0,-1,-1
54772,Tracking Quest,,34561,0,0,-1,0,0,0,0,0,0,0,0,0,0,0,0,0,0,3,33621256,0,0,0,0,0,-1,-1
54773,Tracking Quest,,34562,0,0,-1,0,0,0,0,0,0,0,0,0,0,0,0,0,0,3,33621256,0,0,0,0,0,-1,-1
54774,Tracking Quest,,34563,0,0,-1,0,0,0,0,0,0,0,0,0,0,0,0,0,0,3,33621256,0,0,0,0,0,-1,-1
54775,Tracking Quest,,34564,0,0,-1,0,0,0,0,0,0,0,0,0,0,0,0,0,0,3,33621256,0,0,0,0,0,-1,-1
54776,Tracking Quest,,34565,0,0,-1,0,0,0,0,0,0,0,0,0,0,0,0,0,0,3,33621256,0,0,0,0,0,-1,-1
54777,Tracking Quest,,34566,0,0,-1,0,0,0,0,0,0,0,0,0,0,0,0,0,0,3,35718408,0,0,0,0,0,-1,-1
54778,Tracking Quest,,34567,0,0,-1,0,0,0,0,0,0,0,0,0,0,0,0,0,0,3,35718408,0,0,0,0,0,-1,-1
54779,Tracking Quest,,34568,0,0,-1,0,0,0,0,0,0,0,0,0,0,0,0,0,0,3,33621256,0,0,0,0,0,-1,-1
54780,Tracking Quest,,34569,0,0,-1,0,0,0,0,0,0,0,0,0,0,0,0,0,0,3,33621256,0,0,0,0,0,-1,-1
54781,Was gibt's zu Mittag?,,34570,147656,0,-1,65536,0,0,0,0,0,0,0,0,0,0,0,4311,0,2,39846144,8192,268435976,91931,0,0,-1,-1
54782,Tracking Quest,,34571,0,0,-1,0,0,0,0,0,0,0,0,0,0,0,0,0,0,3,33621256,0,0,0,0,0,1309324210,-1440044374
54784,Befreiung der Schwarzfelle,,34574,67252,0,-1,0,0,0,0,0,0,0,0,0,0,28047,109,691,0,3,34144512,8192,268435456,51722,0,0,-1321907123,1427461461
54786,Lieferstopp,,34576,67034,0,-1,0,0,0,0,0,0,0,0,0,0,27919,259,706,0,3,40435968,8192,268435456,0,0,0,-1321907123,1427461461
54788,Hydrath,,34578,67254,0,-1,0,0,0,0,0,0,0,0,0,0,27924,136,691,0,3,37290240,0,268435456,51722,0,0,1309324210,-1440044374
54789,Cyclarus,,34579,67254,0,-1,0,0,0,0,0,0,0,0,0,0,27925,136,691,0,3,37290240,0,268435456,51722,0,0,1309324210,-1440044374
54790,Conflagros,,34580,67254,0,-1,0,0,0,0,0,0,0,0,0,0,27926,136,691,0,3,37290240,0,268435456,51722,0,0,1309324210,-1440044374
54791,Granokk,,34581,67254,0,-1,0,0,0,0,0,0,0,0,0,0,27927,136,691,0,3,37290240,0,268435456,51722,0,0,1309324210,-1440044374
54792,Onu,,34582,67254,0,-1,0,0,0,0,0,0,0,0,0,0,27928,136,691,0,3,37290240,0,268435456,51722,0,0,1309324210,-1440044374
54793,Athrikus Narassin,,34583,67254,0,-1,0,0,0,0,0,0,0,0,0,0,27929,136,691,0,3,37290240,0,268435456,51722,0,0,1309324210,-1440044374
54794,Soggoth der Glitschige,,34584,67254,0,-1,0,0,0,0,0,0,0,0,0,0,27930,136,691,0,3,37290240,0,268435456,51722,0,0,1309324210,-1440044374
54795,Aman,,34585,67254,0,-1,0,0,0,0,0,0,0,0,0,0,27931,136,691,0,3,37290240,0,268435456,51722,0,0,1309324210,-1440044374
54796,Trümmerstück,,34586,67254,0,-1,0,0,0,0,0,0,0,0,0,0,27932,136,691,0,3,37290240,0,268435456,51722,0,0,1309324210,-1440044374
54797,Alash'anir,,34587,67254,0,-1,0,0,0,0,0,0,0,0,0,0,27933,136,691,0,3,37290240,0,268435456,51722,0,0,1309324210,-1440044374
54798,Wahnfeder,,34588,67254,0,-1,0,0,0,0,0,0,0,0,0,0,27935,135,691,0,3,37290304,0,268435456,51722,0,0,1309324210,-1440044374
54799,Gren Fetzfell,,34589,67254,0,-1,0,0,0,0,0,0,0,0,0,0,27936,135,691,0,3,37290304,0,268435456,51722,0,0,1309324210,-1440044374
54800,Zwielichtprophet Graeme,,34590,67254,0,-1,0,0,0,0,0,0,0,0,0,0,27937,135,691,0,3,37290304,0,268435456,51722,0,0,1309324210,-1440044374
54801,Steinbinderin Ssra'vess,,34591,67254,0,-1,0,0,0,0,0,0,0,0,0,0,27938,135,691,0,3,37290304,0,268435456,51722,0,0,1309324210,-1440044374
54802,Mrggr'marr,,34592,67254,0,-1,0,0,0,0,0,0,0,0,0,0,27939,135,691,0,3,37290304,0,268435456,51722,0,0,1309324210,-1440044374
54803,Schimmerpanzer,,34593,67254,0,-1,0,0,0,0,0,0,0,0,0,0,27940,135,691,0,3,37290304,0,268435456,51722,0,0,1309324210,-1440044374
54804,Glrglrr,,34594,67254,0,-1,0,0,0,0,0,0,0,0,0,0,27941,135,691,0,3,37290304,0,268435456,51722,0,0,1309324210,-1440044374
54805,Schuppenscheusal,,34595,67254,0,-1,0,0,0,0,0,0,0,0,0,0,27942,135,691,0,3,37290304,0,268435456,51722,0,0,1309324210,-1440044374
54806,Kommandant Ral'esh,,34596,67254,0,-1,0,0,0,0,0,0,0,0,0,0,27943,135,691,0,3,37290304,0,268435456,51722,0,0,1309324210,-1440044374
54807,Pionierin Odette,,34597,67254,0,-1,0,0,0,0,0,0,0,0,0,0,27944,135,691,0,3,37290304,0,268435456,51722,0,0,1309324210,-1440044374
54808,Thelar Mondstreich,,34598,67254,0,-1,0,0,0,0,0,0,0,0,0,0,27945,135,691,0,3,37290304,0,268435456,51722,0,0,1309324210,-1440044374
54809,Athil Tauglanz,,34599,67254,0,-1,0,0,0,0,0,0,0,0,0,0,27946,135,691,0,3,37290304,0,268435456,51722,0,0,1309324210,-1440044374
54810,Grimmhorn,,34600,67254,0,-1,0,0,0,0,0,0,0,0,0,0,27947,135,691,0,3,37290304,0,268435456,51722,0,0,1309324210,-1440044374
54811,Schwarzpranke,,34601,67254,0,-1,0,0,0,0,0,0,0,0,0,0,27948,135,691,0,3,37290304,0,268435456,51722,0,0,1309324210,-1440044374
54812,Schattenklaue,,34602,67254,0,-1,0,0,0,0,0,0,0,0,0,0,27949,135,691,0,3,37290304,0,268435456,51722,0,0,1309324210,-1440044374
54816,Hydrath,,34603,67252,0,-1,0,0,0,0,0,0,0,0,0,0,27924,136,691,0,3,37290240,0,268435456,51722,0,0,-1321907123,1427461461
54817,Cyclarus,,34604,67252,0,-1,0,0,0,0,0,0,0,0,0,0,27925,136,691,0,3,37290240,0,268435456,51722,0,0,-1321907123,1427461461
54818,Conflagros,,34605,67252,0,-1,0,0,0,0,0,0,0,0,0,0,27926,136,691,0,3,37290240,0,268435456,51722,0,0,-1321907123,1427461461
54819,Granokk,,34606,67252,0,-1,0,0,0,0,0,0,0,0,0,0,27927,136,691,0,3,37290240,0,268435456,51722,0,0,-1321907123,1427461461
54820,Zim'kaga,,34607,67252,0,-1,0,0,0,0,0,0,0,0,0,0,27928,136,691,0,3,37290240,0,268435456,51722,0,0,-1321907123,1427461461
54821,Athrikus Narassin,,34608,67252,0,-1,0,0,0,0,0,0,0,0,0,0,27929,136,691,0,3,37290240,0,268435456,51722,0,0,-1321907123,1427461461
54822,Soggoth der Glitschige,,34609,67252,0,-1,0,0,0,0,0,0,0,0,0,0,27930,136,691,0,3,37290240,0,268435456,51722,0,0,-1321907123,1427461461
54823,Aman,,34610,67252,0,-1,0,0,0,0,0,0,0,0,0,0,27931,136,691,0,3,37290240,0,268435456,51722,0,0,-1321907123,1427461461
54824,Trümmerstück,,34611,67252,0,-1,0,0,0,0,0,0,0,0,0,0,27932,136,691,0,3,37290240,0,268435456,51722,0,0,-1321907123,1427461461
54825,Alash'anir,,34612,67252,0,-1,0,0,0,0,0,0,0,0,0,0,27933,136,691,0,3,37290240,0,268435456,51722,0,0,-1321907123,1427461461
54826,Wahnfeder,,34613,67252,0,-1,0,0,0,0,0,0,0,0,0,0,27935,135,691,0,3,37290304,0,268435456,51722,0,0,-1321907123,1427461461
54827,Gren Fetzfell,,34614,67252,0,-1,0,0,0,0,0,0,0,0,0,0,27936,135,691,0,3,37290304,0,268435456,51722,0,0,-1321907123,1427461461
54828,Zwielichtprophet Graeme,,34615,67252,0,-1,0,0,0,0,0,0,0,0,0,0,27937,135,691,0,3,37290304,0,268435456,51722,0,0,-1321907123,1427461461
54829,Steinbinderin Ssra'vess,,34616,67252,0,-1,0,0,0,0,0,0,0,0,0,0,27938,135,691,0,3,37290304,0,268435456,51722,0,0,-1321907123,1427461461
54830,Mrggr'marr,,34617,67252,0,-1,0,0,0,0,0,0,0,0,0,0,27939,135,691,0,3,37290304,0,268435456,51722,0,0,-1321907123,1427461461
54831,Schimmerpanzer,,34618,67252,0,-1,0,0,0,0,0,0,0,0,0,0,27940,135,691,0,3,37290304,0,268435456,51722,0,0,-1321907123,1427461461
54832,Glrglrr,,34619,67252,0,-1,0,0,0,0,0,0,0,0,0,0,27941,135,691,0,3,37290304,0,268435456,51722,0,0,-1321907123,1427461461
54833,Schuppenscheusal,,34620,67252,0,-1,0,0,0,0,0,0,0,0,0,0,27942,135,691,0,3,37290304,0,268435456,51722,0,0,-1321907123,1427461461
54834,Kommandant Ral'esh,,34621,67252,0,-1,0,0,0,0,0,0,0,0,0,0,27943,135,691,0,3,37290304,0,268435456,51722,0,0,-1321907123,1427461461
54835,Moxo der Köpfer,,34622,67252,0,-1,0,0,0,0,0,0,0,0,0,0,27944,135,691,0,3,37290304,0,268435456,51722,0,0,-1321907123,1427461461
54836,Kommandant Drald,,34623,67252,0,-1,0,0,0,0,0,0,0,0,0,0,27945,135,691,0,3,37290304,0,268435456,51722,0,0,-1321907123,1427461461
54837,Abfackler Modell V,,34624,67252,0,-1,0,0,0,0,0,0,0,0,0,0,27946,135,691,0,3,37290304,0,268435456,51722,0,0,-1321907123,1427461461
54838,Croz Blutzorn,,34625,67252,0,-1,0,0,0,0,0,0,0,0,0,0,27947,135,691,0,3,37290304,0,268435456,51722,0,0,-1321907123,1427461461
54839,Rechtmäßig unser,,34626,65921,0,-1,0,0,0,0,0,0,0,0,0,0,27950,260,706,0,3,40436032,8192,268435456,0,0,0,-1321907123,1427461461
54840,Agathe Wyrmholz,,34627,67252,0,-1,0,0,0,0,0,0,0,0,0,0,27948,135,691,0,3,37290304,0,268435456,51722,0,0,-1321907123,1427461461
54841,Orwell Stevenson,,34628,67252,0,-1,0,0,0,0,0,0,0,0,0,0,27949,135,691,0,3,37290304,0,268435456,51722,0,0,-1321907123,1427461461
54856,Bilgewasserbanditen,,34638,67252,0,-1,0,0,0,0,0,0,0,0,0,0,28049,109,691,0,3,34144512,0,268435456,51722,0,0,-1321907123,1427461461
54857,Das Blatt wenden,,34639,67252,0,-1,0,0,0,0,0,0,0,0,0,0,28050,109,691,0,3,36241664,0,268435456,51722,0,0,-1321907123,1427461461
54858,Volle Gleve,,34640,67252,0,-1,0,0,0,0,0,0,0,0,0,0,28048,109,691,0,3,40435968,0,268435456,51722,0,0,-1321907123,1427461461
54895,Ivus der Verfallene,,34676,67252,0,-1,0,0,0,0,0,0,0,0,0,0,0,112,691,0,3,37290304,0,268435456,51722,0,0,-1321907123,1427461461
54896,Ivus der Waldlord,,34677,67254,0,-1,0,0,0,0,0,0,0,0,0,0,0,112,691,0,3,37290304,0,268435456,51722,0,0,1309324210,-1440044374
54949,Mehr Mäuler zu stopfen,,34725,70829,0,-1,0,0,0,0,0,0,0,0,0,166905,29155,266,690,0,2,37880064,40960,268435968,0,0,0,-1321907123,1427461461
54965,Zerteilte Bots,,34741,67818,0,-1,0,0,0,0,0,0,0,0,0,0,0,0,7209,0,2,36700416,32768,268435968,55736,0,0,-1,-1
55032,Entfesselter Widerstand,,34788,70829,0,-1,0,0,0,0,0,0,0,0,0,0,29156,266,690,0,2,37880064,40960,268435968,0,0,0,-1321907123,1427461461
55215,Der Kreislauf des Lebens,,34953,55564,0,-1,0,0,0,0,0,0,0,0,0,0,28301,152,464,0,3,-2110193408,0,268435456,0,0,0,-1,-1
55264,Kalligraphie,,34999,55564,0,-1,0,0,0,0,0,0,0,0,0,0,28332,152,464,0,3,-2110193408,0,268435456,0,0,0,-1321907123,1427461461
55300,Der Kreislauf des Lebens,,35018,55564,0,-1,0,0,0,0,0,0,0,0,0,0,28352,152,464,0,3,-2110193408,0,268435456,0,0,0,-1,-1
55301,Der Kreislauf des Lebens,,35019,55564,0,-1,0,0,0,0,0,0,0,0,0,0,28353,152,464,0,3,-2110193408,0,268435456,0,0,0,-1,-1
55302,Der Kreislauf des Lebens,,35020,55564,0,-1,0,0,0,0,0,0,0,0,0,0,28354,152,464,0,3,-2110193408,0,268435456,0,0,0,-1,-1
55303,Der Kreislauf des Lebens,,35021,55564,0,-1,0,0,0,0,0,0,0,0,0,0,28355,152,464,0,3,-2110193408,0,268435456,0,0,0,-1,-1
55304,Der Kreislauf des Lebens,,35022,55564,0,-1,0,0,0,0,0,0,0,0,0,0,28356,152,464,0,3,-2110193408,0,268435456,0,0,0,-1,-1
55340,Kalligraphie,,35057,55564,0,-1,0,0,0,0,0,0,0,0,0,0,28368,152,464,0,3,-2110193408,0,268435456,0,0,0,-1321907123,1427461461
55341,Kalligraphie,,35058,55564,0,-1,0,0,0,0,0,0,0,0,0,0,28369,152,464,0,3,-2110193408,0,268435456,0,0,0,-1321907123,1427461461
55342,Kalligraphie,,35059,55564,0,-1,0,0,0,0,0,0,0,0,0,0,28368,152,464,0,3,-2110193408,0,268435456,0,0,0,1309324210,-1440044374
55343,Kalligraphie,,35060,55564,0,-1,0,0,0,0,0,0,0,0,0,0,28332,152,464,0,3,-2110193408,0,268435456,0,0,0,1309324210,-1440044374
55344,Kalligraphie,,35061,55564,0,-1,0,0,0,0,0,0,0,0,0,0,28369,152,464,0,3,-2110193408,0,268435456,0,0,0,1309324210,-1440044374
55350,Angriff: Vorstoß der Amathet,Kehrt zu Hochkommandant Kamses in Ramkahen zurück.,35065,75566,0,-1,0,0,0,0,0,0,0,0,0,0,30233,268,703,0,3,36176128,524288,268435458,0,0,0,-1,-1
55354,Die Front am Vir'naal,,35068,77117,0,-1,0,0,0,0,0,0,0,0,0,0,31039,109,703,0,3,36241408,524288,268447744,55349,0,0,-1,-1
55355,Ausbildungsgelände der Lichtklingen,,35069,77117,0,-1,0,0,0,0,0,0,0,0,0,0,31038,109,703,0,3,36241408,524288,268447744,55349,0,0,-1,-1
55356,Leuchtfeuer des Sonnenkönigs,,35070,77117,0,-1,0,0,0,0,0,0,0,0,0,0,31032,109,703,0,3,36241408,524288,268447744,0,0,0,-1,-1
55357,Leuchtfeuer des Sonnenkönigs,,35071,77117,0,-1,0,0,0,0,0,0,0,0,0,0,31033,109,703,0,3,36241408,524288,268447744,55349,0,0,-1,-1
55358,Leuchtfeuer des Sonnenkönigs,,35072,77117,0,-1,0,0,0,0,0,0,0,0,0,0,31034,109,703,0,3,36241408,524288,268447744,55349,0,0,-1,-1
55359,Ritual der Vormacht,,35073,77117,0,-1,0,0,0,0,0,0,0,0,0,0,31035,109,703,0,3,36241408,524288,268447744,55349,0,0,-1,-1
55360,Das entsiegelte Grab,,35074,77117,0,-1,0,0,0,0,0,0,0,0,0,0,31036,109,703,0,3,36241408,524288,268447744,55349,0,0,-1,-1
55361,Der verlorene Schamane,,35075,0,0,-1,0,0,0,0,0,0,0,0,0,0,0,0,690,0,2,38928384,8192,268435968,56350,0,0,-1321907123,1427461461
55362,Elementarer Zorn,,35076,0,0,-1,0,0,0,0,0,0,0,0,0,167748,0,0,690,0,2,306315264,8192,268435968,55361,0,0,-1321907123,1427461461
55363,Rettet den Scharfseher,,35077,0,0,-1,0,0,0,0,0,0,0,0,0,0,0,0,690,0,2,39976960,8192,268435968,55361,0,0,-1321907123,1427461461
55466,Vuk'laz der Erdbrecher,,35180,75790,0,-1,0,0,0,0,0,0,0,0,0,0,30713,112,703,0,3,37290304,0,268435456,55349,0,0,-1,-1
55625,Perlen von unvorstellbarer Macht,,35322,70830,0,-1,0,0,0,0,0,0,0,0,0,0,29157,266,690,0,2,37880064,40960,268435968,0,0,0,-1321907123,1427461461
55629,Vignette - Kaneb-ti,,35326,0,0,-1,0,0,0,0,0,0,0,0,0,0,0,0,0,0,3,33559552,0,0,0,0,0,-1,-1
55633,Die versunkene Truhe,,35330,70828,0,-1,0,0,0,0,0,0,0,0,0,0,29158,266,690,0,2,37880064,40960,268435968,0,0,0,-1321907123,1427461461
55636,Ein Lebenswerk,,35331,70830,0,-1,0,0,0,0,0,0,0,0,0,0,29159,266,690,0,2,39846144,40960,268435968,0,0,0,-1321907123,1427461461
55637,Arme Seelen in Not,,35332,70828,0,-1,0,0,0,0,0,0,0,0,0,0,29160,266,690,0,2,37748992,40960,268435968,0,0,0,-1321907123,1427461461
55638,Kelpbeerenwein keltern,,35333,71080,0,-1,0,0,0,0,0,0,0,0,0,0,29247,266,690,0,2,37749000,40960,268435968,0,0,0,1309324210,-1440044374
55640,Vision von Sturmwind,,35335,0,0,-1,0,0,0,0,0,0,0,0,0,0,3785,135,737,0,3,67731456,0,268435456,0,0,0,-1,-1
55659,Relikte der Zerschlagung,,35351,70829,0,-1,0,0,0,0,0,0,0,0,0,0,29161,266,690,0,2,37748992,40960,268435968,0,0,0,-1321907123,1427461461
55661,Giftiges mit Gift bekämpfen,,35353,71080,0,-1,0,0,0,0,0,0,0,0,0,0,29248,266,690,0,2,4325640,40960,268435968,0,0,0,1309324210,-1440044374
55662,Arkane Truhe,,35354,70829,0,-1,0,0,0,0,0,0,0,0,0,0,29162,266,690,0,2,37748992,40960,268435968,0,0,0,-1321907123,1427461461
55663,Kaputter Kontrolleur,,35355,71080,0,-1,0,0,0,0,0,0,0,0,0,0,29249,266,690,0,2,37749000,40960,268435968,0,0,0,1309324210,-1440044374
55664,Tiefschlag für die Moral,,35356,71082,0,-1,0,0,0,0,0,0,0,0,0,0,29250,266,690,0,2,33554696,32768,268435968,0,0,0,1309324210,-1440044374
55665,Der finstere Garten,,35357,71081,0,-1,0,0,0,0,0,0,0,0,0,0,29251,266,690,0,2,36700424,32768,268435968,0,0,0,1309324210,-1440044374
55670,Raubflotte der Amathet,,35362,77117,0,-1,0,0,0,0,0,0,0,0,0,0,31037,109,703,0,3,36241408,532480,268447744,55349,0,0,-1,-1
55681,Krabbe markiert die Stelle,,35375,70828,0,-1,0,0,0,0,0,0,0,0,0,0,29163,266,690,0,2,37814528,40960,268435968,0,0,0,-1321907123,1427461461
55683,Vergessene Erinnerungen,,35377,70830,0,-1,0,0,0,0,0,0,0,0,0,0,29164,266,690,0,2,37748992,40960,268435968,0,0,0,-1321907123,1427461461
55695,Der Duft nach neuem Gefährt,,35387,70583,0,-1,1,0,0,0,0,0,0,0,0,0,0,0,7209,0,2,39850240,40960,268435968,55736,54929,0,-1,-1
55701,Schnappdrachenklauen,,35393,70829,0,-1,0,0,0,0,0,0,0,0,0,0,29165,266,690,0,2,39846144,40960,268435968,0,0,0,-1321907123,1427461461
55714,Leerentruhe,,35401,70830,0,-1,0,0,0,0,0,0,0,0,0,0,29166,266,690,0,2,37748992,40960,268435968,0,0,0,-1321907123,1427461461
55715,Speisung der Vielen,,35402,71081,0,-1,0,0,0,0,0,0,0,0,0,168253,29252,266,690,0,2,37749000,40960,268435968,0,0,0,1309324210,-1440044374
55716,Vignette - Uat-ka the Sun's Wrath,,35403,0,0,-1,0,0,0,0,0,0,0,0,0,0,0,0,0,0,3,33559560,0,0,0,0,0,-1,-1
55728,Verstärkte Truhe,,35415,70828,0,-1,0,0,0,0,0,0,0,0,0,0,29167,266,690,0,2,37748992,40960,268435968,0,0,0,-1321907123,1427461461
55750,GESUCHT: Lady Naz'jess,,35432,70828,0,-1,0,0,0,0,0,0,0,0,0,0,29168,266,690,0,2,37748992,40960,268435968,0,0,0,-1321907123,1427461461
55751,Das Herz des Wassers,,35433,71081,0,-1,0,0,0,0,0,0,0,0,0,0,29253,266,690,0,2,33554696,32768,268435968,0,0,0,1309324210,-1440044374
55766,Sie mauschelt mit Muscheln,,35448,71081,0,-1,0,0,0,0,0,0,0,0,0,0,29254,266,690,0,2,33554696,32768,268435968,0,0,0,1309324210,-1440044374
55767,Irreführung,,35449,71081,0,-1,0,0,0,0,0,0,0,0,0,0,29255,266,690,0,2,39846152,40960,268435968,0,0,0,1309324210,-1440044374
55768,Junger Seetang,,35450,71080,0,-1,0,0,0,0,0,0,0,0,0,0,29256,266,690,0,2,33554696,32768,268435968,0,0,0,1309324210,-1440044374
55770,GESUCHT: Kommandant Sarj'eth,,35452,70830,0,-1,0,0,0,0,0,0,0,0,0,0,29169,266,690,0,2,37748992,40960,268435968,0,0,0,-1321907123,1427461461
55771,GESUCHT: Lord Ha'kass,,35453,70828,0,-1,0,0,0,0,0,0,0,0,0,0,29170,266,690,0,2,37748992,40960,268435968,0,0,0,-1321907123,1427461461
55772,GESUCHT: Lady Narjiss,,35454,70830,0,-1,0,0,0,0,0,0,0,0,0,0,29171,266,690,0,2,37748992,40960,268435968,0,0,0,-1321907123,1427461461
55773,GESUCHT: Gler'thogg,,35455,70828,0,-1,0,0,0,0,0,0,0,0,0,0,29172,266,690,0,2,37748992,40960,268435968,0,0,0,-1321907123,1427461461
55774,GESUCHT: Inquisitor Ithriza,,35456,70830,0,-1,0,0,0,0,0,0,0,0,0,0,29173,266,690,0,2,37748992,40960,268435968,0,0,0,-1321907123,1427461461
55775,GESUCHT: Haggronar,,35457,70829,0,-1,0,0,0,0,0,0,0,0,0,0,29174,266,690,0,2,37748992,40960,268435968,0,0,0,-1321907123,1427461461
55776,GESUCHT: Emorneth,,35458,70829,0,-1,0,0,0,0,0,0,0,0,0,0,29175,266,690,0,2,37748992,40960,268435968,0,0,0,-1321907123,1427461461
55777,GESUCHT: Braxicus,,35459,70829,0,-1,0,0,0,0,0,0,0,0,0,0,29176,266,690,0,2,37748992,40960,268435968,0,0,0,-1321907123,1427461461
55813,Hohe Ziele,,35495,70584,0,-1,0,0,0,0,0,0,0,0,0,169279,0,0,7209,0,2,37753088,40960,268435968,55736,0,0,-1,-1
55845,Angriffspläne,,35526,70828,0,-1,0,0,0,0,0,0,0,0,0,168396,29177,266,690,0,2,37748992,40960,268435968,0,0,0,-1321907123,1427461461
55846,Verbotene Rituale,,35527,70830,0,-1,0,0,0,0,0,0,0,0,0,0,29178,266,690,0,2,37748992,40960,268435968,0,0,0,-1321907123,1427461461
55871,Freunde sammeln,,35552,71081,0,-1,0,0,0,0,0,0,0,0,0,168407,29257,266,690,0,2,37749000,40960,268435968,0,0,0,1309324210,-1440044374
55872,Wo sie sich verstecken,,35553,71082,0,-1,0,0,0,0,0,0,0,0,0,168432,29258,266,690,0,2,37749000,40960,268435968,0,0,0,1309324210,-1440044374
55873,Den Kritch töten,,35554,71080,0,-1,0,0,0,0,0,0,0,0,0,0,29259,266,690,0,2,37749000,40960,268435968,0,0,0,1309324210,-1440044374
55874,Geysire stopfen,,35555,71082,0,-1,0,0,0,0,0,0,0,0,0,168482,29261,266,690,0,2,37749000,40960,268435968,0,0,0,1309324210,-1440044374
55875,Geysire stopfen,,35556,71082,0,-1,0,0,0,0,0,0,0,0,0,168482,29262,266,690,0,2,37880072,40960,268435968,0,0,0,1309324210,-1440044374
55876,Geysire stopfen,,35557,71082,0,-1,0,0,0,0,0,0,0,0,0,168482,29263,266,690,0,2,37749000,40960,268435968,0,0,0,1309324210,-1440044374
55877,Geysire stopfen,,35558,71082,0,-1,0,0,0,0,0,0,0,0,0,168482,29264,266,690,0,2,37749000,40960,268435968,0,0,0,1309324210,-1440044374
55878,Geysire stopfen,,35559,71082,0,-1,0,0,0,0,0,0,0,0,0,168482,29265,266,690,0,2,37880072,40960,268435968,0,0,0,1309324210,-1440044374
55883,Wie ein Rochen durch die Lüfte,,35564,71081,0,-1,0,0,0,0,0,0,0,0,0,168425,29266,266,690,0,2,37749000,40960,268435968,0,0,0,1309324210,-1440044374
55884,Wahnsinnsverseuchung,,35565,70076,0,-1,0,0,0,0,0,0,0,0,0,0,28750,109,690,0,3,34144512,8192,268435456,0,0,0,-1,-1
55886,Der Metzler der Zanj'ir,,35567,70076,0,-1,0,0,0,0,0,0,0,0,0,0,28754,135,690,0,3,37290240,0,268435456,0,0,0,-1,-1
55887,Champion Donnerpfeil Alzana,,35568,70076,0,-1,0,0,0,0,0,0,0,0,0,0,28760,136,690,0,3,37290240,0,268435456,0,0,0,-1,-1
55888,Champion Eisspeer Qalina,,35569,70076,0,-1,0,0,0,0,0,0,0,0,0,0,28759,136,690,0,3,37290240,0,268435456,0,0,0,-1,-1
55889,Champion Kyx'zhul der Tiefensprecher,,35570,70076,0,-1,0,0,0,0,0,0,0,0,0,0,28758,136,690,0,3,37290240,0,268435456,0,0,0,-1,-1
55890,Champion Vyz'olgo der Willensdieb,,35571,70076,0,-1,0,0,0,0,0,0,0,0,0,0,28757,136,690,0,3,37290240,0,268435456,0,0,0,-1,-1
55891,"Champion Aldrantiss, Verteidiger ihres Königreichs",,35572,70076,0,-1,0,0,0,0,0,0,0,0,0,0,28756,136,690,0,3,37290240,0,268435456,0,0,0,-1,-1
55892,"Champion Eldanar, Schild ihrer Herrlichkeit",,35573,70076,0,-1,0,0,0,0,0,0,0,0,0,0,28755,136,690,0,3,37290240,0,268435456,0,0,0,-1,-1
55893,Zackenkamm Azanz,,35574,70076,0,-1,0,0,0,0,0,0,0,0,0,0,28768,135,690,0,3,37290240,0,268435456,0,0,0,-1,-1
55894,"Zoko, ihr eiserner Verteidiger",,35575,70076,0,-1,0,0,0,0,0,0,0,0,0,0,28767,135,690,0,3,37290240,0,268435456,0,0,0,-1,-1
55895,Eisige Winde von Zhiela,,35576,70076,0,-1,0,0,0,0,0,0,0,0,0,0,28766,135,690,0,3,37290240,0,268435456,0,0,0,-1,-1
55896,Eiskalte Assassine Undana,,35577,70076,0,-1,0,0,0,0,0,0,0,0,0,0,28765,135,690,0,3,37290240,0,268435456,0,0,0,-1,-1
55897,Sklavenbrecher Szun,,35578,70076,0,-1,0,0,0,0,0,0,0,0,0,0,28764,135,690,0,3,37290240,0,268435456,0,0,0,-1,-1
55898,Sturmsprecherin Shalan'ali,,35579,70076,0,-1,0,0,0,0,0,0,0,0,0,0,28763,135,690,0,3,37290240,0,268435456,0,0,0,-1,-1
55899,Sternsucher der Shirakess,,35580,70076,0,-1,0,0,0,0,0,0,0,0,0,0,28762,135,690,0,3,37290240,0,268435456,0,0,0,-1,-1
55900,"Kassar, Träger der Dunkelklingen",,35581,70076,0,-1,0,0,0,0,0,0,0,0,0,0,28761,135,690,0,3,37290240,0,268435456,0,0,0,-1,-1
55901,Rostbolzenwiderstand,,35582,70022,0,-1,131073,0,0,0,0,0,0,0,0,0,28998,109,7209,0,3,40436032,8192,268435456,56131,55623,0,-1,-1
55970,Zermürbungstaktik,,35649,70076,0,-1,0,0,0,0,0,0,0,0,0,0,28843,109,690,0,3,34144512,0,268435456,0,0,0,-1,-1
55973,Tiefennatternexperimente,,35650,70076,0,-1,0,0,0,0,0,0,0,0,0,168634,28845,109,690,0,3,34144512,0,268435456,0,0,0,-1,-1
55980,In die Schuppe gespuckt,,35656,71082,0,-1,0,0,0,0,0,0,0,0,0,0,29267,266,690,0,2,33554696,32768,268435968,0,0,0,1309324210,-1440044374
55982,Die Herren des Wassers,,35658,70076,0,-1,0,0,0,0,0,0,0,0,0,0,28867,109,690,0,3,34144512,0,268435456,0,0,0,-1,-1
55984,Eine gute Offensive,,35660,69973,0,-1,0,0,0,0,0,0,0,0,0,0,29268,266,690,0,2,38797576,40960,268435968,0,0,0,1309324210,-1440044374
55985,Ein besonderes Funkeln,,35661,71080,0,-1,0,0,0,0,0,0,0,0,0,0,29269,266,690,0,2,33554696,32768,268435968,0,0,0,1309324210,-1440044374
55986,Ei der Daus,,35662,71080,0,-1,0,0,0,0,0,0,0,0,0,0,29270,266,690,0,2,33554696,32768,268435968,0,0,0,1309324210,-1440044374
55993,Ein scharfer Vorsprung,,35669,71080,0,-1,0,0,0,0,0,0,0,0,0,0,29271,266,690,0,2,33554696,32768,268435968,0,0,0,1309324210,-1440044374
55994,Nicht zum Verzehr geeignet,,35670,70585,0,-1,131073,0,0,0,0,0,0,0,0,0,0,0,7209,0,2,40898816,40960,268435968,56328,56329,0,-1,-1
55997,Hungrige Hydras,,35673,70736,0,-1,0,0,0,0,0,0,0,0,0,0,28892,109,690,0,3,38338816,0,268435456,0,0,0,-1,-1
56000,Krosse Krabben!,,35676,70829,0,-1,0,0,0,0,0,0,0,0,0,0,29179,266,690,0,2,37748992,40960,268435968,0,0,0,-1321907123,1427461461
56001,Ohne Bier nix los,,35677,70828,0,-1,0,0,0,0,0,0,0,0,0,0,29180,266,690,0,2,37748992,40960,268435968,0,0,0,-1321907123,1427461461
56002,Mgglurkys Mugglrgl,,35678,70830,0,-1,0,0,0,0,0,0,0,0,0,0,29181,266,690,0,2,37748992,40960,268435968,0,0,0,-1321907123,1427461461
56003,Runenverriegelte Truhe,,35679,69938,0,-1,0,0,0,0,0,0,0,0,0,0,28898,109,690,0,3,36241664,0,268435456,0,0,0,-1,-1
56006,Runenverriegelte Truhe,,35682,69938,0,-1,0,0,0,0,0,0,0,0,0,0,28901,109,690,0,3,36241664,0,268435456,0,0,0,-1,-1
56007,Runenverriegelte Truhe,,35683,69938,0,-1,0,0,0,0,0,0,0,0,0,0,28903,109,690,0,3,36241664,0,268435456,0,0,0,-1,-1
56008,Runenverriegelte Truhe,,35684,69938,0,-1,0,0,0,0,0,0,0,0,0,0,28899,109,690,0,3,36241664,0,268435456,0,0,0,-1,-1
56009,Runenverriegelte Truhe,,35685,69938,0,-1,0,0,0,0,0,0,0,0,0,0,28900,109,690,0,3,36241664,0,268435456,0,0,0,-1,-1
56010,Runenverriegelte Truhe,,35686,69938,0,-1,0,0,0,0,0,0,0,0,0,0,28902,109,690,0,3,36241664,0,268435456,0,0,0,-1,-1
56011,Runenverriegelte Truhe,,35687,69938,0,-1,0,0,0,0,0,0,0,0,0,0,28905,109,690,0,3,36241664,0,268435456,0,0,0,-1,-1
56012,Runenverriegelte Truhe,,35688,69938,0,-1,0,0,0,0,0,0,0,0,0,0,28909,109,690,0,3,36241664,0,268435456,0,0,0,-1,-1
56013,Runenverriegelte Truhe,,35689,69938,0,-1,0,0,0,0,0,0,0,0,0,0,28906,109,690,0,3,36241664,0,268435456,0,0,0,-1,-1
56014,Runenverriegelte Truhe,,35690,69938,0,-1,0,0,0,0,0,0,0,0,0,0,28907,109,690,0,3,36241664,0,268435456,0,0,0,-1,-1
56015,Runenverriegelte Truhe,,35691,69938,0,-1,0,0,0,0,0,0,0,0,0,0,28904,109,690,0,3,36241664,0,268435456,0,0,0,-1,-1
56016,Runenverriegelte Truhe,,35692,69938,0,-1,0,0,0,0,0,0,0,0,0,0,28908,109,690,0,3,36241664,0,268435456,0,0,0,-1,-1
56017,Runenverriegelte Truhe,,35693,69938,0,-1,0,0,0,0,0,0,0,0,0,0,28911,109,690,0,3,36241664,0,268435456,0,0,0,-1,-1
56018,Runenverriegelte Truhe,,35694,69938,0,-1,0,0,0,0,0,0,0,0,0,0,28915,109,690,0,3,36241664,0,268435456,0,0,0,-1,-1
56019,Runenverriegelte Truhe,,35695,69938,0,-1,0,0,0,0,0,0,0,0,0,0,28912,109,690,0,3,36241664,0,268435456,0,0,0,-1,-1
56020,Runenverriegelte Truhe,,35696,69938,0,-1,0,0,0,0,0,0,0,0,0,0,28913,109,690,0,3,36241664,0,268435456,0,0,0,-1,-1
56021,Runenverriegelte Truhe,,35697,69938,0,-1,0,0,0,0,0,0,0,0,0,0,28910,109,690,0,3,36241664,0,268435456,0,0,0,-1,-1
56022,Runenverriegelte Truhe,,35698,69938,0,-1,0,0,0,0,0,0,0,0,0,0,28914,109,690,0,3,36241664,0,268435456,0,0,0,-1,-1
56023,Leyverriegelte Truhe,,35699,69938,0,-1,0,0,0,0,0,0,0,0,0,0,28918,109,690,0,3,34144512,0,268435456,0,0,0,-1,-1
56024,Leyverriegelte Truhe,,35700,69938,0,-1,0,0,0,0,0,0,0,0,0,0,28917,109,690,0,3,34144512,0,268435456,0,0,0,-1,-1
56025,Leyverriegelte Truhe,,35701,69938,0,-1,0,0,0,0,0,0,0,0,0,0,28916,109,690,0,3,34144512,0,268435456,0,0,0,-1,-1
56032,Das dreckige Dutzend,,35705,70076,0,-1,0,0,0,0,0,0,0,0,0,0,28939,109,690,0,3,34144512,0,268435456,0,0,0,-1,-1
56035,Muscheldelikatesse,,35707,71081,0,-1,0,0,0,0,0,0,0,0,0,168672,29272,266,690,0,2,37880072,40960,268435968,0,0,0,1309324210,-1440044374
56036,Eine dampfende Angelegenheit,,35708,70076,0,-1,0,0,0,0,0,0,0,0,0,0,28938,109,690,0,3,34144512,0,268435456,0,0,0,-1,-1
56041,Macht miese Muscheln munter,,35713,70076,0,-1,0,0,0,0,0,0,0,0,0,0,28945,109,690,0,3,38338816,0,268435456,0,0,0,-1,-1
56048,Die ertrunkenen Orakel,,35719,70076,0,-1,0,0,0,0,0,0,0,0,0,0,28949,109,690,0,3,34144512,8192,268435456,0,0,0,-1,-1
56050,PvP-Ereignis: Schlacht um Nazjatar,,35723,71797,0,-1,0,0,0,0,0,0,0,0,0,0,28948,113,464,0,3,622912,0,268435456,0,0,0,-1,-1
56056,Schrecken der Tiefe,,35729,70076,0,-1,0,0,0,0,0,0,0,0,0,0,28606,112,690,0,3,34144320,0,268435456,0,0,0,-1,-1
56057,Der Seelenbinder,,35730,70076,0,-1,0,0,0,0,0,0,0,0,0,0,28610,112,690,0,3,34144320,0,268435456,0,0,0,-1,-1
56064,Angriff: Das Schwarze Imperium,Kehrt zu Lehrensucher Cho im Heim des Wissens zurück.,35737,75565,0,-1,0,0,0,0,0,0,0,0,0,0,29473,268,703,0,3,34078976,524288,268435458,0,0,0,-1,-1
56074,Leerenleitung,,35747,77107,0,-1,0,0,0,0,0,0,0,0,0,0,31021,109,703,0,3,36241664,524288,268447744,0,0,0,-1,-1
56075,Gestohlene Kraft,,35748,71081,0,-1,0,0,0,0,0,0,0,0,0,0,29273,266,690,0,2,37749000,40960,268435968,0,0,0,1309324210,-1440044374
56076,Abyssisches Ritual,,35749,77107,0,-1,0,0,0,0,0,0,0,0,0,0,31024,109,703,0,3,36241664,524288,268447744,0,0,0,-1,-1
56078,Gegen den Strom,,35751,70076,0,-1,0,0,0,0,0,0,0,0,0,0,28975,109,690,0,3,38338816,8192,268435456,0,0,0,-1,-1
56082,Brutale Bots,,35755,70582,0,-1,0,0,0,0,0,0,0,0,0,0,0,0,7209,0,2,40898816,40960,268435968,55736,0,0,-1321907123,1427461461
56083,Gefährliche Arbeitsbedingungen,,35756,70582,0,-1,0,0,0,0,0,0,0,0,0,0,0,0,7209,0,2,37753088,8192,268435968,55736,0,0,1309324210,-1440044374
56090,Sturmbräustellung,,35762,77107,0,-1,0,0,0,0,0,0,0,0,0,0,31025,109,703,0,3,36241664,524288,268447744,0,0,0,-1,-1
56099,Quell der Verderbnis,,35772,77107,0,-1,0,0,0,0,0,0,0,0,0,0,31026,109,703,0,3,36241664,524288,268447744,0,0,0,-1,-1
56121,Quirlige Quallen,,35793,70076,0,-1,0,0,0,0,0,0,0,0,0,0,28993,109,690,0,3,34144512,0,268435456,0,0,0,-1,-1
56131,Sicherheit geht vor,,35801,70252,0,-1,131073,0,0,0,0,0,0,0,0,0,28997,109,7209,0,3,40436032,8192,268435456,55736,55623,0,-1,-1
56139,Schrottschätze,,35809,70022,0,-1,131073,0,0,0,0,0,0,0,0,0,28874,109,7209,0,3,6881600,8256,268435456,56131,55623,0,-1,-1
56141,Sicherheit geht vor,,35811,70022,0,-1,131073,0,0,0,0,0,0,0,0,0,28999,109,7209,0,3,40436032,8192,268435456,56131,55623,0,-1,-1
56146,Kelpbeerenwein keltern,,35333,70828,0,-1,0,0,0,0,0,0,0,0,0,0,29182,266,690,0,2,37748992,40960,268435968,0,0,0,-1321907123,1427461461
56149,Speisung der Vielen,,35819,70829,0,-1,0,0,0,0,0,0,0,0,0,168253,29184,266,690,0,2,37748992,40960,268435968,0,0,0,-1321907123,1427461461
56150,Den Kritch töten,,35820,70829,0,-1,0,0,0,0,0,0,0,0,0,0,29186,266,690,0,2,37748992,40960,268435968,0,0,0,-1321907123,1427461461
56151,Poens Leibgericht,,35963,71081,0,-1,0,0,0,0,0,0,0,0,0,0,29274,266,690,0,2,33554696,32768,268435968,0,0,0,1309324210,-1440044374
56152,In die Schuppe gespuckt,,35822,70829,0,-1,0,0,0,0,0,0,0,0,0,0,29193,266,690,0,2,37748992,40960,268435968,0,0,0,-1321907123,1427461461
56153,Muscheldelikatesse,,35707,70828,0,-1,0,0,0,0,0,0,0,0,0,168672,29194,266,690,0,2,37880064,40960,268435968,0,0,0,-1321907123,1427461461
56154,Wo sie sich verstecken,,35824,70828,0,-1,0,0,0,0,0,0,0,0,0,168432,29185,266,690,0,2,37748992,40960,268435968,0,0,0,-1321907123,1427461461
56155,Geysire stopfen,,35555,70830,0,-1,0,0,0,0,0,0,0,0,0,168482,29187,266,690,0,2,37748992,40960,268435968,0,0,0,-1321907123,1427461461
56156,Eine gehärtete Klinge,,35826,0,0,-1,0,0,0,0,0,0,0,0,0,0,0,0,690,0,2,40894464,8192,268435968,55363,0,0,-1321907123,1427461461
56157,Geysire stopfen,,35556,70830,0,-1,0,0,0,0,0,0,0,0,0,168482,29188,266,690,0,2,37880064,40960,268435968,0,0,0,-1321907123,1427461461
56158,Geysire stopfen,,35557,70830,0,-1,0,0,0,0,0,0,0,0,0,168482,29189,266,690,0,2,37748992,40960,268435968,0,0,0,-1321907123,1427461461
56159,Geysire stopfen,,35558,70830,0,-1,0,0,0,0,0,0,0,0,0,168482,29190,266,690,0,2,37748992,40960,268435968,0,0,0,-1321907123,1427461461
56160,Geysire stopfen,,35559,70828,0,-1,0,0,0,0,0,0,0,0,0,168482,29192,266,690,0,2,37880064,40960,268435968,0,0,0,-1321907123,1427461461
56163,Gebundener Elementar,,35829,77107,0,-1,0,0,0,0,0,0,0,0,0,0,31027,109,703,0,3,36241664,524288,268447744,0,0,0,-1,-1
56177,Leerenleitung,,35843,77107,0,-1,0,0,0,0,0,0,0,0,0,0,31022,109,703,0,3,36241664,524288,268447744,0,0,0,-1,-1
56178,Leerenleitung,,35844,77107,0,-1,0,0,0,0,0,0,0,0,0,0,31023,109,703,0,3,36241664,524288,268447744,0,0,0,-1,-1
56180,Gebundener Elementar,,35846,77107,0,-1,0,0,0,0,0,0,0,0,0,0,31028,109,703,0,3,36241664,524288,268447744,0,0,0,-1,-1
56222,GESUCHT: Lady Naz'jess,,35888,71082,0,-1,0,0,0,0,0,0,0,0,0,0,29275,266,690,0,2,37748992,40960,268435968,0,0,0,-1,-1
56223,GESUCHT: Kommandant Sarj'eth,,35889,71080,0,-1,0,0,0,0,0,0,0,0,0,0,29276,266,690,0,2,37748992,40960,268435968,0,0,0,-1,-1
56224,GESUCHT: Lord Ha'kass,,35890,71082,0,-1,0,0,0,0,0,0,0,0,0,0,29277,266,690,0,2,37748992,40960,268435968,0,0,0,-1,-1
56225,GESUCHT: Lady Narjiss,,35891,71080,0,-1,0,0,0,0,0,0,0,0,0,0,29278,266,690,0,2,37748992,40960,268435968,0,0,0,-1,-1
56226,GESUCHT: Gler'thogg,,35892,71082,0,-1,0,0,0,0,0,0,0,0,0,0,29279,266,690,0,2,37748992,40960,268435968,0,0,0,-1,-1
56227,GESUCHT: Inquisitor Ithriza,,35893,71080,0,-1,0,0,0,0,0,0,0,0,0,0,29280,266,690,0,2,37748992,40960,268435968,0,0,0,-1,-1
56231,Verstärkte Truhe,,35897,71082,0,-1,0,0,0,0,0,0,0,0,0,0,29281,266,690,0,2,37748992,40960,268435968,0,0,0,1309324210,-1440044374
56232,Leerentruhe,,35898,71080,0,-1,0,0,0,0,0,0,0,0,0,0,29282,266,690,0,2,37748992,40960,268435968,0,0,0,1309324210,-1440044374
56233,Arkane Truhe,,35899,71081,0,-1,0,0,0,0,0,0,0,0,0,0,29283,266,690,0,2,37748992,40960,268435968,0,0,0,1309324210,-1440044374
56264,Krosse Krabben!,,35925,71081,0,-1,0,0,0,0,0,0,0,0,0,0,29284,266,690,0,2,37748992,40960,268435968,0,0,0,1309324210,-1440044374
56265,Ohne Bier nix los,,35926,71081,0,-1,0,0,0,0,0,0,0,0,0,0,29285,266,690,0,2,37748992,40960,268435968,0,0,0,1309324210,-1440044374
56266,Mgglurkys Mugglrgl,,35927,71080,0,-1,0,0,0,0,0,0,0,0,0,0,29287,266,690,0,2,37748992,40960,268435968,0,0,0,1309324210,-1440044374
56308,Angriff: Ausgegrabene Aqir,Kehrt zu Arik Skorpidstich am Obelisken des Mondes zurück.,35970,75566,0,-1,0,0,0,0,0,0,0,0,0,0,29038,268,703,0,3,36176128,524288,268435458,0,0,0,-1,-1
56326,Rettung vor den Raben,,35982,71222,0,-1,1,0,0,0,0,0,0,0,0,0,0,0,7209,0,2,37753088,41024,268435968,55736,0,0,-1,-1
56327,Zerteilte Bots,,35983,70581,0,-1,131073,0,0,0,0,0,0,0,0,0,0,0,7209,0,2,40898816,8192,268435968,54965,56330,0,-1,-1
56328,Nicht zum Verzehr geeignet,,35984,0,0,-1,0,0,0,0,0,0,0,0,0,0,0,0,7209,0,2,39846144,40960,268435968,55736,0,0,-1,-1
56330,Tracking Quest,,35986,0,0,-1,0,0,0,0,0,0,0,0,0,0,0,0,0,0,2,33559560,0,512,0,0,0,-1,-1
56334,Bots außer Kontrolle,,35990,71223,0,-1,0,0,0,0,0,0,0,0,0,0,0,0,7209,0,2,37753088,40960,268435968,55736,0,0,-1,-1
56370,Ei der Daus,,35662,70829,0,-1,0,0,0,0,0,0,0,0,0,0,29183,266,690,0,2,37748992,40960,268435968,0,0,0,-1321907123,1427461461
56373,Ausgeschluckt,,36019,71224,0,-1,0,0,0,0,0,2592,1,0,0,0,0,0,7209,0,2,39850240,40960,268435968,55736,0,0,-1,-1
56380,Vom Himmel geholt,,36026,71225,0,-1,0,0,0,0,0,0,0,0,0,0,0,0,7209,0,2,39850240,40960,268435968,55736,0,0,-1,-1
56381,Prinz Wackelschwänzchen,,36027,70722,0,-1,0,0,0,0,0,0,0,0,0,0,29111,115,690,0,3,3735808,0,268435456,0,0,0,-1,-1
56382,Happs,,36028,70722,0,-1,0,0,0,0,0,0,0,0,0,0,29112,115,690,0,3,3735808,0,268435456,0,0,0,-1,-1
56383,Stille,,36029,70722,0,-1,0,0,0,0,0,0,0,0,0,0,29113,115,690,0,3,3735808,0,268435456,0,0,0,-1,-1
56384,Schattenstachellauerer,,36030,70722,0,-1,0,0,0,0,0,0,0,0,0,0,29114,115,690,0,3,3735808,0,268435456,0,0,0,-1,-1
56385,Perlenschalenkrabbler,,36031,70722,0,-1,0,0,0,0,0,0,0,0,0,0,29115,115,690,0,3,3735808,0,268435456,0,0,0,-1,-1
56386,Brutälteste von Nalaada,,36032,70722,0,-1,0,0,0,0,0,0,0,0,0,0,29116,115,690,0,3,3735808,0,268435456,0,0,0,-1,-1
56387,Gefräßige Schattenbrut,,36033,70722,0,-1,0,0,0,0,0,0,0,0,0,0,29117,115,690,0,3,3735808,0,268435456,0,0,0,-1,-1
56388,Gedankenknechter,,36034,70722,0,-1,0,0,0,0,0,0,0,0,0,0,29118,115,690,0,3,3735808,0,268435456,0,0,0,-1,-1
56389,Tangstein,,36035,70722,0,-1,0,0,0,0,0,0,0,0,0,0,29119,115,690,0,3,3735808,0,268435456,0,0,0,-1,-1
56390,Voltschlinger,,36036,70722,0,-1,0,0,0,0,0,0,0,0,0,0,29120,115,690,0,3,3735808,0,268435456,0,0,0,-1,-1
56391,Rasender Messerzahn,,36037,70722,0,-1,0,0,0,0,0,0,0,0,0,0,29121,115,690,0,3,3735808,0,268435456,0,0,0,-1,-1
56392,Riesige Opalschnecke,,36038,70722,0,-1,0,0,0,0,0,0,0,0,0,0,29122,115,690,0,3,3735808,0,268435456,0,0,0,-1,-1
56393,Gnomfrühstücker,,36039,70723,0,-1,0,0,0,0,0,0,0,0,0,0,29123,115,7209,0,3,3735808,0,268435456,0,0,0,-1,-1
56394,Plapperröhre,,36040,70723,0,-1,0,0,0,0,0,0,0,0,0,0,29124,115,7209,0,3,3735808,0,268435456,0,0,0,-1,-1
56395,Goldbot XD,,36041,70723,0,-1,0,0,0,0,0,0,0,0,0,0,29125,115,7209,0,3,3735808,0,268435456,0,0,0,-1,-1
56396,Quietschklirr,,36042,70723,0,-1,0,0,0,0,0,0,0,0,0,0,29126,115,7209,0,3,3735808,0,268435456,0,0,0,-1,-1
56397,Mikrounterdrückungseinheit CK-9,,36043,70723,0,-1,0,0,0,0,0,0,0,0,0,0,29127,115,7209,0,3,3735808,0,268435456,0,0,0,-1,-1
56398,Einheit 35,,36044,70723,0,-1,0,0,0,0,0,0,0,0,0,0,29128,115,7209,0,3,3735808,0,268435456,0,0,0,-1,-1
56399,Einheit 6,,36045,70723,0,-1,0,0,0,0,0,0,0,0,0,0,29129,115,7209,0,3,3735808,0,268435456,0,0,0,-1,-1
56400,Einheit 17,,36046,70723,0,-1,0,0,0,0,0,0,0,0,0,0,29130,115,7209,0,3,3735808,0,268435456,0,0,0,-1,-1
56402,Münzen der Wüstenwanderer,,36048,76114,0,-1,0,0,0,0,0,0,0,0,0,0,31209,0,703,0,2,35651720,32768,268435968,57915,0,0,-1,-1
56434,GESUCHT: Zankfett und Rohtrogg,,36064,71226,0,-1,0,0,0,0,0,0,0,0,0,0,0,1,7209,0,2,39850240,40960,268435968,55736,0,0,-1,-1
56532,Norbit der Zerstörer,,36148,71227,0,-1,0,0,0,0,0,0,0,0,0,0,0,0,7209,0,2,39850240,40960,268435968,55736,0,0,-1,-1
56550,Leichenbeseitigung,,36166,76113,0,-1,0,0,0,0,0,0,0,0,0,174323,31208,0,703,0,2,35651720,32768,268435968,57954,0,0,-1,-1
56570,Arbeitsauftrag: Großes Fläschchen der Ströme,,36179,70076,0,-1,0,0,0,0,0,2478,1,0,0,0,29350,118,464,0,3,524608,0,268435458,0,0,0,-1321907123,1427461461
56767,Arbeitsauftrag: Großes Fläschchen der unendlichen Tiefe,,36372,70076,0,-1,0,0,0,0,0,2478,1,0,0,0,29351,118,464,0,3,524608,0,268435458,0,0,0,-1321907123,1427461461
56768,Arbeitsauftrag: Großes Fläschchen des Tiefensogs,,36373,70076,0,-1,0,0,0,0,0,2478,1,0,0,0,29352,118,464,0,3,524608,0,268435458,0,0,0,-1321907123,1427461461
56769,Arbeitsauftrag: Großes Fläschchen des weiten Horizonts,,36374,70076,0,-1,0,0,0,0,0,2478,1,0,0,0,29353,118,464,0,3,524608,0,268435458,0,0,0,-1321907123,1427461461
56770,Arbeitsauftrag: Großes Fläschchen der Ströme,,36179,70076,0,-1,0,0,0,0,0,2478,1,0,0,0,29350,118,464,0,3,524608,0,268435458,0,0,0,1309324210,-1440044374
56772,Arbeitsauftrag: Großes Fläschchen der unendlichen Tiefe,,36372,70076,0,-1,0,0,0,0,0,2478,1,0,0,0,29351,118,464,0,3,524608,0,268435458,0,0,0,1309324210,-1440044374
56773,Arbeitsauftrag: Großes Fläschchen des weiten Horizonts,,36374,70076,0,-1,0,0,0,0,0,2478,1,0,0,0,29353,118,464,0,3,524608,0,268435458,0,0,0,1309324210,-1440044374
56774,Arbeitsauftrag: Großes Fläschchen des Tiefensogs,,36373,70076,0,-1,0,0,0,0,0,2478,1,0,0,0,29352,118,464,0,3,524608,0,268435458,0,0,0,1309324210,-1440044374
56793,"Arbeitsauftrag: Mech-Dowels ""Big Mech""",,36394,70076,0,-1,0,0,0,0,0,2541,1,0,0,0,29413,131,464,0,3,524608,0,268435458,0,0,0,-1321907123,1427461461
56794,Arbeitsauftrag: Backportoffel,,36395,70076,0,-1,0,0,0,0,0,2541,1,0,0,0,29414,131,464,0,3,524608,0,268435458,0,0,0,-1321907123,1427461461
56795,Arbeitsauftrag: Frikadelle à la Abgrund,,36396,70076,0,-1,0,0,0,0,0,2541,1,0,0,0,29415,131,464,0,3,524608,0,268435458,0,0,0,-1321907123,1427461461
56796,Arbeitsauftrag: Duftende Kakavia,,36397,70076,0,-1,0,0,0,0,0,2541,1,0,0,0,29416,131,464,0,3,524608,0,268435458,0,0,0,-1321907123,1427461461
56797,Arbeitsauftrag: Bil'Tong,,36398,70076,0,-1,0,0,0,0,0,2541,1,0,0,0,29417,131,464,0,3,524608,0,268435458,0,0,0,-1321907123,1427461461
56798,Arbeitsauftrag: Bil'Tong,,36398,70076,0,-1,0,0,0,0,0,2541,1,0,0,0,29417,131,464,0,3,524608,0,268435458,0,0,0,1309324210,-1440044374
56799,Arbeitsauftrag: Duftende Kakavia,,36397,70076,0,-1,0,0,0,0,0,2541,1,0,0,0,29416,131,464,0,3,524608,0,268435458,0,0,0,1309324210,-1440044374
56800,Arbeitsauftrag: Frikadelle à la Abgrund,,36396,70076,0,-1,0,0,0,0,0,2541,1,0,0,0,29415,131,464,0,3,524608,0,268435458,0,0,0,1309324210,-1440044374
56801,Arbeitsauftrag: Backportoffel,,36395,70076,0,-1,0,0,0,0,0,2541,1,0,0,0,29414,131,464,0,3,524608,0,268435458,0,0,0,1309324210,-1440044374
56802,"Arbeitsauftrag: Mech-Dowels ""Big Mech""",,36394,70076,0,-1,0,0,0,0,0,2541,1,0,0,0,29413,131,464,0,3,524608,0,268435458,0,0,0,1309324210,-1440044374
56818,Arbeitsauftrag: Waffe - Nagahaut,,36530,70076,0,-1,0,0,0,0,0,2486,1,0,0,0,29412,123,464,0,3,524608,0,268435458,0,0,0,1309324210,-1440044374
56819,Arbeitsauftrag: Waffe - Ozeanische Wiederherstellung,,36414,70076,0,-1,0,0,0,0,0,2486,1,0,0,0,29410,123,464,0,3,524608,0,268435458,0,0,0,1309324210,-1440044374
56820,Arbeitsauftrag: Waffe - Kraftmultiplikator,,36415,70076,0,-1,0,0,0,0,0,2486,1,0,0,0,29411,123,464,0,3,524608,0,268435458,0,0,0,1309324210,-1440044374
56821,Arbeitsauftrag: Waffe - Brillanz des Maschinisten,,36416,70076,0,-1,0,0,0,0,0,2486,1,0,0,0,29409,123,464,0,3,524608,0,268435458,0,0,0,1309324210,-1440044374
56824,Arbeitsauftrag: Waffe - Brillanz des Maschinisten,,36416,70076,0,-1,0,0,0,0,0,2486,1,0,0,0,29409,123,464,0,3,524608,0,268435458,0,0,0,-1321907123,1427461461
56825,Arbeitsauftrag: Waffe - Ozeanische Wiederherstellung,,36414,70076,0,-1,0,0,0,0,0,2486,1,0,0,0,29410,123,464,0,3,524608,0,268435458,0,0,0,-1321907123,1427461461
56826,Arbeitsauftrag: Waffe - Kraftmultiplikator,,36415,70076,0,-1,0,0,0,0,0,2486,1,0,0,0,29411,123,464,0,3,524608,0,268435458,0,0,0,-1321907123,1427461461
56827,Arbeitsauftrag: Waffe - Nagahaut,,36530,70076,0,-1,0,0,0,0,0,2486,1,0,0,0,29412,123,464,0,3,524608,0,268435458,0,0,0,-1321907123,1427461461
56889,Verwundete Wüstenwanderer,,36478,76112,0,-1,0,0,0,0,0,0,0,0,0,174326,31207,0,703,0,2,35782792,32768,268435968,57969,0,0,-1,-1
56914,Wütende Anwohner,,36503,0,0,-1,0,0,0,0,0,0,0,0,0,0,0,115,464,0,3,3768576,0,268435456,0,0,0,-1,-1
56934,Obsidianzerstörer,,36524,5703,0,-1,0,0,0,0,0,0,0,0,0,0,29038,109,703,0,3,36241408,0,268435456,0,0,0,-1,-1
57008,Angriff: Die verfeindeten Klans,Kehrt zu Sturmsprecher Qian im Stillen Sanktum zurück.,36588,75565,0,-1,0,0,0,0,0,0,0,0,0,0,29494,268,703,0,3,34078976,524288,268435458,0,0,0,-1,-1
57023,Beschwertes Moguartefakt,,36602,77112,0,-1,0,0,0,0,0,0,0,0,0,0,31010,109,703,0,3,36241664,524288,268447744,0,0,0,-1,-1
57049,Das Verlies der Seelen,,36627,77112,0,-1,0,0,0,0,0,0,0,0,0,0,31011,109,703,0,3,36241664,524288,268447744,0,0,0,-1,-1
57085,Verstärkter Kriegswagen,,36663,77120,0,-1,0,0,0,0,0,0,0,0,0,0,31060,109,703,0,3,36241408,524288,268447744,0,0,0,-1,-1
57087,Barukvernichter,,36665,77112,0,-1,0,0,0,0,0,0,0,0,0,0,31012,109,703,0,3,36241664,524288,268447744,0,0,0,-1,-1
57089,Brutstätte der Vil'thik,,36667,77120,0,-1,0,0,0,0,0,0,0,0,0,0,31061,109,703,0,3,36241408,524288,268447744,0,0,0,-1,-1
57101,Schlangenkäfig der Zan-Tien,,36679,77112,0,-1,0,0,0,0,0,0,0,0,0,0,31013,109,703,0,3,40435968,524288,268447744,0,0,0,-1,-1
57146,Verderbnisriss,,36716,77107,0,-1,0,0,0,0,0,0,0,0,0,0,31029,109,703,0,3,40435968,524288,268447744,0,0,0,-1,-1
57157,Angriff: Das Schwarze Imperium,Kehrt zu Hohepriester Amet in Ramkahen zurück.,36725,75566,0,-1,0,0,0,0,0,0,0,0,0,0,29865,268,703,0,3,36176128,524288,268435458,0,0,0,-1,-1
57158,Elektrische Ermächtigung,,36726,77112,0,-1,0,0,0,0,0,0,0,0,0,0,31014,109,703,0,3,40435968,524288,268447744,0,0,0,-1,-1
57171,Goldastwächter,,36739,77112,0,-1,0,0,0,0,0,0,0,0,0,0,31015,109,703,0,3,40435968,524288,268447744,0,0,0,-1,-1
57177,Ein Neuanfang,,36745,80434,0,-1,0,0,0,0,0,0,0,0,0,0,0,0,746,0,3,34144256,0,268435456,59021,0,0,-1,-1
57205,Ein oder zwei Steine im Weg,,36773,74689,0,-1,0,0,0,0,0,0,0,0,0,0,30133,109,837,0,3,41484544,8192,268435456,0,0,0,-1,-1
57215,Maschine des Aufstiegs,,36783,77117,0,-1,0,0,0,0,0,0,0,0,0,0,31040,109,703,0,3,36241408,524288,268447744,55349,0,0,-1,-1
57217,Ausgegrabener Hüter,,36784,77117,0,-1,0,0,0,0,0,0,0,0,0,0,31041,109,703,0,3,36241408,524288,268447744,55349,0,0,-1,-1
57218,Ausgegrabener Hüter,,36785,77117,0,-1,0,0,0,0,0,0,0,0,0,0,31042,109,703,0,3,36241408,524288,268447744,55349,0,0,-1,-1
57219,Ausgegrabener Hüter,,36786,77117,0,-1,0,0,0,0,0,0,0,0,0,0,31043,109,703,0,3,36241408,524288,268447744,55349,0,0,-1,-1
57223,Ausgegrabener Hüter,,36790,77117,0,-1,0,0,0,0,0,0,0,0,0,0,31044,109,703,0,3,36241408,524288,268447744,55349,0,0,-1,-1
57234,Sonnensammler,,36799,77117,0,-1,0,0,0,0,0,0,0,0,0,0,31045,109,703,0,3,36241408,524288,268447744,55349,0,0,-1,-1
57235,Sonnensammler,,36800,77117,0,-1,0,0,0,0,0,0,0,0,0,0,31046,109,703,0,3,36241408,524288,268447744,55349,0,0,-1,-1
57243,Sklavenlager der Amathet,,36808,77117,0,-1,0,0,0,0,0,0,0,0,0,0,31047,109,703,0,3,36241408,524288,268447744,55349,0,0,-1,-1
57256,Arena der Sturmerwählten,,36818,77112,0,-1,0,0,0,0,0,0,0,0,0,0,31016,109,703,0,3,40435968,524288,268447744,0,0,0,-1,-1
57272,Blutgebundenes Abbild,,36833,77112,0,-1,0,0,0,0,0,0,0,0,0,0,31017,109,703,0,3,40435968,524288,268447744,0,0,0,-1,-1
57277,Vignette - Muminah the Incandescent,,36838,0,0,-1,0,0,0,0,0,0,0,0,0,0,0,0,0,0,3,34149376,0,0,0,0,0,-1,-1
57287,Leerenrisse,,36847,77106,0,-1,0,0,0,0,0,0,0,0,0,0,30360,109,703,0,3,40435712,532480,268447744,0,0,0,-1,-1
57299,Mysteriöser Sarkophag,,36859,77112,0,-1,0,0,0,0,0,0,0,0,0,0,31018,109,703,0,3,40435968,524288,268447744,0,0,0,-1,-1
57301,Harte Mischung,,36861,0,0,-1,0,0,0,0,0,0,0,0,0,0,0,0,1340,0,2,40927240,8192,268435968,58431,0,0,-1,-1
57323,Schlangenbindung,,36875,77112,0,-1,0,0,0,0,0,0,0,0,0,0,31019,109,703,0,3,40435968,524288,268447744,0,0,0,-1,-1
57326,Profitprototypen,,36878,71941,0,-1,0,0,0,0,0,0,0,0,0,0,0,0,7209,0,2,39850248,8192,268435968,55736,0,0,1309324210,-1440044374
57327,Prototypen als Inspiration,,36877,71941,0,-1,0,0,0,0,0,0,0,0,0,0,0,0,7209,0,2,39850248,8192,268435968,55736,0,0,-1321907123,1427461461
57328,Lager verwüsten,,36879,0,0,-1,1,0,0,0,0,0,0,0,0,0,31376,109,837,0,3,36241664,0,268435968,57559,62706,0,-1,-1
57330,Zeit für Rache,,36881,70076,0,-1,0,0,0,0,0,0,0,0,0,0,29709,109,690,0,3,34144512,0,268435456,0,0,0,-1,-1
57331,Bergungsoperationen,,36882,70076,0,-1,0,0,0,0,0,0,0,0,0,0,29710,109,690,0,3,34144512,0,268435456,0,0,0,-1,-1
57333,Terrassenterror,,36884,70076,0,-1,0,0,0,0,0,0,0,0,0,0,29715,109,690,0,3,37290240,0,268435456,0,0,0,-1,-1
57334,Murlochöhle,,36885,70076,0,-1,0,0,0,0,0,0,0,0,0,0,29712,109,690,0,3,34144512,0,268435456,0,0,0,-1,-1
57335,Murlocalypse,,36886,70076,0,-1,0,0,0,0,0,0,0,0,0,0,29713,109,690,0,3,34144512,0,268435456,0,0,0,-1,-1
57336,Vergangenes vergangen sein lassen,,36887,70076,0,-1,0,0,0,0,0,0,0,0,0,0,29714,109,690,0,3,34144512,0,268435456,0,0,0,-1,-1
57338,Bestandsverringerung,,36889,70076,0,-1,0,0,0,0,0,0,0,0,0,0,29716,109,690,0,3,34144512,0,268435456,0,0,0,-1,-1
57339,Konstruktionsritual,,36890,77112,0,-1,0,0,0,0,0,0,0,0,0,0,31020,109,703,0,3,40435968,524288,268447744,0,0,0,-1,-1
57340,Tiefenrochenfestmahl,,36891,70076,0,-1,0,0,0,0,0,0,0,0,0,0,29718,109,690,0,3,34144512,0,268435456,0,0,0,-1,-1
57353,Tiefennatternsäuberung,,36903,70076,0,-1,0,0,0,0,0,0,0,0,0,0,29729,109,690,0,3,37290240,0,268435456,0,0,0,-1,-1
57354,Überfällig,,36904,70076,0,-1,0,0,0,0,0,0,0,0,0,0,29733,109,690,0,3,37290240,0,268435456,0,0,0,-1,-1
57359,Beschwörungsritual,,36906,77106,0,-1,0,0,0,0,0,0,0,0,0,0,30361,109,703,0,3,36241408,524288,268447744,0,0,0,-1,-1
57375,Pulsierender Hügel,,36919,77107,0,-1,0,0,0,0,0,0,0,0,0,0,31030,109,703,0,3,40435968,524288,268447744,0,0,0,-1,-1
57379,Befallene Jadestatue,,36923,77107,0,-1,0,0,0,0,0,0,0,0,0,0,31031,109,703,0,3,40435968,524288,268447744,0,0,0,-1,-1
57384,Horrende Heilung,,36928,77120,0,-1,0,0,0,0,0,0,0,0,0,0,31062,109,703,0,3,36241408,524288,268447744,0,0,0,-1,-1
57404,Verheererbau,,36948,77120,0,-1,0,0,0,0,0,0,0,0,0,0,31063,109,703,0,3,36241408,524288,268447744,0,0,0,-1,-1
57429,Scheiterhaufen des Amalgamierten,,36973,77106,0,-1,0,0,0,0,0,0,0,0,0,0,30991,109,703,0,3,36241408,524288,268447744,0,0,0,-1,-1
57443,Drecksarbeit: Abrisstrupp,,36987,0,0,-1,1,0,0,0,0,0,0,0,0,0,31374,109,837,0,3,36241664,8192,268435456,57559,62706,0,-1,-1
57445,Chins Nudelwagen,,36989,77120,0,-1,0,0,0,0,0,0,0,0,0,0,31064,109,703,0,3,36241408,524288,268447744,0,0,0,-1,-1
57449,Exekutor von N'Zoth,,36993,77106,0,-1,0,0,0,0,0,0,0,0,0,0,30992,109,703,0,3,36241408,524288,268447744,0,0,0,-1,-1
57453,Schwarmrufer,,36996,77120,0,-1,0,0,0,0,0,0,0,0,0,0,31065,109,703,0,3,36241408,524288,268447744,0,0,0,-1,-1
57456,Geisttrinker,,36999,77106,0,-1,0,0,0,0,0,0,0,0,0,0,30993,109,703,0,3,36241408,524288,268447744,0,0,0,-1,-1
57465,Drecksarbeit: Holzarbeiten,,37008,0,0,-1,1,0,0,0,0,0,0,0,0,0,31375,109,837,0,3,36241664,8192,268435456,57559,62706,0,-1,-1
57476,Jagdgründe der Vil'thik,,37017,77120,0,-1,0,0,0,0,0,0,0,0,0,0,31066,109,703,0,3,36241408,524288,268447744,0,0,0,-1,-1
57484,Ritual des Erwachens,,37024,77120,0,-1,0,0,0,0,0,0,0,0,0,0,31067,109,703,0,3,36241408,524288,268447744,0,0,0,-1,-1
57508,Kriegsbanner der Zara'thik,,37041,77120,0,-1,0,0,0,0,0,0,0,0,0,0,31068,109,703,0,3,36241408,524288,268447744,0,0,0,-1,-1
57510,Dunkellord Taraxis,,37043,0,0,-1,0,0,0,0,0,0,0,0,0,0,0,0,742,0,3,34148672,0,268439552,0,0,0,-1,-1
57517,Schwarmrufer,,37050,77120,0,-1,0,0,0,0,0,0,0,0,0,0,31069,109,703,0,3,36241408,524288,268447744,0,0,0,-1,-1
57519,Schwarmrufer,,37053,77120,0,-1,0,0,0,0,0,0,0,0,0,0,31070,109,703,0,3,36241408,524288,268447744,0,0,0,-1,-1
57521,Verstärkter Kriegswagen,,37055,77120,0,-1,0,0,0,0,0,0,0,0,0,0,31071,109,703,0,3,36241408,524288,268447744,0,0,0,-1,-1
57522,Ruf der Leere,,37056,77106,0,-1,0,0,0,0,0,0,0,0,0,0,30994,109,703,0,3,40435712,532480,268447744,0,0,0,-1,-1
57540,Kunchonginkubator,,37074,77120,0,-1,0,0,0,0,0,0,0,0,0,0,31072,109,703,0,3,36241408,524288,268447744,0,0,0,-1,-1
57541,Ruf der Leere,,37075,77106,0,-1,0,0,0,0,0,0,0,0,0,0,30995,109,703,0,3,40435712,532480,268447744,0,0,0,-1,-1
57542,Schwarmrufer,,37076,77120,0,-1,0,0,0,0,0,0,0,0,0,0,31073,109,703,0,3,36241408,524288,268447744,0,0,0,-1,-1
57543,Exekutor von N'Zoth,,37077,77106,0,-1,0,0,0,0,0,0,0,0,0,0,30996,109,703,0,3,36241408,524288,268447744,0,0,0,-1,-1
57556,Der Schlund - Wöchentliche Schätze,,37090,5703,0,-1,0,0,0,0,0,0,0,0,0,0,0,109,742,0,3,33024,0,268435456,0,0,0,-1,-1
57558,Brutstätte der Vil'thik,,37091,77120,0,-1,0,0,0,0,0,0,0,0,0,0,31074,109,703,0,3,36241408,524288,268447744,0,0,0,-1,-1
57580,Exekutor von N'Zoth,,37113,77106,0,-1,0,0,0,0,0,0,0,0,0,0,30997,109,703,0,3,36241408,524288,268447744,0,0,0,-1,-1
57582,Exekutor von N'Zoth,,37114,77106,0,-1,0,0,0,0,0,0,0,0,0,0,30998,109,703,0,3,36241408,524288,268447744,0,0,0,-1,-1
57585,Ruf der Leere,,37117,77106,0,-1,0,0,0,0,0,0,0,0,0,0,30999,109,703,0,3,40435712,532480,268447744,0,0,0,-1,-1
57586,Geisttrinker,,37118,77106,0,-1,0,0,0,0,0,0,0,0,0,0,31000,109,703,0,3,36241408,524288,268447744,0,0,0,-1,-1
57587,Geisttrinker,,37119,77106,0,-1,0,0,0,0,0,0,0,0,0,0,31001,109,703,0,3,36241408,524288,268447744,0,0,0,-1,-1
57588,Geisttrinker,,37120,77106,0,-1,0,0,0,0,0,0,0,0,0,0,31002,109,703,0,3,36241408,524288,268447744,0,0,0,-1,-1
57589,Geisttrinker,,37121,77106,0,-1,0,0,0,0,0,0,0,0,0,0,31003,109,703,0,3,36241408,524288,268447744,0,0,0,-1,-1
57590,Geisttrinker,,37122,77106,0,-1,0,0,0,0,0,0,0,0,0,0,31004,109,703,0,3,36241408,524288,268447744,0,0,0,-1,-1
57591,Geisttrinker,,37123,77106,0,-1,0,0,0,0,0,0,0,0,0,0,31005,109,703,0,3,36241408,524288,268447744,0,0,0,-1,-1
57592,Exekutor von N'Zoth,,37124,77106,0,-1,0,0,0,0,0,0,0,0,0,0,31006,109,703,0,3,36241408,524288,268447744,0,0,0,-1,-1
57620,Beschwörungsritual,,37150,77106,0,-1,0,0,0,0,0,0,0,0,0,0,30379,109,703,0,3,36241408,524288,268447744,0,0,0,-1,-1
57621,Beschwörungsritual,,37151,77106,0,-1,0,0,0,0,0,0,0,0,0,0,30380,109,703,0,3,36241408,524288,268447744,0,0,0,-1,-1
57650,Tot besser dran,,37184,88288,0,-1,0,0,0,0,0,0,0,0,0,0,30516,109,837,0,3,40435968,8192,268435456,0,0,0,-1,-1
57718,Im Stein gefangen,,37253,75058,0,-1,0,0,0,0,0,0,0,0,0,0,31187,0,703,0,2,35651720,32768,268435968,0,0,0,-1,-1
57720,Champions der Mogu,,37255,75059,0,-1,0,0,0,0,0,0,0,0,0,0,31188,0,703,0,2,35651720,32768,268435968,0,0,0,-1,-1
57721,Kriegsbeute,,37256,75060,0,-1,0,0,0,0,0,0,0,0,0,0,31190,0,703,0,2,35651720,32768,268435968,0,0,0,-1,-1
57728,Angriff: Der unendliche Schwarm,Kehrt zu Taoshi im Stillen Sanktum zurück.,37261,75565,0,-1,0,0,0,0,0,0,0,0,0,0,30231,268,703,0,3,34078976,524288,268435458,0,0,0,-1,-1
57737,Rettung von Ramkahen,,37268,74880,0,-1,0,0,0,0,0,0,0,0,0,0,31205,0,703,0,2,35651720,32768,268435968,0,0,0,-1,-1
57773,Hin- und hergerissen,,37302,74878,0,-1,0,0,0,0,0,0,0,0,0,0,31203,0,703,0,2,35651720,32768,268435968,0,0,0,-1,-1
57774,Neun Leben,,37303,74879,0,-1,0,0,0,0,0,0,0,0,0,0,31204,0,703,0,2,35651720,32768,268435968,0,0,0,-1,-1
57917,[DNT] Test - JAM,,37441,0,0,-1,0,0,0,0,0,0,0,0,0,0,0,0,798,0,2,37748744,0,268436002,0,0,0,-1,-1
57968,Die wüstenwandernden Toten,,37489,76116,0,-1,0,0,0,0,0,0,0,0,0,0,31211,0,703,0,2,35651720,32768,268435968,57956,0,0,-1,-1
58010,"Mehr Teilchen, mehr Teilchen!",,37529,76110,0,-1,0,0,0,0,0,0,0,0,0,0,31205,0,703,0,2,39846024,32768,268435968,56576,0,0,-1,-1
58084,Seelenfesseln,,37593,73555,0,-1,0,0,0,0,0,0,0,0,0,0,31377,109,837,0,3,40435968,8192,268435456,0,0,0,-1,-1
58123,Fai-Quest [internal only],,37630,0,0,-1,0,0,0,0,0,0,0,0,0,0,0,109,798,0,3,34144256,131072,268435456,0,0,0,-1,-1
58144,Geschunden und verschrammt,,37648,73555,0,-1,0,0,0,0,0,0,0,0,0,0,31378,109,837,0,3,36241664,0,268435456,0,0,0,-1,-1
58146,Für die Allianz,,37650,0,0,-1,0,0,0,0,0,0,0,0,0,0,0,0,863,0,2,39845896,8192,268435976,0,0,0,16384,0
58147,Fremder in einem fremden Land,,37651,0,0,-1,0,0,0,0,0,0,0,0,0,0,0,0,863,0,2,37748744,8192,268435976,58146,0,0,16384,0
58151,Diener von N'Zoth,,37654,74480,0,-1,0,0,0,0,0,0,0,0,0,0,0,0,703,0,2,33558536,32768,268435968,0,0,0,-1,-1
58155,Eine Hand in der Dunkelheit,,37658,74481,0,-1,0,0,0,0,0,0,0,0,0,0,0,0,703,0,2,34607112,32768,268435968,0,0,0,-1,-1
58156,Die Finsternis niederschlagen,,37659,74482,0,-1,0,0,0,0,0,0,0,0,0,0,0,0,703,0,2,34607112,32768,268435968,0,0,0,-1,-1
58167,Vorbeugende Maßnahmen,,37670,74483,0,-1,0,0,0,0,0,0,0,0,0,0,0,0,703,0,2,33558536,32768,268435968,0,0,0,-1,-1
58168,Finsteres Starren der Realität,,37671,74484,0,-1,0,0,0,0,0,0,0,0,0,173810,0,0,703,0,2,33558536,32768,268435968,0,0,0,-1,-1
58207,Durchdrehen,,37710,74689,0,-1,0,0,0,0,0,0,0,0,0,0,30102,109,2060,0,3,40435968,8192,268435456,0,0,0,-1,-1
58216,Verschlingendes Maul,,37719,77106,0,-1,0,0,0,0,0,0,0,0,0,0,30988,109,703,0,3,36241408,524288,268447744,0,0,0,-1,-1
58221,Revanche,,37724,74689,0,-1,0,0,0,0,0,0,0,0,0,0,30105,109,2060,0,3,40435968,8192,268435456,0,0,0,-1,-1
58229,Vorbildfunktion,,37732,74881,0,-1,0,0,0,0,0,0,0,0,0,0,31206,0,703,0,2,35651720,32768,268435968,0,0,0,-1,-1
58230,Die Augen schließen,,37733,74882,0,-1,0,0,0,0,0,0,0,0,0,0,31207,0,703,0,2,35651720,32768,268435968,0,0,0,-1,-1
58231,Weisheit aus Wahnsinn,,37734,74883,0,-1,0,0,0,0,0,0,0,0,0,0,31208,0,703,0,2,35651720,32768,268435968,0,0,0,-1,-1
58232,Ordnung im Chaos,,37735,74884,0,-1,0,0,0,0,0,0,0,0,0,0,31209,1,703,0,2,35651720,32768,268435968,0,0,0,-1,-1
58233,Entstellte Verderber,,37736,74885,0,-1,0,0,0,0,0,0,0,0,0,0,31210,0,703,0,2,35651720,32768,268435968,0,0,0,-1,-1
58234,Fragwürdige Ressourcenbeschaffung,,37737,74886,0,-1,0,0,0,0,0,0,0,0,0,0,31211,0,703,0,2,35651720,32768,268435968,0,0,0,-1,-1
58235,Anker des Schwarzen Imperiums,,37738,74887,0,-1,0,0,0,0,0,0,0,0,0,0,31212,0,703,0,2,35651720,32768,268435968,0,0,0,-1,-1
58236,Symbolische Zerstörung,,37739,74888,0,-1,0,0,0,0,0,0,0,0,0,0,31213,0,703,0,2,35651720,32768,268435968,0,0,0,-1,-1
58237,Uldum reinigen,,37740,74889,0,-1,0,0,0,0,0,0,0,0,0,0,31214,0,703,0,2,35651720,32768,268435968,0,0,0,-1,-1
58238,Verloren und gefoltert,,37741,74890,0,-1,0,0,0,0,0,0,0,0,0,0,31215,0,703,0,2,35651720,32768,268435968,0,0,0,-1,-1
58239,Lektionen im Plündern,,37742,74891,0,-1,0,0,0,0,0,0,0,0,0,0,31216,0,703,0,2,35651720,32768,268435968,0,0,0,-1,-1
58256,Verschlingendes Maul,,37748,77106,0,-1,0,0,0,0,0,0,0,0,0,0,30987,109,703,0,3,36241408,524288,268447744,0,0,0,-1,-1
58257,Verschlingendes Maul,,37749,77106,0,-1,0,0,0,0,0,0,0,0,0,0,30986,109,703,0,3,36241408,524288,268447744,0,0,0,-1,-1
58258,Verschlingendes Maul,,37750,77106,0,-1,0,0,0,0,0,0,0,0,0,0,30985,109,703,0,3,36241408,524288,268447744,0,0,0,-1,-1
58268,Hoch hinaus,,37760,80768,0,-1,0,0,0,0,0,0,0,0,0,0,0,0,1334,0,2,37748744,8192,268435968,57912,0,0,-1,-1
58271,Ritual der Leerenflamme,,37763,77106,0,-1,0,0,0,0,0,0,0,0,0,0,30989,109,703,0,3,36241408,524288,268447744,0,0,0,-1,-1
58275,Monströse Beschwörung,,37767,77106,0,-1,0,0,0,0,0,0,0,0,0,0,30990,109,703,0,3,36241408,524288,268447744,0,0,0,-1,-1
58276,Mar'at in Flammen,,37768,77106,0,-1,0,0,0,0,0,0,0,0,0,0,30984,109,703,0,3,36241408,524288,268447744,0,0,0,-1,-1
58277,Dunkle Täuscher,,37769,74892,0,-1,0,0,0,0,0,0,0,0,0,0,31217,0,703,0,2,35651720,32768,268435968,0,0,0,-1,-1
58281,Uralte Ausrüstung,,37773,74709,0,-1,0,0,0,0,0,0,0,0,0,0,31203,0,703,0,2,35651720,32768,268435968,0,0,0,-1,-1
58282,Aus dem Himmel herab,,37774,74710,0,-1,0,0,0,0,0,0,0,0,0,0,31204,0,703,0,2,35651720,32768,268435968,0,0,0,-1,-1
58283,Blinde führen Blinde,,37775,74711,0,-1,0,0,0,0,0,0,0,0,0,0,31205,0,703,0,2,35651720,32768,268435968,0,0,0,-1,-1
58284,Erlasse des Sonnenkönigs,,37776,74712,0,-1,0,0,0,0,0,0,0,0,0,0,31206,0,703,0,2,35651720,32768,268435968,0,0,0,-1,-1
58285,Ausgegrabene Artefakte,,37777,74714,0,-1,0,0,0,0,0,0,0,0,0,0,31207,0,703,0,2,2097288,32768,268435968,0,0,0,-1,-1
58286,Fern der Heimat,,37778,74715,0,-1,0,0,0,0,0,0,0,0,0,0,31208,0,703,0,2,35651720,32768,268435968,0,0,0,-1,-1
58287,Ein durchschlagender Plan,,37779,74717,0,-1,0,0,0,0,0,0,0,0,0,0,31209,0,703,0,2,35651720,32768,268435968,0,0,0,-1,-1
58288,Die Erwählten des Sonnenkönigs,,37780,74718,0,-1,0,0,0,0,0,0,0,0,0,0,31210,0,703,0,2,35651720,32768,268435968,0,0,0,-1,-1
58289,Bewachte Geheimnisse,,37781,74719,0,-1,0,0,0,0,0,0,0,0,0,0,31211,0,703,0,2,35651720,32768,268435968,0,0,0,-1,-1
58290,Champions der Amathet,,37782,74720,0,-1,0,0,0,0,0,0,0,0,0,0,31212,1,703,0,2,35651720,32768,268435968,0,0,0,-1,-1
58291,Wüste Wilderer,,37783,74721,0,-1,0,0,0,0,0,0,0,0,0,0,31213,0,703,0,2,35651720,32768,268435968,0,0,0,-1,-1
58321,Ungewöhnlicher Kern,,37813,74722,0,-1,0,0,0,0,0,0,0,0,0,0,31214,1,703,0,2,35651720,32768,268435968,0,0,0,-1,-1
58334,Nebelhauch in Flammen,,34706,77112,0,-1,0,0,0,0,0,0,0,0,0,0,31007,109,703,0,3,36241408,524288,268447744,0,0,0,-1,-1
58367,Ermächtigter Verwüster,,37828,77112,0,-1,0,0,0,0,0,0,0,0,0,0,31008,109,703,0,3,36241408,524288,268447744,0,0,0,-1,-1
58370,Ermächtigter Verwüster,,37835,77112,0,-1,0,0,0,0,0,0,0,0,0,0,31009,109,703,0,3,36241408,524288,268447744,0,0,0,-1,-1
58420,Übles Ärgernis,,37905,74898,0,-1,0,0,0,0,0,0,0,0,0,0,31191,0,703,0,2,35651720,32768,268435968,56935,0,0,-1,-1
58422,Zeichen der Eroberer,,37907,74902,0,-1,0,0,0,0,0,0,0,0,0,0,31195,0,703,0,2,35651720,32768,268435968,56935,0,0,-1,-1
58423,Die Stärksten unter ihnen,,37908,74894,0,-1,0,0,0,0,0,0,0,0,0,0,31187,0,703,0,2,35651720,32768,268435968,56935,0,0,-1,-1
58432,"Etwas Altes, etwas Gebrauchtes",,37917,83780,0,-1,131073,0,0,0,0,0,0,0,0,178554,0,0,2060,0,2,39878664,8192,268435968,60041,61516,0,-1,-1
58437,Teile für ein Ganzes,,37922,89132,0,-1,0,0,0,0,0,0,0,0,0,174110,30181,109,837,0,3,40435968,8192,268435968,0,0,0,-1,-1
58438,Verschlingendes Maul,,37923,77107,0,-1,0,0,0,0,0,0,0,0,0,0,30902,109,703,0,3,36241664,524288,268447744,0,0,0,-1,-1
58439,Verschlingendes Maul,,37924,75565,0,-1,0,0,0,0,0,0,0,0,0,0,30903,109,703,0,3,36241664,524288,268447744,0,0,0,-1,-1
58442,Verschlingendes Maul,,37927,77107,0,-1,0,0,0,0,0,0,0,0,0,0,30904,109,703,0,3,36241664,524288,268447744,0,0,0,-1,-1
58460,Würdenträger des Wahnsinn,,37945,74896,0,-1,0,0,0,0,0,0,0,0,0,0,31189,1,703,0,2,35651720,32768,268435968,56935,0,0,-1,-1
58461,Folianten des uralten Wahnsinns,,37946,74906,0,-1,0,0,0,0,0,0,0,0,0,0,31199,0,703,0,2,35651720,32768,268435968,56935,0,0,-1,-1
58462,Fenster zur Seele,,37947,74901,0,-1,0,0,0,0,0,0,0,0,0,0,31194,0,703,0,2,35651720,32768,268435968,56935,0,0,-1,-1
58463,Bestien des Wahnsinns,,37948,74900,0,-1,0,0,0,0,0,0,0,0,0,0,31193,0,703,0,2,35651720,32768,268435968,56935,0,0,-1,-1
58464,Tiefenbautilgung,,37949,74907,0,-1,0,0,0,0,0,0,0,0,0,0,31200,0,703,0,2,33554568,32768,268435968,56935,0,0,-1,-1
58465,Manifestation der Verderbnis,,37950,74899,0,-1,0,0,0,0,0,0,0,0,0,0,31192,0,703,0,2,35651720,32768,268435968,56935,0,0,-1,-1
58466,Qual aus dem Jenseits,,37951,74903,0,-1,0,0,0,0,0,0,0,0,0,0,31196,0,703,0,2,35651720,32768,268435968,56935,0,0,-1,-1
58467,Gefangene in Geist und Körper,,37952,74904,0,-1,0,0,0,0,0,0,0,0,0,0,31197,0,703,0,2,35651720,32768,268435968,56935,0,0,-1,-1
58468,Eine heranwachsende Dunkelheit,,37953,74908,0,-1,0,0,0,0,0,0,0,0,0,0,31201,0,703,0,2,33554568,32768,268435968,56935,0,0,-1,-1
58469,Risse im Tal,,37954,74909,0,-1,0,0,0,0,0,0,0,0,0,0,31202,0,703,0,2,33554568,32768,268435968,56935,0,0,-1,-1
58470,Verderbte Raritäten,,37955,74895,0,-1,0,0,0,0,0,0,0,0,0,0,31188,0,703,0,2,35651720,32768,268435968,56935,0,0,-1,-1
58471,Aggressive Anmerkungen,,37956,74897,0,-1,0,0,0,0,0,0,0,0,0,174197,31190,0,703,0,2,35782792,32768,268435968,56935,0,0,-1,-1
58476,Donner zieht heran,,37960,75062,0,-1,0,0,0,0,0,0,0,0,0,0,31191,0,703,0,2,35651720,32768,268435968,0,0,0,-1,-1
58477,Durch Blut und Dreck und Knochen,,37961,75061,0,-1,0,0,0,0,0,0,0,0,0,0,31193,0,703,0,2,35651720,32768,268435968,0,0,0,-1,-1
58478,Kein Stein bleibt ganz,,37962,75063,0,-1,0,0,0,0,0,0,0,0,0,0,31192,0,703,0,2,35651720,32768,268435968,0,0,0,-1,-1
58479,Blitzeinschläge,,37963,75875,0,-1,0,0,0,0,0,0,0,0,0,0,31195,0,703,0,2,35651720,32768,268435968,0,0,0,-1,-1
58481,Blutrituale,,37965,75876,0,-1,0,0,0,0,0,0,0,0,0,0,31196,0,703,0,2,35651720,32768,268435968,0,0,0,-1,-1
58485,Erbaut für den Fall,,37968,75877,0,-1,0,0,0,0,0,0,0,0,0,0,31197,0,703,0,2,35651720,32768,268435968,0,0,0,-1,-1
58487,Die Plünderer ausplündern,,37970,75874,0,-1,0,0,0,0,0,0,0,0,0,0,31189,0,703,0,2,35651720,32768,268435968,0,0,0,-1,-1
58490,Tödliche Erinnerung,,37973,88288,0,-1,0,0,0,0,0,0,0,0,0,0,30515,109,837,0,3,40435968,8192,268435456,0,0,0,-1,-1
58505,Geplanter Untergang,,37987,88288,0,-1,0,0,0,0,0,0,0,0,0,0,30524,109,837,0,3,40435968,8192,268435456,0,0,0,-1,-1
58595,Säulen der Auslöschung,,38075,74905,0,-1,0,0,0,0,0,0,0,0,0,0,31198,0,703,0,2,35651720,32768,268435968,56935,0,0,-1,-1
58601,Netz der Informationen,,38079,74689,0,-1,0,0,0,0,0,0,0,0,0,0,31379,109,2060,0,3,40435968,8192,268435456,0,0,0,-1,-1
58605,Amateurabend,,38083,74689,0,-1,0,0,0,0,0,0,0,0,0,0,30574,111,837,0,3,41484544,8192,268435456,0,0,0,-1,-1
58609,Den Sitz einnehmen,,38087,70104,0,-1,2,0,0,0,0,0,0,0,0,0,0,0,2060,0,2,39845888,8196,268435976,57878,62000,0,-1,-1
58660,Grabende Schrecken,,38138,77118,0,-1,0,0,0,0,0,0,0,0,0,0,31048,109,703,0,3,36241408,524288,268447744,0,0,0,-1,-1
58661,Grabende Schrecken,,38139,77118,0,-1,0,0,0,0,0,0,0,0,0,0,31049,109,703,0,3,36241408,524288,268447744,0,0,0,-1,-1
58662,Grabende Schrecken,,38140,77118,0,-1,0,0,0,0,0,0,0,0,0,0,31050,109,703,0,3,36241408,524288,268447744,0,0,0,-1,-1
58667,Obsidianextraktion,,38145,77118,0,-1,0,0,0,0,0,0,0,0,0,0,31051,109,703,0,3,36241408,524288,268447744,0,0,0,-1,-1
58676,Schlummernder Zerstörer,,38154,77118,0,-1,0,0,0,0,0,0,0,0,0,0,31052,109,703,0,3,36241408,524288,268447744,0,0,0,-1,-1
58679,Schlummernder Zerstörer,,38157,77118,0,-1,0,0,0,0,0,0,0,0,0,0,31053,109,703,0,3,36241408,524288,268447744,0,0,0,-1,-1
58705,Großkaiserin Shek'zara,,38183,75790,0,-1,0,0,0,0,0,0,0,0,0,0,30186,112,703,0,3,37290304,0,268435456,56935,0,0,-1,-1
58740,Unterjochte Schlangen,,38215,75873,0,-1,0,0,0,0,0,0,0,0,0,0,31194,1,703,0,2,35651720,32768,268435968,0,0,0,-1,-1
58741,Steinschneider,,38216,75878,0,-1,0,0,0,0,0,0,0,0,0,0,31198,0,703,0,2,35651720,32768,268435968,0,0,0,-1,-1
58742,Retinus der Sucher,,38217,76415,0,-1,0,0,0,0,0,0,0,0,0,0,30776,115,464,0,3,3735808,0,268435456,0,0,0,-1,-1
58743,Dünenkrabbler,,38218,76415,0,-1,0,0,0,0,0,0,0,0,0,0,30777,115,464,0,3,3735808,0,268435456,0,0,0,-1,-1
58744,"Ich bin der, der flüstert",,38219,76415,0,-1,0,0,0,0,0,0,0,0,0,0,30778,115,464,0,3,3735808,0,268435456,0,0,0,-1,-1
58745,"Passt auf, wo Ihr hintretet",,38220,76415,0,-1,0,0,0,0,0,0,0,0,0,0,30779,115,464,0,3,3735808,0,268435456,0,0,0,-1,-1
58746,Winziger Wahnsinn,,38221,76416,0,-1,0,0,0,0,0,0,0,0,0,0,30780,115,464,0,3,3735808,0,268435456,0,0,0,-1,-1
58747,Hirnkribbeln,,38222,76416,0,-1,0,0,0,0,0,0,0,0,0,0,30781,115,464,0,3,3735808,0,268435456,0,0,0,-1,-1
58748,Lebende Statuen sind hart,,38223,76416,0,-1,0,0,0,0,0,0,0,0,0,0,30782,115,464,0,3,3735808,0,268435456,0,0,0,-1,-1
58749,Flug der Vil'thik,,38224,76416,0,-1,0,0,0,0,0,0,0,0,0,0,30783,115,464,0,3,3735808,0,268435456,0,0,0,-1,-1
58753,Feather Fall Tracking Quest,,38228,0,0,-1,0,0,0,0,0,0,0,0,0,0,0,0,2060,0,3,33588232,0,0,0,0,0,-1,-1
58754,Champions des Schwarms,,38229,76029,0,-1,0,0,0,0,0,0,0,0,0,0,31187,0,703,0,2,35651720,32768,268435968,0,0,0,-1,-1
58755,Versteckte Vorräte,,38230,76030,0,-1,0,0,0,0,0,0,0,0,0,0,31188,0,703,0,2,35651720,32768,268435968,0,0,0,-1,-1
58756,Grausige Heiler,,38231,76033,0,-1,0,0,0,0,0,0,0,0,0,0,31191,0,703,0,2,35651720,32768,268435968,0,0,0,-1,-1
58757,Testen der Prüflinge,,38232,76034,0,-1,0,0,0,0,0,0,0,0,0,0,31192,0,703,0,2,35651720,32768,268435968,0,0,0,-1,-1
58758,Wilde Zerstörer,,38233,76035,0,-1,0,0,0,0,0,0,0,0,0,0,31193,1,703,0,2,35651720,32768,268435968,0,0,0,-1,-1
58759,Die Garde der Kaiserin,,38234,76036,0,-1,0,0,0,0,0,0,0,0,0,0,31194,1,703,0,2,35651720,32768,268435968,0,0,0,-1,-1
58760,Klingen aus Bern,,38235,76031,0,-1,0,0,0,0,0,0,0,0,0,0,31189,0,703,0,2,35651720,32768,268435968,0,0,0,-1,-1
58761,Mit Füßen getreten,,38236,76037,0,-1,0,0,0,0,0,0,0,0,0,0,31195,0,703,0,2,35651720,32768,268435968,0,0,0,-1,-1
58762,Gefangene des Schwarms,,38237,76038,0,-1,0,0,0,0,0,0,0,0,0,0,31196,0,703,0,2,35651720,32768,268435968,0,0,0,-1,-1
58763,Produktionsstopp,,38238,76039,0,-1,0,0,0,0,0,0,0,0,0,0,31197,0,703,0,2,35651720,32768,268435968,0,0,0,-1,-1
58764,Standarten des Schwarms,,38239,76040,0,-1,0,0,0,0,0,0,0,0,0,0,31198,0,703,0,2,34603144,32768,268435968,0,0,0,-1,-1
58765,Belagerungsbrecher,,38240,76032,0,-1,0,0,0,0,0,0,0,0,0,0,31190,0,703,0,2,35651720,32768,268435968,0,0,0,-1,-1
58776,Brutprobleme,,38250,76115,0,-1,0,0,0,0,0,0,0,0,0,0,31210,0,703,0,2,35651720,32768,268435968,0,0,0,-1,-1
58777,Trampelkommando,,38251,76111,0,-1,0,0,0,0,0,0,0,0,0,0,31206,0,703,0,2,35651720,32768,268435968,0,0,0,-1,-1
58778,Kopfarbeit,,38252,76117,0,-1,0,0,0,0,0,0,0,0,0,0,31212,1,703,0,2,35651720,32768,268435968,0,0,0,-1,-1
58779,Himmelseroberung,,38253,76118,0,-1,0,0,0,0,0,0,0,0,0,0,31213,0,703,0,2,35651720,32768,268435968,0,0,0,-1,-1
58780,Herolde des Schwarms,,38254,76119,0,-1,0,0,0,0,0,0,0,0,0,0,31214,1,703,0,2,35651720,32768,268435968,0,0,0,-1,-1
58781,Schrecken der Tiefe,,38255,76108,0,-1,0,0,0,0,0,0,0,0,0,0,31203,0,703,0,2,35651720,32768,268435968,0,0,0,-1,-1
58782,Zurückgelassen,,38256,76109,0,-1,0,0,0,0,0,0,0,0,0,0,31204,0,703,0,2,35651720,32768,268435968,0,0,0,-1,-1
58881,Tracking Quest,,38353,0,0,-1,0,0,0,0,0,0,0,0,0,0,0,265,703,0,3,34144320,0,0,0,0,0,-1,-1
58900,Eine sichere Wette,,38369,0,0,-1,0,0,0,0,0,0,0,0,0,0,0,0,1335,0,2,39845896,8192,268435968,59837,0,0,-1,-1
58918,Huwerath,,38387,73557,0,-1,0,0,0,0,0,0,0,0,0,0,32643,0,742,0,3,40436160,0,268439552,0,0,0,-1,-1
58952,Läuternde Flammen,,38421,77118,0,-1,0,0,0,0,0,0,0,0,0,0,31054,109,703,0,3,36241408,524288,268447744,0,0,0,-1,-1
58961,Überfallene Siedler,,38430,77118,0,-1,0,0,0,0,0,0,0,0,0,0,31055,109,703,0,3,36241408,524288,268447744,0,0,0,-1,-1
58974,Überfallene Siedler,,38443,77118,0,-1,0,0,0,0,0,0,0,0,0,0,31056,109,703,0,3,36241408,524288,268447744,0,0,0,-1,-1
58975,Schädlingsbekämpfung,,38444,0,0,-1,1,0,0,0,0,0,0,0,0,0,32072,109,2060,0,3,37290240,0,268435456,57559,62706,0,-1,-1
58981,Verhärteter Bau,,38450,77118,0,-1,0,0,0,0,0,0,0,0,0,0,31057,109,703,0,3,36241408,524288,268447744,0,0,0,-1,-1
58985,Verängstige Seele,,38452,21439,0,-1,0,0,0,0,0,0,0,0,0,0,0,0,742,0,3,40440128,0,268435456,0,0,0,-1,-1
58990,Titanusei,,38457,77118,0,-1,0,0,0,0,0,0,0,0,0,0,31058,109,703,0,3,36241408,524288,268447744,0,0,0,-1,-1
58993,Schwarmverteidigung,,38460,0,0,-1,1,0,0,0,0,0,0,0,0,0,32054,109,2060,0,3,37290240,0,268435456,57559,62706,0,-1,-1
58999,Gefesselte Seele,,38465,21439,0,-1,0,0,0,0,0,0,0,0,0,0,0,0,742,0,3,40440128,0,268439552,0,0,0,-1,-1
59003,Entzündliche Kokons,,38469,77118,0,-1,0,0,0,0,0,0,0,0,0,0,31059,109,703,0,3,36241408,524288,268447744,0,0,0,-1,-1
59007,Seelenbrunnen,,38473,89148,0,-1,0,0,0,0,0,0,0,0,0,0,0,0,742,0,3,40440256,0,268435456,0,0,0,-1,-1
59015,Feindselige Erinnerungen,,38481,93206,0,-1,0,0,0,0,0,0,0,0,0,0,0,0,1319,0,3,34144256,0,268435456,58977,0,0,-1,-1
59067,Kugel der Befreiung,,38532,21439,0,-1,0,0,0,0,0,0,0,0,0,0,0,0,742,0,3,40440128,0,268435456,0,0,0,-1,-1
59183,Treibender Kummer,,38617,73557,0,-1,0,0,0,0,0,0,0,0,0,0,32646,0,742,0,3,40436160,0,268439552,0,0,0,-1,-1
59184,Borr-Geth,,38618,73557,0,-1,0,0,0,0,0,0,0,0,0,0,0,0,742,0,3,38342976,0,268439552,0,0,0,-1,-1
59211,Vergessenes Dorf,,38657,88458,0,-1,0,0,0,0,0,0,0,0,0,0,0,0,746,0,3,34144256,0,268435456,60313,0,0,-1,-1
59229,Gigantischer Sucher,,38675,73557,0,-1,0,0,0,0,0,0,0,0,0,0,0,0,742,0,3,40440128,0,268439552,0,0,0,-1,-1
59230,"Dartanos, der Seelenschinder",,38676,73557,0,-1,0,0,0,0,0,0,0,0,0,0,32645,0,742,0,3,36241856,0,268439552,0,0,0,-1,-1
59234,Schlamasselmix,,38680,88288,0,-1,0,0,0,0,0,0,0,0,0,0,31106,109,837,0,3,40435968,8192,268435968,0,0,0,-1,-1
59259,Der ewige Peiniger,,38705,73557,0,-1,0,0,0,0,0,0,0,0,0,0,0,0,742,0,3,40440256,0,268439552,0,0,0,-1,-1
59441,Seelenschmied Yol-Mattar,,38874,73557,0,-1,0,0,0,0,0,0,0,0,0,0,32639,0,742,0,3,40436160,0,268439552,0,0,0,-1,-1
59578,Mut zur Demut,,39010,0,0,-1,1,0,0,0,0,0,0,0,0,0,31259,109,837,0,3,37290240,0,268435456,57559,62706,0,-1,-1
59581,Die Stärke von Sündensturz,,39012,73555,0,-1,0,0,0,0,0,0,0,0,0,0,31227,109,837,0,3,36241664,0,268435456,0,0,0,-1,-1
59585,Wir machen noch einen Aspiranten aus Euch,,39016,0,0,-1,1,0,0,0,0,0,0,0,0,0,31233,109,837,0,3,37290240,0,268435456,57559,62706,0,-1,-1
59598,Gut für die Seele,,39029,127305,0,-1,0,0,0,0,0,0,0,0,0,0,0,0,837,0,2,37748736,4202496,268435976,0,0,0,-1,-1
59599,Die Bewahrung des Hofes,,39030,73555,0,-1,0,0,0,0,0,0,0,0,0,0,31236,109,837,0,3,36241664,8192,268435456,0,0,0,-1,-1
59600,Fauldornärger,,39031,0,0,-1,1,0,0,0,0,0,0,0,0,0,31237,109,2060,0,3,36241664,0,268435456,57559,62706,0,-1,-1
59601,Angriff auf die Vorhallen,,39032,87182,0,-1,1,0,0,0,0,0,0,0,0,0,31261,109,837,0,3,3735808,0,268435456,57559,62706,0,-1,-1
59603,Im Dienste der Schattenlande,,39034,87677,0,-1,0,0,0,0,0,0,0,0,0,0,0,0,837,0,2,38797312,4202496,268435976,63054,0,0,-1,-1
59609,Keine Ruhe für die Toten,,39037,70104,0,-1,0,0,0,0,0,0,0,0,0,0,0,0,837,0,2,39845888,4202496,268435976,62848,0,0,-1,-1
59617,Steinscheusalsaboteure,,39044,88130,0,-1,0,0,0,0,0,0,0,0,0,0,31246,109,2060,0,3,36241664,8192,268435456,0,0,0,-1,-1
59642,Haareraufen,,39068,88843,0,-1,0,0,0,0,0,0,0,0,0,0,29956,109,837,0,3,40435968,8192,268435968,0,0,0,-1,-1
59643,Renntag in den Bollwerken!,,39069,73555,0,-1,0,0,0,0,0,0,0,0,0,0,31262,109,837,0,3,40435968,8192,268435456,0,0,0,-1,-1
59658,Dominanz beweisen,,39661,71941,0,-1,1,0,0,0,0,0,0,0,0,0,31397,113,837,0,3,3735808,0,268435456,57559,62706,0,-1,-1
59680,Vesiphones vermaledeite Vesperglocke,,39122,87248,0,-1,1,0,0,0,0,0,0,0,0,0,31274,109,837,0,3,36241664,8192,268435456,57559,62706,0,-1,-1
59703,Bomberangriff,,39146,79434,0,-1,0,0,0,0,0,0,0,0,0,0,31294,109,837,0,3,36241664,0,268435456,0,0,0,-1,-1
59705,Nicht vergessen,,39148,0,0,-1,1,0,0,0,0,0,0,0,0,0,31301,109,837,0,3,37290240,0,268435456,57559,62706,0,-1,-1
59717,Nicht vergessen,,39160,0,0,-1,1,0,0,0,0,0,0,0,0,0,31325,109,837,0,3,37290240,0,268435456,57559,62706,0,-1,-1
59718,Segelnder Sonnenschirm,,39161,73555,0,-1,0,0,0,0,0,0,0,0,0,0,31352,109,837,0,3,40435968,8192,268435456,0,0,0,-1,-1
59743,Die Spinne an der Mauer,,39186,74689,0,-1,0,0,0,0,0,0,0,0,0,0,31373,109,2060,0,3,36241664,0,268435456,0,0,0,-1,-1
59771,Geschichte der Verderbnis,,39215,95859,0,-1,1,0,0,0,0,0,0,0,0,177836,31385,109,837,0,3,36241664,0,268435456,57559,62706,0,-1,-1
59772,Forschungszerstörung,,39216,83700,0,-1,0,0,0,0,0,0,0,0,0,0,33141,0,1401,0,2,33554440,32768,268435968,0,0,0,-1,-1
59782,Der Ergebene des Todessprechers,,39222,83703,0,-1,0,0,0,0,0,0,0,0,0,0,33139,0,1401,0,2,33554440,32768,268435968,0,0,0,-1,-1
59783,Kultistenentführer,,39223,83703,0,-1,0,0,0,0,0,0,0,0,0,0,33140,0,1401,0,2,33554440,32768,268435968,0,0,0,-1,-1
59789,Zehnt und Steuern,,39225,83243,0,-1,0,0,0,0,0,0,0,0,0,0,31391,109,837,0,3,36372736,8192,268435456,0,0,0,-1,-1
59803,Für die Ehre,,39237,71941,0,-1,1,0,0,0,0,0,0,0,0,0,31396,113,837,0,3,3735808,0,268435456,57559,62706,0,-1,-1
59804,Tore des Schreckens,,39238,0,0,-1,1,0,0,0,0,0,0,0,0,0,31392,109,837,0,3,36241664,0,268435456,57559,62706,0,-1,-1
59808,Losgeschmuddelt,,39242,73555,0,-1,0,0,0,0,0,0,0,0,0,0,31393,109,837,0,3,36372736,0,268435456,0,0,0,-1,-1
59825,Samenjagd,,39268,71941,0,-1,1,0,0,0,0,0,0,0,0,0,31398,113,837,0,3,3735808,0,268435456,57559,62706,0,-1,-1
59826,Wettet auf Euch selbst,,39261,0,0,-1,131073,0,0,0,0,0,0,0,0,0,31399,1,837,0,2,39845896,40960,268435968,57316,59843,0,-1,-1
59827,Wettet auf Euch selbst,,39262,0,0,-1,131073,0,0,0,0,0,0,0,0,0,31401,1,837,0,2,39845896,40960,268435968,57316,59843,0,-1,-1
59828,Wettet auf Euch selbst,,39263,0,0,-1,131073,0,0,0,0,0,0,0,0,0,31400,1,837,0,2,39845896,40960,268435968,57316,59843,0,-1,-1
59836,Längst errungene Siege,,42431,74689,0,-1,0,0,0,0,0,0,0,0,0,0,32715,109,837,0,3,40435968,8192,268435456,0,0,0,-1,-1
59838,Kriegsmaschinen der Geißel,,39274,83700,0,-1,0,0,0,0,0,0,0,0,0,182313,33487,0,1401,0,2,33554440,32768,268435968,0,0,0,-1,-1
59839,WARNUNG: Dies ist nur ein Test!,,39275,87032,0,-1,0,0,0,0,0,0,0,0,0,0,33223,0,1401,0,2,33554440,32768,268435968,0,0,0,-1,-1
59843,Tracking Quest,,39278,0,0,-1,1,0,0,0,0,0,0,0,0,0,0,0,0,0,2,33588224,0,512,0,0,0,-1,-1
59847,Verteidigung des Walls,,39280,83700,0,-1,0,0,0,0,0,0,0,0,0,0,33494,0,1401,0,2,33554440,32768,268435968,0,0,0,-1,-1
59848,Teegeplauder: Theotar,,39281,78835,0,-1,0,0,0,0,0,0,0,0,0,0,34807,109,837,0,3,36241664,0,268435456,0,0,0,-1,-1
59850,Teegeplauder: Vulca,,39282,78836,0,-1,0,0,0,0,0,0,0,0,0,0,34807,109,837,0,3,36241664,0,268435456,0,0,0,-1,-1
59851,Zu Eis erstarrt,,39283,83700,0,-1,0,0,0,0,0,0,0,0,0,182199,33413,0,1401,0,2,33554440,32768,268435968,0,0,0,-1,-1
59852,Teegeplauder: Gubbins und Tubbins,,39284,78837,0,-1,0,0,0,0,0,0,0,0,0,0,34807,109,837,0,3,36241664,0,268435456,0,0,0,-1,-1
59853,Teegeplauder: Verlorene Sibylle,,39285,78838,0,-1,0,0,0,0,0,0,0,0,0,0,34808,109,837,0,3,36241664,0,268435456,0,0,0,-1,-1
59855,Signifikante Spiegelstörungen,,39287,79970,0,-1,0,0,0,0,0,0,0,0,0,0,33667,109,837,0,3,40435968,0,268435456,0,0,0,-1,-1
59863,Kampfnullifizierer 07-X,,39297,87032,0,-1,0,0,0,0,0,0,0,0,0,0,33447,0,1401,0,2,36700168,32768,268435968,0,0,0,-1,-1
59867,GESUCHT: Gutachter Vix,,39300,79462,0,-1,0,0,0,0,0,0,0,0,0,0,0,1,837,0,2,39845888,8192,268435968,0,0,0,-1,-1
59878,Zu viele Welpen,,39312,83703,0,-1,1,0,0,0,0,0,0,0,0,0,33200,0,1401,0,2,33554440,32768,268435968,0,0,0,-1,-1
59902,Ein unverhoffter Schatz,,39335,73555,0,-1,0,0,0,0,0,0,0,0,0,0,31481,109,837,0,3,40435968,8192,268435456,0,0,0,-1,-1
59904,Ein unverhoffter Schatz,,39337,73555,0,-1,0,0,0,0,0,0,0,0,0,0,31482,109,837,0,3,40435968,8192,268435456,0,0,0,-1,-1
59905,Ein unverhoffter Schatz,,39338,73555,0,-1,0,0,0,0,0,0,0,0,0,0,31483,109,837,0,3,40435968,8192,268435456,0,0,0,-1,-1
60010,Tremaculum: Befreite Seelen,,39436,21439,0,-1,0,0,0,0,0,0,0,0,0,0,5740,109,742,0,3,34144512,0,268435456,0,0,0,-1,-1
60011,Calcis: Dechiffrierung,,39437,73557,0,-1,0,0,0,0,0,0,0,0,0,0,3785,136,742,0,3,34144256,0,268435456,0,0,0,-1,-1
60012,Zovaals Kessel: Stygiaüberschuss,,39438,21439,0,-1,0,0,0,0,0,0,0,0,0,0,5740,136,742,0,3,34144256,0,268435456,0,0,0,-1,-1
60110,Nur ein kleiner Freundschaftsdienst von mir,,39514,70104,0,-1,1,0,0,0,0,0,0,0,0,0,0,0,837,0,2,39845888,8192,268435968,60049,57648,0,-1,-1
60111,Eine Freundschaft schmieden,,39515,70104,0,-1,0,0,0,0,0,0,0,0,0,0,0,0,837,0,2,39845888,8192,268435968,62406,0,0,-1,-1
60231,Zustand des Verfalls,,41840,71941,0,-1,1,0,0,0,0,0,0,0,0,0,31600,113,837,0,3,3735808,0,268435456,57559,62706,0,-1,-1
60236,Rückmeldung: Grufthüter Kassir,,0,90001,0,-1,0,0,0,0,0,0,0,0,0,0,0,0,2060,0,2,2097152,32768,268435968,61704,0,0,-1,-1
60291,Leichenrückkehr,,39670,88018,0,-1,0,0,0,0,0,0,0,0,0,178599,0,0,2060,0,2,39878664,8192,268435968,57597,0,0,-1,-1
60337,Puppentruppen,,39709,0,0,-1,1,0,0,0,0,0,0,0,0,0,31710,109,837,0,3,37290240,0,268435456,57559,62706,0,-1,-1
60358,Güldenitrausch,,39728,84987,0,-1,1,0,0,0,0,0,0,0,0,0,31718,271,2060,0,2,101187840,0,268435456,0,0,0,-1,-1
60363,Güldenitrausch,,39728,84988,0,-1,1,0,0,0,0,0,0,0,0,0,31718,271,2060,0,2,101187840,0,268435456,0,0,0,-1,-1
60364,Güldenitrausch,,39728,84990,0,-1,1,0,0,0,0,0,0,0,0,0,31718,271,2060,0,2,101187840,0,268435456,0,0,0,-1,-1
60365,Güldenitrausch,,39728,84989,0,-1,1,0,0,0,0,0,0,0,0,0,31718,271,2060,0,2,101187840,0,268435456,0,0,0,-1,-1
60369,Wilder Waldholzwahn,,39736,84990,0,-1,1,0,0,0,0,0,0,0,0,0,31814,271,2060,0,2,101187840,0,268435456,0,0,0,-1,-1
60370,Wilder Waldholzwahn,,39736,84989,0,-1,1,0,0,0,0,0,0,0,0,0,31814,271,2060,0,2,101187840,0,268435456,0,0,0,-1,-1
60371,Wilder Waldholzwahn,,39736,84988,0,-1,1,0,0,0,0,0,0,0,0,0,31814,271,2060,0,2,101187840,0,268435456,0,0,0,-1,-1
60372,Wilder Waldholzwahn,,39736,84987,0,-1,1,0,0,0,0,0,0,0,0,0,31814,271,2060,0,2,101187840,0,268435456,0,0,0,-1,-1
60373,Trauerrankenspiel,,39737,84990,0,-1,1,0,0,0,0,0,0,0,0,0,31813,271,2060,0,2,101187840,0,268435456,0,0,0,-1,-1
60374,Knochenmetallkrise,,39738,84990,0,-1,1,0,0,0,0,0,0,0,0,0,31812,271,2060,0,2,101187840,0,268435456,0,0,0,-1,-1
60375,Knochenmetallkrise,,39738,84989,0,-1,1,0,0,0,0,0,0,0,0,0,31812,271,2060,0,2,101187840,0,268435456,0,0,0,-1,-1
60376,Knochenmetallkrise,,39738,84988,0,-1,1,0,0,0,0,0,0,0,0,0,31812,271,2060,0,2,101187840,0,268435456,0,0,0,-1,-1
60377,Knochenmetallkrise,,39738,84987,0,-1,1,0,0,0,0,0,0,0,0,0,31812,271,2060,0,2,101187840,0,268435456,0,0,0,-1,-1
60378,Trauerrankenspiel,,39737,84989,0,-1,1,0,0,0,0,0,0,0,0,0,31813,271,2060,0,2,101187840,0,268435456,0,0,0,-1,-1
60379,Trauerrankenspiel,,39737,84988,0,-1,1,0,0,0,0,0,0,0,0,0,31813,271,2060,0,2,101187840,0,268435456,0,0,0,-1,-1
60380,Trauerrankenspiel,,39737,84987,0,-1,1,0,0,0,0,0,0,0,0,0,31813,271,2060,0,2,101187840,0,268435456,0,0,0,-1,-1
60381,Hilfe für den Ardenwald,,39739,84990,0,-1,0,0,0,0,0,0,0,0,0,0,31818,271,2060,0,2,101187840,0,268435456,62693,0,0,-1,-1
60382,Hilfe für Revendreth,,39740,84990,0,-1,1,0,0,0,0,0,0,0,0,0,31817,271,2060,0,2,101187840,0,268435456,0,0,0,-1,-1
60383,Hilfe für Maldraxxus,,39741,84990,0,-1,1,0,0,0,0,0,0,0,0,0,31816,271,2060,0,2,101187840,0,268435456,0,0,0,-1,-1
60384,Hilfe für die Bastion,,39742,84990,0,-1,1,0,0,0,0,0,0,0,0,0,31815,271,2060,0,2,101187840,0,268435456,0,0,0,-1,-1
60385,Ausbildung in Revendreth,,39743,84990,0,-1,1,0,0,0,0,0,0,0,0,0,31821,271,2060,0,2,104333568,0,268435456,0,0,0,-1,-1
60386,Ausbildung in Maldraxxus,,39744,84990,0,-1,1,0,0,0,0,0,0,0,0,0,31820,271,2060,0,2,104333568,0,268435456,0,0,0,-1,-1
60387,Ausbildung in der Bastion,,39745,84990,0,-1,1,0,0,0,0,0,0,0,0,0,31819,271,2060,0,2,104333568,0,268435456,0,0,0,-1,-1
60388,Ausbildung für unsere Truppen,,39746,84990,0,-1,1,0,0,0,0,0,0,0,0,0,31822,271,2060,0,2,104333568,0,268435456,0,0,0,-1,-1
60389,Hilfe für den Ardenwald,,39739,84989,0,-1,1,0,0,0,0,0,0,0,0,0,31818,271,2060,0,2,101187840,0,268435456,0,0,0,-1,-1
60390,Hilfe für den Ardenwald,,39739,84988,0,-1,1,0,0,0,0,0,0,0,0,0,31818,271,2060,0,2,101187840,0,268435456,0,0,0,-1,-1
60391,Hilfe für den Ardenwald,,39739,84987,0,-1,1,0,0,0,0,0,0,0,0,0,31818,271,2060,0,2,101187840,0,268435456,0,0,0,-1,-1
60392,Hilfe für die Bastion,,39742,84987,0,-1,0,0,0,0,0,0,0,0,0,0,31815,271,2060,0,2,101187840,0,268435456,62692,0,0,-1,-1
60393,Hilfe für die Bastion,,39742,84988,0,-1,1,0,0,0,0,0,0,0,0,0,31815,271,2060,0,2,101187840,0,268435456,0,0,0,-1,-1
60394,Hilfe für die Bastion,,39742,84989,0,-1,1,0,0,0,0,0,0,0,0,0,31815,271,2060,0,2,101187840,0,268435456,0,0,0,-1,-1
60395,Hilfe für Maldraxxus,,39741,84987,0,-1,1,0,0,0,0,0,0,0,0,0,31816,271,2060,0,2,101187840,0,268435456,0,0,0,-1,-1
60396,Hilfe für Maldraxxus,,39741,84988,0,-1,0,0,0,0,0,0,0,0,0,0,31816,271,2060,0,2,101187840,0,268435456,62694,0,0,-1,-1
60397,Hilfe für Maldraxxus,,39741,84989,0,-1,1,0,0,0,0,0,0,0,0,0,31816,271,2060,0,2,101187840,0,268435456,0,0,0,-1,-1
60398,Hilfe für Revendreth,,39740,84988,0,-1,1,0,0,0,0,0,0,0,0,0,31817,271,2060,0,2,101187840,0,268435456,0,0,0,-1,-1
60399,Hilfe für Revendreth,,39740,84989,0,-1,0,0,0,0,0,0,0,0,0,0,31817,271,2060,0,2,101187840,0,268435456,62691,0,0,-1,-1
60400,Hilfe für Revendreth,,39740,84987,0,-1,1,0,0,0,0,0,0,0,0,0,31817,271,2060,0,2,101187840,0,268435456,0,0,0,-1,-1
60401,Ausbildung im Ardenwald,,39746,84989,0,-1,1,0,0,0,0,0,0,0,0,0,31822,271,2060,0,2,104333568,0,268435456,0,0,0,-1,-1
60402,Ausbildung im Ardenwald,,39746,84988,0,-1,1,0,0,0,0,0,0,0,0,0,31822,271,2060,0,2,104333568,0,268435456,0,0,0,-1,-1
60403,Ausbildung im Ardenwald,,39746,84987,0,-1,1,0,0,0,0,0,0,0,0,0,31822,271,2060,0,2,104333568,0,268435456,0,0,0,-1,-1
60404,Ausbildung für unsere Truppen,,39745,84987,0,-1,1,0,0,0,0,0,0,0,0,0,31819,271,2060,0,2,104333568,0,268435456,0,0,0,-1,-1
60405,Ausbildung in der Bastion,,39745,84988,0,-1,1,0,0,0,0,0,0,0,0,0,31819,271,2060,0,2,104333568,0,268435456,0,0,0,-1,-1
60406,Ausbildung in der Bastion,,39745,84989,0,-1,1,0,0,0,0,0,0,0,0,0,31819,271,2060,0,2,104333568,0,268435456,0,0,0,-1,-1
60407,Ausbildung in Maldraxxus,,39744,84987,0,-1,1,0,0,0,0,0,0,0,0,0,31820,271,2060,0,2,104333568,0,268435456,0,0,0,-1,-1
60408,Ausbildung für unsere Truppen,,39744,84988,0,-1,1,0,0,0,0,0,0,0,0,0,31820,271,2060,0,2,104333568,0,268435456,0,0,0,-1,-1
60409,Ausbildung in Maldraxxus,,39744,84989,0,-1,1,0,0,0,0,0,0,0,0,0,31820,271,2060,0,2,104333568,0,268435456,0,0,0,-1,-1
60410,Ausbildung für unsere Truppen,,39743,84989,0,-1,0,0,0,0,0,0,0,0,0,0,31821,271,2060,0,2,104333568,0,268435456,62921,0,0,-1,-1
60411,Ausbildung in Revendreth,,39743,84988,0,-1,1,0,0,0,0,0,0,0,0,0,31821,271,2060,0,2,104333568,0,268435456,0,0,0,-1,-1
60412,Ausbildung in Revendreth,,39743,84987,0,-1,1,0,0,0,0,0,0,0,0,0,31821,271,2060,0,2,104333568,0,268435456,0,0,0,-1,-1
60414,Rare Ressourcen,,39748,84990,0,-1,1,0,0,0,0,0,0,0,0,0,31823,271,2060,0,2,101187840,0,268435456,0,0,0,-1,-1
60415,Rare Ressourcen,,39748,84987,0,-1,1,0,0,0,0,0,0,0,0,0,31823,271,2060,0,2,101187840,0,268435456,0,0,0,-1,-1
60416,Rare Ressourcen,,39748,84988,0,-1,1,0,0,0,0,0,0,0,0,0,31823,271,2060,0,2,101187840,0,268435456,0,0,0,-1,-1
60417,Rare Ressourcen,,39748,84989,0,-1,1,0,0,0,0,0,0,0,0,0,31823,271,2060,0,2,101187840,0,268435456,0,0,0,-1,-1
60418,Ein Ruf zur Bastion,,39749,84990,0,-1,1,0,0,0,0,0,0,0,0,0,31824,271,2060,0,2,101187840,0,268435456,0,0,0,-1,-1
60419,Ärger an der Heimatfront,,39750,84990,0,-1,1,0,0,0,0,0,0,0,0,0,31825,271,2060,0,2,101187840,0,268435456,0,0,0,-1,-1
60420,Ein Ruf nach Maldraxxus,,39751,84990,0,-1,1,0,0,0,0,0,0,0,0,0,31827,271,2060,0,2,101187840,0,268435456,0,0,0,-1,-1
60421,Ein Ruf nach Revendreth,,39752,84990,0,-1,1,0,0,0,0,0,0,0,0,0,31826,271,2060,0,2,101187840,0,268435456,0,0,0,-1,-1
60422,Ein Ruf zum Ardenwald,,39750,84989,0,-1,1,0,0,0,0,0,0,0,0,0,31825,271,2060,0,2,101187840,0,268435456,0,0,0,-1,-1
60423,Ein Ruf zum Ardenwald,,39750,84988,0,-1,1,0,0,0,0,0,0,0,0,0,31825,271,2060,0,2,101187840,0,268435456,0,0,0,-1,-1
60424,Ein Ruf zum Ardenwald,,39750,84987,0,-1,1,0,0,0,0,0,0,0,0,0,31825,271,2060,0,2,101187840,0,268435456,0,0,0,-1,-1
60425,Ärger an der Heimatfront,,39749,84987,0,-1,1,0,0,0,0,0,0,0,0,0,31824,271,2060,0,2,101187840,0,268435456,0,0,0,-1,-1
60426,Ein Ruf zur Bastion,,39749,84988,0,-1,1,0,0,0,0,0,0,0,0,0,31824,271,2060,0,2,101187840,0,268435456,0,0,0,-1,-1
60427,Ein Ruf zur Bastion,,39749,84989,0,-1,1,0,0,0,0,0,0,0,0,0,31824,271,2060,0,2,101187840,0,268435456,0,0,0,-1,-1
60429,Ärger an der Heimatfront,,39751,84988,0,-1,1,0,0,0,0,0,0,0,0,0,31827,271,2060,0,2,101187840,0,268435456,0,0,0,-1,-1
60430,Ein Ruf nach Maldraxxus,,39751,84987,0,-1,1,0,0,0,0,0,0,0,0,0,31827,271,2060,0,2,101187840,0,268435456,0,0,0,-1,-1
60431,Ein Ruf nach Maldraxxus,,39751,84989,0,-1,1,0,0,0,0,0,0,0,0,0,31827,271,2060,0,2,101187840,0,268435456,0,0,0,-1,-1
60432,Ärger an der Heimatfront,,39752,84989,0,-1,1,0,0,0,0,0,0,0,0,0,31826,271,2060,0,2,101187840,0,268435456,0,0,0,-1,-1
60433,Ein Ruf nach Revendreth,,39752,84988,0,-1,1,0,0,0,0,0,0,0,0,0,31826,271,2060,0,2,101187840,0,268435456,0,0,0,-1,-1
60434,Ein Ruf nach Revendreth,,39752,84987,0,-1,1,0,0,0,0,0,0,0,0,0,31826,271,2060,0,2,101187840,0,268435456,0,0,0,-1,-1
60435,Herausforderungen in Revendreth,,39754,84990,0,-1,1,0,0,0,0,0,0,0,0,0,31830,271,2060,0,2,101187840,0,268435456,0,0,0,-1,-1
60436,Herausforderungen in Maldraxxus,,39755,84990,0,-1,1,0,0,0,0,0,0,0,0,0,31829,271,2060,0,2,101187840,0,268435456,0,0,0,-1,-1
60437,Herausforderungen in der Bastion,,39756,84990,0,-1,1,0,0,0,0,0,0,0,0,0,31828,271,2060,0,2,101187840,0,268435456,0,0,0,-1,-1
60438,Herausforderungen im Ardenwald,,39757,84990,0,-1,1,0,0,0,0,0,0,0,0,0,31831,271,2060,0,2,101187840,0,268435456,0,0,0,-1,-1
60439,Herausforderungen im Ardenwald,,39757,84987,0,-1,1,0,0,0,0,0,0,0,0,0,31831,271,2060,0,2,101187840,0,268435456,0,0,0,-1,-1
60440,Herausforderungen im Ardenwald,,39757,84988,0,-1,1,0,0,0,0,0,0,0,0,0,31831,271,2060,0,2,101187840,0,268435456,0,0,0,-1,-1
60441,Herausforderungen im Ardenwald,,39757,84989,0,-1,1,0,0,0,0,0,0,0,0,0,31831,271,2060,0,2,101187840,0,268435456,0,0,0,-1,-1
60442,Herausforderungen in der Bastion,,39756,84987,0,-1,1,0,0,0,0,0,0,0,0,0,31828,271,2060,0,2,101187840,0,268435456,0,0,0,-1,-1
60443,Herausforderungen in der Bastion,,39756,84988,0,-1,1,0,0,0,0,0,0,0,0,0,31828,271,2060,0,2,101187840,0,268435456,0,0,0,-1,-1
60444,Herausforderungen in der Bastion,,39756,84989,0,-1,1,0,0,0,0,0,0,0,0,0,31828,271,2060,0,2,101187840,0,268435456,0,0,0,-1,-1
60445,Herausforderungen in Maldraxxus,,39755,84988,0,-1,1,0,0,0,0,0,0,0,0,0,31829,271,2060,0,2,101187840,0,268435456,0,0,0,-1,-1
60446,Herausforderungen in Maldraxxus,,39755,84989,0,-1,1,0,0,0,0,0,0,0,0,0,31829,271,2060,0,2,101187840,0,268435456,0,0,0,-1,-1
60447,Herausforderungen in Maldraxxus,,39755,84987,0,-1,1,0,0,0,0,0,0,0,0,0,31829,271,2060,0,2,101187840,0,268435456,0,0,0,-1,-1
60448,Herausforderungen in Revendreth,,39754,84989,0,-1,1,0,0,0,0,0,0,0,0,0,31830,271,2060,0,2,101187840,0,268435456,0,0,0,-1,-1
60449,Herausforderungen in Revendreth,,39754,84988,0,-1,1,0,0,0,0,0,0,0,0,0,31830,271,2060,0,2,101187840,0,268435456,0,0,0,-1,-1
60450,Herausforderungen in Revendreth,,39754,84987,0,-1,1,0,0,0,0,0,0,0,0,0,31830,271,2060,0,2,101187840,0,268435456,0,0,0,-1,-1
60452,Sturm auf den Schlund,,39759,84990,0,-1,1,0,0,0,0,0,0,0,0,0,31832,271,2060,0,2,101187840,0,268435456,0,0,0,-1,-1
60454,Sturm auf den Schlund,,39759,84987,0,-1,1,0,0,0,0,0,0,0,0,0,31832,271,2060,0,2,101187840,0,268435456,0,0,0,-1,-1
60455,Sturm auf den Schlund,,39759,84988,0,-1,1,0,0,0,0,0,0,0,0,0,31832,271,2060,0,2,101187840,0,268435456,0,0,0,-1,-1
60456,Sturm auf den Schlund,,39759,84989,0,-1,1,0,0,0,0,0,0,0,0,0,31832,271,2060,0,2,101187840,0,268435456,0,0,0,-1,-1
60457,Animabergung,,39761,84990,0,-1,1,0,0,0,0,0,0,0,0,0,31833,271,2060,0,2,101187840,0,268435456,0,0,0,-1,-1
60458,Animabergung,,39761,84987,0,-1,1,0,0,0,0,0,0,0,0,0,31833,271,2060,0,2,101187840,0,268435456,0,0,0,-1,-1
60459,Animabergung,,39761,84988,0,-1,1,0,0,0,0,0,0,0,0,0,31833,271,2060,0,2,101187840,0,268435456,0,0,0,-1,-1
60460,Animabergung,,39761,84989,0,-1,1,0,0,0,0,0,0,0,0,0,31833,271,2060,0,2,101187840,0,268435456,0,0,0,-1,-1
60462,Animaambulanz,,39763,84990,0,-1,1,0,0,0,0,0,0,0,0,0,31834,271,2060,0,2,101187840,0,268435456,0,0,0,-1,-1
60463,Animaambulanz,,39763,84989,0,-1,1,0,0,0,0,0,0,0,0,0,31834,271,2060,0,2,101187840,0,268435456,0,0,0,-1,-1
60464,Animaambulanz,,39763,84988,0,-1,1,0,0,0,0,0,0,0,0,0,31834,271,2060,0,2,101187840,0,268435456,0,0,0,-1,-1
60465,Animaambulanz,,39763,84987,0,-1,1,0,0,0,0,0,0,0,0,0,31834,271,2060,0,2,101187840,0,268435456,0,0,0,-1,-1
60475,Wir arbeiten daran,,39773,0,0,-1,1,0,0,0,0,0,0,0,0,0,31863,109,837,0,3,37290240,0,268435456,57559,62706,0,-1,-1
60476,Bereit zur Sprigganisierung!,,39774,0,0,-1,1,0,0,0,0,0,0,0,0,0,31862,109,837,0,3,41484544,8192,268435456,57559,62706,0,-1,-1
60531,Auserwählte Champions,,39828,73555,0,-1,0,0,0,0,0,0,0,0,0,0,31829,136,2060,0,3,36241664,0,268435968,0,0,0,-1,-1
60532,Die Dominanz vernichten,,39829,90864,0,-1,0,0,0,0,0,0,0,0,0,0,31830,136,2060,0,3,36241664,0,268435968,0,0,0,-1,-1
60533,Schrecken in Tirna Scithe,,39830,89414,0,-1,1,0,0,0,0,0,0,0,0,0,31831,136,2060,0,3,36241664,0,268435968,57559,62706,0,-1,-1
60534,Treulose Einwohner,,39831,73555,0,-1,0,0,0,0,0,0,0,0,0,0,31828,136,2060,0,3,36241664,0,268435968,0,0,0,-1,-1
60542,Nathanos Pestrufer,,39839,83729,0,-1,0,0,0,0,0,0,0,0,0,0,0,112,1401,0,3,34177344,0,268435456,0,0,0,-1,-1
60564,"Drei Gorm gehen rein, keiner kommt raus",,39847,0,0,-1,1,0,0,0,0,0,0,0,0,0,31903,109,2060,0,3,37290240,0,268435456,57559,62706,0,-1,-1
60565,Ein Provost für jede Gelegenheit,,39848,0,0,-1,1,0,0,0,0,0,0,0,0,0,31905,109,837,0,3,37290240,0,268435456,57559,62706,0,-1,-1
60574,Pilze schütteln,,39856,0,0,-1,1,0,0,0,0,0,0,0,0,0,31910,109,2060,0,3,37290240,0,268435456,57559,62706,0,-1,-1
60585,Aufruhr der Spriggans,,39865,86918,0,-1,1,0,0,0,0,0,0,0,0,0,31922,109,2060,0,3,41484544,8192,268435456,57559,62706,0,-1,-1
60597,Ärger am Gormlingpferch,,39875,89214,0,-1,1,0,0,0,0,0,0,0,0,0,31930,109,837,0,3,37290240,0,268435456,57559,62706,0,-1,-1
60601,Dunkelschwingendrills,,39879,79249,0,-1,1,0,0,0,0,0,0,0,0,0,31935,109,2060,0,3,107544832,8192,268435456,57559,62706,0,-1,-1
60602,Geheimdienst,,39880,73555,0,-1,0,0,0,0,0,0,0,0,0,0,31936,109,2060,0,3,40435968,8192,268435456,0,0,0,-1,-1
60609,Wer verschlingt die Verschlinger?,,39885,0,0,-1,1,0,0,0,0,0,0,0,0,0,31949,111,2060,0,3,37290240,0,268435456,57559,62706,0,-1,-1
60622,Auge des Sehers,,39898,88667,0,-1,0,0,0,0,0,0,0,0,0,0,32571,0,742,0,2,35651720,32768,268435968,0,0,0,-1,-1
60623,AAAH! Echte Monster!,,39899,0,0,-1,1,0,0,0,0,0,0,0,0,0,32537,109,2060,0,3,37290240,0,268435456,57559,62706,0,-1,-1
60646,Das Geschäft mit dem Elend,,39922,88667,0,-1,0,0,0,0,0,0,0,0,0,0,32575,0,742,0,2,35783048,32768,268435968,0,0,0,-1,-1
60649,Ein Dorn in ihrem Auge,,39925,88846,0,-1,1,0,0,0,0,0,0,0,0,0,31981,109,2060,0,3,37290240,0,268435456,57559,62706,0,-1,-1
60653,Spiegelwiederherstellung,,39929,73555,0,-1,0,0,0,0,0,0,0,0,0,0,31992,109,837,0,3,40435968,8192,268435456,0,0,0,-1,-1
60654,Seelenschwärme,,39930,73555,0,-1,0,0,0,0,0,0,0,0,0,0,31991,109,2060,0,3,40435968,8192,268435456,0,0,0,-1,-1
60655,Ein gestohlenes Steinscheusal,,39931,73555,0,-1,0,0,0,0,0,0,0,0,0,180249,31990,109,2060,0,3,40435968,8192,268435456,0,0,0,-1,-1
60656,Ruft Eure Sünden herbei,,39932,73555,0,-1,0,0,0,0,0,0,0,0,0,0,31989,109,2060,0,3,40435968,8192,268435456,0,0,0,-1,-1
60657,Hilfe von oben,,39933,73555,0,-1,0,0,0,0,0,0,0,0,0,0,31988,109,837,0,3,40435968,8192,268435456,0,0,0,-1,-1
60658,Endloser Appetit,,39934,89125,0,-1,0,0,0,0,0,0,0,0,0,0,31987,109,837,0,3,40435968,8192,268435456,0,0,0,-1,-1
60659,Lichtverteidigung,,39935,73555,0,-1,0,0,0,0,0,0,0,0,0,0,31986,109,837,0,3,40435968,8192,268435456,0,0,0,-1,-1
60732,Nachschub unterbrechen,,40004,88666,0,-1,0,0,0,0,0,0,0,0,0,0,34303,0,742,0,2,35651720,32768,268435968,0,0,0,-1,-1
60739,Schwieriges Publikum,,40010,82056,0,-1,1,0,0,0,0,0,0,0,0,0,32055,109,2060,0,3,37290240,0,268435456,57559,62706,0,-1,-1
60762,Todespartikel,,40018,88667,0,-1,0,0,0,0,0,0,0,0,0,0,32578,0,742,0,2,2097544,32768,268435968,0,0,0,-1,-1
60770,Zerquetscht und abgefackelt,,40026,88170,0,-1,1,0,0,0,0,0,0,0,0,180274,32090,109,837,0,3,305725696,0,268435456,57559,62706,0,-1,-1
60775,Ein angemessener Tod,,40031,88667,0,-1,0,0,0,0,0,0,0,0,0,0,32580,0,742,0,2,35783048,32768,268435968,0,0,0,-1,-1
60786,Schwarmverteidigung,,40040,0,0,-1,1,0,0,0,0,0,0,0,0,0,32134,109,2060,0,3,37290240,0,268435456,57559,62706,0,-1,-1
60837,Zorn von Aliothe,,40092,82170,0,-1,1,0,0,0,0,0,0,0,0,0,32143,109,2060,0,3,41484544,8192,268435456,57559,62706,0,-1,-1
60840,Offensive der Wilden Jagd,,40095,81411,0,-1,0,0,0,0,0,0,0,0,0,0,0,0,1931,0,3,271122432,0,268468736,0,0,0,-1,-1
60841,Evakuierungseinsatz,,40096,83703,0,-1,0,0,0,0,0,0,0,0,0,0,33201,0,1401,0,2,33554440,32768,268435968,0,0,0,-1,-1
60842,"Lecker, Spriggans!",,40097,0,0,-1,1,0,0,0,0,0,0,0,0,0,32145,109,2060,0,3,37421312,0,268435456,57559,62706,0,-1,-1
60844,Flugschule: Fallen mit Stil,,40099,87575,0,-1,0,0,0,0,0,0,0,0,0,0,32154,109,2060,0,3,40435968,0,268435456,0,0,0,-1,-1
60855,Gormageddon,,40110,88170,0,-1,1,0,0,0,0,0,0,0,0,0,32155,109,837,0,3,41484544,8192,268435456,57559,62706,0,-1,-1
60858,Flugschule: Auf und davon!,,40113,88579,0,-1,0,0,0,0,0,0,0,0,0,0,32182,109,2060,0,3,40435968,0,268435456,0,0,0,-1,-1
60872,Eine gefährliche Ernte,,40121,88941,0,-1,1,0,0,0,0,0,0,0,0,0,32183,109,837,0,3,41484544,8192,268435456,57559,62706,0,-1,-1
60899,Eine Nacht in den Wäldern,,40146,0,0,-1,1,0,0,0,0,0,0,0,0,0,32241,109,2060,0,3,37290240,0,268435456,57559,62706,0,-1,-1
60903,Krala,,40150,76424,0,-1,0,0,0,0,0,0,0,0,0,0,33680,0,742,0,3,36241792,0,268435456,0,0,0,-1,-1
60911,Flugschule: Frenetisches Flattern,,40157,73555,0,-1,0,0,0,0,0,0,0,0,0,0,32259,109,2060,0,3,36241664,0,268435456,0,0,0,-1,-1
60916,Rückmeldung: Steinkopf,,0,90002,0,-1,0,0,0,0,0,0,0,0,0,0,0,0,2060,0,2,40894472,40960,268435968,0,0,0,-1,-1
60920,Akros,,40166,76424,0,-1,0,0,0,0,0,0,0,0,0,0,33679,0,742,0,3,36241792,0,268435456,0,0,0,-1,-1
60929,Luftüberlegenheit,,40176,73555,0,-1,0,0,0,0,0,0,0,0,0,0,32266,109,837,0,3,40435968,8192,268435456,0,0,0,-1,-1
60948,Rückmeldung: Die Gräfin,,0,81753,0,-1,0,0,0,0,0,0,0,0,0,0,0,0,2060,0,2,37879816,40960,268435968,0,0,0,-1,-1
60950,Eine Frage der Tarnung,,40195,87202,0,-1,0,0,0,0,0,0,0,0,0,0,32291,109,837,0,3,40435968,8192,268435456,0,0,0,-1,-1
60958,Nur Ihr allein,,40201,87133,0,-1,0,0,0,0,0,0,0,0,0,0,32294,109,837,0,3,36241664,0,268435456,0,0,0,-1,-1
60990,Tracking Quest,,40222,73557,0,-1,0,0,0,0,0,0,0,0,0,0,32639,0,742,0,3,34144512,0,0,0,0,0,-1,-1
60991,"Orrholyn, Herr des Aderlasses",,40349,73557,0,-1,0,0,0,0,0,0,0,0,0,0,32635,0,742,0,3,36241792,0,268439552,0,0,0,-1,-1
60992,"Razkazzar, Herr der Äxte",,40224,73557,0,-1,0,0,0,0,0,0,0,0,0,0,32644,0,742,0,3,36241792,0,268439552,0,0,0,-1,-1
61059,Rückmeldung: Rendel und Knüppelfratze,,0,81980,0,-1,0,0,0,0,0,0,0,0,0,0,0,0,2060,0,2,8,32769,268435968,0,0,0,-1,-1
61060,Sporen um die Ohren,,42457,74689,0,-1,0,0,0,0,0,0,0,0,0,0,32398,109,837,0,3,40435968,8192,268435456,0,0,0,-1,-1
61062,Adjutant Dekaris,,40292,73557,0,-1,0,0,0,0,0,0,0,0,0,0,0,0,742,0,3,38342976,0,268439552,0,0,0,-1,-1
61075,Ein Funken Licht,,40307,88667,0,-1,0,0,0,0,0,0,0,0,0,180607,32573,0,742,0,2,35651976,32768,268435968,0,0,0,-1,-1
61079,Anteil des Kerkermeisters,,40311,88667,0,-1,0,0,0,0,0,0,0,0,0,0,34301,0,742,0,2,35651976,32768,268435968,0,0,0,-1,-1
61088,Staub zu Staub,,42455,88667,0,-1,0,0,0,0,0,0,0,0,0,0,32570,0,742,0,2,35651720,32768,268435968,0,0,0,-1,-1
61092,Rückmeldung: Großmeister Vole,,0,82033,0,-1,0,0,0,0,0,0,0,0,0,0,0,0,2060,0,2,33554504,32768,268435968,0,0,0,-1,-1
61103,Den Kreislauf unterbrechen,,40329,88667,0,-1,0,0,0,0,0,0,0,0,0,0,32577,0,742,0,2,33554824,32768,268435968,0,0,0,-1,-1
61104,"Grathalax, der Extraktor",,40330,88667,0,-1,0,0,0,0,0,0,0,0,0,0,32576,0,742,0,2,35651976,32768,268435968,0,0,0,-1,-1
61105,Rückmeldung: Seuchenerfinder Marileth,,0,82089,0,-1,0,0,0,0,0,0,0,0,0,0,0,0,2060,0,2,37748744,40960,268435968,0,0,0,-1,-1
61109,Rückmeldung: Jagdhauptmann Korayn,,0,82072,0,-1,0,0,0,0,0,0,0,0,0,0,0,0,2060,0,2,37748744,40960,268435968,0,0,0,-1,-1
61123,Rückmeldung: Polemarch Adrestes,,0,82074,0,-1,0,0,0,0,0,0,0,0,0,0,0,0,2060,0,2,37748744,40960,268435968,0,0,0,-1,-1
61124,Labyrinthmischling,,40348,73557,0,-1,0,0,0,0,0,0,0,0,0,0,32638,0,742,0,3,36241792,0,268439552,0,0,0,-1,-1
61125,Boshafte Stygia,,40350,73557,0,-1,0,0,0,0,0,0,0,0,0,0,32636,0,742,0,3,36241792,0,268439552,0,0,0,-1,-1
61129,Rückmeldung: Dromanin Aliothe,,0,82182,0,-1,0,0,0,0,0,0,0,0,0,0,0,0,2060,0,2,8,32769,268435968,0,0,0,-1,-1
61130,Rückmeldung: Sika,,0,82184,0,-1,0,0,0,0,0,0,0,0,0,0,0,0,2060,0,2,37748744,32768,268435968,0,0,0,-1,-1
61136,Agonix,,40359,73557,0,-1,0,0,0,0,0,0,0,0,0,0,32637,0,742,0,3,36241792,0,268439552,0,0,0,-1,-1
61139,Rückmeldung: Choofa,,0,82195,0,-1,0,0,0,0,0,0,0,0,0,0,0,0,2060,0,2,37748744,40960,268435968,0,0,0,-1,-1
61140,Dath Rezara,,40361,73557,0,-1,0,0,0,0,0,0,0,0,0,0,33928,0,742,0,3,36241792,0,268439552,0,0,0,-1,-1
61141,Todesreißers Lieblingsspielzeug,,40362,74689,0,-1,0,0,0,0,0,0,0,0,0,0,32523,109,837,0,3,41615616,8192,268435456,0,0,0,-1,-1
61148,AAAH! Echte Monster!,,40368,0,0,-1,1,0,0,0,0,0,0,0,0,0,32538,109,2060,0,3,37290240,0,268435456,57559,62706,0,-1,-1
61173,Rückmeldung: Mikanikos,,0,82193,0,-1,0,0,0,0,0,0,0,0,0,0,0,0,2060,0,2,37748744,40960,268435968,0,0,0,-1,-1
61174,Rückmeldung: Baronin Vashj,,0,82474,0,-1,0,0,0,0,0,0,0,0,0,0,0,0,2060,0,2,35651592,40960,268435968,0,0,0,-1,-1
61189,Weiterführende gallertartige Forschung,,40404,74689,0,-1,0,0,0,0,0,0,0,0,0,0,32589,109,837,0,3,36372736,8192,268435456,0,0,0,-1,-1
61220,AAAH! Echte Monster!,,40433,0,0,-1,1,0,0,0,0,0,0,0,0,0,32626,109,2060,0,3,37290240,0,268435456,57559,62706,0,-1,-1
61255,Rückmeldung: Alexandros Mograine,,0,82699,0,-1,0,0,0,0,0,0,0,0,0,0,0,0,2060,0,2,33554440,32768,268435968,0,0,0,-1,-1
61256,Rückmeldung: Kleia und Pelagos,,0,82701,0,-1,0,0,0,0,0,0,0,0,0,0,0,0,2060,0,2,33554440,32768,268435968,0,0,0,-1,-1
61303,Es regnet Funken,,40507,87009,0,-1,1,0,0,0,0,0,0,0,0,0,32651,109,837,0,3,37290240,0,268435456,57559,62706,0,-1,-1
61335,Käfigsturm,,40534,70104,0,-1,0,0,0,0,0,0,0,0,0,0,0,0,837,0,2,4194312,8192,268435968,61227,0,0,-1,-1
61337,Marsch des Ewigen Beschützers,,40536,0,0,-1,1,0,0,0,0,0,0,0,0,0,32713,109,2060,0,3,37290240,0,268435456,57559,62706,0,-1,-1
61342,Längst errungene Siege,,42432,74689,0,-1,0,0,0,0,0,0,0,0,0,0,32716,109,837,0,3,40435968,8192,268435456,0,0,0,-1,-1
61343,Längst errungene Siege,,39272,92609,0,-1,0,0,0,0,0,0,0,0,0,0,32717,109,837,0,3,40435968,8192,268435456,0,0,0,-1,-1
61346,Cyrixia die Willensbrecherin,,40539,73557,0,-1,0,0,0,0,0,0,0,0,0,0,32718,0,742,0,3,36241856,0,268439552,0,0,0,-1,-1
61352,Alle werden verschlungen,,42456,74689,0,-1,0,0,0,0,0,0,0,0,0,0,32731,109,837,0,3,40435968,8192,268435456,0,0,0,-1,-1
61353,Alle werden verschlungen,,40542,74689,0,-1,0,0,0,0,0,0,0,0,0,0,32732,109,837,0,3,40435968,8192,268435456,0,0,0,-1,-1
61354,Rückmeldung: Lady Mondbeere,,0,82703,0,-1,0,0,0,0,0,0,0,0,0,0,0,0,2060,0,2,37748744,40960,268435968,0,0,0,-1,-1
61394,Gormlingwerfen: Ruhige Teiche,,40581,79261,0,-1,1,0,0,0,0,0,0,0,0,0,32744,109,2060,0,3,104530176,0,268435456,57559,62706,0,-1,-1
61398,Gluthof: Traditionell,,41047,83198,0,-1,0,0,0,0,0,0,0,0,0,0,0,0,2060,0,2,8,1,268435976,0,0,0,-1,-1
61399,Gluthof: Erinnerungen an die Sterblichkeit,,41046,83200,0,-1,0,0,0,0,0,0,0,0,0,181367,0,0,2060,0,2,8,0,268435976,0,0,0,-1,-1
61400,Gluthof: Mysteriöse Spiegel,,41045,83211,0,-1,0,0,0,0,0,0,0,0,0,0,0,0,2060,0,2,33554440,0,268435976,0,0,0,-1,-1
61401,Gluthof: Freiwillige Venthyr,,41044,83212,0,-1,0,0,0,0,0,0,0,0,0,181716,0,0,2060,0,2,37748744,8192,268435976,0,0,0,-1,-1
61402,Gluthof: Steingeborene Reservisten,,41043,83213,0,-1,0,0,0,0,0,0,0,0,0,0,0,1,2060,0,2,40894472,8192,268435976,0,0,0,-1,-1
61403,Gluthof: Armee von Maldraxxus,,41042,83214,0,-1,0,0,0,0,0,0,0,0,0,0,0,0,2060,0,2,37748736,8192,268435976,0,0,0,-1,-1
61404,Gluthof: Tubbins' Teekränzchen,,41027,83215,0,-1,0,0,0,0,0,0,0,0,0,183943,0,1,2060,0,2,39976968,8192,268435976,61705,0,0,-1,-1
61405,Gluthof: Deliziöse Desserts,,41041,83216,0,-1,0,0,0,0,0,0,0,0,0,0,0,0,2060,0,2,8,1,268435976,0,0,0,-1,-1
61406,Gluthof: Pilz Surprise,,41040,83217,0,-1,0,0,0,0,0,0,0,0,0,181828,0,0,2060,0,2,33554440,0,268435976,0,0,0,-1,-1
61407,Gluthof: Rituale der Buße,,41037,83218,0,-1,0,0,0,0,0,0,0,0,0,0,0,0,2060,0,2,8,0,268435976,61706,0,0,-1,-1
61408,Gluthof: Blick in die Wildnis,,41039,83219,0,-1,0,0,0,0,0,0,0,0,0,183944,0,0,2060,0,2,33554440,0,268435976,0,0,0,-1,-1
61411,"Irgendwie, irgendwo, irgendwann",,40586,0,0,-1,1,0,0,0,0,0,0,0,0,0,32751,109,837,0,3,41615616,0,268435456,57559,62706,0,-1,-1
61434,Alchemie: Fläschchen der bemessenen Disziplin,,40601,0,0,-1,1,0,0,0,0,2750,25,0,0,0,34415,118,837,0,3,34144576,0,268435458,57559,62706,0,-1,-1
61435,Schmiedekunst: Pirscherpfeilspitzen,,40602,0,0,-1,1,0,0,0,0,2751,25,0,0,0,34400,116,837,0,3,34144576,0,268435458,57559,62706,0,-1,-1
61439,Kochkunst: Provosteneintopf,,40606,0,0,-1,1,0,0,0,0,2752,25,0,0,0,34417,131,837,0,3,34144576,0,268435458,57559,62706,0,-1,-1
61440,Verzauberkunst: Korb der Fülle,,40607,0,0,-1,1,0,0,0,0,2753,25,0,0,0,34402,123,837,0,3,34144576,0,268435458,57559,62706,0,-1,-1
61441,Ingenieurskunst: Servohammer,,40608,0,0,-1,1,0,0,0,0,2755,25,0,0,0,34419,122,837,0,3,34144576,0,268435458,57559,62706,0,-1,-1
61442,Angeln: Prächtige Schimmerflosse,,40609,0,0,-1,1,0,0,0,0,2754,25,0,0,0,34420,130,837,0,3,34144576,0,268435458,57559,62706,0,-1,-1
61443,Kräuterkunde: Windgepeitschter Ruhmesstieg,,40610,0,0,-1,1,0,0,0,0,2760,25,0,0,0,34421,119,837,0,3,34144576,0,268435458,57559,62706,0,-1,-1
61446,Inschriftenkunde: Anrufung der Pflicht,,40612,0,0,-1,1,0,0,0,0,2756,25,0,0,0,34422,126,837,0,3,34144576,0,268435458,57559,62706,0,-1,-1
61447,Juwelierskunst: Schimmernde Kyranithalskette,,40613,0,0,-1,1,0,0,0,0,2757,25,0,0,0,34423,125,837,0,3,34144576,0,268435458,57559,62706,0,-1,-1
61449,Lederverarbeitung: Stahlhautlederharnisch,,40614,0,0,-1,1,0,0,0,0,2758,25,0,0,0,34424,117,837,0,3,34144576,0,268435458,57559,62706,0,-1,-1
61467,Bergbau: Strahlendes Soleniumerz,,40631,0,0,-1,1,0,0,0,0,2761,25,0,0,0,34412,120,837,0,3,34144576,0,268435458,57559,62706,0,-1,-1
61468,Kürschnerei: Luxuriöses Kupferpelzfell,,40632,0,0,-1,1,0,0,0,0,2762,25,0,0,0,34413,124,837,0,3,34144576,0,268435458,57559,62706,0,-1,-1
61469,Schneiderei: Gespinstgewebetunika,,40633,0,0,-1,1,0,0,0,0,2759,25,0,0,0,34414,121,837,0,3,34144576,0,268435458,57559,62706,0,-1,-1
61477,Die Champions rufen,,40638,74689,0,-1,0,0,0,0,0,0,0,0,0,0,33080,109,837,0,3,40435968,8192,268435456,0,0,0,-1,-1
61509,Glitzerzeug der Bastion,,40665,87382,0,-1,131077,0,0,0,0,0,0,0,0,178554,0,0,2060,0,2,39878664,8192,268435968,60041,61516,61512,-1,-1
61510,Üppige Beute,,40666,87381,0,-1,131077,0,0,0,0,0,0,0,0,178554,0,0,2060,0,2,39878664,8192,268435968,60041,61516,61512,-1,-1
61511,Zurückgelassene Dinge,,40667,87383,0,-1,131077,0,0,0,0,0,0,0,0,178554,0,0,2060,0,2,39878664,8192,268435968,60041,61516,61512,-1,-1
61512,Tracking Quest,,40668,0,0,-1,0,0,0,0,0,0,0,0,0,0,0,0,2060,0,2,33555456,0,520,0,0,0,-1,-1
61516,Tracking Quest,,40670,0,0,-1,0,0,0,0,0,0,0,0,0,0,0,0,2060,0,2,33588224,0,520,0,0,0,-1,-1
61517,zz,,40671,73557,0,-1,0,0,0,0,0,0,0,0,0,0,0,109,742,0,3,34148608,0,268439552,0,0,0,-1,-1
61520,Der Feind meines Mnemis,,40675,88576,0,-1,1,0,0,0,0,0,0,0,0,0,33159,109,2060,0,3,37290240,0,268435456,57559,62706,0,-1,-1
61521,Tracking Quest,,40676,0,0,-1,0,0,0,0,0,0,0,0,0,0,0,0,2060,0,2,33588224,0,512,0,0,0,-1,-1
61522,Leichenrückkehr,,40677,88019,0,-1,0,0,0,0,0,0,0,0,0,178599,0,0,2060,0,2,39878664,8192,268435968,57597,0,0,-1,-1
61523,Leichenrückkehr,,40678,88020,0,-1,0,0,0,0,0,0,0,0,0,178599,0,0,2060,0,2,39878664,8192,268435968,57597,0,0,-1,-1
61530,Bergbau: Harzige Phaedrumformation,,40685,0,0,-1,1,0,0,0,0,2761,25,0,0,0,34409,120,837,0,3,34144576,0,268435458,57559,62706,0,-1,-1
61537,Bergbau: Monolithisches Oxxeinerz,,40692,0,0,-1,1,0,0,0,0,2761,25,0,0,0,34429,120,837,0,3,34144576,0,268435458,57559,62706,0,-1,-1
61538,Bergbau: Gefährliche Sinvyrformation,,40693,0,0,-1,1,0,0,0,0,2761,25,0,0,0,34444,120,837,0,3,34144576,0,268435458,57559,62706,0,-1,-1
61539,Trau keinem Lich,,40694,92691,0,-1,0,0,0,0,0,0,0,0,0,0,33169,109,2060,0,3,40435968,8192,268435456,0,0,0,-1,-1
61540,Beflügelt,,40695,74689,0,-1,0,0,0,0,0,0,0,0,0,0,33172,109,837,0,3,40435968,8192,268435456,0,0,0,-1,-1
61543,Kräuterkunde: Flackernde Wachtfackel,,40698,0,0,-1,1,0,0,0,0,2760,25,0,0,0,34405,119,837,0,3,34144576,0,268435458,57559,62706,0,-1,-1
61544,Kräuterkunde: Üppige Witwenblüte,,40699,0,0,-1,1,0,0,0,0,2760,25,0,0,0,34441,119,837,0,3,34144576,0,268435458,57559,62706,0,-1,-1
61545,Kräuterkunde: Vollgestopfte Markwurzel,,40700,0,0,-1,1,0,0,0,0,2760,25,0,0,0,34425,119,837,0,3,34144576,0,268435458,57559,62706,0,-1,-1
61549,Dürrezustand,,40704,0,0,-1,1,0,0,0,0,0,0,0,0,0,33179,109,837,0,3,37290240,0,268435456,57559,62706,0,-1,-1
61555,Hochinquisitor Vetar,,42813,78576,0,-1,0,0,0,0,0,0,0,0,0,0,32041,272,2060,0,3,36245504,524288,268447744,0,0,0,-1,-1
61556,Ungeladene Gäste,,42808,78576,0,-1,0,0,0,0,0,0,0,0,0,0,32041,272,2060,0,3,36245504,524288,268447744,0,0,0,-1,-1
61564,Schmiedekunst: Polierter kyrianischer Schild,,40719,0,0,-1,1,0,0,0,0,2751,25,0,0,0,34416,116,837,0,3,34144576,0,268435458,57559,62706,0,-1,-1
61565,Tracking Quest,,40720,73557,0,-1,0,0,0,0,0,0,0,0,0,0,33199,0,0,0,3,36242688,0,0,0,0,0,-1,-1
61593,Erinnerungskrise,,40747,88580,0,-1,1,0,0,0,0,0,0,0,0,0,33224,109,2060,0,3,37290240,0,268435456,57559,62706,0,-1,-1
61595,Alchemie: Trank der Winterruhe,,40749,0,0,-1,1,0,0,0,0,2750,25,0,0,0,34399,118,837,0,3,34144576,0,268435458,57559,62706,0,-1,-1
61596,Kochkunst: Ardenapfelkuchen,,40750,0,0,-1,1,0,0,0,0,2752,25,0,0,0,34401,131,837,0,3,34144576,0,268435458,57559,62706,0,-1,-1
61597,Ingenieurskunst: Insektenschocker,,40751,0,0,-1,1,0,0,0,0,2755,25,0,0,0,34403,122,837,0,3,34144576,0,268435458,57559,62706,0,-1,-1
61598,Angeln: Gesprenkelter Flammenschwanz,,40752,0,0,-1,1,0,0,0,0,2754,25,0,0,0,34404,130,837,0,3,34144576,0,268435458,57559,62706,0,-1,-1
61599,Inschriftenkunde: Hymnarium der Erholung,,40753,0,0,-1,1,0,0,0,0,2756,25,0,0,0,34406,126,837,0,3,34144576,0,268435458,57559,62706,0,-1,-1
61601,Juwelierskunst: Edelsteinbesetzter Armreif,,40755,0,0,-1,1,0,0,0,0,2757,25,0,0,0,34407,125,837,0,3,34144576,0,268435458,57559,62706,0,-1,-1
61602,Lederverarbeitung: Lederköcher des Pirschers,,40756,0,0,-1,1,0,0,0,0,2758,25,0,0,0,34408,117,837,0,3,34144576,0,268435458,57559,62706,0,-1,-1
61603,Kürschnerei: Dicker Gormbalg,,40757,0,0,-1,1,0,0,0,0,2762,25,0,0,0,34410,124,837,0,3,34144576,0,268435458,57559,62706,0,-1,-1
61604,Schneidern: Camouflageumhang,,40758,0,0,-1,1,0,0,0,0,2759,25,0,0,0,34411,121,837,0,3,34144576,0,268435458,57559,62706,0,-1,-1
61605,Alchemie: Destillat der grotesken Stärke,,40759,0,0,-1,1,0,0,0,0,2750,25,0,0,0,34432,118,837,0,3,34144576,0,268435458,57559,62706,0,-1,-1
61606,Schmiedekunst: Seelenmesser,,40760,0,0,-1,1,0,0,0,0,2751,25,0,0,0,34433,116,837,0,3,34144576,0,268435458,57559,62706,0,-1,-1
61607,Kochkunst: Spinnendörrfleisch,,40761,0,0,-1,1,0,0,0,0,2752,25,0,0,0,34434,131,837,0,3,34144576,0,268435458,57559,62706,0,-1,-1
61608,Verzauberkunst: Unzerbrechlicher Kristall,,40762,0,0,-1,1,0,0,0,0,2753,25,0,0,0,34435,123,837,0,3,34144576,0,268435458,57559,62706,0,-1,-1
61609,Ingenieurskunst: Knochenbewehrter Pfahlwerfer,,40763,0,0,-1,1,0,0,0,0,2755,25,0,0,0,34436,122,837,0,3,34144576,0,268435458,57559,62706,0,-1,-1
61610,Angeln: Knochiger Schlammhüpfer,,40764,0,0,-1,1,0,0,0,0,2754,25,0,0,0,34437,130,837,0,3,34144576,0,268435458,57559,62706,0,-1,-1
61611,Inschriftenkunde: Litanei der Macht,,40765,0,0,-1,1,0,0,0,0,2756,25,0,0,0,34426,126,837,0,3,34144576,0,268435458,57559,62706,0,-1,-1
61612,Juwelierskunst: Verzierter Kristallring,,40766,0,0,-1,1,0,0,0,0,2757,25,0,0,0,34427,125,837,0,3,34144576,0,268435458,57559,62706,0,-1,-1
61613,Lederverarbeitung: Knochenbeschlagene Faust,,40767,0,0,-1,1,0,0,0,0,2758,25,0,0,0,34428,117,837,0,3,34144576,0,268435458,57559,62706,0,-1,-1
61614,Kürschnerei: Unverwüstlicher Panzer,,40768,0,0,-1,1,0,0,0,0,2762,25,0,0,0,34430,124,837,0,3,34144576,0,268435458,57559,62706,0,-1,-1
61615,Schneiderei: Heimsuchende Kapuze,,40769,0,0,-1,1,0,0,0,0,2759,25,0,0,0,34431,121,837,0,3,34144576,0,268435458,57559,62706,0,-1,-1
61619,Alchemie: Elixier der Demut,,40772,0,0,-1,1,0,0,0,0,2750,25,0,0,0,34447,118,837,0,3,34144576,0,268435458,57559,62706,0,-1,-1
61620,Schmiedekunst: Stolzerfüllte Handschellen,,40773,0,0,-1,1,0,0,0,0,2751,25,0,0,0,34448,116,837,0,3,34144576,0,268435458,57559,62706,0,-1,-1
61621,Kochkunst: Fleisch am Spieß,,40774,0,0,-1,1,0,0,0,0,2752,25,0,0,0,34449,131,837,0,3,34144576,0,268435458,57559,62706,0,-1,-1
61622,Ingenieurskunst: Duellantenpistole,,40775,0,0,-1,1,0,0,0,0,2755,25,0,0,0,34450,122,837,0,3,34144576,0,268435458,57559,62706,0,-1,-1
61623,Angeln: Blutkehlenbarsch,,40776,0,0,-1,1,0,0,0,0,2754,25,0,0,0,34440,130,837,0,3,34144576,0,268435458,57559,62706,0,-1,-1
61624,Inschriftenkunde: Sündenkatalog,,40777,0,0,-1,1,0,0,0,0,2756,25,0,0,0,34442,126,837,0,3,34144576,0,268435458,57559,62706,0,-1,-1
61625,Juwelierskunst: Finsterer Halsreif,,40778,0,0,-1,1,0,0,0,0,2757,25,0,0,0,34443,125,837,0,3,34144576,0,268435458,57559,62706,0,-1,-1
61626,Lederverarbeitung: Höfische Lederstiefel,,40779,0,0,-1,1,0,0,0,0,2758,25,0,0,0,34439,117,837,0,3,34144576,0,268435458,57559,62706,0,-1,-1
61627,Kürschnerei: Grausiger Balg,,40780,0,0,-1,1,0,0,0,0,2762,25,0,0,0,34445,124,837,0,3,34144576,0,268435458,57559,62706,0,-1,-1
61628,Schneiderei: Dräuender Wandteppich,,40781,0,0,-1,1,0,0,0,0,2759,25,0,0,0,34446,121,837,0,3,34144576,0,268435458,57559,62706,0,-1,-1
61629,Verzauberkunst: Zielsicherheit,,40782,0,0,-1,1,0,0,0,0,2753,25,0,0,0,34418,123,837,0,3,34144576,0,268435458,57559,62706,0,-1,-1
61630,Verzauberkunst: Ewigflammenfackel,,40783,0,0,-1,1,0,0,0,0,2753,25,0,0,0,34438,123,837,0,3,34144576,0,268435458,57559,62706,0,-1,-1
61631,Drust unter uns,,40784,87323,0,-1,1,0,0,0,0,0,0,0,0,0,34022,109,2060,0,3,36241664,0,268435456,57559,62706,0,-1,-1
61667,Heimlich geschmiedet,,40820,88288,0,-1,0,0,0,0,0,0,0,0,0,0,33288,109,837,0,3,40435968,8192,268435456,0,0,0,-1,-1
61689,Erinnerungskrise,,40842,88580,0,-1,1,0,0,0,0,0,0,0,0,0,33389,109,2060,0,3,37290240,0,268435456,57559,62706,0,-1,-1
61699,Viel Schleim um Nichts,,40852,79255,0,-1,1,0,0,0,0,0,0,0,0,0,33397,109,837,0,3,107544832,8192,268435456,57559,62706,0,-1,-1
61708,Giftentzug,,40861,88843,0,-1,0,0,0,0,0,0,0,0,0,0,34161,109,837,0,3,8061184,8192,268435456,0,0,0,-1,-1
61717,Gormlingfänger: Ruhige Teiche,,40870,79261,0,-1,1,0,0,0,0,0,0,0,0,0,33410,109,2060,0,3,108724480,0,268435456,57559,62706,0,-1,-1
61728,Valis der Grausame,,40880,73557,0,-1,0,0,0,0,0,0,0,0,0,0,33423,0,742,0,3,36241792,0,268439552,0,0,0,-1,-1
61738,Gluthof: Der Verschüttete Kelch,,41023,84511,0,-1,0,0,0,0,0,0,0,0,0,0,0,0,2060,0,2,39976960,0,268435976,0,0,0,-1,-1
61765,Schutze sehen und entfernen,,40914,88668,0,-1,0,0,0,0,0,0,0,0,0,0,33471,1,742,0,2,35783048,32768,268435968,0,0,0,-1,-1
61783,Kieferknacker,,40932,73555,0,-1,0,0,0,0,0,0,0,0,0,0,33473,115,837,0,3,3735808,0,268435456,0,0,0,-1,-1
61784,Klippen der Bastion,,40933,132428,0,-1,0,0,0,0,0,0,0,0,0,0,33474,115,837,0,3,3735808,0,268435456,0,0,0,-1,-1
61787,Mikroverteidiger,,40936,73555,0,-1,0,0,0,0,0,0,0,0,0,0,33476,115,837,0,3,3735808,0,268435456,0,0,0,-1,-1
61791,Thenias treue Gefährten,,40940,73555,0,-1,0,0,0,0,0,0,0,0,0,0,33477,115,837,0,3,3735808,0,268435456,0,0,0,-1,-1
61813,"Valinor, das Licht der Äonen",,40962,98713,0,-1,1,0,0,0,0,0,0,0,0,0,33483,112,2060,0,3,37290304,0,268435456,57559,62706,0,-1,-1
61814,Nurgash Schlammborn,,40963,98713,0,-1,1,0,0,0,0,0,0,0,0,0,33484,112,2060,0,3,37290304,0,268435456,57559,62706,0,-1,-1
61815,Oranomonos die Immersprießende,,40964,98713,0,-1,1,0,0,0,0,0,0,0,0,0,33485,112,2060,0,3,37290304,0,268435456,57559,62706,0,-1,-1
61816,Mortanis,,40965,98713,0,-1,1,0,0,0,0,0,0,0,0,0,33486,112,2060,0,3,37290304,0,268435456,57559,62706,0,-1,-1
61841,Viel Schleim um Nichts,,42458,79255,0,-1,1,0,0,0,0,0,0,0,0,0,33492,109,837,0,3,107544832,8192,268435456,57559,62706,0,-1,-1
61866,Mächtige Diener von Maldraxxus,,41014,132428,0,-1,0,0,0,0,0,0,0,0,0,0,33502,115,837,0,3,3735808,0,268435456,0,0,0,-1,-1
61867,Mehr Teile,,41015,73555,0,-1,0,0,0,0,0,0,0,0,0,0,33503,115,837,0,3,3735808,0,268435456,0,0,0,-1,-1
61868,Unbequem Undercover,,41016,73555,0,-1,0,0,0,0,0,0,0,0,0,0,33504,115,837,0,3,3735808,0,268435456,0,0,0,-1,-1
61870,Fehlgeschlagenes Experiment,,41018,73555,0,-1,0,0,0,0,0,0,0,0,0,0,33505,115,837,0,3,3735808,0,268435456,0,0,0,-1,-1
61879,Asche wird fallen,,41028,73555,0,-1,0,0,0,0,0,0,0,0,0,0,33516,115,837,0,3,3735808,0,268435456,0,0,0,-1,-1
61880,Noble Gäste,,41029,84863,0,-1,0,0,0,0,0,0,0,0,0,0,0,0,2060,0,2,306315264,8192,268435976,61704,0,0,-1,-1
61882,Förmliche Unterhaltung,,41031,84872,0,-1,0,0,0,0,0,0,0,0,0,0,0,0,2060,0,2,306315264,8192,268435976,61706,0,0,-1,-1
61883,Widerstandsfähige Überlebende,,41032,132428,0,-1,0,0,0,0,0,0,0,0,0,0,33519,115,837,0,3,3735808,0,268435456,0,0,0,-1,-1
61884,Förmliche Erfrischungen,,41048,84877,0,-1,0,0,0,0,0,0,0,0,0,0,0,0,2060,0,2,306315264,8192,268435976,61705,0,0,-1,-1
61885,Iiihgors besondere Freunde,,41049,73555,0,-1,0,0,0,0,0,0,0,0,0,0,33520,115,837,0,3,3735808,0,268435456,0,0,0,-1,-1
61886,Addius' Gedankenspielchen,,41050,73555,0,-1,0,0,0,0,0,0,0,0,0,0,33521,115,2060,0,3,3735808,0,268435456,0,0,0,-1,-1
61946,Geborene Verteidiger,,41108,73555,0,-1,0,0,0,0,0,0,0,0,0,0,33530,115,837,0,3,3735808,0,268435456,0,0,0,-1,-1
61947,In den Schatten lauernd,,41109,73555,0,-1,0,0,0,0,0,0,0,0,0,0,33531,115,837,0,3,3735808,0,268435456,0,0,0,-1,-1
61948,Luftabwehr,,41110,132428,0,-1,0,0,0,0,0,0,0,0,0,0,33532,115,837,0,3,3735808,0,268435456,0,0,0,-1,-1
61949,Die Trickser vom Ardenwald,,41111,73555,0,-1,0,0,0,0,0,0,0,0,0,0,33533,115,837,0,3,3735808,0,268435456,0,0,0,-1,-1
61964,Aubries wöchentliche Quest: Turm des Kerkermeisters,,41125,0,0,-1,0,0,0,0,0,0,0,0,0,0,0,0,0,0,3,34177024,0,268435456,0,0,0,-1,-1
61967,Nachhilfestunden,,41128,0,0,-1,1,0,0,0,0,0,0,0,0,0,33540,109,2060,0,3,36372736,8192,268435456,57559,62706,0,-1,-1
61996,Sagt die Zauberworte,,41154,87380,0,-1,0,0,0,0,0,0,0,0,0,182474,0,0,2060,0,2,37781512,8192,268435968,57600,0,0,-1,-1
61997,Tracking Quest,,41155,0,0,-1,0,0,0,0,0,0,0,0,0,0,0,0,2060,0,2,33588224,0,512,0,0,0,-1,-1
62051,Gormlingwerfen: Geistertal,,41209,88074,0,-1,1,0,0,0,0,0,0,0,0,0,33593,109,2060,0,3,104530176,0,268435456,57559,62706,0,-1,-1
62058,"Zenturionen, sammelt Euch!",,41216,85106,0,-1,1,0,0,0,0,0,0,0,0,0,33595,109,2060,0,3,37290240,0,268435456,57559,62706,0,-1,-1
62068,Gormlingfänger: Zerfallener Grat,,41221,79261,0,-1,1,0,0,0,0,0,0,0,0,0,33604,109,837,0,3,108724480,0,268435456,57559,62706,0,-1,-1
62110,Ungebetene Gäste,,42807,78577,0,-1,0,0,0,0,0,0,0,0,0,0,32041,272,2060,0,3,36245504,524288,268447744,0,0,0,-1,-1
62111,Drezgruda,,42812,78577,0,-1,0,0,0,0,0,0,0,0,0,0,32041,272,2060,0,3,36245504,524288,268447744,0,0,0,-1,-1
62112,Schwappi,,42811,78578,0,-1,0,0,0,0,0,0,0,0,0,0,32041,272,2060,0,3,36245504,524288,268447744,0,0,0,-1,-1
62113,Ungebetene Gäste,,42806,78578,0,-1,0,0,0,0,0,0,0,0,0,0,32041,272,2060,0,3,36245504,524288,268447744,0,0,0,-1,-1
62114,Sündenfresser,,42810,78579,0,-1,0,0,0,0,0,0,0,0,0,0,32041,272,2060,0,3,36245504,524288,268447744,0,0,0,-1,-1
62115,Ungebetene Gäste,,42805,78579,0,-1,0,0,0,0,0,0,0,0,0,0,32041,272,2060,0,3,36245504,524288,268447744,0,0,0,-1,-1
62116,Kedu,,42809,82447,0,-1,0,0,0,0,0,0,0,0,0,0,32041,272,2060,0,3,36245504,524288,268447744,0,0,0,-1,-1
62117,Ungebetene Gäste,,42804,82447,0,-1,0,0,0,0,0,0,0,0,0,0,32041,272,2060,0,3,36245504,524288,268447744,0,0,0,-1,-1
62118,Traditionelle Kerzen,,42819,78485,0,-1,0,0,0,0,0,0,0,0,0,0,32041,272,2060,0,3,36245504,524288,268447744,0,0,0,-1,-1
62119,Lodernde Feuer,,42818,78485,0,-1,0,0,0,0,0,0,0,0,0,0,32041,272,2060,0,3,36245504,524288,268447744,0,0,0,-1,-1
62120,Gestohlene Andenken,,42817,78486,0,-1,0,0,0,0,0,0,0,0,0,0,32041,272,2060,0,3,36245504,524288,268447744,0,0,0,-1,-1
62121,Gerechtigkeit von Kartell Ta,,42816,78486,0,-1,0,0,0,0,0,0,0,0,0,0,32041,272,2060,0,3,36245504,524288,268447744,0,0,0,-1,-1
62122,Mysteriöse Spiegel,,42815,78487,0,-1,0,0,0,0,0,0,0,0,0,0,32041,272,2060,0,3,36245504,524288,268447744,0,0,0,-1,-1
62123,Gefängnisausbruch,,42814,78487,0,-1,0,0,0,0,0,0,0,0,0,0,32041,272,2060,0,3,36245504,524288,268447744,0,0,0,-1,-1
62124,Ritual der Anklage,,42825,78553,0,-1,0,0,0,0,0,0,0,0,0,0,32041,272,2060,0,3,36245504,524288,268447744,0,0,0,-1,-1
62125,Ritual der Absolution,,42824,78553,0,-1,0,0,0,0,0,0,0,0,0,0,32041,272,2060,0,3,36245504,524288,268447744,0,0,0,-1,-1
62126,Tierrettung,,42823,78554,0,-1,0,0,0,0,0,0,0,0,0,0,32041,272,2060,0,3,36245504,524288,268447744,0,0,0,-1,-1
62127,Abstecher ins Abenteuer,,42822,78554,0,-1,0,0,0,0,0,0,0,0,0,0,32041,272,2060,0,3,36245504,524288,268447744,0,0,0,-1,-1
62128,Konzertbeginn,,42821,78555,0,-1,0,0,0,0,0,0,0,0,0,0,32041,272,2060,0,3,36245504,524288,268447744,0,0,0,-1,-1
62129,Tanz für die Liebe,,42820,78555,0,-1,0,0,0,0,0,0,0,0,0,0,32041,272,2060,0,3,36245504,524288,268447744,0,0,0,-1,-1
62130,Ein stiller Moment,,42832,78557,0,-1,0,0,0,0,0,0,0,0,0,0,32041,272,2060,0,3,36245504,524288,268447744,0,0,0,-1,-1
62132,Essensschlacht,,42829,78558,0,-1,0,0,0,0,0,0,0,0,0,0,32041,272,2060,0,3,36245504,524288,268447744,0,0,0,-1,-1
62133,Auf Bestellung,,42828,78558,0,-1,0,0,0,0,0,0,0,0,0,0,32041,272,2060,0,3,36245504,524288,268447744,0,0,0,-1,-1
62134,Senkt Eure Erwartungen,,42827,78559,0,-1,0,0,0,0,0,0,0,0,0,0,32041,272,2060,0,3,36245504,524288,268447744,0,0,0,-1,-1
62135,Pilzexperimente,,42826,78559,0,-1,0,0,0,0,0,0,0,0,0,0,32041,272,2060,0,3,36245504,524288,268447744,0,0,0,-1,-1
62136,Klumplump,,42839,85050,0,-1,0,0,0,0,0,0,0,0,0,0,32041,272,2060,0,3,36245504,524288,268447744,0,0,0,-1,-1
62137,Theotars Trinkspruch,,42838,85051,0,-1,0,0,0,0,0,0,0,0,0,0,32041,272,2060,0,3,36245504,524288,268447744,0,0,0,-1,-1
62138,Hofzermalmer,,42837,85052,0,-1,0,0,0,0,0,0,0,0,0,0,32041,272,2060,0,3,36245504,524288,268447744,0,0,0,-1,-1
62139,Knickerbock,,42836,85053,0,-1,0,0,0,0,0,0,0,0,0,0,32041,272,2060,0,3,36245504,524288,268447744,0,0,0,-1,-1
62140,Venthyrprovokateur,,42835,85054,0,-1,0,0,0,0,0,0,0,0,0,0,32041,272,2060,0,3,36245504,524288,268447744,0,0,0,-1,-1
62141,Brutale Blase,,42834,85055,0,-1,0,0,0,0,0,0,0,0,0,0,32041,272,2060,0,3,36245504,524288,268447744,0,0,0,-1,-1
62142,Gluthimmelsschrecken,,42833,85056,0,-1,0,0,0,0,0,0,0,0,0,0,32041,272,2060,0,3,36245504,524288,268447744,0,0,0,-1,-1
62143,Der Mord an Oberst Mort,,42847,85057,0,-1,0,0,0,0,0,0,0,0,0,0,32041,272,2060,0,3,36245504,524288,268447744,0,0,0,-1,-1
62144,Steinernes Vermächtnis,,42846,85058,0,-1,0,0,0,0,0,0,0,0,0,0,32041,272,2060,0,3,36245504,524288,268447744,0,0,0,-1,-1
62145,Modeverbrechen,,42845,85059,0,-1,0,0,0,0,0,0,0,0,0,0,32041,272,2060,0,3,36245504,524288,268447744,0,0,0,-1,-1
62146,Einen Hauch komfortabler,,42844,85060,0,-1,0,0,0,0,0,0,0,0,0,0,32041,272,2060,0,3,36245504,524288,268447744,0,0,0,-1,-1
62147,Partystörer,,42843,85061,0,-1,0,0,0,0,0,0,0,0,0,0,32041,272,2060,0,3,36245504,524288,268447744,0,0,0,-1,-1
62148,Es regnet Anima,,42842,85062,0,-1,0,0,0,0,0,0,0,0,0,0,32041,272,2060,0,3,36245504,524288,268447744,0,0,0,-1,-1
62149,[DNT],,42841,85063,0,-1,0,0,0,0,0,0,0,0,0,0,32041,272,2060,0,3,36245504,524288,268447744,0,0,0,-1,-1
62150,[DNT],,42840,85064,0,-1,0,0,0,0,0,0,0,0,0,0,32041,272,2060,0,3,36245504,524288,268447744,0,0,0,-1,-1
62171,Teekränzchen,,42830,78557,0,-1,0,0,0,0,0,0,0,0,0,0,32041,272,2060,0,3,36245504,524288,268447744,0,0,0,-1,-1
62194,Worte des Kampfes,,41282,87379,0,-1,0,0,0,0,0,0,0,0,0,182474,0,0,2060,0,2,39878664,8192,268435968,57600,0,0,-1,-1
62195,Das letzte Wort,,41284,87378,0,-1,0,0,0,0,0,0,0,0,0,182474,0,0,2060,0,2,37781512,8192,268435968,57600,0,0,-1,-1
62203,Signifikante Spiegelstörungen,,41291,79970,0,-1,0,0,0,0,0,0,0,0,0,0,33668,109,837,0,3,40435968,0,268435456,0,0,0,-1,-1
62204,Signifikante Spiegelstörungen,,41292,79970,0,-1,0,0,0,0,0,0,0,0,0,0,33669,109,837,0,3,40435968,0,268435456,0,0,0,-1,-1
62209,Hundemeister Vasanok,,41297,73557,0,-1,0,0,0,0,0,0,0,0,0,0,33926,0,742,0,3,36241856,0,268439552,0,0,0,-1,-1
62210,Sanngror der Folterer,,41298,73557,0,-1,0,0,0,0,0,0,0,0,0,0,33927,0,742,0,3,36241856,0,268439552,0,0,0,-1,-1
62211,Huschende Brutmutter,,41299,73557,0,-1,0,0,0,0,0,0,0,0,0,0,33925,0,742,0,3,36241856,0,268439552,0,0,0,-1,-1
62212,Tracking Quest,,41300,0,0,-1,0,0,0,0,0,0,0,0,0,0,0,0,2060,0,2,33588224,0,512,0,0,0,-1,-1
62214,Truppen der Verdammnis,,41302,88668,0,-1,0,0,0,0,0,0,0,0,0,0,33675,1,742,0,2,35651976,32768,268435968,0,0,0,-1,-1
62215,Tracking Quest,,41303,0,0,-1,0,0,0,0,0,0,0,0,0,0,0,0,2060,0,2,33588224,0,512,0,0,0,-1,-1
62233,Tracking Quest,,41317,0,0,-1,0,0,0,0,0,0,0,0,0,0,0,0,2060,0,2,33588224,0,512,0,0,0,-1,-1
62234,Die Macht des Kolosses,,41318,88668,0,-1,0,0,0,0,0,0,0,0,0,0,33682,1,742,0,2,35651976,32768,268435968,0,0,0,-1,-1
62235,Zerstreut ihre Ängste,,41319,73555,0,-1,0,0,0,0,0,0,0,0,0,0,33681,109,837,0,3,40567040,8192,268435456,0,0,0,-1,-1
62239,Nagerbekämpfung,,41322,88669,0,-1,0,0,0,0,0,0,0,0,0,183105,34295,0,742,0,2,35782792,32768,268435968,0,0,0,-1,-1
62241,Trainingsabläufe,,41324,88025,0,-1,0,0,0,0,0,0,0,0,0,0,33697,109,837,0,3,40435968,0,268435456,0,0,0,-1,-1
62253,Tracking Quest,,41335,0,0,-1,0,0,0,0,0,0,0,0,0,0,0,0,2060,0,2,33588224,0,512,0,0,0,-1,-1
62257,Tracking Quest,,41339,0,0,-1,0,0,0,0,0,0,0,0,0,0,0,0,2060,0,2,33588224,0,512,0,0,0,-1,-1
62258,Der Himmel über der Bastion,,41340,88024,0,-1,0,0,0,0,0,0,0,0,0,0,33698,109,837,0,3,40435968,0,268435456,0,0,0,-1,-1
62262,Pilzfütterung,,41344,83703,0,-1,0,0,0,0,0,0,0,0,0,0,33706,0,1401,0,2,33554440,32768,268435968,0,0,0,-1,-1
62280,Limbus,,41361,85543,0,-1,0,0,0,0,0,0,0,0,0,0,33720,109,2060,0,3,104399104,0,268435456,0,0,0,-1,-1
62290,Tracking Quest,,41371,0,0,-1,0,0,0,0,0,0,0,0,0,0,0,0,2060,0,2,33588224,0,512,0,0,0,-1,-1
62295,Gewölbereinigung,,41374,83700,0,-1,0,0,0,0,0,0,0,0,0,0,33731,0,1401,0,2,33554440,32768,268435968,0,0,0,-1,-1
62362,Flüchtige Reaktionen,,41424,79684,0,-1,5,0,0,0,0,0,0,0,0,0,33771,0,837,0,2,39846152,40960,268435968,0,0,0,-1,-1
62363,Schwer gehoben,,41425,79684,0,-1,5,0,0,0,0,0,0,0,0,0,33772,0,837,0,2,39846152,40960,268435968,0,0,0,-1,-1
62364,Schlimmes Studium,,41426,79684,0,-1,5,0,0,0,0,0,0,0,0,0,33780,0,837,0,2,39846152,40960,268435968,0,0,0,-1,-1
62365,Sorgsame geschaffene Schöpfungen,,41427,83700,0,-1,0,0,0,0,0,0,0,0,0,0,33781,0,1401,0,2,33554440,32768,268435968,0,0,0,-1,-1
62390,Leichensammeln,,41451,79684,0,-1,5,0,0,0,0,0,0,0,0,0,33797,0,837,0,2,39846152,40960,268435968,0,0,0,-1,-1
62411,Tracking Quest,,41472,0,0,-1,0,0,0,0,0,0,0,0,0,0,0,0,2060,0,2,33555456,0,512,0,0,0,-1,-1
62451,Angriff auf die Vorhallen,,41510,87182,0,-1,1,0,0,0,0,0,0,0,0,0,33850,109,837,0,3,3735808,0,268435456,57559,62706,0,-1,-1
62473,Alt zu neu,,41532,83700,0,-1,0,0,0,0,0,0,0,0,0,0,33859,0,1401,0,2,33554440,32768,268435968,0,0,0,-1,-1
62484,Frisch ans Werk,,41543,83700,0,-1,0,0,0,0,0,0,0,0,0,183795,33864,0,1401,0,2,37748744,32768,268435968,0,0,0,-1,-1
62535,Tracking Quest,,41594,0,0,-1,0,0,0,0,0,0,0,0,0,0,0,0,2060,0,2,33555456,0,512,0,0,0,-1,-1
62539,Stygischer Einäscherer,,41598,73557,0,-1,0,0,0,0,0,0,0,0,0,0,33880,0,742,0,3,36241856,0,268439552,0,0,0,-1,-1
62553,Verzögerte Mühen,,41610,83703,0,-1,0,0,0,0,0,0,0,0,0,0,33446,0,1401,0,2,37748744,32768,268435968,0,0,0,-1,-1
62584,Frontversorgung,,41636,83700,0,-1,0,0,0,0,0,0,0,0,0,0,33890,0,1401,0,2,39845896,32768,268435968,0,0,0,-1,-1
62618,Odalrik,,41669,73557,0,-1,0,0,0,0,0,0,0,0,0,0,0,0,742,0,3,36245888,0,268439552,0,0,0,-1,-1
62691,Ein Ruf aus Revendreth,,44340,70102,0,-1,131073,0,0,0,0,0,0,0,0,0,0,271,2060,0,2,103809280,0,268435464,62695,62699,0,-1,-1
62692,Ein Ruf aus der Bastion,,44339,70101,0,-1,131073,0,0,0,0,0,0,0,0,0,0,271,2060,0,2,103809280,0,268435464,62698,62699,0,-1,-1
62693,Ein Ruf aus dem Ardenwald,,44337,70103,0,-1,131073,0,0,0,0,0,0,0,0,0,0,271,2060,0,2,103809280,0,268435456,62697,62699,0,-1,-1
62694,Ein Ruf aus Maldraxxus,,44338,70104,0,-1,131073,0,0,0,0,0,0,0,0,0,0,271,2060,0,2,103809280,0,268435456,62835,62699,0,-1,-1
62705,Den Tempel durchsuchen,,41744,87994,0,-1,0,0,0,0,0,0,0,0,0,0,0,0,1707,0,3,36372480,16384,268435968,0,0,0,-1,-1
62712,Zermürbungskrieg,,41751,87995,0,-1,0,0,0,0,0,0,0,0,0,0,0,0,1707,0,3,40566784,8192,268435968,0,0,0,-1,-1
62720,Der Gefallene Baum,,41759,88877,0,-1,0,0,0,0,0,0,0,0,0,0,0,0,1707,0,3,36241408,0,268435968,62713,0,0,-1,-1
62721,Die Dekonstruktion des Problems,,41760,87995,0,-1,0,0,0,0,0,0,0,0,0,0,0,0,1707,0,3,40566784,8192,268435968,0,0,0,-1,-1
62723,Zum Schutz der Bastion,,41762,86994,0,-1,1,0,0,0,0,0,0,0,0,0,0,0,1707,0,2,35127296,2048,268435968,0,0,0,-1,-1
62724,Ye Olde Test of Strength,,41763,0,0,-1,0,0,0,0,0,0,0,0,0,0,0,0,0,0,3,33554440,0,268435456,0,0,0,-1,-1
62726,Ye Olde Test of Fortitude,,41765,0,0,-1,0,0,0,0,0,0,0,0,0,0,0,0,0,0,3,33554440,0,268435456,0,0,0,-1,-1
62732,Locus-Fokus,,41770,87994,0,-1,0,0,0,0,0,0,0,0,0,0,0,0,1707,0,3,40435712,16384,268435968,0,0,0,-1,-1
62735,Feindselige Erinnerungen,,41773,87994,0,-1,0,0,0,0,0,0,0,0,0,0,0,0,1707,0,3,40435712,16384,268435968,0,0,0,-1,-1
62736,Maldraxxische Räumungsklage,,41774,87994,0,-1,0,0,0,0,0,0,0,0,0,0,0,0,1707,0,3,36372480,16384,268435968,0,0,0,-1,-1
62737,Aspirant für einen Tag,,41775,87994,0,-1,0,0,0,0,0,0,0,0,0,0,0,0,1707,0,3,36372480,16384,268435968,0,0,0,-1,-1
62741,Qual der Wahl,,41779,87995,0,-1,0,0,0,0,0,0,0,0,0,0,0,0,1707,0,3,40566784,8192,268435968,0,0,0,-1,-1
62742,Meidet sie wie die Pest,,41780,87995,0,-1,0,0,0,0,0,0,0,0,0,0,0,0,1707,0,3,40566784,8192,268435968,0,0,0,-1,-1
62743,Schleichender Verfall,,41781,87995,0,-1,0,0,0,0,0,0,0,0,0,0,0,0,1707,0,3,6881280,8192,268435968,0,0,0,-1,-1
62748,Im Dienste Maldraxxus,,41786,86994,0,-1,1,0,0,0,0,0,0,0,0,0,0,0,1707,0,2,35127552,0,268435968,0,0,0,-1,-1
62763,Unterstützung des Hofes,,41802,86994,0,-1,1,0,0,0,0,0,0,0,0,0,0,0,1707,0,2,35127552,0,268435968,0,0,0,-1,-1
62773,Traumschreinbecken,,41812,87993,0,-1,0,0,0,0,0,0,0,0,0,0,0,0,1707,0,3,37289984,0,268435968,62713,0,0,-1,-1
62774,Ruhige Teiche,,41813,87993,0,-1,0,0,0,0,0,0,0,0,0,179921,0,0,1707,0,3,37421056,8192,268435968,62713,0,0,-1,-1
62775,Der Schwindende Hain,,41814,87993,0,-1,0,0,0,0,0,0,0,0,0,0,0,0,1707,0,3,36241408,0,268435968,62713,0,0,-1,-1
62778,Unterstützung von Revendreth,,41817,86994,0,-1,1,0,0,0,0,0,0,0,0,0,0,0,1707,0,2,35127552,0,268435968,0,0,0,-1,-1
62780,Parasiten der Realität,,41819,87998,0,-1,0,0,0,0,0,0,0,0,0,0,0,0,1707,0,3,36241408,0,268435968,62713,0,0,-1,-1
62781,Asche für alle,,41820,87998,0,-1,0,0,0,0,0,0,0,0,0,0,0,0,1707,0,3,36241408,0,268435968,62713,0,0,-1,-1
62782,Der Fluchwald,,41821,87998,0,-1,0,0,0,0,0,0,0,0,0,0,0,0,1707,0,3,36241408,0,268435968,62713,0,0,-1,-1
62783,Lauernde Furcht,,41822,87998,0,-1,0,0,0,0,0,0,0,0,0,0,0,0,1707,0,3,36241408,0,268435968,62713,0,0,-1,-1
62784,Zeremonienbetrüger,,41823,87998,0,-1,0,0,0,0,0,0,0,0,0,0,0,0,1707,0,3,36241408,0,268435968,62713,0,0,-1,-1
63031,Beschaffung: Kristallisierte Stygia,,42051,88666,0,-1,0,0,0,0,0,0,0,0,0,184510,34279,0,742,0,2,35651976,32768,268435968,0,0,0,-1,-1
63038,Zustellung mit Garantie,,42052,88574,0,-1,0,0,0,0,0,0,0,0,0,184513,34297,1,742,0,2,308281480,41024,268435968,0,0,0,-1,-1
63039,Ein Monument der Vergeltung,,42053,88666,0,-1,0,0,0,0,0,0,0,0,0,0,34280,0,742,0,2,35651976,32768,268435968,0,0,0,-1,-1
63040,Zustellung mit Garantie,,42054,88574,0,-1,0,0,0,0,0,0,0,0,0,184513,34298,1,742,0,2,308281480,40960,268435968,0,0,0,-1,-1
63042,Ziellose Seele,,42056,21439,0,-1,0,0,0,0,0,0,0,0,0,0,0,273,742,0,3,34082816,67108864,268447744,0,0,0,-1,-1
63043,Zerrissene Seelen,,42057,88666,0,-1,0,0,0,0,0,0,0,0,0,0,34283,0,742,0,2,39911816,32768,268435968,0,0,0,-1,-1
63044,Rattenschwärmer,,42058,73557,0,-1,0,0,0,0,0,0,0,0,0,0,34170,0,742,0,3,36241792,0,268439552,0,0,0,-1,-1
63045,Die Seele nähren,,42059,88574,0,-1,0,0,0,0,0,0,0,0,0,0,34296,1,742,0,2,39846024,40960,268435968,0,0,0,-1,-1
63047,Beschaffung: Runengeschmiedete Fesseln,,42061,88666,0,-1,0,0,0,0,0,0,0,0,0,184552,34282,0,742,0,2,304087176,32768,268435968,0,0,0,-1,-1
63050,Beschaffung: Lodernde Barren,,42064,88666,0,-1,0,0,0,0,0,0,0,0,0,184556,34284,0,742,0,2,304087176,32768,268435968,0,0,0,-1,-1
63062,Leid im Überfluss,,42077,88666,0,-1,0,0,0,0,0,0,0,0,0,0,34281,0,742,0,2,35651720,40960,268435968,0,0,0,-1,-1
63069,Was sie wissen,,42082,88669,0,-1,0,0,0,0,0,0,0,0,0,0,34277,0,742,0,2,35651720,32768,268435968,0,0,0,-1,-1
63072,Beschaffung: Stygisches Erz,,42085,88669,0,-1,0,0,0,0,0,0,0,0,0,0,34278,0,742,0,2,35651720,32768,268435968,0,0,0,-1,-1
63100,Geteiltes Leid,,42113,88666,0,-1,0,0,0,0,0,0,0,0,0,0,34276,0,742,0,2,35717256,32768,268435968,0,0,0,-1,-1
63166,Ein schemenhaftes Schicksal,,42178,88666,0,-1,0,0,0,0,0,0,0,0,0,0,34299,0,742,0,2,39846024,32768,268435968,0,0,0,-1,-1
63179,Ertränkt und auseinandergerissen,,42191,88666,0,-1,0,0,0,0,0,0,0,0,0,0,34300,0,742,0,2,39846024,32832,268435968,0,0,0,-1,-1
63206,Seelenlose Hüllen,,42217,88667,0,-1,0,0,0,0,0,0,0,0,0,0,34305,0,742,0,2,35783048,32768,268435968,0,0,0,-1,-1
63543,Nekrolordangriff,,42555,91090,0,-1,0,0,0,0,0,0,0,0,0,0,34594,268,2060,0,3,40436032,532480,268435456,0,0,0,-1,-1
63544,Maldraxxus Assault Complete,,42556,0,0,-1,0,0,0,0,0,0,0,0,0,0,0,0,2043,0,3,33555456,0,8,0,0,0,-1,-1
63685,Bester Freund von Grufthüter Kassir,,42695,89768,0,-1,0,0,0,0,0,0,0,0,0,0,0,0,2060,0,0,2097152,128,268435976,0,0,0,-1,-1
63686,Bester Freund von Baronin Vashj,,42696,89770,0,-1,0,0,0,0,0,0,0,0,0,0,0,0,2060,0,0,2097152,128,268435976,0,0,0,-1,-1
63687,Bester Freund von Lady Mondbeere,,42697,89771,0,-1,0,0,0,0,0,0,0,0,0,0,0,0,2060,0,0,2097152,128,268435976,0,0,0,-1,-1
63688,Bester Freund von Mikanikos,,42698,89772,0,-1,0,0,0,0,0,0,0,0,0,0,0,0,2060,0,0,2097152,128,268435976,0,0,0,-1,-1
63689,Bester Freund der Gräfin,,42699,89773,0,-1,0,0,0,0,0,0,0,0,0,0,0,0,2060,0,0,2097152,128,268435976,0,0,0,-1,-1
63690,Bester Freund von Alexandros Mograine,,42700,89774,0,-1,0,0,0,0,0,0,0,0,0,0,0,0,2060,0,0,2097152,128,268435976,0,0,0,-1,-1
63691,Bester Freund von Jagdhauptmann Korayn,,42701,89775,0,-1,0,0,0,0,0,0,0,0,0,0,0,0,2060,0,0,2097152,128,268435976,0,0,0,-1,-1
63692,Bester Freund von Polemarch Adrestes,,42702,89776,0,-1,0,0,0,0,0,0,0,0,0,0,0,0,2060,0,0,2097152,128,268435976,0,0,0,-1,-1
63693,Bester Freund von Rendel und Knüppelfratze,,42703,89777,0,-1,0,0,0,0,0,0,0,0,0,0,0,0,2060,0,0,2097152,128,268435976,0,0,0,-1,-1
63694,Bester Freund von Choofa,,42704,89778,0,-1,0,0,0,0,0,0,0,0,0,0,0,0,2060,0,0,2097152,128,268435976,0,0,0,-1,-1
63695,Bester Freund von Dromanin Aliothe,,42705,89779,0,-1,0,0,0,0,0,0,0,0,0,0,0,0,2060,0,0,2097152,128,268435976,0,0,0,-1,-1
63696,Bester Freund von Großmeister Vole,,42706,89780,0,-1,0,0,0,0,0,0,0,0,0,0,0,0,2060,0,0,2097152,128,268435976,0,0,0,-1,-1
63697,Bester Freund von Kleia und Pelagos,,42707,89781,0,-1,0,0,0,0,0,0,0,0,0,0,0,0,2060,0,0,2097152,128,268435976,0,0,0,-1,-1
63698,Bester Freund von Seuchenerfinder Marileth,,42708,89782,0,-1,0,0,0,0,0,0,0,0,0,0,0,0,2060,0,0,2097152,128,268435976,0,0,0,-1,-1
63699,Bester Freund von Sika,,42709,89783,0,-1,0,0,0,0,0,0,0,0,0,0,0,0,2060,0,0,2097152,128,268435976,0,0,0,-1,-1
63700,Bester Freund von Steinkopf,,42710,89784,0,-1,0,0,0,0,0,0,0,0,0,0,0,0,2060,0,0,2097152,128,268435976,0,0,0,-1,-1
63775,Kryptogramme und Schlüssel,,42767,92685,0,-1,0,0,0,0,0,0,0,0,0,0,34999,0,2043,0,2,35651720,32768,268435968,0,0,0,-1,-1
63776,Beobachtungsdaten,,42768,90234,0,-1,0,0,0,0,0,0,0,0,0,0,35064,0,2043,0,2,35651720,32768,268435968,0,0,0,-1,-1
63777,Versiegelte Geheimnisse,,42769,90234,0,-1,0,0,0,0,0,0,0,0,0,0,35008,0,2043,0,2,35651720,32768,268435968,0,0,0,-1,-1
63778,Es geht voran,,42770,92685,0,-1,0,0,0,0,0,0,0,0,0,0,35002,0,2043,0,2,35651720,32768,268435968,0,0,0,-1,-1
63779,Anschein von Normalität,,42771,92685,0,-1,0,0,0,0,0,0,0,0,0,0,35003,0,2043,0,2,35651720,32768,268435968,0,0,0,-1,-1
63780,"Mal sehen, wie ihnen DAS gefällt!",,42772,90234,0,-1,0,0,0,0,0,0,0,0,0,0,35004,0,2043,0,2,35651720,32768,268435968,0,0,0,-1,-1
63781,Schlachtpläne der Schlundgebundenen,,42773,92685,0,-1,0,0,0,0,0,0,0,0,0,0,35005,0,2043,0,2,35651720,32768,268435968,0,0,0,-1,-1
63782,Schlundgebundene Rituale,,42774,90234,0,-1,0,0,0,0,0,0,0,0,0,0,35006,0,2043,0,2,35651720,32768,268435968,0,0,0,-1,-1
63783,Animarücknahme,,42775,90234,0,-1,0,0,0,0,0,0,0,0,0,0,35007,0,2043,0,2,35651720,32768,268435968,0,0,0,-1,-1
63784,Gold spielt keine Rolle,,42776,90234,0,-1,0,0,0,0,0,0,0,0,0,0,35035,0,2043,0,2,35651976,32768,268435968,0,0,0,-1,-1
63785,Weitere Anstrengungen: Quorum des Suchers,,42777,92685,0,-1,0,0,0,0,0,0,0,0,0,0,35031,0,2043,0,2,36700296,32768,268435968,0,0,0,-1,-1
63786,Sturm auf den Windgepeitschten Nistgipfel,,42778,92685,0,-1,0,0,0,0,0,0,0,0,0,0,35010,0,2043,0,2,35651720,32768,268435968,0,0,0,-1,-1
63787,Weitere Anstrengungen: Zerfleischerausguck,,42779,90234,0,-1,0,0,0,0,0,0,0,0,0,0,35011,0,2043,0,2,35651720,32768,268435968,0,0,0,-1,-1
63788,Weitere Anstrengungen: Refugium der Weisung,,42780,90234,0,-1,0,0,0,0,0,0,0,0,0,0,35012,0,2043,0,2,35651720,32768,268435968,0,0,0,-1,-1
63789,Weitere Anstrengungen: Höhle des Gelehrten,,42781,90234,0,-1,0,0,0,0,0,0,0,0,0,0,35013,0,2043,0,2,35651720,32768,268435968,0,0,0,-1,-1
63790,Mittlerkopfgeld: Lord Azzorak,,42782,90234,0,-1,0,0,0,0,0,0,0,0,0,0,35014,1,2043,0,2,169869448,32768,268435968,0,0,0,-1,-1
63791,Mittlerkopfgeld: Valdinar der Fluchgeborene,,42783,90234,0,-1,0,0,0,0,0,0,0,0,0,0,35015,1,2043,0,2,169869448,32768,268435968,0,0,0,-1,-1
63792,Mittlerkopfgeld: Nocturnus der Auflöser,,42784,90234,0,-1,0,0,0,0,0,0,0,0,0,0,35016,1,2043,0,2,169869448,32768,268435968,0,0,0,-1,-1
63793,Mittlerkopfgeld: Ensydius der Schänder,,42785,90234,0,-1,0,0,0,0,0,0,0,0,0,0,35017,1,2043,0,2,169869448,32768,268435968,0,0,0,-1,-1
63794,Mittlerkopfgeld: Hungriger Behemoth,,42786,90234,0,-1,0,0,0,0,0,0,0,0,0,0,35018,1,2043,0,2,169869704,32768,268435968,0,0,0,-1,-1
63819,Revendreth Wrapper Complete,,42853,0,0,-1,0,0,0,0,0,0,0,0,0,0,0,0,2043,0,3,33555456,0,0,0,0,0,-1,-1
63820,Bastion Wrapper Complete,,42854,0,0,-1,0,0,0,0,0,0,0,0,0,0,0,0,2043,0,3,33555456,0,8,0,0,0,-1,-1
63821,Ardenweald Wrapper Complete,,42855,0,0,-1,0,0,0,0,0,0,0,0,0,0,0,0,2043,0,3,33555456,0,8,0,0,0,-1,-1
63822,Venthyrangriff,,42856,91495,0,-1,0,0,0,0,0,0,0,0,0,0,34778,268,2060,0,3,6881600,532480,268435456,0,0,0,-1,-1
63823,Nachtfaeangriff,,42857,91090,0,-1,0,0,0,0,0,0,0,0,0,0,34774,268,2060,0,3,6881600,532480,268435456,0,0,0,-1,-1
63824,Kyrianerangriff,,42858,91090,0,-1,0,0,0,0,0,0,0,0,0,0,34776,268,2060,0,3,40436032,532480,268435456,0,0,0,-1,-1
63850,Verfolgung - Kleine Konsolen,,42883,0,0,-1,0,0,0,0,0,0,0,0,0,0,0,265,2057,0,3,34148352,0,268447744,0,0,0,-1,-1
63934,Postraub,,42965,90234,0,-1,0,0,0,0,0,0,0,0,0,0,35022,0,2043,0,2,35651720,32768,268435968,0,0,0,-1,-1
63935,Geliebte Wurzeln,,42966,90234,0,-1,0,0,0,0,0,0,0,0,0,0,35023,0,2043,0,2,35651720,32768,268435968,0,0,0,-1,-1
63936,Verschlungene Anima,,42967,90234,0,-1,0,0,0,0,0,0,0,0,0,0,35024,0,2043,0,2,35651720,32768,268435968,0,0,0,-1,-1
63937,"Fiese, große, spitze Zähne",,42968,92685,0,-1,0,0,0,0,0,0,0,0,0,0,35025,0,2043,0,2,35651720,32768,268435968,0,0,0,-1,-1
63938,Gorm Grown: Black [DNT],,42969,0,0,-1,0,0,0,0,0,0,0,0,0,0,0,0,2043,0,3,33555456,0,8,0,0,0,-1,-1
63939,Gorm Grown: Blue [DNT],,42970,0,0,-1,0,0,0,0,0,0,0,0,0,0,0,0,2043,0,3,33555456,0,8,0,0,0,-1,-1
63940,Gorm Grown: Green [DNT],,42971,0,0,-1,0,0,0,0,0,0,0,0,0,0,0,0,2043,0,3,33555456,0,8,0,0,0,-1,-1
63941,Gorm Grown: Purple [DNT],,42972,0,0,-1,0,0,0,0,0,0,0,0,0,0,0,0,2043,0,3,33555456,0,8,0,0,0,-1,-1
63942,Gorm Grown: White [DNT],,42973,0,0,-1,0,0,0,0,0,0,0,0,0,0,0,0,2043,0,3,33555456,0,8,0,0,0,-1,-1
63943,Gorm Grown: Yellow [DNT],,42974,0,0,-1,0,0,0,0,0,0,0,0,0,0,0,0,2043,0,3,35652608,0,8,0,0,0,-1,-1
63949,Das Schicksal gestalten,,43017,0,0,-1,0,0,0,0,0,0,0,0,0,0,0,0,2043,0,2,33587272,0,268435968,63902,0,0,-1,-1
63950,Klingenschwingenkrallen,,42981,90234,0,-1,0,0,0,0,0,0,0,0,0,0,35026,0,2043,0,2,35651720,32768,268435968,0,0,0,-1,-1
63953,Korraks Rache,,53365,0,0,-1,0,0,0,0,0,0,0,0,0,0,19885,283,973,0,3,34144256,0,268435456,0,0,0,-1,-1
63954,Versiegelte Geheimnisse,,42985,90234,0,-1,0,0,0,0,0,0,0,0,0,0,35037,0,2043,0,2,35651720,32768,268435968,0,0,0,-1,-1
63955,Versiegelte Geheimnisse,,42986,90234,0,-1,0,0,0,0,0,0,0,0,0,0,35062,0,2043,0,2,35651720,32768,268435968,0,0,0,-1,-1
63956,Versiegelte Geheimnisse,,42987,90234,0,-1,0,0,0,0,0,0,0,0,0,0,35061,0,2043,0,2,35651720,32768,268435968,0,0,0,-1,-1
63957,Beobachtungsdaten,,42988,90234,0,-1,0,0,0,0,0,0,0,0,0,0,35065,0,2043,0,2,35651720,32768,268435968,0,0,0,-1,-1
63958,Beobachtungsdaten,,42989,90234,0,-1,0,0,0,0,0,0,0,0,0,0,35066,0,2043,0,2,35651720,32768,268435968,0,0,0,-1,-1
63959,Beobachtungsdaten,,42990,90234,0,-1,0,0,0,0,0,0,0,0,0,0,35068,0,2043,0,2,35651720,32768,268435968,0,0,0,-1,-1
63960,Beobachtungsdaten,,42991,90234,0,-1,0,0,0,0,0,0,0,0,0,0,35067,0,2043,0,2,35651720,32768,268435968,0,0,0,-1,-1
63961,Versiegelte Geheimnisse,,42992,90234,0,-1,0,0,0,0,0,0,0,0,0,0,35063,0,2043,0,2,35651720,32768,268435968,0,0,0,-1,-1
63962,Beobachtungsdaten,,42993,90234,0,-1,0,0,0,0,0,0,0,0,0,0,35069,0,2043,0,2,35651720,32768,268435968,0,0,0,-1,-1
63963,Mittlerkopfgeld: Reißmalm,,42994,90234,0,-1,0,0,0,0,0,0,0,0,0,0,35076,1,2043,0,2,35651720,32768,268435968,0,0,0,-1,-1
63964,Mittlerkopfgeld: Grimmklaue,,42995,90234,0,-1,0,0,0,0,0,0,0,0,0,0,35077,1,2043,0,2,35651720,32768,268435968,0,0,0,-1,-1
63965,Rettung der Klingenschwingeneier,,42996,92685,0,-1,0,0,0,0,0,0,0,0,0,0,35029,0,2043,0,2,35651720,32768,268435968,0,0,0,-1,-1
63989,Charakterschleime,,43019,92685,0,-1,0,0,0,0,0,0,0,0,0,0,35034,0,2043,0,2,39846024,40960,268435968,0,0,0,-1,-1
64015,In den Fleischwolf,,43042,92685,0,-1,0,0,0,0,0,0,0,0,0,0,35025,0,2043,0,2,39846024,40960,268435968,0,0,0,-1,-1
64016,Charakterschleime,,43043,92685,0,-1,0,0,0,0,0,0,0,0,0,0,35120,0,2043,0,2,39846024,40960,268435968,0,0,0,-1,-1
64017,Charakterschleime,,43044,92685,0,-1,0,0,0,0,0,0,0,0,0,0,35119,0,2043,0,2,39846024,40960,268435968,0,0,0,-1,-1
64018,Das Gewicht des Steins,,43045,92685,0,-1,0,0,0,0,0,0,0,0,0,0,35010,0,2043,0,2,39846024,40960,268435968,0,0,0,-1,-1
64040,"Heile, heile, Segen",,43064,92685,0,-1,0,0,0,0,0,0,0,0,0,186445,35032,0,2043,0,2,35651720,32768,268435968,63727,0,0,-1,-1
64043,Heiler gesucht,,43066,92685,0,-1,0,0,0,0,0,0,0,0,0,186448,35033,0,2043,0,2,35782792,32768,268435968,0,0,0,-1,-1
64065,Lokale Reagenzien,,43078,92685,0,-1,0,0,0,0,0,0,0,0,0,0,35034,0,2043,0,2,35651720,32768,268435968,0,0,0,-1,-1
64070,Schrott wird wieder flott,,43082,92685,0,-1,0,0,0,0,0,0,0,0,0,0,35028,0,2043,0,2,35651720,32768,268435968,0,0,0,-1,-1
64080,Geerdet,,43104,92685,0,-1,0,0,0,0,0,0,0,0,0,186474,35031,0,2043,0,2,39977096,40960,268435968,0,0,0,-1,-1
64089,Tees und Tinkturen,,43110,92685,0,-1,0,0,0,0,0,0,0,0,0,0,35038,0,2043,0,2,35651720,32768,268435968,0,0,0,-1,-1
64101,Der richtige Umgang,,43120,90234,0,-1,0,0,0,0,0,0,0,0,0,0,35036,0,2043,0,2,35651720,32768,268435968,0,0,0,-1,-1
64103,Bewährte Methoden,,43123,93336,0,-1,0,0,0,0,0,0,0,0,0,0,35027,0,2043,0,2,35651720,32768,268435968,0,0,0,-1,-1
64104,Die armen Tierchen,,43124,92685,0,-1,0,0,0,0,0,0,0,0,0,186561,35029,0,2043,0,2,39977096,40960,268435968,0,0,0,-1,-1
64129,Angriff der Wilden Jagd,,43146,92685,0,-1,0,0,0,0,0,0,0,0,0,0,35002,0,2043,0,2,39977096,40960,268435968,0,0,0,-1,-1
64131,Tracking Quest,,43148,0,0,-1,0,0,0,0,0,0,0,0,0,0,0,265,807,0,3,33619968,0,0,0,0,0,-1,-1
64138,Tracking Quest,,43155,0,0,-1,0,0,0,0,0,0,0,0,0,0,0,265,807,0,3,33619968,0,0,0,0,0,-1,-1
64166,In memoriam,,43176,92685,0,-1,0,0,0,0,0,0,0,0,0,186672,35003,0,2043,0,2,35782792,32768,268435968,0,0,0,-1,-1
64194,Kriegsprototyp,,43196,92685,0,-1,0,0,0,0,0,0,0,0,0,0,35033,0,2043,0,2,39977096,40960,268435968,0,0,0,-1,-1
64211,Durchgang im Dunkel,,43212,91338,0,-1,0,0,0,0,0,0,0,0,0,0,0,0,2043,0,2,34603008,0,268435968,63593,0,0,-1321907123,1427461461
64212,Durchgang im Dunkel,,43212,91338,0,-1,0,0,0,0,0,0,0,0,0,0,0,0,2043,0,2,34603008,0,268435968,63593,0,0,1309324210,-1440044374
64240,Flug der Kyrianer,,43237,92685,0,-1,0,0,0,0,0,0,0,0,0,0,35032,0,2043,0,2,39977096,40960,268435968,0,0,0,-1,-1
64253,Revendreth Quests Complete,,43250,0,0,-1,0,0,0,0,0,0,0,0,0,0,34778,0,2043,0,3,33555456,0,0,0,0,0,-1,-1
64271,Auf zivilisiertere Art,,43264,92685,0,-1,0,0,0,0,0,0,0,0,0,0,35005,0,2043,0,2,39846024,40960,268435968,0,0,0,-1,-1
64273,Eindämmung der Helgebundenen,,43266,91638,0,-1,0,0,0,0,0,0,0,0,0,0,35386,136,2043,0,3,2687232,0,268435968,0,0,0,-1,-1
64274,Tracking Quest,,43267,0,0,-1,0,0,0,0,0,0,0,0,0,0,0,265,2043,0,3,34144320,0,0,0,0,0,-1,-1
64376,Hidden Quest,,43360,0,0,-1,0,0,0,0,0,0,0,0,0,0,0,265,2043,0,3,34144320,0,268435456,0,0,0,-1,-1
64430,Aus dem Tee kommen,,43414,92685,0,-1,0,0,0,0,0,0,0,0,0,0,35038,0,2043,0,2,39977096,40960,268435968,0,0,0,-1,-1
64432,Aus Stärke wird Schwäche,,43415,92685,0,-1,0,0,0,0,0,0,0,0,0,0,35028,0,2043,0,2,39846024,40960,268435968,0,0,0,-1,-1
64510,Peter's Test Task,,43493,0,0,-1,0,0,0,0,0,0,0,0,0,0,0,0,1,0,3,34144256,131072,268697600,0,0,0,-1,-1
64531,Mor'geth,,43514,97648,0,-1,1,0,0,0,0,0,0,0,0,0,35388,112,2060,0,3,36241728,0,268435456,57559,62706,0,-1,-1
64554,Venthyrangriff,,43536,92530,0,-1,0,0,0,0,0,0,0,0,0,0,34778,268,2060,0,3,4784448,532480,268435456,0,0,0,-1,-1
64560,Animarücknahme,,43542,92561,0,-1,0,0,0,0,0,0,0,0,0,0,0,0,2043,0,2,33554568,32768,268435968,64555,0,0,-1,-1
64561,Beobachtungsdaten,,43543,92561,0,-1,0,0,0,0,0,0,0,0,0,0,0,0,2043,0,2,33554568,32768,268435968,64555,0,0,-1,-1
64562,Heiler gesucht,,43544,92561,0,-1,0,0,0,0,0,0,0,0,0,187504,0,0,2043,0,2,33685640,32768,268435968,64555,0,0,-1,-1
64579,"Leer, aber wertvoll",,43559,94636,0,-1,0,0,0,0,0,0,0,0,0,187516,35794,0,2057,0,2,304087304,32768,268435968,0,0,0,-1,-1
64592,Historienschutz,,43572,94757,0,-1,0,0,0,0,0,0,0,0,0,0,35967,1,2057,0,2,39846152,40960,268435968,0,0,0,-1,-1
64641,Mysteriöses Grünzeug,,43621,94758,0,-1,0,0,0,0,0,0,0,0,0,0,0,0,2057,0,2,37748744,8192,268435968,0,0,0,-1,-1
64717,Material der Schöpfung,,43696,94636,0,-1,0,0,0,0,0,0,0,0,0,187516,35793,0,2057,0,2,308281608,40960,268435968,0,0,0,-1,-1
64768,Leuchtritzels Artefaktjagd,,43744,99239,0,-1,0,0,0,0,0,0,0,0,0,0,37603,109,2272,0,3,40436096,8192,0,0,0,0,-1,-1
64771,Erleuchteter Exodus,,43748,95904,0,-1,0,0,0,0,0,0,0,0,0,0,0,0,2057,0,2,33554696,4194304,268435968,64958,0,0,-1,-1
64785,Grün außer Rand und Band,,43762,94636,0,-1,0,0,0,0,0,0,0,0,0,187684,35792,0,2057,0,2,308281608,40960,268435968,0,0,0,-1,-1
64850,Taktiken von Torghast,,43827,86994,0,-1,1,0,0,0,0,0,0,0,0,0,0,0,1707,0,2,40898816,0,268435976,0,0,0,-1,-1
64854,Fallbei(l)spiele,,43831,94636,0,-1,0,0,0,0,0,0,0,0,0,187684,35667,0,2057,0,2,308281608,40960,268435968,0,0,0,-1,-1
64861,Kismetrische Scheibe,,43836,0,0,-1,0,0,0,0,0,0,0,0,0,187792,0,0,2057,0,2,39845888,8192,268435968,0,0,0,-1,-1
64960,Annelidenfütterung,,43923,95162,0,-1,0,0,0,0,0,0,0,0,0,0,35795,109,2057,0,3,37421056,8192,268435456,0,0,0,-1,-1
64964,Wählt Euren Kämpfer,,43927,94636,0,-1,0,0,0,0,0,0,0,0,0,0,35796,0,2057,0,2,39846152,40960,268435968,0,0,0,-1,-1
64974,Einmal aufwischen bitte,,43933,95162,0,-1,0,0,0,0,0,0,0,0,0,0,35797,109,2057,0,3,40435712,8192,268435456,0,0,0,-1,-1
64977,Ring frei,,43935,94636,0,-1,0,0,0,0,0,0,0,0,0,0,35798,0,2057,0,2,35651592,32768,268435968,0,0,0,-1,-1
65027,Tracking Quest,,43977,0,0,-1,0,0,0,0,0,0,0,0,0,0,0,0,0,0,3,33621256,0,8,0,0,0,-1,-1
65028,Tracking Quest,,43978,0,0,-1,0,0,0,0,0,0,0,0,0,0,0,0,0,0,3,33621256,0,8,0,0,0,-1,-1
65053,Riesenlungenkappe,,44001,93633,0,-1,0,0,0,0,0,0,0,0,0,0,32041,272,2060,0,3,36245504,524288,268447744,0,0,0,-1,-1
65054,Trainingsattrappen,,44002,93634,0,-1,0,0,0,0,0,0,0,0,0,0,32041,272,2060,0,3,36245504,524288,268447744,0,0,0,-1,-1
65055,Beschützende Kohlenpfannen,,44003,93635,0,-1,0,0,0,0,0,0,0,0,0,0,32041,272,2060,0,3,36245504,524288,268447744,0,0,0,-1,-1
65056,Lasst ihn nicht entglitschen,,44004,93636,0,-1,0,0,0,0,0,0,0,0,0,0,32041,272,2060,0,3,36245504,524288,268447744,0,0,0,-1,-1
65072,Gefährlicher Arbeitsplatz,,44020,94636,0,-1,0,0,0,0,0,0,0,0,0,0,35695,0,2057,0,2,6291720,40960,268435968,0,0,0,-1,-1
65081,Ein Apfel am Tag,,44029,95162,0,-1,0,0,0,0,0,0,0,0,0,0,35689,109,2057,0,3,40435712,8192,268435456,0,0,0,-1,-1
65089,Verfroscht,,44037,95162,0,-1,0,0,0,0,0,0,0,0,0,187987,35691,109,2057,0,3,6881280,8192,268435456,0,0,0,-1,-1
65096,Euer Ende oder meins,,44042,94636,0,-1,0,0,0,0,0,0,0,0,0,0,35696,0,2057,0,2,6291720,40960,268435968,0,0,0,-1,-1
65102,Fischaugen,,44048,95162,0,-1,0,0,0,0,0,0,0,0,0,187999,35698,109,2057,0,3,6881280,8192,268435456,0,0,0,-1,-1
65115,Der Lösung auf der Spur,,44058,95162,0,-1,0,0,0,0,0,0,0,0,0,0,35699,109,2057,0,3,6881280,8192,268435456,0,0,0,-1,-1
65117,Schlechte Proben,,44060,95162,0,-1,0,0,0,0,0,0,0,0,0,0,35702,109,2057,0,3,40435712,8192,268435456,0,0,0,-1,-1
65119,Automas im Einsatz,,44062,95730,0,-1,0,0,0,0,0,0,0,0,0,0,35711,109,2057,0,3,40435712,8192,268435456,0,0,0,-1,-1
65121,Freund eines Freundes: Baronin Vashj,,44064,93838,0,-1,0,0,0,0,0,0,0,0,0,0,0,0,2060,0,0,0,0,268435968,0,0,0,-1,-1
65123,Freund eines Freundes: Lady Mondbeere,,44066,93839,0,-1,0,0,0,0,0,0,0,0,0,0,0,0,2060,0,0,0,0,268435968,0,0,0,-1,-1
65124,Freund eines Freundes: Mikanikos,,44067,93840,0,-1,0,0,0,0,0,0,0,0,0,0,0,0,2060,0,0,0,0,268435968,0,0,0,-1,-1
65126,Freund eines Freundes: Die Gräfin,,44068,93841,0,-1,0,0,0,0,0,0,0,0,0,0,0,0,2060,0,0,0,0,268435968,0,0,0,-1,-1
65128,Freund eines Freundes: Alexandros Mograine,,44069,93842,0,-1,0,0,0,0,0,0,0,0,0,0,0,0,2060,0,0,0,0,268435968,0,0,0,-1,-1
65129,Freund eines Freundes: Jagdhauptmann Korayn,,44070,93843,0,-1,0,0,0,0,0,0,0,0,0,0,0,0,2060,0,0,0,0,268435968,0,0,0,-1,-1
65130,Freund eines Freundes: Polemarch Adrestes,,44071,93844,0,-1,0,0,0,0,0,0,0,0,0,0,0,0,2060,0,0,0,0,268435968,0,0,0,-1,-1
65131,Freund eines Freundes: Rendel und Knüppelfratze,,44072,93845,0,-1,0,0,0,0,0,0,0,0,0,0,0,0,2060,0,0,0,0,268435968,0,0,0,-1,-1
65132,Freund eines Freundes: Choofa,,44073,93846,0,-1,0,0,0,0,0,0,0,0,0,0,0,0,2060,0,0,0,0,268435968,0,0,0,-1,-1
65134,Freund eines Freundes: Grufthüter Kassir,,44075,93847,0,-1,0,0,0,0,0,0,0,0,0,0,0,0,2060,0,0,0,0,268435968,0,0,0,-1,-1
65135,Freund eines Freundes: Dromanin Aliothe,,44076,93848,0,-1,0,0,0,0,0,0,0,0,0,0,0,0,2060,0,0,0,0,268435968,0,0,0,-1,-1
65136,Freund eines Freundes: Großmeister Vole,,44077,93849,0,-1,0,0,0,0,0,0,0,0,0,0,0,0,2060,0,0,0,0,268435968,0,0,0,-1,-1
65137,Freund eines Freundes: Kleia und Pelagos,,44078,93850,0,-1,0,0,0,0,0,0,0,0,0,0,0,0,2060,0,0,0,0,268435968,0,0,0,-1,-1
65138,Freund eines Freundes: Seuchenerfinder Marileth,,44079,93851,0,-1,0,0,0,0,0,0,0,0,0,0,0,0,2060,0,0,0,0,268435968,0,0,0,-1,-1
65140,Freund eines Freundes: Sika,,44081,93852,0,-1,0,0,0,0,0,0,0,0,0,0,0,0,2060,0,0,0,0,268435968,0,0,0,-1,-1
65141,Freund eines Freundes: Steinkopf,,44082,93853,0,-1,0,0,0,0,0,0,0,0,0,0,0,0,2060,0,0,0,0,268435968,0,0,0,-1,-1
65142,Portalparcours,,44083,94636,0,-1,0,0,0,0,0,0,0,0,0,188170,35774,0,2057,0,2,308281608,40960,268435968,0,0,0,-1,-1
65143,Antros,,44084,98721,0,-1,0,0,0,0,0,0,0,0,0,0,35732,112,2060,0,3,36241728,0,268435456,57559,0,0,-1,-1
65152,Eine gestärkte Verbindung,,44093,70104,0,-1,0,0,0,0,0,0,0,0,0,0,0,0,837,0,0,39845896,8192,268435968,62406,0,0,-1,-1
65165,Seelische Unterstützung,,44100,94036,0,-1,131073,0,0,0,0,0,0,0,0,0,0,0,837,0,0,39845896,8192,268435968,62848,60049,0,-1,-1
65177,Gartenarbeit,,44110,94636,0,-1,0,0,0,0,0,0,0,0,0,0,35799,0,2057,0,2,35651592,32768,268435968,0,0,0,-1,-1
65226,Flinken Fußes und furchtbar wählerisch,,44152,94636,0,-1,0,0,0,0,0,0,0,0,0,0,35783,0,2057,0,2,39846152,40960,268435968,0,0,0,-1,-1
65230,Bot-anik,,44155,95162,0,-1,0,0,0,0,0,0,0,0,0,0,35779,109,2057,0,3,6881280,8192,268435456,0,0,0,-1,-1
65231,Geplündertes Wissen,,44156,95162,0,-1,0,0,0,0,0,0,0,0,0,0,35781,111,2057,0,3,36241408,0,268435456,0,0,0,-1,-1
65232,Annelidenapokalypse,,44157,95162,0,-1,0,0,0,0,0,0,0,0,0,0,35782,109,2057,0,3,6881280,8192,268435456,0,0,0,-1,-1
65234,Ach wie süß,,44159,95162,0,-1,0,0,0,0,0,0,0,0,0,0,35784,109,2057,0,3,40435712,8192,268435456,0,0,0,-1,-1
65244,Verschlingbar,,44169,95162,0,-1,0,0,0,0,0,0,0,0,0,0,35813,109,2057,0,3,6881280,8192,268435456,0,0,0,-1,-1
65249,Die Niederlage des Kerkermeisters,,44173,95663,0,-1,0,0,0,0,0,0,0,0,0,0,0,0,2057,0,2,33554688,4194304,268960256,0,0,0,-1,-1
65252,Stampfen im Akkord,,44176,95162,0,-1,0,0,0,0,0,0,0,0,0,0,35817,109,2057,0,3,6881280,8192,268435456,0,0,0,-1,-1
65255,Der erzwungene Kreislauf,,44177,94636,0,-1,0,0,0,0,0,0,0,0,0,0,35862,0,2057,0,2,39846152,40960,268435968,0,0,0,-1,-1
65256,"Putt, putt, bumm",,44178,94636,0,-1,0,0,0,0,0,0,0,0,0,188697,35818,0,2057,0,2,35651592,32768,268435968,0,0,0,-1,-1
65262,Rettet die Vombatas,,44183,95162,0,-1,0,0,0,0,0,0,0,0,0,0,35831,109,2057,0,3,40435712,8192,268435456,0,0,0,-1,-1
65264,Operation: Umsiedlung,,44185,94636,0,-1,0,0,0,0,0,0,0,0,0,0,35834,0,2057,0,2,35782664,32768,268435968,0,0,0,-1,-1
65265,Begrabene Relikte,,44186,94636,0,-1,0,0,0,0,0,0,0,0,0,0,35835,0,2057,0,2,35651848,32768,268435968,0,0,0,-1,-1
65268,Bzzzzt!,,44190,94636,0,-1,0,0,0,0,0,0,0,0,0,188788,35863,0,2057,0,2,39846152,40960,268435968,0,0,0,-1,-1
65269,Platzierung nach Plan,,44191,94636,0,-1,0,0,0,0,0,0,0,0,0,0,35839,0,2057,0,2,35651592,32768,268435968,0,0,0,-1,-1
65325,Partikel des Wissens,,44242,94757,0,-1,0,0,0,0,0,0,0,0,0,0,35974,0,2057,0,2,6291720,40960,268435968,0,0,0,-1,-1
65326,Wartung unter erschwerten Bedingungen,,44243,94757,0,-1,0,0,0,0,0,0,0,0,0,0,35954,0,2057,0,2,6291720,40960,268435968,0,0,0,-1,-1
65356,Tracking Quest,,44273,0,0,-1,0,0,0,0,0,0,0,0,0,0,0,265,2057,0,3,34144576,0,0,0,0,0,-1,-1
65362,Unproduktiv,,44279,94757,0,-1,0,0,0,0,0,0,0,0,0,189449,35977,0,2057,0,2,6291720,40960,268435968,0,0,0,-1,-1
65363,Gefährlicher Zustand,,44280,94757,0,-1,0,0,0,0,0,0,0,0,0,0,35980,0,2057,0,2,6291720,40960,268435968,0,0,0,-1,-1
65364,Superjiro,,44281,94757,0,-1,0,0,0,0,0,0,0,0,0,0,35982,0,2057,0,2,6291720,40960,268435968,0,0,0,-1,-1
65402,Mustererkennung,,44319,93710,0,-1,0,0,0,0,0,0,0,0,0,0,35985,109,2057,0,3,6881344,8192,268435456,0,0,0,-1,-1
65403,Rätselhafte Situation,,44320,93710,0,-1,0,0,0,0,0,0,0,0,0,0,35986,109,2057,0,3,6881344,8192,268435456,0,0,0,-1,-1
65404,Das letzte Puzzleteil,,44321,93710,0,-1,0,0,0,0,0,0,0,0,0,0,35987,109,2057,0,3,6881344,8192,268435456,0,0,0,-1,-1
65405,Perplexes Problem,,44322,93710,0,-1,0,0,0,0,0,0,0,0,0,0,35996,109,2057,0,3,6881344,8192,268435456,0,0,0,-1,-1
65406,Verbindungen finden,,44323,93710,0,-1,0,0,0,0,0,0,0,0,0,0,35989,109,2057,0,3,6881344,8192,268435456,0,0,0,-1,-1
65407,Mustererkennung,,44324,93710,0,-1,0,0,0,0,0,0,0,0,0,0,35990,109,2057,0,3,6881344,8192,268435456,0,0,0,-1,-1
65408,Mustererkennung,,44325,93710,0,-1,0,0,0,0,0,0,0,0,0,0,35991,109,2057,0,3,6881344,8192,268435456,0,0,0,-1,-1
65410,Rätselhafte Situation,,44326,93710,0,-1,0,0,0,0,0,0,0,0,0,0,35992,109,2057,0,3,6881344,8192,268435456,0,0,0,-1,-1
65411,Rätselhafte Situation,,44327,93710,0,-1,0,0,0,0,0,0,0,0,0,0,35993,109,2057,0,3,6881344,8192,268435456,0,0,0,-1,-1
65412,Das letzte Puzzleteil,,44328,93710,0,-1,0,0,0,0,0,0,0,0,0,0,35994,109,2057,0,3,6881344,8192,268435456,0,0,0,-1,-1
65413,Das letzte Puzzleteil,,44329,93710,0,-1,0,0,0,0,0,0,0,0,0,0,35995,109,2057,0,3,6881344,8192,268435456,0,0,0,-1,-1
65414,Perplexes Problem,,44330,93710,0,-1,0,0,0,0,0,0,0,0,0,0,35997,109,2057,0,3,6881344,8192,268435456,0,0,0,-1,-1
65415,Perplexes Problem,,44331,93710,0,-1,0,0,0,0,0,0,0,0,0,0,35998,109,2057,0,3,6881344,8192,268435456,0,0,0,-1,-1
65416,Verbindungen finden,,44332,93710,0,-1,0,0,0,0,0,0,0,0,0,0,35999,109,2057,0,3,6881344,8192,268435456,0,0,0,-1,-1
65417,Verbindungen finden,,44333,93710,0,-1,0,0,0,0,0,0,0,0,0,0,36047,109,2057,0,3,6881344,8192,268435456,0,0,0,-1,-1
65445,Notwendige Ressourcenbeschaffung,,44362,94757,0,-1,0,0,0,0,0,0,0,0,0,0,36072,0,2057,0,2,39846152,40960,268435968,0,0,0,-1,-1
65599,Merl,,44510,95476,0,-1,0,0,0,0,0,0,0,0,0,0,36178,0,2152,0,3,34144704,0,4096,0,0,0,-1,-1
65735,GESUCHT: Custos,,44642,95904,0,-1,0,0,0,0,0,0,0,0,0,0,0,1,2057,0,2,39845888,8192,268435968,64958,0,0,-1,-1
65748,Vorräte für die Anstrengungen,,44655,95904,0,-1,0,0,0,0,0,0,0,0,0,0,0,0,2057,0,2,37748744,8192,268435968,64958,0,0,-1,-1
65749,Die nötige Ausrüstung,,44656,0,0,-1,0,0,0,0,0,0,0,0,0,0,0,0,2057,0,2,37748744,8192,268435968,64230,0,0,-1,-1
65841,Die Ausbreitung verhindern,,44745,96259,0,-1,0,0,0,0,0,0,0,0,0,0,0,0,2313,0,3,35192832,0,512,0,0,0,-1,-1
65889,Verlorene Relikte,,44792,99309,0,-1,0,0,0,0,0,0,0,0,0,0,36363,109,2437,0,3,34144512,0,0,0,0,0,-1,-1
65892,Zersplitterte Splitterflammen,,44795,105254,0,-1,0,0,0,0,0,0,0,0,0,0,0,0,2262,0,3,34144256,0,512,0,0,0,-1,-1
65941,Steinbrech,,44845,0,0,-1,0,0,0,0,0,0,0,0,0,0,36393,0,2153,0,3,34144256,0,0,0,0,0,-1,-1
65994,Djaradingerechtigkeit,,44894,100605,0,-1,1,0,0,0,0,0,0,0,0,0,0,0,2297,0,3,34144256,0,0,65989,65990,0,-1,-1
66004,Galgresh,,44904,0,0,-1,0,0,0,0,0,0,0,0,0,0,0,0,2152,0,3,34148352,0,0,0,0,0,-1,-1
66042,Verschachtelte Muster,,44942,0,0,-1,0,0,0,0,0,0,0,0,0,0,0,0,2057,0,2,37781576,8192,268436232,64230,0,0,-1,-1
66070,Leuchtklinges Knochen,,44970,99239,0,-1,0,0,0,0,0,0,0,0,0,0,37602,109,2266,0,3,40436096,8192,0,0,0,0,-1,-1
66074,Urscythidenkönigin,,44974,0,0,-1,0,0,0,0,0,0,0,0,0,0,0,0,2307,0,3,34144512,0,0,0,0,0,-1,-1
66117,Säubert das Schlachtfeld,,45016,97698,0,-1,0,0,0,0,0,0,0,0,0,0,0,0,2279,0,3,38338560,8192,0,0,0,0,-1,-1
66133,Schlüssel der Loyalität,,45032,99309,0,-1,1,0,0,0,0,0,0,0,0,0,0,111,2287,0,3,5865792,8192,0,66419,66802,0,-1,-1
66192,Sicherung des Gebiets: Winterpelzhöhle,,45093,0,0,-1,0,0,0,0,0,0,0,0,0,0,36455,0,2153,0,3,622592,0,0,0,0,0,-1,-1
66194,Forschung 103 - Verfallsbedingungen,,45095,96521,0,-1,0,0,0,0,0,0,0,0,0,0,36461,109,2151,0,3,590080,0,0,0,0,0,-1,-1
66200,Ausgrabungsstätten abgehen,,45100,96521,0,-1,0,0,0,0,0,0,0,0,0,0,36461,136,2151,0,3,590080,0,0,0,0,0,-1,-1
66203,Spült über sie hinweg,,45103,99309,0,-1,1,0,0,0,0,0,0,0,0,0,37947,109,2287,0,3,39911688,8192,0,0,0,0,-1,-1
66220,Verlorene Relikte 2,,45120,95476,0,-1,0,0,0,0,0,0,0,0,0,0,36363,109,2152,0,3,34144256,0,0,0,0,0,-1,-1
66356,Eisenbaum,,45255,0,0,-1,0,0,0,0,0,0,0,0,0,0,0,0,2152,0,3,34144512,0,0,0,0,0,-1,-1
66419,Alle für Einen,,45317,104361,0,-1,0,0,0,0,0,0,0,0,0,0,0,111,2287,0,3,41517312,8192,0,65793,0,0,-1,-1
66421,Die Sturmschneise,,45319,0,0,-1,1,0,0,0,0,0,0,0,0,0,0,0,2505,0,3,38338560,8192,0,66331,0,0,-1,-1
66551,Die schrecklichen Drei,,45440,132429,0,-1,0,0,0,0,0,0,0,0,0,0,37865,115,2437,0,3,34144512,0,0,0,0,0,-1,-1
66574,Ein Tropfen Ärger,,45465,21439,0,-1,0,0,0,0,0,0,0,0,0,0,0,0,2266,0,3,34144256,0,0,66481,0,0,-1,-1
66576,Landrückgewinnung,,45466,21439,0,-1,0,0,0,0,0,0,0,0,0,0,0,0,2266,0,3,34144256,0,0,66481,0,0,-1,-1
66588,Flunk der Ältere,,45475,99309,0,-1,0,0,0,0,0,0,0,0,0,0,36584,115,2437,0,3,590080,0,0,0,0,0,-1,-1
66614,"Valinor, das Licht der Äonen",,45497,98714,0,-1,1,0,0,0,0,0,0,0,0,0,33483,111,2426,0,3,37290304,0,268435456,57559,62706,0,-1,-1
66615,Nurgash Schlammborn,,45498,98714,0,-1,1,0,0,0,0,0,0,0,0,0,33484,111,2426,0,3,37290304,0,268435456,57559,62706,0,-1,-1
66616,Oranomonos die Immersprießende,,45499,98714,0,-1,1,0,0,0,0,0,0,0,0,0,33485,111,2426,0,3,37290304,0,268435456,57559,62706,0,-1,-1
66617,Mortanis,,45500,98714,0,-1,1,0,0,0,0,0,0,0,0,0,33486,111,2426,0,3,37290304,0,268435456,57559,62706,0,-1,-1
66618,Mor'geth,,45501,98715,0,-1,1,0,0,0,0,0,0,0,0,0,35388,111,2426,0,3,36241728,0,268435456,57559,62706,0,-1,-1
66619,Antros,,45502,98720,0,-1,0,0,0,0,0,0,0,0,0,0,35732,111,2426,0,3,36241728,0,268435456,57559,0,0,-1,-1
66693,Das Schicksal herausfordern: Schloss Nathria,,45572,97623,0,-1,1,0,0,0,0,0,0,0,0,0,36644,111,837,0,3,36241728,0,268435458,57559,62706,0,-1,-1
66694,Das Schicksal herausfordern: Sanktum der Herrschaft,,45573,97623,0,-1,1,0,0,0,0,0,0,0,0,0,36643,111,837,0,3,34144576,0,268435458,57559,62706,0,-1,-1
66695,Das Schicksal herausfordern: Mausoleum der Ersten,,45574,97623,0,-1,1,0,0,0,0,0,0,0,0,0,36642,111,837,0,3,34144576,0,268435458,57559,62706,0,-1,-1
66696,Das Schicksal herausfordern: Schicksal der Schattenlande,,45575,97625,0,-1,1,0,0,0,0,0,0,0,0,0,36657,111,837,0,3,34144576,0,268435458,57559,62706,0,-1,-1
66718,Gnolle müssen sterben,,45599,97800,0,-1,0,0,0,0,0,0,0,0,0,0,0,0,2347,0,3,269025280,0,33280,66709,0,0,-1,-1
66802,Tracking Quest,,45639,0,0,-1,0,0,0,0,0,0,0,0,0,0,0,0,0,0,3,33588232,0,8,0,0,0,-1,-1
66805,Schlüssel der Loyalität,,45640,99309,0,-1,1,0,0,0,0,0,0,0,0,0,0,111,2287,0,3,5865792,8192,0,66419,66808,0,-1,-1
66808,Tracking Quest,,45641,0,0,-1,0,0,0,0,0,0,0,0,0,0,0,0,0,0,3,33588232,0,8,0,0,0,-1,-1
66833,Marmoni in Bedrängnis,,45656,99309,0,-1,0,0,0,0,0,0,0,0,0,193212,36800,109,2307,0,3,36372736,0,0,0,0,0,-1,-1
66896,Nett ins Netz,,45714,99309,0,-1,0,0,0,0,0,0,0,0,0,192191,36864,109,2306,0,3,34275584,0,0,0,0,0,-1,-1
66898,Tracking Quest,,45716,0,0,-1,0,0,0,0,0,0,0,0,0,0,0,0,0,0,3,33559816,0,8,0,0,0,-1,-1
66901,Die Welt zerbrechen,,0,99270,0,-1,0,0,0,0,0,0,0,0,0,0,36873,0,2287,0,3,5832704,8192,512,0,0,0,-1,-1
66902,"Hinfort, Bienen!",,45720,99309,0,-1,0,0,0,0,0,0,0,0,0,193064,36875,109,2295,0,3,34275584,0,0,0,0,0,-1,-1
66903,Aufräumen des Gewölbes,,0,99270,0,-1,0,0,0,0,0,0,0,0,0,0,36816,0,2287,0,3,5832704,8192,512,0,0,0,-1,-1
66934,Den Brecher brechen,,45732,99309,0,-1,0,0,0,0,0,0,0,0,0,0,36897,109,2297,0,3,34275584,0,0,0,0,0,-1,-1
66956,Drachenjäger Igordan,,45752,0,0,-1,0,0,0,0,0,0,0,0,0,0,0,0,2297,0,3,34144512,0,0,0,0,0,-1,-1
66960,Kluzicc der Aufgestiegene,,45755,0,0,-1,0,0,0,0,0,0,0,0,0,0,0,0,2280,0,3,34144512,0,0,0,0,0,-1,-1
66970,Ty'foon der Aufgestiegene,,45766,0,0,-1,0,0,0,0,0,0,0,0,0,0,0,0,2152,0,3,34144512,0,0,0,0,0,-1,-1
66989,Hilfreiche Ernte,,45784,99309,0,-1,0,0,0,0,0,0,0,0,0,204343,36928,109,2151,0,3,40567040,0,0,0,0,0,-1,-1
67005,Protodrachenzähmen leicht gemacht,,46700,100571,0,-1,0,0,0,0,0,0,0,0,0,194818,37026,113,2523,0,3,36372736,0,0,0,0,0,-1,-1
67006,Löschen der Flamme,,45807,99309,0,-1,0,0,0,0,0,0,0,0,0,0,36946,109,2297,0,3,34275584,0,0,0,0,0,-1,-1
67009,Flunkerunfug,,45809,99309,0,-1,0,0,0,0,0,0,0,0,0,193918,36948,109,2151,0,3,40567040,0,0,0,0,0,-1,-1
67010,Am Überkochen,,45810,99309,0,-1,0,0,0,0,0,0,0,0,0,0,36947,109,2297,0,3,34275584,0,0,0,0,0,-1,-1
67012,Wenn Flussbestien fliegen,,45812,99309,0,-1,0,0,0,0,0,0,0,0,0,0,36949,109,2151,0,3,40567040,0,0,0,0,0,-1,-1
67014,Gorlocs vom Winde verweht,,45814,99309,0,-1,0,0,0,0,0,0,0,0,0,0,36950,109,2151,0,3,40567040,0,0,0,0,0,-1,-1
67015,Antworten zurechtbiegen,,0,106162,0,-1,0,0,0,0,0,0,0,0,0,0,36852,0,2287,0,3,7929856,8192,131584,0,0,0,-1,-1
67024,Schwelende Verstärkung,,45821,99309,0,-1,0,0,0,0,0,0,0,0,0,0,36968,109,2151,0,3,40567040,0,0,0,0,0,-1,-1
67026,Haltet den Schrein,,45823,99309,0,-1,0,0,0,0,0,0,0,0,0,0,36971,109,2151,0,3,40567040,0,0,0,0,0,-1,-1
67027,Schatten des Todes,,0,99270,0,-1,0,0,0,0,0,0,0,0,0,0,36972,0,2287,0,3,5832704,8192,131584,0,0,0,-1,-1
67062,Auftürmende Konflikte,,45855,99309,0,-1,0,0,0,0,0,0,0,0,0,0,37012,109,2302,0,3,40567040,0,0,0,0,0,-1,-1
67113,Ausgrabung in Nöten,,45901,99309,0,-1,0,0,0,0,0,0,0,0,0,0,37019,109,2284,0,3,38338816,8192,0,0,0,0,-1,-1
67172,Fishing Hole 01 Unlocked,,45926,0,0,-1,0,0,0,0,0,0,0,0,0,0,0,0,2437,0,3,590848,1,8,0,0,0,-1,-1
67173,Diebische Gnolle,,45927,0,0,-1,0,0,0,0,0,0,0,0,0,0,0,0,2311,0,3,34144512,0,0,0,0,0,-1,-1
67717,Gespinstkönigin Ashkaz,,46035,0,0,-1,0,0,0,0,0,0,0,0,0,0,0,0,2263,0,3,34177024,0,0,0,0,0,-1,-1
67744,Shezra,,46043,0,0,-1,0,0,0,0,0,0,0,0,0,0,0,0,2151,0,3,34144256,0,0,0,0,0,-1,-1
69667,Dampfkieme,,46427,0,0,-1,0,0,0,0,0,0,0,0,0,0,0,0,2153,0,3,34148608,0,4096,0,0,0,-1,-1
69668,Schmokflunk der Feuerspeier,,46428,0,0,-1,0,0,0,0,0,0,0,0,0,0,0,0,2153,0,3,34148608,0,4096,0,0,0,-1,-1
69837,Sonnenschuppenungetüm,,46484,0,0,-1,0,0,0,0,0,0,0,0,0,0,0,0,2152,0,3,34144512,0,0,0,0,0,-1,-1
69838,Amethyzar der Glitzernde,,46485,0,0,-1,0,0,0,0,0,0,0,0,0,0,0,0,2153,0,3,34148608,0,4096,0,0,0,-1,-1
69839,Azras preisgekrönte Pfingstrose,,46486,0,0,-1,0,0,0,0,0,0,0,0,0,0,0,0,2295,0,3,34148608,0,4096,0,0,0,-1,-1
69848,Riesige Magmakrabbe,,46492,0,0,-1,0,0,0,0,0,0,0,0,0,0,0,0,2153,0,3,34148608,0,4096,0,0,0,-1,-1
69849,Wütender Dampffontänenelementar,,46493,0,0,-1,0,0,0,0,0,0,0,0,0,0,0,0,2152,0,3,34148608,0,0,0,0,0,-1,-1
69850,Wollfang,,46494,0,0,-1,0,0,0,0,0,0,0,0,0,0,0,0,2152,0,3,34148608,0,0,0,0,0,-1,-1
69851,Fetzsäge der Pirscher,,46495,0,0,-1,0,0,0,0,0,0,0,0,0,0,0,0,2439,0,3,34144512,0,0,0,0,0,-1,-1
69852,Territorialer Küstling,,46496,0,0,-1,0,0,0,0,0,0,0,0,0,0,0,0,2439,0,3,34144512,0,0,0,0,0,-1,-1
69854,Solethus' Grabstein,,46498,0,0,-1,0,0,0,0,0,0,0,0,0,0,0,0,2152,0,3,36245760,0,0,0,0,0,-1,-1
69856,Fulgurb,,46500,0,0,-1,0,0,0,0,0,0,0,0,0,0,0,0,2152,0,3,34148608,0,4096,0,0,0,-1,-1
69857,Mikrin der tobenden Winde,,46501,0,0,-1,0,0,0,0,0,0,0,0,0,0,0,0,2078,0,3,34148608,0,4096,0,0,0,-1,-1
69858,Seuchenfell,,46502,0,0,-1,0,0,0,0,0,0,0,0,0,0,0,0,2311,0,3,34148608,0,0,0,0,0,-1,-1
69859,Sandana der Sturm,,46503,0,0,-1,0,0,0,0,0,0,0,0,0,0,0,0,2153,0,3,34148608,0,4096,0,0,0,-1,-1
69861,Trilvarus Lehrenweber,,46505,0,0,-1,0,0,0,0,0,0,0,0,0,0,0,0,2311,0,3,34148608,0,8,0,0,0,-1,-1
69864,Vergessene Schöpfung,,46508,0,0,-1,0,0,0,0,0,0,0,0,0,0,0,0,2311,0,3,34144512,0,0,0,0,0,-1,-1
69865,Schuppensucherin Mezeri,,46509,0,0,-1,0,0,0,0,0,0,0,0,0,0,0,0,2152,0,3,34148608,0,0,0,0,0,-1,-1
69866,Pfliep,,46510,0,0,-1,0,0,0,0,0,0,0,0,0,0,0,0,2401,0,3,34148608,0,4096,0,0,0,-1,-1
69868,Brutweberin Araznae,,46512,0,0,-1,0,0,0,0,0,0,0,0,0,0,0,0,2153,0,3,34148608,0,4096,0,0,0,-1,-1
69871,Malsegan,,46515,0,0,-1,0,0,0,0,0,0,0,0,0,0,0,0,2152,0,3,34148608,0,4096,0,0,0,-1,-1
69872,"Vakril, der stärkste Tuskarr",,46516,0,0,-1,0,0,0,0,0,0,0,0,0,0,0,0,2311,0,3,34144512,0,0,0,0,0,-1,-1
69873,Henlare,,46517,0,0,-1,0,0,0,0,0,0,0,0,0,0,0,0,2385,0,3,34144512,0,0,0,0,0,-1,-1
69874,Gorjo der Krabbenfessler,,46518,0,0,-1,0,0,0,0,0,0,0,0,0,0,0,0,2153,0,3,34148608,0,4096,0,0,0,-1,-1
69875,Eldoren der Wiedergeborene,,46519,0,0,-1,0,0,0,0,0,0,0,0,0,0,0,0,2153,0,3,34148608,0,4096,0,0,0,-1,-1
69877,Oshigol,,46521,0,0,-1,0,0,0,0,0,0,0,0,0,0,0,0,2152,0,3,34148608,0,4096,0,0,0,-1,-1
69878,Ronsak der Dezimierer,,46522,0,0,-1,0,0,0,0,0,0,0,0,0,0,0,0,2258,0,3,34148608,0,4096,0,0,0,-1,-1
69879,Zaubergeschmiedeter Schneemann,,46523,0,0,-1,0,0,0,0,0,0,0,0,0,0,0,0,2153,0,3,34148608,0,0,0,0,0,-1,-1
69880,Flussläufer Tamopo,,46524,0,0,-1,0,0,0,0,0,0,0,0,0,0,0,0,2153,0,3,34148608,0,4096,0,0,0,-1,-1
69882,Lord Epochenbrgl,,46526,0,0,-1,0,0,0,0,0,0,0,0,0,0,0,0,2152,0,3,34148608,0,0,0,0,0,-1,-1
69883,Matriarchin Remalla,,46527,0,0,-1,0,0,0,0,0,0,0,0,0,0,0,0,2078,0,3,34148608,0,4096,0,0,0,-1,-1
69885,Schroffi,,46528,0,0,-1,0,0,0,0,0,0,0,0,0,0,0,0,2153,0,3,34148608,0,4096,0,0,0,-1,-1
69886,Orkandrian,,46529,0,0,-1,0,0,0,0,0,0,0,0,0,0,0,0,2078,0,3,34148608,0,4096,0,0,0,-1,-1
69891,Lepidoralia der Prunkvolle,,46532,0,0,-1,0,0,0,0,0,0,0,0,0,0,0,0,2078,0,3,34148608,0,0,0,0,0,-1,-1
69892,Grollrüssel,,46533,0,0,-1,0,0,0,0,0,0,0,0,0,0,0,0,2153,0,3,34148608,0,4096,0,0,0,-1,-1
69895,Beschworener Zerstörer,,46535,0,0,-1,0,0,0,0,0,0,0,0,0,0,0,0,2311,0,3,34144512,0,0,0,0,0,-1,-1
69913,Türme irdener Kräfte,,46553,99309,0,-1,0,0,0,0,0,0,0,0,0,0,37108,109,2437,0,3,40435968,8192,0,0,0,0,-1,-1
69916,Berühmte Frösche,,46556,99309,0,-1,0,0,0,0,0,0,0,0,0,197928,37109,109,2304,0,3,36372736,0,0,0,0,0,-1,-1
69924,Türme flammender Kräfte,,46562,99309,0,-1,0,0,0,0,0,0,0,0,0,0,37125,109,2437,0,3,40435968,8192,0,0,0,0,-1,-1
69927,Bazual,,46565,99401,0,-1,0,0,0,0,0,0,0,0,0,0,37136,112,2471,0,3,34144320,0,0,0,0,0,-1,-1
69928,Liskanoth,,46566,99401,0,-1,0,0,0,0,0,0,0,0,0,0,37135,112,2471,0,3,34144320,0,0,0,0,0,-1,-1
69929,Strunraan,,46567,99401,0,-1,0,0,0,0,0,0,0,0,0,0,37137,112,2471,0,3,34144320,0,0,0,0,0,-1,-1
69930,Basrikron,,46568,99401,0,-1,0,0,0,0,0,0,0,0,0,0,37138,112,2471,0,3,34144320,0,0,0,0,0,-1,-1
69931,Im Sturzflug schnappen,,46569,99309,0,-1,0,0,0,0,0,0,0,0,0,0,37160,109,2437,0,3,41484544,8192,0,0,0,0,-1,-1
69938,Angelwahnsinn!,,46576,104843,0,-1,0,0,0,0,0,0,0,0,0,0,38546,109,2437,0,3,34144512,0,0,0,0,0,-1,-1
69941,Eingefrorene Opfer,,46577,99309,0,-1,0,0,0,0,0,0,0,0,0,0,37243,109,2437,0,3,34144512,0,0,0,0,0,-1,-1
69942,Brackenfellmysterien,,46579,99309,0,-1,0,0,0,0,0,0,0,0,0,0,37223,109,2437,0,3,34144512,0,0,0,0,0,-1,-1
69949,Auslöschung,,46795,100571,0,-1,0,0,0,0,0,0,0,0,0,0,37242,113,2523,0,3,4784384,8192,0,0,0,0,-1,-1
69951,Brockon,,46587,0,0,-1,0,0,0,0,0,0,0,0,0,0,37047,0,2078,0,3,34144512,0,0,0,0,0,-1,-1
69952,Kristallus,,46588,0,0,-1,0,0,0,0,0,0,0,0,0,0,37047,0,2078,0,3,34144512,0,0,0,0,0,-1,-1
69953,Karantun,,46589,0,0,-1,0,0,0,0,0,0,0,0,0,0,37047,0,2078,0,3,34144512,0,0,0,0,0,-1,-1
69954,Infernum,,46590,0,0,-1,0,0,0,0,0,0,0,0,0,0,37047,0,2078,0,3,34144512,0,0,0,0,0,-1,-1
69955,Emblazion,,46591,0,0,-1,0,0,0,0,0,0,0,0,0,0,37047,0,2078,0,3,34144512,0,0,0,0,0,-1,-1
69956,Grizzlefels,,46592,0,0,-1,0,0,0,0,0,0,0,0,0,0,37047,0,2078,0,3,34144512,0,0,0,0,0,-1,-1
69959,Gaelzion,,46595,0,0,-1,0,0,0,0,0,0,0,0,0,0,37047,0,2078,0,3,34144512,0,0,0,0,0,-1,-1
69960,Gravlion,,46596,0,0,-1,0,0,0,0,0,0,0,0,0,0,37047,0,2078,0,3,34144512,0,0,0,0,0,-1,-1
69961,Frozion,,46597,0,0,-1,0,0,0,0,0,0,0,0,0,0,37047,0,2078,0,3,34144512,0,0,0,0,0,-1,-1
69962,Verderbter Protodrache,,46598,0,0,-1,0,0,0,0,0,0,0,0,0,0,0,0,2154,0,3,34148608,0,0,0,0,0,-1,-1
69963,Urtumbeschützerin,,46599,0,0,-1,0,0,0,0,0,0,0,0,0,0,0,0,2437,0,3,34148608,0,0,0,0,0,-1,-1
69964,Aufgebrachter Elementar,,46600,0,0,-1,0,0,0,0,0,0,0,0,0,0,0,0,2152,0,3,34148608,0,0,0,0,0,-1,-1
69966,Rokmur,,46602,0,0,-1,0,0,0,0,0,0,0,0,0,0,0,0,2153,0,3,34148608,0,4096,0,0,0,-1,-1
69967,Ausguck Mordren,,46603,0,0,-1,0,0,0,0,0,0,0,0,0,0,0,0,2385,0,3,34144512,0,0,0,0,0,-1,-1
69968,Prozela Windschuss,,46604,0,0,-1,0,0,0,0,0,0,0,0,0,0,0,0,2256,0,3,34144512,0,0,0,0,0,-1,-1
69969,Voraazka,,46605,0,0,-1,0,0,0,0,0,0,0,0,0,0,37047,0,2078,0,3,34144512,0,0,0,0,0,-1,-1
69970,Kain Feuermal,,46606,0,0,-1,0,0,0,0,0,0,0,0,0,0,37047,0,2078,0,3,34144512,0,0,0,0,0,-1,-1
69971,Eisklingentrio,,46607,0,0,-1,0,0,0,0,0,0,0,0,0,0,37047,0,2078,0,3,34144512,0,0,0,0,0,-1,-1
69972,Zurgaz Kernbrecher,,46608,0,0,-1,0,0,0,0,0,0,0,0,0,0,37047,0,2078,0,3,34144512,0,0,0,0,0,-1,-1
69973,Rouen Eiswind,,46609,0,0,-1,0,0,0,0,0,0,0,0,0,0,37047,0,2078,0,3,34144512,0,0,0,0,0,-1,-1
69974,Pipfunke Donnerschnapp,,46610,0,0,-1,0,0,0,0,0,0,0,0,0,0,37047,0,2078,0,3,34144512,0,0,0,0,0,-1,-1
69975,Neela Feuerfluch,,46611,0,0,-1,0,0,0,0,0,0,0,0,0,0,37047,0,2078,0,3,34144512,0,0,0,0,0,-1,-1
69976,Phenran,,46612,0,0,-1,0,0,0,0,0,0,0,0,0,0,0,0,2078,0,3,34148608,0,4096,0,0,0,-1,-1
69987,"Das Feld der Wildheit, die Zweite: Schrecken des Sumpfes!",,46623,99450,0,-1,0,0,0,0,0,0,0,0,0,0,37197,111,2249,0,3,34144512,0,0,0,0,0,-1,-1
69988,Schillernde Steine,,46624,99309,0,-1,0,0,0,0,0,0,0,0,0,0,37222,109,2251,0,3,36372736,8192,0,0,0,0,-1,-1
69990,"Das Feld der Wildheit, die Zweite: Fürst des Verfalls!",,46626,99450,0,-1,0,0,0,0,0,0,0,0,0,0,37199,111,2249,0,3,34144512,0,0,0,0,0,-1,-1
69991,"Das Feld der Wildheit, die Zweite: Gegner aus dem Vulkan!",,46627,99450,0,-1,0,0,0,0,0,0,0,0,0,0,37200,111,2249,0,3,34144512,0,0,0,0,0,-1,-1
69993,"Das Feld der Wildheit, die Zweite: Verloren im Traum!",,46629,99450,0,-1,0,0,0,0,0,0,0,0,0,0,37201,111,2249,0,3,34144512,0,0,0,0,0,-1,-1
69994,"Das Feld der Wildheit, die Zweite: Elementare Rache!",,46630,99450,0,-1,0,0,0,0,0,0,0,0,0,0,37202,111,2249,0,3,34144512,0,0,0,0,0,-1,-1
69995,"Das Feld der Wildheit, die Zweite: Meister der Jagd!",,46631,99450,0,-1,0,0,0,0,0,0,0,0,0,0,37203,111,2249,0,3,34144512,0,0,0,0,0,-1,-1
70011,Fellige Freunde,,46647,99309,0,-1,0,0,0,0,0,0,0,0,0,0,37302,109,2437,0,3,34144512,0,0,0,0,0,-1,-1
70012,Schützt die Netze!,,46648,99309,0,-1,0,0,0,0,0,0,0,0,0,0,37295,109,2437,0,3,34144512,0,0,0,0,0,-1,-1
70015,Verfallsäuberung,,46651,99309,0,-1,0,0,0,0,0,0,0,0,0,0,37297,109,2437,0,3,37290240,0,0,0,0,0,-1,-1
70016,Das Land beruhigen,,46652,99309,0,-1,0,0,0,0,0,0,0,0,0,0,37298,109,2437,0,3,38338816,8192,0,0,0,0,-1,-1
70021,Die Sage von Tapionnuq,,46657,99309,0,-1,0,0,0,0,0,0,0,0,0,0,37378,109,2437,0,3,40435968,8192,0,0,0,0,-1,-1
70024,Tracking Quest,,46676,0,0,-1,0,0,0,0,0,0,0,0,0,0,0,0,0,0,3,33555464,0,8,0,0,0,-1,-1
70035,Ruriqs Stromschnellenritt,,46671,99517,0,-1,0,0,0,0,0,0,0,0,0,0,37551,109,2437,0,3,40435968,8192,0,0,0,0,-1,-1
70037,Energielose Werkzeuge,,46672,99309,0,-1,0,0,0,0,0,0,0,0,0,0,37209,111,2475,0,3,36241664,0,0,0,0,0,-1,-1
70039,Tracking Quest,,46675,0,0,-1,0,0,0,0,0,0,0,0,0,0,0,0,0,0,3,33555464,0,8,0,0,0,-1,-1
70047,Eisige Gefängnisse,,46683,99309,0,-1,0,0,0,0,0,0,0,0,0,0,37235,109,2437,0,3,34144512,0,0,0,0,0,-1,-1
70057,Diebische Tarasek,,46693,99309,0,-1,0,0,0,0,0,0,0,0,0,0,37224,109,2382,0,3,36372736,0,0,0,0,0,-1,-1
70064,Für Imbu!,,46701,99309,0,-1,0,0,0,0,0,0,0,0,0,0,37483,136,2330,0,3,36241728,0,0,0,0,0,-1,-1
70066,Die Rückeroberung der Festung,,46703,99309,0,-1,0,0,0,0,0,0,0,0,0,0,37485,136,2400,0,3,36241728,0,0,0,0,0,-1,-1
70067,Eine Botschaft an die Nokhud,,46704,99309,0,-1,0,0,0,0,0,0,0,0,0,0,37484,136,2535,0,3,36241728,0,0,0,0,0,-1,-1
70068,Kobaltkatastrophe,,46705,99309,0,-1,0,0,0,0,0,0,0,0,0,0,37481,136,2475,0,3,36241728,0,0,0,0,0,-1,-1
70071,Das Sammeln der Magie,,46708,99309,0,-1,0,0,0,0,0,0,0,0,0,0,37234,109,2437,0,3,40435968,8192,0,0,0,0,-1,-1
70072,Zeitverloren und wiedergefunden,,46709,99309,0,-1,0,0,0,0,0,0,0,0,0,0,37319,109,2437,0,3,36241664,0,0,0,0,0,-1,-1
70073,Blaufederbanner,,46710,99309,0,-1,0,0,0,0,0,0,0,0,0,0,37358,109,2437,0,3,41484544,8192,0,0,0,0,-1,-1
70074,Plünderung der Splitterflammen,,46711,99309,0,-1,0,0,0,0,0,0,0,0,0,0,37256,109,2437,0,3,36241664,0,0,0,0,0,-1,-1
70075,Katalogisieren der Küste des Erwachens,,46712,100503,0,-1,0,0,0,0,0,0,0,0,0,0,37366,109,2437,0,3,6881536,8192,0,0,0,0,-1,-1
70079,Die Ebenen von Ohn'ahra katalogisieren,,46716,100503,0,-1,0,0,0,0,0,0,0,0,0,0,37393,109,2437,0,3,6881536,8192,0,0,0,0,-1,-1
70100,Katalogisieren des Azurblauen Gebirges,,46737,100503,0,-1,0,0,0,0,0,0,0,0,0,0,37447,109,2437,0,3,40435968,8192,0,0,0,0,-1,-1
70110,Katalogisieren von Thaldraszus,,46747,100503,0,-1,0,0,0,0,0,0,0,0,0,0,37494,109,2437,0,3,40435968,8192,0,0,0,0,-1,-1
70111,Tempelschätze,,46748,99309,0,-1,0,0,0,0,0,0,0,0,0,0,37251,109,2437,0,3,40567040,0,0,0,0,0,-1,-1
70112,Furbolgbedrohung,,46749,99309,0,-1,0,0,0,0,0,0,0,0,0,0,37250,109,2519,0,3,36372736,0,0,0,0,0,-1,-1
70146,Hochlandgegenschlag,,46779,99309,0,-1,0,0,0,0,0,0,0,0,0,0,37317,109,2249,0,3,34144512,0,0,0,0,0,-1,-1
70149,Hoffnung für das Hochland,,46782,99309,0,-1,0,0,0,0,0,0,0,0,0,0,37777,109,2249,0,3,34144512,0,0,0,0,0,-1,-1
70150,"Viele Welpen, kümmert Euch drum",,46783,103223,0,-1,1,0,0,0,0,0,0,0,0,0,37252,109,2296,0,3,39911688,8192,0,0,0,0,-1,-1
70152,Angelwahnsinn!,,46785,99309,0,-1,0,0,0,0,0,0,0,0,0,0,37876,109,2437,0,3,34144512,0,0,0,0,0,-1,-1
70160,Verteidigung einer alchemistischen These,,46793,99309,0,-1,0,0,0,0,0,0,0,0,0,0,37264,109,2437,0,3,36241664,0,0,0,0,0,-1,-1
70172,Berggeheimnisse,,46805,99309,0,-1,0,0,0,0,0,0,0,0,0,0,37276,109,2437,0,3,34144512,0,0,0,0,0,-1,-1
70176,Eingesponnen,,46809,99309,0,-1,0,0,0,0,0,0,0,0,0,0,37277,109,2437,0,3,34144512,0,0,0,0,0,-1,-1
70196,Reservatreinigung,,46818,105994,0,-1,0,0,0,0,0,0,0,0,0,0,0,0,2151,0,3,34144256,0,512,0,0,0,-1,-1
70209,Quaken und angreifen,,46826,100571,0,-1,0,0,0,0,0,0,0,0,0,0,37368,113,2523,0,3,4784384,8192,0,0,0,0,-1,-1
70212,Penumbrus,,46829,0,0,-1,0,0,0,0,0,0,0,0,0,0,0,0,2151,0,3,34148608,0,4096,0,0,0,-1,-1
70213,Harkyn Grymmstein,,46830,0,0,-1,0,0,0,0,0,0,0,0,0,0,0,0,2151,0,3,34148608,0,4096,0,0,0,-1,-1
70224,Müffelnde Monster,,46840,99309,0,-1,0,0,0,0,0,0,0,0,0,0,37367,109,2437,0,3,34144512,0,0,0,0,0,-1,-1
70246,Tracking,,46859,0,0,-1,0,0,0,0,0,0,0,0,0,0,0,0,0,0,3,38339584,8192,8,0,0,0,-1,-1
70248,Tracking,,46861,0,0,-1,0,0,0,0,0,0,0,0,0,0,0,0,0,0,3,38339584,8192,8,0,0,0,-1,-1
70270,Tracking,,46882,0,0,-1,0,0,0,0,0,0,0,0,0,0,0,0,0,0,3,38339584,8192,8,0,0,0,-1,-1
70271,Tracking,,46883,0,0,-1,0,0,0,0,0,0,0,0,0,0,0,0,0,0,3,38339584,8192,8,0,0,0,-1,-1
70272,Tracking,,46884,0,0,-1,0,0,0,0,0,0,0,0,0,0,0,0,0,0,3,38339584,8192,8,0,0,0,-1,-1
70273,Tracking,,46885,0,0,-1,0,0,0,0,0,0,0,0,0,0,0,0,0,0,3,38339584,8192,8,0,0,0,-1,-1
70275,Overcharged Tesla Coil Looted [DND],,46887,0,0,-1,0,0,0,0,0,0,0,0,0,0,0,0,0,0,3,38339584,8192,8,0,0,0,-1,-1
70276,Curious Glyph Tracking,,46888,0,0,-1,0,0,0,0,0,0,0,0,0,0,0,0,0,0,3,38339584,8192,8,0,0,0,-1,-1
70278,Tracking,,46890,0,0,-1,0,0,0,0,0,0,0,0,0,0,0,0,0,0,3,38339584,8192,8,0,0,0,-1,-1
70287,Tracking,,46900,0,0,-1,0,0,0,0,0,0,0,0,0,0,0,0,0,0,3,38339584,8192,8,0,0,0,-1,-1
70290,Tracking,,46903,0,0,-1,0,0,0,0,0,0,0,0,0,0,0,0,0,0,3,38339584,8192,8,0,0,0,-1,-1
70296,Tracking,,46909,0,0,-1,0,0,0,0,0,0,0,0,0,0,0,0,2214,0,3,34145280,0,8,0,0,0,-1,-1
70310,Tracking,,46923,0,0,-1,0,0,0,0,0,0,0,0,0,0,0,0,0,0,3,38339584,8192,8,0,0,0,-1,-1
70311,Tracking,,46924,0,0,-1,0,0,0,0,0,0,0,0,0,0,0,0,0,0,3,38339584,8192,8,0,0,0,-1,-1
70312,Tracking,,46925,0,0,-1,0,0,0,0,0,0,0,0,0,0,0,0,0,0,3,38339584,8192,8,0,0,0,-1,-1
70313,Tracking,,46926,0,0,-1,0,0,0,0,0,0,0,0,0,0,0,0,0,0,3,38339584,8192,8,0,0,0,-1,-1
70314,Tracking,,46927,0,0,-1,0,0,0,0,0,0,0,0,0,0,0,0,0,0,3,38339584,8192,8,0,0,0,-1,-1
70353,Tracking,,46948,0,0,-1,0,0,0,0,0,0,0,0,0,0,0,0,0,0,3,38339584,8192,8,0,0,0,-1,-1
70369,Zurück in die Vergangenheit,,46962,99309,0,-1,0,0,0,0,0,0,0,0,0,0,37434,109,2437,0,3,34144512,0,0,0,0,0,-1,-1
70372,Tracking,,46964,0,0,-1,0,0,0,0,0,0,0,0,0,0,0,0,0,0,3,38339584,8192,8,0,0,0,-1,-1
70382,Drachenreiterrennen - Rubinlebensschrein-Schleife,,46974,101721,0,-1,0,0,0,0,0,0,0,0,0,0,37446,281,2437,0,3,34144512,0,0,0,0,0,-1,-1
70410,Drachenreiterrennen - Blitzfrost-Überflug,,46997,101721,0,-1,0,0,0,0,0,0,0,0,0,0,37452,281,2437,0,3,34144512,0,0,0,0,0,-1,-1
70412,Drachenreiterrennen - Wildreservat-Slalom,,46998,101721,0,-1,0,0,0,0,0,0,0,0,0,0,37453,281,2437,0,3,34144512,0,0,0,0,0,-1,-1
70413,Drachenreiterrennen - Glutstrom-Flug,,46999,101721,0,-1,0,0,0,0,0,0,0,0,0,0,37454,281,2437,0,3,34144512,0,0,0,0,0,-1,-1
70415,Drachenreiterrennen - Flusslauf des Hohen Blätterdachs,,47001,101721,0,-1,0,0,0,0,0,0,0,0,0,0,37455,281,2437,0,3,34144512,0,0,0,0,0,-1,-1
70416,Drachenreiterrennen - Uktuluter Küstenachter,,47002,101721,0,-1,0,0,0,0,0,0,0,0,0,0,37456,281,2437,0,3,34144512,0,0,0,0,0,-1,-1
70417,Drachenreiterrennen - Schwingenrastkreisel,,47003,101721,0,-1,0,0,0,0,0,0,0,0,0,0,37457,281,2437,0,3,34144512,0,0,0,0,0,-1,-1
70418,Drachenreiterrennen - Wildreservat-Parcours,,47004,101721,0,-1,0,0,0,0,0,0,0,0,0,0,37458,281,2437,0,3,34144512,0,0,0,0,0,-1,-1
70419,Drachenreiterrennen - Sonnentüpfelhainstrecke,,47005,101721,0,-1,0,0,0,0,0,0,0,0,0,0,37459,281,2437,0,3,34144512,0,0,0,0,0,-1,-1
70420,Drachenreiterrennen - Moor-Durchflug,,47006,101721,0,-1,0,0,0,0,0,0,0,0,0,0,37460,281,2437,0,3,34144512,0,0,0,0,0,-1,-1
70421,Drachenreiterrennen - Schluchtflusslauf,,47007,101721,0,-1,0,0,0,0,0,0,0,0,0,0,37461,281,2437,0,3,34144512,0,0,0,0,0,-1,-1
70422,Drachenreiterrennen - Smaragdgärtenaufstieg,,47008,101721,0,-1,0,0,0,0,0,0,0,0,0,0,37462,281,2437,0,3,34144512,0,0,0,0,0,-1,-1
70423,Drachenreiterrennen - Maruukaispurt,,47009,101721,0,-1,0,0,0,0,0,0,0,0,0,0,37464,281,2437,0,3,34144512,0,0,0,0,0,-1,-1
70424,Drachenreiterrennen - Spurt zum Spiegel des Himmels,,47010,101721,0,-1,0,0,0,0,0,0,0,0,0,0,37467,281,2437,0,3,34144512,0,0,0,0,0,-1,-1
70425,Drachenreiterrennen - Sprint des Azurblauen Gebirges,,47011,101721,0,-1,0,0,0,0,0,0,0,0,0,0,37468,281,2437,0,3,34144512,0,0,0,0,0,-1,-1
70426,Drachenreiterrennen - Slalom des Azurblauen Gebirges,,47012,101721,0,-1,0,0,0,0,0,0,0,0,0,0,37469,281,2437,0,3,34144512,0,0,0,0,0,-1,-1
70427,Drachenreiterrennen - Vakthrosaufstieg,,47013,101721,0,-1,0,0,0,0,0,0,0,0,0,0,37470,281,2437,0,3,34144512,0,0,0,0,0,-1,-1
70428,Drachenreiterrennen - Iskaara-Tour,,47014,101721,0,-1,0,0,0,0,0,0,0,0,0,0,37471,281,2437,0,3,34144512,0,0,0,0,0,-1,-1
70429,Drachenreiterrennen - Frostland-Überflug,,47015,101721,0,-1,0,0,0,0,0,0,0,0,0,0,37472,281,2437,0,3,34144512,0,0,0,0,0,-1,-1
70430,Drachenreiterrennen - Archivring,,47016,101721,0,-1,0,0,0,0,0,0,0,0,0,0,37473,281,2437,0,3,34144512,0,0,0,0,0,-1,-1
70431,Drachenreiterrennen - Flug des Wallenden Walds,,47017,101721,0,-1,0,0,0,0,0,0,0,0,0,0,37474,281,2437,0,3,34144512,0,0,0,0,0,-1,-1
70432,Drachenreiterrennen - Prüfung von Tyrhold,,47018,101721,0,-1,0,0,0,0,0,0,0,0,0,0,37475,281,2437,0,3,34144512,0,0,0,0,0,-1,-1
70433,Drachenreiterrennen - Klippenrundstrecke,,47019,101721,0,-1,0,0,0,0,0,0,0,0,0,0,37476,281,2437,0,3,34144512,0,0,0,0,0,-1,-1
70434,Drachenreiterrennen - Akademieaufstieg,,47020,101721,0,-1,0,0,0,0,0,0,0,0,0,0,37477,281,2437,0,3,34144512,0,0,0,0,0,-1,-1
70435,Drachenreiterrennen - Gartenpromenade,,47022,101721,0,-1,0,0,0,0,0,0,0,0,0,0,37478,281,2437,0,3,34144512,0,0,0,0,0,-1,-1
70436,Drachenreiterrennen - Kreuz und quer durch die Höhlen,,47023,101721,0,-1,0,0,0,0,0,0,0,0,0,0,37479,281,2437,0,3,34144512,0,0,0,0,0,-1,-1
70439,Wildes Arkana,,47025,99309,0,-1,0,0,0,0,0,0,0,0,0,0,37489,113,2523,0,3,4784384,8192,0,0,0,0,-1,-1
70440,Tote Augen,,47026,99309,0,-1,0,0,0,0,0,0,0,0,0,0,37490,109,2437,0,3,38338816,8192,0,0,0,0,-1,-1
70442,Blutiges Bankett,,47028,99309,0,-1,0,0,0,0,0,0,0,0,0,0,37491,109,2437,0,3,34144512,0,0,0,0,0,-1,-1
70502,Saubere Luft,,47085,99309,0,-1,0,0,0,0,0,0,0,0,0,0,37499,109,2437,0,3,41484544,0,0,0,0,0,-1,-1
70529,Bringt sie heim,,47111,99309,0,-1,0,0,0,0,0,0,0,0,0,0,37514,109,2437,0,3,38338816,8192,0,0,0,0,-1,-1
70549,Leichte Beute,,47131,104424,0,-1,0,0,0,0,0,0,0,0,0,0,37538,109,2437,0,3,34144512,8192,0,0,0,0,-1,-1
70602,Geschichtsstunde: Krieg der Sandstürme,,47183,99309,0,-1,0,0,0,0,0,0,0,0,0,0,37539,109,2437,0,3,34144512,0,0,0,0,0,-1,-1
70612,Essen zum Dreifällerundblick,,47193,99309,0,-1,0,0,0,0,0,0,0,0,0,0,37549,109,2437,0,3,38338816,8192,0,0,0,0,-1,-1
70622,Neue Vorräte für den Dreifällerundblick,,47203,99309,0,-1,0,0,0,0,0,0,0,0,0,0,37550,109,2437,0,3,38338816,8192,0,0,0,0,-1,-1
70623,Saubere Luft,,47204,99309,0,-1,0,0,0,0,0,0,0,0,0,0,37554,109,2437,0,3,41484544,0,0,0,0,0,-1,-1
70625,Zaubergeschmiedete Schöpfungen,,47205,99309,0,-1,0,0,0,0,0,0,0,0,0,0,37631,111,2475,0,3,34144576,0,0,0,0,0,-1,-1
70629,Angriff auf die Küste,,47209,99309,0,-1,0,0,0,0,0,0,0,0,0,0,37557,109,2437,0,3,36241664,0,0,0,0,0,-1,-1
70631,Saubere Luft,,47211,99309,0,-1,0,0,0,0,0,0,0,0,0,0,37556,109,2437,0,3,41484544,0,0,0,0,0,-1,-1
70632,Katalogisieren der Küste des Erwachens,,47212,100503,0,-1,0,0,0,0,0,0,0,0,0,0,37555,109,2437,0,3,6881536,8192,0,0,0,0,-1,-1
70634,Ausgepeitscht,,47214,99309,0,-1,0,0,0,0,0,0,0,0,0,0,37560,109,2437,0,3,38338816,8192,0,0,0,0,-1,-1
70636,Uralte Protodrachen,,47216,99309,0,-1,0,0,0,0,0,0,0,0,0,0,37263,109,2304,0,3,34144512,0,0,0,0,0,-1,-1
70637,Fishing Hole 01 Nets Unlocked,,47217,0,0,-1,0,0,0,0,0,0,0,0,0,0,0,0,2437,0,3,590848,1,8,0,0,0,-1,-1
70638,Windbrecher,,47219,99309,0,-1,0,0,0,0,0,0,0,0,0,0,37566,109,2437,0,3,36241664,0,0,0,0,0,-1,-1
70639,Azurbanner,,47220,99309,0,-1,0,0,0,0,0,0,0,0,0,0,37571,109,2437,0,3,41484544,8192,0,0,0,0,-1,-1
70646,Druckventil,,47228,99309,0,-1,0,0,0,0,0,0,0,0,0,0,37580,109,2437,0,3,41484544,8192,0,0,0,0,-1,-1
70648,Firava der Entzünder,,47230,0,0,-1,0,0,0,0,0,0,0,0,0,0,0,0,2285,0,3,34144512,0,0,0,0,0,-1,-1
70649,Flunkerabstrich,,47231,99309,0,-1,0,0,0,0,0,0,0,0,0,0,37572,109,2437,0,3,41484544,8192,0,0,0,0,-1,-1
70651,Gestohlenes Gepäck,,47233,99239,0,-1,0,0,0,0,0,0,0,0,0,0,37582,109,2151,0,3,38338816,8192,0,0,0,0,-1,-1
70652,Einer nach dem anderen,,47234,99239,0,-1,0,0,0,0,0,0,0,0,0,0,37583,109,2152,0,3,40435968,0,0,0,0,0,-1,-1
70653,Eiskalte Wissenschaft,,47235,99239,0,-1,0,0,0,0,0,0,0,0,0,0,37586,109,2153,0,3,40435968,0,0,0,0,0,-1,-1
70654,Krümmung der Zeitkatze,,47236,99239,0,-1,0,0,0,0,0,0,0,0,0,0,37589,109,2154,0,3,40435968,8192,0,0,0,0,-1,-1
70655,Direkt von der Ranke,,47237,99239,0,-1,0,0,0,0,0,0,0,0,0,0,37585,109,2152,0,3,40435968,0,0,0,0,0,-1,-1
70656,"Ich hoffe, das funghi-tioniert",,47238,99239,0,-1,0,0,0,0,0,0,0,0,0,0,37591,109,2154,0,3,40435968,0,0,0,0,0,-1,-1
70658,Artefakt oder Fiktion,,47240,99239,0,-1,0,0,0,0,0,0,0,0,0,0,37587,109,2153,0,3,40435968,0,0,0,0,0,-1,-1
70659,Katalogisieren der Ebenen von Ohn'ahra,,47241,100503,0,-1,0,0,0,0,0,0,0,0,0,0,37579,109,2437,0,3,6881536,8192,0,0,0,0,-1,-1
70660,Reich an Mineralien,,47242,99239,0,-1,0,0,0,0,0,0,0,0,0,0,37584,109,2152,0,3,40435968,0,0,0,0,0,-1,-1
70661,Hohe Vorräte,,47243,99239,0,-1,0,0,0,0,0,0,0,0,0,0,37590,109,2154,0,3,40435968,0,0,0,0,0,-1,-1
70662,Knochenarbeit,,47244,99239,0,-1,0,0,0,0,0,0,0,0,0,0,37588,109,2153,0,3,40435968,0,0,0,0,0,-1,-1
70698,Forscherin Schleichflügel,,47266,0,0,-1,0,0,0,0,0,0,0,0,0,0,0,0,2078,0,3,34148608,0,4096,0,0,0,-1,-1
70699,Katalogisieren von Thaldraszus,,47267,100503,0,-1,0,0,0,0,0,0,0,0,0,0,37610,109,2437,0,3,40435968,8192,0,0,0,0,-1,-1
70712,Drachenreiterrennen - Stromschnellenstrecke,,47279,101721,0,-1,0,0,0,0,0,0,0,0,0,0,37620,281,2437,0,3,34144512,0,0,0,0,0,-1,-1
70719,Schattenschlitzer Trakken,,47284,0,0,-1,0,0,0,0,0,0,0,0,0,0,0,0,2308,0,3,34148608,0,0,0,0,0,-1,-1
70720,Die gibt's nicht,,47285,99309,0,-1,0,0,0,0,0,0,0,0,0,0,37627,109,2437,0,3,6881536,8192,0,0,0,0,-1,-1
70750,Unterstützt das Abkommen,,47316,107827,0,-1,0,0,0,0,0,0,0,0,0,0,0,0,2437,0,2,36733248,0,776,0,0,0,-1,-1
70751,Terillod der Andächtige,,47317,0,0,-1,0,0,0,0,0,0,0,0,0,0,0,0,2279,0,3,34144512,0,0,0,0,0,-1,-1
70763,Weltenschnitzer A'tir,,47327,0,0,-1,0,0,0,0,0,0,0,0,0,0,0,0,2474,0,3,34148608,0,0,0,0,0,-1,-1
70780,Banner von Ohn'ahra,,47342,99309,0,-1,0,0,0,0,0,0,0,0,0,0,37652,109,2437,0,3,41484544,8192,0,0,0,0,-1,-1
70782,Baumkronenbanner,,47344,99309,0,-1,0,0,0,0,0,0,0,0,0,0,37653,109,2437,0,3,41484544,8192,0,0,0,0,-1,-1
70783,Skaara,,47345,0,0,-1,0,0,0,0,0,0,0,0,0,0,0,0,2469,0,3,34144512,0,0,0,0,0,-1,-1
70823,Tracking Quest,,47385,0,0,-1,0,0,0,0,0,0,0,0,0,0,0,0,0,0,3,33555464,0,8,0,0,0,-1,-1
70824,Tracking Quest,,47386,0,0,-1,0,0,0,0,0,0,0,0,0,0,0,0,0,0,3,33555464,0,8,0,0,0,-1,-1
70825,Tracking Quest,,47387,0,0,-1,0,0,0,0,0,0,0,0,0,0,0,0,0,0,3,33555464,0,8,0,0,0,-1,-1
70826,Tracking Quest,,47388,0,0,-1,0,0,0,0,0,0,0,0,0,0,0,0,0,0,3,33555464,0,8,0,0,0,-1,-1
70827,Tracking Quest,,47389,0,0,-1,0,0,0,0,0,0,0,0,0,0,0,0,0,0,3,33555464,0,8,0,0,0,-1,-1
70934,Umarmung des Salamanthers,,47475,99309,0,-1,0,0,0,0,0,0,0,0,0,0,37756,109,2437,0,3,37290240,0,0,0,0,0,-1,-1
70947,Schatzbesessener Trambladd,,47487,0,0,-1,0,0,0,0,0,0,0,0,0,0,0,0,2154,0,3,34148608,0,4096,0,0,0,-1,-1
70979,Magmaton,,47518,0,0,-1,0,0,0,0,0,0,0,0,0,0,0,0,2151,0,3,34148608,0,4096,0,0,0,-1,-1
70983,O'nank Strandsieb,,47520,0,0,-1,0,0,0,0,0,0,0,0,0,0,0,0,2151,0,3,34148608,0,4096,0,0,0,-1,-1
70984,Wogenbrecher,,47521,99309,0,-1,0,0,0,0,0,0,0,0,0,0,37813,136,2287,0,3,36241728,0,0,65793,0,0,-1,-1
70986,Gefreite Shikzar,,47523,0,0,-1,0,0,0,0,0,0,0,0,0,0,0,0,2154,0,3,38338816,0,0,0,0,0,-1,-1
71140,Zwei und zwei zusammen,,47659,132429,0,-1,0,0,0,0,0,0,0,0,0,0,37871,115,2437,0,3,34144512,0,0,0,0,0,-1,-1
71145,Der Großmeister,,47664,132429,0,-1,0,0,0,0,0,0,0,0,0,0,37878,115,2437,0,3,34144512,0,0,0,0,0,-1,-1
71154,Krallenwurf: Schießen 1x1,,47673,99309,0,-1,0,0,0,0,0,0,0,0,0,0,37892,109,2401,0,3,38338816,0,0,0,0,0,-1,-1
71156,Rebellensorgen,,47675,99309,0,-1,0,0,0,0,0,0,0,0,0,0,37893,109,2437,0,3,34144512,0,0,0,0,0,-1,-1
71160,Wasserbombe,,47678,99309,0,-1,0,0,0,0,0,0,0,0,0,200561,40808,109,2400,0,3,34144512,0,0,0,0,0,-1,-1
71164,Gestohlene Verbände,,47681,99309,0,-1,0,0,0,0,0,0,0,0,0,0,37895,109,2437,0,3,34144512,0,0,0,0,0,-1,-1
71166,Die älteste Libelle,,47683,99309,0,-1,0,0,0,0,0,0,0,0,0,0,37896,115,2437,0,3,590080,0,0,0,0,0,-1,-1
71180,Ihr müsst irgendwo anfangen,,47696,132429,0,-1,0,0,0,0,0,0,0,0,0,0,37897,115,2437,0,3,34144512,0,0,0,0,0,-1,-1
71181,Vergessene Grottenrelikte,,47697,99309,0,-1,0,0,0,0,0,0,0,0,0,0,37926,109,2437,0,3,40435968,8192,0,0,0,0,-1,-1
71200,Tracking Quest,,47713,0,0,-1,0,0,0,0,0,0,0,0,0,0,0,0,0,0,3,33555464,0,8,0,0,0,-1,-1
71201,Versteckspiel,,47714,99309,0,-1,0,0,0,0,0,0,0,0,0,0,37924,109,2404,0,3,34144512,0,0,0,0,0,-1,-1
71202,Winziger Manageistnahkämpfer,,47715,99309,0,-1,0,0,0,0,0,0,0,0,0,0,37925,115,2437,0,3,590080,0,0,0,0,0,-1,-1
71204,Tracking Quest,,47717,0,0,-1,0,0,0,0,0,0,0,0,0,0,0,0,0,0,3,33555464,0,8,0,0,0,-1,-1
71205,Wassertuskarr,,47718,99309,0,-1,0,0,0,0,0,0,0,0,0,0,37927,109,2437,0,3,40435968,8192,0,0,0,0,-1,-1
71206,Auge des Sturmlings,,47719,99309,0,-1,0,0,0,0,0,0,0,0,0,0,37928,115,2437,0,3,590080,0,0,0,0,0,-1,-1
71207,Tracking Quest,,47720,0,0,-1,0,0,0,0,0,0,0,0,0,0,0,0,0,0,3,33555464,0,8,0,0,0,-1,-1
71208,Tracking Quest,,47721,0,0,-1,0,0,0,0,0,0,0,0,0,0,0,0,0,0,3,33555464,0,8,0,0,0,-1,-1
71212,Angriff auf die Brackenfelle,,47724,99309,0,-1,0,0,0,0,0,0,0,0,0,0,37482,136,2516,0,3,36241728,0,0,0,0,0,-1,-1
71214,Rückeroberung der Kaskaden,,47726,99309,0,-1,0,0,0,0,0,0,0,0,0,0,37939,109,2437,0,3,38338816,8192,0,0,0,0,-1,-1
71215,Tracking Quest,,47727,0,0,-1,0,0,0,0,0,0,0,0,0,0,0,0,0,0,3,33555464,0,8,0,0,0,-1,-1
71216,Tracking Quest,,47728,0,0,-1,0,0,0,0,0,0,0,0,0,0,0,0,0,0,3,33555464,0,8,0,0,0,-1,-1
71217,Tracking Quest,,47729,0,0,-1,0,0,0,0,0,0,0,0,0,0,0,0,0,0,3,33555464,0,8,0,0,0,-1,-1
71218,Tracking Quest,,47730,0,0,-1,0,0,0,0,0,0,0,0,0,0,0,0,0,0,3,33555464,0,8,0,0,0,-1,-1
71220,Tracking Quest,,47731,0,0,-1,0,0,0,0,0,0,0,0,0,0,0,0,0,0,3,33555464,0,8,0,0,0,-1,-1
71221,Tracking Quest,,47732,0,0,-1,0,0,0,0,0,0,0,0,0,0,0,0,0,0,3,33555464,0,8,0,0,0,-1,-1
71222,Tracking Quest,,47733,0,0,-1,0,0,0,0,0,0,0,0,0,0,0,0,0,0,3,33555464,0,8,0,0,0,-1,-1
71223,Tracking Quest,,47734,0,0,-1,0,0,0,0,0,0,0,0,0,0,0,0,0,0,3,33555464,0,8,0,0,0,-1,-1
71224,Tracking Quest,,47735,0,0,-1,0,0,0,0,0,0,0,0,0,0,0,0,0,0,3,33555464,0,8,0,0,0,-1,-1
71225,Vom Winde verweht: Rhuzast,,47736,100571,0,-1,0,0,0,0,0,0,0,0,0,0,37975,278,2078,0,3,4784384,8192,0,0,0,0,-1,-1
72008,Den Berg besiegen: Krolkoth,,48522,100571,0,-1,0,0,0,0,0,0,0,0,0,0,37978,278,2078,0,3,4784384,8192,0,0,0,0,-1,-1
72019,Den Feind durchschauen: Nezascar,,48533,100571,0,-1,0,0,0,0,0,0,0,0,0,0,37979,278,2078,0,3,4784384,8192,0,0,0,0,-1,-1
72022,Angelwahnsinn!,,48536,104838,0,-1,0,0,0,0,0,0,0,0,0,0,38542,109,2437,0,3,34144512,0,0,0,0,0,-1,-1
72028,Angelwahnsinn!,,48542,104839,0,-1,0,0,0,0,0,0,0,0,0,0,38543,109,2437,0,3,34144512,0,0,0,0,0,-1,-1
72029,Angelwahnsinn!,,48543,104841,0,-1,0,0,0,0,0,0,0,0,0,0,38544,109,2437,0,3,34144512,0,0,0,0,0,-1,-1
72030,Angelwahnsinn!,,48544,104842,0,-1,0,0,0,0,0,0,0,0,0,0,38545,109,2437,0,3,34144512,0,0,0,0,0,-1,-1
72050,Balgar,,46599,0,0,-1,0,0,0,0,0,0,0,0,0,0,0,0,2437,0,3,34148608,0,0,0,0,0,-1,-1
72058,Ist der Huf erst ruiniert: Tarolekk,,48569,109451,0,-1,0,0,0,0,0,0,0,0,0,0,37999,278,2535,0,3,4784384,8192,0,0,0,0,-1,-1
72061,Sturmruferin Veldra,,48572,0,0,-1,0,0,0,0,0,0,0,0,0,0,0,0,2437,0,3,34148608,0,0,0,0,0,-1,-1
72068,Unterstützung für das Abkommen: Ein Festmahl für alle,,47316,107827,0,-1,0,0,0,0,0,0,0,0,0,0,0,0,2437,0,2,36733248,0,776,0,0,0,-1,-1
72089,Zum Himmelhochobservatorium,,48594,0,0,-1,0,0,0,0,0,0,0,0,0,0,0,265,2151,0,3,41418752,0,256,0,0,0,-1,-1
72090,Primalistenpläne stören,,48595,99309,0,-1,0,0,0,0,0,0,0,0,0,0,38011,136,2385,0,3,37290304,0,0,0,0,0,-1,-1
72114,Acrosoth,,48619,0,0,-1,0,0,0,0,0,0,0,0,0,0,0,0,2541,0,3,34144512,0,8,0,0,0,-1,-1
72116,Liskron der Blendende,,48621,0,0,-1,0,0,0,0,0,0,0,0,0,0,0,0,2371,0,3,34144512,0,0,0,0,0,-1,-1
72121,Der Große Panzerkhan,,48624,0,0,-1,0,0,0,0,0,0,0,0,0,0,0,0,2154,0,3,34144512,0,0,0,0,0,-1,-1
72126,"Schlabbro, die unglaubliche Schnecke",,48629,0,0,-1,0,0,0,0,0,0,0,0,0,0,0,0,2523,0,3,34148608,0,0,0,0,0,-1,-1
72127,Hauptmann Lancer,,48630,0,0,-1,0,0,0,0,0,0,0,0,0,0,0,0,2523,0,3,34148608,0,0,0,0,0,-1,-1
72128,Enkine der Gefräßige,,48631,0,0,-1,0,0,0,0,0,0,0,0,0,0,0,0,2523,0,3,34148608,0,0,0,0,0,-1,-1
72130,Vergessener Greif,,48633,0,0,-1,0,0,0,0,0,0,0,0,0,0,0,0,2523,0,3,34148608,0,0,0,0,0,-1,-1
72154,Skag der Werfer,,48657,0,0,-1,0,0,0,0,0,0,0,0,0,0,0,0,2153,0,3,34148608,0,4096,0,0,0,-1,-1
72254,Angler Tinnaks Geist,,48705,103663,0,-1,0,0,0,0,0,0,0,0,0,0,0,0,2437,0,3,34144512,0,0,0,0,0,-1,-1
72358,Kaskade,,48807,0,0,-1,0,0,0,0,0,0,0,0,0,0,0,0,2153,0,3,34144512,0,0,0,0,0,-1,-1
72364,Zarizz,,48813,0,0,-1,0,0,0,0,0,0,0,0,0,0,0,0,2152,0,3,34148608,0,0,0,0,0,-1,-1
72373,Helft dem Abkommen: Die Jagd ist eröffnet,,47316,107827,0,-1,0,0,0,0,0,0,0,0,0,0,0,0,2437,0,2,36733248,0,776,0,0,0,-1,-1
72374,Helft dem Abkommen: Drachenfluchfestung,,47316,107827,0,-1,0,0,0,0,0,0,0,0,0,0,0,0,2437,0,2,36733248,0,776,0,0,0,-1,-1
72375,Helft dem Abkommen: Der Ruf der Inseln,,47316,107827,0,-1,0,0,0,0,0,0,0,0,0,0,0,0,2437,0,2,36733184,0,776,0,0,0,-1,-1
72439,[DNT] Tracking Quest,,48881,0,0,-1,0,0,0,0,0,0,0,0,0,0,0,0,0,0,3,33588224,0,8,0,0,0,-1,-1
72510,Verbotene Insel 1/1,,48953,0,0,-1,0,0,0,0,0,0,0,0,0,0,38628,265,7211,0,3,38273024,1073750016,8,0,0,0,-1,-1
72516,Tracking Quest [DNT],,48958,0,0,-1,0,0,0,0,0,0,0,0,0,0,0,0,2424,0,3,33555456,128,8,0,0,0,-1,-1
72560,Klettern,,48988,99239,0,-1,0,0,0,0,0,0,0,0,0,0,0,265,2523,0,3,36245504,0,12288,0,0,0,-1,-1
72675,Verbotene Insel 1/2,,49079,0,0,-1,0,0,0,0,0,0,0,0,0,0,38628,265,7211,0,3,39321600,1073750016,8,0,0,0,-1,-1
72677,Verbotene Insel 1/3,,49081,0,0,-1,0,0,0,0,0,0,0,0,0,0,38628,265,7211,0,3,38273024,1073750016,8,0,0,0,-1,-1
72678,Verbotene Insel 1/4,,49082,0,0,-1,0,0,0,0,0,0,0,0,0,0,38628,265,7211,0,3,39321600,1073750016,8,0,0,0,-1,-1
72699,Verbotene Insel 1/5,,49102,0,0,-1,0,0,0,0,0,0,0,0,0,0,38628,265,7211,0,3,38273024,1073750016,8,0,0,0,-1,-1
72783,Handwerksaufträge,,49183,0,0,-1,0,0,0,0,0,0,0,0,0,0,0,0,2401,0,2,39911424,8192,512,70633,0,0,-1,-1
72891,Verbotene Insel 2/6,,49276,0,0,-1,0,0,0,0,0,0,0,0,0,0,38628,265,7211,0,3,39321600,1073750016,8,0,0,0,-1,-1
72893,Verbotene Insel 2/5,,49278,0,0,-1,0,0,0,0,0,0,0,0,0,0,38628,265,7211,0,3,39321600,1073750016,8,0,0,0,-1,-1
72894,Verbotene Insel 2/4,,49279,0,0,-1,0,0,0,0,0,0,0,0,0,0,38628,265,7211,0,3,38273024,1073750016,8,0,0,0,-1,-1
72895,Verbotene Insel 2/3,,49280,0,0,-1,0,0,0,0,0,0,0,0,0,0,38628,265,7211,0,3,38273024,1073750016,8,0,0,0,-1,-1
72896,Verbotene Insel 2/2,,49281,0,0,-1,0,0,0,0,0,0,0,0,0,0,38628,265,7211,0,3,38273024,1073750016,8,0,0,0,-1,-1
72897,Verbotene Insel 2/1,,49282,0,0,-1,0,0,0,0,0,0,0,0,0,0,38628,265,7211,0,3,38273024,1073750016,8,0,0,0,-1,-1
72898,Verbotene Insel 2/7,,49283,0,0,-1,0,0,0,0,0,0,0,0,0,0,38628,265,7211,0,3,38273024,1073750016,8,0,0,0,-1,-1
72899,Verbotene Insel 2/8,,49284,0,0,-1,0,0,0,0,0,0,0,0,0,0,38628,265,7211,0,3,38273024,1073750016,8,0,0,0,-1,-1
72906,[DNT] Storm Pet Battle,,49291,0,0,-1,0,0,0,0,0,0,0,0,0,0,0,115,2437,0,3,4784128,8192,0,0,0,0,-1,-1
72907,[DNT] Storm Pet Battle Fodder Tracking Quest,,49308,0,0,-1,0,0,0,0,0,0,0,0,0,0,0,115,2437,0,3,2688256,0,0,0,0,0,-1,-1
72952,Das furchterregende Gewölbe Ur,,49341,0,0,-1,131073,0,0,0,0,0,0,0,0,0,0,0,7211,0,2,40894464,1073750016,520,72953,74431,0,-1,-1
72953,Gewölbe von Zskera: Az,,49342,0,0,-1,0,0,0,0,0,0,0,0,0,0,0,0,7211,0,2,40894464,1073750016,520,73159,0,0,-1,-1
72954,Gewölbe von Zskera: Ix,,49343,0,0,-1,131073,0,0,0,0,0,0,0,0,0,0,0,7211,0,2,40894464,1073750016,520,72952,74431,0,-1,-1
72955,Gewölbe von Zskera: Kx,,49344,0,0,-1,131073,0,0,0,0,0,0,0,0,0,0,0,7211,0,2,40894464,1073750016,520,72954,74431,0,-1,-1
73064,Zaubergeschmiedeter Schneemann,,49454,0,0,-1,0,0,0,0,0,0,0,0,0,0,0,0,2605,0,3,34148352,0,0,0,0,0,-1,-1
73078,Drachenreiterrennen - Sturmrisskrater-Rundflug,,49468,101721,0,-1,0,0,0,0,0,0,0,0,0,0,38662,281,7211,0,3,34144512,0,0,0,0,0,-1,-1
73079,Drachenreiterrennen - Morqutaufstieg,,49469,101721,0,-1,0,0,0,0,0,0,0,0,0,0,38663,281,7211,0,3,34144512,0,0,0,0,0,-1,-1
73080,Drachenreiterrennen - Nistklufttour,,49470,101721,0,-1,0,0,0,0,0,0,0,0,0,0,38664,281,7211,0,3,34144512,0,0,0,0,0,-1,-1
73082,Drachenreiterrennen - Südinselroute,,49472,101721,0,-1,0,0,0,0,0,0,0,0,0,0,38665,281,7211,0,3,34144512,0,0,0,0,0,-1,-1
73083,Drachenreiterrennen - Kalderakletterei,,49473,101721,0,-1,0,0,0,0,0,0,0,0,0,0,38666,281,7211,0,3,34144512,0,0,0,0,0,-1,-1
73084,Drachenreiterrennen - Verbotene-Insel-Eile,,49474,101721,0,-1,0,0,0,0,0,0,0,0,0,0,38667,281,7211,0,3,34144512,0,0,0,0,0,-1,-1
73146,Schneidender Wind,,49535,0,0,-1,0,0,0,0,0,0,0,0,0,0,38670,115,7211,0,3,4784128,8192,0,0,0,0,-1,-1
73147,Unsteter Boden,,49536,0,0,-1,0,0,0,0,0,0,0,0,0,0,38671,115,7211,0,3,4784128,8192,0,0,0,0,-1,-1
73148,Brennbare Gewächse,,49537,0,0,-1,0,0,0,0,0,0,0,0,0,0,38672,115,7211,0,3,4784128,8192,0,0,0,0,-1,-1
73149,Hochwasserwarnung,,49538,0,0,-1,0,0,0,0,0,0,0,0,0,0,38673,115,7211,0,3,4784128,8192,0,0,0,0,-1,-1
73221,Ein klarer Verstand,,49605,108904,0,-1,0,0,0,0,0,0,0,0,0,202714,39333,109,2650,0,3,38469888,8192,0,0,0,0,-1,-1
73408,Erschnüffelungen!,,49715,108883,0,-1,0,0,0,0,0,0,0,0,0,203013,38725,109,7214,0,3,41484544,8192,0,0,0,0,-1,-1
73696,Tracking Quest,,49865,0,0,-1,0,0,0,0,0,0,0,0,0,0,0,0,0,0,3,33555464,0,8,0,0,0,-1,-1
73698,Rolie Polie Molie,,49867,108886,0,-1,0,0,0,0,0,0,0,0,0,0,38773,109,7214,0,3,40435968,8192,0,0,0,0,-1,-1
73699,Tracking Quest,,49868,0,0,-1,0,0,0,0,0,0,0,0,0,0,0,0,0,0,3,33555464,0,8,0,0,0,-1,-1
73700,Tracking Quest,,49869,0,0,-1,0,0,0,0,0,0,0,0,0,0,0,0,0,0,3,33555464,0,8,0,0,0,-1,-1
73702,Tracking Quest,,49871,0,0,-1,0,0,0,0,0,0,0,0,0,0,0,0,0,0,3,33555464,0,8,0,0,0,-1,-1
73864,Tracking Quest,,49960,0,0,-1,0,0,0,0,0,0,0,0,0,0,0,265,2424,0,3,33619968,128,0,0,0,0,-1,-1
74292,Tiefgrottengeheimnisse,,50375,108884,0,-1,0,0,0,0,0,0,0,0,0,0,38774,109,7214,0,3,40435968,8192,0,0,0,0,-1,-1
74296,Verbotene Insel 3/3,,50379,0,0,-1,0,0,0,0,0,0,0,0,0,0,38628,265,7211,0,3,38273024,1073750016,8,0,0,0,-1,-1
74297,Verbotene Insel 3/1,,50380,0,0,-1,0,0,0,0,0,0,0,0,0,0,38628,265,7211,0,3,38273024,1073750016,8,0,0,0,-1,-1
74298,Verbotene Insel 3/2,,50381,0,0,-1,0,0,0,0,0,0,0,0,0,0,38628,265,7211,0,3,39321600,1073750016,8,0,0,0,-1,-1
74299,Verbotene Insel 3/4,,50382,0,0,-1,0,0,0,0,0,0,0,0,0,0,38628,265,7211,0,3,39321600,1073750016,8,0,0,0,-1,-1
74300,Tektonus,,50383,0,0,-1,0,0,0,0,0,0,0,0,0,0,0,0,7211,0,3,34148672,0,8,0,0,0,-1,-1
74301,Verbotene Insel 3/5,,50384,0,0,-1,0,0,0,0,0,0,0,0,0,0,38628,265,7211,0,3,39321600,1073750016,8,0,0,0,-1,-1
74302,Verbotene Insel 3/6,,50385,0,0,-1,0,0,0,0,0,0,0,0,0,0,38628,265,7211,0,3,39321600,1073750016,8,0,0,0,-1,-1
74303,Verbotene Insel 3/7,,50386,0,0,-1,0,0,0,0,0,0,0,0,0,0,38628,265,7211,0,3,39321600,1073750016,8,0,0,0,-1,-1
74304,Verbotene Insel 3/8,,50387,0,0,-1,0,0,0,0,0,0,0,0,0,0,38628,265,7211,0,3,39321600,1073750016,8,0,0,0,-1,-1
74305,Sir Zwickbald,,50388,0,0,-1,0,0,0,0,0,0,0,0,0,0,0,0,7211,0,3,34148672,0,8,0,0,0,-1,-1
74306,Manathema,,50389,0,0,-1,0,0,0,0,0,0,0,0,0,0,0,0,7211,0,3,34148672,0,8,0,0,0,-1,-1
74307,Schnarrfang,,50390,0,0,-1,0,0,0,0,0,0,0,0,0,0,0,0,7211,0,3,34148672,0,8,0,0,0,-1,-1
74311,Verbotene Insel 4/1,,50394,0,0,-1,0,0,0,0,0,0,0,0,0,0,38628,265,7211,0,3,38273024,1073750016,8,0,0,0,-1,-1
74313,Verbotene Insel 4/2,,50396,0,0,-1,0,0,0,0,0,0,0,0,0,0,38628,265,7211,0,3,38273024,1073750016,8,0,0,0,-1,-1
74315,Verbotene Insel 4/3,,50398,0,0,-1,0,0,0,0,0,0,0,0,0,0,38628,265,7211,0,3,38273024,1073750016,8,0,0,0,-1,-1
74319,Verbotene Insel 4/4,,50402,0,0,-1,0,0,0,0,0,0,0,0,0,0,38628,265,7211,0,3,38273024,1073750016,8,0,0,0,-1,-1
74320,Verbotene Insel 4/5,,50403,0,0,-1,0,0,0,0,0,0,0,0,0,0,38628,265,7211,0,3,38273024,1073750016,8,0,0,0,-1,-1
74321,Gareed,,50404,0,0,-1,0,0,0,0,0,0,0,0,0,0,0,0,7211,0,3,34148672,0,8,0,0,0,-1,-1
74322,Faunos,,50405,0,0,-1,0,0,0,0,0,0,0,0,0,0,0,0,7211,0,3,34148672,0,8,0,0,0,-1,-1
74323,Verbotene Insel 4/6,,50406,0,0,-1,0,0,0,0,0,0,0,0,0,0,38628,265,7211,0,3,38273024,1073750016,8,0,0,0,-1,-1
74324,Verbotene Insel 4/7,,50407,0,0,-1,0,0,0,0,0,0,0,0,0,0,38628,265,7211,0,3,38273024,1073750016,8,0,0,0,-1,-1
74325,Gezeitenschmied Zarviss,,50408,0,0,-1,0,0,0,0,0,0,0,0,0,0,0,0,7211,0,3,34148672,0,8,0,0,0,-1,-1
74327,Verbotene Insel 4/8,,50409,0,0,-1,0,0,0,0,0,0,0,0,0,0,38628,265,7211,0,3,38273024,1073750016,8,0,0,0,-1,-1
74328,Arkantrix,,50410,0,0,-1,0,0,0,0,0,0,0,0,0,0,0,0,7211,0,3,34148672,0,8,0,0,0,-1,-1
74329,Kangalo,,50411,0,0,-1,0,0,0,0,0,0,0,0,0,0,0,0,7211,0,3,34148672,0,8,0,0,0,-1,-1
74330,Fimbul,,50412,0,0,-1,0,0,0,0,0,0,0,0,0,0,0,0,7211,0,3,34148672,0,8,0,0,0,-1,-1
74331,Agni Feuerhuf,,50413,0,0,-1,0,0,0,0,0,0,0,0,0,0,0,0,7211,0,3,34148672,0,8,0,0,0,-1,-1
74332,Luttrok,,50414,0,0,-1,0,0,0,0,0,0,0,0,0,0,0,0,7211,0,3,34148672,0,8,0,0,0,-1,-1
74333,Armethyst,,50415,0,0,-1,0,0,0,0,0,0,0,0,0,0,0,0,7211,0,3,34148672,0,8,0,0,0,-1,-1
74336,Vraken der Jäger,,50418,0,0,-1,0,0,0,0,0,0,0,0,0,0,0,0,7211,0,3,34148672,0,8,0,0,0,-1,-1
74337,Gahz'raxes,,50419,0,0,-1,0,0,0,0,0,0,0,0,0,0,0,0,7211,0,3,34148672,0,8,0,0,0,-1,-1
74338,Ishyra,,50420,0,0,-1,0,0,0,0,0,0,0,0,0,0,0,0,7211,0,3,34148672,0,8,0,0,0,-1,-1
74339,Reisa die Ertrunkene,,50421,0,0,-1,0,0,0,0,0,0,0,0,0,0,0,0,7211,0,3,34148672,0,8,0,0,0,-1,-1
74340,Duzalgor,,50422,0,0,-1,0,0,0,0,0,0,0,0,0,0,0,0,7211,0,3,34148672,0,8,0,0,0,-1,-1
74341,Knochenstreuer Marwak,,50423,0,0,-1,0,0,0,0,0,0,0,0,0,0,0,0,7211,0,3,34148672,0,8,0,0,0,-1,-1
74342,Galakhad,,50424,0,0,-1,0,0,0,0,0,0,0,0,0,0,0,0,7211,0,3,34148672,0,8,0,0,0,-1,-1
74343,Grugoth der Schiffbrecher,,50425,0,0,-1,0,0,0,0,0,0,0,0,0,0,0,0,7211,0,3,34148672,0,8,0,0,0,-1,-1
74344,Lady Shaz'ra,,50426,0,0,-1,0,0,0,0,0,0,0,0,0,0,0,0,7211,0,3,34148672,0,8,0,0,0,-1,-1
74345,Veltrax,,50427,0,0,-1,0,0,0,0,0,0,0,0,0,0,0,0,7211,0,3,34148672,0,8,0,0,0,-1,-1
74346,Irrblick Carrey,,50428,0,0,-1,0,0,0,0,0,0,0,0,0,0,0,0,7211,0,3,34148672,0,8,0,0,0,-1,-1
74347,Wyrmtöter Angvardi,,50429,0,0,-1,0,0,0,0,0,0,0,0,0,0,0,0,7211,0,3,34148672,0,8,0,0,0,-1,-1
74348,Wächterin Entrix,,50430,0,0,-1,0,0,0,0,0,0,0,0,0,0,0,0,7211,0,3,34148672,0,8,0,0,0,-1,-1
74349,Uukbart,,50431,0,0,-1,0,0,0,0,0,0,0,0,0,0,0,0,7211,0,3,34148672,0,8,0,0,0,-1,-1
74350,Pyrachniss,,50432,0,0,-1,0,0,0,0,0,0,0,0,0,0,0,0,7211,0,3,34148672,0,8,0,0,0,-1,-1
74351,Vulkanokk,,50433,0,0,-1,0,0,0,0,0,0,0,0,0,0,0,0,7211,0,3,34148672,0,8,0,0,0,-1,-1
74352,Wirbelnder Zephyr,,52033,109176,0,-1,0,0,0,0,0,0,0,0,0,0,39373,283,7214,0,3,36372480,524288,4096,0,0,0,-1,-1
74377,Eine Krabbe kentern lassen,,50459,106302,0,-1,0,0,0,0,0,0,0,0,0,0,0,0,7211,0,3,34144256,0,8,0,0,0,-1,-1
74378,Der Zorn des Sturms,,50460,127219,0,-1,0,0,0,0,0,0,0,0,0,0,38594,112,2594,0,3,36241664,0,0,0,0,0,-1,-1
74440,Windsucher Avash,,50528,0,0,-1,0,0,0,0,0,0,0,0,0,0,0,0,2152,0,3,34148608,0,0,0,0,0,-1,-1
74441,Adlermeisterin Niraak,,50529,0,0,-1,0,0,0,0,0,0,0,0,0,0,0,0,2152,0,3,34148608,0,0,0,0,0,-1,-1
74444,Forbidden Reach 1/3 C and D,,50532,0,0,-1,0,0,0,0,0,0,0,0,0,0,38628,265,7211,0,3,38273024,1073750016,8,0,0,0,-1,-1
74445,Forbidden Reach 1/1 C and D,,50533,0,0,-1,0,0,0,0,0,0,0,0,0,0,38628,265,7211,0,3,38273024,1073750016,8,0,0,0,-1,-1
74448,Aufseherin Steinzunge,,50536,0,0,-1,0,0,0,0,0,0,0,0,0,0,0,0,2078,0,3,34148608,0,4096,0,0,0,-1,-1
74449,Überladende Verteidigungsmatrix,,50537,0,0,-1,0,0,0,0,0,0,0,0,0,0,0,0,2078,0,3,34148608,0,4096,0,0,0,-1,-1
74450,Morlash,,50538,0,0,-1,0,0,0,0,0,0,0,0,0,0,0,0,2078,0,3,34148608,0,4096,0,0,0,-1,-1
74451,Tikarr Frostklaue,,50539,0,0,-1,0,0,0,0,0,0,0,0,0,0,0,0,2078,0,3,34148608,0,4096,0,0,0,-1,-1
74452,Avalantus,,50540,0,0,-1,0,0,0,0,0,0,0,0,0,0,0,0,2078,0,3,34148608,0,4096,0,0,0,-1,-1
74453,Splitterschwinge,,50541,0,0,-1,0,0,0,0,0,0,0,0,0,0,0,0,2078,0,3,34148608,0,4096,0,0,0,-1,-1
74454,Formmeisterin Za'lani,,50542,0,0,-1,0,0,0,0,0,0,0,0,0,0,0,0,2078,0,3,34148608,0,4096,0,0,0,-1,-1
74455,Instabiler Arkanogolem,,50543,0,0,-1,0,0,0,0,0,0,0,0,0,0,0,0,2078,0,3,34148608,0,4096,0,0,0,-1,-1
74456,Antreiber Krathos,,50544,0,0,-1,0,0,0,0,0,0,0,0,0,0,0,0,2078,0,3,34148608,0,4096,0,0,0,-1,-1
74457,Großkonstrukteurin Zeerak,,50545,0,0,-1,0,0,0,0,0,0,0,0,0,0,0,0,2078,0,3,34148608,0,4096,0,0,0,-1,-1
74458,Srivantos,,50546,0,0,-1,0,0,0,0,0,0,0,0,0,0,0,0,2078,0,3,34148608,0,4096,0,0,0,-1,-1
74459,Granitklaue,,50547,0,0,-1,0,0,0,0,0,0,0,0,0,0,0,0,2078,0,3,34148608,0,4096,0,0,0,-1,-1
74460,Wassermassen,,50548,0,0,-1,0,0,0,0,0,0,0,0,0,0,0,0,2078,0,3,34148608,0,4096,0,0,0,-1,-1
74461,Malgain Steinglock,,50549,0,0,-1,0,0,0,0,0,0,0,0,0,0,0,0,2078,0,3,34148608,0,4096,0,0,0,-1,-1
74462,Shiobhan die Wassergeborene,,50550,0,0,-1,0,0,0,0,0,0,0,0,0,0,0,0,2078,0,3,34148608,0,4096,0,0,0,-1,-1
74463,Groffnar,,50551,0,0,-1,0,0,0,0,0,0,0,0,0,0,0,0,2078,0,3,34148608,0,4096,0,0,0,-1,-1
74464,Lurgan,,50552,0,0,-1,0,0,0,0,0,0,0,0,0,0,0,0,2078,0,3,34148608,0,4096,0,0,0,-1,-1
74465,Sturmruferin Narkena,,50553,0,0,-1,0,0,0,0,0,0,0,0,0,0,0,0,2078,0,3,34148608,0,4096,0,0,0,-1,-1
74466,Meisterjägerin Yrgena,,50554,0,0,-1,0,0,0,0,0,0,0,0,0,0,0,0,2078,0,3,34148608,0,4096,0,0,0,-1,-1
74467,Blutschnabel der Gefräßige,,50555,0,0,-1,0,0,0,0,0,0,0,0,0,0,0,0,2078,0,3,34148608,0,4096,0,0,0,-1,-1
74468,Forbidden Reach 1/2 D and E,,50556,0,0,-1,0,0,0,0,0,0,0,0,0,0,38628,265,7211,0,3,39321600,1073750016,8,0,0,0,-1,-1
74501,Durchdringungslager: Glutwind,,50589,111201,0,-1,131073,0,0,0,0,0,0,0,0,0,38748,111,2641,0,3,4784128,8193,0,75888,75157,0,-1,-1
74510,Forbidden Reach 2/6,,50597,0,0,-1,0,0,0,0,0,0,0,0,0,0,38628,265,7211,0,3,38273024,1073750016,8,0,0,0,-1,-1
74784,Verbotene Insel 1/3 (FI),,50855,0,0,-1,0,0,0,0,0,0,0,0,0,0,38628,265,7211,0,3,38273024,1073750016,8,0,0,0,-1,-1
74792,Da sind überall Sterne!,,50863,99309,0,-1,0,0,0,0,0,0,0,0,0,0,39062,115,2437,0,3,34144512,0,0,0,0,0,-1,-1
74794,Zweimal am Tag richtig,,50865,99309,0,-1,0,0,0,0,0,0,0,0,0,0,39063,115,2437,0,3,590080,0,0,0,0,0,-1,-1
74835,Enok der Stinkende,,50908,99309,0,-1,0,0,0,0,0,0,0,0,0,0,39064,115,2437,0,3,590080,0,0,0,0,0,-1,-1
74836,Eine neue Berufung,,50909,99309,0,-1,0,0,0,0,0,0,0,0,0,0,39065,115,2437,0,3,34144512,0,0,0,0,0,-1,-1
74837,Pfoten des Donners,,50910,99309,0,-1,0,0,0,0,0,0,0,0,0,0,39066,115,2437,0,3,34144512,0,0,0,0,0,-1,-1
74838,Lyver,,50911,99309,0,-1,0,0,0,0,0,0,0,0,0,0,39067,115,2437,0,3,590080,0,0,0,0,0,-1,-1
74840,Scharf wie Feuerstein,,50913,99309,0,-1,0,0,0,0,0,0,0,0,0,0,39068,115,2437,0,3,34144512,0,0,0,0,0,-1,-1
74841,Adinakon,,50914,99309,0,-1,0,0,0,0,0,0,0,0,0,0,39069,115,2437,0,3,590080,0,0,0,0,0,-1,-1
74879,Ätzendes Gegengewicht,,50951,108893,0,-1,0,0,0,0,0,0,0,0,0,0,39323,109,7214,0,3,38338560,8192,0,0,0,0,-1,-1
74892,Älteste der Zaqali,,50962,107182,0,-1,0,0,0,0,0,0,0,0,0,0,39104,112,2471,0,3,34144320,0,0,0,0,0,-1,-1
74945,Guanitgambit,,51006,108897,0,-1,0,0,0,0,0,0,0,0,0,0,39335,109,7214,0,3,38338560,8192,0,0,0,0,-1,-1
74985,Wie Motten in das Licht,,51046,108909,0,-1,0,0,0,0,0,0,0,0,0,0,39334,109,7214,0,3,38338560,8192,0,0,0,0,-1,-1
74988,Heiße Angelegenheit,,51091,108887,0,-1,0,0,0,0,0,0,0,0,0,204344,39133,111,7214,0,3,37421312,0,0,0,0,0,-1,-1
74989,Eifrige Verteidigung,,51050,108888,0,-1,0,0,0,0,0,0,0,0,0,0,39134,111,7214,0,3,34144512,0,0,0,0,0,-1,-1
74990,Aufgewühlte Schatten,,51051,108889,0,-1,0,0,0,0,0,0,0,0,0,0,39135,111,7214,0,3,41484544,0,0,0,0,0,-1,-1
74991,Wir sind zurück,,51052,108890,0,-1,0,0,0,0,0,0,0,0,0,204365,39136,111,7214,0,3,34275584,0,0,0,0,0,-1,-1
74992,Brandschutzausrüstung,,51053,108891,0,-1,0,0,0,0,0,0,0,0,0,0,39137,111,7214,0,3,34144512,0,0,0,0,0,-1,-1
75022,Vinyeti,,51083,0,0,-1,0,0,0,0,0,0,0,0,0,0,0,0,2650,0,3,34148672,0,8,0,0,0,-1,-1
75030,Kristallkatastrophe!,,51092,108885,0,-1,0,0,0,0,0,0,0,0,0,0,39147,109,7214,0,3,40435968,8192,0,0,0,0,-1,-1
75058,An der Speerspitze der Beschaffung,,51116,108447,0,-1,0,0,0,0,0,0,0,0,0,0,38683,109,7214,0,3,40435968,0,0,0,0,0,-1,-1
75060,Eine wahre Müllhalde,,51118,108447,0,-1,0,0,0,0,0,0,0,0,0,0,38681,109,7214,0,3,40435968,0,0,0,0,0,-1,-1
75061,Ein Champignon im Klettern,,51119,108447,0,-1,0,0,0,0,0,0,0,0,0,0,38682,109,7214,0,3,40435968,0,0,0,0,0,-1,-1
75062,Kristalline Knobelei,,51120,108447,0,-1,0,0,0,0,0,0,0,0,0,0,38680,109,7214,0,3,40435968,0,0,0,0,0,-1,-1
75063,Ambra,,51121,108905,0,-1,0,0,0,0,0,0,0,0,0,0,39159,109,7214,0,3,38469632,8192,0,0,0,0,-1,-1
75064,Die Pilzchen verdienen,,51122,108906,0,-1,0,0,0,0,0,0,0,0,0,0,39160,109,7214,0,3,38469632,8192,0,0,0,0,-1,-1
75067,Felsvipernzusammentrieb,,51125,108907,0,-1,0,0,0,0,0,0,0,0,0,0,39162,109,7214,0,3,38469632,0,0,0,0,0,-1,-1
75071,Schnüffelmäuse bringen Schnüffelfreude,,51129,108908,0,-1,0,0,0,0,0,0,0,0,0,0,39163,109,7214,0,3,38469632,0,0,0,0,0,-1,-1
75119,Drachenreiterrennen - Kristallkreisel,,51178,108754,0,-1,0,0,0,0,0,0,0,0,0,0,39164,281,2437,0,3,34144512,0,0,0,0,0,-1,-1
75120,Drachenreiterrennen - Kalderarundflug,,51179,108754,0,-1,0,0,0,0,0,0,0,0,0,0,39167,281,2437,0,3,34144512,0,0,0,0,0,-1,-1
75121,Drachenreiterrennen - Schwefelhast,,51180,108754,0,-1,0,0,0,0,0,0,0,0,0,0,39168,281,2437,0,3,34144512,0,0,0,0,0,-1,-1
75122,Drachenreiterrennen - Schimmerslalom,,51181,108754,0,-1,0,0,0,0,0,0,0,0,0,0,39169,281,2437,0,3,34144512,0,0,0,0,0,-1,-1
75123,Drachenreiterrennen - Loamm-Jagd,,51182,108754,0,-1,0,0,0,0,0,0,0,0,0,0,39170,281,2437,0,3,34144512,0,0,0,0,0,-1,-1
75124,Drachenreiterrennen - Schwefelsprint,,51183,108754,0,-1,0,0,0,0,0,0,0,0,0,0,39171,281,2437,0,3,34144512,0,0,0,0,0,-1,-1
75125,"Alle Türen, überall, gleichzeitig",,51184,0,0,-1,0,0,0,0,0,0,0,0,0,0,38628,265,7211,0,3,2686976,1073741824,8,0,0,0,-1,-1
75126,Katalogisieren der Zaralekhöhle,,51185,107540,0,-1,0,0,0,0,0,0,0,0,0,0,38676,109,7214,0,3,40566784,8192,0,0,0,0,-1,-1
75128,Schleimwirtschaft,,51187,108895,0,-1,0,0,0,0,0,0,0,0,0,0,39325,109,7214,0,3,41484288,8192,0,0,0,0,-1,-1
75151,Die Überreste neu verteilen,,51211,108894,0,-1,0,0,0,0,0,0,0,0,0,0,39324,109,7214,0,3,38338560,8192,0,0,0,0,-1,-1
75155,Schattenflammenlöscher,,51215,108896,0,-1,0,0,0,0,0,0,0,0,0,0,39326,109,7214,0,3,41484288,8192,0,0,0,0,-1,-1
75156,Stressexpress,,51685,108370,0,-1,0,0,0,0,0,0,0,0,0,0,39370,283,7214,0,3,35192832,524288,4096,0,0,0,-1,-1
75162,Beschwörung der Elemente,,51222,110050,0,-1,0,0,0,0,0,0,0,0,0,204473,39202,113,2523,0,3,38469888,8192,0,0,0,0,-1,-1
75200,Tiefenschinderschlächter,,51254,108882,0,-1,0,0,0,0,0,0,0,0,0,0,39211,109,7214,0,3,41484544,8192,0,0,0,0,-1,-1
75222,Panzerfeuer,,51694,108373,0,-1,0,0,0,0,0,0,0,0,0,0,39370,283,7214,0,3,35192832,524288,4096,0,0,0,-1,-1
75234,Kratzen und schnüffeln,,52101,109354,0,-1,0,0,0,0,0,0,0,0,0,0,0,283,7214,0,3,36241408,524288,4104,0,0,0,-1,-1
75257,Kriegshort,,51307,106302,0,-1,0,0,0,0,0,0,0,0,0,0,39251,136,7211,0,3,40436032,0,0,0,0,0,-1,-1
75259,Unterstützt das Abkommen: Gewölbe von Zskera,,47316,107827,0,-1,0,0,0,0,0,0,0,0,0,0,0,0,7211,0,2,36733248,0,776,0,0,0,-1,-1
75267,Kob'rok,,51315,0,0,-1,0,0,0,0,0,0,0,0,0,0,0,111,2650,0,3,34148672,0,8,0,0,0,-1,-1
75269,Kapraku,,51317,0,0,-1,0,0,0,0,0,0,0,0,0,0,0,111,2650,0,3,34148672,0,8,0,0,0,-1,-1
75271,Aquifon,,51319,0,0,-1,0,0,0,0,0,0,0,0,0,0,0,111,2650,0,3,34148672,0,8,0,0,0,-1,-1
75274,Schleimo,,51322,0,0,-1,0,0,0,0,0,0,0,0,0,0,0,111,2650,0,3,34148672,0,8,0,0,0,-1,-1
75276,Webmark,,51324,0,0,-1,0,0,0,0,0,0,0,0,0,0,0,111,2650,0,3,34148672,0,8,0,0,0,-1,-1
75280,Durchdringungslager: Gefrierbrand,,51328,111201,0,-1,131073,0,0,0,0,0,0,0,0,0,39213,111,2641,0,3,4784128,8193,0,75888,75157,0,-1,-1
75285,Alcanon,,51332,0,0,-1,0,0,0,0,0,0,0,0,0,0,0,111,2650,0,3,34148672,0,8,0,0,0,-1,-1
75292,Professor Gastrinax,,51335,0,0,-1,0,0,0,0,0,0,0,0,0,0,0,111,2650,0,3,34148672,0,8,0,0,0,-1,-1
75296,Generalin Zskorro,,51339,0,0,-1,0,0,0,0,0,0,0,0,0,0,0,111,2650,0,3,34148672,0,8,0,0,0,-1,-1
75298,Tiefenlichtkönigin,,51341,0,0,-1,0,0,0,0,0,0,0,0,0,0,0,111,2650,0,3,34148672,0,8,0,0,0,-1,-1
75314,Hadexia,,51351,0,0,-1,0,0,0,0,0,0,0,0,0,0,0,0,2650,0,3,34148672,0,8,0,0,0,-1,-1
75322,Klakatak,,51359,0,0,-1,0,0,0,0,0,0,0,0,0,0,0,111,2650,0,3,34148672,0,8,0,0,0,-1,-1
75326,Brullo der Starke,,51363,0,0,-1,0,0,0,0,0,0,0,0,0,0,0,111,2650,0,3,34148672,0,8,0,0,0,-1,-1
75334,Karokta,,51371,0,0,-1,0,0,0,0,0,0,0,0,0,0,0,111,2650,0,3,34148672,0,8,0,0,0,-1,-1
75336,Invoq,,51373,0,0,-1,0,0,0,0,0,0,0,0,0,0,0,111,2650,0,3,34148672,0,8,0,0,0,-1,-1
75338,Lavermix,,51375,0,0,-1,0,0,0,0,0,0,0,0,0,0,0,0,2650,0,3,34148672,0,8,0,0,0,-1,-1
75340,Magtembo,,51377,0,0,-1,0,0,0,0,0,0,0,0,0,0,0,111,2650,0,3,34148672,0,8,0,0,0,-1,-1
75342,Kronkapace,,51379,0,0,-1,0,0,0,0,0,0,0,0,0,0,0,0,2650,0,3,34148672,0,8,0,0,0,-1,-1
75343,"Alles, was glänzt",,51381,108899,0,-1,0,0,0,0,0,0,0,0,0,0,39327,109,7214,0,3,38338560,8192,0,0,0,0,-1,-1
75344,Kristallknacker,,51382,108901,0,-1,0,0,0,0,0,0,0,0,0,0,39329,109,7214,0,3,41484288,8192,0,0,0,0,-1,-1
75345,Panzerkonzern,,51383,108902,0,-1,0,0,0,0,0,0,0,0,0,0,39331,109,7214,0,3,38338560,8192,0,0,0,0,-1,-1
75346,Datensammlung,,51384,108903,0,-1,0,0,0,0,0,0,0,0,0,0,39332,109,7214,0,3,41484288,8192,0,0,0,0,-1,-1
75349,Skornak,,51387,0,0,-1,0,0,0,0,0,0,0,0,0,0,0,111,2650,0,3,34148672,0,8,0,0,0,-1,-1
75350,Niffengreifer,,51388,108900,0,-1,0,0,0,0,0,0,0,0,0,0,39328,109,7214,0,3,38338560,8192,0,0,0,0,-1,-1
75353,Dinn,,51390,0,0,-1,0,0,0,0,0,0,0,0,0,0,0,111,2650,0,3,34148672,0,8,0,0,0,-1,-1
75358,Fluffi,,51395,0,0,-1,0,0,0,0,0,0,0,0,0,0,0,111,2650,0,3,34148672,0,8,0,0,0,-1,-1
75360,Subterrax,,51397,0,0,-1,0,0,0,0,0,0,0,0,0,0,0,111,2650,0,3,34148672,0,8,0,0,0,-1,-1
75364,Glutnacht,,51401,0,0,-1,0,0,0,0,0,0,0,0,0,0,0,111,2650,0,3,34148672,0,8,0,0,0,-1,-1
75366,Viridiankönig,,51403,0,0,-1,0,0,0,0,0,0,0,0,0,0,0,111,2650,0,3,34148672,0,8,0,0,0,-1,-1
75370,Räucherduftwerk,,51695,108372,0,-1,0,0,0,0,0,0,0,0,0,0,39370,283,7214,0,3,35192832,524288,4096,0,0,0,-1,-1
75390,Vertikale Anomalie,,52103,109357,0,-1,0,0,0,0,0,0,0,0,0,0,0,283,7214,0,3,36241408,524288,4104,0,0,0,-1,-1
75393,Dufte Düfte,,52090,109229,0,-1,0,0,0,0,0,0,0,0,0,0,0,283,7214,0,3,36241408,524288,4104,0,0,0,-1,-1
75397,Miese Wurmschlingel,,52098,109345,0,-1,0,0,0,0,0,0,0,0,0,0,0,283,7214,0,3,36241408,524288,4104,0,0,0,-1,-1
75398,Ehrt die Flamme,Ehrt das Freudenfeuer an der Küste des Erwachens.,51434,9484,0,-1,0,0,0,0,0,0,0,0,0,0,0,0,394,0,2,2097152,0,512,0,0,0,-1,-1
75441,Müffelnde Mixtur,,51696,108371,0,-1,0,0,0,0,0,0,0,0,0,0,39370,283,7214,0,3,35192832,524288,4096,0,0,0,-1,-1
75450,Seismische Zeremonie,,51492,108378,0,-1,0,0,0,0,0,0,0,0,0,0,39587,283,7214,0,3,36241408,524288,4096,0,0,0,-1,-1
75451,Unausgewogenes Gleichgewicht,,51494,108376,0,-1,0,0,0,0,0,0,0,0,0,0,39587,283,7214,0,3,36241408,524288,4096,0,0,0,-1,-1
75454,Artilleriekrieg,,51497,108380,0,-1,0,0,0,0,0,0,0,0,0,0,39587,283,7214,0,3,40435712,524288,4096,0,0,0,-1,-1
75455,Verschwörung der Flammen,,51671,108379,0,-1,0,0,0,0,0,0,0,0,0,0,39587,283,7214,0,3,36241408,524288,4096,0,0,0,-1,-1
75459,Brandheiße Buddeleien,,51489,0,0,-1,0,0,0,0,0,0,0,0,0,0,0,109,7214,0,3,34144256,524352,4360,0,0,0,-1,-1
75461,Magmaklauenmatriarchin,,52036,108381,0,-1,0,0,0,0,0,0,0,0,0,0,39371,283,7214,0,3,34144256,524288,4096,0,0,0,-1,-1
75471,Kristalline Untersuchung,,51692,108374,0,-1,0,0,0,0,0,0,0,0,0,0,39370,283,7214,0,3,35192832,524288,4096,0,0,0,-1,-1
75476,Kolossian,,51511,0,0,-1,0,0,0,0,0,0,0,0,0,0,0,111,2650,0,3,34148672,0,8,0,0,0,-1,-1
75478,"Hungrige, hungrige Hydra",,52035,109174,0,-1,0,0,0,0,0,0,0,0,0,0,39371,283,7214,0,3,34144256,524288,4096,0,0,0,-1,-1
75494,Farbe bekennen,,52034,109175,0,-1,0,0,0,0,0,0,0,0,0,0,39371,283,7214,0,3,36241408,524288,4096,0,0,0,-1,-1
75511,Tracking Quest,,51543,0,0,-1,0,0,0,0,0,0,0,0,0,0,0,265,2474,0,3,622656,69206080,0,0,0,0,-1,-1
75516,Erfolgreiche Interventionen,,52099,109348,0,-1,0,0,0,0,0,0,0,0,0,0,0,283,7214,0,3,36241408,524288,4104,0,0,0,-1,-1
75517,Schleichen und schnüffeln,,52096,109342,0,-1,0,0,0,0,0,0,0,0,0,0,0,283,7214,0,3,36241408,524288,4104,0,0,0,-1,-1
75576,Invasion des Grimmigen Säufers,,51605,0,0,-1,0,0,0,0,0,0,0,0,0,0,0,0,2650,0,3,34148672,0,8,0,0,0,-1,-1
75611,Glimmerfischer,,52089,108575,0,-1,0,0,0,0,0,0,0,0,0,0,39372,283,7214,0,3,37289984,524288,4096,0,0,0,-1,-1
75612,Ruf der Kaskaden,,52087,108605,0,-1,0,0,0,0,0,0,0,0,0,0,39372,283,7214,0,3,36241408,524288,4096,0,0,0,-1,-1
75617,Ehrt die Flamme,Ehrt das Freudenfeuer auf den Ebenen von Ohn'ahra.,51644,9484,0,-1,0,0,0,0,0,0,0,0,0,0,0,0,394,0,2,2097152,0,512,0,0,0,-1,-1
75619,Diebische Viecher,,52094,109339,0,-1,0,0,0,0,0,0,0,0,0,0,0,283,7214,0,3,36241408,524288,4104,0,0,0,-1,-1
75620,Lügen im Lichte,,52091,109336,0,-1,0,0,0,0,0,0,0,0,0,0,0,283,7214,0,3,36241408,524288,4104,0,0,0,-1,-1
75621,Elementgeflüster,,52100,109351,0,-1,0,0,0,0,0,0,0,0,0,0,0,283,7214,0,3,36241408,524288,4104,0,0,0,-1,-1
75624,Herausforderung des Champions,,52088,108614,0,-1,0,0,0,0,0,0,0,0,0,0,39372,283,7214,0,3,36241408,34078720,4096,0,0,0,-1,-1
75640,Ehrt die Flamme,Ehrt das Freudenfeuer im Azurblauen Gebirge.,51666,9484,0,-1,0,0,0,0,0,0,0,0,0,0,0,0,394,0,2,2097152,0,512,0,0,0,-1,-1
75645,Ehrt die Flamme,Ehrt das Freudenfeuer in Thaldraszus.,51672,9484,0,-1,0,0,0,0,0,0,0,0,0,0,0,0,394,0,2,2097152,0,512,0,0,0,-1,-1
75647,Ehrt die Flamme,Ehrt das Freudenfeuer auf der Verbotenen Insel.,51674,9484,0,-1,0,0,0,0,0,0,0,0,0,0,0,0,394,0,2,2097152,0,512,0,0,0,-1,-1
75650,Ehrt die Flamme,Ehrt das Freudenfeuer in der Zaralekhöhle.,51677,9484,0,-1,0,0,0,0,0,0,0,0,0,0,0,0,394,0,2,2097152,0,512,0,0,0,-1,-1
75660,Das Ende ihrer Wacht,,51688,108910,0,-1,0,0,0,0,0,0,0,0,0,0,39529,109,7214,0,3,40435968,0,0,0,0,0,-1,-1
75661,Heilende Kristallsammlung,,51689,108911,0,-1,0,0,0,0,0,0,0,0,0,0,39533,109,7214,0,3,38338816,0,0,0,0,0,-1,-1
75663,Ruhelose Qualen,,51691,108898,0,-1,0,0,0,0,0,0,0,0,0,0,39538,109,7214,0,3,38338560,8192,0,0,0,0,-1,-1
75664,Disharmonische Kristalle,,52031,109177,0,-1,0,0,0,0,0,0,0,0,0,0,39373,283,7214,0,3,34144256,524288,4096,0,0,0,-1,-1
75665,Ein würdiger Verbündeter: Die Niffen von Loamm,,51693,108781,0,-1,0,0,0,0,0,0,0,0,0,0,0,0,2649,0,2,33587272,0,776,0,0,0,-1,-1
75680,In ein Land unter Tage,,51711,105724,0,-1,0,0,0,0,0,0,0,0,0,0,39554,115,2650,0,3,34144512,0,0,0,0,0,-1,-1
75705,Monumentenpflege,,52032,109178,0,-1,0,0,0,0,0,0,0,0,0,0,39373,283,7214,0,3,34144256,524288,4096,0,0,0,-1,-1
75750,Sind sie nicht wunderschön?,,51777,105724,0,-1,0,0,0,0,0,0,0,0,0,0,39630,115,2650,0,3,34144512,0,0,0,0,0,-1,-1
75834,Stöberin Mardei,,51861,105724,0,-1,0,0,0,0,0,0,0,0,0,0,39654,115,2650,0,3,34144512,0,0,0,0,0,-1,-1
75835,Trainiert Ihr überhaupt?,,51862,105724,0,-1,0,0,0,0,0,0,0,0,0,0,39655,115,2650,0,3,34144512,0,0,0,0,0,-1,-1
75859,Unterstützt das Abkommen: Schnüffelsuchen,,47316,107827,0,-1,0,0,0,0,0,0,0,0,0,0,0,0,2649,0,2,36733248,0,776,0,0,0,-1,-1
75860,Unterstützt das Abkommen: Forscher unter Feuer,,47316,107827,0,-1,0,0,0,0,0,0,0,0,0,0,0,0,2649,0,2,36733248,0,776,0,0,0,-1,-1
75861,Unterstützt das Abkommen: Durchdringungslager,,47316,107827,0,-1,0,0,0,0,0,0,0,0,0,0,0,0,2641,0,2,36733248,0,776,0,0,0,-1,-1
75996,Euer Gewicht in Gold,,52097,109347,0,-1,0,0,0,0,0,0,0,0,0,0,0,283,7214,0,3,40435712,524288,4104,0,0,0,-1,-1
76014,Lebendige Statue,,52093,109334,0,-1,0,0,0,0,0,0,0,0,0,0,0,283,7214,0,3,36241408,524288,4104,0,0,0,-1,-1
76015,Eisernes Herz,,52092,109335,0,-1,0,0,0,0,0,0,0,0,0,0,0,283,7214,0,3,36241408,524288,4104,0,0,0,-1,-1
76016,Der lebende Bohrer,,52095,109343,0,-1,0,0,0,0,0,0,0,0,0,0,0,283,7214,0,3,36241408,524288,4104,0,0,0,-1,-1
76027,Flattern und Schreien,,52102,109358,0,-1,0,0,0,0,0,0,0,0,0,0,0,283,7214,0,3,36241408,524288,4104,0,0,0,-1,-1
76081,Lügner des Geistes,,52117,109338,0,-1,0,0,0,0,0,0,0,0,0,0,0,283,7214,0,3,36241408,524288,4104,0,0,0,-1,-1
76084,Frostfeuerfinesse,,52120,109337,0,-1,0,0,0,0,0,0,0,0,0,0,0,283,7214,0,3,36241408,524288,4104,0,0,0,-1,-1
76247,Die Feuer müssen brennen,,52277,127044,0,-1,0,0,0,0,0,0,0,0,0,0,0,0,2809,0,2,37748744,8192,520,79573,0,0,-1,-1
76308,Der große Stylecheck,,52333,0,0,-1,0,0,0,0,0,0,0,0,0,0,22303,0,877,0,2,72,0,520,0,0,0,-1,-1
76338,Ein besserer Kohlschläger,,54968,110782,0,-1,0,0,0,0,0,0,0,0,0,0,0,0,2809,0,3,38371328,8192,512,79573,0,0,-1,-1
76361,Modewoche,,52388,0,0,-1,0,0,0,0,0,0,0,0,52333,0,22303,0,877,0,2,16777224,0,520,0,0,0,-1,-1
76367,Hibernationshelden,,52394,110842,0,-1,0,0,0,0,0,0,0,0,0,0,41504,112,2471,0,3,34144320,0,0,0,0,0,-1,-1
76506,Dryadenfeuerübung,,52537,112517,0,-1,1,0,0,0,0,0,0,0,0,0,40689,109,2699,0,3,40435968,8192,0,0,0,0,-1,-1
76518,Wurzelsicherheit,,52547,113028,0,-1,0,0,0,0,0,0,0,0,0,208447,40861,109,2699,0,3,38338816,8192,0,0,0,0,-1,-1
76519,All die Kinder,,52548,113029,0,-1,0,0,0,0,0,0,0,0,0,0,40869,109,2699,0,3,38338816,8192,0,0,0,0,-1,-1
76520,Ein geteilter Traum,,52549,113030,0,-1,0,0,0,0,0,0,0,0,0,208983,41130,109,2699,0,3,38338816,8192,0,0,0,0,-1,-1
76522,Träumerei der Schlacht,,53270,113032,0,-1,0,0,0,0,0,0,0,0,0,0,40719,109,2699,0,3,38338816,8192,0,0,0,0,-1,-1
76526,In den Bäumen,,52555,113031,0,-1,0,0,0,0,0,0,0,0,0,0,40879,109,2699,0,3,40435968,8192,0,0,0,0,-1,-1
76549,Träumend im Traum,,52577,113011,0,-1,0,0,0,0,0,0,0,0,0,0,40887,109,2699,0,3,40435968,8192,0,0,0,0,-1,-1
76550,Klarsicht,,52578,113012,0,-1,0,0,0,0,0,0,0,0,0,208841,40893,109,2699,0,3,40435712,8192,0,0,0,0,-1,-1
76551,Schatztauchen,,52579,113013,0,-1,0,0,0,0,0,0,0,0,0,0,40894,109,2699,0,3,38338560,8192,0,0,0,0,-1,-1
76558,Basiskontrolle,,52585,113014,0,-1,0,0,0,0,0,0,0,0,0,0,40895,111,2699,0,3,38338560,8192,0,0,0,0,-1,-1
76559,Unsere Eulchen,,52586,113016,0,-1,0,0,0,0,0,0,0,0,0,0,40896,109,2699,0,3,38338560,8192,0,0,0,0,-1,-1
76562,Grabeninstandhaltung,,52589,113017,0,-1,0,0,0,0,0,0,0,0,0,0,40897,109,2699,0,3,38338560,8192,0,0,0,0,-1,-1
76586,Verbreitung des Lichts,,52611,128113,0,-1,0,0,0,0,0,0,0,0,0,0,41783,111,2809,0,3,5308424,8257,8,79573,0,0,-1,-1
76587,Forschung: Zentauren der Ebenen von Ohn'ahra,,52612,118785,0,-1,0,0,0,0,0,0,0,0,0,0,40442,109,2714,0,3,40435976,8192,0,0,0,0,-1,-1
76588,Verteidiger der Flamme,,52613,127044,0,-1,0,0,0,0,0,0,0,0,0,0,41783,0,2809,0,2,37748744,2138112,520,79573,0,0,-1,-1
76599,Genau zwischen die Gyro-Optikmodule - Aktivieren,,52622,0,0,-1,0,0,0,0,0,0,0,0,0,0,41783,265,2809,0,3,41484288,8256,8,0,0,0,-1,-1
76734,Forschung: Djaradin der Zaralekhöhle,,52757,116943,0,-1,0,0,0,0,0,0,0,0,0,0,40444,109,2714,0,3,40435968,8192,0,0,0,0,-1,-1
76739,Forschung: Niffen der Zaralekhöhle,,52762,116944,0,-1,0,0,0,0,0,0,0,0,0,0,40446,109,2714,0,3,40435968,8192,0,0,0,0,-1,-1
76911,Forschung: Drakoniden der Küste des Erwachens,,52773,118783,0,-1,0,0,0,0,0,0,0,0,0,0,40448,109,2714,0,3,40435968,8192,0,0,0,0,-1,-1
76988,Sylvanslalom,,52802,113018,0,-1,0,0,0,0,0,0,0,0,0,0,40898,109,2699,0,3,38338560,8192,0,0,0,0,-1,-1
76989,Das Lager verwüsten,,52803,113023,0,-1,0,0,0,0,0,0,0,0,0,0,40900,109,2699,0,3,34144256,0,0,0,0,0,-1,-1
76990,Portalpanik,,52804,113022,0,-1,0,0,0,0,0,0,0,0,0,0,40899,109,2699,0,3,34144256,0,0,0,0,0,-1,-1
76991,Carpe Diem,,52805,113024,0,-1,0,0,0,0,0,0,0,0,0,0,40901,109,2699,0,3,40435712,8192,0,0,0,0,-1,-1
76992,Unstetes Urteil,,52806,113025,0,-1,0,0,0,0,0,0,0,0,0,210227,40902,109,2699,0,3,38338560,8192,0,0,0,0,-1,-1
76993,Schildkrötenkräfte,,52807,113026,0,-1,0,0,0,0,0,0,0,0,0,211302,40903,109,2699,0,3,34144256,0,0,0,0,0,-1,-1
77156,Botanische Umverteilung,,52852,111661,0,-1,0,0,0,0,0,0,0,0,0,0,40244,109,2699,0,3,40435968,0,0,0,0,0,-1,-1
77159,"Ich hoffe, das funghi-tioniert",,52855,111661,0,-1,0,0,0,0,0,0,0,0,0,0,40245,109,2699,0,3,40435968,0,0,0,0,0,-1,-1
77209,Saatvermächtnis,,52902,0,0,-1,0,0,0,0,0,0,0,0,0,210014,0,0,2699,0,2,37748736,1073750016,520,78172,0,0,-1,-1
77251,Den Traumsprung formen,,52942,0,0,-1,0,0,0,0,0,0,0,0,0,0,0,0,2708,0,2,33587208,0,520,0,0,0,-1,-1
77254,Unterstützt das Abkommen: Zeitriss,,47316,107827,0,-1,0,0,0,0,0,0,0,0,0,0,0,0,2684,0,2,36733248,0,776,0,0,0,-1,-1
77362,Forschung: Drakoniden der Verbotenen Insel,,53049,116945,0,-1,0,0,0,0,0,0,0,0,0,0,40450,109,2714,0,3,40435968,8192,0,0,0,0,-1,-1
77416,Verfolgungsquest,,60126,0,0,-1,0,0,0,0,0,0,0,0,0,0,0,265,2474,0,3,33619968,131072,8,0,0,0,-1,-1
77424,Forschung: Dracthyr der Verbotenen Insel,,53112,116940,0,-1,0,0,0,0,0,0,0,0,0,0,40440,109,2714,0,3,40435968,8192,0,0,0,0,-1,-1
77570,"Nuoberon, der wilde Traum eines Kindes",,53253,112505,0,-1,0,0,0,0,0,0,0,0,0,0,40678,283,2699,0,3,35192896,524288,4120,0,0,0,-1,-1
77615,Tracking Quest,,53299,0,0,-1,0,0,0,0,0,0,0,0,0,0,0,0,0,0,3,33588232,0,8,0,0,0,-1,-1
77714,Natursiegel,,53399,113027,0,-1,0,0,0,0,0,0,0,0,0,0,40878,109,2699,0,3,38338816,8192,0,0,0,0,-1,-1
77715,Blasenrettung,,53429,113005,0,-1,0,0,0,0,0,0,0,0,0,0,40888,109,2699,0,3,40435712,8192,0,0,0,0,-1,-1
77754,Pyromanische Probleme,,53439,113008,0,-1,0,0,0,0,0,0,0,0,0,0,40891,109,2699,0,3,40435968,8192,0,0,0,0,-1,-1
77755,Das Lager abbrechen,,53440,113010,0,-1,0,0,0,0,0,0,0,0,0,0,40892,109,2699,0,3,40435968,8192,0,0,0,0,-1,-1
77756,Flug der Drachen,,53441,113006,0,-1,0,0,0,0,0,0,0,0,0,0,40889,109,2699,0,3,41484544,8192,0,0,0,0,-1,-1
77757,Schrecken in der Zuflucht,,53442,113007,0,-1,0,0,0,0,0,0,0,0,0,0,40890,109,2699,0,3,40435968,8192,0,0,0,0,-1,-1
77761,Dokumentation eines Traums,,53446,113019,0,-1,0,0,0,0,0,0,0,0,0,0,40246,109,2699,0,3,40435968,8192,0,0,0,0,-1,-1
77765,Dokumentation eines Traums,,53450,113019,0,-1,0,0,0,0,0,0,0,0,0,0,40247,109,2699,0,3,40435968,8192,0,0,0,0,-1,-1
77867,Moruud,,53551,113215,0,-1,0,0,0,0,0,0,0,0,0,0,40678,283,2699,0,3,35192896,524288,4120,0,0,0,-1,-1
77878,Gesandter des Winters,,53563,113262,0,-1,0,0,0,0,0,0,0,0,0,0,40681,283,2699,0,3,37290048,524288,4120,0,0,0,-1,-1
77976,Unterstützt das Abkommen: Traumsprung,,47316,107827,0,-1,0,0,0,0,0,0,0,0,0,0,0,0,2641,0,2,36733248,0,776,0,0,0,-1,-1
77982,Habgierige Gessie,,53662,113354,0,-1,0,0,0,0,0,0,0,0,0,0,40680,283,2699,0,3,37290048,524288,4120,0,0,0,-1,-1
78015,Feuerbrand Fystia,,53694,113502,0,-1,0,0,0,0,0,0,0,0,0,0,40679,283,2699,0,3,35192896,524288,4120,0,0,0,-1,-1
78033,Magische Blüte,,53712,0,0,-1,65536,0,0,0,0,0,0,0,0,0,0,265,2484,0,3,38371328,1073750016,8,78005,0,0,-1,-1
78170,Alterslose Samen pflegen,,53836,0,0,-1,0,0,0,0,0,0,0,0,0,0,0,0,2699,0,2,37748736,1073750016,520,77209,0,0,-1,-1
78172,Geheimnisvolle Samen,,53838,0,0,-1,0,0,0,0,0,0,0,0,0,210050,0,0,2699,0,2,37748736,1073750016,520,0,0,0,-1,-1
78177,Nach Gilneas,,53843,0,0,-1,0,0,0,0,0,0,0,0,0,0,0,0,2736,0,2,39846152,0,512,0,0,0,-1,-1
78178,Nach Gilneas,,53843,923,0,-1,0,0,0,0,0,0,0,0,0,0,0,0,2736,0,2,37749000,0,512,0,0,0,-1,-1
78180,Ein Kreuzzug aus Rot,,53846,0,0,-1,2,0,0,0,0,0,0,0,0,0,0,0,2736,0,2,38797576,0,512,78177,78178,0,-1,-1
78181,Aderics Retoure,,53847,0,0,-1,2,0,0,0,0,0,0,0,0,0,0,0,2736,0,2,38797576,0,512,78177,78178,0,-1,-1
78182,Kniehoch,,53848,0,0,-1,1,0,0,0,0,0,0,0,0,0,0,0,2736,0,2,37749000,8192,512,78181,78180,0,-1,-1
78183,Scharlachrotes Blut,,53849,0,0,-1,0,0,0,0,0,0,0,0,0,0,0,0,2736,0,2,37749000,8192,512,78182,0,0,-1,-1
78215,In der Gefahr verwurzelt,,53880,116346,0,-1,0,0,0,0,0,0,0,0,0,0,41314,113,2523,0,3,4784384,8192,0,0,0,0,-1,-1
78370,Beklemmende Klauen,,54024,114850,0,-1,0,0,0,0,0,0,0,0,0,0,41477,109,2699,0,3,38338816,8192,0,0,0,0,-1,-1
78434,Drachenreiterrennen - Ysera-Einladungsturnier,,54082,114959,0,-1,0,0,0,0,0,0,0,0,0,0,41521,281,2437,0,3,34144512,0,0,0,0,0,-1,-1
78435,Drachenreiterrennen - Qualmende Querele,,54083,114959,0,-1,0,0,0,0,0,0,0,0,0,0,41522,281,2437,0,3,34144512,0,0,0,0,0,-1,-1
78436,Drachenreiterrennen - Grünliche Gaudi,,54084,114959,0,-1,0,0,0,0,0,0,0,0,0,0,41523,281,2437,0,3,34144512,0,0,0,0,0,-1,-1
78437,Drachenreiterrennen - Uferumkehr,,54085,114959,0,-1,0,0,0,0,0,0,0,0,0,0,41524,281,2437,0,3,34144512,0,0,0,0,0,-1,-1
78438,Drachenreiterrennen - Baumkronenbagatelle,,54086,114959,0,-1,0,0,0,0,0,0,0,0,0,0,41525,281,2437,0,3,34144512,0,0,0,0,0,-1,-1
78439,Drachenreiterrennen - Smaragdspaziergang,,54087,114959,0,-1,0,0,0,0,0,0,0,0,0,0,41526,281,2437,0,3,34144512,0,0,0,0,0,-1,-1
78444,Ein würdiger Verbündeter: Traumwächter,,54091,114971,0,-1,0,0,0,0,0,0,0,0,0,0,0,0,2669,0,2,33587272,0,776,0,0,0,-1,-1
78446,Unterstützt das Abkommen: Superblüte,,47316,107827,0,-1,0,0,0,0,0,0,0,0,0,0,0,0,2699,0,2,36733248,0,776,0,0,0,-1,-1
78447,Unterstützt das Abkommen: Smaragdfülle,,47316,107827,0,-1,0,0,0,0,0,0,0,0,0,0,0,0,2699,0,2,36733248,0,776,0,0,0,-1,-1
78452,Verstärkungen - Aktivieren,,54097,0,0,-1,0,0,0,0,0,0,0,0,0,0,41783,265,2809,0,3,41484288,8256,8,0,0,0,-1,-1
78457,Steine der Dornogal,,54102,0,0,-1,0,0,0,0,0,0,0,0,0,216697,0,0,2797,0,2,39845896,8192,512,78460,0,0,-1,-1
78458,Enthemmung der Ernter - Aktivator,,59660,0,0,-1,0,0,0,0,0,0,0,0,0,0,41783,265,2809,0,3,7929856,8256,8,0,0,0,-1,-1
78466,Schatten mit Aroma - Aktivieren,,54111,0,0,-1,0,0,0,0,0,0,0,0,0,0,41783,265,2809,0,3,41484288,8256,8,0,0,0,-1,-1
78472,Leuchten im Dunkeln - Aktivieren,,54117,0,0,-1,0,0,0,0,0,0,0,0,0,0,41783,265,2809,0,3,41484288,8256,8,0,0,0,-1,-1
78590,Es braucht Schneid,,54234,110871,0,-1,0,0,0,0,0,0,0,0,0,0,0,0,2809,0,3,38371328,8192,524288,79573,0,0,-1,-1
78607,Nach Mereldar,,54248,0,0,-1,0,0,0,0,0,0,0,0,0,0,0,0,2799,0,2,37748744,0,512,78954,0,0,-1,-1
78613,Die Bastion von Heilsturz,,54252,0,0,-1,0,0,0,0,0,0,0,0,0,0,0,0,2799,0,2,38928392,0,1049088,78607,0,0,-1,-1
78616,Technosehen: Die Geheimnisse des Observatoriums der Eintracht,,54255,118783,0,-1,0,0,0,0,0,0,0,0,0,0,40447,109,2714,0,3,40435968,8192,0,0,0,0,-1,-1
78618,Pilzpsychose,,54257,120958,0,-1,0,0,0,0,0,0,0,0,0,0,0,0,3019,0,3,34144512,0,33280,0,0,0,-1,-1
78620,Kreuzweg des Zwielichts,,54259,0,0,-1,1,0,0,0,0,0,0,0,0,0,0,0,2799,0,2,38797320,0,512,78615,0,0,-1,-1
78624,Eine Kerze in der Dunkelheit,,54263,0,0,-1,1,0,0,0,0,0,0,0,0,0,0,0,2799,0,2,34603016,8192,512,78621,78620,0,-1,-1
78627,Die letzte Front,,54266,0,0,-1,1,0,0,0,0,0,0,0,0,0,0,0,2799,0,2,37748744,0,512,79089,80049,0,-1,-1
78628,Falltürfederung,,54267,0,0,-1,0,0,0,0,0,0,0,0,0,0,0,0,2799,0,2,38797320,0,512,78627,0,0,-1,-1
78629,Auf Reserve,,54268,0,0,-1,0,0,0,0,0,0,0,0,0,0,0,0,2799,0,2,38797320,0,512,78627,0,0,-1,-1
78630,Der Aufstieg der Abrechnung,,54269,0,0,-1,1,0,0,0,0,0,0,0,0,0,0,0,2799,0,2,38797320,0,512,78628,78629,0,-1,-1
78643,Klare Himmel und starke Winde,,54285,0,0,-1,0,0,0,0,0,0,0,0,0,0,0,0,2699,0,2,40894472,8192,512,76283,0,0,-1,-1
78645,Ausgrabung: Begraben im Flussbett,,54287,118785,0,-1,0,0,0,0,0,0,0,0,0,210435,40441,109,2714,0,3,40435968,0,16,0,0,0,-1,-1
78649,Ausgrabung: Etwas Großes unterm Flussbett,,54290,118785,0,-1,0,0,0,0,0,0,0,0,0,210435,42136,109,2714,0,3,40435968,0,0,0,0,0,-1,-1
78657,Die Mitternachtswache,,54298,117662,0,-1,0,0,0,0,0,0,0,0,0,211073,0,0,2809,0,3,38371328,8192,520,79573,0,0,-1,-1
78661,Ausgrabung: Schätze in der Klippe,,54302,116945,0,-1,0,0,0,0,0,0,0,0,0,210778,40449,109,2714,0,3,40435968,0,0,0,0,0,-1,-1
78662,Ausgrabung: Eine Klippe voller Lager,,54303,116945,0,-1,0,0,0,0,0,0,0,0,0,210778,42138,109,2714,0,3,40435968,0,0,0,0,0,-1,-1
78663,Ausgrabung: Verteilt um den Turm,,54304,116944,0,-1,0,0,0,0,0,0,0,0,0,210834,40445,109,2714,0,3,40435968,0,0,0,0,0,-1,-1
78685,Das Ende des Tunnels,,54326,0,0,-1,0,0,0,0,0,0,0,0,0,0,0,0,2798,0,2,40894472,4202496,512,80079,0,0,-1,-1
78696,Wir gehen nicht nach Taelloch,,54337,0,0,-1,0,0,0,0,0,0,0,0,0,0,0,0,2798,0,2,36700168,8192,512,78685,0,0,-1,-1
78697,Geist einer Minenstadt,,54338,0,0,-1,0,0,0,0,0,0,0,0,0,0,0,0,2798,0,2,37748744,8192,512,78696,0,0,-1,-1
78700,Kontrollierter Abriss,,54341,0,0,-1,0,0,0,0,0,0,0,0,0,0,0,0,2798,0,2,37748744,8192,512,78697,0,0,-1,-1
78701,Die Wahrheit in Kreide,,54342,0,0,-1,0,0,0,0,0,0,0,0,0,0,0,0,2798,0,2,4194312,8192,512,78697,0,0,-1,-1
78703,Verschüttet in Stein,,54344,0,0,-1,1,0,0,0,0,0,0,0,0,0,0,0,2798,0,2,37748744,8192,512,78700,78701,0,-1,-1
78704,Suche nach der Vorarbeiterin,,54345,0,0,-1,0,0,0,0,0,0,0,0,0,0,0,0,2798,0,2,37748744,8192,512,78703,0,0,-1,-1
78705,Was sie sah,,54346,0,0,-1,0,0,0,0,0,0,0,0,0,0,0,0,2798,0,2,37748744,8192,512,78704,0,0,-1,-1
78706,Das Geheimnis des Obersten Sprechers,,54347,0,0,-1,0,0,0,0,0,0,0,0,0,0,0,0,2798,0,2,38797320,8192,512,78705,0,0,-1,-1
78739,Ausgrabung: Der Fund im Turm,,54376,116944,0,-1,0,0,0,0,0,0,0,0,0,210834,42137,109,2714,0,3,40435968,8192,0,0,0,0,-1,-1
78820,Technosehen: Die Geheimnisse von Igiras Wacht,,54454,116943,0,-1,0,0,0,0,0,0,0,0,0,0,40443,109,2714,0,3,36241664,0,0,0,0,0,-1,-1
78821,Erblühende Traumsaat,,54455,114971,0,-1,0,0,0,0,0,0,0,0,0,0,0,0,2669,0,2,35684424,0,776,0,0,0,-1,-1
78861,Unterstützt das Abkommen,,47316,107827,0,-1,0,0,0,0,0,0,0,0,0,0,0,0,2437,0,3,104366088,0,4203008,0,0,0,-1,-1
78890,Smaragdraserei,,54516,112502,0,-1,0,0,0,0,0,0,0,0,0,0,41860,0,2699,0,3,5832704,8192,131072,0,0,0,-1,-1
78894,Ewiges Wachstum,,54519,119437,0,-1,0,0,0,0,0,0,0,0,0,0,0,282,2793,0,0,0,1,268435976,0,0,0,-1,-1
78931,Technosehen: Die Geheimnisse der Drachenschädelinsel,,54556,116941,0,-1,0,0,0,0,0,0,0,0,0,0,40439,109,2714,0,3,40435968,8192,0,0,0,0,-1,-1
78941,Ein zu wendendes Blatt,,54566,127948,0,-1,0,0,0,0,0,0,0,0,0,0,0,0,2462,0,2,37748744,8192,512,0,0,0,-1,-1
78974,Alles für den Käfer,,57693,124432,0,-1,0,0,0,0,0,0,0,0,0,0,43168,109,2861,0,3,41484544,8192,0,0,0,0,-1,-1
78995,Trüffelei,,57692,124432,0,-1,0,0,0,0,0,0,0,0,0,0,43167,109,2861,0,3,41484544,8192,0,0,0,0,-1,-1
79082,Die Superblüte,,54687,0,0,-1,0,0,0,0,0,0,0,0,0,0,42003,265,2701,0,3,34144256,0,8,0,0,0,-1,-1
79089,Geweihte Reinigung,,54694,0,0,-1,0,0,0,0,0,0,0,0,0,0,0,0,2799,0,2,39845888,0,512,78624,0,0,-1,-1
79116,Auge um Auge um Auge um...,,54717,124686,0,-1,0,0,0,0,0,0,0,0,0,0,43165,109,2861,0,3,41484544,8192,0,0,0,0,-1,-1
79151,Anliegen einer Waise,,54745,121339,0,-1,0,0,0,0,0,0,0,0,0,0,0,0,2799,0,2,34603016,8192,1049088,0,0,0,-1,-1
79152,Strudel schlagen,,54746,0,0,-1,0,0,0,0,0,0,0,0,0,0,0,0,2799,0,2,40894472,8192,512,79151,0,0,-1,-1
79153,Wehe den Besiegten,,54747,0,0,-1,1,0,0,0,0,0,0,0,0,0,0,0,2799,0,2,36700168,0,512,83182,79152,0,-1,-1
79154,Ein letztes Lebwohl,,54748,0,0,-1,0,0,0,0,0,0,0,0,0,0,0,0,2799,0,2,36700168,0,512,79153,0,0,-1,-1
79165,Ein Moment zum Ausruhen,,54757,0,0,-1,0,0,0,0,0,0,0,0,0,0,0,0,2462,0,2,38797320,0,512,79573,0,0,-1,-1
79166,Verlorene Gegenstände,,54758,0,0,-1,0,0,0,0,0,0,0,0,0,0,0,0,2462,0,2,37748744,0,512,79165,0,0,-1,-1
79167,Beschaffung aus der Menge,,54759,0,0,-1,0,0,0,0,0,0,0,0,0,0,0,0,2462,0,2,37748744,0,512,79166,0,0,-1,-1
79168,Schachzug des Lichts,,54760,0,0,-1,0,0,0,0,0,0,0,0,0,0,0,0,2462,0,2,39845896,0,512,79167,0,0,-1,-1
79200,Wer bin ich?,,54791,123985,0,-1,0,0,0,0,0,0,0,0,0,0,0,0,863,0,2,38797312,8192,520,0,0,0,-1,-1
79201,Die Analyseschnittstelle,,54792,124463,0,-1,0,0,0,0,0,0,0,0,0,0,0,0,863,0,2,37748744,0,520,79200,0,0,-1,-1
79202,Stein auf Stein,,54793,123985,0,-1,2,0,0,0,0,0,0,0,0,0,0,0,863,0,2,39845896,0,520,79201,83328,0,-1,-1
79203,Autorisierung: Abgelehnt,,54794,123985,0,-1,0,0,0,0,0,0,0,0,0,0,0,0,863,0,2,38797320,0,520,79202,0,0,-1,-1
79204,Wer auch immer Ihr sein wollt,,54795,123985,0,-1,0,0,0,0,0,0,0,0,0,0,0,0,863,0,2,37748744,0,520,79203,0,0,-1,-1
79232,"Jene, die fielen",,54820,118274,0,-1,0,0,0,0,0,0,0,0,0,0,0,0,2462,0,2,37748744,8192,268435976,79573,0,0,-1,-1
79246,Befehle des Kapitäns: Truhensammler,,54859,116979,0,-1,0,0,0,0,0,0,0,0,0,0,0,109,2814,0,3,37294368,68,0,0,0,0,-1,-1
79249,Befehle des Kapitäns: Beutefang,,54860,116979,0,-1,0,0,0,0,0,0,0,0,0,0,0,109,2814,0,3,37294368,68,0,0,0,0,-1,-1
79254,Immerstrom,,54842,0,0,-1,0,0,0,0,0,0,0,0,0,0,0,0,2814,0,3,34144256,0,0,0,0,0,-1,-1
79257,Grottengefahr,,54845,128201,0,-1,0,0,0,0,0,0,0,0,0,0,0,0,3017,0,3,35193088,0,32768,0,0,0,-1,-1
79295,Spritzt sie ab - Aktivieren,,54885,0,0,-1,0,0,0,0,0,0,0,0,0,0,41783,265,2809,0,3,41484288,8256,8,0,0,0,-1,-1
79315,Lord Harlbrand,,54905,0,0,-1,0,0,0,0,0,0,0,0,0,0,0,0,2814,0,3,34144256,0,0,0,0,0,-1,-1
79316,Beschädigter Ernter,,54906,0,0,-1,0,0,0,0,0,0,0,0,0,0,0,0,2814,0,3,34144256,0,0,0,0,0,-1,-1
79317,Morkus Grimlock,,54907,0,0,-1,0,0,0,0,0,0,0,0,0,0,0,0,2814,0,3,34144256,0,0,0,0,0,-1,-1
79318,Narla Donnerhuf,,54908,0,0,-1,0,0,0,0,0,0,0,0,0,0,0,0,2814,0,3,34144256,0,0,0,0,0,-1,-1
79319,Rasende Eulenbestie,,54909,0,0,-1,0,0,0,0,0,0,0,0,0,0,0,0,2814,0,3,34144256,0,0,0,0,0,-1,-1
79320,Gorthak Grimmhauer,,54910,0,0,-1,0,0,0,0,0,0,0,0,0,0,0,0,2814,0,3,34144256,0,0,0,0,0,-1,-1
79321,Das Geschenk des Katalysators,,54911,117108,0,-1,0,0,0,0,0,0,0,0,0,0,0,0,2474,0,2,33554440,0,512,0,0,0,-1,-1
79328,Botschaften und Gesandte,,54917,0,0,-1,0,0,0,0,0,0,0,0,0,0,0,0,2829,0,2,39845896,8192,512,79333,0,0,1309324210,-1440044374
79329,Leuchtende Ernte,,54918,0,0,-1,0,0,0,0,0,0,0,0,0,0,42291,0,2809,0,3,38371328,8256,512,79573,0,0,-1,-1
79333,Die Flotte trifft ein,,54922,127984,0,-1,0,0,0,0,0,0,0,84367,0,0,0,0,2829,0,2,37748744,8192,512,79197,0,0,-1,-1
79343,Schnüffeln jeden Tag,,54932,117222,0,-1,0,0,0,0,0,0,0,0,0,0,0,0,2798,0,2,36700168,0,512,0,0,0,-1,-1
79344,Städtische Odyssee,,54933,0,0,-1,0,0,0,0,0,0,0,0,0,0,0,0,2829,0,2,37748744,8192,512,83315,0,0,-1,-1
79379,"Befehle des Kapitäns: Keine Beute, kein Zaster",,54969,116979,0,-1,0,0,0,0,0,0,0,0,0,0,0,109,2814,0,3,37294368,68,0,0,0,0,-1,-1
79380,Verbannung der Sumpfbestie,,54970,117459,0,-1,0,0,0,0,0,0,0,0,0,0,0,0,2809,0,3,4816896,8192,512,79573,0,0,-1,-1
79381,"Befehle des Kapitäns: ""X"" markiert die Stelle",,54971,116979,0,-1,0,0,0,0,0,0,0,0,0,0,0,109,2814,0,3,37294368,68,0,0,0,0,-1,-1
79382,Befehle des Kapitäns: Plünderstudie,,54972,116979,0,-1,0,0,0,0,0,0,0,0,0,0,0,109,2814,0,3,37294368,68,0,0,0,0,-1,-1
79383,Netz der Manipulation - Aktivieren,,54973,0,0,-1,0,0,0,0,0,0,0,0,0,0,41783,265,2809,0,3,41484288,8256,8,0,0,0,-1,-1
79462,[DNT] Renown Reward 001,,55045,0,0,-1,0,0,0,0,0,0,0,0,0,0,0,0,2814,0,3,41488640,8326,0,0,0,0,-1,-1
79464,[DNT] Renown Reward 002,,55046,0,0,-1,0,0,0,0,0,0,0,0,0,0,0,0,2814,0,3,41488640,8326,0,0,0,0,-1,-1
79465,[DNT] Renown Reward 003,,55047,0,0,-1,0,0,0,0,0,0,0,0,0,0,0,0,2814,0,3,41488640,8326,0,0,0,0,-1,-1
79466,[DNT] Renown Reward 004,,55048,0,0,-1,0,0,0,0,0,0,0,0,0,0,0,0,2814,0,3,41488640,8326,0,0,0,0,-1,-1
79469,Lauernd in der Tiefe,,55051,117663,0,-1,0,0,0,0,0,0,0,0,0,215467,0,0,2809,0,3,38371328,8192,512,79573,0,0,-1,-1
79470,Gewässer des Krieges,,55052,117665,0,-1,0,0,0,0,0,0,0,0,0,211073,0,0,2809,0,3,38371328,8192,512,79573,0,0,-1,-1
79471,Trübsand,,55053,117666,0,-1,0,0,0,0,0,0,0,0,0,211073,0,0,2809,0,3,38371328,8192,524288,79573,0,0,-1,-1
79667,Das ist elementar,,55226,120958,0,-1,0,0,0,0,0,0,0,0,0,0,0,0,3019,0,3,269025536,0,33280,0,0,0,-1,-1
79669,Ich nehmen Kerze!,,55228,120958,0,-1,0,0,0,0,0,0,0,0,0,0,0,0,3019,0,3,269025536,0,33280,0,0,0,-1,-1
79673,Spinnengefahr!,,55232,5703,0,-1,0,0,0,0,0,0,0,0,0,0,0,0,2797,0,3,269025536,0,33280,0,0,0,-1,-1
79722,Gossenarbeit,,55276,124686,0,-1,0,0,0,0,0,0,0,0,0,0,43151,109,2861,0,3,41484544,8192,0,0,0,0,-1,-1
79958,"Entwurmt, versiegelt, geliefert",,57690,124686,0,-1,0,0,0,0,0,0,0,0,0,0,43170,109,2861,0,3,41484544,8192,0,0,0,0,-1,-1
79959,Welt der Wurmkraft,,55514,124686,0,-1,0,0,0,0,0,0,0,0,0,0,43169,109,2861,0,3,41484544,8192,0,0,0,0,-1,-1
79960,Einmal zum Mitnehmen,,55515,124686,0,-1,0,0,0,0,0,0,0,0,0,216664,43166,109,2861,0,3,41484544,8192,0,0,0,0,-1,-1
79965,"Lernt, wie es läuft, oder geht über die Planke",,55520,0,0,-1,0,0,0,0,0,0,0,0,0,0,0,109,2814,0,3,37290016,132,8,0,0,0,-1,-1
80005,Krabbe schnappen - Aktivieren,,55555,0,0,-1,0,0,0,0,0,0,0,0,0,0,41783,265,2809,0,3,7929856,8256,8,0,0,0,-1,-1
80006,Ixlorb the Spinner,,55556,0,0,-1,0,0,0,0,0,0,0,0,0,0,0,0,2806,0,3,37291008,0,8,0,0,0,-1,-1
80009,,,55557,0,0,-1,0,0,0,0,0,0,0,0,0,0,0,0,2860,0,3,37295104,0,8,0,0,0,-1,-1
80010,,,55558,0,0,-1,0,0,0,0,0,0,0,0,0,0,0,0,2806,0,3,37291008,0,8,0,0,0,-1,-1
80049,Die Flamme brennt noch,,55598,0,0,-1,0,0,0,0,0,0,0,0,0,0,0,0,2799,0,2,39845896,0,512,78624,0,0,-1,-1
80079,Ein Schraubenschlüssel im Getriebe,,55624,0,0,-1,0,0,0,0,0,0,0,0,0,0,0,0,2798,0,2,40894472,0,512,80082,0,0,-1,-1
80081,Befehle des Kapitäns: Flut und fette Beute,,55626,116979,0,-1,0,0,0,0,0,0,0,0,0,0,0,109,2814,0,3,37294112,68,0,0,0,0,-1,-1
80099,Tracking Quest,,55644,0,0,-1,0,0,0,0,0,0,0,0,0,0,0,0,0,0,3,33621000,0,0,0,0,0,-1,-1
80100,Tracking Quest,,55645,0,0,-1,0,0,0,0,0,0,0,0,0,0,0,0,0,0,3,33621000,0,0,0,0,0,-1,-1
80101,Tracking Quest,,55646,0,0,-1,0,0,0,0,0,0,0,0,0,0,0,0,0,0,3,33621000,0,0,0,0,0,-1,-1
80102,Tracking Quest,,55647,0,0,-1,0,0,0,0,0,0,0,0,0,0,0,0,0,0,3,33621000,0,0,0,0,0,-1,-1
80103,Tracking Quest,,55648,0,0,-1,0,0,0,0,0,0,0,0,0,0,0,0,0,0,3,33621000,0,0,0,0,0,-1,-1
80104,Tracking Quest,,55649,0,0,-1,0,0,0,0,0,0,0,0,0,0,0,0,0,0,3,33621000,0,0,0,0,0,-1,-1
80105,Tracking Quest,,55650,0,0,-1,0,0,0,0,0,0,0,0,0,0,0,0,0,0,3,33621000,0,0,0,0,0,-1,-1
80106,Tracking Quest,,55651,0,0,-1,0,0,0,0,0,0,0,0,0,0,0,0,0,0,3,33621000,0,0,0,0,0,-1,-1
80107,Tracking Quest,,55652,0,0,-1,0,0,0,0,0,0,0,0,0,0,0,0,0,0,3,33621000,0,0,0,0,0,-1,-1
80108,Tracking Quest,,55653,0,0,-1,0,0,0,0,0,0,0,0,0,0,0,0,0,0,3,33621000,0,0,0,0,0,-1,-1
80109,Tracking Quest,,55654,0,0,-1,0,0,0,0,0,0,0,0,0,0,0,0,0,0,3,33621000,0,0,0,0,0,-1,-1
80110,Tägliche Dublonen,,55655,0,0,-1,0,0,0,0,0,0,0,0,0,0,0,109,2814,0,3,37294336,196,8,0,0,0,-1,-1
80208,Trügerische Grabung,,55737,119449,0,-1,0,0,0,0,0,0,0,0,0,0,42576,113,2869,0,3,4784384,8192,512,0,0,0,-1,-1
80295,"Felsen, Wasser und Elementarfutter",,55823,117968,0,-1,1,0,0,0,0,0,0,0,0,0,43074,109,2837,0,3,4784384,8192,0,0,0,0,-1,-1
80320,Helft den Klaxxi,,0,119578,0,-1,0,0,0,0,0,0,0,0,0,0,0,0,657,0,0,3145728,32768,512,0,0,0,-1,-1
80323,Konfrontation im Nebel,,55845,119449,0,-1,0,0,0,0,0,0,0,0,0,0,42571,278,2869,0,3,4784384,8192,512,0,0,0,-1,-1
80385,Ein letztes Hurra: Dracheninseln,,55909,120509,0,-1,0,0,0,0,0,0,0,0,0,0,0,0,2078,0,2,36732992,0,268436232,0,0,0,-1,-1
80386,Ein letztes Hurra: Zaralekhöhle und Zeitrisse,,55909,120508,0,-1,0,0,0,0,0,0,0,0,0,0,0,0,2078,0,2,36732992,0,268436232,0,0,0,-1,-1
80388,Ein letztes Hurra: Smaragdgrüner Traum,,55909,120511,0,-1,0,0,0,0,0,0,0,0,0,0,0,0,2078,0,2,36732992,0,268436232,0,0,0,-1,-1
80389,Ein letztes Hurra,,55909,120508,0,-1,0,0,0,0,0,0,0,0,0,0,0,0,2078,0,3,104366088,0,272638464,0,0,0,-1,-1
80394,Beifahrer,,55915,119449,0,-1,0,0,0,0,0,0,0,0,0,0,42595,113,2837,0,3,4784384,8192,0,0,0,0,-1,-1
80395,Elementare Ausgrabung,,55917,119449,0,-1,0,0,0,0,0,0,0,0,0,218124,42596,113,2837,0,3,38469888,8192,0,0,0,0,-1,-1
80409,Polarisiert,,55931,127873,0,-1,0,0,0,0,0,0,0,0,0,0,42607,113,2837,0,3,6881536,8192,0,0,0,0,-1,-1
80412,Kampf gegen die Dunkelheit,,55934,119449,0,-1,0,0,0,0,0,0,0,0,0,0,42688,113,2837,0,3,4784384,8192,0,0,0,0,-1,-1
80426,Helft den Shado-Pan,,0,119870,0,-1,0,0,0,0,0,0,0,0,0,0,0,0,657,0,0,3145728,32768,512,0,0,0,-1,-1
80427,Helft dem Goldenen Lotus,,0,119871,0,-1,0,0,0,0,0,0,0,0,0,0,0,0,657,0,0,3145728,32768,512,0,0,0,-1,-1
80429,Helft den Himmlischen Erhabenen,,0,119872,0,-1,0,0,0,0,0,0,0,0,0,0,11728,0,657,0,0,3145728,32768,512,0,0,0,-1,-1
80430,Helft den Himmlischen Erhabenen,,0,119874,0,-1,0,0,0,0,0,0,0,0,0,0,11731,0,657,0,0,3145728,32768,512,0,0,0,-1,-1
80431,Helft den Himmlischen Erhabenen,,0,119873,0,-1,0,0,0,0,0,0,0,0,0,0,11730,0,657,0,0,3145728,32768,512,0,0,0,-1,-1
80433,Helft den Himmlischen Erhabenen,,0,119875,0,-1,0,0,0,0,0,0,0,0,0,0,11729,0,657,0,0,3145728,32768,512,0,0,0,-1,-1
80438,Helft der Horde,,0,119877,0,-1,0,0,0,0,0,0,0,0,0,0,0,0,657,0,0,3145728,32768,512,0,0,0,1309324210,-1440044374
80439,Helft der Allianz,,0,119876,0,-1,0,0,0,0,0,0,0,0,0,0,0,0,657,0,0,3145728,32768,512,0,0,0,-1321907123,1427461461
80441,Helft dem Orden der Wolkenschlange,,0,119878,0,-1,0,0,0,0,0,0,0,0,0,0,0,0,657,0,0,3145728,32768,512,0,0,0,-1,-1
80442,Helft dem Sonnenhäscheransturm,,57191,119881,0,-1,0,0,0,0,0,0,0,0,0,0,0,0,657,0,0,3149824,32768,512,0,0,0,1309324210,-1440044374
80443,Helft der Offensive der Kirin Tor,,57192,119880,0,-1,0,0,0,0,0,0,0,0,0,0,0,0,657,0,0,3149824,32768,512,0,0,0,-1321907123,1427461461
80444,Helft den Anglern,,0,119882,0,-1,0,0,0,0,0,0,0,0,0,0,0,0,657,0,0,3145728,32768,512,0,0,0,-1,-1
80457,Im Dienst der Königin,,55964,127873,0,-1,0,0,0,0,0,0,0,0,0,0,42680,113,2837,0,3,6881536,8192,0,0,0,0,-1,-1
80573,Lauschen: Kriegsbeute,,57023,127320,0,-1,0,0,0,0,0,0,0,0,0,0,44425,0,2861,0,3,40960008,32768,8,0,0,0,-1,-1
80592,Einen Pakt schmieden,,56087,124684,0,-1,0,0,0,0,0,0,0,0,0,0,0,284,2861,0,2,661750080,8320,4203008,0,0,0,-1,-1
80670,Augen der Weberin,,56164,0,0,-1,0,0,0,0,0,0,0,0,0,0,0,284,2861,0,2,40927552,8192,776,80544,0,0,-1,-1
80671,Klinge des Generals,,56165,0,0,-1,0,0,0,0,0,0,0,0,0,0,0,284,2861,0,2,40927552,8192,776,80545,0,0,-1,-1
80672,Hand des Wesirs,,56166,0,0,-1,0,0,0,0,0,0,0,0,0,0,0,284,2861,0,2,40927552,8192,776,80546,0,0,-1,-1
80674,[TEMPLATE] Creature Name,,56169,0,0,-1,0,0,0,0,0,0,0,0,0,0,0,0,2860,0,3,34149376,0,8,0,0,0,-1,-1
80675,Creature Name,,56170,0,0,-1,0,0,0,0,0,0,0,0,0,0,0,0,2860,0,3,34149376,0,8,0,0,0,-1,-1
81465,Artefakte im Überfluss,,56960,117968,0,-1,0,0,0,0,0,0,0,0,0,0,42769,109,2838,0,3,41484544,8192,0,0,0,0,-1,-1
81470,Lauschen: Diebisches Weben,,57066,127320,0,-1,0,0,0,0,0,0,0,0,0,0,44419,0,2861,0,3,40960008,32768,8,0,0,0,-1,-1
81471,Lauschen: Die Vergangenheit retten,,57067,127320,0,-1,0,0,0,0,0,0,0,0,0,0,44435,0,2861,0,3,40960008,32768,8,0,0,0,-1,-1
81472,Informationskontrolle: Ansureks Wahrheit,,57042,127320,0,-1,0,0,0,0,0,0,0,0,0,0,44429,0,2861,0,3,40960008,32768,8,0,0,0,-1,-1
81473,Informationskontrolle: Die richtige Seite der Geschichte,,57027,127320,0,-1,0,0,0,0,0,0,0,0,0,0,44424,0,2861,0,3,40960008,32768,8,0,0,0,-1,-1
81475,Die Phalanx durchbrechen: Königliche Amtsträger,,57024,127320,0,-1,0,0,0,0,0,0,0,0,0,0,44441,0,2861,0,3,40960008,32768,8,0,0,0,-1,-1
81476,Beute: Chitingoliath,,57037,127320,0,-1,0,0,0,0,0,0,0,0,0,0,44430,0,2861,0,3,40960008,32768,8,0,0,0,-1,-1
81477,Waffen: Bewaffnung,,57044,127320,0,-1,0,0,0,0,0,0,0,0,0,0,44433,0,2861,0,3,40960008,32768,8,0,0,0,-1,-1
81478,Kriegsrelikte: Der Bruchsee,,57039,127320,0,-1,0,0,0,0,0,0,0,0,0,0,44449,0,2861,0,3,40960008,32768,8,0,0,0,-1,-1
81479,Requisition: Schattenpilze,,57068,127320,0,-1,0,0,0,0,0,0,0,0,0,0,44415,0,2861,0,3,40960008,32768,8,0,0,0,-1,-1
81480,Wilde Reagenzien: Tiefe des Wahnsinns,,57090,127320,0,-1,0,0,0,0,0,0,0,0,0,0,44445,0,2861,0,3,40960008,32768,8,0,0,0,-1,-1
81481,Sabotage: Transformatoriumsgefäße,,57093,127320,0,-1,0,0,0,0,0,0,0,0,0,0,44423,0,2861,0,3,40960008,32768,8,0,0,0,-1,-1
81482,Formelprüfung: Gallertartige Salbe,,57087,127320,0,-1,0,0,0,0,0,0,0,0,0,219323,44428,0,2861,0,3,41091080,32768,8,0,0,0,-1,-1
81483,Infiltration: Produktionsblocker,,57028,127320,0,-1,0,0,0,0,0,0,0,0,0,0,44422,0,2861,0,3,40960008,32768,8,0,0,0,-1,-1
81484,Nasse Sache: Tod eines Handlungsreisenden,,57065,127320,0,-1,0,0,0,0,0,0,0,0,0,0,44427,0,2861,0,3,40960008,32768,8,0,0,0,-1,-1
81487,Die Phalanx durchbrechen: Fadenklingen,,57025,127320,0,-1,0,0,0,0,0,0,0,0,0,0,44440,0,2861,0,3,40960008,32768,8,0,0,0,-1,-1
81488,Die Phalanx durchbrechen: Abtrünnige Weise,,57064,127320,0,-1,0,0,0,0,0,0,0,0,0,0,44439,0,2861,0,3,40960008,32768,8,0,0,0,-1,-1
81489,Beute: Zorikal die Schutzherrin,,57062,127320,0,-1,0,0,0,0,0,0,0,0,0,0,44438,0,2861,0,3,40960008,32768,8,0,0,0,-1,-1
81490,Beute: Balaxir der Bengel,,57063,127320,0,-1,0,0,0,0,0,0,0,0,0,0,44434,0,2861,0,3,40960008,32768,520,0,0,0,-1,-1
81491,Waffen: Armbrüste,,57045,127320,0,-1,0,0,0,0,0,0,0,0,0,0,44432,0,2861,0,3,40960008,32768,8,0,0,0,-1,-1
81492,Waffen: Schmiedewerkzeuge,,57046,127320,0,-1,0,0,0,0,0,0,0,0,0,0,44450,0,2861,0,3,40960008,32768,8,0,0,0,-1,-1
81493,Kriegsrelikte: Der Salinengossenkonflikt,,57040,127320,0,-1,0,0,0,0,0,0,0,0,0,0,44446,0,2861,0,3,40960008,32768,8,0,0,0,-1,-1
81494,Relikte des Krieges: Rak-Zakaz,,57041,127320,0,-1,0,0,0,0,0,0,0,0,0,0,44448,0,2861,0,3,40960008,32768,8,0,0,0,-1,-1
81495,Requisition: Lichtblüten,,57070,127320,0,-1,0,0,0,0,0,0,0,0,0,0,44420,0,2861,0,3,40960008,32768,8,0,0,0,-1,-1
81496,Requisition: Zahnblütenblätter,,57069,127320,0,-1,0,0,0,0,0,0,0,0,0,0,44431,0,2861,0,3,40960008,32768,8,0,0,0,-1,-1
81497,Wilde Reagenzien: Salinengossen,,57091,127320,0,-1,0,0,0,0,0,0,0,0,0,0,44444,0,2861,0,3,40960008,32768,8,0,0,0,-1,-1
81498,Wilde Reagenzien: Zuckende Schlucht,,57092,127320,0,-1,0,0,0,0,0,0,0,0,0,0,44443,0,2861,0,3,40960008,32768,8,0,0,0,-1,-1
81499,Informationskontrolle: Aufgestiegenenintrige,,57043,127320,0,-1,0,0,0,0,0,0,0,0,0,0,44421,0,2861,0,3,40960008,32768,8,0,0,0,-1,-1
81500,Nasse Sache: Ein Besuch in ihrer Stube,,57107,127320,0,-1,0,0,0,0,0,0,0,0,0,0,44426,0,2861,0,3,40960008,32768,8,0,0,0,-1,-1
81501,Formelprüfung: Brodelndes Elixier,,57088,127320,0,-1,0,0,0,0,0,0,0,0,0,219324,44417,0,2861,0,3,41091080,32768,8,0,0,0,-1,-1
81502,Formelprüfung: Übelriechender Trank,,57089,127320,0,-1,0,0,0,0,0,0,0,0,0,219322,44436,0,2861,0,3,41091080,32768,8,0,0,0,-1,-1
81503,Infiltration: Manifestierter Schrecken,,57029,127320,0,-1,0,0,0,0,0,0,0,0,0,0,44442,0,2861,0,3,40960008,32768,8,0,0,0,-1,-1
81504,Infiltration: Versteckte Zahlen,,57030,127320,0,-1,0,0,0,0,0,0,0,0,0,0,44447,0,2861,0,3,40960008,32768,8,0,0,0,-1,-1
81505,Sabotage: Giftmischer,,57094,127320,0,-1,0,0,0,0,0,0,0,0,0,0,44437,0,2861,0,3,40960008,32768,8,0,0,0,-1,-1
81506,Sabotage: Alchemistische Instrumente,,57095,127320,0,-1,0,0,0,0,0,0,0,0,0,0,44416,0,2861,0,3,40960008,32768,8,0,0,0,-1,-1
81510,Abtauchen,,56971,0,0,-1,2,0,0,0,0,0,0,0,0,0,0,0,2829,0,2,575668232,8192,512,84224,83315,0,-1,-1
81512,Requisiten und Räucherwerk,,56973,117968,0,-1,0,0,0,0,0,0,0,0,0,0,42772,109,2838,0,3,41484544,8192,0,0,0,0,-1,-1
81555,Nasse Sache: Für einen Zehnt mehr,,57105,127320,0,-1,0,0,0,0,0,0,0,0,0,0,44418,0,2861,0,3,40960008,32768,8,0,0,0,-1,-1
81556,Neuer Nebel,,57017,127799,0,-1,0,0,0,0,0,0,0,0,0,0,0,0,2838,0,2,36700168,0,512,0,0,0,-1,-1
81557,Nebelmarkierungen,,57018,0,0,-1,0,0,0,0,0,0,0,0,0,219469,0,0,2838,0,2,36700168,0,512,81556,0,0,-1,-1
81558,Unnatürliche Raubtiere,,57019,0,0,-1,0,0,0,0,0,0,0,0,0,0,0,0,2838,0,2,36700168,0,512,81556,0,0,-1,-1
81559,Nebelanhänger,,57020,0,0,-1,1,0,0,0,0,0,0,0,0,0,0,0,2838,0,2,40894472,0,512,81557,81558,0,-1,-1
81568,Lasst die Bestien frei,,57034,120617,0,-1,0,0,0,0,0,0,0,0,0,0,0,0,3018,0,3,35193088,0,33280,0,0,0,-1,-1
81595,Saisonbeginn,,57071,125989,0,-1,0,0,0,0,0,0,0,0,0,0,0,0,2824,0,2,36700168,0,512,79573,0,0,-1,-1
81614,"Eine Flosse, zwei Flossen, Perlflosse, tote Flosse",,57097,120958,0,-1,0,0,0,0,0,0,0,0,0,0,0,0,3019,0,3,590080,0,33280,0,0,0,-1,-1
81615,Dochtpunkte,,57098,117968,0,-1,0,0,0,0,0,0,0,0,0,0,42794,109,2838,0,3,37290240,8192,0,0,0,0,-1,-1
81620,Bergungsauftrag,,57103,117968,0,-1,0,0,0,0,0,0,0,0,0,0,42811,109,2838,0,3,41484544,8192,512,0,0,0,-1,-1
81621,Weg mit den Tunneln!,,57104,117968,0,-1,0,0,0,0,0,0,0,0,0,219284,42797,109,2838,0,3,37290240,8192,0,0,0,0,-1,-1
81622,Glocken des Lichts,,57106,119449,0,-1,0,0,0,0,0,0,0,0,0,0,42681,113,2837,0,3,4784384,8192,0,0,0,0,-1,-1
81624,"Orta, der durchbrochene Berg",,57109,117968,0,-1,0,0,0,0,0,0,0,0,0,0,42799,289,2860,0,3,37290048,0,8,0,0,0,-1,-1
81630,Aktivierungsprotokoll,,57115,117968,0,-1,0,0,0,0,0,0,0,0,0,0,44154,289,2860,0,3,37290048,0,0,0,0,0,-1,-1
81639,Honig stehlende Neruber,,57124,122294,0,-1,1,0,0,0,0,0,0,0,0,0,43075,109,2838,0,3,4784384,8192,0,0,0,0,-1,-1
81647,Spezialauftrag: Titanischer Rückstrom,,57126,117968,0,-1,0,0,0,0,0,0,0,0,0,0,42832,286,2837,0,3,41484544,8192,0,82154,0,0,-1,-1
81649,Spezialauftrag: Titanischer Rückstrom,,57128,130094,0,-1,0,0,0,0,0,0,0,0,0,0,42833,286,2837,0,3,41484544,8192,0,83069,0,0,-1,-1
81650,Spezialauftrag: Titanischer Rückstrom,,57129,117968,0,-1,0,0,0,0,0,0,0,0,0,0,42835,286,2837,0,3,41484544,8192,0,83070,0,0,-1,-1
81653,"Shurrai, Grässlichkeit des Untermeers",,57132,117968,0,-1,0,0,0,0,0,0,0,0,0,0,42960,289,2860,0,3,41484608,8192,512,0,0,0,-1,-1
81656,Nichts zu verschwenden,,57135,117968,0,-1,0,0,0,0,0,0,0,0,0,0,42858,109,2869,0,3,41484544,0,512,0,0,0,-1,-1
81670,Zerrissene Seide,,57149,128161,0,-1,0,0,0,0,0,0,0,0,0,0,0,283,3016,0,3,37289984,0,32768,0,0,0,-1,-1
81675,Die Schafe tränken,,57154,123372,0,-1,0,0,0,0,0,0,0,0,0,219525,43076,109,2838,0,3,41484544,8192,0,0,0,0,-1,-1
81690,Das Licht am Ende des Tunnels,,57169,0,0,-1,0,0,0,0,0,0,0,0,0,0,0,0,2799,0,2,38797320,8192,512,78952,0,0,-1,-1
81691,Spezialauftrag: Schatten der Tiefe,,57170,117968,0,-1,0,0,0,0,0,0,0,0,0,0,42882,286,2869,0,3,41484544,8192,512,82155,0,0,-1,-1
81692,Die Flamme im Inneren,,57171,118280,0,-1,0,0,0,0,0,0,0,0,0,0,0,0,2462,0,2,4194312,8192,268435976,81673,0,0,-1,-1
81710,Met für den Katalog,,57187,117968,0,-1,0,0,0,0,0,0,0,0,0,0,42881,109,2838,0,3,41484544,8192,0,0,0,0,-1,-1
81711,Kreaturenname,,57188,120888,0,-1,0,0,0,0,0,0,0,0,0,0,0,283,2860,0,3,35196992,524288,4120,0,0,0,-1,-1
81748,Helft dem Sonnenhäscheransturm,,0,119881,0,-1,0,0,0,0,0,0,0,0,0,0,0,0,657,0,0,3145728,32768,512,80442,0,0,1309324210,-1440044374
81749,Helft der Offensive der Kirin Tor,,0,119880,0,-1,0,0,0,0,0,0,0,0,0,0,0,0,657,0,0,3145728,32768,512,80443,0,0,-1321907123,1427461461
81750,Wolkenernten,,57193,128162,0,-1,0,0,0,0,0,0,0,0,0,0,42889,109,2869,0,3,41484544,0,512,0,0,0,-1,-1
81767,Schnorrt den Schrott!,,57203,117968,0,-1,0,0,0,0,0,0,0,0,0,0,42891,109,2869,0,3,41484544,0,512,0,0,0,-1,-1
81799,Drachenreiterrennen - Dornogaldrift,,57213,117968,0,-1,0,0,0,0,0,0,0,0,0,0,42896,281,2838,0,3,34144512,0,0,0,0,0,-1,-1
81802,Drachenreiterrennen - Sturmpostenstudie,,57216,117968,0,-1,0,0,0,0,0,0,0,0,0,0,42897,281,2838,0,3,34144512,0,0,0,0,0,-1,-1
81803,Drachenreiterrennen - Beckenbypass,,57217,117968,0,-1,0,0,0,0,0,0,0,0,0,0,42898,281,2838,0,3,34144512,0,0,0,0,0,-1,-1
81804,Drachenreiterrennen - Die Holtzwege,,57218,117968,0,-1,0,0,0,0,0,0,0,0,0,0,42899,281,2838,0,3,34144512,0,0,0,0,0,-1,-1
81805,Drachenreiterrennen - Donnerkopfdreh,,57219,117968,0,-1,0,0,0,0,0,0,0,0,0,0,42900,281,2838,0,3,34144512,0,0,0,0,0,-1,-1
81806,Drachenreiterrennen - Erzgrubenecken,,57220,117968,0,-1,0,0,0,0,0,0,0,0,0,0,42901,281,2838,0,3,34144512,0,0,0,0,0,-1,-1
81807,Drachenreiterrennen - Erdwerkeweberei,,57221,117968,0,-1,0,0,0,0,0,0,0,0,0,0,42902,281,2838,0,3,34144512,0,0,0,0,0,-1,-1
81808,Drachenreiterrennen - Schallende-Tiefen-Spektakel,,57222,117968,0,-1,0,0,0,0,0,0,0,0,0,0,42903,281,2838,0,3,34144512,0,0,0,0,0,-1,-1
81810,Drachenreiterrennen - Zirpendes Zusammentreffen,,57224,117968,0,-1,0,0,0,0,0,0,0,0,0,0,42904,281,2838,0,3,34144512,0,0,0,0,0,-1,-1
81811,Drachenreiterrennen - Kataraktflussfahrt,,57225,117968,0,-1,0,0,0,0,0,0,0,0,0,0,42905,281,2838,0,3,34144512,0,0,0,0,0,-1,-1
81812,Drachenreiterrennen - Taellochtrick,,57226,117968,0,-1,0,0,0,0,0,0,0,0,0,0,42906,281,2838,0,3,34144512,0,0,0,0,0,-1,-1
81813,Drachenreiterrennen - Chancenspitzenchance,,57227,117968,0,-1,0,0,0,0,0,0,0,0,0,0,42907,281,2838,0,3,34144512,0,0,0,0,0,-1,-1
81815,Drachenreiterrennen - Dunelles gute Güte,,57229,117968,0,-1,0,0,0,0,0,0,0,0,0,0,42908,281,2838,0,3,34144512,0,0,0,0,0,-1,-1
81816,Drachenreiterrennen - Tenirs Traversale,,57230,117968,0,-1,0,0,0,0,0,0,0,0,0,0,42909,281,2838,0,3,34144512,0,0,0,0,0,-1,-1
81818,Drachenreiterrennen - Lichtschanzensturz,,57231,117968,0,-1,0,0,0,0,0,0,0,0,0,0,42910,281,2838,0,3,34144512,0,0,0,0,0,-1,-1
81819,Drachenreiterrennen - Stillsteinslalom,,57232,117968,0,-1,0,0,0,0,0,0,0,0,0,0,42911,281,2838,0,3,34144512,0,0,0,0,0,-1,-1
81822,Drachenreiterrennen - Mereldarmäander,,57234,117968,0,-1,0,0,0,0,0,0,0,0,0,0,42912,281,2838,0,3,34144512,0,0,0,0,0,-1,-1
81823,Drachenreiterrennen - Velhans Vorstoß,,57235,117968,0,-1,0,0,0,0,0,0,0,0,0,0,42913,281,2838,0,3,34144512,0,0,0,0,0,-1,-1
81824,Drachenreiterrennen - Stadt-der-Fäden-Sause,,57236,124686,0,-1,0,0,0,0,0,0,0,0,0,0,42914,281,2838,0,3,34144512,0,0,0,0,0,-1,-1
81825,Drachenreiterrennen - Tiefenrausch des Wahnsinns,,57237,124686,0,-1,0,0,0,0,0,0,0,0,0,0,42915,281,2838,0,3,34144512,0,0,0,0,0,-1,-1
81827,Drachenreiterrennen - Der Wind der Weberin,,57238,124686,0,-1,0,0,0,0,0,0,0,0,0,0,42916,281,2838,0,3,34144512,0,0,0,0,0,-1,-1
81828,Drachenreiterrennen - Rak-Ahat-Rausch,,57239,124686,0,-1,0,0,0,0,0,0,0,0,0,0,42917,281,2838,0,3,34144512,0,0,0,0,0,-1,-1
81829,Drachenreiterrennen - Grubengerangel,,57240,124686,0,-1,0,0,0,0,0,0,0,0,0,0,42918,281,2838,0,3,34144512,0,0,0,0,0,-1,-1
81831,Drachenreiterrennen - Belagerungsfestenbestrebung,,57241,124686,0,-1,0,0,0,0,0,0,0,0,0,0,42919,281,2838,0,3,34144512,0,0,0,0,0,-1,-1
81854,Ersuchen um Instandhaltung des Kernwegs,,57254,117968,0,-1,0,0,0,0,0,0,0,0,0,0,43080,109,2837,0,3,4784384,8192,512,79344,0,0,-1,-1
81862,Katzenchaos,,57255,117968,0,-1,0,0,0,0,0,0,0,0,0,0,43464,109,2838,0,3,41484544,8192,0,0,0,0,-1,-1
81886,Für die Allianz,,57268,0,0,-1,0,0,0,0,0,0,0,0,0,0,0,0,863,0,2,37748744,4202496,520,79204,0,0,262144,0
81887,Fremder in einem fremden Land,,57269,0,0,-1,0,0,0,0,0,0,0,0,0,0,0,0,863,0,2,39845896,8192,520,81886,0,0,262144,0
81888,Für die Horde,,57270,0,0,-1,0,0,0,0,0,0,0,0,0,0,0,0,863,0,2,37748744,4202496,520,79204,0,0,131072,0
81889,Fremder in einem fremden Land,,57271,0,0,-1,0,0,0,0,0,0,0,0,0,0,0,0,863,0,2,39845896,8192,520,81888,0,0,131072,0
81906,Flüstern aus dem Netz,,57288,122529,0,-1,0,0,0,0,0,0,0,0,0,0,0,0,2462,0,2,5242888,8192,268435968,81896,0,0,-1,-1
81976,"Basar, nicht wahr?",,57340,121368,0,-1,0,0,0,0,0,0,0,0,0,0,0,282,57,0,0,36700160,0,268435968,0,0,0,-1,-1
81981,Welche Armee?,,57345,121336,0,-1,0,0,0,0,0,0,0,0,0,0,0,0,3017,0,3,37290240,0,33280,0,0,0,-1,-1
81985,Weltenseelenerinnerung: Die Weltenschnitzer,,0,122933,0,-1,0,0,0,0,0,0,0,0,0,0,0,0,2462,0,3,36765768,0,8704,0,0,0,-1,-1
81990,Der Ruf des Lichts,,57353,127044,0,-1,0,0,0,0,0,0,0,0,0,0,0,0,2809,0,2,40894472,0,512,79573,0,0,-1,-1
81993,Sturmreiterbande,,57356,121328,0,-1,65536,0,0,0,0,0,0,0,0,0,0,0,2424,0,2,36700160,128,520,84825,0,0,-1,-1
81994,Eine ehrwürdige Beziehung,,57357,121328,0,-1,131073,0,0,0,0,0,0,0,0,0,0,0,2424,0,2,36700160,128,520,81993,84825,0,-1,-1
82038,Tracking Quest,,57401,0,0,-1,0,0,0,0,0,0,0,0,0,0,0,0,0,0,3,36701184,128,8,0,0,0,-1,-1
82041,Beledars Segen,,57403,117968,0,-1,0,0,0,0,0,0,0,0,0,0,43027,109,2838,0,3,40435968,0,0,0,0,0,-1,-1
82045,Tracking Quest,,57407,0,0,-1,0,0,0,0,0,0,0,0,0,0,0,0,0,0,3,36701184,128,8,0,0,0,-1,-1
82046,Tracking Quest,,57408,0,0,-1,0,0,0,0,0,0,0,0,0,0,0,0,0,0,3,36701184,128,8,0,0,0,-1,-1
82047,Tracking Quest,,57409,0,0,-1,0,0,0,0,0,0,0,0,0,0,0,0,0,0,3,36701184,128,8,0,0,0,-1,-1
82048,Tracking Quest,,57410,0,0,-1,0,0,0,0,0,0,0,0,0,0,0,0,0,0,3,36701184,128,8,0,0,0,-1,-1
82049,Tracking Quest,,57411,0,0,-1,0,0,0,0,0,0,0,0,0,0,0,0,0,0,3,36701184,128,8,0,0,0,-1,-1
82051,Tracking Quest,,57413,0,0,-1,0,0,0,0,0,0,0,0,0,0,0,0,0,0,3,36701184,128,8,0,0,0,-1,-1
82052,Tracking Quest,,57414,0,0,-1,0,0,0,0,0,0,0,0,0,0,0,0,0,0,3,36701184,128,8,0,0,0,-1,-1
82053,Tracking Quest,,57415,0,0,-1,0,0,0,0,0,0,0,0,0,0,0,0,0,0,3,36701184,128,8,0,0,0,-1,-1
82054,Tracking Quest,,57416,0,0,-1,0,0,0,0,0,0,0,0,0,0,0,0,0,0,3,36701184,128,8,0,0,0,-1,-1
82061,Tracking Quest,,57419,0,0,-1,0,0,0,0,0,0,0,0,0,0,0,0,0,0,3,36701184,128,8,0,0,0,-1,-1
82063,Tracking Quest,,57421,0,0,-1,0,0,0,0,0,0,0,0,0,0,0,0,0,0,3,36701184,128,8,0,0,0,-1,-1
82064,Tracking Quest,,57422,0,0,-1,0,0,0,0,0,0,0,0,0,0,0,0,0,0,3,36701184,128,8,0,0,0,-1,-1
82065,Tracking Quest,,57423,0,0,-1,0,0,0,0,0,0,0,0,0,0,0,0,0,0,3,36701184,128,8,0,0,0,-1,-1
82066,Tracking Quest,,57424,0,0,-1,0,0,0,0,0,0,0,0,0,0,0,0,0,0,3,36701184,128,8,0,0,0,-1,-1
82067,Tracking Quest,,57425,0,0,-1,0,0,0,0,0,0,0,0,0,0,0,0,0,0,3,36701184,128,8,0,0,0,-1,-1
82069,Tracking Quest,,57427,0,0,-1,0,0,0,0,0,0,0,0,0,0,0,0,0,0,3,36701184,128,8,0,0,0,-1,-1
82079,Tracking Quest,,57437,0,0,-1,0,0,0,0,0,0,0,0,0,0,0,0,0,0,3,36701184,128,8,0,0,0,-1,-1
82080,Noch einmal Fackeln werfen,,5852,9484,0,-1,0,0,0,0,0,0,0,0,0,0,0,0,394,0,2,4096,0,1536,82087,0,0,-1321907123,1427461461
82082,Tracking Quest,,57439,0,0,-1,0,0,0,0,0,0,0,0,0,0,0,0,0,0,3,36701184,128,8,0,0,0,-1,-1
82085,Tracking Quest,,57442,0,0,-1,0,0,0,0,0,0,0,0,0,0,0,0,0,0,3,36701184,128,8,0,0,0,-1,-1
82087,Fackelwurf,,5658,9484,0,-1,0,0,0,0,0,0,0,0,0,0,0,0,394,0,2,0,0,1536,0,0,0,-1321907123,1427461461
82088,Kobysskrawall,,57443,117968,0,-1,0,0,0,0,0,0,0,0,0,0,43032,109,2838,0,3,40435968,0,0,0,0,0,-1,-1
82105,Fackelwurf,,5658,9484,0,-1,0,0,0,0,0,0,0,0,0,0,0,0,394,0,2,0,0,1536,0,0,0,1309324210,-1440044374
82109,Noch einmal Fackeln werfen,Trefft 20 Kohlenpfannen.,5852,9484,0,-1,0,0,0,0,0,0,0,0,0,0,0,0,394,0,2,4096,0,1536,82105,0,0,1309324210,-1440044374
82120,Wasserreinigung,,57469,117968,0,-1,0,0,0,0,0,0,0,0,0,0,43036,109,2838,0,3,41484544,0,0,0,0,0,-1,-1
82133,Dokumentation: Feldhandbuchausgabe,,57481,117968,0,-1,0,0,0,0,0,0,0,0,0,0,43041,109,2838,0,3,40435968,8192,0,0,0,0,-1,-1
82134,Tracking Quest,,57482,0,0,-1,0,0,0,0,0,0,0,0,0,0,0,0,0,0,3,40895488,0,8,0,0,0,-1,-1
82142,Tracking Quest,,57490,0,0,-1,0,0,0,0,0,0,0,0,0,0,0,0,0,0,3,40895488,0,8,0,0,0,-1,-1
82145,Die verlorene Mooswolle,,57493,0,0,-1,0,0,0,0,0,0,0,0,0,0,0,265,2832,0,3,38338560,8192,8,0,0,0,-1,-1
82153,Botschaften und Gesandte,,54917,0,0,-1,0,0,0,0,0,0,0,0,0,0,0,0,2829,0,2,39845896,8192,512,79333,0,0,-1321907123,1427461461
82164,Weltenseelenerinnerung: Herrschaft der Alten Götter,,0,122933,0,-1,0,0,0,0,0,0,0,0,0,0,0,0,2462,0,3,36765768,0,8704,0,0,0,-1,-1
82197,Reservenremmidemmi,,57542,117968,0,-1,0,0,0,0,0,0,0,0,0,0,43046,109,2838,0,3,38338816,0,0,0,0,0,-1,-1
82206,In die Schatten,,57551,117968,0,-1,0,0,0,0,0,0,0,0,0,0,43048,109,2838,0,3,40435968,8192,0,0,0,0,-1,-1
82207,Weltenseelenerinnerung: Abkömmling entfernter Wasser,,0,122933,0,-1,0,0,0,0,0,0,0,0,0,0,0,0,2462,0,3,36765768,0,8704,0,0,0,-1,-1
82212,Schwacher Löwenfisch,,57553,0,0,-1,0,0,0,0,0,0,0,0,0,0,0,265,2832,0,3,41484288,8192,8,0,0,0,-1,-1
82213,Eine flattrige Bitte,,57554,0,0,-1,0,0,0,0,0,0,0,0,0,0,0,0,2799,0,2,34603016,0,512,82216,0,0,-1,-1
82214,Mag irgendwer Wespen?,,57555,0,0,-1,0,0,0,0,0,0,0,0,0,0,0,0,2799,0,2,34603016,0,512,82216,0,0,-1,-1
82215,Gewöhnliche Fasern,,57556,0,0,-1,0,0,0,0,0,0,0,0,0,0,0,0,2799,0,2,34603016,0,512,82216,0,0,-1,-1
82216,Ökonomische Bitte,,57557,122088,0,-1,5,0,0,0,0,0,0,0,0,0,0,0,2799,0,2,33554440,0,512,0,0,0,-1,-1
82217,Untergrundwirtschaft,,57558,0,0,-1,5,0,0,0,0,0,0,0,0,0,0,0,2799,0,2,35651592,0,9437696,82215,82213,82214,-1,-1
82218,Break [DNT],,57559,0,0,-1,0,0,0,0,0,0,0,0,0,0,0,0,2799,0,2,33559560,0,520,0,0,0,-1,-1
82219,Bringt Würze ins Leben,,57560,122089,0,-1,0,0,0,0,0,0,0,0,0,0,0,0,2799,0,2,33554440,0,512,0,0,0,-1,-1
82220,"Adler sieht, Adler stirbt",,57561,122089,0,-1,0,0,0,0,0,0,0,0,0,222976,0,0,2799,0,2,33554440,0,512,0,0,0,-1,-1
82221,Vollständig angezogen,,57562,0,0,-1,1,0,0,0,0,0,0,0,0,0,0,0,2799,0,2,37748744,0,512,82220,82219,0,-1,-1
82222,Kochen mit Finesse,,57563,0,0,-1,0,0,0,0,0,0,0,0,0,0,0,0,2799,0,2,37748744,0,512,82221,0,0,-1,-1
82223,Ein selbstgemachtes Mahl,,57564,0,0,-1,0,0,0,0,0,0,0,0,0,0,0,0,2799,0,2,34603016,0,512,82222,0,0,-1,-1
82225,Ausgrabungsspektakel,,57566,117968,0,-1,0,0,0,0,0,0,0,0,0,0,43078,109,2837,0,3,590080,8192,32768,0,0,0,-1,-1
82227,Tracking Quest,,57568,0,0,-1,0,0,0,0,0,0,0,0,0,0,0,0,0,0,3,36701184,0,8,82212,0,0,-1,-1
82228,Tracking Quest,,57569,0,0,-1,0,0,0,0,0,0,0,0,0,0,0,0,0,0,3,36701184,0,8,0,0,0,-1,-1
82234,Für jeden Widder ein florales Flair,,57575,117968,0,-1,1,0,0,0,0,0,0,0,0,0,43079,109,2837,0,3,4784384,8192,0,0,0,0,-1,-1
82237,Den Fall hinauf,,57578,117968,0,-1,0,0,0,0,0,0,0,0,0,0,43073,109,2838,0,3,40435968,0,0,0,0,0,-1,-1
82238,Lavaklumpen schleudern,,59296,117968,0,-1,0,0,0,0,0,0,0,0,0,222963,43360,109,2869,0,3,41484544,8192,512,0,0,0,-1,-1
82244,Lavaperlen,,59298,117968,0,-1,0,0,0,0,0,0,0,0,0,0,43181,109,2869,0,3,41484544,8192,512,0,0,0,-1,-1
82245,Freundlicher Thak,,57580,0,0,-1,0,0,0,0,0,0,0,0,0,0,0,265,2832,0,3,41484288,0,8,0,0,0,-1,-1
82246,Quest Tracking,,57581,0,0,-1,0,0,0,0,0,0,0,0,0,0,0,0,0,0,3,36701184,0,8,82245,0,0,-1,-1
82251,Tracking Quest,,57586,0,0,-1,0,0,0,0,0,0,0,0,0,0,0,0,0,0,3,36701184,0,8,0,0,0,-1,-1
82252,Quest Tracking,,57587,0,0,-1,0,0,0,0,0,0,0,0,0,0,0,0,0,0,3,36701184,0,8,0,0,0,-1,-1
82253,Tracking Quest,,57588,0,0,-1,0,0,0,0,0,0,0,0,0,0,0,0,0,0,3,36701184,0,8,0,0,0,-1,-1
82254,Aquakalypse,,57589,128162,0,-1,0,0,0,0,0,0,0,0,0,0,43132,109,2838,0,3,38338816,0,512,0,0,0,-1,-1
82256,Die Kreaturen des Katarakts einfangen,,57591,117968,0,-1,0,0,0,0,0,0,0,0,0,0,43133,109,2869,0,3,40435968,8192,512,0,0,0,-1,-1
82257,Gräben untergraben,,57592,117968,0,-1,0,0,0,0,0,0,0,0,0,0,43131,109,2838,0,3,39387392,8192,512,0,0,0,-1,-1
82258,Belagerung der Belagerungswaffen,,57593,117968,0,-1,0,0,0,0,0,0,0,0,0,0,43130,109,2838,0,3,39387392,8192,512,0,0,0,-1,-1
82259,Ehrung der Gefallenen,,57594,123491,0,-1,0,0,0,0,0,0,0,0,0,0,43129,109,2838,0,3,38338816,8192,512,0,0,0,-1,-1
82260,Weltenseelenerinnerung: Ur-Raubtiere,,0,122933,0,-1,0,0,0,0,0,0,0,0,0,0,0,0,2462,0,3,35717192,0,8704,0,0,0,-1,-1
82263,Weltenseelenerinnerung: Elementarer Zorn,,0,122933,0,-1,0,0,0,0,0,0,0,0,0,0,0,0,2462,0,3,36765768,0,8704,0,0,0,-1,-1
82266,Turmwaschsimulator,,57599,124686,0,-1,0,0,0,0,0,0,0,0,0,223220,43180,109,2861,0,3,36241664,0,0,0,0,0,-1,-1
82285,Weltenseelenerinnerung: Eine verwundete Seele,,0,122933,0,-1,0,0,0,0,0,0,0,0,0,0,0,0,2462,0,3,36765768,0,8704,0,0,0,-1,-1
82286,Weltenseelenerinnerung: Verlassene Alte Götter,,0,122933,0,-1,0,0,0,0,0,0,0,0,0,0,0,0,2462,0,3,36765768,0,8704,0,0,0,-1,-1
82288,"Arbeitet hart, Spielt hart",,57606,117968,0,-1,0,0,0,0,0,0,0,0,0,0,43091,109,2838,0,3,38338816,0,512,0,0,0,-1,-1
82291,Roboterkeilerei,,57609,117968,0,-1,0,0,0,0,0,0,0,0,0,0,43124,115,2838,0,3,590080,0,0,0,0,0,-1,-1
82292,Steinsammlerin,,57610,117968,0,-1,0,0,0,0,0,0,0,0,0,0,43123,115,2838,0,3,590080,0,0,0,0,0,-1,-1
82293,Die Macht der Freundschaft,,57611,117968,0,-1,0,0,0,0,0,0,0,0,0,0,43103,115,2838,0,3,4784384,0,512,0,0,0,-1,-1
82294,Winzige Armee,,57612,117968,0,-1,0,0,0,0,0,0,0,0,0,0,43125,115,2838,0,3,590080,0,0,0,0,0,-1,-1
82295,Ziriak,,57613,124686,0,-1,0,0,0,0,0,0,0,0,0,0,43128,115,2838,0,3,2687232,0,0,0,0,0,-1,-1
82296,Die Macht der Schöpfung,,59727,124394,0,-1,0,0,0,0,0,0,0,0,0,0,0,0,2462,0,0,40894464,8320,512,0,0,0,-1,-1
82297,Ein hungriger Wurm,,57615,124686,0,-1,0,0,0,0,0,0,0,0,0,0,43127,115,2838,0,3,2687232,0,0,0,0,0,-1,-1
82298,Das Ding aus dem Sumpf,,57616,128162,0,-1,0,0,0,0,0,0,0,0,0,0,43126,115,2838,0,3,590080,0,0,0,0,0,-1,-1
82300,Schwere Fehlfunktion,,57617,117968,0,-1,0,0,0,0,0,0,0,0,0,0,43104,115,2838,0,3,4784384,0,512,0,0,0,-1,-1
82321,Weltenseelenerinnerung: Uralte Forscher,,0,122933,0,-1,0,0,0,0,0,0,0,0,0,0,0,0,2462,0,3,36765768,0,8704,0,0,0,-1,-1
82324,Ansturm auf Nahrung,,57633,124686,0,-1,0,0,0,0,0,0,0,0,0,0,43150,109,2861,0,3,41484544,8192,0,0,0,0,-1,-1
82332,Unscheinbare Lieferspinne,,57637,124686,0,-1,0,0,0,0,0,0,0,0,0,0,43152,109,2861,0,3,41484544,8192,0,0,0,0,-1,-1
82355,Spezialauftrag: Glutbienenansturm,,57659,117968,0,-1,0,0,0,0,0,0,0,0,0,0,43055,286,2837,0,3,4784384,8192,0,82146,0,0,-1,-1
82363,Entgegengesetzte Kräfte,,57667,124686,0,-1,0,0,0,0,0,0,0,0,0,0,43171,109,2861,0,3,41484544,8192,0,0,0,0,-1,-1
82364,Dokumentation der Dissonanz,,57668,124686,0,-1,0,0,0,0,0,0,0,0,0,0,43172,109,2861,0,3,41484544,8192,0,0,0,0,-1,-1
82387,"Schleim erschlagen, Welt retten",,57694,124686,0,-1,0,0,0,0,0,0,0,0,0,0,43173,111,2861,0,3,41484544,8192,0,0,0,0,-1,-1
82414,Spezialauftrag: Besser als Nachsicht,,57723,124686,0,-1,0,0,0,0,0,0,0,0,0,0,43064,286,2861,0,3,37290240,8192,0,82159,0,0,-1,-1
82448,Ab in die Bibliothek,,57757,117968,0,-1,1,0,0,0,0,0,0,0,0,0,43663,109,2837,0,3,4784384,8192,512,78536,0,0,-1,-1
82449,Der Ruf der Weltenseele,,57758,122755,0,-1,0,0,0,0,0,0,0,0,0,0,45035,284,2838,0,3,104333312,0,4202496,0,0,0,-1,-1
82451,Plüschbegleiter bewahren,,57759,117968,0,-1,0,0,0,0,0,0,0,0,0,0,43214,109,2838,0,3,38338816,0,0,78536,0,0,-1,-1
82454,Feuerbadoptimierung,,57760,117968,0,-1,0,0,0,0,0,0,0,0,0,0,43357,109,2838,0,3,38338816,0,0,0,0,0,-1,-1
82455,Kein Brot mehr,,57761,117968,0,-1,0,0,0,0,0,0,0,0,0,0,43229,109,2838,0,3,38338816,0,0,0,0,0,-1,-1
82456,Da habt Ihr was zum Beißen,,57762,117968,0,-1,0,0,0,0,0,0,0,0,0,0,43525,109,2838,0,3,38338816,0,0,0,0,0,-1,-1
82468,Gewinnen lassen,,57773,124686,0,-1,0,0,0,0,0,0,0,0,0,0,43195,109,2861,0,3,41484544,8192,0,0,0,0,-1,-1
82470,Arkane Rätsel,,57775,117968,0,-1,1,0,0,0,0,0,0,0,0,0,43203,109,2837,0,3,4784384,8192,512,78536,0,0,-1,-1
82481,Vollstreckervernichtung,,57782,124686,0,-1,0,0,0,0,0,0,0,0,0,0,43731,109,2861,0,3,41484544,8192,0,0,0,0,-1,-1
82518,Rohre flicken,,57783,117968,0,-1,1,0,0,0,0,0,0,0,0,0,43200,109,2869,0,3,41484544,0,512,0,0,0,-1,-1
82519,Du nehmen Kerze,,57784,117968,0,-1,1,0,0,0,0,0,0,0,0,0,43201,109,2869,0,3,41484544,0,512,0,0,0,-1,-1
82521,Spielfiguren der dunklen Meister,,57786,124686,0,-1,0,0,0,0,0,0,0,0,0,0,43196,109,2861,0,3,41484544,8192,0,0,0,0,-1,-1
82523,Kerzenkönigbrecher,,57787,117968,0,-1,1,0,0,0,0,0,0,0,0,0,43202,109,2869,0,3,41484544,0,512,0,0,0,-1,-1
82524,Exterminieren,,57788,124686,0,-1,0,0,0,0,0,0,0,0,0,0,43390,109,2861,0,3,41484544,8192,0,0,0,0,-1,-1
82526,Käferei,,57791,124686,0,-1,0,0,0,0,0,0,0,0,0,0,43410,109,2861,0,3,41484544,8192,0,0,0,0,-1,-1
82531,Spezialauftrag: Bomben von hinten,,57796,124686,0,-1,0,0,0,0,0,0,0,0,0,0,43065,286,2861,0,3,41484544,8192,0,82161,0,0,-1,-1
82533,Schluckt Farbe!,,59333,124686,0,-1,0,0,0,0,0,0,0,0,0,0,43363,109,2861,0,3,41484544,8192,0,0,0,0,-1,-1
82535,[REUSE THIS RECORD],,57800,0,0,-1,0,0,0,0,0,0,0,0,0,0,0,109,2861,0,3,39387136,8192,0,79715,0,0,-1,-1
82536,Exfiltrationsoperation,,58639,124686,0,-1,0,0,0,0,0,0,0,0,0,0,43569,109,2861,0,3,41484544,8192,0,0,0,0,-1,-1
82537,[REUSE THIS RECORD],,57800,0,0,-1,0,0,0,0,0,0,0,0,0,0,0,109,2462,0,3,39387136,8192,0,0,0,0,-1,-1
82552,Höchst aufgeregt,,59297,117968,0,-1,0,0,0,0,0,0,0,0,0,0,43342,109,2869,0,3,41484544,0,512,0,0,0,-1,-1
82580,Kuriermission: Erzsammlung,,58831,117968,0,-1,0,0,0,0,0,0,0,0,0,0,43388,109,2869,0,3,41484544,8192,512,0,0,0,-1,-1
82582,Schattenumhüllt,,57827,117968,0,-1,0,0,0,0,0,0,0,0,0,0,43468,109,2838,0,3,37290240,0,0,0,0,0,-1,-1
82583,Das innere Feuer entzünden,,57828,117968,0,-1,0,0,0,0,0,0,0,0,0,0,43465,109,2838,0,3,41484544,0,0,0,0,0,-1,-1
82584,Schachzug des Lichts,,57829,125575,0,-1,0,0,0,0,0,0,0,0,0,0,43463,109,2838,0,3,41484544,8192,0,0,0,0,-1,-1
82585,Mit großen Flammen,,57830,117968,0,-1,0,0,0,0,0,0,0,0,0,225555,43467,109,2838,0,3,37290240,0,0,0,0,0,-1,-1
82586,Sporen-Ender,,57831,117968,0,-1,0,0,0,0,0,0,0,0,0,0,43466,109,2462,0,3,37290240,0,0,0,0,0,-1,-1
82615,Rückeroberung der Wasserwerke,,57839,124562,0,-1,0,0,0,0,0,0,0,0,0,0,0,0,3017,0,3,41484544,8192,33280,0,0,0,-1,-1
82650,Prise Salz,,57869,117968,0,-1,0,0,0,0,0,0,0,0,0,0,43077,109,2838,0,3,37290240,0,0,0,0,0,-1,-1
82653,Ansammlung der Schrecken,,57872,117968,0,-1,0,0,0,0,0,0,0,0,0,0,43620,289,2860,0,3,37290048,0,0,0,0,0,-1,-1
82658,Fallen lassen und rennen,,57873,117968,0,-1,0,0,0,0,0,0,0,0,0,0,43315,109,2838,0,3,37290240,0,0,0,0,0,-1,-1
82672,Eine weitere zeitige Einladung,,57875,114864,0,-1,0,0,0,0,0,0,0,0,59367,0,0,0,1369,0,2,33554440,0,536871424,0,0,0,-1,-1
82675,Cooking With Style Tracker,,57877,0,0,-1,0,0,0,0,0,0,0,0,0,0,0,0,2799,0,3,33555456,0,8,0,0,0,-1,-1
82747,Kreuzwegplatz,,57935,0,0,-1,0,0,0,0,0,0,0,0,0,0,0,0,2797,0,2,40894472,0,512,0,0,0,-1,-1
82778,Angelfest von Heilsturz,,57963,0,0,-1,0,0,0,0,0,0,0,0,0,0,43735,0,2862,0,2,36700160,0,512,0,0,0,-1,-1
82787,Spezialauftrag: Aufstieg der Kolosse,,57970,0,0,-1,0,0,0,0,0,0,0,0,0,0,43383,286,2809,0,3,41484544,8192,0,82157,0,0,-1,-1
82852,Spezialauftrag: Luchsrettung,,58021,123372,0,-1,0,0,0,0,0,0,0,0,0,0,43063,286,2809,0,3,41484544,8192,0,82158,0,0,-1,-1
83024,Sturmreiterbande,,57356,121328,0,-1,65536,0,0,0,0,0,0,0,0,0,0,0,2832,0,2,36700160,128,520,84824,0,0,-1,-1
83025,Eine heilige Verbindung,,57357,121328,0,-1,131073,0,0,0,0,0,0,0,0,0,0,0,2832,0,2,36700160,128,520,81993,84824,0,-1,-1
83028,Diebische Schnüffler,,58180,117968,0,-1,0,0,0,0,0,0,0,0,0,0,43472,109,2869,0,3,41484544,0,512,0,0,0,-1,-1
83048,Verirrte Wanderer,,58200,117968,0,-1,0,0,0,0,0,0,0,0,0,0,43490,109,2869,0,3,41484544,0,512,0,0,0,-1,-1
83055,Unterschrieben und versiegelt,,60732,0,0,-1,0,0,0,0,0,0,0,0,0,0,0,0,2888,0,3,41484288,0,268447752,0,0,0,-1,-1
83056,Cooking With Style Tracker,,58208,0,0,-1,0,0,0,0,0,0,0,0,0,0,0,0,2799,0,3,33555456,0,8,0,0,0,-1,-1
83079,Mineralienansammlung,,59194,117968,0,-1,0,0,0,0,0,0,0,0,0,0,43504,109,2869,0,3,41484544,8192,512,0,0,0,-1,-1
83080,Taelloch-Aufräumarbeiten,,59193,117968,0,-1,0,0,0,0,0,0,0,0,0,0,43505,109,2869,0,3,41484544,8192,512,0,0,0,-1,-1
83101,Ressourcenhunger,,58250,117968,0,-1,0,0,0,0,0,0,0,0,0,0,43534,109,2869,0,3,41484544,0,512,0,0,0,-1,-1
83182,Blutiges Erbe,,58331,0,0,-1,0,0,0,0,0,0,0,0,0,0,0,0,2799,0,2,38797320,8192,1049088,79151,0,0,-1,-1
83229,Spezialauftrag: Wenn die Tiefen sich regen,,58373,117968,0,-1,0,0,0,0,0,0,0,0,0,0,43058,286,2869,0,3,41484544,8192,512,82156,0,0,-1,-1
83271,Ein Geheimnis kommt selten allein,,58416,0,0,-1,2,0,0,0,0,0,0,0,0,0,0,0,2829,0,2,37748744,8192,512,82153,82153,0,-1,-1
83286,Was unter Dornogal verborgen liegt,,58431,0,0,-1,0,0,0,0,0,0,0,0,0,0,0,0,2829,0,2,37748744,8192,512,83271,0,0,-1,-1
83315,Vorbereitung auf das Unbekannte,,58460,0,0,-1,0,0,0,0,0,0,0,0,0,0,0,0,2829,0,2,37748744,8192,512,83286,0,0,-1,-1
83328,Die Analyseschnittstelle,,58472,124461,0,-1,0,0,0,0,0,0,0,0,0,0,0,0,863,0,2,37748744,0,520,79200,0,0,-1,-1
83503,Rückkehr nach Dornogal,,58642,0,0,-1,1,0,0,0,0,0,0,0,0,0,0,0,2462,0,2,37748744,0,544,78948,0,0,-1,-1
83521,"Ein wenig Hilfe, bitte?",,58660,5793,0,-1,0,0,0,0,0,0,0,0,0,0,0,0,2888,0,2,40894472,8192,512,0,0,0,-1,-1
83529,Angelfest von Heilsturz,,58668,0,0,-1,0,0,0,0,0,0,0,0,0,0,43752,0,2862,0,2,36700160,0,512,0,0,0,-1,-1
83530,Angelfest von Heilsturz,,58669,0,0,-1,0,0,0,0,0,0,0,0,0,0,43753,0,2862,0,2,36700160,0,512,0,0,0,-1,-1
83531,Angelfest von Heilsturz,,58670,0,0,-1,0,0,0,0,0,0,0,0,0,0,43754,0,2862,0,2,36700160,0,512,0,0,0,-1,-1
83532,Angelfest von Heilsturz,,58671,0,0,-1,0,0,0,0,0,0,0,0,0,0,43755,0,2862,0,2,36700160,0,512,0,0,0,-1,-1
83536,Totengräber der Ebbe,,58675,124686,0,-1,0,0,0,0,0,0,0,0,0,0,43759,109,2861,0,3,41484288,8192,0,0,0,0,-1,-1
83537,Geothermale Edelsteinbehandlung,,58829,117968,0,-1,0,0,0,0,0,0,0,0,0,0,43760,109,2869,0,3,41484544,8192,512,0,0,0,-1,-1
83538,Ausgrabungsbefreiung,,58830,117968,0,-1,0,0,0,0,0,0,0,0,0,0,43827,109,2869,0,3,41484544,8192,512,0,0,0,-1,-1
83555,Mysteriöse Halskette,,58692,0,0,-1,0,0,0,0,0,0,0,0,0,0,0,0,2829,0,2,37748744,0,512,83553,0,0,-1,-1
83556,Lieber nicht anfassen,,58693,0,0,-1,1,0,0,0,0,0,0,0,0,0,0,0,2829,0,2,37748744,0,512,83554,83555,0,-1,-1
83562,Calling Quest (DNT),,58699,0,0,-1,0,0,0,0,0,0,0,0,0,0,0,271,2797,0,2,36700168,131072,0,0,0,0,-1,-1
83640,<DNT> Template,,58767,0,0,-1,0,0,0,0,0,0,0,0,0,0,0,0,2888,0,3,41484288,131072,268447752,0,0,0,-1,-1
83643,Irgendwie haben wir überlebt,,58770,0,0,-1,0,0,0,0,0,0,0,0,0,0,0,0,2829,0,2,37748744,0,512,83641,0,0,-1,-1
83715,Beanspruchtes Bergungsgut,,58834,126042,0,-1,0,0,0,0,0,0,0,0,0,0,43828,109,2869,0,3,41484544,0,512,0,0,0,-1,-1
83718,Eierentzug,,58836,124686,0,-1,0,0,0,0,0,0,0,0,0,0,43830,109,2861,0,3,40435968,0,0,0,0,0,-1,-1
83723,Eine helfende Hand,,58841,0,0,-1,0,0,0,0,0,0,0,0,0,0,0,0,2829,0,2,37748744,0,512,83643,0,0,-1,-1
83762,Kritische Masse,,58872,0,0,-1,0,0,0,0,0,0,0,0,0,0,0,0,2829,0,2,38797320,8192,512,83743,0,0,-1,-1
83764,"Zu mächtig, zu gefährlich",,58874,0,0,-1,1,0,0,0,0,0,0,0,0,0,0,0,2829,0,2,38797320,8192,544,83762,0,0,-1,-1
83775,Ewiges Wachstum II,,58885,118675,0,-1,0,0,0,0,0,0,0,0,0,0,0,282,2793,0,0,0,1,268435976,78894,0,0,-1,-1
83776,Ewiges Wachstum III,,58886,118685,0,-1,0,0,0,0,0,0,0,0,0,0,0,282,2793,0,0,0,1,268435976,83775,0,0,-1,-1
83777,Ewiges Wachstum IV,,58887,118695,0,-1,0,0,0,0,0,0,0,0,0,0,0,282,2793,0,0,0,1,268435976,83776,0,0,-1,-1
83791,"UI Test: 3 Ziele, Parallel",,58901,0,0,-1,0,0,0,0,0,0,0,0,0,0,0,0,2824,0,3,36765704,131072,8192,0,0,0,-1,-1
83827,Bringt das Lied zum Schweigen,,58935,129009,0,-1,0,0,0,0,0,0,0,0,0,226261,43870,0,2462,0,2,308281352,8256,268435968,0,0,0,-1,-1
83930,Wurmkurlösung,,59036,117968,0,-1,0,0,0,0,0,0,0,0,0,0,43939,109,2869,0,3,41484544,0,512,0,0,0,-1,-1
84001,Aus Loren verloren,,59108,129009,0,-1,0,0,0,0,0,0,0,0,0,0,43870,0,3004,0,2,39845896,8256,268435968,0,0,0,-1,-1
84022,Durchtrennte Fäden zusammenführen,,59197,0,0,-1,0,0,0,0,0,0,0,0,0,0,0,0,2762,0,2,40894464,8192,512,78248,0,0,-1,-1
84143,Verloren und beschäftigt,,59321,127442,0,-1,0,0,0,0,0,0,0,0,59322,0,0,0,1369,0,2,36700168,0,512,0,0,0,-1,-1
84225,Ver-ei-teln,,59340,129247,0,-1,0,0,0,0,0,0,0,0,0,0,45160,0,3004,0,2,39845888,8256,268435968,85070,0,0,-1,-1
84236,Der große Detektiv,,59351,127453,0,-1,0,0,0,0,0,0,0,0,0,0,0,0,1369,0,2,40894472,0,512,83831,0,0,-1,-1
84241,Küstenkoalition,,59355,129247,0,-1,0,0,0,0,0,0,0,0,0,0,45160,0,3004,0,2,39845888,8256,268435968,0,0,0,-1,-1
84248,Ein Ritual der Runen,,59361,129009,0,-1,0,0,0,0,0,0,0,0,0,0,43871,0,2832,0,2,39845896,8256,268435968,0,0,0,-1,-1
84252,Höchste Präzision,,59365,129009,0,-1,0,0,0,0,0,0,0,0,0,230795,0,0,3004,0,2,308281352,8192,268435968,0,0,0,-1,-1
84278,Verfolgungsquest,,59390,127454,0,-1,0,0,0,0,0,0,0,0,0,0,0,0,1369,0,2,309461000,0,4640,84237,0,0,-1,-1
84286,Die schönen Dinge im Leben,,0,131868,0,-1,0,0,0,0,0,0,0,0,0,0,0,0,2723,0,0,7405568,40960,520,0,0,0,-1,-1
84296,Die Spur ist kalt geworden,,59408,127454,0,-1,0,0,0,0,0,0,0,0,0,0,0,0,1369,0,2,41025544,0,4640,84278,0,0,-1,-1
84334,Warnt den Detektiv,,59452,127455,0,-1,0,0,0,0,0,0,0,0,0,0,0,0,1369,0,2,40894472,0,4640,84296,0,0,-1,-1
84336,Findet den Unterschied,,59454,127455,0,-1,0,0,0,0,0,0,0,0,0,0,0,0,1369,0,2,40894472,0,4640,84334,0,0,-1,-1
84392,Großer Hunger im Grollwinkel,,59510,0,0,-1,0,0,0,0,0,0,0,0,58014,0,0,0,2799,0,2,36700168,0,512,0,0,0,-1,-1
84423,Den Staub abschütteln,,59534,0,0,-1,0,0,0,0,0,0,0,0,0,0,0,0,2991,0,0,34603016,0,1049088,0,0,0,-1,-1
84424,Vorwärts ins Abenteuer!,,59535,0,0,-1,0,0,0,0,0,0,0,0,0,0,0,0,2991,0,2,55574536,4,1049088,84423,0,0,-1,-1
84429,Konstrukteindämmung,,59540,117968,0,-1,0,0,0,0,0,0,0,0,0,0,44128,109,2869,0,3,41484544,8192,512,0,0,0,-1,-1
84490,Die Große Schatzkammer,,59610,127205,0,-1,0,0,0,0,0,0,0,0,0,0,0,0,2892,0,2,33554440,128,512,0,0,0,-1,-1
84506,Haustierjagd,,59625,127464,0,-1,0,0,0,0,0,0,0,0,0,0,0,0,1369,0,2,36700168,0,512,83831,0,0,-1,-1
84563,Ärger mit dem Spielzeug,,59669,129998,0,-1,0,0,0,0,0,0,0,0,0,0,0,0,1369,0,2,40894472,0,512,84336,0,0,-1321907123,1427461461
84589,Creature Name,,59695,0,0,-1,0,0,0,0,0,0,0,0,0,0,0,0,2860,0,3,34149376,0,8,0,0,0,-1,-1
84680,Haucht Fels und Stein Leben ein,,59791,129009,0,-1,0,0,0,0,0,0,0,0,0,228988,43871,0,3004,0,2,40894728,41024,268435968,0,0,0,-1,-1
84682,Von Pakten und Parteien,,59794,127693,0,-1,0,0,0,0,0,0,0,0,0,0,0,0,2861,0,2,124780800,8192,4203008,0,0,0,-1,-1
84755,Das letzte Spielzeug,,59871,129999,0,-1,0,0,0,0,0,0,0,0,0,0,0,0,1369,0,2,40894472,0,512,84588,0,0,-1321907123,1427461461
84787,Der Abfluss,,61710,130610,0,-1,0,0,0,0,0,0,0,0,0,0,44409,0,3004,0,3,6881280,8192,268435976,85753,0,0,-1,-1
84788,Heißraketenhotdogs,,59901,0,0,-1,0,0,0,0,0,0,0,0,0,0,0,0,2888,0,3,41484288,0,268447752,0,0,0,-1,-1
84791,Heißraketenburger,,59904,0,0,-1,0,0,0,0,0,0,0,0,0,0,0,0,2888,0,3,41484288,0,268447752,0,0,0,-1,-1
84835,Versunkener Hort,,61704,130662,0,-1,0,0,0,0,0,0,0,0,0,0,44479,0,3004,0,3,6881280,8192,268435976,85760,0,0,-1,-1
84836,Schauderhöhle,,61707,128822,0,-1,0,0,0,0,0,0,0,0,0,0,44478,0,3004,0,3,6881280,8192,268435976,0,0,0,-1,-1
84850,Schlangenzorn,,59965,129009,0,-1,65536,0,0,0,0,0,0,0,0,0,43872,111,3004,0,3,6881280,8256,268435968,85070,0,0,-1,-1
84851,Wellen der Gier,,59966,129009,0,-1,65536,0,0,0,0,0,0,0,0,0,43870,111,3004,0,3,6881280,8256,268435968,85070,0,0,-1,-1
84852,Vermächtnis der Vrykul,,59967,129009,0,-1,65536,0,0,0,0,0,0,0,0,0,43871,111,3004,0,3,6881280,8192,268435968,85070,0,0,-1,-1
84877,Ephemeral Agent Lathyd,,59992,0,0,-1,0,0,0,0,0,0,0,0,0,0,0,0,2992,0,3,34178048,0,8,0,0,0,-1,-1
84884,Junk Wall,,59999,0,0,-1,0,0,0,0,0,0,0,0,0,0,0,0,2992,0,3,34178048,0,8,0,0,0,-1,-1
84895,Slugger the Smart,,60005,0,0,-1,0,0,0,0,0,0,0,0,0,0,0,0,2992,0,3,34178048,0,8,0,0,0,-1,-1
84907,Chief Foreman Gutso,,60016,0,0,-1,0,0,0,0,0,0,0,0,0,0,0,0,2992,0,3,34178048,0,8,0,0,0,-1,-1
84911,Flyboy Snooty,,60020,0,0,-1,0,0,0,0,0,0,0,0,0,0,0,0,2992,0,3,34178048,0,8,0,0,0,-1,-1
84912,Die Show muss weitergehen!,,60021,52278,0,-1,0,0,0,0,0,0,0,0,0,0,0,0,1369,0,2,41025544,8192,512,84985,0,0,-1,-1
84917,Scrapbeak,,60027,0,0,-1,0,0,0,0,0,0,0,0,0,0,0,0,2860,0,3,34149376,0,8,0,0,0,-1,-1
84918,Court of Rats,,60028,0,0,-1,0,0,0,0,0,0,0,0,0,0,0,0,2860,0,3,34149376,0,8,0,0,0,-1,-1
84919,Tally Doublespeak,,60029,0,0,-1,0,0,0,0,0,0,0,0,0,0,0,0,2860,0,3,34149376,0,8,0,0,0,-1,-1
84920,Rogue Alchemist Vaz,,60030,0,0,-1,0,0,0,0,0,0,0,0,0,0,0,0,2860,0,3,34149376,0,8,0,0,0,-1,-1
84921,Thwack,,60031,0,0,-1,0,0,0,0,0,0,0,0,0,0,0,0,2860,0,3,34149376,0,8,0,0,0,-1,-1
84922,S.A.L.,,60032,0,0,-1,0,0,0,0,0,0,0,0,0,0,0,0,2860,0,3,34149376,0,8,0,0,0,-1,-1
84923,Die Geschichte eines Vogels,,60033,127467,0,-1,0,0,0,0,0,0,0,0,0,0,0,0,1369,0,2,36700168,0,512,83831,0,0,-1,-1
84926,Nitro,,60036,0,0,-1,0,0,0,0,0,0,0,0,0,0,0,0,2860,0,3,34149376,0,8,0,0,0,-1,-1
84927,Candy Stickemup,,60037,0,0,-1,0,0,0,0,0,0,0,0,0,0,0,0,2860,0,3,34149376,0,8,0,0,0,-1,-1
84928,Longwick,,60038,0,0,-1,0,0,0,0,0,0,0,0,0,0,0,0,2860,0,3,34149376,0,8,0,0,0,-1,-1
84929,Lebensretter im Einsatz,,60039,129746,0,-1,0,0,0,0,0,0,0,0,0,0,44558,109,2888,0,3,41484544,8192,0,0,0,0,-1,-1
84932,Ein Vermächtnis der Zerstörung,,60040,130006,0,-1,0,0,0,0,0,0,0,0,0,0,0,0,1369,0,2,36700168,0,512,83831,0,0,-1,-1
84948,Vertragsarbeit,,60057,133024,0,-1,0,0,0,0,0,0,0,0,0,0,0,109,2888,0,3,41517312,8320,8,0,0,0,-1,-1
84955,Schmuggelgut ungut,,60064,129746,0,-1,0,0,0,0,0,0,0,0,0,0,44561,109,2888,0,3,41484544,8192,0,0,0,0,-1,-1
84962,Dringende Auslöschung,,60071,137876,0,-1,0,0,0,0,0,0,0,0,0,0,45043,109,3008,0,3,41484544,8192,0,0,0,0,-1,-1
84966,Den Angriff aufhalten,,60075,138829,0,-1,0,0,0,0,0,0,0,0,0,0,0,0,3008,0,3,41484288,8192,0,0,0,0,-1,-1
84971,Um Grogs willen,,60077,129746,0,-1,0,0,0,0,0,0,0,0,0,0,44576,109,2888,0,3,41484544,8192,0,0,0,0,-1,-1
84979,[DNT] World Quest 001,,60082,128647,0,-1,0,0,0,0,0,0,0,0,0,0,44587,109,3031,0,3,41418752,8192,0,0,0,0,-1,-1
84981,[DNT] World Quest 002,,60083,128648,0,-1,0,0,0,0,0,0,0,0,0,0,44587,109,3031,0,3,41418752,8192,0,0,0,0,-1,-1
84982,[DNT] World Quest 003,,60084,128649,0,-1,0,0,0,0,0,0,0,0,0,0,44587,109,3031,0,3,41418752,8192,0,0,0,0,-1,-1
84983,[DNT] World Quest 004,,60085,128650,0,-1,0,0,0,0,0,0,0,0,0,0,44587,109,3031,0,3,41418752,8192,0,0,0,0,-1,-1
84984,[DNT] World Quest 005,,60086,128651,0,-1,0,0,0,0,0,0,0,0,0,0,44587,109,3031,0,3,41418752,8192,0,0,0,0,-1,-1
84985,Noch nichts bereit am Set,,60087,127466,0,-1,0,0,0,0,0,0,0,0,0,0,0,0,1369,0,2,36700168,0,512,83831,0,0,-1,-1
84993,Verschlingerangriff: Die Oase,,60094,0,0,-1,0,0,0,0,0,0,0,0,0,0,44596,283,3007,0,3,39419968,532480,4120,0,0,0,-1,-1
84994,Nachweis der Wirkung,,60095,129745,0,-1,0,0,0,0,0,0,0,0,0,0,44598,109,2888,0,3,41484544,8192,0,0,0,0,-1,-1
84995,Bilder! Bilder von Lorenhall!,,60096,129746,0,-1,0,0,0,0,0,0,0,0,0,0,44599,109,2888,0,3,41484544,8192,0,0,0,0,-1,-1
85004,Swigs Farsight,,60105,0,0,-1,0,0,0,0,0,0,0,0,0,0,0,0,2860,0,3,34149376,0,8,0,0,0,-1,-1
85005,Ein strahlender Ruf,,60106,128742,0,-1,0,0,0,0,0,0,0,0,0,0,0,0,3031,0,2,40894472,0,512,0,0,0,-1,-1
85013,Fällmittel der Düsternisverschmolzenen,,62291,129050,0,-1,0,0,0,0,0,0,0,0,0,0,44611,283,2888,0,3,37289984,0,512,0,0,0,-1,-1
85024,Ärger mit dem Spielzeug,,59669,129998,0,-1,0,0,0,0,0,0,0,0,0,0,0,0,1369,0,2,40894472,0,512,84336,0,0,1309324210,-1440044374
85026,Wo Legenden geschaffen werden,,60127,128802,0,-1,0,0,0,0,0,0,0,0,0,0,0,0,2991,0,2,592445448,0,1049088,84423,0,0,-1,-1
85042,Das letzte Spielzeug,,59871,129999,0,-1,0,0,0,0,0,0,0,0,0,0,0,0,1369,0,2,40894472,0,512,85025,0,0,1309324210,-1440044374
85051,Strandsucher,,60150,129009,0,-1,0,0,0,0,0,0,0,0,0,0,43872,0,3004,0,2,6291720,8192,268435968,0,0,0,-1,-1
85070,Tracking Quest,,60169,0,0,-1,0,0,0,0,0,0,0,0,0,0,45160,0,0,0,3,33621248,0,268435464,0,0,0,-1,-1
85088,Die Hauptveranstaltung,,64711,129050,0,-1,0,0,0,0,0,0,0,0,0,0,0,289,2993,0,3,37323072,0,8,0,0,0,-1,-1
85104,Drachenreiterrennen - Raketenrennen,,60202,129748,0,-1,0,0,0,0,0,0,0,0,0,0,44725,281,2838,0,3,34144512,0,0,0,0,0,-1,-1
85105,Drachenreiterrennen - Haldenhüpfer,,60203,134740,0,-1,0,0,0,0,0,0,0,0,0,0,44726,281,2838,0,3,34144512,0,0,0,0,0,-1,-1
85106,Drachenreiterrennen - Schrottladenchance,,60204,134740,0,-1,0,0,0,0,0,0,0,0,0,0,44727,281,2838,0,3,34144512,0,0,0,0,0,-1,-1
85107,Drachenreiterrennen - Tellerwäschertriumph,,60205,134740,0,-1,0,0,0,0,0,0,0,0,0,0,44728,281,2838,0,3,34144512,0,0,0,0,0,-1,-1
85113,Spezialauftrag: Aufziehender Sturm,,60209,129247,0,-1,0,0,0,0,0,0,0,0,0,232466,45160,286,3004,0,3,578355200,8256,268435976,0,0,0,-1,-1
85263,Bummkugel,,60387,129313,0,-1,0,0,0,0,0,0,0,0,0,0,44751,109,2888,0,3,41484544,8192,0,0,0,0,-1,-1
85268,Hochdruck-Rrreinigungssimulator,,60390,129746,0,-1,0,0,0,0,0,0,0,0,0,0,44755,109,2888,0,3,41484544,0,0,0,0,0,-1,-1
85269,Bummballon,,60391,129744,0,-1,0,0,0,0,0,0,0,0,0,0,44756,109,2888,0,3,39387392,0,0,0,0,0,-1,-1
85270,Eiskalt,,60392,129745,0,-1,0,0,0,0,0,0,0,0,0,0,44757,109,2888,0,3,41484544,8192,0,0,0,0,-1,-1
85390,Morgensonnenschäumer,,60508,129745,0,-1,0,0,0,0,0,0,0,0,0,0,44773,109,2888,0,3,37290240,0,0,0,0,0,-1,-1
85396,Schrotthaufen,,60514,129747,0,-1,0,0,0,0,0,0,0,0,0,231164,44779,109,2888,0,3,41484544,8192,0,0,0,0,-1,-1
85397,Was Pflanzen wollen,,60515,129747,0,-1,0,0,0,0,0,0,0,0,0,0,44834,109,2888,0,3,41484544,8192,0,0,0,0,-1,-1
85398,Bombentrip,,60516,129747,0,-1,0,0,0,0,0,0,0,0,0,0,44819,109,2888,0,3,41484544,8192,0,0,0,0,-1,-1
85399,Caddischock,,60517,129747,0,-1,0,0,0,0,0,0,0,0,0,0,44835,109,2888,0,3,41484544,8192,0,0,0,0,-1,-1
85400,Aus alt mach Gebräu,,60518,129747,0,-1,0,0,0,0,0,0,0,0,0,0,44836,109,2888,0,3,41484544,8192,0,0,0,0,-1,-1
85402,Auf den Höhen,,60520,129746,0,-1,0,0,0,0,0,0,0,0,0,0,44794,109,2888,0,3,41484544,8192,0,0,0,0,-1,-1
85427,Explosives Ende,,60543,129744,0,-1,0,0,0,0,0,0,0,0,0,0,44782,109,2888,0,3,41484544,8192,0,0,0,0,-1,-1
85428,Kodexverstöße,,60544,129744,0,-1,0,0,0,0,0,0,0,0,0,232989,44783,109,2888,0,3,41615616,8192,0,0,0,0,-1,-1
85460,Ökologische Erhaltung,,60574,137553,0,-1,0,0,0,0,0,0,0,0,0,0,0,109,2838,0,3,40599808,0,8,0,0,0,-1,-1
85466,Herd und kalt,,60580,129747,0,-1,0,0,0,0,0,0,0,0,0,0,44837,109,2888,0,3,41484544,8192,0,0,0,0,-1,-1
85467,Mülltonnenbrand,,60581,129747,0,-1,0,0,0,0,0,0,0,0,0,0,44838,109,2888,0,3,41484544,8192,0,0,0,0,-1,-1
85472,Kostenlose Reagenzien!,,60594,129745,0,-1,0,0,0,0,0,0,0,0,0,0,44818,109,2888,0,3,41484544,8192,0,0,0,0,-1,-1
85473,Extrablatt! Extrablatt!,,60595,129748,0,-1,0,0,0,0,0,0,0,0,0,0,44832,109,2888,0,3,41484544,8192,0,0,0,0,-1,-1
85474,Ross Ratatouille im Visier,,60596,129748,0,-1,0,0,0,0,0,0,0,0,0,0,44833,109,2888,0,3,41484544,8192,0,0,0,0,-1,-1
85475,Geheimnisse im Sand,,60597,130003,0,-1,2,0,0,0,0,0,0,0,0,0,0,0,1369,0,2,40894472,0,512,85208,85195,0,-1,-1
85479,"Macht sie alle, jagt sie hoch",,60601,138185,0,-1,0,0,0,0,0,0,0,0,0,0,44830,113,2888,0,3,6881536,8192,0,0,0,0,-1,-1
85487,Spezialauftrag: Bämm! Kopfschuss!,,60609,129748,0,-1,0,0,0,0,0,0,0,0,0,0,44839,286,2888,0,3,41484544,8192,0,85489,0,0,-1,-1
85488,Spezialauftrag: Sicherheitsdienst,,60610,129748,0,-1,0,0,0,0,0,0,0,0,0,0,44840,286,2888,0,3,41484544,8192,0,85490,0,0,-1,-1
85497,Kaputte Dichtung,,60619,129744,0,-1,0,0,0,0,0,0,0,0,0,0,44848,109,2888,0,3,41484544,8192,0,0,0,0,-1,-1
85498,Feuerwerkeln,,60620,129744,0,-1,0,0,0,0,0,0,0,0,0,0,44849,109,2888,0,3,41484544,8192,0,0,0,0,-1,-1
85499,Des einen Goblins Müll,,60621,129744,0,-1,0,0,0,0,0,0,0,0,0,0,44850,109,2888,0,3,41484544,8192,0,0,0,0,-1,-1
85500,Gefährlicher Abfall,,60622,129744,0,-1,0,0,0,0,0,0,0,0,0,0,44851,109,2888,0,3,41484544,8192,0,0,0,0,-1,-1
85502,Festtagsreflektionen,,60624,130004,0,-1,1,0,0,0,0,0,0,0,0,0,0,0,1369,0,2,40894472,0,512,85476,0,0,-1,-1
85512,Fälschungen aufspüren,,60634,136062,0,-1,0,0,0,0,0,0,0,0,0,0,44854,109,2888,0,3,37290240,0,0,0,0,0,-1,-1
85513,Schmiere der Tiefenreiter,,60635,129745,0,-1,0,0,0,0,0,0,0,0,0,0,44855,109,2888,0,3,37290240,0,0,0,0,0,-1,-1
85514,Wenn sie es nicht benutzen...,,60636,129745,0,-1,0,0,0,0,0,0,0,0,0,0,44856,109,2888,0,3,37290240,0,0,0,0,0,-1,-1
85515,Gratisproben!,,60637,129745,0,-1,0,0,0,0,0,0,0,0,0,231900,44857,109,2888,0,3,37421312,0,0,0,0,0,-1,-1
85518,Schwarzmarkthändlerabschaum,,60640,129748,0,-1,0,0,0,0,0,0,0,0,0,0,44858,109,2888,0,3,41484544,8192,0,0,0,0,-1,-1
85519,Peng und platz,,60641,129744,0,-1,0,0,0,0,0,0,0,0,0,0,44860,109,2888,0,3,41484544,8192,268435456,0,0,0,-1,-1
85524,Die Düsternisverschworenen entwaffnen,,60646,129748,0,-1,0,0,0,0,0,0,0,0,0,0,44865,109,2888,0,3,37290240,0,0,0,0,0,-1,-1
85526,Drecksack,,60648,129747,0,-1,0,0,0,0,0,0,0,0,0,0,44866,109,2888,0,3,41484544,8192,0,0,0,0,-1,-1
85527,Bukanierbonzai,,60649,129746,0,-1,0,0,0,0,0,0,0,0,0,0,44867,109,2888,0,3,37290240,0,0,0,0,0,-1,-1
85528,Rekruiteamung,,60650,129746,0,-1,0,0,0,0,0,0,0,0,0,0,44868,109,2888,0,3,41484544,8192,0,0,0,0,-1,-1
85553,Nebenjob: Auf Krabbenfühlung,,60676,131393,0,-1,0,0,0,0,0,0,0,0,0,0,45183,0,2888,0,2,40894472,32768,512,0,0,0,-1,-1
85554,Nebenjob: Wir brauchen Eier!,,60677,131393,0,-1,0,0,0,0,0,0,0,0,0,0,45184,0,2888,0,2,40894472,40960,512,0,0,0,-1,-1
85561,[DNT] Debugging Abandon,,60685,0,0,-1,0,0,0,0,0,0,0,0,0,0,0,0,2869,0,3,37289984,0,0,0,0,0,-1,-1
85653,Den Zeh ins Wasser halten,,60721,0,0,-1,0,0,0,0,0,0,0,0,0,0,44954,0,3004,0,2,40894472,8192,268435968,84726,0,0,-1,-1
85654,Aufladen und losstürmen,,60722,0,0,-1,1,0,0,0,0,0,0,0,0,0,44955,0,3004,0,2,40894472,8192,268435968,85653,85070,0,-1,-1
85655,Entfesselung ihrer Macht,,60723,0,0,-1,0,0,0,0,0,0,0,0,0,0,44956,0,3004,0,2,40894472,8192,268435968,85654,0,0,-1,-1
85656,Der singende Banditenfänger,,60724,0,0,-1,0,0,0,0,0,0,0,0,0,0,44957,0,3004,0,2,40894472,8192,268435968,85655,0,0,-1,-1
85657,Cyrce wäre stolz,,60725,0,0,-1,0,0,0,0,0,0,0,0,0,0,44958,0,3004,0,2,40894472,8192,268435968,85656,0,0,-1,-1
85715,Muse gesucht,,60778,0,0,-1,0,0,0,0,0,0,0,0,0,0,0,0,2888,0,3,41484288,0,268447752,0,0,0,-1,-1
85717,Heikles Haustier,,60780,0,0,-1,0,0,0,0,0,0,0,0,0,0,0,0,2888,0,3,41484288,0,268447752,0,0,0,-1,-1
85731,Verfolgungsquest,,60791,0,0,-1,0,0,0,0,0,0,0,0,0,0,0,0,2734,0,3,3768320,0,12296,0,0,0,-1,-1
85732,Schnelle Schädlingsbekämpfung,,60792,0,0,-1,0,0,0,0,0,0,0,0,0,0,0,0,2888,0,3,41484288,0,268447752,0,0,0,-1,-1
85733,Daiquiridesaster,,60793,0,0,-1,0,0,0,0,0,0,0,0,0,0,0,0,2888,0,3,41484288,0,268447752,0,0,0,-1,-1
85753,Der Abfluss,,61711,130607,0,-1,0,0,0,0,0,0,0,0,0,0,44409,0,3004,0,3,6881280,8192,268435976,0,0,0,-1,-1
85754,Der Abfluss,,61709,130612,0,-1,1,0,0,0,0,0,0,0,0,0,44409,0,3004,0,3,6881280,8192,268435976,85753,84787,0,-1,-1
85755,Der Abfluss,,61714,128821,0,-1,0,0,0,0,0,0,0,0,0,0,44409,0,3004,0,3,6881280,8192,268435976,0,0,0,-1,-1
85758,Großreinemachen,,60818,0,0,-1,0,0,0,0,0,0,0,0,0,0,0,0,2888,0,3,41484288,0,268447752,0,0,0,-1,-1
85759,Kristallausrichtung,,60819,0,0,-1,0,0,0,0,0,0,0,0,0,0,0,0,2888,0,3,41484288,0,268447752,0,0,0,-1,-1
85760,Versunkener Hort,,61703,128827,0,-1,0,0,0,0,0,0,0,0,0,0,44479,0,3004,0,3,6881280,8192,268435976,0,0,0,-1,-1
85761,Versunkener Hort,,61705,130664,0,-1,1,0,0,0,0,0,0,0,0,0,44479,0,3004,0,3,6881280,8192,268435976,85760,84835,0,-1,-1
85762,Versunkener Hort,,61713,130666,0,-1,0,0,0,0,0,0,0,0,0,0,44479,0,3004,0,3,6881280,8192,268435976,0,0,0,-1,-1
85763,Schauderhöhle,,61708,130672,0,-1,0,0,0,0,0,0,0,0,0,0,44478,283,3004,0,3,6881280,8192,268435976,0,0,0,-1,-1
85764,Schauderhöhle,,61715,130675,0,-1,0,0,0,0,0,0,0,0,0,0,44478,0,3004,0,3,6881280,8192,268435976,0,0,0,-1,-1
85765,Schauderhöhle,,61706,130682,0,-1,0,0,0,0,0,0,0,0,0,0,44478,0,3004,0,3,6881280,8192,268435976,0,0,0,-1,-1
85769,Die Feier muss weitergehen,,60826,0,0,-1,0,0,0,0,0,0,0,0,0,0,0,0,2888,0,3,41484288,0,268447752,0,0,0,-1,-1
85771,Papierlieferung,,60828,0,0,-1,0,0,0,0,0,0,0,0,0,0,0,0,2888,0,3,41484288,0,268447752,0,0,0,-1,-1
85773,Geister zu vermieten,,60830,0,0,-1,0,0,0,0,0,0,0,0,0,0,0,0,2888,0,3,41484288,0,268447752,0,0,0,-1,-1
85797,Messerkampf,,60854,0,0,-1,0,0,0,0,0,0,0,0,0,0,0,0,2888,0,3,41484288,0,268447752,0,0,0,-1,-1
85812,Beraubt die Räuber,,60862,137876,0,-1,0,0,0,0,0,0,0,0,0,0,45040,109,3008,0,3,41484544,8192,0,0,0,0,-1,-1
85822,Marktdominanz,,60872,137876,0,-1,0,0,0,0,0,0,0,0,0,0,45039,109,3008,0,3,41484544,8192,0,0,0,0,-1,-1
85826,Omikreuzung,,60876,0,0,-1,0,0,0,0,0,0,0,0,0,0,0,0,2888,0,3,41484288,0,268447752,0,0,0,-1,-1
85834,Gefährdete Arten,,60880,137876,0,-1,0,0,0,0,0,0,0,0,0,0,45041,109,3008,0,3,41484544,0,0,0,0,0,-1,-1
85854,In Ermangelung eines Namens,,60900,0,0,-1,0,0,0,0,0,0,0,0,0,0,0,0,2888,0,3,41484288,0,268447752,0,0,0,-1,-1
85855,Muss etwas deklariert werden?,,60901,137876,0,-1,0,0,0,0,0,0,0,0,0,0,45046,109,3008,0,3,41484544,8192,0,0,0,0,-1,-1
85861,Teppichmonster!!!,,60907,0,0,-1,0,0,0,0,0,0,0,0,0,0,0,0,2888,0,3,41484288,0,268447752,0,0,0,-1,-1
85863,Phasentauchen: Seltsame Stürme,,60909,137876,0,-1,0,0,0,0,0,0,0,0,0,0,45048,109,3008,0,3,41484544,8192,0,0,0,0,-1,-1
85864,Phasentauchen: Gebrochenes Laakunit,,60910,137876,0,-1,0,0,0,0,0,0,0,0,0,0,45469,109,3008,0,3,41484544,8192,0,0,0,0,-1,-1
85874,Goldfischrettung,,60920,0,0,-1,0,0,0,0,0,0,0,0,0,0,0,0,2888,0,3,41484288,0,268447752,0,0,0,-1,-1
85888,Künstlerlizenz,,60930,0,0,-1,0,0,0,0,0,0,0,0,0,0,0,0,2888,0,3,41484288,0,268447752,0,0,0,-1,-1
85913,Nebenjob: Aufräumarbeiten,,60945,131392,0,-1,0,0,0,0,0,0,0,0,0,0,45177,0,2888,0,2,36700168,32768,512,0,0,0,-1,-1
85914,Nebenjob: Kühle Angelegenheiten,,60946,131392,0,-1,0,0,0,0,0,0,0,0,0,0,45178,0,2888,0,2,40894472,32768,512,0,0,0,-1,-1
85925,Halsbrecherrennen - Halsbrecherblitz,,60954,131194,0,-1,0,0,0,0,0,0,0,0,0,0,45075,281,2838,0,3,34144512,0,0,0,0,0,-1,-1
85926,Halsbrecherrennen - Schrottplatzspurt,,60955,131194,0,-1,0,0,0,0,0,0,0,0,0,0,45076,281,2838,0,3,34144512,0,0,0,0,0,-1,-1
85927,Halsbrecherrennen - Casinokurs,,60956,131194,0,-1,0,0,0,0,0,0,0,0,0,0,45077,281,2838,0,3,34144512,0,0,0,0,0,-1,-1
85928,Halsbrecherrennen - Grundgekrabbel,,60957,131194,0,-1,0,0,0,0,0,0,0,0,0,0,45078,281,2838,0,3,34144512,0,0,0,0,0,-1,-1
85929,Archivar Rumpelschimmer,,60958,0,0,-1,0,0,0,0,0,0,0,0,0,0,0,0,401,0,0,33554440,0,512,0,0,0,-1,-1
85930,Archivar Kupfermoos,,60959,0,0,-1,0,0,0,0,0,0,0,0,0,0,0,0,401,0,0,33554440,0,512,0,0,0,-1,-1
85931,Archivarin Farolt,,60960,0,0,-1,0,0,0,0,0,0,0,0,0,0,0,0,401,0,0,33554440,0,512,0,0,0,-1,-1
85932,Archivarin Silsigra,,60961,0,0,-1,0,0,0,0,0,0,0,0,0,0,0,0,401,0,0,33554440,0,512,0,0,0,-1,-1
85933,Urahne Knythall,,60962,0,0,-1,0,0,0,0,0,0,0,0,0,0,0,0,401,0,0,33554440,0,512,0,0,0,-1,-1
85934,Urahnin Schwureid,,60963,0,0,-1,0,0,0,0,0,0,0,0,0,0,0,0,401,0,0,33554440,0,512,0,0,0,-1,-1
85935,Urahnin Ikk'zivan,,60964,0,0,-1,0,0,0,0,0,0,0,0,0,0,0,0,401,0,0,33554440,0,512,0,0,0,-1,-1
85936,Urahnin Ikk'xataz,,60965,0,0,-1,0,0,0,0,0,0,0,0,0,0,0,0,401,0,0,33554440,0,512,0,0,0,-1,-1
85944,Nebenjob: Blutgruppe,,60973,131392,0,-1,0,0,0,0,0,0,0,0,0,0,45180,0,2888,0,2,36700168,32768,512,0,0,0,-1,-1
85945,Nebenjob: Blut-Ex,,60974,131392,0,-1,0,0,0,0,0,0,0,0,0,232897,45181,0,2888,0,2,36700168,32768,512,0,0,0,-1,-1
85946,Der große Krabbenausbruch,,60975,0,0,-1,0,0,0,0,0,0,0,0,0,0,0,0,2888,0,3,41484288,0,268447752,0,0,0,-1,-1
85960,Nebenjob: In der Soße verschollen,,60983,131392,0,-1,0,0,0,0,0,0,0,0,0,0,45179,0,2888,0,2,36700168,32768,512,0,0,0,-1,-1
85962,Nebenjob: Ungehörige Reagenzien,,60985,131392,0,-1,0,0,0,0,0,0,0,0,0,0,45182,0,2888,0,2,36700168,32768,512,0,0,0,-1,-1
86177,Nebenjob: Die Gaben der Gezeiten,,61102,131393,0,-1,0,0,0,0,0,0,0,0,0,0,45185,0,2888,0,2,40894472,32768,512,0,0,0,-1,-1
86178,Nebenjob: Küstensäuberung,,61103,131393,0,-1,0,0,0,0,0,0,0,0,0,0,45186,0,2888,0,2,40894472,32768,512,0,0,0,-1,-1
86179,Nebenjob: Großer Durchbruch für Glücksmoment,,61104,131393,0,-1,0,0,0,0,0,0,0,0,0,0,45187,0,2888,0,2,40894472,32768,512,0,0,0,-1,-1
86180,Nebenjob: Verseuchte Gewässer,,61105,131393,0,-1,0,0,0,0,0,0,0,0,0,0,45188,0,2888,0,2,40894472,32768,512,0,0,0,-1,-1
86197,"Lernt, wie es läuft, oder geht über die Planke",,61130,0,0,-1,0,0,0,0,0,0,0,0,0,0,3785,109,2814,0,3,37290016,132,8,0,0,0,-1,-1
86305,Käferjagd,,61236,137876,0,-1,0,0,0,0,0,0,0,0,0,249417,45205,109,3008,0,3,7930112,8192,0,0,0,0,-1,-1
86309,Herausforderung des Lorenbosses: Geschätzter Goblin,,0,0,0,-1,0,0,0,0,0,0,0,0,0,0,45206,0,2462,0,3,36765768,0,512,0,0,0,-1,-1
86311,Haldenweise Probleme,,61240,0,0,-1,0,0,0,0,0,0,0,0,0,0,0,0,2888,0,3,41484288,0,268447752,0,0,0,-1,-1
86313,Reinigung der Düsternisverschmolzenen,,61242,0,0,-1,0,0,0,0,0,0,0,0,0,0,0,0,2888,0,3,41484288,0,268447752,0,0,0,-1,-1
86314,Schlamm in Gang 3,,61243,0,0,-1,0,0,0,0,0,0,0,0,0,0,0,0,2888,0,3,41484288,0,268447752,0,0,0,-1,-1
86315,Chaos auf den Straßen,,61244,0,0,-1,0,0,0,0,0,0,0,0,0,0,0,0,2888,0,3,41484288,0,268447752,0,0,0,-1,-1
86317,Schwarzblut auf See,,61246,0,0,-1,0,0,0,0,0,0,0,0,0,0,0,0,2888,0,3,41484288,0,268447752,0,0,0,-1,-1
86318,Drangsalierende Drängler,,61247,0,0,-1,0,0,0,0,0,0,0,0,0,0,0,0,2888,0,3,41484288,0,268447752,0,0,0,-1,-1
86319,Augen des Himmels,,61248,0,0,-1,0,0,0,0,0,0,0,0,0,0,0,0,2888,0,3,41484288,0,268447752,0,0,0,-1,-1
86320,Schikanierer für Euch!,,61249,0,0,-1,0,0,0,0,0,0,0,0,0,0,0,0,2888,0,3,41484288,0,268447752,0,0,0,-1,-1
86321,Von Tür zu Tür,,61250,0,0,-1,0,0,0,0,0,0,0,0,0,0,0,0,2888,0,3,41484288,0,268447752,0,0,0,-1,-1
86337,Gallagio Garbage,,61269,0,0,-1,0,0,0,0,0,0,0,0,0,0,0,0,2992,0,3,34149376,0,8,0,0,0,-1,-1
86363,Der bessere Teil der Tapferkeitssteine,,61295,143009,0,-1,0,0,0,0,0,0,0,0,0,0,0,0,3008,0,2,37749064,0,520,0,0,0,-1,-1
86364,Wappen aus dem Äther,,61296,0,0,-1,0,0,0,0,0,0,0,0,0,0,0,0,3008,0,2,37749064,0,520,86363,0,0,-1,-1
86365,Wappentransmutation,,61297,0,0,-1,0,0,0,0,0,0,0,0,0,0,0,0,3008,0,2,34603336,0,520,86364,0,0,-1,-1
86367,Larven zerstampfen,,61298,137876,0,-1,0,0,0,0,0,0,0,0,0,0,45260,109,3008,0,3,41484544,8192,0,0,0,0,-1,-1
86372,Zeigt den Ödnisbewohnern ihren Platz,,61302,137876,0,-1,0,0,0,0,0,0,0,0,0,0,45262,109,3008,0,3,41484544,8192,0,84906,0,0,-1,-1
86388,Spark - Template,,61318,0,0,-1,0,0,0,0,0,0,0,0,0,0,0,282,2888,0,2,40894464,8192,268435976,0,0,0,-1,-1
86390,Noggenfogger-Nervensäge,,62290,129050,0,-1,0,0,0,0,0,0,0,0,0,0,45266,283,2888,0,3,37289984,0,0,0,0,0,-1,-1
86391,Wir holen uns unsere Macht zurück,,61319,137876,0,-1,0,0,0,0,0,0,0,0,0,0,48658,109,3008,0,3,41484544,8192,0,0,0,0,-1,-1
86395,Gestohlenes zurückstehlen,,61324,137876,0,-1,0,0,0,0,0,0,0,0,0,0,45297,109,3008,0,3,41484544,8192,0,0,0,0,-1,-1
86409,Über die Klippen pirschen,,61342,137876,0,-1,0,0,0,0,0,0,0,0,0,0,45306,109,3008,0,3,41484544,8192,0,0,0,0,-1,-1
86410,Schleimgerangel,,61343,0,0,-1,0,0,0,0,0,0,0,0,0,0,0,0,2888,0,3,41484288,0,268447752,0,0,0,-1,-1
86412,Schickeriahosen,,61345,0,0,-1,0,0,0,0,0,0,0,0,0,0,0,0,2888,0,3,41484288,0,268447752,0,0,0,-1,-1
86414,Magnoschrotter 9000,,62268,129050,0,-1,0,0,0,0,0,0,0,0,0,0,45270,283,2888,0,3,37289984,0,0,0,0,0,-1,-1
86418,Frisches Handtuch?,,61349,0,0,-1,0,0,0,0,0,0,0,0,0,0,0,0,2888,0,3,41484288,0,268447752,0,0,0,-1,-1
86428,Voltschlag der Geladene,,62267,129050,0,-1,0,0,0,0,0,0,0,0,0,0,45339,283,2888,0,3,37289984,0,0,0,0,0,-1,-1
86429,Phasentauchen: Das gebundene Ungebundene,,61357,137876,0,-1,0,0,0,0,0,0,0,0,0,0,46703,109,3008,0,3,41484544,8192,0,0,0,0,-1,-1
86431,Schrottmampfer,,62266,129050,0,-1,0,0,0,0,0,0,0,0,0,0,45342,283,2888,0,3,37289984,0,0,0,0,0,-1,-1
86447,Verschlingerangriff: Biokuppel: Primus,,61369,0,0,-1,0,0,0,0,0,0,0,0,0,0,45356,283,3007,0,3,39419968,524288,4120,0,0,0,-1,-1
86450,Tracking Quest,,61371,0,0,-1,0,0,0,0,0,0,0,0,0,0,0,0,0,0,3,36766728,0,0,0,0,0,-1,-1
86464,Verschlingerangriff: Das Atrium,,61385,0,0,-1,0,0,0,0,0,0,0,0,0,0,45388,283,3007,0,3,39419968,524288,4120,0,0,0,-1,-1
86465,Verschlingerangriff: Tazavesh,,61386,0,0,-1,0,0,0,0,0,0,0,0,0,0,45393,283,3007,0,3,39419968,524288,4120,0,0,0,-1,-1
86476,Weltenseelenerinnerung: Frühe Kartellkriege,,0,122933,0,-1,0,0,0,0,0,0,0,0,0,0,0,0,2462,0,3,36765768,0,8704,0,0,0,-1,-1
86477,Weltenseelenerinnerung: Kaja'mitkontakt,,0,122933,0,-1,0,0,0,0,0,0,0,0,0,0,0,0,2462,0,3,36765768,0,8704,0,0,0,-1,-1
86535,Testlauf,,61450,132606,0,-1,0,0,0,0,0,0,0,0,0,0,0,0,2888,0,2,39845896,0,552,0,0,0,-1,-1
86567,Tracking Quest,,61483,0,0,-1,0,0,0,0,0,0,0,0,0,0,0,0,0,0,3,36701184,128,8,0,0,0,-1,-1
86568,Tracking Quest,,61484,0,0,-1,0,0,0,0,0,0,0,0,0,0,0,0,0,0,3,36701184,128,8,0,0,0,-1,-1
86569,Tracking Quest,,61485,0,0,-1,0,0,0,0,0,0,0,0,0,0,0,0,0,0,3,36701184,128,8,0,0,0,-1,-1
86570,Tracking Quest,,61486,0,0,-1,0,0,0,0,0,0,0,0,0,0,0,0,0,0,3,36701184,128,8,0,0,0,-1,-1
86571,Tracking Quest,,61487,0,0,-1,0,0,0,0,0,0,0,0,0,0,0,0,0,0,3,36701184,128,8,0,0,0,-1,-1
86572,Tracking Quest,,61488,0,0,-1,0,0,0,0,0,0,0,0,0,0,0,0,0,0,3,36701184,128,8,0,0,0,-1,-1
86573,Tracking Quest,,61489,0,0,-1,0,0,0,0,0,0,0,0,0,0,0,0,0,0,3,36701184,128,8,0,0,0,-1,-1
86584,Überwältigender Pflichturlaub,,61498,137876,0,-1,0,0,0,0,0,0,0,0,0,0,45446,109,3008,0,3,37290240,8192,0,84967,0,0,-1,-1
86610,Weder Leere noch Nacht,,61522,137876,0,-1,0,0,0,0,0,0,0,0,0,0,45461,109,3008,0,3,37290240,0,512,84967,0,0,-1,-1
86645,Hidden Quest [DNT],,61553,0,0,-1,65536,0,0,0,0,0,0,0,0,0,0,265,3321,0,3,41484288,0,8200,93061,0,0,-1,-1
86696,Wiederholte Schattenstörung,,61591,137876,0,-1,0,0,0,0,0,0,0,0,0,0,45526,109,3008,0,3,37290240,8192,0,85037,0,0,-1,-1
86707,Auferstehung der Schattenwache,,61602,137876,0,-1,0,0,0,0,0,0,0,0,0,0,47755,109,3008,0,3,37290240,8192,512,84967,0,0,-1,-1
86709,Mana fällt vom Himmel,,61604,137876,0,-1,0,0,0,0,0,0,0,0,0,0,45536,109,3008,0,3,41484544,8192,0,85037,0,0,-1,-1
86728,Operation: Schleuse: Müllentsorgung,,61623,135171,0,-1,0,0,0,0,0,0,0,0,0,0,0,81,2718,0,2,36700424,0,512,0,0,0,-1,-1
86800,Wischt sie fort,,61686,137876,0,-1,0,0,0,0,0,0,0,0,0,0,45648,109,3008,0,3,37290240,8192,512,0,0,0,-1,-1
86810,Ernte der Leere,,61696,139380,0,-1,0,0,0,0,0,0,0,0,0,0,50662,0,4311,0,2,40894472,8192,268435968,0,0,0,-1,-1
86817,Versunkener Hort,,61712,0,0,-1,0,0,0,0,0,0,0,0,0,0,0,0,3004,0,3,2098176,0,268435464,0,0,0,-1,-1
86821,Phasentauchen: Losgelöst und unwohl,,61719,137876,0,-1,0,0,0,0,0,0,0,0,0,0,45675,109,3008,0,3,41484544,8192,0,0,0,0,-1,-1
86822,Ein letztes Relikt,,61720,0,0,-1,0,0,0,0,0,0,0,0,0,0,0,0,3088,0,2,37748744,8192,512,89338,0,0,-1,-1
86823,Die Dunkle Horde,,61721,0,0,-1,0,0,0,0,0,0,0,0,0,0,0,0,3088,0,2,38797320,4202496,512,86822,0,0,-1,-1
86824,Die Banner sollen brennen,,61722,0,0,-1,0,0,0,0,0,0,0,0,0,239130,0,0,3088,0,2,38797320,4202496,512,86822,0,0,-1,-1
86825,Ein verblendeter Diener,,61723,0,0,-1,0,0,0,0,0,0,0,0,0,0,0,0,3088,0,2,38797320,4202496,512,86822,0,0,-1,-1
86826,Nagosh der Vernarbte,,61724,0,0,-1,0,0,0,0,0,0,0,0,0,0,0,0,3088,0,2,38797320,0,512,91391,0,0,-1,-1
86827,Gebührende Anerkennung,,61725,0,0,-1,0,0,0,0,0,0,0,0,0,0,0,0,3088,0,2,40894472,0,512,91391,0,0,-1,-1
86828,Danath Nicht-nur-Trollbann,,61726,0,0,-1,5,0,0,0,0,0,0,0,0,0,0,0,3088,0,2,38797320,2,512,86826,86827,91842,-1,-1
86829,Ein bedeutender Moment,,61727,0,0,-1,1,0,0,0,0,0,0,0,0,0,0,0,3088,0,2,37748744,4,512,86830,86831,0,-1,-1
86830,Die letzte Schar der Dunklen Horde,,61728,0,0,-1,0,0,0,0,0,0,0,0,0,0,0,0,3088,0,2,38797320,4202496,512,86828,0,0,-1,-1
86831,Krieger ohne Kriegsfürstin,,61729,0,0,-1,0,0,0,0,0,0,0,0,0,0,0,0,3088,0,2,38797320,4202496,512,86828,0,0,-1,-1
86832,Eine würdige Schmiede,,61730,0,0,-1,0,0,0,0,0,0,0,0,61731,0,0,0,3088,0,2,55574536,4202496,512,91726,0,0,-1,-1
86833,Ein neu geschmiedetes Bollwerk,,61731,0,0,-1,0,0,0,0,0,0,0,0,0,0,0,0,3088,0,2,37748744,8196,524800,91726,0,0,-1,-1
86837,Ein Treffen am Sonnenbrunnen,,61735,0,0,-1,0,0,0,0,0,0,0,0,0,0,0,0,3088,0,2,40894472,4194304,512,89193,0,0,-1,-1
86838,Licht für die Erschöpften,,61736,0,0,-1,0,0,0,0,0,0,0,0,0,237811,0,0,3088,0,2,309461000,4194304,512,86837,0,0,-1,-1
86839,Relikte des Hoffnungsvollen Lichts,,61737,0,0,-1,0,0,0,0,0,0,0,0,0,0,0,0,3088,0,2,40894472,8192,512,86838,0,0,-1,-1
86840,Ein Hoffnungsschimmer,,61738,0,0,-1,0,0,0,0,0,0,0,0,0,0,0,0,3088,0,2,40894472,4202496,512,86839,0,0,-1,-1
86841,Relikte der Vergangenheit,,61739,0,0,-1,0,0,0,0,0,0,0,0,0,0,0,0,3088,0,2,40894472,4202496,512,86840,0,0,-1,-1
86842,Scharlachrote Macht,,61740,0,0,-1,1,0,0,0,0,0,0,0,0,0,0,0,3088,0,2,36700168,4202496,512,86840,86841,0,-1,-1
86843,"Licht, zu finsteren Zwecken missbraucht",,61741,0,0,-1,0,0,0,0,0,0,0,0,0,0,0,0,3088,0,2,40894472,8192,512,86842,0,0,-1,-1
86844,"Licht, das wahrhaftig dient",,61742,0,0,-1,0,0,0,0,0,0,0,0,0,0,0,0,3088,0,2,40894472,8192,512,86842,0,0,-1,-1
86845,Der Weg des Sonnenläufers,,61743,0,0,-1,0,0,0,0,0,0,0,0,0,0,0,0,3088,0,2,40894472,8192,512,86902,0,0,-1,-1
86846,Nachschub für unsere Handwerker,,61744,0,0,-1,0,0,0,0,0,0,0,0,0,0,0,0,3088,0,2,40894472,0,512,86845,0,0,-1,-1
86869,Phasentauchen: Saboteure von Shan'dorah,,61768,137876,0,-1,0,0,0,0,0,0,0,0,0,0,45668,109,3008,0,3,41484544,8192,0,0,0,0,-1,-1
86872,Phasentauchen: Experimentelle Auslöschung,,61770,137876,0,-1,0,0,0,0,0,0,0,0,0,0,45670,109,3008,0,3,41484544,8192,0,0,0,0,-1,-1
86874,Auslichtung,,61772,137402,0,-1,0,0,0,0,0,0,0,0,0,0,0,0,3087,0,3,37289984,0,0,0,0,0,-1,-1
86902,Relikte in treue Hände,,61800,0,0,-1,1,0,0,0,0,0,0,0,0,0,0,0,3088,0,2,37748744,4194304,512,86843,86844,0,-1,-1
86903,Die Arkantine,,61801,0,0,-1,0,0,0,0,0,0,0,0,0,248131,0,0,3088,0,2,309461000,4194304,1049088,86833,0,0,-1,-1
86909,Rastlose Geister,,61807,0,0,-1,0,0,0,0,0,0,0,0,0,0,3785,0,3087,0,2,41484288,8192,512,0,0,0,-1,-1
86938,Leerendurchbrüche,,61836,142958,0,-1,0,0,0,0,0,0,0,0,0,0,49791,109,3098,0,3,37290240,0,512,0,0,0,-1,-1
86939,Zwielichtkeil,,61837,142958,0,-1,0,0,0,0,0,0,0,0,0,235663,49792,109,3098,0,3,37290240,0,512,0,0,0,-1,-1
86941,Elementarinfusion,,61839,142958,0,-1,0,0,0,0,0,0,0,0,0,0,49793,109,3098,0,3,37290240,0,512,0,0,0,-1,-1
86943,Losbohren,,61841,129748,0,-1,0,0,0,0,0,0,0,0,0,0,45708,115,2888,0,3,37290240,0,0,0,0,0,-1,-1
86945,Schattenvorräte,,61843,142958,0,-1,0,0,0,0,0,0,0,0,0,0,49794,109,3098,0,3,37290240,0,512,0,0,0,-1,-1
86947,"Winzig, teuer und tödlich",,61845,129748,0,-1,0,0,0,0,0,0,0,0,0,0,45709,115,2888,0,3,37290240,0,0,0,0,0,-1,-1
86948,Zwielichtbund,,61846,142958,0,-1,0,0,0,0,0,0,0,0,0,0,49795,109,3098,0,3,37290240,0,512,0,0,0,-1,-1
86949,Treue Besatzungsmitglieder,,61847,129748,0,-1,0,0,0,0,0,0,0,0,0,0,45710,115,2888,0,3,37290240,0,0,0,0,0,-1,-1
86951,Abstieg der Aufgestiegenen,,61848,142958,0,-1,0,0,0,0,0,0,0,0,0,0,49796,109,3098,0,3,37290240,0,512,0,0,0,-1,-1
86952,Nähert Euch der Schabe,,61849,129748,0,-1,0,0,0,0,0,0,0,0,0,0,45711,115,2888,0,3,37290240,0,0,0,0,0,-1,-1
86957,Drakgors Rache,,61851,142958,0,-1,0,0,0,0,0,0,0,0,0,0,49797,109,3098,0,3,37290240,0,512,0,0,0,-1,-1
86959,Blutaugengefangene,,61853,142958,0,-1,0,0,0,0,0,0,0,0,0,0,49798,109,3098,0,3,37290240,0,512,0,0,0,-1,-1
86996,Dunkle Orte,,61888,0,0,-1,0,0,0,0,0,0,0,0,0,0,0,0,3084,0,3,36700160,0,0,86536,0,0,-1,-1
87001,Haftbefehl: Splitterimpuls,,64886,139388,0,-1,131073,0,0,0,0,0,0,0,0,0,0,0,3008,0,2,40960000,8192,268435976,87405,90807,0,-1,-1
87007,Gallagio Garbage,,61894,0,0,-1,0,0,0,0,0,0,0,0,0,0,0,0,2860,0,3,37295104,0,8,0,0,0,-1,-1
87308,Zwielichtdämmerung,,62190,142958,0,-1,0,0,0,0,0,0,0,0,0,0,0,284,3098,0,2,36732936,0,520,0,0,0,-1,-1
87327,Die Widerstandsfähigkeit eines Herausforderers,,62207,134280,0,-1,0,0,0,0,0,0,0,0,0,0,0,282,2888,0,2,36700160,0,268435969,0,0,0,-1,-1
87342,Ehrt die Flamme,Ehrt das Freudenfeuer auf der Insel von Dorn.,62217,9484,0,-1,0,0,0,0,0,0,0,0,0,0,0,0,394,0,2,2097152,0,512,0,0,0,-1,-1
87343,Haftbefehl: Hohlfluch,,64884,139388,0,-1,131073,0,0,0,0,0,0,0,0,0,0,0,3008,0,2,7405568,8192,268435976,87001,90807,0,-1,-1
87344,Eine große Bedrohung,,64299,145662,0,-1,0,0,0,0,0,0,0,0,0,0,0,0,3008,0,2,40894464,8192,268435976,0,0,0,-1,-1
87345,Haftbefehl: Xy'vox der Verrenkte,,64887,139388,0,-1,65536,0,0,0,0,0,0,0,0,0,0,0,3008,0,2,39911424,8192,268435976,90807,0,0,-1,-1
87348,Tracking Quest,,62220,0,0,-1,0,0,0,0,0,0,0,0,0,0,0,0,3008,0,3,37848072,8192,0,0,0,0,-1,-1
87350,Überfluss: Loagewirkter Bau,,0,136693,0,-1,0,0,0,0,0,0,0,0,0,0,0,0,3321,0,3,36765768,0,270848,0,0,0,-1,-1
87351,Tracking Quest,,62221,0,0,-1,0,0,0,0,0,0,0,0,0,0,0,0,0,0,3,36766728,0,0,0,0,0,-1,-1
87354,Reshanor der Ungebundene,,62224,137876,0,-1,0,0,0,0,0,0,0,0,0,0,0,289,3009,0,3,37323072,0,8,0,0,0,-1,-1
87355,Ehrt die Flamme,Ehrt das Freudenfeuer in Heilsturz.,62225,9484,0,-1,0,0,0,0,0,0,0,0,0,0,0,0,394,0,2,2097152,0,512,0,0,0,-1,-1
87356,Ehrt die Flamme,Ehrt das Freudenfeuer in Azj-Kahet.,62226,9484,0,-1,0,0,0,0,0,0,0,0,0,0,0,0,394,0,2,2097152,0,512,0,0,0,-1,-1
87357,Ehrt die Flamme,Ehrt das Freudenfeuer in den Schallenden Tiefen.,62227,9484,0,-1,0,0,0,0,0,0,0,0,0,0,0,0,394,0,2,2097152,0,512,0,0,0,-1,-1
87375,Tracking Quest,,62241,0,0,-1,0,0,0,0,0,0,0,0,0,0,0,0,0,0,3,36766728,0,0,0,0,0,-1,-1
87546,Haftbefehl: Lila Torf,,64885,139388,0,-1,131073,0,0,0,0,0,0,0,0,0,0,0,3008,0,2,40960000,8192,268435976,87345,90807,0,-1,-1
87569,Gesetzlich vorgeschriebene Pause,,62415,0,0,-1,0,0,0,0,0,0,0,0,0,0,0,0,2888,0,3,41484288,8192,268447752,0,0,0,-1,-1
87582,Tiefen: Sitz des Wahnsinns,,62428,135171,0,-1,0,0,0,0,0,0,0,0,0,0,0,288,2888,0,2,36700424,0,512,0,0,0,-1,-1
87583,Tiefen: Die Läuse in der Schleuse.,,62429,135171,0,-1,0,0,0,0,0,0,0,0,0,0,0,288,2888,0,2,36700424,0,512,0,0,0,-1,-1
87588,Kloppt den Schrott,,62434,0,0,-1,0,0,0,0,0,0,0,0,0,0,0,0,2888,0,3,41484288,0,268447752,0,0,0,-1,-1
87759,Eingeschlossene Leere,,62477,139380,0,-1,0,0,0,0,0,0,0,0,0,0,49745,113,3313,0,3,6881536,8192,512,0,0,0,-1,-1
88679,Begegnung mit dem Unerwarteten,,63395,139380,0,-1,0,0,0,0,0,0,0,0,0,0,49751,113,3313,0,3,6881536,8192,512,0,0,0,-1,-1
88771,Loagewirkte Alphas!,,0,136693,0,-1,0,0,0,0,0,0,0,0,0,0,0,0,3321,0,3,41484288,8192,512,0,0,0,-1,-1
88772,Mammutüberreste!,,0,136693,0,-1,0,0,0,0,0,0,0,0,0,0,0,0,3321,0,3,41484288,8192,512,0,0,0,-1,-1
88774,Keine Energie mehr,,63458,137876,0,-1,0,0,0,0,0,0,0,0,0,0,46223,109,3008,0,3,41484544,8192,0,0,0,0,-1,-1
88804,Besiegt den Minenrohling!,,0,136693,0,-1,0,0,0,0,0,0,0,0,0,0,0,0,3321,0,3,41484288,8192,512,0,0,0,-1,-1
88818,Leerenfeger,,63482,137876,0,-1,0,0,0,0,0,0,0,0,0,0,46237,109,3008,0,3,41484544,8192,0,0,0,0,-1,-1
88902,Phasentauchen: Ruhelose Seelen,,63564,137876,0,-1,0,0,0,0,0,0,0,0,0,0,46279,109,3008,0,3,41484544,8192,0,0,0,0,-1,-1
88904,Phasentauchen: Es könnte alles sein,,63566,137876,0,-1,0,0,0,0,0,0,0,0,0,0,46282,109,3008,0,3,41484544,8192,0,0,0,0,-1,-1
88992,Visionäre Meisterschaft,,63651,139380,0,-1,0,0,0,0,0,0,0,0,0,0,49748,113,3313,0,3,6881536,8192,512,0,0,0,-1,-1
89018,Stammkunde: Silber,,63677,132350,0,-1,0,0,0,0,0,0,0,0,0,0,0,0,2832,0,0,39845888,8320,520,0,0,0,-1,-1
89241,"Auf, auf",,63897,137876,0,-1,0,0,0,0,0,0,0,0,0,0,46627,113,2888,0,3,6881536,8192,0,0,0,0,-1,-1
89251,Heißer Lauf!,,63906,132358,0,-1,0,0,0,0,0,0,0,0,0,0,0,0,2832,0,0,39845888,8320,520,0,0,0,-1,-1
89252,Braucht Ihr Starthilfe?,,63907,132352,0,-1,0,0,0,0,0,0,0,0,0,0,0,0,2832,0,0,39845888,8320,520,0,0,0,-1,-1
89267,Rätselhafte Entität,,63916,139380,0,-1,0,0,0,0,0,0,0,0,0,0,49744,113,3313,0,3,6881536,8192,512,0,0,0,-1,-1
89274,Der hässliche Spiegel,,63923,137876,0,-1,0,0,0,0,0,0,0,0,0,0,46761,109,3008,0,3,41484544,8192,0,0,0,0,-1,-1
89288,Phasentauchen: Rissbrecher Tza'akir,,63937,137876,0,-1,0,0,0,0,0,0,0,0,0,0,46764,109,3008,0,3,41484544,8192,0,0,0,0,-1,-1
89289,Gunst des Hofes,,63938,142445,0,-1,0,0,0,0,0,0,0,0,0,0,0,0,3321,0,2,573603840,0,512,0,0,0,-1,-1
89291,Phasentauchen: Eidbrecherin Desamirah,,63940,137876,0,-1,0,0,0,0,0,0,0,0,0,0,46765,109,3008,0,3,41484544,8192,0,0,0,0,-1,-1
89293,Spezialauftrag: Beschattet,,63942,137876,0,-1,0,0,0,0,0,0,0,0,0,0,46766,286,3008,0,3,41484544,8192,0,91193,0,0,-1,-1
89294,Spezialauftrag: Übereinstimmende Ansichten,,63943,137876,0,-1,0,0,0,0,0,0,0,0,0,0,46767,286,3008,0,3,41484544,8192,0,91203,0,0,-1,-1
89338,Schwerter zu Pflugscharen,,63988,0,0,-1,1,0,0,0,0,0,0,0,0,0,0,0,3088,0,2,40894472,0,512,86846,91000,0,-1,-1
89347,Das Unbekannte überstehen: Wuterfüllter Treiber,,63997,139380,0,-1,0,0,0,0,0,0,0,0,0,0,49749,278,3313,0,3,6881536,8192,512,0,0,0,-1,-1
89377,Jagd in den Schatten,,64024,139380,0,-1,0,0,0,0,0,0,0,0,0,0,49746,113,3313,0,3,6881536,8192,0,0,0,0,-1,-1
89440,Die Flanke schützen,,64090,137464,0,-1,0,0,0,0,0,0,0,0,0,0,0,0,3592,0,3,34275328,0,268435968,86807,0,0,-1,-1
89441,Räumt das Deck,,64091,138053,0,-1,0,0,0,0,0,0,0,0,0,0,0,0,3592,0,3,34275328,0,268435968,0,0,0,-1,-1
89476,Ewige Forschung,,0,137527,0,-1,0,0,0,0,0,0,0,0,0,0,0,284,3382,0,3,104333312,0,4203016,0,0,0,-1,-1
89490,Haftbefehl: Arkanahetzer So'zer,,64882,139388,0,-1,131073,0,0,0,0,0,0,0,0,0,0,0,3008,0,2,39911424,8192,268435976,87343,90807,0,-1,-1
89569,Necrohexxer Raz'ka,,64215,0,0,-1,0,0,0,0,0,0,0,0,0,0,0,0,4282,0,3,34149632,0,8,0,0,0,-1,-1
89570,The Snapping Scourge,,64216,0,0,-1,0,0,0,0,0,0,0,0,0,0,0,0,4282,0,3,34149632,0,8,0,0,0,-1,-1
89571,Skullcrusher Harak,,64217,0,0,-1,0,0,0,0,0,0,0,0,0,0,0,0,4282,0,3,34149632,0,8,0,0,0,-1,-1
89572,Elder Oaktalon,,64218,0,0,-1,0,0,0,0,0,0,0,0,0,0,0,0,4282,0,3,34149632,0,8,0,0,0,-1,-1
89573,Depthborn Eelamental,,64219,0,0,-1,0,0,0,0,0,0,0,0,0,0,0,0,4282,0,3,34149632,0,8,0,0,0,-1,-1
89575,Lightwood Borer,,64221,0,0,-1,0,0,0,0,0,0,0,0,0,0,0,0,4281,0,3,34149632,0,8,0,0,0,-1,-1
89577,Unleashed Tempest,,64223,0,0,-1,0,0,0,0,0,0,0,0,0,0,0,0,4281,0,3,34149632,0,8,0,0,0,-1,-1
89578,Spinefrill,,64224,0,0,-1,0,0,0,0,0,0,0,0,0,0,0,0,4281,0,3,34149632,0,8,0,0,0,-1,-1
89579,Oophaga,,64225,0,0,-1,0,0,0,0,0,0,0,0,0,0,0,0,4281,0,3,34149632,0,8,0,0,0,-1,-1
89580,Tiny Vermin,,64226,0,0,-1,0,0,0,0,0,0,0,0,0,0,0,0,4281,0,3,34149632,0,8,0,0,0,-1,-1
89581,Voidtouched Crustacean,,64227,0,0,-1,0,0,0,0,0,0,0,0,0,0,0,0,4281,0,3,34149632,0,8,0,0,0,-1,-1
89583,The Devouring Invader,,64228,0,0,-1,0,0,0,0,0,0,0,0,0,0,0,0,4281,0,3,34149632,0,8,0,0,0,-1,-1
90128,Missetäter-Baras!,,0,136693,0,-1,0,0,0,0,0,0,0,0,0,0,0,0,3321,0,3,41484288,8192,512,0,0,0,-1,-1
90467,Geschichten des Himmels,,64321,148400,0,-1,0,0,0,0,0,0,0,0,0,0,0,0,3087,0,2,40894472,8192,512,0,0,0,-1,-1
90488,M.A.G.N.O.,,64342,0,0,-1,0,0,0,0,0,0,0,0,0,0,0,0,2860,0,3,34178048,0,8,0,0,0,-1,-1
90489,Giovante,,64343,0,0,-1,0,0,0,0,0,0,0,0,0,0,0,0,2860,0,3,34178048,0,8,0,0,0,-1,-1
90490,Voltstrike,,64344,0,0,-1,0,0,0,0,0,0,0,0,0,0,0,0,2860,0,3,34178048,0,8,0,0,0,-1,-1
90491,Scrapchewer,,64345,0,0,-1,0,0,0,0,0,0,0,0,0,0,0,0,2860,0,3,34178048,0,8,0,0,0,-1,-1
90492,Darkfuse Precipitant,,64346,0,0,-1,0,0,0,0,0,0,0,0,0,0,0,0,2860,0,3,34178048,0,8,0,0,0,-1,-1
90533,Holt Orweyna!,,64611,148399,0,-1,0,0,0,0,0,0,0,0,0,0,0,0,3087,0,2,41025544,0,1049088,0,0,0,-1,-1
90536,Die Geschichte von Wey'nans Zauberschutz,,64614,136537,0,-1,0,0,0,0,0,0,0,0,0,0,0,0,3087,0,3,41484352,8192,12800,0,0,0,-1,-1
90583,Shadowhowl,,64664,0,0,-1,0,0,0,0,0,0,0,0,0,0,0,0,2860,0,3,34149376,0,8,0,0,0,-1,-1
90584,Xarran the Binder,,64665,0,0,-1,0,0,0,0,0,0,0,0,0,0,0,0,2860,0,3,34149376,0,8,0,0,0,-1,-1
90585,Sha'ryth the Cursed,,64666,0,0,-1,0,0,0,0,0,0,0,0,0,0,0,0,2860,0,3,34149376,0,8,0,0,0,-1,-1
90586,Korgorath the Ravager,,64667,0,0,-1,0,0,0,0,0,0,0,0,0,0,0,0,2860,0,3,34149376,0,8,0,0,0,-1,-1
90587,"""Chowdar""",,64668,0,0,-1,0,0,0,0,0,0,0,0,0,0,0,0,2860,0,3,34149376,0,8,0,0,0,-1,-1
90588,Morgil the Netherspawn,,64669,0,0,-1,0,0,0,0,0,0,0,0,0,0,0,0,2860,0,3,34149376,0,8,0,0,0,-1,-1
90589,The Nightreaver,,64670,0,0,-1,0,0,0,0,0,0,0,0,0,0,0,0,2860,0,3,34149376,0,8,0,0,0,-1,-1
90590,Prototype Mk-V,,64671,0,0,-1,0,0,0,0,0,0,0,0,0,0,0,0,2860,0,3,34149376,0,8,0,0,0,-1,-1
90591,Revenant of the Wasteland,,64672,0,0,-1,0,0,0,0,0,0,0,0,0,0,0,0,2860,0,3,34149376,0,8,0,0,0,-1,-1
90592,Stalker of the Wastes,,64673,0,0,-1,0,0,0,0,0,0,0,0,0,0,0,0,2860,0,3,34149376,0,8,0,0,0,-1,-1
90593,Urmag,,64674,0,0,-1,0,0,0,0,0,0,0,0,0,0,0,0,2860,0,3,34149376,0,8,0,0,0,-1,-1
90594,Maw of the Sands,,64675,0,0,-1,0,0,0,0,0,0,0,0,0,0,0,0,2860,0,3,34178048,0,8,0,0,0,-1,-1
90595,Orith the Dreadful,,64676,0,0,-1,0,0,0,0,0,0,0,0,0,0,0,0,2860,0,3,34178048,0,8,0,0,0,-1,-1
90596,Ixthar the Unblinking,,64677,0,0,-1,0,0,0,0,0,0,0,0,0,0,0,0,2860,0,3,34178048,0,8,0,0,0,-1,-1
90663,Unseren Besitz stehlen,,64744,138496,0,-1,0,0,0,0,0,0,0,0,0,0,0,0,3008,0,2,39845896,8192,520,0,0,0,-1,-1
90672,Xarran the Binder,,64753,0,0,-1,0,0,0,0,0,0,0,0,0,0,0,0,2860,0,3,34178048,128,8,0,0,0,-1,-1
90673,Sha'ryth the Cursed,,64754,0,0,-1,0,0,0,0,0,0,0,0,0,0,0,0,2860,0,3,34178048,128,8,0,0,0,-1,-1
90674,Shadowhowl,,64755,0,0,-1,0,0,0,0,0,0,0,0,0,0,0,0,2860,0,3,34178048,128,8,0,0,0,-1,-1
90675,Korgorath the Ravager,,64756,0,0,-1,0,0,0,0,0,0,0,0,0,0,0,0,2860,0,3,34178048,128,8,0,0,0,-1,-1
90676,"""Chowdar""",,64757,0,0,-1,0,0,0,0,0,0,0,0,0,0,0,0,2860,0,3,34178048,128,8,0,0,0,-1,-1
90677,Morgil the Netherspawn,,64758,0,0,-1,0,0,0,0,0,0,0,0,0,0,0,0,2860,0,3,34178048,128,8,0,0,0,-1,-1
90678,The Nightreaver,,64759,0,0,-1,0,0,0,0,0,0,0,0,0,0,0,0,2860,0,3,34178048,128,8,0,0,0,-1,-1
90679,Prototype Mk-V,,64760,0,0,-1,0,0,0,0,0,0,0,0,0,0,0,0,2860,0,3,34178048,128,8,0,0,0,-1,-1
90680,Revenant of the Wasteland,,64761,0,0,-1,0,0,0,0,0,0,0,0,0,0,0,0,2860,0,3,34178048,128,8,0,0,0,-1,-1
90681,Stalker of the Wastes,,64762,0,0,-1,0,0,0,0,0,0,0,0,0,0,0,0,2860,0,3,34178048,128,8,0,0,0,-1,-1
90682,Urmag,,64763,0,0,-1,0,0,0,0,0,0,0,0,0,0,0,0,2860,0,3,34178048,128,8,0,0,0,-1,-1
90683,Maw of the Sands,,64764,0,0,-1,0,0,0,0,0,0,0,0,0,0,0,0,2860,0,3,34178048,128,8,0,0,0,-1,-1
90684,Orith the Dreadful,,64765,0,0,-1,0,0,0,0,0,0,0,0,0,0,0,0,2860,0,3,34178048,128,8,0,0,0,-1,-1
90685,Ixthar the Unblinking,,64766,0,0,-1,0,0,0,0,0,0,0,0,0,0,0,0,2860,0,3,34178048,128,8,0,0,0,-1,-1
90687,Shatterpulse,,64768,0,0,-1,0,0,0,0,0,0,0,0,0,0,0,0,2860,0,3,34178048,0,8,0,0,0,-1,-1
90688,Shatterpulse,,64769,0,0,-1,0,0,0,0,0,0,0,0,0,0,0,0,2860,0,3,34178048,128,8,0,0,0,-1,-1
90689,Hollowbane,,64770,0,0,-1,0,0,0,0,0,0,0,0,0,0,0,0,2860,0,3,34178048,0,8,0,0,0,-1,-1
90691,Hollowbane,,64772,0,0,-1,0,0,0,0,0,0,0,0,0,0,0,0,2860,0,3,34178048,128,8,0,0,0,-1,-1
90692,Purple Peat,,64773,0,0,-1,0,0,0,0,0,0,0,0,0,0,0,0,2860,0,3,34178048,0,8,0,0,0,-1,-1
90693,Purple Peat,,64774,0,0,-1,0,0,0,0,0,0,0,0,0,0,0,0,2860,0,3,34178048,128,8,0,0,0,-1,-1
90694,Xy'vox the Twisted,,64775,0,0,-1,0,0,0,0,0,0,0,0,0,0,0,0,2860,0,3,34178048,0,8,0,0,0,-1,-1
90695,Xy'vox the Twisted,,64776,0,0,-1,0,0,0,0,0,0,0,0,0,0,0,0,2860,0,3,34178048,128,8,0,0,0,-1,-1
90696,Arcana-Monger Iz'zer,,64777,0,0,-1,0,0,0,0,0,0,0,0,0,0,0,0,2860,0,3,34178048,0,8,0,0,0,-1,-1
90697,Arcana-Monger Iz'zer,,64778,0,0,-1,0,0,0,0,0,0,0,0,0,0,0,0,2860,0,3,34178048,128,8,0,0,0,-1,-1
90698,Grubber,,64779,0,0,-1,0,0,0,0,0,0,0,0,0,0,0,0,2860,0,3,34178048,0,8,0,0,0,-1,-1
90699,Grubber,,64780,0,0,-1,0,0,0,0,0,0,0,0,0,0,0,0,2860,0,3,34178048,128,8,0,0,0,-1,-1
90725,Tracking Quest,,64802,0,0,-1,0,0,0,0,0,0,0,0,0,0,0,0,3008,0,3,33559816,0,8,0,0,0,-1,-1
90729,Beidseitiger Vorteil,,64803,137876,0,-1,131073,0,0,0,0,0,0,0,0,0,0,0,3008,0,2,39845888,8192,520,90663,90725,0,-1,-1
90733,Talent im Zuhören,,64806,146720,0,-1,0,0,0,0,0,0,0,0,0,0,0,0,3087,0,2,36700168,0,524800,0,0,0,-1,-1
90734,Im Namen der Göttin,,64807,146721,0,-1,0,0,0,0,0,0,0,0,0,0,0,0,3087,0,2,36700168,0,512,90733,0,0,-1,-1
90741,Zurück in den Riss,,64814,146722,0,-1,0,0,0,0,0,0,0,0,0,0,0,0,3087,0,2,40894472,4194304,524800,90740,0,0,-1,-1
90747,Der falsche Blaucephalus,,64820,137876,0,-1,131073,0,0,0,0,0,0,0,0,0,0,0,3008,0,2,39845888,8192,520,90729,90725,0,-1,-1
90769,Euer Blauer,,64838,137876,0,-1,0,0,0,0,0,0,0,0,0,0,0,0,3008,0,2,40894464,8192,520,90770,0,0,-1,-1
90770,Die Gaunerei,,64839,137876,0,-1,131073,0,0,0,0,0,0,0,0,0,0,0,3008,0,2,39845888,8192,520,90773,90725,0,-1,-1
90773,Fleisch ist Geld,,64841,137876,0,-1,131073,0,0,0,0,0,0,0,0,0,0,0,3008,0,2,39845888,8192,520,90747,90725,0,-1,-1
90805,Sundereth the Caller,,64873,0,0,-1,0,0,0,0,0,0,0,0,0,0,0,0,4284,0,3,34149632,0,8,0,0,0,-1,-1
90849,Lichtershow,,64921,137464,0,-1,0,0,0,0,0,0,0,0,0,0,0,0,3592,0,3,34275328,0,268435968,86807,0,0,-1,-1
90889,Geschichte der Echos von Sai'alyo,,64959,140215,0,-1,0,0,0,0,0,0,0,0,0,0,0,0,3087,0,3,41484288,8192,8704,0,0,0,-1,-1
90957,Tag der Initiation,,65023,148993,0,-1,0,0,0,0,0,0,0,0,0,0,0,0,863,0,2,40894464,8192,520,0,0,0,-1,-1
90958,Wurzeln über alles,,65024,0,0,-1,0,0,0,0,0,0,0,0,0,0,0,0,863,0,2,40894464,8192,9437704,90957,0,0,-1,-1
90959,Traditionelle Pflichten,,65025,0,0,-1,0,0,0,0,0,0,0,0,0,0,0,0,863,0,2,40894464,8192,520,90958,0,0,-1,-1
90960,"Meine Geschichte, mein Vermächtnis",,65026,0,0,-1,0,0,0,0,0,0,0,0,0,0,0,0,863,0,2,40894464,8192,520,90959,0,0,-1,-1
90961,Fremd in einem neuen Land,,65027,0,0,-1,0,0,0,0,0,0,0,0,0,0,0,0,863,0,2,40894464,8192,520,90960,0,0,-1,-1
90962,Angriff auf Sturmarion,,65028,150461,0,-1,0,0,0,0,0,0,0,0,0,0,0,136,4311,0,3,37847368,8256,268435976,0,0,0,-1,-1
90995,Die Zukunft der Teufelshammer,,65060,0,0,2048,0,0,0,0,0,0,0,0,0,0,0,0,3380,0,2,577765376,10496,268435976,89418,0,0,-1,-1
90999,Quest Tracking,,65064,0,0,-1,0,0,0,0,0,0,0,0,0,0,0,0,0,0,3,36701184,0,8,0,0,0,-1,-1
91000,Ein bescheidener Diener,,65065,0,0,-1,0,0,0,0,0,0,0,0,0,0,0,0,3088,0,2,40894472,0,512,86845,0,0,-1,-1
91040,Lästige Blutfratzen,,65102,140183,0,-1,0,0,0,0,0,0,0,0,0,0,0,0,3086,0,3,37290240,0,33280,0,0,0,-1,-1
91047,Eruundi,,65109,0,0,-1,0,0,0,0,0,0,0,0,0,0,0,0,4284,0,3,34149632,0,8,0,0,0,-1,-1
91048,Tremora,,65110,0,0,-1,0,0,0,0,0,0,0,0,0,0,0,0,4284,0,3,34149632,0,8,0,0,0,-1,-1
91050,Territorial Voidscythe,,65112,0,0,-1,0,0,0,0,0,0,0,0,0,0,0,0,4284,0,3,34149632,0,8,0,0,0,-1,-1
91051,Nightbrood,,65113,0,0,-1,0,0,0,0,0,0,0,0,0,0,0,0,4284,0,3,34149632,0,8,0,0,0,-1,-1
91061,Ewiges Chaos,,65121,140308,0,-1,0,0,0,0,0,0,0,0,0,246808,0,282,4468,0,2,305135624,0,520,0,0,0,-1,-1
91072,The Decaying Diamondback,,65129,0,0,-1,0,0,0,0,0,0,0,0,0,0,0,0,4281,0,3,34149632,0,8,0,0,0,-1,-1
91073,Ash'an the Empowered,,65130,0,0,-1,0,0,0,0,0,0,0,0,0,0,0,0,4281,0,3,34149632,0,8,0,0,0,-1,-1
91093,Mehr als nur eine Phase,,65150,146031,0,-1,0,0,0,0,0,0,0,0,0,0,0,0,4159,0,2,36733192,0,512,89345,0,0,-1,-1
91174,Mrrlokk,,65231,0,0,-1,0,0,0,0,0,0,0,0,0,0,0,0,4282,0,3,34149632,0,8,0,0,0,-1,-1
91194,Malek'ta the Jaws of Oblivion,,65251,0,0,-1,0,0,0,0,0,0,0,0,0,0,0,0,2860,0,3,34149632,0,8,0,0,0,-1,-1
91195,"Heka'tamos, the Elemental Disjunction",,65252,0,0,-1,0,0,0,0,0,0,0,0,0,0,0,0,2860,0,3,34149632,0,8,0,0,0,-1,-1
91207,Beutejagd: Spitzenräuber,,65261,141752,0,-1,0,0,0,0,0,0,0,0,0,0,50714,295,5224,0,3,41484544,8192,0,0,0,0,-1,-1
91273,Tracking Quest,,65327,0,0,-1,0,0,0,0,0,0,0,0,0,0,0,0,0,0,3,36701184,128,8,0,0,0,-1,-1
91275,Malek'ta,,65329,0,0,-1,0,0,0,0,0,0,0,0,0,0,0,0,2860,0,3,34149376,0,8,0,0,0,-1,-1
91276,Heka'tamos,,65330,0,0,-1,0,0,0,0,0,0,0,0,0,0,0,0,2860,0,3,34149376,0,8,0,0,0,-1,-1
91286,Korgoth the Hungerer,,65339,0,0,-1,0,0,0,0,0,0,0,0,0,0,0,0,2860,0,3,34178048,0,8,0,0,0,-1,-1
91287,Soroth Miasmawrath,,65340,0,0,-1,0,0,0,0,0,0,0,0,0,0,0,0,2860,0,3,34178048,0,8,0,0,0,-1,-1
91289,The Harvester,,65342,0,0,-1,0,0,0,0,0,0,0,0,0,0,0,0,2860,0,3,34178048,0,8,0,0,0,-1,-1
91290,The Wallbreaker,,65343,0,0,-1,0,0,0,0,0,0,0,0,0,0,0,0,2860,0,3,34178048,0,8,0,0,0,-1,-1
91293,Sthaarbs,,65346,0,0,-1,0,0,0,0,0,0,0,0,0,0,0,0,2860,0,3,34178048,0,8,0,0,0,-1,-1
91297,Harzraptoren des Loablümchens!,,0,136693,0,-1,0,0,0,0,0,0,0,0,0,0,0,0,3321,0,3,41484288,8192,512,0,0,0,-1,-1
91299,Loablümchenblüten!,,0,136693,0,-1,0,0,0,0,0,0,0,0,0,0,0,0,3321,0,3,41484288,8192,512,0,0,0,-1,-1
91300,Entflohene Krötoffeln!,,0,136693,0,-1,0,0,0,0,0,0,0,0,0,0,0,0,3321,0,3,41484288,8192,512,0,0,0,-1,-1
91302,Überfluss: Überflusshain,,0,142116,0,-1,0,0,0,0,0,0,0,0,0,0,0,0,3321,0,3,36765768,0,270848,0,0,0,-1,-1
91309,Korgoth the Hungerer,,65353,0,0,-1,0,0,0,0,0,0,0,0,0,0,0,0,2860,0,3,34178048,128,8,0,0,0,-1,-1
91310,Soroth Miasmawrath,,65354,0,0,-1,0,0,0,0,0,0,0,0,0,0,0,0,2860,0,3,34178048,128,8,0,0,0,-1,-1
91311,The Harvester,,65355,0,0,-1,0,0,0,0,0,0,0,0,0,0,0,0,2860,0,3,34178048,128,8,0,0,0,-1,-1
91312,The Wallbreaker,,65356,0,0,-1,0,0,0,0,0,0,0,0,0,0,0,0,2860,0,3,34178048,128,8,0,0,0,-1,-1
91375,Das Schweigen der Fungianer,,65400,148418,0,-1,0,0,0,0,0,0,0,0,65401,0,0,0,3087,0,2,40894472,8192,512,0,0,0,-1,-1
91390,Spezialauftrag: Was von einem zerstörten Tempel bleibt,,65415,139380,0,-1,0,0,0,0,0,0,0,0,0,0,48927,286,4568,0,3,41484608,8192,512,94865,0,0,-1,-1
91391,"Einmal Späher, immer Späher",,65416,0,0,-1,5,0,0,0,0,0,0,0,0,0,0,0,3088,0,2,37748744,4194304,512,86823,86824,86825,-1,-1
91395,Tracking Quest,,65418,0,0,-1,0,0,0,0,0,0,0,0,0,0,0,0,0,0,3,36701184,128,8,0,0,0,-1,-1
91419,Herrschaft der Elemente,,65440,139380,0,-1,0,0,0,0,0,0,0,0,0,0,49750,113,3313,0,3,6881536,8192,512,0,0,0,-1,-1
91423,[DO NOT USE],,65444,0,0,-1,0,0,0,0,0,0,0,0,0,0,0,0,2860,0,3,34178048,128,8,0,0,0,-1,-1
91427,Mausoloaentweihungen!,,0,136693,0,-1,0,0,0,0,0,0,0,0,0,0,0,0,3321,0,3,41484288,8192,512,0,0,0,-1,-1
91429,Mausoloasarkophage!,,0,136693,0,-1,0,0,0,0,0,0,0,0,0,0,0,0,3321,0,3,41484288,8192,512,0,0,0,-1,-1
91430,Entflohene Gliedmaßen!,,0,136693,0,-1,0,0,0,0,0,0,0,0,0,0,0,0,3321,0,3,41484288,8192,512,0,0,0,-1,-1
91431,Sthaarbs,,65446,0,0,-1,0,0,0,0,0,0,0,0,0,0,0,0,2860,0,3,34178048,128,8,0,0,0,-1,-1
91433,Korgoth the Hungerer,,65448,0,0,-1,0,0,0,0,0,0,0,0,0,0,0,0,2860,0,3,34178048,128,8,0,0,0,-1,-1
91434,Soroth Miasmawrath,,65449,0,0,-1,0,0,0,0,0,0,0,0,0,0,0,0,2860,0,3,34178048,128,8,0,0,0,-1,-1
91435,The Harvester,,65450,0,0,-1,0,0,0,0,0,0,0,0,0,0,0,0,2860,0,3,34178048,128,8,0,0,0,-1,-1
91436,The Wallbreaker,,65451,0,0,-1,0,0,0,0,0,0,0,0,0,0,0,0,2860,0,3,34178048,128,8,0,0,0,-1,-1
91457,Überfluss: Gruften von Watha'nan,,0,145016,0,-1,0,0,0,0,0,0,0,0,0,0,0,0,3321,0,3,36765768,0,270848,0,0,0,-1,-1
91458,Beutejagd: Hetzjäger,,65471,141752,0,-1,0,0,0,0,0,0,0,0,0,0,50716,295,5224,0,3,41484544,8192,0,0,0,0,-1,-1
91468,Tracking Quest,,65480,0,0,-1,0,0,0,0,0,0,0,0,0,0,0,0,2860,0,3,34149376,128,8,0,0,0,-1,-1
91469,Tracking Quest,,65481,0,0,-1,0,0,0,0,0,0,0,0,0,0,0,0,2860,0,3,34149376,0,8,0,0,0,-1,-1
91470,Tracking Quest,,65482,0,0,-1,0,0,0,0,0,0,0,0,0,0,0,0,2860,0,3,34149376,0,8,0,0,0,-1,-1
91471,Tracking Quest,,65483,0,0,-1,0,0,0,0,0,0,0,0,0,0,0,0,2860,0,3,34149376,0,8,0,0,0,-1,-1
91472,Tracking Quest,,65484,0,0,-1,0,0,0,0,0,0,0,0,0,0,0,0,2860,0,3,34149376,0,8,0,0,0,-1,-1
91473,Tracking Quest,,65485,0,0,-1,0,0,0,0,0,0,0,0,0,0,0,0,2860,0,3,34149376,0,8,0,0,0,-1,-1
91474,Tracking Quest,,65486,0,0,-1,0,0,0,0,0,0,0,0,0,0,0,0,2860,0,3,34149376,0,8,0,0,0,-1,-1
91475,Überfluss: Opulenter Leerenbau,,0,142285,0,-1,0,0,0,0,0,0,0,0,0,0,0,0,3321,0,3,3211336,0,270848,0,0,0,-1,-1
91476,Hinter feindlichen Linien,,65489,139942,0,-1,0,0,0,0,0,0,0,0,0,0,0,62,3228,0,2,40370176,8320,520,0,0,0,-1,-1
91477,Hinter feindlichen Linien II,,65490,139947,0,-1,0,0,0,0,0,0,0,0,0,0,0,62,3228,0,2,40370176,8320,520,0,0,0,-1,-1
91478,Hinter feindlichen Linien III,,65491,139951,0,-1,0,0,0,0,0,0,0,0,0,0,0,62,3228,0,2,40370176,8320,520,0,0,0,-1,-1
91479,Hinter feindlichen Linien IV,,65492,139954,0,-1,0,0,0,0,0,0,0,0,0,0,0,62,3228,0,2,40370176,8320,520,0,0,0,-1,-1
91480,Hinter feindlichen Linien V,,65493,139956,0,-1,0,0,0,0,0,0,0,0,0,0,0,62,3228,0,2,40370176,8320,520,0,0,0,-1,-1
91490,Teldrassil löschen,,65502,139380,0,-1,0,0,0,0,0,0,0,0,0,0,48603,109,4567,0,3,41484544,0,0,0,0,0,-1,-1
91492,Die Geschichte von Aln'haras Blüte,,65503,142260,0,-1,0,0,0,0,0,0,0,0,0,0,0,0,3087,0,3,41484288,8192,8704,0,0,0,-1,-1
91501,Loanitbrocken!,,0,136693,0,-1,0,0,0,0,0,0,0,0,0,0,0,0,3321,0,3,41484288,8192,512,0,0,0,-1,-1
91502,Loanitflöze!,,0,136693,0,-1,0,0,0,0,0,0,0,0,0,0,0,0,3321,0,3,41484288,8192,512,0,0,0,-1,-1
91503,Entflohene Kristalle!,,0,136693,0,-1,0,0,0,0,0,0,0,0,0,0,0,0,3321,0,3,41484288,8192,512,0,0,0,-1,-1
91506,Geschichte der ersten Shul'ka und der Flamme,,65514,142995,0,-1,0,0,0,0,0,0,0,0,0,0,0,0,3087,0,3,41484288,8192,8704,0,0,0,-1,-1
91507,Die Geschichte von Russula,,65515,144203,0,-1,0,0,0,0,0,0,0,0,0,0,0,0,3087,0,3,41484288,8192,8704,0,0,0,-1,-1
91508,Geschichte von Wurzelpfaden und Wächtern,,65516,143244,0,-1,0,0,0,0,0,0,0,0,0,0,0,0,3087,0,3,41484288,8192,8704,0,0,0,-1,-1
91509,Die Geschichte eines vom Himmel gefallenen Steins,,65517,143705,0,-1,0,0,0,0,0,0,0,0,0,0,0,0,3087,0,3,41484288,8192,8704,0,0,0,-1,-1
91523,Beutejagd: Verborgene Bedrohung,,65532,141752,0,-1,0,0,0,0,0,0,0,0,0,0,50715,295,5224,0,3,41484544,0,0,0,0,0,-1,-1
91555,Verteidiger des Tals,,65561,139380,0,-1,0,0,0,0,0,0,0,0,0,0,48604,109,4567,0,3,41484544,0,0,0,0,0,-1,-1
91582,Das Geflecht stutzen,,65588,139380,0,-1,0,0,0,0,0,0,0,0,0,0,48605,109,4567,0,3,41484544,0,0,0,0,0,-1,-1
91590,Beutejagd: Verborgene Bedrohung,,65596,141755,0,-1,0,0,0,0,0,0,0,0,0,0,50706,295,5224,0,3,41484544,0,0,0,0,0,-1,-1
91591,Beutejagd: Verborgene Bedrohung,,65597,141754,0,-1,0,0,0,0,0,0,0,0,0,0,50709,295,5224,0,3,41484544,0,0,0,0,0,-1,-1
91592,Beutejagd: Verborgene Bedrohung,,65598,141753,0,-1,0,0,0,0,0,0,0,0,0,0,50712,295,5224,0,3,41484544,0,0,0,0,0,-1,-1
91594,Beutejagd: Hetzjäger,,65599,141755,0,-1,0,0,0,0,0,0,0,0,0,0,50707,295,5224,0,3,41484544,8192,0,0,0,0,-1,-1
91595,Beutejagd: Hetzjäger,,65600,141754,0,-1,0,0,0,0,0,0,0,0,0,0,50710,295,5224,0,3,41484544,8192,0,0,0,0,-1,-1
91596,Beutejagd: Hetzjäger,,65601,141753,0,-1,0,0,0,0,0,0,0,0,0,0,50713,295,5224,0,3,41484544,8192,0,0,0,0,-1,-1
91601,Beutejagd: Spitzenräuber,,65606,141755,0,-1,0,0,0,0,0,0,0,0,0,0,50705,295,5224,0,3,41484544,8192,0,0,0,0,-1,-1
91602,Beutejagd: Spitzenräuber,,65607,141754,0,-1,0,0,0,0,0,0,0,0,0,0,50708,295,5224,0,3,41484544,8192,0,0,0,0,-1,-1
91604,Beutejagd: Spitzenräuber,,65609,141753,0,-1,0,0,0,0,0,0,0,0,0,0,50711,295,5224,0,3,41484544,8192,0,0,0,0,-1,-1
91612,Ewige Forschung,,0,142406,0,-1,0,0,0,0,0,0,0,0,0,0,0,284,3382,0,3,104333312,0,4203016,0,0,0,-1,-1
91613,Beförderung bei der ewigen Forschung: Zeitassistenz,,65612,142407,0,-1,0,0,0,0,0,0,0,0,0,0,0,0,3426,0,0,36700160,128,520,0,0,0,-1,-1
91627,Saltherils Hafen,,65616,142555,0,-1,0,0,0,0,0,0,0,0,0,0,0,282,4569,0,2,40894464,0,512,0,0,0,-1,-1
91631,Epochaler Fortschritt,,65620,142443,0,-1,0,0,0,0,0,0,0,0,0,0,0,0,3382,0,0,36700160,0,520,0,0,0,-1,-1
91632,Das Ende einer epochalen Reise,,65621,145399,0,-1,0,0,0,0,0,0,0,0,0,0,0,0,3563,0,0,36700160,0,520,0,0,0,-1,-1
91634,Poacher Rav'ik,,65623,0,0,-1,0,0,0,0,0,0,0,0,0,0,0,0,4281,0,3,34149632,0,8,0,0,0,-1,-1
91640,Tracking Quest,,65629,0,0,-1,0,0,0,0,0,0,0,0,0,0,0,0,0,0,3,36701184,128,8,0,0,0,-1,-1
91642,Tracking Quest,,65631,0,0,-1,0,0,0,0,0,0,0,0,0,0,0,0,0,0,3,36701184,128,8,0,0,0,-1,-1
91643,Tracking Quest,,65632,0,0,-1,0,0,0,0,0,0,0,0,0,0,0,0,0,0,3,36701184,128,8,0,0,0,-1,-1
91644,Windhügel,,65633,0,0,-1,0,0,0,0,0,0,0,0,0,0,48710,283,3313,0,3,37289984,0,512,0,0,0,-1,-1
91645,Tracking Quest,,65634,0,0,-1,0,0,0,0,0,0,0,0,0,0,0,0,0,0,3,36701184,128,8,0,0,0,-1,-1
91646,Tracking Quest,,65635,0,0,-1,0,0,0,0,0,0,0,0,0,0,0,0,0,0,3,36701184,128,8,0,0,0,-1,-1
91647,Tracking Quest,,65636,0,0,-1,0,0,0,0,0,0,0,0,0,0,0,0,0,0,3,36701184,128,8,0,0,0,-1,-1
91648,Tracking Quest,,65637,0,0,-1,0,0,0,0,0,0,0,0,0,0,0,0,0,0,3,36701184,128,8,0,0,0,-1,-1
91649,Tracking Quest,,65638,0,0,-1,0,0,0,0,0,0,0,0,0,0,0,0,0,0,3,36701184,128,8,0,0,0,-1,-1
91686,Tracking Quest,,65675,0,0,-1,0,0,0,0,0,0,0,0,0,0,0,0,0,0,3,36701184,128,8,0,0,0,-1,-1
91687,Tracking Quest,,65676,0,0,-1,0,0,0,0,0,0,0,0,0,0,0,0,0,0,3,36701184,128,8,0,0,0,-1,-1
91699,Tracking Quest,,65686,0,0,-1,0,0,0,0,0,0,0,0,0,0,0,0,0,0,3,36701184,0,8,0,0,0,-1,-1
91700,Gelichtete Dunkelheit,,65687,139380,0,-1,0,0,0,0,0,0,0,0,0,0,0,1,4311,0,2,40927240,8192,268435968,0,0,0,-1,-1
91726,Eine unaufhaltbare Macht,,65713,0,0,-1,0,0,0,0,0,0,0,0,0,0,0,0,3088,0,2,37748744,4,512,86829,0,0,-1,-1
91759,Bringt das bloß nicht hierher,,65742,142958,0,-1,0,0,0,0,0,0,0,0,0,0,49799,109,3098,0,3,37290240,0,512,0,0,0,-1,-1
91776,Wildhammer und frei,,65757,142958,0,-1,0,0,0,0,0,0,0,0,0,0,49800,109,3098,0,3,41484544,0,512,0,0,0,-1,-1
91778,Zu tief und zu dunkel,,65759,142958,0,-1,0,0,0,0,0,0,0,0,0,0,49801,109,3098,0,3,37290240,0,512,0,0,0,-1,-1
91779,Kampfausbildung für Kultisten,,65760,142958,0,-1,0,0,0,0,0,0,0,0,0,0,49802,109,3098,0,3,37290240,0,512,0,0,0,-1,-1
91785,Besport,,65766,139380,0,-1,0,0,0,0,0,0,0,0,0,0,48606,109,4567,0,3,41484544,0,0,0,0,0,-1,-1
91787,Die Reise geht zu Ende,,65767,0,0,-1,0,0,0,0,0,0,0,0,0,0,0,0,3088,0,2,41025544,4202496,512,86903,0,0,-1,-1
91789,Apocron,,65817,143176,0,-1,0,0,0,0,0,0,0,0,0,0,48873,144,335,0,3,37290304,0,268435456,0,0,0,-1,-1
91790,Brutallus,,65820,143176,0,-1,0,0,0,0,0,0,0,0,0,0,48872,144,335,0,3,37290304,0,268435456,0,0,0,-1,-1
91791,Malificus,,65819,143176,0,-1,0,0,0,0,0,0,0,0,0,0,48871,144,335,0,3,37290304,0,268435456,0,0,0,-1,-1
91792,Si'vash,,65818,143176,0,-1,0,0,0,0,0,0,0,0,0,0,48870,144,335,0,3,37290304,0,268435456,0,0,0,-1,-1
91795,Stört den Ruf,,65771,142958,0,-1,0,0,0,0,0,0,0,0,0,0,0,284,3098,0,2,36732936,0,520,0,0,0,-1,-1
91796,Spezialauftrag: Wieder unser!,,65772,139380,0,-1,0,0,0,0,0,0,0,0,0,0,48928,286,4568,0,3,41484544,8192,512,94866,0,0,-1,-1
91798,Fisch des Tages,,65774,139380,0,-1,0,0,0,0,0,0,0,0,0,0,48930,109,4568,0,3,37290240,0,0,0,0,0,-1,-1
91799,Flugprüfung,,65775,139380,0,-1,0,0,0,0,0,0,0,0,0,0,48931,109,4568,0,3,37290240,8192,0,0,0,0,-1,-1
91800,Erbstücke in Gefahr,,65776,139380,0,-1,0,0,0,0,0,0,0,0,0,0,48932,109,4568,0,3,37290240,0,0,0,0,0,-1,-1
91801,Zwielichtbann,,65777,139380,0,-1,0,0,0,0,0,0,0,0,0,0,48934,109,4568,0,3,37290240,0,0,0,0,0,-1,-1
91802,Die saftigsten Snacks sind Sumpfzecken,,65778,139380,0,-1,0,0,0,0,0,0,0,0,0,0,48935,109,4568,0,3,37290240,0,0,0,0,0,-1,-1
91803,Bedrohung der Marschen,,65779,139380,0,-1,0,0,0,0,0,0,0,0,0,0,48936,109,4568,0,3,37290240,0,0,0,0,0,-1,-1
91804,Fisch fürs Feuer,,65780,139380,0,-1,0,0,0,0,0,0,0,0,0,0,48937,109,4568,0,3,37290240,0,0,0,0,0,-1,-1
91805,Geäst im Bau,,65781,139380,0,-1,0,0,0,0,0,0,0,0,0,0,48938,109,4568,0,3,37290240,0,0,0,0,0,-1,-1
91806,Großwildjagd,,65782,139380,0,-1,0,0,0,0,0,0,0,0,0,0,48939,109,4568,0,3,37290240,0,0,0,0,0,-1,-1
91807,Zerbrechende Zweige,,65783,139380,0,-1,0,0,0,0,0,0,0,0,0,0,48940,109,4568,0,3,37290240,0,0,0,0,0,-1,-1
91808,Ressourcenrettung,,65784,139380,0,-1,0,0,0,0,0,0,0,0,0,238962,48926,109,4568,0,3,41484544,0,0,0,0,0,-1,-1
91809,Tidentempo,,65785,139380,0,-1,0,0,0,0,0,0,0,0,0,0,48941,109,4568,0,3,37290240,0,0,0,0,0,-1,-1
91810,Blasenaal mit Eber,,65786,139380,0,-1,0,0,0,0,0,0,0,0,0,0,48942,109,4568,0,3,41484544,0,0,0,0,0,-1,-1
91811,Ein versengter Spiegel,,65787,139380,0,-1,0,0,0,0,0,0,0,0,0,0,48943,109,4568,0,3,41484544,0,0,0,0,0,-1,-1
91841,Tracking Quest,,65821,0,0,-1,0,0,0,0,0,0,0,0,0,0,0,0,3322,0,3,36701184,0,8,0,0,0,-1,-1
91844,Beförderung bei der ewigen Forschung: Ehrenchronograf,,65824,143302,0,-1,0,0,0,0,0,0,0,0,0,0,0,0,3426,0,0,36700160,128,520,91613,0,0,-1,-1
91845,Beförderung bei der ewigen Forschung: Oberste Chronografieleitung,,65825,143303,0,-1,0,0,0,0,0,0,0,0,0,0,0,0,3426,0,0,36700160,128,520,91844,0,0,-1,-1
91846,Beförderung bei der ewigen Forschung: Oberster Chronofragenermittler,,65826,143304,0,-1,0,0,0,0,0,0,0,0,0,0,0,0,3426,0,0,36700160,128,520,91845,0,0,-1,-1
91847,Ewige Forschung,,0,143305,0,-1,0,0,0,0,0,0,0,0,0,0,0,284,3382,0,3,104333312,0,4203016,0,0,0,-1,-1
91848,Ewige Forschung,,0,143306,0,-1,0,0,0,0,0,0,0,0,0,0,0,284,3382,0,3,104333312,0,4203016,0,0,0,-1,-1
91849,Ewige Forschung,,0,143307,0,-1,0,0,0,0,0,0,0,0,0,0,0,284,3382,0,3,104333312,0,4203016,0,0,0,-1,-1
91927,Stinkstiefeln,,65884,139380,0,-1,0,0,0,0,0,0,0,0,0,0,48607,109,4567,0,3,41484544,0,0,0,0,0,-1,-1
91928,Was gibt's zu Mittag?,,65885,147656,0,-1,131073,0,0,0,0,0,0,0,0,0,0,0,4311,0,2,39846144,8192,268435968,54781,91931,0,-1,-1
91929,Was gibt's zu Mittag?,,65886,147656,0,-1,131073,0,0,0,0,0,0,0,0,0,0,0,4311,0,2,39846144,8192,268435968,91928,91931,0,-1,-1
91930,Die Lande des Überflusses,,65887,139380,0,-1,0,0,0,0,0,0,0,0,0,0,0,282,3321,0,2,40894472,0,520,0,0,0,-1,-1
91932,Das Erwachen der Überflusses,,65889,140165,0,-1,0,0,0,0,0,0,0,0,0,0,0,282,3321,0,2,40894472,8192,520,91930,0,0,-1,-1
91933,Der Überfluss der Ehre,,65890,140165,0,-1,0,0,0,0,0,0,0,0,0,252608,0,282,3321,0,2,36700168,0,520,91932,0,0,-1,-1
91937,Porträts im Tal,,65893,139380,0,-1,0,0,0,0,0,0,0,0,0,0,49009,109,4567,0,3,40435968,8192,512,0,0,0,-1,-1
91966,Saltherils Soiree,,65925,0,0,-1,0,0,0,0,0,0,0,0,0,0,0,0,3321,0,3,37294080,0,0,89290,0,0,-1,-1
91970,GESUCHT: Gelatonius,,65929,148400,0,-1,0,0,0,0,0,0,0,0,0,0,49077,1,5915,0,2,40894472,8192,268435968,0,0,0,-1,-1
91980,GESUCHT: Fieswurz' Dorn,,65939,148400,0,-1,0,0,0,0,0,0,0,0,0,0,49078,1,5915,0,2,40894472,8192,268435968,0,0,0,-1,-1
91981,Vergiften und heilen,,65940,139380,0,-1,0,0,0,0,0,0,0,0,0,0,48608,109,4567,0,3,37290240,0,0,0,0,0,-1,-1
91982,GESUCHT: Krötschattens Blütenblätter,,65941,148400,0,-1,0,0,0,0,0,0,0,0,0,0,49079,1,5915,0,2,40894472,8192,268435968,0,0,0,-1,-1
91998,GESUCHT: Würgeranken von Mistmorast,,65957,148400,0,-1,0,0,0,0,0,0,0,0,0,0,49080,1,5915,0,2,40894472,8192,268435968,0,0,0,-1,-1
92012,GESUCHT: Blutdorns Zangen,,65971,148400,0,-1,0,0,0,0,0,0,0,0,0,0,49082,1,5915,0,2,40894472,8192,268435968,0,0,0,-1,-1
92013,GESUCHT: Dornenhauer der Dionaea,,65972,148400,0,-1,0,0,0,0,0,0,0,0,0,0,49083,1,5915,0,2,40894472,8192,268435968,0,0,0,-1,-1
92018,x.x Testing (YGR),,65977,0,0,-1,0,0,0,0,0,0,0,0,0,0,0,286,3008,0,3,41484288,8192,0,0,0,0,-1,-1
92034,Thorm'belan,,65990,139380,0,-1,0,0,0,0,0,0,0,0,0,0,49063,289,4907,0,3,41484608,8192,520,0,0,0,-1,-1
92062,Wurzelpflege,,66018,139380,0,-1,0,0,0,0,0,0,0,0,0,0,48609,109,4567,0,3,41484544,8192,512,0,0,0,-1,-1
92063,Spezialauftrag: Das Bedauern des Jägers,,66019,155068,0,-1,0,0,0,0,0,0,0,0,0,0,48623,286,4567,0,3,41484544,8192,512,94390,0,0,-1,-1
92085,Die lange Klaue des Gesetzes,,66040,153758,0,-1,0,0,0,0,0,0,0,0,0,0,49065,109,4567,0,3,41484544,8192,512,0,0,0,-1,-1
92086,Ein Hauch von Eintracht,,66041,139380,0,-1,0,0,0,0,0,0,0,0,0,0,49066,109,4567,0,3,41484544,8192,512,0,0,0,-1,-1
92105,Papiere bitte!,,66060,139380,0,-1,0,0,0,0,0,0,0,0,0,0,49345,109,4569,0,3,40435968,8192,0,0,0,0,-1,-1
92119,Brennende Bitterblüten,,66071,139380,0,-1,0,0,0,0,0,0,0,0,0,0,48610,109,4567,0,3,40435968,8192,512,0,0,0,-1,-1
92120,Das Verständnis der Magie,,66072,139380,0,-1,0,0,0,0,0,0,0,0,0,0,49842,109,4569,0,3,40435968,8192,0,0,0,0,-1,-1
92121,Die weite Wildnis,,66073,139380,0,-1,0,0,0,0,0,0,0,0,0,0,49574,109,4569,0,3,40435968,8192,0,0,0,0,-1,-1
92122,Im Schatten der Sonnensegel,,66074,139380,0,-1,0,0,0,0,0,0,0,0,0,0,49112,109,4569,0,3,40435968,8192,512,0,0,0,-1,-1
92123,Felskiefer,,66075,139380,0,-1,0,0,0,0,0,0,0,0,0,0,49114,289,4281,0,3,37290304,0,8,0,0,0,-1,-1
92136,Infusion der Hoffnung,,66119,0,0,-1,1,0,0,0,0,0,0,0,61800,0,0,0,3088,0,2,57671688,4202496,512,86843,86844,0,-1,-1
92138,Mobilisieren! Einberufen! Rekrutieren!,,66121,139380,0,-1,0,0,0,0,0,0,0,0,0,0,49157,109,4569,0,3,41615616,8192,512,0,0,0,-1,-1
92139,Spezialauftrag: Schemen und Klauen,,66122,155068,0,-1,0,0,0,0,0,0,0,0,0,0,49123,286,4569,0,3,41484544,8192,512,95435,0,0,-1,-1
92140,An die Wurzeln,,66123,139380,0,-1,0,0,0,0,0,0,0,0,0,0,49121,109,4569,0,3,41484544,8192,0,0,0,0,-1,-1
92141,Alte Gefahren,,66124,139380,0,-1,0,0,0,0,0,0,0,0,0,0,49122,109,4569,0,3,41484544,8192,0,0,0,0,-1,-1
92143,Arkane Umverteilung,,66126,139380,0,-1,0,0,0,0,0,0,0,0,0,269606,49209,109,4569,0,3,41484544,8192,0,0,0,0,-1,-1
92144,Hausbesetzer unerwünscht,,66127,139380,0,-1,0,0,0,0,0,0,0,0,0,0,49278,109,4569,0,3,41484544,8192,0,0,0,0,-1,-1
92145,Spezialauftrag: Der Trunk des Großmagisters,,66128,155068,0,-1,0,0,0,0,0,0,0,0,0,0,49636,286,4569,0,3,41484544,8192,512,92848,0,0,-1,-1
92146,Eindämmungszone,,66129,139380,0,-1,0,0,0,0,0,0,0,0,0,0,49342,109,4569,0,3,41484544,8192,0,0,0,0,-1,-1
92149,Tod durch Zwielicht,,66132,139380,0,-1,0,0,0,0,0,0,0,0,0,0,49124,111,4569,0,3,41484544,8192,0,0,0,0,-1,-1
92150,Ein neuer Morgen in Morgenluft,,66133,153037,0,-1,0,0,0,0,0,0,0,0,0,0,49125,109,4569,0,3,41484544,8192,0,0,0,0,-1,-1
92152,Kampf gegen die Blüte,,66135,139380,0,-1,0,0,0,0,0,0,0,0,0,0,49127,109,4569,0,3,41484544,8192,0,0,0,0,-1,-1
92153,Der Mond im Zwielicht,,66136,139380,0,-1,0,0,0,0,0,0,0,0,0,0,49128,109,4569,0,3,41484544,8192,0,0,0,0,-1,-1
92160,Kükenchaos,,66143,139380,0,-1,0,0,0,0,0,0,0,0,0,0,49129,109,4569,0,3,41484544,8192,0,0,0,0,-1,-1
92162,Ein erlesener Toffelgaumen,,66145,152897,0,-1,0,0,0,0,0,0,0,0,0,0,48625,109,4569,0,3,41484544,0,0,0,0,0,-1,-1
92184,Krötoffelquappen bändigen,,66167,139380,0,-1,0,0,0,0,0,0,0,0,0,0,48616,109,4567,0,3,40435968,8192,512,0,0,0,-1,-1
92195,Kommt herbei!,,66179,139380,0,-1,0,0,0,0,0,0,0,0,0,0,49224,109,4569,0,3,41484544,8192,512,0,0,0,-1,-1
92364,Sonnengunst,,66338,139380,0,-1,0,0,0,0,0,0,0,0,0,250854,49253,109,4569,0,3,41484544,8192,512,0,0,0,-1,-1
92365,Verteidigungsaufbau,,66339,139380,0,-1,0,0,0,0,0,0,0,0,0,0,0,0,4311,0,2,40894472,8192,268435968,0,0,0,-1,-1
92407,Schlupfloch,,66379,139380,0,-1,0,0,0,0,0,0,0,0,0,251284,50661,0,4311,0,2,40894472,8192,268435968,0,0,0,-1,-1
92447,Abgrundfischen,,0,144909,0,-1,0,0,0,0,0,0,0,0,0,0,0,0,3321,0,3,36765768,0,8704,0,0,0,-1,-1
92546,Nahende Jäger,,66504,139380,0,-1,0,0,0,0,0,0,0,0,0,0,49452,109,3321,0,3,37290240,0,0,0,0,0,-1,-1
92549,Die Leere von oben,,66506,139380,0,-1,0,0,0,0,0,0,0,0,0,0,49454,109,3321,0,3,37290240,0,0,0,0,0,-1,-1
92555,Ehrt die Flamme,Ehrt das Freudenfeuer in Tristessa im Immersangwald.,66512,9484,0,-1,0,0,0,0,0,0,0,0,0,0,0,0,394,0,2,2097152,0,520,0,0,0,-1,-1
92556,Ehrt die Flamme,Ehrt das Freudenfeuer in Silbermond.,66513,9484,0,-1,0,0,0,0,0,0,0,0,0,0,0,0,394,0,2,2097152,0,520,0,0,0,-1,-1
92557,Ehrt die Flamme,Ehrt das Freudenfeuer in Zul'Aman.,66514,9484,0,-1,0,0,0,0,0,0,0,0,0,0,0,0,394,0,2,2097152,0,520,0,0,0,-1,-1
92558,Ehrt die Flamme,Ehrt das Freudenfeuer im Leerensturm.,66515,9484,0,-1,0,0,0,0,0,0,0,0,0,0,0,0,394,0,2,2097152,0,520,0,0,0,-1,-1
92559,Ehrt die Flamme,Ehrt das Freudenfeuer in Harandar.,66516,9484,0,-1,0,0,0,0,0,0,0,0,0,0,0,0,394,0,2,2097152,0,520,0,0,0,-1,-1
92560,Lu'ashal,,66517,139379,0,-1,0,0,0,0,0,0,0,0,0,0,49484,289,4907,0,3,37290304,0,8,0,0,0,-1,-1
92566,Armeen der Finsternis,,66522,139380,0,-1,0,0,0,0,0,0,0,0,0,0,49529,109,3321,0,3,37290240,0,0,0,0,0,-1321907123,1427461461
92571,Armeen der Finsternis,,66524,139380,0,-1,0,0,0,0,0,0,0,0,0,0,49529,109,3321,0,3,37290240,0,0,0,0,0,1309324210,-1440044374
92576,Die Domanaar dominieren,,66528,139380,0,-1,0,0,0,0,0,0,0,0,0,0,49537,109,3321,0,3,37290240,0,0,0,0,0,-1,-1
92582,Auf Wurzeln anwenden,,66534,139380,0,-1,0,0,0,0,0,0,0,0,0,0,48612,109,4567,0,3,37290240,0,0,0,0,0,-1,-1
92583,Fungizid,,66535,139380,0,-1,0,0,0,0,0,0,0,0,0,0,48622,109,4567,0,3,37290240,8192,0,0,0,0,-1,-1
92636,Predaxas,,66598,139380,0,-1,0,0,0,0,0,0,0,0,0,0,49633,289,4907,0,3,41484608,8192,520,0,0,0,-1,-1
92641,Blut auf der Ebene,,66603,145914,0,-1,0,0,0,0,0,0,0,0,0,0,0,0,3084,0,3,37289984,0,0,0,0,0,-1,-1
92714,Tracking Quest,,66674,0,0,-1,0,0,0,0,0,0,0,0,0,0,0,0,3322,0,3,36701184,128,8,0,0,0,-1,-1
92715,Nur per Einladung?,,66675,152747,0,-1,0,0,0,0,0,0,0,0,66697,0,20689,0,623,0,2,36700160,0,512,0,0,0,1309324210,-1440044374
92731,Die Kunst der Aggression,,66688,146118,0,-1,0,0,0,0,0,0,0,0,0,0,49592,109,3321,0,3,40435968,0,0,0,0,0,-1,-1
92746,Die Wendung der Sturmfelder,,66703,139380,0,-1,0,0,0,0,0,0,0,0,0,0,49604,109,3321,0,3,40435968,0,0,0,0,0,-1,-1
92845,Nur per Einladung?,,66793,152747,0,-1,0,0,0,0,0,0,0,0,66799,0,20689,0,623,0,2,36700160,0,512,0,0,0,-1321907123,1427461461
92945,Die Macht der Pein,,66888,0,0,-1,0,0,0,0,0,0,0,0,0,0,0,282,3321,0,2,36700160,4194304,520,92926,0,0,-1,-1
92954,Maisarakavernen: Meisterin der Seelen,,66897,0,0,-1,1,0,0,0,0,0,0,0,0,0,0,81,5071,0,2,40894472,4202496,512,92953,92951,0,-1,-1
93013,Spezialauftrag: Das Licht zurückdrängen,,66956,155068,0,-1,0,0,0,0,0,0,0,0,0,0,49834,286,4567,0,3,41484544,8192,512,94391,0,0,-1,-1
93046,Eingebettetes Eigentum,,66980,139380,0,-1,0,0,0,0,0,0,0,0,0,0,49864,109,4567,0,3,41484544,8192,512,0,0,0,-1,-1
93047,Grundlagen des Schlachtens,,66981,146358,0,-1,0,0,0,0,0,0,0,0,0,0,0,0,3086,0,2,36700168,0,512,0,0,0,-1,-1
93048,Kein Rhythmusgefühl,,66982,146358,0,-1,0,0,0,0,0,0,0,0,0,0,0,0,3086,0,2,40894472,8192,512,0,0,0,-1,-1
93049,Hausaufgabenhilfe,,66983,146358,0,-1,0,0,0,0,0,0,0,0,0,0,0,0,3086,0,2,36700168,0,512,0,0,0,-1,-1
93050,Altarnative Geschichte,,66984,146345,0,-1,0,0,0,0,0,0,0,0,0,267005,0,0,3086,0,2,40894472,0,512,0,0,0,-1,-1
93051,Die letzte Prüfung,,66985,146358,0,-1,0,0,0,0,0,0,0,0,0,0,0,0,3086,0,2,36700168,0,512,0,0,0,-1,-1
93053,Säuberung des Baus,,66986,152895,0,-1,0,0,0,0,0,0,0,0,0,0,49861,109,4567,0,3,41484544,8192,512,0,0,0,-1,-1
93067,Tracking Quest,,66998,0,0,-1,0,0,0,0,0,0,0,0,0,0,0,0,3322,0,3,36701184,128,8,0,0,0,-1,-1
93071,Durchdringende Verderbnis,,66999,139380,0,-1,0,0,0,0,0,0,0,0,0,0,48614,109,4567,0,3,41484544,8192,512,0,0,0,-1,-1
93130,Quest Tracking,,67057,0,0,-1,0,0,0,0,0,0,0,0,0,0,0,0,0,0,3,36701184,0,8,0,0,0,-1,-1
93144,Quest Tracking,,67071,0,0,-1,5,0,0,0,0,0,0,0,0,0,0,0,0,0,3,40895488,8192,8,93130,93145,93146,-1,-1
93145,Quest Tracking,,67072,0,0,-1,0,0,0,0,0,0,0,0,0,0,0,0,0,0,3,36701184,0,8,0,0,0,-1,-1
93146,Quest Tracking,,67073,0,0,-1,0,0,0,0,0,0,0,0,0,0,0,0,0,0,3,36701184,0,8,0,0,0,-1,-1
93244,Spezialauftrag: Agenten des Schildes,,67164,155068,0,-1,0,0,0,0,0,0,0,0,0,0,49606,286,3321,0,3,41615616,8192,512,94795,0,0,-1,-1
93397,Nagender Hunger,,67269,139380,0,-1,0,0,0,0,0,0,0,0,0,0,49594,109,3321,0,3,41484544,8192,512,0,0,0,-1,-1
93423,Funken des Krieges: Immersangwald,,67293,147396,0,-1,0,0,0,0,0,0,0,0,0,0,49990,0,3313,0,2,35651592,2105344,776,0,0,0,-1,-1
93424,Funken des Krieges: Zul'Aman,,67294,147396,0,-1,0,0,0,0,0,0,0,0,0,0,49991,0,3313,0,2,35651592,2105344,776,0,0,0,-1,-1
93425,Funken des Krieges: Harandar,,67295,147396,0,-1,0,0,0,0,0,0,0,0,0,0,49992,0,3313,0,2,35651592,2105344,776,0,0,0,-1,-1
93426,Funken des Krieges: Leerensturm,,67296,147396,0,-1,0,0,0,0,0,0,0,0,0,0,49993,0,3313,0,2,35651592,2105344,776,0,0,0,-1,-1
93432,Von Schwertern zu Pflugscharen,,67302,146345,0,-1,0,0,0,0,0,0,0,0,0,0,0,0,3086,0,2,40894472,8192,512,93440,0,0,-1,-1
93433,"Schrein, versiegelt und geliefert",,67303,146345,0,-1,0,0,0,0,0,0,0,0,0,0,0,0,3086,0,2,40894472,8192,512,93440,0,0,-1,-1
93435,Vier Anstifter,,67304,0,0,-1,1,0,0,0,0,0,0,0,0,0,0,0,3086,0,2,40894472,8192,512,93432,93433,0,-1,-1
93436,"Verhext die Unschuldigen, stört die Schuldigen",,67305,0,0,-1,1,0,0,0,0,0,0,0,0,259967,0,0,3086,0,2,40894472,8192,512,93432,93433,0,-1,-1
93437,In ihrem eigenen Blut,,67306,146345,0,-1,1,0,0,0,0,0,0,0,0,0,0,0,3086,0,2,40894472,8192,512,93435,93436,0,-1,-1
93438,Spezialauftrag: Präzise Ausmerzung,,67307,155068,0,-1,0,0,0,0,0,0,0,0,0,0,49593,286,3321,0,3,41484544,8192,512,94743,0,0,-1,-1
93440,Persönliche Geschichte,,67309,146345,0,-1,0,0,0,0,0,0,0,0,67302,0,0,0,3086,0,2,40894472,8192,512,0,0,0,-1,-1
93470,Tracking Quest,,67338,0,0,-1,0,0,0,0,0,0,0,0,0,0,0,0,0,0,3,36701184,128,8,0,0,0,-1,-1
93471,Tracking Quest,,67339,0,0,-1,0,0,0,0,0,0,0,0,0,0,0,0,0,0,3,36701184,128,8,0,0,0,-1,-1
93472,Tracking Quest,,67340,0,0,-1,0,0,0,0,0,0,0,0,0,0,0,0,0,0,3,36701184,128,8,0,0,0,-1,-1
93473,Tracking Quest,,67341,0,0,-1,0,0,0,0,0,0,0,0,0,0,0,0,0,0,3,36701184,128,8,0,0,0,-1,-1
93474,Tracking Quest,,67342,0,0,-1,0,0,0,0,0,0,0,0,0,0,0,0,0,0,3,36701184,128,8,0,0,0,-1,-1
93475,Tracking Quest,,67343,0,0,-1,0,0,0,0,0,0,0,0,0,0,0,0,0,0,3,36701184,128,8,0,0,0,-1,-1
93476,Tracking Quest,,67344,0,0,-1,0,0,0,0,0,0,0,0,0,0,0,0,0,0,3,36701184,128,8,0,0,0,-1,-1
93478,Tracking Quest,,67346,0,0,-1,0,0,0,0,0,0,0,0,0,0,0,0,0,0,3,36701184,128,8,0,0,0,-1,-1
93479,Tracking Quest,,67347,0,0,-1,0,0,0,0,0,0,0,0,0,0,0,0,0,0,3,36701184,128,8,0,0,0,-1,-1
93480,Tracking Quest,,67348,0,0,-1,0,0,0,0,0,0,0,0,0,0,0,0,0,0,3,36701184,128,8,0,0,0,-1,-1
93481,Tracking Quest,,67349,0,0,-1,0,0,0,0,0,0,0,0,0,0,0,0,0,0,3,36701184,128,8,0,0,0,-1,-1
93482,Tracking Quest,,67350,0,0,-1,0,0,0,0,0,0,0,0,0,0,0,0,0,0,3,36701184,128,8,0,0,0,-1,-1
93483,Tracking Quest,,67351,0,0,-1,0,0,0,0,0,0,0,0,0,0,0,0,0,0,3,36701184,128,8,0,0,0,-1,-1
93484,Tracking Quest,,67352,0,0,-1,0,0,0,0,0,0,0,0,0,0,0,0,0,0,3,36701184,128,8,0,0,0,-1,-1
93485,Tracking Quest,,67353,0,0,-1,0,0,0,0,0,0,0,0,0,0,0,0,0,0,3,36701184,128,8,0,0,0,-1,-1
93486,Tracking Quest,,67354,0,0,-1,0,0,0,0,0,0,0,0,0,0,0,0,0,0,3,36701184,128,8,0,0,0,-1,-1
93487,Tracking Quest,,67355,0,0,-1,0,0,0,0,0,0,0,0,0,0,0,0,0,0,3,36701184,128,8,0,0,0,-1,-1
93488,Tracking Quest,,67356,0,0,-1,0,0,0,0,0,0,0,0,0,0,0,0,0,0,3,36701184,128,8,0,0,0,-1,-1
93489,Tracking Quest,,67357,0,0,-1,0,0,0,0,0,0,0,0,0,0,0,0,0,0,3,36701184,128,8,0,0,0,-1,-1
93490,Tracking Quest,,67358,0,0,-1,0,0,0,0,0,0,0,0,0,0,0,0,0,0,3,36701184,128,8,0,0,0,-1,-1
93491,Tracking Quest,,67359,0,0,-1,0,0,0,0,0,0,0,0,0,0,0,0,0,0,3,36701184,128,8,0,0,0,-1,-1
93501,Die Saison beginnt: Midnight,,67369,142972,0,-1,0,0,0,0,0,0,0,0,0,0,0,282,3313,0,2,40894472,0,512,90806,0,0,-1,-1
93507,Die Leere stören,,67375,139380,0,-1,0,0,0,0,0,0,0,0,0,0,49597,109,4311,0,3,3735808,0,0,0,0,0,-1,-1
93511,Ein vermisstes Mitglied,,67379,0,0,-1,0,0,0,0,0,0,0,0,0,0,0,0,3313,0,2,573571080,0,512,93501,0,0,-1,-1
93517,Außerweltliche Intelligenz,,67383,139380,0,-1,0,0,0,0,0,0,0,0,0,0,49598,109,3321,0,3,37290240,0,0,0,0,0,-1,-1
93524,Grabenlauf,,67388,139380,0,-1,0,0,0,0,0,0,0,0,0,0,49607,109,3321,0,3,37290240,0,0,0,0,0,-1,-1
93525,Nullaeus nullifizieren,,67389,0,0,-1,0,0,0,0,0,0,0,0,0,0,0,0,3313,0,2,36700168,0,512,93511,0,0,-1,-1
93554,Tracking Quest,,67418,0,0,-1,0,0,0,0,0,0,0,0,0,0,0,0,0,0,3,36701184,128,8,0,0,0,-1,-1
93556,Tracking Quest,,67420,0,0,-1,0,0,0,0,0,0,0,0,0,0,0,0,0,0,3,36701184,128,8,0,0,0,-1,-1
93557,Tracking Quest,,67421,0,0,-1,0,0,0,0,0,0,0,0,0,0,0,0,0,0,3,36701184,128,8,0,0,0,-1,-1
93558,Tracking Quest,,67422,0,0,-1,0,0,0,0,0,0,0,0,0,0,0,0,0,0,3,36701184,128,8,0,0,0,-1,-1
93559,Tracking Quest,,67423,0,0,-1,0,0,0,0,0,0,0,0,0,0,0,0,0,0,3,36701184,128,8,0,0,0,-1,-1
93569,Exaliburn,,67432,0,0,-1,0,0,0,0,0,0,0,0,0,0,0,265,3321,0,3,3735552,8192,8,0,0,0,-1,-1
93571,Schatten zerstreuen,,67434,139380,0,-1,0,0,0,0,0,0,0,0,0,0,49599,109,3321,0,3,41484544,8192,512,0,0,0,-1,-1
93573,Die Dunkelheit entschlüsseln,,67436,139380,0,-1,0,0,0,0,0,0,0,0,0,0,49602,109,3321,0,3,41484544,8192,512,0,0,0,-1,-1
93575,Maisarakavernen: Maisara hungert,,67438,146360,0,-1,0,0,0,0,0,0,0,0,0,0,0,81,3086,0,2,36700424,0,512,0,0,0,-1,-1
93577,Gefangener Instinkt,,67440,139380,0,-1,0,0,0,0,0,0,0,0,0,0,49603,109,3321,0,3,40435968,8192,512,0,0,0,-1,-1
93578,Wo sich Schatten sammeln,,67441,139380,0,-1,0,0,0,0,0,0,0,0,0,0,49601,109,3321,0,3,41484544,8192,512,0,0,0,-1,-1
93579,Pfad der Läuterung,,67442,139380,0,-1,0,0,0,0,0,0,0,0,0,0,49600,109,3321,0,3,41484544,8192,512,0,0,0,-1,-1
93593,Ein Aufruf zur Schlacht,,67455,34190,0,-1,0,0,0,0,0,0,0,0,0,0,0,0,4240,0,2,35684424,8388608,514,0,0,0,-1,-1
93595,Ruf der Tiefe,,67457,127918,0,-1,0,0,0,0,0,0,0,0,0,0,0,0,4240,0,2,35684360,0,514,90806,0,0,-1,-1
93598,Abgesandter des Krieges,,67458,65125,0,-1,0,0,0,0,0,0,0,0,0,0,0,81,4240,0,2,35684360,0,514,0,0,0,-1,-1
93599,Die Besten der Besten,,67459,34192,0,-1,0,0,0,0,0,0,0,0,0,0,0,0,4240,0,2,35684424,2176,514,0,0,0,-1,-1
93600,Die Arena ruft,,67460,34193,0,-1,0,0,0,0,0,0,0,0,0,0,0,0,4240,0,2,35684424,8388608,512,0,0,0,-1,-1
93605,Die Welt wartet,,67465,44419,0,-1,0,0,0,0,0,0,0,0,0,0,0,0,4240,0,2,35684360,0,514,90806,0,0,-1,-1
93651,Das blendende Tal: Lichtblütenwurzeln,,67509,148145,0,-1,0,0,0,0,0,0,0,0,0,0,0,81,3086,0,2,36700424,0,512,0,0,0,-1,-1
93687,Kostet wahre Macht,,67544,148249,0,-1,0,0,0,0,0,0,0,0,0,0,0,282,3313,0,0,40894464,8320,512,0,0,0,-1,-1
93744,Vereint gegen die Leere,,67601,149827,0,-1,0,0,0,0,0,0,0,0,0,0,50434,284,4240,0,3,104333312,0,4202496,0,0,0,-1,-1
93751,Windläuferturm,,67608,149827,0,-1,0,0,0,0,0,0,0,0,0,0,50436,81,4240,0,2,36700424,0,520,0,0,0,-1,-1
93752,Mördergasse,,67609,149827,0,-1,0,0,0,0,0,0,0,0,0,0,50437,81,4240,0,2,36700424,0,520,0,0,0,-1,-1
93753,Terrasse der Magister,,67610,149827,0,-1,0,0,0,0,0,0,0,0,0,0,50438,81,4240,0,2,36700424,0,520,0,0,0,-1,-1
93754,Maisarakavernen,,67611,149827,0,-1,0,0,0,0,0,0,0,0,0,0,50439,81,4240,0,2,36700424,0,520,0,0,0,-1,-1
93755,Nalorakks Bau,,67612,149827,0,-1,0,0,0,0,0,0,0,0,0,0,50440,81,4240,0,2,36700424,0,520,0,0,0,-1,-1
93756,Das blendende Tal,,67613,149827,0,-1,0,0,0,0,0,0,0,0,0,0,50441,81,4240,0,2,36700424,0,520,0,0,0,-1,-1
93757,Arena der Leerennarbe,,67614,149827,0,-1,0,0,0,0,0,0,0,0,0,0,50442,81,4240,0,2,36700424,0,520,0,0,0,-1,-1
93758,Nexuspunkt Xenas,,67615,149827,0,-1,0,0,0,0,0,0,0,0,0,0,50443,81,4240,0,2,36700424,0,520,0,0,0,-1,-1
93792,Segen der Loa,,67646,150612,0,-1,0,0,0,0,0,0,0,0,0,0,0,282,3086,0,2,40894472,0,512,0,0,0,-1,-1
93850,Windläuferturm: Quälende Melodien,,67700,153417,0,-1,0,0,0,0,0,0,0,0,0,0,0,81,3085,0,2,40894728,0,512,0,0,0,-1,-1
93884,Bilemaw the Gluttonous,,67733,0,0,-1,0,0,0,0,0,0,0,0,0,0,0,0,4284,0,3,34149632,0,8,0,0,0,-1,-1
93895,Ravengerus,,67737,0,0,-1,0,0,0,0,0,0,0,0,0,0,0,0,4281,0,3,34149632,0,8,0,0,0,-1,-1
93896,Far'thana the Mad,,67738,0,0,-1,0,0,0,0,0,0,0,0,0,0,0,0,4281,0,3,34149632,0,8,0,0,0,-1,-1
93904,Der Gravitation trotzen,,67745,139380,0,-1,1,0,0,0,0,0,0,0,0,0,49596,109,3321,0,3,7930112,8192,512,0,0,0,-1,-1
93905,Dauerhafter Stillstand,,67746,139380,0,-1,0,0,0,0,0,0,0,0,0,0,49595,109,3321,0,3,41484544,8192,512,0,0,0,-1,-1
93934,Queen o' War,,67769,0,0,-1,0,0,0,0,0,0,0,0,0,0,0,0,4284,0,3,37295360,0,8,0,0,0,-1,-1
93944,Aeonelle Blackstar,,67779,0,0,-1,0,0,0,0,0,0,0,0,0,0,0,0,4284,0,3,34149632,0,8,0,0,0,-1,-1
93946,Bane of the Vilebloods,,67781,0,0,-1,0,0,0,0,0,0,0,0,0,0,0,0,4284,0,3,34149632,0,8,0,0,0,-1,-1
93947,Lotus Darkblossom,,67782,0,0,-1,0,0,0,0,0,0,0,0,0,0,0,0,4284,0,3,34149632,0,8,0,0,0,-1,-1
93953,Rakshur the Bonegrinder,,67788,0,0,-1,0,0,0,0,0,0,0,0,0,0,0,0,4284,0,3,34149632,0,8,0,0,0,-1,-1
93966,Screammaxa the Matriarch,,67797,0,0,-1,0,0,0,0,0,0,0,0,0,0,0,0,4284,0,3,34149632,0,8,0,0,0,-1,-1
94005,Stellarvorrat,,67829,0,0,-1,0,0,0,0,0,0,0,0,0,0,0,265,3084,0,3,34144256,0,8,0,0,0,-1,-1
94210,Das Nest polstern,,67877,0,0,-1,0,0,0,0,0,0,0,0,0,0,0,282,4285,0,2,37224448,4194432,524808,91969,0,0,-1,-1
94361,Ein Leben im Überfluss,,67878,140165,0,-1,0,0,0,0,0,0,0,0,0,0,0,0,3321,0,2,40894472,8192,520,91933,0,0,-1,-1
94379,Der alte Herd,,67893,149690,0,-1,0,0,0,0,0,0,0,0,0,0,0,282,4285,0,2,36700160,4194432,524808,94210,0,0,-1,-1
94385,Angriffe der Leere: Immersangwald,,67899,149634,0,-1,0,0,0,0,0,0,0,0,0,0,49149,0,3321,0,2,36700424,0,512,0,0,0,-1,-1
94386,Angriffe der Leere: Zul'Aman,,67900,154898,0,-1,0,0,0,0,0,0,0,0,0,0,49277,0,3321,0,2,36700424,0,512,0,0,0,-1,-1
94389,Tracking Quest,,67903,0,0,-1,0,0,0,0,0,0,0,0,0,0,0,0,0,0,3,36701184,0,8,0,0,0,-1,-1
94394,Tracking Quest,,67908,0,0,-1,0,0,0,0,0,0,0,0,0,0,0,0,0,0,3,36701184,0,8,0,0,0,-1,-1
94395,Tracking Quest,,67909,0,0,-1,0,0,0,0,0,0,0,0,0,0,0,0,0,0,3,36701184,0,8,0,0,0,-1,-1
94397,Tracking Quest,,67911,0,0,-1,0,0,0,0,0,0,0,0,0,0,0,0,0,0,3,36701184,0,8,0,0,0,-1,-1
94398,Tracking Quest,,67912,0,0,-1,0,0,0,0,0,0,0,0,0,0,0,0,0,0,3,36701184,0,8,0,0,0,-1,-1
94417,Wappen des Morgenlichts,,67927,142396,0,-1,0,0,0,0,0,0,0,0,0,0,0,282,3313,0,2,40894792,0,520,94430,0,0,-1,-1
94418,Wappentransmutation,,67928,142396,0,-1,0,0,0,0,0,0,0,0,0,0,0,282,3313,0,2,40894792,0,520,94432,0,0,-1,-1
94425,Die Spitze bluten lassen,,67935,150739,0,-1,0,0,0,0,0,0,0,0,0,0,49605,111,3321,0,3,41484544,8192,0,0,0,0,-1,-1
94430,Abenteuerausrüstung,,67941,142396,0,-1,0,0,0,0,0,0,0,0,0,0,0,282,3313,0,2,40894728,0,520,0,0,0,-1,-1
94432,Veteranenausrüstung,,67943,142396,0,-1,0,0,0,0,0,0,0,0,0,0,0,282,3313,0,2,40894728,0,520,94417,0,0,-1,-1
94444,Wählt einen Pfad,,67955,149832,0,-1,131073,0,0,0,0,0,0,0,0,0,0,0,863,0,2,40894472,8192,520,90961,94445,0,524288,0
94445,Wählt einen Pfad,,67956,149833,0,-1,131073,0,0,0,0,0,0,0,0,0,0,0,863,0,2,40894472,8192,520,90961,94444,0,1048576,0
94474,Die Große Schatzkammer,,67980,149994,0,-1,0,0,0,0,0,0,0,0,0,0,0,0,4240,0,2,37748736,8192,520,0,0,0,-1,-1
94506,Tracking Quest,,68007,0,0,-1,0,0,0,0,0,0,0,0,0,0,0,0,2860,0,3,34149376,128,8,0,0,0,-1,-1
94507,Tracking Quest,,68008,0,0,-1,0,0,0,0,0,0,0,0,0,0,0,0,2860,0,3,34149376,0,8,0,0,0,-1,-1
94508,Tracking Quest,,68009,0,0,-1,0,0,0,0,0,0,0,0,0,0,0,0,2860,0,3,34149376,0,8,0,0,0,-1,-1
94509,Tracking Quest,,68010,0,0,-1,0,0,0,0,0,0,0,0,0,0,0,0,2860,0,3,34149376,0,8,0,0,0,-1,-1
94510,Tracking Quest,,68011,0,0,-1,0,0,0,0,0,0,0,0,0,0,0,0,2860,0,3,34149376,0,8,0,0,0,-1,-1
94511,Tracking Quest,,68012,0,0,-1,0,0,0,0,0,0,0,0,0,0,0,0,2860,0,3,34149376,0,8,0,0,0,-1,-1
94512,Tracking Quest,,68013,0,0,-1,0,0,0,0,0,0,0,0,0,0,0,0,2860,0,3,34149376,0,8,0,0,0,-1,-1
94513,Tracking Quest,,68014,0,0,-1,0,0,0,0,0,0,0,0,0,0,0,0,2860,0,3,34149376,0,8,0,0,0,-1,-1
94514,Tracking Quest,,68015,0,0,-1,0,0,0,0,0,0,0,0,0,0,0,0,2860,0,3,34149376,0,8,0,0,0,-1,-1
94515,Tracking Quest,,68016,0,0,-1,0,0,0,0,0,0,0,0,0,0,0,0,2860,0,3,34149376,0,8,0,0,0,-1,-1
94516,Tracking Quest,,68017,0,0,-1,0,0,0,0,0,0,0,0,0,0,0,0,2860,0,3,34149376,0,8,0,0,0,-1,-1
94517,Tracking Quest,,68018,0,0,-1,0,0,0,0,0,0,0,0,0,0,0,0,2860,0,3,34149376,0,8,0,0,0,-1,-1
94518,Tracking Quest,,68019,0,0,-1,0,0,0,0,0,0,0,0,0,0,0,0,2860,0,3,34149376,0,8,0,0,0,-1,-1
94536,Tracking Quest,,68036,0,0,-1,0,0,0,0,0,0,0,0,0,0,0,0,0,0,3,33555464,128,8,0,0,0,-1,-1
94537,Tracking Quest,,68037,0,0,-1,0,0,0,0,0,0,0,0,0,0,0,0,0,0,3,33555464,128,8,0,0,0,-1,-1
94538,Tracking Quest,,68038,0,0,-1,0,0,0,0,0,0,0,0,0,0,0,0,0,0,3,33555464,128,8,0,0,0,-1,-1
94539,Tracking Quest,,68039,0,0,-1,0,0,0,0,0,0,0,0,0,0,0,0,0,0,3,33555464,128,8,0,0,0,-1,-1
94540,Tracking Quest,,68040,0,0,-1,0,0,0,0,0,0,0,0,0,0,0,0,0,0,3,33555464,128,8,0,0,0,-1,-1
94541,Tracking Quest,,68041,0,0,-1,0,0,0,0,0,0,0,0,0,0,0,0,0,0,3,33555464,128,8,0,0,0,-1,-1
94542,Tracking Quest,,68042,0,0,-1,0,0,0,0,0,0,0,0,0,0,0,0,0,0,3,33555464,128,8,0,0,0,-1,-1
94543,Tracking Quest,,68043,0,0,-1,0,0,0,0,0,0,0,0,0,0,0,0,0,0,3,33555464,128,8,0,0,0,-1,-1
94544,Tracking Quest,,68044,0,0,-1,0,0,0,0,0,0,0,0,0,0,0,0,0,0,3,33555464,128,8,0,0,0,-1,-1
94545,Tracking Quest,,68045,0,0,-1,0,0,0,0,0,0,0,0,0,0,0,0,0,0,3,33555464,128,8,0,0,0,-1,-1
94546,Tracking Quest,,68046,0,0,-1,0,0,0,0,0,0,0,0,0,0,0,0,0,0,3,33555464,128,8,0,0,0,-1,-1
94547,Tracking Quest,,68047,0,0,-1,0,0,0,0,0,0,0,0,0,0,0,0,0,0,3,33555464,128,8,0,0,0,-1,-1
94548,Tracking Quest,,68048,0,0,-1,0,0,0,0,0,0,0,0,0,0,0,0,0,0,3,33555464,128,8,0,0,0,-1,-1
94549,Tracking Quest,,68049,0,0,-1,0,0,0,0,0,0,0,0,0,0,0,0,0,0,3,33555464,128,8,0,0,0,-1,-1
94550,Tracking Quest,,68050,0,0,-1,0,0,0,0,0,0,0,0,0,0,0,0,0,0,3,33555464,128,8,0,0,0,-1,-1
94551,Tracking Quest,,68051,0,0,-1,0,0,0,0,0,0,0,0,0,0,0,0,0,0,3,33555464,128,8,0,0,0,-1,-1
94552,Tracking Quest,,68052,0,0,-1,0,0,0,0,0,0,0,0,0,0,0,0,0,0,3,33555464,128,8,0,0,0,-1,-1
94553,Tracking Quest,,68053,0,0,-1,0,0,0,0,0,0,0,0,0,0,0,0,0,0,3,33555464,128,8,0,0,0,-1,-1
94554,Tracking Quest,,68054,0,0,-1,0,0,0,0,0,0,0,0,0,0,0,0,0,0,3,33555464,128,8,0,0,0,-1,-1
94555,Tracking Quest,,68055,0,0,-1,0,0,0,0,0,0,0,0,0,0,0,0,0,0,3,33555464,128,8,0,0,0,-1,-1
94575,Schneckenpost: Friedensblume,,68073,150400,0,-1,0,0,0,0,0,0,0,0,0,0,0,82,4285,0,3,41484288,8192,8,0,0,0,-1,-1
94581,Standhalten,,68077,150460,0,-1,0,0,0,0,0,0,0,0,0,0,50546,109,4311,0,3,37814592,8256,520,0,0,0,-1,-1
94583,Schneckenpost: Silberblatt,,68079,150434,0,-1,0,0,0,0,0,0,0,0,0,0,0,82,4285,0,3,41484288,8192,8,0,0,0,-1,-1
94584,Schneckenpost: Schwarzer Lotus,,68080,150435,0,-1,0,0,0,0,0,0,0,0,0,0,0,82,4285,0,3,41484288,8192,8,0,0,0,-1,-1
94585,Schneckenpost: Zin'anthide,,68081,150436,0,-1,0,0,0,0,0,0,0,0,0,0,0,82,4285,0,3,41484288,8192,8,0,0,0,-1,-1
94586,Schneckenpost: Erdwurzel und Maguskönigskraut,,68082,150437,0,-1,0,0,0,0,0,0,0,0,0,0,0,82,4285,0,3,41484288,8192,8,0,0,0,-1,-1
94587,Schneckenpost: Verfaulender Weisenfisch,,68083,150438,0,-1,0,0,0,0,0,0,0,0,0,0,0,82,4285,0,3,41484288,8192,8,0,0,0,-1,-1
94588,Schneckenpost: Frisch gewaschene Wäsche,,68084,150439,0,-1,0,0,0,0,0,0,0,0,0,0,0,82,4285,0,3,41484288,8192,8,0,0,0,-1,-1
94589,Schneckenpost: Pikant,,68085,150440,0,-1,0,0,0,0,0,0,0,0,0,0,0,82,4285,0,3,41484288,8192,8,0,0,0,-1,-1
94590,Schneckenpost: Zitronig,,68086,150441,0,-1,0,0,0,0,0,0,0,0,0,0,0,82,4285,0,3,41484288,8192,8,0,0,0,-1,-1
94591,Schneckenpost: Kürzlich zeitverzerrt,,68087,150442,0,-1,0,0,0,0,0,0,0,0,0,0,0,82,4285,0,3,41484288,8192,8,0,0,0,-1,-1
94592,Schneckenpost: Kekse,,68088,150443,0,-1,0,0,0,0,0,0,0,0,0,0,0,82,4285,0,3,41484288,8192,8,0,0,0,-1,-1
94593,Schneckenpost: Minzig,,68089,150444,0,-1,0,0,0,0,0,0,0,0,0,0,0,82,4285,0,3,41484288,8192,8,0,0,0,-1,-1
94594,Schneckenpost: Pflanzlich,,68090,150445,0,-1,0,0,0,0,0,0,0,0,0,0,0,82,4285,0,3,41484288,8192,8,0,0,0,-1,-1
94595,Schneckenpost: Erdig,,68091,150446,0,-1,0,0,0,0,0,0,0,0,0,0,0,82,4285,0,3,41484288,8192,8,0,0,0,-1,-1
94596,Schneckenpost: Holzig,,68092,150447,0,-1,0,0,0,0,0,0,0,0,0,0,0,82,4285,0,3,41484288,8192,8,0,0,0,-1,-1
94597,Schneckenpost: Moschus,,68093,150448,0,-1,0,0,0,0,0,0,0,0,0,0,0,82,4285,0,3,41484288,8192,8,0,0,0,-1,-1
94598,Schneckenpost: Vanille,,68094,150449,0,-1,0,0,0,0,0,0,0,0,0,0,0,82,4285,0,3,41484288,8192,8,0,0,0,-1,-1
94599,Schneckenpost: Würgetang,,68095,150450,0,-1,0,0,0,0,0,0,0,0,0,0,0,82,4285,0,3,41484288,8192,8,0,0,0,-1,-1
94600,Schneckenpost: Tigerlilie,,68096,150451,0,-1,0,0,0,0,0,0,0,0,0,0,0,82,4285,0,3,41484288,8192,8,0,0,0,-1,-1
94601,Schneckenpost: Mykopracht,,68097,150452,0,-1,0,0,0,0,0,0,0,0,0,0,0,82,4285,0,3,41484288,8192,8,0,0,0,-1,-1
94602,Schneckenpost: Blindkraut,,68098,150453,0,-1,0,0,0,0,0,0,0,0,0,0,0,82,4285,0,3,41484288,8192,8,0,0,0,-1,-1
94603,Schneckenpost: Blasenmohn,,68099,150454,0,-1,0,0,0,0,0,0,0,0,0,0,0,82,4285,0,3,41484288,8192,8,0,0,0,-1,-1
94604,Schneckenpost: Nasser Hund,,68100,150455,0,-1,0,0,0,0,0,0,0,0,0,0,0,82,4285,0,3,41484288,8192,8,0,0,0,-1,-1
94605,Schneckenpost: Frisch gedüngtes Feld,,68101,150456,0,-1,0,0,0,0,0,0,0,0,0,0,0,82,4285,0,3,41484288,8192,8,0,0,0,-1,-1
94606,Schneckenpost: Pfingstrose,,68102,150457,0,-1,0,0,0,0,0,0,0,0,0,0,0,82,4285,0,3,41484288,8192,8,0,0,0,-1,-1
94607,Schneckenpost: Kafa,,68103,150458,0,-1,0,0,0,0,0,0,0,0,0,0,0,82,4285,0,3,41484288,8192,8,0,0,0,-1,-1
94622,Bewegt Euch,,68113,0,0,-1,0,0,0,0,0,0,0,0,0,0,22303,0,877,0,2,3145736,0,520,0,0,0,-1,-1
94623,Bau der Leerenschmiede,,68114,142233,0,-1,0,0,0,0,0,0,0,0,0,0,0,282,6157,0,2,36700168,8322,520,0,0,0,-1,-1
94625,Ein elementarer Leerenkern,,0,150653,0,-1,131073,0,0,0,0,0,0,0,0,0,0,282,4240,0,2,36700168,0,520,94623,94675,0,-1,-1
94627,Tracking Quest,,68118,0,0,-1,0,0,0,0,0,0,0,0,0,0,0,0,0,0,3,36701184,0,8,0,0,0,-1,-1
94630,Bewegt Euch,,68120,0,0,-1,0,0,0,0,0,0,0,0,0,0,22303,0,877,0,2,3145736,0,520,0,0,0,-1,-1
94631,Tracking Quest,,68121,0,0,-1,0,0,0,0,0,0,0,0,0,0,0,0,0,0,3,36701184,0,8,0,0,0,-1,-1
94632,Tracking Quest,,68122,0,0,-1,0,0,0,0,0,0,0,0,0,0,0,0,0,0,3,36701184,0,8,0,0,0,-1,-1
94633,Tracking Quest,,68123,0,0,-1,0,0,0,0,0,0,0,0,0,0,0,0,0,0,3,36701184,0,8,0,0,0,-1,-1
94635,Bewegt Euch,,68125,0,0,-1,0,0,0,0,0,0,0,0,0,0,22303,0,877,0,2,3145736,0,520,0,0,0,-1,-1
94636,Bewegt Euch,,68126,0,0,-1,0,0,0,0,0,0,0,0,0,0,22303,0,877,0,2,3145736,0,520,0,0,0,-1,-1
94637,Bewegt Euch,,68127,0,0,-1,0,0,0,0,0,0,0,0,0,0,22303,0,877,0,2,3145736,0,520,0,0,0,-1,-1
94640,Schneckenpost: Krümmrinde,,68130,150400,0,-1,0,0,0,0,0,0,0,0,0,0,0,82,4285,0,3,41484288,8192,8,0,0,0,-1,-1
94641,Schneckenpost: Zedernholz,,68131,150434,0,-1,0,0,0,0,0,0,0,0,0,0,0,82,4285,0,3,41484288,8192,8,0,0,0,-1,-1
94642,Schneckenpost: Feuerblatt,,68132,150435,0,-1,0,0,0,0,0,0,0,0,0,0,0,82,4285,0,3,41484288,8192,8,0,0,0,-1,-1
94643,Schneckenpost: Gebratener Schinken,,68133,150436,0,-1,0,0,0,0,0,0,0,0,0,0,0,82,4285,0,3,41484288,8192,8,0,0,0,-1,-1
94644,Schneckenpost: Fjarnskaggl,,68134,150437,0,-1,0,0,0,0,0,0,0,0,0,0,0,82,4285,0,3,41484288,8192,8,0,0,0,-1,-1
94645,Schneckenpost: Zimt,,68135,150438,0,-1,0,0,0,0,0,0,0,0,0,0,0,82,4285,0,3,41484288,8192,8,0,0,0,-1,-1
94646,Schneckenpost: Nelke,,68136,150439,0,-1,0,0,0,0,0,0,0,0,0,0,0,82,4285,0,3,41484288,8192,8,0,0,0,-1,-1
94647,Schneckenpost: Muskat,,68137,150440,0,-1,0,0,0,0,0,0,0,0,0,0,0,82,4285,0,3,41484288,8192,8,0,0,0,-1,-1
94648,Schneckenpost: Traumblatt,,68138,150441,0,-1,0,0,0,0,0,0,0,0,0,0,0,82,4285,0,3,41484288,8192,8,0,0,0,-1,-1
94649,Schneckenpost: Sieben Tage alter Schweiß,,68139,150442,0,-1,0,0,0,0,0,0,0,0,0,0,0,82,4285,0,3,41484288,8192,8,0,0,0,-1,-1
94650,Schneckenpost: Kokosnuss,,68140,150443,0,-1,0,0,0,0,0,0,0,0,0,0,0,82,4285,0,3,41484288,8192,8,0,0,0,-1,-1
94651,Schneckenpost: Honig,,68141,150444,0,-1,0,0,0,0,0,0,0,0,0,0,0,82,4285,0,3,41484288,8192,8,0,0,0,-1,-1
94652,Schneckenpost: Frisch geregnet,,68142,150445,0,-1,0,0,0,0,0,0,0,0,0,0,0,82,4285,0,3,41484288,8192,8,0,0,0,-1,-1
94653,Schneckenpost: Fuchsblume,,68143,150446,0,-1,0,0,0,0,0,0,0,0,0,0,0,82,4285,0,3,41484288,8192,8,0,0,0,-1,-1
94654,Schneckenpost: Apfel,,68144,150447,0,-1,0,0,0,0,0,0,0,0,0,0,0,82,4285,0,3,41484288,8192,8,0,0,0,-1,-1
94655,Schneckenpost: Pfirsich,,68145,150448,0,-1,0,0,0,0,0,0,0,0,0,0,0,82,4285,0,3,41484288,8192,8,0,0,0,-1,-1
94656,Schneckenpost: Seifig,,68146,150449,0,-1,0,0,0,0,0,0,0,0,0,0,0,82,4285,0,3,41484288,8192,8,0,0,0,-1,-1
94657,Schneckenpost: Frischer Schimmel,,68147,150450,0,-1,0,0,0,0,0,0,0,0,0,0,0,82,4285,0,3,41484288,8192,8,0,0,0,-1,-1
94658,Schneckenpost: Geruch des Windes,,68148,150451,0,-1,0,0,0,0,0,0,0,0,0,0,0,82,4285,0,3,41484288,8192,8,0,0,0,-1,-1
94659,Schneckenpost: Nerubischer Fusel,,68149,150452,0,-1,0,0,0,0,0,0,0,0,0,0,0,82,4285,0,3,41484288,8192,8,0,0,0,-1,-1
94660,Schneckenpost: Pilzbouquet,,68150,150453,0,-1,0,0,0,0,0,0,0,0,0,0,0,82,4285,0,3,41484288,8192,8,0,0,0,-1,-1
94661,Schneckenpost: Zerstoßener Granit,,68151,150454,0,-1,0,0,0,0,0,0,0,0,0,0,0,82,4285,0,3,41484288,8192,8,0,0,0,-1,-1
94662,Schneckenpost: Karamell,,68152,150455,0,-1,0,0,0,0,0,0,0,0,0,0,0,82,4285,0,3,41484288,8192,8,0,0,0,-1,-1
94663,Schneckenpost: Schokoladig,,68153,150456,0,-1,0,0,0,0,0,0,0,0,0,0,0,82,4285,0,3,41484288,8192,8,0,0,0,-1,-1
94664,Schneckenpost: Kaviar,,68154,150457,0,-1,0,0,0,0,0,0,0,0,0,0,0,82,4285,0,3,41484288,8192,8,0,0,0,-1,-1
94665,Schneckenpost: Frisch geschnittenes Gras,,68155,150458,0,-1,0,0,0,0,0,0,0,0,0,0,0,82,4285,0,3,41484288,8192,8,0,0,0,-1,-1
94673,Tracking Quest,,68163,0,0,-1,0,0,0,0,0,0,0,0,0,0,0,0,0,0,3,36701184,0,8,0,0,0,-1,-1
94674,Tracking Quest,,68164,0,0,-1,0,0,0,0,0,0,0,0,0,0,0,0,0,0,3,36701184,0,8,0,0,0,-1,-1
94675,Leerenschmiede neu geschmiedet,,68165,150728,0,-1,0,0,0,0,0,0,0,0,0,0,0,282,3320,0,0,36700160,128,520,0,0,0,-1,-1
94735,Bewegt Euch,,68223,0,0,-1,0,0,0,0,0,0,0,0,0,0,22303,0,877,0,2,3145736,0,520,0,0,0,-1,-1
94736,Bewegt Euch,,68224,0,0,-1,0,0,0,0,0,0,0,0,0,0,22303,0,877,0,2,3145736,0,520,0,0,0,-1,-1
94738,Bewegt Euch,,68226,0,0,-1,0,0,0,0,0,0,0,0,0,0,22303,0,877,0,2,3145736,0,520,0,0,0,-1,-1
94790,Forschungskonsole: Erkundung der Leere,,68265,139380,0,-1,0,0,0,0,0,0,0,0,0,0,0,0,3321,0,2,36732928,0,268436232,93970,0,0,-1,-1
94810,Tracking Quest - Local 17,,68282,0,0,-1,0,0,0,0,0,0,0,0,0,0,0,0,0,0,3,36701184,128,8,0,0,0,-1,-1
94815,HIDDEN QUEST - Special Assignment: The Grand Magister's Drink [DNT],,68284,0,0,-1,0,0,0,0,0,0,0,0,0,0,0,265,3321,0,3,37289984,0,8200,0,0,0,-1,-1
94908,Tracking Quest,,68349,0,0,-1,0,0,0,0,0,0,0,0,0,0,0,0,0,0,3,36766728,0,8,0,0,0,-1,-1
94951,Tracking Quest,,68386,0,0,-1,0,0,0,0,0,0,0,0,0,0,0,0,0,0,3,36766728,0,8,0,0,0,-1,-1
94966,Tracking Quest,,68399,0,0,-1,0,0,0,0,0,0,0,0,0,0,0,0,0,0,3,36766728,0,8,0,0,0,-1,-1
94976,Tracking Quest,,68408,0,0,-1,0,0,0,0,0,0,0,0,0,0,0,0,0,0,3,36766728,0,8,0,0,0,-1,-1
94990,Tracking Quest,,68421,0,0,-1,0,0,0,0,0,0,0,0,0,0,0,0,0,0,3,36766728,0,8,0,0,0,-1,-1
94991,Tracking Quest,,68422,0,0,-1,0,0,0,0,0,0,0,0,0,0,0,0,0,0,3,36766728,0,8,0,0,0,-1,-1
95005,Tracking Quest,,68436,0,0,-1,0,0,0,0,0,0,0,0,0,0,0,0,0,0,3,40895488,0,8,0,0,0,-1,-1
95007,Tracking Quest,,68438,0,0,-1,0,0,0,0,0,0,0,0,0,0,0,0,0,0,3,36766728,0,8,0,0,0,-1,-1
95009,Das große Rennen,,68439,0,0,-1,0,0,0,0,0,0,0,0,0,0,50704,0,877,0,2,33554440,0,1536,0,0,0,1309324210,-1440044374
95045,Tracking Quest,,68465,0,0,-1,0,0,0,0,0,0,0,0,0,0,0,0,0,0,3,40895488,0,8,0,0,0,-1,-1
95046,Tracking Quest,,68466,0,0,-1,0,0,0,0,0,0,0,0,0,0,0,0,0,0,3,40895488,0,8,0,0,0,-1,-1
95054,Tracking Quest,,68473,0,0,-1,0,0,0,0,0,0,0,0,0,0,0,0,0,0,3,33621000,0,0,0,0,0,-1,-1
95091,Tracking Quest,,68493,0,0,-1,0,0,0,0,0,0,0,0,0,0,0,0,0,0,3,36701184,128,8,0,0,0,-1,-1
95146,Tracking Quest,,68534,0,0,-1,0,0,0,0,0,0,0,0,0,0,0,0,0,0,3,36766728,0,8,0,0,0,-1,-1
95175,Die Verteidigung verankern,,68563,0,0,-1,0,0,0,0,0,0,0,0,0,0,0,0,4311,0,2,37749064,8256,268435976,92365,0,0,-1,-1
95268,"Neue Werkzeuge, neue Höhen",,68631,0,0,-1,0,0,0,0,0,0,0,0,0,269668,0,282,4240,0,2,36700160,130,520,94675,0,0,-1,-1
95269,Den Nullhammer nähren,,0,152650,0,-1,131073,0,0,0,0,0,0,0,0,269668,0,282,4240,0,2,36700168,2,520,95268,95271,0,-1,-1
95271,Der aufsteigende Nullhammer,,68633,152651,0,-1,0,0,0,0,0,0,0,0,0,0,0,282,4240,0,0,36700160,128,520,0,0,0,-1,-1
95279,Nebulöse Leerenkerne: Gold,,0,152680,0,-1,0,0,0,0,0,0,0,0,0,0,0,0,3320,0,0,36700160,32768,268435976,94675,0,0,-1,-1
95290,Nebulöse Leerenkerne: Leerenlichtmergel,,0,152680,0,-1,0,0,0,0,0,0,0,0,0,0,0,0,3320,0,0,36700160,32768,268435976,94675,0,0,-1,-1
95304,Nebulöse Leerenkerne: Morgenlichtwappen des Veteranen,,0,152680,0,-1,0,0,0,0,0,0,0,0,0,0,0,0,3320,0,0,36700160,32768,268435976,94675,0,0,-1,-1
95308,Tracking Quest,,68667,0,0,-1,0,0,0,0,0,0,0,0,0,0,0,0,3322,0,3,36701184,0,8,0,0,0,-1,-1
95324,Der Krieg jenseits der Wurzeln,,68682,152749,0,-1,0,0,0,0,0,0,0,0,0,0,0,282,3321,0,2,36700168,128,512,0,0,0,-1,-1
95373,Ein nebulöses Unterfangen,,68718,0,0,-1,0,0,0,0,0,0,0,0,0,0,0,282,3320,0,2,36700160,128,520,94675,0,0,-1,-1
95392,Ein Freund ist mehr als genug,,68738,153034,0,-1,0,0,0,0,0,0,0,0,0,0,51174,296,3321,0,3,37290240,8192,268435456,0,0,0,-1,-1
95393,Höhlenretter,,68739,153034,0,-1,0,0,0,0,0,0,0,0,0,0,51175,296,3321,0,3,41484544,8192,268435456,0,0,0,-1,-1
95394,Entartungsbefreiung,,68740,153034,0,-1,0,0,0,0,0,0,0,0,0,0,51176,296,3321,0,3,37290240,0,268435456,0,0,0,-1,-1
95395,Bis es vollbracht ist,,68741,153034,0,-1,0,0,0,0,0,0,0,0,0,0,51177,296,3321,0,3,41484544,0,268435456,0,0,0,-1,-1
95396,Besudeltes Ritual,,68742,153034,0,-1,0,0,0,0,0,0,0,0,0,0,51178,296,3321,0,3,37290240,0,268435456,0,0,0,-1,-1
95397,Ein kaltes Willkommen,,68743,153034,0,-1,0,0,0,0,0,0,0,0,0,0,51179,296,3321,0,3,37290240,0,268435456,0,0,0,-1,-1
95398,Zwist und Zwietracht,,68744,153034,0,-1,0,0,0,0,0,0,0,0,0,0,51180,296,3321,0,3,41484544,0,268435456,0,0,0,-1,-1
95399,Schattenhafte Strategien,,68745,153034,0,-1,0,0,0,0,0,0,0,0,0,0,51181,296,3321,0,3,41484544,0,268435456,0,0,0,-1,-1
95400,Eine ordentliche Kälte,,68746,153034,0,-1,0,0,0,0,0,0,0,0,0,0,51182,296,3321,0,3,37290240,0,268435456,0,0,0,-1,-1
95401,Eine grade Gabelung,,68747,153034,0,-1,0,0,0,0,0,0,0,0,0,0,51183,296,3321,0,3,37290240,0,268435456,0,0,0,-1,-1
95402,Ein unrühmlicher Gassammler,,68748,153034,0,-1,0,0,0,0,0,0,0,0,0,0,51184,296,3321,0,3,37290240,0,268435456,0,0,0,-1,-1
95403,Ein anhaltendes Echo,,68749,153034,0,-1,0,0,0,0,0,0,0,0,0,0,51185,296,3321,0,3,37290240,0,268435456,0,0,0,-1,-1
95404,Frierlandeier,,68750,153034,0,-1,0,0,0,0,0,0,0,0,0,0,51186,296,3321,0,3,37290240,0,268435456,0,0,0,-1,-1
95413,Gemeinschaftliches Engagement,,68759,153576,0,-1,0,0,0,0,0,0,0,0,0,0,0,0,4240,0,2,36798472,128,512,0,0,0,-1,-1
95416,Ab die Post,,68762,153684,0,-1,0,0,0,0,0,0,0,0,0,0,0,0,4240,0,2,36732936,2097280,512,0,0,0,-1,-1
95438,Vermisste Tiere,,70379,153685,0,-1,0,0,0,0,0,0,0,0,0,0,0,0,4240,0,2,36732936,2097280,512,0,0,0,-1,-1
95440,Einweihungsfeier,,68784,153683,0,-1,0,0,0,0,0,0,0,0,0,0,0,1,4240,0,2,36798536,128,512,0,0,0,-1,-1
95450,Tracking Quest,,68794,0,0,-1,0,0,0,0,0,0,0,0,0,0,0,0,0,0,3,40895488,0,8,0,0,0,-1,-1
95549,Magische Alarme auslösen,,68886,155203,0,-1,0,0,0,0,0,0,0,0,0,271094,0,0,4240,0,2,305135872,128,520,0,0,0,-1,-1
95550,Lichtet ihre Reihen,,68887,155185,0,-1,0,0,0,0,0,0,0,0,0,0,0,0,4240,0,2,36700416,128,520,0,0,0,-1,-1
95552,Untersuchung der dunklen Obelisken,,68889,154642,0,-1,0,0,0,0,0,0,0,0,0,0,0,0,4240,0,2,36700416,128,520,0,0,0,-1,-1
95553,Manifestierte Dichte,,68890,155192,0,-1,0,0,0,0,0,0,0,0,0,0,0,0,4240,0,2,36700416,128,520,0,0,0,-1,-1
95572,Donnerschmerzen,,68909,153034,0,-1,0,0,0,0,0,0,0,0,0,0,51477,283,3321,0,3,37290240,0,0,0,0,0,-1,-1
95575,Manasporen des Waldes,,68912,158245,0,-1,0,0,0,0,0,0,0,0,0,0,51484,296,3321,0,3,37290240,0,268435456,0,0,0,-1,-1
95815,Abfahrt auf Eis,,69278,156004,0,-1,0,0,0,0,0,0,0,0,0,0,51672,283,3321,0,3,41484544,0,8,0,0,0,-1,-1
95933,Spuren im Dunkel,,69388,154550,0,-1,0,0,0,0,0,0,0,0,0,0,0,0,3321,0,2,37748736,8192,268435976,0,0,0,-1,-1
96000,Bootsspritztour,,69453,158245,0,-1,0,0,0,0,0,0,0,0,0,0,51537,296,3321,0,3,37290240,0,268435456,0,0,0,-1,-1
96048,Zeit zum Angriff,,69490,160137,0,-1,0,0,0,0,0,0,0,0,0,0,0,282,3321,0,2,40894472,4202496,524808,0,0,0,-1,-1
96210,Scheuern wie bescheuert,,69640,158245,0,-1,0,0,0,0,0,0,0,0,0,0,52039,296,3321,0,3,37290240,0,268435456,0,0,0,-1,-1
96214,Tracking Quest,,69643,0,0,-1,0,0,0,0,0,0,0,0,0,0,0,0,0,0,3,36701184,128,8,0,0,0,-1,-1
96215,Tracking Quest,,69644,0,0,-1,0,0,0,0,0,0,0,0,0,0,0,0,0,0,3,36701184,128,8,0,0,0,-1,-1
96217,Sporadischer Kraftentzug,,69646,158245,0,-1,0,0,0,0,0,0,0,0,0,0,52050,296,3321,0,3,37290240,0,268435456,0,0,0,-1,-1
96223,Der Ruf des Magisters,,69654,160138,0,-1,0,0,0,0,0,0,0,0,0,0,0,282,3313,0,2,40894728,8192,512,0,0,0,-1,-1
96268,Manasporen der Marschen,,69698,158245,0,-1,0,0,0,0,0,0,0,0,0,0,52079,296,3321,0,3,37290240,0,268435456,0,0,0,-1,-1
96269,Stehlt Verschlingerforschungen,,69699,158245,0,-1,0,0,0,0,0,0,0,0,0,0,52083,283,3321,0,3,41484544,0,0,0,0,0,-1,-1
96272,Pilzige Manamaschinen plattmachen,,69701,158245,0,-1,0,0,0,0,0,0,0,0,0,0,52082,296,3321,0,3,37290240,0,268435968,0,0,0,-1,-1
96293,Roadrunner-Pilz!,,69721,158245,0,-1,0,0,0,0,0,0,0,0,0,0,52108,296,3321,0,3,37290240,0,268435968,0,0,0,-1,-1
96295,Eine angemessene Strafe,,69723,155771,0,-1,0,0,0,0,0,0,0,0,0,0,51289,289,3321,0,3,37323072,8192,268435976,0,0,0,-1,-1
96388,Abgrundfischer werden,,69801,150769,0,-1,0,0,0,0,0,0,0,0,0,0,0,282,3321,0,2,36700168,0,512,0,0,0,-1,-1
96400,Anhaltende Verderbnis,,69813,153034,0,-1,0,0,0,0,0,0,0,0,0,0,52163,296,3321,0,3,41484544,0,268435456,0,0,0,-1,-1
96432,Energieüberladung,,69845,158245,0,-1,0,0,0,0,0,0,0,0,0,0,52178,296,3321,0,3,37290240,0,268435456,0,0,0,-1,-1
96433,Nicht die Mama,,69846,153034,0,-1,0,0,0,0,0,0,0,0,0,0,52174,283,3321,0,3,37290240,0,0,0,0,0,-1,-1
96463,Fallenspringer,,69873,158245,0,-1,0,0,0,0,0,0,0,0,0,0,52198,283,3321,0,3,41484544,0,0,0,0,0,-1,-1
96472,Der Nexushauptmann,,69879,0,0,-1,0,0,0,0,0,0,0,0,0,0,0,1,3321,0,2,40894536,8192,520,96054,0,0,-1,-1
96496,"Der Weg, den keiner zweimal geht",,69901,156540,0,-1,0,0,0,0,0,0,0,0,0,0,0,0,3321,0,2,40894472,8320,512,96473,0,0,-1,-1
96497,Räumliche Logik,,69902,156541,0,-1,0,0,0,0,0,0,0,0,0,0,0,0,3321,0,2,40894728,8320,520,0,0,0,-1,-1
96522,"Oh Käpt'n, stirb, Käpt'n!",,69927,156576,0,-1,0,0,0,0,0,0,0,0,0,0,51372,289,3321,0,3,37323072,8192,268435976,0,0,0,-1,-1
96547,Schwächt ihre Truppen,,69954,158245,0,-1,0,0,0,0,0,0,0,0,0,0,52312,296,3321,0,3,37290240,0,268435456,0,0,0,-1,-1
96548,Höchstpilzzahl,,69955,158245,0,-1,0,0,0,0,0,0,0,0,0,0,52314,283,3321,0,3,37290240,0,0,0,0,0,-1,-1
96552,Tracking Quest,,69959,0,0,-1,0,0,0,0,0,0,0,0,0,0,0,0,0,0,3,36766728,0,8,0,0,0,-1,-1
96553,Tracking Quest,,69960,0,0,-1,0,0,0,0,0,0,0,0,0,0,0,0,0,0,3,36766728,0,8,0,0,0,-1,-1
96554,Tracking Quest,,69961,0,0,-1,0,0,0,0,0,0,0,0,0,0,0,0,0,0,3,36766728,0,8,0,0,0,-1,-1
96555,Tracking Quest,,69962,0,0,-1,0,0,0,0,0,0,0,0,0,0,0,0,0,0,3,36766728,0,8,0,0,0,-1,-1
96556,Tracking Quest,,69963,0,0,-1,0,0,0,0,0,0,0,0,0,0,0,0,0,0,3,36766728,0,8,0,0,0,-1,-1
96557,Fliegende Trümmer,,69964,158245,0,-1,0,0,0,0,0,0,0,0,0,0,52318,296,3321,0,3,37290240,0,268435456,0,0,0,-1,-1
96600,Gruftsäuberung,,70004,158245,0,-1,0,0,0,0,0,0,0,0,0,0,52352,296,3321,0,3,37290240,0,268435968,0,0,0,-1,-1
96611,Sturmmitigation,,70010,153034,0,-1,0,0,0,0,0,0,0,0,0,0,52188,283,3321,0,3,41484544,0,268435456,0,0,0,-1,-1
96617,Sturmmitigation,,70016,153034,0,-1,0,0,0,0,0,0,0,0,0,0,52360,283,3321,0,3,41484544,0,268435456,0,0,0,-1,-1
96618,Sturmmitigation,,70017,153034,0,-1,0,0,0,0,0,0,0,0,0,0,52363,283,3321,0,3,41484544,0,268435456,0,0,0,-1,-1
96623,Kippender Kompost,,70019,158245,0,-1,0,0,0,0,0,0,0,0,0,0,52377,296,3321,0,3,37290304,0,268435456,0,0,0,-1,-1
96650,Stoppt den Sporensturm,,70039,158245,0,-1,0,0,0,0,0,0,0,0,0,0,52393,283,3321,0,3,41484544,0,268435456,0,0,0,-1,-1
96651,Stoppt den Sporensturm,,70040,158245,0,-1,0,0,0,0,0,0,0,0,0,0,52394,283,3321,0,3,41484544,0,268435456,0,0,0,-1,-1
96660,Tentakelschleuder des Wracks,,70044,158245,0,-1,0,0,0,0,0,0,0,0,0,0,52358,283,3321,0,3,37290240,0,0,0,0,0,-1,-1
96668,Stoppt den Sporensturm,,70051,158245,0,-1,0,0,0,0,0,0,0,0,0,0,52406,283,3321,0,3,41484544,0,268435456,0,0,0,-1,-1
96688,Tentakelschleuder der Sporenschmiede,,70070,158245,0,-1,0,0,0,0,0,0,0,0,0,0,52418,283,3321,0,3,37290240,0,0,0,0,0,-1,-1
96689,Tentakelschleuder des Sammelplatzes,,70071,158245,0,-1,0,0,0,0,0,0,0,0,0,0,52419,283,3321,0,3,37290240,0,0,0,0,0,-1,-1
96691,Tentakelschleuder des Kommandopunkts,,70072,158245,0,-1,0,0,0,0,0,0,0,0,0,0,52420,283,3321,0,3,37290240,0,0,0,0,0,-1,-1
96693,Tentakelschleuder des Nexushafens,,70074,158245,0,-1,0,0,0,0,0,0,0,0,0,0,52421,283,3321,0,3,37290240,0,0,0,0,0,-1,-1
96695,Tentakelschleuder der Sammelpferche,,70076,158245,0,-1,0,0,0,0,0,0,0,0,0,0,52422,283,3321,0,3,37290240,0,0,0,0,0,-1,-1
96696,Tentakelschleuder des Basislagers,,70077,158245,0,-1,0,0,0,0,0,0,0,0,0,0,52423,283,3321,0,3,37290240,0,0,0,0,0,-1,-1
96697,Tentakelschleuder der Extraktionsküste,,70078,158245,0,-1,0,0,0,0,0,0,0,0,0,0,52424,283,3321,0,3,37290240,0,0,0,0,0,-1,-1
96698,Tentakelschleuder der Marschen,,70079,158245,0,-1,0,0,0,0,0,0,0,0,0,0,52425,283,3321,0,3,37290240,0,0,0,0,0,-1,-1
96699,Tentakelschleuder des Pilzhuts,,70080,158245,0,-1,0,0,0,0,0,0,0,0,0,0,52426,283,3321,0,3,37290240,0,0,0,0,0,-1,-1
96725,Funken des Krieges: Val,,70106,147396,0,-1,0,0,0,0,0,0,0,0,0,0,50638,0,3313,0,2,35651592,2105344,776,0,0,0,-1,-1
96726,Funken des Krieges: Naigtal,,70107,147396,0,-1,0,0,0,0,0,0,0,0,0,0,50639,0,3313,0,2,35651592,2105344,776,0,0,0,-1,-1
96746,Sporenfall: Rottmoor,,70125,0,0,-1,0,0,0,0,0,0,0,0,0,0,0,297,6116,0,2,40894536,8192,512,0,0,0,-1,-1
96809,Äußerer Manaschmiedentranslokator,,70187,157951,0,-1,0,0,0,0,0,0,0,0,0,0,0,0,3321,0,2,40894472,8320,520,0,0,0,-1,-1
96941,Eine angemessene Strafe,,70311,158242,0,-1,0,0,0,0,0,0,0,0,0,0,51289,289,3313,0,3,37323072,8192,268435976,0,0,0,-1,-1
96942,"Oh Käpt'n, stirb, Käpt'n!",,70312,158244,0,-1,0,0,0,0,0,0,0,0,0,0,51372,289,3313,0,3,37323072,8192,268435976,0,0,0,-1,-1
97031,Abschiedsworte aus Vilaldoun,,70387,158455,0,-1,0,0,0,0,0,0,0,0,0,0,0,0,3321,0,2,40894464,8192,512,0,0,0,-1,-1
97088,So viel mehr zu tun,,70437,158770,0,-1,0,0,0,0,0,0,0,0,0,0,0,284,3321,0,3,104333312,0,4202504,0,0,0,-1,-1
97089,So viel mehr zu tun,,70437,158788,0,-1,0,0,0,0,0,0,0,0,0,0,0,284,3313,0,3,104333312,0,4202504,0,0,0,-1,-1
97215,Ein Sekundärschlag,,70535,159111,0,-1,0,0,0,0,0,0,0,0,0,0,0,0,3321,0,2,40894472,4202496,524800,0,0,0,-1,-1
97256,Ein wenig beiseiteschaffen (Heroisch),,70576,159231,0,-1,0,0,0,0,0,0,0,0,0,0,0,0,3313,0,2,36700488,0,512,0,0,0,-1,-1
