ID,QuestTitle_lang,BulletText_lang,UniqueBitFlag,ConditionID,FiltActiveQuest,FiltClasses,FiltCompletedQuestLogic,FiltMaxFactionID,FiltMaxFactionValue,FiltMinFactionID,FiltMinFactionValue,FiltMinSkillID,FiltMinSkillValue,FiltNonActiveQuest,BreadCrumbID,StartItem,WorldStateExpressionID,QuestInfoID,ContentTuningID,CovenantID,Field_9_0_2_36206_022,Flags[0],Flags[1],Flags[2],FiltCompletedQuest[0],FiltCompletedQuest[1],FiltCompletedQuest[2],FiltRaceMasks[0],FiltRaceMasks[1]
11354,PROCURA-SE: rebenque de Nazan,,5351,0,0,-1,0,0,0,0,0,0,0,0,0,0,4824,85,820,0,2,4104,0,268435968,0,0,0,-1,-1
11362,PROCURA-SE: o báculo emplumado de Keli'dan,,5351,0,0,-1,0,0,0,0,0,0,0,0,0,0,4825,85,820,0,2,4104,0,268435968,0,0,0,-1,-1
11363,PROCURA-SE: o selo de Carpunhal,,5351,0,0,-1,0,0,0,0,0,0,0,0,0,0,4826,85,820,0,2,4104,0,268435968,0,0,0,-1,-1
11368,PROCURA-SE: o coração de Atolaço,,5351,0,0,-1,0,0,0,0,0,0,0,0,0,0,4827,85,820,0,2,4104,0,268435968,0,0,0,-1,-1
11369,PROCURA-SE: um ovo de espreitadora negra,,5351,0,0,-1,0,0,0,0,0,0,0,0,0,0,4828,85,820,0,2,4104,0,268435968,0,0,0,-1,-1
11370,PROCURA-SE: o tratado do Senhor da Guerra,,5351,0,0,-1,0,0,0,0,0,0,0,0,0,0,4829,85,820,0,2,4104,0,268435968,0,0,0,-1,-1
11371,PROCURAM-SE: mirmidões Presacurva,,5359,0,0,-1,0,0,0,0,0,0,0,0,0,0,4817,81,233,0,2,4104,0,268435968,0,0,0,-1,-1
11372,PROCURA-SE: o penacho de Ikiss,,5351,0,0,-1,0,0,0,0,0,0,0,0,0,0,4830,85,820,0,2,4104,0,268435968,0,0,0,-1,-1
11373,PROCURA-SE: o magnífico pingente de Shaffar,,5351,0,0,-1,0,0,0,0,0,0,0,0,0,0,4831,85,820,0,2,4104,0,268435968,0,0,0,-1,-1
11374,PROCURA-SE: a pedra da alma do Exarca,,5351,0,0,-1,0,0,0,0,0,0,0,0,0,0,4832,85,820,0,2,4104,0,268435968,0,0,0,-1,-1
11375,PROCURA-SE: o sussurro do Murmúrio,,5351,0,0,-1,0,0,0,0,0,0,0,0,0,0,4833,85,820,0,2,4104,0,268435968,0,0,0,-1,-1
11376,PROCURAM-SE: instrutoras maliciosas,,5359,0,0,-1,0,0,0,0,0,0,0,0,0,0,4818,81,225,0,2,4104,0,268435968,0,0,0,-1,-1
11378,PROCURA-SE: Caçador das Eras,,5351,0,0,-1,0,0,0,0,0,0,0,0,0,0,4834,85,820,0,2,4104,0,268435968,0,0,0,-1,-1
11382,PROCURA-SE: Ampulheta de Aeonus,,5351,0,0,-1,0,0,0,0,0,0,0,0,0,0,4835,85,820,0,2,4104,0,268435968,0,0,0,-1,-1
11383,PROCURAM-SE: Senhores da Fenda,,5359,0,0,-1,0,0,0,0,0,0,0,0,0,0,4819,81,227,0,2,4104,0,268435968,0,0,0,-1,-1
11384,PROCURA-SE: uma muda de estilhaço dimensional,,5351,0,0,-1,0,0,0,0,0,0,0,0,0,0,4836,85,820,0,2,4104,0,268435968,0,0,0,-1,-1
11385,PROCURAM-SE: canalizadores Anélion,,5359,0,0,-1,0,0,0,0,0,0,0,0,0,0,4820,81,229,0,2,4104,0,268435968,0,0,0,-1,-1
11386,PROCURA-SE: o projetor de Pathaleon,,5351,0,0,-1,0,0,0,0,0,0,0,0,0,0,4837,85,820,0,2,4104,0,268435968,0,0,0,-1,-1
11387,PROCURAM-SE: destruidores da Forja da Tormenta,,5359,0,0,-1,0,0,0,0,0,0,0,0,0,0,4821,81,230,0,2,4104,0,268435968,0,0,0,-1,-1
11388,PROCURA-SE: o pergaminho de Skiriss,,5351,0,0,-1,0,0,0,0,0,0,0,0,0,0,4838,85,820,0,2,4104,0,268435968,0,0,0,-1,-1
11389,PROCURAM-SE: sentinelas de Arcatraz,,5359,0,0,-1,0,0,0,0,0,0,0,0,0,0,4822,81,226,0,2,4104,0,268435968,0,0,0,-1,-1
11499,PROCURA-SE: o anel-sinete do Príncipe Kael'thas,,5351,0,0,-1,0,0,0,0,0,0,0,0,0,0,5046,85,820,0,2,4104,0,268435968,0,0,0,-1,-1
11500,PROCURAM-SE: irmãs da Angústia,,5359,0,0,-1,0,0,0,0,0,0,0,0,0,0,5047,81,221,0,2,4104,0,268435968,0,0,0,-1,-1
11580,Profane o fogo!,,5513,9484,0,-1,0,0,0,0,0,0,0,0,0,0,0,0,394,0,0,0,0,512,0,0,0,-1321907123,1427461461
11581,Profane o fogo!,,5514,9484,0,-1,0,0,0,0,0,0,0,0,0,0,0,0,394,0,0,0,0,512,0,0,0,1309324210,-1440044374
11583,Reverencie a chama,,5516,9484,0,-1,0,0,0,0,0,0,0,0,0,0,0,0,394,0,0,0,0,512,0,0,0,-1321907123,1427461461
11584,Reverencie a chama,,5517,9484,0,-1,0,0,0,0,0,0,0,0,0,0,0,0,394,0,0,0,0,512,0,0,0,1309324210,-1440044374
11732,Profane o fogo!,,5660,9484,0,-1,0,0,0,0,0,0,0,0,0,0,0,0,394,0,0,0,0,512,0,0,0,1309324210,-1440044374
11734,Profane o fogo!,,5661,9484,0,-1,0,0,0,0,0,0,0,0,0,0,0,0,394,0,0,0,0,512,0,0,0,1309324210,-1440044374
11735,Profane o fogo!,,5662,9484,0,-1,0,0,0,0,0,0,0,0,0,0,0,0,394,0,0,0,0,512,0,0,0,1309324210,-1440044374
11736,Profane o fogo!,,5663,9484,0,-1,0,0,0,0,0,0,0,0,0,0,0,0,394,0,0,0,0,512,0,0,0,1309324210,-1440044374
11737,Profane o fogo!,,5664,9484,0,-1,0,0,0,0,0,0,0,0,0,0,0,0,394,0,0,0,0,512,0,0,0,1309324210,-1440044374
11738,Profane o fogo!,,5665,9484,0,-1,0,0,0,0,0,0,0,0,0,0,0,0,394,0,0,0,0,512,0,0,0,1309324210,-1440044374
11739,Profane o fogo!,,5666,9484,0,-1,0,0,0,0,0,0,0,0,0,0,0,0,394,0,0,0,0,512,0,0,0,1309324210,-1440044374
11740,Profane o fogo!,,5667,9484,0,-1,0,0,0,0,0,0,0,0,0,0,0,0,394,0,0,0,0,512,0,0,0,1309324210,-1440044374
11741,Profane o fogo!,,5668,9484,0,-1,0,0,0,0,0,0,0,0,0,0,0,0,394,0,0,0,0,512,0,0,0,1309324210,-1440044374
11742,Profane o fogo!,,5669,9484,0,-1,0,0,0,0,0,0,0,0,0,0,0,0,394,0,0,0,0,512,0,0,0,1309324210,-1440044374
11743,Profane o fogo!,,5670,9484,0,-1,0,0,0,0,0,0,0,0,0,0,0,0,394,0,0,0,0,512,0,0,0,1309324210,-1440044374
11744,Profane o fogo!,,5671,9484,0,-1,0,0,0,0,0,0,0,0,0,0,0,0,394,0,0,0,0,512,0,0,0,1309324210,-1440044374
11745,Profane o fogo!,,5672,9484,0,-1,0,0,0,0,0,0,0,0,0,0,0,0,394,0,0,0,0,512,0,0,0,1309324210,-1440044374
11746,Profane o fogo!,,5673,9484,0,-1,0,0,0,0,0,0,0,0,0,0,0,0,394,0,0,0,0,512,0,0,0,1309324210,-1440044374
11747,Profane o fogo!,,5674,9484,0,-1,0,0,0,0,0,0,0,0,0,0,0,0,394,0,0,0,0,512,0,0,0,1309324210,-1440044374
11748,Profane o fogo!,,5675,9484,0,-1,0,0,0,0,0,0,0,0,0,0,0,0,394,0,0,0,0,512,0,0,0,1309324210,-1440044374
11749,Profane o fogo!,,5676,9484,0,-1,0,0,0,0,0,0,0,0,0,0,0,0,394,0,0,0,0,512,0,0,0,1309324210,-1440044374
11750,Profane o fogo!,,5677,9484,0,-1,0,0,0,0,0,0,0,0,0,0,0,0,394,0,0,0,0,512,0,0,0,1309324210,-1440044374
11751,Profane o fogo!,,5678,9484,0,-1,0,0,0,0,0,0,0,0,0,0,0,0,394,0,0,0,0,512,0,0,0,1309324210,-1440044374
11752,Profane o fogo!,,5679,9484,0,-1,0,0,0,0,0,0,0,0,0,0,0,0,394,0,0,0,0,512,0,0,0,1309324210,-1440044374
11753,Profane o fogo!,,5680,9484,0,-1,0,0,0,0,0,0,0,0,0,0,0,0,394,0,0,0,0,512,0,0,0,1309324210,-1440044374
11754,Profane o fogo!,,5681,9484,0,-1,0,0,0,0,0,0,0,0,0,0,0,0,394,0,0,0,0,512,0,0,0,1309324210,-1440044374
11755,Profane o fogo!,,5682,9484,0,-1,0,0,0,0,0,0,0,0,0,0,0,0,394,0,0,0,0,512,0,0,0,1309324210,-1440044374
11756,Profane o fogo!,,5683,9484,0,-1,0,0,0,0,0,0,0,0,0,0,0,0,394,0,0,0,0,512,0,0,0,1309324210,-1440044374
11757,Profane o fogo!,,5684,9484,0,-1,0,0,0,0,0,0,0,0,0,0,0,0,394,0,0,0,0,512,0,0,0,1309324210,-1440044374
11758,Profane o fogo!,,5685,9484,0,-1,0,0,0,0,0,0,0,0,0,0,0,0,394,0,0,0,0,512,0,0,0,1309324210,-1440044374
11759,Profane o fogo!,,5686,9484,0,-1,0,0,0,0,0,0,0,0,0,0,0,0,394,0,0,0,0,512,0,0,0,1309324210,-1440044374
11760,Profane o fogo!,,5687,9484,0,-1,0,0,0,0,0,0,0,0,0,0,0,0,394,0,0,0,0,512,0,0,0,1309324210,-1440044374
11761,Profane o fogo!,,5688,9484,0,-1,0,0,0,0,0,0,0,0,0,0,0,0,394,0,0,0,0,512,0,0,0,1309324210,-1440044374
11762,Profane o fogo!,,5689,9484,0,-1,0,0,0,0,0,0,0,0,0,0,0,0,394,0,0,0,0,512,0,0,0,1309324210,-1440044374
11763,Profane o fogo!,,5690,9484,0,-1,0,0,0,0,0,0,0,0,0,0,0,0,394,0,0,0,0,512,0,0,0,1309324210,-1440044374
11764,Profane o fogo!,,5691,9484,0,-1,0,0,0,0,0,0,0,0,0,0,0,0,394,0,0,0,0,512,0,0,0,-1321907123,1427461461
11765,Profane o fogo!,,5692,9484,0,-1,0,0,0,0,0,0,0,0,0,0,0,0,394,0,0,0,0,512,0,0,0,-1321907123,1427461461
11766,Profane o fogo!,,5693,9484,0,-1,0,0,0,0,0,0,0,0,0,0,0,0,394,0,0,0,0,512,0,0,0,-1321907123,1427461461
11767,Profane o fogo!,,5694,9484,0,-1,0,0,0,0,0,0,0,0,0,0,0,0,394,0,0,0,0,512,0,0,0,-1321907123,1427461461
11768,Profane o fogo!,,5695,9484,0,-1,0,0,0,0,0,0,0,0,0,0,0,0,394,0,0,0,0,512,0,0,0,-1321907123,1427461461
11769,Profane o fogo!,,5696,9484,0,-1,0,0,0,0,0,0,0,0,0,0,0,0,394,0,0,0,0,512,0,0,0,-1321907123,1427461461
11770,Profane o fogo!,,5697,9484,0,-1,0,0,0,0,0,0,0,0,0,0,0,0,394,0,0,0,0,512,0,0,0,-1321907123,1427461461
11771,Profane o fogo!,,5698,9484,0,-1,0,0,0,0,0,0,0,0,0,0,0,0,394,0,0,0,0,512,0,0,0,-1321907123,1427461461
11772,Profane o fogo!,,5699,9484,0,-1,0,0,0,0,0,0,0,0,0,0,0,0,394,0,0,0,0,512,0,0,0,-1321907123,1427461461
11773,Profane o fogo!,,5700,9484,0,-1,0,0,0,0,0,0,0,0,0,0,0,0,394,0,0,0,0,512,0,0,0,-1321907123,1427461461
11774,Profane o fogo!,,5701,9484,0,-1,0,0,0,0,0,0,0,0,0,0,0,0,394,0,0,0,0,512,0,0,0,-1321907123,1427461461
11775,Profane o fogo!,,5702,9484,0,-1,0,0,0,0,0,0,0,0,0,0,0,0,394,0,0,0,0,512,0,0,0,-1321907123,1427461461
11776,Profane o fogo!,,5703,9484,0,-1,0,0,0,0,0,0,0,0,0,0,0,0,394,0,0,0,0,512,0,0,0,-1321907123,1427461461
11777,Profane o fogo!,,5704,9484,0,-1,0,0,0,0,0,0,0,0,0,0,0,0,394,0,0,0,0,512,0,0,0,-1321907123,1427461461
11778,Profane o fogo!,,5705,9484,0,-1,0,0,0,0,0,0,0,0,0,0,0,0,394,0,0,0,0,512,0,0,0,-1321907123,1427461461
11779,Profane o fogo!,,5706,9484,0,-1,0,0,0,0,0,0,0,0,0,0,0,0,394,0,0,0,0,512,0,0,0,-1321907123,1427461461
11780,Profane o fogo!,,5707,9484,0,-1,0,0,0,0,0,0,0,0,0,0,0,0,394,0,0,0,0,512,0,0,0,-1321907123,1427461461
11781,Profane o fogo!,,5708,9484,0,-1,0,0,0,0,0,0,0,0,0,0,0,0,394,0,0,0,0,512,0,0,0,-1321907123,1427461461
11782,Profane o fogo!,,5709,9484,0,-1,0,0,0,0,0,0,0,0,0,0,0,0,394,0,0,0,0,512,0,0,0,-1321907123,1427461461
11783,Profane o fogo!,,5710,9484,0,-1,0,0,0,0,0,0,0,0,0,0,0,0,394,0,0,0,0,512,0,0,0,-1321907123,1427461461
11784,Profane o fogo!,,5711,9484,0,-1,0,0,0,0,0,0,0,0,0,0,0,0,394,0,0,0,0,512,0,0,0,-1321907123,1427461461
11785,Profane o fogo!,,5712,9484,0,-1,0,0,0,0,0,0,0,0,0,0,0,0,394,0,0,0,0,512,0,0,0,-1321907123,1427461461
11786,Profane o fogo!,,5713,9484,0,-1,0,0,0,0,0,0,0,0,0,0,0,0,394,0,0,0,0,512,0,0,0,-1321907123,1427461461
11787,Profane o fogo!,,5714,9484,0,-1,0,0,0,0,0,0,0,0,0,0,0,0,394,0,0,0,0,512,0,0,0,-1321907123,1427461461
11799,Profane o fogo!,,5726,9484,0,-1,0,0,0,0,0,0,0,0,0,0,0,0,394,0,0,0,0,512,0,0,0,-1321907123,1427461461
11800,Profane o fogo!,,5727,9484,0,-1,0,0,0,0,0,0,0,0,0,0,0,0,394,0,0,0,0,512,0,0,0,-1321907123,1427461461
11801,Profane o fogo!,,5728,9484,0,-1,0,0,0,0,0,0,0,0,0,0,0,0,394,0,0,0,0,512,0,0,0,-1321907123,1427461461
11802,Profane o fogo!,,5729,9484,0,-1,0,0,0,0,0,0,0,0,0,0,0,0,394,0,0,0,0,512,0,0,0,-1321907123,1427461461
11803,Profane o fogo!,,5730,9484,0,-1,0,0,0,0,0,0,0,0,0,0,0,0,394,0,0,0,0,512,0,0,0,-1321907123,1427461461
11804,Reverencie a chama,,5731,9484,0,-1,0,0,0,0,0,0,0,0,0,0,0,0,394,0,0,0,0,512,0,0,0,-1321907123,1427461461
11805,Reverencie a chama,,5732,9484,0,-1,0,0,0,0,0,0,0,0,0,0,0,0,394,0,0,0,0,512,0,0,0,-1321907123,1427461461
11806,Reverencie a chama,,5733,9484,0,-1,0,0,0,0,0,0,0,0,0,0,0,0,394,0,0,0,0,512,0,0,0,-1321907123,1427461461
11807,Reverencie a chama,,5734,9484,0,-1,0,0,0,0,0,0,0,0,0,0,0,0,394,0,0,0,0,512,0,0,0,-1321907123,1427461461
11808,Reverencie a chama,,5735,9484,0,-1,0,0,0,0,0,0,0,0,0,0,0,0,394,0,0,0,0,512,0,0,0,-1321907123,1427461461
11809,Reverencie a chama,,5736,9484,0,-1,0,0,0,0,0,0,0,0,0,0,0,0,394,0,0,0,0,512,0,0,0,-1321907123,1427461461
11810,Reverencie a chama,,5737,9484,0,-1,0,0,0,0,0,0,0,0,0,0,0,0,394,0,0,0,0,512,0,0,0,-1321907123,1427461461
11811,Reverencie a chama,,5738,9484,0,-1,0,0,0,0,0,0,0,0,0,0,0,0,394,0,0,0,0,512,0,0,0,-1321907123,1427461461
11812,Reverencie a chama,,5739,9484,0,-1,0,0,0,0,0,0,0,0,0,0,0,0,394,0,0,0,0,512,0,0,0,-1321907123,1427461461
11813,Reverencie a chama,,5740,9484,0,-1,0,0,0,0,0,0,0,0,0,0,0,0,394,0,0,0,0,512,0,0,0,-1321907123,1427461461
11814,Reverencie a chama,,5741,9484,0,-1,0,0,0,0,0,0,0,0,0,0,0,0,394,0,0,0,0,512,0,0,0,-1321907123,1427461461
11815,Reverencie a chama,,5742,9484,0,-1,0,0,0,0,0,0,0,0,0,0,0,0,394,0,0,0,0,512,0,0,0,-1321907123,1427461461
11816,Reverencie a chama,,5743,9484,0,-1,0,0,0,0,0,0,0,0,0,0,0,0,394,0,0,0,0,512,0,0,0,-1321907123,1427461461
11817,Reverencie a chama,,5745,9484,0,-1,0,0,0,0,0,0,0,0,0,0,0,0,394,0,0,0,0,512,0,0,0,-1321907123,1427461461
11818,Reverencie a chama,,5746,9484,0,-1,0,0,0,0,0,0,0,0,0,0,0,0,394,0,0,0,0,512,0,0,0,-1321907123,1427461461
11819,Reverencie a chama,,5749,9484,0,-1,0,0,0,0,0,0,0,0,0,0,0,0,394,0,0,0,0,512,0,0,0,-1321907123,1427461461
11820,Reverencie a chama,,5748,9484,0,-1,0,0,0,0,0,0,0,0,0,0,0,0,394,0,0,0,0,512,0,0,0,-1321907123,1427461461
11821,Reverencie a chama,,5750,9484,0,-1,0,0,0,0,0,0,0,0,0,0,0,0,394,0,0,0,0,512,0,0,0,-1321907123,1427461461
11822,Reverencie a chama,,5751,9484,0,-1,0,0,0,0,0,0,0,0,0,0,0,0,394,0,0,0,0,512,0,0,0,-1321907123,1427461461
11823,Reverencie a chama,,5752,9484,0,-1,0,0,0,0,0,0,0,0,0,0,0,0,394,0,0,0,0,512,0,0,0,-1321907123,1427461461
11824,Reverencie a chama,,5753,9484,0,-1,0,0,0,0,0,0,0,0,0,0,0,0,394,0,0,0,0,512,0,0,0,-1321907123,1427461461
11825,Reverencie a chama,,5754,9484,0,-1,0,0,0,0,0,0,0,0,0,0,0,0,394,0,0,0,0,512,0,0,0,-1321907123,1427461461
11826,Reverencie a chama,,5755,9484,0,-1,0,0,0,0,0,0,0,0,0,0,0,0,394,0,0,0,0,512,0,0,0,-1321907123,1427461461
11827,Reverencie a chama,,5756,9484,0,-1,0,0,0,0,0,0,0,0,0,0,0,0,394,0,0,0,0,512,0,0,0,-1321907123,1427461461
11828,Reverencie a chama,,5757,9484,0,-1,0,0,0,0,0,0,0,0,0,0,0,0,394,0,0,0,0,512,0,0,0,-1321907123,1427461461
11829,Reverencie a chama,,5758,9484,0,-1,0,0,0,0,0,0,0,0,0,0,0,0,394,0,0,0,0,512,0,0,0,-1321907123,1427461461
11830,Reverencie a chama,,5759,9484,0,-1,0,0,0,0,0,0,0,0,0,0,0,0,394,0,0,0,0,512,0,0,0,-1321907123,1427461461
11831,Reverencie a chama,,5760,9484,0,-1,0,0,0,0,0,0,0,0,0,0,0,0,394,0,0,0,0,512,0,0,0,-1321907123,1427461461
11832,Reverencie a chama,,5761,9484,0,-1,0,0,0,0,0,0,0,0,0,0,0,0,394,0,0,0,0,512,0,0,0,-1321907123,1427461461
11833,Reverencie a chama,,5762,9484,0,-1,0,0,0,0,0,0,0,0,0,0,0,0,394,0,0,0,0,512,0,0,0,-1321907123,1427461461
11834,Reverencie a chama,,5763,9484,0,-1,0,0,0,0,0,0,0,0,0,0,0,0,394,0,0,0,0,512,0,0,0,-1321907123,1427461461
11835,Reverencie a chama,,5764,9484,0,-1,0,0,0,0,0,0,0,0,0,0,0,0,394,0,0,0,0,512,0,0,0,1309324210,-1440044374
11836,Reverencie a chama,,5765,9484,0,-1,0,0,0,0,0,0,0,0,0,0,0,0,394,0,0,0,0,512,0,0,0,1309324210,-1440044374
11837,Reverencie a chama,,5766,9484,0,-1,0,0,0,0,0,0,0,0,0,0,0,0,394,0,0,0,0,512,0,0,0,1309324210,-1440044374
11838,Reverencie a chama,,5767,9484,0,-1,0,0,0,0,0,0,0,0,0,0,0,0,394,0,0,0,0,512,0,0,0,1309324210,-1440044374
11839,Reverencie a chama,,5768,9484,0,-1,0,0,0,0,0,0,0,0,0,0,0,0,394,0,0,0,0,512,0,0,0,1309324210,-1440044374
11840,Reverencie a chama,,5769,9484,0,-1,0,0,0,0,0,0,0,0,0,0,0,0,394,0,0,0,0,512,0,0,0,1309324210,-1440044374
11841,Reverencie a chama,,5770,9484,0,-1,0,0,0,0,0,0,0,0,0,0,0,0,394,0,0,0,0,512,0,0,0,1309324210,-1440044374
11842,Reverencie a chama,,5771,9484,0,-1,0,0,0,0,0,0,0,0,0,0,0,0,394,0,0,0,0,512,0,0,0,1309324210,-1440044374
11843,Reverencie a chama,,5772,9484,0,-1,0,0,0,0,0,0,0,0,0,0,0,0,394,0,0,0,0,512,0,0,0,1309324210,-1440044374
11844,Reverencie a chama,,5773,9484,0,-1,0,0,0,0,0,0,0,0,0,0,0,0,394,0,0,0,0,512,0,0,0,1309324210,-1440044374
11845,Reverencie a chama,,5774,9484,0,-1,0,0,0,0,0,0,0,0,0,0,0,0,394,0,0,0,0,512,0,0,0,1309324210,-1440044374
11846,Reverencie a chama,,5775,9484,0,-1,0,0,0,0,0,0,0,0,0,0,0,0,394,0,0,0,0,512,0,0,0,1309324210,-1440044374
11847,Reverencie a chama,,5776,9484,0,-1,0,0,0,0,0,0,0,0,0,0,0,0,394,0,0,0,0,512,0,0,0,1309324210,-1440044374
11848,Reverencie a chama,,5777,9484,0,-1,0,0,0,0,0,0,0,0,0,0,0,0,394,0,0,0,0,512,0,0,0,1309324210,-1440044374
11849,Reverencie a chama,,5778,9484,0,-1,0,0,0,0,0,0,0,0,0,0,0,0,394,0,0,0,0,512,0,0,0,1309324210,-1440044374
11850,Reverencie a chama,,5779,9484,0,-1,0,0,0,0,0,0,0,0,0,0,0,0,394,0,0,0,0,512,0,0,0,1309324210,-1440044374
11851,Reverencie a chama,,5810,9484,0,-1,0,0,0,0,0,0,0,0,0,0,0,0,394,0,0,0,0,512,0,0,0,1309324210,-1440044374
11852,Reverencie a chama,,5781,9484,0,-1,0,0,0,0,0,0,0,0,0,0,0,0,394,0,0,0,0,512,0,0,0,1309324210,-1440044374
11853,Reverencie a chama,,5782,9484,0,-1,0,0,0,0,0,0,0,0,0,0,0,0,394,0,0,0,0,512,0,0,0,1309324210,-1440044374
11854,Reverencie a chama,,5783,9484,0,-1,0,0,0,0,0,0,0,0,0,0,0,0,394,0,0,0,0,512,0,0,0,1309324210,-1440044374
11855,Reverencie a chama,,5784,9484,0,-1,0,0,0,0,0,0,0,0,0,0,0,0,394,0,0,0,0,512,0,0,0,1309324210,-1440044374
11856,Reverencie a chama,,5785,9484,0,-1,0,0,0,0,0,0,0,0,0,0,0,0,394,0,0,0,0,512,0,0,0,1309324210,-1440044374
11857,Reverencie a chama,,5786,9484,0,-1,0,0,0,0,0,0,0,0,0,0,0,0,394,0,0,0,0,512,0,0,0,1309324210,-1440044374
11858,Reverencie a chama,,5787,9484,0,-1,0,0,0,0,0,0,0,0,0,0,0,0,394,0,0,0,0,512,0,0,0,1309324210,-1440044374
11859,Reverencie a chama,,5788,9484,0,-1,0,0,0,0,0,0,0,0,0,0,0,0,394,0,0,0,0,512,0,0,0,1309324210,-1440044374
11860,Reverencie a chama,,5789,9484,0,-1,0,0,0,0,0,0,0,0,0,0,0,0,394,0,0,0,0,512,0,0,0,1309324210,-1440044374
11861,Reverencie a chama,,5790,9484,0,-1,0,0,0,0,0,0,0,0,0,0,0,0,394,0,0,0,0,512,0,0,0,1309324210,-1440044374
11862,Reverencie a chama,,5791,9484,0,-1,0,0,0,0,0,0,0,0,0,0,0,0,394,0,0,0,0,512,0,0,0,1309324210,-1440044374
11863,Reverencie a chama,,5792,9484,0,-1,0,0,0,0,0,0,0,0,0,0,0,0,394,0,0,0,0,512,0,0,0,1309324210,-1440044374
11886,Atividade incomum,,5818,9484,0,-1,0,0,0,0,0,0,0,0,0,35828,0,0,395,0,2,268435464,0,268436992,0,0,0,-1,-1
11964,Incenso para as faíscas de verão,,5893,9484,0,-1,0,0,0,0,0,0,0,0,0,35725,0,0,394,0,2,8,0,268435968,0,0,0,-1321907123,1427461461
11966,Incenso para as faíscas do festival,,5895,9484,0,-1,0,0,0,0,0,0,0,0,0,35725,0,0,394,0,2,8,0,268435968,0,0,0,1309324210,-1440044374
13440,Profane o fogo!,,7203,9484,0,-1,0,0,0,0,0,0,0,0,0,0,0,0,394,0,0,0,0,512,0,0,0,1309324210,-1440044374
13441,Profane o fogo!,,7202,9484,0,-1,0,0,0,0,0,0,0,0,0,0,0,0,394,0,0,0,0,512,0,0,0,-1321907123,1427461461
13442,Profane o fogo!,,7204,9484,0,-1,0,0,0,0,0,0,0,0,0,0,0,0,394,0,0,0,0,512,0,0,0,1309324210,-1440044374
13443,Profane o fogo!,,7207,9484,0,-1,0,0,0,0,0,0,0,0,0,0,0,0,394,0,0,0,0,512,0,0,0,1309324210,-1440044374
13444,Profane o fogo!,,7208,9484,0,-1,0,0,0,0,0,0,0,0,0,0,0,0,394,0,0,0,0,512,0,0,0,1309324210,-1440044374
13445,Profane o fogo!,,7211,9484,0,-1,0,0,0,0,0,0,0,0,0,0,0,0,394,0,0,0,0,512,0,0,0,1309324210,-1440044374
13446,Profane o fogo!,,7212,9484,0,-1,0,0,0,0,0,0,0,0,0,0,0,0,394,0,0,0,0,512,0,0,0,1309324210,-1440044374
13447,Profane o fogo!,,7215,9484,0,-1,0,0,0,0,0,0,0,0,0,0,0,0,394,0,0,0,0,512,0,0,0,1309324210,-1440044374
13449,Profane o fogo!,,7216,9484,0,-1,0,0,0,0,0,0,0,0,0,0,0,0,394,0,0,0,0,512,0,0,0,1309324210,-1440044374
13450,Profane o fogo!,,7205,9484,0,-1,0,0,0,0,0,0,0,0,0,0,0,0,394,0,0,0,0,512,0,0,0,-1321907123,1427461461
13451,Profane o fogo!,,7206,9484,0,-1,0,0,0,0,0,0,0,0,0,0,0,0,394,0,0,0,0,512,0,0,0,-1321907123,1427461461
13453,Profane o fogo!,,7209,9484,0,-1,0,0,0,0,0,0,0,0,0,0,0,0,394,0,0,0,0,512,0,0,0,-1321907123,1427461461
13454,Profane o fogo!,,7210,9484,0,-1,0,0,0,0,0,0,0,0,0,0,0,0,394,0,0,0,0,512,0,0,0,-1321907123,1427461461
13455,Profane o fogo!,,7213,9484,0,-1,0,0,0,0,0,0,0,0,0,0,0,0,394,0,0,0,0,512,0,0,0,-1321907123,1427461461
13457,Profane o fogo!,,7214,9484,0,-1,0,0,0,0,0,0,0,0,0,0,0,0,394,0,0,0,0,512,0,0,0,-1321907123,1427461461
13458,Profane o fogo!,,7217,9484,0,-1,0,0,0,0,0,0,0,0,0,0,0,0,394,0,0,0,0,512,0,0,0,-1321907123,1427461461
13485,Reverencie a chama,,7220,9484,0,-1,0,0,0,0,0,0,0,0,0,0,0,0,394,0,0,0,0,512,0,0,0,-1321907123,1427461461
13486,Reverencie a chama,,7225,9484,0,-1,0,0,0,0,0,0,0,0,0,0,0,0,394,0,0,0,0,512,0,0,0,-1321907123,1427461461
13487,Reverencie a chama,,7222,9484,0,-1,0,0,0,0,0,0,0,0,0,0,0,0,394,0,0,0,0,512,0,0,0,-1321907123,1427461461
13488,Reverencie a chama,,7224,9484,0,-1,0,0,0,0,0,0,0,0,0,0,0,0,394,0,0,0,0,512,0,0,0,-1321907123,1427461461
13489,Reverencie a chama,,7223,9484,0,-1,0,0,0,0,0,0,0,0,0,0,0,0,394,0,0,0,0,512,0,0,0,-1321907123,1427461461
13490,Reverencie a chama,,7226,9484,0,-1,0,0,0,0,0,0,0,0,0,0,0,0,394,0,0,0,0,512,0,0,0,-1321907123,1427461461
13491,Reverencie a chama,,7221,9484,0,-1,0,0,0,0,0,0,0,0,0,0,0,0,394,0,0,0,0,512,0,0,0,-1321907123,1427461461
13492,Reverencie a chama,,7227,9484,0,-1,0,0,0,0,0,0,0,0,0,0,0,0,394,0,0,0,0,512,0,0,0,-1321907123,1427461461
13493,Reverencie a chama,,7228,9484,0,-1,0,0,0,0,0,0,0,0,0,0,0,0,394,0,0,0,0,512,0,0,0,1309324210,-1440044374
13494,Reverencie a chama,,7233,9484,0,-1,0,0,0,0,0,0,0,0,0,0,0,0,394,0,0,0,0,512,0,0,0,1309324210,-1440044374
13495,Reverencie a chama,,7230,9484,0,-1,0,0,0,0,0,0,0,0,0,0,0,0,394,0,0,0,0,512,0,0,0,1309324210,-1440044374
13496,Reverencie a chama,,7232,9484,0,-1,0,0,0,0,0,0,0,0,0,0,0,0,394,0,0,0,0,512,0,0,0,1309324210,-1440044374
13497,Reverencie a chama,,7231,9484,0,-1,0,0,0,0,0,0,0,0,0,0,0,0,394,0,0,0,0,512,0,0,0,1309324210,-1440044374
13498,Reverencie a chama,,7234,9484,0,-1,0,0,0,0,0,0,0,0,0,0,0,0,394,0,0,0,0,512,0,0,0,1309324210,-1440044374
13499,Reverencie a chama,,7229,9484,0,-1,0,0,0,0,0,0,0,0,0,0,0,0,394,0,0,0,0,512,0,0,0,1309324210,-1440044374
13500,Reverencie a chama,,7235,9484,0,-1,0,0,0,0,0,0,0,0,0,0,0,0,394,0,0,0,0,512,0,0,0,1309324210,-1440044374
28910,Profane o fogo!,,11855,9484,0,-1,0,0,0,0,0,0,0,0,0,0,0,0,394,0,0,0,0,512,0,0,0,1309324210,-1440044374
28911,Profane o fogo!,,11856,9484,0,-1,0,0,0,0,0,0,0,0,0,0,0,0,394,0,0,0,0,512,0,0,0,-1321907123,1427461461
28912,Profane o fogo!,,11857,9484,0,-1,0,0,0,0,0,0,0,0,0,0,0,0,394,0,0,0,0,512,0,0,0,1309324210,-1440044374
28913,Profane o fogo!,,11858,9484,0,-1,0,0,0,0,0,0,0,0,0,0,0,0,394,0,0,0,0,512,0,0,0,1309324210,-1440044374
28914,Profane o fogo!,,11859,9484,0,-1,0,0,0,0,0,0,0,0,0,0,0,0,394,0,0,0,0,512,0,0,0,-1321907123,1427461461
28915,Profane o fogo!,,11860,9484,0,-1,0,0,0,0,0,0,0,0,0,0,0,0,394,0,0,0,0,512,0,0,0,1309324210,-1440044374
28916,Profane o fogo!,,11861,9484,0,-1,0,0,0,0,0,0,0,0,0,0,0,0,394,0,0,0,0,512,0,0,0,1309324210,-1440044374
28917,Profane o fogo!,,11888,9484,0,-1,0,0,0,0,0,0,0,0,0,0,0,0,394,0,0,0,0,512,0,0,0,-1321907123,1427461461
28918,Profane o fogo!,,11863,9484,0,-1,0,0,0,0,0,0,0,0,0,0,0,0,394,0,0,0,0,512,0,0,0,-1321907123,1427461461
28919,Profane o fogo!,,11864,9484,0,-1,0,0,0,0,0,0,0,0,0,0,0,0,394,0,0,0,0,512,0,0,0,-1321907123,1427461461
28920,Profane o fogo!,,11865,9484,0,-1,0,0,0,0,0,0,0,0,0,0,0,0,394,0,0,0,0,512,0,0,0,-1321907123,1427461461
28921,Profane o fogo!,,11866,9484,0,-1,0,0,0,0,0,0,0,0,0,0,0,0,394,0,0,0,0,512,0,0,0,1309324210,-1440044374
28922,Reverencie a chama,,11868,9484,0,-1,0,0,0,0,0,0,0,0,0,0,0,0,394,0,0,0,0,512,0,0,0,-1321907123,1427461461
28923,Reverencie a chama,,11869,9484,0,-1,0,0,0,0,0,0,0,0,0,0,0,0,394,0,0,0,0,512,0,0,0,1309324210,-1440044374
28924,Reverencie a chama,,11870,9484,0,-1,0,0,0,0,0,0,0,0,0,0,0,0,394,0,0,0,0,512,0,0,0,1309324210,-1440044374
28925,Reverencie a chama,,11871,9484,0,-1,0,0,0,0,0,0,0,0,0,0,0,0,394,0,0,0,0,512,0,0,0,-1321907123,1427461461
28926,Reverencie a chama,,11872,9484,0,-1,0,0,0,0,0,0,0,0,0,0,0,0,394,0,0,0,0,512,0,0,0,-1321907123,1427461461
28927,Reverencie a chama,,11873,9484,0,-1,0,0,0,0,0,0,0,0,0,0,0,0,394,0,0,0,0,512,0,0,0,1309324210,-1440044374
28928,Reverencie a chama,,11874,9484,0,-1,0,0,0,0,0,0,0,0,0,0,0,0,394,0,0,0,0,512,0,0,0,-1321907123,1427461461
28929,Reverencie a chama,,11875,9484,0,-1,0,0,0,0,0,0,0,0,0,0,0,0,394,0,0,0,0,512,0,0,0,-1321907123,1427461461
28930,Reverencie a chama,,11876,9484,0,-1,0,0,0,0,0,0,0,0,0,0,0,0,394,0,0,0,0,512,0,0,0,1309324210,-1440044374
28931,Reverencie a chama,,11877,9484,0,-1,0,0,0,0,0,0,0,0,0,0,0,0,394,0,0,0,0,512,0,0,0,1309324210,-1440044374
28932,Reverencie a chama,,11878,9484,0,-1,0,0,0,0,0,0,0,0,0,0,0,0,394,0,0,0,0,512,0,0,0,-1321907123,1427461461
28933,Reverencie a chama,,11879,9484,0,-1,0,0,0,0,0,0,0,0,0,0,0,0,394,0,0,0,0,512,0,0,0,1309324210,-1440044374
28943,Profane o fogo!,,11890,9484,0,-1,0,0,0,0,0,0,0,0,0,0,0,0,394,0,0,0,0,512,0,0,0,1309324210,-1440044374
28944,Profane o fogo!,,11891,9484,0,-1,0,0,0,0,0,0,0,0,0,0,0,0,394,0,0,0,0,512,0,0,0,-1321907123,1427461461
28945,Reverencie a chama,,11892,9484,0,-1,0,0,0,0,0,0,0,0,0,0,0,0,394,0,0,0,0,512,0,0,0,-1321907123,1427461461
28946,Reverencie a chama,,11893,9484,0,-1,0,0,0,0,0,0,0,0,0,0,0,0,394,0,0,0,0,512,0,0,0,1309324210,-1440044374
28947,Profane o fogo!,,11894,9484,0,-1,0,0,0,0,0,0,0,0,0,0,0,0,394,0,0,0,0,512,0,0,0,1309324210,-1440044374
28948,Profane o fogo!,,11895,9484,0,-1,0,0,0,0,0,0,0,0,0,0,0,0,394,0,0,0,0,512,0,0,0,-1321907123,1427461461
28949,Reverencie a chama,,11896,9484,0,-1,0,0,0,0,0,0,0,0,0,0,0,0,394,0,0,0,0,512,0,0,0,1309324210,-1440044374
28950,Reverencie a chama,,11897,9484,0,-1,0,0,0,0,0,0,0,0,0,0,0,0,394,0,0,0,0,512,0,0,0,-1321907123,1427461461
29030,Reverencie a chama,Reverencie a Fogueira da Harmonia Telúrica em Hyjal.,11976,9484,0,-1,0,0,0,0,0,0,0,0,0,0,0,0,394,0,2,2097152,0,268435968,0,0,0,-1,-1
29031,Reverencie a chama,Reverencie a Fogueira da Harmonia Telúrica em Vashj'ir.,11982,9484,0,-1,0,0,0,0,0,0,0,0,0,0,0,0,394,0,2,2097152,0,268435968,0,0,0,-1,-1
29036,Reverencie a chama,Reverencie a Fogueira da Harmonia Telúrica no Geodomo.,11983,9484,0,-1,0,0,0,0,0,0,0,0,0,0,0,0,394,0,2,2097152,0,268435968,0,0,0,-1,-1
30134,Onde vivem os eruditos,,12939,0,0,-1,0,0,0,0,0,0,0,0,0,0,0,0,57,0,2,0,0,268435968,0,0,0,-1,-1
31001,Descendo pelo buraco,,13601,0,0,-1,0,0,0,0,0,0,0,0,0,0,0,0,62,0,2,8,0,268435968,0,0,0,-1,-1
31394,Uma experiência celestial,,13906,0,0,-1,0,0,0,0,0,0,0,0,0,0,0,0,7210,0,2,1048584,0,268435968,0,0,0,-1321907123,1427461461
31395,Uma experiência celestial,,13906,0,0,-1,0,0,0,0,0,0,0,0,0,0,0,0,7210,0,2,1048584,0,268435968,0,0,0,1309324210,-1440044374
31511,Testemunha da história,,14001,0,0,-1,0,0,0,0,0,0,0,0,0,0,0,0,7210,0,2,8,0,268435968,31395,0,0,1309324210,-1440044374
31512,Testemunha da história,,14001,0,0,-1,0,0,0,0,0,0,0,0,0,0,0,0,7210,0,2,2097160,0,268435968,31394,0,0,-1321907123,1427461461
31697,Jeremy's Test Quest,,22887,0,0,-1,0,0,0,0,0,0,0,0,0,0,0,109,798,0,3,3735552,131072,268435456,0,0,0,-1,-1
32246,Conheça a batedora,,14562,0,0,-1,0,0,0,0,0,0,0,0,0,0,0,0,59,0,2,2097152,0,268435968,0,0,0,-1321907123,1427461461
32249,Conheça a batedora,,14562,0,0,-1,0,0,0,0,0,0,0,0,0,0,0,0,59,0,2,2097152,0,268435968,0,0,0,1309324210,-1440044374
32496,Profane o fogo!,,14773,9484,0,-1,0,0,0,0,0,0,0,0,0,0,0,0,394,0,0,0,0,512,0,0,0,-1,-1
32497,Reverencie a chama,Reverencie a Fogueira de Solstício no Ermo do Medo.,14774,9484,0,-1,0,0,0,0,0,0,0,0,0,0,0,0,394,0,2,2097152,0,268435968,0,0,0,-1,-1
32498,Reverencie a chama,Reverencie a Fogueira de Solstício na Floresta de Jade.,14775,9484,0,-1,0,0,0,0,0,0,0,0,0,0,0,0,394,0,2,2097152,0,268435968,0,0,0,-1,-1
32499,Reverencie a chama,Reverencie a Fogueira de Solstício na Selva de Krasarang.,14772,9484,0,-1,0,0,0,0,0,0,0,0,0,0,0,0,394,0,2,2097152,0,268435968,0,0,0,-1,-1
32500,Reverencie a chama,Reverencie a Fogueira de Solstício no Monte Kun-Lai.,14776,9484,0,-1,0,0,0,0,0,0,0,0,0,0,0,0,394,0,2,2097152,0,268435968,0,0,0,-1,-1
32501,Reverencie a chama,Reverencie a Fogueira de Solstício nas Estepes de Taolong.,14777,9484,0,-1,0,0,0,0,0,0,0,0,0,0,0,0,394,0,2,2097152,0,268435968,0,0,0,-1,-1
32502,Reverencie a chama,Reverencie a Fogueira de Solstício no Vale dos Quatro Ventos.,14778,9484,0,-1,0,0,0,0,0,0,0,0,0,0,0,0,394,0,2,2097152,0,268435968,0,0,0,-1,-1
32503,Profane o fogo!,,14779,9484,0,-1,0,0,0,0,0,0,0,0,0,0,0,0,394,0,0,0,0,512,0,0,0,-1,-1
32509,Reverencie a chama,,14785,9484,0,-1,0,0,0,0,0,0,0,0,0,0,0,0,394,0,0,0,0,512,0,0,0,1309324210,-1440044374
32510,Reverencie a chama,,14786,9484,0,-1,0,0,0,0,0,0,0,0,0,0,0,0,394,0,0,0,0,512,0,0,0,-1321907123,1427461461
32680,A tempestade se aproxima,,14859,0,0,-1,0,0,0,0,0,0,0,0,0,0,0,0,167,0,2,572522504,0,268435968,0,0,0,1309324210,-1440044374
32681,A tempestade se aproxima,,14859,0,0,-1,0,0,0,0,0,0,0,0,0,0,0,0,167,0,2,572522504,0,268435968,0,0,0,-1321907123,1427461461
33145,Colina Calafrio,,15222,0,0,-1,0,0,0,0,0,0,0,0,0,0,0,0,64,0,3,34144256,8192,268435456,0,0,0,1309324210,-1440044374
33156,Guardião do Tempo Kairoz,,15234,0,0,-1,0,0,0,0,0,0,0,0,0,0,0,0,169,0,2,2097152,0,268435968,0,0,0,1309324210,-1440044374
33160,Guardião do Tempo Kairoz,,15234,0,0,-1,0,0,0,0,0,0,0,0,0,0,0,0,169,0,2,2097152,0,268435968,0,0,0,-1321907123,1427461461
33232,Jornada à Ilha Perene,,15309,0,0,-1,0,0,0,0,0,0,0,0,15234,104110,0,0,169,0,2,302120968,0,268435968,0,0,0,1309324210,-1440044374
34076,Sepulcrário,,15961,0,0,-1,0,0,0,0,0,0,0,0,0,0,0,0,63,0,3,34144256,0,268435456,0,0,0,-1321907123,1427461461
34496,As Colinas de Valuum,,16321,0,0,-1,0,0,0,0,0,0,0,0,0,0,0,0,63,0,3,34144256,0,268435456,0,0,0,-1321907123,1427461461
34501,Vale das Mandíbulas de Gelo,,16326,0,0,-1,0,0,0,0,0,0,0,0,0,0,0,0,64,0,3,38338560,8192,268435456,0,0,0,1309324210,-1440044374
34504,Caverna do Espinho Sangrento,,16329,0,0,-1,0,0,0,0,0,0,0,0,0,0,0,0,63,0,3,37289984,0,268435456,0,0,0,-1321907123,1427461461
34505,Geleira Proibida,,16330,28902,0,-1,0,0,0,0,0,0,0,0,0,0,0,0,64,0,3,34144256,0,268435456,0,0,0,1309324210,-1440044374
34639,Desolação de Aruuna,,16398,0,0,-1,0,0,0,0,0,0,0,0,0,0,0,0,66,0,3,589824,0,268435456,0,0,0,-1,-1
34660,Queda de Zorkra,,16417,0,0,-1,0,0,0,0,0,0,0,0,0,0,0,0,66,0,3,34144256,0,268435456,0,0,0,-1,-1
34667,Paço das Almas,,16424,0,0,-1,0,0,0,0,0,0,0,0,0,0,0,0,66,0,3,34144256,0,268435456,0,0,0,-1,-1
34723,Enseada Punho de Ferro,,16470,0,0,-1,0,0,0,0,0,0,0,0,0,0,0,0,68,0,3,34144256,0,268435456,0,0,0,-1,-1
34724,As Cavernas Esquecidas,,18083,0,0,-1,0,0,0,0,0,0,0,0,0,0,0,0,65,0,3,34144256,0,268435456,0,0,0,-1,-1
34726,Vignette: Pale Spider Broodmother,,18084,0,0,-1,0,0,0,0,0,0,0,0,0,0,0,0,0,0,3,33555464,0,0,0,0,0,-1,-1
34728,Charco Cintilante,,16472,0,0,-1,0,0,0,0,0,0,0,0,0,0,0,0,63,0,3,34144256,0,268435456,0,0,0,-1321907123,1427461461
35236,Costa Orunai,,16836,0,0,-1,0,0,0,0,0,0,0,0,0,0,0,0,66,0,3,34144256,0,268435456,0,0,0,-1321907123,1427461461
35237,Madeireira Mor'gran,,16837,0,0,-1,0,0,0,0,0,0,0,0,0,0,0,0,66,0,3,34144256,0,268435456,0,0,0,1309324210,-1440044374
35250,Test Quest,,16847,0,0,-1,0,0,0,0,0,0,0,0,0,0,0,0,798,0,3,33554432,131328,268435456,0,0,0,-1,-1
35379,Campinho de Caça do Rosarães,,16917,0,0,-1,0,0,0,0,0,0,0,0,0,0,0,0,68,0,3,34144256,0,268435456,0,0,0,-1,-1
35637,O ataque aos Penhascos Furiapedra,,17076,33050,0,-1,0,0,0,0,0,0,0,0,0,0,0,0,816,0,3,41488384,524288,268435464,0,0,0,-1321907123,1427461461
35641,O ataque aos Penhascos Furiapedra,,17483,33050,0,-1,0,0,0,0,0,0,0,0,0,0,0,0,816,0,3,41488384,524288,268435464,0,0,0,1309324210,-1440044374
35649,Charco Retorcido,,17018,0,0,-1,0,0,0,0,0,0,0,0,0,0,0,0,67,0,3,34144256,0,268435456,0,0,0,-1,-1
35881,Ruínas do Primeiro Bastião,,17125,0,0,-1,0,0,0,0,0,0,0,0,0,0,0,0,65,0,3,34144256,0,268435456,0,0,0,-1,-1
35974,O ataque ao Mirante Ondanegra,,17747,32525,0,-1,0,0,0,0,0,0,0,0,0,0,0,0,816,0,3,37294080,524288,268435464,0,0,0,-1321907123,1427461461
35977,O ataque ao Mirante Ondanegra,,17748,32525,0,-1,0,0,0,0,0,0,0,0,0,0,0,0,816,0,3,37294080,524288,268435464,0,0,0,1309324210,-1440044374
36069,O ataque a Skettis,,17851,32526,0,-1,0,0,0,0,0,0,0,0,0,0,0,0,816,0,3,37294080,524288,268435464,0,0,0,-1321907123,1427461461
36070,O ataque a Skettis,,17852,32526,0,-1,0,0,0,0,0,0,0,0,0,0,0,0,816,0,3,37294080,524288,268435464,0,0,0,1309324210,-1440044374
36338,Ataque ao Porto de Shattrath,,19214,32529,0,-1,0,0,0,0,0,0,0,0,0,0,0,0,816,0,3,37294080,524288,268435464,0,0,0,1309324210,-1440044374
36347,O ataque ao Elevado de Socrethar,,19211,32524,0,-1,0,0,0,0,0,0,0,0,0,0,0,0,816,0,3,37294080,524288,268435464,0,0,0,1309324210,-1440044374
36348,O ataque ao Elevado de Socrethar,,19212,32524,0,-1,0,0,0,0,0,0,0,0,0,0,0,0,816,0,3,37294080,524288,268435464,0,0,0,-1321907123,1427461461
36383,O ataque ao Fosso,,17482,38227,0,-1,0,0,0,0,0,0,0,0,0,0,0,0,816,0,3,37294080,524288,268435464,0,0,0,-1321907123,1427461461
36473,Serra do Suplício,,17561,27805,0,-1,0,0,0,0,0,0,0,0,0,0,0,0,65,0,3,34144256,0,268435456,0,0,0,-1,-1
36476,Cânion dos Gronns do Sul,,17565,27805,0,-1,0,0,0,0,0,0,0,0,0,0,0,0,65,0,3,34144256,0,268435456,0,0,0,-1,-1
36480,Vale da Destruição,,17569,31135,0,-1,0,0,0,0,0,0,0,0,0,0,0,0,65,0,3,34144256,0,268435456,0,0,0,-1,-1
36489,O ataque ao Fosso,,17482,38227,0,-1,0,0,0,0,0,0,0,0,0,0,0,0,816,0,3,37294080,524288,268435464,0,0,0,1309324210,-1440044374
36490,O ataque aos Pilares do Destino,,19213,32528,0,-1,0,0,0,0,0,0,0,0,0,0,0,0,816,0,3,37294080,524288,268435464,0,0,0,-1321907123,1427461461
36491,O ataque aos Pilares do Destino,,19218,32528,0,-1,0,0,0,0,0,0,0,0,0,0,0,0,816,0,3,37294080,524288,268435464,0,0,0,1309324210,-1440044374
36500,O Bosque das Navalhas,,17582,27803,0,-1,0,0,0,0,0,0,0,0,0,0,0,0,65,0,3,38338560,0,268435456,0,0,0,-1,-1
36504,Fontes Perenalba,,17599,27803,0,-1,0,0,0,0,0,0,0,0,0,0,0,0,65,0,3,34144256,0,268435456,0,0,0,-1,-1
36520,Bacia Batecauda,,17596,0,0,-1,0,0,0,0,0,0,0,0,0,0,0,0,65,0,3,34144256,0,268435456,0,0,0,-1,-1
36563,Charco Vagabruma,,17619,0,0,-1,0,0,0,0,0,0,0,0,0,0,0,0,65,0,3,34144256,0,268435456,0,0,0,-1,-1
36564,Coração Emaranhado,,17620,27803,0,-1,0,0,0,0,0,0,0,0,0,0,0,0,65,0,3,34144256,0,268435456,0,0,0,-1,-1
36566,Arena Pedramalho,,17622,27805,0,-1,0,0,0,0,0,0,0,0,0,0,0,0,65,0,3,34144256,0,268435456,0,0,0,-1,-1
36571,Bosque Iyun,,18072,0,0,-1,0,0,0,0,0,0,0,0,0,0,0,0,65,0,3,34144256,0,268435456,0,0,0,-1,-1
36590,Despenhadeiro Uivante,,17646,0,0,-1,0,0,0,0,0,0,0,0,0,0,0,0,67,0,3,34144256,0,268435456,0,0,0,-1,-1
36603,Fontes de Enxofre,,17653,0,0,-1,0,0,0,0,0,0,0,0,0,0,0,0,65,0,3,34144256,0,268435456,0,0,0,-1,-1
36660,Campinas Jubassangue,,17698,29048,0,-1,0,0,0,0,0,0,0,0,0,0,0,0,67,0,3,34144256,0,268435456,0,0,0,-1,-1
36792,Forte Carpunhal,,17794,29095,0,-1,0,0,0,0,0,0,0,0,0,0,0,0,67,0,3,34144256,0,268435456,0,0,0,-1,-1
36807,O ataque ao Centro de Shattrath,,19215,38228,0,-1,0,0,0,0,0,0,0,0,0,0,0,0,816,0,3,37294080,524288,268435464,0,0,0,1309324210,-1440044374
36808,Ataque ao Porto de Shattrath,,19216,32529,0,-1,0,0,0,0,0,0,0,0,0,0,0,0,816,0,3,37294080,524288,268435464,0,0,0,-1321907123,1427461461
36809,O ataque ao Centro de Shattrath,,19217,38228,0,-1,0,0,0,0,0,0,0,0,0,0,0,0,816,0,3,37294080,524288,268435464,0,0,0,-1321907123,1427461461
36811,A Retomada de Faronaar,,17804,39583,0,-1,2,0,0,0,0,0,0,0,0,0,0,0,331,0,3,570490888,0,268435456,36920,40815,0,-1,-1
36814,O ataque à Selva Floretérnia,,19209,32516,0,-1,0,0,0,0,0,0,0,0,0,0,0,0,816,0,3,37294080,524288,268435456,0,0,0,1309324210,-1440044374
36815,O ataque à Selva Floretérnia,,19210,32516,0,-1,0,0,0,0,0,0,0,0,0,0,0,0,816,0,3,37294080,524288,268435456,0,0,0,-1321907123,1427461461
36816,O ataque ao Precipício Alquebrado,,17808,32522,0,-1,0,0,0,0,0,0,0,0,0,0,0,0,816,0,3,37294080,524288,268435464,0,0,0,-1321907123,1427461461
36817,O ataque ao Precipício Alquebrado,,17809,32522,0,-1,0,0,0,0,0,0,0,0,0,0,0,0,816,0,3,37294080,524288,268435464,0,0,0,1309324210,-1440044374
36818,O ataque ao Posto de Vigia Mok'gol,,17810,32523,0,-1,0,0,0,0,0,0,0,0,0,0,0,0,816,0,3,37294080,524288,268435464,0,0,0,-1321907123,1427461461
36819,O ataque ao Posto de Vigia Mok'gol,,17811,32523,0,-1,0,0,0,0,0,0,0,0,0,0,0,0,816,0,3,37294080,524288,268435464,0,0,0,1309324210,-1440044374
36820,Ataque ao Campo de Testes Goriano,,18451,31356,0,-1,0,0,0,0,0,0,0,0,0,0,0,0,816,0,3,37289984,524288,268435464,0,0,0,-1321907123,1427461461
36821,Ataque ao Campo de Testes Goriano,,18452,31356,0,-1,0,0,0,0,0,0,0,0,0,0,0,0,816,0,3,41484288,532480,268435464,0,0,0,1309324210,-1440044374
36822,O ataque à Área de Cerco de Ferro,,19208,32515,0,-1,0,0,0,0,0,0,0,0,0,0,0,0,816,0,3,37294080,524288,268435456,0,0,0,-1321907123,1427461461
36823,O ataque à Área de Cerco de Ferro,,19207,32515,0,-1,0,0,0,0,0,0,0,0,0,0,0,0,816,0,3,37294080,524288,268435464,0,0,0,1309324210,-1440044374
36826,O ataque a Magnarok,,17817,32520,0,-1,0,0,0,0,0,0,0,0,0,0,0,0,816,0,3,37294080,524288,268435464,0,0,0,-1321907123,1427461461
36827,O ataque a Magnarok,,17842,32520,0,-1,0,0,0,0,0,0,0,0,0,0,0,0,816,0,3,37294080,524288,268435464,0,0,0,1309324210,-1440044374
36860,O ataque ao Véu Anzu Perdido,,17848,32527,0,-1,0,0,0,0,0,0,0,0,0,0,0,0,816,0,3,37294080,524288,268435464,0,0,0,-1,-1
36868,A batalha de Ashran,,17850,0,0,-1,2,0,0,0,0,0,0,0,0,0,0,0,949,0,3,37294080,0,8,36548,36666,0,1309324210,-1440044374
36869,A batalha de Ashran,,17850,0,0,-1,2,0,0,0,0,0,0,0,0,0,0,0,949,0,3,37294080,0,8,36536,36666,0,1309324210,-1440044374
37280,Plataforma Patarruge,,18209,0,0,-1,0,0,0,0,0,0,0,0,0,0,0,0,68,0,3,34144256,0,268435456,0,0,0,-1,-1
37421,Reivindicação de Kuuro,,18332,30845,0,-1,0,0,0,0,0,0,0,0,0,0,0,0,66,0,3,34144256,0,268435456,0,0,0,-1,-1
37422,Zangarra,,18333,30846,0,-1,0,0,0,0,0,0,0,0,0,0,0,0,66,0,3,34144256,0,268435456,0,0,0,-1,-1
37466,A academia partida,,18937,32683,0,-1,0,0,0,0,0,0,0,0,0,0,0,0,990,0,3,34144256,2,268468224,0,0,0,-1,-1
37495,A Pilhagem do Covil,,18385,39582,0,-1,0,0,0,0,0,0,0,0,0,0,0,0,331,0,3,34144256,0,268435456,37538,0,0,-1,-1
37585,O ataque à Área de Cerco de Ferro,,18448,31290,0,-1,0,0,0,0,0,0,0,0,0,0,0,0,816,0,3,37289984,524288,268435464,0,0,0,-1321907123,1427461461
37622,O ataque à Área de Cerco de Ferro,,18447,31290,0,-1,0,0,0,0,0,0,0,0,0,0,0,0,816,0,3,37289984,524288,268435464,0,0,0,1309324210,-1440044374
37623,O ataque aos Penhascos Furiapedra,,18446,31355,0,-1,0,0,0,0,0,0,0,0,0,0,0,0,816,0,3,41484288,524288,268435464,0,0,0,-1321907123,1427461461
37624,O ataque aos Penhascos Furiapedra,,18444,31355,0,-1,0,0,0,0,0,0,0,0,0,0,0,0,816,0,3,41484288,524288,268435464,0,0,0,1309324210,-1440044374
37625,O ataque a Magnarok,,18445,31354,0,-1,0,0,0,0,0,0,0,0,0,0,0,0,816,0,3,37289984,524288,268435464,0,0,0,-1321907123,1427461461
37626,O ataque a Magnarok,,18443,31354,0,-1,0,0,0,0,0,0,0,0,0,0,0,0,816,0,3,37289984,524288,268435464,0,0,0,1309324210,-1440044374
37627,O ataque ao Precipício Alquebrado,,18449,31357,0,-1,0,0,0,0,0,0,0,0,0,0,0,0,816,0,3,37289984,524288,268435464,0,0,0,-1321907123,1427461461
37628,O ataque ao Precipício Alquebrado,,18450,31357,0,-1,0,0,0,0,0,0,0,0,0,0,0,0,816,0,3,37289984,524288,268435464,0,0,0,1309324210,-1440044374
37629,O ataque ao Posto de Vigia Mok'gol,,18453,31385,0,-1,0,0,0,0,0,0,0,0,0,0,0,0,816,0,3,37289984,524288,268435464,0,0,0,-1321907123,1427461461
37630,O ataque ao Posto de Vigia Mok'gol,,18454,31385,0,-1,0,0,0,0,0,0,0,0,0,0,0,0,816,0,3,37289984,524288,268435464,0,0,0,1309324210,-1440044374
37631,O ataque ao Elevado de Socrethar,,18455,31358,0,-1,0,0,0,0,0,0,0,0,0,0,0,0,816,0,3,37289984,524288,268435464,0,0,0,-1321907123,1427461461
37632,O ataque ao Elevado de Socrethar,,18456,31358,0,-1,0,0,0,0,0,0,0,0,0,0,0,0,816,0,3,37289984,524288,268435464,0,0,0,1309324210,-1440044374
37633,O ataque ao Mirante Ondanegra,,18457,31359,0,-1,0,0,0,0,0,0,0,0,0,0,0,0,816,0,3,37289984,524288,268435464,0,0,0,-1321907123,1427461461
37634,O ataque ao Mirante Ondanegra,,18458,31359,0,-1,0,0,0,0,0,0,0,0,0,0,0,0,816,0,3,37289984,524288,268435464,0,0,0,1309324210,-1440044374
37635,Ataque ao Porto de Shattrath,,18459,31360,0,-1,0,0,0,0,0,0,0,0,0,0,0,0,816,0,3,37289984,524288,268435464,0,0,0,-1321907123,1427461461
37636,Ataque ao Porto de Shattrath,,18460,31360,0,-1,0,0,0,0,0,0,0,0,0,0,0,0,816,0,3,37289984,524288,268435464,0,0,0,1309324210,-1440044374
37749,As Provas de Hadggar: Damas de Ferro,,18535,0,0,-1,0,0,0,0,0,0,0,0,0,0,0,0,816,0,3,34177024,0,268468224,0,0,0,-1,-1
37779,Meridiano da vida,,18565,32683,0,-1,0,0,0,0,0,0,0,0,0,0,0,0,990,0,3,34144256,0,268468224,0,0,0,-1,-1
37865,Ataque ao Porto da Fortaleza Férrea,,18652,0,0,-1,2,0,0,0,0,0,0,0,0,0,0,0,816,0,3,37294080,524288,268435464,37946,36666,0,1309324210,-1440044374
37866,Ataque ao Porto da Fortaleza Férrea,,18654,0,0,-1,2,0,0,0,0,0,0,0,0,0,0,0,816,0,3,37294080,524288,268435464,37886,36666,0,-1321907123,1427461461
37921,A limpeza das docas,,18697,0,0,-1,0,0,0,0,0,0,0,0,0,0,0,0,816,0,3,37289984,524288,268435456,38253,0,0,-1321907123,1427461461
37938,Ataque às Ruínas de Kra'nak,,18716,0,0,-1,2,0,0,0,0,0,0,0,0,0,0,0,816,0,3,37294080,524288,268435464,37939,36666,0,-1321907123,1427461461
37963,Aqueles além da redenção,,18737,65868,0,-1,0,0,0,0,0,0,0,0,0,0,0,0,331,0,3,34144256,0,268468224,0,0,0,-1,-1
37965,Uma safra maculada,,18744,49271,0,-1,0,0,0,0,0,0,0,0,0,0,0,0,990,0,3,34144256,0,268468224,0,0,0,-1,-1
37966,Ataque ao Templo de Sha'naar,,18740,0,0,-1,2,0,0,0,0,0,0,0,0,0,0,0,816,0,3,37294080,524288,268435464,37967,36666,0,-1321907123,1427461461
37970,Ataque à Forja Vil,,19110,0,0,-1,2,0,0,0,0,0,0,0,0,0,0,0,816,0,3,37294080,4,268435464,38437,36666,0,1309324210,-1440044374
38009,Ataque às Ruínas de Kra'nak,,18716,0,0,-1,2,0,0,0,0,0,0,0,0,0,0,0,816,0,3,37294080,524288,268435464,38010,36666,0,1309324210,-1440044374
38020,Ataque ao Templo de Sha'naar,,18740,0,0,-1,2,0,0,0,0,0,0,0,0,0,0,0,816,0,3,37294080,524288,268435464,38021,36666,0,1309324210,-1440044374
38040,Sangrando os Olhos Sangrentos,,18801,0,0,-1,2,0,0,0,0,0,0,0,0,0,0,0,816,0,3,37294080,524288,268435464,38041,36666,0,1309324210,-1440044374
38043,Sangrando os Olhos Sangrentos,,18804,0,0,-1,2,0,0,0,0,0,0,0,0,0,0,0,816,0,3,37294080,524288,268435464,38042,36666,0,-1321907123,1427461461
38051,Batalha no Front de Ferro,,18816,0,0,-1,2,0,0,0,0,0,0,0,0,0,0,0,816,0,3,37294080,524288,268435464,38039,36666,0,-1321907123,1427461461
38054,Batalha no Front de Ferro,,18817,0,0,-1,2,0,0,0,0,0,0,0,0,0,0,0,816,0,3,37294080,524288,268435464,38038,36666,0,1309324210,-1440044374
38204,Ataque ao Campo de Testes Goriano,,19251,32530,0,-1,0,0,0,0,0,0,0,0,0,0,0,0,816,0,3,37289984,524288,268435464,0,0,0,-1321907123,1427461461
38205,Ataque ao Campo de Testes Goriano,,19250,32530,0,-1,0,0,0,0,0,0,0,0,0,0,0,0,816,0,3,41484288,532480,268435464,0,0,0,1309324210,-1440044374
38343,Arrase Hel,,19006,0,0,-1,0,0,0,0,0,0,0,0,0,0,0,0,334,0,3,38338560,8192,268468224,38818,0,0,-1,-1
38372,Irmãs Ignóbeis,,19044,65870,0,-1,0,0,0,0,0,0,0,0,0,0,0,0,990,0,3,34144256,0,268468224,0,0,0,-1,-1
38374,Ataque aos Drekirjar,,19077,33048,0,-1,0,0,0,0,0,0,0,0,0,0,0,0,334,0,3,38338560,8192,268468224,0,0,0,-1,-1
38409,Test Bonus Objective,,19083,0,0,-1,0,0,0,0,0,0,0,0,0,0,0,0,949,0,3,38338560,139264,268468224,0,0,0,-1,-1
38439,Ataque à Forja Vil,,19114,0,0,-1,2,0,0,0,0,0,0,0,0,0,0,0,816,0,3,37294080,4,268435464,38438,36666,0,-1321907123,1427461461
38442,Um Desafiante Digno,,19117,35357,0,-1,0,0,0,0,0,0,0,0,0,0,0,0,334,0,3,38338560,8192,268435456,0,0,0,-1,-1
38569,A Limpeza das Docas,,18697,0,0,-1,0,0,0,0,0,0,0,0,0,0,0,0,816,0,3,37289984,0,268435456,38567,0,0,1309324210,-1440044374
38587,Ataque ao Trono de Kil'jaeden,,19269,0,0,-1,2,0,0,0,0,0,0,0,0,0,0,0,816,0,3,37294080,4,268435464,38583,36666,0,-1321907123,1427461461
38588,Ataque ao Trono de Kil'jaeden,,19270,0,0,-1,2,0,0,0,0,0,0,0,0,0,0,0,816,0,3,37294080,4,268435464,38584,36666,0,1309324210,-1440044374
38708,A Purificação do Rio,,19388,0,0,-1,0,0,0,0,0,0,0,0,0,0,0,0,949,0,3,34144256,0,268468224,0,0,0,-1,-1
38716,Castelo Corvo Negro,,19397,0,0,-1,0,0,0,0,0,0,0,0,0,0,0,0,332,0,3,34144256,0,268468224,38718,0,0,-1,-1
38748,Ruínas de Shala'nir,,19435,45636,0,-1,0,0,0,0,0,0,0,0,0,0,0,0,332,0,3,34144256,0,268468224,38684,0,0,-1,-1
38842,Uma dragoleta incomoda muita gente,,19533,0,0,-1,0,0,0,0,0,0,0,0,0,0,0,0,990,0,3,34144256,0,268468224,0,0,0,-1,-1
38865,Batalha no Front de Ferro,,19560,33454,0,-1,0,0,0,0,0,0,0,0,0,0,0,0,816,0,3,37289984,524288,268435464,0,0,0,1309324210,-1440044374
38866,Batalha no Front de Ferro,,19560,33454,0,-1,0,0,0,0,0,0,0,0,0,0,0,0,816,0,3,37289984,524288,268435464,0,0,0,-1321907123,1427461461
38868,Ataque às Ruínas de Kra'nak,,19563,33455,0,-1,0,0,0,0,0,0,0,0,0,0,0,0,816,0,3,37289984,524288,268435464,0,0,0,-1321907123,1427461461
38869,Ataque às Ruínas de Kra'nak,,19563,33455,0,-1,0,0,0,0,0,0,0,0,0,0,0,0,816,0,3,37289984,524288,268435464,0,0,0,1309324210,-1440044374
38870,Sangrando os Olhos Sangrentos,,19564,33456,0,-1,0,0,0,0,0,0,0,0,0,0,0,0,816,0,3,37289984,524288,268435464,0,0,0,-1321907123,1427461461
38871,Sangrando os Olhos Sangrentos,,19564,33456,0,-1,0,0,0,0,0,0,0,0,0,0,0,0,816,0,3,37289984,524288,268435464,0,0,0,1309324210,-1440044374
38876,Ataque à Forja Vil,,19570,33459,0,-1,0,0,0,0,0,0,0,0,0,0,0,0,816,0,3,37289984,4,268435464,0,0,0,1309324210,-1440044374
38877,Ataque à Forja Vil,,19570,33459,0,-1,0,0,0,0,0,0,0,0,0,0,0,0,816,0,3,37289984,4,268435464,0,0,0,-1321907123,1427461461
38939,Ataque a Skold-Ashil,,19630,0,0,-1,0,0,0,0,0,0,0,0,0,0,0,0,334,0,3,38338560,8192,268468224,39154,0,0,-1,-1
39029,Defender o Templo,,19736,65872,0,-1,0,0,0,0,0,0,0,0,0,0,0,0,332,0,3,34144256,0,268468224,38641,0,0,-1,-1
39119,Ataque a Skold-Ashil,,19830,0,0,-1,0,0,0,0,0,0,0,0,0,0,0,0,334,0,3,38338560,8192,268468224,39062,0,0,-1,-1
39274,Defenda as Terras Fluviais,,19932,74379,0,-1,0,0,0,0,0,0,0,0,0,0,0,0,333,0,3,34144256,0,268468224,39496,0,0,-1,-1
39279,Ataque a Mardum,,19936,38205,0,2048,0,0,0,0,0,0,0,0,0,0,0,0,699,0,3,34144512,0,268468224,0,0,0,-1,-1
39317,Cerco de Crawliac,,19968,0,0,-1,0,0,0,0,0,0,0,0,0,0,0,0,333,0,3,34144256,0,268468224,38913,0,0,-1,-1
39371,Bruxas celestes,,20018,0,0,-1,0,0,0,0,0,0,0,0,0,0,0,0,990,0,3,34144256,0,268468224,0,0,0,-1,-1
39393,Vale Garralua,,20045,39500,0,-1,0,0,0,0,0,0,0,0,0,0,0,0,332,0,3,34144256,0,268435456,38382,0,0,-1,-1
39424,Tudo!,,20069,47899,0,-1,0,0,0,0,0,0,0,0,0,0,18685,109,347,0,3,41484544,0,268435456,0,0,0,-1,-1
39441,Sangrando os Olhos Sangrentos,,20103,34867,0,-1,0,0,0,0,0,0,0,0,0,0,0,0,816,0,3,37294080,524288,268435464,0,0,0,-1321907123,1427461461
39442,Sangrando os Olhos Sangrentos,,20107,34868,0,-1,0,0,0,0,0,0,0,0,0,0,0,0,816,0,3,37294080,524288,268435464,0,0,0,1309324210,-1440044374
39443,Batalha no Front de Ferro,,20097,34872,0,-1,0,0,0,0,0,0,0,0,0,0,0,0,816,0,3,37294080,524288,268435464,0,0,0,-1321907123,1427461461
39444,Batalha no Front de Ferro,,20098,34871,0,-1,0,0,0,0,0,0,0,0,0,0,0,0,816,0,3,37294080,524288,268435464,0,0,0,1309324210,-1440044374
39445,Ataque à Forja Vil,,20105,34879,0,-1,0,0,0,0,0,0,0,0,0,0,0,0,816,0,3,37294080,4,268435464,0,0,0,-1321907123,1427461461
39446,Ataque à Forja Vil,,20099,34876,0,-1,0,0,0,0,0,0,0,0,0,0,0,0,816,0,3,37294080,4,268435464,0,0,0,1309324210,-1440044374
39447,Ataque às Ruínas de Kra'nak,,20095,34873,0,-1,0,0,0,0,0,0,0,0,0,0,0,0,816,0,3,37294080,524288,268435464,0,0,0,-1321907123,1427461461
39448,Ataque às Ruínas de Kra'nak,,20101,34874,0,-1,0,0,0,0,0,0,0,0,0,0,0,0,816,0,3,37294080,524288,268435464,0,0,0,1309324210,-1440044374
39449,Ataque ao Templo de Sha'naar,,20096,34878,0,-1,0,0,0,0,0,0,0,0,0,0,0,0,816,0,3,37294080,524288,268435464,0,0,0,-1321907123,1427461461
39450,Ataque ao Templo de Sha'naar,,20100,34875,0,-1,0,0,0,0,0,0,0,0,0,0,0,0,816,0,3,37294080,524288,268435464,0,0,0,1309324210,-1440044374
39451,Ataque ao Porto da Fortaleza Férrea,,20094,34869,0,-1,0,0,0,0,0,0,0,0,0,0,0,0,816,0,3,37294080,524288,268435464,0,0,0,-1321907123,1427461461
39452,Ataque ao Porto da Fortaleza Férrea,,20102,34870,0,-1,0,0,0,0,0,0,0,0,0,0,0,0,816,0,3,37294080,524288,268435464,0,0,0,1309324210,-1440044374
39453,Ataque ao Trono de Kil'jaeden,,20104,34880,0,-1,0,0,0,0,0,0,0,0,0,0,0,0,816,0,3,37294080,4,268435464,0,0,0,-1321907123,1427461461
39454,Ataque ao Trono de Kil'jaeden,,20106,34877,0,-1,0,0,0,0,0,0,0,0,0,0,0,0,816,0,3,37294080,4,268435464,0,0,0,1309324210,-1440044374
39462,Revanche Primeva,,21861,47899,0,-1,0,0,0,0,0,0,0,0,0,0,18333,109,347,0,3,34144512,0,268435456,0,0,0,-1,-1
39576,Ecos de Asa da Morte,,20221,74379,0,-1,0,0,0,0,0,0,0,0,0,0,0,0,333,0,3,34144256,0,268468224,39575,0,0,-1,-1
39742,Câmara das Guardiãs,,20386,0,0,2048,0,0,0,0,0,0,0,0,0,0,0,0,699,0,3,34144512,0,268468224,38672,0,0,-1,-1
39998,Rechace os Mareskárnio,,20684,0,0,-1,0,0,0,0,0,0,0,0,0,0,0,0,334,0,3,38338560,8192,268468224,40002,0,0,-1,-1
40050,Enseada do Naufrágio,,20743,0,0,-1,0,0,0,0,0,0,0,0,0,0,0,0,990,0,3,34144256,0,268468224,0,0,0,-1,-1
40111,Derrote os Invasores Borrapina,,20797,0,0,-1,0,0,0,0,0,0,0,0,0,0,0,0,990,0,3,38338560,8192,268468224,0,0,0,-1,-1
40121,Influências das Linhas do Meridiano,,20805,0,0,-1,0,0,0,0,0,0,0,0,0,0,0,0,335,0,3,34144256,0,268468224,0,0,0,-1,-1
40226,Resquícios das Sashj'tar,,20943,0,0,-1,0,0,0,0,0,0,0,0,0,0,0,0,335,0,3,34144256,0,268468224,41000,0,0,-1,-1
40277,Noite de luta: Tiffany Nelson,,21007,145934,0,-1,0,0,0,0,0,0,0,0,0,0,19014,115,347,0,3,3735808,0,268435456,0,0,0,-1,-1
40278,Ordens da minha fera,,21008,132427,0,-1,0,0,0,0,0,0,0,0,0,0,19170,115,347,0,3,3735808,0,268435456,0,0,0,-1,-1
40279,Treinamento com Durian,,21009,145947,0,-1,0,0,0,0,0,0,0,0,0,0,18992,115,347,0,3,3735808,0,268435456,0,0,0,-1,-1
40280,Treinamento com Bredda,,21010,132427,0,-1,0,0,0,0,0,0,0,0,0,0,18758,115,347,0,3,3735808,0,268435456,0,0,0,-1,-1
40282,"Pequeno larápio, pequenos animais",,21013,132427,0,-1,0,0,0,0,0,0,0,0,0,0,18844,115,347,0,3,3735808,0,268435456,0,0,0,-1,-1
40298,Noite de luta: Sir Galveston,,21031,145934,0,-1,0,0,0,0,0,0,0,0,0,0,19015,115,347,0,3,3735808,0,268435456,0,0,0,-1,-1
40299,Noite de luta: Korpu Bronzyado,,21032,145934,0,-1,0,0,0,0,0,0,0,0,0,0,19016,115,347,0,3,3735808,0,268435456,0,0,0,-1,-1
40316,O Rochedo dos Guinchos,,21055,0,0,-1,0,0,0,0,0,0,0,0,0,0,0,0,990,0,3,37289984,0,268468224,0,0,0,-1,-1
40337,Cãofuso,,21090,145934,0,-1,0,0,0,0,0,0,0,0,0,0,19220,115,335,0,3,3735808,0,268435456,0,0,0,-1,-1
40390,Solo consagrado,,21145,47602,0,2,0,0,0,0,0,0,0,0,0,0,21313,135,336,0,3,37290240,0,268435456,0,0,0,-1,-1
40850,Prisioneiros de Pedragris,,21692,47899,0,-1,0,0,0,0,0,0,0,0,0,0,18835,109,347,0,3,37290240,0,268435456,0,0,0,-1,-1
40895,O Charco Assombrado,,21746,47899,0,-1,0,0,0,0,0,0,0,0,0,0,18254,109,347,0,3,34144512,0,268435456,0,0,0,-1,-1
40896,Trenodia de Chefes,,21747,47899,0,-1,0,0,0,0,0,0,0,0,0,0,18259,109,347,0,3,37290240,0,268435456,0,0,0,-1,-1
40920,Recompensa Atapedras,,26247,47899,0,-1,0,0,0,0,0,0,0,0,0,0,18828,109,347,0,3,37290240,0,268435456,39027,0,0,-1,-1
40925,Assalto Mordepedra,,21791,47899,0,-1,0,0,0,0,0,0,0,0,0,0,18834,109,347,0,3,41484544,8192,268435456,39027,0,0,-1,-1
40951,Bazar Mordepedra,,21829,47899,0,-1,0,0,0,0,0,0,0,0,0,0,18829,109,347,0,3,41484544,8192,268435456,39027,0,0,-1,-1
40966,Ritualistas Entre Nós,,22074,47899,0,-1,0,0,0,0,0,0,0,0,0,0,18647,109,347,0,3,37290240,0,268435456,0,0,0,-1,-1
40978,Urso Só Faz Ursada,,21863,47899,0,-1,0,0,0,0,0,0,0,0,0,0,18623,109,347,0,3,37290240,0,268435456,0,0,0,-1,-1
40980,Peste Dorsobolha,,21864,47899,0,-1,0,0,0,0,0,0,0,0,0,0,18624,109,347,0,3,37290240,0,268435456,0,0,0,-1,-1
40984,Incursão das Nagas Aguassuja: Alta Montanha,,21891,47899,0,-1,0,0,0,0,0,0,0,0,0,0,18841,109,347,0,3,37290240,0,268435456,0,0,0,-1,-1
40985,Incursão das Nagas Escamálgida: Alta Montanha,,21892,47899,0,-1,0,0,0,0,0,0,0,0,0,0,20815,109,347,0,3,37290240,0,268435456,0,0,0,-1,-1
41011,Rituais de Umbrastilho,,21850,47899,0,-1,0,0,0,0,0,0,0,0,0,0,18649,109,347,0,3,37290240,0,268435456,0,0,0,-1,-1
41013,Arena Sombralesk,,23463,143217,0,-1,0,0,0,0,0,0,0,0,0,0,18196,113,347,0,3,3735808,0,268435456,0,0,0,-1,-1
41014,Estrada da Fúria,,26248,47899,0,-1,0,0,0,0,0,0,0,0,0,0,18648,109,347,0,3,41615616,8192,268435456,0,0,0,-1,-1
41024,Lamentação dos Mortos,,21901,47899,0,-1,0,0,0,0,0,0,0,0,0,0,18260,109,347,0,3,37290240,0,268435456,0,0,0,-1,-1
41025,A Ascensão dos Caídos,,21902,47899,0,-1,0,0,0,0,0,0,0,0,0,0,18261,109,347,0,3,37290240,0,268435456,0,0,0,-1,-1
41026,De Volta às Sombras,,21904,47899,0,-1,0,0,0,0,0,0,0,0,0,0,18262,109,347,0,3,37290240,0,268435456,0,0,0,-1,-1
41055,Revanche Primeva,,21947,47899,0,-1,0,0,0,0,0,0,0,0,0,0,18334,109,347,0,3,34144512,0,268435456,0,0,0,-1,-1
41057,Revanche Primeva,,21951,47899,0,-1,0,0,0,0,0,0,0,0,0,0,18335,109,347,0,3,34144512,0,268435456,0,0,0,-1,-1
41076,Teste de Munição,,21967,47899,0,-1,0,0,0,0,0,0,0,0,0,0,18635,109,347,0,3,36241664,16384,268435456,0,0,0,-1,-1
41077,Teste de Munição,,21968,47899,0,-1,0,0,0,0,0,0,0,0,0,0,18636,109,347,0,3,36241664,16384,268435456,0,0,0,-1,-1
41078,Teste de Munição,,21969,47899,0,-1,0,0,0,0,0,0,0,0,0,0,18637,109,347,0,3,36241664,0,268435456,0,0,0,-1,-1
41089,Senhores das Colinas,,21987,47899,0,-1,0,0,0,0,0,0,0,0,0,0,18201,136,347,0,3,3735808,0,268435456,0,0,0,-1,-1
41090,Senhores das Colinas,,21986,47899,0,-1,0,0,0,0,0,0,0,0,0,0,18202,136,347,0,3,3735808,0,268435456,0,0,0,-1,-1
41091,Senhores das Colinas,,21988,47899,0,-1,0,0,0,0,0,0,0,0,0,0,18203,136,347,0,3,3735808,0,268435456,0,0,0,-1,-1
41093,PERIGO: Durguth,,22136,47899,0,-1,0,0,0,0,0,0,0,0,0,0,18213,136,347,0,3,3735872,0,268435456,0,0,0,-1,-1
41095,Plantações Cruciais,,21997,47899,0,-1,0,0,0,0,0,0,0,0,0,0,18913,109,347,0,3,7930112,0,268435456,0,0,0,-1,-1
41122,Que as Névoas te Levem,,22021,47899,0,-1,0,0,0,0,0,0,0,0,0,0,18927,109,347,0,3,37290240,0,268435456,0,0,0,-1,-1
41127,Infestação Grudafuça,,22068,47899,0,-1,0,0,0,0,0,0,0,0,0,0,18929,109,347,0,3,37290240,0,268435456,0,0,0,-1,-1
41130,Não Tema Quem Chora,,22033,47899,0,-1,0,0,0,0,0,0,0,0,0,0,18255,109,347,0,3,34144512,0,268435456,0,0,0,-1,-1
41144,O Retorno ao Rio,,22057,47899,0,-1,0,0,0,0,0,0,0,0,0,0,18330,109,347,0,3,37290240,8192,268435456,0,0,0,-1,-1
41145,Água da Vida,,22058,47899,0,-1,0,0,0,0,0,0,0,0,0,0,18331,109,347,0,3,37290240,0,268435456,0,0,0,-1,-1
41196,Basiliscos de Pedra de Meridiano,,22118,47899,0,-1,0,0,0,0,0,2566,25,0,0,0,18225,120,347,0,3,34144576,0,268435456,0,0,0,-1,-1
41198,Basiliscos de Pedra de Meridiano,,22120,47899,0,-1,0,0,0,0,0,2566,25,0,0,0,18226,120,347,0,3,34144576,0,268435456,0,0,0,-1,-1
41199,Atroantes Pétreos do Meridiano,,22122,47899,0,-1,0,0,0,0,0,2566,25,0,0,0,18227,120,347,0,3,34144576,0,268435456,0,0,0,-1,-1
41200,Projeção de pedra de meridiano bruta,,22121,47899,0,-1,0,0,0,0,0,2566,25,0,0,0,18228,120,347,0,3,34144576,0,268435456,0,0,0,-1,-1
41201,Projeção de pedra de meridiano áspera,,22123,47899,0,-1,0,0,0,0,0,2566,25,0,0,0,18229,120,347,0,3,34144576,0,268435456,0,0,0,-1,-1
41202,Estrato de pedra de meridiano tosco,,22124,47899,0,-1,0,0,0,0,0,2566,25,0,0,0,18230,120,347,0,3,34144576,0,268435456,0,0,0,-1,-1
41203,Depósitos de pedra de meridiano reluzente,,22125,47899,0,-1,0,0,0,0,0,2566,25,0,0,0,18231,120,347,0,3,34144576,0,268435456,0,0,0,-1,-1
41204,Depósitos de pedra de meridiano dura,,22126,47899,0,-1,0,0,0,0,0,2566,25,0,0,0,18232,120,347,0,3,34144576,0,268435456,0,0,0,-1,-1
41205,Depósitos de pedra de meridiano morna,,22127,47899,0,-1,0,0,0,0,0,2566,25,0,0,0,18233,120,347,0,3,34144576,0,268435456,0,0,0,-1,-1
41206,Ordem de serviço: pedra de meridiano,,22128,47899,0,-1,0,0,0,0,0,2566,25,0,0,0,18234,120,347,0,3,524608,0,268435456,0,0,0,-1,-1
41207,Suprimentos necessários: Pedra de Meridiano,,22129,143217,0,-1,0,0,0,0,0,0,0,0,0,0,18235,109,347,0,3,524608,0,268435456,0,0,0,-1,-1
41208,Destruidor Pedra de Enxofre,,22130,47899,0,-1,0,0,0,0,0,2566,25,0,0,0,18236,120,347,0,3,34144576,0,268435456,0,0,0,-1,-1
41209,Destruidor Pedra de Enxofre,,22131,47899,0,-1,0,0,0,0,0,2566,25,0,0,0,18237,120,347,0,3,34144576,0,268435456,0,0,0,-1,-1
41210,Destruidor Pedra de Enxofre,,22132,47899,0,-1,0,0,0,0,0,2566,25,0,0,0,18238,120,347,0,3,34144576,0,268435456,0,0,0,-1,-1
41211,Covil de Neltharion: tesouro de Neltharion,,22912,42902,0,-1,0,0,0,0,0,0,0,0,0,0,18839,137,347,0,3,35193152,0,268435458,0,0,0,-1,-1
41219,Flor-de-raposa florescente,,22147,47899,0,-1,0,0,0,0,0,2550,25,0,0,0,18251,119,347,0,3,34144576,0,268435456,0,0,0,-1,-1
41223,Ordem de serviço: flor-de-raposa,,22151,47899,0,-1,0,0,0,0,0,2550,25,0,0,0,18266,119,347,0,3,524608,0,268435456,0,0,0,-1,-1
41224,Suprimentos necessários: flor-de-raposa,,22152,143217,0,-1,0,0,0,0,0,0,0,0,0,0,18267,109,347,0,3,524608,0,268435456,0,0,0,-1,-1
41225,Maltevil,,22153,47899,0,-1,0,0,0,0,0,2550,25,0,0,0,18268,119,347,0,3,34144576,0,268435456,0,0,0,-1,-1
41227,Ataque à Torre do Carcereiro: Ápice de Cordana,,24888,143217,0,-1,0,0,0,0,0,0,0,0,0,0,18272,113,347,0,3,37290240,0,268435456,0,0,0,1309324210,-1440044374
41228,Cacho de Flor-de-raposa,,22156,47899,0,-1,0,0,0,0,0,2550,25,0,0,0,18269,119,347,0,3,34144576,0,268435456,0,0,0,-1,-1
41232,Pelego grosso de chifre de ferro,,22162,47899,0,-1,0,0,0,0,0,2558,25,0,0,0,18278,124,347,0,3,34144576,0,268435456,0,0,0,-1,-1
41233,Pele de urso eriçada,,22163,47899,0,-1,0,0,0,0,0,2558,25,0,0,0,18279,124,347,0,3,34144576,0,268435456,0,0,0,-1,-1
41234,Pelego desgrenhado de sabre,,22164,47899,0,-1,0,0,0,0,0,2558,25,0,0,0,18280,124,347,0,3,34144576,0,268435456,0,0,0,-1,-1
41235,Ordem de serviço: couro pétreo,,22165,47899,0,-1,0,0,0,0,0,2558,25,0,0,0,18281,124,347,0,3,524608,0,268435456,0,0,0,-1,-1
41236,Cadê o vinho?,,22168,0,0,-1,0,0,0,0,0,0,0,0,0,0,18626,0,347,0,3,34144512,0,268435456,41559,0,0,-1,-1
41237,Suprimentos necessários: couro pétreo,,22166,143217,0,-1,0,0,0,0,0,0,0,0,0,0,18282,109,347,0,3,524608,0,268435456,0,0,0,-1,-1
41238,Escamas de verme calcificadas,,22167,47899,0,-1,0,0,0,0,0,2558,25,0,0,0,18283,124,347,0,3,34144576,0,268435456,0,0,0,-1,-1
41239,Couro Vil,,22169,47899,0,-1,0,0,0,0,0,2558,25,0,0,0,18284,124,347,0,3,34144576,0,268435456,0,0,0,-1,-1
41240,Ordem de serviço: salmão altamontês,,22170,47899,0,-1,0,0,0,0,0,356,75,0,0,0,18285,130,347,0,3,524608,0,268435456,0,0,0,-1,-1
41242,Naco de Bacon,,22172,47899,0,-1,0,0,0,0,0,2542,25,0,0,0,18288,131,347,0,3,34144576,0,268435456,0,0,0,-1,-1
41243,Salmão altamontês enorme,,22173,47899,0,-1,0,0,0,0,0,356,75,0,0,0,18300,130,347,0,3,34144576,0,268435456,0,0,0,-1,-1
41244,Salmão altamontês vivaz,,22174,47899,0,-1,0,0,0,0,0,356,75,0,0,0,18301,130,347,0,3,34144576,0,268435456,0,0,0,-1,-1
41252,Barracuda selvagem do norte,,22182,47899,0,-1,0,0,0,0,0,356,75,0,0,0,18305,130,347,0,3,34144576,0,268435456,0,0,0,-1,-1
41253,Salmão altamontês migrante,,22183,47899,0,-1,0,0,0,0,0,356,75,0,0,0,18328,130,347,0,3,34144576,0,268435456,0,0,0,-1,-1
41257,Ataque à Torre do Carcereiro: Ápice de Cordana,,22155,143217,0,-1,0,0,0,0,0,0,0,0,0,0,18430,113,347,0,3,37290240,0,268435456,0,0,0,-1321907123,1427461461
41259,Naco de Bacon,,22209,47901,0,-1,0,0,0,0,0,2542,25,0,0,0,18336,131,347,0,3,34144576,0,268435456,0,0,0,-1,-1
41260,Naco de Bacon,,22210,47895,0,-1,0,0,0,0,0,2542,25,0,0,0,18337,131,347,0,3,34144576,0,268435456,0,0,0,-1,-1
41261,Naco de Bacon,,26359,47897,0,-1,0,0,0,0,0,2542,25,0,0,0,18338,131,347,0,3,34144576,0,268435456,0,0,0,-1,-1
41262,Naco de Bacon,,22212,38948,0,-1,0,0,0,0,0,2542,25,0,0,0,18339,131,335,0,3,34144576,0,268435456,0,0,0,-1,-1
41264,Peixe-rainha Amaldiçoado Vivaz,,22214,47901,0,-1,0,0,0,0,0,356,75,0,0,0,18340,130,347,0,3,34144576,0,268435456,0,0,0,-1,-1
41265,Peixe-rainha Enorme Amaldiçoado,,22215,47901,0,-1,0,0,0,0,0,356,75,0,0,0,18341,130,347,0,3,34144576,0,268435456,0,0,0,-1,-1
41266,Pesca em Jangada,,22216,47901,0,-1,0,0,0,0,0,356,75,0,0,0,18342,130,347,0,3,34144576,0,268435456,0,0,0,-1,-1
41267,Ordem de Serviço: Peixe-rainha Amaldiçoado,,22217,47901,0,-1,0,0,0,0,0,356,75,0,0,0,18343,130,347,0,3,524608,16384,268435456,0,0,0,-1,-1
41268,Rainha Peixe-rainha,,22218,47901,0,-1,0,0,0,0,0,356,75,0,0,0,18344,130,347,0,3,34144576,0,268435456,0,0,0,-1,-1
41269,Perca Pinalimo Irrequieta,,22219,47895,0,-1,0,0,0,0,0,356,75,0,0,0,18345,130,347,0,3,34144576,0,268435456,0,0,0,-1,-1
41270,Perca Pinalimo Enorme,,22220,47895,0,-1,0,0,0,0,0,356,75,0,0,0,18346,130,347,0,3,34144576,0,268435456,0,0,0,-1,-1
41271,Redemoinho adentro,,22221,47895,0,-1,0,0,0,0,0,356,75,0,0,0,18347,130,347,0,3,34144576,0,268435456,0,0,0,-1,-1
41272,Ordem de serviço: perca pinalimo,,22222,47895,0,-1,0,0,0,0,0,356,75,0,0,0,18348,130,347,0,3,524608,0,268435456,0,0,0,-1,-1
41273,Pesca com boia,,22223,47895,0,-1,0,0,0,0,0,356,75,0,0,0,18349,130,347,0,3,34275648,0,268435456,0,0,0,-1,-1
41274,Trovarraias vivazes,,22224,47897,0,-1,0,0,0,0,0,356,75,0,0,0,18350,130,347,0,3,34144576,0,268435456,0,0,0,-1,-1
41275,Trovarraias enormes,,22225,47897,0,-1,0,0,0,0,0,356,75,0,0,0,18351,130,347,0,3,34144576,0,268435456,0,0,0,-1,-1
41276,Pesca com Botas-foguete,,22226,47897,0,-1,0,0,0,0,0,356,75,0,0,0,18352,130,347,0,3,34144576,0,268435456,0,0,0,-1,-1
41277,Ordem de serviço: trovarraias,,22227,47897,0,-1,0,0,0,0,0,356,75,0,0,0,18353,130,347,0,3,524608,0,268435456,0,0,0,-1,-1
41278,Trovarraias escorregadias,,22228,47897,0,-1,0,0,0,0,0,356,75,0,0,0,18354,130,347,0,3,1769792,8192,268435456,0,0,0,-1,-1
41279,Carpa escama rúnica vivaz,,22229,38948,0,-1,0,0,0,0,0,356,75,0,0,0,18355,130,335,0,3,34144576,0,268435456,0,0,0,-1,-1
41280,Carpa escama rúnica enorme,,22230,38948,0,-1,0,0,0,0,0,356,75,0,0,0,18356,130,335,0,3,34144576,0,268435456,0,0,0,-1,-1
41282,Ordem de serviço: carpa escama rúnica,,22232,45166,0,-1,0,0,0,0,0,356,75,0,0,0,18358,130,335,0,3,524608,0,268435456,0,0,0,-1,-1
41283,O mutila pescador,,22233,38948,0,-1,0,0,0,0,0,356,75,0,0,0,18359,130,335,0,3,34144576,0,268435456,0,0,0,-1,-1
41286,Cacho de Aethril,,22236,47901,0,-1,0,0,0,0,0,2550,25,0,0,0,18371,119,347,0,3,34144576,0,268435456,0,0,0,-1,-1
41287,Ordem de Serviço: Aethril,,22237,47901,0,-1,0,0,0,0,0,2550,25,0,0,0,18372,119,347,0,3,524608,0,268435456,0,0,0,-1,-1
41288,Suprimentos necessários: Aethril,,22238,143777,0,-1,0,0,0,0,0,0,0,0,0,0,18373,109,347,0,3,524608,0,268435456,0,0,0,-1,-1
41289,Aethril Florescente,,22239,47901,0,-1,0,0,0,0,0,2550,25,0,0,0,18374,119,347,0,3,34144576,0,268435456,0,0,0,-1,-1
41290,Aethril Aquoso,,22240,47901,0,-1,0,0,0,0,0,2550,25,0,0,0,18375,119,347,0,3,34144576,0,268435456,0,0,0,-1,-1
41291,Bosque das Folhas-do-sonho,,22241,47895,0,-1,0,0,0,0,0,2550,25,0,0,0,18376,119,347,0,3,34144576,0,268435456,0,0,0,-1,-1
41292,Ordem de serviço: folha-de-sonho,,22242,47895,0,-1,0,0,0,0,0,2550,25,0,0,0,18377,119,347,0,3,524608,0,268435456,0,0,0,-1,-1
41293,Suprimento necessário: folha-de-sonho,,22243,143219,0,-1,0,0,0,0,0,0,0,0,0,0,18378,109,347,0,3,524608,0,268435456,0,0,0,-1,-1
41294,Folha-de-sonho Primaveril,,22244,47895,0,-1,0,0,0,0,0,2550,25,0,0,0,18379,119,347,0,3,34144576,0,268435456,0,0,0,-1,-1
41295,O Anciente das Folhas-de-sonho,,22245,47895,0,-1,0,0,0,0,0,2550,25,0,0,0,18380,119,347,0,3,34144576,0,268435456,0,0,0,-1,-1
41296,Cacho de Fjarnskaggl,,22246,47897,0,-1,0,0,0,0,0,2550,25,0,0,0,18381,119,347,0,3,34144576,0,268435456,0,0,0,-1,-1
41297,Ordem de serviço: fjarnskaggl,,22247,47897,0,-1,0,0,0,0,0,2550,25,0,0,0,18382,119,347,0,3,524608,0,268435456,0,0,0,-1,-1
41298,Suprimento necessário: fjarnskaggl,,22248,143218,0,-1,0,0,0,0,0,0,0,0,0,0,18383,109,347,0,3,524608,0,268435456,0,0,0,-1,-1
41299,Fjarnskaggl florescente,,22249,47897,0,-1,0,0,0,0,0,2550,25,0,0,0,18384,119,347,0,3,34144576,0,268435456,0,0,0,-1,-1
41300,Fjarnskaggl Chamuscado,,22250,47897,0,-1,0,0,0,0,0,2550,25,0,0,0,18385,119,347,0,3,34144576,0,268435456,0,0,0,-1,-1
41301,Cacho de Rosa-da-luz-estelar,,22251,38948,0,-1,0,0,0,0,0,2550,25,0,0,0,18386,119,335,0,3,34144576,0,268435456,0,0,0,-1,-1
41302,Ordem de serviço: rosas-da-luz-estelar,,22252,45166,0,-1,0,0,0,0,0,2550,25,0,0,0,18387,119,335,0,3,524608,0,268435456,0,0,0,-1,-1
41303,Suprimento necessário: rosas-da-luz-estelar,,22253,45166,0,-1,0,0,0,0,0,0,0,0,0,0,18388,109,335,0,3,524608,0,268435456,0,0,0,-1,-1
41304,Rosa-da-luz-estelar florescente,,22254,38948,0,-1,0,0,0,0,0,2550,25,0,0,0,18389,119,335,0,3,34144576,0,268435456,0,0,0,-1,-1
41305,Comerciante de plantas filho da noite,,22255,38948,0,-1,0,0,0,0,0,2550,25,0,0,0,18390,119,335,0,3,34144576,0,268435456,0,0,0,-1,-1
41308,Reforços de Fronteira,,22262,38948,0,-1,0,0,0,0,0,0,0,0,0,0,18392,109,347,0,3,37290240,0,268435456,0,0,0,-1,-1
41311,Ordem de Serviço: Pedra de Meridiano,,22267,47901,0,-1,0,0,0,0,0,2566,25,0,0,0,18391,120,347,0,3,524608,0,268435456,0,0,0,-1,-1
41312,Ordem de serviço: pedra de meridiano,,22268,47895,0,-1,0,0,0,0,0,2566,25,0,0,0,18393,120,347,0,3,524608,0,268435456,0,0,0,-1,-1
41313,Ordem de serviço: pedra de meridiano,,22269,47897,0,-1,0,0,0,0,0,2566,25,0,0,0,18394,120,347,0,3,524608,0,268435456,0,0,0,-1,-1
41314,Ordem de serviço: vilardósia,,22270,45166,0,-1,0,0,0,0,0,2566,25,0,0,0,18395,120,335,0,3,524608,0,268435456,0,0,0,-1,-1
41315,Suprimentos necessários: Pedra de Meridiano,,22271,143777,0,-1,0,0,0,0,0,0,0,0,0,0,18396,109,347,0,3,524608,0,268435456,0,0,0,-1,-1
41316,Suprimento necessário: pedra de meridiano,,22272,143219,0,-1,0,0,0,0,0,0,0,0,0,0,18397,109,347,0,3,524608,0,268435456,0,0,0,-1,-1
41317,Suprimentos necessários: Pedra de Meridiano,,22273,143218,0,-1,0,0,0,0,0,0,0,0,0,0,18398,109,347,0,3,524608,0,268435456,0,0,0,-1,-1
41318,Suprimento necessário: pedra de meridiano,,22274,45166,0,-1,0,0,0,0,0,0,0,0,0,0,18399,109,335,0,3,524608,0,268435456,0,0,0,-1,-1
41322,Escama Lisa de Hipogrifo,,22278,47901,0,-1,0,0,0,0,0,2558,25,0,0,0,18401,124,347,0,3,34144576,0,268435456,0,0,0,-1,-1
41323,Pele de leão-marinho gordo,,22279,47901,0,-1,0,0,0,0,0,2558,25,0,0,0,18402,124,347,0,3,34144576,0,268435456,0,0,0,-1,-1
41324,Pelo de Predador Sedoso,,22280,47901,0,-1,0,0,0,0,0,2558,25,0,0,0,18403,124,347,0,3,34144576,0,268435456,0,0,0,-1,-1
41326,Ordem de Serviço: Escamarraios,,22284,47901,0,-1,0,0,0,0,0,2558,25,0,0,0,18405,124,347,0,3,524608,0,268435456,0,0,0,-1,-1
41327,Suprimentos necessários: Escamarraios,,22285,143777,0,-1,0,0,0,0,0,0,0,0,0,0,18406,109,347,0,3,524608,0,268435456,0,0,0,-1,-1
41333,Couro de Lobo Rústico,,22293,47895,0,-1,0,0,0,0,0,2558,25,0,0,0,18407,124,347,0,3,34144576,0,268435456,0,0,0,-1,-1
41334,Couro de Urso Almiscarado,,22291,47895,0,-1,0,0,0,0,0,2558,25,0,0,0,18408,124,347,0,3,34144576,0,268435456,0,0,0,-1,-1
41336,Pele de almísken eriçado,,22292,47897,0,-1,0,0,0,0,0,2558,25,0,0,0,18409,124,347,0,3,34144576,0,268435456,0,0,0,-1,-1
41337,Couro de Cervo Imaculado,,22294,47895,0,-1,0,0,0,0,0,2558,25,0,0,0,18410,124,347,0,3,34144576,0,268435456,0,0,0,-1,-1
41338,Ordem de serviço: couro pétreo,,22295,47895,0,-1,0,0,0,0,0,2558,25,0,0,0,18411,124,347,0,3,524608,0,268435456,0,0,0,-1,-1
41339,Suprimentos necessários: couro pétreo,,22296,143219,0,-1,0,0,0,0,0,0,0,0,0,0,18412,109,347,0,3,524608,0,268435456,0,0,0,-1,-1
41340,Escama de draco da tempestade perfeita,,22297,47897,0,-1,0,0,0,0,0,2558,25,0,0,0,18413,124,347,0,3,34144576,0,268435456,0,0,0,-1,-1
41342,Pelego de urso grosso,,22299,47897,0,-1,0,0,0,0,0,2558,25,0,0,0,18415,124,347,0,3,34144576,0,268435456,0,0,0,-1,-1
41343,Fragmento de casco de caranguejo sólido,,22300,47897,0,-1,0,0,0,0,0,2558,25,0,0,0,18416,124,347,0,3,34144576,0,268435456,0,0,0,-1,-1
41344,Ordem de serviço: Escamarraios,,22301,47897,0,-1,0,0,0,0,0,2558,25,0,0,0,18417,124,347,0,3,524608,0,268435456,0,0,0,-1,-1
41345,Suprimentos necessários: Escamarraios,,22302,143218,0,-1,0,0,0,0,0,0,0,0,0,0,18418,109,347,0,3,524608,0,268435456,0,0,0,-1,-1
41346,Pelego de espreitador aveludado,,22303,38948,0,-1,0,0,0,0,0,2558,25,0,0,0,18419,124,335,0,3,34144576,0,268435456,0,0,0,-1,-1
41347,Pelego de canisvil extrarrançoso,,22304,38948,0,-1,0,0,0,0,0,2558,25,0,0,0,18420,124,335,0,3,34144576,0,268435456,0,0,0,-1,-1
41349,Quitina de caranguejo dura,,22306,38948,0,-1,0,0,0,0,0,2558,25,0,0,0,18422,124,335,0,3,34144576,0,268435456,0,0,0,-1,-1
41350,Ordem de serviço: couro pétreo,,22307,45166,0,-1,0,0,0,0,0,2558,25,0,0,0,18423,124,335,0,3,524608,0,268435456,0,0,0,-1,-1
41351,Suprimentos necessários: couro pétreo,,22308,45166,0,-1,0,0,0,0,0,0,0,0,0,0,18424,109,335,0,3,524608,0,268435456,0,0,0,-1,-1
41352,Basiliscos vilardósia,,22309,38948,0,-1,0,0,0,0,0,2566,25,0,0,0,18425,120,335,0,3,34144576,0,268435456,0,0,0,-1,-1
41353,Protuberância de vilardósia odiosa,,22310,38948,0,-1,0,0,0,0,0,2566,25,0,0,0,18427,120,335,0,3,34144576,0,268435456,0,0,0,-1,-1
41354,Estrato de vilardósia estilhaçada,,22311,38948,0,-1,0,0,0,0,0,2566,25,0,0,0,18428,120,335,0,3,34144576,0,268435456,0,0,0,-1,-1
41357,Depósitos de vilardósia primordial,,22312,38948,0,-1,0,0,0,0,0,2566,25,0,0,0,18429,120,335,0,3,34144576,0,268435456,0,0,0,-1,-1
41414,Armas de Asa da Morte,,26234,47899,0,-1,0,0,0,0,0,0,0,0,0,0,18426,109,347,0,3,37290240,0,268435456,0,0,0,-1,-1
41416,Retomar o Chifre Celeste,,22384,47899,0,-1,0,0,0,0,0,0,0,0,0,0,18631,109,347,0,3,37290240,0,268435456,0,0,0,-1,-1
41417,Barra de progresso baseada em critérios de teste de Jeremy,,22382,0,0,-1,0,0,0,0,0,0,0,0,0,0,18632,0,333,0,3,589824,131072,268435456,0,0,0,-1,-1
41420,Ataque à Torre do Carcereiro: Alcândor do Vigilante Noturno,,22392,143217,0,-1,0,0,0,0,0,0,0,0,0,0,18430,113,347,0,3,37290240,0,268435456,0,0,0,1309324210,-1440044374
41421,Ataque à Torre do Carcereiro: Alcândor do Vigilante Noturno,,24887,143217,0,-1,0,0,0,0,0,0,0,0,0,0,18272,113,347,0,3,37290240,0,268435456,0,0,0,-1321907123,1427461461
41427,Vrekt-se,,22411,47897,0,-1,0,0,0,0,0,0,0,0,0,0,18656,109,347,0,3,37290240,0,268435456,0,0,0,-1,-1
41428,Portal instável,,22401,47899,0,-1,0,0,0,0,0,0,0,0,0,0,18686,109,347,0,3,41484544,0,268435456,0,0,0,-1,-1
41432,Depósitos de pedra de meridiano flamejante,,22413,47899,0,-1,0,0,0,0,0,2566,25,0,0,0,18658,120,347,0,3,34144576,0,268435456,0,0,0,-1,-1
41433,Depósitos de pedra de meridiano gigantescos,,22414,47899,0,-1,0,0,0,0,0,2566,25,0,0,0,18659,120,347,0,3,34144576,0,268435456,0,0,0,-1,-1
41434,Depósitos de pedra de meridiano chamejante,,22415,47901,0,-1,0,0,0,0,0,2566,25,0,0,0,18660,120,347,0,3,34144576,0,268435456,0,0,0,-1,-1
41435,Depósitos de pedra de meridiano lisa,,22416,47901,0,-1,0,0,0,0,0,2566,25,0,0,0,18661,120,347,0,3,34144576,0,268435456,0,0,0,-1,-1
41437,Depósitos de pedra de meridiano fina,,22417,47901,0,-1,0,0,0,0,0,2566,25,0,0,0,18662,120,347,0,3,34144576,0,268435456,0,0,0,-1,-1
41438,Depósitos de pedra de meridiano carregada,,22418,47901,0,-1,0,0,0,0,0,2566,25,0,0,0,18663,120,347,0,3,34144576,0,268435456,0,0,0,-1,-1
41439,Depósitos de pedra de meridiano fabulosa,,22419,47895,0,-1,0,0,0,0,0,2566,25,0,0,0,18664,120,347,0,3,34144576,0,268435456,0,0,0,-1,-1
41440,Depósitos de pedra de meridiano magnífica,,22420,47895,0,-1,0,0,0,0,0,2566,25,0,0,0,18665,120,347,0,3,34144576,0,268435456,0,0,0,-1,-1
41441,Depósitos de pedra de meridiano superior,,22422,47895,0,-1,0,0,0,0,0,2566,25,0,0,0,18666,120,347,0,3,34144576,0,268435456,0,0,0,-1,-1
41442,Depósitos de pedra de meridiano espantosa,,22423,47897,0,-1,0,0,0,0,0,2566,25,0,0,0,18667,120,347,0,3,34144576,0,268435456,0,0,0,-1,-1
41443,Depósitos de pedra de meridiano ancestral,,22424,47897,0,-1,0,0,0,0,0,2566,25,0,0,0,18668,120,347,0,3,34144576,0,268435456,0,0,0,-1,-1
41444,Depósitos de pedra de meridiano escura,,22425,47897,0,-1,0,0,0,0,0,2566,25,0,0,0,18669,120,347,0,3,34144576,0,268435456,0,0,0,-1,-1
41445,Depósitos de pedra de meridiano tempestuosa,,22426,47897,0,-1,0,0,0,0,0,2566,25,0,0,0,18670,120,347,0,3,34144576,0,268435456,0,0,0,-1,-1
41446,Depósitos de vilardósia escurecida,,22427,38948,0,-1,0,0,0,0,0,2566,25,0,0,0,18671,120,335,0,3,34144576,0,268435456,0,0,0,-1,-1
41447,Depósitos de vilardósia ardente,,22428,38948,0,-1,0,0,0,0,0,2566,25,0,0,0,18672,120,335,0,3,34144576,0,268435456,0,0,0,-1,-1
41448,Depósitos de vilardósia pesada,,22429,38948,0,-1,0,0,0,0,0,2566,25,0,0,0,18673,120,335,0,3,34144576,0,268435456,0,0,0,-1,-1
41451,Ataque a Hrydshal,,22446,47897,0,-1,0,0,0,0,0,0,0,0,0,0,18674,109,347,0,3,41484544,0,268435456,0,0,0,-1,-1
41454,Projeção de pedra de meridiano luminosa,,22670,47901,0,-1,0,0,0,0,0,2566,25,0,0,0,18678,120,347,0,3,34144576,0,268435456,0,0,0,-1,-1
41455,Projeção de pedra de meridiano rebrilhante,,22440,47901,0,-1,0,0,0,0,0,2566,25,0,0,0,18679,120,347,0,3,34144576,0,268435456,0,0,0,-1,-1
41457,Projeção de pedra de meridiano radiante,,22442,47895,0,-1,0,0,0,0,0,2566,25,0,0,0,18680,120,347,0,3,34144576,0,268435456,0,0,0,-1,-1
41458,Projeção de pedra de meridiano endurecida,,22443,47895,0,-1,0,0,0,0,0,2566,25,0,0,0,18681,120,347,0,3,34144576,0,268435456,0,0,0,-1,-1
41459,Projeção de pedra de meridiano densa,,22444,47897,0,-1,0,0,0,0,0,2566,25,0,0,0,18682,120,347,0,3,34144576,0,268435456,0,0,0,-1,-1
41460,Projeção de pedra de meridiano primeva,,22445,47897,0,-1,0,0,0,0,0,2566,25,0,0,0,18683,120,347,0,3,38338880,0,268435456,0,0,0,-1,-1
41461,Projeção de vilardósia malévola,,22447,38948,0,-1,0,0,0,0,0,2566,25,0,0,0,18684,120,335,0,3,34144576,0,268435456,0,0,0,-1,-1
41464,"Nunca, jamais",,22450,0,0,-1,0,0,0,0,0,0,0,0,0,0,0,0,335,0,2,37879816,0,268435968,41463,0,0,-1,-1
41467,A opção que nos resta,,22453,0,0,-1,0,0,0,0,0,0,0,0,0,135534,0,0,335,0,2,33685512,0,268435968,41464,0,0,-1,-1
41481,Destruidor Pedra de Enxofre,,22464,47901,0,-1,0,0,0,0,0,2566,25,0,0,0,18688,120,347,0,3,34144576,0,268435456,0,0,0,-1,-1
41482,Destruidor Pedra de Enxofre,,22465,47901,0,-1,0,0,0,0,0,2566,25,0,0,0,18689,120,347,0,3,34144576,0,268435456,0,0,0,-1,-1
41483,Destruidor Pedra de Enxofre,,22466,47901,0,-1,0,0,0,0,0,2566,25,0,0,0,18690,120,347,0,3,34144576,0,268435456,0,0,0,-1,-1
41484,Destruidor Pedra de Enxofre,,22468,47895,0,-1,0,0,0,0,0,2566,25,0,0,0,18691,120,347,0,3,34144576,0,268435456,0,0,0,-1,-1
41486,Destruidor Pedra de Enxofre,,22469,47895,0,-1,0,0,0,0,0,2566,25,0,0,0,18692,120,347,0,3,34144576,0,268435456,0,0,0,-1,-1
41487,Destruidor Pedra de Enxofre,,22470,47895,0,-1,0,0,0,0,0,2566,25,0,0,0,18693,120,347,0,3,34144576,0,268435456,0,0,0,-1,-1
41488,Destruidor Pedra de Enxofre,,22471,47897,0,-1,0,0,0,0,0,2566,25,0,0,0,18694,120,347,0,3,34144576,0,268435456,0,0,0,-1,-1
41489,Destruidor Pedra de Enxofre,,22472,47897,0,-1,0,0,0,0,0,2566,25,0,0,0,18695,120,347,0,3,34144576,0,268435456,0,0,0,-1,-1
41490,Destruidor Pedra de Enxofre,,22473,47897,0,-1,0,0,0,0,0,2566,25,0,0,0,18696,120,347,0,3,34144576,0,268435456,0,0,0,-1,-1
41491,Destruidor Pedra de Enxofre,,22474,38948,0,-1,0,0,0,0,0,2566,25,0,0,0,18697,120,335,0,3,34144576,0,268435456,0,0,0,-1,-1
41492,Destruidor Pedra de Enxofre,,22475,38948,0,-1,0,0,0,0,0,2566,25,0,0,0,18698,120,335,0,3,34144576,0,268435456,0,0,0,-1,-1
41493,Destruidor Pedra de Enxofre,,22476,38948,0,-1,0,0,0,0,0,2566,25,0,0,0,18699,120,335,0,3,34144576,0,268435456,0,0,0,-1,-1
41495,Estratos de pedra de meridiano brilhante,,22671,47901,0,-1,0,0,0,0,0,2566,25,0,0,0,18700,120,347,0,3,34144576,0,268435456,0,0,0,-1,-1
41496,Estratos de pedra de meridiano crua,,22479,47895,0,-1,0,0,0,0,0,2566,25,0,0,0,18701,120,347,0,3,34144576,0,268435456,0,0,0,-1,-1
41497,Estratos de pedra de meridiano selvagem,,22478,47897,0,-1,0,0,0,0,0,2566,25,0,0,0,18702,120,347,0,3,34144576,0,268435456,0,0,0,-1,-1
41498,Basiliscos de Pedra de Meridiano,,22480,47901,0,-1,0,0,0,0,0,2566,25,0,0,0,18703,120,347,0,3,34144576,0,268435456,0,0,0,-1,-1
41500,Verme-meridiano,,22483,47901,0,-1,0,0,0,0,0,2566,25,0,0,0,18704,120,347,0,3,34144576,0,268435456,0,0,0,-1,-1
41501,Basiliscos de Pedra de Meridiano,,22484,47901,0,-1,0,0,0,0,0,2566,25,0,0,0,18705,120,347,0,3,34144576,0,268435456,0,0,0,-1,-1
41502,Basiliscos de Pedra de Meridiano,,22485,47895,0,-1,0,0,0,0,0,2566,25,0,0,0,18706,120,347,0,3,34144576,0,268435456,0,0,0,-1,-1
41503,Basiliscos de Pedra de Meridiano,,22486,47895,0,-1,0,0,0,0,0,2566,25,0,0,0,18707,120,347,0,3,34144576,0,268435456,0,0,0,-1,-1
41504,Basiliscos de Pedra de Meridiano,,22487,47895,0,-1,0,0,0,0,0,2566,25,0,0,0,18708,120,347,0,3,34144576,0,268435456,0,0,0,-1,-1
41505,Basiliscos de Pedra de Meridiano,,22488,47897,0,-1,0,0,0,0,0,2566,25,0,0,0,18709,120,347,0,3,34144576,0,268435456,0,0,0,-1,-1
41506,Basiliscos de Pedra de Meridiano,,22489,47897,0,-1,0,0,0,0,0,2566,25,0,0,0,18710,120,347,0,3,34144576,0,268435456,0,0,0,-1,-1
41507,Basiliscos de Pedra de Meridiano,,22490,47897,0,-1,0,0,0,0,0,2566,25,0,0,0,18711,120,347,0,3,34144576,0,268435456,0,0,0,-1,-1
41508,Basiliscos Vilardósia,,22491,38948,0,-1,0,0,0,0,0,2566,25,0,0,0,18712,120,335,0,3,34144576,0,268435456,0,0,0,-1,-1
41509,Basiliscos Vilardósia,,22492,38948,0,-1,0,0,0,0,0,2566,25,0,0,0,18713,120,335,0,3,34144576,0,268435456,0,0,0,-1,-1
41511,Maltevil,,22494,47899,0,-1,0,0,0,0,0,2550,25,0,0,0,18715,119,347,0,3,34144576,0,268435456,0,0,0,-1,-1
41512,Maltevil,,22495,47899,0,-1,0,0,0,0,0,2550,25,0,0,0,18716,119,347,0,3,34144576,0,268435456,0,0,0,-1,-1
41513,Maltevil,,22496,47901,0,-1,0,0,0,0,0,2550,25,0,0,0,18717,119,347,0,3,34144576,0,268435456,0,0,0,-1,-1
41514,Maltevil,,22497,47901,0,-1,0,0,0,0,0,2550,25,0,0,0,18718,119,347,0,3,34144576,0,268435456,0,0,0,-1,-1
41515,Maltevil,,22498,47901,0,-1,0,0,0,0,0,2550,25,0,0,0,18719,119,347,0,3,34144576,0,268435456,0,0,0,-1,-1
41516,Maltevil,,22499,47895,0,-1,0,0,0,0,0,2550,25,0,0,0,18720,119,347,0,3,34144576,0,268435456,0,0,0,-1,-1
41517,Maltevil,,22500,47895,0,-1,0,0,0,0,0,2550,25,0,0,0,18721,119,347,0,3,34144576,0,268435456,0,0,0,-1,-1
41518,Maltevil,,22501,47895,0,-1,0,0,0,0,0,2550,25,0,0,0,18722,119,347,0,3,34144576,0,268435456,0,0,0,-1,-1
41519,Maltevil,,22502,47897,0,-1,0,0,0,0,0,2550,25,0,0,0,18723,119,347,0,3,34144576,0,268435456,0,0,0,-1,-1
41520,Maltevil,,22503,47897,0,-1,0,0,0,0,0,2550,25,0,0,0,18724,119,347,0,3,34144576,0,268435456,0,0,0,-1,-1
41521,Maltevil,,22504,47897,0,-1,0,0,0,0,0,2550,25,0,0,0,18725,119,347,0,3,34144576,0,268435456,0,0,0,-1,-1
41522,Maltevil,,22505,38948,0,-1,0,0,0,0,0,2550,25,0,0,0,18726,119,335,0,3,34144576,0,268435456,0,0,0,-1,-1
41523,Maltevil,,22506,38948,0,-1,0,0,0,0,0,2550,25,0,0,0,18727,119,335,0,3,34144576,0,268435456,0,0,0,-1,-1
41524,Maltevil,,22507,38948,0,-1,0,0,0,0,0,2550,25,0,0,0,18728,119,335,0,3,34144576,0,268435456,0,0,0,-1,-1
41525,Flor-de-raposa Delgada,,22508,47899,0,-1,0,0,0,0,0,2550,25,0,0,0,18729,119,347,0,3,34144576,0,268435456,0,0,0,-1,-1
41526,Flor-de-raposa Frondosa,,22509,47899,0,-1,0,0,0,0,0,2550,25,0,0,0,18730,119,347,0,3,34144576,0,268435456,0,0,0,-1,-1
41527,Aethril Vivaz,,22510,47901,0,-1,0,0,0,0,0,2550,25,0,0,0,18732,119,347,0,3,34144576,0,268435456,0,0,0,-1,-1
41528,Aethril Iridescente,,22511,47901,0,-1,0,0,0,0,0,2550,25,0,0,0,18733,119,347,0,3,34144576,0,268435456,0,0,0,-1,-1
41529,Aethril Frondoso,,22512,47901,0,-1,0,0,0,0,0,2550,25,0,0,0,18735,119,347,0,3,34144576,0,268435456,0,0,0,-1,-1
41530,Folha-de-sonho Vivaz,,22513,47895,0,-1,0,0,0,0,0,2550,25,0,0,0,18736,119,347,0,3,34144576,0,268435456,0,0,0,-1,-1
41531,Folha-de-sonho Iridescente,,22514,47895,0,-1,0,0,0,0,0,2550,25,0,0,0,18737,119,347,0,3,34144576,0,268435456,0,0,0,-1,-1
41532,Folha-de-sonho Frondosa,,22515,47895,0,-1,0,0,0,0,0,2550,25,0,0,0,18738,119,347,0,3,34144576,0,268435456,0,0,0,-1,-1
41533,Folha-de-sonho Perfumada,,22516,47895,0,-1,0,0,0,0,0,2550,25,0,0,0,18739,119,347,0,3,34144576,0,268435456,0,0,0,-1,-1
41534,Fjarnskaggl Sarçoso,,22517,47897,0,-1,0,0,0,0,0,2550,25,0,0,0,18740,119,347,0,3,34144576,0,268435456,0,0,0,-1,-1
41535,Fjarnskaggl Espinhento,,22518,47897,0,-1,0,0,0,0,0,2550,25,0,0,0,18741,119,347,0,3,34144576,0,268435456,0,0,0,-1,-1
41536,Fjarnskaggl Pungente,,22519,47897,0,-1,0,0,0,0,0,2550,25,0,0,0,18742,119,347,0,3,34144576,0,268435456,0,0,0,-1,-1
41537,Rosa-da-luz-estelar Vivaz,,22672,38948,0,-1,0,0,0,0,0,2550,25,0,0,0,18743,119,335,0,3,34144576,0,268435456,0,0,0,-1,-1
41538,Rosa-da-luz-estelar Iridescente,,22521,38948,0,-1,0,0,0,0,0,2550,25,0,0,0,18744,119,335,0,3,34144576,0,268435456,0,0,0,-1,-1
41539,Rosa-da-luz-estelar Faiscante,,22520,38948,0,-1,0,0,0,0,0,2550,25,0,0,0,18745,119,335,0,3,34144576,0,268435456,0,0,0,-1,-1
41544,Cacho de Flor-de-raposa,,22526,47899,0,-1,0,0,0,0,0,2550,25,0,0,0,18746,119,347,0,3,34144576,0,268435456,0,0,0,-1,-1
41545,Cacho de Aethril,,22527,47901,0,-1,0,0,0,0,0,2550,25,0,0,0,18747,119,347,0,3,34144576,0,268435456,0,0,0,-1,-1
41546,Cacho de Folha-de-Sonho,,22530,47895,0,-1,0,0,0,0,0,2550,25,0,0,0,18748,119,347,0,3,34144576,0,268435456,0,0,0,-1,-1
41547,Cacho de Fjarnskaggl,,22528,47897,0,-1,0,0,0,0,0,2550,25,0,0,0,18749,119,347,0,3,34144576,0,268435456,0,0,0,-1,-1
41548,Cacho de Rosa-da-luz-estelar,,22529,38948,0,-1,0,0,0,0,0,2550,25,0,0,0,18750,119,335,0,3,34144576,0,268435456,0,0,0,-1,-1
41549,Naco de Bacon,,22531,47899,0,-1,0,0,0,0,0,2542,25,0,0,0,18759,131,347,0,3,34144576,0,268435456,0,0,0,-1,-1
41550,Naco de Bacon,,22532,47899,0,-1,0,0,0,0,0,2542,25,0,0,0,18760,131,347,0,3,34144576,0,268435456,0,0,0,-1,-1
41551,Naco de Bacon,,22533,47901,0,-1,0,0,0,0,0,2542,25,0,0,0,18761,131,347,0,3,34144576,0,268435456,0,0,0,-1,-1
41552,Naco de Bacon,,22534,47901,0,-1,0,0,0,0,0,2542,25,0,0,0,18762,131,347,0,3,34144576,0,268435456,0,0,0,-1,-1
41553,Naco de Bacon,,22535,47895,0,-1,0,0,0,0,0,2542,25,0,0,0,18763,131,347,0,3,34144576,0,268435456,0,0,0,-1,-1
41554,Naco de Bacon,,22536,47895,0,-1,0,0,0,0,0,2542,25,0,0,0,18764,131,347,0,3,34144576,0,268435456,0,0,0,-1,-1
41555,Naco de Bacon,,22537,47897,0,-1,0,0,0,0,0,2542,25,0,0,0,18765,131,347,0,3,34144576,0,268435456,0,0,0,-1,-1
41556,Naco de Bacon,,22538,47897,0,-1,0,0,0,0,0,2542,25,0,0,0,18766,131,347,0,3,34144576,0,268435456,0,0,0,-1,-1
41557,Naco de Bacon,,22539,38948,0,-1,0,0,0,0,0,2542,25,0,0,0,18767,131,335,0,3,34144576,0,268435456,0,0,0,-1,-1
41558,Naco de Bacon,,22540,38948,0,-1,0,0,0,0,0,2542,25,0,0,0,18768,131,335,0,3,34144576,0,268435456,0,0,0,-1,-1
41560,Couro Vil,,22543,47899,0,-1,0,0,0,0,0,2558,25,0,0,0,18770,124,347,0,3,34144576,0,268435456,0,0,0,-1,-1
41561,Couro Vil,,22544,47899,0,-1,0,0,0,0,0,2558,25,0,0,0,18771,124,347,0,3,34144576,0,268435456,0,0,0,-1,-1
41562,Couro Vil,,22545,47901,0,-1,0,0,0,0,0,2558,25,0,0,0,18772,124,347,0,3,34144576,0,268435456,0,0,0,-1,-1
41563,Couro Vil,,22546,47901,0,-1,0,0,0,0,0,2558,25,0,0,0,18773,124,347,0,3,34144576,0,268435456,0,0,0,-1,-1
41564,Couro Vil,,22547,47901,0,-1,0,0,0,0,0,2558,25,0,0,0,18774,124,347,0,3,34144576,0,268435456,0,0,0,-1,-1
41565,Couro Vil,,22548,47895,0,-1,0,0,0,0,0,2558,25,0,0,0,18775,124,347,0,3,34144576,0,268435456,0,0,0,-1,-1
41566,Couro Vil,,22549,47895,0,-1,0,0,0,0,0,2558,25,0,0,0,18776,124,347,0,3,34144576,0,268435456,0,0,0,-1,-1
41567,Couro Vil,,22550,47895,0,-1,0,0,0,0,0,2558,25,0,0,0,18777,124,347,0,3,34144576,0,268435456,0,0,0,-1,-1
41568,Couro Vil,,22551,47897,0,-1,0,0,0,0,0,2558,25,0,0,0,18778,124,347,0,3,34144576,0,268435456,0,0,0,-1,-1
41569,Couro Vil,,22552,47897,0,-1,0,0,0,0,0,2558,25,0,0,0,18779,124,347,0,3,34144576,0,268435456,0,0,0,-1,-1
41570,Couro Vil,,22553,47897,0,-1,0,0,0,0,0,2558,25,0,0,0,18780,124,347,0,3,34144576,0,268435456,0,0,0,-1,-1
41571,Couro Vil,,22554,38948,0,-1,0,0,0,0,0,2558,25,0,0,0,18781,124,335,0,3,34144576,0,268435456,0,0,0,-1,-1
41572,Couro Vil,,22555,38948,0,-1,0,0,0,0,0,2558,25,0,0,0,18782,124,335,0,3,34144576,0,268435456,0,0,0,-1,-1
41573,Couro Vil,,22556,38948,0,-1,0,0,0,0,0,2558,25,0,0,0,18783,124,335,0,3,34144576,0,268435456,0,0,0,-1,-1
41582,Couro liso de Corressol,,22566,47901,0,-1,0,0,0,0,0,2558,25,0,0,0,19478,124,347,0,3,34144576,0,268435456,0,0,0,-1,-1
41596,Salmão Altamontês Vivaz,,22580,47899,0,-1,0,0,0,0,0,356,75,0,0,0,18804,130,347,0,3,34144576,0,268435456,0,0,0,-1,-1
41597,Salmão Altamontês Vivaz,,22581,47899,0,-1,0,0,0,0,0,356,75,0,0,0,18805,130,347,0,3,34144576,0,268435456,0,0,0,-1,-1
41598,Peixe-rainha Amaldiçoado Vivaz,,22583,47901,0,-1,0,0,0,0,0,356,75,0,0,0,18806,130,347,0,3,34144576,0,268435456,0,0,0,-1,-1
41599,Peixe-rainha Amaldiçoado Vivaz,,22582,47901,0,-1,0,0,0,0,0,356,75,0,0,0,18807,130,347,0,3,34144576,0,268435456,0,0,0,-1,-1
41600,Perca Pinalimo Vivaz,,22584,47895,0,-1,0,0,0,0,0,356,75,0,0,0,18808,130,347,0,3,34144576,0,268435456,0,0,0,-1,-1
41601,Perca Pinalimo Vivaz,,22585,47895,0,-1,0,0,0,0,0,356,75,0,0,0,18809,130,347,0,3,34144576,0,268435456,0,0,0,-1,-1
41602,Trovarraias Vivazes,,22586,47897,0,-1,0,0,0,0,0,356,75,0,0,0,18810,130,347,0,3,34144576,0,268435456,0,0,0,-1,-1
41603,Trovarraias Vivazes,,22587,47897,0,-1,0,0,0,0,0,356,75,0,0,0,18811,130,347,0,3,34144576,0,268435456,0,0,0,-1,-1
41604,Carpa Escama Rúnica Vivaz,,22588,38948,0,-1,0,0,0,0,0,356,75,0,0,0,18812,130,347,0,3,34144576,0,268435456,0,0,0,-1,-1
41605,Carpa Escama Rúnica Vivaz,,22589,38948,0,-1,0,0,0,0,0,356,75,0,0,0,18813,130,335,0,3,34144576,0,268435456,0,0,0,-1,-1
41609,Salmão Altamontês Enorme,,22598,47899,0,-1,0,0,0,0,0,356,75,0,0,0,18816,130,347,0,3,34144576,0,268435456,0,0,0,-1,-1
41610,Peixe-rainha Enorme Amaldiçoado,,22599,47901,0,-1,0,0,0,0,0,356,75,0,0,0,18817,130,347,0,3,34144576,0,268435456,0,0,0,-1,-1
41611,Peixe-rainha Enorme Amaldiçoado,,22600,47901,0,-1,0,0,0,0,0,356,75,0,0,0,18818,130,347,0,3,34144576,0,268435456,0,0,0,-1,-1
41612,Perca Pinalimo Enorme,,22601,47895,0,-1,0,0,0,0,0,356,75,0,0,0,18819,130,347,0,3,34144576,0,268435456,0,0,0,-1,-1
41613,Perca Pinalimo Enorme,,22602,47895,0,-1,0,0,0,0,0,356,75,0,0,0,18820,130,347,0,3,34144576,0,268435456,0,0,0,-1,-1
41614,Trovarraias Enormes,,22603,47897,0,-1,0,0,0,0,0,356,75,0,0,0,18821,130,347,0,3,34144576,0,268435456,0,0,0,-1,-1
41615,Trovarraias Enormes,,22604,47897,0,-1,0,0,0,0,0,356,75,0,0,0,18822,130,347,0,3,101253440,0,268435456,0,0,0,-1,-1
41616,Carpa Escama Rúnica Enorme,,22605,38948,0,-1,0,0,0,0,0,356,75,0,0,0,18823,130,335,0,3,34144576,64,268435456,0,0,0,-1,-1
41617,Carpa Escama Rúnica Enorme,,22606,38948,0,-1,0,0,0,0,0,356,75,0,0,0,18824,130,335,0,3,34144576,0,268435456,0,0,0,-1,-1
41622,Legado de Crawliac,,22611,47899,0,-1,0,0,0,0,0,0,0,0,0,0,18843,109,347,0,3,37290240,0,268435456,41694,0,0,-1,-1
41623,Campeões da Alta Montanha,,22613,39948,0,-1,0,0,0,0,0,0,0,0,0,0,18845,109,347,0,3,38338816,0,268435456,39992,0,0,-1,-1
41624,"Pedrada, papel e tesoura",,22614,145947,0,-1,0,0,0,0,0,0,0,0,0,0,18846,115,347,0,3,3735808,0,268435456,0,0,0,-1,-1
41633,Ordem de Serviço: Grevas de Pedra de Meridiano,,22623,47901,0,-1,0,0,0,0,0,2454,25,0,0,0,18848,116,347,0,3,524608,0,268435456,0,0,0,-1,-1
41634,Ordem de Serviço: Guarda-braços de Pedra de Meridiano,,22624,47895,0,-1,0,0,0,0,0,2454,25,0,0,0,18849,116,347,0,3,524608,0,268435456,0,0,0,-1,-1
41635,Ordem de Serviço: Botas de Pedra de Meridiano,,22625,47899,0,-1,0,0,0,0,0,2454,25,0,0,0,18850,116,347,0,3,524608,0,268435456,0,0,0,-1,-1
41636,Ordem de Serviço: Peitoral de Pedra de Meridiano,,22626,47897,0,-1,0,0,0,0,0,2454,25,0,0,0,18851,116,347,0,3,524608,8192,268435456,0,0,0,-1,-1
41637,Ordem de Serviço: Brafoneiras de Pedra de Meridiano,,22627,45166,0,-1,0,0,0,0,0,2454,25,0,0,0,18852,116,335,0,3,524608,0,268435456,0,0,0,-1,-1
41638,Ordem de Serviço: Manoplas de Pedra de Meridiano,,22628,38948,0,-1,0,0,0,0,0,2454,25,0,0,0,18853,116,347,0,3,524608,0,268435456,0,0,0,-1,-1
41639,Ordem de Serviço: Espaldares de Batalha,,22629,47901,0,-1,0,0,0,0,0,2526,25,0,0,0,18854,117,347,0,3,524608,0,268435456,0,0,0,-1,-1
41640,Ordem de Serviço: Máscara de Couro Bélico,,22630,47895,0,-1,0,0,0,0,0,2526,25,0,0,0,18855,117,347,0,3,524608,0,268435456,0,0,0,-1,-1
41641,Ordem de Serviço: Embraces Batalhantes,,22673,47899,0,-1,0,0,0,0,0,2526,25,0,0,0,18856,117,347,0,3,524608,0,268435456,0,0,0,-1,-1
41642,Ordem de Serviço: Pisantes de Couro Bélico,,22632,47897,0,-1,0,0,0,0,0,2526,25,0,0,0,18857,117,347,0,3,524608,0,268435456,0,0,0,-1,-1
41643,Ordem de Serviço: Perneiras Batalhantes,,22631,45166,0,-1,0,0,0,0,0,2526,25,0,0,0,18858,117,335,0,3,524608,0,268435456,0,0,0,-1,-1
41644,Ordem de Serviço: Luvas de Couro Bélico,,22633,38948,0,-1,0,0,0,0,0,2526,25,0,0,0,18859,117,347,0,3,524608,0,268435456,0,0,0,-1,-1
41645,Ordem de Serviço: Palas de Tramasseda,,22634,47901,0,-1,0,0,0,0,0,2534,25,0,0,0,18860,121,347,0,3,524608,0,268435456,0,0,0,-1,-1
41646,Ordem de Serviço: Luvas de Tramasseda,,22635,47895,0,-1,0,0,0,0,0,2534,25,0,0,0,18861,121,347,0,3,524608,0,268435456,0,0,0,-1,-1
41647,Ordem de Serviço: Veste de Tramasseda,,22636,47899,0,-1,0,0,0,0,0,2534,25,0,0,0,18862,121,347,0,3,524608,0,268435456,0,0,0,-1,-1
41648,Ordem de Serviço: Braçadeiras de Tramasseda,,22637,47897,0,-1,0,0,0,0,0,2534,25,0,0,0,18863,121,347,0,3,524608,0,268435456,0,0,0,-1,-1
41649,Ordem de Serviço: Sapatilhas de Tramasseda,,22638,45166,0,-1,0,0,0,0,0,2534,25,0,0,0,18864,121,335,0,3,524608,0,268435456,0,0,0,-1,-1
41650,Ordem de Serviço: Capuz de Tramasseda,,22639,38948,0,-1,0,0,0,0,0,2534,25,0,0,0,18865,121,347,0,3,524608,0,268435456,0,0,0,-1,-1
41651,Ordem de Serviço: Pingente de Azsunita,,22640,47901,0,-1,0,0,0,0,0,2518,25,0,0,0,18866,125,347,0,3,524608,0,268435456,0,0,0,-1,-1
41652,Ordem de Serviço: Aro de Âmbar Escuro,,22641,47895,0,-1,0,0,0,0,0,2518,25,0,0,0,18867,125,347,0,3,524608,0,268435456,0,0,0,-1,-1
41653,Ordem de Serviço: Pingente de Pedra Celeste,,22642,47899,0,-1,0,0,0,0,0,2518,25,0,0,0,18868,125,347,0,3,524608,0,268435456,0,0,0,-1,-1
41654,Ordem de Serviço: Aro de Opala da Rainha,,22643,47897,0,-1,0,0,0,0,0,2518,25,0,0,0,18869,125,347,0,3,524608,0,268435456,0,0,0,-1,-1
41655,Ordem de Serviço: Pingente de Opala da Rainha,,22644,45166,0,-1,0,0,0,0,0,2518,25,0,0,0,18870,125,335,0,3,524608,0,268435456,0,0,0,-1,-1
41656,Ordem de Serviço: Aro de Azsunita,,22645,38948,0,-1,0,0,0,0,0,2518,25,0,0,0,18871,125,347,0,3,524608,0,268435456,0,0,0,-1,-1
41657,Ordem de Serviço: Fórmula de Magia Pura,,22646,47901,0,-1,0,0,0,0,0,2479,25,0,0,0,18872,118,347,0,3,524608,0,268435456,0,0,0,-1,-1
41658,Ordem de Serviço: Elixires Silvestres,,22647,47895,0,-1,0,0,0,0,0,2479,25,0,0,0,18873,118,347,0,3,524608,0,268435456,0,0,0,-1,-1
41659,Ordem de Serviço: Elixires de Avalanche,,22648,47899,0,-1,0,0,0,0,0,2479,25,0,0,0,18874,118,347,0,3,524608,0,268435456,0,0,0,-1,-1
41660,Ordem de Serviço: Skaggltraggo,,22649,47897,0,-1,0,0,0,0,0,2479,25,0,0,0,18875,118,347,0,3,524608,0,268435456,0,0,0,-1,-1
41661,Ordem de Serviço: Poções do Passo Celeste,,22650,45166,0,-1,0,0,0,0,0,2479,25,0,0,0,18876,118,335,0,3,524608,0,268435456,0,0,0,-1,-1
41662,Ordem de Serviço: Poções de Rejuvenescimento Ancestrais,,22651,38948,0,-1,0,0,0,0,0,2479,25,0,0,0,18877,118,347,0,3,524608,0,268435456,0,0,0,-1,-1
41663,Runa Vantus Ordem de Serviço: Elerethe Renferal,,22652,47901,0,-1,0,0,0,0,0,2508,25,0,0,0,18878,126,347,0,3,524608,0,268435456,0,0,0,-1,-1
41664,Ordem de Serviço de Runa Vantus: Dragões do Pesadelo,,22653,47895,0,-1,0,0,0,0,0,2508,25,0,0,0,18879,126,347,0,3,524608,0,268435456,0,0,0,-1,-1
41665,Ordem de Serviço de Runa Vantus: Ursoc,,22654,47899,0,-1,0,0,0,0,0,2508,25,0,0,0,18880,126,347,0,3,524608,0,268435456,0,0,0,-1,-1
41666,Ordem de Serviço de Runa Vantus: Nythendra,,22655,47897,0,-1,0,0,0,0,0,2508,25,0,0,0,18881,126,347,0,3,524608,0,268435456,0,0,0,-1,-1
41667,Ordem de Serviço de Runa Vantus: Xavius,,22656,45166,0,-1,0,0,0,0,0,2508,25,0,0,0,18882,126,335,0,3,524608,0,268435456,0,0,0,-1,-1
41668,"Ordem de Serviço de Runa Vantus: Il'gynoth, o Coração da Corrupção",,22657,38948,0,-1,0,0,0,0,0,2508,25,0,0,0,18883,126,347,0,3,524608,0,268435456,0,0,0,-1,-1
41669,Ordem de Serviço: Palavra de Acerto Crítico,,22658,47901,0,-1,0,0,0,0,0,2487,25,0,0,0,18884,123,347,0,3,524608,0,268435456,0,0,0,-1,-1
41670,Ordem de Serviço: Palavra da Agilidade,,22659,47895,0,-1,0,0,0,0,0,2487,25,0,0,0,18885,123,347,0,3,524608,0,268435456,0,0,0,-1,-1
41671,Ordem de Serviço: Palavra da Força,,22660,47899,0,-1,0,0,0,0,0,2487,25,0,0,0,18886,123,347,0,3,524608,0,268435456,0,0,0,-1,-1
41672,Ordem de Serviço: Palavra da Aceleração,,22661,47897,0,-1,0,0,0,0,0,2487,25,0,0,0,18887,123,347,0,3,524608,0,268435456,0,0,0,-1,-1
41673,Ordem de Serviço: Palavra da Maestria,,22662,45166,0,-1,0,0,0,0,0,2487,25,0,0,0,18888,123,335,0,3,524608,0,268435456,0,0,0,-1,-1
41674,Ordem de Serviço: Palavra do Intelecto,,22663,38948,0,-1,0,0,0,0,0,2487,25,0,0,0,18889,123,347,0,3,524608,0,268435456,0,0,0,-1,-1
41675,Ordem de Serviço: Craniarma de Relampejo,,22664,47901,0,-1,0,0,0,0,0,2500,25,0,0,0,18890,122,347,0,3,524608,0,268435456,0,0,0,-1,-1
41676,Ordem de Serviço: Arma de Curativos de Recarga Ativa,,22665,47895,0,-1,0,0,0,0,0,2500,25,0,0,0,18891,122,347,0,3,524608,0,268435456,0,0,0,-1,-1
41677,Ordem de Serviço: Martelo Automático,,22666,47899,0,-1,0,0,0,0,0,2500,25,0,0,0,18892,122,347,0,3,524608,0,268435456,0,0,0,-1,-1
41678,Ordem de Serviço: Kit de Armas,,22667,47897,0,-1,0,0,0,0,0,2500,25,0,0,0,18893,122,347,0,3,524608,0,268435456,0,0,0,-1,-1
41679,Ordem de Serviço: Distribuidor de Balas Portátil,,22668,45166,0,-1,0,0,0,0,0,2500,25,0,0,0,18894,122,335,0,3,524608,0,268435456,0,0,0,-1,-1
41680,Ordem de Serviço: Pilar Detector de Falhas,,22669,38948,0,-1,0,0,0,0,0,2500,25,0,0,0,18895,122,347,0,3,524608,0,268435456,0,0,0,-1,-1
41685,PERIGO: Ala'washte,,22682,47899,0,-1,0,0,0,0,0,0,0,0,0,0,18902,136,347,0,3,3735872,0,268435456,0,0,0,-1,-1
41686,"PERIGO: Olokk, o Quebra-barco",,22683,47899,0,-1,0,0,0,0,0,0,0,0,0,0,18904,136,347,0,3,3735872,0,268435456,0,0,0,-1,-1
41687,Luta de Lesmas!,,22686,145947,0,-1,0,0,0,0,0,0,0,0,0,0,18905,115,347,0,3,3735808,0,268435456,0,0,0,-1,-1
41691,Mar de penas,,22692,47899,0,-1,0,0,0,0,0,0,0,0,0,0,18908,109,347,0,3,37290240,0,268435456,0,0,0,-1,-1
41692,Catadores de Naufrágio,,22693,47899,0,-1,0,0,0,0,0,0,0,0,0,0,18910,109,347,0,3,37290240,0,268435456,0,0,0,-1,-1
41695,PERIGO: Defília,,22699,47899,0,-1,0,0,0,0,0,0,0,0,0,0,18909,136,347,0,3,3735872,0,268435456,0,0,0,-1,-1
41696,PERIGO: Mawat'aki,,22701,47899,0,-1,0,0,0,0,0,0,0,0,0,0,18914,136,347,0,3,3735872,0,268435456,0,0,0,-1,-1
41697,"PERIGO: Colerian, Altéria e Selenyi",,22702,38948,0,-1,0,0,0,0,0,0,0,0,0,0,18915,136,335,0,3,3735872,0,268435456,0,0,0,-1,-1
41699,Larica marisca,,22704,47899,0,-1,0,0,0,0,0,0,0,0,0,0,18917,109,347,0,3,37290240,8192,268435456,0,0,0,-1,-1
41700,PERIGO: Shalas'aman,,22708,47895,0,-1,0,0,0,0,0,0,0,0,0,0,18922,136,347,0,3,3735872,0,268435456,0,0,0,-1,-1
41701,Endurecimento,,22705,47899,0,-1,0,0,0,0,0,0,0,0,0,0,18921,109,347,0,3,37290240,8192,268435456,0,0,0,-1,-1
41703,PERIGO: Ormagrogg,,22707,47899,0,-1,0,0,0,0,0,0,0,0,0,0,18923,136,347,0,3,3735872,0,268435456,0,0,0,-1,-1
41705,Ataque aos Totem do Trovão,,22719,55295,0,-1,0,0,0,0,0,0,0,0,0,0,18924,109,347,0,3,41484544,8192,268435456,41694,0,0,-1,-1
41706,Águas salobras,,22723,47899,0,-1,0,0,0,0,0,0,0,0,0,0,18918,109,347,0,3,37290240,8192,268435456,0,0,0,-1,-1
41757,Ecos do Guardião da Terra,,22766,47899,0,-1,0,0,0,0,0,0,0,0,0,0,18933,109,347,0,3,34144512,0,268435456,0,0,0,-1,-1
41758,Guardiões Obsidianos,,22767,47899,0,-1,0,0,0,0,0,0,0,0,0,0,18934,109,347,0,3,38338816,0,268435456,0,0,0,-1,-1
41765,[NYI] Hunting Wager,,22802,47899,0,-1,0,0,0,0,0,0,0,0,0,0,18936,109,347,0,3,35193088,0,268435456,0,0,0,-1,-1
41766,Força de Proteção a Animais Selvagens,,22773,145947,0,-1,0,0,0,0,0,0,0,0,0,0,18935,115,347,0,3,3735808,0,268435456,0,0,0,-1,-1
41789,Retorno ao Rochedo,,22812,47899,0,-1,0,0,0,0,0,0,0,0,0,0,18955,109,347,0,3,37290240,0,268435456,0,0,0,-1,-1
41794,Caçador de dracos,,22821,47897,0,-1,0,0,0,0,0,0,0,0,0,0,21030,109,347,0,3,37290240,0,268435456,0,0,0,-1,-1
41816,"PERIGO: Oubdob, o Esmaga-tudo",,22836,47899,0,-1,0,0,0,0,0,0,0,0,0,0,18966,136,347,0,3,3735872,0,268435456,0,0,0,-1,-1
41817,Caveira do Capataz,,22837,38948,0,-1,0,0,0,0,0,0,0,0,0,0,18967,109,347,0,3,590080,0,268435456,0,0,0,-1,-1
41818,PROCURA-SE: Chifrancião Majestoso,,22838,47899,0,-1,0,0,0,0,0,0,0,0,0,0,20552,109,347,0,3,3735872,0,268435456,0,0,0,-1,-1
41819,"PROCURA-SE: Gurbog, o Esmurrador",,22839,47899,0,-1,0,0,0,0,0,0,0,0,0,0,19940,109,347,0,3,3735872,0,268435456,0,0,0,-1,-1
41820,Caminhando sem ritmo,,22842,38948,0,-1,0,0,0,0,0,0,0,0,0,0,18972,109,347,0,3,590080,0,268435456,0,0,0,-1,-1
41821,PROCURA-SE: Shara Hálito Vil,,22841,47899,0,-1,0,0,0,0,0,0,0,0,0,0,19835,109,347,0,3,3735872,0,268435456,0,0,0,-1,-1
41822,Seguindo os cascos dele,,22843,38948,0,-1,0,0,0,0,0,0,0,0,0,0,18970,109,347,0,3,590080,0,268435456,0,0,0,-1,-1
41823,Do Pó ao Pó,,22844,38948,0,-1,0,0,0,0,0,0,0,0,0,0,18973,109,347,0,3,590080,0,268435456,0,0,0,-1,-1
41824,PROCURA-SE: Arru,,22845,47899,0,-1,0,0,0,0,0,0,0,0,0,0,20555,109,347,0,3,3735872,0,268435456,0,0,0,-1,-1
41825,Ameaça alada,,22846,38948,0,-1,0,0,0,0,0,0,0,0,0,0,18975,109,347,0,3,590080,0,268435456,0,0,0,-1,-1
41826,"PROCURA-SE: Gralhashuk, o Faminto",,22847,47899,0,-1,0,0,0,0,0,0,0,0,0,0,20576,109,347,0,3,3735872,0,268435456,0,0,0,-1,-1
41827,O Miado do Gato,,26360,38948,0,-1,0,0,0,0,0,0,0,0,0,0,18976,109,347,0,3,590080,0,268435456,0,0,0,-1,-1
41828,PROCURA-SE: Espiçardo,,22848,47899,0,-1,0,0,0,0,0,0,0,0,0,0,20571,109,347,0,3,3735872,0,268435456,0,0,0,-1,-1
41829,O batedor Penanegra,,22849,38948,0,-1,0,0,0,0,0,0,0,0,0,0,18979,109,347,0,3,590080,0,268435456,0,0,0,-1,-1
41830,Mordida do Demônio,,22850,38948,0,-1,0,0,0,0,0,0,0,0,0,0,18980,109,347,0,3,590080,0,268435456,0,0,0,-1,-1
41832,Terror d'Água Branco,,22850,38948,0,-1,0,0,0,0,0,0,0,0,0,0,18982,109,347,0,3,590080,0,268435456,0,0,0,-1,-1
41833,Última cavalgada de Grmlrml,,22852,38948,0,-1,0,0,0,0,0,0,0,0,0,0,18983,109,347,0,3,590080,0,268435456,0,0,0,-1,-1
41835,Desvermizando,,22853,38948,0,-1,0,0,0,0,0,0,0,0,0,0,18984,109,347,0,3,590080,0,268435456,0,0,0,-1,-1
41836,"PROCURA-SE: Bodash, o Acumulador",,22854,47899,0,-1,0,0,0,0,0,0,0,0,0,0,19946,109,347,0,3,3735872,0,268435456,0,0,0,-1,-1
41837,Valentão Rochalonge,,26361,38948,0,-1,0,0,0,0,0,0,0,0,0,0,18986,109,347,0,3,590080,0,268435456,0,0,0,-1,-1
41838,PROCURA-SE: Lerdo,,22858,47899,0,-1,0,0,0,0,0,0,0,0,0,0,20546,109,347,0,3,3735872,0,268435456,0,0,0,-1,-1
41842,O fundo da cadeia alimentar,,22859,38948,0,-1,0,0,0,0,0,0,0,0,0,0,18988,109,347,0,3,590080,0,268435456,0,0,0,-1,-1
41843,"Azar, Puck",,22860,38948,0,-1,0,0,0,0,0,0,0,0,0,0,18989,109,347,0,3,590080,0,268435456,0,0,0,-1,-1
41844,PROCURA-SE: Sekhan,,26362,47899,0,-1,0,0,0,0,0,0,0,0,0,0,20549,109,347,0,3,3735872,0,268435456,0,0,0,-1,-1
41855,Abaixo os valentões,,22879,145947,0,-1,0,0,0,0,0,0,0,0,0,0,18991,115,347,0,3,3735808,0,268435456,0,0,0,-1,-1
41857,Covil de Neltharion: Escravos de Pedrescura,,22910,42902,0,-1,0,0,0,0,0,0,0,0,0,0,19009,137,347,0,3,35193088,0,268435458,0,0,0,-1,-1
41860,Dando um jeito nos sátiros,,22908,132427,0,-1,0,0,0,0,0,0,0,0,0,0,19002,115,347,0,3,3735808,0,268435456,0,0,0,-1,-1
41861,Conheça a Gorja,,22909,145947,0,-1,0,0,0,0,0,0,0,0,0,0,19004,115,347,0,3,3735808,0,268435456,0,0,0,-1,-1
41862,Só animais podem impedir incêndios florestais,,22911,145947,0,-1,0,0,0,0,0,0,0,0,0,0,19007,115,347,0,3,3735808,0,268435456,0,0,0,-1,-1
41864,Covil de Neltharion: Esmagador Cristalino,,22913,42253,0,-1,0,0,0,0,0,0,0,0,0,0,19010,137,347,0,3,35193088,0,268435458,0,0,0,-1,-1
41865,Covil de Neltharion: Mãe de Pedra,,22914,42253,0,-1,0,0,0,0,0,0,0,0,0,0,19011,137,347,0,3,35193088,0,268435458,0,0,0,-1,-1
41866,Covil de Neltharion: Morcego Empesteado,,22915,42253,0,-1,0,0,0,0,0,0,0,0,0,0,19012,137,347,0,3,35193088,0,268435458,0,0,0,-1,-1
41881,Noite de luta: Heliosus,,22931,145934,0,-1,0,0,0,0,0,0,0,0,0,0,19018,115,347,0,3,3735808,0,268435456,0,0,0,-1,-1
41886,Noite de Luta: Ratos!,,22942,145934,0,-1,0,0,0,0,0,0,0,0,0,0,19019,115,347,0,3,3735808,0,268435456,0,0,0,-1,-1
41895,O mestre dos mascotes,,22951,145946,0,-1,0,0,0,0,0,0,0,0,0,0,19038,115,335,0,3,3735808,0,268435456,0,0,0,-1,-1
41896,Operação Murlocs Livres,,26246,143777,0,-1,0,0,0,0,0,0,0,0,0,0,20198,113,347,0,3,590080,0,268435456,0,0,0,-1,-1
41902,O leite das crianças,,26357,21439,0,-1,0,0,0,0,0,0,0,0,0,0,0,0,347,0,3,3735552,131200,268435456,0,0,0,-1,-1
41914,Limpe as catacumbas,,22968,145934,0,-1,0,0,0,0,0,0,0,0,0,0,19091,115,335,0,3,3735808,0,268435456,0,0,0,-1,-1
41925,Arrasando Hel,,22986,39338,0,-1,0,0,0,0,0,0,0,0,0,0,19093,109,347,0,3,41484544,8192,268435456,0,0,0,-1,-1
41926,Campeão Obstinado,,23022,47897,0,-1,0,0,0,0,0,0,0,0,0,0,19094,109,347,0,3,41484544,8192,268435456,41694,0,0,-1,-1
41927,Destruindo a Mata Rúnica,,23026,47897,0,-1,0,0,0,0,0,0,0,0,0,0,19095,109,347,0,3,41484544,8192,268435456,41694,0,0,-1,-1
41930,O valor chama,,22998,47897,0,-1,0,0,0,0,0,0,0,0,0,0,19097,109,347,0,3,41484544,8192,268435456,41694,0,0,-1,-1
41931,Transfusão de Mana,,22992,145934,0,-1,0,0,0,0,0,0,0,0,0,0,19096,115,335,0,3,3735808,0,268435456,0,0,0,-1,-1
41935,Feras do Fardo,,23002,145947,0,-1,0,0,0,0,0,0,0,0,0,0,19109,115,347,0,3,3735808,0,268435456,0,0,0,-1,-1
41936,É nós,,23013,47897,0,-1,0,0,0,0,0,0,0,0,0,0,19120,109,347,0,3,37290240,8192,268435456,0,0,0,-1,-1
41938,Irmãos de Skovald,,23018,47897,0,-1,0,0,0,0,0,0,0,0,0,0,19128,109,347,0,3,37290240,0,268435456,0,0,0,-1,-1
41944,A escada de Jarrun,,23028,145968,0,-1,0,0,0,0,0,0,0,0,0,0,19131,115,347,0,3,3735808,0,268435456,0,0,0,-1,-1
41948,Todos os mascotes vão para o céu,,23033,145947,0,-1,0,0,0,0,0,0,0,0,0,0,19144,115,347,0,3,3735808,0,268435456,0,0,0,-1,-1
41949,O retorno dos Drekirjar,,23045,47897,0,-1,0,0,0,0,0,0,0,0,0,0,19134,109,347,0,3,37290240,0,268435456,0,0,0,-1,-1
41950,Mais trovoadas!,,25514,47310,0,-1,0,0,0,0,0,0,0,0,0,0,19135,109,347,0,3,37290240,0,268435456,0,0,0,-1,-1
41955,Linhagem pétrea,,23053,47895,0,-1,0,0,0,0,0,0,0,0,0,0,19143,109,347,0,3,41484544,0,268435456,0,0,0,-1,-1
41956,Acólitos petrificados,,23054,47895,0,-1,0,0,0,0,0,0,0,0,0,0,19260,109,347,0,3,41484544,0,268435456,0,0,0,-1,-1
41958,"Oh, Omnitron",,23059,145947,0,-1,0,0,0,0,0,0,0,0,0,0,19147,115,347,0,3,3735808,0,268435456,0,0,0,-1,-1
41961,Castelo Corvo Negro,,23062,47893,0,-1,0,0,0,0,0,0,0,0,0,0,19149,109,347,0,3,37290240,0,268435456,0,0,0,-1,-1
41962,Guarda de Corvo Negro,,23063,47895,0,-1,0,0,0,0,0,0,0,0,0,0,19150,109,347,0,3,34144512,0,268435456,0,0,0,-1,-1
41964,Águas contaminadas,,23065,47895,0,-1,0,0,0,0,0,0,0,0,0,0,19145,109,347,0,3,37290240,8192,268435456,0,0,0,-1,-1
41965,Liberação Asaluna,,23067,47895,0,-1,0,0,0,0,0,0,0,0,0,0,19152,109,347,0,3,37290240,0,268435456,0,0,0,-1,-1
41980,Defesa do templo,,23082,47895,0,-1,0,0,0,0,0,0,0,0,0,0,19178,109,347,0,3,37290240,0,268435456,0,0,0,-1,-1
41983,[NYI] Bear Necessities,,23086,47899,0,-1,0,0,0,0,0,0,0,0,0,0,19172,109,347,0,3,3735808,0,268435456,0,0,0,-1,-1
41984,Os nevoeiros arrepiantes,,23120,47897,0,-1,0,0,0,0,0,0,0,0,0,0,19169,109,347,0,3,41484544,8192,268435456,0,0,0,-1,-1
41990,Em pedacinhos,,23100,145946,0,-1,0,0,0,0,0,0,0,0,0,0,19176,115,335,0,3,3735808,0,268435456,0,0,0,-1,-1
41992,Cinza deformada,,23105,47895,0,-1,0,0,0,0,0,0,0,0,0,0,19179,109,347,0,3,37290240,0,268435456,0,0,0,-1,-1
41995,Corrupção sombria,,23110,47895,0,-1,0,0,0,0,0,0,0,0,0,0,19181,109,347,0,3,37290240,0,268435456,0,0,0,-1,-1
41996,Pesadelo emaranhado,,23117,47895,0,-1,0,0,0,0,0,0,0,0,0,0,19182,109,347,0,3,37290240,0,268435456,0,0,0,-1,-1
42004,Navio Fantasma,,23140,47897,0,-1,0,0,0,0,0,0,0,0,0,0,19184,109,347,0,3,37290240,0,268435456,0,0,0,-1,-1
42013,A boca do inferno,,23148,47896,0,-1,0,0,0,0,0,0,0,0,0,0,19190,109,347,0,3,37290240,0,268435456,0,0,0,-1,-1
42014,Uma safra maculada,,23149,47901,0,-1,0,0,0,0,0,0,0,0,0,0,19192,109,347,0,3,37290240,0,268435456,41694,0,0,-1,-1
42015,Fios do destino,,23150,145934,0,-1,0,0,0,0,0,0,0,0,0,0,19194,115,335,0,3,3735808,0,268435456,0,0,0,-1,-1
42018,Aqueles além da redenção,,23152,47901,0,-1,0,0,0,0,0,0,0,0,0,0,19196,109,347,0,3,37290240,0,268435456,41694,0,0,-1,-1
42019,Meridiano da vida,,23153,47901,0,-1,0,0,0,0,0,0,0,0,0,0,19197,109,347,0,3,37290240,0,268435456,41694,0,0,-1,-1
42021,Investigação em Mak'rana,,23154,47901,0,-1,0,0,0,0,0,0,0,0,0,0,19198,109,347,0,3,37290240,0,268435456,41694,0,0,-1,-1
42022,A academia partida,,23155,47901,0,-1,0,0,0,0,0,0,0,0,0,0,19199,109,347,0,3,37290240,2,268435456,41694,0,0,-1,-1
42023,Estrondo do Corvo Negro,,23465,143219,0,-1,0,0,0,0,0,0,0,0,0,0,18197,113,347,0,3,3735808,0,268435456,0,0,0,-1,-1
42024,O amigo do meu inimigo,,23156,47901,0,-1,0,0,0,0,0,0,0,0,0,0,19200,136,347,0,3,37290240,0,268435456,41694,0,0,-1,-1
42025,Briga a pelo,,23464,143218,0,-1,0,0,0,0,0,0,0,0,0,0,18199,113,347,0,3,3735808,0,268435456,0,0,0,-1,-1
42026,Faronaar em ruínas,,23158,47901,0,-1,0,0,0,0,0,0,0,0,0,0,19201,109,347,0,3,577831176,8192,268435456,41694,0,0,-1,-1
42027,Faronaar em caos,,23157,47901,0,-1,0,0,0,0,0,0,0,0,0,0,19202,109,347,0,3,577831176,8192,268435456,41694,0,0,-1,-1
42028,No Pesadelo,,23164,47895,0,-1,0,0,0,0,0,0,0,0,0,0,19203,109,347,0,3,41484544,8192,268435456,0,0,0,-1,-1
42062,Noite de luta: Suturino Jr. Jr.,,23194,145934,0,-1,0,0,0,0,0,0,0,0,0,0,19221,115,347,0,3,3735808,0,268435456,0,0,0,-1,-1
42063,Tamanho não é documento,,23195,145947,0,-1,0,0,0,0,0,0,0,0,0,0,19222,115,347,0,3,3735808,0,268435456,0,0,0,-1,-1
42064,É Illid... Pera.,,23196,145947,0,-1,0,0,0,0,0,0,0,0,0,0,19223,115,347,0,3,3735808,0,268435456,0,0,0,-1,-1
42067,"Quem ladra, não morde",,23199,145968,0,-1,0,0,0,0,0,0,0,0,0,0,19225,115,347,0,3,3735808,0,268435456,0,0,0,-1,-1
42070,Ataque à Torre do Carcereiro: Pontal Mirastela,,24386,143219,0,-1,0,0,0,0,0,0,0,0,0,0,18630,113,347,0,3,37290240,0,268435456,0,0,0,1309324210,-1440044374
42071,Honrando o passado,,23217,41005,0,-1,0,0,0,0,0,0,0,0,0,0,19242,109,335,0,3,37290240,0,268435456,0,0,0,-1,-1
42075,Reação botânica,,23207,47895,0,-1,0,0,0,0,0,0,0,0,0,0,19227,109,347,0,3,41484544,8192,268435456,0,0,0,-1,-1
42076,Aldeia Charco das Sombras,,23208,47895,0,-1,0,0,0,0,0,0,0,0,0,0,19236,109,347,0,3,37290240,0,268435456,0,0,0,-1,-1
42077,Pesadelos lúcidos,,23209,47895,0,-1,0,0,0,0,0,0,0,0,0,0,19240,109,347,0,3,41484544,0,268435456,0,0,0,-1,-1
42080,Bastião de Bradensbrook,,23216,47895,0,-1,0,0,0,0,0,0,0,0,0,0,19241,109,347,0,3,41484544,8192,268435456,0,0,0,-1,-1
42082,O locus estilhaçado,,23221,45613,0,-1,0,0,0,0,0,0,0,0,0,0,19244,109,335,0,3,41484544,8192,268435456,0,0,0,-1,-1
42086,O Totem Vil,,23233,47899,0,-1,0,0,0,0,0,0,0,0,0,0,19246,109,347,0,3,37290240,0,268435456,41694,0,0,-1,-1
42087,Horror verde,,23237,47895,0,-1,0,0,0,0,0,0,0,0,0,0,19245,109,347,0,3,37290240,8192,268435456,0,0,0,-1,-1
42089,Os caídos,,23239,45058,0,-1,0,0,0,0,0,0,0,0,0,0,19248,109,335,0,3,37290240,0,268435456,0,0,0,-1,-1
42090,Assuntos rastejantes,,23242,45058,0,-1,0,0,0,0,0,0,0,0,0,140916,19250,109,335,0,3,37290240,8192,268435456,0,0,0,-1,-1
42094,Guardiões do sonho,,23247,47895,0,-1,0,0,0,0,0,0,0,0,0,0,19249,109,347,0,3,34144512,0,268435456,0,0,0,-1,-1
42095,Dragão do Pesadelo,,23251,47895,0,-1,0,0,0,0,0,0,0,0,0,0,19251,0,347,0,3,34144512,0,268435456,0,0,0,-1,-1
42099,Bounty Quest Test,,23261,0,0,-1,0,0,0,0,0,0,0,0,0,0,0,128,798,0,3,33554440,131072,268435456,0,0,0,-1,-1
42101,Idioma dos perdidos,,23272,47901,0,-1,0,0,0,0,0,0,0,0,0,0,19255,109,347,0,3,37290240,0,268435456,41694,0,0,-1,-1
42105,Drinques nos trinques,,23277,47901,0,-1,0,0,0,0,0,0,0,0,0,0,19257,109,347,0,3,37290240,0,268435456,41694,0,0,-1,-1
42108,Convoque os Vigias da Noite,,23279,47901,0,-1,0,0,0,0,0,0,0,0,0,0,19261,109,347,0,3,37290240,8192,268435456,41694,0,0,-1,-1
42109,Bounty Quest Test 2,,23261,0,0,-1,0,0,0,0,0,0,0,0,0,0,0,128,798,0,3,33554440,131072,268435456,0,0,0,-1,-1
42111,Reconhecimento agressivo,,23281,41005,0,-1,0,0,0,0,0,0,0,0,0,0,19262,109,335,0,3,37290240,0,268435456,0,0,0,-1,-1
42112,O retorno dos fenecidos,,23282,47901,0,-1,0,0,0,0,0,0,0,0,0,0,19263,109,347,0,3,37290240,0,268435456,41694,0,0,-1,-1
42119,Um coquetel purificador,,23290,47901,0,-1,0,0,0,0,0,0,0,0,0,0,19288,109,347,0,3,37290240,0,268435456,41694,0,0,-1,-1
42123,A recuperação de Llothien,,23298,47901,0,-1,0,0,0,0,0,0,0,0,0,0,19305,109,347,0,3,37290240,0,268435456,41694,0,0,-1,-1
42124,Bruxas e bagatas,,23300,47895,0,-1,0,0,0,0,0,0,0,0,0,0,19306,109,347,0,3,37290240,8192,268435456,0,0,0,-1,-1
42145,Fim dos trabalhos em madeira,,23330,47895,0,-1,0,0,0,0,0,0,0,0,0,0,19325,109,347,0,3,37290240,8192,268435456,0,0,0,-1,-1
42146,Estonteado e confuso e adorável,,23331,145947,0,-1,0,0,0,0,0,0,0,0,0,0,19331,115,347,0,3,3735808,0,268435456,0,0,0,-1,-1
42148,O vinho virou vinagre,,23334,145970,0,-1,0,0,0,0,0,0,0,0,0,0,19336,115,347,0,3,3735808,0,268435456,0,0,0,-1,-1
42150,Incursão das nagas em Kal'delar,,23339,47895,0,-1,0,0,0,0,0,0,0,0,0,0,19340,109,347,0,3,37290240,0,268435456,0,0,0,-1,-1
42151,Limpe os céus,,23340,45619,0,-1,0,0,0,0,0,0,0,0,0,0,19341,109,335,0,3,41484544,8192,268435456,0,0,0,-1,-1
42154,Ajude um dragonete,,23341,145947,0,-1,0,0,0,0,0,0,0,0,0,0,19343,115,347,0,3,3735808,0,268435456,0,0,0,-1,-1
42159,Treinamento com os Vigias da Noite,,23343,145947,0,-1,0,0,0,0,0,0,0,0,0,0,19347,115,347,0,3,3735808,0,268435456,0,0,0,-1,-1
42160,Visitantes inoportunos,,23344,47901,0,-1,0,0,0,0,0,0,0,0,0,0,19350,109,347,0,3,37290240,8192,268435456,41694,0,0,-1,-1
42165,Espécimes de Azsuna,,23345,145947,0,-1,0,0,0,0,0,0,0,0,0,0,19385,115,347,0,3,3735808,0,268435456,0,0,0,-1,-1
42169,Dado por Morto,,25395,45618,0,-1,0,0,0,0,0,0,0,0,0,0,19356,109,335,0,3,37290240,0,268435456,0,0,0,-1,-1
42172,Infestação na Grota do Meridiano,,23356,47901,0,-1,0,0,0,0,0,0,0,0,0,0,19366,109,347,0,3,37290240,8192,268435456,41694,0,0,-1,-1
42173,Electrolanche,,23361,47897,0,-1,0,0,0,0,0,0,0,0,0,0,19367,109,347,0,3,41484544,8192,268435456,41694,0,0,-1,-1
42174,Campeões de Eluna,,23359,39947,0,-1,0,0,0,0,0,0,0,0,0,0,19352,109,347,0,3,39387392,0,268435456,39992,0,0,-1,-1
42176,A ascensão de Skovald,,23371,47897,0,-1,0,0,0,0,0,0,0,0,0,0,19353,109,347,0,3,40435968,8192,268435456,41694,0,0,-1,-1
42177,Retomando Morheim,,23368,47897,0,-1,0,0,0,0,0,0,0,0,0,0,19369,109,347,0,3,41484544,8192,268435456,41694,0,0,-1,-1
42178,Amortecedor,,23388,42474,0,-1,0,0,0,0,0,0,0,0,0,0,19370,109,347,0,3,41484544,8192,268435456,41694,0,0,-1,-1
42182,À Luta!,,23387,47897,0,-1,0,0,0,0,0,0,0,0,0,0,19376,109,347,0,3,37290240,0,268435456,41694,0,0,1309324210,-1440044374
42183,À Luta!,,24987,47897,0,-1,0,0,0,0,0,0,0,0,0,0,19376,109,347,0,3,37290240,0,268435456,41694,0,0,-1321907123,1427461461
42190,Conservacionista da vida selvagem,,23399,145947,0,-1,0,0,0,0,0,0,0,0,0,0,19392,115,347,0,3,3735808,0,268435456,0,0,0,-1,-1
42209,Libertando os tomados,,23856,41006,0,-1,0,0,0,0,0,0,0,0,0,0,19381,135,335,0,3,41615616,0,268435456,0,0,0,-1,-1
42211,Família de Leodrath,,23423,47901,0,-1,0,0,0,0,0,0,0,0,0,0,19382,109,347,0,3,37290240,8192,268435456,41694,0,0,-1,-1
42239,Salões da Bravura: O rei urso,,23440,42253,0,-1,0,0,0,0,0,0,0,0,0,0,19308,137,347,0,3,35193088,0,268435458,0,0,0,-1,-1
42240,Salões da Bravura: Caça trabalhosa,,23441,42253,0,-1,0,0,0,0,0,0,0,0,0,0,19307,137,347,0,3,35193088,0,268435458,0,0,0,-1,-1
42241,Salões da Bravura: Um desafio digno,,23442,42253,0,-1,0,0,0,0,0,0,0,0,0,0,19286,137,347,0,3,35193088,0,268435458,0,0,0,-1,-1
42242,Salões da Bravura: Um presente para Vethir,,23443,42902,0,-1,0,0,0,0,0,0,0,0,0,0,19314,137,347,0,3,35193088,0,268435458,0,0,0,-1,-1
42243,Salões da Bravura: Ações do passado,,23446,42902,0,-1,0,0,0,0,0,0,0,0,0,0,19394,137,347,0,3,35193088,0,268435458,0,0,0,-1,-1
42269,Os Tomalmas,,23448,45690,0,-1,0,0,0,0,0,0,0,0,0,0,19404,112,347,0,3,37290304,0,268435456,0,0,0,-1,-1
42270,O flagelo dos céus,,23452,45690,0,-1,0,0,0,0,0,0,0,0,0,0,19405,112,347,0,3,37290304,0,268435456,0,0,0,-1,-1
42274,Ninguém vai pensar nos dragonetinhos?,,23456,47901,0,-1,0,0,0,0,0,0,0,0,0,0,19429,109,347,0,3,37290240,0,268435456,0,0,0,-1,-1
42275,Não no meu turno,,23457,47901,0,-1,0,0,0,0,0,0,0,0,0,0,19430,109,347,0,3,37290240,0,268435456,0,0,0,-1,-1
42276,"Repugnante, porém útil",,23458,47901,0,-1,0,0,0,0,0,0,0,0,0,0,19431,109,347,0,3,37290240,0,268435456,0,0,0,-1,-1
42277,Intrusos!,,23459,47901,0,-1,0,0,0,0,0,0,0,0,0,0,19432,109,347,0,3,37290240,0,268435456,0,0,0,-1,-1
42373,Vingança pelos Pedrescura,,23512,74379,0,-1,5,0,0,0,0,0,0,0,0,0,0,0,333,0,3,38338560,0,268468224,39391,39425,39588,-1,-1
42431,A linhagem de Nithogg,,23584,0,0,-1,0,0,0,0,0,0,0,0,0,0,0,0,990,0,3,38338560,8192,268468224,0,0,0,-1,-1
42442,Noite de luta: Amália,,23593,145934,0,-1,0,0,0,0,0,0,0,0,0,0,19474,115,347,0,3,3735808,0,268435456,0,0,0,-1,-1
42506,Tomos de antigamente,,23645,47901,0,-1,0,0,0,0,0,0,0,0,0,0,19483,109,347,0,3,37290240,0,268435456,0,0,0,-1,-1
42511,Almas Distorcidas,,23651,47901,0,-1,0,0,0,0,0,0,0,0,0,0,19486,109,347,0,3,37290240,0,268435456,0,0,0,-1,-1
42620,PROCURA-SE: Arcavellus,,23753,47901,0,-1,0,0,0,0,0,0,0,0,0,0,19736,109,347,0,3,3735872,0,268435456,0,0,0,-1,-1
42623,Pirataria não compensa,,23757,47901,0,-1,0,0,0,0,0,0,0,0,0,0,19514,109,347,0,3,37290240,0,268435456,0,0,0,-1,-1
42624,Cabeças da frota,,23758,47901,0,-1,0,0,0,0,0,0,0,0,0,0,19515,109,347,0,3,37290240,0,268435456,0,0,0,-1,-1
42631,PROCURA-SE: Inquisidor Tivos,,23762,47901,0,-1,0,0,0,0,0,0,0,0,0,0,19740,109,347,0,3,3735872,0,268435456,0,0,0,-1,-1
42633,PROCURA-SE: Vorthax,,23766,47901,0,-1,0,0,0,0,0,0,0,0,0,0,19741,109,347,0,3,3735872,0,268435456,0,0,0,-1,-1
42636,PROCURA-SE: Arcanista Shal'iman,,23767,47901,0,-1,0,0,0,0,0,0,0,0,0,0,19735,109,347,0,3,3735872,0,268435456,0,0,0,-1,-1
42652,Exemplar ancião,,23832,47901,0,-1,0,0,0,0,0,0,0,0,0,0,19554,111,347,0,3,37290240,0,268435456,0,0,0,-1,-1
42711,Os Magos Eternos,,23834,47901,0,-1,0,0,0,0,0,0,0,0,0,0,19555,109,347,0,3,37290240,0,268435456,0,0,0,-1,-1
42712,Olho de Azshara: Garras do extermínio,,23838,42253,0,-1,0,0,0,0,0,0,0,0,0,0,19547,137,347,0,3,35193088,0,268435458,0,0,0,-1,-1
42713,Olho de Azshara: Lesmando,,23843,42253,0,-1,0,0,0,0,0,0,0,0,0,0,19548,137,347,0,3,35193088,0,268435458,0,0,0,-1,-1
42714,Bosque Corenegro: Mythana,,23849,42253,0,-1,0,0,0,0,0,0,0,0,0,0,18130,137,347,0,3,37290240,0,268435458,0,0,0,-1,-1
42723,Olho de Azshara: Uma casca grossa,,23858,42253,0,-1,0,0,0,0,0,0,0,0,0,0,19549,137,347,0,3,35193088,0,268435458,0,0,0,-1,-1
42725,Compartilhando a riqueza,,23867,41006,0,-1,0,0,0,0,0,0,0,0,0,0,19582,135,335,0,3,37290240,0,268435456,0,0,0,-1,-1
42742,Bosque Corenegro: Pútrido Raivoso,,23887,42253,0,-1,0,0,0,0,0,0,0,0,0,0,18131,137,347,0,3,37290240,0,268435458,0,0,0,-1,-1
42743,Bosque Corenegro: Kodzilla,,23886,42253,0,-1,0,0,0,0,0,0,0,0,0,0,18132,137,347,0,3,37290240,0,268435458,0,0,0,-1,-1
42744,Bosque Corenegro: Preservando os preservadores,,23885,42902,0,-1,0,0,0,0,0,0,0,0,0,0,19552,137,347,0,3,37290240,0,268435458,0,0,0,-1,-1
42745,Bosque Corenegro: Um fardo a carregar,,23884,42902,0,-1,0,0,0,0,0,0,0,0,0,0,19583,137,347,0,3,37290240,0,268435458,0,0,0,-1,-1
42746,Olho de Azshara: Fim pavoroso,,23890,42902,0,-1,0,0,0,0,0,0,0,0,0,0,19550,137,347,0,3,35193088,0,268435458,0,0,0,-1,-1
42755,Olho de Azshara: Pérolas azsunianas,,24902,42902,0,-1,0,0,0,0,0,0,0,0,0,0,19551,137,347,0,3,35193088,0,268435458,0,0,0,-1,-1
42757,Gorja das Almas: Ameaça dos mares,,23906,42253,0,-1,0,0,0,0,0,0,0,0,0,0,19573,137,347,0,3,35193088,0,268435458,0,0,0,-1,-1
42764,Pátio das Estrelas: Espectro na máquina,,23914,45063,0,-1,0,0,0,0,0,0,0,0,0,0,19589,137,335,0,3,35193088,0,268435458,0,0,0,-1,-1
42769,Pátio das Estrelas: Traga-me os olhos,,23932,45063,0,-1,0,0,0,0,0,0,0,0,0,0,19590,137,335,0,3,35193088,0,268435458,0,0,0,-1,-1
42779,A corrupção adormecida,,23946,45690,0,-1,0,0,0,0,0,0,0,0,0,0,19597,112,347,0,3,37290304,0,268435456,0,0,0,-1,-1
42780,Gorja das Almas: Da boca do inferno,,23929,42253,0,-1,0,0,0,0,0,0,0,0,0,0,19574,137,347,0,3,35193088,0,268435458,0,0,0,-1,-1
42781,Pátio das Estrelas: Desarmando a vigília,,23903,45063,0,-1,0,0,0,0,0,0,0,0,0,0,19591,137,335,0,3,35193088,0,268435458,0,0,0,-1,-1
42783,Pátio das Estrelas: Elas florescem à noite,,23933,45063,0,-1,0,0,0,0,0,0,0,0,0,0,19592,137,335,0,3,35193088,0,268435458,0,0,0,-1,-1
42784,Pátio das Estrelas: O aluno trapaceiro,,23934,45063,0,-1,0,0,0,0,0,0,0,0,0,0,19593,137,335,0,3,35193088,0,268435458,0,0,0,-1,-1
42785,PERIGO: Matriarca do Covil Ylva,,23943,47897,0,-1,0,0,0,0,0,0,0,0,0,0,19598,136,347,0,3,37290304,0,268435456,0,0,0,-1,-1
42788,Gorja das Almas: Retorno da fera,,23959,42253,0,-1,0,0,0,0,0,0,0,0,0,0,19575,137,347,0,3,35193088,0,268435458,0,0,0,-1,-1
42795,PROCURA-SE: Sanaar,,23963,38948,0,-1,0,0,0,0,0,0,0,0,0,0,20477,109,335,0,3,3735872,0,268435456,0,0,0,-1,-1
42796,PROCURA-SE: Prolemadre Shu'malis,,23964,38948,0,-1,0,0,0,0,0,0,0,0,0,0,20470,109,335,0,3,3735872,0,268435456,0,0,0,-1,-1
42797,PERIGO: Mestrefoice Cil'raman,,25420,38948,0,-1,0,0,0,0,0,0,0,0,0,0,19187,136,335,0,3,3735872,0,268435456,0,0,0,-1,-1
42798,PERIGO: Caçadora Astrid,,23968,47897,0,-1,0,0,0,0,0,0,0,0,0,0,19604,136,347,0,3,37290304,0,268435456,0,0,0,-1,-1
42799,"PERIGO: Oglok, o Furioso",,23965,38948,0,-1,0,0,0,0,0,0,0,0,0,0,19610,136,335,0,3,3735872,0,268435456,0,0,0,-1,-1
42806,"PERIGO: Fjorlag, o Calafrio da Sepultura",,23981,47897,0,-1,0,0,0,0,0,0,0,0,0,0,19618,136,347,0,3,37290304,0,268435456,0,0,0,-1,-1
42819,Teurgo de bolso,,23996,45690,0,-1,0,0,0,0,0,0,0,0,0,0,19627,112,347,0,3,37290304,0,268435456,0,0,0,-1,-1
42820,PERIGO: Aegir Esmaga-onda,,23998,47897,0,-1,0,0,0,0,0,0,0,0,0,0,19632,136,347,0,3,37290304,0,268435456,0,0,0,-1,-1
42830,Administração de pestes,,24041,41007,0,-1,0,0,0,0,0,0,0,0,0,0,19642,135,335,0,3,37421312,0,268435456,0,0,0,-1,-1
42859,Um trago de esperança,,24163,41006,0,-1,0,0,0,0,0,0,0,0,0,0,19687,135,335,0,3,41484544,0,268435456,0,0,0,-1,-1
42861,"PERIGO: Penedio, o Erodido",,24048,47897,0,-1,0,0,0,0,0,0,0,0,0,0,19646,136,347,0,3,37290304,0,268435456,0,0,0,-1,-1
42864,PERIGO: Capitão Dargun,,24053,47897,0,-1,0,0,0,0,0,0,0,0,0,0,19647,136,347,0,3,37290304,0,268435456,0,0,0,-1,-1
42870,"PERIGO: Kathaw, o Selvagem",,24061,47895,0,-1,0,0,0,0,0,0,0,0,0,0,19655,136,347,0,3,37290304,0,268435456,0,0,0,-1,-1
42880,Batendo a cota,,24073,41007,0,-1,0,0,0,0,0,0,0,0,0,0,19657,135,335,0,3,37290240,0,268435456,0,0,0,-1,-1
42922,Câmara das Guardiãs: Sequência de inicialização,,24104,42902,0,-1,0,0,0,0,0,0,0,0,0,0,19666,137,347,0,3,35193088,0,268435458,0,0,0,-1,-1
42924,Câmara das Guardiãs:Um assunto macabro,,24112,42902,0,-1,0,0,0,0,0,0,0,0,0,0,19668,137,347,0,3,35193088,0,268435458,0,0,0,-1,-1
42926,Câmara das Guardiãs: Como ele foi parar lá em cima?,,24114,42253,0,-1,0,0,0,0,0,0,0,0,0,0,19670,137,347,0,3,35193088,0,268435458,0,0,0,-1,-1
42927,PERIGO: Malisandra,,24131,47895,0,-1,0,0,0,0,0,0,0,0,0,0,19663,136,347,0,3,37290304,0,268435456,0,0,0,-1,-1
42953,PERIGO: Vinculadora de Almas Halldora,,24142,47897,0,-1,0,0,0,0,0,0,0,0,0,0,19673,136,347,0,3,37290304,0,268435456,0,0,0,-1,-1
42962,Correspondência secreta,,24156,41006,0,-1,0,0,0,0,0,0,0,0,0,137299,19677,135,335,0,3,37421312,6,268435456,0,0,0,-1,-1
42963,PERIGO: Rulf Quebrador de Ossos,,24158,47897,0,-1,0,0,0,0,0,0,0,0,0,0,19678,136,347,0,3,37290304,0,268435456,0,0,0,-1,-1
42964,PERIGO: Lagertha,,24159,47897,0,-1,0,0,0,0,0,0,0,0,0,0,19639,136,347,0,3,37290304,0,268435456,0,0,0,-1,-1
42969,Um espião entre nós,,24161,41006,0,-1,0,0,0,0,0,0,0,0,0,0,19685,135,335,0,3,41484544,2,268435456,0,0,0,-1,-1
42991,PERIGO: Vidente das Runas Sigvid,,24186,47897,0,-1,0,0,0,0,0,0,0,0,0,0,19690,136,347,0,3,37290304,0,268435456,0,0,0,-1,-1
43027,PERIGO: Mortífero,,24224,47901,0,-1,0,0,0,0,0,0,0,0,0,0,19697,136,347,0,3,37290304,0,268435456,0,0,0,-1,-1
43040,"PERIGO: Valakar, o Sedento",,24255,47901,0,-1,0,0,0,0,0,0,0,0,0,0,19698,136,347,0,3,37290304,0,268435456,0,0,0,-1,-1
43059,PERIGO: Fjordun,,24254,47901,0,-1,0,0,0,0,0,0,0,0,0,0,19699,136,347,0,3,37290304,0,268435456,0,0,0,-1,-1
43063,PERIGO: Penafúria,,24707,47901,0,-1,0,0,0,0,0,0,0,0,0,0,19700,136,347,0,3,37290304,0,268435456,0,0,0,-1,-1
43072,PERIGO: A Sussurrante,,24267,47901,0,-1,0,0,0,0,0,0,0,0,0,0,19702,136,347,0,3,37290304,0,268435456,0,0,0,-1,-1
43079,PERIGO: Imólion,,24706,47901,0,-1,0,0,0,0,0,0,0,0,0,0,19703,136,347,0,3,37290304,0,268435456,0,0,0,-1,-1
43091,PERIGO: Arcanom Primordial,,24289,47901,0,-1,0,0,0,0,0,0,0,0,0,0,19706,136,347,0,3,37290304,0,268435456,0,0,0,-1,-1
43098,"PERIGO: Marblob, o Grandalhão",,24295,47901,0,-1,0,0,0,0,0,0,0,0,0,0,19707,136,347,0,3,37290304,0,268435456,0,0,0,-1,-1
43101,PERIGO: Mandingueiro Grgl-Brgl,,24348,47895,0,-1,0,0,0,0,0,0,0,0,0,0,19708,136,347,0,3,37290304,0,268435456,0,0,0,-1,-1
43121,PERIGO: tesoureiro-chefe Jabrill,,24376,47901,0,-1,0,0,0,0,0,0,0,0,0,0,19724,136,347,0,3,37290304,0,268435456,0,0,0,-1,-1
43152,PERIGO: Lytheron,,24351,47895,0,-1,0,0,0,0,0,0,0,0,0,0,19730,136,347,0,3,37290304,0,268435456,0,0,0,-1,-1
43175,PERIGO: Garrafunda,,24375,47901,0,-1,0,0,0,0,0,0,0,0,0,0,19742,136,347,0,3,37290304,0,268435456,0,0,0,-1,-1
43183,Ataque à Torre do Carcereiro: Pontal Mirastela,,24387,143219,0,-1,0,0,0,0,0,0,0,0,0,0,18675,113,347,0,3,37290240,0,268435456,0,0,0,-1321907123,1427461461
43192,Terror das profundezas,,24399,45690,0,-1,0,0,0,0,0,0,0,0,0,0,19603,112,347,0,3,37290304,0,268435456,0,0,0,-1,-1
43193,Intenção calamitosa,,24400,45690,0,-1,0,0,0,0,0,0,0,0,0,0,19695,112,347,0,3,37290304,0,268435456,0,0,0,-1,-1
43241,Fluxo do pesadelo,,24451,45636,0,-1,0,0,0,0,0,0,0,0,0,0,0,0,990,0,3,34144256,0,268468224,0,0,0,-1,-1
43247,Ataque à Torre do Carcereiro: Pináculo de Seguessombra,,24457,143219,0,-1,0,0,0,0,0,0,0,0,0,0,18675,113,347,0,3,37290240,0,268435456,0,0,0,1309324210,-1440044374
43248,Ataque à Torre do Carcereiro: Pináculo de Seguessombra,,24458,143219,0,-1,0,0,0,0,0,0,0,0,0,0,18630,113,347,0,3,37290240,0,268435456,0,0,0,-1321907123,1427461461
43324,Fúria das ferujas,,24566,47895,0,-1,0,0,0,0,0,0,0,0,0,0,19850,109,347,0,3,41484544,0,268435456,0,0,0,-1,-1
43325,Corrida do meridiano,,24561,48387,0,-1,0,0,0,0,0,0,0,0,0,0,20478,109,347,0,3,35193088,0,268435456,0,0,0,-1,-1
43326,Patrulhando,,24565,47904,0,-1,0,0,0,0,0,0,0,0,0,0,19852,109,347,0,3,35193088,0,268435456,0,0,0,-1,-1
43327,A mágica de voar,,24567,47901,0,-1,0,0,0,0,0,0,0,0,0,0,20479,109,347,0,3,-2112290560,0,268435456,0,0,0,-1,-1
43328,Enigmático,,24568,47901,0,-1,0,0,0,0,0,0,0,0,0,0,20480,109,347,0,3,-2110193408,0,268435456,0,0,0,-1,-1
43330,Fogo de saturação,,24570,47904,0,-1,0,0,0,0,0,0,0,0,0,0,19855,109,347,0,3,35193088,0,268435456,0,0,0,-1,-1
43332,Capeta numa cesta,,24574,47895,0,-1,0,0,0,0,0,0,0,0,0,0,19883,109,347,0,3,41484544,0,268435456,0,0,0,-1,-1
43333,"PERIGO: Nylaathria, a Esquecida",,24578,47895,0,-1,0,0,0,0,0,0,0,0,0,0,19882,136,347,0,3,37290304,0,268435456,0,0,0,-1,-1
43336,Purificação do pesadelo,,24581,47895,0,-1,0,0,0,0,0,0,0,0,0,0,19886,109,347,0,3,37290240,0,268435456,0,0,0,-1,-1
43344,PERIGO: Aodh Pétala-Murcha,,24599,47895,0,-1,0,0,0,0,0,0,0,0,0,0,19941,136,347,0,3,37290304,0,268435456,0,0,0,-1,-1
43345,PERIGO: Arauto dos Alaridos,,24603,47895,0,-1,0,0,0,0,0,0,0,0,0,0,19943,136,347,0,3,37290304,0,268435456,0,0,0,-1,-1
43346,PERIGO: Ealdis,,24605,47895,0,-1,0,0,0,0,0,0,0,0,0,0,19954,136,347,0,3,37290304,0,268435456,0,0,0,-1,-1
43347,PERIGO: Rabzach,,24608,47895,0,-1,0,0,0,0,0,0,0,0,0,0,19937,136,347,0,3,37290304,0,268435456,0,0,0,-1,-1
43426,PROCURA-SE: Brogozog,,24705,47901,0,-1,0,0,0,0,0,0,0,0,0,0,19737,109,347,0,3,3735872,0,268435456,0,0,0,-1,-1
43427,PROCURA-SE: Senhor Infernal,,24702,47901,0,-1,0,0,0,0,0,0,0,0,0,0,19739,109,347,0,3,3735872,0,268435456,0,0,0,-1,-1
43428,PROCURA-SE: Senhor da Ruína Kazrok,,24703,47901,0,-1,0,0,0,0,0,0,0,0,0,0,19738,109,347,0,3,3735872,0,268435456,0,0,0,-1,-1
43429,PROCURA-SE: Sifonus,,24700,47901,0,-1,0,0,0,0,0,0,0,0,0,0,19753,109,347,0,3,3735872,0,268435456,0,0,0,-1,-1
43430,PROCURA-SE: Capitão Volo'ren,,24704,47901,0,-1,0,0,0,0,0,0,0,0,0,0,19758,109,347,0,3,3735872,0,268435456,0,0,0,-1,-1
43431,PROCURA-SE: Armipotente Mox'na,,24693,47901,0,-1,0,0,0,0,0,0,0,0,0,0,19970,109,347,0,3,3735872,0,268435456,0,0,0,-1,-1
43432,"PROCURA-SE: Normantis, o Deposto",,24701,47901,0,-1,0,0,0,0,0,0,0,0,0,0,19781,109,347,0,3,3735872,0,268435456,0,0,0,-1,-1
43434,PROCURA-SE: Fathnyr,,24699,47897,0,-1,0,0,0,0,0,0,0,0,0,0,19792,109,347,0,3,3735872,0,268435456,0,0,0,-1,-1
43435,A batalha continua,,24697,45616,0,-1,0,0,0,0,0,0,0,0,0,0,19973,109,335,0,3,37290240,8194,268435456,0,0,0,-1,-1
43436,PROCURA-SE: Glimar Punho de Ferro,,24698,47897,0,-1,0,0,0,0,0,0,0,0,0,0,19895,109,347,0,3,3735872,0,268435456,0,0,0,-1,-1
43437,PROCURA-SE: Thane Irglov,,24709,47897,0,-1,0,0,0,0,0,0,0,0,0,0,19900,109,347,0,3,3735872,0,268435456,0,0,0,-1,-1
43438,PROCURA-SE: O Rei sem Nome,,24721,47897,0,-1,0,0,0,0,0,0,0,0,0,0,19905,109,347,0,3,3735872,0,268435456,0,0,0,-1,-1
43445,Superioridade aérea,,24715,41856,0,-1,0,0,0,0,0,0,0,0,0,0,19974,109,335,0,3,41484544,8192,268435456,0,0,0,-1,-1
43448,O Rei Congelado,,24719,45690,0,-1,0,0,0,0,0,0,0,0,0,0,19975,112,347,0,3,37290304,0,268435456,0,0,0,-1,-1
43450,"PROCURA-SE: Tiptog, o Perdido",,24722,47897,0,-1,0,0,0,0,0,0,0,0,0,0,19911,109,347,0,3,3735872,0,268435456,0,0,0,-1,-1
43451,"PROCURA-SE: Urgev, o Esfolador",,24724,47897,0,-1,0,0,0,0,0,0,0,0,0,0,19917,109,347,0,3,3735872,0,268435456,0,0,0,-1,-1
43452,"PROCURA-SE: Isel, a Marreta",,24723,47897,0,-1,0,0,0,0,0,0,0,0,0,0,19922,109,347,0,3,3735872,0,268435456,0,0,0,-1,-1
43453,"PROCURA-SE: Hannval, o Carniceiro",,24725,47897,0,-1,0,0,0,0,0,0,0,0,0,0,19927,109,347,0,3,3735872,0,268435456,0,0,0,-1,-1
43454,"PROCURA-SE: Egyl, o Resistente",,24726,47897,0,-1,0,0,0,0,0,0,0,0,0,0,19934,109,347,0,3,3735872,0,268435456,0,0,0,-1,-1
43455,PROCURA-SE: Trevas Vorazes,,25419,47899,0,-1,0,0,0,0,0,0,0,0,0,0,19800,109,347,0,3,3735872,0,268435456,0,0,0,-1,-1
43456,PROCURA-SE: Crani'vax,,24727,47895,0,-1,0,0,0,0,0,0,0,0,0,0,19806,109,347,0,3,3735872,0,268435456,0,0,0,-1,-1
43457,PROCURA-SE: Theryssia,,24728,47895,0,-1,0,0,0,0,0,0,0,0,0,0,19811,109,347,0,3,3735872,0,268435456,0,0,0,-1,-1
43458,PROCURA-SE: Perrexx,,24729,47895,0,-1,0,0,0,0,0,0,0,0,0,0,19816,109,347,0,3,3735872,0,268435456,0,0,0,-1,-1
43459,PROCURA-SE: Thondrax,,24730,47895,0,-1,0,0,0,0,0,0,0,0,0,0,19822,109,347,0,3,3735872,0,268435456,0,0,0,-1,-1
43460,PROCURA-SE: Kiranys Murmussombra,,24731,47895,0,-1,0,0,0,0,0,0,0,0,0,0,19951,109,347,0,3,3735872,0,268435456,0,0,0,-1,-1
43483,Aniquilação Vil,,24761,41989,0,-1,0,0,0,0,0,0,0,0,0,0,0,0,345,0,3,39387136,8192,268435456,0,0,0,-1,-1
43512,Ana-Mouz,,24785,45690,0,-1,0,0,0,0,0,0,0,0,0,0,20023,112,335,0,3,37290304,0,268435456,0,0,0,-1,-1
43513,"Na'zak, o Malévolo",,24786,45690,0,-1,0,0,0,0,0,0,0,0,0,0,20025,112,335,0,3,37290304,0,268435456,0,0,0,-1,-1
43583,A vida encontra um meio,,24866,42874,0,-1,0,0,0,0,0,0,0,0,0,0,20027,109,335,0,3,41484544,0,268435456,0,0,0,-1,-1
43598,Ataque à Torre do Carcereiro: Baluarte de Falconero,,24883,143218,0,-1,0,0,0,0,0,0,0,0,0,0,18753,113,347,0,3,37290240,0,268435456,0,0,0,1309324210,-1440044374
43599,Ataque à Torre do Carcereiro: Baluarte de Falconero,,24884,143218,0,-1,0,0,0,0,0,0,0,0,0,0,18752,113,347,0,3,37290240,0,268435456,0,0,0,-1321907123,1427461461
43600,Ataque à Torre do Carcereiro: Cidadela Murmuréolo,,24885,143218,0,-1,0,0,0,0,0,0,0,0,0,0,18752,113,347,0,3,37290240,0,268435456,0,0,0,1309324210,-1440044374
43601,Ataque à Torre do Carcereiro: Cidadela Murmuréolo,,24886,143218,0,-1,0,0,0,0,0,0,0,0,0,0,18753,113,347,0,3,37290240,0,268435456,0,0,0,-1321907123,1427461461
43605,PROCURA-SE: Arcanista Shal'iman,,25283,47901,0,-1,0,0,0,0,0,0,0,0,0,0,19718,135,347,0,3,3735872,0,268435456,0,0,0,-1,-1
43606,PROCURA-SE: Arcavellus,,25282,47901,0,-1,0,0,0,0,0,0,0,0,0,0,19717,135,347,0,3,3735872,0,268435456,0,0,0,-1,-1
43607,PROCURA-SE: Brogozog,,25281,47901,0,-1,0,0,0,0,0,0,0,0,0,0,19710,135,347,0,3,3735872,0,268435456,0,0,0,-1,-1
43608,PROCURA-SE: Capitão Volo'ren,,25280,47901,0,-1,0,0,0,0,0,0,0,0,0,0,19757,135,347,0,3,3735872,0,268435456,0,0,0,-1,-1
43609,PROCURA-SE: Senhor da Ruína Kazrok,,25279,47901,0,-1,0,0,0,0,0,0,0,0,0,0,19734,135,347,0,3,3735872,0,268435456,0,0,0,-1,-1
43610,PROCURA-SE: Senhor Infernal,,25278,47901,0,-1,0,0,0,0,0,0,0,0,0,0,19728,135,347,0,3,3735872,0,268435456,0,0,0,-1,-1
43611,PROCURA-SE: Inquisidor Tivos,,25277,47901,0,-1,0,0,0,0,0,0,0,0,0,0,19716,135,347,0,3,3735872,0,268435456,0,0,0,-1,-1
43612,"PROCURA-SE: Normantis, o Deposto",,25276,47901,0,-1,0,0,0,0,0,0,0,0,0,0,19766,135,347,0,3,3735872,0,268435456,0,0,0,-1,-1
43613,PROCURA-SE: Sifonus,,25274,47901,0,-1,0,0,0,0,0,0,0,0,0,0,19752,135,347,0,3,3735872,0,268435456,0,0,0,-1,-1
43614,PROCURA-SE: Vorthax,,25275,47901,0,-1,0,0,0,0,0,0,0,0,0,0,19715,135,347,0,3,3735872,0,268435456,0,0,0,-1,-1
43615,PROCURA-SE: Armipotente Mox'na,,25273,47901,0,-1,0,0,0,0,0,0,0,0,0,0,19762,135,347,0,3,3735872,0,268435456,0,0,0,-1,-1
43616,"PROCURA-SE: Bodash, o Acumulador",,25301,47899,0,-1,0,0,0,0,0,0,0,0,0,0,19944,135,347,0,3,3735872,0,268435456,0,0,0,-1,-1
43617,PROCURA-SE: Trevas Vorazes,,25300,47899,0,-1,0,0,0,0,0,0,0,0,0,0,19799,135,347,0,3,3735872,0,268435456,0,0,0,-1,-1
43618,"PROCURA-SE: Gurbog, o Esmurrador",,25299,47899,0,-1,0,0,0,0,0,0,0,0,0,0,19939,135,347,0,3,3735872,0,268435456,0,0,0,-1,-1
43619,PROCURA-SE: Shara Hálito Vil,,25298,47899,0,-1,0,0,0,0,0,0,0,0,0,0,19834,135,347,0,3,3735872,0,268435456,0,0,0,-1,-1
43620,"PROCURA-SE: Egyl, o Resistente",,25297,47897,0,-1,0,0,0,0,0,0,0,0,0,0,19932,135,347,0,3,3735872,0,268435456,0,0,0,-1,-1
43621,PROCURA-SE: Fathnyr,,25296,47897,0,-1,0,0,0,0,0,0,0,0,0,0,19791,135,347,0,3,3735872,0,268435456,0,0,0,-1,-1
43622,PROCURA-SE: Glimar Punho de Ferro,,25295,47897,0,-1,0,0,0,0,0,0,0,0,0,0,19894,135,347,0,3,3735872,0,268435456,0,0,0,-1,-1
43623,"PROCURA-SE: Hannval, o Carniceiro",,25294,47897,0,-1,0,0,0,0,0,0,0,0,0,0,19925,135,347,0,3,3735872,0,268435456,0,0,0,-1,-1
43624,"PROCURA-SE: Isel, a Marreta",,25293,47897,0,-1,0,0,0,0,0,0,0,0,0,0,19920,135,347,0,3,3735872,0,268435456,0,0,0,-1,-1
43625,PROCURA-SE: O Rei sem Nome,,25292,47897,0,-1,0,0,0,0,0,0,0,0,0,0,19904,135,347,0,3,3735872,0,268435456,0,0,0,-1,-1
43626,PROCURA-SE: Thane Irglov,,25291,47897,0,-1,0,0,0,0,0,0,0,0,0,0,19897,135,347,0,3,3735872,0,268435456,0,0,0,-1,-1
43627,"PROCURA-SE: Tiptog, o Perdido",,25290,47897,0,-1,0,0,0,0,0,0,0,0,0,0,19909,135,347,0,3,3735872,0,268435456,0,0,0,-1,-1
43628,"PROCURA-SE: Urgev, o Esfolador",,25289,47897,0,-1,0,0,0,0,0,0,0,0,0,0,19915,135,347,0,3,3735872,0,268435456,0,0,0,-1,-1
43629,PROCURA-SE: Kiranys Murmussombra,,25288,47895,0,-1,0,0,0,0,0,0,0,0,0,0,19949,135,347,0,3,3735872,0,268435456,0,0,0,-1,-1
43630,PROCURA-SE: Perrexx,,25287,47895,0,-1,0,0,0,0,0,0,0,0,0,0,19815,135,347,0,3,3735872,0,268435456,0,0,0,-1,-1
43631,PROCURA-SE: Crani'vax,,25286,47895,0,-1,0,0,0,0,0,0,0,0,0,0,19805,135,347,0,3,3735872,0,268435456,0,0,0,-1,-1
43632,PROCURA-SE: Theryssia,,25285,47895,0,-1,0,0,0,0,0,0,0,0,0,0,19810,135,347,0,3,3735872,0,268435456,0,0,0,-1,-1
43633,PROCURA-SE: Thondrax,,25284,47895,0,-1,0,0,0,0,0,0,0,0,0,0,19821,135,347,0,3,3735872,0,268435456,0,0,0,-1,-1
43637,O Arcâneo: Ralo entupido,,24897,45060,0,-1,0,0,0,0,0,0,0,0,0,0,20040,137,335,0,3,35193088,0,268435458,0,0,0,-1,-1
43638,O Arcâneo: Serpente de Prata,,24898,45060,0,-1,0,0,0,0,0,0,0,0,0,0,20052,137,335,0,3,35193088,0,268435458,0,0,0,-1,-1
43639,O Arcâneo: Arcanista derrubado,,24899,45060,0,-1,0,0,0,0,0,0,0,0,0,0,20053,137,335,0,3,35193088,0,268435458,0,0,0,-1,-1
43640,O Arcâneo: Suspeitas crescentes,,24900,45060,0,-1,0,0,0,0,0,0,0,0,0,0,20054,137,335,0,3,35193088,0,268435458,0,0,0,-1,-1
43641,O Arcâneo: Peste Errante,,24901,45060,0,-1,0,0,0,0,0,0,0,0,0,0,20055,137,335,0,3,35193088,0,268435458,0,0,0,-1,-1
43642,Castelo Corvo Negro: A Tristeza,,24905,42253,0,-1,0,0,0,0,0,0,0,0,0,0,20058,137,347,0,3,35193088,0,268435458,0,0,0,-1,-1
43709,Clube das focas,,25022,47895,0,-1,0,0,0,0,0,0,0,0,0,0,20105,109,347,0,3,41484544,0,268435456,0,0,0,-1,-1
43710,Runas Negras,,25049,47897,0,-1,0,0,0,0,0,0,0,0,0,0,20108,109,347,0,3,37290240,0,268435456,41694,0,0,-1,-1
43711,Castelo Corvo Negro: ... com fogo!,,25045,42253,0,-1,0,0,0,0,0,0,0,0,0,0,20090,137,347,0,3,35193088,0,268435458,0,0,0,-1,-1
43712,Castelo Corvo Negro: O arcanista louco,,25047,42253,0,-1,0,0,0,0,0,0,0,0,0,0,20102,137,347,0,3,35193088,0,268435458,0,0,0,-1,-1
43714,Castelo Corvo Negro: Pior dos piores,,25048,42253,0,-1,0,0,0,0,0,0,0,0,0,0,20113,137,347,0,3,35193088,0,268435458,0,0,0,-1,-1
43721,Surgem os helarjares ,,25059,47897,0,-1,0,0,0,0,0,0,0,0,0,0,20116,136,347,0,3,37290240,0,268435456,41694,0,0,-1,-1
43722,Ossos sagrados,,26355,47897,0,-1,0,0,0,0,0,0,0,0,0,0,20117,136,347,0,3,37290240,0,268435456,41694,0,0,-1,-1
43738,Penumbra costeira,,25081,47895,0,-1,0,0,0,0,0,0,0,0,0,0,20122,109,347,0,3,41484544,8192,268435456,0,0,0,-1,-1
43745,Contendo a tempestade,,25061,47897,0,-1,0,0,0,0,0,0,0,0,0,0,20123,136,347,0,3,37290240,0,268435456,41694,0,0,-1,-1
43751,"Ah, navio!",,25093,47897,0,-1,0,0,0,0,0,0,0,0,0,0,20138,109,347,0,3,41484544,0,268435456,41694,0,0,-1321907123,1427461461
43752,"Ah, navio!",,25131,47897,0,-1,0,0,0,0,0,0,0,0,0,0,20138,109,347,0,3,41484544,0,268435456,41694,0,0,1309324210,-1440044374
43753,Corrida do meridiano,,25094,47895,0,-1,0,0,0,0,0,0,0,0,0,0,20490,109,347,0,3,35193088,0,268435456,0,0,0,-1,-1
43754,Patrulhando,,25095,47894,0,-1,0,0,0,0,0,0,0,0,0,0,19877,109,347,0,3,35193088,0,268435456,0,0,0,-1,-1
43755,A magia do voo,,25096,47895,0,-1,0,0,0,0,0,0,0,0,0,0,20491,109,347,0,3,-2112290560,0,268435456,0,0,0,-1,-1
43756,Enigmático,,25097,47895,0,-1,0,0,0,0,0,0,0,0,0,0,20492,109,347,0,3,-2110193408,0,268435456,0,0,0,-1,-1
43757,Fogo de saturação,,25098,47894,0,-1,0,0,0,0,0,0,0,0,0,0,19880,109,347,0,3,35193088,0,268435456,0,0,0,-1,-1
43758,Penumbra onipresente,,25101,47895,0,-1,0,0,0,0,0,0,0,0,0,0,20136,109,347,0,3,41484544,8192,268435456,0,0,0,-1,-1
43759,Cadê o recife?,,25102,47895,0,-1,0,0,0,0,0,0,0,0,0,0,20139,109,347,0,3,41484544,8192,268435456,0,0,0,-1,-1
43762,Castelo Corvo Negro: A morte do traidor,,25107,42253,0,-1,0,0,0,0,0,0,0,0,0,0,20120,137,347,0,3,35193088,0,268435458,0,0,0,-1,-1
43764,Corrida do meridiano,,25109,47899,0,-1,0,0,0,0,0,0,0,0,0,0,20481,109,347,0,3,35193088,0,268435456,0,0,0,-1,-1
43765,Patrulhando,,25110,47900,0,-1,0,0,0,0,0,0,0,0,0,0,19858,109,347,0,3,35193088,0,268435456,0,0,0,-1,-1
43766,A magia do voo,,25111,47899,0,-1,0,0,0,0,0,0,0,0,0,0,20482,109,347,0,3,-2112290560,0,268435456,0,0,0,-1,-1
43767,Enigmático,,25112,48385,0,-1,0,0,0,0,0,0,0,0,0,0,20483,109,347,0,3,-2110193408,0,268435456,0,0,0,-1,-1
43768,Fogo de saturação,,25113,47900,0,-1,0,0,0,0,0,0,0,0,0,0,19862,109,347,0,3,35193088,0,268435456,0,0,0,-1,-1
43769,Corrida do meridiano,,25114,47897,0,-1,0,0,0,0,0,0,0,0,0,0,20484,109,347,0,3,35193088,0,268435456,0,0,0,-1,-1
43770,Patrulhando,,25115,47898,0,-1,0,0,0,0,0,0,0,0,0,0,19865,109,347,0,3,35193088,0,268435456,0,0,0,-1,-1
43771,A magia do voo,,25116,48386,0,-1,0,0,0,0,0,0,0,0,0,0,20485,109,347,0,3,-2112290560,0,268435456,0,0,0,-1,-1
43772,Enigmático,,25117,47897,0,-1,0,0,0,0,0,0,0,0,0,0,20486,109,347,0,3,-2110193408,0,268435456,0,0,0,-1,-1
43773,Fogo de saturação,,25118,47898,0,-1,0,0,0,0,0,0,0,0,0,0,19868,109,347,0,3,35193088,0,268435456,0,0,0,-1,-1
43774,Corrida do meridiano,,25120,38948,0,-1,0,0,0,0,0,0,0,0,0,0,20487,109,335,0,3,35193088,0,268435456,0,0,0,-1,-1
43776,Patrulhando,,25121,42886,0,-1,0,0,0,0,0,0,0,0,0,0,19871,109,335,0,3,35193088,0,268435456,0,0,0,-1,-1
43777,A magia do voo,,25122,38948,0,-1,0,0,0,0,0,0,0,0,0,0,20488,109,335,0,3,-2112290560,0,268435456,0,0,0,-1,-1
43778,Enigmático,,25123,38948,0,-1,0,0,0,0,0,0,0,0,0,0,20489,109,335,0,3,-2110193408,0,268435456,0,0,0,-1,-1
43784,Que pesadelo,,25127,47895,0,-1,0,0,0,0,0,0,0,0,0,0,20153,109,347,0,3,41484544,0,268435456,0,0,0,-1,-1
43786,Ninhos pestíferos,,25149,47897,0,-1,0,0,0,0,0,0,0,0,0,0,20159,109,347,0,3,37290240,0,268435456,41694,0,0,-1,-1
43798,"PERIGO: Kosumoth, o Faminto",,25156,42706,0,-1,0,0,0,0,0,0,0,0,0,0,20161,136,347,0,3,37290304,0,268435456,0,0,0,-1,-1
43801,Distribuição de dor,,25163,47901,0,-1,0,0,0,0,0,0,0,0,0,0,20162,136,347,0,3,37290240,0,268435456,41694,0,0,-1,-1
43802,Túmulos Aquosos,,25164,47901,0,-1,0,0,0,0,0,0,0,0,0,0,20163,136,347,0,3,37290240,0,268435456,41694,0,0,-1,-1
43803,Um problema murloc gigante,,25165,47901,0,-1,0,0,0,0,0,0,0,0,0,0,20164,136,347,0,3,37290240,0,268435456,41694,0,0,-1,-1
43804,Ódio aos Espiródio,,25167,47901,0,-1,0,0,0,0,0,0,0,0,0,0,20165,136,347,0,3,37290240,0,268435456,41694,0,0,-1,-1
43805,Assassinato aquático,,25168,47901,0,-1,0,0,0,0,0,0,0,0,0,0,20166,136,347,0,3,37290240,0,268435456,41694,0,0,-1,-1
43807,Domando os fenecidos: Vale Âmbar,,25171,44105,0,-1,0,0,0,0,0,0,0,0,0,0,20167,109,335,0,3,37290240,8192,268435456,0,0,0,-1,-1
43814,Colaboradores indizíveis,,25180,42728,0,-1,0,0,0,0,0,0,0,0,0,0,20171,136,335,0,3,36765960,0,268435456,0,0,0,-1,-1
43827,Asatempéria os portais,,25190,42766,0,-1,0,0,0,0,0,0,0,0,0,129161,20177,109,347,0,3,41615616,8192,268435456,41694,0,0,-1,-1
43930,Demônios de Tel'Anor,,25264,45617,0,-1,0,0,0,0,0,0,0,0,0,0,20205,109,335,0,3,37290240,0,268435456,0,0,0,-1,-1
43932,Forças da opressão,,25302,41006,0,-1,0,0,0,0,0,0,0,0,0,0,20207,135,335,0,3,37290240,0,268435456,0,0,0,-1,-1
43942,Artefato envelhecido,,25304,132203,0,-1,0,0,0,0,0,0,0,0,0,140249,0,0,331,0,2,33554432,0,268435968,0,0,0,-1,-1
43943,Treinamento do Exército dos Fenecidos,,25306,44828,0,-1,0,0,0,0,0,0,0,0,0,0,20222,109,335,0,3,34144576,0,268435456,44636,0,0,-1,-1
43951,Uma dívida atrasada,,25318,47897,0,-1,0,0,0,0,0,0,0,0,0,0,20226,109,347,0,3,37290240,0,268435456,41694,0,0,-1,-1
43959,Aperto no Stelleris,,25328,42728,0,-1,0,0,0,0,0,0,0,0,0,0,20228,136,335,0,3,37290240,0,268435456,0,0,0,-1,-1
43963,Vampiratas!,,25337,47897,0,-1,0,0,0,0,0,0,0,0,0,0,20233,109,347,0,3,37290240,0,268435456,41694,0,0,-1,-1
43964,Um banquete de jarl,,25393,42474,0,-1,0,0,0,0,0,0,0,0,0,0,18956,109,347,0,3,37290240,0,268435456,41694,0,0,-1,-1
43985,Maré sombria,,25377,45690,0,-1,0,0,0,0,0,0,0,0,0,0,20267,112,347,0,3,37290304,0,268435456,0,0,0,-1,-1
44002,Pesquisa subaquática,,25389,41005,0,-1,0,0,0,0,0,0,0,0,0,0,20298,109,335,0,3,37290240,0,268435456,0,0,0,-1,-1
44010,"PROCURA-SE: Oreth, o Sórdido",,25405,38948,0,-1,0,0,0,0,0,0,0,0,0,0,20260,109,335,0,3,3735872,0,268435456,0,0,0,-1,-1
44011,Fogo-fátuo perdido,,25404,47895,0,-1,0,0,0,0,0,0,0,0,0,0,20349,109,347,0,3,41484544,8192,268435456,0,0,0,-1,-1
44012,PROCURA-SE: Mestre de Cerco Aedrin,,25406,38948,0,-1,0,0,0,0,0,0,0,0,0,0,20266,109,335,0,3,3735872,0,268435456,0,0,0,-1,-1
44013,PROCURA-SE: Guardião Thor'el,,25407,38948,0,-1,0,0,0,0,0,0,0,0,0,0,20272,109,335,0,3,3735872,0,268435456,0,0,0,-1,-1
44015,"PROCURA-SE: Mal'Dreth, o Corruptor",,25412,38948,0,-1,0,0,0,0,0,0,0,0,0,0,20277,109,335,0,3,3735872,0,268435456,0,0,0,-1,-1
44016,PROCURA-SE: Cadraeus,,25418,38948,0,-1,0,0,0,0,0,0,0,0,0,0,20282,109,335,0,3,3735872,0,268435456,0,0,0,-1,-1
44017,PROCURA-SE: Boticário Faldren,,25414,38948,0,-1,0,0,0,0,0,0,0,0,0,0,20287,109,335,0,3,3735872,0,268435456,0,0,0,-1,-1
44018,PROCURA-SE: Magíster Phaedris,,25415,38948,0,-1,0,0,0,0,0,0,0,0,0,0,20292,109,335,0,3,3735872,0,268435456,0,0,0,-1,-1
44019,PROCURA-SE: Tenente Strathmar,,25416,38948,0,-1,0,0,0,0,0,0,0,0,0,0,20297,109,335,0,3,3735872,0,268435456,0,0,0,-1,-1
44021,PROCURA-SE: Hertha Grimdottir,,25413,38948,0,-1,0,0,0,0,0,0,0,0,0,0,20303,109,335,0,3,3735872,0,268435456,0,0,0,-1,-1
44022,PROCURA-SE: Shal'an,,25417,38948,0,-1,0,0,0,0,0,0,0,0,0,0,20322,109,335,0,3,3735872,0,268435456,0,0,0,-1,-1
44023,PROCURA-SE: Mestre de Cerco Aedrin,,25421,38948,0,-1,0,0,0,0,0,0,0,0,0,0,20262,135,335,0,3,3735872,0,268435456,0,0,0,-1,-1
44024,PROCURA-SE: Shal'an,,25422,38948,0,-1,0,0,0,0,0,0,0,0,0,0,20320,135,335,0,3,3735872,0,268435456,0,0,0,-1,-1
44025,"PROCURA-SE: Oreth, o Sórdido",,25423,38948,0,-1,0,0,0,0,0,0,0,0,0,0,20259,135,335,0,3,3735872,0,268435456,0,0,0,-1,-1
44026,"PROCURA-SE: Mal'Dreth, o Corruptor",,25424,38948,0,-1,0,0,0,0,0,0,0,0,0,0,20276,135,335,0,3,3735872,0,268435456,0,0,0,-1,-1
44027,PROCURA-SE: Magíster Phaedris,,25425,38948,0,-1,0,0,0,0,0,0,0,0,0,0,20291,135,335,0,3,3735872,0,268435456,0,0,0,-1,-1
44028,PROCURA-SE: Tenente Strathmar,,25426,38948,0,-1,0,0,0,0,0,0,0,0,0,0,20296,135,335,0,3,3735872,0,268435456,0,0,0,-1,-1
44029,PROCURA-SE: Hertha Grimdottir,,25427,38948,0,-1,0,0,0,0,0,0,0,0,0,0,20302,135,335,0,3,3735872,0,268435456,0,0,0,-1,-1
44030,PROCURA-SE: Guardião Thor'el,,25428,38948,0,-1,0,0,0,0,0,0,0,0,0,0,20268,135,335,0,3,3735872,0,268435456,0,0,0,-1,-1
44031,PROCURA-SE: Cadraeus,,25429,38948,0,-1,0,0,0,0,0,0,0,0,0,0,20281,135,335,0,3,3735872,0,268435456,0,0,0,-1,-1
44032,PROCURA-SE: Boticário Faldren,,25430,38948,0,-1,0,0,0,0,0,0,0,0,0,0,20286,135,335,0,3,3735872,0,268435456,0,0,0,-1,-1
44033,"Ora, nozes!",,25436,47895,0,-1,0,0,0,0,0,0,0,0,0,0,20357,109,347,0,3,41484544,0,268435456,0,0,0,-1,-1
44044,Experimento destruído,,25458,47901,0,-1,0,0,0,0,0,0,0,0,0,0,20363,136,347,0,3,37290240,0,268435456,0,0,0,-1,-1
44048,Naga que dorme a onda leva,,25465,47901,0,-1,0,0,0,0,0,0,0,0,0,0,20365,136,347,0,3,37290240,0,268435456,0,0,0,-1,-1
44049,O mal tem muitas pernas,,25466,47901,0,-1,0,0,0,0,0,0,0,0,0,0,20366,136,347,0,3,37290240,0,268435456,0,0,0,-1,-1
44050,Os devotos vil devem cair,,25471,47901,0,-1,0,0,0,0,0,0,0,0,0,0,20367,136,347,0,3,37290240,0,268435456,0,0,0,-1,-1
44054,Demonicídio,,25475,47901,0,-1,0,0,0,0,0,0,0,0,0,0,20368,136,347,0,3,37290240,0,268435456,0,0,0,-1,-1
44067,Poder consolidado,,25493,42728,0,-1,0,0,0,0,0,0,0,0,0,141253,20376,136,335,0,3,37421312,0,268435456,0,0,0,-1,-1
44113,PERIGO: Achronos,,25544,38948,0,-1,0,0,0,0,0,0,0,0,0,0,20421,136,335,0,3,37290304,0,268435456,0,0,0,-1,-1
44114,PERIGO: Magistra Vilessa,,25545,38948,0,-1,0,0,0,0,0,0,0,0,0,0,20422,136,335,0,3,37290304,0,268435456,0,0,0,-1,-1
44118,PERIGO: Auditor Esiel,,25550,38948,0,-1,0,0,0,0,0,0,0,0,0,0,20425,136,335,0,3,37290304,0,268435456,0,0,0,-1,-1
44119,"PERIGO: Volshax, o Quebra-vontade",,25551,38948,0,-1,0,0,0,0,0,0,0,0,0,0,20426,136,335,0,3,37290304,0,268435456,0,0,0,-1,-1
44121,PERIGO: Az'jatar,,25553,38948,0,-1,0,0,0,0,0,0,0,0,0,0,20428,136,335,0,3,3735872,0,268435456,0,0,0,-1,-1
44122,PERIGO: Sorallus,,25554,38948,0,-1,0,0,0,0,0,0,0,0,0,0,20430,136,335,0,3,3735872,0,268435456,0,0,0,-1,-1
44157,Domando os fenecidos: Tel'anor,,25589,44105,0,-1,0,0,0,0,0,0,0,0,0,0,20439,109,335,0,3,37290240,8192,268435456,0,0,0,-1,-1
44158,Domando os fenecidos: Falanaar,,25590,44105,0,-1,0,0,0,0,0,0,0,0,0,0,20440,109,335,0,3,37290240,8192,268435456,0,0,0,-1,-1
44185,PROCURA-SE: Sanaar,,25617,38948,0,-1,0,0,0,0,0,0,0,0,0,0,20476,135,335,0,3,3735872,0,268435456,0,0,0,-1,-1
44186,PROCURA-SE: Prolemadre Shu'malis,,25618,38948,0,-1,0,0,0,0,0,0,0,0,0,0,20468,135,335,0,3,3735872,0,268435456,0,0,0,-1,-1
44187,PERIGO: Cinzasa,,25621,47901,0,-1,0,0,0,0,0,0,0,0,0,0,20504,136,347,0,3,37290304,0,268435456,0,0,0,-1,-1
44189,PERIGO: Bestrix,,25622,47901,0,-1,0,0,0,0,0,0,0,0,0,0,20503,136,347,0,3,37290304,0,268435456,0,0,0,-1,-1
44190,PERIGO: Jade Paraligno,,25623,47901,0,-1,0,0,0,0,0,0,0,0,0,0,20505,136,347,0,3,37290304,0,268435456,0,0,0,-1,-1
44191,PERIGO: Karthax,,25624,47901,0,-1,0,0,0,0,0,0,0,0,0,0,20506,136,347,0,3,37290304,0,268435456,0,0,0,-1,-1
44192,PERIGO: Lysanis Sombralma,,25625,47901,0,-1,0,0,0,0,0,0,0,0,0,0,20507,136,347,0,3,37290304,0,268435456,0,0,0,-1,-1
44193,PERIGO: Rei dos Mares Maross,,25626,47901,0,-1,0,0,0,0,0,0,0,0,0,0,20508,136,347,0,3,37290304,0,268435456,0,0,0,-1,-1
44194,PERIGO: Torrentius,,25627,47901,0,-1,0,0,0,0,0,0,0,0,0,0,20509,136,347,0,3,37290304,0,268435456,0,0,0,-1,-1
44287,MORTAL: J'im Fenecido,,25801,45690,0,-1,0,0,0,0,0,0,0,0,0,0,20358,112,347,0,3,37290304,0,268435456,0,0,0,-1,-1
44289,PROCURA-SE: Arru,,25806,47899,0,-1,0,0,0,0,0,0,0,0,0,0,20554,135,347,0,3,3735872,0,268435456,0,0,0,-1,-1
44290,PROCURA-SE: Espiçardo,,25807,47899,0,-1,0,0,0,0,0,0,0,0,0,0,20570,135,347,0,3,3735872,0,268435456,0,0,0,-1,-1
44291,"PROCURA-SE: Gralhashuk, o Faminto",,25808,47899,0,-1,0,0,0,0,0,0,0,0,0,0,20575,135,347,0,3,3735872,0,268435456,0,0,0,-1,-1
44292,PROCURA-SE: Chifrancião Majestoso,,25809,47899,0,-1,0,0,0,0,0,0,0,0,0,0,20551,135,347,0,3,3735872,0,268435456,0,0,0,-1,-1
44293,PROCURA-SE: Lerdo,,25810,47899,0,-1,0,0,0,0,0,0,0,0,0,0,20545,135,347,0,3,3735872,0,268435456,0,0,0,-1,-1
44294,PROCURA-SE: Sekhan,,25811,47899,0,-1,0,0,0,0,0,0,0,0,0,0,20548,135,347,0,3,3735872,0,268435456,0,0,0,-1,-1
44298,PROCURA-SE: Charco Medonho,,25815,47895,0,-1,0,0,0,0,0,0,0,0,0,0,20582,109,347,0,3,3735872,0,268435456,0,0,0,-1,-1
44299,PROCURA-SE: Nerumbra,,25816,47895,0,-1,0,0,0,0,0,0,0,0,0,0,20588,109,347,0,3,3735872,0,268435456,0,0,0,-1,-1
44300,PROCURA-SE: Sirsei,,25817,47895,0,-1,0,0,0,0,0,0,0,0,0,0,20593,109,347,0,3,3735872,0,268435456,0,0,0,-1,-1
44301,PROCURA-SE: Bahagar,,25818,47895,0,-1,0,0,0,0,0,0,0,0,0,0,20602,109,347,0,3,3735872,0,268435456,0,0,0,-1,-1
44302,PROCURA-SE: Sirsei,,25819,47895,0,-1,0,0,0,0,0,0,0,0,0,0,20592,135,347,0,3,3735872,0,268435456,0,0,0,-1,-1
44303,PROCURA-SE: Charco Medonho,,25820,47895,0,-1,0,0,0,0,0,0,0,0,0,0,20581,135,347,0,3,3735872,0,268435456,0,0,0,-1,-1
44304,PROCURA-SE: Nerumbra,,25821,47895,0,-1,0,0,0,0,0,0,0,0,0,0,20587,135,347,0,3,3735872,0,268435456,0,0,0,-1,-1
44305,PROCURA-SE: Bahagar,,25822,47895,0,-1,0,0,0,0,0,0,0,0,0,0,20601,135,347,0,3,3735872,0,268435456,0,0,0,-1,-1
44494,Progênie de Alexstrasza,,26056,44612,0,-1,0,0,0,0,0,0,0,0,0,0,0,0,345,0,3,38338560,8192,268435456,0,0,0,-1,-1
44570,Reverencie a chama,Reverencie a Fogueira de Solstício nas Agulhas de Arak.,26108,9484,0,-1,0,0,0,0,0,0,0,0,0,0,0,0,394,0,2,2097152,0,268435968,0,0,0,-1,-1
44571,Reverencie a chama,Reverencie a Fogueira de Solstício em Talador.,26109,9484,0,-1,0,0,0,0,0,0,0,0,0,0,0,0,394,0,2,2097152,0,268435968,0,0,0,-1,-1
44572,Reverencie a chama,Reverencie a Fogueira de Solstício em Nagrand.,26110,9484,0,-1,0,0,0,0,0,0,0,0,0,0,0,0,394,0,2,2097152,0,268435968,0,0,0,-1,-1
44573,Reverencie a chama,Reverencie a Fogueira de Solstício em Gorgrond.,26111,9484,0,-1,0,0,0,0,0,0,0,0,0,0,0,0,394,0,2,2097152,0,268435968,0,0,0,-1,-1
44574,Reverencie a chama,Reverencie a Fogueira de Solstício em Azsuna.,26112,9484,0,-1,0,0,0,0,0,0,0,0,0,0,0,0,394,0,2,2097152,0,268435968,0,0,0,-1,-1
44575,Reverencie a chama,Reverencie a Fogueira de Solstício em Val'sharah.,26113,9484,0,-1,0,0,0,0,0,0,0,0,0,0,0,0,394,0,2,2097152,0,268435968,0,0,0,-1,-1
44576,Reverencie a chama,Reverencie a Fogueira de Solstício da Alta Montanha.,26114,9484,0,-1,0,0,0,0,0,0,0,0,0,0,0,0,394,0,2,2097152,0,268435968,0,0,0,-1,-1
44577,Reverencie a chama,Reverencie a Fogueira de Solstício em Trommheim.,26115,9484,0,-1,0,0,0,0,0,0,0,0,0,0,0,0,394,0,2,2097152,0,268435968,0,0,0,-1,-1
44578,Reverencie a chama,Reverencie a Fogueira de Solstício em Suramar.,26116,9484,0,-1,0,0,0,0,0,0,0,0,0,0,0,0,394,0,2,2097152,0,268435968,0,0,0,-1,-1
44579,Reverencie a chama,,26117,9484,0,-1,0,0,0,0,0,0,0,0,0,0,0,0,394,0,0,0,0,512,0,0,0,-1321907123,1427461461
44580,Reverencie a chama,,26118,9484,0,-1,0,0,0,0,0,0,0,0,0,0,0,0,394,0,0,0,0,512,0,0,0,1309324210,-1440044374
44582,Profane o fogo!,,26120,9484,0,-1,0,0,0,0,0,0,0,0,0,0,0,0,394,0,0,0,0,512,0,0,0,1309324210,-1440044374
44583,Profane o fogo!,,26119,9484,0,-1,0,0,0,0,0,0,0,0,0,0,0,0,394,0,0,0,0,512,0,0,0,-1321907123,1427461461
44613,Reverencie a chama,,26146,9484,0,-1,0,0,0,0,0,0,0,0,0,0,0,0,394,0,0,0,0,512,0,0,0,-1321907123,1427461461
44614,Reverencie a chama,,26147,9484,0,-1,0,0,0,0,0,0,0,0,0,0,0,0,394,0,0,0,0,512,0,0,0,1309324210,-1440044374
44624,Profane o fogo!,,26159,9484,0,-1,0,0,0,0,0,0,0,0,0,0,0,0,394,0,0,0,0,512,0,0,0,1309324210,-1440044374
44627,Profane o fogo!,,26160,9484,0,-1,0,0,0,0,0,0,0,0,0,0,0,0,394,0,0,0,0,512,0,0,0,-1321907123,1427461461
44730,Sonhos devastados,,26249,49404,0,-1,0,0,0,0,0,0,0,0,0,0,20852,139,332,0,3,37290752,0,268435456,0,0,0,-1,-1
44737,Plataforma helarjar: Baixios Cinzentos,,26256,47903,0,-1,0,0,0,0,0,0,0,0,0,0,20860,135,347,0,3,37290240,0,268435456,0,0,0,-1,-1
44744,Linhas vitais,,26263,45705,0,-1,0,0,0,0,0,0,0,0,0,0,20870,135,335,0,3,37290240,0,268435456,0,0,0,-1,-1
44746,Plataforma helarjar: Costa do Rochedo,,26264,47902,0,-1,0,0,0,0,0,0,0,0,0,0,20875,135,347,0,3,37290240,0,268435456,0,0,0,-1,-1
44748,Terrores alados,,26266,47404,0,-1,0,0,0,0,0,0,0,0,0,0,21750,109,336,0,3,37290240,0,268435456,0,0,0,-1,-1
44751,Nenhum soldado para trás,,26268,47404,0,-1,0,0,0,0,0,0,0,0,0,0,21463,109,336,0,3,37290240,8192,268435456,0,0,0,-1,-1
44759,O Vale Medonho,,26276,49404,0,-1,0,0,0,0,0,0,0,0,0,0,20890,139,332,0,3,37290752,8192,268435456,0,0,0,-1,-1
44765,Festerê de Pesca da Selva do Espinhaço,,26280,34333,0,-1,0,0,0,0,0,356,1,0,0,0,21650,130,391,0,3,524608,0,268435456,0,0,0,-1,-1
44769,Armas ao populacho,,26284,45705,0,-1,0,0,0,0,0,0,0,0,0,0,20906,135,335,0,3,37421312,0,268435456,0,0,0,-1,-1
44776,Um pouquinho enferrujado,,26291,47899,0,-1,0,0,0,0,0,0,0,0,0,0,20909,109,347,0,3,37290240,0,268435456,0,0,0,-1,-1
44780,Ação e reação,,26296,46746,0,-1,0,0,0,0,0,0,0,0,0,0,20910,135,335,0,3,37290240,0,268435456,0,0,0,-1,-1
44784,Varinha avançada,,26302,45821,0,-1,0,0,0,0,0,0,0,0,0,0,20911,109,347,0,3,38338816,8192,268435456,0,0,0,-1,-1
44786,Optativa: Aptidão rúnica,,26304,45824,0,-1,0,0,0,0,0,0,0,0,0,0,20912,109,347,0,3,38338816,8192,268435456,0,0,0,-1,-1
44788,Grupo de estudo: Bestiários de Azsuna,,26322,45825,0,-1,0,0,0,0,0,0,0,0,0,0,20913,109,347,0,3,38338816,8192,268435456,0,0,0,-1,-1
44799,Proteção acima de tudo,,26308,45705,0,-1,0,0,0,0,0,0,0,0,0,0,20919,135,335,0,3,37290240,0,268435456,0,0,0,-1,-1
44801,Defesa de Shal'Aran,,26309,45705,0,-1,0,0,0,0,0,0,0,0,0,0,20920,135,335,0,3,37290240,0,268435456,0,0,0,-1,-1
44802,Orientação ancestral,,26512,45705,0,-1,0,0,0,0,0,0,0,0,0,0,20921,135,335,0,3,37290240,0,268435456,0,0,0,-1,-1
44805,Centro de tudo,,26314,45840,0,-1,0,0,0,0,0,0,0,0,0,0,20923,135,335,0,3,37290240,0,268435456,0,0,0,-1,-1
44811,Ajuda a caminho,,26315,45840,0,-1,0,0,0,0,0,0,0,0,0,0,20924,135,335,0,3,37290240,0,268435456,0,0,0,-1,-1
44812,Saindo pelo ladrão,,26316,45840,0,-1,0,0,0,0,0,0,0,0,0,0,20925,135,335,0,3,37290240,0,268435456,0,0,0,-1,-1
44813,Interferência meridiana,,26317,45705,0,-1,0,0,0,0,0,0,0,0,0,142446,20926,135,335,0,3,37290240,0,268435456,0,0,0,-1,-1
44815,Chega de bajuladores,,26318,45705,0,-1,0,0,0,0,0,0,0,0,0,142401,20927,136,335,0,3,37290240,0,268435456,0,0,0,-1,-1
44816,Exposição prolongada,,26320,50838,0,-1,0,0,0,0,0,0,0,0,0,142509,20928,135,335,0,3,37290240,8192,268435456,0,0,0,-1,-1
44817,Cutucando o Enxame com vara curta,,26321,45705,0,-1,0,0,0,0,0,0,0,0,0,0,20930,135,335,0,3,3735808,0,268435456,0,0,0,-1,-1
44823,Achados e perdidos do Totem do Trovão,,26324,5703,0,-1,0,0,0,0,0,0,0,0,0,0,20932,109,347,0,3,38338816,8192,268435456,0,0,0,-1,-1
44846,Abrindo caminho,,26553,47602,0,4093,0,0,0,0,0,0,0,0,0,0,21313,135,336,0,3,37290240,0,268435456,0,0,0,-1,-1
44847,Direto da fonte,,26346,47901,0,-1,0,0,0,0,0,0,0,0,0,0,20939,109,347,0,3,41484544,8192,268435456,37860,0,0,-1,-1
44856,Vá miar em outro canto,,26351,142529,0,-1,0,0,0,0,0,0,0,0,0,0,21101,109,335,0,3,38338816,8192,268435456,41197,0,0,-1,-1
44857,"Nem aqui, nem agora, nem nunca",,26352,142529,0,-1,0,0,0,0,0,0,0,0,0,0,21028,109,335,0,3,41615616,8192,268435456,41464,0,0,-1,-1
44867,Contenção do avanço,,26367,45705,0,-1,0,0,0,0,0,0,0,0,0,0,20950,135,335,0,3,37290240,0,268435456,0,0,0,-1,-1
44884,Defesa da Baía Esmeralda,,26383,49404,0,-1,0,0,0,0,0,0,0,0,0,0,20959,139,332,0,3,37290752,8192,268435456,0,0,0,-1,-1
44892,Bando de Penas Nevadas!,,26392,47899,0,-1,0,0,0,0,0,0,0,0,0,0,20964,135,347,0,3,41484544,8192,268435456,41694,0,0,-1,-1
44893,Bando de Bicausteros!,,26395,47897,0,-1,0,0,0,0,0,0,0,0,0,0,20966,135,347,0,3,41484544,8192,268435456,41694,0,0,-1,-1
44894,Bando de Sanguinolhos!,,26394,47901,0,-1,0,0,0,0,0,0,0,0,0,0,20965,135,347,0,3,41484544,8192,268435456,41694,0,0,-1,-1
44895,Bando de Garragudas!,,26393,47895,0,-1,0,0,0,0,0,0,0,0,0,0,20967,135,347,0,3,41484544,8192,268435456,0,0,0,-1,-1
44923,Plataforma helarjar: Vrekt,,26417,45693,0,-1,0,0,0,0,0,0,0,0,0,0,20988,135,347,0,3,37290240,0,268435456,0,0,0,-1,-1
44932,Baluarte da Noite: Pé na Porta e Soco no Gorjala,,26426,46053,0,-1,0,0,0,0,0,0,0,0,0,0,20992,141,335,0,3,35193152,0,268435458,0,0,0,-1,-1
44933,Baluarte da Noite: Lástima Noturna,,26427,46053,0,-1,0,0,0,0,0,0,0,0,0,0,20994,141,335,0,3,35193152,0,268435458,0,0,0,-1,-1
44934,Baluarte da Noite: Rastejantes Sinistros,,26428,46053,0,-1,0,0,0,0,0,0,0,0,0,0,20995,141,335,0,3,35193152,0,268435458,0,0,0,-1,-1
44935,Baluarte da Noite: Guardião Dourado,,26429,46053,0,-1,0,0,0,0,0,0,0,0,0,0,20996,141,335,0,3,35193152,0,268435458,0,0,0,-1,-1
44936,Baluarte da Noite: Rotas de Suprimento,,26430,46053,0,-1,0,0,0,0,0,0,0,0,0,0,20997,141,335,0,3,35193152,0,268435458,0,0,0,-1,-1
44937,Baluarte da Noite: Concentração de Poder,,26431,46053,0,-1,0,0,0,0,0,0,0,0,0,0,20998,141,335,0,3,35193152,0,268435458,0,0,0,-1,-1
44938,Baluarte da Noite: Tapa de Amor,,26433,46053,0,-1,0,0,0,0,0,0,0,0,0,0,20999,141,335,0,3,35193152,0,268435458,0,0,0,-1,-1
44939,Baluarte da Noite: Sementes da Destruição,,26432,46053,0,-1,0,0,0,0,0,0,0,0,0,0,21000,141,335,0,3,35193152,0,268435458,0,0,0,-1,-1
44942,Sentir o vento bater,,26683,47897,0,-1,0,0,0,0,0,0,0,0,0,0,21041,109,347,0,3,38338816,8192,268435456,42447,0,0,-1,-1
44943,Segurando uma garra pesada!,,26435,47897,0,-1,0,0,0,0,0,0,0,0,0,0,21029,109,347,0,3,41484544,8192,268435456,0,0,0,-1,-1
45032,Como o vento,,26515,42886,0,-1,0,0,0,0,0,0,0,0,0,0,21002,109,335,0,3,-2112290560,0,268435456,0,0,0,-1,-1
45035,O chamado da batalha,,26517,47404,0,-1,0,0,0,0,0,0,0,0,0,0,21762,109,336,0,3,34144512,8192,268435456,0,0,0,-1,-1
45046,Como o vento,,26526,47904,0,-1,0,0,0,0,0,0,0,0,0,0,21014,109,347,0,3,-2112290560,0,268435456,0,0,0,-1,-1
45047,Como o vento,,26527,47894,0,-1,0,0,0,0,0,0,0,0,0,0,21015,109,347,0,3,-2112290560,0,268435456,0,0,0,-1,-1
45048,Como o vento,,26528,47900,0,-1,0,0,0,0,0,0,0,0,0,0,21016,109,347,0,3,-2112290560,0,268435456,0,0,0,-1,-1
45049,Como o vento,,26529,38948,0,-1,0,0,0,0,0,0,0,0,0,0,21017,109,347,0,3,-2112290560,0,268435456,0,0,0,-1,-1
45058,Soltem as guardiãs!,,26535,49401,0,-1,0,0,0,0,0,0,0,0,0,0,21019,139,331,0,3,37290752,0,268435456,0,0,0,-1,-1
45068,Barris de felicidade,,26543,38948,0,-1,0,0,0,0,0,0,0,0,0,0,21022,109,335,0,3,-2110193408,0,268435456,0,0,0,-1,-1
45069,Barris de felicidade,,26544,47901,0,-1,0,0,0,0,0,0,0,0,0,0,21023,109,347,0,3,-2110193408,0,268435456,0,0,0,-1,-1
45070,Barris de felicidade,,26545,48388,0,-1,0,0,0,0,0,0,0,0,0,0,21024,109,347,0,3,-2110193408,0,268435456,0,0,0,-1,-1
45071,Barris de felicidade,,26546,47900,0,-1,0,0,0,0,0,0,0,0,0,0,21025,109,347,0,3,-2110193408,0,268435456,0,0,0,-1,-1
45072,Barris de felicidade,,26547,47898,0,-1,0,0,0,0,0,0,0,0,0,0,21026,109,347,0,3,-2110193408,0,268435456,0,0,0,-1,-1
45134,Os ceifalmas,,26580,49401,0,-1,0,0,0,0,0,0,0,0,0,0,21040,139,331,0,3,41485056,8192,268435456,0,0,0,-1,-1
45178,Contenção do contágio,,26627,47602,0,4079,0,0,0,0,0,0,0,0,0,0,21804,135,336,0,3,37290240,0,268435456,0,0,0,-1,-1
45203,Batalha pelas Ruínas,,26647,49401,0,-1,0,0,0,0,0,0,0,0,0,0,21054,139,331,0,3,41485056,8192,268435456,0,0,0,-1,-1
45307,Garras da morte!,,26741,142529,0,-1,0,0,0,0,0,0,0,0,0,0,21093,109,335,0,3,41484544,8192,268435456,40230,0,0,-1,-1
45358,Contenção do contágio,,26795,47602,0,16,0,0,0,0,0,0,0,0,0,0,21804,135,336,0,3,37290240,0,268435456,46034,0,0,-1,-1
45379,Mestre dos Tesouros Iks'reeged,,26801,47404,0,-1,0,0,0,0,0,0,0,0,0,0,22420,135,336,0,3,41484608,8192,268435456,46666,0,0,-1,-1
45390,Almas dos vraikalen,,26807,49403,0,-1,0,0,0,0,0,0,0,0,0,0,21108,139,334,0,3,7930624,8194,268435456,0,0,0,-1,-1
45439,Uma invasão de... murlocs?,,26848,49403,0,-1,0,0,0,0,0,0,0,0,0,0,21135,139,334,0,3,7930624,8192,268435456,0,0,0,-1,-1
45472,Ovos de Kraken,,26872,47404,0,-1,0,0,0,0,0,0,0,0,0,0,21351,109,336,0,3,41484544,8192,268435456,0,0,0,-1,-1
45473,Problema gigante,,26873,47404,0,-1,0,0,0,0,0,0,0,0,0,0,21379,109,336,0,3,37290240,0,268435456,0,0,0,-1,-1
45520,Atrás dos portais inimigos,,26918,47404,0,-1,0,0,0,0,0,0,0,0,0,0,21177,109,336,0,3,37290240,0,268435456,0,0,0,-1,-1
45531,Vileza alastrante,,26929,47602,0,16,0,0,0,0,0,0,0,0,0,0,21268,135,336,0,3,37290240,8192,268435456,0,0,0,-1,-1
45541,No dos outros é refresco?,,26937,47602,0,256,0,0,0,0,0,0,0,0,0,0,21196,135,336,0,3,37290240,8192,268435456,0,0,0,-1,-1
45542,Atrás dos portais inimigos,,26954,47404,0,-1,0,0,0,0,0,0,0,0,0,0,21210,109,336,0,3,37290240,0,268435456,0,0,0,-1,-1
45549,Salvando a corrupção,,26943,47602,0,4,0,0,0,0,0,0,0,0,0,0,21809,135,336,0,3,37290240,0,268435456,46048,0,0,-1,-1
45550,Salvando a corrupção,,26944,47602,0,4091,0,0,0,0,0,0,0,0,0,0,21809,135,336,0,3,37290240,0,268435456,0,0,0,-1,-1
45559,Atrás dos portais inimigos,,26953,47404,0,-1,0,0,0,0,0,0,0,0,0,0,21218,109,336,0,3,37290240,0,268435456,0,0,0,-1,-1
45626,Bomba na sua mão!,,27010,47602,0,3967,0,0,0,0,0,0,0,0,0,0,21249,135,336,0,3,37290240,0,268435456,0,0,0,-1,-1
45651,As Ruínas de Ahn'Qiraj: Ossirian,,27512,47095,0,-1,0,0,0,0,0,0,0,0,0,0,21274,137,183,0,3,34144576,0,268436482,0,0,0,1309324210,-1440044374
45653,Bota fogo!,,27025,47602,0,128,0,0,0,0,0,0,0,0,0,0,21249,135,336,0,3,37290240,8192,268435456,0,0,0,-1,-1
45654,Ahn'Qiraj: C'Thun,,27511,47095,0,-1,0,0,0,0,0,0,0,0,0,0,21275,137,183,0,3,34144576,0,268436482,0,0,0,1309324210,-1440044374
45655,O Colosso de Ashi,,27510,47154,0,-1,0,0,0,0,0,0,0,0,0,0,21276,111,183,0,3,34144576,0,268436480,0,0,0,1309324210,-1440044374
45656,Pedras Eólicas Menores,,27509,47095,0,-1,0,0,0,0,0,0,0,0,0,0,21277,109,183,0,3,34144576,0,268436480,0,0,0,1309324210,-1440044374
45657,Silitista,,27506,47095,0,-1,0,0,0,0,0,0,0,0,0,0,21277,113,183,0,3,34144576,0,268436480,0,0,0,1309324210,-1440044374
45674,O Colosso de Régia,,27508,47155,0,-1,0,0,0,0,0,0,0,0,0,0,21300,111,183,0,3,34144576,0,268436480,0,0,0,1309324210,-1440044374
45675,O Colosso de Zora,,27507,47156,0,-1,0,0,0,0,0,0,0,0,0,0,21301,111,183,0,3,34144576,0,268436480,0,0,0,1309324210,-1440044374
45694,Aracnicídio,,27033,47404,0,-1,0,0,0,0,0,0,0,0,0,0,21760,109,336,0,3,37290240,0,268435456,0,0,0,-1,-1
45736,As Ruínas de Ahn'Qiraj: Ossirian,,27023,47095,0,-1,0,0,0,0,0,0,0,0,0,0,21274,137,183,0,3,34144576,0,268436482,0,0,0,-1321907123,1427461461
45737,Ahn'Qiraj: C'Thun,,27026,47095,0,-1,0,0,0,0,0,0,0,0,0,0,21275,137,183,0,3,34144576,0,268436482,0,0,0,-1321907123,1427461461
45738,O Colosso de Ashi,,27027,47154,0,-1,0,0,0,0,0,0,0,0,0,0,21276,111,183,0,3,34144576,0,268436480,0,0,0,-1321907123,1427461461
45739,Pedras Eólicas Menores,,27028,47095,0,-1,0,0,0,0,0,0,0,0,0,0,21277,109,183,0,3,34144576,0,268436480,0,0,0,-1321907123,1427461461
45740,Silitista,,27029,47095,0,-1,0,0,0,0,0,0,0,0,0,0,21277,113,183,0,3,34144576,0,268436480,0,0,0,-1321907123,1427461461
45741,O Colosso de Régia,,27030,47155,0,-1,0,0,0,0,0,0,0,0,0,0,21300,111,183,0,3,34144576,0,268436480,0,0,0,-1321907123,1427461461
45742,O Colosso de Zora,,27031,47156,0,-1,0,0,0,0,0,0,0,0,0,0,21301,111,183,0,3,34144576,0,268436480,0,0,0,-1321907123,1427461461
45743,Julgamento de Odyn,,27049,47602,0,1,0,0,0,0,0,0,0,0,0,0,21311,135,336,0,3,37290240,8192,268435456,0,0,0,-1,-1
45744,A queda dos Vilscárnio,,27050,47602,0,4094,0,0,0,0,0,0,0,0,0,0,21311,135,336,0,3,37290240,8192,268435456,0,0,0,-1,-1
45776,Chave é para os fracos,,27066,47602,0,8,0,0,0,0,0,0,0,0,0,0,21337,135,336,0,3,37290240,8192,268435456,0,0,0,-1,-1
45786,Banquete dos cães,,27067,49403,0,-1,0,0,0,0,0,0,0,0,0,0,21338,139,334,0,3,7930624,8192,268435456,0,0,0,-1,-1
45791,Material de guerra,,27072,47404,0,-1,0,0,0,0,0,0,0,0,0,0,21339,109,336,0,3,37290240,0,268435456,0,0,0,-1,-1
45792,Massacre ocultista,,27073,47602,0,3839,0,0,0,0,0,0,0,0,0,0,21802,135,336,0,3,37290240,0,268435456,0,0,0,-1,-1
45793,Massacre ocultista,,27074,47602,0,256,0,0,0,0,0,0,0,0,0,0,21802,135,336,0,3,34144512,0,268435456,0,0,0,-1,-1
45797,Brincando com fogo verde,,27078,47404,0,-1,0,0,0,0,0,0,0,0,0,0,21346,109,336,0,3,37290240,0,268435456,0,0,0,-1,-1
45804,Diabrataque!,,27084,49404,0,-1,0,0,0,0,0,0,0,0,0,0,21347,139,332,0,3,37290240,0,268435456,0,0,0,-1,-1
45805,As chaves ardentes,,27086,47602,0,4087,0,0,0,0,0,0,0,0,0,0,21337,135,336,0,3,37290240,0,268435456,0,0,0,-1,-1
45806,Passeio de barco,,27087,47348,0,-1,0,0,0,0,0,0,0,0,0,0,21362,109,184,0,3,34144512,0,268436480,0,0,0,-1,-1
45807,Pescaria de lixo,,27088,47348,0,-1,0,0,0,0,0,0,0,0,0,0,21363,109,184,0,3,34144512,0,268436480,45806,0,0,-1,-1
45808,Bolada de Praia,,27089,47348,0,-1,0,0,0,0,0,0,0,0,0,0,21366,109,184,0,3,34144512,0,268436480,45806,0,0,-1,-1
45809,"Grogue, rum e cerveja",,27090,47348,0,-1,0,0,0,0,0,0,0,0,0,0,21364,109,184,0,3,34144512,0,268436480,45806,0,0,-1,-1
45810,Os gnomos roubaram nossas bombas!,,27091,47348,0,-1,0,0,0,0,0,0,0,0,0,0,21365,109,184,0,3,34144512,0,268436480,45806,0,0,1309324210,-1440044374
45811,Os goblins roubaram nossas bombas!,,27091,47348,0,-1,0,0,0,0,0,0,0,0,0,0,21365,109,184,0,3,34144512,0,268436480,45806,0,0,-1321907123,1427461461
45837,Vileza alastrante,,27118,47602,0,4079,0,0,0,0,0,0,0,0,0,0,21268,135,336,0,3,37290240,8192,268435456,0,0,0,-1,-1
45878,Extermínio impune,,27147,47404,0,-1,0,0,0,0,0,0,0,0,0,0,21378,109,336,0,3,37290240,0,268435456,0,0,0,-1,-1
45921,Thal'xur,,27183,49404,0,-1,0,0,0,0,0,0,0,0,0,0,21367,142,332,0,3,37290304,0,268435456,0,0,0,-1,-1
45922,Agmozuul,,27184,49404,0,-1,0,0,0,0,0,0,0,0,0,0,21368,142,332,0,3,37290304,0,268435456,0,0,0,-1,-1
45923,Gloth,,27185,49404,0,-1,0,0,0,0,0,0,0,0,0,0,21369,142,332,0,3,37290304,0,268435456,0,0,0,-1,-1
45924,Monstruosidade abissal,,27186,49404,0,-1,0,0,0,0,0,0,0,0,0,0,21370,142,332,0,3,37290304,0,268435456,0,0,0,-1,-1
45925,Nez'val,,27187,49404,0,-1,0,0,0,0,0,0,0,0,0,0,21371,142,332,0,3,37290304,0,268435456,0,0,0,-1,-1
45926,Zar'teth,,27188,49404,0,-1,0,0,0,0,0,0,0,0,0,0,21373,142,332,0,3,37290304,0,268435456,0,0,0,-1,-1
45927,Zagmothar,,27189,49404,0,-1,0,0,0,0,0,0,0,0,0,0,21374,142,332,0,3,37290304,0,268435456,0,0,0,-1,-1
45928,Gelthrak,,27190,49404,0,-1,0,0,0,0,0,0,0,0,0,0,21375,142,332,0,3,37290304,0,268435456,0,0,0,-1,-1
45929,Expurgo das chamas,,27191,47602,0,64,0,0,0,0,0,0,0,0,0,0,21399,135,336,0,3,37290240,8192,268435456,0,0,0,-1,-1
45930,Nós não começamos o incêndio,,27192,47602,0,4031,0,0,0,0,0,0,0,0,0,0,21399,135,336,0,3,37290240,8192,268435456,0,0,0,-1,-1
45934,Pena pra todo lado,,27193,47404,0,-1,0,0,0,0,0,0,0,0,0,0,21401,109,336,0,3,37290240,8192,268435456,0,0,0,-1,-1
45969,Defesa dos ancientes,,27228,47602,0,1024,0,0,0,0,0,0,0,0,0,0,21422,136,336,0,3,37290240,0,268435456,0,0,0,-1,-1
45970,Fim do serviço,,27229,47404,0,-1,0,0,0,0,0,0,0,0,0,0,21465,111,336,0,3,37290240,0,268435456,0,0,0,-1,-1
45972,A mata amaldiçoada,,27231,63664,0,-1,0,0,0,0,0,0,0,0,0,0,0,0,1404,0,3,34144320,0,268468224,47428,0,0,-1,-1
45973,Poder descontrolado,,27232,47666,0,3967,0,0,0,0,0,0,0,0,0,0,21407,135,336,0,3,37421312,8192,268435456,0,0,0,-1,-1
45977,Onde há um chicote...,,27242,47602,0,3839,0,0,0,0,0,0,0,0,0,0,21196,135,336,0,3,37290240,8192,268435456,0,0,0,-1,-1
45985,Catadores infernais,,27244,47404,0,-1,0,0,0,0,0,0,0,0,0,0,21410,109,336,0,3,37290240,0,268435456,0,0,0,-1,-1
45988,Ossos antigos,,27247,47404,0,-1,0,0,0,0,0,0,0,0,0,0,21402,109,336,0,3,37290240,8192,268435456,0,0,0,-1,-1
46001,Regras da caçada,,27260,47602,0,3071,0,0,0,0,0,0,0,0,0,0,21422,136,336,0,3,37290240,0,268435456,0,0,0,-1,-1
46006,Arkuthaz,,27266,49403,0,-1,0,0,0,0,0,0,0,0,0,0,21424,142,334,0,3,37290304,0,268435456,0,0,0,-1,-1
46008,Balnazoth,,27267,49403,0,-1,0,0,0,0,0,0,0,0,0,0,21425,142,334,0,3,37290304,0,268435456,0,0,0,-1,-1
46010,Esmaga-ossos Korgolath,,27268,49403,0,-1,0,0,0,0,0,0,0,0,0,0,21426,142,334,0,3,37290304,0,268435456,0,0,0,-1,-1
46011,Infernal colossal,,27269,49403,0,-1,0,0,0,0,0,0,0,0,0,0,21427,142,334,0,3,37290304,0,268435456,0,0,0,-1,-1
46012,Comandante vil Urgoz,,27270,49403,0,-1,0,0,0,0,0,0,0,0,0,0,21428,142,334,0,3,37290304,0,268435456,0,0,0,-1,-1
46013,Bradachamas Rok'duun,,27271,49403,0,-1,0,0,0,0,0,0,0,0,0,0,21429,142,334,0,3,37290304,0,268435456,0,0,0,-1,-1
46014,Gelthrog,,27272,49403,0,-1,0,0,0,0,0,0,0,0,0,0,21430,142,334,0,3,37290304,0,268435456,0,0,0,-1,-1
46015,Idra'zuul,,27273,49403,0,-1,0,0,0,0,0,0,0,0,0,0,21431,142,334,0,3,37290304,0,268435456,0,0,0,-1,-1
46016,Magdrezoth,,27274,49403,0,-1,0,0,0,0,0,0,0,0,0,0,21432,142,334,0,3,37290304,0,268435456,0,0,0,-1,-1
46017,Shel'drozul,,27275,49403,0,-1,0,0,0,0,0,0,0,0,0,0,21433,142,334,0,3,37290304,0,268435456,0,0,0,-1,-1
46021,Thel'draz,,27280,49403,0,-1,0,0,0,0,0,0,0,0,0,0,21434,142,334,0,3,37290304,0,268435456,0,0,0,-1,-1
46032,O retorno atormentado,,27291,47602,0,4063,0,0,0,0,0,0,0,0,0,0,21413,135,336,0,3,37290240,0,268435456,0,0,0,-1,-1
46046,Que licho de vida,,27305,47602,0,32,0,0,0,0,0,0,0,0,0,0,21413,135,336,0,3,37290240,0,268435456,0,0,0,-1,-1
46061,Adote um girino,,27319,0,0,-1,0,0,0,0,0,0,0,0,0,0,21464,0,438,0,2,34603016,8192,268436992,0,0,0,-1,-1
46063,A morte lamentosa,,27320,47404,0,-1,0,0,0,0,0,0,0,0,0,0,21466,109,336,0,3,37290240,0,268435456,0,0,0,-1,-1
46066,Morcevil abre o jogo,,27324,47404,0,-1,0,0,0,0,0,0,0,0,0,0,21469,111,336,0,3,37290240,0,268435456,0,0,0,-1,-1
46068,Doma de brutos,,27325,47404,0,-1,0,0,0,0,0,0,0,0,0,0,21470,109,336,0,3,41484544,0,268435456,0,0,0,-1,-1
46072,Totalmente vil,,27430,47602,0,2048,0,0,0,0,0,0,0,0,0,0,21618,136,336,0,3,37290240,8192,268435456,0,0,0,-1,-1
46073,Destruição da guarnição,,27329,47404,0,-1,0,0,0,0,0,0,0,0,0,0,21471,109,336,0,3,37290240,0,268435456,0,0,0,-1,-1
46075,Caçada de relíquias,,27331,47404,0,-1,0,0,0,0,0,0,0,0,0,0,21404,109,336,0,3,41484544,8192,268435456,0,0,0,-1,-1
46076,Espíritos indóceis,,27332,47602,0,4093,0,0,0,0,0,0,0,0,0,0,21403,135,336,0,3,37290240,8192,268435456,0,0,0,-1,-1
46077,Espíritos aviltados,,27333,47602,0,2,0,0,0,0,0,0,0,0,0,0,21403,135,336,0,3,37290240,8192,268435456,46045,0,0,-1,-1
46104,Toxicidade aracnídea,,27355,47602,0,512,0,0,0,0,0,0,0,0,0,0,21490,135,336,0,3,37290240,0,268435456,0,0,0,-1,-1
46105,Superioridade aracnídea,,27356,47602,0,3583,0,0,0,0,0,0,0,0,0,0,21490,135,336,0,3,37290240,0,268435456,0,0,0,-1,-1
46109,Erga-se!,,27360,47404,0,-1,0,0,0,0,0,0,0,0,0,0,21489,111,336,0,3,37290240,8192,268435456,0,0,0,-1,-1
46111,Mestres Illidari: Sissix,,27362,145969,0,-1,0,0,0,0,0,0,0,0,0,0,21521,115,336,0,3,34144512,0,268435456,0,0,0,-1,-1
46112,Mestres Illidari: Madame Viciosa,,27363,145969,0,-1,0,0,0,0,0,0,0,0,0,0,21522,115,336,0,3,34144512,0,268435456,0,0,0,-1,-1
46113,Mestres Illidari: Místico sem Nome,,27364,145969,0,-1,0,0,0,0,0,0,0,0,0,0,21523,115,336,0,3,34144512,0,268435456,0,0,0,-1,-1
46116,Em solo conspurcado,,27366,49401,0,-1,0,0,0,0,0,0,0,0,0,0,21076,139,331,0,3,37290240,0,268435456,0,0,0,-1,-1
46126,Penas corrompidas pela vileza,,27370,47404,0,-1,0,0,0,0,0,0,0,0,0,0,21505,109,336,0,3,37290240,0,268435456,0,0,0,-1,-1
46134,Precisa-se: Joalheiro,,27373,38948,0,-1,5,0,0,0,0,2518,25,0,0,0,21511,125,347,0,3,590144,0,268435456,40559,40560,40561,-1,-1
46135,Precisa-se: Joalheiro,,27374,38948,0,-1,5,0,0,0,0,2518,25,0,0,0,21512,125,347,0,3,590144,0,268435456,40559,40560,40561,-1,-1
46136,Precisa-se: Joalheiro,,27375,38948,0,-1,5,0,0,0,0,2518,25,0,0,0,21513,125,347,0,3,590144,0,268435456,40559,40560,40561,-1,-1
46137,Precisa-se: Joalheiro,,27376,38948,0,-1,5,0,0,0,0,2518,25,0,0,0,21514,125,347,0,3,590144,0,268435456,40559,40560,40561,-1,-1
46138,Precisa-se: Joalheiro,,27377,38948,0,-1,5,0,0,0,0,2518,25,0,0,0,21515,125,347,0,3,590144,0,268435456,40559,40560,40561,-1,-1
46139,Precisa-se: Joalheiro,,27378,38948,0,-1,5,0,0,0,0,2518,25,0,0,0,21516,125,347,0,3,590144,0,268435456,40559,40560,40561,-1,-1
46146,A costa ardente,,27380,49401,0,-1,0,0,0,0,0,0,0,0,0,0,21307,139,331,0,3,37290240,0,268435456,0,0,0,-1,-1
46160,O caos agrilhoado,,27382,47404,0,-1,0,0,0,0,0,0,0,0,0,0,21520,109,336,0,3,37290240,0,268435456,0,0,0,-1,-1
46161,Clamavil Thalezra,,27383,49401,0,-1,0,0,0,0,0,0,0,0,0,0,21435,142,331,0,3,37290304,0,268435456,0,0,0,-1,-1
46162,Subjugante Val'rek,,27384,49401,0,-1,0,0,0,0,0,0,0,0,0,0,21436,142,331,0,3,37290304,0,268435456,0,0,0,-1,-1
46163,Thaz'gul,,27385,49401,0,-1,0,0,0,0,0,0,0,0,0,0,21437,142,331,0,3,37290304,0,268435456,0,0,0,-1,-1
46164,Mal'serus,,27386,49401,0,-1,0,0,0,0,0,0,0,0,0,0,21438,142,331,0,3,37290304,0,268435456,0,0,0,-1,-1
46165,Kazruul,,27387,49401,0,-1,0,0,0,0,0,0,0,0,0,0,21439,142,331,0,3,37290304,0,268435456,0,0,0,-1,-1
46166,"Garthulak, o Esmagador",,27388,49401,0,-1,0,0,0,0,0,0,0,0,0,0,21440,142,331,0,3,37290304,0,268435456,0,0,0,-1,-1
46167,Kozrum,,27389,49401,0,-1,0,0,0,0,0,0,0,0,0,0,21441,142,331,0,3,37290304,0,268435456,0,0,0,-1,-1
46168,Comandante Vorlax,,27390,49401,0,-1,0,0,0,0,0,0,0,0,0,0,21442,142,331,0,3,37290304,0,268435456,0,0,0,-1,-1
46169,Dro'zek,,27391,49401,0,-1,0,0,0,0,0,0,0,0,0,0,21443,142,331,0,3,37290304,0,268435456,0,0,0,-1,-1
46170,Thar'gok,,27392,49401,0,-1,0,0,0,0,0,0,0,0,0,0,21444,142,331,0,3,37290304,0,268435456,0,0,0,-1,-1
46175,Eco ribombante,,27395,47404,0,-1,0,0,0,0,0,0,0,0,0,0,21524,109,336,0,3,37290240,0,268435456,0,0,0,-1,-1
46179,Esmagando a Legião,,27397,49403,0,-1,0,0,0,0,0,0,0,0,0,0,21552,139,334,0,3,7930624,8192,268435456,0,0,0,-1,-1
46180,O poder do nosso inimigo,,27398,47404,0,-1,0,0,0,0,0,0,0,0,0,0,21538,109,336,0,3,41484544,8192,268435456,0,0,0,-1,-1
46183,Comandante Zarthak,,27401,49402,0,-1,0,0,0,0,0,0,0,0,0,0,21445,142,333,0,3,37290304,0,268435456,0,0,0,-1,-1
46184,Guelgothar,,27402,49402,0,-1,0,0,0,0,0,0,0,0,0,0,21446,142,333,0,3,37290304,0,268435456,0,0,0,-1,-1
46185,Iróxus,,27403,49402,0,-1,0,0,0,0,0,0,0,0,0,0,21447,142,333,0,3,37290304,0,268435456,0,0,0,-1,-1
46186,Ix'dreloth,,27404,49402,0,-1,0,0,0,0,0,0,0,0,0,0,21448,142,333,0,3,37290304,0,268435456,0,0,0,-1,-1
46187,Larthogg,,27405,49402,0,-1,0,0,0,0,0,0,0,0,0,0,21449,142,333,0,3,37290304,0,268435456,0,0,0,-1,-1
46188,Orgrokk,,27406,49402,0,-1,0,0,0,0,0,0,0,0,0,0,21450,142,333,0,3,37290304,0,268435456,0,0,0,-1,-1
46189,Shel'zuul,,27407,49402,0,-1,0,0,0,0,0,0,0,0,0,0,21451,142,333,0,3,37290304,0,268435456,0,0,0,-1,-1
46190,Ulgrom,,27408,49402,0,-1,0,0,0,0,0,0,0,0,0,0,21452,142,333,0,3,37290304,0,268435456,0,0,0,-1,-1
46191,Balinar,,27409,49402,0,-1,0,0,0,0,0,0,0,0,0,0,21453,142,333,0,3,37290304,0,268435456,0,0,0,-1,-1
46192,Zar'vok,,27410,49402,0,-1,0,0,0,0,0,0,0,0,0,0,21454,142,333,0,3,37290304,0,268435456,0,0,0,-1,-1
46193,Gerados pela vileza,,27411,49402,0,-1,0,0,0,0,0,0,0,0,0,0,21558,139,333,0,3,37290240,8192,268435456,0,0,0,-1,-1
46194,Lobos da Legião,,27412,49402,0,-1,0,0,0,0,0,0,0,0,0,0,21560,139,333,0,3,41484544,8192,268435456,0,0,0,-1,-1
46195,Céus enxameados,,27413,49402,0,-1,0,0,0,0,0,0,0,0,0,0,21562,139,333,0,3,37290240,0,268435456,0,0,0,-1,-1
46196,Turma dispensada,,27414,49402,0,-1,0,0,0,0,0,0,0,0,0,0,21564,139,333,0,3,37290240,0,268435456,0,0,0,-1,-1
46197,Dos céus veio a vileza,,27415,49402,0,-1,0,0,0,0,0,0,0,0,0,0,21223,139,333,0,3,37290240,0,268435456,0,0,0,-1,-1
46198,Gemas da destruição,,27416,47404,0,-1,0,0,0,0,0,0,0,0,0,0,21571,109,336,0,3,37290240,0,268435456,0,0,0,-1,-1
46201,Purificados pela água,,27419,48357,0,-1,0,0,0,0,0,0,0,0,0,0,21815,109,336,0,3,41484544,8192,268435456,0,0,0,-1,-1
46209,Uma luz na escuridão,,27425,47602,0,4,0,0,0,0,0,0,0,0,0,0,21581,135,336,0,3,41484544,8192,268435456,0,0,0,-1,-1
46212,Ponha-os de pé,,27427,47602,0,4091,0,0,0,0,0,0,0,0,0,0,21581,135,336,0,3,41484544,8192,268435456,0,0,0,-1,-1
46216,Corrupção congelada,,27429,49403,0,-1,0,0,0,0,0,0,0,0,0,0,21608,139,334,0,3,7930624,8192,268435456,0,0,0,-1,-1
46236,Soldados da Prisão Pétrea,,27444,47404,0,-1,0,0,0,0,0,0,0,0,0,0,21630,109,336,0,3,37290240,0,268435456,0,0,0,-1,-1
46261,O gosto de corrupção,,27469,49404,0,-1,0,0,0,0,0,0,0,0,0,0,20933,139,332,0,3,37290752,0,268435456,0,0,0,-1,-1
46262,Salve os girinos!,,27470,49402,0,-1,0,0,0,0,0,0,0,0,0,0,21566,139,333,0,3,37290240,0,268435456,0,0,0,-1,-1
46263,Tecendo teias vis,,27471,49401,0,-1,0,0,0,0,0,0,0,0,0,0,21506,139,331,0,3,41484544,8192,268435456,0,0,0,-1,-1
46264,Os olhos deles estão nos vendo,,27472,49403,0,-1,0,0,0,0,0,0,0,0,0,0,21124,139,334,0,3,37290240,0,268435456,0,0,0,-1,-1
46265,A vileza e os corços,,27473,49404,0,-1,0,0,0,0,0,0,0,0,0,0,21657,139,332,0,3,37290752,0,268435456,0,0,0,-1,-1
46279,Zargrom,,27485,49402,0,-1,0,0,0,0,0,0,0,0,0,0,21720,142,333,0,3,37290304,0,268435456,0,0,0,-1,-1
46288,Todos para o front,,27498,47602,0,2047,0,0,0,0,0,0,0,0,0,0,21618,136,336,0,3,37290240,8192,268435456,0,0,0,-1,-1
46308,Deixe uma trilha,,27518,47602,0,8,0,0,0,0,0,0,0,0,0,0,21801,135,336,0,3,41484544,8192,268435456,0,0,0,-1,-1
46325,Frente unida,,27527,47404,0,-1,0,0,0,0,0,0,0,0,0,0,21777,111,336,0,3,37290240,8192,268435456,0,0,0,-1,-1
46360,Simplesmente atordoante,,27694,47602,0,4087,0,0,0,0,0,0,0,0,0,0,21801,135,336,0,3,41484544,8192,268435456,0,0,0,-1,-1
46500,Tumba de Sargeras: A lenda das profundezas,,28076,48842,0,-1,0,0,0,0,0,0,0,0,0,0,22024,141,336,0,3,35193152,0,268435458,0,0,0,-1,-1
46502,Tumba de Sargeras: Mão da Legião,,28078,48842,0,-1,0,0,0,0,0,0,0,0,0,0,22025,141,336,0,3,35193152,0,268435458,0,0,0,-1,-1
46503,Tumba de Sargeras: Uma lição sobre dor,,28080,48842,0,-1,0,0,0,0,0,0,0,0,0,0,22026,141,336,0,3,35193152,0,268435458,0,0,0,-1,-1
46504,Tumba de Sargeras: Profundezas esmagadoras,,28081,48842,0,-1,0,0,0,0,0,0,0,0,0,0,22027,141,336,0,3,35193152,0,268435458,0,0,0,-1,-1
46505,Tumba de Sargeras: Em memória,,28082,48842,0,-1,0,0,0,0,0,0,0,0,0,0,22028,141,336,0,3,35193152,0,268435458,0,0,0,-1,-1
46506,Tumba de Sargeras: Vida após a morte,,28083,48842,0,-1,0,0,0,0,0,0,0,0,0,0,22029,141,336,0,3,35193152,0,268435458,0,0,0,-1,-1
46507,Tumba de Sargeras: O espreitador medonho,,28084,48842,0,-1,0,0,0,0,0,0,0,0,0,0,22030,141,336,0,3,35193152,0,268435458,0,0,0,-1,-1
46508,Tumba de Sargeras: Domínios de Azshara,,28085,48842,0,-1,0,0,0,0,0,0,0,0,0,0,22031,141,336,0,3,35193152,0,268435458,0,0,0,-1,-1
46707,Lacaio! Mate aquele também!,,27890,47404,0,-1,0,0,0,0,0,0,0,0,0,0,21816,109,336,0,3,41484544,0,268435456,0,0,0,-1,-1
46750,Bateria reserva,,27918,48502,0,2048,0,0,0,0,0,0,0,0,0,0,21878,135,336,0,3,37421312,0,268435456,0,0,0,-1,-1
46752,Em asas emprestadas,,27920,48502,0,2047,0,0,0,0,0,0,0,0,0,0,21878,135,336,0,3,37421312,0,268435456,0,0,0,-1,-1
46754,Feras mágicas,,27922,47666,0,128,0,0,0,0,0,0,0,0,0,0,21407,135,336,0,3,37421312,0,268435456,0,0,0,-1,-1
46755,Missão: Passando Raiva Vil,,27923,48514,0,1,0,0,0,0,0,0,0,0,0,0,21883,135,336,0,3,41615616,8192,268435456,0,0,0,-1,-1
46756,Missão: Destruição da Raiva Vil,,27924,48514,0,4094,0,0,0,0,0,0,0,0,0,0,21883,135,336,0,3,37421312,0,268435456,0,0,0,-1,-1
46761,Bandidos da cerveja,,27925,48521,0,3583,0,0,0,0,0,0,0,0,0,0,21885,135,336,0,3,41615616,8192,268435456,0,0,0,-1,-1
46762,Trapaça da cerva tempestuosa,,27926,48521,0,512,0,0,0,0,0,0,0,0,0,0,21885,135,336,0,3,41615616,8192,268435456,0,0,0,-1,-1
46763,Drol'maz,,27928,49404,0,-1,0,0,0,0,0,0,0,0,0,0,21887,142,332,0,3,37290304,0,268435456,0,0,0,-1,-1
46766,Ulgthax,,27929,49404,0,-1,0,0,0,0,0,0,0,0,0,0,21888,142,332,0,3,37290304,0,268435456,0,0,0,-1,-1
46811,A ira da prolemadre,,27967,47602,0,32,0,0,0,0,0,0,0,0,0,0,21921,135,336,0,3,41484544,8192,268435456,0,0,0,-1,-1
46814,Chamado da serpe gélida,,27971,47602,0,4063,0,0,0,0,0,0,0,0,0,0,21921,135,336,0,3,41484544,8192,268435456,0,0,0,-1,-1
46817,Queda infernal,,27973,47602,0,64,0,0,0,0,0,0,0,0,0,0,21928,135,336,0,3,37290240,0,268435456,0,0,0,-1,-1
46821,Rastejantes sinistros,,27978,47404,0,-1,0,0,0,0,0,0,0,0,0,0,21945,109,336,0,3,37421312,0,268435456,0,0,0,-1,-1
46822,Seleção natural,,27979,47602,0,1024,0,0,0,0,0,0,0,0,0,0,21944,135,336,0,3,37290240,0,268435456,0,0,0,-1,-1
46825,Chafurdando na lama,,27982,47404,0,-1,0,0,0,0,0,0,0,0,0,0,21947,109,336,0,3,37290240,0,268435456,0,0,0,-1,-1
46829,Assédio elemental,,27986,47602,0,4031,0,0,0,0,0,0,0,0,0,0,21928,135,336,0,3,37290240,0,268435456,0,0,0,-1,-1
46833,Natureza libertada,,27990,47602,0,3071,0,0,0,0,0,0,0,0,0,0,21944,135,336,0,3,37290240,0,268435456,0,0,0,-1,-1
46844,Catedral da Noite Eterna: Senhora das Lâminas,,27998,144768,0,-1,0,0,0,0,0,0,0,0,0,0,0,145,336,0,3,35193088,0,268435456,0,0,0,-1,-1
46865,Catedral da Noite Eterna: Mãe da Chama,,28003,144771,0,-1,0,0,0,0,0,0,0,0,0,0,0,145,336,0,3,35193088,0,268435456,0,0,0,-1,-1
46866,Câmara de tortura,,28040,47404,0,-1,0,0,0,0,0,0,0,0,0,0,21999,109,336,0,3,37421312,0,268435456,0,0,0,-1,-1
46867,Catedral da Noite Eterna: Fera Vil,,28002,144772,0,-1,0,0,0,0,0,0,0,0,0,0,0,145,336,0,3,35192832,0,268435456,0,0,0,-1,-1
46868,Catedral da Noite Eterna: Mortos Infernais,,28004,144770,0,-1,0,0,0,0,0,0,0,0,0,0,0,145,336,0,3,35193088,0,268435456,0,0,0,-1,-1
46869,Catedral da Noite Eterna: Sedução e Dor,,28005,144769,0,-1,0,0,0,0,0,0,0,0,0,0,0,145,336,0,3,35193088,0,268435456,0,0,0,-1,-1
46932,Um pouquinho mais de corrupção,,28068,47404,0,-1,0,0,0,0,0,0,0,0,0,0,21576,109,336,0,3,37290240,0,268435456,0,0,0,-1,-1
46933,Vilrglrglrglrgl,,28069,47404,0,-1,0,0,0,0,0,0,0,0,0,0,22009,109,336,0,3,37290240,8192,268435456,0,0,0,-1,-1
46942,O preço do poder,,28086,47404,0,-1,0,0,0,0,0,0,0,0,0,0,22049,109,336,0,3,41484544,0,268435456,0,0,0,-1,-1
46945,Si'vash,,28088,143175,0,-1,0,0,0,0,0,0,0,0,0,0,21280,144,335,0,3,37290304,0,268435456,0,0,0,-1,-1
46947,Brutallus,,28090,143175,0,-1,0,0,0,0,0,0,0,0,0,0,21226,144,335,0,3,37290304,0,268435456,0,0,0,-1,-1
46948,Malíficus,,28091,143175,0,-1,0,0,0,0,0,0,0,0,0,0,21227,144,335,0,3,37290304,0,268435456,0,0,0,-1,-1
47061,Apocron,,28160,143175,0,-1,0,0,0,0,0,0,0,0,0,0,22242,144,335,0,3,37290304,0,268435456,0,0,0,-1,-1
47132,Gelo e fogo vis,,28202,47404,0,-1,0,0,0,0,0,0,0,0,0,0,21456,109,336,0,3,37290240,8192,268435456,0,0,0,-1,-1
47135,Para o bem deles,,28205,50321,0,-1,0,0,0,0,0,0,0,0,0,0,22474,109,337,0,3,41484288,8192,268435456,0,0,0,-1,-1
47456,Acalmando o Caos,,28476,50321,0,-1,0,0,0,0,0,0,0,0,0,0,22515,109,337,0,3,41484288,8192,268435456,0,0,0,-1,-1
47496,Destruidor de Bunker,,28505,50280,0,-1,0,0,0,0,0,0,0,0,0,0,22750,109,337,0,3,37289984,0,268435456,47182,0,0,-1,-1
47507,Khazaduum,,28516,51611,0,-1,0,0,0,0,0,0,0,0,0,0,23299,136,337,0,3,37290048,0,268435456,0,0,0,-1,-1
47527,Rituais de heresia,,28533,0,0,-1,0,0,0,0,0,0,0,0,0,0,0,0,1407,0,3,40435712,8192,268468224,47521,0,0,1309324210,-1440044374
47542,Mestre de Cerco Voraan,,28544,50280,0,-1,0,0,0,0,0,0,0,0,0,0,22609,136,337,0,3,37290048,0,268435456,0,0,0,-1,-1
47551,Lições de fogo e trovão,,28553,50280,0,-1,0,0,0,0,0,0,0,0,0,0,22603,109,337,0,3,37289984,0,268435456,0,0,0,-1,-1
47552,Senhora Il'thendra,,28554,51561,0,-1,0,0,0,0,0,0,0,0,0,0,22606,136,337,0,3,37290048,0,268435456,0,0,0,-1,-1
47561,Gorjapus,,28562,51561,0,-1,0,0,0,0,0,0,0,0,0,0,22625,136,337,0,3,37290048,0,268435456,0,0,0,-1,-1
47563,Os espíritos dos mortos,,28564,50280,0,-1,0,0,0,0,0,0,0,0,0,152995,22627,109,337,0,3,37289984,0,268435456,0,0,0,-1,-1
47566,Gar'zoth,,28567,51561,0,-1,0,0,0,0,0,0,0,0,0,0,22633,136,337,0,3,37290048,0,268435456,0,0,0,-1,-1
47567,Umbra'jin,,28568,0,0,-1,1,0,0,0,0,0,0,0,0,0,0,0,0,0,3,35652616,0,0,0,0,0,-1,-1
47624,Pode enterrar,,28650,50280,0,-1,0,0,0,0,0,0,0,0,0,0,22655,109,337,0,3,37289984,0,268435456,48544,0,0,-1,-1
47625,Um ritual em comum,,28651,50280,0,-1,0,0,0,0,0,0,0,0,0,0,22656,109,337,0,3,37289984,0,268435456,48544,0,0,-1,-1
47646,Dando corda,,28664,50280,0,-1,0,0,0,0,0,0,0,0,0,0,22665,109,337,0,3,37289984,0,268435456,48544,0,0,-1,-1
47647,Monstros de Zem'lan,,28687,0,0,-1,0,0,0,0,0,0,0,0,0,0,0,0,1406,0,3,41484544,8192,268468224,51054,0,0,1309324210,-1440044374
47704,Fome incontrolável de ranishu,,28712,55564,0,-1,0,0,0,0,0,0,0,0,0,0,25091,109,464,0,3,38338816,8192,268435456,0,0,0,1309324210,-1440044374
47705,Por trás das linhas da Legião,,28713,52120,0,-1,0,0,0,0,0,0,0,0,0,0,23176,109,337,0,3,41484288,8192,268435456,0,0,0,-1,-1
47707,Derretimento,,28715,50280,0,-1,0,0,0,0,0,0,0,0,0,0,22707,109,337,0,3,37289984,0,268435456,0,0,0,-1,-1
47712,O Devastador,,28720,50280,0,-1,0,0,0,0,0,0,0,0,0,0,22709,109,337,0,3,37289984,0,268435456,0,0,0,-1,-1
47720,Vingança eterna,,28723,50280,0,-1,0,0,0,0,0,0,0,0,0,0,22714,109,337,0,3,37289984,0,268435456,0,0,0,-1,-1
47722,Watertusk,,28725,0,0,-1,1,0,0,0,0,0,0,0,0,0,0,0,189,0,3,35652616,0,0,0,0,0,-1,-1
47724,Cercados,,28726,50280,0,-1,0,0,0,0,0,0,0,0,0,0,22724,109,337,0,3,37289984,0,268435456,0,0,0,-1,-1
47728,"Talestra, a Torpe",,28730,50280,0,-1,0,0,0,0,0,0,0,0,0,0,22725,136,337,0,3,37290048,0,268435456,0,0,0,-1,-1
47756,A liberação da Libação,,28756,0,0,-1,0,0,0,0,0,0,0,0,0,0,0,0,1403,0,3,38338560,8192,268468224,47245,0,0,1309324210,-1440044374
47797,Profissão perigo,,28768,0,0,-1,1,0,0,0,0,0,0,0,0,0,0,0,1407,0,3,34144256,0,268468224,47737,0,0,1309324210,-1440044374
47828,Lembranças dos caídos,,28773,50321,0,-1,0,0,0,0,0,0,0,0,0,0,22914,109,337,0,3,37289984,0,268435456,0,0,0,-1,-1
47833,Lança-sombras Voruun,,28778,50321,0,-1,0,0,0,0,0,0,0,0,0,0,22915,136,337,0,3,37290048,0,268435456,0,0,0,-1,-1
47834,X'ue,,28779,0,0,-1,1,0,0,0,0,0,0,0,0,0,0,0,189,0,3,35652616,0,0,0,0,0,-1,-1
47839,Angry Troll Spirit,,28783,0,0,-1,1,0,0,0,0,0,0,0,0,0,0,0,189,0,3,35652616,0,0,0,0,0,-1,-1
47842,Asheva: Poças Profanadas,,28786,34450,0,-1,0,0,0,0,0,0,0,0,0,0,22922,109,347,0,3,34144256,0,268435456,0,0,0,-1,-1
47844,Loucura recorrente,,28789,50321,0,-1,0,0,0,0,0,0,0,0,0,0,22923,109,337,0,3,37421056,0,268435456,47184,0,0,-1,-1
47858,Segurança: Acionada,,28803,52120,0,-1,0,0,0,0,0,0,0,0,0,0,23178,109,337,0,3,41484288,8192,268435456,0,0,0,-1,-1
47875,Irixus: Estaleiro da Legião,,28818,34450,0,-1,0,0,0,0,0,0,0,0,0,0,22927,109,347,0,3,34144256,0,268435456,0,0,0,-1,-1
47876,Sholoth: Buraco do Escravo,,28819,34450,0,-1,0,0,0,0,0,0,0,0,0,0,22928,109,347,0,3,34144256,0,268435456,0,0,0,-1,-1
47953,"Tereck, o Seletor",,28870,50280,0,-1,0,0,0,0,0,0,0,0,0,0,23016,136,337,0,3,37290048,0,268435456,0,0,0,-1,-1
47969,Maldição de Refúgio Outonal,,28885,50981,0,-1,0,0,0,0,0,0,0,0,0,0,0,0,1404,0,3,34144320,0,268468224,48622,0,0,-1321907123,1427461461
47996,Extermínio de mandíbulos,,28905,51048,0,-1,0,0,0,0,0,0,0,0,0,0,0,0,1403,0,3,34144256,0,268468224,0,0,0,1309324210,-1440044374
48091,"Vagath, o Traído",,28982,50280,0,-1,0,0,0,0,0,0,0,0,0,0,23101,136,337,0,3,37290048,0,268435456,0,0,0,-1,-1
48093,Nagando a ameaça,,28984,61613,0,-1,0,0,0,0,0,0,0,0,0,0,0,0,1403,0,3,34144256,0,268468224,0,0,0,1309324210,-1440044374
48094,Coágulo do Caos,,28985,50321,0,-1,0,0,0,0,0,0,0,0,0,0,23216,109,337,0,3,37289984,0,268435456,0,0,0,-1,-1
48095,Experimento Sombrio,,28986,50321,0,-1,0,0,0,0,0,0,0,0,0,0,23530,109,337,0,3,37289984,0,268435456,0,0,0,-1,-1
48096,Mecânica fundamental,,28987,52119,0,-1,0,0,0,0,0,0,0,0,0,0,23515,109,337,0,3,37289984,0,268435456,0,0,0,-1,-1
48097,Avaliação do Guarda-pórtico: Astúcia,,28988,52119,0,-1,1,0,0,0,0,0,0,0,0,0,23521,109,337,0,3,37289984,0,268435456,47685,48107,0,-1,-1
48098,Pestes de jardim,,28989,52120,0,-1,0,0,0,0,0,0,0,0,0,0,23265,109,337,0,3,37289984,0,268435456,47854,0,0,-1,-1
48099,Ecologia hostil,,28990,52119,0,-1,0,0,0,0,0,0,0,0,0,0,23263,109,337,0,3,37289984,0,268435456,0,0,0,-1,-1
48100,A Defesa de Eredath,,28991,52120,0,-1,0,0,0,0,0,0,0,0,0,0,23529,109,337,0,3,37289984,0,268435456,0,0,0,-1,-1
48101,Púlpito do valentão,,28992,147714,0,-1,0,0,0,0,0,0,0,0,0,0,23683,109,337,0,3,37289984,0,268435456,0,0,0,-1,-1
48102,Amostras de escama,,28993,52119,0,-1,0,0,0,0,0,0,0,0,0,0,23204,109,337,0,3,37289984,0,268435456,0,0,0,-1,-1
48103,Avaliação do Guarda-pórtico: Tenacidade,,28994,52119,0,-1,0,0,0,0,0,0,0,0,0,0,23522,109,337,0,3,35192832,0,268435456,47689,0,0,-1,-1
48105,Avaliação por pares,,28996,52119,0,-1,0,0,0,0,0,0,0,0,0,0,23523,109,337,0,3,37421056,0,268435456,0,0,0,-1,-1
48106,Sem perder o amor,,28997,50321,0,-1,0,0,0,0,0,0,0,0,0,0,23227,109,337,0,3,37289984,0,268435456,0,0,0,-1,-1
48175,Escondido no Vale,,29008,50321,0,-1,0,0,0,0,0,0,0,0,0,0,23568,109,337,0,3,37289984,0,268435456,0,0,0,-1,-1
48181,Nananinanão,,29017,0,0,-1,0,0,0,0,0,0,0,0,0,0,0,0,1404,0,3,34144256,0,268468224,0,0,0,-1321907123,1427461461
48192,Cospe-piche,,29025,50280,0,-1,0,0,0,0,0,0,0,0,0,0,23110,136,337,0,3,37290048,0,268435456,0,0,0,-1,-1
48282,Mãe dos Diabretes Laglath,,29105,50280,0,-1,0,0,0,0,0,0,0,0,0,0,23170,136,337,0,3,37290048,0,268435456,0,0,0,-1,-1
48284,A ceifa dos campos,,29108,50280,0,-1,0,0,0,0,0,0,0,0,0,0,23393,109,337,0,3,37289984,0,268435456,0,0,0,-1,-1
48285,Superioridade aérea,,29109,50280,0,-1,0,0,0,0,0,0,0,0,0,0,23396,109,337,0,3,37289984,0,268435456,0,0,0,-1,-1
48286,Métodos cristalinos,,29110,50280,0,-1,0,0,0,0,0,0,0,0,0,0,23394,109,337,0,3,37289984,0,268435456,0,0,0,-1,-1
48287,Ceifadores da lamúria,,29111,50280,0,-1,0,0,0,0,0,0,0,0,0,0,23395,109,337,0,3,37289984,0,268435456,0,0,0,-1,-1
48318,Ordem de Serviço: Elixires de Sangue Leve,,29123,51748,0,-1,0,0,0,0,0,2479,25,0,0,0,23182,118,337,0,3,524608,0,268435456,0,0,0,-1,-1
48323,Ordem de Serviço: Lágrimas dos Naaru,,29128,51747,0,-1,0,0,0,0,0,2479,25,0,0,0,23193,118,337,0,3,524608,0,268435456,0,0,0,-1,-1
48337,Ordem de Serviço: Glória-astral,,29142,51750,0,-1,0,0,0,0,0,2550,25,0,0,0,23184,119,337,0,3,524608,0,268435456,0,0,0,-1,-1
48338,Suprimento necessário: Glória-astral,,29143,51750,0,-1,0,0,0,0,0,0,0,0,0,0,23185,109,337,0,3,524608,0,268435456,0,0,0,-1,-1
48349,Ordem de Serviço: Empirita,,29153,51750,0,-1,0,0,0,0,0,2566,25,0,0,0,23188,120,337,0,3,524608,0,268435456,0,0,0,-1,-1
48358,Suprimento necessário: Empirita,,29162,51750,0,-1,0,0,0,0,0,0,0,0,0,0,23189,109,337,0,3,524608,0,268435456,0,0,0,-1,-1
48359,Ordem de Serviço: Couro Bestial,,29163,51750,0,-1,0,0,0,0,0,2558,25,0,0,0,23190,124,337,0,3,524608,0,268435456,0,0,0,-1,-1
48360,Suprimentos necessários: Couro Bestial,,29164,51750,0,-1,0,0,0,0,0,0,0,0,0,0,23191,109,337,0,3,524608,0,268435456,0,0,0,-1,-1
48363,Ordem de Serviço: Malaquita Florida,,29167,51750,0,-1,0,0,0,0,0,2518,25,0,0,0,23194,125,337,0,3,524608,0,268435456,0,0,0,-1,-1
48364,Ordem de Serviço: Hesseliana,,29168,51750,0,-1,0,0,0,0,0,2518,25,0,0,0,23195,125,337,0,3,524608,0,268435456,0,0,0,-1,-1
48373,Ordem de Serviço: Tecido de Teceluma,,29177,51750,0,-1,0,0,0,0,0,2534,75,0,0,0,23197,121,337,0,3,524608,0,268435456,0,0,0,-1,-1
48374,Suprimentos necessários: Tecido de Teceluma,,29178,51750,0,-1,0,0,0,0,0,0,0,0,0,0,23198,109,337,0,3,524608,0,268435456,0,0,0,-1,-1
48386,Torneio Jed'hin,,29188,52119,0,-1,0,0,0,0,0,0,0,0,0,0,23655,109,337,0,3,37289984,0,268435456,0,0,0,-1,-1
48465,Vrax'thul,,29250,51561,0,-1,0,0,0,0,0,0,0,0,0,0,23247,136,337,0,3,37290048,0,268435456,0,0,0,-1,-1
48466,Ven'orn,,29251,51561,0,-1,0,0,0,0,0,0,0,0,0,0,23248,136,337,0,3,37290048,0,268435456,0,0,0,-1,-1
48467,Puscilla,,29252,51561,0,-1,0,0,0,0,0,0,0,0,0,0,23249,136,337,0,3,37290048,0,268435456,0,0,0,-1,-1
48474,Guardiões da cripta,,29255,52761,0,-1,0,0,0,0,0,0,0,0,0,0,0,0,1404,0,3,37289984,0,268468224,0,0,0,-1321907123,1427461461
48502,"Naroua, Rei da Floresta",,29274,113895,0,-1,0,0,0,0,0,0,0,0,0,0,23267,136,337,0,3,37290048,0,268435456,0,0,0,-1,-1
48503,Vindicator Hakbi,,29275,0,0,-1,1,0,0,0,0,0,0,0,0,0,0,0,189,0,3,35652616,0,0,0,0,0,-1,-1
48509,Comandante Sathrenael,,29279,50280,0,-1,0,0,0,0,0,0,0,0,0,0,23300,136,337,0,3,37290048,0,268435456,0,0,0,-1,-1
48510,Comandante Vecaya,,29280,50280,0,-1,0,0,0,0,0,0,0,0,0,0,23301,136,337,0,3,37290048,0,268435456,0,0,0,-1,-1
48511,Comandante Endáxis,,29281,50280,0,-1,0,0,0,0,0,0,0,0,0,0,23302,136,337,0,3,37290048,0,268435456,0,0,0,-1,-1
48512,Irmã Subvérsia,,29282,50280,0,-1,0,0,0,0,0,0,0,0,0,0,23303,136,337,0,3,37290048,0,268435456,0,0,0,-1,-1
48514,Beemotes adormecidos,,29284,51561,0,-1,0,0,0,0,0,0,0,0,0,0,23612,135,337,0,3,37289984,0,268435456,0,0,0,-1,-1
48525,Faça-os em pedaços,,29295,0,0,-1,0,0,0,0,0,0,0,0,0,0,0,0,1404,0,3,34144256,0,268468224,48519,0,0,-1321907123,1427461461
48526,Afundado,,29296,51561,0,-1,0,0,0,0,0,0,0,0,0,0,23318,135,337,0,3,37289984,0,268435456,0,0,0,-1,-1
48543,Kandak,,29312,0,0,-1,1,0,0,0,0,0,0,0,0,0,0,0,0,0,3,35652616,0,0,0,0,0,-1,-1
48588,Expurgue a infecção,,29353,54627,0,-1,0,0,0,0,0,0,0,0,0,0,0,0,1403,0,3,36241408,0,268468224,0,0,0,1309324210,-1440044374
48592,Protegendo o pináculo,,29356,51611,0,-1,0,0,0,0,0,0,0,0,0,0,23426,109,337,0,3,41484288,0,268435456,0,0,0,-1,-1
48614,Implicações terríveis,,29378,51611,0,-1,0,0,0,0,0,0,0,0,0,0,23433,109,337,0,3,41484288,0,268435456,0,0,0,-1,-1
48615,A guerra nunca muda,,29379,51611,0,-1,0,0,0,0,0,0,0,0,0,0,23434,109,337,0,3,37289984,0,268435456,0,0,0,-1,-1
48624,Cão que ladra também morde!,,29388,51561,0,-1,0,0,0,0,0,0,0,0,0,0,23436,135,337,0,3,37289984,0,268435456,0,0,0,-1,-1
48625,Ahalt'cob,,29389,0,0,-1,1,0,0,0,0,0,0,0,0,0,0,0,189,0,3,35652616,0,0,0,0,0,-1,-1
48637,O fogo purificador,,29398,51561,0,-1,0,0,0,0,0,0,0,0,0,152648,23445,135,337,0,3,37421056,0,268435456,0,0,0,-1,-1
48640,O Esquadrão Imortal,,29401,51561,0,-1,0,0,0,0,0,0,0,0,0,152657,23447,135,337,0,3,37421056,0,268435456,0,0,0,-1,-1
48662,Pavio Curto,,29420,51561,0,-1,0,0,0,0,0,0,0,0,0,0,23452,135,337,0,3,37289984,0,268435456,0,0,0,-1,-1
48680,Abelhas não!,,29438,0,0,-1,0,0,0,0,0,0,0,0,0,0,0,0,1404,0,3,34144320,0,268468224,48678,0,0,-1321907123,1427461461
48691,Corrente d'Alma,,29449,51561,0,-1,0,0,0,0,0,0,0,0,0,152971,23455,135,337,0,3,37289984,0,268435456,0,0,0,-1,-1
48694,Monstruosidade Almatorpe,,29452,52119,0,-1,0,0,0,0,0,0,0,0,0,0,23457,136,337,0,3,37290048,0,268435456,0,0,0,-1,-1
48696,Enlaçador Kravos,,29454,52119,0,-1,0,0,0,0,0,0,0,0,0,0,23458,136,337,0,3,37290048,0,268435456,0,0,0,-1,-1
48698,"Kaara, o Pálido",,29456,50321,0,-1,0,0,0,0,0,0,0,0,0,0,23459,136,337,0,3,37290048,0,268435456,0,0,0,-1,-1
48701,"Baruut, o Sedento por Sangue",,29459,50321,0,-1,0,0,0,0,0,0,0,0,0,0,23460,136,337,0,3,37290048,0,268435456,0,0,0,-1,-1
48722,"Feasel, o Ladrão de Bolinhos",,29480,52120,0,-1,0,0,0,0,0,0,0,0,0,0,23461,136,337,0,3,37290048,0,268435456,0,0,0,-1,-1
48723,Vigilante Thanos,,29481,50321,0,-1,0,0,0,0,0,0,0,0,0,0,23462,136,337,0,3,37290048,0,268435456,0,0,0,-1,-1
48724,Vigilante Kuro,,29482,52119,0,-1,0,0,0,0,0,0,0,0,0,0,23463,136,337,0,3,37290048,0,268435456,0,0,0,-1,-1
48725,Corta-céu Caudaçonha,,29483,50321,0,-1,0,0,0,0,0,0,0,0,0,0,23464,136,337,0,3,37290048,0,268435456,0,0,0,-1,-1
48726,"Turek, o Lúcido",,29484,50321,0,-1,0,0,0,0,0,0,0,0,0,0,23465,136,337,0,3,37290048,0,268435456,0,0,0,-1,-1
48727,Capitão Faruque,,29485,50321,0,-1,0,0,0,0,0,0,0,0,0,0,23466,136,337,0,3,37290048,0,268435456,0,0,0,-1,-1
48728,Umbralíssimo,,29486,50321,0,-1,0,0,0,0,0,0,0,0,0,0,23467,136,337,0,3,37290048,0,268435456,0,0,0,-1,-1
48729,Ataxon,,29487,50321,0,-1,0,0,0,0,0,0,0,0,0,0,23468,136,337,0,3,37290048,0,268435456,0,0,0,-1,-1
48730,"Sorolis, da Sina Desgraçada",,29488,52119,0,-1,0,0,0,0,0,0,0,0,0,0,23469,136,337,0,3,37290048,0,268435456,0,0,0,-1,-1
48731,Arauto do Caos,,29489,50321,0,-1,0,0,0,0,0,0,0,0,0,0,23470,136,337,0,3,37290048,0,268435456,0,0,0,-1,-1
48732,Sabuul,,29490,50321,0,-1,0,0,0,0,0,0,0,0,0,0,23471,136,337,0,3,37290048,0,268435456,0,0,0,-1,-1
48733,"Vorusk, Campeão Jed'hin",,29491,52119,0,-1,0,0,0,0,0,0,0,0,0,0,23472,136,337,0,3,37290048,0,268435456,0,0,0,-1,-1
48734,Feitora Y'Beda,,29492,52120,0,-1,0,0,0,0,0,0,0,0,0,0,23473,136,337,0,3,37290048,0,268435456,0,0,0,-1,-1
48735,Feitora Y'Sorna,,29493,52120,0,-1,0,0,0,0,0,0,0,0,0,0,23474,136,337,0,3,37290048,0,268435456,0,0,0,-1,-1
48736,Feitora Y'Morna,,29494,52120,0,-1,0,0,0,0,0,0,0,0,0,0,23475,136,337,0,3,37290048,0,268435456,0,0,0,-1,-1
48737,Instrutora Tarahna,,29495,52119,0,-1,0,0,0,0,0,0,0,0,0,0,23476,136,337,0,3,37290048,0,268435456,0,0,0,-1,-1
48738,"Zul'tan, o Numeroso",,29496,52119,0,-1,0,0,0,0,0,0,0,0,0,0,23477,136,337,0,3,37290048,0,268435456,0,0,0,-1,-1
48739,Comandante Xethgar,,29497,52120,0,-1,0,0,0,0,0,0,0,0,0,0,23478,136,337,0,3,37290048,0,268435456,0,0,0,-1,-1
48740,"Escrargo, o Devorador",,29498,52120,0,-1,0,0,0,0,0,0,0,0,0,0,23479,136,337,0,3,37290048,0,268435456,0,0,0,-1,-1
48777,Covil dos Demônios,,29535,51561,0,-1,0,0,0,0,0,0,0,0,0,0,23481,135,337,0,3,37289984,0,268435456,0,0,0,-1,-1
48780,Gládio,,29538,51561,0,-1,0,0,0,0,0,0,0,0,0,0,23484,135,337,0,3,37289984,0,268435456,0,0,0,-1,-1
48783,Ninguém espera por eles,,29541,51561,0,-1,0,0,0,0,0,0,0,0,0,0,23504,135,337,0,3,37289984,0,268435456,0,0,0,-1,-1
48827,Varga,,29580,51561,0,-1,0,0,0,0,0,0,0,0,0,0,23535,136,337,0,3,37290048,0,268435456,0,0,0,-1,-1
48828,Tenente Xakaar,,29581,51561,0,-1,0,0,0,0,0,0,0,0,0,0,23536,136,337,0,3,37290048,0,268435456,0,0,0,-1,-1
48829,Senhor da Ira Yarez,,29582,51561,0,-1,0,0,0,0,0,0,0,0,0,0,23537,136,337,0,3,37290048,0,268435456,0,0,0,-1,-1
48830,Inquisidor Vethroz,,29583,51561,0,-1,0,0,0,0,0,0,0,0,0,0,23538,136,337,0,3,37290048,0,268435456,0,0,0,-1,-1
48831,Comandante Texlaz,,29584,51561,0,-1,0,0,0,0,0,0,0,0,0,0,23539,136,337,0,3,37290048,0,268435456,0,0,0,-1,-1
48832,Almirante Rel'var,,29585,51561,0,-1,0,0,0,0,0,0,0,0,0,0,23540,136,337,0,3,37290048,0,268435456,0,0,0,-1,-1
48833,Conclusão do ritual,,29586,51561,0,-1,0,0,0,0,0,0,0,0,0,0,23608,111,337,0,3,37289984,0,268435456,0,0,0,-1,-1
48834,Racha-mundos Skuul,,29587,51561,0,-1,0,0,0,0,0,0,0,0,0,0,23543,136,337,0,3,37290048,0,268435456,0,0,0,-1,-1
48835,Mestre de Matilha Kerrax,,29588,51561,0,-1,0,0,0,0,0,0,0,0,0,0,23544,136,337,0,3,37290048,0,268435456,0,0,0,-1,-1
48836,Vigia Aival,,29589,51561,0,-1,0,0,0,0,0,0,0,0,0,0,23545,136,337,0,3,37290048,0,268435456,0,0,0,-1,-1
48837,Onividente Xanarian,,29590,51561,0,-1,0,0,0,0,0,0,0,0,0,0,23541,136,337,0,3,37290048,0,268435456,0,0,0,-1,-1
48852,A ferramenta contra Zardrax,,29605,52131,0,-1,0,0,0,0,0,0,0,0,0,0,0,0,1403,0,3,34144256,0,268468224,0,0,0,1309324210,-1440044374
48866,Guardião do Caos Valsuran,,29616,51561,0,-1,0,0,0,0,0,0,0,0,0,0,23560,136,337,0,3,37290048,0,268435456,0,0,0,-1,-1
48867,Chefe Alquimista Munculus,,29617,51561,0,-1,0,0,0,0,0,0,0,0,0,0,23561,136,337,0,3,37290048,0,268435456,0,0,0,-1,-1
48875,Junto e misturado,,29624,51561,0,-1,0,0,0,0,0,0,0,0,0,0,23567,135,337,0,3,37289984,0,268435456,0,0,0,-1,-1
48931,Beemotes despertados,,29675,51561,0,-1,0,0,0,0,0,0,0,0,0,0,23610,111,337,0,3,37289984,0,268435456,0,0,0,-1,-1
48934,Marca dos Condenados,,29677,53769,0,-1,0,0,0,0,0,0,0,0,0,0,0,0,1403,0,3,34144256,0,268468224,0,0,0,1309324210,-1440044374
48936,"Resvalon, o Derradeiro",,29679,52119,0,-1,0,0,0,0,0,0,0,0,0,0,23627,136,337,0,3,37290048,0,268435456,0,0,0,-1,-1
48951,Sede do Triunvirato: Gorjakaus,,29694,50321,0,-1,0,0,0,0,0,0,0,0,0,0,23660,137,337,0,3,35192832,0,268435458,0,0,0,-1,-1
48952,Um agrado pro inimigo,,29695,51561,0,-1,0,0,0,0,0,0,0,0,0,0,23666,135,337,0,3,37289984,0,268435456,0,0,0,-1,-1
48953,Sede do Triunvirato: Invoca-trevas,,29696,50321,0,-1,0,0,0,0,0,0,0,0,0,0,23659,137,337,0,3,35192832,0,268435458,0,0,0,-1,-1
48957,Sede do Triunvirato: Lâmina-caótica Zedaat,,29698,50321,0,-1,0,0,0,0,0,0,0,0,0,0,23661,137,337,0,3,35192832,0,268435458,0,0,0,-1,-1
48958,Ritual interrompido,,29699,51561,0,-1,0,0,0,0,0,0,0,0,0,0,23678,135,337,0,3,37289984,0,268435456,0,0,0,-1,-1
48959,Sede do Triunvirato: Fendas negras,,29700,50321,0,-1,0,0,0,0,0,0,0,0,0,0,23662,137,337,0,3,35192832,0,268435458,0,0,0,-1,-1
48983,Regulamento de mineração,,29722,51561,0,-1,0,0,0,0,0,0,0,0,0,0,23684,135,337,0,3,37289984,0,268435456,0,0,0,-1,-1
48985,Sede do Triunvirato: Emissário do Crepúsculo Tharuul,,29724,50321,0,-1,0,0,0,0,0,0,0,0,0,0,23663,137,337,0,3,35192832,0,268435458,0,0,0,-1,-1
49013,Um choque de poder,,29748,55564,0,-1,0,0,0,0,0,0,0,0,0,0,25446,109,464,0,3,34144256,8192,268435456,0,0,0,1309324210,-1440044374
49041,Coicervino,,29774,145951,0,-1,0,0,0,0,0,0,0,0,0,0,23694,115,337,0,3,3735808,0,268435456,0,0,0,-1,-1
49042,Patassuja,,29775,145951,0,-1,0,0,0,0,0,0,0,0,0,0,23695,115,337,0,3,3735808,0,268435456,0,0,0,-1,-1
49043,Atroluzia,,29776,145951,0,-1,0,0,0,0,0,0,0,0,0,0,23696,115,337,0,3,3735808,0,268435456,0,0,0,-1,-1
49044,Esgurmito,,29777,145951,0,-1,0,0,0,0,0,0,0,0,0,0,23697,115,337,0,3,3735808,0,268435456,0,0,0,-1,-1
49045,Esganóbito,,29778,145951,0,-1,0,0,0,0,0,0,0,0,0,0,23698,115,337,0,3,3735808,0,268435456,0,0,0,-1,-1
49046,Triscadente,,29779,145951,0,-1,0,0,0,0,0,0,0,0,0,0,23699,115,337,0,3,3735808,0,268435456,0,0,0,-1,-1
49047,Buquinho,,29780,145956,0,-1,0,0,0,0,0,0,0,0,0,0,23700,115,337,0,3,3735808,0,268435456,0,0,0,-1,-1
49048,Fuinho,,29781,145956,0,-1,0,0,0,0,0,0,0,0,0,0,23701,115,337,0,3,3735808,0,268435456,0,0,0,-1,-1
49049,Umbrasa,,29782,145956,0,-1,0,0,0,0,0,0,0,0,0,0,23702,115,337,0,3,3735808,0,268435456,0,0,0,-1,-1
49050,Vultremor,,29783,145956,0,-1,0,0,0,0,0,0,0,0,0,0,23703,115,337,0,3,3735808,0,268435456,0,0,0,-1,-1
49051,Sangue Corrompido de Argus,,29784,145956,0,-1,0,0,0,0,0,0,0,0,0,0,23704,115,337,0,3,3735808,0,268435456,0,0,0,-1,-1
49052,Mar'caas,,29785,145956,0,-1,0,0,0,0,0,0,0,0,0,0,23705,115,337,0,3,3735808,0,268435456,0,0,0,-1,-1
49053,Vigia,,29786,145953,0,-1,0,0,0,0,0,0,0,0,0,0,23706,115,337,0,3,3735808,0,268435456,0,0,0,-1,-1
49054,Inchão,,29787,145953,0,-1,0,0,0,0,0,0,0,0,0,0,23707,115,337,0,3,3735808,0,268435456,0,0,0,-1,-1
49055,Auricossário,,29788,145953,0,-1,0,0,0,0,0,0,0,0,0,0,23708,115,337,0,3,3735808,0,268435456,0,0,0,-1,-1
49056,Lingatuno,,29789,145953,0,-1,0,0,0,0,0,0,0,0,0,0,23709,115,337,0,3,3735808,0,268435456,0,0,0,-1,-1
49057,Paraxínea,,29790,145953,0,-1,0,0,0,0,0,0,0,0,0,0,23710,115,337,0,3,3735808,0,268435456,0,0,0,-1,-1
49058,Um-de-muitos,,29791,145953,0,-1,0,0,0,0,0,0,0,0,0,0,23711,115,337,0,3,3735808,0,268435456,0,0,0,-1,-1
49068,Segurando a barra,,29797,55564,0,-1,0,0,0,0,0,0,0,0,0,0,23720,109,464,0,3,41484288,8192,268435456,0,0,0,1309324210,-1440044374
49300,Corrupção de criaturas,,29980,0,0,-1,0,0,0,0,0,0,0,0,0,0,0,0,1310,0,3,34144256,0,268468224,48366,0,0,-1321907123,1427461461
49315,Conluio da Pérola Medonha,,29995,61885,0,-1,0,0,0,0,0,0,0,0,0,0,0,0,1407,0,3,34144256,0,268468224,0,0,0,-1,-1
49345,Tesouro Enterrado,,30025,55564,0,-1,0,0,0,0,0,0,0,0,0,0,25055,109,464,0,3,41484288,8192,268435456,0,0,0,1309324210,-1440044374
49367,Tracking Quest,,30044,0,0,-1,0,0,0,0,0,0,0,0,0,0,0,0,190,0,3,33555456,0,0,0,0,0,-1,-1
49368,Tracking Quest,,30045,0,0,-1,0,0,0,0,0,0,0,0,0,0,0,0,190,0,3,33555456,0,0,0,0,0,-1,-1
49369,Tracking Quest,,30046,0,0,-1,0,0,0,0,0,0,0,0,0,0,0,0,190,0,3,33555456,0,0,0,0,0,-1,-1
49397,Festa da Linguiça,,30069,55564,0,-1,0,0,0,0,0,0,0,0,0,0,25198,109,464,0,3,34144256,0,268435456,0,0,0,-1321907123,1427461461
49406,Matança em Zalamar,,30078,53450,0,-1,0,0,0,0,0,0,0,0,0,0,0,0,1403,0,3,269025280,0,268468224,0,0,0,1309324210,-1440044374
49413,Pivetes letrados,,30084,55564,0,-1,0,0,0,0,0,0,0,0,0,0,24018,109,464,0,3,37289984,0,268435456,0,0,0,-1,-1
49444,Sob quatro patas,,30112,68543,0,-1,0,0,0,0,0,0,0,0,0,0,23566,109,464,0,3,41484288,8192,268435456,0,0,0,1309324210,-1440044374
49529,Faxina geral,,30167,54391,0,-1,0,0,0,0,0,0,0,0,0,0,0,0,1310,0,3,34144256,0,268468224,0,0,0,-1321907123,1427461461
49675,Tracking Quest,,30237,0,0,-1,0,0,0,0,0,0,0,0,0,0,0,0,190,0,3,33555456,0,0,0,0,0,-1,-1
49695,Tracking Quest,,30257,0,0,-1,0,0,0,0,0,0,0,0,0,0,0,0,190,0,3,33555464,0,0,0,0,0,-1,-1
49739,Inimigos no portão,,30283,62654,0,-1,0,0,0,0,0,0,0,0,0,0,0,0,1310,0,3,589824,0,268468224,49738,0,0,-1321907123,1427461461
49800,Atal'Dazar: Aranhas!,,30331,55564,0,-1,0,0,0,0,0,0,0,0,0,0,24143,137,464,0,3,35192832,0,268435458,0,0,0,-1,-1
49809,Atal'Dazar: escondidos na escuridão,,30340,55564,0,-1,0,0,0,0,0,0,0,0,0,0,24144,137,464,0,3,35192832,0,268435458,0,0,0,-1,-1
49888,Atal'Dazar: Um mojinho,,30400,55564,0,-1,0,0,0,0,0,0,0,0,0,0,24145,137,464,0,3,35192832,0,268435458,0,0,0,-1,-1
49918,Garganta do Gorila,,30430,66346,0,-1,0,0,0,0,0,0,0,0,0,0,0,0,1407,0,3,34144320,0,268468224,0,0,0,1309324210,-1440044374
49994,Deslizando com estilo,,30491,55564,0,-1,0,0,0,0,0,0,0,0,0,0,26695,109,464,0,3,2686976,0,268435456,0,0,0,-1321907123,1427461461
50000,Negócios bestiais,,30497,55564,0,-1,0,0,0,0,0,0,0,0,0,0,25244,109,464,0,3,37289984,0,268435456,0,0,0,-1321907123,1427461461
50009,Tripulação de recuperação de naufrágio,,30506,0,0,-1,0,0,0,0,0,0,0,0,0,0,0,0,1310,0,3,34144256,0,268468224,50026,0,0,-1321907123,1427461461
50072,Test WQ Quest [RNM],,30567,0,0,-1,0,0,0,0,0,0,0,0,0,0,24378,115,347,0,3,34144256,196608,268435456,0,0,0,-1,-1
50080,Saqueando os saqueadores,,30575,62273,0,-1,0,0,0,0,0,0,0,0,0,0,0,0,1403,0,3,38338560,8192,268468224,0,0,0,1309324210,-1440044374
50091,Reparos na vila,,30586,54736,0,-1,0,0,0,0,0,0,0,0,0,0,0,0,1404,0,3,37289984,0,268468224,0,0,0,-1321907123,1427461461
50133,Batendo pela raiz,,30618,54815,0,-1,1,0,0,0,0,0,0,0,0,0,0,0,1405,0,3,34144256,0,268468224,0,0,0,-1321907123,1427461461
50164,Papagaio quer biscoito?,,30649,55564,0,-1,0,0,0,0,0,0,0,0,0,154878,25319,109,464,0,3,38338560,8192,268435456,0,0,0,-1321907123,1427461461
50178,Perigo na Senda do Raizedo,,30660,0,0,-1,0,0,0,0,0,0,0,0,0,0,0,0,1407,0,3,34144256,0,268468224,0,0,0,1309324210,-1440044374
50234,Tripulação de Angra do Facão,,30716,55564,0,-1,0,0,0,0,0,0,0,0,0,0,24483,109,464,0,3,4784128,8193,268435456,0,0,0,-1321907123,1427461461
50267,Xu'e,,30744,0,0,-1,1,0,0,0,0,0,0,0,0,0,0,0,0,0,3,35652616,0,0,0,0,0,-1,-1
50287,"Ao vencedor, as bananas",,30768,55564,0,-1,0,0,0,0,0,0,0,0,0,0,24526,109,464,0,3,37290304,0,268435456,0,0,0,1309324210,-1440044374
50295,Como arrancar dente,,30775,70114,0,-1,0,0,0,0,0,0,0,0,0,0,24527,109,464,0,3,38338560,8192,268435456,0,0,0,-1321907123,1427461461
50296,Barbeiro de cabra,,30776,55564,0,-1,0,0,0,0,0,0,0,0,0,153596,24528,109,464,0,3,34144256,0,268435456,0,0,0,-1321907123,1427461461
50299,Laçando grifos,,30779,55564,0,-1,0,0,0,0,0,0,0,0,0,156928,24532,109,464,0,3,34144256,0,268435456,0,0,0,-1321907123,1427461461
50315,Fora do itinerário,,30793,55564,0,-1,0,0,0,0,0,0,0,0,0,0,25380,109,464,0,3,38338560,8192,268435456,0,0,0,-1321907123,1427461461
50322,Moda penosa,,30799,55564,0,-1,0,0,0,0,0,0,0,0,0,0,25858,109,464,0,3,38338560,8192,268435456,0,0,0,-1321907123,1427461461
50324,O pitoresco Resort das Fontes Gasosas,,30801,55564,0,-1,0,0,0,0,0,0,0,0,0,157540,26576,109,464,0,3,38338560,8192,268435456,0,0,0,-1321907123,1427461461
50357,Retomada da mina,,30833,5793,0,-1,0,0,0,0,0,0,0,0,0,0,0,0,1310,0,3,34144256,0,268468224,50349,0,0,-1321907123,1427461461
50369,Porções de poções,,30845,55564,0,-1,1,0,0,0,0,0,0,0,0,0,25411,109,464,0,3,3735552,0,268435456,0,0,0,-1321907123,1427461461
50421,Maestria no mastro,,30896,55564,0,-1,0,0,0,0,0,0,0,0,0,0,25457,109,464,0,3,4784128,8192,268435456,0,0,0,-1321907123,1427461461
50443,Até a raiz,,30918,55564,0,-1,0,0,0,0,0,0,0,0,0,0,24631,109,464,0,3,41484288,8192,268435456,0,0,0,1309324210,-1440044374
50448,A retomada de Corlain,,30924,0,0,-1,0,0,0,0,0,0,0,0,0,0,0,0,1404,0,3,38338560,0,268468224,50253,0,0,-1321907123,1427461461
50459,Vugthuth,,30935,55564,0,-1,0,0,0,0,0,0,0,0,0,0,24588,136,464,0,3,37289984,0,268435456,0,0,0,-1,-1
50461,Zujothgul,,30937,55564,0,-1,0,0,0,0,0,0,0,0,0,0,24589,136,464,0,3,37289984,0,268435456,0,0,0,-1,-1
50468,Shul-Nagruth,,30943,55564,0,-1,0,0,0,0,0,0,0,0,0,0,24590,136,464,0,3,37289984,0,268435456,0,0,0,-1,-1
50474,O Outro Lado,,30945,55564,0,-1,0,0,0,0,0,0,0,0,0,0,24632,109,464,0,3,41484288,8192,268435456,0,0,0,1309324210,-1440044374
50483,Infralorde Xerxiz,,30954,55564,0,-1,0,0,0,0,0,0,0,0,0,0,24591,136,464,0,3,37289984,0,268435456,0,0,0,-1,-1
50488,Quebra-queixo Ancestral,,30958,55564,0,-1,0,0,0,0,0,0,0,0,0,0,24597,135,464,0,3,34144320,0,268435456,0,0,0,-1,-1
50489,Xu'ba,,30959,55564,0,-1,0,0,0,0,0,0,0,0,0,0,24598,135,464,0,3,34144320,0,268435456,0,0,0,-1,-1
50490,"Uroku, o Vinculado",,30960,55564,0,-1,0,0,0,0,0,0,0,0,0,0,24599,135,464,0,3,34144320,0,268435456,0,0,0,-1,-1
50491,Leva-cadáver Yal'kar,,30961,55564,0,-1,0,0,0,0,0,0,0,0,0,0,24600,135,464,0,3,34144320,0,268435456,0,0,0,-1,-1
50492,Baú Amaldiçoado,,30962,55564,0,-1,0,0,0,0,0,0,0,0,0,0,24601,135,464,0,3,34144320,0,268435456,0,0,0,-1,-1
50496,Devorão,,30967,55564,0,-1,0,0,0,0,0,0,0,0,0,0,24602,135,464,0,3,34144320,0,268435456,0,0,0,-1,-1
50497,Benevolência de Krag'wa,,30968,55564,0,-1,0,0,0,0,0,0,0,0,0,0,24635,109,464,0,3,41484288,8192,268435456,0,0,0,1309324210,-1440044374
50498,Rasgatripa,,30969,55564,0,-1,0,0,0,0,0,0,0,0,0,0,24603,135,464,0,3,34144320,0,268435456,0,0,0,-1,-1
50499,Gwugnug,,30970,55564,0,-1,0,0,0,0,0,0,0,0,0,0,24604,135,464,0,3,34144320,0,268435456,0,0,0,-1,-1
50501,Rainha Tzxi'kik,,30972,55564,0,-1,0,0,0,0,0,0,0,0,0,0,24605,135,464,0,3,35192896,0,268435456,0,0,0,-1,-1
50502,"Jax'teb, o Reanimado",,30973,55564,0,-1,0,0,0,0,0,0,0,0,0,0,24606,135,464,0,3,34144320,0,268435456,0,0,0,-1,-1
50503,"Juba, o Marcado",,30974,55564,0,-1,0,0,0,0,0,0,0,0,0,0,24607,135,464,0,3,34144320,0,268435456,0,0,0,-1,-1
50505,Kal'draxa,,30976,67269,0,-1,0,0,0,0,0,0,0,0,0,0,24608,135,464,0,3,34144320,0,268435456,0,0,0,-1,-1
50506,Rei Kuba,,30977,55564,0,-1,0,0,0,0,0,0,0,0,0,0,24609,135,464,0,3,34144320,0,268435456,0,0,0,-1,-1
50507,Krubbs,,30978,55564,0,-1,0,0,0,0,0,0,0,0,0,0,24610,135,464,0,3,34144320,0,268435456,0,0,0,-1,-1
50509,Lo'kuno,,30980,55564,0,-1,0,0,0,0,0,0,0,0,0,0,24612,135,464,0,3,34144320,0,268435456,0,0,0,-1,-1
50510,Saurolisco Empanturrado,,30981,55564,0,-1,0,0,0,0,0,0,0,0,0,0,24613,135,464,0,3,34144320,0,268435456,0,0,0,-1,-1
50511,Bajiatha,,30982,55564,0,-1,0,0,0,0,0,0,0,0,0,0,24614,135,464,0,3,34144320,0,268435456,0,0,0,-1,-1
50512,Batedor Skrasniss,,30983,55564,0,-1,0,0,0,0,0,0,0,0,0,0,24615,135,464,0,3,34144320,0,268435456,0,0,0,-1,-1
50513,Guardião Maculado,,30984,55564,0,-1,0,0,0,0,0,0,0,0,0,0,24616,135,464,0,3,34144320,0,268435456,0,0,0,-1,-1
50514,Entalhadora de Totem Jash'ga,,30985,55564,0,-1,0,0,0,0,0,0,0,0,0,0,24617,135,464,0,3,34144320,0,268435456,0,0,0,-1,-1
50515,Presa-venenosa,,30986,55564,0,-1,0,0,0,0,0,0,0,0,0,0,24618,135,464,0,3,34144320,0,268435456,0,0,0,-1,-1
50516,Rufadora de Guerra Zurula,,30987,55564,0,-1,0,0,0,0,0,0,0,0,0,0,24619,135,464,0,3,34144320,0,268435456,0,0,0,-1,-1
50517,Mala'kili e Rohnkor,,30988,55564,0,-1,0,0,0,0,0,0,0,0,0,0,24620,135,464,0,3,34144320,0,268435456,0,0,0,-1,-1
50518,Zanxib,,30989,55564,0,-1,0,0,0,0,0,0,0,0,0,0,24621,135,464,0,3,34144320,0,268435456,0,0,0,-1,-1
50519,Za'amar,,30990,55564,0,-1,0,0,0,0,0,0,0,0,0,0,24623,135,464,0,3,34144320,0,268435456,0,0,0,-1,-1
50521,Terra queimada,,30992,55564,0,-1,0,0,0,0,0,0,0,0,0,157847,25598,109,464,0,3,41615360,8192,268435456,0,0,0,1309324210,-1440044374
50524,A purificação do templo,,30995,55564,0,-1,0,0,0,0,0,0,0,0,0,0,24664,109,464,0,3,41484288,8192,268435456,0,0,0,1309324210,-1440044374
50527,Por trás das linhas dos mogus,,30998,66654,0,-1,0,0,0,0,0,0,0,0,0,0,24666,109,464,0,3,41484544,8192,268435456,52287,0,0,-1321907123,1427461461
50529,Os espíritos interiores,,31000,55564,0,-1,0,0,0,0,0,0,0,0,0,0,24637,109,464,0,3,41484288,8192,268435456,0,0,0,1309324210,-1440044374
50540,Reagrupamento dos Rastari,,31011,55564,0,-1,0,0,0,0,0,0,0,0,0,157858,24676,109,464,0,3,41615616,8192,268435456,0,0,0,1309324210,-1440044374
50545,Raio bifurcado,,32725,55564,0,-1,0,0,0,0,0,0,0,0,0,0,24639,109,464,0,3,41484288,8192,268435456,0,0,0,1309324210,-1440044374
50547,Facas de Zul,,31020,55564,0,-1,0,0,0,0,0,0,0,0,0,0,24677,109,464,0,3,41484544,0,268435456,0,0,0,1309324210,-1440044374
50548,Seja feita a Vontade do Rei,,31021,55564,0,-1,0,0,0,0,0,0,0,0,0,0,24678,109,464,0,3,41615360,8192,268435456,0,0,0,1309324210,-1440044374
50549,Barbárie sem tamanho,,31022,55564,0,-1,0,0,0,0,0,0,0,0,0,0,25611,109,464,0,3,41484288,8192,268435456,0,0,0,1309324210,-1440044374
50559,Saindo do controle,,31032,66505,0,-1,5,0,0,0,0,0,0,0,0,0,25787,109,464,0,3,40435712,8192,268435456,0,0,0,1309324210,-1440044374
50564,Escória imbuída de azerita,,31037,55564,0,-1,0,0,0,0,0,0,0,0,0,0,24680,135,464,0,3,37290048,0,268435456,0,0,0,-1,-1
50566,Pergaminho perdido,,31039,55564,0,-1,0,0,0,0,0,0,0,0,0,0,24681,135,464,0,3,37290048,0,268435456,0,0,0,-1,-1
50568,Desafio de Chag,,31041,55564,0,-1,0,0,0,0,0,0,0,0,0,0,24682,135,464,0,3,37290048,0,268435456,0,0,0,-1,-1
50570,Elemental imbuído de azerita,,31043,55564,0,-1,0,0,0,0,0,0,0,0,0,0,24683,135,464,0,3,34144320,0,268435456,0,0,0,-1,-1
50571,Ovocídio,,31044,55564,0,-1,0,0,0,0,0,0,0,0,0,0,24684,109,464,0,3,41484544,0,268435456,0,0,0,1309324210,-1440044374
50572,Intrusão sangrenta,,31045,67204,0,-1,0,0,0,0,0,0,0,0,0,154724,24642,109,464,0,3,41615360,8192,268435456,0,0,0,1309324210,-1440044374
50574,Métodos de preservação,,31047,55564,0,-1,0,0,0,0,0,0,0,0,0,158067,24685,109,464,0,3,41615616,0,268435456,0,0,0,1309324210,-1440044374
50577,Desaparecidos,,31050,55564,0,-1,0,0,0,0,0,0,0,0,0,159761,25599,109,464,0,3,41484288,8192,268435456,0,0,0,1309324210,-1440044374
50578,Rearruinando tudo,,31051,55564,0,-1,0,0,0,0,0,0,0,0,0,0,24686,109,464,0,3,41484288,8192,268435456,0,0,0,1309324210,-1440044374
50581,Pergaminhos e escamas,,31054,70810,0,-1,0,0,0,0,0,0,0,0,0,0,25000,109,464,0,3,41484288,8192,268435456,0,0,0,1309324210,-1440044374
50587,Críticas nagativas,,31060,55564,0,-1,0,0,0,0,0,0,0,0,0,0,24644,109,464,0,3,41484288,8192,268435456,0,0,0,1309324210,-1440044374
50591,Quem com ferrão fere...,,31066,55564,0,-1,0,0,0,0,0,0,0,0,0,0,25748,109,464,0,3,34144256,16384,268435456,0,0,0,-1321907123,1427461461
50592,Terrorzinho,,31067,55564,0,-1,0,0,0,0,0,0,0,0,0,0,24999,109,464,0,3,41484288,8192,268435456,49681,0,0,1309324210,-1440044374
50619,Tudo o que sobe,,31093,55564,0,-1,0,0,0,0,0,0,0,0,0,0,24997,109,464,0,3,38338560,8192,268435456,0,0,0,1309324210,-1440044374
50633,Ingredientes pterríveis,,31105,55564,0,-1,0,0,0,0,0,0,0,0,0,0,24706,109,464,0,3,41484544,0,268435456,0,0,0,1309324210,-1440044374
50634,SOS pergaminho!,,31106,55564,0,-1,0,0,0,0,0,0,0,0,0,0,24847,109,464,0,3,38338560,8192,268435456,0,0,0,1309324210,-1440044374
50636,Ravoracidade,,31108,55564,0,-1,0,0,0,0,0,0,0,0,0,0,24707,109,464,0,3,41484544,0,268435456,0,0,0,1309324210,-1440044374
50648,Uma bolha de problemas,,31120,55564,0,-1,0,0,0,0,0,0,0,0,0,0,24649,109,464,0,3,41484288,8192,268435456,0,0,0,1309324210,-1440044374
50650,Triturando Zalamar,,31122,67203,0,-1,0,0,0,0,0,0,0,0,0,0,26030,109,464,0,3,272171008,0,268435456,0,0,0,1309324210,-1440044374
50651,Potencial decepado,,31123,55564,0,-1,0,0,0,0,0,0,0,0,0,158185,24713,109,464,0,3,41615616,0,268435456,0,0,0,-1321907123,1427461461
50652,Mordendo a mão que alimenta,,31124,55564,0,-1,0,0,0,0,0,0,0,0,0,0,24996,109,464,0,3,38338560,8192,268435456,0,0,0,1309324210,-1440044374
50660,Estratégia de sobrevivência,,31132,55564,0,-1,0,0,0,0,0,0,0,0,0,0,24652,109,464,0,3,41484288,8192,268435456,0,0,0,1309324210,-1440044374
50665,Apocalipse sanguitrólico cancelado,,31137,55564,0,-1,0,0,0,0,0,0,0,0,0,0,24654,109,464,0,3,272171008,0,268435456,0,0,0,1309324210,-1440044374
50667,Passou da validade,,31139,55564,0,-1,0,0,0,0,0,0,0,0,0,0,24653,109,464,0,3,41484288,8192,268435456,0,0,0,1309324210,-1440044374
50676,Pedágio do rio,,31149,55564,0,-1,0,0,0,0,0,0,0,0,0,0,24655,109,464,0,3,41484288,8192,268435456,0,0,0,1309324210,-1440044374
50689,É o fim do poço,,31162,55564,0,-1,0,0,0,0,0,0,0,0,0,0,24656,109,464,0,3,272171264,0,268435456,0,0,0,1309324210,-1440044374
50695,Canibalismo não tem vez,,31167,55564,0,-1,0,0,0,0,0,0,0,0,0,0,25595,109,464,0,3,272171008,0,268435456,0,0,0,1309324210,-1440044374
50717,"Sai de mim, troll!",,31189,55564,0,-1,0,0,0,0,0,0,0,0,0,158324,24658,109,464,0,3,272171264,0,268435456,0,0,0,1309324210,-1440044374
50718,Agente da morte,,31190,55564,0,-1,0,0,0,0,0,0,0,0,0,0,24659,109,464,0,3,41484288,8192,268435456,0,0,0,1309324210,-1440044374
50735,Peculiaridades fúnebres,,31206,55564,0,-1,0,0,0,0,0,0,0,0,0,0,24660,109,464,0,3,41484288,8192,268435456,0,0,0,1309324210,-1440044374
50737,Cale os porta-vozes,,31207,55564,0,-1,0,0,0,0,0,0,0,0,0,0,24743,109,464,0,3,41484544,0,268435456,0,0,0,-1321907123,1427461461
50744,Refresque a memória deles,,31215,55564,0,-1,0,0,0,0,0,0,0,0,0,0,24755,109,464,0,3,41484544,0,268435456,0,0,0,1309324210,-1440044374
50747,Amani nenhum presta,,31218,55564,0,-1,0,0,0,0,0,0,0,0,0,0,24756,109,464,0,3,41484544,8192,268435456,0,0,0,-1321907123,1427461461
50756,Evacuação subterrânea,,31227,55564,0,-1,0,0,0,0,0,0,0,0,0,158652,24757,109,464,0,3,8061184,0,268435456,0,0,0,-1321907123,1427461461
50765,Rebanho de criançada,,31236,55564,0,-1,0,0,0,0,0,0,0,0,0,0,25002,109,464,0,3,38338560,8192,268435456,0,0,0,1309324210,-1440044374
50767,A gangue Osso Talhado,,31238,55564,0,-1,0,0,0,0,0,0,0,0,0,0,25383,109,464,0,3,34144256,0,268435456,0,0,0,-1321907123,1427461461
50776,Falsos profetas,,31247,55564,0,-1,0,0,0,0,0,0,0,0,0,0,26579,109,464,0,3,34144256,0,268435456,0,0,0,-1321907123,1427461461
50779,Quadro em branco,,31250,56366,0,-1,0,0,0,0,0,0,0,0,0,0,0,0,1405,0,3,34144256,0,268468224,50612,0,0,-1321907123,1427461461
50782,A rua sabe,,31253,55564,0,-1,0,0,0,0,0,0,0,0,0,0,24763,109,464,0,3,41615616,0,268435456,0,0,0,-1321907123,1427461461
50786,A vingança de Krag'wa,,31257,55564,0,-1,0,0,0,0,0,0,0,0,0,0,24640,109,464,0,3,41484288,8192,268435456,0,0,0,1309324210,-1440044374
50792,Aceito propinas,,31263,55564,0,-1,0,0,0,0,0,0,0,0,0,0,26581,109,464,0,3,34144256,0,268435456,0,0,0,-1321907123,1427461461
50805,Clamacéus em calamidade,,31276,56202,0,-1,5,0,0,0,0,0,0,0,0,0,0,0,1406,0,3,34275328,0,268468224,0,0,0,1309324210,-1440044374
50813,Recuperação de carga,,31284,55564,0,-1,0,0,0,0,0,0,0,0,0,0,24661,109,464,0,3,41484288,8192,268435456,0,0,0,1309324210,-1440044374
50845,Kul'krazahn,,31307,55564,0,-1,0,0,0,0,0,0,0,0,0,0,24785,135,464,0,3,37290048,0,268435456,0,0,0,-1,-1
50846,Caçadora de cabeças Lee'za,,31308,55564,0,-1,0,0,0,0,0,0,0,0,0,0,24786,136,464,0,3,37289984,0,268435456,0,0,0,-1,-1
50847,Filho de Rezan corrompido,,31309,55564,0,-1,0,0,0,0,0,0,0,0,0,0,24787,136,464,0,3,37289984,0,268435456,0,0,0,-1,-1
50848,"Brgl-Lrgl, o Esmurrador",,31310,0,0,-1,0,0,0,0,0,0,0,0,0,0,0,136,464,0,3,37290048,0,268435456,0,0,0,-1,-1
50849,Mandingueiro Habra'du,,31311,0,0,-1,0,0,0,0,0,0,0,0,0,0,0,136,464,0,3,37290048,0,268435456,0,0,0,-1,-1
50850,Tia'Kawan,,31312,55564,0,-1,0,0,0,0,0,0,0,0,0,0,24790,136,464,0,3,37289984,0,268435456,0,0,0,-1,-1
50851,"Mor'fani, o Exilado",,31313,0,0,-1,0,0,0,0,0,0,0,0,0,0,0,136,464,0,3,37290048,0,268435456,0,0,0,-1,-1
50852,Lady Seirine,,31314,0,0,-1,0,0,0,0,0,0,0,0,0,0,0,136,464,0,3,37290048,0,268435456,0,0,0,-1,-1
50853,Umbra'rix,,31315,55564,0,-1,0,0,0,0,0,0,0,0,0,0,24793,136,464,0,3,37289984,0,268435456,0,0,0,-1,-1
50854,Garra Carmesim,,31316,55564,0,-1,0,0,0,0,0,0,0,0,0,0,24795,135,464,0,3,37290048,0,268435456,0,0,0,-1,-1
50855,Velho R'gal,,31317,55564,0,-1,0,0,0,0,0,0,0,0,0,0,24796,136,464,0,3,37290048,0,268435456,0,0,0,-1321907123,1427461461
50857,Golrakahn,,31319,55564,0,-1,0,0,0,0,0,0,0,0,0,0,24797,135,464,0,3,37290048,0,268435456,0,0,0,-1,-1
50858,Rainha Celeste,,31320,55564,0,-1,0,0,0,0,0,0,0,0,0,0,24798,135,464,0,3,37290048,0,268435456,0,0,0,-1321907123,1427461461
50859,Kandak,,31321,55564,0,-1,0,0,0,0,0,0,0,0,0,0,24799,135,464,0,3,37290048,0,268435456,0,0,0,-1,-1
50861,"Torrasque, o Eterno",,31323,55564,0,-1,0,0,0,0,0,0,0,0,0,0,24801,135,464,0,3,37290048,0,268435456,0,0,0,-1,-1
50862,Bojo-sangrento,,31324,55564,0,-1,0,0,0,0,0,0,0,0,0,0,24802,135,464,0,3,37290048,0,268435456,0,0,0,-1,-1
50863,Avatar de Xolotal,,31325,55564,0,-1,0,0,0,0,0,0,0,0,0,0,24803,135,464,0,3,37290048,0,268435456,0,0,0,-1,-1
50864,Gotaka Atal'zul,,31326,55564,0,-1,0,0,0,0,0,0,0,0,0,0,24804,135,464,0,3,37290048,0,268435456,0,0,0,-1,-1
50866,Zeius,,31328,66345,0,-1,0,0,0,0,0,0,0,0,0,0,24805,135,464,0,3,37290048,0,268435456,0,0,0,-1,-1
50867,Tambano,,31329,55564,0,-1,0,0,0,0,0,0,0,0,0,0,24806,135,464,0,3,37290048,0,268435456,0,0,0,-1,-1
50868,Asa de Sarça,,31330,55564,0,-1,0,0,0,0,0,0,0,0,0,0,24807,135,464,0,3,37290048,0,268435456,0,0,0,-1,-1
50869,Kiboko,,31331,55564,0,-1,0,0,0,0,0,0,0,0,0,0,24808,135,464,0,3,37290048,0,268435456,0,0,0,-1,-1
50870,G'Naat,,31332,55564,0,-1,0,0,0,0,0,0,0,0,0,0,24809,135,464,0,3,37290048,0,268435456,0,0,0,-1,-1
50871,Queixadaga,,31333,55564,0,-1,0,0,0,0,0,0,0,0,0,0,24810,135,464,0,3,37290048,0,268435456,0,0,0,-1,-1
50872,Guerrídeo Karkithiss,,31334,55564,0,-1,0,0,0,0,0,0,0,0,0,0,24811,135,464,0,3,37290048,0,268435456,0,0,0,-1,-1
50873,Ovo estranho,,31335,55564,0,-1,0,0,0,0,0,0,0,0,0,0,24812,135,464,0,3,37290048,0,268435456,0,0,0,-1,-1
50874,"Hakbi, o Revivido",,31336,55564,0,-1,0,0,0,0,0,0,0,0,0,0,24813,135,464,0,3,37290048,0,268435456,0,0,0,-1,-1
50875,Orador Sombrio Jo'la,,31337,55564,0,-1,0,0,0,0,0,0,0,0,0,0,24814,135,464,0,3,37290048,0,268435456,0,0,0,-1,-1
50876,Bicoletal,,31338,55564,0,-1,0,0,0,0,0,0,0,0,0,0,24815,135,464,0,3,37290048,0,268435456,0,0,0,-1,-1
50877,Gahz'ralka,,31339,55564,0,-1,0,0,0,0,0,0,0,0,0,0,24816,135,464,0,3,37290048,0,268435456,0,0,0,-1,-1
50885,Lei-zhi,,31347,55564,0,-1,0,0,0,0,0,0,0,0,0,0,25019,135,464,0,3,37290048,0,268435456,0,0,0,-1,-1
50899,"Sai de mim, troll!",,31361,55564,0,-1,0,0,0,0,0,0,0,0,0,158924,24850,109,464,0,3,272171008,0,268435456,0,0,0,-1321907123,1427461461
50936,Estratégia de sobrevivência,,31398,55564,0,-1,0,0,0,0,0,0,0,0,0,0,24848,109,464,0,3,41484288,8192,268435456,0,0,0,-1321907123,1427461461
50957,Ira de Rezan,,31417,55564,0,-1,0,0,0,0,0,0,0,0,0,0,24888,109,464,0,3,40435712,8192,268435456,0,0,0,1309324210,-1440044374
50958,Cuidado com a carteira,,31418,55564,0,-1,0,0,0,0,0,0,0,0,0,0,26580,109,464,0,3,34144256,0,268435456,0,0,0,-1321907123,1427461461
50959,Piratas pilhadores,,31420,0,0,-1,0,0,0,0,0,0,0,0,0,0,0,0,1404,0,3,38338624,0,268468224,0,0,0,-1321907123,1427461461
50961,Salve nossos pergaminhos!,,31106,55564,0,-1,0,0,0,0,0,0,0,0,0,0,24847,109,464,0,3,38338560,8192,268435456,0,0,0,-1321907123,1427461461
50962,Recuperação de carga,,31424,55564,0,-1,0,0,0,0,0,0,0,0,0,0,24846,109,464,0,3,41484288,8192,268435456,0,0,0,-1321907123,1427461461
50964,Combate ritual,,31426,61938,0,-1,0,0,0,0,0,0,0,0,0,0,24915,109,464,0,3,35323904,0,268435456,0,0,0,1309324210,-1440044374
50966,Equipe de Limpeza,,31428,55564,0,-1,0,0,0,0,0,0,0,0,0,0,24998,109,464,0,3,38338560,8192,268435456,0,0,0,1309324210,-1440044374
50969,Gerenciamento de emergência,,31430,55564,0,-1,0,0,0,0,0,0,0,0,0,0,25233,109,464,0,3,41484288,8192,268435456,0,0,0,-1321907123,1427461461
50975,Mineração de azerita,,31436,55564,0,-1,0,0,0,0,0,0,0,0,0,0,24940,151,464,0,3,272171008,0,268435456,0,0,0,-1,-1
50977,Recadinho para o contrabandista,,31438,55564,0,-1,0,0,0,0,0,0,0,0,0,0,24941,109,464,0,3,34144256,0,268435456,0,0,0,-1321907123,1427461461
50981,Ordem de Serviço: Broto-do-rio,,31442,55564,0,-1,0,0,0,0,0,2549,1,0,0,0,26156,119,464,0,3,524608,0,268435458,0,0,0,-1321907123,1427461461
50982,Ordens de Serviço: Musgo-estrela,,31443,55564,0,-1,0,0,0,0,0,2549,1,0,0,0,26157,119,464,0,3,524608,0,268435458,0,0,0,-1321907123,1427461461
50983,Ordem de Serviço: Mordida-de-akunda,,31444,55564,0,-1,0,0,0,0,0,2549,1,0,0,0,26158,119,464,0,3,524608,0,268435458,0,0,0,-1321907123,1427461461
50984,Ordem de Serviço: Beijo-do-inverno,,31445,55564,0,-1,0,0,0,0,0,2549,1,0,0,0,26159,119,464,0,3,524608,0,268435458,0,0,0,-1321907123,1427461461
50985,Ordem de serviço: Pólen de Sirena,,31446,55564,0,-1,0,0,0,0,0,2549,1,0,0,0,26160,119,464,0,3,524608,0,268435458,0,0,0,-1321907123,1427461461
50986,Ordem de Serviço: Talo-marinho,,31447,55564,0,-1,0,0,0,0,0,2549,1,0,0,0,26161,119,464,0,3,524608,0,268435458,0,0,0,-1321907123,1427461461
50987,Ordem de serviço: minério de monelita,,31448,55564,0,-1,0,0,0,0,0,2565,1,0,0,0,26175,120,464,0,3,524608,0,268435458,0,0,0,-1321907123,1427461461
50989,Ordem de Serviço: Minério de Prata Procelosa,,31450,55564,0,-1,0,0,0,0,0,2565,1,0,0,0,26176,120,464,0,3,524608,0,268435458,0,0,0,-1321907123,1427461461
50991,Ordem de Serviço: Osso Manchado de Sangue,,31452,55564,0,-1,0,0,0,0,0,2557,1,0,0,0,26183,124,464,0,3,524608,0,268435458,0,0,0,-1321907123,1427461461
50992,Ordem de Serviço: Osso Calcificado,,31453,55564,0,-1,0,0,0,0,0,2557,1,0,0,0,26184,124,464,0,3,524608,0,268435458,0,0,0,-1321907123,1427461461
50993,Ordem de Serviço: Couro Grosseiro,,31454,55564,0,-1,0,0,0,0,0,2557,1,0,0,0,26185,124,464,0,3,524608,0,268435458,0,0,0,-1321907123,1427461461
50994,Ordem de Serviço: Pelego da Tempestade,,31455,55564,0,-1,0,0,0,0,0,2557,1,0,0,0,26186,124,464,0,3,524608,0,268435458,0,0,0,-1321907123,1427461461
50995,Ordem de Serviço: Brilhescama,,31456,55564,0,-1,0,0,0,0,0,2557,1,0,0,0,26187,124,464,0,3,524608,0,268435458,0,0,0,-1321907123,1427461461
50996,Ordem de Serviço: Brumescama,,31457,55564,0,-1,0,0,0,0,0,2557,1,0,0,0,26188,124,464,0,3,524608,0,268435458,0,0,0,-1321907123,1427461461
50997,Ordem de serviço: Linho Borrifado pela Maré,,31458,55564,0,-1,0,0,0,0,0,197,1,0,0,0,26177,121,464,0,3,524608,0,268435458,0,0,0,-1321907123,1427461461
50998,Ordem de Serviço: Seda do Mar Profundo,,31459,55564,0,-1,0,0,0,0,0,197,1,0,0,0,26178,121,464,0,3,524608,0,268435458,0,0,0,-1321907123,1427461461
50999,Ordem de Serviço: Broto-do-rio,,31460,55564,0,-1,0,0,0,0,0,2549,1,0,0,0,26229,119,464,0,3,524608,0,268435458,0,0,0,1309324210,-1440044374
51000,Ordens de Serviço: Musgo-estrela,,31463,55564,0,-1,0,0,0,0,0,2549,1,0,0,0,26230,119,464,0,3,524608,0,268435458,0,0,0,1309324210,-1440044374
51002,Ordem de Serviço: Mordida-de-akunda,,31464,55564,0,-1,0,0,0,0,0,2549,1,0,0,0,26231,119,464,0,3,524608,0,268435458,0,0,0,1309324210,-1440044374
51003,Ordem de Serviço: Beijo-do-inverno,,31465,55564,0,-1,0,0,0,0,0,2549,1,0,0,0,26232,119,464,0,3,524608,0,268435458,0,0,0,1309324210,-1440044374
51004,Ordem de serviço: Pólen de Sirena,,31466,55564,0,-1,0,0,0,0,0,2549,1,0,0,0,26233,119,464,0,3,524608,0,268435458,0,0,0,1309324210,-1440044374
51005,Ordem de Serviço: Talo-marinho,,31467,55564,0,-1,0,0,0,0,0,2549,1,0,0,0,26234,119,464,0,3,524608,0,268435458,0,0,0,1309324210,-1440044374
51006,Ordem de serviço: minério de monelita,,31468,67908,0,-1,0,0,0,0,0,2565,1,0,0,0,26251,120,464,0,3,524608,0,268435458,0,0,0,1309324210,-1440044374
51007,Ordem de Serviço: Minério de Prata Procelosa,,31469,55564,0,-1,0,0,0,0,0,2565,1,0,0,0,26252,120,464,0,3,524608,0,268435458,0,0,0,1309324210,-1440044374
51008,Ordem de Serviço: Osso Manchado de Sangue,,31470,55564,0,-1,0,0,0,0,0,2557,1,0,0,0,26259,124,464,0,3,524608,0,268435458,0,0,0,1309324210,-1440044374
51009,Ordem de Serviço: Osso Calcificado,,31471,55564,0,-1,0,0,0,0,0,2557,1,0,0,0,26260,124,464,0,3,524608,0,268435458,0,0,0,1309324210,-1440044374
51010,Ordem de Serviço: Couro Grosseiro,,31472,55564,0,-1,0,0,0,0,0,2557,1,0,0,0,26261,124,464,0,3,524608,0,268435458,0,0,0,1309324210,-1440044374
51011,Ordem de Serviço: Pelego da Tempestade,,31473,55564,0,-1,0,0,0,0,0,2557,1,0,0,0,26262,124,464,0,3,524608,0,268435458,0,0,0,1309324210,-1440044374
51012,Ordem de Serviço: Brilhescama,,31474,55564,0,-1,0,0,0,0,0,2557,1,0,0,0,26263,124,464,0,3,524608,0,268435458,0,0,0,1309324210,-1440044374
51013,Ordem de Serviço: Brumescama,,31475,55564,0,-1,0,0,0,0,0,2557,1,0,0,0,26264,124,464,0,3,524608,0,268435458,0,0,0,1309324210,-1440044374
51014,Ordem de serviço: Linho Borrifado pela Maré,,31476,55564,0,-1,0,0,0,0,0,197,1,0,0,0,26267,121,464,0,3,524608,0,268435458,0,0,0,1309324210,-1440044374
51015,Ordem de Serviço: Seda do Mar Profundo,,31477,55564,0,-1,0,0,0,0,0,197,1,0,0,0,26268,121,464,0,3,524608,0,268435458,0,0,0,1309324210,-1440044374
51017,Lista de suprimentos: minério de monelita,,31479,55564,0,-1,0,0,0,0,0,0,0,0,0,0,26074,109,464,0,3,524608,0,268435458,0,0,0,-1321907123,1427461461
51021,Suprimentos necessários: Minério de Prata Procelosa,,31483,55564,0,-1,0,0,0,0,0,0,0,0,0,0,26075,109,464,0,3,524608,0,268435458,0,0,0,-1321907123,1427461461
51022,Suprimentos necessários: Broto-do-rio,,31484,55564,0,-1,0,0,0,0,0,0,0,0,0,0,26072,109,464,0,3,524608,0,268435458,0,0,0,-1321907123,1427461461
51023,Suprimentos necessários: Musgo-estrela,,31485,55564,0,-1,0,0,0,0,0,0,0,0,0,0,26073,109,464,0,3,524608,0,268435458,0,0,0,-1321907123,1427461461
51024,Suprimentos necessários: Mordida-de-akunda,,31486,55564,0,-1,0,0,0,0,0,0,0,0,0,0,26127,109,464,0,3,524608,0,268435458,0,0,0,-1321907123,1427461461
51025,Suprimentos necessários: Beijo-do-inverno,,31487,55564,0,-1,0,0,0,0,0,0,0,0,0,0,26128,109,464,0,3,524608,0,268435458,0,0,0,-1321907123,1427461461
51026,Suprimentos Necessários: Pólen de Sirena,,31488,55564,0,-1,0,0,0,0,0,0,0,0,0,0,26129,109,464,0,3,524608,0,268435458,0,0,0,-1321907123,1427461461
51027,Suprimentos necessários: Talo-marinho,,31489,55564,0,-1,0,0,0,0,0,0,0,0,0,0,26130,109,464,0,3,524608,0,268435458,0,0,0,-1321907123,1427461461
51028,Suprimentos necessários: Osso Manchado de Sangue,,31490,55564,0,-1,0,0,0,0,0,0,0,0,0,0,26132,109,464,0,3,524608,0,268435458,0,0,0,-1321907123,1427461461
51029,Suprimentos necessários: Osso Calcificado,,31491,55564,0,-1,0,0,0,0,0,0,0,0,0,0,26133,109,464,0,3,524608,0,268435458,0,0,0,-1321907123,1427461461
51030,Suprimentos necessários: Couro Grosseiro,,31492,55564,0,-1,0,0,0,0,0,0,0,0,0,0,26134,109,464,0,3,524608,0,268435458,0,0,0,-1321907123,1427461461
51031,Suprimentos necessários: Pelego da Tempestade,,31493,55564,0,-1,0,0,0,0,0,0,0,0,0,0,26135,109,464,0,3,524608,0,268435458,0,0,0,-1321907123,1427461461
51032,Suprimentos necessários: Brilhescama,,31494,55564,0,-1,0,0,0,0,0,0,0,0,0,0,26136,109,464,0,3,524608,0,268435458,0,0,0,-1321907123,1427461461
51033,Suprimentos necessários: Brumescama,,31495,55564,0,-1,0,0,0,0,0,0,0,0,0,0,26137,109,464,0,3,524608,0,268435458,0,0,0,-1321907123,1427461461
51034,Suprimentos Necessários: Linho Borrifado pela Maré,,31496,55564,0,-1,0,0,0,0,0,0,0,0,0,0,26138,109,464,0,3,524608,0,268435458,0,0,0,-1321907123,1427461461
51035,Suprimentos necessários: Seda do Mar Profundo,,31497,55564,0,-1,0,0,0,0,0,0,0,0,0,0,26139,109,464,0,3,524608,0,268435458,0,0,0,-1321907123,1427461461
51036,Suprimentos necessários: Broto-do-rio,,31498,55564,0,-1,0,0,0,0,0,0,0,0,0,0,26222,109,464,0,3,524608,0,268435458,0,0,0,1309324210,-1440044374
51037,Suprimentos necessários: Musgo-estrela,,31499,55564,0,-1,0,0,0,0,0,0,0,0,0,0,26223,109,464,0,3,524608,0,268435458,0,0,0,1309324210,-1440044374
51038,Suprimentos necessários: Mordida-de-akunda,,31500,55564,0,-1,0,0,0,0,0,0,0,0,0,0,26224,109,464,0,3,524608,0,268435458,0,0,0,1309324210,-1440044374
51039,Suprimentos necessários: Beijo-do-inverno,,31501,55564,0,-1,0,0,0,0,0,0,0,0,0,0,26225,109,464,0,3,524608,0,268435458,0,0,0,1309324210,-1440044374
51040,Suprimentos Necessários: Pólen de Sirena,,31502,55564,0,-1,0,0,0,0,0,0,0,0,0,0,26227,109,464,0,3,524608,0,268435458,0,0,0,1309324210,-1440044374
51041,Suprimentos necessários: Talo-marinho,,31503,55564,0,-1,0,0,0,0,0,0,0,0,0,0,26228,109,464,0,3,524608,0,268435458,0,0,0,1309324210,-1440044374
51042,Lista de suprimentos: minério de monelita,,31504,55564,0,-1,0,0,0,0,0,0,0,0,0,0,26249,109,464,0,3,524608,0,268435458,0,0,0,1309324210,-1440044374
51043,Suprimentos necessários: Minério de Prata Procelosa,,31505,55564,0,-1,0,0,0,0,0,0,0,0,0,0,26250,109,464,0,3,524608,0,268435458,0,0,0,1309324210,-1440044374
51044,Suprimentos necessários: Osso Manchado de Sangue,,31506,55564,0,-1,0,0,0,0,0,0,0,0,0,0,26253,109,464,0,3,524608,0,268435458,0,0,0,1309324210,-1440044374
51045,Suprimentos necessários: Osso Calcificado,,31507,55564,0,-1,0,0,0,0,0,0,0,0,0,0,26254,109,464,0,3,524608,0,268435458,0,0,0,1309324210,-1440044374
51046,Suprimentos necessários: Couro Grosseiro,,31508,55564,0,-1,0,0,0,0,0,0,0,0,0,0,26255,109,464,0,3,524608,0,268435458,0,0,0,1309324210,-1440044374
51047,Suprimentos necessários: Pelego da Tempestade,,31509,55564,0,-1,0,0,0,0,0,0,0,0,0,0,26256,109,464,0,3,524608,0,268435458,0,0,0,1309324210,-1440044374
51048,Suprimentos necessários: Brilhescama,,31510,55564,0,-1,0,0,0,0,0,0,0,0,0,0,26257,109,464,0,3,524608,0,268435458,0,0,0,1309324210,-1440044374
51049,Suprimentos necessários: Brumescama,,31511,55564,0,-1,0,0,0,0,0,0,0,0,0,0,26258,109,464,0,3,524608,0,268435458,0,0,0,1309324210,-1440044374
51050,Suprimentos Necessários: Linho Borrifado pela Maré,,31512,55564,0,-1,0,0,0,0,0,0,0,0,0,0,26265,109,464,0,3,524608,0,268435458,0,0,0,1309324210,-1440044374
51051,Suprimentos necessários: Seda do Mar Profundo,,31513,55564,0,-1,0,0,0,0,0,0,0,0,0,0,26266,109,464,0,3,524608,0,268435458,0,0,0,1309324210,-1440044374
51064,Feridas azeríticas,,31525,55564,0,-1,0,0,0,0,0,0,0,0,0,0,24952,151,464,0,3,7930112,8192,268435456,0,0,0,-1,-1
51081,"Sirawon, a Domina",,31539,55564,0,-1,0,0,0,0,0,0,0,0,0,0,25021,135,464,0,3,37290048,0,268435456,0,0,0,-1,-1
51084,Cronista das trevas,,31542,55564,0,-1,0,0,0,0,0,0,0,0,0,0,25020,135,464,0,3,37290048,0,268435456,0,0,0,-1,-1
51090,A pitoresca herdade dos Lancastre,,31548,55564,0,-1,0,0,0,0,0,0,0,0,0,157540,26577,109,464,0,3,38338560,8192,268435456,0,0,0,-1321907123,1427461461
51092,A pitoresca Boralus,,31550,55564,0,-1,0,0,0,0,0,0,0,0,0,157540,26578,109,464,0,3,38338560,8192,268435456,0,0,0,-1321907123,1427461461
51095,Jubacinza,,31553,55564,0,-1,0,0,0,0,0,0,0,0,0,0,24965,135,464,0,3,37290048,0,268435456,0,0,0,-1,-1
51096,Azer'tor,,31554,55564,0,-1,0,0,0,0,0,0,0,0,0,0,24966,135,464,0,3,37290048,0,268435456,0,0,0,-1,-1
51097,Crolusco inchado,,31555,55564,0,-1,0,0,0,0,0,0,0,0,0,0,24967,135,464,0,3,37290048,0,268435456,0,0,0,-1,-1
51098,Comodoro Calum,,31556,55564,0,-1,0,0,0,0,0,0,0,0,0,0,24968,135,464,0,3,37290048,0,268435456,0,0,0,-1,-1
51099,"Gut-Gut, o Glutão",,31557,55564,0,-1,0,0,0,0,0,0,0,0,0,0,24969,135,464,0,3,37290048,0,268435456,0,0,0,-1,-1
51100,Ciscareia Jumbo,,31558,55564,0,-1,0,0,0,0,0,0,0,0,0,0,24970,135,464,0,3,37290048,0,268435456,0,0,0,-1,-1
51102,"Kamid, o Coureador",,31560,55564,0,-1,0,0,0,0,0,0,0,0,0,0,24971,135,464,0,3,37290048,0,268435456,0,0,0,-1,-1
51103,Nez'ara,,31561,55564,0,-1,0,0,0,0,0,0,0,0,0,0,24972,135,464,0,3,37290048,0,268435456,0,0,0,-1,-1
51104,Clamacéus Teskris,,31562,55564,0,-1,0,0,0,0,0,0,0,0,0,0,24973,135,464,0,3,37290048,0,268435456,0,0,0,-1,-1
51105,Ak'tar,,31563,55564,0,-1,0,0,0,0,0,0,0,0,0,0,24974,135,464,0,3,37290048,0,268435456,0,0,0,-1,-1
51106,Cantarina Nahjeen,,31564,55564,0,-1,0,0,0,0,0,0,0,0,0,0,24975,135,464,0,3,37290048,0,268435456,0,0,0,-1,-1
51107,Prolemadre Garrescama,,31565,55564,0,-1,0,0,0,0,0,0,0,0,0,0,24976,135,464,0,3,37290048,0,268435456,0,0,0,-1,-1
51108,Matriarca-da-colmeia Kraxi,,31566,55564,0,-1,0,0,0,0,0,0,0,0,0,0,24977,135,464,0,3,37290048,0,268435456,0,0,0,-1,-1
51109,Terra queimada,,31567,55564,0,-1,0,0,0,0,0,0,0,0,0,159745,25596,109,464,0,3,41615360,8192,268435456,0,0,0,-1321907123,1427461461
51112,Armipotente Hozzik,,31570,55564,0,-1,0,0,0,0,0,0,0,0,0,0,24978,135,464,0,3,37290048,0,268435456,0,0,0,-1,-1
51113,Senhor da Guerra Zothix,,31571,55564,0,-1,0,0,0,0,0,0,0,0,0,0,24979,135,464,0,3,37290048,0,268435456,0,0,0,-1,-1
51114,Mãe-da-guerra Cativa,,31572,55564,0,-1,0,0,0,0,0,0,0,0,0,0,24980,135,464,0,3,37290048,0,268435456,0,0,0,-1,-1
51115,"Zunashi, o Exilado",,31573,55564,0,-1,0,0,0,0,0,0,0,0,0,0,24981,135,464,0,3,37290048,0,268435456,0,0,0,-1,-1
51116,Talhacéus Krakit,,31574,55564,0,-1,0,0,0,0,0,0,0,0,0,0,24982,135,464,0,3,37290048,0,268435456,0,0,0,-1,-1
51117,"Bajiani, a Matreira",,31575,55564,0,-1,0,0,0,0,0,0,0,0,0,0,24983,135,464,0,3,37290048,0,268435456,0,0,0,-1,-1
51118,Limpa-osso Sanguinasa,,31576,55564,0,-1,0,0,0,0,0,0,0,0,0,0,24984,135,464,0,3,37290048,0,268435456,0,0,0,-1,-1
51119,Vathikur,,31577,55564,0,-1,0,0,0,0,0,0,0,0,0,0,24985,135,464,0,3,37290048,0,268435456,0,0,0,-1,-1
51120,"Stef Quin, a Tutano",,31578,55564,0,-1,0,0,0,0,0,0,0,0,0,0,24986,135,464,0,3,37290048,0,268435456,0,0,0,-1,-1
51121,Crolusco Enraivecido,,31579,55564,0,-1,0,0,0,0,0,0,0,0,0,0,24987,135,464,0,3,37290048,0,268435456,0,0,0,-1,-1
51122,Escorpoxx,,31580,55564,0,-1,0,0,0,0,0,0,0,0,0,0,24988,135,464,0,3,37290048,0,268435456,0,0,0,-1,-1
51123,Sirokar,,31581,55564,0,-1,0,0,0,0,0,0,0,0,0,0,24989,135,464,0,3,37290048,0,268435456,0,0,0,-1,-1
51124,Caçador de Relíquias Hazaak,,31582,55564,0,-1,0,0,0,0,0,0,0,0,0,0,24990,135,464,0,3,37290048,0,268435456,0,0,0,-1,-1
51125,Caçadora Teia da Selva,,31583,55564,0,-1,0,0,0,0,0,0,0,0,0,0,24991,135,464,0,3,37290048,0,268435456,0,0,0,-1,-1
51127,Saindo do controle,,31585,67687,0,-1,5,0,0,0,0,0,0,0,0,0,24844,109,464,0,3,41484288,8192,268435456,0,0,0,-1321907123,1427461461
51131,Barbárie sem tamanho,,31587,55564,0,-1,0,0,0,0,0,0,0,0,0,0,24843,109,464,0,3,41484288,8192,268435456,0,0,0,-1321907123,1427461461
51153,"Mor'fani, o Exilado",,31606,55564,0,-1,0,0,0,0,0,0,0,0,0,0,25012,136,464,0,3,37289984,0,268435456,0,0,0,-1,-1
51154,Passou da validade,,31607,55564,0,-1,0,0,0,0,0,0,0,0,0,0,24841,109,464,0,3,41484288,8192,268435456,0,0,0,-1321907123,1427461461
51155,"Brgl-Lrgl, o Esmurrador",,31608,55564,0,-1,0,0,0,0,0,0,0,0,0,0,25014,136,464,0,3,37289984,0,268435456,0,0,0,-1,-1
51156,Chamapresa Xorreth,,31609,55564,0,-1,0,0,0,0,0,0,0,0,0,0,25015,136,464,0,3,37289984,0,268435456,0,0,0,-1,-1
51157,Golanar,,31610,55564,0,-1,0,0,0,0,0,0,0,0,0,0,25242,136,464,0,3,37289984,0,268435456,0,0,0,-1,-1
51166,Até a raiz,,31619,55564,0,-1,0,0,0,0,0,0,0,0,0,0,24840,109,464,0,3,41484288,8192,268435456,0,0,0,-1321907123,1427461461
51172,Raio bifurcado,,31018,55564,0,-1,0,0,0,0,0,0,0,0,0,0,24839,109,464,0,3,41484288,8192,268435456,0,0,0,-1321907123,1427461461
51173,Pesca na areia,,31625,55564,0,-1,0,0,0,0,0,0,0,0,0,0,25029,109,464,0,3,7929856,8192,268435456,0,0,0,1309324210,-1440044374
51174,Não inclui manual,,31626,55564,0,-1,0,0,0,0,0,0,0,0,0,0,25026,109,464,0,3,37289984,8192,268435456,0,0,0,1309324210,-1440044374
51175,Feridas azeríticas,,31627,55564,0,-1,0,0,0,0,0,0,0,0,0,0,25031,151,464,0,3,7929856,8192,268435456,0,0,0,-1,-1
51176,Desaparecidos,,31628,55564,0,-1,0,0,0,0,0,0,0,0,0,159761,25597,109,464,0,3,41484288,8192,268435456,0,0,0,-1321907123,1427461461
51178,Cem trolls de resistência,,31630,55564,0,-1,0,0,0,0,0,0,0,0,0,0,25090,109,464,0,3,37289984,8192,268435456,0,0,0,-1321907123,1427461461
51179,Febre da azerita,,31631,55564,0,-1,0,0,0,0,0,0,0,0,0,0,25033,151,464,0,3,7930112,8192,268435456,0,0,0,-1,-1
51180,Não inclui manual,,31632,55564,0,-1,0,0,0,0,0,0,0,0,0,0,25027,109,464,0,3,37289984,8192,268435456,0,0,0,1309324210,-1440044374
51181,Não inclui manual,,31633,55564,0,-1,0,0,0,0,0,0,0,0,0,0,25028,109,464,0,3,37289984,8192,268435456,0,0,0,1309324210,-1440044374
51185,Potencialização de azerita,,31635,55564,0,-1,0,0,0,0,0,0,0,0,0,0,25034,151,464,0,3,3735552,0,268435456,0,0,0,-1,-1
51198,Destacamento do esterco,,31640,55564,0,-1,0,0,0,0,0,0,0,0,0,0,25038,109,464,0,3,41484288,8192,268435456,0,0,0,1309324210,-1440044374
51210,Abrindo o cerco,,31651,55564,0,-1,0,0,0,0,0,0,0,0,0,0,25044,109,464,0,3,36241408,8192,268435456,0,0,0,1309324210,-1440044374
51212,Mansão Capelo: Caldeirão da bruxa,,31653,55564,0,-1,0,0,0,0,0,0,0,0,0,0,25045,137,464,0,3,34144256,0,268435458,0,0,0,-1,-1
51213,Mansão Capelo: Não vem com olho-gordo,,31654,55564,0,-1,0,0,0,0,0,0,0,0,0,0,25046,137,464,0,3,34144320,0,268435458,0,0,0,-1,-1
51216,Mansão Capelo: Algo de atiçar o orgulho do corvo,,31657,55564,0,-1,0,0,0,0,0,0,0,0,0,0,25047,137,464,0,3,34144320,0,268435458,0,0,0,-1,-1
51223,Pisando em vidro quebrado,,31664,55564,0,-1,0,0,0,0,0,0,0,0,0,0,25051,109,464,0,3,41484544,0,268435456,0,0,0,1309324210,-1440044374
51225,Albatrocidade,,31666,55564,0,-1,0,0,0,0,0,0,0,0,0,0,25054,109,464,0,3,34144256,0,268435456,0,0,0,-1321907123,1427461461
51228,Carne instantânea — pronta para comer,,31668,55564,0,-1,0,0,0,0,0,0,0,0,0,159796,25061,109,464,0,3,34275328,0,268435456,0,0,0,1309324210,-1440044374
51232,Cem trolls de resistência,,31672,55564,0,-1,0,0,0,0,0,0,0,0,0,0,25089,109,464,0,3,37289984,8192,268435456,0,0,0,1309324210,-1440044374
51238,Perdido nas tocas,,31675,55564,0,-1,0,0,0,0,0,0,0,0,0,0,25062,109,464,0,3,34144256,8192,268435456,0,0,0,1309324210,-1440044374
51239,Não inclui manual,,31676,55564,0,-1,0,0,0,0,0,0,0,0,0,0,25063,109,464,0,3,37289984,8192,268435456,0,0,0,1309324210,-1440044374
51241,A hora da ursa,,31678,55564,0,-1,0,0,0,0,0,0,0,0,0,0,25065,109,464,0,3,34144256,0,268435456,0,0,0,-1321907123,1427461461
51245,Sou lenhador e não acho ruim,,31682,55564,0,-1,0,0,0,0,0,0,0,0,0,0,25066,109,464,0,3,34144256,0,268435456,0,0,0,-1321907123,1427461461
51250,Chispa daqui!,,31687,55564,0,-1,0,0,0,0,0,0,0,0,0,0,25067,109,464,0,3,41484608,0,268435456,0,0,0,1309324210,-1440044374
51252,A flor do deserto de Kiro,,31689,55564,0,-1,0,0,0,0,0,0,0,0,0,0,25070,109,464,0,3,34275328,0,268435456,0,0,0,1309324210,-1440044374
51284,Caça ao falcão,,31697,55564,0,-1,0,0,0,0,0,0,0,0,0,152643,25931,109,464,0,3,34144256,8192,268435456,0,0,0,-1321907123,1427461461
51285,Fome incontrolável,,31698,55564,0,-1,0,0,0,0,0,0,0,0,0,0,25080,109,464,0,3,7929856,8192,268435456,0,0,0,1309324210,-1440044374
51287,Tol Dagor: suprimentos lacrados,,31700,55564,0,-1,0,0,0,0,0,0,0,0,0,0,25081,137,464,0,3,35192832,0,268435458,0,0,0,-1,-1
51296,Tol Dagor: orgulho do feitor,,31701,55564,0,-1,0,0,0,0,0,0,0,0,0,0,25085,137,464,0,3,35192832,0,268435458,0,0,0,-1,-1
51297,Tol Dagor: propriedade à beira-mar,,31702,55564,0,-1,0,0,0,0,0,0,0,0,0,0,25088,137,464,0,3,35192832,0,268435458,0,0,0,-1,-1
51311,Extrato energizante,,31709,55564,0,-1,0,0,0,0,0,0,0,0,0,0,25891,109,464,0,3,34144256,0,268435456,0,0,0,-1321907123,1427461461
51315,Brabuletas selvagens,,31713,55564,0,-1,0,0,0,0,0,0,0,0,0,0,25093,109,464,0,3,38338560,8192,268435456,0,0,0,1309324210,-1440044374
51316,Entrando numa teia,,31714,55564,0,-1,0,0,0,0,0,0,0,0,0,0,25094,109,464,0,3,41484288,8192,268435456,0,0,0,1309324210,-1440044374
51317,Aterramento dos Sepsólitos,,31715,55564,0,-1,0,0,0,0,0,0,0,0,0,0,25929,109,464,0,3,34144256,0,268435456,0,0,0,-1321907123,1427461461
51318,Vá para o barco,,31716,55564,0,-1,0,0,0,0,0,0,0,0,0,0,25236,109,464,0,3,40435712,8192,268435456,0,0,0,-1321907123,1427461461
51322,Asas e ferrões,,31720,55564,0,-1,0,0,0,0,0,0,0,0,0,0,25098,109,464,0,3,38338560,8192,268435456,0,0,0,1309324210,-1440044374
51330,Sementes resilientes,,31721,55564,0,-1,0,0,0,0,0,0,0,0,0,0,25096,109,464,0,3,41484544,0,268435456,0,0,0,1309324210,-1440044374
51333,Içar âncoras!,,31724,55564,0,-1,0,0,0,0,0,0,0,0,0,0,25237,109,464,0,3,40435712,8192,268435456,0,0,0,-1321907123,1427461461
51373,Ouvidos por toda parte,,31761,55564,0,-1,0,0,0,0,0,0,0,0,0,0,25116,109,464,0,3,41484544,0,268435456,0,0,0,-1321907123,1427461461
51374,Gorilismo de guerrilha sem fim,,31762,66345,0,-1,0,0,0,0,0,0,0,0,0,0,25121,109,464,0,3,37290304,0,268435456,0,0,0,-1321907123,1427461461
51377,Templo de Sethraliss: pesquisa ecológica,,31765,55564,0,-1,0,0,0,0,0,0,0,0,0,0,25124,137,464,0,3,35193088,0,268435458,0,0,0,-1,-1
51378,Templo de Sethraliss: um viveiro de bazar,,31766,55564,0,-1,0,0,0,0,0,0,0,0,0,0,25125,137,464,0,3,35193088,0,268435458,0,0,0,-1,-1
51379,Templo de Sethraliss: navegação de correntezas,,31767,55564,0,-1,0,0,0,0,0,0,0,0,0,0,25126,137,464,0,3,35193088,0,268435458,0,0,0,-1,-1
51385,Um suprimento de ferrões,,31771,67806,0,-1,0,0,0,0,0,0,0,0,0,0,25127,109,464,0,3,34144256,0,268435456,0,0,0,-1321907123,1427461461
51388,Combate à infestação,,31773,55564,0,-1,0,0,0,0,0,0,0,0,0,0,25128,109,464,0,3,34144256,0,268435456,0,0,0,-1321907123,1427461461
51397,Broca loka,,31780,55564,0,-1,0,0,0,0,0,0,0,0,0,0,25363,109,464,0,3,40435712,8192,268435456,0,0,0,-1321907123,1427461461
51405,Corrupção na baía,,31786,55564,0,-1,0,0,0,0,0,0,0,0,0,0,25132,109,464,0,3,34144256,0,268435456,0,0,0,-1321907123,1427461461
51406,A caçada do lorde,,31788,70114,0,-1,0,0,0,0,0,0,0,0,0,0,25930,109,464,0,3,34144256,0,268435456,0,0,0,-1321907123,1427461461
51411,Mineração de azerita,,31791,55564,0,-1,0,0,0,0,0,0,0,0,0,0,25017,151,464,0,3,272171008,0,268435456,0,0,0,-1,-1
51412,Potencialização de azerita,,31792,55564,0,-1,0,0,0,0,0,0,0,0,0,0,25005,151,464,0,3,3735552,0,268435456,0,0,0,-1,-1
51415,Febre da azerita,,31794,55564,0,-1,0,0,0,0,0,0,0,0,0,0,25018,151,464,0,3,7929856,8192,268435456,0,0,0,-1,-1
51422,Febre da azerita,,31798,55564,0,-1,0,0,0,0,0,0,0,0,0,0,25162,151,464,0,3,7929856,8192,268435456,0,0,0,-1,-1
51428,Feridas azeríticas,,31802,55564,0,-1,0,0,0,0,0,0,0,0,0,0,25161,151,464,0,3,7929856,8192,268435456,0,0,0,-1,-1
51429,Rei Clique-claque,,31803,55564,0,-1,0,0,0,0,0,0,0,0,0,0,25171,135,464,0,3,37290048,0,268435456,0,0,0,-1,-1
51431,Golias da alma,,31805,55564,0,-1,0,0,0,0,0,0,0,0,0,0,25176,136,464,0,3,34144256,0,268435456,0,0,0,-1,-1
51433,Máter Morana,,31807,55564,0,-1,0,0,0,0,0,0,0,0,0,0,25175,136,464,0,3,34144256,0,268435456,0,0,0,-1,-1
51434,Golem de Pedra,,31808,55564,0,-1,0,0,0,0,0,0,0,0,0,0,25177,136,464,0,3,34144256,0,268435456,0,0,0,-1,-1
51444,Potencialização de azerita,,31818,55564,0,-1,0,0,0,0,0,0,0,0,0,0,25166,151,464,0,3,3735552,0,268435456,0,0,0,-1,-1
51450,Mineração de azerita,,31824,55564,0,-1,0,0,0,0,0,0,0,0,0,0,25165,151,464,0,3,272171008,0,268435456,0,0,0,-1,-1
51453,"Santuário da Tempestade: Contemple, Água Pura",,31825,55564,0,-1,0,0,0,0,0,0,0,0,0,0,25180,137,464,0,3,35192832,0,268435458,0,0,0,-1,-1
51454,De volta ao combate,,31826,55564,0,-1,0,0,0,0,0,0,0,0,0,0,25181,109,464,0,3,34144256,0,268435456,0,0,0,-1321907123,1427461461
51455,Santuário da Tempestade: Fontes purificadoras,,31827,55564,0,-1,0,0,0,0,0,0,0,0,0,0,25182,137,464,0,3,35192832,0,268435458,0,0,0,-1,-1
51456,Santuário da Tempestade: Corrupção rastejante,,31828,55564,0,-1,0,0,0,0,0,0,0,0,0,0,25183,137,464,0,3,35192832,0,268435458,0,0,0,-1,-1
51457,"Vargalhão, o Genioso",,31829,55564,0,-1,0,0,0,0,0,0,0,0,0,0,25184,135,464,0,3,34144320,0,268435456,0,0,0,-1,-1
51461,Cone-da-morte,,31830,55564,0,-1,0,0,0,0,0,0,0,0,0,0,25185,135,464,0,3,34144320,0,268435456,0,0,0,-1,-1
51462,Paraquedistas,,31831,55564,0,-1,0,0,0,0,0,0,0,0,0,0,25389,109,464,0,3,36241408,0,268435456,0,0,0,1309324210,-1440044374
51463,Resgate de paraquedas,,31832,55564,0,-1,0,0,0,0,0,0,0,0,0,0,25390,109,464,0,3,36241408,0,268435456,0,0,0,1309324210,-1440044374
51466,"Arvon, o Traído",,31834,55564,0,-1,0,0,0,0,0,0,0,0,0,0,25187,135,464,0,3,34144320,0,268435456,0,0,0,-1,-1
51467,Hyo'gi,,31835,55564,0,-1,0,0,0,0,0,0,0,0,0,0,25188,135,464,0,3,34144320,0,268435456,0,0,0,-1,-1
51468,Ossinistro,,31836,55564,0,-1,0,0,0,0,0,0,0,0,0,0,25189,135,464,0,3,34144320,0,268435456,0,0,0,-1,-1
51469,Betty,,31837,55564,0,-1,0,0,0,0,0,0,0,0,0,0,25190,135,464,0,3,34144320,0,268435456,0,0,0,-1,-1
51475,Escolta brutal,,31842,55564,0,-1,0,0,0,0,0,0,0,0,0,0,25193,109,464,0,3,34144256,0,268435456,0,0,0,1309324210,-1440044374
51491,Fardespinho,,31853,55564,0,-1,0,0,0,0,0,0,0,0,0,0,25195,135,464,0,3,34144320,0,268435456,0,0,0,-1,-1
51494,O Portal Sangrento,,31856,67077,0,-1,0,0,0,0,0,0,0,0,0,0,25199,109,464,0,3,34144256,0,268435456,0,0,0,1309324210,-1440044374
51495,Velho Rotana,,31857,57393,0,-1,0,0,0,0,0,0,0,0,0,0,25200,109,464,0,3,38338560,8192,268435456,0,0,0,1309324210,-1440044374
51496,Trolloando,,31858,65496,0,-1,0,0,0,0,0,0,0,0,0,0,25202,109,464,0,3,34144256,0,268435456,0,0,0,1309324210,-1440044374
51497,Educação bagateira,,31859,65496,0,-1,0,0,0,0,0,0,0,0,0,160307,25201,109,464,0,3,34275328,0,268435456,0,0,0,1309324210,-1440044374
51500,Repouso do Rei: O mestre de armas volta a andar,,31861,55564,0,-1,0,0,0,0,0,0,0,0,0,0,26091,137,464,0,3,34144320,0,268435458,0,0,0,-1,-1
51501,Repouso do Rei: Entroncamento do mau funcionamento,,31862,55564,0,-1,0,0,0,0,0,0,0,0,0,0,26105,137,464,0,3,34144256,0,268435458,0,0,0,-1,-1
51502,Repouso do Rei : Guardarrégio,,31863,55564,0,-1,0,0,0,0,0,0,0,0,0,0,26106,137,464,0,3,34144256,0,268435458,0,0,0,-1,-1
51505,Ratospinho Matriarca,,31865,55564,0,-1,0,0,0,0,0,0,0,0,0,0,25203,135,464,0,3,34144320,0,268435456,0,0,0,-1,-1
51506,Rainha Farpespinho,,31866,55564,0,-1,0,0,0,0,0,0,0,0,0,0,25205,135,464,0,3,34144320,0,268435456,0,0,0,-1,-1
51507,Chifratroz,,31867,55564,0,-1,0,0,0,0,0,0,0,0,0,0,25209,135,464,0,3,34144320,0,268435456,0,0,0,-1,-1
51508,Surratroz,,31868,55564,0,-1,0,0,0,0,0,0,0,0,0,0,25210,135,464,0,3,34144320,0,268435456,0,0,0,-1,-1
51512,Mãe Presabílica,,31869,67266,0,-1,0,0,0,0,0,0,0,0,0,0,25211,135,464,0,3,34144320,0,268435456,0,0,0,-1,-1
51527,Carrasco Fontenegra,,31880,55564,0,-1,0,0,0,0,0,0,0,0,0,0,25218,135,464,0,3,34144320,0,268435456,0,0,0,-1,-1
51528,Capitão Mão de Chumbo,,31881,55564,0,-1,0,0,0,0,0,0,0,0,0,0,25219,135,464,0,3,34144320,0,268435456,0,0,0,-1,-1
51529,Garra,,31882,55564,0,-1,0,0,0,0,0,0,0,0,0,0,25220,135,464,0,3,34144320,0,268435456,0,0,0,-1,-1
51530,Penetras no casamento,,31883,55564,0,-1,0,0,0,0,0,0,0,0,0,0,25224,109,464,0,3,34144256,0,268435456,0,0,0,-1321907123,1427461461
51534,A batalha por Brennadam,,31886,0,0,-1,1,0,0,0,0,0,0,0,0,0,0,0,1405,0,3,34144256,0,268468224,51163,0,0,-1321907123,1427461461
51541,Arco Voltaico,,31892,55564,0,-1,0,0,0,0,0,0,0,0,0,0,25230,135,464,0,3,34144320,0,268435456,0,0,0,-1,-1
51542,Avalanche,,31893,55564,0,-1,0,0,0,0,0,0,0,0,0,0,25231,135,464,0,3,34144320,0,268435456,0,0,0,-1,-1
51546,É o fim do poço,,31897,55564,0,-1,0,0,0,0,0,0,0,0,0,0,24837,109,464,0,3,272171264,0,268435456,0,0,0,-1321907123,1427461461
51548,Críticas nagativas,,31899,55564,0,-1,0,0,0,0,0,0,0,0,0,0,25594,109,464,0,3,41484288,8192,268435456,0,0,0,-1321907123,1427461461
51550,Uma bolha de problemas,,31901,55564,0,-1,0,0,0,0,0,0,0,0,0,0,25802,109,464,0,3,41484288,8192,268435456,0,0,0,-1321907123,1427461461
51558,Churrasco de aranha,,31909,55564,0,-1,0,0,0,0,0,0,0,0,0,160870,25529,109,464,0,3,37289984,0,268435456,0,0,0,1309324210,-1440044374
51559,Mercadorias danificadas,,31910,55564,0,-1,0,0,0,0,0,0,0,0,0,160923,25565,109,464,0,3,37421056,0,268435456,0,0,0,1309324210,-1440044374
51561,Churrasco de aranha,,31912,55564,0,-1,0,0,0,0,0,0,0,0,0,160870,25530,109,464,0,3,37289984,0,268435456,0,0,0,-1321907123,1427461461
51562,Mercadorias danificadas,,31913,55564,0,-1,0,0,0,0,0,0,0,0,0,160923,25564,109,464,0,3,37421056,0,268435456,0,0,0,-1321907123,1427461461
51564,Destacamento do esterco,,31915,55564,0,-1,0,0,0,0,0,0,0,0,0,0,25568,109,464,0,3,41484288,8192,268435456,0,0,0,-1321907123,1427461461
51565,Fome incontrolável,,31916,55564,0,-1,0,0,0,0,0,0,0,0,0,0,25569,109,464,0,3,7929856,8192,268435456,0,0,0,-1321907123,1427461461
51566,O regresso da fera,,31917,55564,0,-1,0,0,0,0,0,0,0,0,0,0,25246,109,464,0,3,34144256,0,268435456,0,0,0,-1321907123,1427461461
51576,Bruxa boa é bruxa viva,,31927,55564,0,-1,0,0,0,0,0,0,0,0,0,0,25254,109,464,0,3,37289984,0,268435456,0,0,0,-1321907123,1427461461
51577,A defesa da academia,,31928,68021,0,-1,0,0,0,0,0,0,0,0,0,0,25259,109,464,0,3,38338560,8192,268435456,0,0,0,-1321907123,1427461461
51578,O mar se avermelha,,31929,55564,0,-1,0,0,0,0,0,0,0,0,0,0,25259,109,464,0,3,40435712,8192,268435456,0,0,0,1309324210,-1440044374
51579,Patrulheira Sombria Clea,,31930,55564,0,-1,0,0,0,0,0,0,0,0,0,0,25260,136,464,0,3,38338560,8192,268435456,0,0,0,-1321907123,1427461461
51580,Contra-almirante Salvador,,31931,55564,0,-1,0,0,0,0,0,0,0,0,0,0,25260,136,464,0,3,40435712,8192,268435456,0,0,0,1309324210,-1440044374
51581,Mineração de azerita,,31932,55564,0,-1,0,0,0,0,0,0,0,0,0,0,25255,151,464,0,3,272171008,0,268435456,0,0,0,-1,-1
51583,Feridas azeríticas,,31934,55564,0,-1,0,0,0,0,0,0,0,0,0,0,25256,151,464,0,3,7929856,8192,268435456,0,0,0,-1,-1
51584,Febre da azerita,,31935,55564,0,-1,0,0,0,0,0,0,0,0,0,0,25257,151,464,0,3,7929856,8192,268435456,0,0,0,-1,-1
51585,Deixa de bruxaria,,31936,55564,0,-1,1,0,0,0,0,0,0,0,0,0,25272,109,464,0,3,3735616,0,268435456,0,0,0,-1321907123,1427461461
51586,Potencialização de azerita,,31937,55564,0,-1,0,0,0,0,0,0,0,0,0,0,25258,151,464,0,3,3735552,0,268435456,0,0,0,-1,-1
51588,Furdúncio familiar,,31939,55564,0,-1,0,0,0,0,0,0,0,0,0,0,25437,109,464,0,3,34144256,0,268435456,0,0,0,-1321907123,1427461461
51604,Dia da caça,,31954,55564,0,-1,0,0,0,0,0,0,0,0,0,0,25514,109,464,0,3,34144320,0,268435456,0,0,0,-1321907123,1427461461
51608,Febre da azerita,,31955,67313,0,-1,0,0,0,0,0,0,0,0,0,0,25275,151,464,0,3,7929856,8192,268435456,0,0,0,-1,-1
51609,Feridas azeríticas,,31956,67313,0,-1,0,0,0,0,0,0,0,0,0,0,25276,151,464,0,3,7929856,8192,268435456,0,0,0,-1,-1
51610,Adaras Branco,,31957,55564,0,-1,0,0,0,0,0,0,0,0,0,0,25286,136,464,0,3,38338560,8192,268435456,0,0,0,-1,-1
51611,Fantasma das profundezas,,31958,55564,0,-1,0,0,0,0,0,0,0,0,0,0,25287,136,464,0,3,38338560,8192,268435456,0,0,0,-1,-1
51612,Potencialização de azerita,,31959,67266,0,-1,0,0,0,0,0,0,0,0,0,0,25274,151,464,0,3,3735552,0,268435456,0,0,0,-1,-1
51613,Gorjassangue,,31960,55564,0,-1,0,0,0,0,0,0,0,0,0,0,25288,136,464,0,3,38338560,8192,268435456,0,0,0,-1,-1
51615,Mineração de azerita,,31961,67313,0,-1,0,0,0,0,0,0,0,0,0,0,25273,151,464,0,3,272171008,0,268435456,0,0,0,-1,-1
51616,O descanso derradeiro,,31962,55564,0,-1,0,0,0,0,0,0,0,0,0,0,25293,109,464,0,3,37289984,0,268435456,0,0,0,-1321907123,1427461461
51617,Potencialização de azerita,,31963,55564,0,-1,0,0,0,0,0,0,0,0,0,0,25291,151,464,0,3,3735552,0,268435456,0,0,0,-1,-1
51618,Febre da azerita,,31964,55564,0,-1,0,0,0,0,0,0,0,0,0,0,25290,151,464,0,3,7929856,8192,268435456,0,0,0,-1,-1
51619,Arapuca armada,,31965,55564,0,-1,0,0,0,0,0,0,0,0,0,0,25441,109,464,0,3,34144256,0,268435456,0,0,0,-1321907123,1427461461
51620,Recursos Naturais,,31966,55564,0,-1,0,0,0,0,0,0,0,0,0,0,25442,109,464,0,3,37289984,0,268435456,0,0,0,-1321907123,1427461461
51621,Ensinamentos das ondas,,33435,55564,0,-1,0,0,0,0,0,0,0,0,0,0,25296,109,464,0,3,38338560,8192,268435456,0,0,0,-1321907123,1427461461
51622,Ensinamentos das ondas,,31967,55564,0,-1,0,0,0,0,0,0,0,0,0,0,25298,109,464,0,3,38338560,8192,268435456,0,0,0,1309324210,-1440044374
51623,Feridas azeríticas,,31968,55564,0,-1,0,0,0,0,0,0,0,0,0,0,25289,151,464,0,3,7929856,8192,268435456,0,0,0,-1,-1
51625,Jogo dos Cascos,,31970,55564,0,-1,0,0,0,0,0,0,0,0,0,0,25300,152,464,0,3,-2110193408,0,268435456,0,0,0,-1,-1
51626,Jogo dos Cascos,,31971,55564,0,-1,0,0,0,0,0,0,0,0,0,0,25301,152,464,0,3,-2110193408,0,268435456,0,0,0,-1,-1
51627,Jogo dos Cascos,,31972,55564,0,-1,0,0,0,0,0,0,0,0,0,0,25302,152,464,0,3,-2110193408,0,268435456,0,0,0,-1,-1
51628,Jogo dos Cascos,,31973,55564,0,-1,0,0,0,0,0,0,0,0,0,0,25303,152,464,0,3,-2110193408,0,268435456,0,0,0,-1,-1
51629,Jogo dos Cascos,,31974,67936,0,-1,0,0,0,0,0,0,0,0,0,0,25304,152,464,0,3,-2105999104,8192,268435456,0,0,0,-1,-1
51630,Jogo dos Cascos,,31975,55564,0,-1,0,0,0,0,0,0,0,0,0,0,25305,152,464,0,3,-2110193408,0,268435456,0,0,0,-1,-1
51631,"Vai logo, Loh",,31976,55564,0,-1,0,0,0,0,0,0,0,0,0,0,25306,152,464,0,3,-2110193408,0,268435456,0,0,0,-1,-1
51632,"Vai logo, Loh",,31977,66774,0,-1,0,0,0,0,0,0,0,0,0,0,25307,152,464,0,3,-2110193408,0,268435456,0,0,0,-1,-1
51633,"Vai logo, Loh",,31978,55564,0,-1,0,0,0,0,0,0,0,0,0,0,25308,152,464,0,3,-2110193408,0,268435456,0,0,0,-1,-1
51634,"Vai logo, Loh",,31979,55564,0,-1,0,0,0,0,0,0,0,0,0,0,25309,152,464,0,3,-2110193408,0,268435456,0,0,0,-1,-1
51635,"Vai logo, Loh",,31980,55564,0,-1,0,0,0,0,0,0,0,0,0,0,25310,152,464,0,3,-2105999104,8192,268435456,0,0,0,-1,-1
51636,"Vai logo, Loh",,31981,55564,0,-1,0,0,0,0,0,0,0,0,0,0,25311,152,464,0,3,-2110193408,0,268435456,0,0,0,-1,-1
51637,Cabeça de Ponte,,31982,55564,0,-1,0,0,0,0,0,0,0,0,0,0,25312,152,464,0,3,-2110193408,0,268435456,0,0,0,-1,-1
51638,Cabeça de Ponte,,31983,55564,0,-1,0,0,0,0,0,0,0,0,0,0,25313,152,464,0,3,-2110193408,0,268435456,0,0,0,-1,-1
51639,Cabeça de Ponte,,31984,55564,0,-1,0,0,0,0,0,0,0,0,0,0,25314,152,464,0,3,-2110193408,8192,268435456,0,0,0,-1,-1
51640,Cabeça de Ponte,,31985,67269,0,-1,0,0,0,0,0,0,0,0,0,0,25315,152,464,0,3,-2110193408,0,268435456,0,0,0,-1,-1
51641,Cabeça de Ponte,,31986,55564,0,-1,0,0,0,0,0,0,0,0,0,0,25316,152,464,0,3,-2110193408,0,268435456,0,0,0,-1,-1
51642,Cabeça de Ponte,,31987,55564,0,-1,0,0,0,0,0,0,0,0,0,0,25317,152,464,0,3,-2110193408,0,268435456,0,0,0,-1,-1
51644,Mineração de azerita,,31989,55564,0,-1,0,0,0,0,0,0,0,0,0,0,25292,151,464,0,3,272171008,0,268435456,0,0,0,-1,-1
51646,Papagaio quer biscoito?,,30649,55564,0,-1,0,0,0,0,0,0,0,0,0,154878,25319,109,464,0,3,38338560,8192,268435456,0,0,0,1309324210,-1440044374
51647,Tripulação de Angra do Facão,,33432,55564,0,-1,0,0,0,0,0,0,0,0,0,0,25320,109,464,0,3,4784128,8193,268435456,0,0,0,1309324210,-1440044374
51651,Currupato,,31993,55564,0,-1,0,0,0,0,0,0,0,0,0,0,25321,135,464,0,3,38338624,8192,268435456,0,0,0,-1,-1
51652,Taberneiro Bill,,31994,55564,0,-1,0,0,0,0,0,0,0,0,0,0,25324,135,464,0,3,38338624,8192,268435456,0,0,0,-1,-1
51653,Auditor Dolp,,31995,55564,0,-1,0,0,0,0,0,0,0,0,0,0,25325,135,464,0,3,38338624,8192,268435456,0,0,0,-1,-1
51654,Boquirroto,,31996,55564,0,-1,0,0,0,0,0,0,0,0,0,0,25326,135,464,0,3,38338624,8192,268435456,0,0,0,-1,-1
51655,Teres,,31997,55564,0,-1,0,0,0,0,0,0,0,0,0,0,25330,135,464,0,3,38338624,8192,268435456,0,0,0,-1,-1
51656,Domador de Saurolisco Mugg,,31998,55564,0,-1,0,0,0,0,0,0,0,0,0,0,25339,135,464,0,3,38338624,8192,268435456,0,0,0,-1,-1
51657,Constructo de Coração Duplo,,31999,55564,0,-1,0,0,0,0,0,0,0,0,0,0,25340,135,464,0,3,38338624,8192,268435456,0,0,0,-1,-1
51658,Fuga da gaiola!,,32000,55564,0,-1,0,0,0,0,0,0,0,0,0,0,25347,109,464,0,3,34144256,0,268435456,0,0,0,-1321907123,1427461461
51659,Merianae,,32001,55564,0,-1,0,0,0,0,0,0,0,0,0,0,25341,135,464,0,3,38338624,8192,268435456,0,0,0,-1,-1
51660,Líder da Alcateia Asenya,,32002,55564,0,-1,0,0,0,0,0,0,0,0,0,0,25342,135,464,0,3,38338624,8192,268435456,0,0,0,-1,-1
51661,Maré Enraivecida,,32003,55564,0,-1,0,0,0,0,0,0,0,0,0,0,25343,135,464,0,3,38338624,8192,268435456,0,0,0,-1,-1
51662,Celesterror Raposeiro,,32004,55564,0,-1,0,0,0,0,0,0,0,0,0,0,25344,135,464,0,3,38338624,8192,268435456,0,0,0,-1,-1
51664,"Kolett, o Ranzinza",,32006,55564,0,-1,0,0,0,0,0,0,0,0,0,0,25345,135,464,0,3,38338624,8192,268435456,0,0,0,-1,-1
51665,Prolemadre Razora,,32007,55564,0,-1,0,0,0,0,0,0,0,0,0,0,25346,135,464,0,3,38338624,8192,268435456,0,0,0,-1,-1
51666,Bashmu,,32008,55564,0,-1,0,0,0,0,0,0,0,0,0,0,25348,135,464,0,3,38338624,8192,268435456,0,0,0,-1,-1
51667,Pavão mysteriozo,,32009,55564,0,-1,0,0,0,0,0,0,0,0,0,157845,25352,109,464,0,3,34275328,0,268435456,0,0,0,-1321907123,1427461461
51669,Bart Olho Negro,,32011,55564,0,-1,0,0,0,0,0,0,0,0,0,0,25349,135,464,0,3,38338624,8192,268435456,0,0,0,-1,-1
51670,Sentinela Garralenha,,32012,55564,0,-1,0,0,0,0,0,0,0,0,0,0,25350,135,464,0,3,38338624,8192,268435456,0,0,0,-1,-1
51671,Barbeiro de bode,,33434,70114,0,-1,0,0,0,0,0,0,0,0,0,153596,25351,109,464,0,3,34144256,0,268435456,0,0,0,1309324210,-1440044374
51672,Teias Emaranhadas,,32013,55564,0,-1,0,0,0,0,0,0,0,0,0,0,25353,109,464,0,3,34144256,0,268435456,0,0,0,-1321907123,1427461461
51676,"Gaivota veneno, o mundo é pequeno...",,32018,55564,0,-1,0,0,0,0,0,0,0,0,0,0,25369,109,464,0,3,34144256,0,268435456,0,0,0,-1321907123,1427461461
51681,Bruxa básica,,32023,55564,0,-1,0,0,0,0,0,0,0,0,0,0,25372,109,464,0,3,34144256,0,268435456,0,0,0,-1321907123,1427461461
51682,Bruxas aos montes,,33437,55564,0,-1,0,0,0,0,0,0,0,0,0,0,25370,109,464,0,3,38338560,8192,268435456,0,0,0,-1321907123,1427461461
51683,Meter aço e tacar fogo,,32025,55564,0,-1,0,0,0,0,0,0,0,0,0,0,25375,109,464,0,3,34144256,0,268435456,0,0,0,-1321907123,1427461461
51686,Bonde das vagabruxas,,32028,55564,0,-1,5,0,0,0,0,0,0,0,0,0,25376,109,464,0,3,38338560,0,268435456,0,0,0,-1321907123,1427461461
51687,Solução futum,,33438,55564,0,-1,0,0,0,0,0,0,0,0,0,160557,25377,109,464,0,3,38338560,8192,268435456,0,0,0,-1321907123,1427461461
51689,Resgatando tortollanos,,32030,61475,0,-1,0,0,0,0,0,0,0,0,0,0,0,0,1403,0,3,34144256,0,268468224,0,0,0,1309324210,-1440044374
51690,As sombras de Corlain,,32032,55564,0,-1,0,0,0,0,0,0,0,0,0,0,25420,109,464,0,3,38338560,8192,268435456,0,0,0,-1321907123,1427461461
51693,Interceptar a Maré-férrea,,32034,55564,0,-1,0,0,0,0,0,0,0,0,0,0,25385,109,464,0,3,38338624,0,268435456,0,0,0,-1321907123,1427461461
51694,"Puxa, que bruxa?",,32035,55564,0,-1,0,0,0,0,0,0,0,0,0,160571,25392,109,464,0,3,38338560,0,268435456,0,0,0,-1321907123,1427461461
51697,Caçada aos caçadores de trufas,,32038,55564,0,-1,0,0,0,0,0,0,0,0,0,0,25391,109,464,0,3,38338560,0,268435456,0,0,0,-1321907123,1427461461
51699,Monstruosidade Pestilenta,,32040,55564,0,-1,0,0,0,0,0,0,0,0,0,0,25518,136,464,0,3,34144256,0,268435456,0,0,0,-1,-1
51706,Lenha morta,,32047,55564,0,-1,0,0,0,0,0,0,0,0,0,0,25397,109,464,0,3,41484288,8192,268435456,0,0,0,-1321907123,1427461461
51707,Vale mais do que barras de ouro,,32048,55564,0,-1,0,0,0,0,0,0,0,0,0,0,25396,109,464,0,3,38338560,0,268435456,0,0,0,-1321907123,1427461461
51709,Bombardeio,,33440,55564,0,-1,0,0,0,0,0,0,0,0,0,0,25402,109,464,0,3,38338624,0,268435456,0,0,0,-1321907123,1427461461
51710,O levante dos yetis,,33441,55564,0,-1,0,0,0,0,0,0,0,0,0,0,25403,109,464,0,3,38338560,0,268435456,0,0,0,-1321907123,1427461461
51719,Um glaive engano,,32058,55564,0,-1,0,0,0,0,0,0,0,0,0,0,25405,109,464,0,3,34144256,0,268435456,0,0,0,1309324210,-1440044374
51727,"Casa de Ferreiro Negro, espeto de pau",,32066,55564,0,-1,0,0,0,0,0,0,0,0,0,0,25410,109,464,0,3,38338560,8192,268435456,0,0,0,1309324210,-1440044374
51737,Porções de poções,,30845,55564,0,-1,1,0,0,0,0,0,0,0,0,0,25411,109,464,0,3,3735552,0,268435456,0,0,0,1309324210,-1440044374
51738,Bruxas aos montes,,32024,55564,0,-1,0,0,0,0,0,0,0,0,0,0,25412,109,464,0,3,38338560,8192,268435456,0,0,0,1309324210,-1440044374
51739,O levante dos yetis,,32051,55564,0,-1,0,0,0,0,0,0,0,0,0,0,25445,109,464,0,3,38338560,0,268435456,0,0,0,1309324210,-1440044374
51740,Caçada aos caçadores de trufas,,32038,55564,0,-1,0,0,0,0,0,0,0,0,0,0,25391,109,464,0,3,38338560,0,268435456,0,0,0,1309324210,-1440044374
51741,Bombardeio,,32050,55564,0,-1,0,0,0,0,0,0,0,0,0,0,25415,109,464,0,3,38338624,0,268435456,0,0,0,1309324210,-1440044374
51742,Interceptar a Maré-férrea,,33439,55564,0,-1,0,0,0,0,0,0,0,0,0,0,25416,109,464,0,3,38338624,0,268435456,0,0,0,1309324210,-1440044374
51743,Vale mais do que barras de ouro,,32048,67266,0,-1,0,0,0,0,0,0,0,0,0,0,25396,109,464,0,3,38338560,0,268435456,0,0,0,1309324210,-1440044374
51745,Solução futum,,32029,55564,0,-1,0,0,0,0,0,0,0,0,0,160557,25418,109,464,0,3,38338560,8192,268435456,0,0,0,1309324210,-1440044374
51746,As sombras de Corlain,,32032,55564,0,-1,0,0,0,0,0,0,0,0,0,0,25420,109,464,0,3,38338560,8192,268435456,0,0,0,1309324210,-1440044374
51747,Alerta antecipado,,32076,55564,0,-1,1,0,0,0,0,0,0,0,0,0,25424,109,464,0,3,3735552,0,268435456,0,0,0,1309324210,-1440044374
51754,Tenacidade implacável,,32083,55564,0,-1,0,0,0,0,0,0,0,0,0,0,25425,109,464,0,3,38338560,8192,268435456,0,0,0,1309324210,-1440044374
51758,Carregamento de armas,,32087,55564,0,-1,0,0,0,0,0,0,0,0,0,0,25388,109,464,0,3,34144256,0,268435456,0,0,0,-1321907123,1427461461
51759,Quebramar Skoloth,,32088,55564,0,-1,0,0,0,0,0,0,0,0,0,0,25433,135,464,0,3,41484352,8192,268435456,0,0,0,-1,-1
51760,Fome incontrolável de ranishu,,32089,55564,0,-1,0,0,0,0,0,0,0,0,0,0,25434,109,464,0,3,38338816,8192,268435456,0,0,0,-1321907123,1427461461
51761,Furdúncio familiar,,31939,55564,0,-1,0,0,0,0,0,0,0,0,0,0,25437,109,464,0,3,34144256,0,268435456,0,0,0,1309324210,-1440044374
51763,Resgate em Zem'lan,,32091,55564,0,-1,0,0,0,0,0,0,0,0,0,0,25438,109,464,0,3,34144512,0,268435456,0,0,0,1309324210,-1440044374
51764,Dia da caça,,31954,55564,0,-1,0,0,0,0,0,0,0,0,0,0,25514,109,464,0,3,34144320,0,268435456,0,0,0,1309324210,-1440044374
51765,Teias Emaranhadas,,33436,55564,0,-1,0,0,0,0,0,0,0,0,0,0,25440,109,464,0,3,34144256,0,268435456,0,0,0,1309324210,-1440044374
51767,Arapuca armada,,31965,55564,0,-1,0,0,0,0,0,0,0,0,0,0,25441,109,464,0,3,34144256,0,268435456,0,0,0,1309324210,-1440044374
51768,Recursos naturais,,31966,55564,0,-1,0,0,0,0,0,0,0,0,0,0,25442,109,464,0,3,37289984,0,268435456,0,0,0,1309324210,-1440044374
51769,"Gaivota veneno, o mundo é pequeno...",,32018,55564,0,-1,0,0,0,0,0,0,0,0,0,0,25369,109,464,0,3,34144256,0,268435456,0,0,0,1309324210,-1440044374
51774,Ragna,,32097,55564,0,-1,0,0,0,0,0,0,0,0,0,0,25447,135,464,0,3,41484352,8192,268435456,0,0,0,-1,-1
51776,Ventronante,,32099,55564,0,-1,0,0,0,0,0,0,0,0,0,0,25448,135,464,0,3,41484352,8192,268435456,0,0,0,-1,-1
51777,"Dragus, o Escarnecido",,32100,68611,0,-1,0,0,0,0,0,0,0,0,0,0,25449,135,464,0,3,41484352,8192,268435456,0,0,0,-1,-1
51778,Presafunda,,32101,55564,0,-1,0,0,0,0,0,0,0,0,0,0,25452,135,464,0,3,41484352,8192,268435456,0,0,0,-1,-1
51779,"Carrancruel, o Cérebro de Camarão",,32103,55564,0,-1,0,0,0,0,0,0,0,0,0,0,25451,135,464,0,3,41484352,8192,268435456,0,0,0,-1,-1
51780,Um jantar para Boneca e Biriba,,32104,55564,0,-1,0,0,0,0,0,0,0,0,0,0,25453,109,464,0,3,34144256,8192,268435456,0,0,0,1309324210,-1440044374
51781,Encarregado Spolitto,,32105,55564,0,-1,0,0,0,0,0,0,0,0,0,0,25455,135,464,0,3,41484352,8192,268435456,0,0,0,-1,-1
51782,Capitão Cortaspinha,,32106,55564,0,-1,0,0,0,0,0,0,0,0,0,0,25456,135,464,0,3,41484352,8192,268435456,0,0,0,-1,-1
51783,Resgate em Zem'lan,,32107,67933,0,-1,0,0,0,0,0,0,0,0,0,0,25454,109,464,0,3,34144512,0,268435456,0,0,0,-1321907123,1427461461
51791,O teste do Totem Borbulhante,,33443,55564,0,-1,0,0,0,0,0,0,0,0,0,0,25464,109,464,0,3,34275584,8192,268435456,0,0,0,1309324210,-1440044374
51792,Teste de Totem Eruptivo,,32116,55564,0,-1,0,0,0,0,0,0,0,0,0,0,25465,109,464,0,3,34144512,8192,268435456,0,0,0,1309324210,-1440044374
51793,O teste do Totem Borbulhante,,33442,55564,0,-1,0,0,0,0,0,0,0,0,0,0,25466,109,464,0,3,34144512,8192,268435456,0,0,0,-1321907123,1427461461
51794,Teste de Totem Eruptivo,,32115,55564,0,-1,0,0,0,0,0,0,0,0,0,0,25467,109,464,0,3,34144512,8192,268435456,0,0,0,-1321907123,1427461461
51804,Interferência em andamento,,32125,55564,0,-1,0,0,0,0,0,0,0,0,0,0,25471,109,464,0,3,34144256,8192,268435456,0,0,0,-1321907123,1427461461
51806,Dedetizador 2.0,,32127,55564,0,-1,0,0,0,0,0,0,0,0,0,0,25481,136,464,0,3,37289984,0,268435456,0,0,0,-1,-1
51811,Tortollanos aprisionados,,32132,55564,0,-1,0,0,0,0,0,0,0,0,0,0,25488,109,464,0,3,38338560,8192,268435456,0,0,0,1309324210,-1440044374
51814,Ravoracidade,,32134,55564,0,-1,0,0,0,0,0,0,0,0,0,0,25485,109,464,0,3,38338816,0,268435456,0,0,0,-1321907123,1427461461
51815,Ovocídio,,32135,55564,0,-1,0,0,0,0,0,0,0,0,0,0,25486,109,464,0,3,38338816,0,268435456,0,0,0,-1321907123,1427461461
51816,Ingredientes pterríveis,,32136,55564,0,-1,0,0,0,0,0,0,0,0,0,0,25487,109,464,0,3,38338816,0,268435456,0,0,0,-1321907123,1427461461
51817,Tortollanos aprisionados,,32157,70823,0,-1,0,0,0,0,0,0,0,0,0,0,25489,109,464,0,3,38338560,8192,268435456,0,0,0,-1321907123,1427461461
51820,O fim da lambreca,,32140,55564,0,-1,0,0,0,0,0,0,0,0,0,0,25492,109,464,0,3,38338624,8192,268435456,0,0,0,-1321907123,1427461461
51821,Limpando a barra,,32141,55564,0,-1,0,0,0,0,0,0,0,0,0,0,25482,109,464,0,3,38338560,8192,268435456,0,0,0,-1321907123,1427461461
51822,Pergaminhos e escamas,,32142,70810,0,-1,0,0,0,0,0,0,0,0,0,0,25493,109,464,0,3,38338560,8192,268435456,0,0,0,-1321907123,1427461461
51824,E não saia daí,,32143,55564,0,-1,0,0,0,0,0,0,0,0,0,0,25494,109,464,0,3,38338560,8192,268435456,0,0,0,-1321907123,1427461461
51827,Eles vieram por trás!,,32144,55564,0,-1,0,0,0,0,0,0,0,0,0,160739,25468,109,464,0,3,38338560,8192,268435456,0,0,0,1309324210,-1440044374
51828,A Legião vai arder,,32145,55564,0,-1,0,0,0,0,0,0,0,0,0,0,25495,109,464,0,3,38338560,8192,268435456,0,0,0,1309324210,-1440044374
51831,Ataque veloz,,32148,55564,0,-1,0,0,0,0,0,0,0,0,0,0,25521,109,464,0,3,38338560,8192,268435456,0,0,0,-1321907123,1427461461
51832,Rodeios e mais rodeios,,32149,55564,0,-1,0,0,0,0,0,0,0,0,0,0,25497,109,464,0,3,34144256,0,268435456,0,0,0,1309324210,-1440044374
51834,Nada de negociar,,32151,55564,0,-1,0,0,0,0,0,0,0,0,0,0,25538,109,464,0,3,34144256,8192,268435456,0,0,0,-1321907123,1427461461
51836,Terceirização de recursos,,32153,55564,0,-1,0,0,0,0,0,0,0,0,0,0,25498,109,464,0,3,38338560,8192,268435456,0,0,0,-1321907123,1427461461
51839,Murlocoso das profundezas,,32155,55564,0,-1,0,0,0,0,0,0,0,0,0,0,25501,135,464,0,3,34144320,0,268435456,0,0,0,-1,-1
51840,O fim da lambreca,,32156,55564,0,-1,0,0,0,0,0,0,0,0,0,0,25503,109,464,0,3,38338624,8192,268435456,0,0,0,1309324210,-1440044374
51841,Aguilhanegra,,32158,55564,0,-1,0,0,0,0,0,0,0,0,0,0,25504,135,464,0,3,34144320,0,268435456,0,0,0,-1,-1
51842,Carla Risota,,32159,55564,0,-1,0,0,0,0,0,0,0,0,0,0,25505,135,464,0,3,34144320,0,268435456,0,0,0,-1,-1
51843,P4-N73R4,,32160,55564,0,-1,0,0,0,0,0,0,0,0,0,0,25506,135,464,0,3,34144320,0,268435456,0,0,0,-1,-1
51844,Ati'lio,,32161,55564,0,-1,0,0,0,0,0,0,0,0,0,0,25507,135,464,0,3,34144320,0,268435456,0,0,0,-1,-1
51847,Queixalisca,,32162,55564,0,-1,0,0,0,0,0,0,0,0,0,0,25508,135,464,0,3,34144320,0,268435456,0,0,0,-1,-1
51848,Capitão Nevelejar,,32163,55564,0,-1,0,0,0,0,0,0,0,0,0,0,25509,135,464,0,3,34144320,0,268435456,0,0,0,-1,-1
51849,Tempéstria,,32164,55564,0,-1,0,0,0,0,0,0,0,0,0,0,25510,135,464,0,3,34144320,0,268435456,0,0,0,-1,-1
51850,A preservação do oásis,,32165,55564,0,-1,0,0,0,0,0,0,0,0,0,0,25511,109,464,0,3,34144512,8192,268435456,0,0,0,1309324210,-1440044374
51853,A preservação do oásis,,32166,55564,0,-1,0,0,0,0,0,0,0,0,0,0,25512,109,464,0,3,34144512,8192,268435456,0,0,0,-1321907123,1427461461
51854,Eu sou o tubarão,,32167,55564,0,-1,0,0,0,0,0,0,0,0,0,0,25513,109,464,0,3,40435712,8192,268435456,0,0,0,-1321907123,1427461461
51855,Vida de pirata,,32168,55564,0,-1,0,0,0,0,0,0,0,0,0,0,25515,109,464,0,3,38338560,8192,268435456,0,0,0,-1321907123,1427461461
51856,A Terra Podre: Gorja Podre,,32169,55564,0,-1,0,0,0,0,0,0,0,0,0,0,25762,137,464,0,3,35192896,0,268435458,0,0,0,-1,-1
51874,Javali empanturrado,,32174,55564,0,-1,0,0,0,0,0,0,0,0,0,0,25519,135,464,0,3,34144320,0,268435456,0,0,0,-1,-1
51884,Golem descontrolado,,32184,55564,0,-1,0,0,0,0,0,0,0,0,0,0,25523,135,464,0,3,34144320,0,268435456,0,0,0,-1,-1
51886,Al'Moff Adjin,,32186,55564,0,-1,0,0,0,0,0,0,0,0,0,0,25528,135,464,0,3,41484352,8192,268435456,0,0,0,-1,-1
51887,Trio fúngico,,32187,55564,0,-1,0,0,0,0,0,0,0,0,0,0,25527,135,464,0,3,34144320,0,268435456,0,0,0,-1,-1
51890,"Ranja, o último patafria",,32190,55564,0,-1,0,0,0,0,0,0,0,0,0,0,25532,135,464,0,3,34144320,0,268435456,0,0,0,-1,-1
51891,"Cita, o célere",,32191,55564,0,-1,0,0,0,0,0,0,0,0,0,0,25533,135,464,0,3,34144320,0,268435456,0,0,0,-1,-1
51892,"Vibrescama, a tóxica",,32192,55564,0,-1,0,0,0,0,0,0,0,0,0,0,25534,135,464,0,3,34144320,0,268435456,0,0,0,-1,-1
51893,Dentesserra,,32193,55564,0,-1,0,0,0,0,0,0,0,0,0,0,25535,135,464,0,3,34144320,0,268435456,0,0,0,-1,-1
51894,"Têntulos, a Flutuante",,32194,55564,0,-1,0,0,0,0,0,0,0,0,0,0,25536,135,464,0,3,34144320,0,268435456,0,0,0,-1,-1
51895,"Reboque, o portátil",,32195,55564,0,-1,0,0,0,0,0,0,0,0,0,0,25537,135,464,0,3,34144320,0,268435456,0,0,0,-1,-1
51897,Pedrageada,,32197,55564,0,-1,0,0,0,0,0,0,0,0,0,0,25539,135,464,0,3,34144320,0,268435456,0,0,0,-1,-1
51900,No encalço dos Ímpios,,32200,55564,0,-1,0,0,0,0,0,0,0,0,0,0,25543,109,464,0,3,34144512,8192,268435456,0,0,0,1309324210,-1440044374
51901,Calcrustáceo,,32201,55564,0,-1,0,0,0,0,0,0,0,0,0,0,25553,135,464,0,3,41484352,8192,268435456,0,0,0,-1,-1
51905,Quebra-casco reforçado,,32203,55564,0,-1,0,0,0,0,0,0,0,0,0,0,25544,136,464,0,3,37289984,0,268435456,0,0,0,-1,-1
51906,Irmã Martha,,32204,55564,0,-1,0,0,0,0,0,0,0,0,0,0,25545,135,464,0,3,34144320,0,268435456,0,0,0,-1,-1
51908,Nuncamais,,32206,55564,0,-1,0,0,0,0,0,0,0,0,0,0,25547,135,464,0,3,34144320,0,268435456,0,0,0,-1,-1
51909,Grozgore,,32207,55564,0,-1,0,0,0,0,0,0,0,0,0,0,25548,135,464,0,3,34144320,0,268435456,0,0,0,-1,-1
51917,Beshol,,32213,55564,0,-1,0,0,0,0,0,0,0,0,0,0,25549,135,464,0,3,34144320,0,268435456,0,0,0,-1,-1
51919,Emília Mansilha,,32214,55564,0,-1,0,0,0,0,0,0,0,0,0,0,25550,135,464,0,3,34144320,0,268435456,0,0,0,-1,-1
51920,Máter Tapiti,,32215,55564,0,-1,0,0,0,0,0,0,0,0,0,0,25551,135,464,0,3,34144320,0,268435456,0,0,0,-1,-1
51921,Derramancha,,32216,55564,0,-1,0,0,0,0,0,0,0,0,0,0,25552,135,464,0,3,41484352,8192,268435456,0,0,0,-1,-1
51924,No encalço dos Ímpios,,32200,55564,0,-1,0,0,0,0,0,0,0,0,0,0,25543,109,464,0,3,34144512,8192,268435456,0,0,0,-1321907123,1427461461
51925,Não inclui manual,,32219,55564,0,-1,0,0,0,0,0,0,0,0,0,0,25554,109,464,0,3,34144256,8192,268435456,0,0,0,-1321907123,1427461461
51928,Não inclui manual,,32222,55564,0,-1,0,0,0,0,0,0,0,0,0,0,25555,109,464,0,3,34144256,8192,268435456,0,0,0,-1321907123,1427461461
51931,Não inclui manual,,32225,55564,0,-1,0,0,0,0,0,0,0,0,0,0,25556,109,464,0,3,34144256,8192,268435456,0,0,0,-1321907123,1427461461
51933,Não inclui manual,,32227,55564,0,-1,0,0,0,0,0,0,0,0,0,0,25557,109,464,0,3,34144256,8192,268435456,0,0,0,-1321907123,1427461461
51947,Sabrezord,,32241,55564,0,-1,0,0,0,0,0,0,0,0,0,0,25561,135,464,0,3,41484352,8192,268435456,0,0,0,-1,-1
51948,Oferecendo proteção,,32242,55564,0,-1,0,0,0,0,0,0,0,0,0,0,25558,109,464,0,3,38338560,8192,268435456,0,0,0,1309324210,-1440044374
51957,A ira de Vorrik,,32251,55564,0,-1,0,0,0,0,0,0,0,0,0,0,25562,109,464,0,3,40435968,8192,268435456,0,0,0,1309324210,-1440044374
51963,A ira de Vorrik,,32255,55564,0,-1,0,0,0,0,0,0,0,0,0,0,25563,109,464,0,3,40435968,8192,268435456,0,0,0,-1321907123,1427461461
51970,O banqueteiro,,32259,55564,0,-1,0,0,0,0,0,0,0,0,0,0,25566,135,464,0,3,34144320,0,268435456,0,0,0,-1,-1
51972,Bode perdido,,32260,55564,0,-1,0,0,0,0,0,0,0,0,0,0,25567,135,464,0,3,34144256,0,268435456,0,0,0,-1,-1
51974,Sabrezord,,32262,55564,0,-1,0,0,0,0,0,0,0,0,0,0,25573,135,464,0,3,41484352,8192,268435456,0,0,0,-1,-1
51976,Sabrezord,,32264,55564,0,-1,0,0,0,0,0,0,0,0,0,0,25572,135,464,0,3,41484352,8192,268435456,0,0,0,-1,-1
51977,Sabrezord,,32265,55564,0,-1,0,0,0,0,0,0,0,0,0,0,25570,135,464,0,3,41484352,8192,268435456,0,0,0,-1,-1
51978,Sabrezord,,32266,55564,0,-1,0,0,0,0,0,0,0,0,0,0,25571,135,464,0,3,41484352,8192,268435456,0,0,0,-1,-1
51981,A morada do Arauto da Terra,,32269,55564,0,-1,0,0,0,0,0,0,0,0,0,0,25579,109,464,0,3,38338560,8192,268435456,0,0,0,-1321907123,1427461461
51983,A vingança de Vorrik,,33444,55564,0,-1,0,0,0,0,0,0,0,0,0,0,25578,109,464,0,3,38338816,8192,268435456,0,0,0,1309324210,-1440044374
51988,"Maitê Ramos, a Garra de Aço",,32276,55564,0,-1,0,0,0,0,0,0,0,0,0,0,25583,135,464,0,3,34144320,0,268435456,0,0,0,-1,-1
51989,Braedan Sebalva,,32277,55564,0,-1,0,0,0,0,0,0,0,0,0,0,25584,135,464,0,3,34144320,0,268435456,0,0,0,-1,-1
51995,A vingança de Vorrik,,32271,55564,0,-1,0,0,0,0,0,0,0,0,0,0,25580,109,464,0,3,38338816,8192,268435456,0,0,0,-1321907123,1427461461
51996,A morada do Arauto da Terra,,32280,55564,0,-1,0,0,0,0,0,0,0,0,0,0,25592,109,464,0,3,38338560,8192,268435456,0,0,0,1309324210,-1440044374
51997,Rumo ao fundo,,32281,55564,0,-1,0,0,0,0,0,0,0,0,0,0,25591,109,464,0,3,38338816,8192,268435456,0,0,0,1309324210,-1440044374
52004,Contrainteligência,,32288,55564,0,-1,0,0,0,0,0,0,0,0,0,0,25593,109,464,0,3,38338560,8192,268435456,0,0,0,1309324210,-1440044374
52006,Ataque preventivo,,32290,55564,0,-1,0,0,0,0,0,0,0,0,0,0,24646,109,464,0,3,38338560,8192,268435456,0,0,0,1309324210,-1440044374
52007,Maquinário de guerra,,32291,55564,0,-1,0,0,0,0,0,0,0,0,0,160988,25606,109,464,0,3,38338560,8192,268435456,0,0,0,1309324210,-1440044374
52009,O povo caranguejo,,32293,131226,0,-1,0,0,0,0,0,0,0,0,0,0,25613,115,464,0,3,3735808,0,268435456,0,0,0,-1,-1
52010,Os tentáculos da ruína,,33445,55564,0,-1,0,0,0,0,0,0,0,0,0,0,25612,109,464,0,3,38338560,8192,268435456,0,0,0,-1321907123,1427461461
52011,Campos demoníacos,,33446,55564,0,-1,0,0,0,0,0,0,0,0,0,0,25619,109,464,0,3,40435712,8192,268435456,0,0,0,-1321907123,1427461461
52045,Patrulha fronteiriça,,33447,55564,0,-1,0,0,0,0,0,0,0,0,0,0,25631,109,464,0,3,40435712,8192,268435456,0,0,0,-1321907123,1427461461
52047,Contra a tempestade,,32317,55564,0,-1,0,0,0,0,0,0,0,0,0,0,25644,109,464,0,3,38338560,8192,268435456,0,0,0,-1321907123,1427461461
52054,Assim já é demais,,32322,55564,0,-1,0,0,0,0,0,0,0,0,0,0,28007,109,464,0,3,38338560,8192,268435456,0,0,0,-1321907123,1427461461
52056,Os tentáculos da ruína,,32294,55564,0,-1,0,0,0,0,0,0,0,0,0,0,25643,109,464,0,3,38338560,8192,268435456,0,0,0,1309324210,-1440044374
52057,Contra a tempestade,,32317,55564,0,-1,0,0,0,0,0,0,0,0,0,0,25644,109,464,0,3,38338560,8192,268435456,0,0,0,1309324210,-1440044374
52059,Rumo ao fundo,,32324,55564,0,-1,0,0,0,0,0,0,0,0,0,0,25635,109,464,0,3,38338816,8192,268435456,0,0,0,-1321907123,1427461461
52063,Patrulha fronteiriça,,32316,55564,0,-1,0,0,0,0,0,0,0,0,0,0,25648,109,464,0,3,40435712,8192,268435456,0,0,0,1309324210,-1440044374
52064,Campos demoníacos,,32295,55564,0,-1,0,0,0,0,0,0,0,0,0,0,25653,109,464,0,3,40435712,8192,268435456,0,0,0,1309324210,-1440044374
52071,Montanha Dorsarça,,32333,55564,0,-1,0,0,0,0,0,0,0,0,0,0,25666,109,464,0,3,38338560,8192,268435456,0,0,0,-1321907123,1427461461
52115,À sombra do kraken,,32340,55564,0,-1,0,0,0,0,0,0,0,0,0,0,25697,109,464,0,3,38338560,8192,268435456,0,0,0,1309324210,-1440044374
52117,Montanha Dorsarça,,32333,55564,0,-1,0,0,0,0,0,0,0,0,0,0,25666,109,464,0,3,38338560,8192,268435456,0,0,0,1309324210,-1440044374
52119,Extração de azerita à la goblins,,32343,55564,0,-1,0,0,0,0,0,0,0,0,0,0,25702,109,464,0,3,34144256,0,268435456,0,0,0,1309324210,-1440044374
52120,Extração de azerita à la gnomos,,32344,55564,0,-1,0,0,0,0,0,0,0,0,0,0,25710,109,464,0,3,34144256,0,268435456,0,0,0,-1321907123,1427461461
52124,O choro dos derrotados,,32348,55564,0,-1,0,0,0,0,0,0,0,0,0,0,25718,109,464,0,3,34144256,0,268435456,0,0,0,1309324210,-1440044374
52126,Um porquinho com presas afiadas,,32350,55564,0,-1,0,0,0,0,0,0,0,0,0,0,25719,115,464,0,3,3735808,0,268435456,0,0,0,-1,-1
52133,Bom menino!,,32357,55564,0,-1,0,0,0,0,0,0,0,0,0,0,25738,109,464,0,3,39387136,8192,268435456,0,0,0,-1321907123,1427461461
52140,Problema espinhoso,,32364,55564,0,-1,0,0,0,0,0,0,0,0,0,0,25791,109,464,0,3,38338560,8192,268435456,0,0,0,-1321907123,1427461461
52142,Reabastecimento,,32366,55564,0,-1,0,0,0,0,0,0,0,0,0,0,25750,109,464,0,3,34144256,0,268435456,0,0,0,-1321907123,1427461461
52143,Trabalho infantil,,32367,55564,0,-1,0,0,0,0,0,0,0,0,0,0,26374,109,464,0,3,38338560,8192,268435456,0,0,0,-1321907123,1427461461
52144,Ferro na Fundição,,32368,55564,0,-1,0,0,0,0,0,0,0,0,0,0,26377,109,464,0,3,34144256,0,268435456,0,0,0,-1321907123,1427461461
52145,Tintim!,,32369,69433,0,-1,0,0,0,0,0,0,0,0,0,0,26399,109,464,0,3,39387136,0,268435456,0,0,0,-1321907123,1427461461
52155,Tesouro à deriva,,32380,55564,0,-1,0,0,0,0,0,0,0,0,0,0,26378,109,464,0,3,34144256,0,268435456,0,0,0,-1321907123,1427461461
52157,Um encontro de causar calafrios,,32382,62193,0,-1,0,0,0,0,0,0,0,0,0,0,25749,112,464,0,3,37290304,0,268435456,0,0,0,-1,-1
52159,Varre isso!,,33448,55564,0,-1,0,0,0,0,0,0,0,0,0,0,26396,109,464,0,3,38338560,8192,268435456,0,0,0,-1321907123,1427461461
52160,Reabastecimento,,32366,55564,0,-1,0,0,0,0,0,0,0,0,0,0,25750,109,464,0,3,34144256,0,268435456,0,0,0,1309324210,-1440044374
52162,Tracking Quest,,32386,0,0,-1,0,0,0,0,0,0,0,0,0,0,0,0,464,0,3,33588224,0,0,0,0,0,-1,-1
52163,O tufão alado,,32387,62193,0,-1,0,0,0,0,0,0,0,0,0,0,25760,112,464,0,3,37290048,0,268435456,0,0,0,-1,-1
52164,Rum... bora detonar!,,32388,55564,0,-1,0,0,0,0,0,0,0,0,0,0,25752,109,464,0,3,38338560,8192,268435456,0,0,0,-1321907123,1427461461
52165,Caos automatizado,,32389,131226,0,-1,0,0,0,0,0,0,0,0,0,0,25753,115,464,0,3,3735808,0,268435456,0,0,0,-1,-1
52166,O arauto sem-rosto,,32390,62193,0,-1,0,0,0,0,0,0,0,0,0,0,25739,112,464,0,3,34144320,0,268435456,0,0,0,-1,-1
52167,Saqueadores da pesada,,32391,55564,0,-1,0,0,0,0,0,0,0,0,0,0,26385,109,464,0,3,4784192,8192,268435456,0,0,0,-1321907123,1427461461
52168,É fogo!,,32392,64064,0,-1,0,0,0,0,0,0,0,0,0,0,25756,109,464,0,3,34144256,0,268435456,0,0,0,-1321907123,1427461461
52169,A matriarca,,32394,62193,0,-1,0,0,0,0,0,0,0,0,0,0,25761,112,464,0,3,34144576,0,268435456,0,0,0,-1,-1
52174,Cobra em água rasa,,32399,55564,0,-1,0,0,0,0,0,0,0,0,0,0,25766,109,464,0,3,38338560,8192,268435456,0,0,0,-1321907123,1427461461
52179,Resistência Fortificada,,32402,55564,0,-1,0,0,0,0,0,0,0,0,0,0,25767,109,464,0,3,38338560,8192,268435456,0,0,0,-1321907123,1427461461
52180,A vergonha de Brennadam,,32403,64064,0,-1,0,0,0,0,0,0,0,0,0,0,25768,109,464,0,3,34144256,0,268435456,0,0,0,-1321907123,1427461461
52181,Fumaça e sombra,,32404,67111,0,-1,0,0,0,0,0,0,0,0,0,0,24506,112,464,0,3,34144576,0,268435456,0,0,0,-1,-1
52182,Essa tal azerita,,32405,62340,0,-1,0,0,0,0,0,0,0,0,0,0,26084,109,288,0,3,41484288,8192,268435456,0,0,0,1309324210,-1440044374
52196,Ossada de areeiro,,32419,62193,0,-1,0,0,0,0,0,0,0,0,0,0,25772,112,464,0,3,589888,0,268435456,0,0,0,-1,-1
52198,Enchendo o tanque,,32421,64064,0,-1,0,0,0,0,0,0,0,0,0,0,25779,109,464,0,3,36241408,0,268435456,0,0,0,-1321907123,1427461461
52199,Rum... bora detonar!,,32422,55564,0,-1,0,0,0,0,0,0,0,0,0,0,25780,109,464,0,3,38338560,8192,268435456,0,0,0,1309324210,-1440044374
52200,Tática de tartaruga,,32423,55564,0,-1,0,0,0,0,0,0,0,0,0,0,25781,109,464,0,3,39387136,8192,268435456,0,0,0,-1321907123,1427461461
52207,Essa tal azerita,,32427,62340,0,-1,0,0,0,0,0,0,0,0,0,0,26100,109,288,0,3,41484288,8192,268435456,0,0,0,-1321907123,1427461461
52209,Tática de tartaruga,,32429,55564,0,-1,0,0,0,0,0,0,0,0,0,0,25784,109,464,0,3,39387136,8192,268435456,0,0,0,1309324210,-1440044374
52211,Alvorada rubra,,32448,55564,0,-1,0,0,0,0,0,0,0,0,0,0,25637,109,464,0,3,38338560,8192,268435456,0,0,0,-1321907123,1427461461
52218,Horrores noturnos,,32438,131226,0,-1,0,0,0,0,0,0,0,0,0,0,25786,115,464,0,3,3735808,0,268435456,0,0,0,-1,-1
52229,Assim já é demais,,32450,55564,0,-1,0,0,0,0,0,0,0,0,0,0,25788,109,464,0,3,38338560,8192,268435456,0,0,0,1309324210,-1440044374
52230,Trocado,,32451,55564,0,-1,0,0,0,0,0,0,0,0,0,158226,25789,109,464,0,3,38338560,8192,268435456,0,0,0,-1321907123,1427461461
52236,Problema espinhoso,,32364,55564,0,-1,0,0,0,0,0,0,0,0,0,0,25791,109,464,0,3,38338560,8192,268435456,0,0,0,1309324210,-1440044374
52237,Terra Podre: Horror Incansável,,32453,55564,0,-1,0,0,0,0,0,0,0,0,0,0,25763,137,464,0,3,34144320,0,268435458,0,0,0,-1,-1
52238,Terra Podre: Esporos Misteriosos,,32454,55564,0,-1,0,0,0,0,0,0,0,0,0,0,25764,137,464,0,3,34144256,0,268435458,0,0,0,-1,-1
52239,Trocado,,32455,55564,0,-1,0,0,0,0,0,0,0,0,0,158226,25792,109,464,0,3,38338560,8192,268435456,0,0,0,1309324210,-1440044374
52243,Combustível para os Demolidores,,32459,62340,0,-1,0,0,0,0,0,0,0,0,0,0,26087,109,288,0,3,41484288,8192,268435456,0,0,0,1309324210,-1440044374
52244,Acabe com a perfuração,,32460,62340,0,-1,0,0,0,0,0,0,0,0,0,0,26103,109,288,0,3,41484288,8192,268435456,0,0,0,-1321907123,1427461461
52248,As praias de Xibala,,32464,55564,0,-1,0,0,0,0,0,0,0,0,0,0,25797,109,464,0,3,38338560,8192,268435456,0,0,0,1309324210,-1440044374
52249,As praias de Xibala,,32465,55564,0,-1,0,0,0,0,0,0,0,0,0,0,25798,109,464,0,3,38338560,8192,268435456,0,0,0,-1321907123,1427461461
52250,Salvação de Xibala,,32466,66138,0,-1,0,0,0,0,0,0,0,0,0,0,25799,109,464,0,3,37289984,0,268435456,0,0,0,-1321907123,1427461461
52251,Reconhecimento comprometido,,32467,55564,0,-1,0,0,0,0,0,0,0,0,0,0,25800,109,464,0,3,38338560,8192,268435456,0,0,0,-1321907123,1427461461
52271,Sabor de sal marinho,,32485,55564,0,-1,0,0,0,0,0,0,0,0,0,0,25807,109,464,0,3,38338560,8192,268435456,0,0,0,-1321907123,1427461461
52278,Azerita ladina,,32491,67266,0,-1,0,0,0,0,0,0,0,0,0,0,25812,115,464,0,3,3735808,0,268435456,0,0,0,-1,-1
52280,Sabor de sal marinho,,32493,55564,0,-1,0,0,0,0,0,0,0,0,0,0,25813,109,464,0,3,38338560,8192,268435456,0,0,0,1309324210,-1440044374
52295,A MEGAMINA!!!: Elementais na folha de pagamento,,32507,55564,0,-1,0,0,0,0,0,0,0,0,0,0,25814,137,464,0,3,35192832,0,268435458,0,0,0,-1,-1
52297,Qual é a bzzzoa?,,32509,55564,0,-1,0,0,0,0,0,0,0,0,0,0,25818,115,464,0,3,3735808,0,268435456,0,0,0,-1,-1
52298,A MEGAMINA!!!: A inteligência fica no chifre!,,32510,55564,0,-1,0,0,0,0,0,0,0,0,0,0,25819,137,464,0,3,35192832,0,268435458,0,0,0,-1,-1
52299,Chicotada,,32511,55564,0,-1,0,0,0,0,0,0,0,0,0,0,25816,135,464,0,3,41484352,8192,268435456,0,0,0,-1,-1
52300,Wagga Presa-rosnante,,32512,55564,0,-1,0,0,0,0,0,0,0,0,0,0,25820,135,464,0,3,41484352,8192,268435456,0,0,0,-1,-1
52301,Urzeiro Ratha,,32513,55564,0,-1,0,0,0,0,0,0,0,0,0,0,25822,135,464,0,3,41484352,8192,268435456,0,0,0,-1,-1
52302,A MEGAMINA!!!: Ele tem as bombas roxas,,32514,55564,0,-1,0,0,0,0,0,0,0,0,0,0,25823,137,464,0,3,35192832,0,268435458,0,0,0,-1,-1
52306,Coaxeiro,,32518,55564,0,-1,0,0,0,0,0,0,0,0,0,0,25838,135,464,0,3,41484352,8192,268435456,0,0,0,-1,-1
52307,Auxílio espiritual,,32519,62340,0,-1,0,0,0,0,0,0,0,0,0,0,26102,109,288,0,3,41484288,8192,268435456,0,0,0,-1321907123,1427461461
52309,Presareia,,32521,55564,0,-1,0,0,0,0,0,0,0,0,0,0,25839,135,464,0,3,41484352,8192,268435456,0,0,0,-1,-1
52310,Planáguas corrompido,,32522,55564,0,-1,0,0,0,0,0,0,0,0,0,0,25843,135,464,0,3,41484352,8192,268435456,0,0,0,-1,-1
52312,Apagar as luzes,,32524,62340,0,-1,0,0,0,0,0,0,0,0,0,0,26086,109,288,0,3,41484288,8192,268435456,0,0,0,1309324210,-1440044374
52315,"Severus, o Proscrito",,32527,55564,0,-1,0,0,0,0,0,0,0,0,0,0,25844,135,464,0,3,41484352,8192,268435456,0,0,0,-1,-1
52316,Criaturas marinhas são esquisitas,,32528,55564,0,-1,0,0,0,0,0,0,0,0,0,0,25847,115,464,0,3,3735808,0,268435456,0,0,0,-1,-1
52321,Pisantes,,32533,55564,0,-1,0,0,0,0,0,0,0,0,0,0,25854,135,464,0,3,41484352,8192,268435456,0,0,0,-1,-1
52322,"Taja, o Uivamaré",,32534,55564,0,-1,0,0,0,0,0,0,0,0,0,0,25857,135,464,0,3,41484352,8192,268435456,0,0,0,-1,-1
52325,Mal capturado,,32536,55564,0,-1,0,0,0,0,0,0,0,0,0,0,25859,115,464,0,3,3735808,0,268435456,0,0,0,-1,-1
52328,Foice de gelo,,32539,55564,0,-1,0,0,0,0,0,0,0,0,0,0,25860,135,464,0,3,41484352,8192,268435456,0,0,0,-1,-1
52330,Beemote,,32541,55564,0,-1,0,0,0,0,0,0,0,0,0,0,25864,136,464,0,3,37289984,0,268435456,0,0,0,-1,-1
52331,Ordem de Serviço: Destilado de Engano do Demitri,,32542,55564,0,-1,0,0,0,0,0,2478,1,0,0,0,28105,118,464,0,3,524608,0,268435458,0,0,0,-1321907123,1427461461
52332,Ordem de Serviço: Poção do Passo Leve,,32543,55564,0,-1,0,0,0,0,0,2478,1,0,0,0,28106,118,464,0,3,524608,0,268435458,0,0,0,-1321907123,1427461461
52333,Ordem de Serviço: Poção de Névoa Marinha,,32544,55564,0,-1,0,0,0,0,0,2478,1,0,0,0,28107,118,464,0,3,524608,0,268435458,0,0,0,-1321907123,1427461461
52334,Ordem de Serviço: Poção do Ocultamento,,32545,55564,0,-1,0,0,0,0,0,2478,1,0,0,0,28108,118,464,0,3,524608,0,268435458,0,0,0,-1321907123,1427461461
52335,Ordem de Serviço: Destilado de Engano do Demitri,,32546,55564,0,-1,0,0,0,0,0,2478,1,0,0,0,28165,118,464,0,3,524608,0,268435458,0,0,0,1309324210,-1440044374
52336,Ordem de Serviço: Poção do Passo Leve,,32547,55564,0,-1,0,0,0,0,0,2478,1,0,0,0,28164,118,464,0,3,524608,0,268435458,0,0,0,1309324210,-1440044374
52337,Ordem de Serviço: Poção de Névoa Marinha,,32548,55564,0,-1,0,0,0,0,0,2478,1,0,0,0,28163,118,464,0,3,524608,0,268435458,0,0,0,1309324210,-1440044374
52338,Ordem de Serviço: Poção do Ocultamento,,32549,55564,0,-1,0,0,0,0,0,2478,1,0,0,0,28162,118,464,0,3,524608,0,268435458,0,0,0,1309324210,-1440044374
52339,Ordem de Serviço: Estribos Reforçados com Monelita,,32550,55564,0,-1,0,0,0,0,0,2437,1,0,0,0,26123,116,464,0,3,524608,0,268435458,0,0,0,-1321907123,1427461461
52340,Ordem de Serviço: Placas de Casco Reforçadas com Monelita,,32551,55564,0,-1,0,0,0,0,0,2437,1,0,0,0,26124,116,464,0,3,524608,0,268435458,0,0,0,-1321907123,1427461461
52341,Ordem de Serviço: Estribos Reforçados com Monelita,,32552,55564,0,-1,0,0,0,0,0,2437,1,0,0,0,26197,116,464,0,3,524608,0,268435458,0,0,0,1309324210,-1440044374
52342,Ordem de Serviço: Placas de Casco Reforçadas com Monelita,,32553,55564,0,-1,0,0,0,0,0,2437,1,0,0,0,26198,116,464,0,3,524608,0,268435458,0,0,0,1309324210,-1440044374
52343,Eles comem como orcs,,32554,62340,0,-1,0,0,0,0,0,0,0,0,0,0,26088,109,288,0,3,41484288,8192,268435456,0,0,0,1309324210,-1440044374
52344,Ordem de Serviço: Kul Tiramisu,,32555,55564,0,-1,0,0,0,0,0,2541,1,0,0,0,28109,131,464,0,3,524608,0,268435458,0,0,0,-1,-1
52345,Ordem de Serviço: Tortas de Fruta-corvo,,32556,55564,0,-1,0,0,0,0,0,2541,1,0,0,0,28110,131,464,0,3,524608,0,268435458,0,0,0,-1,-1
52346,Ordem de Serviço: Torta do Marinheiro,,32557,55564,0,-1,0,0,0,0,0,2541,1,0,0,0,28111,131,464,0,3,524608,0,268435458,0,0,0,-1,-1
52347,Ordem de Serviço: Pernil Assado com Mel,,32558,55564,0,-1,0,0,0,0,0,2541,1,0,0,0,28112,131,464,0,3,524608,0,268435458,0,0,0,-1,-1
52348,Ordem de Serviço: Sarapatroll,,32559,55564,0,-1,0,0,0,0,0,2541,1,0,0,0,28161,131,464,0,3,524608,0,268435458,0,0,0,-1,-1
52349,Ordem de Serviço: Broa de Loa,,32560,55564,0,-1,0,0,0,0,0,2541,1,0,0,0,28160,131,464,0,3,524608,0,268435458,0,0,0,-1,-1
52350,Ordem de Serviço: Peixe com Batatas do Pântano,,32561,55564,0,-1,0,0,0,0,0,2541,1,0,0,0,28159,131,464,0,3,524608,0,268435458,0,0,0,-1,-1
52351,Ordem de Serviço: Cioba Condimentada,,32562,55564,0,-1,0,0,0,0,0,2541,1,0,0,0,28158,131,464,0,3,524608,0,268435458,0,0,0,-1,-1
52352,Zeritarj,,32563,55564,0,-1,0,0,0,0,0,0,0,0,0,0,25765,136,464,0,3,37289984,0,268435456,0,0,0,-1,-1
52353,Ordem de Serviço: Encantamento de Selo de Aceleração - Anel,,32564,55564,0,-1,0,0,0,0,0,2486,1,0,0,0,28113,123,464,0,3,524608,0,268435458,0,0,0,-1321907123,1427461461
52354,Ordem de Serviço: Encantamento de Selo de Maestria - Anel,,32565,55564,0,-1,0,0,0,0,0,2486,1,0,0,0,28114,123,464,0,3,524608,0,268435458,0,0,0,-1321907123,1427461461
52355,Ordem de Serviço: Encantamento de Surto Costeiro - Arma,,32566,55564,0,-1,0,0,0,0,0,2486,1,0,0,0,28115,123,464,0,3,524608,0,268435458,0,0,0,-1321907123,1427461461
52356,Ordem de Serviço: Encantamento de Torrente dos Elementos - Arma,,32567,55564,0,-1,0,0,0,0,0,2486,1,0,0,0,28116,123,464,0,3,524608,0,268435458,0,0,0,-1321907123,1427461461
52357,Ordem de Serviço: Encantamento de Navegação Rápida - Arma,,32568,55564,0,-1,0,0,0,0,0,2486,1,0,0,0,28117,123,464,0,3,524608,0,268435458,0,0,0,-1321907123,1427461461
52358,Ordem de Serviço: Encantamento de Selo de Aceleração - Anel,,32569,55564,0,-1,0,0,0,0,0,2486,1,0,0,0,28157,123,464,0,3,524608,0,268435458,0,0,0,1309324210,-1440044374
52359,Ordem de Serviço: Encantamento de Selo de Maestria - Anel,,32570,55564,0,-1,0,0,0,0,0,2486,1,0,0,0,28156,123,464,0,3,524608,0,268435458,0,0,0,1309324210,-1440044374
52360,Ordem de Serviço: Encantamento de Surto Costeiro - Arma,,32571,55564,0,-1,0,0,0,0,0,2486,1,0,0,0,28155,123,464,0,3,524608,0,268435458,0,0,0,1309324210,-1440044374
52361,Ordem de Serviço: Encantamento de Torrente dos Elementos - Arma,,32572,55564,0,-1,0,0,0,0,0,2486,1,0,0,0,28154,123,464,0,3,524608,0,268435458,0,0,0,1309324210,-1440044374
52362,Ordem de Serviço: Encantamento de Navegação Rápida - Arma,,32573,55564,0,-1,0,0,0,0,0,2486,1,0,0,0,28153,123,464,0,3,524608,0,268435458,0,0,0,1309324210,-1440044374
52363,Ordem de Serviço: Munição Incendiária,,32574,55564,0,-1,0,0,0,0,0,2499,1,0,0,0,28118,122,464,0,3,524608,0,268435458,0,0,0,-1321907123,1427461461
52364,Ordem de Serviço: Vetor da Peste Termoacelerado,,32575,55564,0,-1,0,0,0,0,0,2499,1,0,0,0,28119,122,464,0,3,524608,0,268435458,0,0,0,-1321907123,1427461461
52365,Ordem de Serviço: F.R.I.T.O.,,32576,55564,0,-1,0,0,0,0,0,2499,1,0,0,0,28120,122,464,0,3,524608,0,268435458,0,0,0,-1321907123,1427461461
52366,Ordem de Serviço: Deslizador de Superfície XA-1000,,32577,55564,0,-1,0,0,0,0,0,2499,1,0,0,0,28121,122,464,0,3,524608,0,268435458,0,0,0,-1321907123,1427461461
52367,Ordem de Serviço: Motivador de Montaria por Eletrochoque,,32578,55564,0,-1,0,0,0,0,0,2499,1,0,0,0,28122,122,464,0,3,524608,0,268435458,0,0,0,-1321907123,1427461461
52368,Ordem de Serviço: Mira do Ninho do Corvo,,32579,55564,0,-1,0,0,0,0,0,2499,1,0,0,0,28123,122,464,0,3,524608,0,268435458,0,0,0,-1321907123,1427461461
52369,Ordem de Serviço: Munição Incendiária,,32580,55564,0,-1,0,0,0,0,0,2499,1,0,0,0,28152,122,464,0,3,524608,0,268435458,0,0,0,1309324210,-1440044374
52370,Ordem de Serviço: Vetor da Peste Termoacelerado,,32581,55564,0,-1,0,0,0,0,0,2499,1,0,0,0,28151,122,464,0,3,524608,0,268435458,0,0,0,1309324210,-1440044374
52371,Ordem de Serviço: F.R.I.T.O.,,32582,55564,0,-1,0,0,0,0,0,2499,1,0,0,0,28150,122,464,0,3,524608,0,268435458,0,0,0,1309324210,-1440044374
52372,Ordem de Serviço: Deslizador de Superfície XA-1000,,32583,55564,0,-1,0,0,0,0,0,2499,1,0,0,0,28149,122,464,0,3,524608,0,268435458,0,0,0,1309324210,-1440044374
52373,Ordem de Serviço: Motivador de Montaria por Eletrochoque,,32584,55564,0,-1,0,0,0,0,0,2499,1,0,0,0,28148,122,464,0,3,524608,0,268435458,0,0,0,1309324210,-1440044374
52374,Ordem de Serviço: Mira do Ninho do Corvo,,32585,55564,0,-1,0,0,0,0,0,2499,1,0,0,0,28147,122,464,0,3,524608,0,268435458,0,0,0,1309324210,-1440044374
52375,Suprimentos Necessários: Bagre do Grande Oceano,,32586,55564,0,-1,0,0,0,0,0,0,0,0,0,0,26070,109,464,0,3,524608,0,268435458,0,0,0,-1321907123,1427461461
52376,Suprimentos Necessários: Transpositor de Areia,,32587,55564,0,-1,0,0,0,0,0,0,0,0,0,0,26071,109,464,0,3,524608,0,268435458,0,0,0,-1321907123,1427461461
52377,Suprimentos Necessários: Perca de Tiragarde,,32588,55564,0,-1,0,0,0,0,0,0,0,0,0,0,26149,109,464,0,3,524608,0,268435458,0,0,0,-1321907123,1427461461
52378,Suprimentos Necessários: Cavala Viscosa,,32589,55564,0,-1,0,0,0,0,0,0,0,0,0,0,26125,109,464,0,3,524608,0,268435458,0,0,0,-1321907123,1427461461
52379,Suprimentos Necessários: Bótia Caudarrubra,,32590,55564,0,-1,0,0,0,0,0,0,0,0,0,0,26126,109,464,0,3,524608,0,268435458,0,0,0,-1321907123,1427461461
52380,Suprimentos Necessários: Presadente Frenético,,32591,55564,0,-1,0,0,0,0,0,0,0,0,0,0,26150,109,464,0,3,524608,0,268435458,0,0,0,-1321907123,1427461461
52381,Suprimentos Necessários: Cioba,,32592,55564,0,-1,0,0,0,0,0,0,0,0,0,0,26189,109,464,0,3,524608,0,268435458,0,0,0,-1321907123,1427461461
52382,Suprimentos Necessários: Bagre do Grande Oceano,,32593,55564,0,-1,0,0,0,0,0,0,0,0,0,0,26215,109,464,0,3,524608,0,268435458,0,0,0,1309324210,-1440044374
52383,Suprimentos Necessários: Transpositor de Areia,,32594,55564,0,-1,0,0,0,0,0,0,0,0,0,0,26216,109,464,0,3,524608,0,268435458,0,0,0,1309324210,-1440044374
52384,Suprimentos Necessários: Perca de Tiragarde,,32595,55564,0,-1,0,0,0,0,0,0,0,0,0,0,26217,109,464,0,3,524608,0,268435458,0,0,0,1309324210,-1440044374
52385,Suprimentos Necessários: Cavala Viscosa,,32596,55564,0,-1,0,0,0,0,0,0,0,0,0,0,26218,109,464,0,3,524608,0,268435458,0,0,0,1309324210,-1440044374
52386,Suprimentos Necessários: Bótia Caudarrubra,,32597,55564,0,-1,0,0,0,0,0,0,0,0,0,0,26219,109,464,0,3,524608,0,268435458,0,0,0,1309324210,-1440044374
52387,Suprimentos Necessários: Presadente Frenético,,32598,55564,0,-1,0,0,0,0,0,0,0,0,0,0,26220,109,464,0,3,524608,0,268435458,0,0,0,1309324210,-1440044374
52388,Suprimentos Necessários: Cioba,,32599,55564,0,-1,0,0,0,0,0,0,0,0,0,0,26221,109,464,0,3,524608,0,268435458,0,0,0,1309324210,-1440044374
52389,Ordem de Serviço: Contrato: Almirantado Proudmore,,32600,55564,0,-1,0,0,0,0,0,2507,1,0,0,0,28126,126,464,0,3,524608,0,268435458,0,0,0,-1321907123,1427461461
52390,Ordem de Serviço: Contrato: Ordem das Brasas,,32601,55564,0,-1,0,0,0,0,0,2507,1,0,0,0,28124,126,464,0,3,524608,0,268435458,0,0,0,-1321907123,1427461461
52391,Ordem de Serviço: Contrato: Rastro da Tempestade,,32602,55564,0,-1,0,0,0,0,0,2507,1,0,0,0,28125,126,464,0,3,524608,0,268435458,0,0,0,-1321907123,1427461461
52392,Ordem de Serviço: Corante Ultramarino,,32603,55564,0,-1,0,0,0,0,0,2507,1,0,0,0,26162,126,464,0,3,524608,0,268435458,0,0,0,-1321907123,1427461461
52393,Ordem de Serviço: Contrato: Peregrinos Tortollanos,,32604,55564,0,-1,0,0,0,0,0,2507,1,0,0,0,28143,126,464,0,3,524608,0,268435458,0,0,0,-1,-1
52394,Ordem de Serviço: Contrato: Campeões de Azeroth,,32605,55564,0,-1,0,0,0,0,0,2507,1,0,0,0,28127,126,464,0,3,524608,0,268435458,0,0,0,-1,-1
52395,Ordem de Serviço: Contrato: Império Zandalari,,32606,55564,0,-1,0,0,0,0,0,2507,1,0,0,0,28146,126,464,0,3,524608,0,268435458,0,0,0,1309324210,-1440044374
52396,Ordem de Serviço: Contrato: Expedição de Talanji,,32607,55564,0,-1,0,0,0,0,0,2507,1,0,0,0,28145,126,464,0,3,524608,0,268435458,0,0,0,1309324210,-1440044374
52397,Ordem de Serviço: Contrato: Voldunai,,32608,55564,0,-1,0,0,0,0,0,2507,1,0,0,0,28144,126,464,0,3,524608,0,268435458,0,0,0,1309324210,-1440044374
52398,Ordem de Serviço: Corante Ultramarino,,32609,55564,0,-1,0,0,0,0,0,2507,1,0,0,0,26235,126,464,0,3,524608,0,268435458,0,0,0,1309324210,-1440044374
52400,Ordem de Serviço: Cianita,,32611,55564,0,-1,0,0,0,0,0,755,1,0,0,0,26165,125,464,0,3,524608,0,268435458,0,0,0,-1321907123,1427461461
52402,Ordem de Serviço: Viridium,,32613,55564,0,-1,0,0,0,0,0,755,1,0,0,0,26166,125,464,0,3,524608,0,268435458,0,0,0,-1321907123,1427461461
52404,Ordem de Serviço: Solarita,,32615,55564,0,-1,0,0,0,0,0,755,1,0,0,0,26167,125,464,0,3,524608,0,268435458,0,0,0,-1321907123,1427461461
52405,Ordem de Serviço: Kubilina,,32616,55564,0,-1,0,0,0,0,0,755,1,0,0,0,26168,125,464,0,3,524608,0,268435458,0,0,0,-1321907123,1427461461
52406,Ordem de Serviço: Rubelita,,32617,55564,0,-1,0,0,0,0,0,755,1,0,0,0,26169,125,464,0,3,524608,0,268435458,0,0,0,-1321907123,1427461461
52407,Ordem de Serviço: Berilo Dourado,,32618,55564,0,-1,0,0,0,0,0,755,1,0,0,0,26170,125,464,0,3,524608,0,268435458,0,0,0,-1321907123,1427461461
52408,Ordem de Serviço: Cianita,,32619,55564,0,-1,0,0,0,0,0,755,1,0,0,0,26239,125,464,0,3,524608,0,268435458,0,0,0,1309324210,-1440044374
52409,Ordem de Serviço: Viridium,,32620,55564,0,-1,0,0,0,0,0,755,1,0,0,0,26240,125,464,0,3,524608,0,268435458,0,0,0,1309324210,-1440044374
52410,Ordem de Serviço: Solarita,,32621,55564,0,-1,0,0,0,0,0,755,1,0,0,0,26241,125,464,0,3,524608,0,268435458,0,0,0,1309324210,-1440044374
52411,Ordem de Serviço: Kubilina,,32622,55564,0,-1,0,0,0,0,0,755,1,0,0,0,26242,125,464,0,3,524608,0,268435458,0,0,0,1309324210,-1440044374
52412,Ordem de Serviço: Rubelita,,32623,55564,0,-1,0,0,0,0,0,755,1,0,0,0,26243,125,464,0,3,524608,0,268435458,0,0,0,1309324210,-1440044374
52413,Ordem de Serviço: Berilo Dourado,,32624,55564,0,-1,0,0,0,0,0,755,1,0,0,0,26244,125,464,0,3,524608,0,268435458,0,0,0,1309324210,-1440044374
52414,Ordem de Serviço: Tambores da Voragem,,32625,55564,0,-1,0,0,0,0,0,2525,1,0,0,0,26171,117,464,0,3,524608,0,268435458,0,0,0,-1321907123,1427461461
52415,Ordem de Serviço: Barda de Couro Grosseiro,,32626,55564,0,-1,0,0,0,0,0,2525,1,0,0,0,26172,117,464,0,3,524608,0,268435458,0,0,0,-1321907123,1427461461
52416,Ordem de Serviço: Traje de Mergulho de Brilhescama,,32627,55564,0,-1,0,0,0,0,0,2525,1,0,0,0,26173,117,464,0,3,524608,0,268435458,0,0,0,-1321907123,1427461461
52417,Ordem de Serviço: Capacete de Mergulho de Brilhescama,,32628,55564,0,-1,0,0,0,0,0,2525,1,0,0,0,26174,117,464,0,3,524608,0,268435458,0,0,0,-1321907123,1427461461
52418,Ordem de Serviço: Tambores da Voragem,,32629,55564,0,-1,0,0,0,0,0,2525,1,0,0,0,26245,117,464,0,3,524608,0,268435458,0,0,0,1309324210,-1440044374
52419,Ordem de Serviço: Barda de Couro Grosseiro,,32630,55564,0,-1,0,0,0,0,0,2525,1,0,0,0,26246,117,464,0,3,524608,0,268435458,0,0,0,1309324210,-1440044374
52420,Ordem de Serviço: Traje de Mergulho de Brilhescama,,32631,55564,0,-1,0,0,0,0,0,2525,1,0,0,0,26247,117,464,0,3,524608,0,268435458,0,0,0,1309324210,-1440044374
52421,Ordem de Serviço: Capacete de Mergulho de Brilhescama,,32632,55564,0,-1,0,0,0,0,0,2525,1,0,0,0,26248,117,464,0,3,524608,0,268435458,0,0,0,1309324210,-1440044374
52422,Ordem de Serviço: Bandeira de Batalha: Espírito da Liberdade,,32633,55564,0,-1,0,0,0,0,0,2533,1,0,0,0,28128,121,464,0,3,524608,0,268435458,0,0,0,-1321907123,1427461461
52423,Ordem de Serviço: Bandeira de Batalha: Defesa em Falange,,32634,55564,0,-1,0,0,0,0,0,2533,1,0,0,0,28129,121,464,0,3,524608,0,268435458,0,0,0,-1321907123,1427461461
52424,Ordem de Serviço: Bandeira de Batalha: Rapidez do Agrupamento,,32635,55564,0,-1,0,0,0,0,0,2533,1,0,0,0,28130,121,464,0,3,524608,0,268435458,0,0,0,-1321907123,1427461461
52425,Ordem de Serviço: Bandeira de Batalha: Espírito da Liberdade,,32636,55564,0,-1,0,0,0,0,0,2533,1,0,0,0,28142,121,464,0,3,524608,0,268435458,0,0,0,1309324210,-1440044374
52426,Ordem de Serviço: Bandeira de Batalha: Defesa em Falange,,32637,55564,0,-1,0,0,0,0,0,2533,1,0,0,0,28141,121,464,0,3,524608,0,268435458,0,0,0,1309324210,-1440044374
52427,Ordem de Serviço: Bandeira de Batalha: Rapidez do Agrupamento,,32638,55564,0,-1,0,0,0,0,0,2533,1,0,0,0,28140,121,464,0,3,524608,0,268435458,0,0,0,1309324210,-1440044374
52430,Nem tá tão ruim aqui embaixo,,32641,55564,0,-1,0,0,0,0,0,0,0,0,0,0,25882,115,464,0,3,3735808,0,268435456,0,0,0,-1,-1
52432,Borrasca,,32643,55564,0,-1,0,0,0,0,0,0,0,0,0,0,25888,135,464,0,3,41484352,8192,268435456,0,0,0,-1,-1
52446,Irmã Absinta,,32656,55564,0,-1,0,0,0,0,0,0,0,0,0,0,25892,135,464,0,3,41484352,8192,268435456,0,0,0,-1,-1
52452,Mestra das Canções Dandara,,32661,55564,0,-1,0,0,0,0,0,0,0,0,0,0,25900,135,464,0,3,41484352,8192,268435456,0,0,0,-1,-1
52454,Angra do Facão: Terrível Capitão Vandermau,,32663,55564,0,-1,0,0,0,0,0,0,0,0,0,0,24907,137,464,0,3,35192832,0,268435458,0,0,0,-1,-1
52455,Inquebrantável,,32664,55564,0,-1,0,0,0,0,0,0,0,0,0,0,25905,115,464,0,3,3735808,0,268435456,0,0,0,-1,-1
52456,Angra do Facão: Caravela Veterana,,32665,55564,0,-1,0,0,0,0,0,0,0,0,0,0,24908,137,464,0,3,35192832,0,268435458,0,0,0,-1,-1
52458,Angra do Facão: Moedas de Oito,,32667,55564,0,-1,0,0,0,0,0,0,0,0,0,0,24929,137,464,0,3,35192832,0,268435458,0,0,0,-1,-1
52459,Espiralasa,,32668,55564,0,-1,0,0,0,0,0,0,0,0,0,0,25908,135,464,0,3,41484352,8192,268435456,0,0,0,-1,-1
52463,"Haegol, o Martelo",,32671,55564,0,-1,0,0,0,0,0,0,0,0,0,0,25926,135,464,0,3,41484352,8192,268435456,0,0,0,-1,-1
52464,"Osca, o Ensanguentado",,32672,55564,0,-1,0,0,0,0,0,0,0,0,0,0,25927,135,464,0,3,41484352,8192,268435456,0,0,0,-1,-1
52471,Isso é que é carcaça,,32678,55564,0,-1,0,0,0,0,0,0,0,0,0,0,25940,115,464,0,3,3735808,0,268435456,0,0,0,-1,-1
52474,Larápio Zane,,32681,55564,0,-1,0,0,0,0,0,0,0,0,0,0,25941,135,464,0,3,41484352,8192,268435456,0,0,0,-1,-1
52475,Onde águias rapinam,,32682,65921,0,-1,0,0,0,0,0,0,0,0,0,0,26924,259,706,0,3,40435968,8192,268435456,0,0,0,-1321907123,1427461461
52476,O Líquen Rei,,32683,55564,0,-1,0,0,0,0,0,0,0,0,0,0,25944,135,464,0,3,41484352,8192,268435456,0,0,0,-1,-1
52504,Uma batalha encarniçada,,32704,62340,0,-1,0,0,0,0,0,0,0,0,0,0,26104,109,288,0,3,41484288,8192,268435456,0,0,0,-1321907123,1427461461
52505,A poda dos espinhos,,32705,62340,0,-1,0,0,0,0,0,0,0,0,0,0,26085,109,288,0,3,41484288,8192,268435456,0,0,0,1309324210,-1440044374
52506,Estacas cegas,,32706,62340,0,-1,0,0,0,0,0,0,0,0,0,0,26101,109,288,0,3,40435712,8192,268435456,0,0,0,-1321907123,1427461461
52507,Zona grudenta,,32707,55564,0,-1,0,0,0,0,0,0,0,0,0,0,26024,109,464,0,3,38338560,8192,268435456,0,0,0,-1321907123,1427461461
52747,Adherent of the Abyss,,32717,0,0,-1,0,0,0,0,0,0,0,0,0,0,0,0,188,0,3,33621000,0,0,0,0,0,-1,-1
52751,Cachorros meio esquisitos,,32721,55564,0,-1,0,0,0,0,0,0,0,0,0,0,26017,115,464,0,3,3735808,0,268435456,0,0,0,-1,-1
52752,Atalaias vigilantes,,32722,55564,0,-1,0,0,0,0,0,0,0,0,0,0,26018,109,464,0,3,38338560,8192,268435456,0,0,0,1309324210,-1440044374
52754,Habitantes do pântano,,32723,55564,0,-1,0,0,0,0,0,0,0,0,0,0,26019,115,464,0,3,3735808,0,268435456,0,0,0,-1,-1
52755,Esquentando a chapa,,32724,55564,0,-1,0,0,0,0,0,0,0,0,0,0,26020,109,464,0,3,38338560,8192,268435456,0,0,0,1309324210,-1440044374
52756,Saindo de uma fria,,32726,55564,0,-1,0,0,0,0,0,0,0,0,0,0,26021,109,464,0,3,38338560,8192,268435456,0,0,0,1309324210,-1440044374
52757,Crimes sepsólitos,,32727,55564,0,-1,0,0,0,0,0,0,0,0,0,0,26022,109,464,0,3,38338624,8192,268435456,0,0,0,1309324210,-1440044374
52760,Como patinhos na lagoa,,32730,55564,0,-1,0,0,0,0,0,0,0,0,0,0,26039,109,464,0,3,40435712,8192,268435456,0,0,0,1309324210,-1440044374
52761,Cerco de Boralus: Ouro ensanguentado,,32731,55564,0,-1,0,0,0,0,0,0,0,0,0,0,26441,137,464,0,3,35192832,0,268435458,0,0,0,-1321907123,1427461461
52763,Cerco de Boralus: Rompendo as fileiras,,32733,55564,0,-1,0,0,0,0,0,0,0,0,0,0,26023,137,464,0,3,35192832,0,268435458,0,0,0,1309324210,-1440044374
52771,Cerco de Boralus: Quebra dos ferros,,32741,55564,0,-1,0,0,0,0,0,0,0,0,0,0,26440,137,464,0,3,35192832,0,268435458,0,0,0,-1321907123,1427461461
52775,Cerco de Boralus: O seu é meu,,32745,55564,0,-1,0,0,0,0,0,0,0,0,0,0,26025,137,464,0,3,35192832,0,268435458,0,0,0,1309324210,-1440044374
52778,Cerco de Boralus: Esmagando a Horda,,32748,55564,0,-1,0,0,0,0,0,0,0,0,0,0,26442,137,464,0,3,34144256,0,268435458,0,0,0,-1321907123,1427461461
52779,Crorg no brejo,,32749,55564,0,-1,0,0,0,0,0,0,0,0,0,0,26029,115,464,0,3,3735808,0,268435456,0,0,0,-1,-1
52780,Cerco de Boralus: rompendo a Aliança,,32750,55564,0,-1,0,0,0,0,0,0,0,0,0,0,26028,137,464,0,3,34144256,0,268435458,0,0,0,1309324210,-1440044374
52785,Triturando Zalamar,,31122,67455,0,-1,0,0,0,0,0,0,0,0,0,0,26030,109,464,0,3,273219584,0,268435456,0,0,0,-1321907123,1427461461
52794,Lagartos e tabelas,,32762,55564,0,-1,0,0,0,0,0,0,0,0,0,0,26041,109,464,0,3,38338560,8192,268435456,0,0,0,-1321907123,1427461461
52798,Mais algumas mudanças,,32766,55564,0,-1,1,0,0,0,0,0,0,52129,0,0,26048,109,464,0,3,40435712,8192,268435456,0,0,0,1309324210,-1440044374
52799,Líder da Alcateia,,32767,55564,0,-1,0,0,0,0,0,0,0,0,0,0,26057,115,464,0,3,3735808,0,268435456,0,0,0,-1,-1
52803,Pavor acidental,,32771,55564,0,-1,0,0,0,0,0,0,0,0,0,0,26060,115,464,0,3,3735808,0,268435456,0,0,0,-1,-1
52804,Há algo despertando nas profundezas,,32772,55564,0,-1,0,0,0,0,0,0,0,0,0,0,26063,109,464,0,3,38338560,8192,268435456,0,0,0,1309324210,-1440044374
52805,Como arrancar dentes,,33433,55564,0,-1,0,0,0,0,0,0,0,0,0,0,26064,109,464,0,3,38338560,8192,268435456,0,0,0,1309324210,-1440044374
52832,Potencialização de azerita,,32799,55564,0,-1,0,0,0,0,0,0,0,0,0,0,26069,151,464,0,3,3735552,0,268435456,0,0,0,-1,-1
52847,Uivo da Ruína,,32814,63859,0,-1,0,0,0,0,0,0,0,0,0,0,0,112,464,0,3,34144576,0,268435456,0,0,0,-1321907123,1427461461
52848,Rugido do Leão,,32815,63860,0,-1,0,0,0,0,0,0,0,0,0,0,0,112,464,0,3,34144576,0,268435456,0,0,0,1309324210,-1440044374
52849,Potencialização de azerita,,32816,55564,0,-1,0,0,0,0,0,0,0,0,0,0,26078,151,464,0,3,3735552,0,268435456,0,0,0,-1,-1
52850,Campeões de Vol'dun de Keeyo,,32817,55564,0,-1,0,0,0,0,0,0,0,0,0,0,26094,115,464,0,3,3735808,0,268435456,0,0,0,-1,-1
52856,Serpentes a bordo,,32823,55564,0,-1,0,0,0,0,0,0,0,0,0,0,26097,115,464,0,3,3735808,0,268435456,0,0,0,-1,-1
52858,Potencialização de azerita,,32825,55564,0,-1,0,0,0,0,0,0,0,0,0,0,26082,151,464,0,3,3735552,0,268435456,0,0,0,-1,-1
52862,Potencialização de azerita,,32829,55564,0,-1,0,0,0,0,0,0,0,0,0,0,26109,151,464,0,3,3735552,0,268435456,0,0,0,-1,-1
52864,"Como assim, controlar as mentes das plantas?",,32831,55564,0,-1,0,0,0,0,0,0,0,0,0,0,26120,115,464,0,3,3735808,0,268435456,0,0,0,-1,-1
52865,Fura-bloqueio,,32832,55564,0,-1,0,0,0,0,0,0,0,0,0,0,26119,109,464,0,3,34144256,0,268435456,0,0,0,-1321907123,1427461461
52869,Potencialização de azerita,,32836,55564,0,-1,0,0,0,0,0,0,0,0,0,0,26117,151,464,0,3,3735552,0,268435456,0,0,0,-1,-1
52871,Potencialização de azerita,,32838,55564,0,-1,0,0,0,0,0,0,0,0,0,0,26113,151,464,0,3,3735552,0,268435456,0,0,0,-1,-1
52872,Mineração de azerita,,32839,55564,0,-1,0,0,0,0,0,0,0,0,0,0,26108,151,464,0,3,271122432,0,268435456,0,0,0,-1,-1
52873,Mineração de azerita,,32840,55564,0,-1,0,0,0,0,0,0,0,0,0,0,26112,151,464,0,3,271122432,0,268435456,0,0,0,-1,-1
52874,Mineração de azerita,,32841,55564,0,-1,0,0,0,0,0,0,0,0,0,0,26116,151,464,0,3,272171008,0,268435456,0,0,0,-1,-1
52875,Mineração de azerita,,32842,55564,0,-1,0,0,0,0,0,0,0,0,0,0,26077,151,464,0,3,271122432,0,268435456,0,0,0,-1,-1
52877,Mineração de azerita,,32844,55564,0,-1,0,0,0,0,0,0,0,0,0,0,26081,151,464,0,3,271122432,0,268435456,0,0,0,-1,-1
52878,Sobreviventes do deserto,,32845,55564,0,-1,0,0,0,0,0,0,0,0,0,0,26202,115,464,0,3,3735808,0,268435456,0,0,0,-1,-1
52879,Política rija,,32846,55564,0,-1,0,0,0,0,0,0,0,0,0,0,26226,109,464,0,3,35192832,0,268435456,0,0,0,-1321907123,1427461461
52880,Fuça-lama Mildiano,,32847,55564,0,-1,0,0,0,0,0,0,0,0,0,0,26272,135,464,0,3,41484352,8192,268435456,0,0,0,-1,-1
52882,Queima Controlada,,32846,55564,0,-1,0,0,0,0,0,0,0,0,0,0,26226,109,464,0,3,35192832,0,268435456,0,0,0,1309324210,-1440044374
52883,Rompimento,,32849,62340,0,-1,0,0,0,0,0,0,0,0,0,162602,26284,109,288,0,3,41484288,8192,268435456,0,0,0,1309324210,-1440044374
52884,Feridas azeríticas,,32850,55564,0,-1,0,0,0,0,0,0,0,0,0,0,26066,151,464,0,3,7930112,8192,268435456,0,0,0,-1,-1
52885,Vai se feérico,,32851,62340,0,-1,0,0,0,0,0,0,0,0,0,0,26285,109,288,0,3,38338560,8192,268435456,0,0,0,-1321907123,1427461461
52889,Escoreia,,32854,55564,0,-1,0,0,0,0,0,0,0,0,0,0,26277,135,464,0,3,41484352,8192,268435456,0,0,0,-1,-1
52890,Uma certa magia,,32855,62340,0,-1,0,0,0,0,0,0,0,0,0,0,26286,109,288,0,3,38338560,8192,268435456,0,0,0,1309324210,-1440044374
52891,Wendigol da Aliança,,32856,55564,0,-1,0,0,0,0,0,0,0,0,0,0,26276,109,464,0,3,34144256,8192,268435456,0,0,0,-1321907123,1427461461
52892,"Bichos são amigos, não comida",,32858,55564,0,-1,0,0,0,0,0,0,0,0,0,0,26278,115,464,0,3,3735808,0,268435456,0,0,0,-1,-1
52893,Visão única,,32860,62340,0,-1,0,0,0,0,0,0,0,0,0,0,26287,109,288,0,3,38338560,8192,268435456,0,0,0,-1321907123,1427461461
52894,Não me interrompa agora,,32861,62340,0,-1,0,0,0,0,0,0,0,0,0,0,26288,109,288,0,3,38338560,8192,268435456,0,0,0,1309324210,-1440044374
52895,Arboria,,32862,62340,0,-1,0,0,0,0,0,0,0,0,0,0,26289,109,288,0,3,38338560,8192,268435456,0,0,0,-1321907123,1427461461
52896,Sob pressão,,32863,62340,0,-1,0,0,0,0,0,0,0,0,0,0,26283,109,288,0,3,40435712,8192,268435456,0,0,0,1309324210,-1440044374
52897,A cobra vai fumar,,32864,62340,0,-1,0,0,0,0,0,0,0,0,0,0,26282,109,288,0,3,4784128,8192,268435456,0,0,0,-1321907123,1427461461
52923,Aumente a coleção,,32890,55564,0,-1,0,0,0,0,0,0,0,0,0,0,26291,115,464,0,3,3735808,0,268435456,0,0,0,-1,-1
52924,Alguém Mildião uma ajuda?,,32891,55564,0,-1,0,0,0,0,0,0,0,0,0,0,26293,109,464,0,3,34144256,0,268435456,0,0,0,-1321907123,1427461461
52935,Uma nova era,,32893,55564,0,-1,0,0,0,0,0,0,0,0,0,155919,26295,109,464,0,3,38469632,0,268435456,0,0,0,-1321907123,1427461461
52936,Política de terra empesteada,,32893,55564,0,-1,0,0,0,0,0,0,0,0,0,0,26295,109,464,0,3,38338560,0,268435456,0,0,0,1309324210,-1440044374
52937,Você nunca viu Topada chateado,,32894,55564,0,-1,0,0,0,0,0,0,0,0,0,0,26297,115,464,0,3,3735808,0,268435456,0,0,0,-1,-1
52938,Começo pequeno,,32895,55564,0,-1,0,0,0,0,0,0,0,0,0,0,26299,115,464,0,3,3735808,0,268435456,0,0,0,-1,-1
52939,Ordens de intendência,,32896,55564,0,-1,0,0,0,0,0,0,0,0,0,0,26300,109,464,0,3,34144256,0,268435456,0,0,0,-1321907123,1427461461
52940,Comércio de armamentos,,32896,55564,0,-1,0,0,0,0,0,0,0,0,0,0,26300,109,464,0,3,34144256,0,268435456,0,0,0,1309324210,-1440044374
52941,Luz nas Trevas,,32897,68611,0,-1,0,0,0,0,0,0,0,0,0,0,26307,109,464,0,3,35323904,0,268435456,0,0,0,-1321907123,1427461461
52947,Gorjalá longe daqui,,32903,55564,0,-1,0,0,0,0,0,0,0,0,0,0,26375,109,464,0,3,34144256,8192,268435456,0,0,0,-1321907123,1427461461
52964,Problemas com pragas,,32921,55564,0,-1,0,0,0,0,0,0,0,0,0,0,26327,109,464,0,3,720896,8192,268435456,0,0,0,-1321907123,1427461461
52968,Hora de um sanguinho,,32897,55564,0,-1,0,0,0,0,0,0,0,0,0,0,26307,109,464,0,3,34144256,0,268435456,0,0,0,1309324210,-1440044374
52972,Neto favorito,,32927,55564,0,-1,0,0,0,0,0,0,0,0,0,0,26331,109,464,0,3,34144256,0,268435456,0,0,0,-1321907123,1427461461
52979,Purificação ritual,,32935,68611,0,-1,0,0,0,0,0,0,0,0,0,0,26333,109,464,0,3,36372480,1,268435456,0,0,0,-1321907123,1427461461
52982,Mina ou encrenca,,32939,55564,0,-1,0,0,0,0,0,0,0,0,0,0,26336,109,464,0,3,34144256,8192,268435456,51712,0,0,-1321907123,1427461461
52983,Eu quero tudo,,32940,62340,0,-1,0,0,0,0,0,0,0,0,0,0,26340,109,288,0,3,38338560,8192,268435456,0,0,0,-1321907123,1427461461
52984,Eu quero tudo,,32941,62340,0,-1,0,0,0,0,0,0,0,0,0,0,26339,109,288,0,3,38338560,8192,268435456,0,0,0,1309324210,-1440044374
52986,Um receptáculo maligno,,32935,55564,0,-1,0,0,0,0,0,0,0,0,0,0,26333,109,464,0,3,36372480,1,268435456,0,0,0,1309324210,-1440044374
52987,Vamos queimar!,,32943,55564,0,-1,0,0,0,0,0,0,0,0,0,0,26337,109,464,0,3,34144256,8192,268435456,51712,0,0,-1321907123,1427461461
52988,Faxina,,32944,55564,0,-1,0,0,0,0,0,0,0,0,0,0,26343,109,464,0,3,34144256,0,268435456,0,0,0,-1321907123,1427461461
53008,Sabedoria do sábio,,32944,55564,0,-1,0,0,0,0,0,0,0,0,0,0,26343,109,464,0,3,34144256,0,268435456,0,0,0,1309324210,-1440044374
53009,Guenta aí,,32965,62340,0,-1,0,0,0,0,0,0,0,0,0,0,26426,109,288,0,3,38338560,8192,268435456,0,0,0,1309324210,-1440044374
53010,Não há mais volta,,32966,62340,0,-1,0,0,0,0,0,0,0,0,0,0,26425,109,288,0,3,38338560,8192,268435456,0,0,0,-1321907123,1427461461
53012,Guarde seus brinquedos,,32968,69435,0,-1,0,0,0,0,0,0,0,0,0,0,26338,109,464,0,3,40435712,8192,268435456,51712,0,0,-1321907123,1427461461
53025,O expurgo,,32981,55564,0,-1,0,0,0,0,0,0,0,0,0,0,26345,109,464,0,3,34144256,0,268435456,0,0,0,-1321907123,1427461461
53027,Margem da glória,,33449,55564,0,-1,0,0,0,0,0,0,0,0,0,0,26348,109,464,0,3,34144256,0,268435456,0,0,0,1309324210,-1440044374
53040,Borrasca,,32994,55564,0,-1,0,0,0,0,0,0,0,0,0,0,26350,109,464,0,3,34144256,0,268435456,0,0,0,-1321907123,1427461461
53042,Tempestário,,32994,55564,0,-1,0,0,0,0,0,0,0,0,0,0,26350,109,464,0,3,34144256,0,268435456,0,0,0,1309324210,-1440044374
53076,Derretimento na Fundição,,32368,55564,0,-1,0,0,0,0,0,0,0,0,0,0,26377,109,464,0,3,34144256,512,268435456,0,0,0,1309324210,-1440044374
53078,Tesouro à deriva,,32380,55564,0,-1,0,0,0,0,0,0,0,0,0,0,26378,109,464,0,3,34144256,0,268435456,0,0,0,1309324210,-1440044374
53106,Incensura,,33052,63483,0,-1,0,0,0,0,0,0,0,0,0,163212,26452,109,464,0,3,37289984,0,268435456,0,0,0,-1321907123,1427461461
53107,Pilhagem e provisões,,33053,63483,0,-1,0,0,0,0,0,0,0,0,0,0,26451,109,464,0,3,37289984,0,268435456,0,0,0,-1321907123,1427461461
53108,Iconoclasmo,,33054,63483,0,-1,0,0,0,0,0,0,0,0,0,157771,26453,109,464,0,3,37289984,0,268435456,0,0,0,-1321907123,1427461461
53111,Tracking Quest,,33057,0,0,-1,0,0,0,0,0,0,0,0,0,0,0,0,0,0,3,33621000,0,0,0,0,0,-1,-1
53165,O fim dos roubos de antiguidades,,33098,55564,0,-1,0,0,0,0,0,0,0,0,0,0,26397,109,464,0,3,38338560,8192,268435456,52261,0,0,-1321907123,1427461461
53188,Estilo congelado,,33120,55564,0,-1,0,0,0,0,0,0,0,0,0,0,26852,109,464,0,3,2686976,0,268435456,0,0,0,-1321907123,1427461461
53189,Sapatos escorregadios,,33121,55564,0,-1,0,0,0,0,0,0,0,0,0,0,26854,109,464,0,3,2686976,0,268435456,0,0,0,-1321907123,1427461461
53196,Esfrega isso!,,32384,55564,0,-1,0,0,0,0,0,0,0,0,0,0,26398,109,464,0,3,38338560,8192,268435456,0,0,0,1309324210,-1440044374
53200,Tracking Quest,,33131,0,0,-1,0,0,0,0,0,0,0,0,0,0,0,0,0,0,3,33621000,0,0,0,0,0,-1,-1
53201,Tracking Quest,,33132,0,0,-1,0,0,0,0,0,0,0,0,0,0,0,0,0,0,3,33621000,0,0,0,0,0,-1,-1
53202,Tracking Quest,,33133,0,0,-1,0,0,0,0,0,0,0,0,0,0,0,0,0,0,3,33621000,0,0,0,0,0,-1,-1
53203,Tracking Quest,,33134,0,0,-1,0,0,0,0,0,0,0,0,0,0,0,0,0,0,3,33621000,0,0,0,0,0,-1,-1
53204,Tracking Quest,,33135,0,0,-1,0,0,0,0,0,0,0,0,0,0,0,0,0,0,3,33621000,0,0,0,0,0,-1,-1
53214,Tracking Quest,,33141,0,0,-1,0,0,0,0,0,0,0,0,0,0,0,0,0,0,3,33621000,0,0,0,0,0,-1,-1
53215,Tracking Quest,,33142,0,0,-1,0,0,0,0,0,0,0,0,0,0,0,0,188,0,3,37815304,8192,0,0,0,0,-1,-1
53266,Talos-marinhos Florescentes,,33200,55564,0,-1,0,0,0,0,0,2549,1,0,0,0,26599,119,464,0,3,34144576,0,268435458,0,0,0,-1,-1
53270,Broto-do-rio Florescente,,33204,55564,0,-1,0,0,0,0,0,2549,1,0,0,0,26600,119,464,0,3,34144576,0,268435458,0,0,0,-1,-1
53271,Musgo-estrela Brotado,,33205,55564,0,-1,0,0,0,0,0,2549,1,0,0,0,26601,119,464,0,3,590144,0,268435458,0,0,0,-1,-1
53272,Agulha-de-sereia Brotada,,33206,55564,0,-1,0,0,0,0,0,2549,1,0,0,0,26602,119,464,0,3,590144,0,268435458,0,0,0,-1,-1
53273,Maço de Beijo-do-inverno,,33207,67266,0,-1,0,0,0,0,0,2549,1,0,0,0,26603,119,464,0,3,590144,0,268435458,0,0,0,-1,-1
53274,Erva-ancorina Verdejante,,33208,55564,0,-1,0,0,0,0,0,2549,1,0,0,0,26604,119,464,0,3,34144576,0,268435458,0,0,0,-1,-1
53277,Talos-marinhos Florescentes,,33212,55564,0,-1,0,0,0,0,0,2549,1,0,0,0,26605,119,464,0,3,34144576,0,268435458,0,0,0,-1,-1
53278,Broto-do-rio Florescente,,33213,55564,0,-1,0,0,0,0,0,2549,1,0,0,0,26606,119,464,0,3,34144576,0,268435458,0,0,0,-1,-1
53279,Musgo-estrela Brotado,,33214,55564,0,-1,0,0,0,0,0,2549,1,0,0,0,26607,119,464,0,3,590144,0,268435458,0,0,0,-1,-1
53280,Agulha-de-sereia Brotada,,33215,55564,0,-1,0,0,0,0,0,2549,1,0,0,0,26608,119,464,0,3,590144,0,268435458,0,0,0,-1,-1
53281,Maço de Beijo-do-inverno,,33216,55564,0,-1,0,0,0,0,0,2549,1,0,0,0,26609,119,464,0,3,590144,0,268435458,0,0,0,-1,-1
53282,Erva-ancorina Verdejante,,33217,55564,0,-1,0,0,0,0,0,2549,1,0,0,0,26610,119,464,0,3,590144,0,268435458,0,0,0,-1,-1
53283,Talos-marinhos Florescentes,,33218,55564,0,-1,0,0,0,0,0,2549,1,0,0,0,26611,119,464,0,3,34144576,0,268435458,0,0,0,-1,-1
53284,Broto-do-rio Florescente,,33219,55564,0,-1,0,0,0,0,0,2549,1,0,0,0,26612,119,464,0,3,34144576,0,268435458,0,0,0,-1,-1
53285,Musgo-estrela Brotado,,33220,55564,0,-1,0,0,0,0,0,2549,1,0,0,0,26613,119,464,0,3,590144,0,268435458,0,0,0,-1,-1
53286,Agulha-de-sereia Brotada,,33221,55564,0,-1,0,0,0,0,0,2549,1,0,0,0,26614,119,464,0,3,590144,0,268435458,0,0,0,-1,-1
53287,Maço de Beijo-do-inverno,,33222,55564,0,-1,0,0,0,0,0,2549,1,0,0,0,26615,119,464,0,3,590144,0,268435458,0,0,0,-1,-1
53288,Erva-ancorina Verdejante,,33223,55564,0,-1,0,0,0,0,0,2549,1,0,0,0,26616,119,464,0,3,590144,0,268435458,0,0,0,-1,-1
53289,Talos-marinhos Florescentes,,33224,67269,0,-1,0,0,0,0,0,2549,1,0,0,0,26582,119,464,0,3,34144576,0,268435458,0,0,0,-1,-1
53290,Broto-do-rio Florescente,,33225,55564,0,-1,0,0,0,0,0,2549,1,0,0,0,26584,119,464,0,3,34144576,0,268435458,0,0,0,-1,-1
53291,Musgo-estrela Brotado,,33226,55564,0,-1,0,0,0,0,0,2549,1,0,0,0,26585,119,464,0,3,590144,0,268435458,0,0,0,-1,-1
53292,Agulha-de-sereia Brotada,,33227,55564,0,-1,0,0,0,0,0,2549,1,0,0,0,26586,119,464,0,3,590144,0,268435458,0,0,0,-1,-1
53293,Erva-ancorina Verdejante,,33228,55564,0,-1,0,0,0,0,0,2549,1,0,0,0,26587,119,464,0,3,590144,0,268435458,0,0,0,-1,-1
53294,Maço de Mordida-de-akunda,,33229,55564,0,-1,0,0,0,0,0,2549,1,0,0,0,26592,119,464,0,3,590144,0,268435458,0,0,0,-1,-1
53296,Talos-marinhos Florescentes,,33231,55564,0,-1,0,0,0,0,0,2549,1,0,0,0,26588,119,464,0,3,34144576,0,268435458,0,0,0,-1,-1
53297,Broto-do-rio Florescente,,33232,55564,0,-1,0,0,0,0,0,2549,1,0,0,0,26589,119,464,0,3,34144576,0,268435458,0,0,0,-1,-1
53298,Musgo-estrela Brotado,,33233,55564,0,-1,0,0,0,0,0,2549,1,0,0,0,26590,119,464,0,3,590144,0,268435458,0,0,0,-1,-1
53299,Agulha-de-sereia Brotada,,33234,55564,0,-1,0,0,0,0,0,2549,1,0,0,0,26591,119,464,0,3,590144,0,268435458,0,0,0,-1,-1
53300,Erva-ancorina Verdejante,,33235,55564,0,-1,0,0,0,0,0,2549,1,0,0,0,26593,119,464,0,3,590144,0,268435458,0,0,0,-1,-1
53301,Talos-marinhos Florescentes,,33236,55564,0,-1,0,0,0,0,0,2549,1,0,0,0,26594,119,464,0,3,34144576,0,268435458,0,0,0,-1,-1
53302,Broto-do-rio Florescente,,33237,55564,0,-1,0,0,0,0,0,2549,1,0,0,0,26595,119,464,0,3,34144576,0,268435458,0,0,0,-1,-1
53303,Musgo-estrela Brotado,,33238,55564,0,-1,0,0,0,0,0,2549,1,0,0,0,26596,119,464,0,3,590144,0,268435458,0,0,0,-1,-1
53304,Agulha-de-sereia Brotada,,33239,55564,0,-1,0,0,0,0,0,2549,1,0,0,0,26597,119,464,0,3,590144,0,268435458,0,0,0,-1,-1
53305,Erva-ancorina Verdejante,,33240,55564,0,-1,0,0,0,0,0,2549,1,0,0,0,26598,119,464,0,3,590144,0,268435458,0,0,0,-1,-1
53308,Monelita Luminosa,,33244,55564,0,-1,0,0,0,0,0,2565,1,0,0,0,26617,120,464,0,3,34144576,0,268435458,0,0,0,-1,-1
53311,Prata Procelosa Rebrilhante,,33247,55564,0,-1,0,0,0,0,0,2565,1,0,0,0,26618,120,464,0,3,34144576,0,268435458,0,0,0,-1,-1
53312,Platina Lustrada,,33248,55564,0,-1,0,0,0,0,0,2565,1,0,0,0,26619,120,464,0,3,34144576,0,268435458,0,0,0,-1,-1
53313,Monelita Bruta,,33249,55564,0,-1,0,0,0,0,0,2565,1,0,0,0,26620,120,464,0,3,34144576,0,268435458,0,0,0,-1,-1
53314,Prata Procelosa Áspera,,33250,55564,0,-1,0,0,0,0,0,2565,1,0,0,0,26621,120,464,0,3,34144576,0,268435458,0,0,0,-1,-1
53315,Platina Lisa,,33251,55564,0,-1,0,0,0,0,0,2565,1,0,0,0,26622,120,464,0,3,34144576,0,268435458,0,0,0,-1,-1
53316,Monelita Endurecida,,33252,55564,0,-1,0,0,0,0,0,2565,1,0,0,0,26623,120,464,0,3,34144576,0,268435458,0,0,0,-1,-1
53317,Prata Procelosa Densa,,33253,55564,0,-1,0,0,0,0,0,2565,1,0,0,0,26624,120,464,0,3,34144576,0,268435458,0,0,0,-1,-1
53318,Platina Dúctil,,33254,55564,0,-1,0,0,0,0,0,2565,1,0,0,0,26625,120,464,0,3,34144576,0,268435458,0,0,0,-1,-1
53319,Nossa floresta sagrada,,33255,62340,0,-1,0,0,0,0,0,0,0,0,0,0,26423,109,288,0,3,38338560,8192,268435456,0,0,0,-1321907123,1427461461
53320,Está em nossas mãos,,33256,62340,0,-1,0,0,0,0,0,0,0,0,0,0,26424,109,288,0,3,38338560,8192,268435456,0,0,0,1309324210,-1440044374
53321,Monelita Luminosa,,33257,55564,0,-1,0,0,0,0,0,2565,1,0,0,0,26634,120,464,0,3,34144576,0,268435458,0,0,0,-1,-1
53322,Prata Procelosa Rebrilhante,,33258,55564,0,-1,0,0,0,0,0,2565,1,0,0,0,26633,120,464,0,3,34144576,0,268435458,0,0,0,-1,-1
53323,Platina Lustrada,,33259,55564,0,-1,0,0,0,0,0,2565,1,0,0,0,26632,120,464,0,3,34144576,0,268435458,0,0,0,-1,-1
53324,Monelita Bruta,,33260,55564,0,-1,0,0,0,0,0,2565,1,0,0,0,26631,120,464,0,3,34144576,0,268435458,0,0,0,-1,-1
53325,Prata Procelosa Áspera,,33261,55564,0,-1,0,0,0,0,0,2565,1,0,0,0,26630,120,464,0,3,34144576,0,268435458,0,0,0,-1,-1
53326,Platina Lisa,,33262,55564,0,-1,0,0,0,0,0,2565,1,0,0,0,26629,120,464,0,3,34144576,0,268435458,0,0,0,-1,-1
53327,Monelita Endurecida,,33263,55564,0,-1,0,0,0,0,0,2565,1,0,0,0,26628,120,464,0,3,34144576,0,268435458,0,0,0,-1,-1
53328,Prata Procelosa Densa,,33264,55564,0,-1,0,0,0,0,0,2565,1,0,0,0,26627,120,464,0,3,34144576,0,268435458,0,0,0,-1,-1
53329,Platina Dúctil,,33265,55564,0,-1,0,0,0,0,0,2565,1,0,0,0,26626,120,464,0,3,34144576,0,268435458,0,0,0,-1,-1
53331,Exibido,,33267,55564,0,-1,0,0,0,0,0,0,0,0,0,0,26439,109,464,0,3,39387136,0,268435456,0,0,0,-1321907123,1427461461
53343,Incensura,,33052,63483,0,-1,0,0,0,0,0,0,0,0,0,163212,26452,109,464,0,3,37289984,0,268435456,0,0,0,1309324210,-1440044374
53344,Iconoclasmo,,33054,63483,0,-1,0,0,0,0,0,0,0,0,0,157771,26453,109,464,0,3,37289984,0,268435456,0,0,0,1309324210,-1440044374
53345,Pilhagem e provisões,,33053,63483,0,-1,0,0,0,0,0,0,0,0,0,0,26451,109,464,0,3,37289984,0,268435456,0,0,0,1309324210,-1440044374
53346,Atropelando troggs,,33274,55564,0,-1,0,0,0,0,0,0,0,0,0,0,26514,109,464,0,3,36241408,0,268435456,0,0,0,-1321907123,1427461461
53435,Azerita para a Horda,,33337,64610,0,-1,0,0,0,0,0,0,0,0,0,0,0,261,289,0,2,101220608,67108864,268435490,0,0,0,1309324210,-1440044374
53436,Azerita para a Aliança,,33337,64610,0,-1,0,0,0,0,0,0,0,0,0,0,0,261,289,0,2,101220608,67108864,268435490,0,0,0,-1321907123,1427461461
53497,Libertar-se,,33383,63694,0,-1,0,0,0,0,0,0,0,0,0,0,26656,109,288,0,3,34144256,0,268435456,0,0,0,-1321907123,1427461461
53498,Poder perene,,33384,63694,0,-1,0,0,0,0,0,0,0,0,0,0,26655,109,288,0,3,34144256,0,268435456,0,0,0,1309324210,-1440044374
53520,Detonar!,,33404,62340,0,-1,0,0,0,0,0,0,0,0,0,0,26694,109,288,0,3,34144256,0,268435456,0,0,0,-1321907123,1427461461
53549,Bolsa de Recompensa,,33430,0,0,-1,0,0,0,0,0,0,0,0,0,0,0,41,464,0,3,101253184,0,268435456,0,0,0,-1,-1
53552,Barris malignos,,33453,62340,0,-1,0,0,0,0,0,0,0,0,0,0,26727,109,288,0,3,34144256,0,268435456,0,0,0,1309324210,-1440044374
53564,Tracking Quest,,33457,0,0,-1,0,0,0,0,0,0,0,0,0,0,0,0,0,0,3,33621000,0,0,0,0,0,-1,-1
53584,Tracking Quest,,33479,0,0,-1,0,0,0,0,0,0,0,0,0,0,0,0,0,0,3,33621000,0,0,0,0,0,-1,-1
53585,Tracking Quest,,33480,0,0,-1,0,0,0,0,0,0,0,0,0,0,0,0,0,0,3,33621000,0,0,0,0,0,-1,-1
53586,Tracking Quest,,33481,0,0,-1,0,0,0,0,0,0,0,0,0,0,0,0,0,0,3,33621000,0,0,0,0,0,-1,-1
53587,Tracking Quest,,33482,0,0,-1,0,0,0,0,0,0,0,0,0,0,0,0,0,0,3,33621000,0,0,0,0,0,-1,-1
53588,Tracking Quest,,33483,0,0,-1,0,0,0,0,0,0,0,0,0,0,0,0,0,0,3,33621000,0,0,0,0,0,-1,-1
53589,Tracking Quest,,33484,0,0,-1,0,0,0,0,0,0,0,0,0,0,0,0,0,0,3,33621000,0,0,0,0,0,-1,-1
53590,Tracking Quest,,33485,0,0,-1,0,0,0,0,0,0,0,0,0,0,0,0,0,0,3,33621000,0,0,0,0,0,-1,-1
53591,Tracking Quest,,33486,0,0,-1,0,0,0,0,0,0,0,0,0,0,0,0,0,0,3,33621000,0,0,0,0,0,-1,-1
53592,Tracking Quest,,33487,0,0,-1,0,0,0,0,0,0,0,0,0,0,0,0,0,0,3,33621000,0,0,0,0,0,-1,-1
53593,Tracking Quest,,33488,0,0,-1,0,0,0,0,0,0,0,0,0,0,0,0,0,0,3,33621000,0,0,0,0,0,-1,-1
53594,Tracking Quest,,33489,0,0,-1,0,0,0,0,0,0,0,0,0,0,0,0,0,0,3,33621000,0,0,0,0,0,-1,-1
53595,Tracking Quest,,33490,0,0,-1,0,0,0,0,0,0,0,0,0,0,0,0,0,0,3,33621000,0,0,0,0,0,-1,-1
53596,Tracking Quest,,33491,0,0,-1,0,0,0,0,0,0,0,0,0,0,0,0,0,0,3,33621000,0,0,0,0,0,-1,-1
53597,Tracking Quest,,33492,0,0,-1,0,0,0,0,0,0,0,0,0,0,0,0,0,0,3,33621000,0,0,0,0,0,-1,-1
53598,Tracking Quest,,33493,0,0,-1,0,0,0,0,0,0,0,0,0,0,0,0,0,0,3,33621000,0,0,0,0,0,-1,-1
53599,Tracking Quest,,33494,0,0,-1,0,0,0,0,0,0,0,0,0,0,0,0,0,0,3,33621000,0,0,0,0,0,-1,-1
53600,Tracking Quest,,33495,0,0,-1,0,0,0,0,0,0,0,0,0,0,0,0,0,0,3,33621000,0,0,0,0,0,-1,-1
53601,Tracking Quest,,33496,0,0,-1,0,0,0,0,0,0,0,0,0,0,0,0,0,0,3,33621000,0,0,0,0,0,-1,-1
53699,Penetras na festa,,33607,65921,0,-1,0,0,0,0,0,0,0,0,0,0,26925,259,706,0,3,40435968,8192,268435456,0,0,0,-1321907123,1427461461
53704,Brigada dos cidadãos não muito sóbrios,,33598,65921,0,-1,0,0,0,0,0,0,0,0,0,0,27049,259,706,0,3,40435968,8192,268435456,0,0,0,-1321907123,1427461461
53706,Resgate dos suprimentos,,33599,65921,0,-1,0,0,0,0,0,0,0,0,0,0,27080,259,706,0,3,36241664,0,268435456,0,0,0,-1321907123,1427461461
53707,Defumação de suprimentos,,33600,65921,0,-1,0,0,0,0,0,0,0,0,0,0,27080,259,706,0,3,36241664,0,268435456,0,0,0,1309324210,-1440044374
53712,Céus inamistosos,,33602,65921,0,-1,0,0,0,0,0,0,0,0,0,0,26964,259,706,0,3,40435968,8192,268435456,0,0,0,-1321907123,1427461461
53713,Trabalho sujo: Porto da Ponte,,33604,65921,0,-1,0,0,0,0,0,0,0,0,0,0,26965,259,706,0,3,37290240,0,268435456,0,0,0,1309324210,-1440044374
53714,Boticário Jarbas,,33605,67187,0,-1,0,0,0,0,0,0,0,0,0,0,26962,260,706,0,3,36241728,0,268435456,0,0,0,-1321907123,1427461461
53715,Guardião do Fogo Viton Fulgor-sombrio,,33606,65921,0,-1,0,0,0,0,0,0,0,0,0,0,26966,260,706,0,3,36241728,0,268435456,0,0,0,-1321907123,1427461461
53716,Emergência na Torre Leste,,33608,67264,0,-1,0,0,0,0,0,0,0,0,0,0,27148,259,706,0,3,36241664,0,268435456,0,0,0,1309324210,-1440044374
53717,Defesa do planalto,,33609,65921,0,-1,0,0,0,0,0,0,0,0,0,0,27078,259,706,0,3,36241664,0,268435456,0,0,0,-1321907123,1427461461
53724,Caçadora Sombria Mutumba,,33616,65921,0,-1,0,0,0,0,0,0,0,0,0,0,26989,260,706,0,3,36241728,0,268435456,0,0,0,-1321907123,1427461461
53726,Mech-inações,,33618,65921,0,-1,0,0,0,0,0,0,0,0,0,0,27002,259,706,0,3,40435968,8192,268435456,0,0,0,-1321907123,1427461461
53752,Dispêndios,,33639,65921,0,-1,0,0,0,0,0,0,0,0,0,0,27081,259,706,0,3,36241664,0,268435456,0,0,0,1309324210,-1440044374
53753,Dispêndios,,33640,65921,0,-1,0,0,0,0,0,0,0,0,0,0,27081,259,706,0,3,36241664,0,268435456,0,0,0,-1321907123,1427461461
53755,Praga e som,,33642,65921,0,-1,0,0,0,0,0,0,0,0,0,0,27017,259,706,0,3,36241664,0,268435456,0,0,0,-1321907123,1427461461
53759,Cuidado embaixo!,,33646,65921,0,-1,0,0,0,0,0,0,0,0,0,0,26924,259,706,0,3,40435968,8192,268435456,0,0,0,1309324210,-1440044374
53768,Furdunço furibundo,,33654,65921,0,-1,0,0,0,0,0,0,0,0,0,0,27079,259,706,0,3,36241664,0,268435456,0,0,0,-1321907123,1427461461
53769,Furdunço furibundo,,33655,65921,0,-1,0,0,0,0,0,0,0,0,0,0,27079,259,706,0,3,36241664,0,268435456,0,0,0,1309324210,-1440044374
53770,TBD - OLD PORTAL QUEST (NOT USED),,33656,65921,0,-1,0,0,0,0,0,0,0,0,0,0,3785,113,706,0,3,39387392,8192,268435456,0,0,0,-1321907123,1427461461
53771,Gurin Atapedras,,33657,65921,0,-1,0,0,0,0,0,0,0,0,0,0,27015,260,706,0,3,36241728,0,268435456,0,0,0,-1321907123,1427461461
53772,Zagg Olho-ruim,,33658,65921,0,-1,0,0,0,0,0,0,0,0,0,0,27075,260,706,0,3,36241728,0,268435456,0,0,0,-1321907123,1427461461
53773,O ataque das nagas!,,33659,66421,0,-1,0,0,0,0,0,0,0,0,0,0,27077,111,706,0,3,41484544,8192,268435456,0,0,0,-1,-1
53784,Engenheiro de Cerco Cracabum,,33670,65921,0,-1,0,0,0,0,0,0,0,0,0,0,27076,260,706,0,3,36241728,0,268435456,0,0,0,-1321907123,1427461461
53803,Fist of Orgrimmar - TBD OLD PORTAL QUEST,,33687,65921,0,-1,0,0,0,0,0,0,0,0,0,0,3785,113,706,0,3,39387392,8192,268435456,0,0,0,-1321907123,1427461461
53804,Dinomante Zakuru,,33688,65921,0,-1,0,0,0,0,0,0,0,0,0,0,27089,260,706,0,3,36241728,0,268435456,0,0,0,-1321907123,1427461461
53808,Rastejo da vitória,,33692,65921,0,-1,0,0,0,0,0,0,0,0,0,0,27002,259,706,0,3,40435968,8192,268435456,0,0,0,1309324210,-1440044374
53812,Uma armadilha bem preparada,,33696,65921,0,-1,0,0,0,0,0,0,0,0,0,0,27092,260,706,0,3,36241728,0,268435456,0,0,0,-1321907123,1427461461
53814,Primeiro-sargento Presa de Aço,,33698,65921,0,-1,0,0,0,0,0,0,0,0,0,0,27098,260,706,0,3,36241728,0,268435456,0,0,0,-1321907123,1427461461
53832,Contrassabotagem!,,33715,67264,0,-1,0,0,0,0,0,0,0,0,0,0,27014,259,706,0,3,40435968,8192,268435456,0,0,0,1309324210,-1440044374
53857,Capitão Gorok,,33739,65921,0,-1,0,0,0,0,0,0,0,0,0,0,27110,260,706,0,3,36241728,0,268435456,0,0,0,-1321907123,1427461461
53860,Azerite Transport (NOT USED),,33742,0,0,-1,0,0,0,0,0,0,0,0,0,0,3785,113,706,0,3,36241664,0,268435456,0,0,0,1309324210,-1440044374
53867,Engenheiro Torquete,,33749,65921,0,-1,0,0,0,0,0,0,0,0,0,0,27131,260,706,0,3,36241728,0,268435456,0,0,0,-1321907123,1427461461
53874,Encerre a vigília,,33755,66632,0,-1,0,0,0,0,0,0,0,0,0,0,27439,109,464,0,3,34144256,0,268435456,0,0,0,1309324210,-1440044374
53875,Neblineiros por um dia,,33756,65921,0,-1,0,0,0,0,0,0,0,0,0,0,27145,259,706,0,3,40435968,8192,268435456,0,0,0,1309324210,-1440044374
53877,Encontro na Torre Leste,,33757,65921,0,-1,0,0,0,0,0,0,0,0,0,0,27148,259,706,0,3,36241664,0,268435456,0,0,0,-1321907123,1427461461
53878,Extração de emergência,,33758,65921,0,-1,0,0,0,0,0,0,0,0,0,0,27078,259,706,0,3,36241664,0,268435456,0,0,0,1309324210,-1440044374
53886,Tour auto guiado,,33766,67268,0,-1,0,0,0,0,0,0,0,0,0,0,27152,259,706,0,3,40435968,8192,268435456,0,0,0,1309324210,-1440044374
53945,O ataque das nagas!,,33836,66420,0,-1,0,0,0,0,0,0,0,0,0,0,27166,111,706,0,3,41484544,8192,268435456,0,0,0,-1,-1
53950,Alívio explosivo,,33826,67264,0,-1,0,0,0,0,0,0,0,0,0,0,27178,259,706,0,3,36241664,0,268435456,0,0,0,1309324210,-1440044374
53951,Alívio explosivo,,33827,65921,0,-1,0,0,0,0,0,0,0,0,0,0,27178,259,706,0,3,36241664,0,268435456,0,0,0,-1321907123,1427461461
53963,O ataque das nagas!,,33837,66349,0,-1,0,0,0,0,0,0,0,0,0,0,27181,111,706,0,3,41484544,8192,268435456,0,0,0,-1,-1
53979,O ataque das nagas!,,33853,66339,0,-1,0,0,0,0,0,0,0,0,0,0,27209,111,706,0,3,41484544,8192,268435456,0,0,0,-1,-1
53983,Serviço sujo: Forte Cavaleiro,,33855,65921,0,-1,0,0,0,0,0,0,0,0,0,0,27210,259,706,0,3,36241664,0,268435456,0,0,0,1309324210,-1440044374
53994,O ataque das nagas!,,33866,66419,0,-1,0,0,0,0,0,0,0,0,0,0,27238,111,706,0,3,41484544,8192,268435456,0,0,0,-1,-1
54011,Serviço sujo: Brado de Arom,,33882,67265,0,-1,0,0,0,0,0,0,0,0,0,0,27253,259,706,0,3,37290240,0,268435456,0,0,0,1309324210,-1440044374
54014,Trabalho Sujo: Sangue na areia,,33885,65921,0,-1,0,0,0,0,0,0,0,0,0,0,27262,259,706,0,3,36241664,0,268435456,0,0,0,-1321907123,1427461461
54016,Transporte de azerita,,33887,65921,0,-1,0,0,0,0,0,0,0,0,0,0,27260,260,706,0,3,36241728,0,268435456,0,0,0,1309324210,-1440044374
54017,Trabalho Sujo: Kraal de Feras de Guerra,,33888,65921,0,-1,0,0,0,0,0,0,0,0,0,0,27259,259,706,0,3,37290240,0,268435456,0,0,0,-1321907123,1427461461
54020,Trabalho Sujo: Vastidão Água Triste,,33891,65921,0,-1,0,0,0,0,0,0,0,0,0,0,27256,259,706,0,3,36241664,0,268435456,0,0,0,-1321907123,1427461461
54051,O ataque das nagas!,,33939,66341,0,-1,0,0,0,0,0,0,0,0,0,0,27306,111,706,0,3,41484544,8192,268435456,0,0,0,-1,-1
54060,O ataque das nagas!,,33944,66342,0,-1,0,0,0,0,0,0,0,0,0,0,27333,111,706,0,3,41484544,8192,268435456,0,0,0,-1,-1
54089,Omgar Proa-da-morte,,33973,65921,0,-1,0,0,0,0,0,0,0,0,0,0,27365,260,706,0,3,36241728,0,268435456,0,0,0,-1321907123,1427461461
54091,João Braço Forte,,33975,71588,0,-1,0,0,0,0,0,0,0,0,0,0,27366,260,706,0,3,36241728,0,268435456,0,0,0,1309324210,-1440044374
54112,Tecelão da Névoa Nian,,33994,67264,0,-1,0,0,0,0,0,0,0,0,0,0,27375,260,706,0,3,36241728,0,268435456,0,0,0,1309324210,-1440044374
54119,Hartford Sternbach,,33996,67264,0,-1,0,0,0,0,0,0,0,0,0,0,27385,260,706,0,3,36241728,0,268435456,0,0,0,1309324210,-1440044374
54127,Salto a jato,,34005,68084,0,-1,0,0,0,0,0,0,0,0,0,0,27421,259,706,0,3,41484608,8192,268435456,0,0,0,-1321907123,1427461461
54129,Imediato Irmino,,34007,65921,0,-1,0,0,0,0,0,0,0,0,0,0,27398,260,706,0,3,36241728,0,268435456,0,0,0,-1321907123,1427461461
54143,Visão de Olhos de Águia,,34022,67187,0,-1,0,0,0,0,0,0,0,0,0,0,27409,259,706,0,3,40435968,8192,268435456,0,0,0,-1321907123,1427461461
54154,Espiões nas colinas,,34027,65921,0,-1,0,0,0,0,0,0,0,0,0,0,27151,259,706,0,3,40435968,8192,268435456,0,0,0,1309324210,-1440044374
54162,Aterrissagem dureza,,34032,65921,0,-1,0,0,0,0,0,0,0,0,0,0,27150,259,706,0,3,40435968,8192,268435456,0,0,0,1309324210,-1440044374
54166,Içar Velas,,34036,21439,0,-1,0,0,0,0,0,0,0,0,0,0,0,109,289,0,3,34177280,0,268435458,0,0,0,1309324210,-1440044374
54167,Içar Velas,,34036,21439,0,-1,0,0,0,0,0,0,0,0,0,0,0,109,289,0,3,34177280,0,268435458,0,0,0,-1321907123,1427461461
54170,Ormino Rojão,,34039,65921,0,-1,0,0,0,0,0,0,0,0,0,0,27419,260,706,0,3,36241728,0,268435456,0,0,0,1309324210,-1440044374
54182,Irmãos Encrenca Borraquilha,,34047,65921,0,-1,0,0,0,0,0,0,0,0,0,0,27427,260,706,0,3,36241728,0,268435456,0,0,0,-1321907123,1427461461
54187,Chá para dois,,34052,55564,0,-1,0,0,0,0,0,0,0,0,0,0,27433,109,464,0,3,34144256,0,268435456,0,0,0,-1321907123,1427461461
54188,Robôs embaralhados,,34053,65921,0,-1,0,0,0,0,0,0,0,0,0,0,27429,259,706,0,3,40435968,8192,268435456,0,0,0,-1321907123,1427461461
54189,Rastejo no deserto,,34054,65921,0,-1,0,0,0,0,0,0,0,0,0,0,27429,259,706,0,3,40435968,8192,268435456,0,0,0,1309324210,-1440044374
54190,Chá para dois,,34055,55564,0,-1,0,0,0,0,0,0,0,0,0,0,27433,109,464,0,3,34144256,0,268435456,0,0,0,1309324210,-1440044374
54236,O ataque das nagas!,,34101,66416,0,-1,0,0,0,0,0,0,0,0,0,0,27456,111,706,0,3,41484544,8192,268435456,0,0,0,-1,-1
54237,Togoth Braço-cruel,,34102,65921,0,-1,0,0,0,0,0,0,0,0,0,0,27446,260,706,0,3,36241728,0,268435456,0,0,0,-1321907123,1427461461
54243,Gobliteração,,34107,66497,0,-1,0,0,0,0,0,0,0,0,0,0,27449,109,464,0,3,41615360,8192,268435456,0,0,0,-1321907123,1427461461
54245,Altercação azerítica,,34109,65921,0,-1,0,0,0,0,0,0,0,0,0,0,27457,259,706,0,3,36241664,0,268435456,0,0,0,-1321907123,1427461461
54246,Altercação azerítica,,34110,65921,0,-1,0,0,0,0,0,0,0,0,0,0,27457,259,706,0,3,36241664,0,268435456,0,0,0,1309324210,-1440044374
54251,O embaixador,,34115,67264,0,-1,0,0,0,0,0,0,0,0,0,0,27464,260,706,0,3,36241728,0,268435456,0,0,0,1309324210,-1440044374
54253,Lançar bombas,,34117,65921,0,-1,0,0,0,0,0,0,0,0,0,0,27466,259,706,0,3,36241664,0,268435456,0,0,0,1309324210,-1440044374
54254,Lançar bombas,,34118,65921,0,-1,0,0,0,0,0,0,0,0,0,0,27466,259,706,0,3,36241664,0,268435456,0,0,0,-1321907123,1427461461
54257,Capitão Velaverde,,34121,67264,0,-1,0,0,0,0,0,0,0,0,0,0,27468,260,706,0,3,36241728,0,268435456,0,0,0,1309324210,-1440044374
54266,Mestre de Morteiros Zapifado,,34130,65921,0,-1,0,0,0,0,0,0,0,0,0,0,27475,260,706,0,3,36241728,0,268435456,0,0,0,-1321907123,1427461461
54267,O ataque das nagas!,,34131,66418,0,-1,0,0,0,0,0,0,0,0,0,0,27480,111,706,0,3,41484544,8192,268435456,0,0,0,-1,-1
54268,Propulsão impulsiva,,34132,66160,0,-1,0,0,0,0,0,0,0,0,0,0,27481,259,706,0,3,40435968,8192,268435456,0,0,0,1309324210,-1440044374
54272,Robôs de batalha,,34136,65921,0,-1,0,0,0,0,0,0,0,0,0,0,27485,259,706,0,3,36241664,0,268435456,0,0,0,-1321907123,1427461461
54273,Robôs de batalha,,34137,65921,0,-1,0,0,0,0,0,0,0,0,0,0,27485,259,706,0,3,36241664,0,268435456,0,0,0,1309324210,-1440044374
54281,Bombardeando balistas,,34145,65921,0,-1,0,0,0,0,0,0,0,0,0,0,27495,259,706,0,3,40435968,8192,268435456,0,0,0,-1321907123,1427461461
54287,O ataque das nagas!,,34151,66417,0,-1,0,0,0,0,0,0,0,0,0,0,27496,111,706,0,3,41484544,8192,268435456,0,0,0,-1,-1
54295,Mestre Artilheiro Bontempo,,34159,67264,0,-1,0,0,0,0,0,0,0,0,0,0,27497,260,706,0,3,36241728,0,268435456,0,0,0,1309324210,-1440044374
54298,Questões gravitacionais,,34162,65921,0,-1,0,0,0,0,0,0,0,0,0,0,27150,259,706,0,3,40435968,8192,268435456,0,0,0,-1321907123,1427461461
54308,Essa mina é minha,,34172,65921,0,-1,0,0,0,0,0,0,0,0,0,0,27500,259,706,0,3,36241664,0,268435456,51696,0,0,1309324210,-1440044374
54313,Tracking Quest,,34176,0,0,-1,0,0,0,0,0,0,0,0,0,0,0,0,0,0,3,33621256,0,0,0,0,0,1309324210,-1440044374
54314,Tracking Quest,,34177,0,0,-1,0,0,0,0,0,0,0,0,0,0,0,0,0,0,3,33621256,0,0,0,0,0,-1,-1
54315,Tracking Quest,,34178,0,0,-1,0,0,0,0,0,0,0,0,0,0,0,0,0,0,3,35718408,0,0,0,0,0,-1,-1
54316,Tracking Quest,,34179,0,0,-1,0,0,0,0,0,0,0,0,0,0,0,0,0,0,3,33621256,0,0,0,0,0,-1,-1
54317,Tracking Quest,,34180,0,0,-1,0,0,0,0,0,0,0,0,0,0,0,0,0,0,3,33621256,0,0,0,0,0,-1,-1
54318,Tracking Quest,,34181,0,0,-1,0,0,0,0,0,0,0,0,0,0,0,0,0,0,3,33621256,0,0,0,0,0,-1,-1
54319,Tracking Quest,,34182,0,0,-1,0,0,0,0,0,0,0,0,0,0,0,0,0,0,3,33621256,0,0,0,0,0,-1,-1
54322,Tracking Quest,,34185,0,0,-1,0,0,0,0,0,0,0,0,0,0,0,0,0,0,3,35718408,0,0,0,0,0,-1,-1
54323,Tracking Quest,,34186,0,0,-1,0,0,0,0,0,0,0,0,0,0,0,0,0,0,3,33621256,0,0,0,0,0,-1,-1
54324,Tracking Quest,,34187,0,0,-1,0,0,0,0,0,0,0,0,0,0,0,0,0,0,3,33621256,0,0,0,0,0,-1,-1
54325,Tracking Quest,,34188,0,0,-1,0,0,0,0,0,0,0,0,0,0,0,0,0,0,3,33621256,0,0,0,0,0,-1,-1
54326,Tracking Quest,,34189,0,0,-1,0,0,0,0,0,0,0,0,0,0,0,0,0,0,3,33621256,0,0,0,0,0,-1,-1
54328,Capitão-cavaleiro Joesiph,,34191,65921,0,-1,0,0,0,0,0,0,0,0,0,0,27531,260,706,0,3,36241728,0,268435456,0,0,0,1309324210,-1440044374
54399,Tracking Quest,,34262,0,0,-1,0,0,0,0,0,0,0,0,0,0,0,0,0,0,3,33621256,0,0,0,0,0,-1,-1
54400,Tracking Quest,,34263,0,0,-1,0,0,0,0,0,0,0,0,0,0,0,0,0,0,3,33621256,0,0,0,0,0,-1,-1
54401,Tracking Quest,,34264,0,0,-1,0,0,0,0,0,0,0,0,0,0,0,0,0,0,3,33621256,0,0,0,0,0,-1,-1
54403,Sábia das Marés Clarissa,,34266,65921,0,-1,0,0,0,0,0,0,0,0,0,0,27601,260,706,0,3,36241728,0,268435456,0,0,0,1309324210,-1440044374
54414,Vento inquieto,,34277,65921,0,-1,0,0,0,0,0,0,0,0,0,0,27603,259,706,0,3,36241664,0,268435456,0,0,0,1309324210,-1440044374
54415,Um dia de Vulpera,,34278,65921,0,-1,0,0,0,0,0,0,0,0,0,0,27708,259,706,0,3,40435968,8192,268435456,0,0,0,1309324210,-1440044374
54434,Arquimago Sombracerta,,34297,65921,0,-1,0,0,0,0,0,0,0,0,0,0,27602,260,706,0,3,36241728,0,268435456,0,0,0,1309324210,-1440044374
54437,Owynn Graddock,,34299,65921,0,-1,0,0,0,0,0,0,0,0,0,0,27608,260,706,0,3,36241728,0,268435456,0,0,0,1309324210,-1440044374
54442,Domador de Feras Vilas,,34303,65921,0,-1,0,0,0,0,0,0,0,0,0,0,27613,260,706,0,3,36241728,0,268435456,0,0,0,1309324210,-1440044374
54448,Azerita elemental,,34309,67265,0,-1,0,0,0,0,0,0,0,0,0,0,27621,259,706,0,3,36241664,0,268435456,0,0,0,1309324210,-1440044374
54449,Azerita elemental,,34310,67282,0,-1,0,0,0,0,0,0,0,0,0,0,27621,259,706,0,3,36241664,0,268435456,0,0,0,-1321907123,1427461461
54467,O legado das ruínas,,34316,67254,0,-1,0,0,0,0,0,0,0,0,0,0,28036,109,691,0,3,34144512,0,268435456,51722,0,0,1309324210,-1440044374
54468,Nalaess Buscapluma,,34317,65921,0,-1,0,0,0,0,0,0,0,0,0,0,27622,260,706,0,3,36241728,0,268435456,0,0,0,1309324210,-1440044374
54471,Cuide dos feridos,,34319,65921,0,-1,0,0,0,0,0,0,0,0,0,0,27625,259,706,0,3,36241664,0,268435456,0,0,0,-1321907123,1427461461
54472,Arando o campo,,34320,67265,0,-1,0,0,0,0,0,0,0,0,0,0,27625,259,706,0,3,36241664,0,268435456,0,0,0,1309324210,-1440044374
54488,"Zul'aki, o Caçador de Cabeças",,34330,65921,0,-1,0,0,0,0,0,0,0,0,0,0,27626,260,706,0,3,36241728,0,268435456,0,0,0,-1321907123,1427461461
54496,Cães sarnentos!,,34338,67254,0,-1,0,0,0,0,0,0,0,0,0,0,28037,109,691,0,3,34144512,0,268435456,51722,0,0,1309324210,-1440044374
54497,Uma combinação perigosa,,34339,67254,0,-1,0,0,0,0,0,0,0,0,0,0,28038,109,691,0,3,34144512,0,268435456,51722,0,0,1309324210,-1440044374
54498,Na cola do tanque,,34340,65921,0,-1,0,0,0,0,0,0,0,0,0,0,27639,259,706,0,3,36241664,0,268435456,0,0,0,-1321907123,1427461461
54499,Ritual do crepúsculo,,34341,67254,0,-1,0,0,0,0,0,0,0,0,0,0,28039,109,691,0,3,34144512,0,268435456,51722,0,0,1309324210,-1440044374
54500,Potencial inexplorado,,34342,65921,0,-1,0,0,0,0,0,0,0,0,0,0,27635,259,706,0,3,36241664,0,268435456,0,0,0,-1321907123,1427461461
54502,Está chovendo mana,,34342,67268,0,-1,0,0,0,0,0,0,0,0,0,0,27635,259,706,0,3,36241664,0,268435456,0,0,0,1309324210,-1440044374
54503,Minha gangue favorita,,34343,67268,0,-1,0,0,0,0,0,0,0,0,0,0,27641,259,706,0,3,40435968,8192,268435456,0,0,0,1309324210,-1440044374
54504,Capitão dos Batedores Choraporca,,34344,65921,0,-1,0,0,0,0,0,0,0,0,0,0,27642,260,706,0,3,36241728,0,268435456,0,0,0,-1321907123,1427461461
54505,Dando na carga,,34345,65921,0,-1,0,0,0,0,0,0,0,0,0,0,27643,259,706,0,3,36241664,0,268435456,0,0,0,1309324210,-1440044374
54506,Infestação fúngica,,34346,67265,0,-1,0,0,0,0,0,0,0,0,0,0,27644,259,706,0,3,36241664,0,268435456,0,0,0,1309324210,-1440044374
54507,Infestação fúngica,,34347,65921,0,-1,0,0,0,0,0,0,0,0,0,0,27644,259,706,0,3,36241664,0,268435456,0,0,0,-1321907123,1427461461
54508,Nenhuma ponte é tão apavorante,,34348,65921,0,-1,0,0,0,0,0,0,0,0,0,0,27646,260,706,0,3,36241728,0,268435456,0,0,0,-1321907123,1427461461
54509,A ponta do tridente,,34349,67254,0,-1,0,0,0,0,0,0,0,0,0,0,28040,109,691,0,3,34144512,0,268435456,51722,0,0,1309324210,-1440044374
54511,Abaixo as Capitãs da Morte!,,34351,65921,0,-1,0,0,0,0,0,0,0,0,0,0,27648,260,706,0,3,36241728,0,268435456,0,0,0,-1321907123,1427461461
54512,Maré Purificante,,34352,65921,0,-1,0,0,0,0,0,0,0,0,0,0,27649,259,706,0,3,40435968,0,268435456,0,0,0,-1321907123,1427461461
54513,Hora do Dino!,,34353,65921,0,-1,0,0,0,0,0,0,0,0,0,0,27654,260,706,0,3,36241728,0,268435456,0,0,0,-1321907123,1427461461
54514,Prisioneiros das Skamanegra,,34354,67254,0,-1,0,0,0,0,0,0,0,0,0,0,28041,109,691,0,3,34144512,0,268435456,51722,0,0,1309324210,-1440044374
54515,Maroleiro Maka,,34355,65921,0,-1,0,0,0,0,0,0,0,0,0,0,27655,260,706,0,3,36241728,0,268435456,0,0,0,-1321907123,1427461461
54516,Caixote e barril,,34357,65921,0,-1,0,0,0,0,0,0,0,0,0,0,27657,259,706,0,3,40435968,8192,268435456,0,0,0,1309324210,-1440044374
54520,Mudas chamuscadas,,34360,67254,0,-1,0,0,0,0,0,0,0,0,0,0,28042,109,691,0,3,34144512,0,268435456,51722,0,0,1309324210,-1440044374
54521,Feitiçaria roubada,,34361,67254,0,-1,0,0,0,0,0,0,0,0,0,0,28043,109,691,0,3,34144512,0,268435456,51722,0,0,1309324210,-1440044374
54522,Baixinho para um orc,,34362,65921,0,-1,0,0,0,0,0,0,0,0,0,0,27665,260,706,0,3,36241728,0,268435456,0,0,0,1309324210,-1440044374
54523,Bingo Chispafora,,34363,65921,0,-1,0,0,0,0,0,0,0,0,0,0,27666,260,706,0,3,36241728,0,268435456,0,0,0,1309324210,-1440044374
54524,Caixote e barril,,34364,65921,0,-1,0,0,0,0,0,0,0,0,0,0,27657,259,706,0,3,40435968,8192,268435456,0,0,0,-1321907123,1427461461
54525,Tracking Quest,,34365,0,0,-1,0,0,0,0,0,0,0,0,0,0,0,259,0,0,3,34149632,0,0,0,0,0,-1,-1
54526,Tracking Quest,,34366,0,0,-1,0,0,0,0,0,0,0,0,0,0,0,259,0,0,3,34149632,0,0,0,0,0,-1,-1
54527,Caçadinos Barbalouca,,34367,65921,0,-1,0,0,0,0,0,0,0,0,0,0,27671,260,706,0,3,36241728,0,268435456,0,0,0,1309324210,-1440044374
54528,De volta às profundezas,,34368,67254,0,-1,0,0,0,0,0,0,0,0,0,0,28044,109,691,0,3,34144512,0,268435456,51722,0,0,1309324210,-1440044374
54531,Tudo o que pudermos resgatar,,34370,67254,0,-1,0,0,0,0,0,0,0,0,0,0,28045,109,691,0,3,34144512,0,268435456,51722,0,0,1309324210,-1440044374
54532,Calvície arbórea,,34371,65921,0,-1,0,0,0,0,0,0,0,0,0,0,27678,260,706,0,3,36241728,0,268435456,0,0,0,1309324210,-1440044374
54533,Derrubando tudo,,34372,65921,0,-1,0,0,0,0,0,0,0,0,0,0,27682,259,706,0,3,36241664,0,268435456,0,0,0,-1321907123,1427461461
54534,O toque mais pestilento,,34373,67268,0,-1,0,0,0,0,0,0,0,0,0,0,27682,259,706,0,3,40435968,0,268435456,0,0,0,1309324210,-1440044374
54535,Guarda-portal Romiir,,34374,65921,0,-1,0,0,0,0,0,0,0,0,0,0,27683,260,706,0,3,36241728,0,268435456,0,0,0,1309324210,-1440044374
54536,Alimentando as chamas,,34375,67254,0,-1,0,0,0,0,0,0,0,0,0,0,28046,109,691,0,3,34144512,8192,268435456,51722,0,0,1309324210,-1440044374
54537,Pisabílis,,34376,65921,0,-1,0,0,0,0,0,0,0,0,0,0,27688,260,706,0,3,36241728,0,268435456,0,0,0,-1321907123,1427461461
54538,Escaramuça na Vastidão,,34377,67268,0,-1,0,0,0,0,0,0,0,0,0,0,27691,259,706,0,3,36241664,0,268435456,0,0,0,1309324210,-1440044374
54539,Escaramuça na Vastidão,,34378,65921,0,-1,0,0,0,0,0,0,0,0,0,0,27691,259,706,0,3,36241664,0,268435456,0,0,0,-1321907123,1427461461
54540,Cavaleiro da Perdição Helgueiro,,34379,66544,0,-1,0,0,0,0,0,0,0,0,0,0,27699,135,691,0,3,37290048,0,268435456,0,0,0,-1321907123,1427461461
54541,Capitão-cavaleiro Alderico,,34380,66543,0,-1,0,0,0,0,0,0,0,0,0,0,27699,135,691,0,3,37290048,0,268435456,0,0,0,1309324210,-1440044374
54542,Aparição Horrenda,,34381,66543,0,-1,0,0,0,0,0,0,0,0,0,0,27698,135,691,0,3,37290048,0,268435456,0,0,0,1309324210,-1440044374
54543,"Rog, o Caçador de Humanos",,34382,66543,0,-1,0,0,0,0,0,0,0,0,0,0,27702,135,691,0,3,37290048,0,268435456,0,0,0,1309324210,-1440044374
54544,Cavalga-feras Kama,,34383,66543,0,-1,0,0,0,0,0,0,0,0,0,0,27694,135,691,0,3,37290048,0,268435456,0,0,0,1309324210,-1440044374
54545,"Nimar, o Matador",,34384,66543,0,-1,0,0,0,0,0,0,0,0,0,0,27703,135,691,0,3,37290048,0,268435456,0,0,0,1309324210,-1440044374
54546,Canora,,34385,66543,0,-1,0,0,0,0,0,0,0,0,0,0,27705,135,691,0,3,37290048,0,268435456,0,0,0,1309324210,-1440044374
54547,Darbel Montrose,,34386,66543,0,-1,0,0,0,0,0,0,0,0,0,0,27695,135,691,0,3,37290048,0,268435456,0,0,0,1309324210,-1440044374
54548,Buchorrendo,,34387,66543,0,-1,0,0,0,0,0,0,0,0,0,0,27696,135,691,0,3,37290048,0,268435456,0,0,0,1309324210,-1440044374
54549,Kovork,,34388,66543,0,-1,0,0,0,0,0,0,0,0,0,0,27701,135,691,0,3,37290048,0,268435456,0,0,0,1309324210,-1440044374
54550,Ruul Uma-pedra,,34389,66543,0,-1,0,0,0,0,0,0,0,0,0,0,27704,135,691,0,3,37290048,0,268435456,0,0,0,1309324210,-1440044374
54551,Zalas Cascasseca,,34390,66543,0,-1,0,0,0,0,0,0,0,0,0,0,27706,135,691,0,3,37290048,0,268435456,0,0,0,1309324210,-1440044374
54552,Geomante Adaga-de-sílex,,34391,66543,0,-1,0,0,0,0,0,0,0,0,0,0,27697,135,691,0,3,37290048,0,268435456,0,0,0,1309324210,-1440044374
54553,Kor'gresh Furiafria,,34392,66543,0,-1,0,0,0,0,0,0,0,0,0,0,27700,135,691,0,3,37290048,0,268435456,0,0,0,1309324210,-1440044374
54554,Lobo Alfa Skraug,,34393,65921,0,-1,0,0,0,0,0,0,0,0,0,0,27707,260,706,0,3,36241728,0,268435456,0,0,0,-1321907123,1427461461
54555,Cercotron 9000,,34394,65921,0,-1,0,0,0,0,0,0,0,0,0,0,27709,260,706,0,3,36241728,0,268435456,0,0,0,-1321907123,1427461461
54561,Zalas Cascasseca,,34390,66544,0,-1,0,0,0,0,0,0,0,0,0,0,27706,135,691,0,3,37290048,0,268435456,0,0,0,-1321907123,1427461461
54562,Canora,,34385,66544,0,-1,0,0,0,0,0,0,0,0,0,0,27705,135,691,0,3,37290048,0,268435456,0,0,0,-1321907123,1427461461
54563,Ruul Uma-pedra,,34389,66544,0,-1,0,0,0,0,0,0,0,0,0,0,27704,135,691,0,3,37290048,0,268435456,0,0,0,-1321907123,1427461461
54564,"Nimar, o Matador",,34384,66544,0,-1,0,0,0,0,0,0,0,0,0,0,27703,135,691,0,3,37290048,0,268435456,0,0,0,-1321907123,1427461461
54565,"Rog, o Caçador de Humanos",,34382,66544,0,-1,0,0,0,0,0,0,0,0,0,0,27702,135,691,0,3,37290048,0,268435456,0,0,0,-1321907123,1427461461
54566,Kovork,,34388,66544,0,-1,0,0,0,0,0,0,0,0,0,0,27701,135,691,0,3,37290048,0,268435456,0,0,0,-1321907123,1427461461
54567,Kor'gresh Furiafria,,34392,66544,0,-1,0,0,0,0,0,0,0,0,0,0,27700,135,691,0,3,37290048,0,268435456,0,0,0,-1321907123,1427461461
54568,Senhor dos Galhos Aldrus,,34400,66543,0,-1,0,0,0,0,0,0,0,0,0,0,27693,136,691,0,3,37289984,0,268435456,0,0,0,1309324210,-1440044374
54569,Aparição Horrenda,,34381,66544,0,-1,0,0,0,0,0,0,0,0,0,0,27698,135,691,0,3,37290048,0,268435456,0,0,0,-1321907123,1427461461
54570,Geomante Adaga-de-sílex,,34391,66544,0,-1,0,0,0,0,0,0,0,0,0,0,27697,135,691,0,3,37290048,0,268435456,0,0,0,-1321907123,1427461461
54571,Buchorrendo,,34387,66544,0,-1,0,0,0,0,0,0,0,0,0,0,27696,135,691,0,3,37290048,0,268435456,0,0,0,-1321907123,1427461461
54572,Darbel Montrose,,34386,66544,0,-1,0,0,0,0,0,0,0,0,0,0,27695,135,691,0,3,37290048,0,268435456,0,0,0,-1321907123,1427461461
54573,Cavalga-feras Kama,,34383,66544,0,-1,0,0,0,0,0,0,0,0,0,0,27694,135,691,0,3,37290048,0,268435456,0,0,0,-1321907123,1427461461
54574,Jin'tago,,34397,65921,0,-1,0,0,0,0,0,0,0,0,0,0,27710,260,706,0,3,36241728,0,268435456,0,0,0,-1321907123,1427461461
54578,Senhor dos Galhos Aldrus,,34400,66544,0,-1,0,0,0,0,0,0,0,0,0,0,27693,136,691,0,3,37289984,0,268435456,0,0,0,-1321907123,1427461461
54583,Golias Ardente,,34405,66543,0,-1,0,0,0,0,0,0,0,0,0,0,27711,136,691,0,3,37289984,0,268435456,0,0,0,1309324210,-1440044374
54584,Golias Cristado,,34406,66543,0,-1,0,0,0,0,0,0,0,0,0,0,27712,136,691,0,3,37289984,0,268435456,0,0,0,1309324210,-1440044374
54585,Eco de Myzrael,,34407,66543,0,-1,0,0,0,0,0,0,0,0,0,0,27713,136,691,0,3,37289984,0,268435456,0,0,0,1309324210,-1440044374
54586,Fozruk,,34408,66543,0,-1,0,0,0,0,0,0,0,0,0,0,27714,136,691,0,3,37289984,0,268435456,0,0,0,1309324210,-1440044374
54587,"Molok, o Esmagador",,34409,66543,0,-1,0,0,0,0,0,0,0,0,0,0,27715,136,691,0,3,37289984,0,268435456,0,0,0,1309324210,-1440044374
54588,Feitor Krix,,34410,66543,0,-1,0,0,0,0,0,0,0,0,0,0,27716,136,691,0,3,37289984,0,268435456,0,0,0,1309324210,-1440044374
54589,Pestepluma,,34411,66543,0,-1,0,0,0,0,0,0,0,0,0,0,27717,136,691,0,3,37289984,0,268435456,0,0,0,1309324210,-1440044374
54590,Bicofúria,,34412,66543,0,-1,0,0,0,0,0,0,0,0,0,0,27718,136,691,0,3,37289984,0,268435456,0,0,0,1309324210,-1440044374
54591,Golias Retumbante,,34413,66543,0,-1,0,0,0,0,0,0,0,0,0,0,27719,136,691,0,3,37289984,0,268435456,0,0,0,1309324210,-1440044374
54592,Estripacrânio,,34414,66543,0,-1,0,0,0,0,0,0,0,0,0,0,27720,136,691,0,3,37289984,0,268435456,0,0,0,1309324210,-1440044374
54593,Golias Trovejante,,34415,66543,0,-1,0,0,0,0,0,0,0,0,0,0,27721,136,691,0,3,37289984,0,268435456,0,0,0,1309324210,-1440044374
54594,Venômara,,34416,66543,0,-1,0,0,0,0,0,0,0,0,0,0,27722,136,691,0,3,37289984,0,268435456,0,0,0,1309324210,-1440044374
54595,Colmursa,,34417,66543,0,-1,0,0,0,0,0,0,0,0,0,0,27723,136,691,0,3,37289984,0,268435456,0,0,0,1309324210,-1440044374
54596,Colmursa,,34417,66544,0,-1,0,0,0,0,0,0,0,0,0,0,27723,136,691,0,3,37289984,0,268435456,0,0,0,-1321907123,1427461461
54597,Venômara,,34416,66544,0,-1,0,0,0,0,0,0,0,0,0,0,27722,136,691,0,3,37289984,0,268435456,0,0,0,-1321907123,1427461461
54598,Golias Trovejante,,34415,66544,0,-1,0,0,0,0,0,0,0,0,0,0,27721,136,691,0,3,37289984,0,268435456,0,0,0,-1321907123,1427461461
54599,Estripacrânio,,34414,66544,0,-1,0,0,0,0,0,0,0,0,0,0,27720,136,691,0,3,37289984,0,268435456,0,0,0,-1321907123,1427461461
54600,Golias Retumbante,,34413,66544,0,-1,0,0,0,0,0,0,0,0,0,0,27719,136,691,0,3,37289984,0,268435456,0,0,0,-1321907123,1427461461
54601,Bicofúria,,34412,66544,0,-1,0,0,0,0,0,0,0,0,0,0,27718,136,691,0,3,37289984,0,268435456,0,0,0,-1321907123,1427461461
54602,Pestepluma,,34411,66544,0,-1,0,0,0,0,0,0,0,0,0,0,27717,136,691,0,3,37289984,0,268435456,0,0,0,-1321907123,1427461461
54603,Feitor Krix,,34410,66544,0,-1,0,0,0,0,0,0,0,0,0,0,27716,136,691,0,3,37289984,0,268435456,0,0,0,-1321907123,1427461461
54604,"Molok, o Esmagador",,34409,66544,0,-1,0,0,0,0,0,0,0,0,0,0,27715,136,691,0,3,37289984,0,268435456,0,0,0,-1321907123,1427461461
54605,Fozruk,,34408,66544,0,-1,0,0,0,0,0,0,0,0,0,0,27714,136,691,0,3,37289984,0,268435456,0,0,0,-1321907123,1427461461
54606,Eco de Myzrael,,34407,66544,0,-1,0,0,0,0,0,0,0,0,0,0,27713,136,691,0,3,37289984,0,268435456,0,0,0,-1321907123,1427461461
54607,Golias Cristado,,34406,66544,0,-1,0,0,0,0,0,0,0,0,0,0,27712,136,691,0,3,37289984,0,268435456,0,0,0,-1321907123,1427461461
54608,Golias Ardente,,34405,66544,0,-1,0,0,0,0,0,0,0,0,0,0,27711,136,691,0,3,37289984,0,268435456,0,0,0,-1321907123,1427461461
54609,Senhora das Feras Drakara,,34418,65921,0,-1,0,0,0,0,0,0,0,0,0,0,27724,260,706,0,3,36241728,0,268435456,0,0,0,-1321907123,1427461461
54612,Sangue e cinzas,,34419,67254,0,-1,0,0,0,0,0,0,0,0,0,0,28047,109,691,0,3,34144512,0,268435456,51722,0,0,1309324210,-1440044374
54613,Duplamente exilados,,34420,66543,0,-1,0,0,0,0,0,0,0,0,0,0,27746,109,691,0,3,3735552,0,268435456,0,0,0,1309324210,-1440044374
54614,Execução de exorcismo,,34421,66543,0,-1,0,0,0,0,0,0,0,0,0,0,27747,109,691,0,3,589824,0,268435456,0,0,0,1309324210,-1440044374
54615,A queda da Liga,,34422,66543,0,-1,0,0,0,0,0,0,0,0,0,0,27745,109,691,0,3,12124160,0,268435456,0,0,0,1309324210,-1440044374
54616,Murro em Punho de Pedra,,34423,66543,0,-1,0,0,0,0,0,0,0,0,0,0,27748,109,691,0,3,3735552,0,268435456,0,0,0,1309324210,-1440044374
54617,Crimes da Camarilha,,34424,66543,0,-1,0,0,0,0,0,0,0,0,0,0,27749,109,691,0,3,3735552,0,268435456,0,0,0,1309324210,-1440044374
54619,Arrancando a Cascasseca,,34425,66543,0,-1,0,0,0,0,0,0,0,0,0,0,27750,109,691,0,3,3735552,0,268435456,0,0,0,1309324210,-1440044374
54620,Morte aos Profanadores,,34426,66544,0,-1,0,0,0,0,0,0,0,0,0,0,27745,109,691,0,3,3735552,0,268435456,0,0,0,-1321907123,1427461461
54621,Duplamente exilados,,34427,66544,0,-1,0,0,0,0,0,0,0,0,0,0,27746,109,691,0,3,3735552,0,268435456,0,0,0,-1321907123,1427461461
54622,Execução de exorcismo,,34428,66544,0,-1,0,0,0,0,0,0,0,0,0,0,27747,109,691,0,3,589824,0,268435456,0,0,0,-1321907123,1427461461
54623,Murro em Punho de Pedra,,34429,66544,0,-1,0,0,0,0,0,0,0,0,0,0,27748,109,691,0,3,3735552,0,268435456,0,0,0,-1321907123,1427461461
54624,Crimes da Camarilha,,34430,66544,0,-1,0,0,0,0,0,0,0,0,0,0,27749,109,691,0,3,3735552,0,268435456,0,0,0,-1321907123,1427461461
54625,Arrancando a Cascasseca,,34431,66544,0,-1,0,0,0,0,0,0,0,0,0,0,27750,109,691,0,3,3735552,0,268435456,0,0,0,-1321907123,1427461461
54636,Atador de Areia Sodir,,34432,65921,0,-1,0,0,0,0,0,0,0,0,0,0,27726,260,706,0,3,36241728,0,268435456,0,0,0,-1321907123,1427461461
54638,Soando o tambor,,34433,65921,0,-1,0,0,0,0,0,0,0,0,0,0,27727,260,706,0,3,36241728,0,268435456,0,0,0,-1321907123,1427461461
54643,"Evezon, o Eterno",,34439,65921,0,-1,0,0,0,0,0,0,0,0,0,0,27730,260,706,0,3,36241728,0,268435456,0,0,0,1309324210,-1440044374
54644,Transporte de azerita,,34440,65921,0,-1,0,0,0,0,0,0,0,0,0,0,27737,260,706,0,3,36241728,0,268435456,0,0,0,1309324210,-1440044374
54645,Fúria da Terra,,34441,65921,0,-1,0,0,0,0,0,0,0,0,0,0,27738,260,706,0,3,36241728,0,268435456,0,0,0,1309324210,-1440044374
54646,Grão-marechal Fúria,,34442,65921,0,-1,0,0,0,0,0,0,0,0,0,0,27743,260,706,0,3,36241728,0,268435456,0,0,0,1309324210,-1440044374
54647,Intenção cervejenta,,34443,67187,0,-1,0,0,0,0,0,0,0,0,0,0,27744,259,706,0,3,36241664,0,268435456,0,0,0,-1321907123,1427461461
54648,Ressurgência kaldorei,,34444,67254,0,-1,0,0,0,0,0,0,0,0,0,0,28048,109,691,0,3,36241664,0,268435456,51722,0,0,1309324210,-1440044374
54649,Chamas da Guerra,,34445,65921,0,-1,0,0,0,0,0,0,0,0,0,0,27751,260,706,0,3,36241728,0,268435456,0,0,0,1309324210,-1440044374
54650,Muk'luk,,34446,65921,0,-1,0,0,0,0,0,0,0,0,0,0,27634,260,706,0,3,36241728,0,268435456,0,0,0,-1321907123,1427461461
54662,Trazido à luz,,34456,67187,0,-1,0,0,0,0,0,0,0,0,0,0,27754,259,706,0,3,40435968,8192,268435456,0,0,0,-1321907123,1427461461
54663,Caçador Sombrio Vol'tris,,34457,65921,0,-1,0,0,0,0,0,0,0,0,0,0,27757,260,706,0,3,36241728,0,268435456,0,0,0,-1321907123,1427461461
54664,Transporte de azerita,,34458,67268,0,-1,0,0,0,0,0,0,0,0,0,0,27759,260,706,0,3,36241728,0,268435456,0,0,0,1309324210,-1440044374
54665,Duquesa Desencanto,,34459,67187,0,-1,0,0,0,0,0,0,0,0,0,0,27760,260,706,0,3,36241728,0,268435456,0,0,0,-1321907123,1427461461
54666,Caravaneiro Velosseta,,34460,65921,0,-1,0,0,0,0,0,0,0,0,0,0,27758,260,706,0,3,36241728,0,268435456,0,0,0,-1321907123,1427461461
54667,O legado das ruínas,,34461,67252,0,-1,0,0,0,0,0,0,0,0,0,0,28036,109,691,0,3,34144512,0,268435456,51722,0,0,-1321907123,1427461461
54668,Minera ação,,34462,67252,0,-1,0,0,0,0,0,0,0,0,0,0,28037,109,691,0,3,34144512,0,268435456,51722,0,0,-1321907123,1427461461
54669,Uma combinação perigosa,,34463,67252,0,-1,0,0,0,0,0,0,0,0,0,0,28038,109,691,0,3,34144512,0,268435456,51722,0,0,-1321907123,1427461461
54671,Anciente Supercrescido,,34464,67268,0,-1,0,0,0,0,0,0,0,0,0,0,27761,260,706,0,3,36241728,0,268435456,0,0,0,1309324210,-1440044374
54672,Ritual do crepúsculo,,34465,67252,0,-1,0,0,0,0,0,0,0,0,0,0,28039,109,691,0,3,34144512,0,268435456,51722,0,0,-1321907123,1427461461
54673,A ponta do tridente,,34466,67252,0,-1,0,0,0,0,0,0,0,0,0,0,28040,109,691,0,3,34144512,0,268435456,51722,0,0,-1321907123,1427461461
54674,Prisioneiros das Skamanegra,,34467,67252,0,-1,0,0,0,0,0,0,0,0,0,0,28041,109,691,0,3,34144512,0,268435456,51722,0,0,-1321907123,1427461461
54675,Temporada de caça,,34468,67252,0,-1,0,0,0,0,0,0,0,0,0,0,28042,109,691,0,3,34144512,0,268435456,51722,0,0,-1321907123,1427461461
54676,Fragmentos de Nassarin,,34469,67252,0,-1,0,0,0,0,0,0,0,0,0,0,28043,109,691,0,3,34144512,0,268435456,51722,0,0,-1321907123,1427461461
54677,De volta às profundezas,,34470,67252,0,-1,0,0,0,0,0,0,0,0,0,0,28044,109,691,0,3,34144512,0,268435456,51722,0,0,-1321907123,1427461461
54678,Tudo o que pudermos resgatar,,34471,67252,0,-1,0,0,0,0,0,0,0,0,0,0,28045,109,691,0,3,34144512,0,268435456,51722,0,0,-1321907123,1427461461
54679,Alimentando as chamas,,34472,67252,0,-1,0,0,0,0,0,0,0,0,0,0,28046,109,691,0,3,34144512,8192,268435456,51722,0,0,-1321907123,1427461461
54680,Mestre da Praga Herbert,,34473,65921,0,-1,0,0,0,0,0,0,0,0,0,0,27763,260,706,0,3,36241728,0,268435456,0,0,0,-1321907123,1427461461
54681,Caravana de Azerita,,34474,67265,0,-1,0,0,0,0,0,0,0,0,0,0,27762,260,706,0,3,36241728,0,268435456,0,0,0,1309324210,-1440044374
54684,Arcanista Quintrilo,,34476,65921,0,-1,0,0,0,0,0,0,0,0,0,0,27765,260,706,0,3,36241728,0,268435456,0,0,0,-1321907123,1427461461
54685,Eles amam ferro,,34477,65921,0,-1,0,0,0,0,0,0,0,0,0,0,27767,259,706,0,3,36241664,0,268435456,0,0,0,1309324210,-1440044374
54686,Emergência médica,,34478,67265,0,-1,0,0,0,0,0,0,0,0,0,0,27768,260,706,0,3,36241728,0,268435456,0,0,0,1309324210,-1440044374
54688,Inquisidor Erik,,34480,67265,0,-1,0,0,0,0,0,0,0,0,0,0,27772,260,706,0,3,36241728,0,268435456,0,0,0,1309324210,-1440044374
54689,Apagar das luzes,,34481,65921,0,-1,0,0,0,0,0,0,0,0,0,0,27775,259,706,0,3,40435968,8192,268435456,0,0,0,1309324210,-1440044374
54690,"Maddok, o Franco-atirador",,34482,67265,0,-1,0,0,0,0,0,0,0,0,0,0,27774,260,706,0,3,36241728,0,268435456,0,0,0,1309324210,-1440044374
54691,Mestre Cervejeiro Lin,,34483,65921,0,-1,0,0,0,0,0,0,0,0,0,0,27780,260,706,0,3,36241728,0,268435456,0,0,0,-1321907123,1427461461
54692,Magíster Cristalina,,34484,67265,0,-1,0,0,0,0,0,0,0,0,0,0,27779,260,706,0,3,36241728,0,268435456,0,0,0,1309324210,-1440044374
54693,O pterror da Horda,,34485,65921,0,-1,0,0,0,0,0,0,0,0,0,0,27781,260,706,0,3,36241728,0,268435456,0,0,0,-1321907123,1427461461
54694,Tempestária Morka,,34486,65921,0,-1,0,0,0,0,0,0,0,0,0,0,27786,260,706,0,3,36241728,0,268435456,0,0,0,-1321907123,1427461461
54697,Mecatraje Forjado a Luz,,34489,67268,0,-1,0,0,0,0,0,0,0,0,0,0,27792,260,706,0,3,36241728,0,268435456,0,0,0,1309324210,-1440044374
54698,Estilhaçando lanças,,34490,67252,0,-1,0,0,0,0,0,0,0,0,0,0,28051,109,691,0,3,34144512,8192,268435456,51722,0,0,-1321907123,1427461461
54699,Engenharia Gnômica Clássica,,34491,67268,0,-1,0,0,0,0,0,0,0,0,0,0,27793,260,706,0,3,36241728,0,268435456,0,0,0,1309324210,-1440044374
54700,Tomás Pesares,,34492,67268,0,-1,0,0,0,0,0,0,0,0,0,0,27795,260,706,0,3,36241728,0,268435456,0,0,0,1309324210,-1440044374
54701,A ira do ravassauro,,34493,65921,0,-1,0,0,0,0,0,0,0,0,0,0,27811,259,706,0,3,36241664,0,268435456,0,0,0,1309324210,-1440044374
54707,Cercotron,,34498,67268,0,-1,0,0,0,0,0,0,0,0,0,0,27796,260,706,0,3,36241728,0,268435456,0,0,0,1309324210,-1440044374
54711,Zilá Alicateira e Grisvaldo,,34502,67265,0,-1,0,0,0,0,0,0,0,0,0,0,27798,260,706,0,3,36241728,0,268435456,0,0,0,1309324210,-1440044374
54712,Componentes de feitiço,,34503,65921,0,-1,0,0,0,0,0,0,0,0,0,0,27811,259,706,0,3,36241664,0,268435456,0,0,0,-1321907123,1427461461
54714,Tracking Quest,,34505,0,0,-1,0,0,0,0,0,0,0,0,0,0,0,0,0,0,3,33621256,0,0,0,0,0,-1,-1
54715,Tracking Quest,,34506,0,0,-1,0,0,0,0,0,0,0,0,0,0,0,0,0,0,3,33621256,0,0,0,0,0,-1,-1
54716,Tracking Quest,,34507,0,0,-1,0,0,0,0,0,0,0,0,0,0,0,0,0,0,3,33621256,0,0,0,0,0,-1,-1
54717,Tracking Quest,,34508,0,0,-1,0,0,0,0,0,0,0,0,0,0,0,0,0,0,3,33621256,0,0,0,0,0,-1,-1
54718,Tracking Quest,,34509,0,0,-1,0,0,0,0,0,0,0,0,0,0,0,0,0,0,3,33621256,0,0,0,0,0,-1,-1
54719,Worgen na mina,,34510,67254,0,-1,0,0,0,0,0,0,0,0,0,0,28049,109,691,0,3,34144512,0,268435456,51722,0,0,1309324210,-1440044374
54720,Tracking Quest,,34511,0,0,-1,0,0,0,0,0,0,0,0,0,0,0,0,0,0,3,33621256,0,0,0,0,0,-1,-1
54722,Virando a maré,,34513,67254,0,-1,0,0,0,0,0,0,0,0,0,0,28050,109,691,0,3,36241664,0,268435456,51722,0,0,1309324210,-1440044374
54724,Acabando com Bosquenero,,34515,67254,0,-1,0,0,0,0,0,0,0,0,0,0,28051,109,691,0,3,34144512,0,268435456,51722,0,0,1309324210,-1440044374
54736,Profane o fogo!,,34527,9484,0,-1,0,0,0,0,0,0,0,0,0,0,0,0,394,0,0,0,0,512,0,0,0,1309324210,-1440044374
54737,Reverencie a chama,,34528,9484,0,-1,0,0,0,0,0,0,0,0,0,0,0,0,394,0,0,0,0,512,0,0,0,-1321907123,1427461461
54739,Profane o fogo!,,34530,9484,0,-1,0,0,0,0,0,0,0,0,0,0,0,0,394,0,0,0,0,512,0,0,0,1309324210,-1440044374
54741,Reverencie a chama,,34532,9484,0,-1,0,0,0,0,0,0,0,0,0,0,0,0,394,0,0,0,0,512,0,0,0,-1321907123,1427461461
54742,Profane o fogo!,,34533,9484,0,-1,0,0,0,0,0,0,0,0,0,0,0,0,394,0,0,0,0,512,0,0,0,1309324210,-1440044374
54743,Reverencie a chama,,34534,9484,0,-1,0,0,0,0,0,0,0,0,0,0,0,0,394,0,0,0,0,512,0,0,0,-1321907123,1427461461
54744,Profane o fogo!,,34535,9484,0,-1,0,0,0,0,0,0,0,0,0,0,0,0,394,0,0,0,0,512,0,0,0,-1321907123,1427461461
54745,Reverencie a chama,,34536,9484,0,-1,0,0,0,0,0,0,0,0,0,0,0,0,394,0,0,0,0,512,0,0,0,1309324210,-1440044374
54746,Profane o fogo!,,34537,9484,0,-1,0,0,0,0,0,0,0,0,0,0,0,0,394,0,0,0,0,512,0,0,0,-1321907123,1427461461
54747,Reverencie a chama,,34538,9484,0,-1,0,0,0,0,0,0,0,0,0,0,0,0,394,0,0,0,0,512,0,0,0,1309324210,-1440044374
54749,Profane o fogo!,,34540,9484,0,-1,0,0,0,0,0,0,0,0,0,0,0,0,394,0,0,0,0,512,0,0,0,-1321907123,1427461461
54750,Reverencie a chama,,34541,9484,0,-1,0,0,0,0,0,0,0,0,0,0,0,0,394,0,0,0,0,512,0,0,0,1309324210,-1440044374
54769,Tracking Quest,,34558,0,0,-1,0,0,0,0,0,0,0,0,0,0,0,0,0,0,3,33621256,0,0,0,0,0,-1,-1
54771,Tracking Quest,,34560,0,0,-1,0,0,0,0,0,0,0,0,0,0,0,0,0,0,3,33621256,0,0,0,0,0,-1,-1
54772,Tracking Quest,,34561,0,0,-1,0,0,0,0,0,0,0,0,0,0,0,0,0,0,3,33621256,0,0,0,0,0,-1,-1
54773,Tracking Quest,,34562,0,0,-1,0,0,0,0,0,0,0,0,0,0,0,0,0,0,3,33621256,0,0,0,0,0,-1,-1
54774,Tracking Quest,,34563,0,0,-1,0,0,0,0,0,0,0,0,0,0,0,0,0,0,3,33621256,0,0,0,0,0,-1,-1
54775,Tracking Quest,,34564,0,0,-1,0,0,0,0,0,0,0,0,0,0,0,0,0,0,3,33621256,0,0,0,0,0,-1,-1
54776,Tracking Quest,,34565,0,0,-1,0,0,0,0,0,0,0,0,0,0,0,0,0,0,3,33621256,0,0,0,0,0,-1,-1
54777,Tracking Quest,,34566,0,0,-1,0,0,0,0,0,0,0,0,0,0,0,0,0,0,3,35718408,0,0,0,0,0,-1,-1
54778,Tracking Quest,,34567,0,0,-1,0,0,0,0,0,0,0,0,0,0,0,0,0,0,3,35718408,0,0,0,0,0,-1,-1
54779,Tracking Quest,,34568,0,0,-1,0,0,0,0,0,0,0,0,0,0,0,0,0,0,3,33621256,0,0,0,0,0,-1,-1
54780,Tracking Quest,,34569,0,0,-1,0,0,0,0,0,0,0,0,0,0,0,0,0,0,3,33621256,0,0,0,0,0,-1,-1
54781,O que tem pro almoço?,,34570,147656,0,-1,65536,0,0,0,0,0,0,0,0,0,0,0,4311,0,2,39846144,8192,268435976,91931,0,0,-1,-1
54782,Tracking Quest,,34571,0,0,-1,0,0,0,0,0,0,0,0,0,0,0,0,0,0,3,33621256,0,0,0,0,0,1309324210,-1440044374
54784,Libertação de Bosquenero,,34574,67252,0,-1,0,0,0,0,0,0,0,0,0,0,28047,109,691,0,3,34144512,8192,268435456,51722,0,0,-1321907123,1427461461
54786,Detenha os carregamentos,,34576,67034,0,-1,0,0,0,0,0,0,0,0,0,0,27919,259,706,0,3,40435968,8192,268435456,0,0,0,-1321907123,1427461461
54788,Hydrath,,34578,67254,0,-1,0,0,0,0,0,0,0,0,0,0,27924,136,691,0,3,37290240,0,268435456,51722,0,0,1309324210,-1440044374
54789,Cyclarus,,34579,67254,0,-1,0,0,0,0,0,0,0,0,0,0,27925,136,691,0,3,37290240,0,268435456,51722,0,0,1309324210,-1440044374
54790,Conflagros,,34580,67254,0,-1,0,0,0,0,0,0,0,0,0,0,27926,136,691,0,3,37290240,0,268435456,51722,0,0,1309324210,-1440044374
54791,Granokk,,34581,67254,0,-1,0,0,0,0,0,0,0,0,0,0,27927,136,691,0,3,37290240,0,268435456,51722,0,0,1309324210,-1440044374
54792,Onu,,34582,67254,0,-1,0,0,0,0,0,0,0,0,0,0,27928,136,691,0,3,37290240,0,268435456,51722,0,0,1309324210,-1440044374
54793,Athrikus Narassin,,34583,67254,0,-1,0,0,0,0,0,0,0,0,0,0,27929,136,691,0,3,37290240,0,268435456,51722,0,0,1309324210,-1440044374
54794,"Soggoth, o Rastejante",,34584,67254,0,-1,0,0,0,0,0,0,0,0,0,0,27930,136,691,0,3,37290240,0,268435456,51722,0,0,1309324210,-1440044374
54795,Aman,,34585,67254,0,-1,0,0,0,0,0,0,0,0,0,0,27931,136,691,0,3,37290240,0,268435456,51722,0,0,1309324210,-1440044374
54796,Esfacestilha,,34586,67254,0,-1,0,0,0,0,0,0,0,0,0,0,27932,136,691,0,3,37290240,0,268435456,51722,0,0,1309324210,-1440044374
54797,Alash'anir,,34587,67254,0,-1,0,0,0,0,0,0,0,0,0,0,27933,136,691,0,3,37290240,0,268435456,51722,0,0,1309324210,-1440044374
54798,Penaloca,,34588,67254,0,-1,0,0,0,0,0,0,0,0,0,0,27935,135,691,0,3,37290304,0,268435456,51722,0,0,1309324210,-1440044374
54799,Gren Pelo Rasgado,,34589,67254,0,-1,0,0,0,0,0,0,0,0,0,0,27936,135,691,0,3,37290304,0,268435456,51722,0,0,1309324210,-1440044374
54800,Profeta do Crepúsculo Graeme,,34590,67254,0,-1,0,0,0,0,0,0,0,0,0,0,27937,135,691,0,3,37290304,0,268435456,51722,0,0,1309324210,-1440044374
54801,Cinge-rocha Ssra'Vess,,34591,67254,0,-1,0,0,0,0,0,0,0,0,0,0,27938,135,691,0,3,37290304,0,268435456,51722,0,0,1309324210,-1440044374
54802,Mrggr'marr,,34592,67254,0,-1,0,0,0,0,0,0,0,0,0,0,27939,135,691,0,3,37290304,0,268435456,51722,0,0,1309324210,-1440044374
54803,Espinalume,,34593,67254,0,-1,0,0,0,0,0,0,0,0,0,0,27940,135,691,0,3,37290304,0,268435456,51722,0,0,1309324210,-1440044374
54804,Glrglrr,,34594,67254,0,-1,0,0,0,0,0,0,0,0,0,0,27941,135,691,0,3,37290304,0,268435456,51722,0,0,1309324210,-1440044374
54805,Escamorrenda,,34595,67254,0,-1,0,0,0,0,0,0,0,0,0,0,27942,135,691,0,3,37290304,0,268435456,51722,0,0,1309324210,-1440044374
54806,Comandante Ral'esh,,34596,67254,0,-1,0,0,0,0,0,0,0,0,0,0,27943,135,691,0,3,37290304,0,268435456,51722,0,0,1309324210,-1440044374
54807,Sapadora Odete,,34597,67254,0,-1,0,0,0,0,0,0,0,0,0,0,27944,135,691,0,3,37290304,0,268435456,51722,0,0,1309324210,-1440044374
54808,Thelar Raioluna,,34598,67254,0,-1,0,0,0,0,0,0,0,0,0,0,27945,135,691,0,3,37290304,0,268435456,51722,0,0,1309324210,-1440044374
54809,Athil Fogorvalha,,34599,67254,0,-1,0,0,0,0,0,0,0,0,0,0,27946,135,691,0,3,37290304,0,268435456,51722,0,0,1309324210,-1440044374
54810,Chifrerino,,34600,67254,0,-1,0,0,0,0,0,0,0,0,0,0,27947,135,691,0,3,37290304,0,268435456,51722,0,0,1309324210,-1440044374
54811,Patanegra,,34601,67254,0,-1,0,0,0,0,0,0,0,0,0,0,27948,135,691,0,3,37290304,0,268435456,51722,0,0,1309324210,-1440044374
54812,Garrassombra,,34602,67254,0,-1,0,0,0,0,0,0,0,0,0,0,27949,135,691,0,3,37290304,0,268435456,51722,0,0,1309324210,-1440044374
54816,Hydrath,,34603,67252,0,-1,0,0,0,0,0,0,0,0,0,0,27924,136,691,0,3,37290240,0,268435456,51722,0,0,-1321907123,1427461461
54817,Cyclarus,,34604,67252,0,-1,0,0,0,0,0,0,0,0,0,0,27925,136,691,0,3,37290240,0,268435456,51722,0,0,-1321907123,1427461461
54818,Conflagros,,34605,67252,0,-1,0,0,0,0,0,0,0,0,0,0,27926,136,691,0,3,37290240,0,268435456,51722,0,0,-1321907123,1427461461
54819,Granokk,,34606,67252,0,-1,0,0,0,0,0,0,0,0,0,0,27927,136,691,0,3,37290240,0,268435456,51722,0,0,-1321907123,1427461461
54820,Zim'kara,,34607,67252,0,-1,0,0,0,0,0,0,0,0,0,0,27928,136,691,0,3,37290240,0,268435456,51722,0,0,-1321907123,1427461461
54821,Athrikus Narassin,,34608,67252,0,-1,0,0,0,0,0,0,0,0,0,0,27929,136,691,0,3,37290240,0,268435456,51722,0,0,-1321907123,1427461461
54822,"Soggoth, o Rastejante",,34609,67252,0,-1,0,0,0,0,0,0,0,0,0,0,27930,136,691,0,3,37290240,0,268435456,51722,0,0,-1321907123,1427461461
54823,Aman,,34610,67252,0,-1,0,0,0,0,0,0,0,0,0,0,27931,136,691,0,3,37290240,0,268435456,51722,0,0,-1321907123,1427461461
54824,Esfacestilha,,34611,67252,0,-1,0,0,0,0,0,0,0,0,0,0,27932,136,691,0,3,37290240,0,268435456,51722,0,0,-1321907123,1427461461
54825,Alash'anir,,34612,67252,0,-1,0,0,0,0,0,0,0,0,0,0,27933,136,691,0,3,37290240,0,268435456,51722,0,0,-1321907123,1427461461
54826,Penaloca,,34613,67252,0,-1,0,0,0,0,0,0,0,0,0,0,27935,135,691,0,3,37290304,0,268435456,51722,0,0,-1321907123,1427461461
54827,Gren Pelo Rasgado,,34614,67252,0,-1,0,0,0,0,0,0,0,0,0,0,27936,135,691,0,3,37290304,0,268435456,51722,0,0,-1321907123,1427461461
54828,Profeta do Crepúsculo Graeme,,34615,67252,0,-1,0,0,0,0,0,0,0,0,0,0,27937,135,691,0,3,37290304,0,268435456,51722,0,0,-1321907123,1427461461
54829,Cinge-rocha Ssra'Vess,,34616,67252,0,-1,0,0,0,0,0,0,0,0,0,0,27938,135,691,0,3,37290304,0,268435456,51722,0,0,-1321907123,1427461461
54830,Mrggr'marr,,34617,67252,0,-1,0,0,0,0,0,0,0,0,0,0,27939,135,691,0,3,37290304,0,268435456,51722,0,0,-1321907123,1427461461
54831,Espinalume,,34618,67252,0,-1,0,0,0,0,0,0,0,0,0,0,27940,135,691,0,3,37290304,0,268435456,51722,0,0,-1321907123,1427461461
54832,Glrglrr,,34619,67252,0,-1,0,0,0,0,0,0,0,0,0,0,27941,135,691,0,3,37290304,0,268435456,51722,0,0,-1321907123,1427461461
54833,Escamorrenda,,34620,67252,0,-1,0,0,0,0,0,0,0,0,0,0,27942,135,691,0,3,37290304,0,268435456,51722,0,0,-1321907123,1427461461
54834,Comandante Ral'esh,,34621,67252,0,-1,0,0,0,0,0,0,0,0,0,0,27943,135,691,0,3,37290304,0,268435456,51722,0,0,-1321907123,1427461461
54835,"Moxo, o Decapitador",,34622,67252,0,-1,0,0,0,0,0,0,0,0,0,0,27944,135,691,0,3,37290304,0,268435456,51722,0,0,-1321907123,1427461461
54836,Comandante Drald,,34623,67252,0,-1,0,0,0,0,0,0,0,0,0,0,27945,135,691,0,3,37290304,0,268435456,51722,0,0,-1321907123,1427461461
54837,Queimatador V5,,34624,67252,0,-1,0,0,0,0,0,0,0,0,0,0,27946,135,691,0,3,37290304,0,268435456,51722,0,0,-1321907123,1427461461
54838,Croz Fúria Sanguinária,,34625,67252,0,-1,0,0,0,0,0,0,0,0,0,0,27947,135,691,0,3,37290304,0,268435456,51722,0,0,-1321907123,1427461461
54839,Nosso por direito,,34626,65921,0,-1,0,0,0,0,0,0,0,0,0,0,27950,260,706,0,3,40436032,8192,268435456,0,0,0,-1321907123,1427461461
54840,Ágata Bosque da Serpe,,34627,67252,0,-1,0,0,0,0,0,0,0,0,0,0,27948,135,691,0,3,37290304,0,268435456,51722,0,0,-1321907123,1427461461
54841,Orvaldo Estevez,,34628,67252,0,-1,0,0,0,0,0,0,0,0,0,0,27949,135,691,0,3,37290304,0,268435456,51722,0,0,-1321907123,1427461461
54856,Bandoleiros de Borraquilha,,34638,67252,0,-1,0,0,0,0,0,0,0,0,0,0,28049,109,691,0,3,34144512,0,268435456,51722,0,0,-1321907123,1427461461
54857,Virando a maré,,34639,67252,0,-1,0,0,0,0,0,0,0,0,0,0,28050,109,691,0,3,36241664,0,268435456,51722,0,0,-1321907123,1427461461
54858,Glaives consequências,,34640,67252,0,-1,0,0,0,0,0,0,0,0,0,0,28048,109,691,0,3,40435968,0,268435456,51722,0,0,-1321907123,1427461461
54895,"Ivus, o Decrépito",,34676,67252,0,-1,0,0,0,0,0,0,0,0,0,0,0,112,691,0,3,37290304,0,268435456,51722,0,0,-1321907123,1427461461
54896,"Ivus, o Senhor da Floresta",,34677,67254,0,-1,0,0,0,0,0,0,0,0,0,0,0,112,691,0,3,37290304,0,268435456,51722,0,0,1309324210,-1440044374
54949,Mais bocas para alimentar,,34725,70829,0,-1,0,0,0,0,0,0,0,0,0,166905,29155,266,690,0,2,37880064,40960,268435968,0,0,0,-1321907123,1427461461
54965,Robôs fatiados,,34741,67818,0,-1,0,0,0,0,0,0,0,0,0,0,0,0,7209,0,2,36700416,32768,268435968,55736,0,0,-1,-1
55032,Resistência livre,,34788,70829,0,-1,0,0,0,0,0,0,0,0,0,0,29156,266,690,0,2,37880064,40960,268435968,0,0,0,-1321907123,1427461461
55215,O ciclo da vida,,34953,55564,0,-1,0,0,0,0,0,0,0,0,0,0,28301,152,464,0,3,-2110193408,0,268435456,0,0,0,-1,-1
55264,Caligrafia,,34999,55564,0,-1,0,0,0,0,0,0,0,0,0,0,28332,152,464,0,3,-2110193408,0,268435456,0,0,0,-1321907123,1427461461
55300,O ciclo da vida,,35018,55564,0,-1,0,0,0,0,0,0,0,0,0,0,28352,152,464,0,3,-2110193408,0,268435456,0,0,0,-1,-1
55301,O ciclo da vida,,35019,55564,0,-1,0,0,0,0,0,0,0,0,0,0,28353,152,464,0,3,-2110193408,0,268435456,0,0,0,-1,-1
55302,O ciclo da vida,,35020,55564,0,-1,0,0,0,0,0,0,0,0,0,0,28354,152,464,0,3,-2110193408,0,268435456,0,0,0,-1,-1
55303,O ciclo da vida,,35021,55564,0,-1,0,0,0,0,0,0,0,0,0,0,28355,152,464,0,3,-2110193408,0,268435456,0,0,0,-1,-1
55304,O ciclo da vida,,35022,55564,0,-1,0,0,0,0,0,0,0,0,0,0,28356,152,464,0,3,-2110193408,0,268435456,0,0,0,-1,-1
55340,Caligrafia,,35057,55564,0,-1,0,0,0,0,0,0,0,0,0,0,28368,152,464,0,3,-2110193408,0,268435456,0,0,0,-1321907123,1427461461
55341,Caligrafia,,35058,55564,0,-1,0,0,0,0,0,0,0,0,0,0,28369,152,464,0,3,-2110193408,0,268435456,0,0,0,-1321907123,1427461461
55342,Caligrafia,,35059,55564,0,-1,0,0,0,0,0,0,0,0,0,0,28368,152,464,0,3,-2110193408,0,268435456,0,0,0,1309324210,-1440044374
55343,Caligrafia,,35060,55564,0,-1,0,0,0,0,0,0,0,0,0,0,28332,152,464,0,3,-2110193408,0,268435456,0,0,0,1309324210,-1440044374
55344,Caligrafia,,35061,55564,0,-1,0,0,0,0,0,0,0,0,0,0,28369,152,464,0,3,-2110193408,0,268435456,0,0,0,1309324210,-1440044374
55350,Ataque: avanço Amatet,Fale novamente com o Alto-comandante Kamsés em Ramkahen.,35065,75566,0,-1,0,0,0,0,0,0,0,0,0,0,30233,268,703,0,3,36176128,524288,268435458,0,0,0,-1,-1
55354,O front Vir'nall,,35068,77117,0,-1,0,0,0,0,0,0,0,0,0,0,31039,109,703,0,3,36241408,524288,268447744,55349,0,0,-1,-1
55355,Campo de Treinamento Levegume,,35069,77117,0,-1,0,0,0,0,0,0,0,0,0,0,31038,109,703,0,3,36241408,524288,268447744,55349,0,0,-1,-1
55356,Sinalizador do Rei Sol,,35070,77117,0,-1,0,0,0,0,0,0,0,0,0,0,31032,109,703,0,3,36241408,524288,268447744,0,0,0,-1,-1
55357,Sinalizador do Rei Sol,,35071,77117,0,-1,0,0,0,0,0,0,0,0,0,0,31033,109,703,0,3,36241408,524288,268447744,55349,0,0,-1,-1
55358,Sinalizador do Rei Sol,,35072,77117,0,-1,0,0,0,0,0,0,0,0,0,0,31034,109,703,0,3,36241408,524288,268447744,55349,0,0,-1,-1
55359,Ritual de ascendência,,35073,77117,0,-1,0,0,0,0,0,0,0,0,0,0,31035,109,703,0,3,36241408,524288,268447744,55349,0,0,-1,-1
55360,A tumba deslacrada,,35074,77117,0,-1,0,0,0,0,0,0,0,0,0,0,31036,109,703,0,3,36241408,524288,268447744,55349,0,0,-1,-1
55361,O xamã perdido,,35075,0,0,-1,0,0,0,0,0,0,0,0,0,0,0,0,690,0,2,38928384,8192,268435968,56350,0,0,-1321907123,1427461461
55362,Fúria elemental,,35076,0,0,-1,0,0,0,0,0,0,0,0,0,167748,0,0,690,0,2,306315264,8192,268435968,55361,0,0,-1321907123,1427461461
55363,O resgate do clarividente,,35077,0,0,-1,0,0,0,0,0,0,0,0,0,0,0,0,690,0,2,39976960,8192,268435968,55361,0,0,-1321907123,1427461461
55466,"Vuk'laz, o Rompe-terra",,35180,75790,0,-1,0,0,0,0,0,0,0,0,0,0,30713,112,703,0,3,37290304,0,268435456,55349,0,0,-1,-1
55625,Pérolas de poder inimaginável,,35322,70830,0,-1,0,0,0,0,0,0,0,0,0,0,29157,266,690,0,2,37880064,40960,268435968,0,0,0,-1321907123,1427461461
55629,Vignette - Kaneb-ti,,35326,0,0,-1,0,0,0,0,0,0,0,0,0,0,0,0,0,0,3,33559552,0,0,0,0,0,-1,-1
55633,O baú afundado,,35330,70828,0,-1,0,0,0,0,0,0,0,0,0,0,29158,266,690,0,2,37880064,40960,268435968,0,0,0,-1321907123,1427461461
55636,O trabalho de uma vida,,35331,70830,0,-1,0,0,0,0,0,0,0,0,0,0,29159,266,690,0,2,39846144,40960,268435968,0,0,0,-1321907123,1427461461
55637,Pobres almas desafortunadas,,35332,70828,0,-1,0,0,0,0,0,0,0,0,0,0,29160,266,690,0,2,37748992,40960,268435968,0,0,0,-1321907123,1427461461
55638,Preparando um vinho de algarola,,35333,71080,0,-1,0,0,0,0,0,0,0,0,0,0,29247,266,690,0,2,37749000,40960,268435968,0,0,0,1309324210,-1440044374
55640,Visão de Ventobravo,,35335,0,0,-1,0,0,0,0,0,0,0,0,0,0,3785,135,737,0,3,67731456,0,268435456,0,0,0,-1,-1
55659,Relíquias da Cisão,,35351,70829,0,-1,0,0,0,0,0,0,0,0,0,0,29161,266,690,0,2,37748992,40960,268435968,0,0,0,-1321907123,1427461461
55661,Peçonha contra peçonha,,35353,71080,0,-1,0,0,0,0,0,0,0,0,0,0,29248,266,690,0,2,4325640,40960,268435968,0,0,0,1309324210,-1440044374
55662,Baú Arcano,,35354,70829,0,-1,0,0,0,0,0,0,0,0,0,0,29162,266,690,0,2,37748992,40960,268435968,0,0,0,-1321907123,1427461461
55663,Controlador defeituoso,,35355,71080,0,-1,0,0,0,0,0,0,0,0,0,0,29249,266,690,0,2,37749000,40960,268435968,0,0,0,1309324210,-1440044374
55664,Abalo de moral,,35356,71082,0,-1,0,0,0,0,0,0,0,0,0,0,29250,266,690,0,2,33554696,32768,268435968,0,0,0,1309324210,-1440044374
55665,O jardim sombrio,,35357,71081,0,-1,0,0,0,0,0,0,0,0,0,0,29251,266,690,0,2,36700424,32768,268435968,0,0,0,1309324210,-1440044374
55670,Frota de Ataque Amatet,,35362,77117,0,-1,0,0,0,0,0,0,0,0,0,0,31037,109,703,0,3,36241408,532480,268447744,55349,0,0,-1,-1
55681,Caranguejo que bem te vejo,,35375,70828,0,-1,0,0,0,0,0,0,0,0,0,0,29163,266,690,0,2,37814528,40960,268435968,0,0,0,-1321907123,1427461461
55683,Diário de uma mente sem lembranças,,35377,70830,0,-1,0,0,0,0,0,0,0,0,0,0,29164,266,690,0,2,37748992,40960,268435968,0,0,0,-1321907123,1427461461
55695,Cheirinho de montaria nova,,35387,70583,0,-1,1,0,0,0,0,0,0,0,0,0,0,0,7209,0,2,39850240,40960,268435968,55736,54929,0,-1,-1
55701,Garras de dracolisco,,35393,70829,0,-1,0,0,0,0,0,0,0,0,0,0,29165,266,690,0,2,39846144,40960,268435968,0,0,0,-1321907123,1427461461
55714,Baú do Caos,,35401,70830,0,-1,0,0,0,0,0,0,0,0,0,0,29166,266,690,0,2,37748992,40960,268435968,0,0,0,-1321907123,1427461461
55715,Alimento para todos,,35402,71081,0,-1,0,0,0,0,0,0,0,0,0,168253,29252,266,690,0,2,37749000,40960,268435968,0,0,0,1309324210,-1440044374
55716,Vignette - Uat-ka the Sun's Wrath,,35403,0,0,-1,0,0,0,0,0,0,0,0,0,0,0,0,0,0,3,33559560,0,0,0,0,0,-1,-1
55728,Baú Reforçado,,35415,70828,0,-1,0,0,0,0,0,0,0,0,0,0,29167,266,690,0,2,37748992,40960,268435968,0,0,0,-1321907123,1427461461
55750,PROCURA-SE: Lady Naz'jess,,35432,70828,0,-1,0,0,0,0,0,0,0,0,0,0,29168,266,690,0,2,37748992,40960,268435968,0,0,0,-1321907123,1427461461
55751,O Coração da Água,,35433,71081,0,-1,0,0,0,0,0,0,0,0,0,0,29253,266,690,0,2,33554696,32768,268435968,0,0,0,1309324210,-1440044374
55766,Conchas para compra,,35448,71081,0,-1,0,0,0,0,0,0,0,0,0,0,29254,266,690,0,2,33554696,32768,268435968,0,0,0,1309324210,-1440044374
55767,Desorientação,,35449,71081,0,-1,0,0,0,0,0,0,0,0,0,0,29255,266,690,0,2,39846152,40960,268435968,0,0,0,1309324210,-1440044374
55768,Algas marinhas emergentes,,35450,71080,0,-1,0,0,0,0,0,0,0,0,0,0,29256,266,690,0,2,33554696,32768,268435968,0,0,0,1309324210,-1440044374
55770,PROCURA-SE: Comandante Sarj'eth,,35452,70830,0,-1,0,0,0,0,0,0,0,0,0,0,29169,266,690,0,2,37748992,40960,268435968,0,0,0,-1321907123,1427461461
55771,PROCURA-SE: Lorde Ha'kass,,35453,70828,0,-1,0,0,0,0,0,0,0,0,0,0,29170,266,690,0,2,37748992,40960,268435968,0,0,0,-1321907123,1427461461
55772,PROCURA-SE: Lady Narjiss,,35454,70830,0,-1,0,0,0,0,0,0,0,0,0,0,29171,266,690,0,2,37748992,40960,268435968,0,0,0,-1321907123,1427461461
55773,PROCURA-SE: Gler'thogg,,35455,70828,0,-1,0,0,0,0,0,0,0,0,0,0,29172,266,690,0,2,37748992,40960,268435968,0,0,0,-1321907123,1427461461
55774,PROCURA-SE: Inquisidor Ithriza,,35456,70830,0,-1,0,0,0,0,0,0,0,0,0,0,29173,266,690,0,2,37748992,40960,268435968,0,0,0,-1321907123,1427461461
55775,PROCURA-SE: Haggronar,,35457,70829,0,-1,0,0,0,0,0,0,0,0,0,0,29174,266,690,0,2,37748992,40960,268435968,0,0,0,-1321907123,1427461461
55776,PROCURA-SE: Emorneth,,35458,70829,0,-1,0,0,0,0,0,0,0,0,0,0,29175,266,690,0,2,37748992,40960,268435968,0,0,0,-1321907123,1427461461
55777,PROCURA-SE: Bráxicus,,35459,70829,0,-1,0,0,0,0,0,0,0,0,0,0,29176,266,690,0,2,37748992,40960,268435968,0,0,0,-1321907123,1427461461
55813,Mire para o alto,,35495,70584,0,-1,0,0,0,0,0,0,0,0,0,169279,0,0,7209,0,2,37753088,40960,268435968,55736,0,0,-1,-1
55845,Planos de Ataque,,35526,70828,0,-1,0,0,0,0,0,0,0,0,0,168396,29177,266,690,0,2,37748992,40960,268435968,0,0,0,-1321907123,1427461461
55846,Rituais proibidos,,35527,70830,0,-1,0,0,0,0,0,0,0,0,0,0,29178,266,690,0,2,37748992,40960,268435968,0,0,0,-1321907123,1427461461
55871,Reunindo os amigos,,35552,71081,0,-1,0,0,0,0,0,0,0,0,0,168407,29257,266,690,0,2,37749000,40960,268435968,0,0,0,1309324210,-1440044374
55872,Onde eles se escondem,,35553,71082,0,-1,0,0,0,0,0,0,0,0,0,168432,29258,266,690,0,2,37749000,40960,268435968,0,0,0,1309324210,-1440044374
55873,Mate o Kritch,,35554,71080,0,-1,0,0,0,0,0,0,0,0,0,0,29259,266,690,0,2,37749000,40960,268435968,0,0,0,1309324210,-1440044374
55874,Tampe os gêiseres,,35555,71082,0,-1,0,0,0,0,0,0,0,0,0,168482,29261,266,690,0,2,37749000,40960,268435968,0,0,0,1309324210,-1440044374
55875,Tampe os gêiseres,,35556,71082,0,-1,0,0,0,0,0,0,0,0,0,168482,29262,266,690,0,2,37880072,40960,268435968,0,0,0,1309324210,-1440044374
55876,Tampe os gêiseres,,35557,71082,0,-1,0,0,0,0,0,0,0,0,0,168482,29263,266,690,0,2,37749000,40960,268435968,0,0,0,1309324210,-1440044374
55877,Tampe os gêiseres,,35558,71082,0,-1,0,0,0,0,0,0,0,0,0,168482,29264,266,690,0,2,37749000,40960,268435968,0,0,0,1309324210,-1440044374
55878,Tampe os gêiseres,,35559,71082,0,-1,0,0,0,0,0,0,0,0,0,168482,29265,266,690,0,2,37880072,40960,268435968,0,0,0,1309324210,-1440044374
55883,Planar como uma raia,,35564,71081,0,-1,0,0,0,0,0,0,0,0,0,168425,29266,266,690,0,2,37749000,40960,268435968,0,0,0,1309324210,-1440044374
55884,Infestação de loucura,,35565,70076,0,-1,0,0,0,0,0,0,0,0,0,0,28750,109,690,0,3,34144512,8192,268435456,0,0,0,-1,-1
55886,O Brutalizador Zanj'ir,,35567,70076,0,-1,0,0,0,0,0,0,0,0,0,0,28754,135,690,0,3,37290240,0,268435456,0,0,0,-1,-1
55887,"Campeã Alzana, Flecha do Trovão",,35568,70076,0,-1,0,0,0,0,0,0,0,0,0,0,28760,136,690,0,3,37290240,0,268435456,0,0,0,-1,-1
55888,"Campeã Qalina, Lança de Gelo",,35569,70076,0,-1,0,0,0,0,0,0,0,0,0,0,28759,136,690,0,3,37290240,0,268435456,0,0,0,-1,-1
55889,"Campeão Kyx'zhul, o Abissonante",,35570,70076,0,-1,0,0,0,0,0,0,0,0,0,0,28758,136,690,0,3,37290240,0,268435456,0,0,0,-1,-1
55890,"Campeão Vyz'olgo, o Toma-mentes",,35571,70076,0,-1,0,0,0,0,0,0,0,0,0,0,28757,136,690,0,3,37290240,0,268435456,0,0,0,-1,-1
55891,"Campeão Aldrantiss, Defensor de Seu Reinado",,35572,70076,0,-1,0,0,0,0,0,0,0,0,0,0,28756,136,690,0,3,37290240,0,268435456,0,0,0,-1,-1
55892,"Campeão Eldanar, Protetor de Sua Glória",,35573,70076,0,-1,0,0,0,0,0,0,0,0,0,0,28755,136,690,0,3,37290240,0,268435456,0,0,0,-1,-1
55893,"Azanz, o Sibilâmina",,35574,70076,0,-1,0,0,0,0,0,0,0,0,0,0,28768,135,690,0,3,37290240,0,268435456,0,0,0,-1,-1
55894,"Zoko, Seu Defensor de Ferro",,35575,70076,0,-1,0,0,0,0,0,0,0,0,0,0,28767,135,690,0,3,37290240,0,268435456,0,0,0,-1,-1
55895,Ventos Congelados de Zhiela,,35576,70076,0,-1,0,0,0,0,0,0,0,0,0,0,28766,135,690,0,3,37290240,0,268435456,0,0,0,-1,-1
55896,"Undana, Assassina Gélida",,35577,70076,0,-1,0,0,0,0,0,0,0,0,0,0,28765,135,690,0,3,37290240,0,268435456,0,0,0,-1,-1
55897,"Szun, Domador de Escravos",,35578,70076,0,-1,0,0,0,0,0,0,0,0,0,0,28764,135,690,0,3,37290240,0,268435456,0,0,0,-1,-1
55898,Mensageira da Tormenta Shalan'ali,,35579,70076,0,-1,0,0,0,0,0,0,0,0,0,0,28763,135,690,0,3,37290240,0,268435456,0,0,0,-1,-1
55899,Mirestela de Shirakess,,35580,70076,0,-1,0,0,0,0,0,0,0,0,0,0,28762,135,690,0,3,37290240,0,268435456,0,0,0,-1,-1
55900,"Kassar, Portador de Lâminas Sombrias",,35581,70076,0,-1,0,0,0,0,0,0,0,0,0,0,28761,135,690,0,3,37290240,0,268435456,0,0,0,-1,-1
55901,Rebelião Ferrúgia,,35582,70022,0,-1,131073,0,0,0,0,0,0,0,0,0,28998,109,7209,0,3,40436032,8192,268435456,56131,55623,0,-1,-1
55970,Atrito,,35649,70076,0,-1,0,0,0,0,0,0,0,0,0,0,28843,109,690,0,3,34144512,0,268435456,0,0,0,-1,-1
55973,Experimentos Espiralfunda,,35650,70076,0,-1,0,0,0,0,0,0,0,0,0,168634,28845,109,690,0,3,34144512,0,268435456,0,0,0,-1,-1
55980,Escama que gama,,35656,71082,0,-1,0,0,0,0,0,0,0,0,0,0,29267,266,690,0,2,33554696,32768,268435968,0,0,0,1309324210,-1440044374
55982,Os senhores da água,,35658,70076,0,-1,0,0,0,0,0,0,0,0,0,0,28867,109,690,0,3,34144512,0,268435456,0,0,0,-1,-1
55984,Uma boa ofensiva,,35660,69973,0,-1,0,0,0,0,0,0,0,0,0,0,29268,266,690,0,2,38797576,40960,268435968,0,0,0,1309324210,-1440044374
55985,Extra brilhosas,,35661,71080,0,-1,0,0,0,0,0,0,0,0,0,0,29269,266,690,0,2,33554696,32768,268435968,0,0,0,1309324210,-1440044374
55986,Quebrar uns ovos,,35662,71080,0,-1,0,0,0,0,0,0,0,0,0,0,29270,266,690,0,2,33554696,32768,268435968,0,0,0,1309324210,-1440044374
55993,Uma pequena vantagem,,35669,71080,0,-1,0,0,0,0,0,0,0,0,0,0,29271,266,690,0,2,33554696,32768,268435968,0,0,0,1309324210,-1440044374
55994,Não beber,,35670,70585,0,-1,131073,0,0,0,0,0,0,0,0,0,0,0,7209,0,2,40898816,40960,268435968,56328,56329,0,-1,-1
55997,"Hidras com fome, muita fome",,35673,70736,0,-1,0,0,0,0,0,0,0,0,0,0,28892,109,690,0,3,38338816,0,268435456,0,0,0,-1,-1
56000,Caranguejos na mão!,,35676,70829,0,-1,0,0,0,0,0,0,0,0,0,0,29179,266,690,0,2,37748992,40960,268435968,0,0,0,-1321907123,1427461461
56001,Murlocs muito loucos,,35677,70828,0,-1,0,0,0,0,0,0,0,0,0,0,29180,266,690,0,2,37748992,40960,268435968,0,0,0,-1321907123,1427461461
56002,Mugglrgl do Mgglurquinho,,35678,70830,0,-1,0,0,0,0,0,0,0,0,0,0,29181,266,690,0,2,37748992,40960,268435968,0,0,0,-1321907123,1427461461
56003,Debaixo de quatro runas,,35679,69938,0,-1,0,0,0,0,0,0,0,0,0,0,28898,109,690,0,3,36241664,0,268435456,0,0,0,-1,-1
56006,Debaixo de quatro runas,,35682,69938,0,-1,0,0,0,0,0,0,0,0,0,0,28901,109,690,0,3,36241664,0,268435456,0,0,0,-1,-1
56007,Debaixo de quatro runas,,35683,69938,0,-1,0,0,0,0,0,0,0,0,0,0,28903,109,690,0,3,36241664,0,268435456,0,0,0,-1,-1
56008,Debaixo de quatro runas,,35684,69938,0,-1,0,0,0,0,0,0,0,0,0,0,28899,109,690,0,3,36241664,0,268435456,0,0,0,-1,-1
56009,Debaixo de quatro runas,,35685,69938,0,-1,0,0,0,0,0,0,0,0,0,0,28900,109,690,0,3,36241664,0,268435456,0,0,0,-1,-1
56010,Debaixo de quatro runas,,35686,69938,0,-1,0,0,0,0,0,0,0,0,0,0,28902,109,690,0,3,36241664,0,268435456,0,0,0,-1,-1
56011,Debaixo de quatro runas,,35687,69938,0,-1,0,0,0,0,0,0,0,0,0,0,28905,109,690,0,3,36241664,0,268435456,0,0,0,-1,-1
56012,Debaixo de quatro runas,,35688,69938,0,-1,0,0,0,0,0,0,0,0,0,0,28909,109,690,0,3,36241664,0,268435456,0,0,0,-1,-1
56013,Debaixo de quatro runas,,35689,69938,0,-1,0,0,0,0,0,0,0,0,0,0,28906,109,690,0,3,36241664,0,268435456,0,0,0,-1,-1
56014,Debaixo de quatro runas,,35690,69938,0,-1,0,0,0,0,0,0,0,0,0,0,28907,109,690,0,3,36241664,0,268435456,0,0,0,-1,-1
56015,Debaixo de quatro runas,,35691,69938,0,-1,0,0,0,0,0,0,0,0,0,0,28904,109,690,0,3,36241664,0,268435456,0,0,0,-1,-1
56016,Debaixo de quatro runas,,35692,69938,0,-1,0,0,0,0,0,0,0,0,0,0,28908,109,690,0,3,36241664,0,268435456,0,0,0,-1,-1
56017,Debaixo de quatro runas,,35693,69938,0,-1,0,0,0,0,0,0,0,0,0,0,28911,109,690,0,3,36241664,0,268435456,0,0,0,-1,-1
56018,Debaixo de quatro runas,,35694,69938,0,-1,0,0,0,0,0,0,0,0,0,0,28915,109,690,0,3,36241664,0,268435456,0,0,0,-1,-1
56019,Debaixo de quatro runas,,35695,69938,0,-1,0,0,0,0,0,0,0,0,0,0,28912,109,690,0,3,36241664,0,268435456,0,0,0,-1,-1
56020,Debaixo de quatro runas,,35696,69938,0,-1,0,0,0,0,0,0,0,0,0,0,28913,109,690,0,3,36241664,0,268435456,0,0,0,-1,-1
56021,Debaixo de quatro runas,,35697,69938,0,-1,0,0,0,0,0,0,0,0,0,0,28910,109,690,0,3,36241664,0,268435456,0,0,0,-1,-1
56022,Debaixo de quatro runas,,35698,69938,0,-1,0,0,0,0,0,0,0,0,0,0,28914,109,690,0,3,36241664,0,268435456,0,0,0,-1,-1
56023,Debaixo de quatro meridianos,,35699,69938,0,-1,0,0,0,0,0,0,0,0,0,0,28918,109,690,0,3,34144512,0,268435456,0,0,0,-1,-1
56024,Debaixo de quatro meridianos,,35700,69938,0,-1,0,0,0,0,0,0,0,0,0,0,28917,109,690,0,3,34144512,0,268435456,0,0,0,-1,-1
56025,Debaixo de quatro meridianos,,35701,69938,0,-1,0,0,0,0,0,0,0,0,0,0,28916,109,690,0,3,34144512,0,268435456,0,0,0,-1,-1
56032,Doze condenados,,35705,70076,0,-1,0,0,0,0,0,0,0,0,0,0,28939,109,690,0,3,34144512,0,268435456,0,0,0,-1,-1
56035,Mariscos maravilhosos,,35707,71081,0,-1,0,0,0,0,0,0,0,0,0,168672,29272,266,690,0,2,37880072,40960,268435968,0,0,0,1309324210,-1440044374
56036,Situação embaçada,,35708,70076,0,-1,0,0,0,0,0,0,0,0,0,0,28938,109,690,0,3,34144512,0,268435456,0,0,0,-1,-1
56041,Concha neles,,35713,70076,0,-1,0,0,0,0,0,0,0,0,0,0,28945,109,690,0,3,38338816,0,268435456,0,0,0,-1,-1
56048,Os oráculos afogados,,35719,70076,0,-1,0,0,0,0,0,0,0,0,0,0,28949,109,690,0,3,34144512,8192,268435456,0,0,0,-1,-1
56050,Evento JxJ: Batalha por Nazjatar,,35723,71797,0,-1,0,0,0,0,0,0,0,0,0,0,28948,113,464,0,3,622912,0,268435456,0,0,0,-1,-1
56056,Terror das Profundezas,,35729,70076,0,-1,0,0,0,0,0,0,0,0,0,0,28606,112,690,0,3,34144320,0,268435456,0,0,0,-1,-1
56057,O Atalmas,,35730,70076,0,-1,0,0,0,0,0,0,0,0,0,0,28610,112,690,0,3,34144320,0,268435456,0,0,0,-1,-1
56064,Ataque: o Império Negro,Fale novamente com o Andarilho das Lendas Cho no Trono do Conhecimento.,35737,75565,0,-1,0,0,0,0,0,0,0,0,0,0,29473,268,703,0,3,34078976,524288,268435458,0,0,0,-1,-1
56074,Conduíte do Caos,,35747,77107,0,-1,0,0,0,0,0,0,0,0,0,0,31021,109,703,0,3,36241664,524288,268447744,0,0,0,-1,-1
56075,Poder roubado,,35748,71081,0,-1,0,0,0,0,0,0,0,0,0,0,29273,266,690,0,2,37749000,40960,268435968,0,0,0,1309324210,-1440044374
56076,Ritual abissal,,35749,77107,0,-1,0,0,0,0,0,0,0,0,0,0,31024,109,703,0,3,36241664,524288,268447744,0,0,0,-1,-1
56078,Krila não grila,,35751,70076,0,-1,0,0,0,0,0,0,0,0,0,0,28975,109,690,0,3,38338816,8192,268435456,0,0,0,-1,-1
56082,Incursão robótica,,35755,70582,0,-1,0,0,0,0,0,0,0,0,0,0,0,0,7209,0,2,40898816,40960,268435968,55736,0,0,-1321907123,1427461461
56083,Condições insalubres de trabalho,,35756,70582,0,-1,0,0,0,0,0,0,0,0,0,0,0,0,7209,0,2,37753088,8192,268435968,55736,0,0,1309324210,-1440044374
56090,Resistente Malte do Trovão,,35762,77107,0,-1,0,0,0,0,0,0,0,0,0,0,31025,109,703,0,3,36241664,524288,268447744,0,0,0,-1,-1
56099,Fonte de Corrupção,,35772,77107,0,-1,0,0,0,0,0,0,0,0,0,0,31026,109,703,0,3,36241664,524288,268447744,0,0,0,-1,-1
56121,Geleias saltitantes,,35793,70076,0,-1,0,0,0,0,0,0,0,0,0,0,28993,109,690,0,3,34144512,0,268435456,0,0,0,-1,-1
56131,Segurança prioritária,,35801,70252,0,-1,131073,0,0,0,0,0,0,0,0,0,28997,109,7209,0,3,40436032,8192,268435456,55736,55623,0,-1,-1
56139,Tesouros do Ferro-velho,,35809,70022,0,-1,131073,0,0,0,0,0,0,0,0,0,28874,109,7209,0,3,6881600,8256,268435456,56131,55623,0,-1,-1
56141,Segurança prioritária,,35811,70022,0,-1,131073,0,0,0,0,0,0,0,0,0,28999,109,7209,0,3,40436032,8192,268435456,56131,55623,0,-1,-1
56146,Preparando um vinho de algarola,,35333,70828,0,-1,0,0,0,0,0,0,0,0,0,0,29182,266,690,0,2,37748992,40960,268435968,0,0,0,-1321907123,1427461461
56149,Alimento para todos,,35819,70829,0,-1,0,0,0,0,0,0,0,0,0,168253,29184,266,690,0,2,37748992,40960,268435968,0,0,0,-1321907123,1427461461
56150,Mate o Kritch,,35820,70829,0,-1,0,0,0,0,0,0,0,0,0,0,29186,266,690,0,2,37748992,40960,268435968,0,0,0,-1321907123,1427461461
56151,O prato favorito do Xablau,,35963,71081,0,-1,0,0,0,0,0,0,0,0,0,0,29274,266,690,0,2,33554696,32768,268435968,0,0,0,1309324210,-1440044374
56152,Escama que gama,,35822,70829,0,-1,0,0,0,0,0,0,0,0,0,0,29193,266,690,0,2,37748992,40960,268435968,0,0,0,-1321907123,1427461461
56153,Mariscos maravilhosos,,35707,70828,0,-1,0,0,0,0,0,0,0,0,0,168672,29194,266,690,0,2,37880064,40960,268435968,0,0,0,-1321907123,1427461461
56154,Onde eles se escondem,,35824,70828,0,-1,0,0,0,0,0,0,0,0,0,168432,29185,266,690,0,2,37748992,40960,268435968,0,0,0,-1321907123,1427461461
56155,Tampe os gêiseres,,35555,70830,0,-1,0,0,0,0,0,0,0,0,0,168482,29187,266,690,0,2,37748992,40960,268435968,0,0,0,-1321907123,1427461461
56156,Uma lâmina temperada,,35826,0,0,-1,0,0,0,0,0,0,0,0,0,0,0,0,690,0,2,40894464,8192,268435968,55363,0,0,-1321907123,1427461461
56157,Tampe os gêiseres,,35556,70830,0,-1,0,0,0,0,0,0,0,0,0,168482,29188,266,690,0,2,37880064,40960,268435968,0,0,0,-1321907123,1427461461
56158,Tampe os gêiseres,,35557,70830,0,-1,0,0,0,0,0,0,0,0,0,168482,29189,266,690,0,2,37748992,40960,268435968,0,0,0,-1321907123,1427461461
56159,Tampe os gêiseres,,35558,70830,0,-1,0,0,0,0,0,0,0,0,0,168482,29190,266,690,0,2,37748992,40960,268435968,0,0,0,-1321907123,1427461461
56160,Tampe os gêiseres,,35559,70828,0,-1,0,0,0,0,0,0,0,0,0,168482,29192,266,690,0,2,37880064,40960,268435968,0,0,0,-1321907123,1427461461
56163,Elemental aprisionado,,35829,77107,0,-1,0,0,0,0,0,0,0,0,0,0,31027,109,703,0,3,36241664,524288,268447744,0,0,0,-1,-1
56177,Conduíte do Caos,,35843,77107,0,-1,0,0,0,0,0,0,0,0,0,0,31022,109,703,0,3,36241664,524288,268447744,0,0,0,-1,-1
56178,Conduíte do Caos,,35844,77107,0,-1,0,0,0,0,0,0,0,0,0,0,31023,109,703,0,3,36241664,524288,268447744,0,0,0,-1,-1
56180,Elemental aprisionado,,35846,77107,0,-1,0,0,0,0,0,0,0,0,0,0,31028,109,703,0,3,36241664,524288,268447744,0,0,0,-1,-1
56222,PROCURA-SE: Lady Naz'jess,,35888,71082,0,-1,0,0,0,0,0,0,0,0,0,0,29275,266,690,0,2,37748992,40960,268435968,0,0,0,-1,-1
56223,PROCURA-SE: Comandante Sarj'eth,,35889,71080,0,-1,0,0,0,0,0,0,0,0,0,0,29276,266,690,0,2,37748992,40960,268435968,0,0,0,-1,-1
56224,PROCURA-SE: Lorde Ha'kass,,35890,71082,0,-1,0,0,0,0,0,0,0,0,0,0,29277,266,690,0,2,37748992,40960,268435968,0,0,0,-1,-1
56225,PROCURA-SE: Lady Narjiss,,35891,71080,0,-1,0,0,0,0,0,0,0,0,0,0,29278,266,690,0,2,37748992,40960,268435968,0,0,0,-1,-1
56226,PROCURA-SE: Gler'thogg,,35892,71082,0,-1,0,0,0,0,0,0,0,0,0,0,29279,266,690,0,2,37748992,40960,268435968,0,0,0,-1,-1
56227,PROCURA-SE: Inquisidor Ithriza,,35893,71080,0,-1,0,0,0,0,0,0,0,0,0,0,29280,266,690,0,2,37748992,40960,268435968,0,0,0,-1,-1
56231,Baú reforçado,,35897,71082,0,-1,0,0,0,0,0,0,0,0,0,0,29281,266,690,0,2,37748992,40960,268435968,0,0,0,1309324210,-1440044374
56232,Baú do caos,,35898,71080,0,-1,0,0,0,0,0,0,0,0,0,0,29282,266,690,0,2,37748992,40960,268435968,0,0,0,1309324210,-1440044374
56233,Baú Arcano,,35899,71081,0,-1,0,0,0,0,0,0,0,0,0,0,29283,266,690,0,2,37748992,40960,268435968,0,0,0,1309324210,-1440044374
56264,Caranguejos na mão!,,35925,71081,0,-1,0,0,0,0,0,0,0,0,0,0,29284,266,690,0,2,37748992,40960,268435968,0,0,0,1309324210,-1440044374
56265,Murlocs muito loucos,,35926,71081,0,-1,0,0,0,0,0,0,0,0,0,0,29285,266,690,0,2,37748992,40960,268435968,0,0,0,1309324210,-1440044374
56266,Mugglrgl do Mgglurquinho,,35927,71080,0,-1,0,0,0,0,0,0,0,0,0,0,29287,266,690,0,2,37748992,40960,268435968,0,0,0,1309324210,-1440044374
56308,Ataque: os aqir desenterrados,Fale novamente com Arik Escorpicada no Obelisco da Lua.,35970,75566,0,-1,0,0,0,0,0,0,0,0,0,0,29038,268,703,0,3,36176128,524288,268435458,0,0,0,-1,-1
56326,Resgate arriscado,,35982,71222,0,-1,1,0,0,0,0,0,0,0,0,0,0,0,7209,0,2,37753088,41024,268435968,55736,0,0,-1,-1
56327,Robôs fatiados,,35983,70581,0,-1,131073,0,0,0,0,0,0,0,0,0,0,0,7209,0,2,40898816,8192,268435968,54965,56330,0,-1,-1
56328,Não beber,,35984,0,0,-1,0,0,0,0,0,0,0,0,0,0,0,0,7209,0,2,39846144,40960,268435968,55736,0,0,-1,-1
56330,Tracking Quest,,35986,0,0,-1,0,0,0,0,0,0,0,0,0,0,0,0,0,0,2,33559560,0,512,0,0,0,-1,-1
56334,Robôs descontrolados,,35990,71223,0,-1,0,0,0,0,0,0,0,0,0,0,0,0,7209,0,2,37753088,40960,268435968,55736,0,0,-1,-1
56370,Quebrar uns ovos,,35662,70829,0,-1,0,0,0,0,0,0,0,0,0,0,29183,266,690,0,2,37748992,40960,268435968,0,0,0,-1321907123,1427461461
56373,O engolidor de robalos,,36019,71224,0,-1,0,0,0,0,0,2592,1,0,0,0,0,0,7209,0,2,39850240,40960,268435968,55736,0,0,-1,-1
56380,No solo,,36026,71225,0,-1,0,0,0,0,0,0,0,0,0,0,0,0,7209,0,2,39850240,40960,268435968,55736,0,0,-1,-1
56381,Príncipe Chocalho,,36027,70722,0,-1,0,0,0,0,0,0,0,0,0,0,29111,115,690,0,3,3735808,0,268435456,0,0,0,-1,-1
56382,Bocanha,,36028,70722,0,-1,0,0,0,0,0,0,0,0,0,0,29112,115,690,0,3,3735808,0,268435456,0,0,0,-1,-1
56383,Silêncio,,36029,70722,0,-1,0,0,0,0,0,0,0,0,0,0,29113,115,690,0,3,3735808,0,268435456,0,0,0,-1,-1
56384,Tocaieiro do Espinho Sombrio,,36030,70722,0,-1,0,0,0,0,0,0,0,0,0,0,29114,115,690,0,3,3735808,0,268435456,0,0,0,-1,-1
56385,Rastejante Casca-de-pérola,,36031,70722,0,-1,0,0,0,0,0,0,0,0,0,0,29115,115,690,0,3,3735808,0,268435456,0,0,0,-1,-1
56386,Primogênito de Nalaada,,36032,70722,0,-1,0,0,0,0,0,0,0,0,0,0,29116,115,690,0,3,3735808,0,268435456,0,0,0,-1,-1
56387,Bicho-escama Voraz,,36033,70722,0,-1,0,0,0,0,0,0,0,0,0,0,29117,115,690,0,3,3735808,0,268435456,0,0,0,-1,-1
56388,Grilhão-da-mente,,36034,70722,0,-1,0,0,0,0,0,0,0,0,0,0,29118,115,690,0,3,3735808,0,268435456,0,0,0,-1,-1
56389,Alga-de-pedra,,36035,70722,0,-1,0,0,0,0,0,0,0,0,0,0,29119,115,690,0,3,3735808,0,268435456,0,0,0,-1,-1
56390,Papa-raios,,36036,70722,0,-1,0,0,0,0,0,0,0,0,0,0,29120,115,690,0,3,3735808,0,268435456,0,0,0,-1,-1
56391,Boca-de-faca Frenético,,36037,70722,0,-1,0,0,0,0,0,0,0,0,0,0,29121,115,690,0,3,3735808,0,268435456,0,0,0,-1,-1
56392,Concha Opalina Gigante,,36038,70722,0,-1,0,0,0,0,0,0,0,0,0,0,29122,115,690,0,3,3735808,0,268435456,0,0,0,-1,-1
56393,Papa-gnomo,,36039,70723,0,-1,0,0,0,0,0,0,0,0,0,0,29123,115,7209,0,3,3735808,0,268435456,0,0,0,-1,-1
56394,Tubo de Refugo,,36040,70723,0,-1,0,0,0,0,0,0,0,0,0,0,29124,115,7209,0,3,3735808,0,268435456,0,0,0,-1,-1
56395,Robô Dourado XD,,36041,70723,0,-1,0,0,0,0,0,0,0,0,0,0,29125,115,7209,0,3,3735808,0,268435456,0,0,0,-1,-1
56396,Cliclac,,36042,70723,0,-1,0,0,0,0,0,0,0,0,0,0,29126,115,7209,0,3,3735808,0,268435456,0,0,0,-1,-1
56397,Unidade de Micro-opressão CK-9,,36043,70723,0,-1,0,0,0,0,0,0,0,0,0,0,29127,115,7209,0,3,3735808,0,268435456,0,0,0,-1,-1
56398,Unidade 35,,36044,70723,0,-1,0,0,0,0,0,0,0,0,0,0,29128,115,7209,0,3,3735808,0,268435456,0,0,0,-1,-1
56399,Unidade 6,,36045,70723,0,-1,0,0,0,0,0,0,0,0,0,0,29129,115,7209,0,3,3735808,0,268435456,0,0,0,-1,-1
56400,Unidade 17,,36046,70723,0,-1,0,0,0,0,0,0,0,0,0,0,29130,115,7209,0,3,3735808,0,268435456,0,0,0,-1,-1
56402,Moedas errantes,,36048,76114,0,-1,0,0,0,0,0,0,0,0,0,0,31209,0,703,0,2,35651720,32768,268435968,57915,0,0,-1,-1
56434,PROCURA-SE: Junkbrat e Roadtrogg,,36064,71226,0,-1,0,0,0,0,0,0,0,0,0,0,0,1,7209,0,2,39850240,40960,268435968,55736,0,0,-1,-1
56532,"Destrói geral, Norbit",,36148,71227,0,-1,0,0,0,0,0,0,0,0,0,0,0,0,7209,0,2,39850240,40960,268435968,55736,0,0,-1,-1
56550,Limpeza de cadáver,,36166,76113,0,-1,0,0,0,0,0,0,0,0,0,174323,31208,0,703,0,2,35651720,32768,268435968,57954,0,0,-1,-1
56570,Ordem de serviço: frasco maior das correntes marítimas,,36179,70076,0,-1,0,0,0,0,0,2478,1,0,0,0,29350,118,464,0,3,524608,0,268435458,0,0,0,-1321907123,1427461461
56767,Ordem de serviço: frasco maior das profundezas infinitas,,36372,70076,0,-1,0,0,0,0,0,2478,1,0,0,0,29351,118,464,0,3,524608,0,268435458,0,0,0,-1321907123,1427461461
56768,Ordem de Serviço: frasco maior da correnteza,,36373,70076,0,-1,0,0,0,0,0,2478,1,0,0,0,29352,118,464,0,3,524608,0,268435458,0,0,0,-1321907123,1427461461
56769,Ordem de serviço: frasco maior do horizonte vasto,,36374,70076,0,-1,0,0,0,0,0,2478,1,0,0,0,29353,118,464,0,3,524608,0,268435458,0,0,0,-1321907123,1427461461
56770,Ordem de serviço: frasco maior das correntes marítimas,,36179,70076,0,-1,0,0,0,0,0,2478,1,0,0,0,29350,118,464,0,3,524608,0,268435458,0,0,0,1309324210,-1440044374
56772,Ordem de serviço: frasco maior das profundezas infinitas,,36372,70076,0,-1,0,0,0,0,0,2478,1,0,0,0,29351,118,464,0,3,524608,0,268435458,0,0,0,1309324210,-1440044374
56773,Ordem de serviço: frasco maior do horizonte vasto,,36374,70076,0,-1,0,0,0,0,0,2478,1,0,0,0,29353,118,464,0,3,524608,0,268435458,0,0,0,1309324210,-1440044374
56774,Ordem de serviço: frasco maior da correnteza,,36373,70076,0,-1,0,0,0,0,0,2478,1,0,0,0,29352,118,464,0,3,524608,0,268435458,0,0,0,1309324210,-1440044374
56793,Ordem de serviço: Big Meca do Meca Donaldo,,36394,70076,0,-1,0,0,0,0,0,2541,1,0,0,0,29413,131,464,0,3,524608,0,268435458,0,0,0,-1321907123,1427461461
56794,Ordem de serviço: batata canoa assada,,36395,70076,0,-1,0,0,0,0,0,2541,1,0,0,0,29414,131,464,0,3,524608,0,268435458,0,0,0,-1321907123,1427461461
56795,Ordem de serviço: rissole frito no abi'sal,,36396,70076,0,-1,0,0,0,0,0,2541,1,0,0,0,29415,131,464,0,3,524608,0,268435458,0,0,0,-1321907123,1427461461
56796,Ordem de serviço: caldeirada aromática,,36397,70076,0,-1,0,0,0,0,0,2541,1,0,0,0,29416,131,464,0,3,524608,0,268435458,0,0,0,-1321907123,1427461461
56797,Ordem de serviço: carnisseca,,36398,70076,0,-1,0,0,0,0,0,2541,1,0,0,0,29417,131,464,0,3,524608,0,268435458,0,0,0,-1321907123,1427461461
56798,Ordem de serviço: carnisseca,,36398,70076,0,-1,0,0,0,0,0,2541,1,0,0,0,29417,131,464,0,3,524608,0,268435458,0,0,0,1309324210,-1440044374
56799,Ordem de serviço: caldeirada aromática,,36397,70076,0,-1,0,0,0,0,0,2541,1,0,0,0,29416,131,464,0,3,524608,0,268435458,0,0,0,1309324210,-1440044374
56800,Ordem de serviço: rissole frito no abi'sal,,36396,70076,0,-1,0,0,0,0,0,2541,1,0,0,0,29415,131,464,0,3,524608,0,268435458,0,0,0,1309324210,-1440044374
56801,Ordem de serviço: batata canoa assada,,36395,70076,0,-1,0,0,0,0,0,2541,1,0,0,0,29414,131,464,0,3,524608,0,268435458,0,0,0,1309324210,-1440044374
56802,Ordem de serviço: Big Meca do Meca Donaldo,,36394,70076,0,-1,0,0,0,0,0,2541,1,0,0,0,29413,131,464,0,3,524608,0,268435458,0,0,0,1309324210,-1440044374
56818,Ordem de serviço: Encantamento de Couro de Naga - Arma,,36530,70076,0,-1,0,0,0,0,0,2486,1,0,0,0,29412,123,464,0,3,524608,0,268435458,0,0,0,1309324210,-1440044374
56819,Ordem de serviço: Encantamento de Restauração Oceânica - Arma,,36414,70076,0,-1,0,0,0,0,0,2486,1,0,0,0,29410,123,464,0,3,524608,0,268435458,0,0,0,1309324210,-1440044374
56820,Ordem de serviço: Encantamento Multiplicador de Potência - Arma,,36415,70076,0,-1,0,0,0,0,0,2486,1,0,0,0,29411,123,464,0,3,524608,0,268435458,0,0,0,1309324210,-1440044374
56821,Ordem de serviço: Encantamento de Inteligência do Maquinista - Arma,,36416,70076,0,-1,0,0,0,0,0,2486,1,0,0,0,29409,123,464,0,3,524608,0,268435458,0,0,0,1309324210,-1440044374
56824,Ordem de serviço: Encantamento de Inteligência do Maquinista - Arma,,36416,70076,0,-1,0,0,0,0,0,2486,1,0,0,0,29409,123,464,0,3,524608,0,268435458,0,0,0,-1321907123,1427461461
56825,Ordem de serviço: Encantamento de Restauração Oceânica - Arma,,36414,70076,0,-1,0,0,0,0,0,2486,1,0,0,0,29410,123,464,0,3,524608,0,268435458,0,0,0,-1321907123,1427461461
56826,Ordem de serviço: Encantamento Multiplicador de Potência - Arma,,36415,70076,0,-1,0,0,0,0,0,2486,1,0,0,0,29411,123,464,0,3,524608,0,268435458,0,0,0,-1321907123,1427461461
56827,Ordem de serviço: Encantamento de Couro de Naga - Arma,,36530,70076,0,-1,0,0,0,0,0,2486,1,0,0,0,29412,123,464,0,3,524608,0,268435458,0,0,0,-1321907123,1427461461
56889,Errantes Feridos,,36478,76112,0,-1,0,0,0,0,0,0,0,0,0,174326,31207,0,703,0,2,35782792,32768,268435968,57969,0,0,-1,-1
56914,Residentes furiosos,,36503,0,0,-1,0,0,0,0,0,0,0,0,0,0,0,115,464,0,3,3768576,0,268435456,0,0,0,-1,-1
56934,Destruidor Obsidiano,,36524,5703,0,-1,0,0,0,0,0,0,0,0,0,0,29038,109,703,0,3,36241408,0,268435456,0,0,0,-1,-1
57008,Ataque: os clãs em guerra,Fale novamente com o Voz da Tempestade Qian no Santuário Silencioso.,36588,75565,0,-1,0,0,0,0,0,0,0,0,0,0,29494,268,703,0,3,34078976,524288,268435458,0,0,0,-1,-1
57023,Artefato mogu sopesado,,36602,77112,0,-1,0,0,0,0,0,0,0,0,0,0,31010,109,703,0,3,36241664,524288,268447744,0,0,0,-1,-1
57049,Cofre das Almas,,36627,77112,0,-1,0,0,0,0,0,0,0,0,0,0,31011,109,703,0,3,36241664,524288,268447744,0,0,0,-1,-1
57085,Carroça de guerra potencializada,,36663,77120,0,-1,0,0,0,0,0,0,0,0,0,0,31060,109,703,0,3,36241408,524288,268447744,0,0,0,-1,-1
57087,Obliterador Baruk,,36665,77112,0,-1,0,0,0,0,0,0,0,0,0,0,31012,109,703,0,3,36241664,524288,268447744,0,0,0,-1,-1
57089,Incubadora Vil'thik,,36667,77120,0,-1,0,0,0,0,0,0,0,0,0,0,31061,109,703,0,3,36241408,524288,268447744,0,0,0,-1,-1
57101,Jaula de serpente de Zan-Tien,,36679,77112,0,-1,0,0,0,0,0,0,0,0,0,0,31013,109,703,0,3,40435968,524288,268447744,0,0,0,-1,-1
57146,Rasgo de corrupção,,36716,77107,0,-1,0,0,0,0,0,0,0,0,0,0,31029,109,703,0,3,40435968,524288,268447744,0,0,0,-1,-1
57157,Ataque: o Império Negro,Fale novamente com o Sumo Sacerdote Amet em Ramkahen.,36725,75566,0,-1,0,0,0,0,0,0,0,0,0,0,29865,268,703,0,3,36176128,524288,268435458,0,0,0,-1,-1
57158,Potencialização Elétrica,,36726,77112,0,-1,0,0,0,0,0,0,0,0,0,0,31014,109,703,0,3,40435968,524288,268447744,0,0,0,-1,-1
57171,Guardião Ramo d'Ouro,,36739,77112,0,-1,0,0,0,0,0,0,0,0,0,0,31015,109,703,0,3,40435968,524288,268447744,0,0,0,-1,-1
57177,O recomeço,,36745,80434,0,-1,0,0,0,0,0,0,0,0,0,0,0,0,746,0,3,34144256,0,268435456,59021,0,0,-1,-1
57205,Algumas pedras no caminho,,36773,74689,0,-1,0,0,0,0,0,0,0,0,0,0,30133,109,837,0,3,41484544,8192,268435456,0,0,0,-1,-1
57215,Engenho da Ascensão,,36783,77117,0,-1,0,0,0,0,0,0,0,0,0,0,31040,109,703,0,3,36241408,524288,268447744,55349,0,0,-1,-1
57217,Guardião Desenterrado,,36784,77117,0,-1,0,0,0,0,0,0,0,0,0,0,31041,109,703,0,3,36241408,524288,268447744,55349,0,0,-1,-1
57218,Guardião Desenterrado,,36785,77117,0,-1,0,0,0,0,0,0,0,0,0,0,31042,109,703,0,3,36241408,524288,268447744,55349,0,0,-1,-1
57219,Guardião Desenterrado,,36786,77117,0,-1,0,0,0,0,0,0,0,0,0,0,31043,109,703,0,3,36241408,524288,268447744,55349,0,0,-1,-1
57223,Guardião Desenterrado,,36790,77117,0,-1,0,0,0,0,0,0,0,0,0,0,31044,109,703,0,3,36241408,524288,268447744,55349,0,0,-1,-1
57234,Coletor solar,,36799,77117,0,-1,0,0,0,0,0,0,0,0,0,0,31045,109,703,0,3,36241408,524288,268447744,55349,0,0,-1,-1
57235,Coletor solar,,36800,77117,0,-1,0,0,0,0,0,0,0,0,0,0,31046,109,703,0,3,36241408,524288,268447744,55349,0,0,-1,-1
57243,Campo de Escravos Amatet,,36808,77117,0,-1,0,0,0,0,0,0,0,0,0,0,31047,109,703,0,3,36241408,524288,268447744,55349,0,0,-1,-1
57256,Arena dos escolhidos da tempestade,,36818,77112,0,-1,0,0,0,0,0,0,0,0,0,0,31016,109,703,0,3,40435968,524288,268447744,0,0,0,-1,-1
57272,Efígie Sanguina,,36833,77112,0,-1,0,0,0,0,0,0,0,0,0,0,31017,109,703,0,3,40435968,524288,268447744,0,0,0,-1,-1
57277,Vignette - Muminah the Incandescent,,36838,0,0,-1,0,0,0,0,0,0,0,0,0,0,0,0,0,0,3,34149376,0,0,0,0,0,-1,-1
57287,Rasgos do Caos,,36847,77106,0,-1,0,0,0,0,0,0,0,0,0,0,30360,109,703,0,3,40435712,532480,268447744,0,0,0,-1,-1
57299,Sarcófago misterioso,,36859,77112,0,-1,0,0,0,0,0,0,0,0,0,0,31018,109,703,0,3,40435968,524288,268447744,0,0,0,-1,-1
57301,Misturas Malignas,,36861,0,0,-1,0,0,0,0,0,0,0,0,0,0,0,0,1340,0,2,40927240,8192,268435968,58431,0,0,-1,-1
57323,Vinculação serpentina,,36875,77112,0,-1,0,0,0,0,0,0,0,0,0,0,31019,109,703,0,3,40435968,524288,268447744,0,0,0,-1,-1
57326,Protótipos lucrativos,,36878,71941,0,-1,0,0,0,0,0,0,0,0,0,0,0,0,7209,0,2,39850248,8192,268435968,55736,0,0,1309324210,-1440044374
57327,Protótipos inspiradores,,36877,71941,0,-1,0,0,0,0,0,0,0,0,0,0,0,0,7209,0,2,39850248,8192,268435968,55736,0,0,-1321907123,1427461461
57328,Detonando o acampamento,,36879,0,0,-1,1,0,0,0,0,0,0,0,0,0,31376,109,837,0,3,36241664,0,268435968,57559,62706,0,-1,-1
57330,Hora da vingança,,36881,70076,0,-1,0,0,0,0,0,0,0,0,0,0,29709,109,690,0,3,34144512,0,268435456,0,0,0,-1,-1
57331,Operações de resgate,,36882,70076,0,-1,0,0,0,0,0,0,0,0,0,0,29710,109,690,0,3,34144512,0,268435456,0,0,0,-1,-1
57333,Terrores do Terraço,,36884,70076,0,-1,0,0,0,0,0,0,0,0,0,0,29715,109,690,0,3,37290240,0,268435456,0,0,0,-1,-1
57334,Caverna dos murlocs,,36885,70076,0,-1,0,0,0,0,0,0,0,0,0,0,29712,109,690,0,3,34144512,0,268435456,0,0,0,-1,-1
57335,Massacre dos murlocs,,36886,70076,0,-1,0,0,0,0,0,0,0,0,0,0,29713,109,690,0,3,34144512,0,268435456,0,0,0,-1,-1
57336,Descanso para o passado,,36887,70076,0,-1,0,0,0,0,0,0,0,0,0,0,29714,109,690,0,3,34144512,0,268435456,0,0,0,-1,-1
57338,Redução da população,,36889,70076,0,-1,0,0,0,0,0,0,0,0,0,0,29716,109,690,0,3,34144512,0,268435456,0,0,0,-1,-1
57339,Ritual de construção,,36890,77112,0,-1,0,0,0,0,0,0,0,0,0,0,31020,109,703,0,3,40435968,524288,268447744,0,0,0,-1,-1
57340,Banquete de raias-profundas,,36891,70076,0,-1,0,0,0,0,0,0,0,0,0,0,29718,109,690,0,3,34144512,0,268435456,0,0,0,-1,-1
57353,Eliminação de espiralfunda,,36903,70076,0,-1,0,0,0,0,0,0,0,0,0,0,29729,109,690,0,3,37290240,0,268435456,0,0,0,-1,-1
57354,Já era tempo,,36904,70076,0,-1,0,0,0,0,0,0,0,0,0,0,29733,109,690,0,3,37290240,0,268435456,0,0,0,-1,-1
57359,Ritual de Evocação,,36906,77106,0,-1,0,0,0,0,0,0,0,0,0,0,30361,109,703,0,3,36241408,524288,268447744,0,0,0,-1,-1
57375,Cômoro pulsante,,36919,77107,0,-1,0,0,0,0,0,0,0,0,0,0,31030,109,703,0,3,40435968,524288,268447744,0,0,0,-1,-1
57379,Estátua de jade infestada,,36923,77107,0,-1,0,0,0,0,0,0,0,0,0,0,31031,109,703,0,3,40435968,524288,268447744,0,0,0,-1,-1
57384,Monstruosidade da recomposição,,36928,77120,0,-1,0,0,0,0,0,0,0,0,0,0,31062,109,703,0,3,36241408,524288,268447744,0,0,0,-1,-1
57404,Colmeia Assoladora,,36948,77120,0,-1,0,0,0,0,0,0,0,0,0,0,31063,109,703,0,3,36241408,524288,268447744,0,0,0,-1,-1
57429,Pira do Amalgamado,,36973,77106,0,-1,0,0,0,0,0,0,0,0,0,0,30991,109,703,0,3,36241408,524288,268447744,0,0,0,-1,-1
57443,Trabalho sujo: demolição demoníaca,,36987,0,0,-1,1,0,0,0,0,0,0,0,0,0,31374,109,837,0,3,36241664,8192,268435456,57559,62706,0,-1,-1
57445,Carrinho de Macarrão de Chin,,36989,77120,0,-1,0,0,0,0,0,0,0,0,0,0,31064,109,703,0,3,36241408,524288,268447744,0,0,0,-1,-1
57449,Executor de N'Zoth,,36993,77106,0,-1,0,0,0,0,0,0,0,0,0,0,30992,109,703,0,3,36241408,524288,268447744,0,0,0,-1,-1
57453,Arauto do Enxame,,36996,77120,0,-1,0,0,0,0,0,0,0,0,0,0,31065,109,703,0,3,36241408,524288,268447744,0,0,0,-1,-1
57456,Sorvedor de espíritos,,36999,77106,0,-1,0,0,0,0,0,0,0,0,0,0,30993,109,703,0,3,36241408,524288,268447744,0,0,0,-1,-1
57465,Trabalho sujo: madeira maluca,,37008,0,0,-1,1,0,0,0,0,0,0,0,0,0,31375,109,837,0,3,36241664,8192,268435456,57559,62706,0,-1,-1
57476,Campo de alimentação Vil'thik,,37017,77120,0,-1,0,0,0,0,0,0,0,0,0,0,31066,109,703,0,3,36241408,524288,268447744,0,0,0,-1,-1
57484,Ritual de despertar,,37024,77120,0,-1,0,0,0,0,0,0,0,0,0,0,31067,109,703,0,3,36241408,524288,268447744,0,0,0,-1,-1
57508,Estandarte de Guerra Zara'thik,,37041,77120,0,-1,0,0,0,0,0,0,0,0,0,0,31068,109,703,0,3,36241408,524288,268447744,0,0,0,-1,-1
57510,Senhor Sombrio Taráxis,,37043,0,0,-1,0,0,0,0,0,0,0,0,0,0,0,0,742,0,3,34148672,0,268439552,0,0,0,-1,-1
57517,Arauto do enxame,,37050,77120,0,-1,0,0,0,0,0,0,0,0,0,0,31069,109,703,0,3,36241408,524288,268447744,0,0,0,-1,-1
57519,Arauto do enxame,,37053,77120,0,-1,0,0,0,0,0,0,0,0,0,0,31070,109,703,0,3,36241408,524288,268447744,0,0,0,-1,-1
57521,Carroça de guerra potencializada,,37055,77120,0,-1,0,0,0,0,0,0,0,0,0,0,31071,109,703,0,3,36241408,524288,268447744,0,0,0,-1,-1
57522,Chamado do Caos,,37056,77106,0,-1,0,0,0,0,0,0,0,0,0,0,30994,109,703,0,3,40435712,532480,268447744,0,0,0,-1,-1
57540,Incubadora de Kunchong,,37074,77120,0,-1,0,0,0,0,0,0,0,0,0,0,31072,109,703,0,3,36241408,524288,268447744,0,0,0,-1,-1
57541,Chamado do Caos,,37075,77106,0,-1,0,0,0,0,0,0,0,0,0,0,30995,109,703,0,3,40435712,532480,268447744,0,0,0,-1,-1
57542,Arauto do enxame,,37076,77120,0,-1,0,0,0,0,0,0,0,0,0,0,31073,109,703,0,3,36241408,524288,268447744,0,0,0,-1,-1
57543,Executor de N'Zoth,,37077,77106,0,-1,0,0,0,0,0,0,0,0,0,0,30996,109,703,0,3,36241408,524288,268447744,0,0,0,-1,-1
57556,A Gorja: tesouros semanais,,37090,5703,0,-1,0,0,0,0,0,0,0,0,0,0,0,109,742,0,3,33024,0,268435456,0,0,0,-1,-1
57558,Incubadora Vil'thik,,37091,77120,0,-1,0,0,0,0,0,0,0,0,0,0,31074,109,703,0,3,36241408,524288,268447744,0,0,0,-1,-1
57580,Executor de N'Zoth,,37113,77106,0,-1,0,0,0,0,0,0,0,0,0,0,30997,109,703,0,3,36241408,524288,268447744,0,0,0,-1,-1
57582,Executor de N'Zoth,,37114,77106,0,-1,0,0,0,0,0,0,0,0,0,0,30998,109,703,0,3,36241408,524288,268447744,0,0,0,-1,-1
57585,Chamado do Caos,,37117,77106,0,-1,0,0,0,0,0,0,0,0,0,0,30999,109,703,0,3,40435712,532480,268447744,0,0,0,-1,-1
57586,Sorvedor de espíritos,,37118,77106,0,-1,0,0,0,0,0,0,0,0,0,0,31000,109,703,0,3,36241408,524288,268447744,0,0,0,-1,-1
57587,Sorvedor de espíritos,,37119,77106,0,-1,0,0,0,0,0,0,0,0,0,0,31001,109,703,0,3,36241408,524288,268447744,0,0,0,-1,-1
57588,Sorvedor de espíritos,,37120,77106,0,-1,0,0,0,0,0,0,0,0,0,0,31002,109,703,0,3,36241408,524288,268447744,0,0,0,-1,-1
57589,Sorvedor de espíritos,,37121,77106,0,-1,0,0,0,0,0,0,0,0,0,0,31003,109,703,0,3,36241408,524288,268447744,0,0,0,-1,-1
57590,Sorvedor de espíritos,,37122,77106,0,-1,0,0,0,0,0,0,0,0,0,0,31004,109,703,0,3,36241408,524288,268447744,0,0,0,-1,-1
57591,Sorvedor de espíritos,,37123,77106,0,-1,0,0,0,0,0,0,0,0,0,0,31005,109,703,0,3,36241408,524288,268447744,0,0,0,-1,-1
57592,Executor de N'Zoth,,37124,77106,0,-1,0,0,0,0,0,0,0,0,0,0,31006,109,703,0,3,36241408,524288,268447744,0,0,0,-1,-1
57620,Ritual de Evocação,,37150,77106,0,-1,0,0,0,0,0,0,0,0,0,0,30379,109,703,0,3,36241408,524288,268447744,0,0,0,-1,-1
57621,Ritual de Evocação,,37151,77106,0,-1,0,0,0,0,0,0,0,0,0,0,30380,109,703,0,3,36241408,524288,268447744,0,0,0,-1,-1
57650,"Ruim com eles, melhor sem eles",,37184,88288,0,-1,0,0,0,0,0,0,0,0,0,0,30516,109,837,0,3,40435968,8192,268435456,0,0,0,-1,-1
57718,Pedra e cal,,37253,75058,0,-1,0,0,0,0,0,0,0,0,0,0,31187,0,703,0,2,35651720,32768,268435968,0,0,0,-1,-1
57720,Campeões dos mogus,,37255,75059,0,-1,0,0,0,0,0,0,0,0,0,0,31188,0,703,0,2,35651720,32768,268435968,0,0,0,-1,-1
57721,Espólios de Guerra,,37256,75060,0,-1,0,0,0,0,0,0,0,0,0,0,31190,0,703,0,2,35651720,32768,268435968,0,0,0,-1,-1
57728,Ataque: enxame infinito,Fale novamente com Taoshi no Santuário Silencioso.,37261,75565,0,-1,0,0,0,0,0,0,0,0,0,0,30231,268,703,0,3,34078976,524288,268435458,0,0,0,-1,-1
57737,Resgate de Ramkahen,,37268,74880,0,-1,0,0,0,0,0,0,0,0,0,0,31205,0,703,0,2,35651720,32768,268435968,0,0,0,-1,-1
57773,Remendos caóticos,,37302,74878,0,-1,0,0,0,0,0,0,0,0,0,0,31203,0,703,0,2,35651720,32768,268435968,0,0,0,-1,-1
57774,Sete vidas,,37303,74879,0,-1,0,0,0,0,0,0,0,0,0,0,31204,0,703,0,2,35651720,32768,268435968,0,0,0,-1,-1
57917,[DNT] Test - JAM,,37441,0,0,-1,0,0,0,0,0,0,0,0,0,0,0,0,798,0,2,37748744,0,268436002,0,0,0,-1,-1
57968,Os mortos errantes,,37489,76116,0,-1,0,0,0,0,0,0,0,0,0,0,31211,0,703,0,2,35651720,32768,268435968,57956,0,0,-1,-1
58010,Miúdos para dar e vender,,37529,76110,0,-1,0,0,0,0,0,0,0,0,0,0,31205,0,703,0,2,39846024,32768,268435968,56576,0,0,-1,-1
58084,Armadilhas de almas,,37593,73555,0,-1,0,0,0,0,0,0,0,0,0,0,31377,109,837,0,3,40435968,8192,268435456,0,0,0,-1,-1
58123,Fai Quest [internal only],,37630,0,0,-1,0,0,0,0,0,0,0,0,0,0,0,109,798,0,3,34144256,131072,268435456,0,0,0,-1,-1
58144,Uma bela surra,,37648,73555,0,-1,0,0,0,0,0,0,0,0,0,0,31378,109,837,0,3,36241664,0,268435456,0,0,0,-1,-1
58146,Pela Aliança,,37650,0,0,-1,0,0,0,0,0,0,0,0,0,0,0,0,863,0,2,39845896,8192,268435976,0,0,0,16384,0
58147,Estranho numa terra estranha,,37651,0,0,-1,0,0,0,0,0,0,0,0,0,0,0,0,863,0,2,37748744,8192,268435976,58146,0,0,16384,0
58151,Lacaios de N'Zoth,,37654,74480,0,-1,0,0,0,0,0,0,0,0,0,0,0,0,703,0,2,33558536,32768,268435968,0,0,0,-1,-1
58155,Uma mão na escuridão,,37658,74481,0,-1,0,0,0,0,0,0,0,0,0,0,0,0,703,0,2,34607112,32768,268435968,0,0,0,-1,-1
58156,Aniquilar as Trevas,,37659,74482,0,-1,0,0,0,0,0,0,0,0,0,0,0,0,703,0,2,34607112,32768,268435968,0,0,0,-1,-1
58167,Medidas preventivas,,37670,74483,0,-1,0,0,0,0,0,0,0,0,0,0,0,0,703,0,2,33558536,32768,268435968,0,0,0,-1,-1
58168,Uma realidade claramente sombria,,37671,74484,0,-1,0,0,0,0,0,0,0,0,0,173810,0,0,703,0,2,33558536,32768,268435968,0,0,0,-1,-1
58207,Bichos bolados,,37710,74689,0,-1,0,0,0,0,0,0,0,0,0,0,30102,109,2060,0,3,40435968,8192,268435456,0,0,0,-1,-1
58216,Gorja devoradora,,37719,77106,0,-1,0,0,0,0,0,0,0,0,0,0,30988,109,703,0,3,36241408,524288,268447744,0,0,0,-1,-1
58221,Indo à forra,,37724,74689,0,-1,0,0,0,0,0,0,0,0,0,0,30105,109,2060,0,3,40435968,8192,268435456,0,0,0,-1,-1
58229,Um brado de convocação,,37732,74881,0,-1,0,0,0,0,0,0,0,0,0,0,31206,0,703,0,2,35651720,32768,268435968,0,0,0,-1,-1
58230,Cegar os olhos,,37733,74882,0,-1,0,0,0,0,0,0,0,0,0,0,31207,0,703,0,2,35651720,32768,268435968,0,0,0,-1,-1
58231,Sabedoria da loucura,,37734,74883,0,-1,0,0,0,0,0,0,0,0,0,0,31208,0,703,0,2,35651720,32768,268435968,0,0,0,-1,-1
58232,Ordem em meio ao caos,,37735,74884,0,-1,0,0,0,0,0,0,0,0,0,0,31209,1,703,0,2,35651720,32768,268435968,0,0,0,-1,-1
58233,Corruptores pervertidos,,37736,74885,0,-1,0,0,0,0,0,0,0,0,0,0,31210,0,703,0,2,35651720,32768,268435968,0,0,0,-1,-1
58234,Fonte questionável,,37737,74886,0,-1,0,0,0,0,0,0,0,0,0,0,31211,0,703,0,2,35651720,32768,268435968,0,0,0,-1,-1
58235,Âncoras do Império Negro,,37738,74887,0,-1,0,0,0,0,0,0,0,0,0,0,31212,0,703,0,2,35651720,32768,268435968,0,0,0,-1,-1
58236,Destruição simbólica,,37739,74888,0,-1,0,0,0,0,0,0,0,0,0,0,31213,0,703,0,2,35651720,32768,268435968,0,0,0,-1,-1
58237,A purificação de Uldum,,37740,74889,0,-1,0,0,0,0,0,0,0,0,0,0,31214,0,703,0,2,35651720,32768,268435968,0,0,0,-1,-1
58238,Perdidos e atormentados,,37741,74890,0,-1,0,0,0,0,0,0,0,0,0,0,31215,0,703,0,2,35651720,32768,268435968,0,0,0,-1,-1
58239,Lições dos salteadores,,37742,74891,0,-1,0,0,0,0,0,0,0,0,0,0,31216,0,703,0,2,35651720,32768,268435968,0,0,0,-1,-1
58256,Gorja devoradora,,37748,77106,0,-1,0,0,0,0,0,0,0,0,0,0,30987,109,703,0,3,36241408,524288,268447744,0,0,0,-1,-1
58257,Gorja devoradora,,37749,77106,0,-1,0,0,0,0,0,0,0,0,0,0,30986,109,703,0,3,36241408,524288,268447744,0,0,0,-1,-1
58258,Gorja devoradora,,37750,77106,0,-1,0,0,0,0,0,0,0,0,0,0,30985,109,703,0,3,36241408,524288,268447744,0,0,0,-1,-1
58268,Tome o terreno alto,,37760,80768,0,-1,0,0,0,0,0,0,0,0,0,0,0,0,1334,0,2,37748744,8192,268435968,57912,0,0,-1,-1
58271,Ritual igniocaótico,,37763,77106,0,-1,0,0,0,0,0,0,0,0,0,0,30989,109,703,0,3,36241408,524288,268447744,0,0,0,-1,-1
58275,Evocação Monstruosa,,37767,77106,0,-1,0,0,0,0,0,0,0,0,0,0,30990,109,703,0,3,36241408,524288,268447744,0,0,0,-1,-1
58276,Mar'at em Chamas,,37768,77106,0,-1,0,0,0,0,0,0,0,0,0,0,30984,109,703,0,3,36241408,524288,268447744,0,0,0,-1,-1
58277,Enganadores sombrios,,37769,74892,0,-1,0,0,0,0,0,0,0,0,0,0,31217,0,703,0,2,35651720,32768,268435968,0,0,0,-1,-1
58281,Armamentos antigos,,37773,74709,0,-1,0,0,0,0,0,0,0,0,0,0,31203,0,703,0,2,35651720,32768,268435968,0,0,0,-1,-1
58282,Caindo do Céu,,37774,74710,0,-1,0,0,0,0,0,0,0,0,0,0,31204,0,703,0,2,35651720,32768,268435968,0,0,0,-1,-1
58283,Cego guiando cego,,37775,74711,0,-1,0,0,0,0,0,0,0,0,0,0,31205,0,703,0,2,35651720,32768,268435968,0,0,0,-1,-1
58284,Éditos do Rei Sol,,37776,74712,0,-1,0,0,0,0,0,0,0,0,0,0,31206,0,703,0,2,35651720,32768,268435968,0,0,0,-1,-1
58285,Artefatos desenterrados,,37777,74714,0,-1,0,0,0,0,0,0,0,0,0,0,31207,0,703,0,2,2097288,32768,268435968,0,0,0,-1,-1
58286,Longe de casa,,37778,74715,0,-1,0,0,0,0,0,0,0,0,0,0,31208,0,703,0,2,35651720,32768,268435968,0,0,0,-1,-1
58287,Um plano de arrebentar,,37779,74717,0,-1,0,0,0,0,0,0,0,0,0,0,31209,0,703,0,2,35651720,32768,268435968,0,0,0,-1,-1
58288,Os escolhidos do Rei Sol,,37780,74718,0,-1,0,0,0,0,0,0,0,0,0,0,31210,0,703,0,2,35651720,32768,268435968,0,0,0,-1,-1
58289,Segredos guardados,,37781,74719,0,-1,0,0,0,0,0,0,0,0,0,0,31211,0,703,0,2,35651720,32768,268435968,0,0,0,-1,-1
58290,Campeões dos Amatet,,37782,74720,0,-1,0,0,0,0,0,0,0,0,0,0,31212,1,703,0,2,35651720,32768,268435968,0,0,0,-1,-1
58291,Larápios envolventes,,37783,74721,0,-1,0,0,0,0,0,0,0,0,0,0,31213,0,703,0,2,35651720,32768,268435968,0,0,0,-1,-1
58321,Núcleo incomum,,37813,74722,0,-1,0,0,0,0,0,0,0,0,0,0,31214,1,703,0,2,35651720,32768,268435968,0,0,0,-1,-1
58334,Cair da Bruma em Chamas,,34706,77112,0,-1,0,0,0,0,0,0,0,0,0,0,31007,109,703,0,3,36241408,524288,268447744,0,0,0,-1,-1
58367,Demolidor potencializado,,37828,77112,0,-1,0,0,0,0,0,0,0,0,0,0,31008,109,703,0,3,36241408,524288,268447744,0,0,0,-1,-1
58370,Demolidor potencializado,,37835,77112,0,-1,0,0,0,0,0,0,0,0,0,0,31009,109,703,0,3,36241408,524288,268447744,0,0,0,-1,-1
58420,Um incômodo sórdido,,37905,74898,0,-1,0,0,0,0,0,0,0,0,0,0,31191,0,703,0,2,35651720,32768,268435968,56935,0,0,-1,-1
58422,Marca dos conquistadores,,37907,74902,0,-1,0,0,0,0,0,0,0,0,0,0,31195,0,703,0,2,35651720,32768,268435968,56935,0,0,-1,-1
58423,Os mais fortes entre todos,,37908,74894,0,-1,0,0,0,0,0,0,0,0,0,0,31187,0,703,0,2,35651720,32768,268435968,56935,0,0,-1,-1
58432,Nada se perde,,37917,83780,0,-1,131073,0,0,0,0,0,0,0,0,178554,0,0,2060,0,2,39878664,8192,268435968,60041,61516,0,-1,-1
58437,Partes de um todo,,37922,89132,0,-1,0,0,0,0,0,0,0,0,0,174110,30181,109,837,0,3,40435968,8192,268435968,0,0,0,-1,-1
58438,Gorja devoradora,,37923,77107,0,-1,0,0,0,0,0,0,0,0,0,0,30902,109,703,0,3,36241664,524288,268447744,0,0,0,-1,-1
58439,Gorja devoradora,,37924,75565,0,-1,0,0,0,0,0,0,0,0,0,0,30903,109,703,0,3,36241664,524288,268447744,0,0,0,-1,-1
58442,Gorja devoradora,,37927,77107,0,-1,0,0,0,0,0,0,0,0,0,0,30904,109,703,0,3,36241664,524288,268447744,0,0,0,-1,-1
58460,Marechais da loucura,,37945,74896,0,-1,0,0,0,0,0,0,0,0,0,0,31189,1,703,0,2,35651720,32768,268435968,56935,0,0,-1,-1
58461,Tomos da loucura antiga,,37946,74906,0,-1,0,0,0,0,0,0,0,0,0,0,31199,0,703,0,2,35651720,32768,268435968,56935,0,0,-1,-1
58462,Janelas para a alma,,37947,74901,0,-1,0,0,0,0,0,0,0,0,0,0,31194,0,703,0,2,35651720,32768,268435968,56935,0,0,-1,-1
58463,Rebentos da loucura,,37948,74900,0,-1,0,0,0,0,0,0,0,0,0,0,31193,0,703,0,2,35651720,32768,268435968,56935,0,0,-1,-1
58464,Dizimação da Colmeia-funda,,37949,74907,0,-1,0,0,0,0,0,0,0,0,0,0,31200,0,703,0,2,33554568,32768,268435968,56935,0,0,-1,-1
58465,Corrupção manifesta,,37950,74899,0,-1,0,0,0,0,0,0,0,0,0,0,31192,0,703,0,2,35651720,32768,268435968,56935,0,0,-1,-1
58466,Tormentos do além,,37951,74903,0,-1,0,0,0,0,0,0,0,0,0,0,31196,0,703,0,2,35651720,32768,268435968,56935,0,0,-1,-1
58467,Prisioneiros de corpo e alma,,37952,74904,0,-1,0,0,0,0,0,0,0,0,0,0,31197,0,703,0,2,35651720,32768,268435968,56935,0,0,-1,-1
58468,Uma escuridão crescente,,37953,74908,0,-1,0,0,0,0,0,0,0,0,0,0,31201,0,703,0,2,33554568,32768,268435968,56935,0,0,-1,-1
58469,Rasgos no Vale,,37954,74909,0,-1,0,0,0,0,0,0,0,0,0,0,31202,0,703,0,2,33554568,32768,268435968,56935,0,0,-1,-1
58470,Curiosidades corrompidas,,37955,74895,0,-1,0,0,0,0,0,0,0,0,0,0,31188,0,703,0,2,35651720,32768,268435968,56935,0,0,-1,-1
58471,Anotações agressivas,,37956,74897,0,-1,0,0,0,0,0,0,0,0,0,174197,31190,0,703,0,2,35782792,32768,268435968,56935,0,0,-1,-1
58476,A convocação do trovão,,37960,75062,0,-1,0,0,0,0,0,0,0,0,0,0,31191,0,703,0,2,35651720,32768,268435968,0,0,0,-1,-1
58477,"Em meio ao sangue, à terra e aos ossos",,37961,75061,0,-1,0,0,0,0,0,0,0,0,0,0,31193,0,703,0,2,35651720,32768,268435968,0,0,0,-1,-1
58478,Pedra sobre pedra,,37962,75063,0,-1,0,0,0,0,0,0,0,0,0,0,31192,0,703,0,2,35651720,32768,268435968,0,0,0,-1,-1
58479,Parem os para-raios!,,37963,75875,0,-1,0,0,0,0,0,0,0,0,0,0,31195,0,703,0,2,35651720,32768,268435968,0,0,0,-1,-1
58481,Rituais de sangue,,37965,75876,0,-1,0,0,0,0,0,0,0,0,0,0,31196,0,703,0,2,35651720,32768,268435968,0,0,0,-1,-1
58485,Iconoclasta,,37968,75877,0,-1,0,0,0,0,0,0,0,0,0,0,31197,0,703,0,2,35651720,32768,268435968,0,0,0,-1,-1
58487,Ladrão que rouba ladrão,,37970,75874,0,-1,0,0,0,0,0,0,0,0,0,0,31189,0,703,0,2,35651720,32768,268435968,0,0,0,-1,-1
58490,Lembrete letal,,37973,88288,0,-1,0,0,0,0,0,0,0,0,0,0,30515,109,837,0,3,40435968,8192,268435456,0,0,0,-1,-1
58505,Falecimento planejado,,37987,88288,0,-1,0,0,0,0,0,0,0,0,0,0,30524,109,837,0,3,40435968,8192,268435456,0,0,0,-1,-1
58595,Pilares do oblívio,,38075,74905,0,-1,0,0,0,0,0,0,0,0,0,0,31198,0,703,0,2,35651720,32768,268435968,56935,0,0,-1,-1
58601,Teia de informação,,38079,74689,0,-1,0,0,0,0,0,0,0,0,0,0,31379,109,2060,0,3,40435968,8192,268435456,0,0,0,-1,-1
58605,Noite dos amadores,,38083,74689,0,-1,0,0,0,0,0,0,0,0,0,0,30574,111,837,0,3,41484544,8192,268435456,0,0,0,-1,-1
58609,Assumindo o trono,,38087,70104,0,-1,2,0,0,0,0,0,0,0,0,0,0,0,2060,0,2,39845888,8196,268435976,57878,62000,0,-1,-1
58660,Terrores entocados,,38138,77118,0,-1,0,0,0,0,0,0,0,0,0,0,31048,109,703,0,3,36241408,524288,268447744,0,0,0,-1,-1
58661,Terrores entocados,,38139,77118,0,-1,0,0,0,0,0,0,0,0,0,0,31049,109,703,0,3,36241408,524288,268447744,0,0,0,-1,-1
58662,Terrores entocados,,38140,77118,0,-1,0,0,0,0,0,0,0,0,0,0,31050,109,703,0,3,36241408,524288,268447744,0,0,0,-1,-1
58667,Extração de Obsidiana,,38145,77118,0,-1,0,0,0,0,0,0,0,0,0,0,31051,109,703,0,3,36241408,524288,268447744,0,0,0,-1,-1
58676,Destruidor Adormecido,,38154,77118,0,-1,0,0,0,0,0,0,0,0,0,0,31052,109,703,0,3,36241408,524288,268447744,0,0,0,-1,-1
58679,Destruidor Adormecido,,38157,77118,0,-1,0,0,0,0,0,0,0,0,0,0,31053,109,703,0,3,36241408,524288,268447744,0,0,0,-1,-1
58705,Grã-imperatriz Shek'zara,,38183,75790,0,-1,0,0,0,0,0,0,0,0,0,0,30186,112,703,0,3,37290304,0,268435456,56935,0,0,-1,-1
58740,Serpentes subjugadas,,38215,75873,0,-1,0,0,0,0,0,0,0,0,0,0,31194,1,703,0,2,35651720,32768,268435968,0,0,0,-1,-1
58741,Em pedra dura,,38216,75878,0,-1,0,0,0,0,0,0,0,0,0,0,31198,0,703,0,2,35651720,32768,268435968,0,0,0,-1,-1
58742,"Retinus, o Obstinado",,38217,76415,0,-1,0,0,0,0,0,0,0,0,0,0,30776,115,464,0,3,3735808,0,268435456,0,0,0,-1,-1
58743,Dano danado na duna,,38218,76415,0,-1,0,0,0,0,0,0,0,0,0,0,30777,115,464,0,3,3735808,0,268435456,0,0,0,-1,-1
58744,Eu sou aquele que sussurra,,38219,76415,0,-1,0,0,0,0,0,0,0,0,0,0,30778,115,464,0,3,3735808,0,268435456,0,0,0,-1,-1
58745,Cuidado onde pisa,,38220,76415,0,-1,0,0,0,0,0,0,0,0,0,0,30779,115,464,0,3,3735808,0,268435456,0,0,0,-1,-1
58746,Loucurinha,,38221,76416,0,-1,0,0,0,0,0,0,0,0,0,0,30780,115,464,0,3,3735808,0,268435456,0,0,0,-1,-1
58747,Cosquinha no cérebro,,38222,76416,0,-1,0,0,0,0,0,0,0,0,0,0,30781,115,464,0,3,3735808,0,268435456,0,0,0,-1,-1
58748,Estátuas vivas são duras na queda,,38223,76416,0,-1,0,0,0,0,0,0,0,0,0,0,30782,115,464,0,3,3735808,0,268435456,0,0,0,-1,-1
58749,O voo do Vil'thik,,38224,76416,0,-1,0,0,0,0,0,0,0,0,0,0,30783,115,464,0,3,3735808,0,268435456,0,0,0,-1,-1
58753,Missão de alinhamento Queda de Pluma,,38228,0,0,-1,0,0,0,0,0,0,0,0,0,0,0,0,2060,0,3,33588232,0,0,0,0,0,-1,-1
58754,Campeões do enxame,,38229,76029,0,-1,0,0,0,0,0,0,0,0,0,0,31187,0,703,0,2,35651720,32768,268435968,0,0,0,-1,-1
58755,Suprimentos escondidos,,38230,76030,0,-1,0,0,0,0,0,0,0,0,0,0,31188,0,703,0,2,35651720,32768,268435968,0,0,0,-1,-1
58756,Artesãos nefastos,,38231,76033,0,-1,0,0,0,0,0,0,0,0,0,0,31191,0,703,0,2,35651720,32768,268435968,0,0,0,-1,-1
58757,O teste das crias,,38232,76034,0,-1,0,0,0,0,0,0,0,0,0,0,31192,0,703,0,2,35651720,32768,268435968,0,0,0,-1,-1
58758,Destruição descontrolada,,38233,76035,0,-1,0,0,0,0,0,0,0,0,0,0,31193,1,703,0,2,35651720,32768,268435968,0,0,0,-1,-1
58759,A guarda da imperatriz,,38234,76036,0,-1,0,0,0,0,0,0,0,0,0,0,31194,1,703,0,2,35651720,32768,268435968,0,0,0,-1,-1
58760,Lâminas de âmbar,,38235,76031,0,-1,0,0,0,0,0,0,0,0,0,0,31189,0,703,0,2,35651720,32768,268435968,0,0,0,-1,-1
58761,Pisando em larvas,,38236,76037,0,-1,0,0,0,0,0,0,0,0,0,0,31195,0,703,0,2,35651720,32768,268435968,0,0,0,-1,-1
58762,Levados pelo enxame,,38237,76038,0,-1,0,0,0,0,0,0,0,0,0,0,31196,0,703,0,2,35651720,32768,268435968,0,0,0,-1,-1
58763,Produção suspensa,,38238,76039,0,-1,0,0,0,0,0,0,0,0,0,0,31197,0,703,0,2,35651720,32768,268435968,0,0,0,-1,-1
58764,Estandartes do enxame,,38239,76040,0,-1,0,0,0,0,0,0,0,0,0,0,31198,0,703,0,2,34603144,32768,268435968,0,0,0,-1,-1
58765,Rompe-cerco,,38240,76032,0,-1,0,0,0,0,0,0,0,0,0,0,31190,0,703,0,2,35651720,32768,268435968,0,0,0,-1,-1
58776,Ovos fritos,,38250,76115,0,-1,0,0,0,0,0,0,0,0,0,0,31210,0,703,0,2,35651720,32768,268435968,0,0,0,-1,-1
58777,Pisa no inimigo,,38251,76111,0,-1,0,0,0,0,0,0,0,0,0,0,31206,0,703,0,2,35651720,32768,268435968,0,0,0,-1,-1
58778,Vê se não perde a cabeça,,38252,76117,0,-1,0,0,0,0,0,0,0,0,0,0,31212,1,703,0,2,35651720,32768,268435968,0,0,0,-1,-1
58779,Céu limpo,,38253,76118,0,-1,0,0,0,0,0,0,0,0,0,0,31213,0,703,0,2,35651720,32768,268435968,0,0,0,-1,-1
58780,Arautos da colmeia,,38254,76119,0,-1,0,0,0,0,0,0,0,0,0,0,31214,1,703,0,2,35651720,32768,268435968,0,0,0,-1,-1
58781,Terrores das profundezas,,38255,76108,0,-1,0,0,0,0,0,0,0,0,0,0,31203,0,703,0,2,35651720,32768,268435968,0,0,0,-1,-1
58782,O que ficou para trás,,38256,76109,0,-1,0,0,0,0,0,0,0,0,0,0,31204,0,703,0,2,35651720,32768,268435968,0,0,0,-1,-1
58881,Missão de Rastreamento,,38353,0,0,-1,0,0,0,0,0,0,0,0,0,0,0,265,703,0,3,34144320,0,0,0,0,0,-1,-1
58900,Pule de dez,,38369,0,0,-1,0,0,0,0,0,0,0,0,0,0,0,0,1335,0,2,39845896,8192,268435968,59837,0,0,-1,-1
58918,Huwerath,,38387,73557,0,-1,0,0,0,0,0,0,0,0,0,0,32643,0,742,0,3,40436160,0,268439552,0,0,0,-1,-1
58952,Chamas purgatórias,,38421,77118,0,-1,0,0,0,0,0,0,0,0,0,0,31054,109,703,0,3,36241408,524288,268447744,0,0,0,-1,-1
58961,Colonos emboscados,,38430,77118,0,-1,0,0,0,0,0,0,0,0,0,0,31055,109,703,0,3,36241408,524288,268447744,0,0,0,-1,-1
58974,Colonos emboscados,,38443,77118,0,-1,0,0,0,0,0,0,0,0,0,0,31056,109,703,0,3,36241408,524288,268447744,0,0,0,-1,-1
58975,Remoção de pragas,,38444,0,0,-1,1,0,0,0,0,0,0,0,0,0,32072,109,2060,0,3,37290240,0,268435456,57559,62706,0,-1,-1
58981,Colmeia endurecida,,38450,77118,0,-1,0,0,0,0,0,0,0,0,0,0,31057,109,703,0,3,36241408,524288,268447744,0,0,0,-1,-1
58985,Alma aterrorizada,,38452,21439,0,-1,0,0,0,0,0,0,0,0,0,0,0,0,742,0,3,40440128,0,268435456,0,0,0,-1,-1
58990,Ovo de titanus,,38457,77118,0,-1,0,0,0,0,0,0,0,0,0,0,31058,109,703,0,3,36241408,524288,268447744,0,0,0,-1,-1
58993,Defesa do enxame,,38460,0,0,-1,1,0,0,0,0,0,0,0,0,0,32054,109,2060,0,3,37290240,0,268435456,57559,62706,0,-1,-1
58999,Alma agrilhoada,,38465,21439,0,-1,0,0,0,0,0,0,0,0,0,0,0,0,742,0,3,40440128,0,268439552,0,0,0,-1,-1
59003,Casulos combustíveis,,38469,77118,0,-1,0,0,0,0,0,0,0,0,0,0,31059,109,703,0,3,36241408,524288,268447744,0,0,0,-1,-1
59007,Poço das almas,,38473,89148,0,-1,0,0,0,0,0,0,0,0,0,0,0,0,742,0,3,40440256,0,268435456,0,0,0,-1,-1
59015,Recordação hostil,,38481,93206,0,-1,0,0,0,0,0,0,0,0,0,0,0,0,1319,0,3,34144256,0,268435456,58977,0,0,-1,-1
59067,Orbe da extricação,,38532,21439,0,-1,0,0,0,0,0,0,0,0,0,0,0,0,742,0,3,40440128,0,268435456,0,0,0,-1,-1
59183,Tristeza à deriva,,38617,73557,0,-1,0,0,0,0,0,0,0,0,0,0,32646,0,742,0,3,40436160,0,268439552,0,0,0,-1,-1
59184,Borr-Geth,,38618,73557,0,-1,0,0,0,0,0,0,0,0,0,0,0,0,742,0,3,38342976,0,268439552,0,0,0,-1,-1
59211,Vila esquecida,,38657,88458,0,-1,0,0,0,0,0,0,0,0,0,0,0,0,746,0,3,34144256,0,268435456,60313,0,0,-1,-1
59229,Perscrutador pantagruélico,,38675,73557,0,-1,0,0,0,0,0,0,0,0,0,0,0,0,742,0,3,40440128,0,268439552,0,0,0,-1,-1
59230,"Dartanos, Esfolador de Almas",,38676,73557,0,-1,0,0,0,0,0,0,0,0,0,0,32645,0,742,0,3,36241856,0,268439552,0,0,0,-1,-1
59234,Mistura monstruosa,,38680,88288,0,-1,0,0,0,0,0,0,0,0,0,0,31106,109,837,0,3,40435968,8192,268435968,0,0,0,-1,-1
59259,O Atormentador Eterno,,38705,73557,0,-1,0,0,0,0,0,0,0,0,0,0,0,0,742,0,3,40440256,0,268439552,0,0,0,-1,-1
59441,Almeiro Yol-Mattar,,38874,73557,0,-1,0,0,0,0,0,0,0,0,0,0,32639,0,742,0,3,40436160,0,268439552,0,0,0,-1,-1
59578,Hora da humildade,,39010,0,0,-1,1,0,0,0,0,0,0,0,0,0,31259,109,837,0,3,37290240,0,268435456,57559,62706,0,-1,-1
59581,A força de Pecádia,,39012,73555,0,-1,0,0,0,0,0,0,0,0,0,0,31227,109,837,0,3,36241664,0,268435456,0,0,0,-1,-1
59585,Você ainda será aspirante,,39016,0,0,-1,1,0,0,0,0,0,0,0,0,0,31233,109,837,0,3,37290240,0,268435456,57559,62706,0,-1,-1
59598,Bom para a alma,,39029,127305,0,-1,0,0,0,0,0,0,0,0,0,0,0,0,837,0,2,37748736,4202496,268435976,0,0,0,-1,-1
59599,Preservação da corte,,39030,73555,0,-1,0,0,0,0,0,0,0,0,0,0,31236,109,837,0,3,36241664,8192,268435456,0,0,0,-1,-1
59600,Uma encrenca putrissarça,,39031,0,0,-1,1,0,0,0,0,0,0,0,0,0,31237,109,2060,0,3,36241664,0,268435456,57559,62706,0,-1,-1
59601,Ataque ao vestíbulo,,39032,87182,0,-1,1,0,0,0,0,0,0,0,0,0,31261,109,837,0,3,3735808,0,268435456,57559,62706,0,-1,-1
59603,A serviço das Terras Sombrias,,39034,87677,0,-1,0,0,0,0,0,0,0,0,0,0,0,0,837,0,2,38797312,4202496,268435976,63054,0,0,-1,-1
59609,Onde os mortos não têm descanso,,39037,70104,0,-1,0,0,0,0,0,0,0,0,0,0,0,0,837,0,2,39845888,4202496,268435976,62848,0,0,-1,-1
59617,Demônios de Pedra sabotadores,,39044,88130,0,-1,0,0,0,0,0,0,0,0,0,0,31246,109,2060,0,3,36241664,8192,268435456,0,0,0,-1,-1
59642,Arrancando os cabelos,,39068,88843,0,-1,0,0,0,0,0,0,0,0,0,0,29956,109,837,0,3,40435968,8192,268435968,0,0,0,-1,-1
59643,Dia de corrida na Muralha!,,39069,73555,0,-1,0,0,0,0,0,0,0,0,0,0,31262,109,837,0,3,40435968,8192,268435456,0,0,0,-1,-1
59658,Dominância expressa,,39661,71941,0,-1,1,0,0,0,0,0,0,0,0,0,31397,113,837,0,3,3735808,0,268435456,57559,62706,0,-1,-1
59680,A véspera vil de Vesífona,,39122,87248,0,-1,1,0,0,0,0,0,0,0,0,0,31274,109,837,0,3,36241664,8192,268435456,57559,62706,0,-1,-1
59703,Missão de bombardeio,,39146,79434,0,-1,0,0,0,0,0,0,0,0,0,0,31294,109,837,0,3,36241664,0,268435456,0,0,0,-1,-1
59705,Coisas lembradas,,39148,0,0,-1,1,0,0,0,0,0,0,0,0,0,31301,109,837,0,3,37290240,0,268435456,57559,62706,0,-1,-1
59717,Coisas lembradas,,39160,0,0,-1,1,0,0,0,0,0,0,0,0,0,31325,109,837,0,3,37290240,0,268435456,57559,62706,0,-1,-1
59718,Sombrinha perigosa,,39161,73555,0,-1,0,0,0,0,0,0,0,0,0,0,31352,109,837,0,3,40435968,8192,268435456,0,0,0,-1,-1
59743,Uma aranha na parede,,39186,74689,0,-1,0,0,0,0,0,0,0,0,0,0,31373,109,2060,0,3,36241664,0,268435456,0,0,0,-1,-1
59771,História de corrupção,,39215,95859,0,-1,1,0,0,0,0,0,0,0,0,177836,31385,109,837,0,3,36241664,0,268435456,57559,62706,0,-1,-1
59772,Desgraça de pesquisa,,39216,83700,0,-1,0,0,0,0,0,0,0,0,0,0,33141,0,1401,0,2,33554440,32768,268435968,0,0,0,-1,-1
59782,Os devotos do Morta-voz,,39222,83703,0,-1,0,0,0,0,0,0,0,0,0,0,33139,0,1401,0,2,33554440,32768,268435968,0,0,0,-1,-1
59783,Raptores sectários,,39223,83703,0,-1,0,0,0,0,0,0,0,0,0,0,33140,0,1401,0,2,33554440,32768,268435968,0,0,0,-1,-1
59789,Dízimo e impostos,,39225,83243,0,-1,0,0,0,0,0,0,0,0,0,0,31391,109,837,0,3,36372736,8192,268435456,0,0,0,-1,-1
59803,Pela honra,,39237,71941,0,-1,1,0,0,0,0,0,0,0,0,0,31396,113,837,0,3,3735808,0,268435456,57559,62706,0,-1,-1
59804,Portais do horror,,39238,0,0,-1,1,0,0,0,0,0,0,0,0,0,31392,109,837,0,3,36241664,0,268435456,57559,62706,0,-1,-1
59808,Lodo por todo lado,,39242,73555,0,-1,0,0,0,0,0,0,0,0,0,0,31393,109,837,0,3,36372736,0,268435456,0,0,0,-1,-1
59825,Caça às sementes,,39268,71941,0,-1,1,0,0,0,0,0,0,0,0,0,31398,113,837,0,3,3735808,0,268435456,57559,62706,0,-1,-1
59826,Aposte em você,,39261,0,0,-1,131073,0,0,0,0,0,0,0,0,0,31399,1,837,0,2,39845896,40960,268435968,57316,59843,0,-1,-1
59827,Aposte em você,,39262,0,0,-1,131073,0,0,0,0,0,0,0,0,0,31401,1,837,0,2,39845896,40960,268435968,57316,59843,0,-1,-1
59828,Aposte em você,,39263,0,0,-1,131073,0,0,0,0,0,0,0,0,0,31400,1,837,0,2,39845896,40960,268435968,57316,59843,0,-1,-1
59836,Batalhas vencidas há muito tempo,,42431,74689,0,-1,0,0,0,0,0,0,0,0,0,0,32715,109,837,0,3,40435968,8192,268435456,0,0,0,-1,-1
59838,Máquinas de guerra do Flagelo,,39274,83700,0,-1,0,0,0,0,0,0,0,0,0,182313,33487,0,1401,0,2,33554440,32768,268435968,0,0,0,-1,-1
59839,AVISO: é só um teste!,,39275,87032,0,-1,0,0,0,0,0,0,0,0,0,0,33223,0,1401,0,2,33554440,32768,268435968,0,0,0,-1,-1
59843,Tracking Quest,,39278,0,0,-1,1,0,0,0,0,0,0,0,0,0,0,0,0,0,2,33588224,0,512,0,0,0,-1,-1
59847,Defendendo a paliçada,,39280,83700,0,-1,0,0,0,0,0,0,0,0,0,0,33494,0,1401,0,2,33554440,32768,268435968,0,0,0,-1,-1
59848,Chá com histórias: Theotar,,39281,78835,0,-1,0,0,0,0,0,0,0,0,0,0,34807,109,837,0,3,36241664,0,268435456,0,0,0,-1,-1
59850,Chá com histórias: Vulca,,39282,78836,0,-1,0,0,0,0,0,0,0,0,0,0,34807,109,837,0,3,36241664,0,268435456,0,0,0,-1,-1
59851,Enxugando gelo,,39283,83700,0,-1,0,0,0,0,0,0,0,0,0,182199,33413,0,1401,0,2,33554440,32768,268435968,0,0,0,-1,-1
59852,Chá com histórias: Truco e Treco,,39284,78837,0,-1,0,0,0,0,0,0,0,0,0,0,34807,109,837,0,3,36241664,0,268435456,0,0,0,-1,-1
59853,Chá com histórias: Sibila Perdida,,39285,78838,0,-1,0,0,0,0,0,0,0,0,0,0,34808,109,837,0,3,36241664,0,268435456,0,0,0,-1,-1
59855,Interrupções de espelho maior,,39287,79970,0,-1,0,0,0,0,0,0,0,0,0,0,33667,109,837,0,3,40435968,0,268435456,0,0,0,-1,-1
59863,Nulificador de combate 07-X,,39297,87032,0,-1,0,0,0,0,0,0,0,0,0,0,33447,0,1401,0,2,36700168,32768,268435968,0,0,0,-1,-1
59867,PROCURA-SE: Avaliador Vix,,39300,79462,0,-1,0,0,0,0,0,0,0,0,0,0,0,1,837,0,2,39845888,8192,268435968,0,0,0,-1,-1
59878,Dragonetes demais,,39312,83703,0,-1,1,0,0,0,0,0,0,0,0,0,33200,0,1401,0,2,33554440,32768,268435968,0,0,0,-1,-1
59902,Um tesouro estranho,,39335,73555,0,-1,0,0,0,0,0,0,0,0,0,0,31481,109,837,0,3,40435968,8192,268435456,0,0,0,-1,-1
59904,Um tesouro estranho,,39337,73555,0,-1,0,0,0,0,0,0,0,0,0,0,31482,109,837,0,3,40435968,8192,268435456,0,0,0,-1,-1
59905,Um tesouro estranho,,39338,73555,0,-1,0,0,0,0,0,0,0,0,0,0,31483,109,837,0,3,40435968,8192,268435456,0,0,0,-1,-1
60010,Tresmálium: almas libertas,,39436,21439,0,-1,0,0,0,0,0,0,0,0,0,0,5740,109,742,0,3,34144512,0,268435456,0,0,0,-1,-1
60011,Cálcis: decodificação,,39437,73557,0,-1,0,0,0,0,0,0,0,0,0,0,3785,136,742,0,3,34144256,0,268435456,0,0,0,-1,-1
60012,Caldeirão de Zovaal: estígia transbordante,,39438,21439,0,-1,0,0,0,0,0,0,0,0,0,0,5740,136,742,0,3,34144256,0,268435456,0,0,0,-1,-1
60110,Amigo certo nas horas incertas,,39514,70104,0,-1,1,0,0,0,0,0,0,0,0,0,0,0,837,0,2,39845888,8192,268435968,60049,57648,0,-1,-1
60111,Como forjar uma amizade,,39515,70104,0,-1,0,0,0,0,0,0,0,0,0,0,0,0,837,0,2,39845888,8192,268435968,62406,0,0,-1,-1
60231,Estado de decomposição,,41840,71941,0,-1,1,0,0,0,0,0,0,0,0,0,31600,113,837,0,3,3735808,0,268435456,57559,62706,0,-1,-1
60236,RSVP: Guardião da Cripta Kassir,,0,90001,0,-1,0,0,0,0,0,0,0,0,0,0,0,0,2060,0,2,2097152,32768,268435968,61704,0,0,-1,-1
60291,Cadáver para viagem,,39670,88018,0,-1,0,0,0,0,0,0,0,0,0,178599,0,0,2060,0,2,39878664,8192,268435968,57597,0,0,-1,-1
60337,Soldado em pupa,,39709,0,0,-1,1,0,0,0,0,0,0,0,0,0,31710,109,837,0,3,37290240,0,268435456,57559,62706,0,-1,-1
60358,Caça à dourenita,,39728,84987,0,-1,1,0,0,0,0,0,0,0,0,0,31718,271,2060,0,2,101187840,0,268435456,0,0,0,-1,-1
60363,Caça à dourenita,,39728,84988,0,-1,1,0,0,0,0,0,0,0,0,0,31718,271,2060,0,2,101187840,0,268435456,0,0,0,-1,-1
60364,Caça à dourenita,,39728,84990,0,-1,1,0,0,0,0,0,0,0,0,0,31718,271,2060,0,2,101187840,0,268435456,0,0,0,-1,-1
60365,Caça à dourenita,,39728,84989,0,-1,1,0,0,0,0,0,0,0,0,0,31718,271,2060,0,2,101187840,0,268435456,0,0,0,-1,-1
60369,Lenhardena vale a pena,,39736,84990,0,-1,1,0,0,0,0,0,0,0,0,0,31814,271,2060,0,2,101187840,0,268435456,0,0,0,-1,-1
60370,Lenhardena vale a pena,,39736,84989,0,-1,1,0,0,0,0,0,0,0,0,0,31814,271,2060,0,2,101187840,0,268435456,0,0,0,-1,-1
60371,Lenhardena vale a pena,,39736,84988,0,-1,1,0,0,0,0,0,0,0,0,0,31814,271,2060,0,2,101187840,0,268435456,0,0,0,-1,-1
60372,Lenhardena vale a pena,,39736,84987,0,-1,1,0,0,0,0,0,0,0,0,0,31814,271,2060,0,2,101187840,0,268435456,0,0,0,-1,-1
60373,Que venham as vinhas,,39737,84990,0,-1,1,0,0,0,0,0,0,0,0,0,31813,271,2060,0,2,101187840,0,268435456,0,0,0,-1,-1
60374,Manda mais metalosso,,39738,84990,0,-1,1,0,0,0,0,0,0,0,0,0,31812,271,2060,0,2,101187840,0,268435456,0,0,0,-1,-1
60375,Manda mais metalosso,,39738,84989,0,-1,1,0,0,0,0,0,0,0,0,0,31812,271,2060,0,2,101187840,0,268435456,0,0,0,-1,-1
60376,Manda mais metalosso,,39738,84988,0,-1,1,0,0,0,0,0,0,0,0,0,31812,271,2060,0,2,101187840,0,268435456,0,0,0,-1,-1
60377,Manda mais metalosso,,39738,84987,0,-1,1,0,0,0,0,0,0,0,0,0,31812,271,2060,0,2,101187840,0,268435456,0,0,0,-1,-1
60378,Que venham as vinhas,,39737,84989,0,-1,1,0,0,0,0,0,0,0,0,0,31813,271,2060,0,2,101187840,0,268435456,0,0,0,-1,-1
60379,Que venham as vinhas,,39737,84988,0,-1,1,0,0,0,0,0,0,0,0,0,31813,271,2060,0,2,101187840,0,268435456,0,0,0,-1,-1
60380,Que venham as vinhas,,39737,84987,0,-1,1,0,0,0,0,0,0,0,0,0,31813,271,2060,0,2,101187840,0,268435456,0,0,0,-1,-1
60381,Ajuda a Ardena,,39739,84990,0,-1,0,0,0,0,0,0,0,0,0,0,31818,271,2060,0,2,101187840,0,268435456,62693,0,0,-1,-1
60382,Ajuda a Revendreth,,39740,84990,0,-1,1,0,0,0,0,0,0,0,0,0,31817,271,2060,0,2,101187840,0,268435456,0,0,0,-1,-1
60383,Ajuda a Maldraxxus,,39741,84990,0,-1,1,0,0,0,0,0,0,0,0,0,31816,271,2060,0,2,101187840,0,268435456,0,0,0,-1,-1
60384,Ajuda ao Bastião,,39742,84990,0,-1,1,0,0,0,0,0,0,0,0,0,31815,271,2060,0,2,101187840,0,268435456,0,0,0,-1,-1
60385,Treinamento em Revendreth,,39743,84990,0,-1,1,0,0,0,0,0,0,0,0,0,31821,271,2060,0,2,104333568,0,268435456,0,0,0,-1,-1
60386,Treinamento em Maldraxxus,,39744,84990,0,-1,1,0,0,0,0,0,0,0,0,0,31820,271,2060,0,2,104333568,0,268435456,0,0,0,-1,-1
60387,Aprendiz no Bastião,,39745,84990,0,-1,1,0,0,0,0,0,0,0,0,0,31819,271,2060,0,2,104333568,0,268435456,0,0,0,-1,-1
60388,Treinamento das forças,,39746,84990,0,-1,1,0,0,0,0,0,0,0,0,0,31822,271,2060,0,2,104333568,0,268435456,0,0,0,-1,-1
60389,Ajuda a Ardena,,39739,84989,0,-1,1,0,0,0,0,0,0,0,0,0,31818,271,2060,0,2,101187840,0,268435456,0,0,0,-1,-1
60390,Ajuda a Ardena,,39739,84988,0,-1,1,0,0,0,0,0,0,0,0,0,31818,271,2060,0,2,101187840,0,268435456,0,0,0,-1,-1
60391,Ajuda a Ardena,,39739,84987,0,-1,1,0,0,0,0,0,0,0,0,0,31818,271,2060,0,2,101187840,0,268435456,0,0,0,-1,-1
60392,Ajuda ao Bastião,,39742,84987,0,-1,0,0,0,0,0,0,0,0,0,0,31815,271,2060,0,2,101187840,0,268435456,62692,0,0,-1,-1
60393,Ajuda ao Bastião,,39742,84988,0,-1,1,0,0,0,0,0,0,0,0,0,31815,271,2060,0,2,101187840,0,268435456,0,0,0,-1,-1
60394,Ajuda ao Bastião,,39742,84989,0,-1,1,0,0,0,0,0,0,0,0,0,31815,271,2060,0,2,101187840,0,268435456,0,0,0,-1,-1
60395,Ajuda a Maldraxxus,,39741,84987,0,-1,1,0,0,0,0,0,0,0,0,0,31816,271,2060,0,2,101187840,0,268435456,0,0,0,-1,-1
60396,Ajuda a Maldraxxus,,39741,84988,0,-1,0,0,0,0,0,0,0,0,0,0,31816,271,2060,0,2,101187840,0,268435456,62694,0,0,-1,-1
60397,Ajuda a Maldraxxus,,39741,84989,0,-1,1,0,0,0,0,0,0,0,0,0,31816,271,2060,0,2,101187840,0,268435456,0,0,0,-1,-1
60398,Ajuda a Revendreth,,39740,84988,0,-1,1,0,0,0,0,0,0,0,0,0,31817,271,2060,0,2,101187840,0,268435456,0,0,0,-1,-1
60399,Ajuda a Revendreth,,39740,84989,0,-1,0,0,0,0,0,0,0,0,0,0,31817,271,2060,0,2,101187840,0,268435456,62691,0,0,-1,-1
60400,Ajuda a Revendreth,,39740,84987,0,-1,1,0,0,0,0,0,0,0,0,0,31817,271,2060,0,2,101187840,0,268435456,0,0,0,-1,-1
60401,Treinamento em Ardena,,39746,84989,0,-1,1,0,0,0,0,0,0,0,0,0,31822,271,2060,0,2,104333568,0,268435456,0,0,0,-1,-1
60402,Treinamento em Ardena,,39746,84988,0,-1,1,0,0,0,0,0,0,0,0,0,31822,271,2060,0,2,104333568,0,268435456,0,0,0,-1,-1
60403,Treinamento em Ardena,,39746,84987,0,-1,1,0,0,0,0,0,0,0,0,0,31822,271,2060,0,2,104333568,0,268435456,0,0,0,-1,-1
60404,Treinamento das forças,,39745,84987,0,-1,1,0,0,0,0,0,0,0,0,0,31819,271,2060,0,2,104333568,0,268435456,0,0,0,-1,-1
60405,Aprendiz no Bastião,,39745,84988,0,-1,1,0,0,0,0,0,0,0,0,0,31819,271,2060,0,2,104333568,0,268435456,0,0,0,-1,-1
60406,Aprendiz no Bastião,,39745,84989,0,-1,1,0,0,0,0,0,0,0,0,0,31819,271,2060,0,2,104333568,0,268435456,0,0,0,-1,-1
60407,Treinamento em Maldraxxus,,39744,84987,0,-1,1,0,0,0,0,0,0,0,0,0,31820,271,2060,0,2,104333568,0,268435456,0,0,0,-1,-1
60408,Treinamento das forças,,39744,84988,0,-1,1,0,0,0,0,0,0,0,0,0,31820,271,2060,0,2,104333568,0,268435456,0,0,0,-1,-1
60409,Treinamento em Maldraxxus,,39744,84989,0,-1,1,0,0,0,0,0,0,0,0,0,31820,271,2060,0,2,104333568,0,268435456,0,0,0,-1,-1
60410,Treinamento das forças,,39743,84989,0,-1,0,0,0,0,0,0,0,0,0,0,31821,271,2060,0,2,104333568,0,268435456,62921,0,0,-1,-1
60411,Treinamento em Revendreth,,39743,84988,0,-1,1,0,0,0,0,0,0,0,0,0,31821,271,2060,0,2,104333568,0,268435456,0,0,0,-1,-1
60412,Treinamento em Revendreth,,39743,84987,0,-1,1,0,0,0,0,0,0,0,0,0,31821,271,2060,0,2,104333568,0,268435456,0,0,0,-1,-1
60414,Recursos raros,,39748,84990,0,-1,1,0,0,0,0,0,0,0,0,0,31823,271,2060,0,2,101187840,0,268435456,0,0,0,-1,-1
60415,Recursos Raros,,39748,84987,0,-1,1,0,0,0,0,0,0,0,0,0,31823,271,2060,0,2,101187840,0,268435456,0,0,0,-1,-1
60416,Recursos raros,,39748,84988,0,-1,1,0,0,0,0,0,0,0,0,0,31823,271,2060,0,2,101187840,0,268435456,0,0,0,-1,-1
60417,Recursos Raros,,39748,84989,0,-1,1,0,0,0,0,0,0,0,0,0,31823,271,2060,0,2,101187840,0,268435456,0,0,0,-1,-1
60418,Um chamado ao Bastião,,39749,84990,0,-1,1,0,0,0,0,0,0,0,0,0,31824,271,2060,0,2,101187840,0,268435456,0,0,0,-1,-1
60419,Problemas em casa,,39750,84990,0,-1,1,0,0,0,0,0,0,0,0,0,31825,271,2060,0,2,101187840,0,268435456,0,0,0,-1,-1
60420,Um chamado a Maldraxxus,,39751,84990,0,-1,1,0,0,0,0,0,0,0,0,0,31827,271,2060,0,2,101187840,0,268435456,0,0,0,-1,-1
60421,Um chamado a Revendreth,,39752,84990,0,-1,1,0,0,0,0,0,0,0,0,0,31826,271,2060,0,2,101187840,0,268435456,0,0,0,-1,-1
60422,Um chamado a Ardena,,39750,84989,0,-1,1,0,0,0,0,0,0,0,0,0,31825,271,2060,0,2,101187840,0,268435456,0,0,0,-1,-1
60423,Um chamado a Ardena,,39750,84988,0,-1,1,0,0,0,0,0,0,0,0,0,31825,271,2060,0,2,101187840,0,268435456,0,0,0,-1,-1
60424,Um chamado a Ardena,,39750,84987,0,-1,1,0,0,0,0,0,0,0,0,0,31825,271,2060,0,2,101187840,0,268435456,0,0,0,-1,-1
60425,Problemas em casa,,39749,84987,0,-1,1,0,0,0,0,0,0,0,0,0,31824,271,2060,0,2,101187840,0,268435456,0,0,0,-1,-1
60426,Um chamado ao Bastião,,39749,84988,0,-1,1,0,0,0,0,0,0,0,0,0,31824,271,2060,0,2,101187840,0,268435456,0,0,0,-1,-1
60427,Um chamado ao Bastião,,39749,84989,0,-1,1,0,0,0,0,0,0,0,0,0,31824,271,2060,0,2,101187840,0,268435456,0,0,0,-1,-1
60429,Problemas em casa,,39751,84988,0,-1,1,0,0,0,0,0,0,0,0,0,31827,271,2060,0,2,101187840,0,268435456,0,0,0,-1,-1
60430,Um chamado a Maldraxxus,,39751,84987,0,-1,1,0,0,0,0,0,0,0,0,0,31827,271,2060,0,2,101187840,0,268435456,0,0,0,-1,-1
60431,Um chamado a Maldraxxus,,39751,84989,0,-1,1,0,0,0,0,0,0,0,0,0,31827,271,2060,0,2,101187840,0,268435456,0,0,0,-1,-1
60432,Problemas em casa,,39752,84989,0,-1,1,0,0,0,0,0,0,0,0,0,31826,271,2060,0,2,101187840,0,268435456,0,0,0,-1,-1
60433,Um chamado a Revendreth,,39752,84988,0,-1,1,0,0,0,0,0,0,0,0,0,31826,271,2060,0,2,101187840,0,268435456,0,0,0,-1,-1
60434,Um chamado a Revendreth,,39752,84987,0,-1,1,0,0,0,0,0,0,0,0,0,31826,271,2060,0,2,101187840,0,268435456,0,0,0,-1,-1
60435,Desafios em Revendreth,,39754,84990,0,-1,1,0,0,0,0,0,0,0,0,0,31830,271,2060,0,2,101187840,0,268435456,0,0,0,-1,-1
60436,Desafios em Maldraxxus,,39755,84990,0,-1,1,0,0,0,0,0,0,0,0,0,31829,271,2060,0,2,101187840,0,268435456,0,0,0,-1,-1
60437,Desafios no Bastião,,39756,84990,0,-1,1,0,0,0,0,0,0,0,0,0,31828,271,2060,0,2,101187840,0,268435456,0,0,0,-1,-1
60438,Desafios em Ardena,,39757,84990,0,-1,1,0,0,0,0,0,0,0,0,0,31831,271,2060,0,2,101187840,0,268435456,0,0,0,-1,-1
60439,Desafios em Ardena,,39757,84987,0,-1,1,0,0,0,0,0,0,0,0,0,31831,271,2060,0,2,101187840,0,268435456,0,0,0,-1,-1
60440,Desafios em Ardena,,39757,84988,0,-1,1,0,0,0,0,0,0,0,0,0,31831,271,2060,0,2,101187840,0,268435456,0,0,0,-1,-1
60441,Desafios em Ardena,,39757,84989,0,-1,1,0,0,0,0,0,0,0,0,0,31831,271,2060,0,2,101187840,0,268435456,0,0,0,-1,-1
60442,Desafios no Bastião,,39756,84987,0,-1,1,0,0,0,0,0,0,0,0,0,31828,271,2060,0,2,101187840,0,268435456,0,0,0,-1,-1
60443,Desafios no Bastião,,39756,84988,0,-1,1,0,0,0,0,0,0,0,0,0,31828,271,2060,0,2,101187840,0,268435456,0,0,0,-1,-1
60444,Desafios no Bastião,,39756,84989,0,-1,1,0,0,0,0,0,0,0,0,0,31828,271,2060,0,2,101187840,0,268435456,0,0,0,-1,-1
60445,Desafios em Maldraxxus,,39755,84988,0,-1,1,0,0,0,0,0,0,0,0,0,31829,271,2060,0,2,101187840,0,268435456,0,0,0,-1,-1
60446,Desafios em Maldraxxus,,39755,84989,0,-1,1,0,0,0,0,0,0,0,0,0,31829,271,2060,0,2,101187840,0,268435456,0,0,0,-1,-1
60447,Desafios em Maldraxxus,,39755,84987,0,-1,1,0,0,0,0,0,0,0,0,0,31829,271,2060,0,2,101187840,0,268435456,0,0,0,-1,-1
60448,Desafios em Revendreth,,39754,84989,0,-1,1,0,0,0,0,0,0,0,0,0,31830,271,2060,0,2,101187840,0,268435456,0,0,0,-1,-1
60449,Desafios em Revendreth,,39754,84988,0,-1,1,0,0,0,0,0,0,0,0,0,31830,271,2060,0,2,101187840,0,268435456,0,0,0,-1,-1
60450,Desafios em Revendreth,,39754,84987,0,-1,1,0,0,0,0,0,0,0,0,0,31830,271,2060,0,2,101187840,0,268435456,0,0,0,-1,-1
60452,A tomada da Gorja,,39759,84990,0,-1,1,0,0,0,0,0,0,0,0,0,31832,271,2060,0,2,101187840,0,268435456,0,0,0,-1,-1
60454,A tomada da Gorja,,39759,84987,0,-1,1,0,0,0,0,0,0,0,0,0,31832,271,2060,0,2,101187840,0,268435456,0,0,0,-1,-1
60455,A tomada da Gorja,,39759,84988,0,-1,1,0,0,0,0,0,0,0,0,0,31832,271,2060,0,2,101187840,0,268435456,0,0,0,-1,-1
60456,A tomada da Gorja,,39759,84989,0,-1,1,0,0,0,0,0,0,0,0,0,31832,271,2060,0,2,101187840,0,268435456,0,0,0,-1,-1
60457,Resgate anímico,,39761,84990,0,-1,1,0,0,0,0,0,0,0,0,0,31833,271,2060,0,2,101187840,0,268435456,0,0,0,-1,-1
60458,Resgate anímico,,39761,84987,0,-1,1,0,0,0,0,0,0,0,0,0,31833,271,2060,0,2,101187840,0,268435456,0,0,0,-1,-1
60459,Resgate anímico,,39761,84988,0,-1,1,0,0,0,0,0,0,0,0,0,31833,271,2060,0,2,101187840,0,268435456,0,0,0,-1,-1
60460,Resgate anímico,,39761,84989,0,-1,1,0,0,0,0,0,0,0,0,0,31833,271,2060,0,2,101187840,0,268435456,0,0,0,-1,-1
60462,Apelo anímico,,39763,84990,0,-1,1,0,0,0,0,0,0,0,0,0,31834,271,2060,0,2,101187840,0,268435456,0,0,0,-1,-1
60463,Apelo anímico,,39763,84989,0,-1,1,0,0,0,0,0,0,0,0,0,31834,271,2060,0,2,101187840,0,268435456,0,0,0,-1,-1
60464,Apelo anímico,,39763,84988,0,-1,1,0,0,0,0,0,0,0,0,0,31834,271,2060,0,2,101187840,0,268435456,0,0,0,-1,-1
60465,Apelo anímico,,39763,84987,0,-1,1,0,0,0,0,0,0,0,0,0,31834,271,2060,0,2,101187840,0,268435456,0,0,0,-1,-1
60475,Vai para a oficina,,39773,0,0,-1,1,0,0,0,0,0,0,0,0,0,31863,109,837,0,3,37290240,0,268435456,57559,62706,0,-1,-1
60476,Vergônteo plus ultra!,,39774,0,0,-1,1,0,0,0,0,0,0,0,0,0,31862,109,837,0,3,41484544,8192,268435456,57559,62706,0,-1,-1
60531,Campeões escolhidos,,39828,73555,0,-1,0,0,0,0,0,0,0,0,0,0,31829,136,2060,0,3,36241664,0,268435968,0,0,0,-1,-1
60532,Destrua os dominantes,,39829,90864,0,-1,0,0,0,0,0,0,0,0,0,0,31830,136,2060,0,3,36241664,0,268435968,0,0,0,-1,-1
60533,Terrores em Tirna Scithe,,39830,89414,0,-1,1,0,0,0,0,0,0,0,0,0,31831,136,2060,0,3,36241664,0,268435968,57559,62706,0,-1,-1
60534,Moradores malditos,,39831,73555,0,-1,0,0,0,0,0,0,0,0,0,0,31828,136,2060,0,3,36241664,0,268435968,0,0,0,-1,-1
60542,Nathanos Arauto da Praga,,39839,83729,0,-1,0,0,0,0,0,0,0,0,0,0,0,112,1401,0,3,34177344,0,268435456,0,0,0,-1,-1
60564,"Três gorms entram, nenhum gorm sai",,39847,0,0,-1,1,0,0,0,0,0,0,0,0,0,31903,109,2060,0,3,37290240,0,268435456,57559,62706,0,-1,-1
60565,Um comissário para toda ocasião,,39848,0,0,-1,1,0,0,0,0,0,0,0,0,0,31905,109,837,0,3,37290240,0,268435456,57559,62706,0,-1,-1
60574,Chacoalhando cogumelos,,39856,0,0,-1,1,0,0,0,0,0,0,0,0,0,31910,109,2060,0,3,37290240,0,268435456,57559,62706,0,-1,-1
60585,Revolta dos vergônteos,,39865,86918,0,-1,1,0,0,0,0,0,0,0,0,0,31922,109,2060,0,3,41484544,8192,268435456,57559,62706,0,-1,-1
60597,Problemas no curral gormíneo,,39875,89214,0,-1,1,0,0,0,0,0,0,0,0,0,31930,109,837,0,3,37290240,0,268435456,57559,62706,0,-1,-1
60601,Treinamento Alanegra,,39879,79249,0,-1,1,0,0,0,0,0,0,0,0,0,31935,109,2060,0,3,107544832,8192,268435456,57559,62706,0,-1,-1
60602,Serviço Secreto,,39880,73555,0,-1,0,0,0,0,0,0,0,0,0,0,31936,109,2060,0,3,40435968,8192,268435456,0,0,0,-1,-1
60609,Quem devora os devoradores?,,39885,0,0,-1,1,0,0,0,0,0,0,0,0,0,31949,111,2060,0,3,37290240,0,268435456,57559,62706,0,-1,-1
60622,Olho do áugure,,39898,88667,0,-1,0,0,0,0,0,0,0,0,0,0,32571,0,742,0,2,35651720,32768,268435968,0,0,0,-1,-1
60623,AHHH! Monstros!,,39899,0,0,-1,1,0,0,0,0,0,0,0,0,0,32537,109,2060,0,3,37290240,0,268435456,57559,62706,0,-1,-1
60646,Sofrência cumulativa,,39922,88667,0,-1,0,0,0,0,0,0,0,0,0,0,32575,0,742,0,2,35783048,32768,268435968,0,0,0,-1,-1
60649,Uma pedra no sapato,,39925,88846,0,-1,1,0,0,0,0,0,0,0,0,0,31981,109,2060,0,3,37290240,0,268435456,57559,62706,0,-1,-1
60653,Restauração de espelho,,39929,73555,0,-1,0,0,0,0,0,0,0,0,0,0,31992,109,837,0,3,40435968,8192,268435456,0,0,0,-1,-1
60654,Almas fervilhantes,,39930,73555,0,-1,0,0,0,0,0,0,0,0,0,0,31991,109,2060,0,3,40435968,8192,268435456,0,0,0,-1,-1
60655,Demônio de Pedra roubado,,39931,73555,0,-1,0,0,0,0,0,0,0,0,0,180249,31990,109,2060,0,3,40435968,8192,268435456,0,0,0,-1,-1
60656,Evoque seus pecados,,39932,73555,0,-1,0,0,0,0,0,0,0,0,0,0,31989,109,2060,0,3,40435968,8192,268435456,0,0,0,-1,-1
60657,A ajuda vem de cima,,39933,73555,0,-1,0,0,0,0,0,0,0,0,0,0,31988,109,837,0,3,40435968,8192,268435456,0,0,0,-1,-1
60658,Apetite insaciável,,39934,89125,0,-1,0,0,0,0,0,0,0,0,0,0,31987,109,837,0,3,40435968,8192,268435456,0,0,0,-1,-1
60659,Defesa da Luz,,39935,73555,0,-1,0,0,0,0,0,0,0,0,0,0,31986,109,837,0,3,40435968,8192,268435456,0,0,0,-1,-1
60732,Interrompendo o fluxo,,40004,88666,0,-1,0,0,0,0,0,0,0,0,0,0,34303,0,742,0,2,35651720,32768,268435968,0,0,0,-1,-1
60739,Multidão resistente,,40010,82056,0,-1,1,0,0,0,0,0,0,0,0,0,32055,109,2060,0,3,37290240,0,268435456,57559,62706,0,-1,-1
60762,Grânulos da morte,,40018,88667,0,-1,0,0,0,0,0,0,0,0,0,0,32578,0,742,0,2,2097544,32768,268435968,0,0,0,-1,-1
60770,Esmagar e queimar,,40026,88170,0,-1,1,0,0,0,0,0,0,0,0,180274,32090,109,837,0,3,305725696,0,268435456,57559,62706,0,-1,-1
60775,Um fim apropriado,,40031,88667,0,-1,0,0,0,0,0,0,0,0,0,0,32580,0,742,0,2,35783048,32768,268435968,0,0,0,-1,-1
60786,Defesa do enxame,,40040,0,0,-1,1,0,0,0,0,0,0,0,0,0,32134,109,2060,0,3,37290240,0,268435456,57559,62706,0,-1,-1
60837,Ira de Aliothe,,40092,82170,0,-1,1,0,0,0,0,0,0,0,0,0,32143,109,2060,0,3,41484544,8192,268435456,57559,62706,0,-1,-1
60840,Ofensiva da Caçada Selvagem,,40095,81411,0,-1,0,0,0,0,0,0,0,0,0,0,0,0,1931,0,3,271122432,0,268468736,0,0,0,-1,-1
60841,Esforço de evacuação,,40096,83703,0,-1,0,0,0,0,0,0,0,0,0,0,33201,0,1401,0,2,33554440,32768,268435968,0,0,0,-1,-1
60842,A serviço dos vergônteos,,40097,0,0,-1,1,0,0,0,0,0,0,0,0,0,32145,109,2060,0,3,37421312,0,268435456,57559,62706,0,-1,-1
60844,Escola de Voo: caindo com estilo,,40099,87575,0,-1,0,0,0,0,0,0,0,0,0,0,32154,109,2060,0,3,40435968,0,268435456,0,0,0,-1,-1
60855,Gormagedom,,40110,88170,0,-1,1,0,0,0,0,0,0,0,0,0,32155,109,837,0,3,41484544,8192,268435456,57559,62706,0,-1,-1
60858,Escola de Voo: para o alto e avante!,,40113,88579,0,-1,0,0,0,0,0,0,0,0,0,0,32182,109,2060,0,3,40435968,0,268435456,0,0,0,-1,-1
60872,Uma colheita perigosa,,40121,88941,0,-1,1,0,0,0,0,0,0,0,0,0,32183,109,837,0,3,41484544,8192,268435456,57559,62706,0,-1,-1
60899,Uma noite no bosque,,40146,0,0,-1,1,0,0,0,0,0,0,0,0,0,32241,109,2060,0,3,37290240,0,268435456,57559,62706,0,-1,-1
60903,Krala,,40150,76424,0,-1,0,0,0,0,0,0,0,0,0,0,33680,0,742,0,3,36241792,0,268435456,0,0,0,-1,-1
60911,Escola de Voo: bateu asas e voou,,40157,73555,0,-1,0,0,0,0,0,0,0,0,0,0,32259,109,2060,0,3,36241664,0,268435456,0,0,0,-1,-1
60916,RSVP: Cabeça-de-pedra,,0,90002,0,-1,0,0,0,0,0,0,0,0,0,0,0,0,2060,0,2,40894472,40960,268435968,0,0,0,-1,-1
60920,Akros,,40166,76424,0,-1,0,0,0,0,0,0,0,0,0,0,33679,0,742,0,3,36241792,0,268435456,0,0,0,-1,-1
60929,Supremacia aérea,,40176,73555,0,-1,0,0,0,0,0,0,0,0,0,0,32266,109,837,0,3,40435968,8192,268435456,0,0,0,-1,-1
60948,RSVP: A Condessa,,0,81753,0,-1,0,0,0,0,0,0,0,0,0,0,0,0,2060,0,2,37879816,40960,268435968,0,0,0,-1,-1
60950,Uma questão de furtividade,,40195,87202,0,-1,0,0,0,0,0,0,0,0,0,0,32291,109,837,0,3,40435968,8192,268435456,0,0,0,-1,-1
60958,Mandamos somente você,,40201,87133,0,-1,0,0,0,0,0,0,0,0,0,0,32294,109,837,0,3,36241664,0,268435456,0,0,0,-1,-1
60990,Tracking Quest,,40222,73557,0,-1,0,0,0,0,0,0,0,0,0,0,32639,0,742,0,3,34144512,0,0,0,0,0,-1,-1
60991,"Orrsagrin, Senhor da Sangria",,40349,73557,0,-1,0,0,0,0,0,0,0,0,0,0,32635,0,742,0,3,36241792,0,268439552,0,0,0,-1,-1
60992,"Razkazzar, Senhor dos Machados",,40224,73557,0,-1,0,0,0,0,0,0,0,0,0,0,32644,0,742,0,3,36241792,0,268439552,0,0,0,-1,-1
61059,RSVP: Rasgão e Cara-de-clava,,0,81980,0,-1,0,0,0,0,0,0,0,0,0,0,0,0,2060,0,2,8,32769,268435968,0,0,0,-1,-1
61060,Espírito esporotivo,,42457,74689,0,-1,0,0,0,0,0,0,0,0,0,0,32398,109,837,0,3,40435968,8192,268435456,0,0,0,-1,-1
61062,Auxiliar Dekaris,,40292,73557,0,-1,0,0,0,0,0,0,0,0,0,0,0,0,742,0,3,38342976,0,268439552,0,0,0,-1,-1
61075,Centelha de luz,,40307,88667,0,-1,0,0,0,0,0,0,0,0,0,180607,32573,0,742,0,2,35651976,32768,268435968,0,0,0,-1,-1
61079,O quinhão do Carcereiro,,40311,88667,0,-1,0,0,0,0,0,0,0,0,0,0,34301,0,742,0,2,35651976,32768,268435968,0,0,0,-1,-1
61088,Do pó ao pó,,42455,88667,0,-1,0,0,0,0,0,0,0,0,0,0,32570,0,742,0,2,35651720,32768,268435968,0,0,0,-1,-1
61092,RSVP: Grão-mestre Vole,,0,82033,0,-1,0,0,0,0,0,0,0,0,0,0,0,0,2060,0,2,33554504,32768,268435968,0,0,0,-1,-1
61103,Ciclo interrompido,,40329,88667,0,-1,0,0,0,0,0,0,0,0,0,0,32577,0,742,0,2,33554824,32768,268435968,0,0,0,-1,-1
61104,"Grathalax, o Extrator",,40330,88667,0,-1,0,0,0,0,0,0,0,0,0,0,32576,0,742,0,2,35651976,32768,268435968,0,0,0,-1,-1
61105,RSVP: Arquiteto da Peste Marileth,,0,82089,0,-1,0,0,0,0,0,0,0,0,0,0,0,0,2060,0,2,37748744,40960,268435968,0,0,0,-1,-1
61109,RSVP: Capitã de Caça Korayn,,0,82072,0,-1,0,0,0,0,0,0,0,0,0,0,0,0,2060,0,2,37748744,40960,268435968,0,0,0,-1,-1
61123,RSVP: Polemarco Adrestes,,0,82074,0,-1,0,0,0,0,0,0,0,0,0,0,0,0,2060,0,2,37748744,40960,268435968,0,0,0,-1,-1
61124,Mestiço entocador,,40348,73557,0,-1,0,0,0,0,0,0,0,0,0,0,32638,0,742,0,3,36241792,0,268439552,0,0,0,-1,-1
61125,Estígia malevolente,,40350,73557,0,-1,0,0,0,0,0,0,0,0,0,0,32636,0,742,0,3,36241792,0,268439552,0,0,0,-1,-1
61129,RSVP: Droman Aliothe,,0,82182,0,-1,0,0,0,0,0,0,0,0,0,0,0,0,2060,0,2,8,32769,268435968,0,0,0,-1,-1
61130,RSVP: Sika,,0,82184,0,-1,0,0,0,0,0,0,0,0,0,0,0,0,2060,0,2,37748744,32768,268435968,0,0,0,-1,-1
61136,Agonix,,40359,73557,0,-1,0,0,0,0,0,0,0,0,0,0,32637,0,742,0,3,36241792,0,268439552,0,0,0,-1,-1
61139,RSVP: Xufa,,0,82195,0,-1,0,0,0,0,0,0,0,0,0,0,0,0,2060,0,2,37748744,40960,268435968,0,0,0,-1,-1
61140,Dath Rezara,,40361,73557,0,-1,0,0,0,0,0,0,0,0,0,0,33928,0,742,0,3,36241792,0,268439552,0,0,0,-1,-1
61141,O brinquedo favorito de Presa da Morte,,40362,74689,0,-1,0,0,0,0,0,0,0,0,0,0,32523,109,837,0,3,41615616,8192,268435456,0,0,0,-1,-1
61148,AHHH! Monstros!,,40368,0,0,-1,1,0,0,0,0,0,0,0,0,0,32538,109,2060,0,3,37290240,0,268435456,57559,62706,0,-1,-1
61173,RSVP: Mikâniko,,0,82193,0,-1,0,0,0,0,0,0,0,0,0,0,0,0,2060,0,2,37748744,40960,268435968,0,0,0,-1,-1
61174,RSVP: Baronesa Vashj,,0,82474,0,-1,0,0,0,0,0,0,0,0,0,0,0,0,2060,0,2,35651592,40960,268435968,0,0,0,-1,-1
61189,Novos estudos gelatinosos,,40404,74689,0,-1,0,0,0,0,0,0,0,0,0,0,32589,109,837,0,3,36372736,8192,268435456,0,0,0,-1,-1
61220,AHHH! Monstros!,,40433,0,0,-1,1,0,0,0,0,0,0,0,0,0,32626,109,2060,0,3,37290240,0,268435456,57559,62706,0,-1,-1
61255,RSVP: Alexandros Mograine,,0,82699,0,-1,0,0,0,0,0,0,0,0,0,0,0,0,2060,0,2,33554440,32768,268435968,0,0,0,-1,-1
61256,RSVP: Kleia e Pelagos,,0,82701,0,-1,0,0,0,0,0,0,0,0,0,0,0,0,2060,0,2,33554440,32768,268435968,0,0,0,-1,-1
61303,Chuva de fagulhas,,40507,87009,0,-1,1,0,0,0,0,0,0,0,0,0,32651,109,837,0,3,37290240,0,268435456,57559,62706,0,-1,-1
61335,Mecânico em fuga,,40534,70104,0,-1,0,0,0,0,0,0,0,0,0,0,0,0,837,0,2,4194312,8192,268435968,61227,0,0,-1,-1
61337,A marcha do Protetor Eterno,,40536,0,0,-1,1,0,0,0,0,0,0,0,0,0,32713,109,2060,0,3,37290240,0,268435456,57559,62706,0,-1,-1
61342,Batalhas vencidas há muito tempo,,42432,74689,0,-1,0,0,0,0,0,0,0,0,0,0,32716,109,837,0,3,40435968,8192,268435456,0,0,0,-1,-1
61343,Batalhas vencidas há muito tempo,,39272,92609,0,-1,0,0,0,0,0,0,0,0,0,0,32717,109,837,0,3,40435968,8192,268435456,0,0,0,-1,-1
61346,"Ciríxia, a Quebra-vontades",,40539,73557,0,-1,0,0,0,0,0,0,0,0,0,0,32718,0,742,0,3,36241856,0,268439552,0,0,0,-1,-1
61352,Todos serão consumidos,,42456,74689,0,-1,0,0,0,0,0,0,0,0,0,0,32731,109,837,0,3,40435968,8192,268435456,0,0,0,-1,-1
61353,Todos serão consumidos,,40542,74689,0,-1,0,0,0,0,0,0,0,0,0,0,32732,109,837,0,3,40435968,8192,268435456,0,0,0,-1,-1
61354,RSVP: Lady Lunamora,,0,82703,0,-1,0,0,0,0,0,0,0,0,0,0,0,0,2060,0,2,37748744,40960,268435968,0,0,0,-1,-1
61394,Arremesso de gormíneo: Fontes Tranquilas,,40581,79261,0,-1,1,0,0,0,0,0,0,0,0,0,32744,109,2060,0,3,104530176,0,268435456,57559,62706,0,-1,-1
61398,Corte das Brasas: tradicional,,41047,83198,0,-1,0,0,0,0,0,0,0,0,0,0,0,0,2060,0,2,8,1,268435976,0,0,0,-1,-1
61399,Corte das Brasas: lembranças mortais,,41046,83200,0,-1,0,0,0,0,0,0,0,0,0,181367,0,0,2060,0,2,8,0,268435976,0,0,0,-1,-1
61400,Corte das Brasas: espelhos misteriosos,,41045,83211,0,-1,0,0,0,0,0,0,0,0,0,0,0,0,2060,0,2,33554440,0,268435976,0,0,0,-1,-1
61401,Corte das Brasas: voluntários venthyr,,41044,83212,0,-1,0,0,0,0,0,0,0,0,0,181716,0,0,2060,0,2,37748744,8192,268435976,0,0,0,-1,-1
61402,Corte das Brasas: reservas de litonatos,,41043,83213,0,-1,0,0,0,0,0,0,0,0,0,0,0,1,2060,0,2,40894472,8192,268435976,0,0,0,-1,-1
61403,Corte das Brasas: exército de Maldraxxus,,41042,83214,0,-1,0,0,0,0,0,0,0,0,0,0,0,0,2060,0,2,37748736,8192,268435976,0,0,0,-1,-1
61404,Corte das Brasas: chá das cinco do Truco,,41027,83215,0,-1,0,0,0,0,0,0,0,0,0,183943,0,1,2060,0,2,39976968,8192,268435976,61705,0,0,-1,-1
61405,Corte das Brasas: sobremesas suntuosas,,41041,83216,0,-1,0,0,0,0,0,0,0,0,0,0,0,0,2060,0,2,8,1,268435976,0,0,0,-1,-1
61406,Corte das Brasas: surpresa de cogumelos!,,41040,83217,0,-1,0,0,0,0,0,0,0,0,0,181828,0,0,2060,0,2,33554440,0,268435976,0,0,0,-1,-1
61407,Corte das Brasas: rituais de expiação,,41037,83218,0,-1,0,0,0,0,0,0,0,0,0,0,0,0,2060,0,2,8,0,268435976,61706,0,0,-1,-1
61408,Corte das Brasas: vislumbre da natureza selvagem,,41039,83219,0,-1,0,0,0,0,0,0,0,0,0,183944,0,0,2060,0,2,33554440,0,268435976,0,0,0,-1,-1
61411,Corações que continuarão,,40586,0,0,-1,1,0,0,0,0,0,0,0,0,0,32751,109,837,0,3,41615616,0,268435456,57559,62706,0,-1,-1
61434,Alquimia: Frasco de Disciplina Mesurada,,40601,0,0,-1,1,0,0,0,0,2750,25,0,0,0,34415,118,837,0,3,34144576,0,268435458,57559,62706,0,-1,-1
61435,Ferraria: pontas de flecha de espreitador,,40602,0,0,-1,1,0,0,0,0,2751,25,0,0,0,34400,116,837,0,3,34144576,0,268435458,57559,62706,0,-1,-1
61439,Culinária: Ensopado do Comissário,,40606,0,0,-1,1,0,0,0,0,2752,25,0,0,0,34417,131,837,0,3,34144576,0,268435458,57559,62706,0,-1,-1
61440,Encantamento: cesta sem fim,,40607,0,0,-1,1,0,0,0,0,2753,25,0,0,0,34402,123,837,0,3,34144576,0,268435458,57559,62706,0,-1,-1
61441,Engenharia: Martelo Hidráulico,,40608,0,0,-1,1,0,0,0,0,2755,25,0,0,0,34419,122,837,0,3,34144576,0,268435458,57559,62706,0,-1,-1
61442,Pesca: Barbatana Furta-cor Gloriosa,,40609,0,0,-1,1,0,0,0,0,2754,25,0,0,0,34420,130,837,0,3,34144576,0,268435458,57559,62706,0,-1,-1
61443,Herborismo: Glória-da-ascensão Varrida pelo Vento,,40610,0,0,-1,1,0,0,0,0,2760,25,0,0,0,34421,119,837,0,3,34144576,0,268435458,57559,62706,0,-1,-1
61446,Escrivania: Invocação do Dever,,40612,0,0,-1,1,0,0,0,0,2756,25,0,0,0,34422,126,837,0,3,34144576,0,268435458,57559,62706,0,-1,-1
61447,Joalheria: Colar de Kyranita Rebrilhante,,40613,0,0,-1,1,0,0,0,0,2757,25,0,0,0,34423,125,837,0,3,34144576,0,268435458,57559,62706,0,-1,-1
61449,Couraria: Arnês de Couraço,,40614,0,0,-1,1,0,0,0,0,2758,25,0,0,0,34424,117,837,0,3,34144576,0,268435458,57559,62706,0,-1,-1
61467,Mineração: Aglomerado de Solênio Luminoso,,40631,0,0,-1,1,0,0,0,0,2761,25,0,0,0,34412,120,837,0,3,34144576,0,268435458,57559,62706,0,-1,-1
61468,Esfolamento: Pelagem Felpuda de Pelo-de-cobre,,40632,0,0,-1,1,0,0,0,0,2762,25,0,0,0,34413,124,837,0,3,34144576,0,268435458,57559,62706,0,-1,-1
61469,Alfaiataria: Túnica de Teia Diáfana Entretecida,,40633,0,0,-1,1,0,0,0,0,2759,25,0,0,0,34414,121,837,0,3,34144576,0,268435458,57559,62706,0,-1,-1
61477,Chamando os campeões,,40638,74689,0,-1,0,0,0,0,0,0,0,0,0,0,33080,109,837,0,3,40435968,8192,268435456,0,0,0,-1,-1
61509,Brilhinhos do Bastião,,40665,87382,0,-1,131077,0,0,0,0,0,0,0,0,178554,0,0,2060,0,2,39878664,8192,268435968,60041,61516,61512,-1,-1
61510,Uma coleta abundante,,40666,87381,0,-1,131077,0,0,0,0,0,0,0,0,178554,0,0,2060,0,2,39878664,8192,268435968,60041,61516,61512,-1,-1
61511,Coisas deixadas para trás,,40667,87383,0,-1,131077,0,0,0,0,0,0,0,0,178554,0,0,2060,0,2,39878664,8192,268435968,60041,61516,61512,-1,-1
61512,Tracking Quest,,40668,0,0,-1,0,0,0,0,0,0,0,0,0,0,0,0,2060,0,2,33555456,0,520,0,0,0,-1,-1
61516,Tracking Quest,,40670,0,0,-1,0,0,0,0,0,0,0,0,0,0,0,0,2060,0,2,33588224,0,520,0,0,0,-1,-1
61517,,,40671,73557,0,-1,0,0,0,0,0,0,0,0,0,0,0,109,742,0,3,34148608,0,268439552,0,0,0,-1,-1
61520,Inimigo da minha Mnêmis,,40675,88576,0,-1,1,0,0,0,0,0,0,0,0,0,33159,109,2060,0,3,37290240,0,268435456,57559,62706,0,-1,-1
61521,Tracking Quest,,40676,0,0,-1,0,0,0,0,0,0,0,0,0,0,0,0,2060,0,2,33588224,0,512,0,0,0,-1,-1
61522,Cadáver para viagem,,40677,88019,0,-1,0,0,0,0,0,0,0,0,0,178599,0,0,2060,0,2,39878664,8192,268435968,57597,0,0,-1,-1
61523,Cadáver para viagem,,40678,88020,0,-1,0,0,0,0,0,0,0,0,0,178599,0,0,2060,0,2,39878664,8192,268435968,57597,0,0,-1,-1
61530,Mineração: aglomerado de faedro lenhoso,,40685,0,0,-1,1,0,0,0,0,2761,25,0,0,0,34409,120,837,0,3,34144576,0,268435458,57559,62706,0,-1,-1
61537,Mineração: aglomerado de oxxeína monolítica,,40692,0,0,-1,1,0,0,0,0,2761,25,0,0,0,34429,120,837,0,3,34144576,0,268435458,57559,62706,0,-1,-1
61538,Mineração: Aglomerado de Pecavyr Ameaçador,,40693,0,0,-1,1,0,0,0,0,2761,25,0,0,0,34444,120,837,0,3,34144576,0,268435458,57559,62706,0,-1,-1
61539,Sutura sinistra,,40694,92691,0,-1,0,0,0,0,0,0,0,0,0,0,33169,109,2060,0,3,40435968,8192,268435456,0,0,0,-1,-1
61540,Ases indomáveis,,40695,74689,0,-1,0,0,0,0,0,0,0,0,0,0,33172,109,837,0,3,40435968,8192,268435456,0,0,0,-1,-1
61543,Herborismo: tocha-da-vigília bruxuleante,,40698,0,0,-1,1,0,0,0,0,2760,25,0,0,0,34405,119,837,0,3,34144576,0,268435458,57559,62706,0,-1,-1
61544,Herborismo: Broto-de-viúva Viçoso,,40699,0,0,-1,1,0,0,0,0,2760,25,0,0,0,34441,119,837,0,3,34144576,0,268435458,57559,62706,0,-1,-1
61545,Herborismo: radicerne inchada,,40700,0,0,-1,1,0,0,0,0,2760,25,0,0,0,34425,119,837,0,3,34144576,0,268435458,57559,62706,0,-1,-1
61549,Condições áridas,,40704,0,0,-1,1,0,0,0,0,0,0,0,0,0,33179,109,837,0,3,37290240,0,268435456,57559,62706,0,-1,-1
61555,Alto-inquisidor Vetar,,42813,78576,0,-1,0,0,0,0,0,0,0,0,0,0,32041,272,2060,0,3,36245504,524288,268447744,0,0,0,-1,-1
61556,Penetras na festa,,42808,78576,0,-1,0,0,0,0,0,0,0,0,0,0,32041,272,2060,0,3,36245504,524288,268447744,0,0,0,-1,-1
61564,Ferraria: Escudo Kyriano Polido,,40719,0,0,-1,1,0,0,0,0,2751,25,0,0,0,34416,116,837,0,3,34144576,0,268435458,57559,62706,0,-1,-1
61565,Tracking Quest,,40720,73557,0,-1,0,0,0,0,0,0,0,0,0,0,33199,0,0,0,3,36242688,0,0,0,0,0,-1,-1
61593,Uma crise de memória,,40747,88580,0,-1,1,0,0,0,0,0,0,0,0,0,33224,109,2060,0,3,37290240,0,268435456,57559,62706,0,-1,-1
61595,Alquimia: Poção do Repouso Invernal,,40749,0,0,-1,1,0,0,0,0,2750,25,0,0,0,34399,118,837,0,3,34144576,0,268435458,57559,62706,0,-1,-1
61596,Culinária: Torta de Maçã de Ardena,,40750,0,0,-1,1,0,0,0,0,2752,25,0,0,0,34401,131,837,0,3,34144576,0,268435458,57559,62706,0,-1,-1
61597,Engenharia: Fulminseto,,40751,0,0,-1,1,0,0,0,0,2755,25,0,0,0,34403,122,837,0,3,34144576,0,268435458,57559,62706,0,-1,-1
61598,Pesca: Rabo-de-fogo Pintado,,40752,0,0,-1,1,0,0,0,0,2754,25,0,0,0,34404,130,837,0,3,34144576,0,268435458,57559,62706,0,-1,-1
61599,Escrivania: Hinário de Reprise,,40753,0,0,-1,1,0,0,0,0,2756,25,0,0,0,34406,126,837,0,3,34144576,0,268435458,57559,62706,0,-1,-1
61601,Joalheria: Pulseira Cravejada de Gemas,,40755,0,0,-1,1,0,0,0,0,2757,25,0,0,0,34407,125,837,0,3,34144576,0,268435458,57559,62706,0,-1,-1
61602,Couraria: Aljava de Couro do Espreitador,,40756,0,0,-1,1,0,0,0,0,2758,25,0,0,0,34408,117,837,0,3,34144576,0,268435458,57559,62706,0,-1,-1
61603,Esfolamento: Couro de Gorm Grosso,,40757,0,0,-1,1,0,0,0,0,2762,25,0,0,0,34410,124,837,0,3,34144576,0,268435458,57559,62706,0,-1,-1
61604,Alfaiataria: Manto da Camuflagem,,40758,0,0,-1,1,0,0,0,0,2759,25,0,0,0,34411,121,837,0,3,34144576,0,268435458,57559,62706,0,-1,-1
61605,Alquimia: tisana da força grotesca,,40759,0,0,-1,1,0,0,0,0,2750,25,0,0,0,34432,118,837,0,3,34144576,0,268435458,57559,62706,0,-1,-1
61606,Ferraria: lâmina anímica,,40760,0,0,-1,1,0,0,0,0,2751,25,0,0,0,34433,116,837,0,3,34144576,0,268435458,57559,62706,0,-1,-1
61607,Culinária: carne-seca de aranha,,40761,0,0,-1,1,0,0,0,0,2752,25,0,0,0,34434,131,837,0,3,34144576,0,268435458,57559,62706,0,-1,-1
61608,Encantamento: cristal inquebrável,,40762,0,0,-1,1,0,0,0,0,2753,25,0,0,0,34435,123,837,0,3,34144576,0,268435458,57559,62706,0,-1,-1
61609,Engenharia: lança-estacas óssea,,40763,0,0,-1,1,0,0,0,0,2755,25,0,0,0,34436,122,837,0,3,34144576,0,268435458,57559,62706,0,-1,-1
61610,Pesca: gobião esquelético,,40764,0,0,-1,1,0,0,0,0,2754,25,0,0,0,34437,130,837,0,3,34144576,0,268435458,57559,62706,0,-1,-1
61611,Escrivania: litania do poder,,40765,0,0,-1,1,0,0,0,0,2756,25,0,0,0,34426,126,837,0,3,34144576,0,268435458,57559,62706,0,-1,-1
61612,Joalheria: anel de cristal entalhado,,40766,0,0,-1,1,0,0,0,0,2757,25,0,0,0,34427,125,837,0,3,34144576,0,268435458,57559,62706,0,-1,-1
61613,Couraria: punhos cravejados de ossos,,40767,0,0,-1,1,0,0,0,0,2758,25,0,0,0,34428,117,837,0,3,34144576,0,268435458,57559,62706,0,-1,-1
61614,Esfolamento: carapaça rústica,,40768,0,0,-1,1,0,0,0,0,2762,25,0,0,0,34430,124,837,0,3,34144576,0,268435458,57559,62706,0,-1,-1
61615,Alfaiataria: capuz assombrante,,40769,0,0,-1,1,0,0,0,0,2759,25,0,0,0,34431,121,837,0,3,34144576,0,268435458,57559,62706,0,-1,-1
61619,Alquimia: Elixir de Humildade,,40772,0,0,-1,1,0,0,0,0,2750,25,0,0,0,34447,118,837,0,3,34144576,0,268435458,57559,62706,0,-1,-1
61620,Ferraria: Algemas Orgulhosas,,40773,0,0,-1,1,0,0,0,0,2751,25,0,0,0,34448,116,837,0,3,34144576,0,268435458,57559,62706,0,-1,-1
61621,Culinária: Espetinhos de Carne,,40774,0,0,-1,1,0,0,0,0,2752,25,0,0,0,34449,131,837,0,3,34144576,0,268435458,57559,62706,0,-1,-1
61622,Engenharia: Pistola do Duelista,,40775,0,0,-1,1,0,0,0,0,2755,25,0,0,0,34450,122,837,0,3,34144576,0,268435458,57559,62706,0,-1,-1
61623,Pesca: Garoupa Gargassangue,,40776,0,0,-1,1,0,0,0,0,2754,25,0,0,0,34440,130,837,0,3,34144576,0,268435458,57559,62706,0,-1,-1
61624,Escrivania: Catálogo de Pecados,,40777,0,0,-1,1,0,0,0,0,2756,25,0,0,0,34442,126,837,0,3,34144576,0,268435458,57559,62706,0,-1,-1
61625,Joalheria: Gargantilha Sinistra,,40778,0,0,-1,1,0,0,0,0,2757,25,0,0,0,34443,125,837,0,3,34144576,0,268435458,57559,62706,0,-1,-1
61626,Couraria: Botas de Couro Cortesãs,,40779,0,0,-1,1,0,0,0,0,2758,25,0,0,0,34439,117,837,0,3,34144576,0,268435458,57559,62706,0,-1,-1
61627,Esfolamento: Pelego de Couro Horrível,,40780,0,0,-1,1,0,0,0,0,2762,25,0,0,0,34445,124,837,0,3,34144576,0,268435458,57559,62706,0,-1,-1
61628,Alfaiataria: Tapeçaria Assomante,,40781,0,0,-1,1,0,0,0,0,2759,25,0,0,0,34446,121,837,0,3,34144576,0,268435458,57559,62706,0,-1,-1
61629,Encantamento: Mira Certa,,40782,0,0,-1,1,0,0,0,0,2753,25,0,0,0,34418,123,837,0,3,34144576,0,268435458,57559,62706,0,-1,-1
61630,Encantamento: Marca Inextinguível,,40783,0,0,-1,1,0,0,0,0,2753,25,0,0,0,34438,123,837,0,3,34144576,0,268435458,57559,62706,0,-1,-1
61631,Os drustos herdarão a guerra,,40784,87323,0,-1,1,0,0,0,0,0,0,0,0,0,34022,109,2060,0,3,36241664,0,268435456,57559,62706,0,-1,-1
61667,Forjado em segredo,,40820,88288,0,-1,0,0,0,0,0,0,0,0,0,0,33288,109,837,0,3,40435968,8192,268435456,0,0,0,-1,-1
61689,Uma crise de memória,,40842,88580,0,-1,1,0,0,0,0,0,0,0,0,0,33389,109,2060,0,3,37290240,0,268435456,57559,62706,0,-1,-1
61699,Muco barulho por nada,,40852,79255,0,-1,1,0,0,0,0,0,0,0,0,0,33397,109,837,0,3,107544832,8192,268435456,57559,62706,0,-1,-1
61708,Extraindo o veneno,,40861,88843,0,-1,0,0,0,0,0,0,0,0,0,0,34161,109,837,0,3,8061184,8192,268435456,0,0,0,-1,-1
61717,Flautista Gormíneo: Fontes Tranquilas,,40870,79261,0,-1,1,0,0,0,0,0,0,0,0,0,33410,109,2060,0,3,108724480,0,268435456,57559,62706,0,-1,-1
61728,"Valis, o Cruel",,40880,73557,0,-1,0,0,0,0,0,0,0,0,0,0,33423,0,742,0,3,36241792,0,268439552,0,0,0,-1,-1
61738,Corte das Brasas: Banda Cálice Perdido,,41023,84511,0,-1,0,0,0,0,0,0,0,0,0,0,0,0,2060,0,2,39976960,0,268435976,0,0,0,-1,-1
61765,Palavras de proteção,,40914,88668,0,-1,0,0,0,0,0,0,0,0,0,0,33471,1,742,0,2,35783048,32768,268435968,0,0,0,-1,-1
61783,Mordidão,,40932,73555,0,-1,0,0,0,0,0,0,0,0,0,0,33473,115,837,0,3,3735808,0,268435456,0,0,0,-1,-1
61784,Penhascos do Bastião,,40933,132428,0,-1,0,0,0,0,0,0,0,0,0,0,33474,115,837,0,3,3735808,0,268435456,0,0,0,-1,-1
61787,Força de microdefesa,,40936,73555,0,-1,0,0,0,0,0,0,0,0,0,0,33476,115,837,0,3,3735808,0,268435456,0,0,0,-1,-1
61791,Os companheiros leais de Thânia,,40940,73555,0,-1,0,0,0,0,0,0,0,0,0,0,33477,115,837,0,3,3735808,0,268435456,0,0,0,-1,-1
61813,"Valinor, a Luz das Eras",,40962,98713,0,-1,1,0,0,0,0,0,0,0,0,0,33483,112,2060,0,3,37290304,0,268435456,57559,62706,0,-1,-1
61814,Nurgash Lodoroso,,40963,98713,0,-1,1,0,0,0,0,0,0,0,0,0,33484,112,2060,0,3,37290304,0,268435456,57559,62706,0,-1,-1
61815,Oranomonos dos Infinitos Galhos,,40964,98713,0,-1,1,0,0,0,0,0,0,0,0,0,33485,112,2060,0,3,37290304,0,268435456,57559,62706,0,-1,-1
61816,Mortanis,,40965,98713,0,-1,1,0,0,0,0,0,0,0,0,0,33486,112,2060,0,3,37290304,0,268435456,57559,62706,0,-1,-1
61841,Muco barulho por nada,,42458,79255,0,-1,1,0,0,0,0,0,0,0,0,0,33492,109,837,0,3,107544832,8192,268435456,57559,62706,0,-1,-1
61866,Lacaios poderosos de Maldraxxus,,41014,132428,0,-1,0,0,0,0,0,0,0,0,0,0,33502,115,837,0,3,3735808,0,268435456,0,0,0,-1,-1
61867,Peças extras,,41015,73555,0,-1,0,0,0,0,0,0,0,0,0,0,33503,115,837,0,3,3735808,0,268435456,0,0,0,-1,-1
61868,Disfarce desconfortável,,41016,73555,0,-1,0,0,0,0,0,0,0,0,0,0,33504,115,837,0,3,3735808,0,268435456,0,0,0,-1,-1
61870,Experimento fracassado,,41018,73555,0,-1,0,0,0,0,0,0,0,0,0,0,33505,115,837,0,3,3735808,0,268435456,0,0,0,-1,-1
61879,As cinzas vão cair,,41028,73555,0,-1,0,0,0,0,0,0,0,0,0,0,33516,115,837,0,3,3735808,0,268435456,0,0,0,-1,-1
61880,Presença ilustre,,41029,84863,0,-1,0,0,0,0,0,0,0,0,0,0,0,0,2060,0,2,306315264,8192,268435976,61704,0,0,-1,-1
61882,Diversões formais,,41031,84872,0,-1,0,0,0,0,0,0,0,0,0,0,0,0,2060,0,2,306315264,8192,268435976,61706,0,0,-1,-1
61883,Sobreviventes resilientes,,41032,132428,0,-1,0,0,0,0,0,0,0,0,0,0,33519,115,837,0,3,3735808,0,268435456,0,0,0,-1,-1
61884,Acepipes formais,,41048,84877,0,-1,0,0,0,0,0,0,0,0,0,0,0,0,2060,0,2,306315264,8192,268435976,61705,0,0,-1,-1
61885,Os amigos especiais do Igão,,41049,73555,0,-1,0,0,0,0,0,0,0,0,0,0,33520,115,837,0,3,3735808,0,268435456,0,0,0,-1,-1
61886,Os jogos mentais de Ádio,,41050,73555,0,-1,0,0,0,0,0,0,0,0,0,0,33521,115,2060,0,3,3735808,0,268435456,0,0,0,-1,-1
61946,Defensores naturais,,41108,73555,0,-1,0,0,0,0,0,0,0,0,0,0,33530,115,837,0,3,3735808,0,268435456,0,0,0,-1,-1
61947,À espreita nas sombras,,41109,73555,0,-1,0,0,0,0,0,0,0,0,0,0,33531,115,837,0,3,3735808,0,268435456,0,0,0,-1,-1
61948,Força de defesa aérea,,41110,132428,0,-1,0,0,0,0,0,0,0,0,0,0,33532,115,837,0,3,3735808,0,268435456,0,0,0,-1,-1
61949,Os trapaceiros de Ardena,,41111,73555,0,-1,0,0,0,0,0,0,0,0,0,0,33533,115,837,0,3,3735808,0,268435456,0,0,0,-1,-1
61964,Missão Semanal da Torre do Carcereiro da Aubrie,,41125,0,0,-1,0,0,0,0,0,0,0,0,0,0,0,0,0,0,3,34177024,0,268435456,0,0,0,-1,-1
61967,Lições corretivas,,41128,0,0,-1,1,0,0,0,0,0,0,0,0,0,33540,109,2060,0,3,36372736,8192,268435456,57559,62706,0,-1,-1
61996,Diga as palavras mágicas,,41154,87380,0,-1,0,0,0,0,0,0,0,0,0,182474,0,0,2060,0,2,37781512,8192,268435968,57600,0,0,-1,-1
61997,Tracking Quest,,41155,0,0,-1,0,0,0,0,0,0,0,0,0,0,0,0,2060,0,2,33588224,0,512,0,0,0,-1,-1
62051,Arremesso de gormíneo: Vale dos Espíritos,,41209,88074,0,-1,1,0,0,0,0,0,0,0,0,0,33593,109,2060,0,3,104530176,0,268435456,57559,62706,0,-1,-1
62058,"Avante, centuriões!",,41216,85106,0,-1,1,0,0,0,0,0,0,0,0,0,33595,109,2060,0,3,37290240,0,268435456,57559,62706,0,-1,-1
62068,Flautista gormíneo: Serra Desabada,,41221,79261,0,-1,1,0,0,0,0,0,0,0,0,0,33604,109,837,0,3,108724480,0,268435456,57559,62706,0,-1,-1
62110,Penetras na festa,,42807,78577,0,-1,0,0,0,0,0,0,0,0,0,0,32041,272,2060,0,3,36245504,524288,268447744,0,0,0,-1,-1
62111,Drezg,,42812,78577,0,-1,0,0,0,0,0,0,0,0,0,0,32041,272,2060,0,3,36245504,524288,268447744,0,0,0,-1,-1
62112,Farrapão,,42811,78578,0,-1,0,0,0,0,0,0,0,0,0,0,32041,272,2060,0,3,36245504,524288,268447744,0,0,0,-1,-1
62113,Penetras na festa,,42806,78578,0,-1,0,0,0,0,0,0,0,0,0,0,32041,272,2060,0,3,36245504,524288,268447744,0,0,0,-1,-1
62114,Devoradora de Pecados,,42810,78579,0,-1,0,0,0,0,0,0,0,0,0,0,32041,272,2060,0,3,36245504,524288,268447744,0,0,0,-1,-1
62115,Penetras na festa,,42805,78579,0,-1,0,0,0,0,0,0,0,0,0,0,32041,272,2060,0,3,36245504,524288,268447744,0,0,0,-1,-1
62116,Kedu,,42809,82447,0,-1,0,0,0,0,0,0,0,0,0,0,32041,272,2060,0,3,36245504,524288,268447744,0,0,0,-1,-1
62117,Penetras na festa,,42804,82447,0,-1,0,0,0,0,0,0,0,0,0,0,32041,272,2060,0,3,36245504,524288,268447744,0,0,0,-1,-1
62118,Velas tradicionais,,42819,78485,0,-1,0,0,0,0,0,0,0,0,0,0,32041,272,2060,0,3,36245504,524288,268447744,0,0,0,-1,-1
62119,Fogos crepitantes,,42818,78485,0,-1,0,0,0,0,0,0,0,0,0,0,32041,272,2060,0,3,36245504,524288,268447744,0,0,0,-1,-1
62120,Lembranças roubadas,,42817,78486,0,-1,0,0,0,0,0,0,0,0,0,0,32041,272,2060,0,3,36245504,524288,268447744,0,0,0,-1,-1
62121,Justiça do Cartel Ta,,42816,78486,0,-1,0,0,0,0,0,0,0,0,0,0,32041,272,2060,0,3,36245504,524288,268447744,0,0,0,-1,-1
62122,Espelhos misteriosos,,42815,78487,0,-1,0,0,0,0,0,0,0,0,0,0,32041,272,2060,0,3,36245504,524288,268447744,0,0,0,-1,-1
62123,Fuga da prisão,,42814,78487,0,-1,0,0,0,0,0,0,0,0,0,0,32041,272,2060,0,3,36245504,524288,268447744,0,0,0,-1,-1
62124,Ritual da acusação,,42825,78553,0,-1,0,0,0,0,0,0,0,0,0,0,32041,272,2060,0,3,36245504,524288,268447744,0,0,0,-1,-1
62125,Ritual da absolvição,,42824,78553,0,-1,0,0,0,0,0,0,0,0,0,0,32041,272,2060,0,3,36245504,524288,268447744,0,0,0,-1,-1
62126,Resgate animal,,42823,78554,0,-1,0,0,0,0,0,0,0,0,0,0,32041,272,2060,0,3,36245504,524288,268447744,0,0,0,-1,-1
62127,Cavalgada pelo lado selvagem,,42822,78554,0,-1,0,0,0,0,0,0,0,0,0,0,32041,272,2060,0,3,36245504,524288,268447744,0,0,0,-1,-1
62128,Abertura do show,,42821,78555,0,-1,0,0,0,0,0,0,0,0,0,0,32041,272,2060,0,3,36245504,524288,268447744,0,0,0,-1,-1
62129,Dança do acasalamento,,42820,78555,0,-1,0,0,0,0,0,0,0,0,0,0,32041,272,2060,0,3,36245504,524288,268447744,0,0,0,-1,-1
62130,Um momento de calma,,42832,78557,0,-1,0,0,0,0,0,0,0,0,0,0,32041,272,2060,0,3,36245504,524288,268447744,0,0,0,-1,-1
62132,Guerra de comida,,42829,78558,0,-1,0,0,0,0,0,0,0,0,0,0,32041,272,2060,0,3,36245504,524288,268447744,0,0,0,-1,-1
62133,Feito sob encomenda,,42828,78558,0,-1,0,0,0,0,0,0,0,0,0,0,32041,272,2060,0,3,36245504,524288,268447744,0,0,0,-1,-1
62134,Tira o rei da barriga,,42827,78559,0,-1,0,0,0,0,0,0,0,0,0,0,32041,272,2060,0,3,36245504,524288,268447744,0,0,0,-1,-1
62135,Experimentos fúngicos,,42826,78559,0,-1,0,0,0,0,0,0,0,0,0,0,32041,272,2060,0,3,36245504,524288,268447744,0,0,0,-1,-1
62136,Bagúncio,,42839,85050,0,-1,0,0,0,0,0,0,0,0,0,0,32041,272,2060,0,3,36245504,524288,268447744,0,0,0,-1,-1
62137,Brinde de Theotar,,42838,85051,0,-1,0,0,0,0,0,0,0,0,0,0,32041,272,2060,0,3,36245504,524288,268447744,0,0,0,-1,-1
62138,Esmagador da corte,,42837,85052,0,-1,0,0,0,0,0,0,0,0,0,0,32041,272,2060,0,3,36245504,524288,268447744,0,0,0,-1,-1
62139,Derruba-tronco,,42836,85053,0,-1,0,0,0,0,0,0,0,0,0,0,32041,272,2060,0,3,36245504,524288,268447744,0,0,0,-1,-1
62140,Provocador venthyr,,42835,85054,0,-1,0,0,0,0,0,0,0,0,0,0,32041,272,2060,0,3,36245504,524288,268447744,0,0,0,-1,-1
62141,Borbulho tempestuoso,,42834,85055,0,-1,0,0,0,0,0,0,0,0,0,0,32041,272,2060,0,3,36245504,524288,268447744,0,0,0,-1,-1
62142,Celesterror das brasas,,42833,85056,0,-1,0,0,0,0,0,0,0,0,0,0,32041,272,2060,0,3,36245504,524288,268447744,0,0,0,-1,-1
62143,A morte do Coronel Mort,,42847,85057,0,-1,0,0,0,0,0,0,0,0,0,0,32041,272,2060,0,3,36245504,524288,268447744,0,0,0,-1,-1
62144,Legado de pedra,,42846,85058,0,-1,0,0,0,0,0,0,0,0,0,0,32041,272,2060,0,3,36245504,524288,268447744,0,0,0,-1,-1
62145,Crime estilístico,,42845,85059,0,-1,0,0,0,0,0,0,0,0,0,0,32041,272,2060,0,3,36245504,524288,268447744,0,0,0,-1,-1
62146,Um pouco mais de conforto,,42844,85060,0,-1,0,0,0,0,0,0,0,0,0,0,32041,272,2060,0,3,36245504,524288,268447744,0,0,0,-1,-1
62147,Pestes de festas,,42843,85061,0,-1,0,0,0,0,0,0,0,0,0,0,32041,272,2060,0,3,36245504,524288,268447744,0,0,0,-1,-1
62148,Está chovendo ânima,,42842,85062,0,-1,0,0,0,0,0,0,0,0,0,0,32041,272,2060,0,3,36245504,524288,268447744,0,0,0,-1,-1
62149,[DNT],,42841,85063,0,-1,0,0,0,0,0,0,0,0,0,0,32041,272,2060,0,3,36245504,524288,268447744,0,0,0,-1,-1
62150,[DNT],,42840,85064,0,-1,0,0,0,0,0,0,0,0,0,0,32041,272,2060,0,3,36245504,524288,268447744,0,0,0,-1,-1
62171,Hora do chá,,42830,78557,0,-1,0,0,0,0,0,0,0,0,0,0,32041,272,2060,0,3,36245504,524288,268447744,0,0,0,-1,-1
62194,Preservação dos pergaminhos,,41282,87379,0,-1,0,0,0,0,0,0,0,0,0,182474,0,0,2060,0,2,39878664,8192,268435968,57600,0,0,-1,-1
62195,A palavra final,,41284,87378,0,-1,0,0,0,0,0,0,0,0,0,182474,0,0,2060,0,2,37781512,8192,268435968,57600,0,0,-1,-1
62203,Interrupções de espelho maior,,41291,79970,0,-1,0,0,0,0,0,0,0,0,0,0,33668,109,837,0,3,40435968,0,268435456,0,0,0,-1,-1
62204,Interrupções de espelho maior,,41292,79970,0,-1,0,0,0,0,0,0,0,0,0,0,33669,109,837,0,3,40435968,0,268435456,0,0,0,-1,-1
62209,Mestre de Matilha Vasanok,,41297,73557,0,-1,0,0,0,0,0,0,0,0,0,0,33926,0,742,0,3,36241856,0,268439552,0,0,0,-1,-1
62210,"Sanngror, o Torturador",,41298,73557,0,-1,0,0,0,0,0,0,0,0,0,0,33927,0,742,0,3,36241856,0,268439552,0,0,0,-1,-1
62211,Prolemadre Estalante,,41299,73557,0,-1,0,0,0,0,0,0,0,0,0,0,33925,0,742,0,3,36241856,0,268439552,0,0,0,-1,-1
62212,Tracking Quest,,41300,0,0,-1,0,0,0,0,0,0,0,0,0,0,0,0,2060,0,2,33588224,0,512,0,0,0,-1,-1
62214,Forças da perdição,,41302,88668,0,-1,0,0,0,0,0,0,0,0,0,0,33675,1,742,0,2,35651976,32768,268435968,0,0,0,-1,-1
62215,Tracking Quest,,41303,0,0,-1,0,0,0,0,0,0,0,0,0,0,0,0,2060,0,2,33588224,0,512,0,0,0,-1,-1
62233,Tracking Quest,,41317,0,0,-1,0,0,0,0,0,0,0,0,0,0,0,0,2060,0,2,33588224,0,512,0,0,0,-1,-1
62234,Energia colossal,,41318,88668,0,-1,0,0,0,0,0,0,0,0,0,0,33682,1,742,0,2,35651976,32768,268435968,0,0,0,-1,-1
62235,Apaziguar os medos,,41319,73555,0,-1,0,0,0,0,0,0,0,0,0,0,33681,109,837,0,3,40567040,8192,268435456,0,0,0,-1,-1
62239,Remoção de roedores,,41322,88669,0,-1,0,0,0,0,0,0,0,0,0,183105,34295,0,742,0,2,35782792,32768,268435968,0,0,0,-1,-1
62241,Regime de treinamento,,41324,88025,0,-1,0,0,0,0,0,0,0,0,0,0,33697,109,837,0,3,40435968,0,268435456,0,0,0,-1,-1
62253,Tracking Quest,,41335,0,0,-1,0,0,0,0,0,0,0,0,0,0,0,0,2060,0,2,33588224,0,512,0,0,0,-1,-1
62257,Tracking Quest,,41339,0,0,-1,0,0,0,0,0,0,0,0,0,0,0,0,2060,0,2,33588224,0,512,0,0,0,-1,-1
62258,Voando pelo Bastião,,41340,88024,0,-1,0,0,0,0,0,0,0,0,0,0,33698,109,837,0,3,40435968,0,268435456,0,0,0,-1,-1
62262,Fungos famintos,,41344,83703,0,-1,0,0,0,0,0,0,0,0,0,0,33706,0,1401,0,2,33554440,32768,268435968,0,0,0,-1,-1
62280,Limbo,,41361,85543,0,-1,0,0,0,0,0,0,0,0,0,0,33720,109,2060,0,3,104399104,0,268435456,0,0,0,-1,-1
62290,Tracking Quest,,41371,0,0,-1,0,0,0,0,0,0,0,0,0,0,0,0,2060,0,2,33588224,0,512,0,0,0,-1,-1
62295,Faxina na abóbada,,41374,83700,0,-1,0,0,0,0,0,0,0,0,0,0,33731,0,1401,0,2,33554440,32768,268435968,0,0,0,-1,-1
62362,Reações voláteis,,41424,79684,0,-1,5,0,0,0,0,0,0,0,0,0,33771,0,837,0,2,39846152,40960,268435968,0,0,0,-1,-1
62363,Levantamento de Peso,,41425,79684,0,-1,5,0,0,0,0,0,0,0,0,0,33772,0,837,0,2,39846152,40960,268435968,0,0,0,-1,-1
62364,Aprendizagem atroz,,41426,79684,0,-1,5,0,0,0,0,0,0,0,0,0,33780,0,837,0,2,39846152,40960,268435968,0,0,0,-1,-1
62365,Criações cuidadosas,,41427,83700,0,-1,0,0,0,0,0,0,0,0,0,0,33781,0,1401,0,2,33554440,32768,268435968,0,0,0,-1,-1
62390,Contagem de corpos,,41451,79684,0,-1,5,0,0,0,0,0,0,0,0,0,33797,0,837,0,2,39846152,40960,268435968,0,0,0,-1,-1
62411,Tracking Quest,,41472,0,0,-1,0,0,0,0,0,0,0,0,0,0,0,0,2060,0,2,33555456,0,512,0,0,0,-1,-1
62451,Ataque ao vestíbulo,,41510,87182,0,-1,1,0,0,0,0,0,0,0,0,0,33850,109,837,0,3,3735808,0,268435456,57559,62706,0,-1,-1
62473,Tudo tem seu uso,,41532,83700,0,-1,0,0,0,0,0,0,0,0,0,0,33859,0,1401,0,2,33554440,32768,268435968,0,0,0,-1,-1
62484,Trabalho usineiro,,41543,83700,0,-1,0,0,0,0,0,0,0,0,0,183795,33864,0,1401,0,2,37748744,32768,268435968,0,0,0,-1,-1
62535,Tracking Quest,,41594,0,0,-1,0,0,0,0,0,0,0,0,0,0,0,0,2060,0,2,33555456,0,512,0,0,0,-1,-1
62539,Incinerador estígio,,41598,73557,0,-1,0,0,0,0,0,0,0,0,0,0,33880,0,742,0,3,36241856,0,268439552,0,0,0,-1,-1
62553,Um atraso nos esforços,,41610,83703,0,-1,0,0,0,0,0,0,0,0,0,0,33446,0,1401,0,2,37748744,32768,268435968,0,0,0,-1,-1
62584,Reabastecimento nas linhas de frente,,41636,83700,0,-1,0,0,0,0,0,0,0,0,0,0,33890,0,1401,0,2,39845896,32768,268435968,0,0,0,-1,-1
62618,Odalrik,,41669,73557,0,-1,0,0,0,0,0,0,0,0,0,0,0,0,742,0,3,36245888,0,268439552,0,0,0,-1,-1
62691,Chamado em Revendreth,,44340,70102,0,-1,131073,0,0,0,0,0,0,0,0,0,0,271,2060,0,2,103809280,0,268435464,62695,62699,0,-1,-1
62692,Chamado no Bastião,,44339,70101,0,-1,131073,0,0,0,0,0,0,0,0,0,0,271,2060,0,2,103809280,0,268435464,62698,62699,0,-1,-1
62693,Chamado em Ardena,,44337,70103,0,-1,131073,0,0,0,0,0,0,0,0,0,0,271,2060,0,2,103809280,0,268435456,62697,62699,0,-1,-1
62694,Chamado em Maldraxxus,,44338,70104,0,-1,131073,0,0,0,0,0,0,0,0,0,0,271,2060,0,2,103809280,0,268435456,62835,62699,0,-1,-1
62705,Limpar o templo,,41744,87994,0,-1,0,0,0,0,0,0,0,0,0,0,0,0,1707,0,3,36372480,16384,268435968,0,0,0,-1,-1
62712,Guerra de exaustão,,41751,87995,0,-1,0,0,0,0,0,0,0,0,0,0,0,0,1707,0,3,40566784,8192,268435968,0,0,0,-1,-1
62720,A árvore caída,,41759,88877,0,-1,0,0,0,0,0,0,0,0,0,0,0,0,1707,0,3,36241408,0,268435968,62713,0,0,-1,-1
62721,Desconstruindo o problema,,41760,87995,0,-1,0,0,0,0,0,0,0,0,0,0,0,0,1707,0,3,40566784,8192,268435968,0,0,0,-1,-1
62723,Bonificando o Bastião,,41762,86994,0,-1,1,0,0,0,0,0,0,0,0,0,0,0,1707,0,2,35127296,2048,268435968,0,0,0,-1,-1
62724,Ye Olde Test of Strength,,41763,0,0,-1,0,0,0,0,0,0,0,0,0,0,0,0,0,0,3,33554440,0,268435456,0,0,0,-1,-1
62726,Ye Olde Test of Fortitude,,41765,0,0,-1,0,0,0,0,0,0,0,0,0,0,0,0,0,0,3,33554440,0,268435456,0,0,0,-1,-1
62732,Foco no Lócus,,41770,87994,0,-1,0,0,0,0,0,0,0,0,0,0,0,0,1707,0,3,40435712,16384,268435968,0,0,0,-1,-1
62735,Recordação hostil,,41773,87994,0,-1,0,0,0,0,0,0,0,0,0,0,0,0,1707,0,3,40435712,16384,268435968,0,0,0,-1,-1
62736,Ordem de despejo maldraxxi,,41774,87994,0,-1,0,0,0,0,0,0,0,0,0,0,0,0,1707,0,3,36372480,16384,268435968,0,0,0,-1,-1
62737,Aspirante por um dia,,41775,87994,0,-1,0,0,0,0,0,0,0,0,0,0,0,0,1707,0,3,36372480,16384,268435968,0,0,0,-1,-1
62741,A ação escolhida,,41779,87995,0,-1,0,0,0,0,0,0,0,0,0,0,0,0,1707,0,3,40566784,8192,268435968,0,0,0,-1,-1
62742,Assistência à pestilência,,41780,87995,0,-1,0,0,0,0,0,0,0,0,0,0,0,0,1707,0,3,40566784,8192,268435968,0,0,0,-1,-1
62743,Situação em decomposição,,41781,87995,0,-1,0,0,0,0,0,0,0,0,0,0,0,0,1707,0,3,6881280,8192,268435968,0,0,0,-1,-1
62748,Convocando Maldraxxus,,41786,86994,0,-1,1,0,0,0,0,0,0,0,0,0,0,0,1707,0,2,35127552,0,268435968,0,0,0,-1,-1
62763,Apoio à Corte,,41802,86994,0,-1,1,0,0,0,0,0,0,0,0,0,0,0,1707,0,2,35127552,0,268435968,0,0,0,-1,-1
62773,Bacia do Altar do Sonho,,41812,87993,0,-1,0,0,0,0,0,0,0,0,0,0,0,0,1707,0,3,37289984,0,268435968,62713,0,0,-1,-1
62774,Fontes Tranquilas,,41813,87993,0,-1,0,0,0,0,0,0,0,0,0,179921,0,0,1707,0,3,37421056,8192,268435968,62713,0,0,-1,-1
62775,O Bosque Decrépito,,41814,87993,0,-1,0,0,0,0,0,0,0,0,0,0,0,0,1707,0,3,36241408,0,268435968,62713,0,0,-1,-1
62778,Reforçando Revendreth,,41817,86994,0,-1,1,0,0,0,0,0,0,0,0,0,0,0,1707,0,2,35127552,0,268435968,0,0,0,-1,-1
62780,Parasitas da realidade,,41819,87998,0,-1,0,0,0,0,0,0,0,0,0,0,0,0,1707,0,3,36241408,0,268435968,62713,0,0,-1,-1
62781,Varrendo as cinzas,,41820,87998,0,-1,0,0,0,0,0,0,0,0,0,0,0,0,1707,0,3,36241408,0,268435968,62713,0,0,-1,-1
62782,Mata da Perdição,,41821,87998,0,-1,0,0,0,0,0,0,0,0,0,0,0,0,1707,0,3,36241408,0,268435968,62713,0,0,-1,-1
62783,Medo à espreita,,41822,87998,0,-1,0,0,0,0,0,0,0,0,0,0,0,0,1707,0,3,36241408,0,268435968,62713,0,0,-1,-1
62784,Charlatões cerimoniais,,41823,87998,0,-1,0,0,0,0,0,0,0,0,0,0,0,0,1707,0,3,36241408,0,268435968,62713,0,0,-1,-1
63031,Aquisição: Estígia Cristalizada,,42051,88666,0,-1,0,0,0,0,0,0,0,0,0,184510,34279,0,742,0,2,35651976,32768,268435968,0,0,0,-1,-1
63038,Entrega garantida,,42052,88574,0,-1,0,0,0,0,0,0,0,0,0,184513,34297,1,742,0,2,308281480,41024,268435968,0,0,0,-1,-1
63039,Um monumento à vingança,,42053,88666,0,-1,0,0,0,0,0,0,0,0,0,0,34280,0,742,0,2,35651976,32768,268435968,0,0,0,-1,-1
63040,Entrega garantida,,42054,88574,0,-1,0,0,0,0,0,0,0,0,0,184513,34298,1,742,0,2,308281480,40960,268435968,0,0,0,-1,-1
63042,Alma a esmo,,42056,21439,0,-1,0,0,0,0,0,0,0,0,0,0,0,273,742,0,3,34082816,67108864,268447744,0,0,0,-1,-1
63043,Almas fendidas,,42057,88666,0,-1,0,0,0,0,0,0,0,0,0,0,34283,0,742,0,2,39911816,32768,268435968,0,0,0,-1,-1
63044,Esguicha-ratos,,42058,73557,0,-1,0,0,0,0,0,0,0,0,0,0,34170,0,742,0,3,36241792,0,268439552,0,0,0,-1,-1
63045,Alimento para a alma,,42059,88574,0,-1,0,0,0,0,0,0,0,0,0,0,34296,1,742,0,2,39846024,40960,268435968,0,0,0,-1,-1
63047,Aquisição: grilhões forjados em runas,,42061,88666,0,-1,0,0,0,0,0,0,0,0,0,184552,34282,0,742,0,2,304087176,32768,268435968,0,0,0,-1,-1
63050,Aquisição: lingotes fulgurantes,,42064,88666,0,-1,0,0,0,0,0,0,0,0,0,184556,34284,0,742,0,2,304087176,32768,268435968,0,0,0,-1,-1
63062,Tormento para tomar,,42077,88666,0,-1,0,0,0,0,0,0,0,0,0,0,34281,0,742,0,2,35651720,40960,268435968,0,0,0,-1,-1
63069,O que eles sabem,,42082,88669,0,-1,0,0,0,0,0,0,0,0,0,0,34277,0,742,0,2,35651720,32768,268435968,0,0,0,-1,-1
63072,Aquisição: Minério Estígio,,42085,88669,0,-1,0,0,0,0,0,0,0,0,0,0,34278,0,742,0,2,35651720,32768,268435968,0,0,0,-1,-1
63100,Na companhia do sofrimento,,42113,88666,0,-1,0,0,0,0,0,0,0,0,0,0,34276,0,742,0,2,35717256,32768,268435968,0,0,0,-1,-1
63166,Um destino sombrio,,42178,88666,0,-1,0,0,0,0,0,0,0,0,0,0,34299,0,742,0,2,39846024,32768,268435968,0,0,0,-1,-1
63179,Afogados e despedaçados,,42191,88666,0,-1,0,0,0,0,0,0,0,0,0,0,34300,0,742,0,2,39846024,32832,268435968,0,0,0,-1,-1
63206,Carcaças desalmadas,,42217,88667,0,-1,0,0,0,0,0,0,0,0,0,0,34305,0,742,0,2,35783048,32768,268435968,0,0,0,-1,-1
63543,Ataque dos Necrolordes,,42555,91090,0,-1,0,0,0,0,0,0,0,0,0,0,34594,268,2060,0,3,40436032,532480,268435456,0,0,0,-1,-1
63544,Maldraxxus Assault Complete,,42556,0,0,-1,0,0,0,0,0,0,0,0,0,0,0,0,2043,0,3,33555456,0,8,0,0,0,-1,-1
63685,Melhor amigo do Guardião da Cripta Kassir,,42695,89768,0,-1,0,0,0,0,0,0,0,0,0,0,0,0,2060,0,0,2097152,128,268435976,0,0,0,-1,-1
63686,Melhor amigo da Baronesa Vashj,,42696,89770,0,-1,0,0,0,0,0,0,0,0,0,0,0,0,2060,0,0,2097152,128,268435976,0,0,0,-1,-1
63687,Melhor amigo da Lady Lunamora,,42697,89771,0,-1,0,0,0,0,0,0,0,0,0,0,0,0,2060,0,0,2097152,128,268435976,0,0,0,-1,-1
63688,Melhor amigo de Mikâniko,,42698,89772,0,-1,0,0,0,0,0,0,0,0,0,0,0,0,2060,0,0,2097152,128,268435976,0,0,0,-1,-1
63689,Melhor amigo da Condessa,,42699,89773,0,-1,0,0,0,0,0,0,0,0,0,0,0,0,2060,0,0,2097152,128,268435976,0,0,0,-1,-1
63690,Melhor amigo de Alexandros Mograine,,42700,89774,0,-1,0,0,0,0,0,0,0,0,0,0,0,0,2060,0,0,2097152,128,268435976,0,0,0,-1,-1
63691,Melhor amigo da Capitã de Caça Korayn,,42701,89775,0,-1,0,0,0,0,0,0,0,0,0,0,0,0,2060,0,0,2097152,128,268435976,0,0,0,-1,-1
63692,Melhor amigo do Polemarco Adrestes,,42702,89776,0,-1,0,0,0,0,0,0,0,0,0,0,0,0,2060,0,0,2097152,128,268435976,0,0,0,-1,-1
63693,Melhor amigo de Rasgão e Cara-de-clava,,42703,89777,0,-1,0,0,0,0,0,0,0,0,0,0,0,0,2060,0,0,2097152,128,268435976,0,0,0,-1,-1
63694,Melhor amigo do Xufa,,42704,89778,0,-1,0,0,0,0,0,0,0,0,0,0,0,0,2060,0,0,2097152,128,268435976,0,0,0,-1,-1
63695,Melhor amigo da Droman Aliothe,,42705,89779,0,-1,0,0,0,0,0,0,0,0,0,0,0,0,2060,0,0,2097152,128,268435976,0,0,0,-1,-1
63696,Melhor amigo do Grão-mestre Vole,,42706,89780,0,-1,0,0,0,0,0,0,0,0,0,0,0,0,2060,0,0,2097152,128,268435976,0,0,0,-1,-1
63697,Melhor amigo de Kleia e Pelagos,,42707,89781,0,-1,0,0,0,0,0,0,0,0,0,0,0,0,2060,0,0,2097152,128,268435976,0,0,0,-1,-1
63698,Melhor amigo do Arquiteto da Peste Marileth,,42708,89782,0,-1,0,0,0,0,0,0,0,0,0,0,0,0,2060,0,0,2097152,128,268435976,0,0,0,-1,-1
63699,Melhor Amigo da Sika,,42709,89783,0,-1,0,0,0,0,0,0,0,0,0,0,0,0,2060,0,0,2097152,128,268435976,0,0,0,-1,-1
63700,Melhor amigo do Cabeça-de-pedra,,42710,89784,0,-1,0,0,0,0,0,0,0,0,0,0,0,0,2060,0,0,2097152,128,268435976,0,0,0,-1,-1
63775,Criptogramas e chaves,,42767,92685,0,-1,0,0,0,0,0,0,0,0,0,0,34999,0,2043,0,2,35651720,32768,268435968,0,0,0,-1,-1
63776,Registros de observação,,42768,90234,0,-1,0,0,0,0,0,0,0,0,0,0,35064,0,2043,0,2,35651720,32768,268435968,0,0,0,-1,-1
63777,Segredos selados,,42769,90234,0,-1,0,0,0,0,0,0,0,0,0,0,35008,0,2043,0,2,35651720,32768,268435968,0,0,0,-1,-1
63778,Vamos em frente,,42770,92685,0,-1,0,0,0,0,0,0,0,0,0,0,35002,0,2043,0,2,35651720,32768,268435968,0,0,0,-1,-1
63779,Manter as aparências,,42771,92685,0,-1,0,0,0,0,0,0,0,0,0,0,35003,0,2043,0,2,35651720,32768,268435968,0,0,0,-1,-1
63780,Invasão no dos outros é refresco!,,42772,90234,0,-1,0,0,0,0,0,0,0,0,0,0,35004,0,2043,0,2,35651720,32768,268435968,0,0,0,-1,-1
63781,Planos de batalha górjuros,,42773,92685,0,-1,0,0,0,0,0,0,0,0,0,0,35005,0,2043,0,2,35651720,32768,268435968,0,0,0,-1,-1
63782,Rituais Górjuros,,42774,90234,0,-1,0,0,0,0,0,0,0,0,0,0,35006,0,2043,0,2,35651720,32768,268435968,0,0,0,-1,-1
63783,Reivindicação de ânima,,42775,90234,0,-1,0,0,0,0,0,0,0,0,0,0,35007,0,2043,0,2,35651720,32768,268435968,0,0,0,-1,-1
63784,Ouro não é problema,,42776,90234,0,-1,0,0,0,0,0,0,0,0,0,0,35035,0,2043,0,2,35651976,32768,268435968,0,0,0,-1,-1
63785,Esforço contínuo: Quórum do Perscrutador,,42777,92685,0,-1,0,0,0,0,0,0,0,0,0,0,35031,0,2043,0,2,36700296,32768,268435968,0,0,0,-1,-1
63786,Ninho daninho,,42778,92685,0,-1,0,0,0,0,0,0,0,0,0,0,35010,0,2043,0,2,35651720,32768,268435968,0,0,0,-1,-1
63787,Esforço contínuo: Vista do Espancador,,42779,90234,0,-1,0,0,0,0,0,0,0,0,0,0,35011,0,2043,0,2,35651720,32768,268435968,0,0,0,-1,-1
63788,Esforço contínuo: Santuário da Orientação,,42780,90234,0,-1,0,0,0,0,0,0,0,0,0,0,35012,0,2043,0,2,35651720,32768,268435968,0,0,0,-1,-1
63789,Esforço contínuo: Alcova do Erudito,,42781,90234,0,-1,0,0,0,0,0,0,0,0,0,0,35013,0,2043,0,2,35651720,32768,268435968,0,0,0,-1,-1
63790,Corretagem: Lorde Azzorak,,42782,90234,0,-1,0,0,0,0,0,0,0,0,0,0,35014,1,2043,0,2,169869448,32768,268435968,0,0,0,-1,-1
63791,"Corretagem: Valdinar, o Filho da Maldição",,42783,90234,0,-1,0,0,0,0,0,0,0,0,0,0,35015,1,2043,0,2,169869448,32768,268435968,0,0,0,-1,-1
63792,"Corretagem: Nocturnus, o Revelador",,42784,90234,0,-1,0,0,0,0,0,0,0,0,0,0,35016,1,2043,0,2,169869448,32768,268435968,0,0,0,-1,-1
63793,"Corretagem: Ensydius, o Profanador",,42785,90234,0,-1,0,0,0,0,0,0,0,0,0,0,35017,1,2043,0,2,169869448,32768,268435968,0,0,0,-1,-1
63794,Corretagem: beemote faminto,,42786,90234,0,-1,0,0,0,0,0,0,0,0,0,0,35018,1,2043,0,2,169869704,32768,268435968,0,0,0,-1,-1
63819,Revendreth Wrapper Complete,,42853,0,0,-1,0,0,0,0,0,0,0,0,0,0,0,0,2043,0,3,33555456,0,0,0,0,0,-1,-1
63820,Bastion Wrapper Complete,,42854,0,0,-1,0,0,0,0,0,0,0,0,0,0,0,0,2043,0,3,33555456,0,8,0,0,0,-1,-1
63821,Ardenweald Wrapper Complete,,42855,0,0,-1,0,0,0,0,0,0,0,0,0,0,0,0,2043,0,3,33555456,0,8,0,0,0,-1,-1
63822,Ataque Venthyr,,42856,91495,0,-1,0,0,0,0,0,0,0,0,0,0,34778,268,2060,0,3,6881600,532480,268435456,0,0,0,-1,-1
63823,Ataque dos Feérios Noturnos,,42857,91090,0,-1,0,0,0,0,0,0,0,0,0,0,34774,268,2060,0,3,6881600,532480,268435456,0,0,0,-1,-1
63824,Ataque kyriano,,42858,91090,0,-1,0,0,0,0,0,0,0,0,0,0,34776,268,2060,0,3,40436032,532480,268435456,0,0,0,-1,-1
63850,Rastreamento - Consoles Pequenos,,42883,0,0,-1,0,0,0,0,0,0,0,0,0,0,0,265,2057,0,3,34148352,0,268447744,0,0,0,-1,-1
63934,Mensagens interceptadas,,42965,90234,0,-1,0,0,0,0,0,0,0,0,0,0,35022,0,2043,0,2,35651720,32768,268435968,0,0,0,-1,-1
63935,Raízes preciosas,,42966,90234,0,-1,0,0,0,0,0,0,0,0,0,0,35023,0,2043,0,2,35651720,32768,268435968,0,0,0,-1,-1
63936,Ânima devorada,,42967,90234,0,-1,0,0,0,0,0,0,0,0,0,0,35024,0,2043,0,2,35651720,32768,268435968,0,0,0,-1,-1
63937,Terríveis dentões pontudos,,42968,92685,0,-1,0,0,0,0,0,0,0,0,0,0,35025,0,2043,0,2,35651720,32768,268435968,0,0,0,-1,-1
63938,Gorm Grown: Black [DNT],,42969,0,0,-1,0,0,0,0,0,0,0,0,0,0,0,0,2043,0,3,33555456,0,8,0,0,0,-1,-1
63939,Gorm Grown: Blue [DNT],,42970,0,0,-1,0,0,0,0,0,0,0,0,0,0,0,0,2043,0,3,33555456,0,8,0,0,0,-1,-1
63940,Gorm Grown: Green [DNT],,42971,0,0,-1,0,0,0,0,0,0,0,0,0,0,0,0,2043,0,3,33555456,0,8,0,0,0,-1,-1
63941,Gorm Grown: Purple [DNT],,42972,0,0,-1,0,0,0,0,0,0,0,0,0,0,0,0,2043,0,3,33555456,0,8,0,0,0,-1,-1
63942,Gorm Grown: White [DNT],,42973,0,0,-1,0,0,0,0,0,0,0,0,0,0,0,0,2043,0,3,33555456,0,8,0,0,0,-1,-1
63943,Gorm Grown: Yellow [DNT],,42974,0,0,-1,0,0,0,0,0,0,0,0,0,0,0,0,2043,0,3,35652608,0,8,0,0,0,-1,-1
63949,Um destino para decidir,,43017,0,0,-1,0,0,0,0,0,0,0,0,0,0,0,0,2043,0,2,33587272,0,268435968,63902,0,0,-1,-1
63950,Garras de Talhasa,,42981,90234,0,-1,0,0,0,0,0,0,0,0,0,0,35026,0,2043,0,2,35651720,32768,268435968,0,0,0,-1,-1
63953,Revanche de Korrak,,53365,0,0,-1,0,0,0,0,0,0,0,0,0,0,19885,283,973,0,3,34144256,0,268435456,0,0,0,-1,-1
63954,Segredos selados,,42985,90234,0,-1,0,0,0,0,0,0,0,0,0,0,35037,0,2043,0,2,35651720,32768,268435968,0,0,0,-1,-1
63955,Segredos selados,,42986,90234,0,-1,0,0,0,0,0,0,0,0,0,0,35062,0,2043,0,2,35651720,32768,268435968,0,0,0,-1,-1
63956,Segredos selados,,42987,90234,0,-1,0,0,0,0,0,0,0,0,0,0,35061,0,2043,0,2,35651720,32768,268435968,0,0,0,-1,-1
63957,Registros de observação,,42988,90234,0,-1,0,0,0,0,0,0,0,0,0,0,35065,0,2043,0,2,35651720,32768,268435968,0,0,0,-1,-1
63958,Registros de observação,,42989,90234,0,-1,0,0,0,0,0,0,0,0,0,0,35066,0,2043,0,2,35651720,32768,268435968,0,0,0,-1,-1
63959,Registros de observação,,42990,90234,0,-1,0,0,0,0,0,0,0,0,0,0,35068,0,2043,0,2,35651720,32768,268435968,0,0,0,-1,-1
63960,Registros de observação,,42991,90234,0,-1,0,0,0,0,0,0,0,0,0,0,35067,0,2043,0,2,35651720,32768,268435968,0,0,0,-1,-1
63961,Segredos selados,,42992,90234,0,-1,0,0,0,0,0,0,0,0,0,0,35063,0,2043,0,2,35651720,32768,268435968,0,0,0,-1,-1
63962,Registros de observação,,42993,90234,0,-1,0,0,0,0,0,0,0,0,0,0,35069,0,2043,0,2,35651720,32768,268435968,0,0,0,-1,-1
63963,Corretagem: Malhorrasgo,,42994,90234,0,-1,0,0,0,0,0,0,0,0,0,0,35076,1,2043,0,2,35651720,32768,268435968,0,0,0,-1,-1
63964,Corretagem: Garratroz,,42995,90234,0,-1,0,0,0,0,0,0,0,0,0,0,35077,1,2043,0,2,35651720,32768,268435968,0,0,0,-1,-1
63965,Resgate de ovo de talhasa,,42996,92685,0,-1,0,0,0,0,0,0,0,0,0,0,35029,0,2043,0,2,35651720,32768,268435968,0,0,0,-1,-1
63989,Meus amigos gosmentos,,43019,92685,0,-1,0,0,0,0,0,0,0,0,0,0,35034,0,2043,0,2,39846024,40960,268435968,0,0,0,-1,-1
64015,Carne moída,,43042,92685,0,-1,0,0,0,0,0,0,0,0,0,0,35025,0,2043,0,2,39846024,40960,268435968,0,0,0,-1,-1
64016,Meus amigos gosmentos,,43043,92685,0,-1,0,0,0,0,0,0,0,0,0,0,35120,0,2043,0,2,39846024,40960,268435968,0,0,0,-1,-1
64017,Meus amigos gosmentos,,43044,92685,0,-1,0,0,0,0,0,0,0,0,0,0,35119,0,2043,0,2,39846024,40960,268435968,0,0,0,-1,-1
64018,Peso-pedra,,43045,92685,0,-1,0,0,0,0,0,0,0,0,0,0,35010,0,2043,0,2,39846024,40960,268435968,0,0,0,-1,-1
64040,"Quem cura por último, cura melhor",,43064,92685,0,-1,0,0,0,0,0,0,0,0,0,186445,35032,0,2043,0,2,35651720,32768,268435968,63727,0,0,-1,-1
64043,Precisamos de um curador — você!,,43066,92685,0,-1,0,0,0,0,0,0,0,0,0,186448,35033,0,2043,0,2,35782792,32768,268435968,0,0,0,-1,-1
64065,Reagentes locais,,43078,92685,0,-1,0,0,0,0,0,0,0,0,0,0,35034,0,2043,0,2,35651720,32768,268435968,0,0,0,-1,-1
64070,Sucatex para sempre,,43082,92685,0,-1,0,0,0,0,0,0,0,0,0,0,35028,0,2043,0,2,35651720,32768,268435968,0,0,0,-1,-1
64080,De volta à terra,,43104,92685,0,-1,0,0,0,0,0,0,0,0,0,186474,35031,0,2043,0,2,39977096,40960,268435968,0,0,0,-1,-1
64089,Chás e tinturas,,43110,92685,0,-1,0,0,0,0,0,0,0,0,0,0,35038,0,2043,0,2,35651720,32768,268435968,0,0,0,-1,-1
64101,Procedimentos apropriados,,43120,90234,0,-1,0,0,0,0,0,0,0,0,0,0,35036,0,2043,0,2,35651720,32768,268435968,0,0,0,-1,-1
64103,Truque velho que é bom,,43123,93336,0,-1,0,0,0,0,0,0,0,0,0,0,35027,0,2043,0,2,35651720,32768,268435968,0,0,0,-1,-1
64104,Pense nos bichinhos,,43124,92685,0,-1,0,0,0,0,0,0,0,0,0,186561,35029,0,2043,0,2,39977096,40960,268435968,0,0,0,-1,-1
64129,Investida da Caçada Selvagem,,43146,92685,0,-1,0,0,0,0,0,0,0,0,0,0,35002,0,2043,0,2,39977096,40960,268435968,0,0,0,-1,-1
64131,Tracking Quest,,43148,0,0,-1,0,0,0,0,0,0,0,0,0,0,0,265,807,0,3,33619968,0,0,0,0,0,-1,-1
64138,Tracking Quest,,43155,0,0,-1,0,0,0,0,0,0,0,0,0,0,0,265,807,0,3,33619968,0,0,0,0,0,-1,-1
64166,Acesso a lembranças aleatórias,,43176,92685,0,-1,0,0,0,0,0,0,0,0,0,186672,35003,0,2043,0,2,35782792,32768,268435968,0,0,0,-1,-1
64194,Protótipo de guerra,,43196,92685,0,-1,0,0,0,0,0,0,0,0,0,0,35033,0,2043,0,2,39977096,40960,268435968,0,0,0,-1,-1
64211,Um portal na escuridão,,43212,91338,0,-1,0,0,0,0,0,0,0,0,0,0,0,0,2043,0,2,34603008,0,268435968,63593,0,0,-1321907123,1427461461
64212,Um portal na escuridão,,43212,91338,0,-1,0,0,0,0,0,0,0,0,0,0,0,0,2043,0,2,34603008,0,268435968,63593,0,0,1309324210,-1440044374
64240,A fuga dos kyrianos,,43237,92685,0,-1,0,0,0,0,0,0,0,0,0,0,35032,0,2043,0,2,39977096,40960,268435968,0,0,0,-1,-1
64253,Revendreth Quests Complete,,43250,0,0,-1,0,0,0,0,0,0,0,0,0,0,34778,0,2043,0,3,33555456,0,0,0,0,0,-1,-1
64271,Uma forma mais civilizada,,43264,92685,0,-1,0,0,0,0,0,0,0,0,0,0,35005,0,2043,0,2,39846024,40960,268435968,0,0,0,-1,-1
64273,Rechaçando os Avérjuros,,43266,91638,0,-1,0,0,0,0,0,0,0,0,0,0,35386,136,2043,0,3,2687232,0,268435968,0,0,0,-1,-1
64274,Tracking Quest,,43267,0,0,-1,0,0,0,0,0,0,0,0,0,0,0,265,2043,0,3,34144320,0,0,0,0,0,-1,-1
64376,Hidden Quest,,43360,0,0,-1,0,0,0,0,0,0,0,0,0,0,0,265,2043,0,3,34144320,0,268435456,0,0,0,-1,-1
64430,Soltar o chá,,43414,92685,0,-1,0,0,0,0,0,0,0,0,0,0,35038,0,2043,0,2,39977096,40960,268435968,0,0,0,-1,-1
64432,Força e fraqueza,,43415,92685,0,-1,0,0,0,0,0,0,0,0,0,0,35028,0,2043,0,2,39846024,40960,268435968,0,0,0,-1,-1
64510,Peter's Test Task,,43493,0,0,-1,0,0,0,0,0,0,0,0,0,0,0,0,1,0,3,34144256,131072,268697600,0,0,0,-1,-1
64531,Mor'geth,,43514,97648,0,-1,1,0,0,0,0,0,0,0,0,0,35388,112,2060,0,3,36241728,0,268435456,57559,62706,0,-1,-1
64554,Ataque venthyr,,43536,92530,0,-1,0,0,0,0,0,0,0,0,0,0,34778,268,2060,0,3,4784448,532480,268435456,0,0,0,-1,-1
64560,Reivindicação de ânima,,43542,92561,0,-1,0,0,0,0,0,0,0,0,0,0,0,0,2043,0,2,33554568,32768,268435968,64555,0,0,-1,-1
64561,Registros de observação,,43543,92561,0,-1,0,0,0,0,0,0,0,0,0,0,0,0,2043,0,2,33554568,32768,268435968,64555,0,0,-1,-1
64562,Precisamos de um curador — você!,,43544,92561,0,-1,0,0,0,0,0,0,0,0,0,187504,0,0,2043,0,2,33685640,32768,268435968,64555,0,0,-1,-1
64579,Esforços vazios,,43559,94636,0,-1,0,0,0,0,0,0,0,0,0,187516,35794,0,2057,0,2,304087304,32768,268435968,0,0,0,-1,-1
64592,Proteção histórica,,43572,94757,0,-1,0,0,0,0,0,0,0,0,0,0,35967,1,2057,0,2,39846152,40960,268435968,0,0,0,-1,-1
64641,Verde misterioso,,43621,94758,0,-1,0,0,0,0,0,0,0,0,0,0,0,0,2057,0,2,37748744,8192,268435968,0,0,0,-1,-1
64717,Materiais de criação,,43696,94636,0,-1,0,0,0,0,0,0,0,0,0,187516,35793,0,2057,0,2,308281608,40960,268435968,0,0,0,-1,-1
64768,Caça aos artefatos de Levemola,,43744,99239,0,-1,0,0,0,0,0,0,0,0,0,0,37603,109,2272,0,3,40436096,8192,0,0,0,0,-1,-1
64771,Êxodo dos Iluminados,,43748,95904,0,-1,0,0,0,0,0,0,0,0,0,0,0,0,2057,0,2,33554696,4194304,268435968,64958,0,0,-1,-1
64785,História verdejante,,43762,94636,0,-1,0,0,0,0,0,0,0,0,0,187684,35792,0,2057,0,2,308281608,40960,268435968,0,0,0,-1,-1
64850,Travessia da Thanator,,43827,86994,0,-1,1,0,0,0,0,0,0,0,0,0,0,0,1707,0,2,40898816,0,268435976,0,0,0,-1,-1
64854,Amarras do sucesso,,43831,94636,0,-1,0,0,0,0,0,0,0,0,0,187684,35667,0,2057,0,2,308281608,40960,268435968,0,0,0,-1,-1
64861,Disco quismétrico,,43836,0,0,-1,0,0,0,0,0,0,0,0,0,187792,0,0,2057,0,2,39845888,8192,268435968,0,0,0,-1,-1
64960,Alimente os anelídeos,,43923,95162,0,-1,0,0,0,0,0,0,0,0,0,0,35795,109,2057,0,3,37421056,8192,268435456,0,0,0,-1,-1
64964,Escolha seu lutador,,43927,94636,0,-1,0,0,0,0,0,0,0,0,0,0,35796,0,2057,0,2,39846152,40960,268435968,0,0,0,-1,-1
64974,Varra os automas,,43933,95162,0,-1,0,0,0,0,0,0,0,0,0,0,35797,109,2057,0,3,40435712,8192,268435456,0,0,0,-1,-1
64977,Entre na arena,,43935,94636,0,-1,0,0,0,0,0,0,0,0,0,0,35798,0,2057,0,2,35651592,32768,268435968,0,0,0,-1,-1
65027,Tracking Quest,,43977,0,0,-1,0,0,0,0,0,0,0,0,0,0,0,0,0,0,3,33621256,0,8,0,0,0,-1,-1
65028,Tracking Quest,,43978,0,0,-1,0,0,0,0,0,0,0,0,0,0,0,0,0,0,3,33621256,0,8,0,0,0,-1,-1
65053,Pulmelo gigante,,44001,93633,0,-1,0,0,0,0,0,0,0,0,0,0,32041,272,2060,0,3,36245504,524288,268447744,0,0,0,-1,-1
65054,Bonecos de treinamento,,44002,93634,0,-1,0,0,0,0,0,0,0,0,0,0,32041,272,2060,0,3,36245504,524288,268447744,0,0,0,-1,-1
65055,Braseiros protetores,,44003,93635,0,-1,0,0,0,0,0,0,0,0,0,0,32041,272,2060,0,3,36245504,524288,268447744,0,0,0,-1,-1
65056,Chega de deslizes,,44004,93636,0,-1,0,0,0,0,0,0,0,0,0,0,32041,272,2060,0,3,36245504,524288,268447744,0,0,0,-1,-1
65072,Labuta sem segurança,,44020,94636,0,-1,0,0,0,0,0,0,0,0,0,0,35695,0,2057,0,2,6291720,40960,268435968,0,0,0,-1,-1
65081,Uma maçã por dia,,44029,95162,0,-1,0,0,0,0,0,0,0,0,0,0,35689,109,2057,0,3,40435712,8192,268435456,0,0,0,-1,-1
65089,Saparia,,44037,95162,0,-1,0,0,0,0,0,0,0,0,0,187987,35691,109,2057,0,3,6881280,8192,268435456,0,0,0,-1,-1
65096,Alguém tem que morrer,,44042,94636,0,-1,0,0,0,0,0,0,0,0,0,0,35696,0,2057,0,2,6291720,40960,268435968,0,0,0,-1,-1
65102,Olhos de peixe,,44048,95162,0,-1,0,0,0,0,0,0,0,0,0,187999,35698,109,2057,0,3,6881280,8192,268435456,0,0,0,-1,-1
65115,Pesquisando a solução,,44058,95162,0,-1,0,0,0,0,0,0,0,0,0,0,35699,109,2057,0,3,6881280,8192,268435456,0,0,0,-1,-1
65117,Amostras ruins,,44060,95162,0,-1,0,0,0,0,0,0,0,0,0,0,35702,109,2057,0,3,40435712,8192,268435456,0,0,0,-1,-1
65119,Operação automa,,44062,95730,0,-1,0,0,0,0,0,0,0,0,0,0,35711,109,2057,0,3,40435712,8192,268435456,0,0,0,-1,-1
65121,Amiga de um amigo: Baronesa Vashj,,44064,93838,0,-1,0,0,0,0,0,0,0,0,0,0,0,0,2060,0,0,0,0,268435968,0,0,0,-1,-1
65123,Amiga de um amigo: Lady Lunamora,,44066,93839,0,-1,0,0,0,0,0,0,0,0,0,0,0,0,2060,0,0,0,0,268435968,0,0,0,-1,-1
65124,Amigo de um amigo: Mikâniko,,44067,93840,0,-1,0,0,0,0,0,0,0,0,0,0,0,0,2060,0,0,0,0,268435968,0,0,0,-1,-1
65126,Amiga de um amigo: Condessa,,44068,93841,0,-1,0,0,0,0,0,0,0,0,0,0,0,0,2060,0,0,0,0,268435968,0,0,0,-1,-1
65128,Amigo de um amigo: Alexandros Mograine,,44069,93842,0,-1,0,0,0,0,0,0,0,0,0,0,0,0,2060,0,0,0,0,268435968,0,0,0,-1,-1
65129,Amiga de um amigo: Capitã de Caça Korayn,,44070,93843,0,-1,0,0,0,0,0,0,0,0,0,0,0,0,2060,0,0,0,0,268435968,0,0,0,-1,-1
65130,Amigo de um amigo: Polemarco Adrestes,,44071,93844,0,-1,0,0,0,0,0,0,0,0,0,0,0,0,2060,0,0,0,0,268435968,0,0,0,-1,-1
65131,Amigos de um amigo: Rasgão e Cara-de-clava,,44072,93845,0,-1,0,0,0,0,0,0,0,0,0,0,0,0,2060,0,0,0,0,268435968,0,0,0,-1,-1
65132,Amigo de um amigo: Xufa,,44073,93846,0,-1,0,0,0,0,0,0,0,0,0,0,0,0,2060,0,0,0,0,268435968,0,0,0,-1,-1
65134,Amigo de um amigo: Guardião da Cripta Kassir,,44075,93847,0,-1,0,0,0,0,0,0,0,0,0,0,0,0,2060,0,0,0,0,268435968,0,0,0,-1,-1
65135,Amiga de um amigo: Droman Aliothe,,44076,93848,0,-1,0,0,0,0,0,0,0,0,0,0,0,0,2060,0,0,0,0,268435968,0,0,0,-1,-1
65136,Amigo de um amigo: Grão-mestre Vole,,44077,93849,0,-1,0,0,0,0,0,0,0,0,0,0,0,0,2060,0,0,0,0,268435968,0,0,0,-1,-1
65137,Amigos de um amigo: Kleia e Pelagos,,44078,93850,0,-1,0,0,0,0,0,0,0,0,0,0,0,0,2060,0,0,0,0,268435968,0,0,0,-1,-1
65138,Amigo de um amigo: Arquiteto da Peste Marileth,,44079,93851,0,-1,0,0,0,0,0,0,0,0,0,0,0,0,2060,0,0,0,0,268435968,0,0,0,-1,-1
65140,Amiga de um amigo: Sika,,44081,93852,0,-1,0,0,0,0,0,0,0,0,0,0,0,0,2060,0,0,0,0,268435968,0,0,0,-1,-1
65141,Amigo de um amigo: Cabeça-de-pedra,,44082,93853,0,-1,0,0,0,0,0,0,0,0,0,0,0,0,2060,0,0,0,0,268435968,0,0,0,-1,-1
65142,Jogo do portal,,44083,94636,0,-1,0,0,0,0,0,0,0,0,0,188170,35774,0,2057,0,2,308281608,40960,268435968,0,0,0,-1,-1
65143,Antros,,44084,98721,0,-1,0,0,0,0,0,0,0,0,0,0,35732,112,2060,0,3,36241728,0,268435456,57559,0,0,-1,-1
65152,Um laço estreitado,,44093,70104,0,-1,0,0,0,0,0,0,0,0,0,0,0,0,837,0,0,39845896,8192,268435968,62406,0,0,-1,-1
65165,Apoio da alma,,44100,94036,0,-1,131073,0,0,0,0,0,0,0,0,0,0,0,837,0,0,39845896,8192,268435968,62848,60049,0,-1,-1
65177,Fruto da floração,,44110,94636,0,-1,0,0,0,0,0,0,0,0,0,0,35799,0,2057,0,2,35651592,32768,268435968,0,0,0,-1,-1
65226,Pés-ligeiros e meticulosos,,44152,94636,0,-1,0,0,0,0,0,0,0,0,0,0,35783,0,2057,0,2,39846152,40960,268435968,0,0,0,-1,-1
65230,Robô-qualquer,,44155,95162,0,-1,0,0,0,0,0,0,0,0,0,0,35779,109,2057,0,3,6881280,8192,268435456,0,0,0,-1,-1
65231,Conhecimento saqueado,,44156,95162,0,-1,0,0,0,0,0,0,0,0,0,0,35781,111,2057,0,3,36241408,0,268435456,0,0,0,-1,-1
65232,Aneliminação,,44157,95162,0,-1,0,0,0,0,0,0,0,0,0,0,35782,109,2057,0,3,6881280,8192,268435456,0,0,0,-1,-1
65234,Carinhosamente,,44159,95162,0,-1,0,0,0,0,0,0,0,0,0,0,35784,109,2057,0,3,40435712,8192,268435456,0,0,0,-1,-1
65244,Devorável,,44169,95162,0,-1,0,0,0,0,0,0,0,0,0,0,35813,109,2057,0,3,6881280,8192,268435456,0,0,0,-1,-1
65249,A derrota do Carcereiro,,44173,95663,0,-1,0,0,0,0,0,0,0,0,0,0,0,0,2057,0,2,33554688,4194304,268960256,0,0,0,-1,-1
65252,Hora de pisotear,,44176,95162,0,-1,0,0,0,0,0,0,0,0,0,0,35817,109,2057,0,3,6881280,8192,268435456,0,0,0,-1,-1
65255,Revelando o ciclo,,44177,94636,0,-1,0,0,0,0,0,0,0,0,0,0,35862,0,2057,0,2,39846152,40960,268435968,0,0,0,-1,-1
65256,"Cocoricó, cocoribum",,44178,94636,0,-1,0,0,0,0,0,0,0,0,0,188697,35818,0,2057,0,2,35651592,32768,268435968,0,0,0,-1,-1
65262,Salve os vombates,,44183,95162,0,-1,0,0,0,0,0,0,0,0,0,0,35831,109,2057,0,3,40435712,8192,268435456,0,0,0,-1,-1
65264,Operação: relocação,,44185,94636,0,-1,0,0,0,0,0,0,0,0,0,0,35834,0,2057,0,2,35782664,32768,268435968,0,0,0,-1,-1
65265,Restos enterrados,,44186,94636,0,-1,0,0,0,0,0,0,0,0,0,0,35835,0,2057,0,2,35651848,32768,268435968,0,0,0,-1,-1
65268,Bzzzt!,,44190,94636,0,-1,0,0,0,0,0,0,0,0,0,188788,35863,0,2057,0,2,39846152,40960,268435968,0,0,0,-1,-1
65269,Planta óbvia,,44191,94636,0,-1,0,0,0,0,0,0,0,0,0,0,35839,0,2057,0,2,35651592,32768,268435968,0,0,0,-1,-1
65325,Grânulos de conhecimento,,44242,94757,0,-1,0,0,0,0,0,0,0,0,0,0,35974,0,2057,0,2,6291720,40960,268435968,0,0,0,-1,-1
65326,Ciclo de luta,,44243,94757,0,-1,0,0,0,0,0,0,0,0,0,0,35954,0,2057,0,2,6291720,40960,268435968,0,0,0,-1,-1
65356,Tracking Quest,,44273,0,0,-1,0,0,0,0,0,0,0,0,0,0,0,265,2057,0,3,34144576,0,0,0,0,0,-1,-1
65362,Não é do corpo,,44279,94757,0,-1,0,0,0,0,0,0,0,0,0,189449,35977,0,2057,0,2,6291720,40960,268435968,0,0,0,-1,-1
65363,Estado perigoso,,44280,94757,0,-1,0,0,0,0,0,0,0,0,0,0,35980,0,2057,0,2,6291720,40960,268435968,0,0,0,-1,-1
65364,Superjiro,,44281,94757,0,-1,0,0,0,0,0,0,0,0,0,0,35982,0,2057,0,2,6291720,40960,268435968,0,0,0,-1,-1
65402,Reconhecimento de padrões,,44319,93710,0,-1,0,0,0,0,0,0,0,0,0,0,35985,109,2057,0,3,6881344,8192,268435456,0,0,0,-1,-1
65403,Situação de quebrar a cabeça,,44320,93710,0,-1,0,0,0,0,0,0,0,0,0,0,35986,109,2057,0,3,6881344,8192,268435456,0,0,0,-1,-1
65404,Juntando as peças,,44321,93710,0,-1,0,0,0,0,0,0,0,0,0,0,35987,109,2057,0,3,6881344,8192,268435456,0,0,0,-1,-1
65405,Problema espantoso,,44322,93710,0,-1,0,0,0,0,0,0,0,0,0,0,35996,109,2057,0,3,6881344,8192,268435456,0,0,0,-1,-1
65406,Tudo se conecta,,44323,93710,0,-1,0,0,0,0,0,0,0,0,0,0,35989,109,2057,0,3,6881344,8192,268435456,0,0,0,-1,-1
65407,Reconhecimento de padrões,,44324,93710,0,-1,0,0,0,0,0,0,0,0,0,0,35990,109,2057,0,3,6881344,8192,268435456,0,0,0,-1,-1
65408,Reconhecimento de padrões,,44325,93710,0,-1,0,0,0,0,0,0,0,0,0,0,35991,109,2057,0,3,6881344,8192,268435456,0,0,0,-1,-1
65410,Situação de quebrar a cabeça,,44326,93710,0,-1,0,0,0,0,0,0,0,0,0,0,35992,109,2057,0,3,6881344,8192,268435456,0,0,0,-1,-1
65411,Situação de quebrar a cabeça,,44327,93710,0,-1,0,0,0,0,0,0,0,0,0,0,35993,109,2057,0,3,6881344,8192,268435456,0,0,0,-1,-1
65412,Juntando as peças,,44328,93710,0,-1,0,0,0,0,0,0,0,0,0,0,35994,109,2057,0,3,6881344,8192,268435456,0,0,0,-1,-1
65413,Juntando as peças,,44329,93710,0,-1,0,0,0,0,0,0,0,0,0,0,35995,109,2057,0,3,6881344,8192,268435456,0,0,0,-1,-1
65414,Problema espantoso,,44330,93710,0,-1,0,0,0,0,0,0,0,0,0,0,35997,109,2057,0,3,6881344,8192,268435456,0,0,0,-1,-1
65415,Problema espantoso,,44331,93710,0,-1,0,0,0,0,0,0,0,0,0,0,35998,109,2057,0,3,6881344,8192,268435456,0,0,0,-1,-1
65416,Tudo se conecta,,44332,93710,0,-1,0,0,0,0,0,0,0,0,0,0,35999,109,2057,0,3,6881344,8192,268435456,0,0,0,-1,-1
65417,Tudo se conecta,,44333,93710,0,-1,0,0,0,0,0,0,0,0,0,0,36047,109,2057,0,3,6881344,8192,268435456,0,0,0,-1,-1
65445,Recursos necessários,,44362,94757,0,-1,0,0,0,0,0,0,0,0,0,0,36072,0,2057,0,2,39846152,40960,268435968,0,0,0,-1,-1
65599,Merl,,44510,95476,0,-1,0,0,0,0,0,0,0,0,0,0,36178,0,2152,0,3,34144704,0,4096,0,0,0,-1,-1
65735,PROCURA-SE: Custoz,,44642,95904,0,-1,0,0,0,0,0,0,0,0,0,0,0,1,2057,0,2,39845888,8192,268435968,64958,0,0,-1,-1
65748,Um provê pelo outro,,44655,95904,0,-1,0,0,0,0,0,0,0,0,0,0,0,0,2057,0,2,37748744,8192,268435968,64958,0,0,-1,-1
65749,A necessidade de equipamentos,,44656,0,0,-1,0,0,0,0,0,0,0,0,0,0,0,0,2057,0,2,37748744,8192,268435968,64230,0,0,-1,-1
65841,Combate à proliferação,,44745,96259,0,-1,0,0,0,0,0,0,0,0,0,0,0,0,2313,0,3,35192832,0,512,0,0,0,-1,-1
65889,Relíquias perdidas,,44792,99309,0,-1,0,0,0,0,0,0,0,0,0,0,36363,109,2437,0,3,34144512,0,0,0,0,0,-1,-1
65892,Partindo a chama,,44795,105254,0,-1,0,0,0,0,0,0,0,0,0,0,0,0,2262,0,3,34144256,0,512,0,0,0,-1,-1
65941,Petresmaga,,44845,0,0,-1,0,0,0,0,0,0,0,0,0,0,36393,0,2153,0,3,34144256,0,0,0,0,0,-1,-1
65994,Djustiça dos djaradins,,44894,100605,0,-1,1,0,0,0,0,0,0,0,0,0,0,0,2297,0,3,34144256,0,0,65989,65990,0,-1,-1
66004,Galgresh,,44904,0,0,-1,0,0,0,0,0,0,0,0,0,0,0,0,2152,0,3,34148352,0,0,0,0,0,-1,-1
66042,Padrões de padrões,,44942,0,0,-1,0,0,0,0,0,0,0,0,0,0,0,0,2057,0,2,37781576,8192,268436232,64230,0,0,-1,-1
66070,Ossos de Gumélion,,44970,99239,0,-1,0,0,0,0,0,0,0,0,0,0,37602,109,2266,0,3,40436096,8192,0,0,0,0,-1,-1
66074,Rainha Foicídea Primeva,,44974,0,0,-1,0,0,0,0,0,0,0,0,0,0,0,0,2307,0,3,34144512,0,0,0,0,0,-1,-1
66117,Limpe o campo de batalha,,45016,97698,0,-1,0,0,0,0,0,0,0,0,0,0,0,0,2279,0,3,38338560,8192,0,0,0,0,-1,-1
66133,Chaves da lealdade,,45032,99309,0,-1,1,0,0,0,0,0,0,0,0,0,0,111,2287,0,3,5865792,8192,0,66419,66802,0,-1,-1
66192,Protegendo a área: Clareira Couro da Neve,,45093,0,0,-1,0,0,0,0,0,0,0,0,0,0,36455,0,2153,0,3,622592,0,0,0,0,0,-1,-1
66194,Pesquisa 103 - Condições decompostas,,45095,96521,0,-1,0,0,0,0,0,0,0,0,0,0,36461,109,2151,0,3,590080,0,0,0,0,0,-1,-1
66200,Passeio pelos sítios de escavação,,45100,96521,0,-1,0,0,0,0,0,0,0,0,0,0,36461,136,2151,0,3,590080,0,0,0,0,0,-1,-1
66203,Água neles,,45103,99309,0,-1,1,0,0,0,0,0,0,0,0,0,37947,109,2287,0,3,39911688,8192,0,0,0,0,-1,-1
66220,Relíquias perdidas 2,,45120,95476,0,-1,0,0,0,0,0,0,0,0,0,0,36363,109,2152,0,3,34144256,0,0,0,0,0,-1,-1
66356,Ferrarbol,,45255,0,0,-1,0,0,0,0,0,0,0,0,0,0,0,0,2152,0,3,34144512,0,0,0,0,0,-1,-1
66419,Lealdade a um,,45317,104361,0,-1,0,0,0,0,0,0,0,0,0,0,0,111,2287,0,3,41517312,8192,0,65793,0,0,-1,-1
66421,O Rastro da Tempestade,,45319,0,0,-1,1,0,0,0,0,0,0,0,0,0,0,0,2505,0,3,38338560,8192,0,66331,0,0,-1,-1
66551,O trio do terror,,45440,132429,0,-1,0,0,0,0,0,0,0,0,0,0,37865,115,2437,0,3,34144512,0,0,0,0,0,-1,-1
66574,Uma gotinha de encrenca,,45465,21439,0,-1,0,0,0,0,0,0,0,0,0,0,0,0,2266,0,3,34144256,0,0,66481,0,0,-1,-1
66576,Reivindicação de terra,,45466,21439,0,-1,0,0,0,0,0,0,0,0,0,0,0,0,2266,0,3,34144256,0,0,66481,0,0,-1,-1
66588,"Zapo, o Ancião",,45475,99309,0,-1,0,0,0,0,0,0,0,0,0,0,36584,115,2437,0,3,590080,0,0,0,0,0,-1,-1
66614,"Valinor, a Luz das Eras",,45497,98714,0,-1,1,0,0,0,0,0,0,0,0,0,33483,111,2426,0,3,37290304,0,268435456,57559,62706,0,-1,-1
66615,Nurgash Lodoroso,,45498,98714,0,-1,1,0,0,0,0,0,0,0,0,0,33484,111,2426,0,3,37290304,0,268435456,57559,62706,0,-1,-1
66616,Oranomonos dos Infinitos Galhos,,45499,98714,0,-1,1,0,0,0,0,0,0,0,0,0,33485,111,2426,0,3,37290304,0,268435456,57559,62706,0,-1,-1
66617,Mortanis,,45500,98714,0,-1,1,0,0,0,0,0,0,0,0,0,33486,111,2426,0,3,37290304,0,268435456,57559,62706,0,-1,-1
66618,Mor'geth,,45501,98715,0,-1,1,0,0,0,0,0,0,0,0,0,35388,111,2426,0,3,36241728,0,268435456,57559,62706,0,-1,-1
66619,Antros,,45502,98720,0,-1,0,0,0,0,0,0,0,0,0,0,35732,111,2426,0,3,36241728,0,268435456,57559,0,0,-1,-1
66693,Destino Tentador: Castelo de Nathria,,45572,97623,0,-1,1,0,0,0,0,0,0,0,0,0,36644,111,837,0,3,36241728,0,268435458,57559,62706,0,-1,-1
66694,Destino Tentador: Sacrário da Dominação,,45573,97623,0,-1,1,0,0,0,0,0,0,0,0,0,36643,111,837,0,3,34144576,0,268435458,57559,62706,0,-1,-1
66695,Destino Tentador: Sepulcro dos Primogênitos,,45574,97623,0,-1,1,0,0,0,0,0,0,0,0,0,36642,111,837,0,3,34144576,0,268435458,57559,62706,0,-1,-1
66696,Destino Tentador: Destino das Terras Sombrias,,45575,97625,0,-1,1,0,0,0,0,0,0,0,0,0,36657,111,837,0,3,34144576,0,268435458,57559,62706,0,-1,-1
66718,Gnolls têm que morrer,,45599,97800,0,-1,0,0,0,0,0,0,0,0,0,0,0,0,2347,0,3,269025280,0,33280,66709,0,0,-1,-1
66802,Tracking Quest,,45639,0,0,-1,0,0,0,0,0,0,0,0,0,0,0,0,0,0,3,33588232,0,8,0,0,0,-1,-1
66805,Chaves da lealdade,,45640,99309,0,-1,1,0,0,0,0,0,0,0,0,0,0,111,2287,0,3,5865792,8192,0,66419,66808,0,-1,-1
66808,Tracking Quest,,45641,0,0,-1,0,0,0,0,0,0,0,0,0,0,0,0,0,0,3,33588232,0,8,0,0,0,-1,-1
66833,Saguiri em perigo,,45656,99309,0,-1,0,0,0,0,0,0,0,0,0,193212,36800,109,2307,0,3,36372736,0,0,0,0,0,-1,-1
66896,Rendimento da rede,,45714,99309,0,-1,0,0,0,0,0,0,0,0,0,192191,36864,109,2306,0,3,34275584,0,0,0,0,0,-1,-1
66898,Tracking Quest,,45716,0,0,-1,0,0,0,0,0,0,0,0,0,0,0,0,0,0,3,33559816,0,8,0,0,0,-1,-1
66901,Rompendo o mundo,,0,99270,0,-1,0,0,0,0,0,0,0,0,0,0,36873,0,2287,0,3,5832704,8192,512,0,0,0,-1,-1
66902,Abelha e tchau,,45720,99309,0,-1,0,0,0,0,0,0,0,0,0,193064,36875,109,2295,0,3,34275584,0,0,0,0,0,-1,-1
66903,Limpando a câmara,,0,99270,0,-1,0,0,0,0,0,0,0,0,0,0,36816,0,2287,0,3,5832704,8192,512,0,0,0,-1,-1
66934,Quebre o Quebrador,,45732,99309,0,-1,0,0,0,0,0,0,0,0,0,0,36897,109,2297,0,3,34275584,0,0,0,0,0,-1,-1
66956,Caçador de Dragões Igordan,,45752,0,0,-1,0,0,0,0,0,0,0,0,0,0,0,0,2297,0,3,34144512,0,0,0,0,0,-1,-1
66960,"Klozicc, o Ascendido",,45755,0,0,-1,0,0,0,0,0,0,0,0,0,0,0,0,2280,0,3,34144512,0,0,0,0,0,-1,-1
66970,"Tuu'fon, o Ascendido",,45766,0,0,-1,0,0,0,0,0,0,0,0,0,0,0,0,2152,0,3,34144512,0,0,0,0,0,-1,-1
66989,Colheita prestativa,,45784,99309,0,-1,0,0,0,0,0,0,0,0,0,204343,36928,109,2151,0,3,40567040,0,0,0,0,0,-1,-1
67005,Como treinar um protodraco,,46700,100571,0,-1,0,0,0,0,0,0,0,0,0,194818,37026,113,2523,0,3,36372736,0,0,0,0,0,-1,-1
67006,Apagando a chama,,45807,99309,0,-1,0,0,0,0,0,0,0,0,0,0,36946,109,2297,0,3,34275584,0,0,0,0,0,-1,-1
67009,Zapo-de-chifre é vapo!,,45809,99309,0,-1,0,0,0,0,0,0,0,0,0,193918,36948,109,2151,0,3,40567040,0,0,0,0,0,-1,-1
67010,Fervendo,,45810,99309,0,-1,0,0,0,0,0,0,0,0,0,0,36947,109,2297,0,3,34275584,0,0,0,0,0,-1,-1
67012,Quando as Feras-do-rio voam,,45812,99309,0,-1,0,0,0,0,0,0,0,0,0,0,36949,109,2151,0,3,40567040,0,0,0,0,0,-1,-1
67014,Trancas destrancadas,,45814,99309,0,-1,0,0,0,0,0,0,0,0,0,0,36950,109,2151,0,3,40567040,0,0,0,0,0,-1,-1
67015,Forjando a resposta,,0,106162,0,-1,0,0,0,0,0,0,0,0,0,0,36852,0,2287,0,3,7929856,8192,131584,0,0,0,-1,-1
67024,Reforço fumegante,,45821,99309,0,-1,0,0,0,0,0,0,0,0,0,0,36968,109,2151,0,3,40567040,0,0,0,0,0,-1,-1
67026,Proteja o santuário,,45823,99309,0,-1,0,0,0,0,0,0,0,0,0,0,36971,109,2151,0,3,40567040,0,0,0,0,0,-1,-1
67027,Sombra da morte,,0,99270,0,-1,0,0,0,0,0,0,0,0,0,0,36972,0,2287,0,3,5832704,8192,131584,0,0,0,-1,-1
67062,Conflito Cascateante,,45855,99309,0,-1,0,0,0,0,0,0,0,0,0,0,37012,109,2302,0,3,40567040,0,0,0,0,0,-1,-1
67113,Emergência da Escavação,,45901,99309,0,-1,0,0,0,0,0,0,0,0,0,0,37019,109,2284,0,3,38338816,8192,0,0,0,0,-1,-1
67172,Fishing Hole 01 Unlocked,,45926,0,0,-1,0,0,0,0,0,0,0,0,0,0,0,0,2437,0,3,590848,1,8,0,0,0,-1,-1
67173,Gnolls ladrões,,45927,0,0,-1,0,0,0,0,0,0,0,0,0,0,0,0,2311,0,3,34144512,0,0,0,0,0,-1,-1
67717,Rainha-teia Ashkaz,,46035,0,0,-1,0,0,0,0,0,0,0,0,0,0,0,0,2263,0,3,34177024,0,0,0,0,0,-1,-1
67744,Shezra,,46043,0,0,-1,0,0,0,0,0,0,0,0,0,0,0,0,2151,0,3,34144256,0,0,0,0,0,-1,-1
69667,Vaporgil,,46427,0,0,-1,0,0,0,0,0,0,0,0,0,0,0,0,2153,0,3,34148608,0,4096,0,0,0,-1,-1
69668,"Zapo-fumo, o Soprafogo",,46428,0,0,-1,0,0,0,0,0,0,0,0,0,0,0,0,2153,0,3,34148608,0,4096,0,0,0,-1,-1
69837,Beemote Helióscamo,,46484,0,0,-1,0,0,0,0,0,0,0,0,0,0,0,0,2152,0,3,34144512,0,0,0,0,0,-1,-1
69838,"Amethyzar, o Lampejante",,46485,0,0,-1,0,0,0,0,0,0,0,0,0,0,0,0,2153,0,3,34148608,0,4096,0,0,0,-1,-1
69839,Peônia Premiada de Azra,,46486,0,0,-1,0,0,0,0,0,0,0,0,0,0,0,0,2295,0,3,34148608,0,4096,0,0,0,-1,-1
69848,Magmacasco Enorme,,46492,0,0,-1,0,0,0,0,0,0,0,0,0,0,0,0,2153,0,3,34148608,0,4096,0,0,0,-1,-1
69849,Elemental de Estouro Vaporoso Enfurecido,,46493,0,0,-1,0,0,0,0,0,0,0,0,0,0,0,0,2152,0,3,34148608,0,0,0,0,0,-1,-1
69850,Presa de Lã,,46494,0,0,-1,0,0,0,0,0,0,0,0,0,0,0,0,2152,0,3,34148608,0,0,0,0,0,-1,-1
69851,"Serrote, o Espreitador",,46495,0,0,-1,0,0,0,0,0,0,0,0,0,0,0,0,2439,0,3,34144512,0,0,0,0,0,-1,-1
69852,Costeirinha Territorialista,,46496,0,0,-1,0,0,0,0,0,0,0,0,0,0,0,0,2439,0,3,34144512,0,0,0,0,0,-1,-1
69854,Lápide de Solethus,,46498,0,0,-1,0,0,0,0,0,0,0,0,0,0,0,0,2152,0,3,36245760,0,0,0,0,0,-1,-1
69856,Fulglutão,,46500,0,0,-1,0,0,0,0,0,0,0,0,0,0,0,0,2152,0,3,34148608,0,4096,0,0,0,-1,-1
69857,Mikrin dos Ventos Coléricos,,46501,0,0,-1,0,0,0,0,0,0,0,0,0,0,0,0,2078,0,3,34148608,0,4096,0,0,0,-1,-1
69858,Flagelã,,46502,0,0,-1,0,0,0,0,0,0,0,0,0,0,0,0,2311,0,3,34148608,0,0,0,0,0,-1,-1
69859,"Sandana, o Tormentoso",,46503,0,0,-1,0,0,0,0,0,0,0,0,0,0,0,0,2153,0,3,34148608,0,4096,0,0,0,-1,-1
69861,"Trilvarus, a Tece-contos",,46505,0,0,-1,0,0,0,0,0,0,0,0,0,0,0,0,2311,0,3,34148608,0,8,0,0,0,-1,-1
69864,Criação esquecida,,46508,0,0,-1,0,0,0,0,0,0,0,0,0,0,0,0,2311,0,3,34144512,0,0,0,0,0,-1,-1
69865,Cacescama Mezeri,,46509,0,0,-1,0,0,0,0,0,0,0,0,0,0,0,0,2152,0,3,34148608,0,0,0,0,0,-1,-1
69866,Flippo,,46510,0,0,-1,0,0,0,0,0,0,0,0,0,0,0,0,2401,0,3,34148608,0,4096,0,0,0,-1,-1
69868,Tece-prole Araznae,,46512,0,0,-1,0,0,0,0,0,0,0,0,0,0,0,0,2153,0,3,34148608,0,4096,0,0,0,-1,-1
69871,Malsegan,,46515,0,0,-1,0,0,0,0,0,0,0,0,0,0,0,0,2152,0,3,34148608,0,4096,0,0,0,-1,-1
69872,"Vakril, o morsano mais forte",,46516,0,0,-1,0,0,0,0,0,0,0,0,0,0,0,0,2311,0,3,34144512,0,0,0,0,0,-1,-1
69873,Henlare,,46517,0,0,-1,0,0,0,0,0,0,0,0,0,0,0,0,2385,0,3,34144512,0,0,0,0,0,-1,-1
69874,"Gorjo, o Agrilhoador de Caranguejo",,46518,0,0,-1,0,0,0,0,0,0,0,0,0,0,0,0,2153,0,3,34148608,0,4096,0,0,0,-1,-1
69875,"Eldoren, o Renascido",,46519,0,0,-1,0,0,0,0,0,0,0,0,0,0,0,0,2153,0,3,34148608,0,4096,0,0,0,-1,-1
69877,Oshigol,,46521,0,0,-1,0,0,0,0,0,0,0,0,0,0,0,0,2152,0,3,34148608,0,4096,0,0,0,-1,-1
69878,"Ronsak, o Dizimador",,46522,0,0,-1,0,0,0,0,0,0,0,0,0,0,0,0,2258,0,3,34148608,0,4096,0,0,0,-1,-1
69879,Boneco de Neve Forjado em Feitiços,,46523,0,0,-1,0,0,0,0,0,0,0,0,0,0,0,0,2153,0,3,34148608,0,0,0,0,0,-1,-1
69880,Andarilho do Rio Tamopo,,46524,0,0,-1,0,0,0,0,0,0,0,0,0,0,0,0,2153,0,3,34148608,0,4096,0,0,0,-1,-1
69882,Lorde Erabrigol,,46526,0,0,-1,0,0,0,0,0,0,0,0,0,0,0,0,2152,0,3,34148608,0,0,0,0,0,-1,-1
69883,Matriarca Remalla,,46527,0,0,-1,0,0,0,0,0,0,0,0,0,0,0,0,2078,0,3,34148608,0,4096,0,0,0,-1,-1
69885,Grufoso,,46528,0,0,-1,0,0,0,0,0,0,0,0,0,0,0,0,2153,0,3,34148608,0,4096,0,0,0,-1,-1
69886,Tempestriano,,46529,0,0,-1,0,0,0,0,0,0,0,0,0,0,0,0,2078,0,3,34148608,0,4096,0,0,0,-1,-1
69891,"Lepidorália, a Resplandecente",,46532,0,0,-1,0,0,0,0,0,0,0,0,0,0,0,0,2078,0,3,34148608,0,0,0,0,0,-1,-1
69892,Rabugentino,,46533,0,0,-1,0,0,0,0,0,0,0,0,0,0,0,0,2153,0,3,34148608,0,4096,0,0,0,-1,-1
69895,Destruidor evocado,,46535,0,0,-1,0,0,0,0,0,0,0,0,0,0,0,0,2311,0,3,34144512,0,0,0,0,0,-1,-1
69913,Torres do Poder Terreno,,46553,99309,0,-1,0,0,0,0,0,0,0,0,0,0,37108,109,2437,0,3,40435968,8192,0,0,0,0,-1,-1
69916,Sapos Famosos,,46556,99309,0,-1,0,0,0,0,0,0,0,0,0,197928,37109,109,2304,0,3,36372736,0,0,0,0,0,-1,-1
69924,Torres do Poder Flamejante,,46562,99309,0,-1,0,0,0,0,0,0,0,0,0,0,37125,109,2437,0,3,40435968,8192,0,0,0,0,-1,-1
69927,Bazual,,46565,99401,0,-1,0,0,0,0,0,0,0,0,0,0,37136,112,2471,0,3,34144320,0,0,0,0,0,-1,-1
69928,Liskanoth,,46566,99401,0,-1,0,0,0,0,0,0,0,0,0,0,37135,112,2471,0,3,34144320,0,0,0,0,0,-1,-1
69929,Strunraan,,46567,99401,0,-1,0,0,0,0,0,0,0,0,0,0,37137,112,2471,0,3,34144320,0,0,0,0,0,-1,-1
69930,Basrikron,,46568,99401,0,-1,0,0,0,0,0,0,0,0,0,0,37138,112,2471,0,3,34144320,0,0,0,0,0,-1,-1
69931,Mergulha e pega,,46569,99309,0,-1,0,0,0,0,0,0,0,0,0,0,37160,109,2437,0,3,41484544,8192,0,0,0,0,-1,-1
69938,Frenesi de Pesca!,,46576,104843,0,-1,0,0,0,0,0,0,0,0,0,0,38546,109,2437,0,3,34144512,0,0,0,0,0,-1,-1
69941,Vítimas congeladas,,46577,99309,0,-1,0,0,0,0,0,0,0,0,0,0,37243,109,2437,0,3,34144512,0,0,0,0,0,-1,-1
69942,Mistérios em Courambaia,,46579,99309,0,-1,0,0,0,0,0,0,0,0,0,0,37223,109,2437,0,3,34144512,0,0,0,0,0,-1,-1
69949,Extermínio,,46795,100571,0,-1,0,0,0,0,0,0,0,0,0,0,37242,113,2523,0,3,4784384,8192,0,0,0,0,-1,-1
69951,Pedreguso,,46587,0,0,-1,0,0,0,0,0,0,0,0,0,0,37047,0,2078,0,3,34144512,0,0,0,0,0,-1,-1
69952,Crystalus,,46588,0,0,-1,0,0,0,0,0,0,0,0,0,0,37047,0,2078,0,3,34144512,0,0,0,0,0,-1,-1
69953,Karantun,,46589,0,0,-1,0,0,0,0,0,0,0,0,0,0,37047,0,2078,0,3,34144512,0,0,0,0,0,-1,-1
69954,Infernum,,46590,0,0,-1,0,0,0,0,0,0,0,0,0,0,37047,0,2078,0,3,34144512,0,0,0,0,0,-1,-1
69955,Fulgorion,,46591,0,0,-1,0,0,0,0,0,0,0,0,0,0,37047,0,2078,0,3,34144512,0,0,0,0,0,-1,-1
69956,Rochacinza,,46592,0,0,-1,0,0,0,0,0,0,0,0,0,0,37047,0,2078,0,3,34144512,0,0,0,0,0,-1,-1
69959,Gaelzion,,46595,0,0,-1,0,0,0,0,0,0,0,0,0,0,37047,0,2078,0,3,34144512,0,0,0,0,0,-1,-1
69960,Gravlion,,46596,0,0,-1,0,0,0,0,0,0,0,0,0,0,37047,0,2078,0,3,34144512,0,0,0,0,0,-1,-1
69961,Frozion,,46597,0,0,-1,0,0,0,0,0,0,0,0,0,0,37047,0,2078,0,3,34144512,0,0,0,0,0,-1,-1
69962,Protodragão Corrompido,,46598,0,0,-1,0,0,0,0,0,0,0,0,0,0,0,0,2154,0,3,34148608,0,0,0,0,0,-1,-1
69963,Protetor Antigo,,46599,0,0,-1,0,0,0,0,0,0,0,0,0,0,0,0,2437,0,3,34148608,0,0,0,0,0,-1,-1
69964,Elemental Rochagravado,,46600,0,0,-1,0,0,0,0,0,0,0,0,0,0,0,0,2152,0,3,34148608,0,0,0,0,0,-1,-1
69966,Rokmur,,46602,0,0,-1,0,0,0,0,0,0,0,0,0,0,0,0,2153,0,3,34148608,0,4096,0,0,0,-1,-1
69967,Atalaia Mordren,,46603,0,0,-1,0,0,0,0,0,0,0,0,0,0,0,0,2385,0,3,34144512,0,0,0,0,0,-1,-1
69968,Prozela Tacavento,,46604,0,0,-1,0,0,0,0,0,0,0,0,0,0,0,0,2256,0,3,34144512,0,0,0,0,0,-1,-1
69969,Voraazka,,46605,0,0,-1,0,0,0,0,0,0,0,0,0,0,37047,0,2078,0,3,34144512,0,0,0,0,0,-1,-1
69970,Temerário Kain,,46606,0,0,-1,0,0,0,0,0,0,0,0,0,0,37047,0,2078,0,3,34144512,0,0,0,0,0,-1,-1
69971,Trio Lamigelo,,46607,0,0,-1,0,0,0,0,0,0,0,0,0,0,37047,0,2078,0,3,34144512,0,0,0,0,0,-1,-1
69972,Zurgaz Rompecerne,,46608,0,0,-1,0,0,0,0,0,0,0,0,0,0,37047,0,2078,0,3,34144512,0,0,0,0,0,-1,-1
69973,Rouen Sopragelo,,46609,0,0,-1,0,0,0,0,0,0,0,0,0,0,37047,0,2078,0,3,34144512,0,0,0,0,0,-1,-1
69974,Chispipo Trovestalo,,46610,0,0,-1,0,0,0,0,0,0,0,0,0,0,37047,0,2078,0,3,34144512,0,0,0,0,0,-1,-1
69975,Neela Fogazar,,46611,0,0,-1,0,0,0,0,0,0,0,0,0,0,37047,0,2078,0,3,34144512,0,0,0,0,0,-1,-1
69976,Fenran,,46612,0,0,-1,0,0,0,0,0,0,0,0,0,0,0,0,2078,0,3,34148608,0,4096,0,0,0,-1,-1
69987,O Campo da Ferocidade Retorna: Terror do Pântano!,,46623,99450,0,-1,0,0,0,0,0,0,0,0,0,0,37197,111,2249,0,3,34144512,0,0,0,0,0,-1,-1
69988,Pedras espalhafatosas,,46624,99309,0,-1,0,0,0,0,0,0,0,0,0,0,37222,109,2251,0,3,36372736,8192,0,0,0,0,-1,-1
69990,O Campo da Ferocidade Retorna: Lorde da Decomposição!,,46626,99450,0,-1,0,0,0,0,0,0,0,0,0,0,37199,111,2249,0,3,34144512,0,0,0,0,0,-1,-1
69991,O Campo da Ferocidade Retorna: inimigo do vulcão!,,46627,99450,0,-1,0,0,0,0,0,0,0,0,0,0,37200,111,2249,0,3,34144512,0,0,0,0,0,-1,-1
69993,O Campo da Ferocidade Retorna: Perdido no Sonho!,,46629,99450,0,-1,0,0,0,0,0,0,0,0,0,0,37201,111,2249,0,3,34144512,0,0,0,0,0,-1,-1
69994,O Campo da Ferocidade Retorna: Rodada da Revanche Elemental!,,46630,99450,0,-1,0,0,0,0,0,0,0,0,0,0,37202,111,2249,0,3,34144512,0,0,0,0,0,-1,-1
69995,O Campo da Ferocidade Retorna: Mestre da Caçada!,,46631,99450,0,-1,0,0,0,0,0,0,0,0,0,0,37203,111,2249,0,3,34144512,0,0,0,0,0,-1,-1
70011,Amigos peludos,,46647,99309,0,-1,0,0,0,0,0,0,0,0,0,0,37302,109,2437,0,3,34144512,0,0,0,0,0,-1,-1
70012,Proteja as teias!,,46648,99309,0,-1,0,0,0,0,0,0,0,0,0,0,37295,109,2437,0,3,34144512,0,0,0,0,0,-1,-1
70015,Limpeza de decomposição,,46651,99309,0,-1,0,0,0,0,0,0,0,0,0,0,37297,109,2437,0,3,37290240,0,0,0,0,0,-1,-1
70016,Acalmando a terra,,46652,99309,0,-1,0,0,0,0,0,0,0,0,0,0,37298,109,2437,0,3,38338816,8192,0,0,0,0,-1,-1
70021,História de Tapionnuq,,46657,99309,0,-1,0,0,0,0,0,0,0,0,0,0,37378,109,2437,0,3,40435968,8192,0,0,0,0,-1,-1
70024,Tracking Quest,,46676,0,0,-1,0,0,0,0,0,0,0,0,0,0,0,0,0,0,3,33555464,0,8,0,0,0,-1,-1
70035,Descida nas corredeiras de Ruriq,,46671,99517,0,-1,0,0,0,0,0,0,0,0,0,0,37551,109,2437,0,3,40435968,8192,0,0,0,0,-1,-1
70037,Ferramentas sem energia,,46672,99309,0,-1,0,0,0,0,0,0,0,0,0,0,37209,111,2475,0,3,36241664,0,0,0,0,0,-1,-1
70039,Tracking Quest,,46675,0,0,-1,0,0,0,0,0,0,0,0,0,0,0,0,0,0,3,33555464,0,8,0,0,0,-1,-1
70047,Prisões Geladas,,46683,99309,0,-1,0,0,0,0,0,0,0,0,0,0,37235,109,2437,0,3,34144512,0,0,0,0,0,-1,-1
70057,Tarasek larápio,,46693,99309,0,-1,0,0,0,0,0,0,0,0,0,0,37224,109,2382,0,3,36372736,0,0,0,0,0,-1,-1
70064,Por Imbu!,,46701,99309,0,-1,0,0,0,0,0,0,0,0,0,0,37483,136,2330,0,3,36241728,0,0,0,0,0,-1,-1
70066,Recuperando o Baluarte,,46703,99309,0,-1,0,0,0,0,0,0,0,0,0,0,37485,136,2400,0,3,36241728,0,0,0,0,0,-1,-1
70067,Uma mensagem para os Nokhid,,46704,99309,0,-1,0,0,0,0,0,0,0,0,0,0,37484,136,2535,0,3,36241728,0,0,0,0,0,-1,-1
70068,Catástrofe Cobáltica,,46705,99309,0,-1,0,0,0,0,0,0,0,0,0,0,37481,136,2475,0,3,36241728,0,0,0,0,0,-1,-1
70071,Colhendo a magia,,46708,99309,0,-1,0,0,0,0,0,0,0,0,0,0,37234,109,2437,0,3,40435968,8192,0,0,0,0,-1,-1
70072,Achados e perdidos no tempo,,46709,99309,0,-1,0,0,0,0,0,0,0,0,0,0,37319,109,2437,0,3,36241664,0,0,0,0,0,-1,-1
70073,Estandartes de penazul,,46710,99309,0,-1,0,0,0,0,0,0,0,0,0,0,37358,109,2437,0,3,41484544,8192,0,0,0,0,-1,-1
70074,Rachados roubados,,46711,99309,0,-1,0,0,0,0,0,0,0,0,0,0,37256,109,2437,0,3,36241664,0,0,0,0,0,-1,-1
70075,Catalogando a Costa Desperta,,46712,100503,0,-1,0,0,0,0,0,0,0,0,0,0,37366,109,2437,0,3,6881536,8192,0,0,0,0,-1,-1
70079,Catalogando a Chapada Ohn'ahrana,,46716,100503,0,-1,0,0,0,0,0,0,0,0,0,0,37393,109,2437,0,3,6881536,8192,0,0,0,0,-1,-1
70100,Catalogando Vasta Lazúli,,46737,100503,0,-1,0,0,0,0,0,0,0,0,0,0,37447,109,2437,0,3,40435968,8192,0,0,0,0,-1,-1
70110,Catalogando Thaldraszus,,46747,100503,0,-1,0,0,0,0,0,0,0,0,0,0,37494,109,2437,0,3,40435968,8192,0,0,0,0,-1,-1
70111,Tesouros do templo,,46748,99309,0,-1,0,0,0,0,0,0,0,0,0,0,37251,109,2437,0,3,40567040,0,0,0,0,0,-1,-1
70112,Ameaça pelursa,,46749,99309,0,-1,0,0,0,0,0,0,0,0,0,0,37250,109,2519,0,3,36372736,0,0,0,0,0,-1,-1
70146,Réplica do planalto,,46779,99309,0,-1,0,0,0,0,0,0,0,0,0,0,37317,109,2249,0,3,34144512,0,0,0,0,0,-1,-1
70149,Esperança para o planalto,,46782,99309,0,-1,0,0,0,0,0,0,0,0,0,0,37777,109,2249,0,3,34144512,0,0,0,0,0,-1,-1
70150,"Dragonetes pra todo lado, se vira!",,46783,103223,0,-1,1,0,0,0,0,0,0,0,0,0,37252,109,2296,0,3,39911688,8192,0,0,0,0,-1,-1
70152,Frenesi de Pesca!,,46785,99309,0,-1,0,0,0,0,0,0,0,0,0,0,37876,109,2437,0,3,34144512,0,0,0,0,0,-1,-1
70160,Defesa da tese alquímica,,46793,99309,0,-1,0,0,0,0,0,0,0,0,0,0,37264,109,2437,0,3,36241664,0,0,0,0,0,-1,-1
70172,Mistérios da montanha,,46805,99309,0,-1,0,0,0,0,0,0,0,0,0,0,37276,109,2437,0,3,34144512,0,0,0,0,0,-1,-1
70176,Vítimas da teia,,46809,99309,0,-1,0,0,0,0,0,0,0,0,0,0,37277,109,2437,0,3,34144512,0,0,0,0,0,-1,-1
70196,Podando a reserva,,46818,105994,0,-1,0,0,0,0,0,0,0,0,0,0,0,0,2151,0,3,34144256,0,512,0,0,0,-1,-1
70209,Grasna e ataca,,46826,100571,0,-1,0,0,0,0,0,0,0,0,0,0,37368,113,2523,0,3,4784384,8192,0,0,0,0,-1,-1
70212,Penumbrus,,46829,0,0,-1,0,0,0,0,0,0,0,0,0,0,0,0,2151,0,3,34148608,0,4096,0,0,0,-1,-1
70213,Harkyn Sombrólito,,46830,0,0,-1,0,0,0,0,0,0,0,0,0,0,0,0,2151,0,3,34148608,0,4096,0,0,0,-1,-1
70224,Ameaça fétida,,46840,99309,0,-1,0,0,0,0,0,0,0,0,0,0,37367,109,2437,0,3,34144512,0,0,0,0,0,-1,-1
70246,Tracking,,46859,0,0,-1,0,0,0,0,0,0,0,0,0,0,0,0,0,0,3,38339584,8192,8,0,0,0,-1,-1
70248,Tracking,,46861,0,0,-1,0,0,0,0,0,0,0,0,0,0,0,0,0,0,3,38339584,8192,8,0,0,0,-1,-1
70270,Tracking,,46882,0,0,-1,0,0,0,0,0,0,0,0,0,0,0,0,0,0,3,38339584,8192,8,0,0,0,-1,-1
70271,Tracking,,46883,0,0,-1,0,0,0,0,0,0,0,0,0,0,0,0,0,0,3,38339584,8192,8,0,0,0,-1,-1
70272,Tracking,,46884,0,0,-1,0,0,0,0,0,0,0,0,0,0,0,0,0,0,3,38339584,8192,8,0,0,0,-1,-1
70273,Tracking,,46885,0,0,-1,0,0,0,0,0,0,0,0,0,0,0,0,0,0,3,38339584,8192,8,0,0,0,-1,-1
70275,Overcharged Tesla Coil Looted [DND],,46887,0,0,-1,0,0,0,0,0,0,0,0,0,0,0,0,0,0,3,38339584,8192,8,0,0,0,-1,-1
70276,Curious Glyph Tracking,,46888,0,0,-1,0,0,0,0,0,0,0,0,0,0,0,0,0,0,3,38339584,8192,8,0,0,0,-1,-1
70278,Tracking,,46890,0,0,-1,0,0,0,0,0,0,0,0,0,0,0,0,0,0,3,38339584,8192,8,0,0,0,-1,-1
70287,Tracking,,46900,0,0,-1,0,0,0,0,0,0,0,0,0,0,0,0,0,0,3,38339584,8192,8,0,0,0,-1,-1
70290,Tracking,,46903,0,0,-1,0,0,0,0,0,0,0,0,0,0,0,0,0,0,3,38339584,8192,8,0,0,0,-1,-1
70296,Tracking,,46909,0,0,-1,0,0,0,0,0,0,0,0,0,0,0,0,2214,0,3,34145280,0,8,0,0,0,-1,-1
70310,Tracking,,46923,0,0,-1,0,0,0,0,0,0,0,0,0,0,0,0,0,0,3,38339584,8192,8,0,0,0,-1,-1
70311,Tracking,,46924,0,0,-1,0,0,0,0,0,0,0,0,0,0,0,0,0,0,3,38339584,8192,8,0,0,0,-1,-1
70312,Tracking,,46925,0,0,-1,0,0,0,0,0,0,0,0,0,0,0,0,0,0,3,38339584,8192,8,0,0,0,-1,-1
70313,Tracking,,46926,0,0,-1,0,0,0,0,0,0,0,0,0,0,0,0,0,0,3,38339584,8192,8,0,0,0,-1,-1
70314,Tracking,,46927,0,0,-1,0,0,0,0,0,0,0,0,0,0,0,0,0,0,3,38339584,8192,8,0,0,0,-1,-1
70353,Tracking,,46948,0,0,-1,0,0,0,0,0,0,0,0,0,0,0,0,0,0,3,38339584,8192,8,0,0,0,-1,-1
70369,Passado para trás,,46962,99309,0,-1,0,0,0,0,0,0,0,0,0,0,37434,109,2437,0,3,34144512,0,0,0,0,0,-1,-1
70372,Tracking,,46964,0,0,-1,0,0,0,0,0,0,0,0,0,0,0,0,0,0,3,38339584,8192,8,0,0,0,-1,-1
70382,Corrida Dragoneira - Circuito do Santuário da Vida Rubi,,46974,101721,0,-1,0,0,0,0,0,0,0,0,0,0,37446,281,2437,0,3,34144512,0,0,0,0,0,-1,-1
70410,Corrida Dragoneira - Sobrevoo do Gelo Súbito,,46997,101721,0,-1,0,0,0,0,0,0,0,0,0,0,37452,281,2437,0,3,34144512,0,0,0,0,0,-1,-1
70412,Corrida Dragoneira - Slalom da Reserva Selvagem,,46998,101721,0,-1,0,0,0,0,0,0,0,0,0,0,37453,281,2437,0,3,34144512,0,0,0,0,0,-1,-1
70413,Corrida Dragoneira - Voo de Fluibrasa,,46999,101721,0,-1,0,0,0,0,0,0,0,0,0,0,37454,281,2437,0,3,34144512,0,0,0,0,0,-1,-1
70415,Corrida Dragoneira - Disputa do Rio do Dossel do Ápice,,47001,101721,0,-1,0,0,0,0,0,0,0,0,0,0,37455,281,2437,0,3,34144512,0,0,0,0,0,-1,-1
70416,Corrida Dragoneira - Montanha-russa de Uktulut,,47002,101721,0,-1,0,0,0,0,0,0,0,0,0,0,37456,281,2437,0,3,34144512,0,0,0,0,0,-1,-1
70417,Corrida Dragoneira - Rotatória Pouso das Asas,,47003,101721,0,-1,0,0,0,0,0,0,0,0,0,0,37457,281,2437,0,3,34144512,0,0,0,0,0,-1,-1
70418,Corrida Dragoneira - Circuito da Reserva Selvagem,,47004,101721,0,-1,0,0,0,0,0,0,0,0,0,0,37458,281,2437,0,3,34144512,0,0,0,0,0,-1,-1
70419,Corrida Dragoneira - Circuito do Arvoredo Verdelume,,47005,101721,0,-1,0,0,0,0,0,0,0,0,0,0,37459,281,2437,0,3,34144512,0,0,0,0,0,-1,-1
70420,Corrida Dragoneira - Travessia do Charco,,47006,101721,0,-1,0,0,0,0,0,0,0,0,0,0,37460,281,2437,0,3,34144512,0,0,0,0,0,-1,-1
70421,Corrida Dragoneira - Disputa do Rio da Ravina,,47007,101721,0,-1,0,0,0,0,0,0,0,0,0,0,37461,281,2437,0,3,34144512,0,0,0,0,0,-1,-1
70422,Corrida Dragoneira - Encosta dos Jardins Esmeraldinos,,47008,101721,0,-1,0,0,0,0,0,0,0,0,0,0,37462,281,2437,0,3,34144512,0,0,0,0,0,-1,-1
70423,Corrida Dragoneira - Arremetida de Maruukai,,47009,101721,0,-1,0,0,0,0,0,0,0,0,0,0,37464,281,2437,0,3,34144512,0,0,0,0,0,-1,-1
70424,Corrida Dragoneira - Arremetida do Espelho do Céu,,47010,101721,0,-1,0,0,0,0,0,0,0,0,0,0,37467,281,2437,0,3,34144512,0,0,0,0,0,-1,-1
70425,Corrida Dragoneira - Disparada de Vasta Lazúli,,47011,101721,0,-1,0,0,0,0,0,0,0,0,0,0,37468,281,2437,0,3,34144512,0,0,0,0,0,-1,-1
70426,Corrida Dragoneira - Slalom de Vasta Lazúli,,47012,101721,0,-1,0,0,0,0,0,0,0,0,0,0,37469,281,2437,0,3,34144512,0,0,0,0,0,-1,-1
70427,Corrida Dragoneira - Encosta de Vakthros,,47013,101721,0,-1,0,0,0,0,0,0,0,0,0,0,37470,281,2437,0,3,34144512,0,0,0,0,0,-1,-1
70428,Corrida Dragoneira - Rota de Iskaara,,47014,101721,0,-1,0,0,0,0,0,0,0,0,0,0,37471,281,2437,0,3,34144512,0,0,0,0,0,-1,-1
70429,Corrida Dragoneira - Sobrevoo das Terras Gélidas,,47015,101721,0,-1,0,0,0,0,0,0,0,0,0,0,37472,281,2437,0,3,34144512,0,0,0,0,0,-1,-1
70430,Corrida Dragoneira - Âmbito do Arquivo,,47016,101721,0,-1,0,0,0,0,0,0,0,0,0,0,37473,281,2437,0,3,34144512,0,0,0,0,0,-1,-1
70431,Corrida Dragoneira - Revoada da Floresta Fluente,,47017,101721,0,-1,0,0,0,0,0,0,0,0,0,0,37474,281,2437,0,3,34144512,0,0,0,0,0,-1,-1
70432,Corrida Dragoneira - Prova do Baluarte de Tyr,,47018,101721,0,-1,0,0,0,0,0,0,0,0,0,0,37475,281,2437,0,3,34144512,0,0,0,0,0,-1,-1
70433,Corrida Dragoneira - Circuito do Penhasco,,47019,101721,0,-1,0,0,0,0,0,0,0,0,0,0,37476,281,2437,0,3,34144512,0,0,0,0,0,-1,-1
70434,Corrida Dragoneira - Ascensão da Academia,,47020,101721,0,-1,0,0,0,0,0,0,0,0,0,0,37477,281,2437,0,3,34144512,0,0,0,0,0,-1,-1
70435,Corrida Dragoneira - Jardim Gallivant,,47022,101721,0,-1,0,0,0,0,0,0,0,0,0,0,37478,281,2437,0,3,34144512,0,0,0,0,0,-1,-1
70436,Corrida Dragoneira - Zigue-zague de Cavernas,,47023,101721,0,-1,0,0,0,0,0,0,0,0,0,0,37479,281,2437,0,3,34144512,0,0,0,0,0,-1,-1
70439,Arcana Selvagem,,47025,99309,0,-1,0,0,0,0,0,0,0,0,0,0,37489,113,2523,0,3,4784384,8192,0,0,0,0,-1,-1
70440,Olhos da morte,,47026,99309,0,-1,0,0,0,0,0,0,0,0,0,0,37490,109,2437,0,3,38338816,8192,0,0,0,0,-1,-1
70442,Banquete de batalha,,47028,99309,0,-1,0,0,0,0,0,0,0,0,0,0,37491,109,2437,0,3,34144512,0,0,0,0,0,-1,-1
70502,Limpando os céus,,47085,99309,0,-1,0,0,0,0,0,0,0,0,0,0,37499,109,2437,0,3,41484544,0,0,0,0,0,-1,-1
70529,De volta para casa,,47111,99309,0,-1,0,0,0,0,0,0,0,0,0,0,37514,109,2437,0,3,38338816,8192,0,0,0,0,-1,-1
70549,Frutas baixas,,47131,104424,0,-1,0,0,0,0,0,0,0,0,0,0,37538,109,2437,0,3,34144512,8192,0,0,0,0,-1,-1
70602,Aula de história: Guerra das Areias Cambiantes,,47183,99309,0,-1,0,0,0,0,0,0,0,0,0,0,37539,109,2437,0,3,34144512,0,0,0,0,0,-1,-1
70612,Alimente Três Quedas,,47193,99309,0,-1,0,0,0,0,0,0,0,0,0,0,37549,109,2437,0,3,38338816,8192,0,0,0,0,-1,-1
70622,Reabasteça Três Quedas,,47203,99309,0,-1,0,0,0,0,0,0,0,0,0,0,37550,109,2437,0,3,38338816,8192,0,0,0,0,-1,-1
70623,Limpando os céus,,47204,99309,0,-1,0,0,0,0,0,0,0,0,0,0,37554,109,2437,0,3,41484544,0,0,0,0,0,-1,-1
70625,Criações forjadas em magia,,47205,99309,0,-1,0,0,0,0,0,0,0,0,0,0,37631,111,2475,0,3,34144576,0,0,0,0,0,-1,-1
70629,Invadindo a praia,,47209,99309,0,-1,0,0,0,0,0,0,0,0,0,0,37557,109,2437,0,3,36241664,0,0,0,0,0,-1,-1
70631,Limpando os céus,,47211,99309,0,-1,0,0,0,0,0,0,0,0,0,0,37556,109,2437,0,3,41484544,0,0,0,0,0,-1,-1
70632,Catalogando a Costa Desperta,,47212,100503,0,-1,0,0,0,0,0,0,0,0,0,0,37555,109,2437,0,3,6881536,8192,0,0,0,0,-1,-1
70634,Açoitado,,47214,99309,0,-1,0,0,0,0,0,0,0,0,0,0,37560,109,2437,0,3,38338816,8192,0,0,0,0,-1,-1
70636,Protodragões ancestrais,,47216,99309,0,-1,0,0,0,0,0,0,0,0,0,0,37263,109,2304,0,3,34144512,0,0,0,0,0,-1,-1
70637,Fishing Hole 01 Nets Unlocked,,47217,0,0,-1,0,0,0,0,0,0,0,0,0,0,0,0,2437,0,3,590848,1,8,0,0,0,-1,-1
70638,Quebra-vento,,47219,99309,0,-1,0,0,0,0,0,0,0,0,0,0,37566,109,2437,0,3,36241664,0,0,0,0,0,-1,-1
70639,Estandartes Lazúlis,,47220,99309,0,-1,0,0,0,0,0,0,0,0,0,0,37571,109,2437,0,3,41484544,8192,0,0,0,0,-1,-1
70646,Válvula de Pressão,,47228,99309,0,-1,0,0,0,0,0,0,0,0,0,0,37580,109,2437,0,3,41484544,8192,0,0,0,0,-1,-1
70648,Firava Reavivada,,47230,0,0,-1,0,0,0,0,0,0,0,0,0,0,0,0,2285,0,3,34144512,0,0,0,0,0,-1,-1
70649,Lave o zapo,,47231,99309,0,-1,0,0,0,0,0,0,0,0,0,0,37572,109,2437,0,3,41484544,8192,0,0,0,0,-1,-1
70651,Bagagem roubada,,47233,99239,0,-1,0,0,0,0,0,0,0,0,0,0,37582,109,2151,0,3,38338816,8192,0,0,0,0,-1,-1
70652,"Um já foi, quem é o próximo?",,47234,99239,0,-1,0,0,0,0,0,0,0,0,0,0,37583,109,2152,0,3,40435968,0,0,0,0,0,-1,-1
70653,Uma ciência dura e gelada,,47235,99239,0,-1,0,0,0,0,0,0,0,0,0,0,37586,109,2153,0,3,40435968,0,0,0,0,0,-1,-1
70654,Você foi com a minha cara?,,47236,99239,0,-1,0,0,0,0,0,0,0,0,0,0,37589,109,2154,0,3,40435968,8192,0,0,0,0,-1,-1
70655,Folhas das vinhas,,47237,99239,0,-1,0,0,0,0,0,0,0,0,0,0,37585,109,2152,0,3,40435968,0,0,0,0,0,-1,-1
70656,Sem cogumerros,,47238,99239,0,-1,0,0,0,0,0,0,0,0,0,0,37591,109,2154,0,3,40435968,0,0,0,0,0,-1,-1
70658,Artefato ou ficção,,47240,99239,0,-1,0,0,0,0,0,0,0,0,0,0,37587,109,2153,0,3,40435968,0,0,0,0,0,-1,-1
70659,Catalogando a Chapada Ohn'ahrana,,47241,100503,0,-1,0,0,0,0,0,0,0,0,0,0,37579,109,2437,0,3,6881536,8192,0,0,0,0,-1,-1
70660,Minérios de alto nível,,47242,99239,0,-1,0,0,0,0,0,0,0,0,0,0,37584,109,2152,0,3,40435968,0,0,0,0,0,-1,-1
70661,Suprimentos em alta,,47243,99239,0,-1,0,0,0,0,0,0,0,0,0,0,37590,109,2154,0,3,40435968,0,0,0,0,0,-1,-1
70662,Picareta na chuleta,,47244,99239,0,-1,0,0,0,0,0,0,0,0,0,0,37588,109,2153,0,3,40435968,0,0,0,0,0,-1,-1
70698,Pesquisadora Sagasa,,47266,0,0,-1,0,0,0,0,0,0,0,0,0,0,0,0,2078,0,3,34148608,0,4096,0,0,0,-1,-1
70699,Catalogando Thaldraszus,,47267,100503,0,-1,0,0,0,0,0,0,0,0,0,0,37610,109,2437,0,3,40435968,8192,0,0,0,0,-1,-1
70712,Corrida Dragoneira - Percurso das Corredeiras,,47279,101721,0,-1,0,0,0,0,0,0,0,0,0,0,37620,281,2437,0,3,34144512,0,0,0,0,0,-1,-1
70719,Talhassombra Trakken,,47284,0,0,-1,0,0,0,0,0,0,0,0,0,0,0,0,2308,0,3,34148608,0,0,0,0,0,-1,-1
70720,Não posso ficar com isso,,47285,99309,0,-1,0,0,0,0,0,0,0,0,0,0,37627,109,2437,0,3,6881536,8192,0,0,0,0,-1,-1
70750,Ajudando o Acordo,,47316,107827,0,-1,0,0,0,0,0,0,0,0,0,0,0,0,2437,0,2,36733248,0,776,0,0,0,-1,-1
70751,"Terillod, o Devoto",,47317,0,0,-1,0,0,0,0,0,0,0,0,0,0,0,0,2279,0,3,34144512,0,0,0,0,0,-1,-1
70763,Entalha-mundos A'tir,,47327,0,0,-1,0,0,0,0,0,0,0,0,0,0,0,0,2474,0,3,34148608,0,0,0,0,0,-1,-1
70780,Estandartes de Ohn'ahrana,,47342,99309,0,-1,0,0,0,0,0,0,0,0,0,0,37652,109,2437,0,3,41484544,8192,0,0,0,0,-1,-1
70782,Estandartes do Dossel,,47344,99309,0,-1,0,0,0,0,0,0,0,0,0,0,37653,109,2437,0,3,41484544,8192,0,0,0,0,-1,-1
70783,Skaara,,47345,0,0,-1,0,0,0,0,0,0,0,0,0,0,0,0,2469,0,3,34144512,0,0,0,0,0,-1,-1
70823,Tracking Quest,,47385,0,0,-1,0,0,0,0,0,0,0,0,0,0,0,0,0,0,3,33555464,0,8,0,0,0,-1,-1
70824,Tracking Quest,,47386,0,0,-1,0,0,0,0,0,0,0,0,0,0,0,0,0,0,3,33555464,0,8,0,0,0,-1,-1
70825,Tracking Quest,,47387,0,0,-1,0,0,0,0,0,0,0,0,0,0,0,0,0,0,3,33555464,0,8,0,0,0,-1,-1
70826,Tracking Quest,,47388,0,0,-1,0,0,0,0,0,0,0,0,0,0,0,0,0,0,3,33555464,0,8,0,0,0,-1,-1
70827,Tracking Quest,,47389,0,0,-1,0,0,0,0,0,0,0,0,0,0,0,0,0,0,3,33555464,0,8,0,0,0,-1,-1
70934,Abraço da Salamantra,,47475,99309,0,-1,0,0,0,0,0,0,0,0,0,0,37756,109,2437,0,3,37290240,0,0,0,0,0,-1,-1
70947,Tesouro-louco Trambladd,,47487,0,0,-1,0,0,0,0,0,0,0,0,0,0,0,0,2154,0,3,34148608,0,4096,0,0,0,-1,-1
70979,Magmaton,,47518,0,0,-1,0,0,0,0,0,0,0,0,0,0,0,0,2151,0,3,34148608,0,4096,0,0,0,-1,-1
70983,O'nank Limpacosta,,47520,0,0,-1,0,0,0,0,0,0,0,0,0,0,0,0,2151,0,3,34148608,0,4096,0,0,0,-1,-1
70984,Quebra-ondas,,47521,99309,0,-1,0,0,0,0,0,0,0,0,0,0,37813,136,2287,0,3,36241728,0,0,65793,0,0,-1,-1
70986,Recruta Shikzar,,47523,0,0,-1,0,0,0,0,0,0,0,0,0,0,0,0,2154,0,3,38338816,0,0,0,0,0,-1,-1
71140,Dois mais dois,,47659,132429,0,-1,0,0,0,0,0,0,0,0,0,0,37871,115,2437,0,3,34144512,0,0,0,0,0,-1,-1
71145,O Grão-mestre,,47664,132429,0,-1,0,0,0,0,0,0,0,0,0,0,37878,115,2437,0,3,34144512,0,0,0,0,0,-1,-1
71154,Lance de Garra: Guia de Tiro,,47673,99309,0,-1,0,0,0,0,0,0,0,0,0,0,37892,109,2401,0,3,38338816,0,0,0,0,0,-1,-1
71156,Preocupações Rebeldes,,47675,99309,0,-1,0,0,0,0,0,0,0,0,0,0,37893,109,2437,0,3,34144512,0,0,0,0,0,-1,-1
71160,Carga de Profundidade,,47678,99309,0,-1,0,0,0,0,0,0,0,0,0,200561,40808,109,2400,0,3,34144512,0,0,0,0,0,-1,-1
71164,Bandagens Roubadas,,47681,99309,0,-1,0,0,0,0,0,0,0,0,0,0,37895,109,2437,0,3,34144512,0,0,0,0,0,-1,-1
71166,A Mais Velha Libélula,,47683,99309,0,-1,0,0,0,0,0,0,0,0,0,0,37896,115,2437,0,3,590080,0,0,0,0,0,-1,-1
71180,Você Precisa Começar por Algum Lugar,,47696,132429,0,-1,0,0,0,0,0,0,0,0,0,0,37897,115,2437,0,3,34144512,0,0,0,0,0,-1,-1
71181,Relíquias da Gruta Esquecida,,47697,99309,0,-1,0,0,0,0,0,0,0,0,0,0,37926,109,2437,0,3,40435968,8192,0,0,0,0,-1,-1
71200,Tracking Quest,,47713,0,0,-1,0,0,0,0,0,0,0,0,0,0,0,0,0,0,3,33555464,0,8,0,0,0,-1,-1
71201,Esconde-esconde,,47714,99309,0,-1,0,0,0,0,0,0,0,0,0,0,37924,109,2404,0,3,34144512,0,0,0,0,0,-1,-1
71202,Minimanamaníaco Corpo a Corpo,,47715,99309,0,-1,0,0,0,0,0,0,0,0,0,0,37925,115,2437,0,3,590080,0,0,0,0,0,-1,-1
71204,Tracking Quest,,47717,0,0,-1,0,0,0,0,0,0,0,0,0,0,0,0,0,0,3,33555464,0,8,0,0,0,-1,-1
71205,Hidromorsano,,47718,99309,0,-1,0,0,0,0,0,0,0,0,0,0,37927,109,2437,0,3,40435968,8192,0,0,0,0,-1,-1
71206,Olho da tempestinha,,47719,99309,0,-1,0,0,0,0,0,0,0,0,0,0,37928,115,2437,0,3,590080,0,0,0,0,0,-1,-1
71207,Tracking Quest,,47720,0,0,-1,0,0,0,0,0,0,0,0,0,0,0,0,0,0,3,33555464,0,8,0,0,0,-1,-1
71208,Tracking Quest,,47721,0,0,-1,0,0,0,0,0,0,0,0,0,0,0,0,0,0,3,33555464,0,8,0,0,0,-1,-1
71212,Atacando os Courambaia,,47724,99309,0,-1,0,0,0,0,0,0,0,0,0,0,37482,136,2516,0,3,36241728,0,0,0,0,0,-1,-1
71214,Retomando as Cascatas,,47726,99309,0,-1,0,0,0,0,0,0,0,0,0,0,37939,109,2437,0,3,38338816,8192,0,0,0,0,-1,-1
71215,Tracking Quest,,47727,0,0,-1,0,0,0,0,0,0,0,0,0,0,0,0,0,0,3,33555464,0,8,0,0,0,-1,-1
71216,Tracking Quest,,47728,0,0,-1,0,0,0,0,0,0,0,0,0,0,0,0,0,0,3,33555464,0,8,0,0,0,-1,-1
71217,Tracking Quest,,47729,0,0,-1,0,0,0,0,0,0,0,0,0,0,0,0,0,0,3,33555464,0,8,0,0,0,-1,-1
71218,Tracking Quest,,47730,0,0,-1,0,0,0,0,0,0,0,0,0,0,0,0,0,0,3,33555464,0,8,0,0,0,-1,-1
71220,Tracking Quest,,47731,0,0,-1,0,0,0,0,0,0,0,0,0,0,0,0,0,0,3,33555464,0,8,0,0,0,-1,-1
71221,Tracking Quest,,47732,0,0,-1,0,0,0,0,0,0,0,0,0,0,0,0,0,0,3,33555464,0,8,0,0,0,-1,-1
71222,Tracking Quest,,47733,0,0,-1,0,0,0,0,0,0,0,0,0,0,0,0,0,0,3,33555464,0,8,0,0,0,-1,-1
71223,Tracking Quest,,47734,0,0,-1,0,0,0,0,0,0,0,0,0,0,0,0,0,0,3,33555464,0,8,0,0,0,-1,-1
71224,Tracking Quest,,47735,0,0,-1,0,0,0,0,0,0,0,0,0,0,0,0,0,0,3,33555464,0,8,0,0,0,-1,-1
71225,Levado pelo vento: Rhuzast,,47736,100571,0,-1,0,0,0,0,0,0,0,0,0,0,37975,278,2078,0,3,4784384,8192,0,0,0,0,-1,-1
72008,Superando uma montanha: Krolkoth,,48522,100571,0,-1,0,0,0,0,0,0,0,0,0,0,37978,278,2078,0,3,4784384,8192,0,0,0,0,-1,-1
72019,Ver através do inimigo: Nezascar,,48533,100571,0,-1,0,0,0,0,0,0,0,0,0,0,37979,278,2078,0,3,4784384,8192,0,0,0,0,-1,-1
72022,Frenesi de pesca!,,48536,104838,0,-1,0,0,0,0,0,0,0,0,0,0,38542,109,2437,0,3,34144512,0,0,0,0,0,-1,-1
72028,Frenesi de pesca!,,48542,104839,0,-1,0,0,0,0,0,0,0,0,0,0,38543,109,2437,0,3,34144512,0,0,0,0,0,-1,-1
72029,Frenesi de Pesca!,,48543,104841,0,-1,0,0,0,0,0,0,0,0,0,0,38544,109,2437,0,3,34144512,0,0,0,0,0,-1,-1
72030,Frenesi de pesca!,,48544,104842,0,-1,0,0,0,0,0,0,0,0,0,0,38545,109,2437,0,3,34144512,0,0,0,0,0,-1,-1
72050,Balgar,,46599,0,0,-1,0,0,0,0,0,0,0,0,0,0,0,0,2437,0,3,34148608,0,0,0,0,0,-1,-1
72058,Coincidência do acasco: Tarolekk,,48569,109451,0,-1,0,0,0,0,0,0,0,0,0,0,37999,278,2535,0,3,4784384,8192,0,0,0,0,-1,-1
72061,Tempestária Veldra,,48572,0,0,-1,0,0,0,0,0,0,0,0,0,0,0,0,2437,0,3,34148608,0,0,0,0,0,-1,-1
72068,Ajudando o Acordo: um banquete para todos,,47316,107827,0,-1,0,0,0,0,0,0,0,0,0,0,0,0,2437,0,2,36733248,0,776,0,0,0,-1,-1
72089,Para o Observatório do Cimo Celeste,,48594,0,0,-1,0,0,0,0,0,0,0,0,0,0,0,265,2151,0,3,41418752,0,256,0,0,0,-1,-1
72090,Impedindo o Plano Primevista,,48595,99309,0,-1,0,0,0,0,0,0,0,0,0,0,38011,136,2385,0,3,37290304,0,0,0,0,0,-1,-1
72114,Acrosoth,,48619,0,0,-1,0,0,0,0,0,0,0,0,0,0,0,0,2541,0,3,34144512,0,8,0,0,0,-1,-1
72116,"Liskron, o Ofuscante",,48621,0,0,-1,0,0,0,0,0,0,0,0,0,0,0,0,2371,0,3,34144512,0,0,0,0,0,-1,-1
72121,O Grande Cascokhan,,48624,0,0,-1,0,0,0,0,0,0,0,0,0,0,0,0,2154,0,3,34144512,0,0,0,0,0,-1,-1
72126,"Golurp, a lesma incrível",,48629,0,0,-1,0,0,0,0,0,0,0,0,0,0,0,0,2523,0,3,34148608,0,0,0,0,0,-1,-1
72127,Capitã Lancer,,48630,0,0,-1,0,0,0,0,0,0,0,0,0,0,0,0,2523,0,3,34148608,0,0,0,0,0,-1,-1
72128,"Enkine, o voraz",,48631,0,0,-1,0,0,0,0,0,0,0,0,0,0,0,0,2523,0,3,34148608,0,0,0,0,0,-1,-1
72130,Grifo esquecido,,48633,0,0,-1,0,0,0,0,0,0,0,0,0,0,0,0,2523,0,3,34148608,0,0,0,0,0,-1,-1
72154,"Skag, o Arremessador",,48657,0,0,-1,0,0,0,0,0,0,0,0,0,0,0,0,2153,0,3,34148608,0,4096,0,0,0,-1,-1
72254,O fantasma do pescador Tinnak,,48705,103663,0,-1,0,0,0,0,0,0,0,0,0,0,0,0,2437,0,3,34144512,0,0,0,0,0,-1,-1
72358,Cascata,,48807,0,0,-1,0,0,0,0,0,0,0,0,0,0,0,0,2153,0,3,34144512,0,0,0,0,0,-1,-1
72364,Zarizz,,48813,0,0,-1,0,0,0,0,0,0,0,0,0,0,0,0,2152,0,3,34148608,0,0,0,0,0,-1,-1
72373,Ajudando o Acordo: a caçada começou,,47316,107827,0,-1,0,0,0,0,0,0,0,0,0,0,0,0,2437,0,2,36733248,0,776,0,0,0,-1,-1
72374,Ajudando o Acordo: Bastilha de Ruína Dragônica,,47316,107827,0,-1,0,0,0,0,0,0,0,0,0,0,0,0,2437,0,2,36733248,0,776,0,0,0,-1,-1
72375,Ajudando o Acordo: o chamado das Ilhas,,47316,107827,0,-1,0,0,0,0,0,0,0,0,0,0,0,0,2437,0,2,36733184,0,776,0,0,0,-1,-1
72439,[DNT] Tracking Quest,,48881,0,0,-1,0,0,0,0,0,0,0,0,0,0,0,0,0,0,3,33588224,0,8,0,0,0,-1,-1
72510,Recôndito Proibido 1/1,,48953,0,0,-1,0,0,0,0,0,0,0,0,0,0,38628,265,7211,0,3,38273024,1073750016,8,0,0,0,-1,-1
72516,Tracking Quest [DNT],,48958,0,0,-1,0,0,0,0,0,0,0,0,0,0,0,0,2424,0,3,33555456,128,8,0,0,0,-1,-1
72560,Escalando,,48988,99239,0,-1,0,0,0,0,0,0,0,0,0,0,0,265,2523,0,3,36245504,0,12288,0,0,0,-1,-1
72675,Recôndito Proibido 1/2,,49079,0,0,-1,0,0,0,0,0,0,0,0,0,0,38628,265,7211,0,3,39321600,1073750016,8,0,0,0,-1,-1
72677,Recôndito Proibido 1/3,,49081,0,0,-1,0,0,0,0,0,0,0,0,0,0,38628,265,7211,0,3,38273024,1073750016,8,0,0,0,-1,-1
72678,Recôndito Proibido 1/4,,49082,0,0,-1,0,0,0,0,0,0,0,0,0,0,38628,265,7211,0,3,39321600,1073750016,8,0,0,0,-1,-1
72699,Recôndito Proibido 1/5,,49102,0,0,-1,0,0,0,0,0,0,0,0,0,0,38628,265,7211,0,3,38273024,1073750016,8,0,0,0,-1,-1
72783,Pedidos de criação,,49183,0,0,-1,0,0,0,0,0,0,0,0,0,0,0,0,2401,0,2,39911424,8192,512,70633,0,0,-1,-1
72891,Recôndito Proibido 2/6,,49276,0,0,-1,0,0,0,0,0,0,0,0,0,0,38628,265,7211,0,3,39321600,1073750016,8,0,0,0,-1,-1
72893,Recôndito Proibido 2/5,,49278,0,0,-1,0,0,0,0,0,0,0,0,0,0,38628,265,7211,0,3,39321600,1073750016,8,0,0,0,-1,-1
72894,Recôndito Proibido 2/4,,49279,0,0,-1,0,0,0,0,0,0,0,0,0,0,38628,265,7211,0,3,38273024,1073750016,8,0,0,0,-1,-1
72895,Recôndito Proibido 2/3,,49280,0,0,-1,0,0,0,0,0,0,0,0,0,0,38628,265,7211,0,3,38273024,1073750016,8,0,0,0,-1,-1
72896,Recôndito Proibido 2/2,,49281,0,0,-1,0,0,0,0,0,0,0,0,0,0,38628,265,7211,0,3,38273024,1073750016,8,0,0,0,-1,-1
72897,Recôndito Proibido 2/1,,49282,0,0,-1,0,0,0,0,0,0,0,0,0,0,38628,265,7211,0,3,38273024,1073750016,8,0,0,0,-1,-1
72898,Recôndito Proibido 2/7,,49283,0,0,-1,0,0,0,0,0,0,0,0,0,0,38628,265,7211,0,3,38273024,1073750016,8,0,0,0,-1,-1
72899,Recôndito Proibido 2/8,,49284,0,0,-1,0,0,0,0,0,0,0,0,0,0,38628,265,7211,0,3,38273024,1073750016,8,0,0,0,-1,-1
72906,[DNT] Storm Pet Battle,,49291,0,0,-1,0,0,0,0,0,0,0,0,0,0,0,115,2437,0,3,4784128,8192,0,0,0,0,-1,-1
72907,[DNT] Storm Pet Battle Fodder Tracking Quest,,49308,0,0,-1,0,0,0,0,0,0,0,0,0,0,0,115,2437,0,3,2688256,0,0,0,0,0,-1,-1
72952,A câmara assustadora de Ur,,49341,0,0,-1,131073,0,0,0,0,0,0,0,0,0,0,0,7211,0,2,40894464,1073750016,520,72953,74431,0,-1,-1
72953,Câmara de Zskera: Az,,49342,0,0,-1,0,0,0,0,0,0,0,0,0,0,0,0,7211,0,2,40894464,1073750016,520,73159,0,0,-1,-1
72954,Câmara de Zskera: Ix,,49343,0,0,-1,131073,0,0,0,0,0,0,0,0,0,0,0,7211,0,2,40894464,1073750016,520,72952,74431,0,-1,-1
72955,Câmara de Zskera: Kx,,49344,0,0,-1,131073,0,0,0,0,0,0,0,0,0,0,0,7211,0,2,40894464,1073750016,520,72954,74431,0,-1,-1
73064,Boneco de Neve Forjado em Feitiços,,49454,0,0,-1,0,0,0,0,0,0,0,0,0,0,0,0,2605,0,3,34148352,0,0,0,0,0,-1,-1
73078,Corrida Dragoneira - Circuito da Cratera Tormentalho,,49468,101721,0,-1,0,0,0,0,0,0,0,0,0,0,38662,281,7211,0,3,34144512,0,0,0,0,0,-1,-1
73079,Corrida Dragoneira - Ascensão de Morqut,,49469,101721,0,-1,0,0,0,0,0,0,0,0,0,0,38663,281,7211,0,3,34144512,0,0,0,0,0,-1,-1
73080,Corrida Dragoneira - Cruzeiro do Abismo do Ninho da Águia,,49470,101721,0,-1,0,0,0,0,0,0,0,0,0,0,38664,281,7211,0,3,34144512,0,0,0,0,0,-1,-1
73082,Corrida Dragoneira - Rota do Recôndito Meridional,,49472,101721,0,-1,0,0,0,0,0,0,0,0,0,0,38665,281,7211,0,3,34144512,0,0,0,0,0,-1,-1
73083,Corrida Dragoneira - Vaivém da Caldeira,,49473,101721,0,-1,0,0,0,0,0,0,0,0,0,0,38666,281,7211,0,3,34144512,0,0,0,0,0,-1,-1
73084,Corrida Dragoneira - Rota do Recôndito Proibido,,49474,101721,0,-1,0,0,0,0,0,0,0,0,0,0,38667,281,7211,0,3,34144512,0,0,0,0,0,-1,-1
73146,Vento cortante,,49535,0,0,-1,0,0,0,0,0,0,0,0,0,0,38670,115,7211,0,3,4784128,8192,0,0,0,0,-1,-1
73147,Solo cambiante,,49536,0,0,-1,0,0,0,0,0,0,0,0,0,0,38671,115,7211,0,3,4784128,8192,0,0,0,0,-1,-1
73148,Vegetação inflamável,,49537,0,0,-1,0,0,0,0,0,0,0,0,0,0,38672,115,7211,0,3,4784128,8192,0,0,0,0,-1,-1
73149,Alerta de inundação,,49538,0,0,-1,0,0,0,0,0,0,0,0,0,0,38673,115,7211,0,3,4784128,8192,0,0,0,0,-1,-1
73221,Um estado de espírito límpido,,49605,108904,0,-1,0,0,0,0,0,0,0,0,0,202714,39333,109,2650,0,3,38469888,8192,0,0,0,0,-1,-1
73408,Farejem eles!,,49715,108883,0,-1,0,0,0,0,0,0,0,0,0,203013,38725,109,7214,0,3,41484544,8192,0,0,0,0,-1,-1
73696,Tracking Quest,,49865,0,0,-1,0,0,0,0,0,0,0,0,0,0,0,0,0,0,3,33555464,0,8,0,0,0,-1,-1
73698,"Toupeirinha, toupeira, toupeirão",,49867,108886,0,-1,0,0,0,0,0,0,0,0,0,0,38773,109,7214,0,3,40435968,8192,0,0,0,0,-1,-1
73699,Tracking Quest,,49868,0,0,-1,0,0,0,0,0,0,0,0,0,0,0,0,0,0,3,33555464,0,8,0,0,0,-1,-1
73700,Tracking Quest,,49869,0,0,-1,0,0,0,0,0,0,0,0,0,0,0,0,0,0,3,33555464,0,8,0,0,0,-1,-1
73702,Tracking Quest,,49871,0,0,-1,0,0,0,0,0,0,0,0,0,0,0,0,0,0,3,33555464,0,8,0,0,0,-1,-1
73864,Missão de Rastreamento,,49960,0,0,-1,0,0,0,0,0,0,0,0,0,0,0,265,2424,0,3,33619968,128,0,0,0,0,-1,-1
74292,Mistérios profundos,,50375,108884,0,-1,0,0,0,0,0,0,0,0,0,0,38774,109,7214,0,3,40435968,8192,0,0,0,0,-1,-1
74296,Recôndito Proibido 3/3,,50379,0,0,-1,0,0,0,0,0,0,0,0,0,0,38628,265,7211,0,3,38273024,1073750016,8,0,0,0,-1,-1
74297,Recôndito Proibido 3/1,,50380,0,0,-1,0,0,0,0,0,0,0,0,0,0,38628,265,7211,0,3,38273024,1073750016,8,0,0,0,-1,-1
74298,Recôndito Proibido 3/2,,50381,0,0,-1,0,0,0,0,0,0,0,0,0,0,38628,265,7211,0,3,39321600,1073750016,8,0,0,0,-1,-1
74299,Recôndito Proibido 3/4,,50382,0,0,-1,0,0,0,0,0,0,0,0,0,0,38628,265,7211,0,3,39321600,1073750016,8,0,0,0,-1,-1
74300,Tectonus,,50383,0,0,-1,0,0,0,0,0,0,0,0,0,0,0,0,7211,0,3,34148672,0,8,0,0,0,-1,-1
74301,Recôndito Proibido 3/5,,50384,0,0,-1,0,0,0,0,0,0,0,0,0,0,38628,265,7211,0,3,39321600,1073750016,8,0,0,0,-1,-1
74302,Recôndito Proibido 3/6,,50385,0,0,-1,0,0,0,0,0,0,0,0,0,0,38628,265,7211,0,3,39321600,1073750016,8,0,0,0,-1,-1
74303,Recôndito Proibido 3/7,,50386,0,0,-1,0,0,0,0,0,0,0,0,0,0,38628,265,7211,0,3,39321600,1073750016,8,0,0,0,-1,-1
74304,Recôndito Proibido 3/8,,50387,0,0,-1,0,0,0,0,0,0,0,0,0,0,38628,265,7211,0,3,39321600,1073750016,8,0,0,0,-1,-1
74305,Sir Cracalot,,50388,0,0,-1,0,0,0,0,0,0,0,0,0,0,0,0,7211,0,3,34148672,0,8,0,0,0,-1,-1
74306,Manathema,,50389,0,0,-1,0,0,0,0,0,0,0,0,0,0,0,0,7211,0,3,34148672,0,8,0,0,0,-1,-1
74307,Presamarra,,50390,0,0,-1,0,0,0,0,0,0,0,0,0,0,0,0,7211,0,3,34148672,0,8,0,0,0,-1,-1
74311,Recôndito Proibido 4/1,,50394,0,0,-1,0,0,0,0,0,0,0,0,0,0,38628,265,7211,0,3,38273024,1073750016,8,0,0,0,-1,-1
74313,Recôndito Proibido 4/2,,50396,0,0,-1,0,0,0,0,0,0,0,0,0,0,38628,265,7211,0,3,38273024,1073750016,8,0,0,0,-1,-1
74315,Recôndito Proibido 4/3,,50398,0,0,-1,0,0,0,0,0,0,0,0,0,0,38628,265,7211,0,3,38273024,1073750016,8,0,0,0,-1,-1
74319,Recôndito Proibido 4/4,,50402,0,0,-1,0,0,0,0,0,0,0,0,0,0,38628,265,7211,0,3,38273024,1073750016,8,0,0,0,-1,-1
74320,Recôndito Proibido 4/5,,50403,0,0,-1,0,0,0,0,0,0,0,0,0,0,38628,265,7211,0,3,38273024,1073750016,8,0,0,0,-1,-1
74321,Gareed,,50404,0,0,-1,0,0,0,0,0,0,0,0,0,0,0,0,7211,0,3,34148672,0,8,0,0,0,-1,-1
74322,Faunos,,50405,0,0,-1,0,0,0,0,0,0,0,0,0,0,0,0,7211,0,3,34148672,0,8,0,0,0,-1,-1
74323,Recôndito Proibido 4/6,,50406,0,0,-1,0,0,0,0,0,0,0,0,0,0,38628,265,7211,0,3,38273024,1073750016,8,0,0,0,-1,-1
74324,Recôndito Proibido 4/7,,50407,0,0,-1,0,0,0,0,0,0,0,0,0,0,38628,265,7211,0,3,38273024,1073750016,8,0,0,0,-1,-1
74325,Forja-marés Zarviss,,50408,0,0,-1,0,0,0,0,0,0,0,0,0,0,0,0,7211,0,3,34148672,0,8,0,0,0,-1,-1
74327,Recôndito Proibido 4/8,,50409,0,0,-1,0,0,0,0,0,0,0,0,0,0,38628,265,7211,0,3,38273024,1073750016,8,0,0,0,-1,-1
74328,Arcanatrix,,50410,0,0,-1,0,0,0,0,0,0,0,0,0,0,0,0,7211,0,3,34148672,0,8,0,0,0,-1,-1
74329,Kangalo,,50411,0,0,-1,0,0,0,0,0,0,0,0,0,0,0,0,7211,0,3,34148672,0,8,0,0,0,-1,-1
74330,Fimbul,,50412,0,0,-1,0,0,0,0,0,0,0,0,0,0,0,0,7211,0,3,34148672,0,8,0,0,0,-1,-1
74331,Agni Patardida,,50413,0,0,-1,0,0,0,0,0,0,0,0,0,0,0,0,7211,0,3,34148672,0,8,0,0,0,-1,-1
74332,Luttrok,,50414,0,0,-1,0,0,0,0,0,0,0,0,0,0,0,0,7211,0,3,34148672,0,8,0,0,0,-1,-1
74333,Punho Ametista,,50415,0,0,-1,0,0,0,0,0,0,0,0,0,0,0,0,7211,0,3,34148672,0,8,0,0,0,-1,-1
74336,"Vraken, o Caçador",,50418,0,0,-1,0,0,0,0,0,0,0,0,0,0,0,0,7211,0,3,34148672,0,8,0,0,0,-1,-1
74337,Gahz'raxes,,50419,0,0,-1,0,0,0,0,0,0,0,0,0,0,0,0,7211,0,3,34148672,0,8,0,0,0,-1,-1
74338,Ishyra,,50420,0,0,-1,0,0,0,0,0,0,0,0,0,0,0,0,7211,0,3,34148672,0,8,0,0,0,-1,-1
74339,"Reisa, a Afogada",,50421,0,0,-1,0,0,0,0,0,0,0,0,0,0,0,0,7211,0,3,34148672,0,8,0,0,0,-1,-1
74340,Duzalgor,,50422,0,0,-1,0,0,0,0,0,0,0,0,0,0,0,0,7211,0,3,34148672,0,8,0,0,0,-1,-1
74341,Peneira-ossos Marwak,,50423,0,0,-1,0,0,0,0,0,0,0,0,0,0,0,0,7211,0,3,34148672,0,8,0,0,0,-1,-1
74342,Galakhad,,50424,0,0,-1,0,0,0,0,0,0,0,0,0,0,0,0,7211,0,3,34148672,0,8,0,0,0,-1,-1
74343,"Grugoth, o Esmaga-cascos",,50425,0,0,-1,0,0,0,0,0,0,0,0,0,0,0,0,7211,0,3,34148672,0,8,0,0,0,-1,-1
74344,Lady Shaz'ra,,50426,0,0,-1,0,0,0,0,0,0,0,0,0,0,0,0,7211,0,3,34148672,0,8,0,0,0,-1,-1
74345,Veltrax,,50427,0,0,-1,0,0,0,0,0,0,0,0,0,0,0,0,7211,0,3,34148672,0,8,0,0,0,-1,-1
74346,Olho-Doido Carrey,,50428,0,0,-1,0,0,0,0,0,0,0,0,0,0,0,0,7211,0,3,34148672,0,8,0,0,0,-1,-1
74347,Angvardi Mata-serpes,,50429,0,0,-1,0,0,0,0,0,0,0,0,0,0,0,0,7211,0,3,34148672,0,8,0,0,0,-1,-1
74348,Guardiã Entrix,,50430,0,0,-1,0,0,0,0,0,0,0,0,0,0,0,0,7211,0,3,34148672,0,8,0,0,0,-1,-1
74349,Barbandalho,,50431,0,0,-1,0,0,0,0,0,0,0,0,0,0,0,0,7211,0,3,34148672,0,8,0,0,0,-1,-1
74350,Pyrachnis,,50432,0,0,-1,0,0,0,0,0,0,0,0,0,0,0,0,7211,0,3,34148672,0,8,0,0,0,-1,-1
74351,Vulcanakk,,50433,0,0,-1,0,0,0,0,0,0,0,0,0,0,0,0,7211,0,3,34148672,0,8,0,0,0,-1,-1
74352,Zéfiro rodopiante,,52033,109176,0,-1,0,0,0,0,0,0,0,0,0,0,39373,283,7214,0,3,36372480,524288,4096,0,0,0,-1,-1
74377,De cabeça pra baixo,,50459,106302,0,-1,0,0,0,0,0,0,0,0,0,0,0,0,7211,0,3,34144256,0,8,0,0,0,-1,-1
74378,A Fúria da Tempestade,,50460,127219,0,-1,0,0,0,0,0,0,0,0,0,0,38594,112,2594,0,3,36241664,0,0,0,0,0,-1,-1
74440,Perseguidor dos Ventos Avash,,50528,0,0,-1,0,0,0,0,0,0,0,0,0,0,0,0,2152,0,3,34148608,0,0,0,0,0,-1,-1
74441,Mestre de Águias Niraak,,50529,0,0,-1,0,0,0,0,0,0,0,0,0,0,0,0,2152,0,3,34148608,0,0,0,0,0,-1,-1
74444,Forbidden Reach 1/3 C and D,,50532,0,0,-1,0,0,0,0,0,0,0,0,0,0,38628,265,7211,0,3,38273024,1073750016,8,0,0,0,-1,-1
74445,Forbidden Reach 1/1 C and D,,50533,0,0,-1,0,0,0,0,0,0,0,0,0,0,38628,265,7211,0,3,38273024,1073750016,8,0,0,0,-1,-1
74448,Feitora Rochalíngua,,50536,0,0,-1,0,0,0,0,0,0,0,0,0,0,0,0,2078,0,3,34148608,0,4096,0,0,0,-1,-1
74449,Matriz de Defesa em Sobrecarga,,50537,0,0,-1,0,0,0,0,0,0,0,0,0,0,0,0,2078,0,3,34148608,0,4096,0,0,0,-1,-1
74450,Morlash,,50538,0,0,-1,0,0,0,0,0,0,0,0,0,0,0,0,2078,0,3,34148608,0,4096,0,0,0,-1,-1
74451,Tikarr Garra de Gelo,,50539,0,0,-1,0,0,0,0,0,0,0,0,0,0,0,0,2078,0,3,34148608,0,4096,0,0,0,-1,-1
74452,Avalantus,,50540,0,0,-1,0,0,0,0,0,0,0,0,0,0,0,0,2078,0,3,34148608,0,4096,0,0,0,-1,-1
74453,Estilhaçasa,,50541,0,0,-1,0,0,0,0,0,0,0,0,0,0,0,0,2078,0,3,34148608,0,4096,0,0,0,-1,-1
74454,Mestre das Formas Za'lani,,50542,0,0,-1,0,0,0,0,0,0,0,0,0,0,0,0,2078,0,3,34148608,0,4096,0,0,0,-1,-1
74455,Arcanogolem Instável,,50543,0,0,-1,0,0,0,0,0,0,0,0,0,0,0,0,2078,0,3,34148608,0,4096,0,0,0,-1,-1
74456,Motivador Krathos,,50544,0,0,-1,0,0,0,0,0,0,0,0,0,0,0,0,2078,0,3,34148608,0,4096,0,0,0,-1,-1
74457,Grande Artífice Zeerak,,50545,0,0,-1,0,0,0,0,0,0,0,0,0,0,0,0,2078,0,3,34148608,0,4096,0,0,0,-1,-1
74458,Srivantor,,50546,0,0,-1,0,0,0,0,0,0,0,0,0,0,0,0,2078,0,3,34148608,0,4096,0,0,0,-1,-1
74459,Garra de granito,,50547,0,0,-1,0,0,0,0,0,0,0,0,0,0,0,0,2078,0,3,34148608,0,4096,0,0,0,-1,-1
74460,Caldeirudo,,50548,0,0,-1,0,0,0,0,0,0,0,0,0,0,0,0,2078,0,3,34148608,0,4096,0,0,0,-1,-1
74461,Malganha Uivolito,,50549,0,0,-1,0,0,0,0,0,0,0,0,0,0,0,0,2078,0,3,34148608,0,4096,0,0,0,-1,-1
74462,Shiobhan Filha d'Água,,50550,0,0,-1,0,0,0,0,0,0,0,0,0,0,0,0,2078,0,3,34148608,0,4096,0,0,0,-1,-1
74463,Groffnar,,50551,0,0,-1,0,0,0,0,0,0,0,0,0,0,0,0,2078,0,3,34148608,0,4096,0,0,0,-1,-1
74464,Lurgan,,50552,0,0,-1,0,0,0,0,0,0,0,0,0,0,0,0,2078,0,3,34148608,0,4096,0,0,0,-1,-1
74465,Tempestária Narkena,,50553,0,0,-1,0,0,0,0,0,0,0,0,0,0,0,0,2078,0,3,34148608,0,4096,0,0,0,-1,-1
74466,Mestre da Caça Yrgena,,50554,0,0,-1,0,0,0,0,0,0,0,0,0,0,0,0,2078,0,3,34148608,0,4096,0,0,0,-1,-1
74467,"Bico Sangrento, o Voraz",,50555,0,0,-1,0,0,0,0,0,0,0,0,0,0,0,0,2078,0,3,34148608,0,4096,0,0,0,-1,-1
74468,Forbidden Reach 1/2 D and E,,50556,0,0,-1,0,0,0,0,0,0,0,0,0,0,38628,265,7211,0,3,39321600,1073750016,8,0,0,0,-1,-1
74501,Campo de Impregnação: Vento das Cinzas,,50589,111201,0,-1,131073,0,0,0,0,0,0,0,0,0,38748,111,2641,0,3,4784128,8193,0,75888,75157,0,-1,-1
74510,Forbidden Reach 2/6,,50597,0,0,-1,0,0,0,0,0,0,0,0,0,0,38628,265,7211,0,3,38273024,1073750016,8,0,0,0,-1,-1
74784,Recôndito Proibido 1/3 (RP),,50855,0,0,-1,0,0,0,0,0,0,0,0,0,0,38628,265,7211,0,3,38273024,1073750016,8,0,0,0,-1,-1
74792,Quantas estrelas!,,50863,99309,0,-1,0,0,0,0,0,0,0,0,0,0,39062,115,2437,0,3,34144512,0,0,0,0,0,-1,-1
74794,Dá certo duas vezes ao dia,,50865,99309,0,-1,0,0,0,0,0,0,0,0,0,0,39063,115,2437,0,3,590080,0,0,0,0,0,-1,-1
74835,"Enok, o Fedorento",,50908,99309,0,-1,0,0,0,0,0,0,0,0,0,0,39064,115,2437,0,3,590080,0,0,0,0,0,-1,-1
74836,Uma nova vocação,,50909,99309,0,-1,0,0,0,0,0,0,0,0,0,0,39065,115,2437,0,3,34144512,0,0,0,0,0,-1,-1
74837,Patas trovejantes,,50910,99309,0,-1,0,0,0,0,0,0,0,0,0,0,39066,115,2437,0,3,34144512,0,0,0,0,0,-1,-1
74838,Tutícor,,50911,99309,0,-1,0,0,0,0,0,0,0,0,0,0,39067,115,2437,0,3,590080,0,0,0,0,0,-1,-1
74840,Afiado feito pederneira,,50913,99309,0,-1,0,0,0,0,0,0,0,0,0,0,39068,115,2437,0,3,34144512,0,0,0,0,0,-1,-1
74841,Adinakon,,50914,99309,0,-1,0,0,0,0,0,0,0,0,0,0,39069,115,2437,0,3,590080,0,0,0,0,0,-1,-1
74879,Contrabalanceamento corrosivo,,50951,108893,0,-1,0,0,0,0,0,0,0,0,0,0,39323,109,7214,0,3,38338560,8192,0,0,0,0,-1,-1
74892,Anciãos Zaqali,,50962,107182,0,-1,0,0,0,0,0,0,0,0,0,0,39104,112,2471,0,3,34144320,0,0,0,0,0,-1,-1
74945,Gambito da guanita,,51006,108897,0,-1,0,0,0,0,0,0,0,0,0,0,39335,109,7214,0,3,38338560,8192,0,0,0,0,-1,-1
74985,Como mariposas na luz,,51046,108909,0,-1,0,0,0,0,0,0,0,0,0,0,39334,109,7214,0,3,38338560,8192,0,0,0,0,-1,-1
74988,Se você não aguenta a pressão,,51091,108887,0,-1,0,0,0,0,0,0,0,0,0,204344,39133,111,7214,0,3,37421312,0,0,0,0,0,-1,-1
74989,Defesas zelosas,,51050,108888,0,-1,0,0,0,0,0,0,0,0,0,0,39134,111,7214,0,3,34144512,0,0,0,0,0,-1,-1
74990,Sombra turbulenta,,51051,108889,0,-1,0,0,0,0,0,0,0,0,0,0,39135,111,7214,0,3,41484544,0,0,0,0,0,-1,-1
74991,Estamos de volta,,51052,108890,0,-1,0,0,0,0,0,0,0,0,0,204365,39136,111,7214,0,3,34275584,0,0,0,0,0,-1,-1
74992,Equipamento de Resistência ao Fogo,,51053,108891,0,-1,0,0,0,0,0,0,0,0,0,0,39137,111,7214,0,3,34144512,0,0,0,0,0,-1,-1
75022,Vinyeti,,51083,0,0,-1,0,0,0,0,0,0,0,0,0,0,0,0,2650,0,3,34148672,0,8,0,0,0,-1,-1
75030,Catástrofe de cristal!,,51092,108885,0,-1,0,0,0,0,0,0,0,0,0,0,39147,109,7214,0,3,40435968,8192,0,0,0,0,-1,-1
75058,Aquisição de vanguarda,,51116,108447,0,-1,0,0,0,0,0,0,0,0,0,0,38683,109,7214,0,3,40435968,0,0,0,0,0,-1,-1
75060,Um verdadeiro lixão,,51118,108447,0,-1,0,0,0,0,0,0,0,0,0,0,38681,109,7214,0,3,40435968,0,0,0,0,0,-1,-1
75061,Cogumelos não são eternos,,51119,108447,0,-1,0,0,0,0,0,0,0,0,0,0,38682,109,7214,0,3,40435968,0,0,0,0,0,-1,-1
75062,Dilema cristalino,,51120,108447,0,-1,0,0,0,0,0,0,0,0,0,0,38680,109,7214,0,3,40435968,0,0,0,0,0,-1,-1
75063,Âmbar-gris,,51121,108905,0,-1,0,0,0,0,0,0,0,0,0,0,39159,109,7214,0,3,38469632,8192,0,0,0,0,-1,-1
75064,Na onda do cogumelo,,51122,108906,0,-1,0,0,0,0,0,0,0,0,0,0,39160,109,7214,0,3,38469632,8192,0,0,0,0,-1,-1
75067,Um rolê com a víbora-da-rocha,,51125,108907,0,-1,0,0,0,0,0,0,0,0,0,0,39162,109,7214,0,3,38469632,0,0,0,0,0,-1,-1
75071,Ratinhos farejadores são uns amores,,51129,108908,0,-1,0,0,0,0,0,0,0,0,0,0,39163,109,7214,0,3,38469632,0,0,0,0,0,-1,-1
75119,Corrida Dragoneira - Circuito de Cristal,,51178,108754,0,-1,0,0,0,0,0,0,0,0,0,0,39164,281,2437,0,3,34144512,0,0,0,0,0,-1,-1
75120,Corrida Dragoneira - Cruzeiro da Caldeira,,51179,108754,0,-1,0,0,0,0,0,0,0,0,0,0,39167,281,2437,0,3,34144512,0,0,0,0,0,-1,-1
75121,Corrida Dragoneira - Corrida do Enxofre,,51180,108754,0,-1,0,0,0,0,0,0,0,0,0,0,39168,281,2437,0,3,34144512,0,0,0,0,0,-1,-1
75122,Corrida Dragoneira - Slalom Cintilante,,51181,108754,0,-1,0,0,0,0,0,0,0,0,0,0,39169,281,2437,0,3,34144512,0,0,0,0,0,-1,-1
75123,Corrida Dragoneira - Andarilha de Argília,,51182,108754,0,-1,0,0,0,0,0,0,0,0,0,0,39170,281,2437,0,3,34144512,0,0,0,0,0,-1,-1
75124,Corrida Dragoneira - Disparada Sulfurosa,,51183,108754,0,-1,0,0,0,0,0,0,0,0,0,0,39171,281,2437,0,3,34144512,0,0,0,0,0,-1,-1
75125,"Todas as portas, em todo lugar, ao mesmo tempo",,51184,0,0,-1,0,0,0,0,0,0,0,0,0,0,38628,265,7211,0,3,2686976,1073741824,8,0,0,0,-1,-1
75126,Catalogando a Caverna Zaralek,,51185,107540,0,-1,0,0,0,0,0,0,0,0,0,0,38676,109,7214,0,3,40566784,8192,0,0,0,0,-1,-1
75128,Peão de visgo,,51187,108895,0,-1,0,0,0,0,0,0,0,0,0,0,39325,109,7214,0,3,41484288,8192,0,0,0,0,-1,-1
75151,Enterro dos ossos,,51211,108894,0,-1,0,0,0,0,0,0,0,0,0,0,39324,109,7214,0,3,38338560,8192,0,0,0,0,-1,-1
75155,Extintor de chama sombria,,51215,108896,0,-1,0,0,0,0,0,0,0,0,0,0,39326,109,7214,0,3,41484288,8192,0,0,0,0,-1,-1
75156,Expresso do estresse,,51685,108370,0,-1,0,0,0,0,0,0,0,0,0,0,39370,283,7214,0,3,35192832,524288,4096,0,0,0,-1,-1
75162,Conjurando elementos,,51222,110050,0,-1,0,0,0,0,0,0,0,0,0,204473,39202,113,2523,0,3,38469888,8192,0,0,0,0,-1,-1
75200,Exterminador de azorragues,,51254,108882,0,-1,0,0,0,0,0,0,0,0,0,0,39211,109,7214,0,3,41484544,8192,0,0,0,0,-1,-1
75222,Carapaça em chamas,,51694,108373,0,-1,0,0,0,0,0,0,0,0,0,0,39370,283,7214,0,3,35192832,524288,4096,0,0,0,-1,-1
75234,Coçar e farejar,,52101,109354,0,-1,0,0,0,0,0,0,0,0,0,0,0,283,7214,0,3,36241408,524288,4104,0,0,0,-1,-1
75257,Abrigo da Guerra,,51307,106302,0,-1,0,0,0,0,0,0,0,0,0,0,39251,136,7211,0,3,40436032,0,0,0,0,0,-1,-1
75259,Ajudando o Acordo: Câmaras de Zskera,,47316,107827,0,-1,0,0,0,0,0,0,0,0,0,0,0,0,7211,0,2,36733248,0,776,0,0,0,-1,-1
75267,Kob'rok,,51315,0,0,-1,0,0,0,0,0,0,0,0,0,0,0,111,2650,0,3,34148672,0,8,0,0,0,-1,-1
75269,Kaprak,,51317,0,0,-1,0,0,0,0,0,0,0,0,0,0,0,111,2650,0,3,34148672,0,8,0,0,0,-1,-1
75271,Áquifon,,51319,0,0,-1,0,0,0,0,0,0,0,0,0,0,0,111,2650,0,3,34148672,0,8,0,0,0,-1,-1
75274,Goosmal,,51322,0,0,-1,0,0,0,0,0,0,0,0,0,0,0,111,2650,0,3,34148672,0,8,0,0,0,-1,-1
75276,Medulosa,,51324,0,0,-1,0,0,0,0,0,0,0,0,0,0,0,111,2650,0,3,34148672,0,8,0,0,0,-1,-1
75280,Campo de Impregnação: queimadura do gelo,,51328,111201,0,-1,131073,0,0,0,0,0,0,0,0,0,39213,111,2641,0,3,4784128,8193,0,75888,75157,0,-1,-1
75285,Álcanon,,51332,0,0,-1,0,0,0,0,0,0,0,0,0,0,0,111,2650,0,3,34148672,0,8,0,0,0,-1,-1
75292,Professor Gastrinax,,51335,0,0,-1,0,0,0,0,0,0,0,0,0,0,0,111,2650,0,3,34148672,0,8,0,0,0,-1,-1
75296,General Zskorro,,51339,0,0,-1,0,0,0,0,0,0,0,0,0,0,0,111,2650,0,3,34148672,0,8,0,0,0,-1,-1
75298,Rainha Telúmina,,51341,0,0,-1,0,0,0,0,0,0,0,0,0,0,0,111,2650,0,3,34148672,0,8,0,0,0,-1,-1
75314,Hadéxia,,51351,0,0,-1,0,0,0,0,0,0,0,0,0,0,0,0,2650,0,3,34148672,0,8,0,0,0,-1,-1
75322,Klakatak,,51359,0,0,-1,0,0,0,0,0,0,0,0,0,0,0,111,2650,0,3,34148672,0,8,0,0,0,-1,-1
75326,"Lesko, o Forte",,51363,0,0,-1,0,0,0,0,0,0,0,0,0,0,0,111,2650,0,3,34148672,0,8,0,0,0,-1,-1
75334,Karokta,,51371,0,0,-1,0,0,0,0,0,0,0,0,0,0,0,111,2650,0,3,34148672,0,8,0,0,0,-1,-1
75336,Invoq,,51373,0,0,-1,0,0,0,0,0,0,0,0,0,0,0,111,2650,0,3,34148672,0,8,0,0,0,-1,-1
75338,Lavamix,,51375,0,0,-1,0,0,0,0,0,0,0,0,0,0,0,0,2650,0,3,34148672,0,8,0,0,0,-1,-1
75340,Magtembo,,51377,0,0,-1,0,0,0,0,0,0,0,0,0,0,0,111,2650,0,3,34148672,0,8,0,0,0,-1,-1
75342,Kronkapace,,51379,0,0,-1,0,0,0,0,0,0,0,0,0,0,0,0,2650,0,3,34148672,0,8,0,0,0,-1,-1
75343,Tudo que reluz,,51381,108899,0,-1,0,0,0,0,0,0,0,0,0,0,39327,109,7214,0,3,38338560,8192,0,0,0,0,-1,-1
75344,O quebra-cristais,,51382,108901,0,-1,0,0,0,0,0,0,0,0,0,0,39329,109,7214,0,3,41484288,8192,0,0,0,0,-1,-1
75345,Shell Co.,,51383,108902,0,-1,0,0,0,0,0,0,0,0,0,0,39331,109,7214,0,3,38338560,8192,0,0,0,0,-1,-1
75346,Coleta de dados,,51384,108903,0,-1,0,0,0,0,0,0,0,0,0,0,39332,109,7214,0,3,41484288,8192,0,0,0,0,-1,-1
75349,Skornalha,,51387,0,0,-1,0,0,0,0,0,0,0,0,0,0,0,111,2650,0,3,34148672,0,8,0,0,0,-1,-1
75350,Apanhador farim,,51388,108900,0,-1,0,0,0,0,0,0,0,0,0,0,39328,109,7214,0,3,38338560,8192,0,0,0,0,-1,-1
75353,Dinn,,51390,0,0,-1,0,0,0,0,0,0,0,0,0,0,0,111,2650,0,3,34148672,0,8,0,0,0,-1,-1
75358,Fluifo,,51395,0,0,-1,0,0,0,0,0,0,0,0,0,0,0,111,2650,0,3,34148672,0,8,0,0,0,-1,-1
75360,Subterrax,,51397,0,0,-1,0,0,0,0,0,0,0,0,0,0,0,111,2650,0,3,34148672,0,8,0,0,0,-1,-1
75364,Penumbrasa,,51401,0,0,-1,0,0,0,0,0,0,0,0,0,0,0,111,2650,0,3,34148672,0,8,0,0,0,-1,-1
75366,Rei Viridiano,,51403,0,0,-1,0,0,0,0,0,0,0,0,0,0,0,111,2650,0,3,34148672,0,8,0,0,0,-1,-1
75370,Futuncenso,,51695,108372,0,-1,0,0,0,0,0,0,0,0,0,0,39370,283,7214,0,3,35192832,524288,4096,0,0,0,-1,-1
75390,Anomalia vertical,,52103,109357,0,-1,0,0,0,0,0,0,0,0,0,0,0,283,7214,0,3,36241408,524288,4104,0,0,0,-1,-1
75393,Odores da camaradagem,,52090,109229,0,-1,0,0,0,0,0,0,0,0,0,0,0,283,7214,0,3,36241408,524288,4104,0,0,0,-1,-1
75397,Essas minhocas malandras,,52098,109345,0,-1,0,0,0,0,0,0,0,0,0,0,0,283,7214,0,3,36241408,524288,4104,0,0,0,-1,-1
75398,Reverencie a chama,Reverencie a Fogueira na Costa Desperta.,51434,9484,0,-1,0,0,0,0,0,0,0,0,0,0,0,0,394,0,2,2097152,0,512,0,0,0,-1,-1
75441,Mistura fedida,,51696,108371,0,-1,0,0,0,0,0,0,0,0,0,0,39370,283,7214,0,3,35192832,524288,4096,0,0,0,-1,-1
75450,Cerimônia sísmica,,51492,108378,0,-1,0,0,0,0,0,0,0,0,0,0,39587,283,7214,0,3,36241408,524288,4096,0,0,0,-1,-1
75451,Equilíbrio imperfeito,,51494,108376,0,-1,0,0,0,0,0,0,0,0,0,0,39587,283,7214,0,3,36241408,524288,4096,0,0,0,-1,-1
75454,Batalha de morteiros,,51497,108380,0,-1,0,0,0,0,0,0,0,0,0,0,39587,283,7214,0,3,40435712,524288,4096,0,0,0,-1,-1
75455,Conspiração das chamas,,51671,108379,0,-1,0,0,0,0,0,0,0,0,0,0,39587,283,7214,0,3,36241408,524288,4096,0,0,0,-1,-1
75459,Escavações fresquinhas,,51489,0,0,-1,0,0,0,0,0,0,0,0,0,0,0,109,7214,0,3,34144256,524352,4360,0,0,0,-1,-1
75461,Matriarca Garra-de-magma,,52036,108381,0,-1,0,0,0,0,0,0,0,0,0,0,39371,283,7214,0,3,34144256,524288,4096,0,0,0,-1,-1
75471,Inspeção cristalina,,51692,108374,0,-1,0,0,0,0,0,0,0,0,0,0,39370,283,7214,0,3,35192832,524288,4096,0,0,0,-1,-1
75476,Colossian,,51511,0,0,-1,0,0,0,0,0,0,0,0,0,0,0,111,2650,0,3,34148672,0,8,0,0,0,-1,-1
75478,"Hidra com fome, muita fome",,52035,109174,0,-1,0,0,0,0,0,0,0,0,0,0,39371,283,7214,0,3,34144256,524288,4096,0,0,0,-1,-1
75494,Explosão de cores,,52034,109175,0,-1,0,0,0,0,0,0,0,0,0,0,39371,283,7214,0,3,36241408,524288,4096,0,0,0,-1,-1
75511,Tracking Quest,,51543,0,0,-1,0,0,0,0,0,0,0,0,0,0,0,265,2474,0,3,622656,69206080,0,0,0,0,-1,-1
75516,Intervenções bem-sucedidas,,52099,109348,0,-1,0,0,0,0,0,0,0,0,0,0,0,283,7214,0,3,36241408,524288,4104,0,0,0,-1,-1
75517,Faro furtivo,,52096,109342,0,-1,0,0,0,0,0,0,0,0,0,0,0,283,7214,0,3,36241408,524288,4104,0,0,0,-1,-1
75576,Invasão do Glutão Implacável!,,51605,0,0,-1,0,0,0,0,0,0,0,0,0,0,0,0,2650,0,3,34148672,0,8,0,0,0,-1,-1
75611,Antes que o piscilume suma,,52089,108575,0,-1,0,0,0,0,0,0,0,0,0,0,39372,283,7214,0,3,37289984,524288,4096,0,0,0,-1,-1
75612,O chamado das cascatas,,52087,108605,0,-1,0,0,0,0,0,0,0,0,0,0,39372,283,7214,0,3,36241408,524288,4096,0,0,0,-1,-1
75617,Reverencie a chama,Reverencie a Fogueira na Chapada Ohn'ahrana.,51644,9484,0,-1,0,0,0,0,0,0,0,0,0,0,0,0,394,0,2,2097152,0,512,0,0,0,-1,-1
75619,Bichos larápios,,52094,109339,0,-1,0,0,0,0,0,0,0,0,0,0,0,283,7214,0,3,36241408,524288,4104,0,0,0,-1,-1
75620,Pega na mentira,,52091,109336,0,-1,0,0,0,0,0,0,0,0,0,0,0,283,7214,0,3,36241408,524288,4104,0,0,0,-1,-1
75621,Sussurros elementais,,52100,109351,0,-1,0,0,0,0,0,0,0,0,0,0,0,283,7214,0,3,36241408,524288,4104,0,0,0,-1,-1
75624,O desafio dos campeões,,52088,108614,0,-1,0,0,0,0,0,0,0,0,0,0,39372,283,7214,0,3,36241408,34078720,4096,0,0,0,-1,-1
75640,Reverencie a chama,Reverencie a Fogueira em Vasta Lazúli.,51666,9484,0,-1,0,0,0,0,0,0,0,0,0,0,0,0,394,0,2,2097152,0,512,0,0,0,-1,-1
75645,Reverencie a chama,Reverencie a Fogueira em Thaldraszus.,51672,9484,0,-1,0,0,0,0,0,0,0,0,0,0,0,0,394,0,2,2097152,0,512,0,0,0,-1,-1
75647,Reverencie a chama,Reverencie a Fogueira no Recôndito Proibido.,51674,9484,0,-1,0,0,0,0,0,0,0,0,0,0,0,0,394,0,2,2097152,0,512,0,0,0,-1,-1
75650,Reverencie a chama,Reverencie a Fogueira na Caverna Zaralek.,51677,9484,0,-1,0,0,0,0,0,0,0,0,0,0,0,0,394,0,2,2097152,0,512,0,0,0,-1,-1
75660,Encerrando a vigia,,51688,108910,0,-1,0,0,0,0,0,0,0,0,0,0,39529,109,7214,0,3,40435968,0,0,0,0,0,-1,-1
75661,Coleção cristalina curativa,,51689,108911,0,-1,0,0,0,0,0,0,0,0,0,0,39533,109,7214,0,3,38338816,0,0,0,0,0,-1,-1
75663,Tormento incansável,,51691,108898,0,-1,0,0,0,0,0,0,0,0,0,0,39538,109,7214,0,3,38338560,8192,0,0,0,0,-1,-1
75664,Cristais dissonantes,,52031,109177,0,-1,0,0,0,0,0,0,0,0,0,0,39373,283,7214,0,3,34144256,524288,4096,0,0,0,-1,-1
75665,Aliados dignos: farins de Argília,,51693,108781,0,-1,0,0,0,0,0,0,0,0,0,0,0,0,2649,0,2,33587272,0,776,0,0,0,-1,-1
75680,Rumo a uma terra lá embaixo,,51711,105724,0,-1,0,0,0,0,0,0,0,0,0,0,39554,115,2650,0,3,34144512,0,0,0,0,0,-1,-1
75705,Manutenção do monumento,,52032,109178,0,-1,0,0,0,0,0,0,0,0,0,0,39373,283,7214,0,3,34144256,524288,4096,0,0,0,-1,-1
75750,Não são uma lindeza?,,51777,105724,0,-1,0,0,0,0,0,0,0,0,0,0,39630,115,2650,0,3,34144512,0,0,0,0,0,-1,-1
75834,Exploradora Mardei,,51861,105724,0,-1,0,0,0,0,0,0,0,0,0,0,39654,115,2650,0,3,34144512,0,0,0,0,0,-1,-1
75835,"Cê treina, lesk?",,51862,105724,0,-1,0,0,0,0,0,0,0,0,0,0,39655,115,2650,0,3,34144512,0,0,0,0,0,-1,-1
75859,Ajudando o Acordo: busca farejante,,47316,107827,0,-1,0,0,0,0,0,0,0,0,0,0,0,0,2649,0,2,36733248,0,776,0,0,0,-1,-1
75860,Ajudando o Acordo: pesquisadores sob fogo,,47316,107827,0,-1,0,0,0,0,0,0,0,0,0,0,0,0,2649,0,2,36733248,0,776,0,0,0,-1,-1
75861,Ajudando o Acordo: campo de impregnação,,47316,107827,0,-1,0,0,0,0,0,0,0,0,0,0,0,0,2641,0,2,36733248,0,776,0,0,0,-1,-1
75996,Seu peso em ouro,,52097,109347,0,-1,0,0,0,0,0,0,0,0,0,0,0,283,7214,0,3,40435712,524288,4104,0,0,0,-1,-1
76014,Estátua viva,,52093,109334,0,-1,0,0,0,0,0,0,0,0,0,0,0,283,7214,0,3,36241408,524288,4104,0,0,0,-1,-1
76015,Coração de ferro,,52092,109335,0,-1,0,0,0,0,0,0,0,0,0,0,0,283,7214,0,3,36241408,524288,4104,0,0,0,-1,-1
76016,Perfuratriz viva,,52095,109343,0,-1,0,0,0,0,0,0,0,0,0,0,0,283,7214,0,3,36241408,524288,4104,0,0,0,-1,-1
76027,Batendo as asas e gritando,,52102,109358,0,-1,0,0,0,0,0,0,0,0,0,0,0,283,7214,0,3,36241408,524288,4104,0,0,0,-1,-1
76081,Embusteiros do espírito,,52117,109338,0,-1,0,0,0,0,0,0,0,0,0,0,0,283,7214,0,3,36241408,524288,4104,0,0,0,-1,-1
76084,Finesse do fogofrio,,52120,109337,0,-1,0,0,0,0,0,0,0,0,0,0,0,283,7214,0,3,36241408,524288,4104,0,0,0,-1,-1
76247,Não deixe a chama morrer,,52277,127044,0,-1,0,0,0,0,0,0,0,0,0,0,0,0,2809,0,2,37748744,8192,520,79573,0,0,-1,-1
76308,A Provação do Estilo,,52333,0,0,-1,0,0,0,0,0,0,0,0,0,0,22303,0,877,0,2,72,0,520,0,0,0,-1,-1
76338,Um batedor de repolhos melhor,,54968,110782,0,-1,0,0,0,0,0,0,0,0,0,0,0,0,2809,0,3,38371328,8192,512,79573,0,0,-1,-1
76361,Semana da moda,,52388,0,0,-1,0,0,0,0,0,0,0,0,52333,0,22303,0,877,0,2,16777224,0,520,0,0,0,-1,-1
76367,Heróis hibernados,,52394,110842,0,-1,0,0,0,0,0,0,0,0,0,0,41504,112,2471,0,3,34144320,0,0,0,0,0,-1,-1
76506,Broca de fogo da dríade,,52537,112517,0,-1,1,0,0,0,0,0,0,0,0,0,40689,109,2699,0,3,40435968,8192,0,0,0,0,-1,-1
76518,Segurança raiz,,52547,113028,0,-1,0,0,0,0,0,0,0,0,0,208447,40861,109,2699,0,3,38338816,8192,0,0,0,0,-1,-1
76519,Todas as criancinhas,,52548,113029,0,-1,0,0,0,0,0,0,0,0,0,0,40869,109,2699,0,3,38338816,8192,0,0,0,0,-1,-1
76520,Sonho que se sonha junto,,52549,113030,0,-1,0,0,0,0,0,0,0,0,0,208983,41130,109,2699,0,3,38338816,8192,0,0,0,0,-1,-1
76522,Devaneios belicosos,,53270,113032,0,-1,0,0,0,0,0,0,0,0,0,0,40719,109,2699,0,3,38338816,8192,0,0,0,0,-1,-1
76526,Nas árvores,,52555,113031,0,-1,0,0,0,0,0,0,0,0,0,0,40879,109,2699,0,3,40435968,8192,0,0,0,0,-1,-1
76549,Um sonho sonhando,,52577,113011,0,-1,0,0,0,0,0,0,0,0,0,0,40887,109,2699,0,3,40435968,8192,0,0,0,0,-1,-1
76550,Visão real,,52578,113012,0,-1,0,0,0,0,0,0,0,0,0,208841,40893,109,2699,0,3,40435712,8192,0,0,0,0,-1,-1
76551,Tesouro submarino,,52579,113013,0,-1,0,0,0,0,0,0,0,0,0,0,40894,109,2699,0,3,38338560,8192,0,0,0,0,-1,-1
76558,Controle base,,52585,113014,0,-1,0,0,0,0,0,0,0,0,0,0,40895,111,2699,0,3,38338560,8192,0,0,0,0,-1,-1
76559,Corujinhas catitas,,52586,113016,0,-1,0,0,0,0,0,0,0,0,0,0,40896,109,2699,0,3,38338560,8192,0,0,0,0,-1,-1
76562,Faxina no fosso,,52589,113017,0,-1,0,0,0,0,0,0,0,0,0,0,40897,109,2699,0,3,38338560,8192,0,0,0,0,-1,-1
76586,Semeando a Luz,,52611,128113,0,-1,0,0,0,0,0,0,0,0,0,0,41783,111,2809,0,3,5308424,8257,8,79573,0,0,-1,-1
76587,Pesquisa: centaura da Chapada Ohn'ahrana,,52612,118785,0,-1,0,0,0,0,0,0,0,0,0,0,40442,109,2714,0,3,40435976,8192,0,0,0,0,-1,-1
76588,Defesa da chama,,52613,127044,0,-1,0,0,0,0,0,0,0,0,0,0,41783,0,2809,0,2,37748744,2138112,520,79573,0,0,-1,-1
76599,No meio dos giro-optovisores - Ativar,,52622,0,0,-1,0,0,0,0,0,0,0,0,0,0,41783,265,2809,0,3,41484288,8256,8,0,0,0,-1,-1
76734,Pesquisa: djaradin da Caverna Zaralek,,52757,116943,0,-1,0,0,0,0,0,0,0,0,0,0,40444,109,2714,0,3,40435968,8192,0,0,0,0,-1,-1
76739,Pesquisa: farim da Caverna Zaralek,,52762,116944,0,-1,0,0,0,0,0,0,0,0,0,0,40446,109,2714,0,3,40435968,8192,0,0,0,0,-1,-1
76911,Pesquisa: draconídeo da Costa Desperta,,52773,118783,0,-1,0,0,0,0,0,0,0,0,0,0,40448,109,2714,0,3,40435968,8192,0,0,0,0,-1,-1
76988,Slalom silvestre,,52802,113018,0,-1,0,0,0,0,0,0,0,0,0,0,40898,109,2699,0,3,38338560,8192,0,0,0,0,-1,-1
76989,Detonando o acampamento,,52803,113023,0,-1,0,0,0,0,0,0,0,0,0,0,40900,109,2699,0,3,34144256,0,0,0,0,0,-1,-1
76990,Portal do pânico,,52804,113022,0,-1,0,0,0,0,0,0,0,0,0,0,40899,109,2699,0,3,34144256,0,0,0,0,0,-1,-1
76991,Carpe diem,,52805,113024,0,-1,0,0,0,0,0,0,0,0,0,0,40901,109,2699,0,3,40435712,8192,0,0,0,0,-1,-1
76992,Julgamento volúvel,,52806,113025,0,-1,0,0,0,0,0,0,0,0,0,210227,40902,109,2699,0,3,38338560,8192,0,0,0,0,-1,-1
76993,Poder da tartaruga,,52807,113026,0,-1,0,0,0,0,0,0,0,0,0,211302,40903,109,2699,0,3,34144256,0,0,0,0,0,-1,-1
77156,Redistribuição botânica,,52852,111661,0,-1,0,0,0,0,0,0,0,0,0,0,40244,109,2699,0,3,40435968,0,0,0,0,0,-1,-1
77159,Sem cogumerros,,52855,111661,0,-1,0,0,0,0,0,0,0,0,0,0,40245,109,2699,0,3,40435968,0,0,0,0,0,-1,-1
77209,Legado semeado,,52902,0,0,-1,0,0,0,0,0,0,0,0,0,210014,0,0,2699,0,2,37748736,1073750016,520,78172,0,0,-1,-1
77251,Moldando o Surto Onírico,,52942,0,0,-1,0,0,0,0,0,0,0,0,0,0,0,0,2708,0,2,33587208,0,520,0,0,0,-1,-1
77254,Ajudando o acordo: fenda temporal,,47316,107827,0,-1,0,0,0,0,0,0,0,0,0,0,0,0,2684,0,2,36733248,0,776,0,0,0,-1,-1
77362,Pesquisa: draconídeo do Recôndito Proibido,,53049,116945,0,-1,0,0,0,0,0,0,0,0,0,0,40450,109,2714,0,3,40435968,8192,0,0,0,0,-1,-1
77416,Missão de rastreamento,,60126,0,0,-1,0,0,0,0,0,0,0,0,0,0,0,265,2474,0,3,33619968,131072,8,0,0,0,-1,-1
77424,Pesquisa: dracthyr do Recôndito Proibido,,53112,116940,0,-1,0,0,0,0,0,0,0,0,0,0,40440,109,2714,0,3,40435968,8192,0,0,0,0,-1,-1
77570,"Nuoberon, o Sonho Selvagem de uma Criança",,53253,112505,0,-1,0,0,0,0,0,0,0,0,0,0,40678,283,2699,0,3,35192896,524288,4120,0,0,0,-1,-1
77615,Tracking Quest,,53299,0,0,-1,0,0,0,0,0,0,0,0,0,0,0,0,0,0,3,33588232,0,8,0,0,0,-1,-1
77714,Natureza impenetrável,,53399,113027,0,-1,0,0,0,0,0,0,0,0,0,0,40878,109,2699,0,3,38338816,8192,0,0,0,0,-1,-1
77715,Resgate da bolha,,53429,113005,0,-1,0,0,0,0,0,0,0,0,0,0,40888,109,2699,0,3,40435712,8192,0,0,0,0,-1,-1
77754,Problema de piromania,,53439,113008,0,-1,0,0,0,0,0,0,0,0,0,0,40891,109,2699,0,3,40435968,8192,0,0,0,0,-1,-1
77755,Barraco no acampamento,,53440,113010,0,-1,0,0,0,0,0,0,0,0,0,0,40892,109,2699,0,3,40435968,8192,0,0,0,0,-1,-1
77756,O voo dos dragões,,53441,113006,0,-1,0,0,0,0,0,0,0,0,0,0,40889,109,2699,0,3,41484544,8192,0,0,0,0,-1,-1
77757,Terror no refúgio,,53442,113007,0,-1,0,0,0,0,0,0,0,0,0,0,40890,109,2699,0,3,40435968,8192,0,0,0,0,-1,-1
77761,Registrando um sonho,,53446,113019,0,-1,0,0,0,0,0,0,0,0,0,0,40246,109,2699,0,3,40435968,8192,0,0,0,0,-1,-1
77765,Registrando um sonho,,53450,113019,0,-1,0,0,0,0,0,0,0,0,0,0,40247,109,2699,0,3,40435968,8192,0,0,0,0,-1,-1
77867,Moruud,,53551,113215,0,-1,0,0,0,0,0,0,0,0,0,0,40678,283,2699,0,3,35192896,524288,4120,0,0,0,-1,-1
77878,Enviado do Inverno,,53563,113262,0,-1,0,0,0,0,0,0,0,0,0,0,40681,283,2699,0,3,37290048,524288,4120,0,0,0,-1,-1
77976,Ajudando o acordo: Surto Onírico,,47316,107827,0,-1,0,0,0,0,0,0,0,0,0,0,0,0,2641,0,2,36733248,0,776,0,0,0,-1,-1
77982,Gessi Ganancioso,,53662,113354,0,-1,0,0,0,0,0,0,0,0,0,0,40680,283,2699,0,3,37290048,524288,4120,0,0,0,-1,-1
78015,Incendiária Fystia,,53694,113502,0,-1,0,0,0,0,0,0,0,0,0,0,40679,283,2699,0,3,35192896,524288,4120,0,0,0,-1,-1
78033,Florada mágica,,53712,0,0,-1,65536,0,0,0,0,0,0,0,0,0,0,265,2484,0,3,38371328,1073750016,8,78005,0,0,-1,-1
78170,Alimentando sementes atemporais,,53836,0,0,-1,0,0,0,0,0,0,0,0,0,0,0,0,2699,0,2,37748736,1073750016,520,77209,0,0,-1,-1
78172,Sementes misteriosas,,53838,0,0,-1,0,0,0,0,0,0,0,0,0,210050,0,0,2699,0,2,37748736,1073750016,520,0,0,0,-1,-1
78177,Para Guilnéas,,53843,0,0,-1,0,0,0,0,0,0,0,0,0,0,0,0,2736,0,2,39846152,0,512,0,0,0,-1,-1
78178,Para Guilnéas,,53843,923,0,-1,0,0,0,0,0,0,0,0,0,0,0,0,2736,0,2,37749000,0,512,0,0,0,-1,-1
78180,Uma cruzada em vermelho,,53846,0,0,-1,2,0,0,0,0,0,0,0,0,0,0,0,2736,0,2,38797576,0,512,78177,78178,0,-1,-1
78181,Réplica de Aderic,,53847,0,0,-1,2,0,0,0,0,0,0,0,0,0,0,0,2736,0,2,38797576,0,512,78177,78178,0,-1,-1
78182,Até o joelho,,53848,0,0,-1,1,0,0,0,0,0,0,0,0,0,0,0,2736,0,2,37749000,8192,512,78181,78180,0,-1,-1
78183,Sangue escarlate,,53849,0,0,-1,0,0,0,0,0,0,0,0,0,0,0,0,2736,0,2,37749000,8192,512,78182,0,0,-1,-1
78215,Perigo arraigado,,53880,116346,0,-1,0,0,0,0,0,0,0,0,0,0,41314,113,2523,0,3,4784384,8192,0,0,0,0,-1,-1
78370,Garras de preocupação,,54024,114850,0,-1,0,0,0,0,0,0,0,0,0,0,41477,109,2699,0,3,38338816,8192,0,0,0,0,-1,-1
78434,Corrida Dragoneira - Carreira de Ysera,,54082,114959,0,-1,0,0,0,0,0,0,0,0,0,0,41521,281,2437,0,3,34144512,0,0,0,0,0,-1,-1
78435,Corrida Dragoneira - Disparada Enfumaçada,,54083,114959,0,-1,0,0,0,0,0,0,0,0,0,0,41522,281,2437,0,3,34144512,0,0,0,0,0,-1,-1
78436,Corrida Dragoneira - Ventura Verde,,54084,114959,0,-1,0,0,0,0,0,0,0,0,0,0,41523,281,2437,0,3,34144512,0,0,0,0,0,-1,-1
78437,Corrida Dragoneira - Serpentina Praiana,,54085,114959,0,-1,0,0,0,0,0,0,0,0,0,0,41524,281,2437,0,3,34144512,0,0,0,0,0,-1,-1
78438,Corrida Dragoneira - Copa das Copas,,54086,114959,0,-1,0,0,0,0,0,0,0,0,0,0,41525,281,2437,0,3,34144512,0,0,0,0,0,-1,-1
78439,Corrida Dragoneira - Marcha Esmeralda,,54087,114959,0,-1,0,0,0,0,0,0,0,0,0,0,41526,281,2437,0,3,34144512,0,0,0,0,0,-1,-1
78444,Aliados dignos: Guardiões do Sonho,,54091,114971,0,-1,0,0,0,0,0,0,0,0,0,0,0,0,2669,0,2,33587272,0,776,0,0,0,-1,-1
78446,Ajudando o Acordo: Superflorada,,47316,107827,0,-1,0,0,0,0,0,0,0,0,0,0,0,0,2699,0,2,36733248,0,776,0,0,0,-1,-1
78447,Ajudando o Acordo: Dádiva Esmeralda,,47316,107827,0,-1,0,0,0,0,0,0,0,0,0,0,0,0,2699,0,2,36733248,0,776,0,0,0,-1,-1
78452,Reforços - Ativar,,54097,0,0,-1,0,0,0,0,0,0,0,0,0,0,41783,265,2809,0,3,41484288,8256,8,0,0,0,-1,-1
78457,Pedras de Dornogal,,54102,0,0,-1,0,0,0,0,0,0,0,0,0,216697,0,0,2797,0,2,39845896,8192,512,78460,0,0,-1,-1
78458,Colheita caótica - Ativador,,59660,0,0,-1,0,0,0,0,0,0,0,0,0,0,41783,265,2809,0,3,7929856,8256,8,0,0,0,-1,-1
78466,Sabores sombrios - Ativar,,54111,0,0,-1,0,0,0,0,0,0,0,0,0,0,41783,265,2809,0,3,41484288,8256,8,0,0,0,-1,-1
78472,Brilho no escuro - Ativar,,54117,0,0,-1,0,0,0,0,0,0,0,0,0,0,41783,265,2809,0,3,41484288,8256,8,0,0,0,-1,-1
78590,Tecnologia afiadíssima,,54234,110871,0,-1,0,0,0,0,0,0,0,0,0,0,0,0,2809,0,3,38371328,8192,524288,79573,0,0,-1,-1
78607,Rumo a Mereldar,,54248,0,0,-1,0,0,0,0,0,0,0,0,0,0,0,0,2799,0,2,37748744,0,512,78954,0,0,-1,-1
78613,Bastião de Pouso Santo,,54252,0,0,-1,0,0,0,0,0,0,0,0,0,0,0,0,2799,0,2,38928392,0,1049088,78607,0,0,-1,-1
78616,Tecnomancia: os mistérios do Observatório da Concórdia,,54255,118783,0,-1,0,0,0,0,0,0,0,0,0,0,40447,109,2714,0,3,40435968,8192,0,0,0,0,-1,-1
78618,Fúria fúngica,,54257,120958,0,-1,0,0,0,0,0,0,0,0,0,0,0,0,3019,0,3,34144512,0,33280,0,0,0,-1,-1
78620,Encruzilhada do crepúsculo,,54259,0,0,-1,1,0,0,0,0,0,0,0,0,0,0,0,2799,0,2,38797320,0,512,78615,0,0,-1,-1
78624,Uma vela no escuro,,54263,0,0,-1,1,0,0,0,0,0,0,0,0,0,0,0,2799,0,2,34603016,8192,512,78621,78620,0,-1,-1
78627,O front final,,54266,0,0,-1,1,0,0,0,0,0,0,0,0,0,0,0,2799,0,2,37748744,0,512,79089,80049,0,-1,-1
78628,A arapuca,,54267,0,0,-1,0,0,0,0,0,0,0,0,0,0,0,0,2799,0,2,38797320,0,512,78627,0,0,-1,-1
78629,Rodando na reserva,,54268,0,0,-1,0,0,0,0,0,0,0,0,0,0,0,0,2799,0,2,38797320,0,512,78627,0,0,-1,-1
78630,Desforra em ascensão,,54269,0,0,-1,1,0,0,0,0,0,0,0,0,0,0,0,2799,0,2,38797320,0,512,78628,78629,0,-1,-1
78643,Céu limpo e vento forte,,54285,0,0,-1,0,0,0,0,0,0,0,0,0,0,0,0,2699,0,2,40894472,8192,512,76283,0,0,-1,-1
78645,Escavação: enterrada no leito do rio,,54287,118785,0,-1,0,0,0,0,0,0,0,0,0,210435,40441,109,2714,0,3,40435968,0,16,0,0,0,-1,-1
78649,Escavação: algo grande sob o leito do rio,,54290,118785,0,-1,0,0,0,0,0,0,0,0,0,210435,42136,109,2714,0,3,40435968,0,0,0,0,0,-1,-1
78657,Sentinela da meia-noite,,54298,117662,0,-1,0,0,0,0,0,0,0,0,0,211073,0,0,2809,0,3,38371328,8192,520,79573,0,0,-1,-1
78661,Escavação: tesouros do penhasco,,54302,116945,0,-1,0,0,0,0,0,0,0,0,0,210778,40449,109,2714,0,3,40435968,0,0,0,0,0,-1,-1
78662,Escavação: penhasco embarricado,,54303,116945,0,-1,0,0,0,0,0,0,0,0,0,210778,42138,109,2714,0,3,40435968,0,0,0,0,0,-1,-1
78663,Escavação: em volta da torre,,54304,116944,0,-1,0,0,0,0,0,0,0,0,0,210834,40445,109,2714,0,3,40435968,0,0,0,0,0,-1,-1
78685,A luz no fim do túnel,,54326,0,0,-1,0,0,0,0,0,0,0,0,0,0,0,0,2798,0,2,40894472,4202496,512,80079,0,0,-1,-1
78696,"Não vou para Taelloch, não vou",,54337,0,0,-1,0,0,0,0,0,0,0,0,0,0,0,0,2798,0,2,36700168,8192,512,78685,0,0,-1,-1
78697,Fantasma de uma cidade comercial,,54338,0,0,-1,0,0,0,0,0,0,0,0,0,0,0,0,2798,0,2,37748744,8192,512,78696,0,0,-1,-1
78700,Demolição controlada,,54341,0,0,-1,0,0,0,0,0,0,0,0,0,0,0,0,2798,0,2,37748744,8192,512,78697,0,0,-1,-1
78701,Escrito em pedra,,54342,0,0,-1,0,0,0,0,0,0,0,0,0,0,0,0,2798,0,2,4194312,8192,512,78697,0,0,-1,-1
78703,Lápide sepulcral,,54344,0,0,-1,1,0,0,0,0,0,0,0,0,0,0,0,2798,0,2,37748744,8192,512,78700,78701,0,-1,-1
78704,Cadê a encarregada,,54345,0,0,-1,0,0,0,0,0,0,0,0,0,0,0,0,2798,0,2,37748744,8192,512,78703,0,0,-1,-1
78705,O que ela viu,,54346,0,0,-1,0,0,0,0,0,0,0,0,0,0,0,0,2798,0,2,37748744,8192,512,78704,0,0,-1,-1
78706,O segredo do Grão-mensageiro,,54347,0,0,-1,0,0,0,0,0,0,0,0,0,0,0,0,2798,0,2,38797320,8192,512,78705,0,0,-1,-1
78739,Escavação: tesouro da torre,,54376,116944,0,-1,0,0,0,0,0,0,0,0,0,210834,42137,109,2714,0,3,40435968,8192,0,0,0,0,-1,-1
78820,Tecnomancia: os mistérios da Vigília de Igira,,54454,116943,0,-1,0,0,0,0,0,0,0,0,0,0,40443,109,2714,0,3,36241664,0,0,0,0,0,-1,-1
78821,Brotos de sementes do sonho,,54455,114971,0,-1,0,0,0,0,0,0,0,0,0,0,0,0,2669,0,2,35684424,0,776,0,0,0,-1,-1
78861,Ajudando o Acordo,,47316,107827,0,-1,0,0,0,0,0,0,0,0,0,0,0,0,2437,0,3,104366088,0,4203008,0,0,0,-1,-1
78890,Frenesi Esmeralda,,54516,112502,0,-1,0,0,0,0,0,0,0,0,0,0,41860,0,2699,0,3,5832704,8192,131072,0,0,0,-1,-1
78894,Crescimento infinito,,54519,119437,0,-1,0,0,0,0,0,0,0,0,0,0,0,282,2793,0,0,0,1,268435976,0,0,0,-1,-1
78931,Tecnomancia: os mistérios da Ilha do Crânio de Dragão,,54556,116941,0,-1,0,0,0,0,0,0,0,0,0,0,40439,109,2714,0,3,40435968,8192,0,0,0,0,-1,-1
78941,Um maré que precisa virar,,54566,127948,0,-1,0,0,0,0,0,0,0,0,0,0,0,0,2462,0,2,37748744,8192,512,0,0,0,-1,-1
78974,Besourância,,57693,124432,0,-1,0,0,0,0,0,0,0,0,0,0,43168,109,2861,0,3,41484544,8192,0,0,0,0,-1,-1
78995,Samba da trufa,,57692,124432,0,-1,0,0,0,0,0,0,0,0,0,0,43167,109,2861,0,3,41484544,8192,0,0,0,0,-1,-1
79082,A Superflorada,,54687,0,0,-1,0,0,0,0,0,0,0,0,0,0,42003,265,2701,0,3,34144256,0,8,0,0,0,-1,-1
79089,Limpeza consagrada,,54694,0,0,-1,0,0,0,0,0,0,0,0,0,0,0,0,2799,0,2,39845888,0,512,78624,0,0,-1,-1
79116,Ótica aracnídea,,54717,124686,0,-1,0,0,0,0,0,0,0,0,0,0,43165,109,2861,0,3,41484544,8192,0,0,0,0,-1,-1
79151,Pedido de uma órfã,,54745,121339,0,-1,0,0,0,0,0,0,0,0,0,0,0,0,2799,0,2,34603016,8192,1049088,0,0,0,-1,-1
79152,Estripando o poço,,54746,0,0,-1,0,0,0,0,0,0,0,0,0,0,0,0,2799,0,2,40894472,8192,512,79151,0,0,-1,-1
79153,Vae victis,,54747,0,0,-1,1,0,0,0,0,0,0,0,0,0,0,0,2799,0,2,36700168,0,512,83182,79152,0,-1,-1
79154,Um último adeus,,54748,0,0,-1,0,0,0,0,0,0,0,0,0,0,0,0,2799,0,2,36700168,0,512,79153,0,0,-1,-1
79165,Um instante para descansar,,54757,0,0,-1,0,0,0,0,0,0,0,0,0,0,0,0,2462,0,2,38797320,0,512,79573,0,0,-1,-1
79166,Partes perdidas,,54758,0,0,-1,0,0,0,0,0,0,0,0,0,0,0,0,2462,0,2,37748744,0,512,79165,0,0,-1,-1
79167,Empréstimo popular,,54759,0,0,-1,0,0,0,0,0,0,0,0,0,0,0,0,2462,0,2,37748744,0,512,79166,0,0,-1,-1
79168,Gambito da Luz,,54760,0,0,-1,0,0,0,0,0,0,0,0,0,0,0,0,2462,0,2,39845896,0,512,79167,0,0,-1,-1
79200,Quem sou eu?,,54791,123985,0,-1,0,0,0,0,0,0,0,0,0,0,0,0,863,0,2,38797312,8192,520,0,0,0,-1,-1
79201,Interface de Análise,,54792,124463,0,-1,0,0,0,0,0,0,0,0,0,0,0,0,863,0,2,37748744,0,520,79200,0,0,-1,-1
79202,Pedra ganha de pedra,,54793,123985,0,-1,2,0,0,0,0,0,0,0,0,0,0,0,863,0,2,39845896,0,520,79201,83328,0,-1,-1
79203,Autorização: negada,,54794,123985,0,-1,0,0,0,0,0,0,0,0,0,0,0,0,863,0,2,38797320,0,520,79202,0,0,-1,-1
79204,Seja o que quiser,,54795,123985,0,-1,0,0,0,0,0,0,0,0,0,0,0,0,863,0,2,37748744,0,520,79203,0,0,-1,-1
79232,Os que tombaram,,54820,118274,0,-1,0,0,0,0,0,0,0,0,0,0,0,0,2462,0,2,37748744,8192,268435976,79573,0,0,-1,-1
79246,Ordens do Capitão: colecionador de cofres,,54859,116979,0,-1,0,0,0,0,0,0,0,0,0,0,0,109,2814,0,3,37294368,68,0,0,0,0,-1,-1
79249,Ordens do Capitão: abate na quilha,,54860,116979,0,-1,0,0,0,0,0,0,0,0,0,0,0,109,2814,0,3,37294368,68,0,0,0,0,-1,-1
79254,Jorrocerto,,54842,0,0,-1,0,0,0,0,0,0,0,0,0,0,0,0,2814,0,3,34144256,0,0,0,0,0,-1,-1
79257,A desgraça da gruta,,54845,128201,0,-1,0,0,0,0,0,0,0,0,0,0,0,0,3017,0,3,35193088,0,32768,0,0,0,-1,-1
79295,Mangueira Neles - Ativar,,54885,0,0,-1,0,0,0,0,0,0,0,0,0,0,41783,265,2809,0,3,41484288,8256,8,0,0,0,-1,-1
79315,Lorde Harlbrand,,54905,0,0,-1,0,0,0,0,0,0,0,0,0,0,0,0,2814,0,3,34144256,0,0,0,0,0,-1,-1
79316,Ceifador Defeituoso,,54906,0,0,-1,0,0,0,0,0,0,0,0,0,0,0,0,2814,0,3,34144256,0,0,0,0,0,-1,-1
79317,Morkus Mechatroz,,54907,0,0,-1,0,0,0,0,0,0,0,0,0,0,0,0,2814,0,3,34144256,0,0,0,0,0,-1,-1
79318,Narla Casco do Trovão,,54908,0,0,-1,0,0,0,0,0,0,0,0,0,0,0,0,2814,0,3,34144256,0,0,0,0,0,-1,-1
79319,Feruja Frenética,,54909,0,0,-1,0,0,0,0,0,0,0,0,0,0,0,0,2814,0,3,34144256,0,0,0,0,0,-1,-1
79320,Gorthak Presatroz,,54910,0,0,-1,0,0,0,0,0,0,0,0,0,0,0,0,2814,0,3,34144256,0,0,0,0,0,-1,-1
79321,A dádiva do Catalisador,,54911,117108,0,-1,0,0,0,0,0,0,0,0,0,0,0,0,2474,0,2,33554440,0,512,0,0,0,-1,-1
79328,Embaixadas e enviados,,54917,0,0,-1,0,0,0,0,0,0,0,0,0,0,0,0,2829,0,2,39845896,8192,512,79333,0,0,1309324210,-1440044374
79329,Colheita cintilante,,54918,0,0,-1,0,0,0,0,0,0,0,0,0,0,42291,0,2809,0,3,38371328,8256,512,79573,0,0,-1,-1
79333,A frota chega,,54922,127984,0,-1,0,0,0,0,0,0,0,84367,0,0,0,0,2829,0,2,37748744,8192,512,79197,0,0,-1,-1
79343,"É pau, é pedra, é o faro do focinho",,54932,117222,0,-1,0,0,0,0,0,0,0,0,0,0,0,0,2798,0,2,36700168,0,512,0,0,0,-1,-1
79344,Odisseia urbana,,54933,0,0,-1,0,0,0,0,0,0,0,0,0,0,0,0,2829,0,2,37748744,8192,512,83315,0,0,-1,-1
79379,"Ordens do Capitão: sem saque, não tem pagamento.",,54969,116979,0,-1,0,0,0,0,0,0,0,0,0,0,0,109,2814,0,3,37294368,68,0,0,0,0,-1,-1
79380,Banindo a fera do brejo,,54970,117459,0,-1,0,0,0,0,0,0,0,0,0,0,0,0,2809,0,3,4816896,8192,512,79573,0,0,-1,-1
79381,Ordens do Capitão: o X marca o local,,54971,116979,0,-1,0,0,0,0,0,0,0,0,0,0,0,109,2814,0,3,37294368,68,0,0,0,0,-1,-1
79382,Ordens do Capitão: saqueologia,,54972,116979,0,-1,0,0,0,0,0,0,0,0,0,0,0,109,2814,0,3,37294368,68,0,0,0,0,-1,-1
79383,Fios manipuladores - Ativar,,54973,0,0,-1,0,0,0,0,0,0,0,0,0,0,41783,265,2809,0,3,41484288,8256,8,0,0,0,-1,-1
79462,[DNT] Renown Reward 001,,55045,0,0,-1,0,0,0,0,0,0,0,0,0,0,0,0,2814,0,3,41488640,8326,0,0,0,0,-1,-1
79464,[DNT] Renown Reward 002,,55046,0,0,-1,0,0,0,0,0,0,0,0,0,0,0,0,2814,0,3,41488640,8326,0,0,0,0,-1,-1
79465,[DNT] Renown Reward 003,,55047,0,0,-1,0,0,0,0,0,0,0,0,0,0,0,0,2814,0,3,41488640,8326,0,0,0,0,-1,-1
79466,[DNT] Renown Reward 004,,55048,0,0,-1,0,0,0,0,0,0,0,0,0,0,0,0,2814,0,3,41488640,8326,0,0,0,0,-1,-1
79469,Espreitando abaixo,,55051,117663,0,-1,0,0,0,0,0,0,0,0,0,215467,0,0,2809,0,3,38371328,8192,512,79573,0,0,-1,-1
79470,Águas da guerra,,55052,117665,0,-1,0,0,0,0,0,0,0,0,0,211073,0,0,2809,0,3,38371328,8192,512,79573,0,0,-1,-1
79471,Areia desolada,,55053,117666,0,-1,0,0,0,0,0,0,0,0,0,211073,0,0,2809,0,3,38371328,8192,524288,79573,0,0,-1,-1
79667,É elementar,,55226,120958,0,-1,0,0,0,0,0,0,0,0,0,0,0,0,3019,0,3,269025536,0,33280,0,0,0,-1,-1
79669,Pego vela sim!,,55228,120958,0,-1,0,0,0,0,0,0,0,0,0,0,0,0,3019,0,3,269025536,0,33280,0,0,0,-1,-1
79673,Perigo aracnídeo!,,55232,5703,0,-1,0,0,0,0,0,0,0,0,0,0,0,0,2797,0,3,269025536,0,33280,0,0,0,-1,-1
79722,Trabalho de sarjeta,,55276,124686,0,-1,0,0,0,0,0,0,0,0,0,0,43151,109,2861,0,3,41484544,8192,0,0,0,0,-1,-1
79958,"Verme assinado, selado e enviado",,57690,124686,0,-1,0,0,0,0,0,0,0,0,0,0,43170,109,2861,0,3,41484544,8192,0,0,0,0,-1,-1
79959,Batalha verminosa,,55514,124686,0,-1,0,0,0,0,0,0,0,0,0,0,43169,109,2861,0,3,41484544,8192,0,0,0,0,-1,-1
79960,Para viagem,,55515,124686,0,-1,0,0,0,0,0,0,0,0,0,216664,43166,109,2861,0,3,41484544,8192,0,0,0,0,-1,-1
79965,Andar na linha ou andar na prancha,,55520,0,0,-1,0,0,0,0,0,0,0,0,0,0,0,109,2814,0,3,37290016,132,8,0,0,0,-1,-1
80005,Agarrão do caranguejo - Ativar,,55555,0,0,-1,0,0,0,0,0,0,0,0,0,0,41783,265,2809,0,3,7929856,8256,8,0,0,0,-1,-1
80006,Ixlorb the Spinner,,55556,0,0,-1,0,0,0,0,0,0,0,0,0,0,0,0,2806,0,3,37291008,0,8,0,0,0,-1,-1
80009,,,55557,0,0,-1,0,0,0,0,0,0,0,0,0,0,0,0,2860,0,3,37295104,0,8,0,0,0,-1,-1
80010,,,55558,0,0,-1,0,0,0,0,0,0,0,0,0,0,0,0,2806,0,3,37291008,0,8,0,0,0,-1,-1
80049,A chama ainda brilha,,55598,0,0,-1,0,0,0,0,0,0,0,0,0,0,0,0,2799,0,2,39845896,0,512,78624,0,0,-1,-1
80079,Planos em parafuso,,55624,0,0,-1,0,0,0,0,0,0,0,0,0,0,0,0,2798,0,2,40894472,0,512,80082,0,0,-1,-1
80081,Ordens do Capitão: saque e trovão,,55626,116979,0,-1,0,0,0,0,0,0,0,0,0,0,0,109,2814,0,3,37294112,68,0,0,0,0,-1,-1
80099,Tracking Quest,,55644,0,0,-1,0,0,0,0,0,0,0,0,0,0,0,0,0,0,3,33621000,0,0,0,0,0,-1,-1
80100,Tracking Quest,,55645,0,0,-1,0,0,0,0,0,0,0,0,0,0,0,0,0,0,3,33621000,0,0,0,0,0,-1,-1
80101,Tracking Quest,,55646,0,0,-1,0,0,0,0,0,0,0,0,0,0,0,0,0,0,3,33621000,0,0,0,0,0,-1,-1
80102,Tracking Quest,,55647,0,0,-1,0,0,0,0,0,0,0,0,0,0,0,0,0,0,3,33621000,0,0,0,0,0,-1,-1
80103,Tracking Quest,,55648,0,0,-1,0,0,0,0,0,0,0,0,0,0,0,0,0,0,3,33621000,0,0,0,0,0,-1,-1
80104,Tracking Quest,,55649,0,0,-1,0,0,0,0,0,0,0,0,0,0,0,0,0,0,3,33621000,0,0,0,0,0,-1,-1
80105,Tracking Quest,,55650,0,0,-1,0,0,0,0,0,0,0,0,0,0,0,0,0,0,3,33621000,0,0,0,0,0,-1,-1
80106,Tracking Quest,,55651,0,0,-1,0,0,0,0,0,0,0,0,0,0,0,0,0,0,3,33621000,0,0,0,0,0,-1,-1
80107,Tracking Quest,,55652,0,0,-1,0,0,0,0,0,0,0,0,0,0,0,0,0,0,3,33621000,0,0,0,0,0,-1,-1
80108,Tracking Quest,,55653,0,0,-1,0,0,0,0,0,0,0,0,0,0,0,0,0,0,3,33621000,0,0,0,0,0,-1,-1
80109,Tracking Quest,,55654,0,0,-1,0,0,0,0,0,0,0,0,0,0,0,0,0,0,3,33621000,0,0,0,0,0,-1,-1
80110,Dobrões diários,,55655,0,0,-1,0,0,0,0,0,0,0,0,0,0,0,109,2814,0,3,37294336,196,8,0,0,0,-1,-1
80208,O caos no fim do túnel,,55737,119449,0,-1,0,0,0,0,0,0,0,0,0,0,42576,113,2869,0,3,4784384,8192,512,0,0,0,-1,-1
80295,"Pedras, água e forragem elemental",,55823,117968,0,-1,1,0,0,0,0,0,0,0,0,0,43074,109,2837,0,3,4784384,8192,0,0,0,0,-1,-1
80320,Ajuda aos Klaxxi,,0,119578,0,-1,0,0,0,0,0,0,0,0,0,0,0,0,657,0,0,3145728,32768,512,0,0,0,-1,-1
80323,Batalha da bruma,,55845,119449,0,-1,0,0,0,0,0,0,0,0,0,0,42571,278,2869,0,3,4784384,8192,512,0,0,0,-1,-1
80385,Última vitória: Ilhas do Dragão,,55909,120509,0,-1,0,0,0,0,0,0,0,0,0,0,0,0,2078,0,2,36732992,0,268436232,0,0,0,-1,-1
80386,Última vitória: Caverna Zaralek e Fendas Temporais,,55909,120508,0,-1,0,0,0,0,0,0,0,0,0,0,0,0,2078,0,2,36732992,0,268436232,0,0,0,-1,-1
80388,Última vitória: Sonho Esmeralda,,55909,120511,0,-1,0,0,0,0,0,0,0,0,0,0,0,0,2078,0,2,36732992,0,268436232,0,0,0,-1,-1
80389,Última vitória,,55909,120508,0,-1,0,0,0,0,0,0,0,0,0,0,0,0,2078,0,3,104366088,0,272638464,0,0,0,-1,-1
80394,Curtindo a carona,,55915,119449,0,-1,0,0,0,0,0,0,0,0,0,0,42595,113,2837,0,3,4784384,8192,0,0,0,0,-1,-1
80395,Escavação Elemental,,55917,119449,0,-1,0,0,0,0,0,0,0,0,0,218124,42596,113,2837,0,3,38469888,8192,0,0,0,0,-1,-1
80409,Polarização,,55931,127873,0,-1,0,0,0,0,0,0,0,0,0,0,42607,113,2837,0,3,6881536,8192,0,0,0,0,-1,-1
80412,Afastando as trevas,,55934,119449,0,-1,0,0,0,0,0,0,0,0,0,0,42688,113,2837,0,3,4784384,8192,0,0,0,0,-1,-1
80426,Ajuda aos Shado-Pans,,0,119870,0,-1,0,0,0,0,0,0,0,0,0,0,0,0,657,0,0,3145728,32768,512,0,0,0,-1,-1
80427,Ajuda ao Lótus Dourado,,0,119871,0,-1,0,0,0,0,0,0,0,0,0,0,0,0,657,0,0,3145728,32768,512,0,0,0,-1,-1
80429,Ajuda aos Celestiais Majestosos,,0,119872,0,-1,0,0,0,0,0,0,0,0,0,0,11728,0,657,0,0,3145728,32768,512,0,0,0,-1,-1
80430,Ajuda aos Celestiais Majestosos,,0,119874,0,-1,0,0,0,0,0,0,0,0,0,0,11731,0,657,0,0,3145728,32768,512,0,0,0,-1,-1
80431,Ajuda aos Celestiais Majestosos,,0,119873,0,-1,0,0,0,0,0,0,0,0,0,0,11730,0,657,0,0,3145728,32768,512,0,0,0,-1,-1
80433,Ajuda aos Celestiais Majestosos,,0,119875,0,-1,0,0,0,0,0,0,0,0,0,0,11729,0,657,0,0,3145728,32768,512,0,0,0,-1,-1
80438,Ajuda à Horda,,0,119877,0,-1,0,0,0,0,0,0,0,0,0,0,0,0,657,0,0,3145728,32768,512,0,0,0,1309324210,-1440044374
80439,Ajude à Aliança,,0,119876,0,-1,0,0,0,0,0,0,0,0,0,0,0,0,657,0,0,3145728,32768,512,0,0,0,-1321907123,1427461461
80441,Ajuda à Ordem da Serpente das Nuvens,,0,119878,0,-1,0,0,0,0,0,0,0,0,0,0,0,0,657,0,0,3145728,32768,512,0,0,0,-1,-1
80442,Ajuda à Ofensiva Fendessol,,57191,119881,0,-1,0,0,0,0,0,0,0,0,0,0,0,0,657,0,0,3149824,32768,512,0,0,0,1309324210,-1440044374
80443,Ajuda à Ofensiva do Kirin Tor,,57192,119880,0,-1,0,0,0,0,0,0,0,0,0,0,0,0,657,0,0,3149824,32768,512,0,0,0,-1321907123,1427461461
80444,Ajuda aos Pescadores,,0,119882,0,-1,0,0,0,0,0,0,0,0,0,0,0,0,657,0,0,3145728,32768,512,0,0,0,-1,-1
80457,Servindo à rainha,,55964,127873,0,-1,0,0,0,0,0,0,0,0,0,0,42680,113,2837,0,3,6881536,8192,0,0,0,0,-1,-1
80573,No enxerimento: espólios de guerra,,57023,127320,0,-1,0,0,0,0,0,0,0,0,0,0,44425,0,2861,0,3,40960008,32768,8,0,0,0,-1,-1
80592,Forjar um pacto,,56087,124684,0,-1,0,0,0,0,0,0,0,0,0,0,0,284,2861,0,2,661750080,8320,4203008,0,0,0,-1,-1
80670,Os olhos da Fiandeira,,56164,0,0,-1,0,0,0,0,0,0,0,0,0,0,0,284,2861,0,2,40927552,8192,776,80544,0,0,-1,-1
80671,A lâmina do General,,56165,0,0,-1,0,0,0,0,0,0,0,0,0,0,0,284,2861,0,2,40927552,8192,776,80545,0,0,-1,-1
80672,A mão do Vizir,,56166,0,0,-1,0,0,0,0,0,0,0,0,0,0,0,284,2861,0,2,40927552,8192,776,80546,0,0,-1,-1
80674,[TEMPLATE] Creature Name,,56169,0,0,-1,0,0,0,0,0,0,0,0,0,0,0,0,2860,0,3,34149376,0,8,0,0,0,-1,-1
80675,Creature Name,,56170,0,0,-1,0,0,0,0,0,0,0,0,0,0,0,0,2860,0,3,34149376,0,8,0,0,0,-1,-1
81465,Artefatos aos montes,,56960,117968,0,-1,0,0,0,0,0,0,0,0,0,0,42769,109,2838,0,3,41484544,8192,0,0,0,0,-1,-1
81470,No enxerimento: roubo de tecidos,,57066,127320,0,-1,0,0,0,0,0,0,0,0,0,0,44419,0,2861,0,3,40960008,32768,8,0,0,0,-1,-1
81471,No enxerimento: salvando o passado,,57067,127320,0,-1,0,0,0,0,0,0,0,0,0,0,44435,0,2861,0,3,40960008,32768,8,0,0,0,-1,-1
81472,Controle de informação: a verdade de Ansurek,,57042,127320,0,-1,0,0,0,0,0,0,0,0,0,0,44429,0,2861,0,3,40960008,32768,8,0,0,0,-1,-1
81473,Controle de informação: o lado certo da história,,57027,127320,0,-1,0,0,0,0,0,0,0,0,0,0,44424,0,2861,0,3,40960008,32768,8,0,0,0,-1,-1
81475,Quebra da falange: indicados reais,,57024,127320,0,-1,0,0,0,0,0,0,0,0,0,0,44441,0,2861,0,3,40960008,32768,8,0,0,0,-1,-1
81476,Recompensa: Golias Quitinoso,,57037,127320,0,-1,0,0,0,0,0,0,0,0,0,0,44430,0,2861,0,3,40960008,32768,8,0,0,0,-1,-1
81477,Armamentos,,57044,127320,0,-1,0,0,0,0,0,0,0,0,0,0,44433,0,2861,0,3,40960008,32768,8,0,0,0,-1,-1
81478,Relíquias de guerra: o Lago Rachado,,57039,127320,0,-1,0,0,0,0,0,0,0,0,0,0,44449,0,2861,0,3,40960008,32768,8,0,0,0,-1,-1
81479,Requisição: cogumbras,,57068,127320,0,-1,0,0,0,0,0,0,0,0,0,0,44415,0,2861,0,3,40960008,32768,8,0,0,0,-1,-1
81480,Reagentes naturais: Abismo Alucinante,,57090,127320,0,-1,0,0,0,0,0,0,0,0,0,0,44445,0,2861,0,3,40960008,32768,8,0,0,0,-1,-1
81481,Sabotagem: receptáculos do Transformatório,,57093,127320,0,-1,0,0,0,0,0,0,0,0,0,0,44423,0,2861,0,3,40960008,32768,8,0,0,0,-1,-1
81482,Fórmula experimental: unguento gelatinoso,,57087,127320,0,-1,0,0,0,0,0,0,0,0,0,219323,44428,0,2861,0,3,41091080,32768,8,0,0,0,-1,-1
81483,Infiltração: bloqueio de produção,,57028,127320,0,-1,0,0,0,0,0,0,0,0,0,0,44422,0,2861,0,3,40960008,32768,8,0,0,0,-1,-1
81484,Trabalho sujo: a morte do caixeiro-viajante,,57065,127320,0,-1,0,0,0,0,0,0,0,0,0,0,44427,0,2861,0,3,40960008,32768,8,0,0,0,-1,-1
81487,Quebra da falange: Fiolâminas,,57025,127320,0,-1,0,0,0,0,0,0,0,0,0,0,44440,0,2861,0,3,40960008,32768,8,0,0,0,-1,-1
81488,Quebra da falange: Sábios Cismáticos,,57064,127320,0,-1,0,0,0,0,0,0,0,0,0,0,44439,0,2861,0,3,40960008,32768,8,0,0,0,-1,-1
81489,"Recompensa: Zorikal, a Patrona",,57062,127320,0,-1,0,0,0,0,0,0,0,0,0,0,44438,0,2861,0,3,40960008,32768,8,0,0,0,-1,-1
81490,"Recompensa: Balaxir, o Opressor",,57063,127320,0,-1,0,0,0,0,0,0,0,0,0,0,44434,0,2861,0,3,40960008,32768,520,0,0,0,-1,-1
81491,Armamentos: arcobalistas,,57045,127320,0,-1,0,0,0,0,0,0,0,0,0,0,44432,0,2861,0,3,40960008,32768,8,0,0,0,-1,-1
81492,Armamentos: ferramentas de ferraria,,57046,127320,0,-1,0,0,0,0,0,0,0,0,0,0,44450,0,2861,0,3,40960008,32768,8,0,0,0,-1,-1
81493,Relíquias da guerra: o conflito da Fossa Salina,,57040,127320,0,-1,0,0,0,0,0,0,0,0,0,0,44446,0,2861,0,3,40960008,32768,8,0,0,0,-1,-1
81494,Relíquias da guerra: Rak-Zakaz,,57041,127320,0,-1,0,0,0,0,0,0,0,0,0,0,44448,0,2861,0,3,40960008,32768,8,0,0,0,-1,-1
81495,Requisição: floraluzes,,57070,127320,0,-1,0,0,0,0,0,0,0,0,0,0,44420,0,2861,0,3,40960008,32768,8,0,0,0,-1,-1
81496,Requisição: presas-pétalas,,57069,127320,0,-1,0,0,0,0,0,0,0,0,0,0,44431,0,2861,0,3,40960008,32768,8,0,0,0,-1,-1
81497,Reagentes naturais: Fossa Salina,,57091,127320,0,-1,0,0,0,0,0,0,0,0,0,0,44444,0,2861,0,3,40960008,32768,8,0,0,0,-1,-1
81498,Reagentes naturais: Garganta Crispada,,57092,127320,0,-1,0,0,0,0,0,0,0,0,0,0,44443,0,2861,0,3,40960008,32768,8,0,0,0,-1,-1
81499,Controle de informação: intriga de ascendidos,,57043,127320,0,-1,0,0,0,0,0,0,0,0,0,0,44421,0,2861,0,3,40960008,32768,8,0,0,0,-1,-1
81500,Trabalho sujo: entre no salão deles,,57107,127320,0,-1,0,0,0,0,0,0,0,0,0,0,44426,0,2861,0,3,40960008,32768,8,0,0,0,-1,-1
81501,Teste de fórmula: elixir turbulento,,57088,127320,0,-1,0,0,0,0,0,0,0,0,0,219324,44417,0,2861,0,3,41091080,32768,8,0,0,0,-1,-1
81502,Teste de fórmula: filtro malodoroso,,57089,127320,0,-1,0,0,0,0,0,0,0,0,0,219322,44436,0,2861,0,3,41091080,32768,8,0,0,0,-1,-1
81503,Infiltração: terror materializado,,57029,127320,0,-1,0,0,0,0,0,0,0,0,0,0,44442,0,2861,0,3,40960008,32768,8,0,0,0,-1,-1
81504,Infiltração: cifras ocultas,,57030,127320,0,-1,0,0,0,0,0,0,0,0,0,0,44447,0,2861,0,3,40960008,32768,8,0,0,0,-1,-1
81505,Sabotagem: venomantes,,57094,127320,0,-1,0,0,0,0,0,0,0,0,0,0,44437,0,2861,0,3,40960008,32768,8,0,0,0,-1,-1
81506,Sabotagem: Instrumentos Alquímicos,,57095,127320,0,-1,0,0,0,0,0,0,0,0,0,0,44416,0,2861,0,3,40960008,32768,8,0,0,0,-1,-1
81510,Dando banda!,,56971,0,0,-1,2,0,0,0,0,0,0,0,0,0,0,0,2829,0,2,575668232,8192,512,84224,83315,0,-1,-1
81512,Cenografia incensada,,56973,117968,0,-1,0,0,0,0,0,0,0,0,0,0,42772,109,2838,0,3,41484544,8192,0,0,0,0,-1,-1
81555,Trabalho sujo: dizimar os dízimos,,57105,127320,0,-1,0,0,0,0,0,0,0,0,0,0,44418,0,2861,0,3,40960008,32768,8,0,0,0,-1,-1
81556,Nevoeiro estrangeiro,,57017,127799,0,-1,0,0,0,0,0,0,0,0,0,0,0,0,2838,0,2,36700168,0,512,0,0,0,-1,-1
81557,Divisão de névoa,,57018,0,0,-1,0,0,0,0,0,0,0,0,0,219469,0,0,2838,0,2,36700168,0,512,81556,0,0,-1,-1
81558,Predadores inaturais,,57019,0,0,-1,0,0,0,0,0,0,0,0,0,0,0,0,2838,0,2,36700168,0,512,81556,0,0,-1,-1
81559,Caçadora de cerração,,57020,0,0,-1,1,0,0,0,0,0,0,0,0,0,0,0,2838,0,2,40894472,0,512,81557,81558,0,-1,-1
81568,Soltem as feras,,57034,120617,0,-1,0,0,0,0,0,0,0,0,0,0,0,0,3018,0,3,35193088,0,33280,0,0,0,-1,-1
81595,Começo de série,,57071,125989,0,-1,0,0,0,0,0,0,0,0,0,0,0,0,2824,0,2,36700168,0,512,79573,0,0,-1,-1
81614,"Uma barbatana, duas barbatanas, Barbatana de Pérola, barbatana morta",,57097,120958,0,-1,0,0,0,0,0,0,0,0,0,0,0,0,3019,0,3,590080,0,33280,0,0,0,-1,-1
81615,Pontos de pavio,,57098,117968,0,-1,0,0,0,0,0,0,0,0,0,0,42794,109,2838,0,3,37290240,8192,0,0,0,0,-1,-1
81620,Trabalho de recuperação,,57103,117968,0,-1,0,0,0,0,0,0,0,0,0,0,42811,109,2838,0,3,41484544,8192,512,0,0,0,-1,-1
81621,Túneis destruídos!,,57104,117968,0,-1,0,0,0,0,0,0,0,0,0,219284,42797,109,2838,0,3,37290240,8192,0,0,0,0,-1,-1
81622,Sinos da luz,,57106,119449,0,-1,0,0,0,0,0,0,0,0,0,0,42681,113,2837,0,3,4784384,8192,0,0,0,0,-1,-1
81624,"Orta, a Montanha Partida",,57109,117968,0,-1,0,0,0,0,0,0,0,0,0,0,42799,289,2860,0,3,37290048,0,8,0,0,0,-1,-1
81630,Protocolo de ativação,,57115,117968,0,-1,0,0,0,0,0,0,0,0,0,0,44154,289,2860,0,3,37290048,0,0,0,0,0,-1,-1
81639,Nerubianos ladrões de mel,,57124,122294,0,-1,1,0,0,0,0,0,0,0,0,0,43075,109,2838,0,3,4784384,8192,0,0,0,0,-1,-1
81647,Designação especial: ressurgimento titânico,,57126,117968,0,-1,0,0,0,0,0,0,0,0,0,0,42832,286,2837,0,3,41484544,8192,0,82154,0,0,-1,-1
81649,Designação especial: ressurgimento titânico,,57128,130094,0,-1,0,0,0,0,0,0,0,0,0,0,42833,286,2837,0,3,41484544,8192,0,83069,0,0,-1,-1
81650,Designação especial: ressurgimento titânico,,57129,117968,0,-1,0,0,0,0,0,0,0,0,0,0,42835,286,2837,0,3,41484544,8192,0,83070,0,0,-1,-1
81653,"Shurrai, Atrocidade do Mar do Fundo",,57132,117968,0,-1,0,0,0,0,0,0,0,0,0,0,42960,289,2860,0,3,41484608,8192,512,0,0,0,-1,-1
81656,Nada se perde,,57135,117968,0,-1,0,0,0,0,0,0,0,0,0,0,42858,109,2869,0,3,41484544,0,512,0,0,0,-1,-1
81670,Seda estilhaçada,,57149,128161,0,-1,0,0,0,0,0,0,0,0,0,0,0,283,3016,0,3,37289984,0,32768,0,0,0,-1,-1
81675,Hidrate as ovelhas,,57154,123372,0,-1,0,0,0,0,0,0,0,0,0,219525,43076,109,2838,0,3,41484544,8192,0,0,0,0,-1,-1
81690,A luz no fim do túnel,,57169,0,0,-1,0,0,0,0,0,0,0,0,0,0,0,0,2799,0,2,38797320,8192,512,78952,0,0,-1,-1
81691,Designação especial: sombras abaixo,,57170,117968,0,-1,0,0,0,0,0,0,0,0,0,0,42882,286,2869,0,3,41484544,8192,512,82155,0,0,-1,-1
81692,A chama interior,,57171,118280,0,-1,0,0,0,0,0,0,0,0,0,0,0,0,2462,0,2,4194312,8192,268435976,81673,0,0,-1,-1
81710,Hidromel para o catálogo,,57187,117968,0,-1,0,0,0,0,0,0,0,0,0,0,42881,109,2838,0,3,41484544,8192,0,0,0,0,-1,-1
81711,Nome da Criatura,,57188,120888,0,-1,0,0,0,0,0,0,0,0,0,0,0,283,2860,0,3,35196992,524288,4120,0,0,0,-1,-1
81748,Ajude a Ofensiva Fendessol,,0,119881,0,-1,0,0,0,0,0,0,0,0,0,0,0,0,657,0,0,3145728,32768,512,80442,0,0,1309324210,-1440044374
81749,Ajude a Ofensiva do Kirin Tor,,0,119880,0,-1,0,0,0,0,0,0,0,0,0,0,0,0,657,0,0,3145728,32768,512,80443,0,0,-1321907123,1427461461
81750,Cultivando nuvens,,57193,128162,0,-1,0,0,0,0,0,0,0,0,0,0,42889,109,2869,0,3,41484544,0,512,0,0,0,-1,-1
81767,Surrupiando sucata!,,57203,117968,0,-1,0,0,0,0,0,0,0,0,0,0,42891,109,2869,0,3,41484544,0,512,0,0,0,-1,-1
81799,Corrida de Pilotagem Aérea - Deriva de Dornogal,,57213,117968,0,-1,0,0,0,0,0,0,0,0,0,0,42896,281,2838,0,3,34144512,0,0,0,0,0,-1,-1
81802,Corrida de Pilotagem Aérea - Vista da Vigia da Tempestade,,57216,117968,0,-1,0,0,0,0,0,0,0,0,0,0,42897,281,2838,0,3,34144512,0,0,0,0,0,-1,-1
81803,Corrida de Pilotagem Aérea - Travessia da Bacia,,57217,117968,0,-1,0,0,0,0,0,0,0,0,0,0,42898,281,2838,0,3,34144512,0,0,0,0,0,-1,-1
81804,Corrida de Pilotagem Aérea - À Moda Urtiga,,57218,117968,0,-1,0,0,0,0,0,0,0,0,0,0,42899,281,2838,0,3,34144512,0,0,0,0,0,-1,-1
81805,Corrida de Pilotagem Aérea - Trilha Cabeça-de-trovão,,57219,117968,0,-1,0,0,0,0,0,0,0,0,0,0,42900,281,2838,0,3,34144512,0,0,0,0,0,-1,-1
81806,Corrida de Pilotagem Aérea - Meandros de Minerália,,57220,117968,0,-1,0,0,0,0,0,0,0,0,0,0,42901,281,2838,0,3,34144512,0,0,0,0,0,-1,-1
81807,Corrida de Pilotagem Aérea - Urdidura da Usina,,57221,117968,0,-1,0,0,0,0,0,0,0,0,0,0,42902,281,2838,0,3,34144512,0,0,0,0,0,-1,-1
81808,Corrida de Pilotagem Aérea - Passeio do Fosso Ressonante,,57222,117968,0,-1,0,0,0,0,0,0,0,0,0,0,42903,281,2838,0,3,34144512,0,0,0,0,0,-1,-1
81810,Corrida de Pilotagem Aérea - Átrio Trinante,,57224,117968,0,-1,0,0,0,0,0,0,0,0,0,0,42904,281,2838,0,3,34144512,0,0,0,0,0,-1,-1
81811,Corrida de Pilotagem Aérea - Cruzeiro do Rio das Cataratas,,57225,117968,0,-1,0,0,0,0,0,0,0,0,0,0,42905,281,2838,0,3,34144512,0,0,0,0,0,-1,-1
81812,Corrida de Pilotagem Aérea - Testilha de Taelloch,,57226,117968,0,-1,0,0,0,0,0,0,0,0,0,0,42906,281,2838,0,3,34144512,0,0,0,0,0,-1,-1
81813,Corrida de Pilotagem Aérea - Desponte do Ponto da Oportunidade,,57227,117968,0,-1,0,0,0,0,0,0,0,0,0,0,42907,281,2838,0,3,34144512,0,0,0,0,0,-1,-1
81815,Corrida de Pilotagem Aérea - Desvio de Dunelle,,57229,117968,0,-1,0,0,0,0,0,0,0,0,0,0,42908,281,2838,0,3,34144512,0,0,0,0,0,-1,-1
81816,Corrida de Pilotagem Aérea - Travessia de Tenir,,57230,117968,0,-1,0,0,0,0,0,0,0,0,0,0,42909,281,2838,0,3,34144512,0,0,0,0,0,-1,-1
81818,Corrida de Pilotagem Aérea - Descenso do Reduto da Luz,,57231,117968,0,-1,0,0,0,0,0,0,0,0,0,0,42910,281,2838,0,3,34144512,0,0,0,0,0,-1,-1
81819,Corrida de Pilotagem Aérea - Passagem das Águas Paradas,,57232,117968,0,-1,0,0,0,0,0,0,0,0,0,0,42911,281,2838,0,3,34144512,0,0,0,0,0,-1,-1
81822,Corrida de Pilotagem Aérea - Meandros de Mereldar,,57234,117968,0,-1,0,0,0,0,0,0,0,0,0,0,42912,281,2838,0,3,34144512,0,0,0,0,0,-1,-1
81823,Corrida de Pilotagem Aérea - Ventura de Velão,,57235,117968,0,-1,0,0,0,0,0,0,0,0,0,0,42913,281,2838,0,3,34144512,0,0,0,0,0,-1,-1
81824,Corrida de Pilotagem Aérea - Trilha da Cidade das Tramas,,57236,124686,0,-1,0,0,0,0,0,0,0,0,0,0,42914,281,2838,0,3,34144512,0,0,0,0,0,-1,-1
81825,Corrida de Pilotagem Aérea - Afundo do Abismo Alucinante,,57237,124686,0,-1,0,0,0,0,0,0,0,0,0,0,42915,281,2838,0,3,34144512,0,0,0,0,0,-1,-1
81827,Corrida de Pilotagem Aérea - Frenesi da Fiandeira,,57238,124686,0,-1,0,0,0,0,0,0,0,0,0,0,42916,281,2838,0,3,34144512,0,0,0,0,0,-1,-1
81828,Corrida de Pilotagem Aérea - Razia de Rak-Ahat,,57239,124686,0,-1,0,0,0,0,0,0,0,0,0,0,42917,281,2838,0,3,34144512,0,0,0,0,0,-1,-1
81829,Corrida de Pilotagem Aérea - Fundo do Fosso,,57240,124686,0,-1,0,0,0,0,0,0,0,0,0,0,42918,281,2838,0,3,34144512,0,0,0,0,0,-1,-1
81831,Corrida de Pilotagem Aérea - Fulgor do Forte do Cerco,,57241,124686,0,-1,0,0,0,0,0,0,0,0,0,0,42919,281,2838,0,3,34144512,0,0,0,0,0,-1,-1
81854,Solicitação de manutenção do Duto Central,,57254,117968,0,-1,0,0,0,0,0,0,0,0,0,0,43080,109,2837,0,3,4784384,8192,512,79344,0,0,-1,-1
81862,Frenesi felino,,57255,117968,0,-1,0,0,0,0,0,0,0,0,0,0,43464,109,2838,0,3,41484544,8192,0,0,0,0,-1,-1
81886,Pela Aliança,,57268,0,0,-1,0,0,0,0,0,0,0,0,0,0,0,0,863,0,2,37748744,4202496,520,79204,0,0,262144,0
81887,Estranho numa terra estranha,,57269,0,0,-1,0,0,0,0,0,0,0,0,0,0,0,0,863,0,2,39845896,8192,520,81886,0,0,262144,0
81888,Pela Horda,,57270,0,0,-1,0,0,0,0,0,0,0,0,0,0,0,0,863,0,2,37748744,4202496,520,79204,0,0,131072,0
81889,Estranho numa terra estranha,,57271,0,0,-1,0,0,0,0,0,0,0,0,0,0,0,0,863,0,2,39845896,8192,520,81888,0,0,131072,0
81906,Sussurros da teia,,57288,122529,0,-1,0,0,0,0,0,0,0,0,0,0,0,0,2462,0,2,5242888,8192,268435968,81896,0,0,-1,-1
81976,"Bazar, não é?",,57340,121368,0,-1,0,0,0,0,0,0,0,0,0,0,0,282,57,0,0,36700160,0,268435968,0,0,0,-1,-1
81981,Que exército?,,57345,121336,0,-1,0,0,0,0,0,0,0,0,0,0,0,0,3017,0,3,37290240,0,33280,0,0,0,-1,-1
81985,Memória da Alma do Mundo: os Entalha-mundos,,0,122933,0,-1,0,0,0,0,0,0,0,0,0,0,0,0,2462,0,3,36765768,0,8704,0,0,0,-1,-1
81990,Chamado da Luz,,57353,127044,0,-1,0,0,0,0,0,0,0,0,0,0,0,0,2809,0,2,40894472,0,512,79573,0,0,-1,-1
81993,Amor de cavalgaventos,,57356,121328,0,-1,65536,0,0,0,0,0,0,0,0,0,0,0,2424,0,2,36700160,128,520,84825,0,0,-1,-1
81994,Conexão sagrada,,57357,121328,0,-1,131073,0,0,0,0,0,0,0,0,0,0,0,2424,0,2,36700160,128,520,81993,84825,0,-1,-1
82038,Tracking Quest,,57401,0,0,-1,0,0,0,0,0,0,0,0,0,0,0,0,0,0,3,36701184,128,8,0,0,0,-1,-1
82041,Bênção de Beledar,,57403,117968,0,-1,0,0,0,0,0,0,0,0,0,0,43027,109,2838,0,3,40435968,0,0,0,0,0,-1,-1
82045,Tracking Quest,,57407,0,0,-1,0,0,0,0,0,0,0,0,0,0,0,0,0,0,3,36701184,128,8,0,0,0,-1,-1
82046,Tracking Quest,,57408,0,0,-1,0,0,0,0,0,0,0,0,0,0,0,0,0,0,3,36701184,128,8,0,0,0,-1,-1
82047,Tracking Quest,,57409,0,0,-1,0,0,0,0,0,0,0,0,0,0,0,0,0,0,3,36701184,128,8,0,0,0,-1,-1
82048,Tracking Quest,,57410,0,0,-1,0,0,0,0,0,0,0,0,0,0,0,0,0,0,3,36701184,128,8,0,0,0,-1,-1
82049,Tracking Quest,,57411,0,0,-1,0,0,0,0,0,0,0,0,0,0,0,0,0,0,3,36701184,128,8,0,0,0,-1,-1
82051,Tracking Quest,,57413,0,0,-1,0,0,0,0,0,0,0,0,0,0,0,0,0,0,3,36701184,128,8,0,0,0,-1,-1
82052,Tracking Quest,,57414,0,0,-1,0,0,0,0,0,0,0,0,0,0,0,0,0,0,3,36701184,128,8,0,0,0,-1,-1
82053,Tracking Quest,,57415,0,0,-1,0,0,0,0,0,0,0,0,0,0,0,0,0,0,3,36701184,128,8,0,0,0,-1,-1
82054,Tracking Quest,,57416,0,0,-1,0,0,0,0,0,0,0,0,0,0,0,0,0,0,3,36701184,128,8,0,0,0,-1,-1
82061,Tracking Quest,,57419,0,0,-1,0,0,0,0,0,0,0,0,0,0,0,0,0,0,3,36701184,128,8,0,0,0,-1,-1
82063,Tracking Quest,,57421,0,0,-1,0,0,0,0,0,0,0,0,0,0,0,0,0,0,3,36701184,128,8,0,0,0,-1,-1
82064,Tracking Quest,,57422,0,0,-1,0,0,0,0,0,0,0,0,0,0,0,0,0,0,3,36701184,128,8,0,0,0,-1,-1
82065,Tracking Quest,,57423,0,0,-1,0,0,0,0,0,0,0,0,0,0,0,0,0,0,3,36701184,128,8,0,0,0,-1,-1
82066,Tracking Quest,,57424,0,0,-1,0,0,0,0,0,0,0,0,0,0,0,0,0,0,3,36701184,128,8,0,0,0,-1,-1
82067,Tracking Quest,,57425,0,0,-1,0,0,0,0,0,0,0,0,0,0,0,0,0,0,3,36701184,128,8,0,0,0,-1,-1
82069,Tracking Quest,,57427,0,0,-1,0,0,0,0,0,0,0,0,0,0,0,0,0,0,3,36701184,128,8,0,0,0,-1,-1
82079,Tracking Quest,,57437,0,0,-1,0,0,0,0,0,0,0,0,0,0,0,0,0,0,3,36701184,128,8,0,0,0,-1,-1
82080,Mais arremessos de tochas,,5852,9484,0,-1,0,0,0,0,0,0,0,0,0,0,0,0,394,0,2,4096,0,1536,82087,0,0,-1321907123,1427461461
82082,Tracking Quest,,57439,0,0,-1,0,0,0,0,0,0,0,0,0,0,0,0,0,0,3,36701184,128,8,0,0,0,-1,-1
82085,Tracking Quest,,57442,0,0,-1,0,0,0,0,0,0,0,0,0,0,0,0,0,0,3,36701184,128,8,0,0,0,-1,-1
82087,Arremesso de tochas,,5658,9484,0,-1,0,0,0,0,0,0,0,0,0,0,0,0,394,0,2,0,0,1536,0,0,0,-1321907123,1427461461
82088,Kaos Kobyss,,57443,117968,0,-1,0,0,0,0,0,0,0,0,0,0,43032,109,2838,0,3,40435968,0,0,0,0,0,-1,-1
82105,Arremesso de tochas,,5658,9484,0,-1,0,0,0,0,0,0,0,0,0,0,0,0,394,0,2,0,0,1536,0,0,0,1309324210,-1440044374
82109,Mais arremessos de tochas,Acerte 20 braseiros.,5852,9484,0,-1,0,0,0,0,0,0,0,0,0,0,0,0,394,0,2,4096,0,1536,82105,0,0,1309324210,-1440044374
82120,Limpa-piscina,,57469,117968,0,-1,0,0,0,0,0,0,0,0,0,0,43036,109,2838,0,3,41484544,0,0,0,0,0,-1,-1
82133,Documentação: Edição Manual de Campo,,57481,117968,0,-1,0,0,0,0,0,0,0,0,0,0,43041,109,2838,0,3,40435968,8192,0,0,0,0,-1,-1
82134,Tracking Quest,,57482,0,0,-1,0,0,0,0,0,0,0,0,0,0,0,0,0,0,3,40895488,0,8,0,0,0,-1,-1
82142,Tracking Quest,,57490,0,0,-1,0,0,0,0,0,0,0,0,0,0,0,0,0,0,3,40895488,0,8,0,0,0,-1,-1
82145,A limolã perdida,,57493,0,0,-1,0,0,0,0,0,0,0,0,0,0,0,265,2832,0,3,38338560,8192,8,0,0,0,-1,-1
82153,Embaixadas e enviados,,54917,0,0,-1,0,0,0,0,0,0,0,0,0,0,0,0,2829,0,2,39845896,8192,512,79333,0,0,-1321907123,1427461461
82164,Memória da Alma do Mundo: reinado dos Deuses Antigos,,0,122933,0,-1,0,0,0,0,0,0,0,0,0,0,0,0,2462,0,3,36765768,0,8704,0,0,0,-1,-1
82197,Rebuliço da reserva,,57542,117968,0,-1,0,0,0,0,0,0,0,0,0,0,43046,109,2838,0,3,38338816,0,0,0,0,0,-1,-1
82206,Sombras adentro,,57551,117968,0,-1,0,0,0,0,0,0,0,0,0,0,43048,109,2838,0,3,40435968,8192,0,0,0,0,-1,-1
82207,Memória da Alma do Mundo: descendente de águas distantes,,0,122933,0,-1,0,0,0,0,0,0,0,0,0,0,0,0,2462,0,3,36765768,0,8704,0,0,0,-1,-1
82212,Peixe-leão fraco,,57553,0,0,-1,0,0,0,0,0,0,0,0,0,0,0,265,2832,0,3,41484288,8192,8,0,0,0,-1,-1
82213,Um pedido morceguento,,57554,0,0,-1,0,0,0,0,0,0,0,0,0,0,0,0,2799,0,2,34603016,0,512,82216,0,0,-1,-1
82214,Tem quem goste de vespas?,,57555,0,0,-1,0,0,0,0,0,0,0,0,0,0,0,0,2799,0,2,34603016,0,512,82216,0,0,-1,-1
82215,Fibra regular,,57556,0,0,-1,0,0,0,0,0,0,0,0,0,0,0,0,2799,0,2,34603016,0,512,82216,0,0,-1,-1
82216,Solicitação econômica,,57557,122088,0,-1,5,0,0,0,0,0,0,0,0,0,0,0,2799,0,2,33554440,0,512,0,0,0,-1,-1
82217,Economia subterrânea,,57558,0,0,-1,5,0,0,0,0,0,0,0,0,0,0,0,2799,0,2,35651592,0,9437696,82215,82213,82214,-1,-1
82218,Break [DNT],,57559,0,0,-1,0,0,0,0,0,0,0,0,0,0,0,0,2799,0,2,33559560,0,520,0,0,0,-1,-1
82219,Um temperinho calmante,,57560,122089,0,-1,0,0,0,0,0,0,0,0,0,0,0,0,2799,0,2,33554440,0,512,0,0,0,-1,-1
82220,"Olho de águia, morde de águia",,57561,122089,0,-1,0,0,0,0,0,0,0,0,0,222976,0,0,2799,0,2,33554440,0,512,0,0,0,-1,-1
82221,Almoção e glória,,57562,0,0,-1,1,0,0,0,0,0,0,0,0,0,0,0,2799,0,2,37748744,0,512,82220,82219,0,-1,-1
82222,Cozinhando com estilo,,57563,0,0,-1,0,0,0,0,0,0,0,0,0,0,0,0,2799,0,2,37748744,0,512,82221,0,0,-1,-1
82223,Uma refeição caseira,,57564,0,0,-1,0,0,0,0,0,0,0,0,0,0,0,0,2799,0,2,34603016,0,512,82222,0,0,-1,-1
82225,Escavação extravagante,,57566,117968,0,-1,0,0,0,0,0,0,0,0,0,0,43078,109,2837,0,3,590080,8192,32768,0,0,0,-1,-1
82227,Tracking Quest,,57568,0,0,-1,0,0,0,0,0,0,0,0,0,0,0,0,0,0,3,36701184,0,8,82212,0,0,-1,-1
82228,Tracking Quest,,57569,0,0,-1,0,0,0,0,0,0,0,0,0,0,0,0,0,0,3,36701184,0,8,0,0,0,-1,-1
82234,Um toque floral para cada carneiro,,57575,117968,0,-1,1,0,0,0,0,0,0,0,0,0,43079,109,2837,0,3,4784384,8192,0,0,0,0,-1,-1
82237,Subindo as Cachoeiras,,57578,117968,0,-1,0,0,0,0,0,0,0,0,0,0,43073,109,2838,0,3,40435968,0,0,0,0,0,-1,-1
82238,Arremesso de bola de lava,,59296,117968,0,-1,0,0,0,0,0,0,0,0,0,222963,43360,109,2869,0,3,41484544,8192,512,0,0,0,-1,-1
82244,Pérolas de lava,,59298,117968,0,-1,0,0,0,0,0,0,0,0,0,0,43181,109,2869,0,3,41484544,8192,512,0,0,0,-1,-1
82245,Thak amistoso,,57580,0,0,-1,0,0,0,0,0,0,0,0,0,0,0,265,2832,0,3,41484288,0,8,0,0,0,-1,-1
82246,Quest Tracking,,57581,0,0,-1,0,0,0,0,0,0,0,0,0,0,0,0,0,0,3,36701184,0,8,82245,0,0,-1,-1
82251,Tracking Quest,,57586,0,0,-1,0,0,0,0,0,0,0,0,0,0,0,0,0,0,3,36701184,0,8,0,0,0,-1,-1
82252,Quest Tracking,,57587,0,0,-1,0,0,0,0,0,0,0,0,0,0,0,0,0,0,3,36701184,0,8,0,0,0,-1,-1
82253,Tracking Quest,,57588,0,0,-1,0,0,0,0,0,0,0,0,0,0,0,0,0,0,3,36701184,0,8,0,0,0,-1,-1
82254,Aquocalipse,,57589,128162,0,-1,0,0,0,0,0,0,0,0,0,0,43132,109,2838,0,3,38338816,0,512,0,0,0,-1,-1
82256,Capturando criaturas da catarata,,57591,117968,0,-1,0,0,0,0,0,0,0,0,0,0,43133,109,2869,0,3,40435968,8192,512,0,0,0,-1,-1
82257,Enterro entocado,,57592,117968,0,-1,0,0,0,0,0,0,0,0,0,0,43131,109,2838,0,3,39387392,8192,512,0,0,0,-1,-1
82258,Cerco de armas de cerco,,57593,117968,0,-1,0,0,0,0,0,0,0,0,0,0,43130,109,2838,0,3,39387392,8192,512,0,0,0,-1,-1
82259,Em honra aos caídos,,57594,123491,0,-1,0,0,0,0,0,0,0,0,0,0,43129,109,2838,0,3,38338816,8192,512,0,0,0,-1,-1
82260,Memória da Alma do Mundo: predadores primevos,,0,122933,0,-1,0,0,0,0,0,0,0,0,0,0,0,0,2462,0,3,35717192,0,8704,0,0,0,-1,-1
82263,Memória da Alma do Mundo: fúria elemental,,0,122933,0,-1,0,0,0,0,0,0,0,0,0,0,0,0,2462,0,3,36765768,0,8704,0,0,0,-1,-1
82266,Simulador de faxina da torre,,57599,124686,0,-1,0,0,0,0,0,0,0,0,0,223220,43180,109,2861,0,3,36241664,0,0,0,0,0,-1,-1
82285,Memória da Alma do Mundo: uma alma ferida,,0,122933,0,-1,0,0,0,0,0,0,0,0,0,0,0,0,2462,0,3,36765768,0,8704,0,0,0,-1,-1
82286,Memória da Alma do Mundo: Deuses Antigos abandonados,,0,122933,0,-1,0,0,0,0,0,0,0,0,0,0,0,0,2462,0,3,36765768,0,8704,0,0,0,-1,-1
82288,"Trabalheira, brincadeira",,57606,117968,0,-1,0,0,0,0,0,0,0,0,0,0,43091,109,2838,0,3,38338816,0,512,0,0,0,-1,-1
82291,Ribombo robótico,,57609,117968,0,-1,0,0,0,0,0,0,0,0,0,0,43124,115,2838,0,3,590080,0,0,0,0,0,-1,-1
82292,Colecionador de pedras,,57610,117968,0,-1,0,0,0,0,0,0,0,0,0,0,43123,115,2838,0,3,590080,0,0,0,0,0,-1,-1
82293,O poder da amizade,,57611,117968,0,-1,0,0,0,0,0,0,0,0,0,0,43103,115,2838,0,3,4784384,0,512,0,0,0,-1,-1
82294,Exército em miniatura,,57612,117968,0,-1,0,0,0,0,0,0,0,0,0,0,43125,115,2838,0,3,590080,0,0,0,0,0,-1,-1
82295,Ziriak,,57613,124686,0,-1,0,0,0,0,0,0,0,0,0,0,43128,115,2838,0,3,2687232,0,0,0,0,0,-1,-1
82296,O poder da criação,,59727,124394,0,-1,0,0,0,0,0,0,0,0,0,0,0,0,2462,0,0,40894464,8320,512,0,0,0,-1,-1
82297,Um verme faminto,,57615,124686,0,-1,0,0,0,0,0,0,0,0,0,0,43127,115,2838,0,3,2687232,0,0,0,0,0,-1,-1
82298,A coisa do pântano,,57616,128162,0,-1,0,0,0,0,0,0,0,0,0,0,43126,115,2838,0,3,590080,0,0,0,0,0,-1,-1
82300,Defeito grave,,57617,117968,0,-1,0,0,0,0,0,0,0,0,0,0,43104,115,2838,0,3,4784384,0,512,0,0,0,-1,-1
82321,Memória da Alma do Mundo: exploradores antigos,,0,122933,0,-1,0,0,0,0,0,0,0,0,0,0,0,0,2462,0,3,36765768,0,8704,0,0,0,-1,-1
82324,Corrida de larvinhas,,57633,124686,0,-1,0,0,0,0,0,0,0,0,0,0,43150,109,2861,0,3,41484544,8192,0,0,0,0,-1,-1
82332,Aranha entregadora inconspícua,,57637,124686,0,-1,0,0,0,0,0,0,0,0,0,0,43152,109,2861,0,3,41484544,8192,0,0,0,0,-1,-1
82355,Designação especial: surto de cinzabelhas,,57659,117968,0,-1,0,0,0,0,0,0,0,0,0,0,43055,286,2837,0,3,4784384,8192,0,82146,0,0,-1,-1
82363,Forças opostas,,57667,124686,0,-1,0,0,0,0,0,0,0,0,0,0,43171,109,2861,0,3,41484544,8192,0,0,0,0,-1,-1
82364,Documentando Discórdia,,57668,124686,0,-1,0,0,0,0,0,0,0,0,0,0,43172,109,2861,0,3,41484544,8192,0,0,0,0,-1,-1
82387,"Mate a gosma, salve o mundo",,57694,124686,0,-1,0,0,0,0,0,0,0,0,0,0,43173,111,2861,0,3,41484544,8192,0,0,0,0,-1,-1
82414,Designação especial: cura pesada,,57723,124686,0,-1,0,0,0,0,0,0,0,0,0,0,43064,286,2861,0,3,37290240,8192,0,82159,0,0,-1,-1
82448,Já para a biblioteca,,57757,117968,0,-1,1,0,0,0,0,0,0,0,0,0,43663,109,2837,0,3,4784384,8192,512,78536,0,0,-1,-1
82449,O chamado da Alma do Mundo,,57758,122755,0,-1,0,0,0,0,0,0,0,0,0,0,45035,284,2838,0,3,104333312,0,4202496,0,0,0,-1,-1
82451,Conservando amigos de pelúcia,,57759,117968,0,-1,0,0,0,0,0,0,0,0,0,0,43214,109,2838,0,3,38338816,0,0,78536,0,0,-1,-1
82454,Ajuste de banho ígneo,,57760,117968,0,-1,0,0,0,0,0,0,0,0,0,0,43357,109,2838,0,3,38338816,0,0,0,0,0,-1,-1
82455,No céu tem pão?,,57761,117968,0,-1,0,0,0,0,0,0,0,0,0,0,43229,109,2838,0,3,38338816,0,0,0,0,0,-1,-1
82456,Engole essa!,,57762,117968,0,-1,0,0,0,0,0,0,0,0,0,0,43525,109,2838,0,3,38338816,0,0,0,0,0,-1,-1
82468,Deixa eles vencerem,,57773,124686,0,-1,0,0,0,0,0,0,0,0,0,0,43195,109,2861,0,3,41484544,8192,0,0,0,0,-1,-1
82470,Enigmas arcanos,,57775,117968,0,-1,1,0,0,0,0,0,0,0,0,0,43203,109,2837,0,3,4784384,8192,512,78536,0,0,-1,-1
82481,Extermínio de impositores,,57782,124686,0,-1,0,0,0,0,0,0,0,0,0,0,43731,109,2861,0,3,41484544,8192,0,0,0,0,-1,-1
82518,Tremendo remendo,,57783,117968,0,-1,1,0,0,0,0,0,0,0,0,0,43200,109,2869,0,3,41484544,0,512,0,0,0,-1,-1
82519,Cê pega vela,,57784,117968,0,-1,1,0,0,0,0,0,0,0,0,0,43201,109,2869,0,3,41484544,0,512,0,0,0,-1,-1
82521,Marionetes dos mestres sombrios,,57786,124686,0,-1,0,0,0,0,0,0,0,0,0,0,43196,109,2861,0,3,41484544,8192,0,0,0,0,-1,-1
82523,Rei da vela apagada,,57787,117968,0,-1,1,0,0,0,0,0,0,0,0,0,43202,109,2869,0,3,41484544,0,512,0,0,0,-1,-1
82524,Exterminar,,57788,124686,0,-1,0,0,0,0,0,0,0,0,0,0,43390,109,2861,0,3,41484544,8192,0,0,0,0,-1,-1
82526,Tá bichado,,57791,124686,0,-1,0,0,0,0,0,0,0,0,0,0,43410,109,2861,0,3,41484544,8192,0,0,0,0,-1,-1
82531,Designação especial: bombas na retaguarda,,57796,124686,0,-1,0,0,0,0,0,0,0,0,0,0,43065,286,2861,0,3,41484544,8192,0,82161,0,0,-1,-1
82533,Sedassassino!,,59333,124686,0,-1,0,0,0,0,0,0,0,0,0,0,43363,109,2861,0,3,41484544,8192,0,0,0,0,-1,-1
82535,[REUSE THIS RECORD],,57800,0,0,-1,0,0,0,0,0,0,0,0,0,0,0,109,2861,0,3,39387136,8192,0,79715,0,0,-1,-1
82536,Operação de resgate,,58639,124686,0,-1,0,0,0,0,0,0,0,0,0,0,43569,109,2861,0,3,41484544,8192,0,0,0,0,-1,-1
82537,[REUSE THIS RECORD],,57800,0,0,-1,0,0,0,0,0,0,0,0,0,0,0,109,2462,0,3,39387136,8192,0,0,0,0,-1,-1
82552,Tantas emoções,,59297,117968,0,-1,0,0,0,0,0,0,0,0,0,0,43342,109,2869,0,3,41484544,0,512,0,0,0,-1,-1
82580,Missão de portador: recuperação de minério,,58831,117968,0,-1,0,0,0,0,0,0,0,0,0,0,43388,109,2869,0,3,41484544,8192,512,0,0,0,-1,-1
82582,Atolado em Sombras,,57827,117968,0,-1,0,0,0,0,0,0,0,0,0,0,43468,109,2838,0,3,37290240,0,0,0,0,0,-1,-1
82583,Acendendo o fogo interior,,57828,117968,0,-1,0,0,0,0,0,0,0,0,0,0,43465,109,2838,0,3,41484544,0,0,0,0,0,-1,-1
82584,Gambito da Luz,,57829,125575,0,-1,0,0,0,0,0,0,0,0,0,0,43463,109,2838,0,3,41484544,8192,0,0,0,0,-1,-1
82585,Com grande pira,,57830,117968,0,-1,0,0,0,0,0,0,0,0,0,225555,43467,109,2838,0,3,37290240,0,0,0,0,0,-1,-1
82586,Eliminação de esporos,,57831,117968,0,-1,0,0,0,0,0,0,0,0,0,0,43466,109,2462,0,3,37290240,0,0,0,0,0,-1,-1
82615,Recuperação da Usina Hidráulica,,57839,124562,0,-1,0,0,0,0,0,0,0,0,0,0,0,0,3017,0,3,41484544,8192,33280,0,0,0,-1,-1
82650,Uma pitada de sal,,57869,117968,0,-1,0,0,0,0,0,0,0,0,0,0,43077,109,2838,0,3,37290240,0,0,0,0,0,-1,-1
82653,Agregação de Horrores,,57872,117968,0,-1,0,0,0,0,0,0,0,0,0,0,43620,289,2860,0,3,37290048,0,0,0,0,0,-1,-1
82658,Larga e vai,,57873,117968,0,-1,0,0,0,0,0,0,0,0,0,0,43315,109,2838,0,3,37290240,0,0,0,0,0,-1,-1
82672,Mais um convite oportuno,,57875,114864,0,-1,0,0,0,0,0,0,0,0,59367,0,0,0,1369,0,2,33554440,0,536871424,0,0,0,-1,-1
82675,Cooking With Style Tracker,,57877,0,0,-1,0,0,0,0,0,0,0,0,0,0,0,0,2799,0,3,33555456,0,8,0,0,0,-1,-1
82747,Largo da Encruzilhada,,57935,0,0,-1,0,0,0,0,0,0,0,0,0,0,0,0,2797,0,2,40894472,0,512,0,0,0,-1,-1
82778,Torneio de Pesca de Pouso Santo,,57963,0,0,-1,0,0,0,0,0,0,0,0,0,0,43735,0,2862,0,2,36700160,0,512,0,0,0,-1,-1
82787,Designação especial: erguem-se os colossos,,57970,0,0,-1,0,0,0,0,0,0,0,0,0,0,43383,286,2809,0,3,41484544,8192,0,82157,0,0,-1,-1
82852,Designação especial: resgate do lince,,58021,123372,0,-1,0,0,0,0,0,0,0,0,0,0,43063,286,2809,0,3,41484544,8192,0,82158,0,0,-1,-1
83024,Amor de Cavalgaventos,,57356,121328,0,-1,65536,0,0,0,0,0,0,0,0,0,0,0,2832,0,2,36700160,128,520,84824,0,0,-1,-1
83025,Conexão sagrada,,57357,121328,0,-1,131073,0,0,0,0,0,0,0,0,0,0,0,2832,0,2,36700160,128,520,81993,84824,0,-1,-1
83028,Ronquejantes salafrários,,58180,117968,0,-1,0,0,0,0,0,0,0,0,0,0,43472,109,2869,0,3,41484544,0,512,0,0,0,-1,-1
83048,Caminhantes errantes,,58200,117968,0,-1,0,0,0,0,0,0,0,0,0,0,43490,109,2869,0,3,41484544,0,512,0,0,0,-1,-1
83055,"Assinado, selado",,60732,0,0,-1,0,0,0,0,0,0,0,0,0,0,0,0,2888,0,3,41484288,0,268447752,0,0,0,-1,-1
83056,Cooking With Style Tracker,,58208,0,0,-1,0,0,0,0,0,0,0,0,0,0,0,0,2799,0,3,33555456,0,8,0,0,0,-1,-1
83079,Acúmulo mineral,,59194,117968,0,-1,0,0,0,0,0,0,0,0,0,0,43504,109,2869,0,3,41484544,8192,512,0,0,0,-1,-1
83080,Limpeza de Taelloch,,59193,117968,0,-1,0,0,0,0,0,0,0,0,0,0,43505,109,2869,0,3,41484544,8192,512,0,0,0,-1,-1
83101,Recorrendo a recursos,,58250,117968,0,-1,0,0,0,0,0,0,0,0,0,0,43534,109,2869,0,3,41484544,0,512,0,0,0,-1,-1
83182,Interferência sangrenta,,58331,0,0,-1,0,0,0,0,0,0,0,0,0,0,0,0,2799,0,2,38797320,8192,1049088,79151,0,0,-1,-1
83229,Designação especial: Rebuliço no Fosso,,58373,117968,0,-1,0,0,0,0,0,0,0,0,0,0,43058,286,2869,0,3,41484544,8192,512,82156,0,0,-1,-1
83271,Sempre tem outro segredo,,58416,0,0,-1,2,0,0,0,0,0,0,0,0,0,0,0,2829,0,2,37748744,8192,512,82153,82153,0,-1,-1
83286,O que se esconde sob Dornogal,,58431,0,0,-1,0,0,0,0,0,0,0,0,0,0,0,0,2829,0,2,37748744,8192,512,83271,0,0,-1,-1
83315,Preparativos para o desconhecido,,58460,0,0,-1,0,0,0,0,0,0,0,0,0,0,0,0,2829,0,2,37748744,8192,512,83286,0,0,-1,-1
83328,Interface de Análise,,58472,124461,0,-1,0,0,0,0,0,0,0,0,0,0,0,0,863,0,2,37748744,0,520,79200,0,0,-1,-1
83503,Retorno a Dornogal,,58642,0,0,-1,1,0,0,0,0,0,0,0,0,0,0,0,2462,0,2,37748744,0,544,78948,0,0,-1,-1
83521,Uma mão na roda,,58660,5793,0,-1,0,0,0,0,0,0,0,0,0,0,0,0,2888,0,2,40894472,8192,512,0,0,0,-1,-1
83529,Torneio de Pesca de Pouso Santo,,58668,0,0,-1,0,0,0,0,0,0,0,0,0,0,43752,0,2862,0,2,36700160,0,512,0,0,0,-1,-1
83530,Torneio de Pesca de Pouso Santo,,58669,0,0,-1,0,0,0,0,0,0,0,0,0,0,43753,0,2862,0,2,36700160,0,512,0,0,0,-1,-1
83531,Torneio de Pesca de Pouso Santo,,58670,0,0,-1,0,0,0,0,0,0,0,0,0,0,43754,0,2862,0,2,36700160,0,512,0,0,0,-1,-1
83532,Torneio de Pesca de Pouso Santo,,58671,0,0,-1,0,0,0,0,0,0,0,0,0,0,43755,0,2862,0,2,36700160,0,512,0,0,0,-1,-1
83536,Afundador inframaré,,58675,124686,0,-1,0,0,0,0,0,0,0,0,0,0,43759,109,2861,0,3,41484288,8192,0,0,0,0,-1,-1
83537,Tratamento de gema geotérmica,,58829,117968,0,-1,0,0,0,0,0,0,0,0,0,0,43760,109,2869,0,3,41484544,8192,512,0,0,0,-1,-1
83538,Liberação da escavação,,58830,117968,0,-1,0,0,0,0,0,0,0,0,0,0,43827,109,2869,0,3,41484544,8192,512,0,0,0,-1,-1
83555,Colar misterioso,,58692,0,0,-1,0,0,0,0,0,0,0,0,0,0,0,0,2829,0,2,37748744,0,512,83553,0,0,-1,-1
83556,Talvez seja melhor não tocar nisso,,58693,0,0,-1,1,0,0,0,0,0,0,0,0,0,0,0,2829,0,2,37748744,0,512,83554,83555,0,-1,-1
83562,Calling Quest (DNT),,58699,0,0,-1,0,0,0,0,0,0,0,0,0,0,0,271,2797,0,2,36700168,131072,0,0,0,0,-1,-1
83640,<DNT> Template,,58767,0,0,-1,0,0,0,0,0,0,0,0,0,0,0,0,2888,0,3,41484288,131072,268447752,0,0,0,-1,-1
83643,Conseguimos sobreviver,,58770,0,0,-1,0,0,0,0,0,0,0,0,0,0,0,0,2829,0,2,37748744,0,512,83641,0,0,-1,-1
83715,Sucata resgatada,,58834,126042,0,-1,0,0,0,0,0,0,0,0,0,0,43828,109,2869,0,3,41484544,0,512,0,0,0,-1,-1
83718,Ovoxtraído,,58836,124686,0,-1,0,0,0,0,0,0,0,0,0,0,43830,109,2861,0,3,40435968,0,0,0,0,0,-1,-1
83723,Ajuda nunca é demais,,58841,0,0,-1,0,0,0,0,0,0,0,0,0,0,0,0,2829,0,2,37748744,0,512,83643,0,0,-1,-1
83762,Massa Crítica,,58872,0,0,-1,0,0,0,0,0,0,0,0,0,0,0,0,2829,0,2,38797320,8192,512,83743,0,0,-1,-1
83764,Poderosos e perigosos demais,,58874,0,0,-1,1,0,0,0,0,0,0,0,0,0,0,0,2829,0,2,38797320,8192,544,83762,0,0,-1,-1
83775,Crescimento infinito II,,58885,118675,0,-1,0,0,0,0,0,0,0,0,0,0,0,282,2793,0,0,0,1,268435976,78894,0,0,-1,-1
83776,Crescimento infinito III,,58886,118685,0,-1,0,0,0,0,0,0,0,0,0,0,0,282,2793,0,0,0,1,268435976,83775,0,0,-1,-1
83777,Crescimento infinito IV,,58887,118695,0,-1,0,0,0,0,0,0,0,0,0,0,0,282,2793,0,0,0,1,268435976,83776,0,0,-1,-1
83791,"Teste de interface: 3 objetivos, paralelos",,58901,0,0,-1,0,0,0,0,0,0,0,0,0,0,0,0,2824,0,3,36765704,131072,8192,0,0,0,-1,-1
83827,Canto silenciado,,58935,129009,0,-1,0,0,0,0,0,0,0,0,0,226261,43870,0,2462,0,2,308281352,8256,268435968,0,0,0,-1,-1
83930,Solução vermífuga,,59036,117968,0,-1,0,0,0,0,0,0,0,0,0,0,43939,109,2869,0,3,41484544,0,512,0,0,0,-1,-1
84001,De volta aos trilhos,,59108,129009,0,-1,0,0,0,0,0,0,0,0,0,0,43870,0,3004,0,2,39845896,8256,268435968,0,0,0,-1,-1
84022,Unindo os Fios Cortados,,59197,0,0,-1,0,0,0,0,0,0,0,0,0,0,0,0,2762,0,2,40894464,8192,512,78248,0,0,-1,-1
84143,Achados e ocupados,,59321,127442,0,-1,0,0,0,0,0,0,0,0,59322,0,0,0,1369,0,2,36700168,0,512,0,0,0,-1,-1
84225,Não se faz uma omelete...,,59340,129247,0,-1,0,0,0,0,0,0,0,0,0,0,45160,0,3004,0,2,39845888,8256,268435968,85070,0,0,-1,-1
84236,Um cão de detetive,,59351,127453,0,-1,0,0,0,0,0,0,0,0,0,0,0,0,1369,0,2,40894472,0,512,83831,0,0,-1,-1
84241,Base costeira,,59355,129247,0,-1,0,0,0,0,0,0,0,0,0,0,45160,0,3004,0,2,39845888,8256,268435968,0,0,0,-1,-1
84248,Ritual rúnico,,59361,129009,0,-1,0,0,0,0,0,0,0,0,0,0,43871,0,2832,0,2,39845896,8256,268435968,0,0,0,-1,-1
84252,Precisão extrema,,59365,129009,0,-1,0,0,0,0,0,0,0,0,0,230795,0,0,3004,0,2,308281352,8192,268435968,0,0,0,-1,-1
84278,Missão de rastreamento,,59390,127454,0,-1,0,0,0,0,0,0,0,0,0,0,0,0,1369,0,2,309461000,0,4640,84237,0,0,-1,-1
84286,O que há de mais fino,,0,131868,0,-1,0,0,0,0,0,0,0,0,0,0,0,0,2723,0,0,7405568,40960,520,0,0,0,-1,-1
84296,O rastro perdido,,59408,127454,0,-1,0,0,0,0,0,0,0,0,0,0,0,0,1369,0,2,41025544,0,4640,84278,0,0,-1,-1
84334,O detetive precisa saber,,59452,127455,0,-1,0,0,0,0,0,0,0,0,0,0,0,0,1369,0,2,40894472,0,4640,84296,0,0,-1,-1
84336,Jogo dos erros,,59454,127455,0,-1,0,0,0,0,0,0,0,0,0,0,0,0,1369,0,2,40894472,0,4640,84334,0,0,-1,-1
84392,Fome na fossa,,59510,0,0,-1,0,0,0,0,0,0,0,0,58014,0,0,0,2799,0,2,36700168,0,512,0,0,0,-1,-1
84423,Sacudindo a poeira,,59534,0,0,-1,0,0,0,0,0,0,0,0,0,0,0,0,2991,0,0,34603016,0,1049088,0,0,0,-1,-1
84424,A aventura nos espera!,,59535,0,0,-1,0,0,0,0,0,0,0,0,0,0,0,0,2991,0,2,55574536,4,1049088,84423,0,0,-1,-1
84429,Contenção de constructo,,59540,117968,0,-1,0,0,0,0,0,0,0,0,0,0,44128,109,2869,0,3,41484544,8192,512,0,0,0,-1,-1
84490,O Grande Cofre,,59610,127205,0,-1,0,0,0,0,0,0,0,0,0,0,0,0,2892,0,2,33554440,128,512,0,0,0,-1,-1
84506,Caça às mascotes,,59625,127464,0,-1,0,0,0,0,0,0,0,0,0,0,0,0,1369,0,2,36700168,0,512,83831,0,0,-1,-1
84563,Problema de brinquedo,,59669,129998,0,-1,0,0,0,0,0,0,0,0,0,0,0,0,1369,0,2,40894472,0,512,84336,0,0,-1321907123,1427461461
84589,Creature Name,,59695,0,0,-1,0,0,0,0,0,0,0,0,0,0,0,0,2860,0,3,34149376,0,8,0,0,0,-1,-1
84680,Pedras que revivem não criam limo,,59791,129009,0,-1,0,0,0,0,0,0,0,0,0,228988,43871,0,3004,0,2,40894728,41024,268435968,0,0,0,-1,-1
84682,Pactos e patronos,,59794,127693,0,-1,0,0,0,0,0,0,0,0,0,0,0,0,2861,0,2,124780800,8192,4203008,0,0,0,-1,-1
84755,O brinquedo final,,59871,129999,0,-1,0,0,0,0,0,0,0,0,0,0,0,0,1369,0,2,40894472,0,512,84588,0,0,-1321907123,1427461461
84787,O Escoadouro,,61710,130610,0,-1,0,0,0,0,0,0,0,0,0,0,44409,0,3004,0,3,6881280,8192,268435976,85753,0,0,-1,-1
84788,Cachorro-quente Fogardente,,59901,0,0,-1,0,0,0,0,0,0,0,0,0,0,0,0,2888,0,3,41484288,0,268447752,0,0,0,-1,-1
84791,Hambúrguer Fogardente,,59904,0,0,-1,0,0,0,0,0,0,0,0,0,0,0,0,2888,0,3,41484288,0,268447752,0,0,0,-1,-1
84835,Covil dos Afogados,,61704,130662,0,-1,0,0,0,0,0,0,0,0,0,0,44479,0,3004,0,3,6881280,8192,268435976,85760,0,0,-1,-1
84836,Grota do Calafrio,,61707,128822,0,-1,0,0,0,0,0,0,0,0,0,0,44478,0,3004,0,3,6881280,8192,268435976,0,0,0,-1,-1
84850,Ira da serpente,,59965,129009,0,-1,65536,0,0,0,0,0,0,0,0,0,43872,111,3004,0,3,6881280,8256,268435968,85070,0,0,-1,-1
84851,Maré de ganância,,59966,129009,0,-1,65536,0,0,0,0,0,0,0,0,0,43870,111,3004,0,3,6881280,8256,268435968,85070,0,0,-1,-1
84852,Legado dos vraikalen,,59967,129009,0,-1,65536,0,0,0,0,0,0,0,0,0,43871,111,3004,0,3,6881280,8192,268435968,85070,0,0,-1,-1
84877,Ephemeral Agent Lathyd,,59992,0,0,-1,0,0,0,0,0,0,0,0,0,0,0,0,2992,0,3,34178048,0,8,0,0,0,-1,-1
84884,Junk Wall,,59999,0,0,-1,0,0,0,0,0,0,0,0,0,0,0,0,2992,0,3,34178048,0,8,0,0,0,-1,-1
84895,Slugger the Smart,,60005,0,0,-1,0,0,0,0,0,0,0,0,0,0,0,0,2992,0,3,34178048,0,8,0,0,0,-1,-1
84907,Chief Foreman Gutso,,60016,0,0,-1,0,0,0,0,0,0,0,0,0,0,0,0,2992,0,3,34178048,0,8,0,0,0,-1,-1
84911,Flyboy Snooty,,60020,0,0,-1,0,0,0,0,0,0,0,0,0,0,0,0,2992,0,3,34178048,0,8,0,0,0,-1,-1
84912,O show tem que continuar,,60021,52278,0,-1,0,0,0,0,0,0,0,0,0,0,0,0,1369,0,2,41025544,8192,512,84985,0,0,-1,-1
84917,Scrapbeak,,60027,0,0,-1,0,0,0,0,0,0,0,0,0,0,0,0,2860,0,3,34149376,0,8,0,0,0,-1,-1
84918,Court of Rats,,60028,0,0,-1,0,0,0,0,0,0,0,0,0,0,0,0,2860,0,3,34149376,0,8,0,0,0,-1,-1
84919,Tally Doublespeak,,60029,0,0,-1,0,0,0,0,0,0,0,0,0,0,0,0,2860,0,3,34149376,0,8,0,0,0,-1,-1
84920,Rogue Alchemist Vaz,,60030,0,0,-1,0,0,0,0,0,0,0,0,0,0,0,0,2860,0,3,34149376,0,8,0,0,0,-1,-1
84921,Thwack,,60031,0,0,-1,0,0,0,0,0,0,0,0,0,0,0,0,2860,0,3,34149376,0,8,0,0,0,-1,-1
84922,S.A.L.,,60032,0,0,-1,0,0,0,0,0,0,0,0,0,0,0,0,2860,0,3,34149376,0,8,0,0,0,-1,-1
84923,História de passarinho,,60033,127467,0,-1,0,0,0,0,0,0,0,0,0,0,0,0,1369,0,2,36700168,0,512,83831,0,0,-1,-1
84926,Nitro,,60036,0,0,-1,0,0,0,0,0,0,0,0,0,0,0,0,2860,0,3,34149376,0,8,0,0,0,-1,-1
84927,Candy Stickemup,,60037,0,0,-1,0,0,0,0,0,0,0,0,0,0,0,0,2860,0,3,34149376,0,8,0,0,0,-1,-1
84928,Longwick,,60038,0,0,-1,0,0,0,0,0,0,0,0,0,0,0,0,2860,0,3,34149376,0,8,0,0,0,-1,-1
84929,Salva-vidas a postos,,60039,129746,0,-1,0,0,0,0,0,0,0,0,0,0,44558,109,2888,0,3,41484544,8192,0,0,0,0,-1,-1
84932,Legado de destruição,,60040,130006,0,-1,0,0,0,0,0,0,0,0,0,0,0,0,1369,0,2,36700168,0,512,83831,0,0,-1,-1
84948,Serviço freelancer,,60057,133024,0,-1,0,0,0,0,0,0,0,0,0,0,0,109,2888,0,3,41517312,8320,8,0,0,0,-1,-1
84955,Contrabando proibido,,60064,129746,0,-1,0,0,0,0,0,0,0,0,0,0,44561,109,2888,0,3,41484544,8192,0,0,0,0,-1,-1
84962,Extermínio exigente,,60071,137876,0,-1,0,0,0,0,0,0,0,0,0,0,45043,109,3008,0,3,41484544,8192,0,0,0,0,-1,-1
84966,Bloquear o ataque,,60075,138829,0,-1,0,0,0,0,0,0,0,0,0,0,0,0,3008,0,3,41484288,8192,0,0,0,0,-1,-1
84971,Por amor ao grogue,,60077,129746,0,-1,0,0,0,0,0,0,0,0,0,0,44576,109,2888,0,3,41484544,8192,0,0,0,0,-1,-1
84979,[DNT] World Quest 001,,60082,128647,0,-1,0,0,0,0,0,0,0,0,0,0,44587,109,3031,0,3,41418752,8192,0,0,0,0,-1,-1
84981,[DNT] World Quest 002,,60083,128648,0,-1,0,0,0,0,0,0,0,0,0,0,44587,109,3031,0,3,41418752,8192,0,0,0,0,-1,-1
84982,[DNT] World Quest 003,,60084,128649,0,-1,0,0,0,0,0,0,0,0,0,0,44587,109,3031,0,3,41418752,8192,0,0,0,0,-1,-1
84983,[DNT] World Quest 004,,60085,128650,0,-1,0,0,0,0,0,0,0,0,0,0,44587,109,3031,0,3,41418752,8192,0,0,0,0,-1,-1
84984,[DNT] World Quest 005,,60086,128651,0,-1,0,0,0,0,0,0,0,0,0,0,44587,109,3031,0,3,41418752,8192,0,0,0,0,-1,-1
84985,Bagunça no palco,,60087,127466,0,-1,0,0,0,0,0,0,0,0,0,0,0,0,1369,0,2,36700168,0,512,83831,0,0,-1,-1
84993,Ataque do Devorador: Oásis,,60094,0,0,-1,0,0,0,0,0,0,0,0,0,0,44596,283,3007,0,3,39419968,532480,4120,0,0,0,-1,-1
84994,Efeito comprovado,,60095,129745,0,-1,0,0,0,0,0,0,0,0,0,0,44598,109,2888,0,3,41484544,8192,0,0,0,0,-1,-1
84995,Imagens! Imagens da Inframina!,,60096,129746,0,-1,0,0,0,0,0,0,0,0,0,0,44599,109,2888,0,3,41484544,8192,0,0,0,0,-1,-1
85004,Swigs Farsight,,60105,0,0,-1,0,0,0,0,0,0,0,0,0,0,0,0,2860,0,3,34149376,0,8,0,0,0,-1,-1
85005,Um chamado resplendoroso,,60106,128742,0,-1,0,0,0,0,0,0,0,0,0,0,0,0,3031,0,2,40894472,0,512,0,0,0,-1,-1
85013,Precipitante de Sombrafuso,,62291,129050,0,-1,0,0,0,0,0,0,0,0,0,0,44611,283,2888,0,3,37289984,0,512,0,0,0,-1,-1
85024,Problema de brinquedo,,59669,129998,0,-1,0,0,0,0,0,0,0,0,0,0,0,0,1369,0,2,40894472,0,512,84336,0,0,1309324210,-1440044374
85026,O berço das lendas,,60127,128802,0,-1,0,0,0,0,0,0,0,0,0,0,0,0,2991,0,2,592445448,0,1049088,84423,0,0,-1,-1
85042,O brinquedo final,,59871,129999,0,-1,0,0,0,0,0,0,0,0,0,0,0,0,1369,0,2,40894472,0,512,85025,0,0,1309324210,-1440044374
85051,Pente fino na praia,,60150,129009,0,-1,0,0,0,0,0,0,0,0,0,0,43872,0,3004,0,2,6291720,8192,268435968,0,0,0,-1,-1
85070,Tracking Quest,,60169,0,0,-1,0,0,0,0,0,0,0,0,0,0,45160,0,0,0,3,33621248,0,268435464,0,0,0,-1,-1
85088,Atração principal,,64711,129050,0,-1,0,0,0,0,0,0,0,0,0,0,0,289,2993,0,3,37323072,0,8,0,0,0,-1,-1
85104,Corrida de Pilotagem Aérea - Escalada Estratosférica,,60202,129748,0,-1,0,0,0,0,0,0,0,0,0,0,44725,281,2838,0,3,34144512,0,0,0,0,0,-1,-1
85105,Corrida de Pilotagem Aérea - Montante das Montoeiras,,60203,134740,0,-1,0,0,0,0,0,0,0,0,0,0,44726,281,2838,0,3,34144512,0,0,0,0,0,-1,-1
85106,Corrida de Pilotagem Aérea - Sacode da Sucataria,,60204,134740,0,-1,0,0,0,0,0,0,0,0,0,0,44727,281,2838,0,3,34144512,0,0,0,0,0,-1,-1
85107,Corrida de Pilotagem Aérea - Rififi da Riqueza,,60205,134740,0,-1,0,0,0,0,0,0,0,0,0,0,44728,281,2838,0,3,34144512,0,0,0,0,0,-1,-1
85113,Designação especial: vem tempestade aí,,60209,129247,0,-1,0,0,0,0,0,0,0,0,0,232466,45160,286,3004,0,3,578355200,8256,268435976,0,0,0,-1,-1
85263,Bombabola,,60387,129313,0,-1,0,0,0,0,0,0,0,0,0,0,44751,109,2888,0,3,41484544,8192,0,0,0,0,-1,-1
85268,Simulador de Limpeza Piratástica,,60390,129746,0,-1,0,0,0,0,0,0,0,0,0,0,44755,109,2888,0,3,41484544,0,0,0,0,0,-1,-1
85269,Balão explosivo,,60391,129744,0,-1,0,0,0,0,0,0,0,0,0,0,44756,109,2888,0,3,39387392,0,0,0,0,0,-1,-1
85270,Frio como gelo,,60392,129745,0,-1,0,0,0,0,0,0,0,0,0,0,44757,109,2888,0,3,41484544,8192,0,0,0,0,-1,-1
85390,Lava-tudo Primavera,,60508,129745,0,-1,0,0,0,0,0,0,0,0,0,0,44773,109,2888,0,3,37290240,0,0,0,0,0,-1,-1
85396,Montoeiras de sucata,,60514,129747,0,-1,0,0,0,0,0,0,0,0,0,231164,44779,109,2888,0,3,41484544,8192,0,0,0,0,-1,-1
85397,O que as plantas querem,,60515,129747,0,-1,0,0,0,0,0,0,0,0,0,0,44834,109,2888,0,3,41484544,8192,0,0,0,0,-1,-1
85398,Bum viagem!,,60516,129747,0,-1,0,0,0,0,0,0,0,0,0,0,44819,109,2888,0,3,41484544,8192,0,0,0,0,-1,-1
85399,Curte um circuito,,60517,129747,0,-1,0,0,0,0,0,0,0,0,0,0,44835,109,2888,0,3,41484544,8192,0,0,0,0,-1,-1
85400,"Reduzir, rexsudar, reciclar",,60518,129747,0,-1,0,0,0,0,0,0,0,0,0,0,44836,109,2888,0,3,41484544,8192,0,0,0,0,-1,-1
85402,Só no sossego,,60520,129746,0,-1,0,0,0,0,0,0,0,0,0,0,44794,109,2888,0,3,41484544,8192,0,0,0,0,-1,-1
85427,Expiração explosiva,,60543,129744,0,-1,0,0,0,0,0,0,0,0,0,0,44782,109,2888,0,3,41484544,8192,0,0,0,0,-1,-1
85428,Violações de normas,,60544,129744,0,-1,0,0,0,0,0,0,0,0,0,232989,44783,109,2888,0,3,41615616,8192,0,0,0,0,-1,-1
85460,Sucessão ecológica,,60574,137553,0,-1,0,0,0,0,0,0,0,0,0,0,0,109,2838,0,3,40599808,0,8,0,0,0,-1,-1
85466,Quente ou frio,,60580,129747,0,-1,0,0,0,0,0,0,0,0,0,0,44837,109,2888,0,3,41484544,8192,0,0,0,0,-1,-1
85467,Fogo na lixeira,,60581,129747,0,-1,0,0,0,0,0,0,0,0,0,0,44838,109,2888,0,3,41484544,8192,0,0,0,0,-1,-1
85472,Reagentes na faixa!,,60594,129745,0,-1,0,0,0,0,0,0,0,0,0,0,44818,109,2888,0,3,41484544,8192,0,0,0,0,-1,-1
85473,Extra! Extra!,,60595,129748,0,-1,0,0,0,0,0,0,0,0,0,0,44832,109,2888,0,3,41484544,8192,0,0,0,0,-1,-1
85474,Ataque ao bonde do rato,,60596,129748,0,-1,0,0,0,0,0,0,0,0,0,0,44833,109,2888,0,3,41484544,8192,0,0,0,0,-1,-1
85475,Segredo na areia,,60597,130003,0,-1,2,0,0,0,0,0,0,0,0,0,0,0,1369,0,2,40894472,0,512,85208,85195,0,-1,-1
85479,Detona tudo,,60601,138185,0,-1,0,0,0,0,0,0,0,0,0,0,44830,113,2888,0,3,6881536,8192,0,0,0,0,-1,-1
85487,Designação especial: bum! Tiro na cabeça!,,60609,129748,0,-1,0,0,0,0,0,0,0,0,0,0,44839,286,2888,0,3,41484544,8192,0,85489,0,0,-1,-1
85488,Designação especial: equipe de segurança,,60610,129748,0,-1,0,0,0,0,0,0,0,0,0,0,44840,286,2888,0,3,41484544,8192,0,85490,0,0,-1,-1
85497,Parafuso solto,,60619,129744,0,-1,0,0,0,0,0,0,0,0,0,0,44848,109,2888,0,3,41484544,8192,0,0,0,0,-1,-1
85498,Uso de artifício,,60620,129744,0,-1,0,0,0,0,0,0,0,0,0,0,44849,109,2888,0,3,41484544,8192,0,0,0,0,-1,-1
85499,O lixo de um goblin,,60621,129744,0,-1,0,0,0,0,0,0,0,0,0,0,44850,109,2888,0,3,41484544,8192,0,0,0,0,-1,-1
85500,Lixo tóxico,,60622,129744,0,-1,0,0,0,0,0,0,0,0,0,0,44851,109,2888,0,3,41484544,8192,0,0,0,0,-1,-1
85502,Reflexões festivas,,60624,130004,0,-1,1,0,0,0,0,0,0,0,0,0,0,0,1369,0,2,40894472,0,512,85476,0,0,-1,-1
85512,Remoção de fraudes,,60634,136062,0,-1,0,0,0,0,0,0,0,0,0,0,44854,109,2888,0,3,37290240,0,0,0,0,0,-1,-1
85513,Graxa infraciclista,,60635,129745,0,-1,0,0,0,0,0,0,0,0,0,0,44855,109,2888,0,3,37290240,0,0,0,0,0,-1,-1
85514,Se não estão usando...,,60636,129745,0,-1,0,0,0,0,0,0,0,0,0,0,44856,109,2888,0,3,37290240,0,0,0,0,0,-1,-1
85515,Amostras grátis!,,60637,129745,0,-1,0,0,0,0,0,0,0,0,0,231900,44857,109,2888,0,3,37421312,0,0,0,0,0,-1,-1
85518,Escória de escalpelador,,60640,129748,0,-1,0,0,0,0,0,0,0,0,0,0,44858,109,2888,0,3,41484544,8192,0,0,0,0,-1,-1
85519,Estouro da bombada,,60641,129744,0,-1,0,0,0,0,0,0,0,0,0,0,44860,109,2888,0,3,41484544,8192,268435456,0,0,0,-1,-1
85524,Desarmando os Sombrafuso,,60646,129748,0,-1,0,0,0,0,0,0,0,0,0,0,44865,109,2888,0,3,37290240,0,0,0,0,0,-1,-1
85526,Bolsa de escória,,60648,129747,0,-1,0,0,0,0,0,0,0,0,0,0,44866,109,2888,0,3,41484544,8192,0,0,0,0,-1,-1
85527,Bonsai bucaneiro,,60649,129746,0,-1,0,0,0,0,0,0,0,0,0,0,44867,109,2888,0,3,37290240,0,0,0,0,0,-1,-1
85528,Processo seletivo,,60650,129746,0,-1,0,0,0,0,0,0,0,0,0,0,44868,109,2888,0,3,41484544,8192,0,0,0,0,-1,-1
85553,Bico: Da lama ao caos,,60676,131393,0,-1,0,0,0,0,0,0,0,0,0,0,45183,0,2888,0,2,40894472,32768,512,0,0,0,-1,-1
85554,Bico: o sol brilha para todos,,60677,131393,0,-1,0,0,0,0,0,0,0,0,0,0,45184,0,2888,0,2,40894472,40960,512,0,0,0,-1,-1
85561,[DNT] Debugging Abandon,,60685,0,0,-1,0,0,0,0,0,0,0,0,0,0,0,0,2869,0,3,37289984,0,0,0,0,0,-1,-1
85653,Testando as águas,,60721,0,0,-1,0,0,0,0,0,0,0,0,0,0,44954,0,3004,0,2,40894472,8192,268435968,84726,0,0,-1,-1
85654,Bombando para arrebentar,,60722,0,0,-1,1,0,0,0,0,0,0,0,0,0,44955,0,3004,0,2,40894472,8192,268435968,85653,85070,0,-1,-1
85655,Libertando o poder,,60723,0,0,-1,0,0,0,0,0,0,0,0,0,0,44956,0,3004,0,2,40894472,8192,268435968,85654,0,0,-1,-1
85656,Cantante e vigilante,,60724,0,0,-1,0,0,0,0,0,0,0,0,0,0,44957,0,3004,0,2,40894472,8192,268435968,85655,0,0,-1,-1
85657,Circe ficaria cheia de orgulho,,60725,0,0,-1,0,0,0,0,0,0,0,0,0,0,44958,0,3004,0,2,40894472,8192,268435968,85656,0,0,-1,-1
85715,Precisa-se de musa,,60778,0,0,-1,0,0,0,0,0,0,0,0,0,0,0,0,2888,0,3,41484288,0,268447752,0,0,0,-1,-1
85717,Mascote precária,,60780,0,0,-1,0,0,0,0,0,0,0,0,0,0,0,0,2888,0,3,41484288,0,268447752,0,0,0,-1,-1
85731,Missão de rastreamento,,60791,0,0,-1,0,0,0,0,0,0,0,0,0,0,0,0,2734,0,3,3768320,0,12296,0,0,0,-1,-1
85732,Extermínio expresso,,60792,0,0,-1,0,0,0,0,0,0,0,0,0,0,0,0,2888,0,3,41484288,0,268447752,0,0,0,-1,-1
85733,"Daiquiria, mas não deu",,60793,0,0,-1,0,0,0,0,0,0,0,0,0,0,0,0,2888,0,3,41484288,0,268447752,0,0,0,-1,-1
85753,O Escoadouro,,61711,130607,0,-1,0,0,0,0,0,0,0,0,0,0,44409,0,3004,0,3,6881280,8192,268435976,0,0,0,-1,-1
85754,O Escoadouro,,61709,130612,0,-1,1,0,0,0,0,0,0,0,0,0,44409,0,3004,0,3,6881280,8192,268435976,85753,84787,0,-1,-1
85755,O Escoadouro,,61714,128821,0,-1,0,0,0,0,0,0,0,0,0,0,44409,0,3004,0,3,6881280,8192,268435976,0,0,0,-1,-1
85758,Passando a régua,,60818,0,0,-1,0,0,0,0,0,0,0,0,0,0,0,0,2888,0,3,41484288,0,268447752,0,0,0,-1,-1
85759,Alinhamento de cristais,,60819,0,0,-1,0,0,0,0,0,0,0,0,0,0,0,0,2888,0,3,41484288,0,268447752,0,0,0,-1,-1
85760,Covil dos Afogados,,61703,128827,0,-1,0,0,0,0,0,0,0,0,0,0,44479,0,3004,0,3,6881280,8192,268435976,0,0,0,-1,-1
85761,Covil dos Afogados,,61705,130664,0,-1,1,0,0,0,0,0,0,0,0,0,44479,0,3004,0,3,6881280,8192,268435976,85760,84835,0,-1,-1
85762,Covil dos Afogados,,61713,130666,0,-1,0,0,0,0,0,0,0,0,0,0,44479,0,3004,0,3,6881280,8192,268435976,0,0,0,-1,-1
85763,Grota do Calafrio,,61708,130672,0,-1,0,0,0,0,0,0,0,0,0,0,44478,283,3004,0,3,6881280,8192,268435976,0,0,0,-1,-1
85764,Grota do Calafrio,,61715,130675,0,-1,0,0,0,0,0,0,0,0,0,0,44478,0,3004,0,3,6881280,8192,268435976,0,0,0,-1,-1
85765,Grota do Calafrio,,61706,130682,0,-1,0,0,0,0,0,0,0,0,0,0,44478,0,3004,0,3,6881280,8192,268435976,0,0,0,-1,-1
85769,Inimigos do fim,,60826,0,0,-1,0,0,0,0,0,0,0,0,0,0,0,0,2888,0,3,41484288,0,268447752,0,0,0,-1,-1
85771,Entrega de jornais,,60828,0,0,-1,0,0,0,0,0,0,0,0,0,0,0,0,2888,0,3,41484288,0,268447752,0,0,0,-1,-1
85773,Alugam-se espíritos,,60830,0,0,-1,0,0,0,0,0,0,0,0,0,0,0,0,2888,0,3,41484288,0,268447752,0,0,0,-1,-1
85797,Luta de facas,,60854,0,0,-1,0,0,0,0,0,0,0,0,0,0,0,0,2888,0,3,41484288,0,268447752,0,0,0,-1,-1
85812,O saque dos saqueadores,,60862,137876,0,-1,0,0,0,0,0,0,0,0,0,0,45040,109,3008,0,3,41484544,8192,0,0,0,0,-1,-1
85822,Formação de mercado,,60872,137876,0,-1,0,0,0,0,0,0,0,0,0,0,45039,109,3008,0,3,41484544,8192,0,0,0,0,-1,-1
85826,Vovó na pista,,60876,0,0,-1,0,0,0,0,0,0,0,0,0,0,0,0,2888,0,3,41484288,0,268447752,0,0,0,-1,-1
85834,Espécimes em risco,,60880,137876,0,-1,0,0,0,0,0,0,0,0,0,0,45041,109,3008,0,3,41484544,0,0,0,0,0,-1,-1
85854,Na falta de um nome,,60900,0,0,-1,0,0,0,0,0,0,0,0,0,0,0,0,2888,0,3,41484288,0,268447752,0,0,0,-1,-1
85855,Algo a declarar?,,60901,137876,0,-1,0,0,0,0,0,0,0,0,0,0,45046,109,3008,0,3,41484544,8192,0,0,0,0,-1,-1
85861,Monstro do tapete!!!,,60907,0,0,-1,0,0,0,0,0,0,0,0,0,0,0,0,2888,0,3,41484288,0,268447752,0,0,0,-1,-1
85863,Mergulho fásico: tempestades estranhas,,60909,137876,0,-1,0,0,0,0,0,0,0,0,0,0,45048,109,3008,0,3,41484544,8192,0,0,0,0,-1,-1
85864,Mergulho fásico: laacunita fraturada,,60910,137876,0,-1,0,0,0,0,0,0,0,0,0,0,45469,109,3008,0,3,41484544,8192,0,0,0,0,-1,-1
85874,Resgate do peixinho dourado,,60920,0,0,-1,0,0,0,0,0,0,0,0,0,0,0,0,2888,0,3,41484288,0,268447752,0,0,0,-1,-1
85888,Licença poética,,60930,0,0,-1,0,0,0,0,0,0,0,0,0,0,0,0,2888,0,3,41484288,0,268447752,0,0,0,-1,-1
85913,Bico: dia de faxina,,60945,131392,0,-1,0,0,0,0,0,0,0,0,0,0,45177,0,2888,0,2,36700168,32768,512,0,0,0,-1,-1
85914,Bico: questão de frieza,,60946,131392,0,-1,0,0,0,0,0,0,0,0,0,0,45178,0,2888,0,2,40894472,32768,512,0,0,0,-1,-1
85925,Corrida de Pé-na-Tábua - Pega do Pé-na-Tábua,,60954,131194,0,-1,0,0,0,0,0,0,0,0,0,0,45075,281,2838,0,3,34144512,0,0,0,0,0,-1,-1
85926,Corrida de Pé-na-Tábua - Férias no Ferro-velho,,60955,131194,0,-1,0,0,0,0,0,0,0,0,0,0,45076,281,2838,0,3,34144512,0,0,0,0,0,-1,-1
85927,Corrida de Pé-na-Tábua - Cruzeiro do Cassino,,60956,131194,0,-1,0,0,0,0,0,0,0,0,0,0,45077,281,2838,0,3,34144512,0,0,0,0,0,-1,-1
85928,Corrida de Pé-na-Tábua - Ataque Arenoso,,60957,131194,0,-1,0,0,0,0,0,0,0,0,0,0,45078,281,2838,0,3,34144512,0,0,0,0,0,-1,-1
85929,Arquivista Escombrilho,,60958,0,0,-1,0,0,0,0,0,0,0,0,0,0,0,0,401,0,0,33554440,0,512,0,0,0,-1,-1
85930,Arquivista Cobrelimo,,60959,0,0,-1,0,0,0,0,0,0,0,0,0,0,0,0,401,0,0,33554440,0,512,0,0,0,-1,-1
85931,Arquivista Farolt,,60960,0,0,-1,0,0,0,0,0,0,0,0,0,0,0,0,401,0,0,33554440,0,512,0,0,0,-1,-1
85932,Arquivista Silsigra,,60961,0,0,-1,0,0,0,0,0,0,0,0,0,0,0,0,401,0,0,33554440,0,512,0,0,0,-1,-1
85933,Ancião Quintas,,60962,0,0,-1,0,0,0,0,0,0,0,0,0,0,0,0,401,0,0,33554440,0,512,0,0,0,-1,-1
85934,Anciã Juraprestada,,60963,0,0,-1,0,0,0,0,0,0,0,0,0,0,0,0,401,0,0,33554440,0,512,0,0,0,-1,-1
85935,Anciã Ikk'zivan,,60964,0,0,-1,0,0,0,0,0,0,0,0,0,0,0,0,401,0,0,33554440,0,512,0,0,0,-1,-1
85936,Anciã Ikk'xataz,,60965,0,0,-1,0,0,0,0,0,0,0,0,0,0,0,0,401,0,0,33554440,0,512,0,0,0,-1,-1
85944,Bico: tipo sanguíneo,,60973,131392,0,-1,0,0,0,0,0,0,0,0,0,0,45180,0,2888,0,2,36700168,32768,512,0,0,0,-1,-1
85945,Bico: Sangue-Sai,,60974,131392,0,-1,0,0,0,0,0,0,0,0,0,232897,45181,0,2888,0,2,36700168,32768,512,0,0,0,-1,-1
85946,A fuga dos caranguejos,,60975,0,0,-1,0,0,0,0,0,0,0,0,0,0,0,0,2888,0,3,41484288,0,268447752,0,0,0,-1,-1
85960,Bico: perdidos e achados,,60983,131392,0,-1,0,0,0,0,0,0,0,0,0,0,45179,0,2888,0,2,36700168,32768,512,0,0,0,-1,-1
85962,Bico: reagentes repulsivos,,60985,131392,0,-1,0,0,0,0,0,0,0,0,0,0,45182,0,2888,0,2,36700168,32768,512,0,0,0,-1,-1
86177,Bico: as marés provêm,,61102,131393,0,-1,0,0,0,0,0,0,0,0,0,0,45185,0,2888,0,2,40894472,32768,512,0,0,0,-1,-1
86178,Bico: limpando a barra,,61103,131393,0,-1,0,0,0,0,0,0,0,0,0,0,45186,0,2888,0,2,40894472,32768,512,0,0,0,-1,-1
86179,Bico: desmoronamento na Sorte Grande,,61104,131393,0,-1,0,0,0,0,0,0,0,0,0,0,45187,0,2888,0,2,40894472,32768,512,0,0,0,-1,-1
86180,Bico: águas infestadas,,61105,131393,0,-1,0,0,0,0,0,0,0,0,0,0,45188,0,2888,0,2,40894472,32768,512,0,0,0,-1,-1
86197,Andar na linha ou andar na prancha,,61130,0,0,-1,0,0,0,0,0,0,0,0,0,0,3785,109,2814,0,3,37290016,132,8,0,0,0,-1,-1
86305,E eu matar esses bichos logo,,61236,137876,0,-1,0,0,0,0,0,0,0,0,0,249417,45205,109,3008,0,3,7930112,8192,0,0,0,0,-1,-1
86309,Desafio do Infrachefe: Goblin Joiado,,0,0,0,-1,0,0,0,0,0,0,0,0,0,0,45206,0,2462,0,3,36765768,0,512,0,0,0,-1,-1
86311,Um monte de trabalho,,61240,0,0,-1,0,0,0,0,0,0,0,0,0,0,0,0,2888,0,3,41484288,0,268447752,0,0,0,-1,-1
86313,Extermínio dos Sombrafuso,,61242,0,0,-1,0,0,0,0,0,0,0,0,0,0,0,0,2888,0,3,41484288,0,268447752,0,0,0,-1,-1
86314,Gosma na galeria 3,,61243,0,0,-1,0,0,0,0,0,0,0,0,0,0,0,0,2888,0,3,41484288,0,268447752,0,0,0,-1,-1
86315,Caos nas ruas,,61244,0,0,-1,0,0,0,0,0,0,0,0,0,0,0,0,2888,0,3,41484288,0,268447752,0,0,0,-1,-1
86317,Sangue negro no litoral,,61246,0,0,-1,0,0,0,0,0,0,0,0,0,0,0,0,2888,0,3,41484288,0,268447752,0,0,0,-1,-1
86318,Rebuliço no Rabeirão,,61247,0,0,-1,0,0,0,0,0,0,0,0,0,0,0,0,2888,0,3,41484288,0,268447752,0,0,0,-1,-1
86319,Olhos do céu,,61248,0,0,-1,0,0,0,0,0,0,0,0,0,0,0,0,2888,0,3,41484288,0,268447752,0,0,0,-1,-1
86320,Valentão pra tu!,,61249,0,0,-1,0,0,0,0,0,0,0,0,0,0,0,0,2888,0,3,41484288,0,268447752,0,0,0,-1,-1
86321,De porta em porta,,61250,0,0,-1,0,0,0,0,0,0,0,0,0,0,0,0,2888,0,3,41484288,0,268447752,0,0,0,-1,-1
86337,Gallagio Garbage,,61269,0,0,-1,0,0,0,0,0,0,0,0,0,0,0,0,2992,0,3,34149376,0,8,0,0,0,-1,-1
86363,O melhor das pedras da bravura,,61295,143009,0,-1,0,0,0,0,0,0,0,0,0,0,0,0,3008,0,2,37749064,0,520,0,0,0,-1,-1
86364,Brasões do éter,,61296,0,0,-1,0,0,0,0,0,0,0,0,0,0,0,0,3008,0,2,37749064,0,520,86363,0,0,-1,-1
86365,Transmutação de brasões,,61297,0,0,-1,0,0,0,0,0,0,0,0,0,0,0,0,3008,0,2,34603336,0,520,86364,0,0,-1,-1
86367,Pisando em vermes,,61298,137876,0,-1,0,0,0,0,0,0,0,0,0,0,45260,109,3008,0,3,41484544,8192,0,0,0,0,-1,-1
86372,Fins do deserto,,61302,137876,0,-1,0,0,0,0,0,0,0,0,0,0,45262,109,3008,0,3,41484544,8192,0,84906,0,0,-1,-1
86388,Spark - Template,,61318,0,0,-1,0,0,0,0,0,0,0,0,0,0,0,282,2888,0,2,40894464,8192,268435976,0,0,0,-1,-1
86390,Nublacuca sem noção,,62290,129050,0,-1,0,0,0,0,0,0,0,0,0,0,45266,283,2888,0,3,37289984,0,0,0,0,0,-1,-1
86391,Retomada do poder,,61319,137876,0,-1,0,0,0,0,0,0,0,0,0,0,48658,109,3008,0,3,41484544,8192,0,0,0,0,-1,-1
86395,Roubar de ladrão,,61324,137876,0,-1,0,0,0,0,0,0,0,0,0,0,45297,109,3008,0,3,41484544,8192,0,0,0,0,-1,-1
86409,Espreitando o rochedo,,61342,137876,0,-1,0,0,0,0,0,0,0,0,0,0,45306,109,3008,0,3,41484544,8192,0,0,0,0,-1,-1
86410,Rinha de visgo,,61343,0,0,-1,0,0,0,0,0,0,0,0,0,0,0,0,2888,0,3,41484288,0,268447752,0,0,0,-1,-1
86412,Calças Chiques,,61345,0,0,-1,0,0,0,0,0,0,0,0,0,0,0,0,2888,0,3,41484288,0,268447752,0,0,0,-1,-1
86414,Catador Magno 9000,,62268,129050,0,-1,0,0,0,0,0,0,0,0,0,0,45270,283,2888,0,3,37289984,0,0,0,0,0,-1,-1
86418,Toalha limpa?,,61349,0,0,-1,0,0,0,0,0,0,0,0,0,0,0,0,2888,0,3,41484288,0,268447752,0,0,0,-1,-1
86428,Ignição na carga,,62267,129050,0,-1,0,0,0,0,0,0,0,0,0,0,45339,283,2888,0,3,37289984,0,0,0,0,0,-1,-1
86429,Mergulho fásico: tá desamarrado,,61357,137876,0,-1,0,0,0,0,0,0,0,0,0,0,46703,109,3008,0,3,41484544,8192,0,0,0,0,-1,-1
86431,Mascareco,,62266,129050,0,-1,0,0,0,0,0,0,0,0,0,0,45342,283,2888,0,3,37289984,0,0,0,0,0,-1,-1
86447,Ataque do Devorador: Ecodomo: Primus,,61369,0,0,-1,0,0,0,0,0,0,0,0,0,0,45356,283,3007,0,3,39419968,524288,4120,0,0,0,-1,-1
86450,Tracking Quest,,61371,0,0,-1,0,0,0,0,0,0,0,0,0,0,0,0,0,0,3,36766728,0,0,0,0,0,-1,-1
86464,Ataque do Devorador: Átrio,,61385,0,0,-1,0,0,0,0,0,0,0,0,0,0,45388,283,3007,0,3,39419968,524288,4120,0,0,0,-1,-1
86465,Ataque do Devorador: Tazavesh,,61386,0,0,-1,0,0,0,0,0,0,0,0,0,0,45393,283,3007,0,3,39419968,524288,4120,0,0,0,-1,-1
86476,Memória da Alma do Mundo: primeiras guerras dos cartéis,,0,122933,0,-1,0,0,0,0,0,0,0,0,0,0,0,0,2462,0,3,36765768,0,8704,0,0,0,-1,-1
86477,Memória da Alma do Mundo: contatos imediatos com jakamita,,0,122933,0,-1,0,0,0,0,0,0,0,0,0,0,0,0,2462,0,3,36765768,0,8704,0,0,0,-1,-1
86535,Teste de teleporte,,61450,132606,0,-1,0,0,0,0,0,0,0,0,0,0,0,0,2888,0,2,39845896,0,552,0,0,0,-1,-1
86567,Tracking Quest,,61483,0,0,-1,0,0,0,0,0,0,0,0,0,0,0,0,0,0,3,36701184,128,8,0,0,0,-1,-1
86568,Tracking Quest,,61484,0,0,-1,0,0,0,0,0,0,0,0,0,0,0,0,0,0,3,36701184,128,8,0,0,0,-1,-1
86569,Tracking Quest,,61485,0,0,-1,0,0,0,0,0,0,0,0,0,0,0,0,0,0,3,36701184,128,8,0,0,0,-1,-1
86570,Tracking Quest,,61486,0,0,-1,0,0,0,0,0,0,0,0,0,0,0,0,0,0,3,36701184,128,8,0,0,0,-1,-1
86571,Tracking Quest,,61487,0,0,-1,0,0,0,0,0,0,0,0,0,0,0,0,0,0,3,36701184,128,8,0,0,0,-1,-1
86572,Tracking Quest,,61488,0,0,-1,0,0,0,0,0,0,0,0,0,0,0,0,0,0,3,36701184,128,8,0,0,0,-1,-1
86573,Tracking Quest,,61489,0,0,-1,0,0,0,0,0,0,0,0,0,0,0,0,0,0,3,36701184,128,8,0,0,0,-1,-1
86584,Derrote-os com folga obrigatória,,61498,137876,0,-1,0,0,0,0,0,0,0,0,0,0,45446,109,3008,0,3,37290240,8192,0,84967,0,0,-1,-1
86610,Nem Caos nem noite,,61522,137876,0,-1,0,0,0,0,0,0,0,0,0,0,45461,109,3008,0,3,37290240,0,512,84967,0,0,-1,-1
86645,Hidden Quest [DNT],,61553,0,0,-1,65536,0,0,0,0,0,0,0,0,0,0,265,3321,0,3,41484288,0,8200,93061,0,0,-1,-1
86696,Reperturbação sombria,,61591,137876,0,-1,0,0,0,0,0,0,0,0,0,0,45526,109,3008,0,3,37290240,8192,0,85037,0,0,-1,-1
86707,Ressurgência da Guarda Sombria,,61602,137876,0,-1,0,0,0,0,0,0,0,0,0,0,47755,109,3008,0,3,37290240,8192,512,84967,0,0,-1,-1
86709,Mana caindo do céu,,61604,137876,0,-1,0,0,0,0,0,0,0,0,0,0,45536,109,3008,0,3,41484544,8192,0,85037,0,0,-1,-1
86728,Operação: Comporta: Jogando o lixo fora,,61623,135171,0,-1,0,0,0,0,0,0,0,0,0,0,0,81,2718,0,2,36700424,0,512,0,0,0,-1,-1
86800,Arremate,,61686,137876,0,-1,0,0,0,0,0,0,0,0,0,0,45648,109,3008,0,3,37290240,8192,512,0,0,0,-1,-1
86810,Colheita do Caos,,61696,139380,0,-1,0,0,0,0,0,0,0,0,0,0,50662,0,4311,0,2,40894472,8192,268435968,0,0,0,-1,-1
86817,Covil dos Afogados,,61712,0,0,-1,0,0,0,0,0,0,0,0,0,0,0,0,3004,0,3,2098176,0,268435464,0,0,0,-1,-1
86821,Mergulho fásico: sem rumo e sem saúde,,61719,137876,0,-1,0,0,0,0,0,0,0,0,0,0,45675,109,3008,0,3,41484544,8192,0,0,0,0,-1,-1
86822,Uma última relíquia,,61720,0,0,-1,0,0,0,0,0,0,0,0,0,0,0,0,3088,0,2,37748744,8192,512,89338,0,0,-1,-1
86823,A horda sombria,,61721,0,0,-1,0,0,0,0,0,0,0,0,0,0,0,0,3088,0,2,38797320,4202496,512,86822,0,0,-1,-1
86824,Não sobrará nenhum de pé,,61722,0,0,-1,0,0,0,0,0,0,0,0,0,239130,0,0,3088,0,2,38797320,4202496,512,86822,0,0,-1,-1
86825,"Serviçal grato, causa ingrata",,61723,0,0,-1,0,0,0,0,0,0,0,0,0,0,0,0,3088,0,2,38797320,4202496,512,86822,0,0,-1,-1
86826,"Nagosh, o Marcado",,61724,0,0,-1,0,0,0,0,0,0,0,0,0,0,0,0,3088,0,2,38797320,0,512,91391,0,0,-1,-1
86827,Reconhecimento devido,,61725,0,0,-1,0,0,0,0,0,0,0,0,0,0,0,0,3088,0,2,40894472,0,512,91391,0,0,-1,-1
86828,Mais que um matador de troll,,61726,0,0,-1,5,0,0,0,0,0,0,0,0,0,0,0,3088,0,2,38797320,2,512,86826,86827,91842,-1,-1
86829,À sombra da estátua,,61727,0,0,-1,1,0,0,0,0,0,0,0,0,0,0,0,3088,0,2,37748744,4,512,86830,86831,0,-1,-1
86830,Uma verdadeira horda da Horda Sombria,,61728,0,0,-1,0,0,0,0,0,0,0,0,0,0,0,0,3088,0,2,38797320,4202496,512,86828,0,0,-1,-1
86831,Guerreiros à deriva,,61729,0,0,-1,0,0,0,0,0,0,0,0,0,0,0,0,3088,0,2,38797320,4202496,512,86828,0,0,-1,-1
86832,Uma forja à altura,,61730,0,0,-1,0,0,0,0,0,0,0,0,61731,0,0,0,3088,0,2,55574536,4202496,512,91726,0,0,-1,-1
86833,Um baluarte reconstruído,,61731,0,0,-1,0,0,0,0,0,0,0,0,0,0,0,0,3088,0,2,37748744,8196,524800,91726,0,0,-1,-1
86837,Encontro na Nascente do Sol,,61735,0,0,-1,0,0,0,0,0,0,0,0,0,0,0,0,3088,0,2,40894472,4194304,512,89193,0,0,-1,-1
86838,Renovação para os exaustos,,61736,0,0,-1,0,0,0,0,0,0,0,0,0,237811,0,0,3088,0,2,309461000,4194304,512,86837,0,0,-1,-1
86839,Relíquias da Esperança da Luz,,61737,0,0,-1,0,0,0,0,0,0,0,0,0,0,0,0,3088,0,2,40894472,8192,512,86838,0,0,-1,-1
86840,Esperança bruxuleante,,61738,0,0,-1,0,0,0,0,0,0,0,0,0,0,0,0,3088,0,2,40894472,4202496,512,86839,0,0,-1,-1
86841,Relíquias do passado paladino,,61739,0,0,-1,0,0,0,0,0,0,0,0,0,0,0,0,3088,0,2,40894472,4202496,512,86840,0,0,-1,-1
86842,Poder escarlate,,61740,0,0,-1,1,0,0,0,0,0,0,0,0,0,0,0,3088,0,2,36700168,4202496,512,86840,86841,0,-1,-1
86843,Luz maltratada,,61741,0,0,-1,0,0,0,0,0,0,0,0,0,0,0,0,3088,0,2,40894472,8192,512,86842,0,0,-1,-1
86844,Luz reorientada,,61742,0,0,-1,0,0,0,0,0,0,0,0,0,0,0,0,3088,0,2,40894472,8192,512,86842,0,0,-1,-1
86845,O caminho do Andarilho do Sol,,61743,0,0,-1,0,0,0,0,0,0,0,0,0,0,0,0,3088,0,2,40894472,8192,512,86902,0,0,-1,-1
86846,Fornecendo aos fornecedores,,61744,0,0,-1,0,0,0,0,0,0,0,0,0,0,0,0,3088,0,2,40894472,0,512,86845,0,0,-1,-1
86869,Mergulho fásico: sabotadores de Shan'dorah,,61768,137876,0,-1,0,0,0,0,0,0,0,0,0,0,45668,109,3008,0,3,41484544,8192,0,0,0,0,-1,-1
86872,Mergulho fásico: extermínio experimental,,61770,137876,0,-1,0,0,0,0,0,0,0,0,0,0,45670,109,3008,0,3,41484544,8192,0,0,0,0,-1,-1
86874,Eliminando a Luz,,61772,137402,0,-1,0,0,0,0,0,0,0,0,0,0,0,0,3087,0,3,37289984,0,0,0,0,0,-1,-1
86902,Relíquias regressas,,61800,0,0,-1,1,0,0,0,0,0,0,0,0,0,0,0,3088,0,2,37748744,4194304,512,86843,86844,0,-1,-1
86903,Arcantina,,61801,0,0,-1,0,0,0,0,0,0,0,0,0,248131,0,0,3088,0,2,309461000,4194304,1049088,86833,0,0,-1,-1
86909,Espíritos inquietos,,61807,0,0,-1,0,0,0,0,0,0,0,0,0,0,3785,0,3087,0,2,41484288,8192,512,0,0,0,-1,-1
86938,Perfurações do Caos,,61836,142958,0,-1,0,0,0,0,0,0,0,0,0,0,49791,109,3098,0,3,37290240,0,512,0,0,0,-1,-1
86939,Cunha do crepúsculo,,61837,142958,0,-1,0,0,0,0,0,0,0,0,0,235663,49792,109,3098,0,3,37290240,0,512,0,0,0,-1,-1
86941,Infusão elemental,,61839,142958,0,-1,0,0,0,0,0,0,0,0,0,0,49793,109,3098,0,3,37290240,0,512,0,0,0,-1,-1
86943,Vai fundo,,61841,129748,0,-1,0,0,0,0,0,0,0,0,0,0,45708,115,2888,0,3,37290240,0,0,0,0,0,-1,-1
86945,Suprimentos à sombra,,61843,142958,0,-1,0,0,0,0,0,0,0,0,0,0,49794,109,3098,0,3,37290240,0,512,0,0,0,-1,-1
86947,"Tamanico, preção, letal",,61845,129748,0,-1,0,0,0,0,0,0,0,0,0,0,45709,115,2888,0,3,37290240,0,0,0,0,0,-1,-1
86948,Vínculos crepusculares,,61846,142958,0,-1,0,0,0,0,0,0,0,0,0,0,49795,109,3098,0,3,37290240,0,512,0,0,0,-1,-1
86949,Companheiros leais,,61847,129748,0,-1,0,0,0,0,0,0,0,0,0,0,45710,115,2888,0,3,37290240,0,0,0,0,0,-1,-1
86951,Ascendidos em descensão,,61848,142958,0,-1,0,0,0,0,0,0,0,0,0,0,49796,109,3098,0,3,37290240,0,512,0,0,0,-1,-1
86952,Se achega na cascuda,,61849,129748,0,-1,0,0,0,0,0,0,0,0,0,0,45711,115,2888,0,3,37290240,0,0,0,0,0,-1,-1
86957,Vingança de Drakgor,,61851,142958,0,-1,0,0,0,0,0,0,0,0,0,0,49797,109,3098,0,3,37290240,0,512,0,0,0,-1,-1
86959,Prisioneiros Olho de Sangue,,61853,142958,0,-1,0,0,0,0,0,0,0,0,0,0,49798,109,3098,0,3,37290240,0,512,0,0,0,-1,-1
86996,Escuridão,,61888,0,0,-1,0,0,0,0,0,0,0,0,0,0,0,0,3084,0,3,36700160,0,0,86536,0,0,-1,-1
87001,Mandado: Estilhapulso,,64886,139388,0,-1,131073,0,0,0,0,0,0,0,0,0,0,0,3008,0,2,40960000,8192,268435976,87405,90807,0,-1,-1
87007,Gallagio Garbage,,61894,0,0,-1,0,0,0,0,0,0,0,0,0,0,0,0,2860,0,3,37295104,0,8,0,0,0,-1,-1
87308,A aurora do crepúsculo,,62190,142958,0,-1,0,0,0,0,0,0,0,0,0,0,0,284,3098,0,2,36732936,0,520,0,0,0,-1,-1
87327,Resiliência de desafiante,,62207,134280,0,-1,0,0,0,0,0,0,0,0,0,0,0,282,2888,0,2,36700160,0,268435969,0,0,0,-1,-1
87342,Reverencie a chama,Reverencie a Fogueira na Ilha de Dorn.,62217,9484,0,-1,0,0,0,0,0,0,0,0,0,0,0,0,394,0,2,2097152,0,512,0,0,0,-1,-1
87343,Mandado: Terrora,,64884,139388,0,-1,131073,0,0,0,0,0,0,0,0,0,0,0,3008,0,2,7405568,8192,268435976,87001,90807,0,-1,-1
87344,Uma ameaça-chave,,64299,145662,0,-1,0,0,0,0,0,0,0,0,0,0,0,0,3008,0,2,40894464,8192,268435976,0,0,0,-1,-1
87345,"Mandado: Xy'vox, o Perverso",,64887,139388,0,-1,65536,0,0,0,0,0,0,0,0,0,0,0,3008,0,2,39911424,8192,268435976,90807,0,0,-1,-1
87348,Tracking Quest,,62220,0,0,-1,0,0,0,0,0,0,0,0,0,0,0,0,3008,0,3,37848072,8192,0,0,0,0,-1,-1
87350,Abundância: Covil Urdiloa,,0,136693,0,-1,0,0,0,0,0,0,0,0,0,0,0,0,3321,0,3,36765768,0,270848,0,0,0,-1,-1
87351,Tracking Quest,,62221,0,0,-1,0,0,0,0,0,0,0,0,0,0,0,0,0,0,3,36766728,0,0,0,0,0,-1,-1
87354,"Reshanor, o Desprendido",,62224,137876,0,-1,0,0,0,0,0,0,0,0,0,0,0,289,3009,0,3,37323072,0,8,0,0,0,-1,-1
87355,Reverencie a chama,Reverencie a Fogueira em Pouso Santo.,62225,9484,0,-1,0,0,0,0,0,0,0,0,0,0,0,0,394,0,2,2097152,0,512,0,0,0,-1,-1
87356,Reverencie a chama,Reverencie a Fogueira em Azj-Kahet.,62226,9484,0,-1,0,0,0,0,0,0,0,0,0,0,0,0,394,0,2,2097152,0,512,0,0,0,-1,-1
87357,Reverencie a chama,Reverencie a Fogueira no Fosso Ressonante.,62227,9484,0,-1,0,0,0,0,0,0,0,0,0,0,0,0,394,0,2,2097152,0,512,0,0,0,-1,-1
87375,Tracking Quest,,62241,0,0,-1,0,0,0,0,0,0,0,0,0,0,0,0,0,0,3,36766728,0,0,0,0,0,-1,-1
87546,Mandado: Turfa Roxa,,64885,139388,0,-1,131073,0,0,0,0,0,0,0,0,0,0,0,3008,0,2,40960000,8192,268435976,87345,90807,0,-1,-1
87569,Intervalo obrigatório por lei,,62415,0,0,-1,0,0,0,0,0,0,0,0,0,0,0,0,2888,0,3,41484288,8192,268447752,0,0,0,-1,-1
87582,Imersões: sítio da loucura,,62428,135171,0,-1,0,0,0,0,0,0,0,0,0,0,0,288,2888,0,2,36700424,0,512,0,0,0,-1,-1
87583,Imersões: arrasa o ralo,,62429,135171,0,-1,0,0,0,0,0,0,0,0,0,0,0,288,2888,0,2,36700424,0,512,0,0,0,-1,-1
87588,Hora da descarga,,62434,0,0,-1,0,0,0,0,0,0,0,0,0,0,0,0,2888,0,3,41484288,0,268447752,0,0,0,-1,-1
87759,Caos encapsulado,,62477,139380,0,-1,0,0,0,0,0,0,0,0,0,0,49745,113,3313,0,3,6881536,8192,512,0,0,0,-1,-1
88679,Encontro com o inesperado,,63395,139380,0,-1,0,0,0,0,0,0,0,0,0,0,49751,113,3313,0,3,6881536,8192,512,0,0,0,-1,-1
88771,Alfas Urdiloas!,,0,136693,0,-1,0,0,0,0,0,0,0,0,0,0,0,0,3321,0,3,41484288,8192,512,0,0,0,-1,-1
88772,Vestígios de mamute!,,0,136693,0,-1,0,0,0,0,0,0,0,0,0,0,0,0,3321,0,3,41484288,8192,512,0,0,0,-1,-1
88774,Sem energia,,63458,137876,0,-1,0,0,0,0,0,0,0,0,0,0,46223,109,3008,0,3,41484544,8192,0,0,0,0,-1,-1
88804,Derrote o Minárido!,,0,136693,0,-1,0,0,0,0,0,0,0,0,0,0,0,0,3321,0,3,41484288,8192,512,0,0,0,-1,-1
88818,Varre-Caos,,63482,137876,0,-1,0,0,0,0,0,0,0,0,0,0,46237,109,3008,0,3,41484544,8192,0,0,0,0,-1,-1
88902,Mergulho fásico: almas inquietas,,63564,137876,0,-1,0,0,0,0,0,0,0,0,0,0,46279,109,3008,0,3,41484544,8192,0,0,0,0,-1,-1
88904,Mergulho fásico: pode ser qualquer coisa,,63566,137876,0,-1,0,0,0,0,0,0,0,0,0,0,46282,109,3008,0,3,41484544,8192,0,0,0,0,-1,-1
88992,Maestria idealizada,,63651,139380,0,-1,0,0,0,0,0,0,0,0,0,0,49748,113,3313,0,3,6881536,8192,512,0,0,0,-1,-1
89018,Fidelização: prata,,63677,132350,0,-1,0,0,0,0,0,0,0,0,0,0,0,0,2832,0,0,39845888,8320,520,0,0,0,-1,-1
89241,Tudo em cima,,63897,137876,0,-1,0,0,0,0,0,0,0,0,0,0,46627,113,2888,0,3,6881536,8192,0,0,0,0,-1,-1
89251,Temperatura máxima!,,63906,132358,0,-1,0,0,0,0,0,0,0,0,0,0,0,0,2832,0,0,39845888,8320,520,0,0,0,-1,-1
89252,Ligando na chupeta,,63907,132352,0,-1,0,0,0,0,0,0,0,0,0,0,0,0,2832,0,0,39845888,8320,520,0,0,0,-1,-1
89267,Entidade misteriosa,,63916,139380,0,-1,0,0,0,0,0,0,0,0,0,0,49744,113,3313,0,3,6881536,8192,512,0,0,0,-1,-1
89274,Espelho feio,,63923,137876,0,-1,0,0,0,0,0,0,0,0,0,0,46761,109,3008,0,3,41484544,8192,0,0,0,0,-1,-1
89288,Mergulho fásico: Quebra-fenda Tza'akir,,63937,137876,0,-1,0,0,0,0,0,0,0,0,0,0,46764,109,3008,0,3,41484544,8192,0,0,0,0,-1,-1
89289,Admiração da corte,,63938,142445,0,-1,0,0,0,0,0,0,0,0,0,0,0,0,3321,0,2,573603840,0,512,0,0,0,-1,-1
89291,Mergulho fásico: Quebra-jura Desamirah,,63940,137876,0,-1,0,0,0,0,0,0,0,0,0,0,46765,109,3008,0,3,41484544,8192,0,0,0,0,-1,-1
89293,Designação especial: ofuscação,,63942,137876,0,-1,0,0,0,0,0,0,0,0,0,0,46766,286,3008,0,3,41484544,8192,0,91193,0,0,-1,-1
89294,Designação especial: perspectivas alinhadas,,63943,137876,0,-1,0,0,0,0,0,0,0,0,0,0,46767,286,3008,0,3,41484544,8192,0,91203,0,0,-1,-1
89338,Arados à obra,,63988,0,0,-1,1,0,0,0,0,0,0,0,0,0,0,0,3088,0,2,40894472,0,512,86846,91000,0,-1,-1
89347,Superando o desconhecido: Andarilho Repleto de Raiva,,63997,139380,0,-1,0,0,0,0,0,0,0,0,0,0,49749,278,3313,0,3,6881536,8192,512,0,0,0,-1,-1
89377,Caçada furtiva,,64024,139380,0,-1,0,0,0,0,0,0,0,0,0,0,49746,113,3313,0,3,6881536,8192,0,0,0,0,-1,-1
89440,Protegendo os flancos,,64090,137464,0,-1,0,0,0,0,0,0,0,0,0,0,0,0,3592,0,3,34275328,0,268435968,86807,0,0,-1,-1
89441,Esvaziando o convés,,64091,138053,0,-1,0,0,0,0,0,0,0,0,0,0,0,0,3592,0,3,34275328,0,268435968,0,0,0,-1,-1
89476,Pesquisa Infinita,,0,137527,0,-1,0,0,0,0,0,0,0,0,0,0,0,284,3382,0,3,104333312,0,4203016,0,0,0,-1,-1
89490,Mandado: Arcaneiro So'zer,,64882,139388,0,-1,131073,0,0,0,0,0,0,0,0,0,0,0,3008,0,2,39911424,8192,268435976,87343,90807,0,-1,-1
89569,Necrohexxer Raz'ka,,64215,0,0,-1,0,0,0,0,0,0,0,0,0,0,0,0,4282,0,3,34149632,0,8,0,0,0,-1,-1
89570,The Snapping Scourge,,64216,0,0,-1,0,0,0,0,0,0,0,0,0,0,0,0,4282,0,3,34149632,0,8,0,0,0,-1,-1
89571,Skullcrusher Harak,,64217,0,0,-1,0,0,0,0,0,0,0,0,0,0,0,0,4282,0,3,34149632,0,8,0,0,0,-1,-1
89572,Elder Oaktalon,,64218,0,0,-1,0,0,0,0,0,0,0,0,0,0,0,0,4282,0,3,34149632,0,8,0,0,0,-1,-1
89573,Depthborn Eelamental,,64219,0,0,-1,0,0,0,0,0,0,0,0,0,0,0,0,4282,0,3,34149632,0,8,0,0,0,-1,-1
89575,Lightwood Borer,,64221,0,0,-1,0,0,0,0,0,0,0,0,0,0,0,0,4281,0,3,34149632,0,8,0,0,0,-1,-1
89577,Unleashed Tempest,,64223,0,0,-1,0,0,0,0,0,0,0,0,0,0,0,0,4281,0,3,34149632,0,8,0,0,0,-1,-1
89578,Spinefrill,,64224,0,0,-1,0,0,0,0,0,0,0,0,0,0,0,0,4281,0,3,34149632,0,8,0,0,0,-1,-1
89579,Oophaga,,64225,0,0,-1,0,0,0,0,0,0,0,0,0,0,0,0,4281,0,3,34149632,0,8,0,0,0,-1,-1
89580,Tiny Vermin,,64226,0,0,-1,0,0,0,0,0,0,0,0,0,0,0,0,4281,0,3,34149632,0,8,0,0,0,-1,-1
89581,Voidtouched Crustacean,,64227,0,0,-1,0,0,0,0,0,0,0,0,0,0,0,0,4281,0,3,34149632,0,8,0,0,0,-1,-1
89583,The Devouring Invader,,64228,0,0,-1,0,0,0,0,0,0,0,0,0,0,0,0,4281,0,3,34149632,0,8,0,0,0,-1,-1
90128,Meliantes Baras!,,0,136693,0,-1,0,0,0,0,0,0,0,0,0,0,0,0,3321,0,3,41484288,8192,512,0,0,0,-1,-1
90467,Contos do céu,,64321,148400,0,-1,0,0,0,0,0,0,0,0,0,0,0,0,3087,0,2,40894472,8192,512,0,0,0,-1,-1
90488,M.A.G.N.O.,,64342,0,0,-1,0,0,0,0,0,0,0,0,0,0,0,0,2860,0,3,34178048,0,8,0,0,0,-1,-1
90489,Giovante,,64343,0,0,-1,0,0,0,0,0,0,0,0,0,0,0,0,2860,0,3,34178048,0,8,0,0,0,-1,-1
90490,Voltstrike,,64344,0,0,-1,0,0,0,0,0,0,0,0,0,0,0,0,2860,0,3,34178048,0,8,0,0,0,-1,-1
90491,Scrapchewer,,64345,0,0,-1,0,0,0,0,0,0,0,0,0,0,0,0,2860,0,3,34178048,0,8,0,0,0,-1,-1
90492,Darkfuse Precipitant,,64346,0,0,-1,0,0,0,0,0,0,0,0,0,0,0,0,2860,0,3,34178048,0,8,0,0,0,-1,-1
90533,Vai buscar a Orweyna!,,64611,148399,0,-1,0,0,0,0,0,0,0,0,0,0,0,0,3087,0,2,41025544,0,1049088,0,0,0,-1,-1
90536,A lenda da Proteção de Wey'nan,,64614,136537,0,-1,0,0,0,0,0,0,0,0,0,0,0,0,3087,0,3,41484352,8192,12800,0,0,0,-1,-1
90583,Shadowhowl,,64664,0,0,-1,0,0,0,0,0,0,0,0,0,0,0,0,2860,0,3,34149376,0,8,0,0,0,-1,-1
90584,Xarran the Binder,,64665,0,0,-1,0,0,0,0,0,0,0,0,0,0,0,0,2860,0,3,34149376,0,8,0,0,0,-1,-1
90585,Sha'ryth the Cursed,,64666,0,0,-1,0,0,0,0,0,0,0,0,0,0,0,0,2860,0,3,34149376,0,8,0,0,0,-1,-1
90586,Korgorath the Ravager,,64667,0,0,-1,0,0,0,0,0,0,0,0,0,0,0,0,2860,0,3,34149376,0,8,0,0,0,-1,-1
90587,"""Chowdar""",,64668,0,0,-1,0,0,0,0,0,0,0,0,0,0,0,0,2860,0,3,34149376,0,8,0,0,0,-1,-1
90588,Morgil the Netherspawn,,64669,0,0,-1,0,0,0,0,0,0,0,0,0,0,0,0,2860,0,3,34149376,0,8,0,0,0,-1,-1
90589,The Nightreaver,,64670,0,0,-1,0,0,0,0,0,0,0,0,0,0,0,0,2860,0,3,34149376,0,8,0,0,0,-1,-1
90590,Prototype Mk-V,,64671,0,0,-1,0,0,0,0,0,0,0,0,0,0,0,0,2860,0,3,34149376,0,8,0,0,0,-1,-1
90591,Revenant of the Wasteland,,64672,0,0,-1,0,0,0,0,0,0,0,0,0,0,0,0,2860,0,3,34149376,0,8,0,0,0,-1,-1
90592,Stalker of the Wastes,,64673,0,0,-1,0,0,0,0,0,0,0,0,0,0,0,0,2860,0,3,34149376,0,8,0,0,0,-1,-1
90593,Urmag,,64674,0,0,-1,0,0,0,0,0,0,0,0,0,0,0,0,2860,0,3,34149376,0,8,0,0,0,-1,-1
90594,Maw of the Sands,,64675,0,0,-1,0,0,0,0,0,0,0,0,0,0,0,0,2860,0,3,34178048,0,8,0,0,0,-1,-1
90595,Orith the Dreadful,,64676,0,0,-1,0,0,0,0,0,0,0,0,0,0,0,0,2860,0,3,34178048,0,8,0,0,0,-1,-1
90596,Ixthar the Unblinking,,64677,0,0,-1,0,0,0,0,0,0,0,0,0,0,0,0,2860,0,3,34178048,0,8,0,0,0,-1,-1
90663,Roubar o que é nosso,,64744,138496,0,-1,0,0,0,0,0,0,0,0,0,0,0,0,3008,0,2,39845896,8192,520,0,0,0,-1,-1
90672,Xarran the Binder,,64753,0,0,-1,0,0,0,0,0,0,0,0,0,0,0,0,2860,0,3,34178048,128,8,0,0,0,-1,-1
90673,Sha'ryth the Cursed,,64754,0,0,-1,0,0,0,0,0,0,0,0,0,0,0,0,2860,0,3,34178048,128,8,0,0,0,-1,-1
90674,Shadowhowl,,64755,0,0,-1,0,0,0,0,0,0,0,0,0,0,0,0,2860,0,3,34178048,128,8,0,0,0,-1,-1
90675,Korgorath the Ravager,,64756,0,0,-1,0,0,0,0,0,0,0,0,0,0,0,0,2860,0,3,34178048,128,8,0,0,0,-1,-1
90676,"""Chowdar""",,64757,0,0,-1,0,0,0,0,0,0,0,0,0,0,0,0,2860,0,3,34178048,128,8,0,0,0,-1,-1
90677,Morgil the Netherspawn,,64758,0,0,-1,0,0,0,0,0,0,0,0,0,0,0,0,2860,0,3,34178048,128,8,0,0,0,-1,-1
90678,The Nightreaver,,64759,0,0,-1,0,0,0,0,0,0,0,0,0,0,0,0,2860,0,3,34178048,128,8,0,0,0,-1,-1
90679,Prototype Mk-V,,64760,0,0,-1,0,0,0,0,0,0,0,0,0,0,0,0,2860,0,3,34178048,128,8,0,0,0,-1,-1
90680,Revenant of the Wasteland,,64761,0,0,-1,0,0,0,0,0,0,0,0,0,0,0,0,2860,0,3,34178048,128,8,0,0,0,-1,-1
90681,Stalker of the Wastes,,64762,0,0,-1,0,0,0,0,0,0,0,0,0,0,0,0,2860,0,3,34178048,128,8,0,0,0,-1,-1
90682,Urmag,,64763,0,0,-1,0,0,0,0,0,0,0,0,0,0,0,0,2860,0,3,34178048,128,8,0,0,0,-1,-1
90683,Maw of the Sands,,64764,0,0,-1,0,0,0,0,0,0,0,0,0,0,0,0,2860,0,3,34178048,128,8,0,0,0,-1,-1
90684,Orith the Dreadful,,64765,0,0,-1,0,0,0,0,0,0,0,0,0,0,0,0,2860,0,3,34178048,128,8,0,0,0,-1,-1
90685,Ixthar the Unblinking,,64766,0,0,-1,0,0,0,0,0,0,0,0,0,0,0,0,2860,0,3,34178048,128,8,0,0,0,-1,-1
90687,Shatterpulse,,64768,0,0,-1,0,0,0,0,0,0,0,0,0,0,0,0,2860,0,3,34178048,0,8,0,0,0,-1,-1
90688,Shatterpulse,,64769,0,0,-1,0,0,0,0,0,0,0,0,0,0,0,0,2860,0,3,34178048,128,8,0,0,0,-1,-1
90689,Hollowbane,,64770,0,0,-1,0,0,0,0,0,0,0,0,0,0,0,0,2860,0,3,34178048,0,8,0,0,0,-1,-1
90691,Hollowbane,,64772,0,0,-1,0,0,0,0,0,0,0,0,0,0,0,0,2860,0,3,34178048,128,8,0,0,0,-1,-1
90692,Purple Peat,,64773,0,0,-1,0,0,0,0,0,0,0,0,0,0,0,0,2860,0,3,34178048,0,8,0,0,0,-1,-1
90693,Purple Peat,,64774,0,0,-1,0,0,0,0,0,0,0,0,0,0,0,0,2860,0,3,34178048,128,8,0,0,0,-1,-1
90694,Xy'vox the Twisted,,64775,0,0,-1,0,0,0,0,0,0,0,0,0,0,0,0,2860,0,3,34178048,0,8,0,0,0,-1,-1
90695,Xy'vox the Twisted,,64776,0,0,-1,0,0,0,0,0,0,0,0,0,0,0,0,2860,0,3,34178048,128,8,0,0,0,-1,-1
90696,Arcana-Monger Iz'zer,,64777,0,0,-1,0,0,0,0,0,0,0,0,0,0,0,0,2860,0,3,34178048,0,8,0,0,0,-1,-1
90697,Arcana-Monger Iz'zer,,64778,0,0,-1,0,0,0,0,0,0,0,0,0,0,0,0,2860,0,3,34178048,128,8,0,0,0,-1,-1
90698,Grubber,,64779,0,0,-1,0,0,0,0,0,0,0,0,0,0,0,0,2860,0,3,34178048,0,8,0,0,0,-1,-1
90699,Grubber,,64780,0,0,-1,0,0,0,0,0,0,0,0,0,0,0,0,2860,0,3,34178048,128,8,0,0,0,-1,-1
90725,Tracking Quest,,64802,0,0,-1,0,0,0,0,0,0,0,0,0,0,0,0,3008,0,3,33559816,0,8,0,0,0,-1,-1
90729,Bom para todo mundo,,64803,137876,0,-1,131073,0,0,0,0,0,0,0,0,0,0,0,3008,0,2,39845888,8192,520,90663,90725,0,-1,-1
90733,Ouvinte,,64806,146720,0,-1,0,0,0,0,0,0,0,0,0,0,0,0,3087,0,2,36700168,0,524800,0,0,0,-1,-1
90734,Em nome da Deusa,,64807,146721,0,-1,0,0,0,0,0,0,0,0,0,0,0,0,3087,0,2,36700168,0,512,90733,0,0,-1,-1
90741,Mais uma vez fenda adentro,,64814,146722,0,-1,0,0,0,0,0,0,0,0,0,0,0,0,3087,0,2,40894472,4194304,524800,90740,0,0,-1,-1
90747,O bucéfazul errado,,64820,137876,0,-1,131073,0,0,0,0,0,0,0,0,0,0,0,3008,0,2,39845888,8192,520,90729,90725,0,-1,-1
90769,Tudo azul,,64838,137876,0,-1,0,0,0,0,0,0,0,0,0,0,0,0,3008,0,2,40894464,8192,520,90770,0,0,-1,-1
90770,O trambique,,64839,137876,0,-1,131073,0,0,0,0,0,0,0,0,0,0,0,3008,0,2,39845888,8192,520,90773,90725,0,-1,-1
90773,Negócios da carne,,64841,137876,0,-1,131073,0,0,0,0,0,0,0,0,0,0,0,3008,0,2,39845888,8192,520,90747,90725,0,-1,-1
90805,Sundereth the Caller,,64873,0,0,-1,0,0,0,0,0,0,0,0,0,0,0,0,4284,0,3,34149632,0,8,0,0,0,-1,-1
90849,Show de luzes,,64921,137464,0,-1,0,0,0,0,0,0,0,0,0,0,0,0,3592,0,3,34275328,0,268435968,86807,0,0,-1,-1
90889,A lenda dos Ecos de Sai'alya,,64959,140215,0,-1,0,0,0,0,0,0,0,0,0,0,0,0,3087,0,3,41484288,8192,8704,0,0,0,-1,-1
90957,Dia da Iniciação,,65023,148993,0,-1,0,0,0,0,0,0,0,0,0,0,0,0,863,0,2,40894464,8192,520,0,0,0,-1,-1
90958,Raízes acima de tudo,,65024,0,0,-1,0,0,0,0,0,0,0,0,0,0,0,0,863,0,2,40894464,8192,9437704,90957,0,0,-1,-1
90959,Deveres tradicionais,,65025,0,0,-1,0,0,0,0,0,0,0,0,0,0,0,0,863,0,2,40894464,8192,520,90958,0,0,-1,-1
90960,"Minha história, meu legado",,65026,0,0,-1,0,0,0,0,0,0,0,0,0,0,0,0,863,0,2,40894464,8192,520,90959,0,0,-1,-1
90961,Estranho numa nova terra,,65027,0,0,-1,0,0,0,0,0,0,0,0,0,0,0,0,863,0,2,40894464,8192,520,90960,0,0,-1,-1
90962,Assalto a Tempestrião,,65028,150461,0,-1,0,0,0,0,0,0,0,0,0,0,0,136,4311,0,3,37847368,8256,268435976,0,0,0,-1,-1
90995,O futuro do Martelo Vil,,65060,0,0,2048,0,0,0,0,0,0,0,0,0,0,0,0,3380,0,2,577765376,10496,268435976,89418,0,0,-1,-1
90999,Quest Tracking,,65064,0,0,-1,0,0,0,0,0,0,0,0,0,0,0,0,0,0,3,36701184,0,8,0,0,0,-1,-1
91000,Simples ajudante,,65065,0,0,-1,0,0,0,0,0,0,0,0,0,0,0,0,3088,0,2,40894472,0,512,86845,0,0,-1,-1
91040,Ramatorpe incômodos,,65102,140183,0,-1,0,0,0,0,0,0,0,0,0,0,0,0,3086,0,3,37290240,0,33280,0,0,0,-1,-1
91047,Eruundi,,65109,0,0,-1,0,0,0,0,0,0,0,0,0,0,0,0,4284,0,3,34149632,0,8,0,0,0,-1,-1
91048,Tremora,,65110,0,0,-1,0,0,0,0,0,0,0,0,0,0,0,0,4284,0,3,34149632,0,8,0,0,0,-1,-1
91050,Territorial Voidscythe,,65112,0,0,-1,0,0,0,0,0,0,0,0,0,0,0,0,4284,0,3,34149632,0,8,0,0,0,-1,-1
91051,Nightbrood,,65113,0,0,-1,0,0,0,0,0,0,0,0,0,0,0,0,4284,0,3,34149632,0,8,0,0,0,-1,-1
91061,Caos Infinito,,65121,140308,0,-1,0,0,0,0,0,0,0,0,0,246808,0,282,4468,0,2,305135624,0,520,0,0,0,-1,-1
91072,The Decaying Diamondback,,65129,0,0,-1,0,0,0,0,0,0,0,0,0,0,0,0,4281,0,3,34149632,0,8,0,0,0,-1,-1
91073,Ash'an the Empowered,,65130,0,0,-1,0,0,0,0,0,0,0,0,0,0,0,0,4281,0,3,34149632,0,8,0,0,0,-1,-1
91093,Não é só uma fase,,65150,146031,0,-1,0,0,0,0,0,0,0,0,0,0,0,0,4159,0,2,36733192,0,512,89345,0,0,-1,-1
91174,Mrrlokk,,65231,0,0,-1,0,0,0,0,0,0,0,0,0,0,0,0,4282,0,3,34149632,0,8,0,0,0,-1,-1
91194,Malek'ta the Jaws of Oblivion,,65251,0,0,-1,0,0,0,0,0,0,0,0,0,0,0,0,2860,0,3,34149632,0,8,0,0,0,-1,-1
91195,"Heka'tamos, the Elemental Disjunction",,65252,0,0,-1,0,0,0,0,0,0,0,0,0,0,0,0,2860,0,3,34149632,0,8,0,0,0,-1,-1
91207,Presa: Predador-alfa,,65261,141752,0,-1,0,0,0,0,0,0,0,0,0,0,50714,295,5224,0,3,41484544,8192,0,0,0,0,-1,-1
91273,Tracking Quest,,65327,0,0,-1,0,0,0,0,0,0,0,0,0,0,0,0,0,0,3,36701184,128,8,0,0,0,-1,-1
91275,Malek'ta,,65329,0,0,-1,0,0,0,0,0,0,0,0,0,0,0,0,2860,0,3,34149376,0,8,0,0,0,-1,-1
91276,Heka'tamos,,65330,0,0,-1,0,0,0,0,0,0,0,0,0,0,0,0,2860,0,3,34149376,0,8,0,0,0,-1,-1
91286,Korgoth the Hungerer,,65339,0,0,-1,0,0,0,0,0,0,0,0,0,0,0,0,2860,0,3,34178048,0,8,0,0,0,-1,-1
91287,Soroth Miasmawrath,,65340,0,0,-1,0,0,0,0,0,0,0,0,0,0,0,0,2860,0,3,34178048,0,8,0,0,0,-1,-1
91289,The Harvester,,65342,0,0,-1,0,0,0,0,0,0,0,0,0,0,0,0,2860,0,3,34178048,0,8,0,0,0,-1,-1
91290,The Wallbreaker,,65343,0,0,-1,0,0,0,0,0,0,0,0,0,0,0,0,2860,0,3,34178048,0,8,0,0,0,-1,-1
91293,Sthaarbs,,65346,0,0,-1,0,0,0,0,0,0,0,0,0,0,0,0,2860,0,3,34178048,0,8,0,0,0,-1,-1
91297,Florráptores de petaloa!,,0,136693,0,-1,0,0,0,0,0,0,0,0,0,0,0,0,3321,0,3,41484288,8192,512,0,0,0,-1,-1
91299,Flores de petaloa!,,0,136693,0,-1,0,0,0,0,0,0,0,0,0,0,0,0,3321,0,3,41484288,8192,512,0,0,0,-1,-1
91300,Sapérculos em fuga!,,0,136693,0,-1,0,0,0,0,0,0,0,0,0,0,0,0,3321,0,3,41484288,8192,512,0,0,0,-1,-1
91302,Abundância: bosque abundante,,0,142116,0,-1,0,0,0,0,0,0,0,0,0,0,0,0,3321,0,3,36765768,0,270848,0,0,0,-1,-1
91309,Korgoth the Hungerer,,65353,0,0,-1,0,0,0,0,0,0,0,0,0,0,0,0,2860,0,3,34178048,128,8,0,0,0,-1,-1
91310,Soroth Miasmawrath,,65354,0,0,-1,0,0,0,0,0,0,0,0,0,0,0,0,2860,0,3,34178048,128,8,0,0,0,-1,-1
91311,The Harvester,,65355,0,0,-1,0,0,0,0,0,0,0,0,0,0,0,0,2860,0,3,34178048,128,8,0,0,0,-1,-1
91312,The Wallbreaker,,65356,0,0,-1,0,0,0,0,0,0,0,0,0,0,0,0,2860,0,3,34178048,128,8,0,0,0,-1,-1
91375,O silêncio da Aldeia Fungara,,65400,148418,0,-1,0,0,0,0,0,0,0,0,65401,0,0,0,3087,0,2,40894472,8192,512,0,0,0,-1,-1
91390,Designação especial: O que resta de um templo partido,,65415,139380,0,-1,0,0,0,0,0,0,0,0,0,0,48927,286,4568,0,3,41484608,8192,512,94865,0,0,-1,-1
91391,Ainda patrulhando,,65416,0,0,-1,5,0,0,0,0,0,0,0,0,0,0,0,3088,0,2,37748744,4194304,512,86823,86824,86825,-1,-1
91395,Tracking Quest,,65418,0,0,-1,0,0,0,0,0,0,0,0,0,0,0,0,0,0,3,36701184,128,8,0,0,0,-1,-1
91419,Dominância elemental,,65440,139380,0,-1,0,0,0,0,0,0,0,0,0,0,49750,113,3313,0,3,6881536,8192,512,0,0,0,-1,-1
91423,[DO NOT USE],,65444,0,0,-1,0,0,0,0,0,0,0,0,0,0,0,0,2860,0,3,34178048,128,8,0,0,0,-1,-1
91427,Profanações de Mausoloa!,,0,136693,0,-1,0,0,0,0,0,0,0,0,0,0,0,0,3321,0,3,41484288,8192,512,0,0,0,-1,-1
91429,Sarcófagos de Mausoloa!,,0,136693,0,-1,0,0,0,0,0,0,0,0,0,0,0,0,3321,0,3,41484288,8192,512,0,0,0,-1,-1
91430,Membros Fujões!,,0,136693,0,-1,0,0,0,0,0,0,0,0,0,0,0,0,3321,0,3,41484288,8192,512,0,0,0,-1,-1
91431,Sthaarbs,,65446,0,0,-1,0,0,0,0,0,0,0,0,0,0,0,0,2860,0,3,34178048,128,8,0,0,0,-1,-1
91433,Korgoth the Hungerer,,65448,0,0,-1,0,0,0,0,0,0,0,0,0,0,0,0,2860,0,3,34178048,128,8,0,0,0,-1,-1
91434,Soroth Miasmawrath,,65449,0,0,-1,0,0,0,0,0,0,0,0,0,0,0,0,2860,0,3,34178048,128,8,0,0,0,-1,-1
91435,The Harvester,,65450,0,0,-1,0,0,0,0,0,0,0,0,0,0,0,0,2860,0,3,34178048,128,8,0,0,0,-1,-1
91436,The Wallbreaker,,65451,0,0,-1,0,0,0,0,0,0,0,0,0,0,0,0,2860,0,3,34178048,128,8,0,0,0,-1,-1
91457,Abundância: Criptas de Watha'nan,,0,145016,0,-1,0,0,0,0,0,0,0,0,0,0,0,0,3321,0,3,36765768,0,270848,0,0,0,-1,-1
91458,Presa: Caçador de Resistência,,65471,141752,0,-1,0,0,0,0,0,0,0,0,0,0,50716,295,5224,0,3,41484544,8192,0,0,0,0,-1,-1
91468,Tracking Quest,,65480,0,0,-1,0,0,0,0,0,0,0,0,0,0,0,0,2860,0,3,34149376,128,8,0,0,0,-1,-1
91469,Tracking Quest,,65481,0,0,-1,0,0,0,0,0,0,0,0,0,0,0,0,2860,0,3,34149376,0,8,0,0,0,-1,-1
91470,Tracking Quest,,65482,0,0,-1,0,0,0,0,0,0,0,0,0,0,0,0,2860,0,3,34149376,0,8,0,0,0,-1,-1
91471,Tracking Quest,,65483,0,0,-1,0,0,0,0,0,0,0,0,0,0,0,0,2860,0,3,34149376,0,8,0,0,0,-1,-1
91472,Tracking Quest,,65484,0,0,-1,0,0,0,0,0,0,0,0,0,0,0,0,2860,0,3,34149376,0,8,0,0,0,-1,-1
91473,Tracking Quest,,65485,0,0,-1,0,0,0,0,0,0,0,0,0,0,0,0,2860,0,3,34149376,0,8,0,0,0,-1,-1
91474,Tracking Quest,,65486,0,0,-1,0,0,0,0,0,0,0,0,0,0,0,0,2860,0,3,34149376,0,8,0,0,0,-1,-1
91475,Abundância: Toca do Caos Abundante,,0,142285,0,-1,0,0,0,0,0,0,0,0,0,0,0,0,3321,0,3,3211336,0,270848,0,0,0,-1,-1
91476,Atrás das linhas inimigas,,65489,139942,0,-1,0,0,0,0,0,0,0,0,0,0,0,62,3228,0,2,40370176,8320,520,0,0,0,-1,-1
91477,Atrás das linhas inimigas II,,65490,139947,0,-1,0,0,0,0,0,0,0,0,0,0,0,62,3228,0,2,40370176,8320,520,0,0,0,-1,-1
91478,Atrás das linhas inimigas III,,65491,139951,0,-1,0,0,0,0,0,0,0,0,0,0,0,62,3228,0,2,40370176,8320,520,0,0,0,-1,-1
91479,Atrás das linhas inimigas IV,,65492,139954,0,-1,0,0,0,0,0,0,0,0,0,0,0,62,3228,0,2,40370176,8320,520,0,0,0,-1,-1
91480,Atrás das linhas inimigas V,,65493,139956,0,-1,0,0,0,0,0,0,0,0,0,0,0,62,3228,0,2,40370176,8320,520,0,0,0,-1,-1
91490,Controle das chamas de Teldrassil,,65502,139380,0,-1,0,0,0,0,0,0,0,0,0,0,48603,109,4567,0,3,41484544,0,0,0,0,0,-1,-1
91492,A lenda da Floração de Aln'hara,,65503,142260,0,-1,0,0,0,0,0,0,0,0,0,0,0,0,3087,0,3,41484288,8192,8704,0,0,0,-1,-1
91501,Pedregulhos de loanita!,,0,136693,0,-1,0,0,0,0,0,0,0,0,0,0,0,0,3321,0,3,41484288,8192,512,0,0,0,-1,-1
91502,Jazidas de loanita!,,0,136693,0,-1,0,0,0,0,0,0,0,0,0,0,0,0,3321,0,3,41484288,8192,512,0,0,0,-1,-1
91503,Cristais fujões!,,0,136693,0,-1,0,0,0,0,0,0,0,0,0,0,0,0,3321,0,3,41484288,8192,512,0,0,0,-1,-1
91506,A lenda do primeiro Shul'ka e a Chama,,65514,142995,0,-1,0,0,0,0,0,0,0,0,0,0,0,0,3087,0,3,41484288,8192,8704,0,0,0,-1,-1
91507,A lenda de Russula,,65515,144203,0,-1,0,0,0,0,0,0,0,0,0,0,0,0,3087,0,3,41484288,8192,8704,0,0,0,-1,-1
91508,Lendas dos Raizedo e Guardiões,,65516,143244,0,-1,0,0,0,0,0,0,0,0,0,0,0,0,3087,0,3,41484288,8192,8704,0,0,0,-1,-1
91509,A lenda de uma pedra que cai do céu,,65517,143705,0,-1,0,0,0,0,0,0,0,0,0,0,0,0,3087,0,3,41484288,8192,8704,0,0,0,-1,-1
91523,Presa: Ameaça Oculta,,65532,141752,0,-1,0,0,0,0,0,0,0,0,0,0,50715,295,5224,0,3,41484544,0,0,0,0,0,-1,-1
91555,Defensores do vale,,65561,139380,0,-1,0,0,0,0,0,0,0,0,0,0,48604,109,4567,0,3,41484544,0,0,0,0,0,-1,-1
91582,Podando a treliça,,65588,139380,0,-1,0,0,0,0,0,0,0,0,0,0,48605,109,4567,0,3,41484544,0,0,0,0,0,-1,-1
91590,Presa: Ameaça Oculta,,65596,141755,0,-1,0,0,0,0,0,0,0,0,0,0,50706,295,5224,0,3,41484544,0,0,0,0,0,-1,-1
91591,Presa: Ameaça Oculta,,65597,141754,0,-1,0,0,0,0,0,0,0,0,0,0,50709,295,5224,0,3,41484544,0,0,0,0,0,-1,-1
91592,Presa: Ameaça Oculta,,65598,141753,0,-1,0,0,0,0,0,0,0,0,0,0,50712,295,5224,0,3,41484544,0,0,0,0,0,-1,-1
91594,Presa: Caçador de Resistência,,65599,141755,0,-1,0,0,0,0,0,0,0,0,0,0,50707,295,5224,0,3,41484544,8192,0,0,0,0,-1,-1
91595,Presa: Caçador de Resistência,,65600,141754,0,-1,0,0,0,0,0,0,0,0,0,0,50710,295,5224,0,3,41484544,8192,0,0,0,0,-1,-1
91596,Presa: Caçador de Resistência,,65601,141753,0,-1,0,0,0,0,0,0,0,0,0,0,50713,295,5224,0,3,41484544,8192,0,0,0,0,-1,-1
91601,Presa: Predador-alfa,,65606,141755,0,-1,0,0,0,0,0,0,0,0,0,0,50705,295,5224,0,3,41484544,8192,0,0,0,0,-1,-1
91602,Presa: Predador-alfa,,65607,141754,0,-1,0,0,0,0,0,0,0,0,0,0,50708,295,5224,0,3,41484544,8192,0,0,0,0,-1,-1
91604,Presa: Predador-alfa,,65609,141753,0,-1,0,0,0,0,0,0,0,0,0,0,50711,295,5224,0,3,41484544,8192,0,0,0,0,-1,-1
91612,Pesquisa Infinita,,0,142406,0,-1,0,0,0,0,0,0,0,0,0,0,0,284,3382,0,3,104333312,0,4203016,0,0,0,-1,-1
91613,Promoção de Pesquisa Infinita: Assistente Temporal,,65612,142407,0,-1,0,0,0,0,0,0,0,0,0,0,0,0,3426,0,0,36700160,128,520,0,0,0,-1,-1
91627,Refúgio de Saltheril,,65616,142555,0,-1,0,0,0,0,0,0,0,0,0,0,0,282,4569,0,2,40894464,0,512,0,0,0,-1,-1
91631,Progresso da Era,,65620,142443,0,-1,0,0,0,0,0,0,0,0,0,0,0,0,3382,0,0,36700160,0,520,0,0,0,-1,-1
91632,O fim de uma jornada pela era,,65621,145399,0,-1,0,0,0,0,0,0,0,0,0,0,0,0,3563,0,0,36700160,0,520,0,0,0,-1,-1
91634,Poacher Rav'ik,,65623,0,0,-1,0,0,0,0,0,0,0,0,0,0,0,0,4281,0,3,34149632,0,8,0,0,0,-1,-1
91640,Tracking Quest,,65629,0,0,-1,0,0,0,0,0,0,0,0,0,0,0,0,0,0,3,36701184,128,8,0,0,0,-1,-1
91642,Tracking Quest,,65631,0,0,-1,0,0,0,0,0,0,0,0,0,0,0,0,0,0,3,36701184,128,8,0,0,0,-1,-1
91643,Tracking Quest,,65632,0,0,-1,0,0,0,0,0,0,0,0,0,0,0,0,0,0,3,36701184,128,8,0,0,0,-1,-1
91644,Colinas ao vento,,65633,0,0,-1,0,0,0,0,0,0,0,0,0,0,48710,283,3313,0,3,37289984,0,512,0,0,0,-1,-1
91645,Tracking Quest,,65634,0,0,-1,0,0,0,0,0,0,0,0,0,0,0,0,0,0,3,36701184,128,8,0,0,0,-1,-1
91646,Tracking Quest,,65635,0,0,-1,0,0,0,0,0,0,0,0,0,0,0,0,0,0,3,36701184,128,8,0,0,0,-1,-1
91647,Tracking Quest,,65636,0,0,-1,0,0,0,0,0,0,0,0,0,0,0,0,0,0,3,36701184,128,8,0,0,0,-1,-1
91648,Tracking Quest,,65637,0,0,-1,0,0,0,0,0,0,0,0,0,0,0,0,0,0,3,36701184,128,8,0,0,0,-1,-1
91649,Tracking Quest,,65638,0,0,-1,0,0,0,0,0,0,0,0,0,0,0,0,0,0,3,36701184,128,8,0,0,0,-1,-1
91686,Tracking Quest,,65675,0,0,-1,0,0,0,0,0,0,0,0,0,0,0,0,0,0,3,36701184,128,8,0,0,0,-1,-1
91687,Tracking Quest,,65676,0,0,-1,0,0,0,0,0,0,0,0,0,0,0,0,0,0,3,36701184,128,8,0,0,0,-1,-1
91699,Tracking Quest,,65686,0,0,-1,0,0,0,0,0,0,0,0,0,0,0,0,0,0,3,36701184,0,8,0,0,0,-1,-1
91700,Escuridão aniquilada,,65687,139380,0,-1,0,0,0,0,0,0,0,0,0,0,0,1,4311,0,2,40927240,8192,268435968,0,0,0,-1,-1
91726,Força incontrolável,,65713,0,0,-1,0,0,0,0,0,0,0,0,0,0,0,0,3088,0,2,37748744,4,512,86829,0,0,-1,-1
91759,Não traga para cá,,65742,142958,0,-1,0,0,0,0,0,0,0,0,0,0,49799,109,3098,0,3,37290240,0,512,0,0,0,-1,-1
91776,Martela o Martelo Feroz,,65757,142958,0,-1,0,0,0,0,0,0,0,0,0,0,49800,109,3098,0,3,41484544,0,512,0,0,0,-1,-1
91778,Muito fundo e muito escuro,,65759,142958,0,-1,0,0,0,0,0,0,0,0,0,0,49801,109,3098,0,3,37290240,0,512,0,0,0,-1,-1
91779,Treino de combate para sectários,,65760,142958,0,-1,0,0,0,0,0,0,0,0,0,0,49802,109,3098,0,3,37290240,0,512,0,0,0,-1,-1
91785,Esporicida,,65766,139380,0,-1,0,0,0,0,0,0,0,0,0,0,48606,109,4567,0,3,41484544,0,0,0,0,0,-1,-1
91787,O fim da jornada,,65767,0,0,-1,0,0,0,0,0,0,0,0,0,0,0,0,3088,0,2,41025544,4202496,512,86903,0,0,-1,-1
91789,Apocron,,65817,143176,0,-1,0,0,0,0,0,0,0,0,0,0,48873,144,335,0,3,37290304,0,268435456,0,0,0,-1,-1
91790,Brutallus,,65820,143176,0,-1,0,0,0,0,0,0,0,0,0,0,48872,144,335,0,3,37290304,0,268435456,0,0,0,-1,-1
91791,Malíficus,,65819,143176,0,-1,0,0,0,0,0,0,0,0,0,0,48871,144,335,0,3,37290304,0,268435456,0,0,0,-1,-1
91792,Si'vash,,65818,143176,0,-1,0,0,0,0,0,0,0,0,0,0,48870,144,335,0,3,37290304,0,268435456,0,0,0,-1,-1
91795,Sabotagem ao ritual,,65771,142958,0,-1,0,0,0,0,0,0,0,0,0,0,0,284,3098,0,2,36732936,0,520,0,0,0,-1,-1
91796,Designação Especial: O que é nosso de direito!,,65772,139380,0,-1,0,0,0,0,0,0,0,0,0,0,48928,286,4568,0,3,41484544,8192,512,94866,0,0,-1,-1
91798,Peixe do Dia,,65774,139380,0,-1,0,0,0,0,0,0,0,0,0,0,48930,109,4568,0,3,37290240,0,0,0,0,0,-1,-1
91799,Prova de voo,,65775,139380,0,-1,0,0,0,0,0,0,0,0,0,0,48931,109,4568,0,3,37290240,8192,0,0,0,0,-1,-1
91800,Perigo de herança,,65776,139380,0,-1,0,0,0,0,0,0,0,0,0,0,48932,109,4568,0,3,37290240,0,0,0,0,0,-1,-1
91801,Ruína Crepuscular,,65777,139380,0,-1,0,0,0,0,0,0,0,0,0,0,48934,109,4568,0,3,37290240,0,0,0,0,0,-1,-1
91802,Os bichos do brejo são o melhor bocado,,65778,139380,0,-1,0,0,0,0,0,0,0,0,0,0,48935,109,4568,0,3,37290240,0,0,0,0,0,-1,-1
91803,Ameaça pantanosa,,65779,139380,0,-1,0,0,0,0,0,0,0,0,0,0,48936,109,4568,0,3,37290240,0,0,0,0,0,-1,-1
91804,Peixe para a sopa,,65780,139380,0,-1,0,0,0,0,0,0,0,0,0,0,48937,109,4568,0,3,37290240,0,0,0,0,0,-1,-1
91805,Galhos nas Furnas,,65781,139380,0,-1,0,0,0,0,0,0,0,0,0,0,48938,109,4568,0,3,37290240,0,0,0,0,0,-1,-1
91806,Caçada de grande porte,,65782,139380,0,-1,0,0,0,0,0,0,0,0,0,0,48939,109,4568,0,3,37290240,0,0,0,0,0,-1,-1
91807,Galhos se quebram,,65783,139380,0,-1,0,0,0,0,0,0,0,0,0,0,48940,109,4568,0,3,37290240,0,0,0,0,0,-1,-1
91808,Recuperação de recursos,,65784,139380,0,-1,0,0,0,0,0,0,0,0,0,238962,48926,109,4568,0,3,41484544,0,0,0,0,0,-1,-1
91809,Borrifo do mar,,65785,139380,0,-1,0,0,0,0,0,0,0,0,0,0,48941,109,4568,0,3,37290240,0,0,0,0,0,-1,-1
91810,Bufê de javali enguia-bolha,,65786,139380,0,-1,0,0,0,0,0,0,0,0,0,0,48942,109,4568,0,3,41484544,0,0,0,0,0,-1,-1
91811,Um espelho calcinado,,65787,139380,0,-1,0,0,0,0,0,0,0,0,0,0,48943,109,4568,0,3,41484544,0,0,0,0,0,-1,-1
91841,Tracking Quest,,65821,0,0,-1,0,0,0,0,0,0,0,0,0,0,0,0,3322,0,3,36701184,0,8,0,0,0,-1,-1
91844,Promoção de Pesquisa Infinita: Cronógrafo Honorário,,65824,143302,0,-1,0,0,0,0,0,0,0,0,0,0,0,0,3426,0,0,36700160,128,520,91613,0,0,-1,-1
91845,Promoção de Pesquisa Infinita: Cronógrafo Executivo Sênior,,65825,143303,0,-1,0,0,0,0,0,0,0,0,0,0,0,0,3426,0,0,36700160,128,520,91844,0,0,-1,-1
91846,Promoção de Pesquisa Infinita: Investigador Principal de Cronoquestões,,65826,143304,0,-1,0,0,0,0,0,0,0,0,0,0,0,0,3426,0,0,36700160,128,520,91845,0,0,-1,-1
91847,Pesquisa Infinita,,0,143305,0,-1,0,0,0,0,0,0,0,0,0,0,0,284,3382,0,3,104333312,0,4203016,0,0,0,-1,-1
91848,Pesquisa Infinita,,0,143306,0,-1,0,0,0,0,0,0,0,0,0,0,0,284,3382,0,3,104333312,0,4203016,0,0,0,-1,-1
91849,Pesquisa Infinita,,0,143307,0,-1,0,0,0,0,0,0,0,0,0,0,0,284,3382,0,3,104333312,0,4203016,0,0,0,-1,-1
91927,Esmagosmento,,65884,139380,0,-1,0,0,0,0,0,0,0,0,0,0,48607,109,4567,0,3,41484544,0,0,0,0,0,-1,-1
91928,O que tem pro almoço?,,65885,147656,0,-1,131073,0,0,0,0,0,0,0,0,0,0,0,4311,0,2,39846144,8192,268435968,54781,91931,0,-1,-1
91929,O que tem pro almoço?,,65886,147656,0,-1,131073,0,0,0,0,0,0,0,0,0,0,0,4311,0,2,39846144,8192,268435968,91928,91931,0,-1,-1
91930,Terras Abundantes,,65887,139380,0,-1,0,0,0,0,0,0,0,0,0,0,0,282,3321,0,2,40894472,0,520,0,0,0,-1,-1
91932,Despertar Abundante,,65889,140165,0,-1,0,0,0,0,0,0,0,0,0,0,0,282,3321,0,2,40894472,8192,520,91930,0,0,-1,-1
91933,Honra Abundante,,65890,140165,0,-1,0,0,0,0,0,0,0,0,0,252608,0,282,3321,0,2,36700168,0,520,91932,0,0,-1,-1
91937,Retratos no vale,,65893,139380,0,-1,0,0,0,0,0,0,0,0,0,0,49009,109,4567,0,3,40435968,8192,512,0,0,0,-1,-1
91966,Recepção de Saltheril,,65925,0,0,-1,0,0,0,0,0,0,0,0,0,0,0,0,3321,0,3,37294080,0,0,89290,0,0,-1,-1
91970,PROCURA-SE: Gelatônio,,65929,148400,0,-1,0,0,0,0,0,0,0,0,0,0,49077,1,5915,0,2,40894472,8192,268435968,0,0,0,-1,-1
91980,PROCURA-SE: Espinho de Infernébora,,65939,148400,0,-1,0,0,0,0,0,0,0,0,0,0,49078,1,5915,0,2,40894472,8192,268435968,0,0,0,-1,-1
91981,Na saúde e na doença,,65940,139380,0,-1,0,0,0,0,0,0,0,0,0,0,48608,109,4567,0,3,37290240,0,0,0,0,0,-1,-1
91982,PROCURA-SE: Pétalas de Sombrissapo,,65941,148400,0,-1,0,0,0,0,0,0,0,0,0,0,49079,1,5915,0,2,40894472,8192,268435968,0,0,0,-1,-1
91998,PROCURA-SE: Gavinhas Sufocantes de Pantanojo,,65957,148400,0,-1,0,0,0,0,0,0,0,0,0,0,49080,1,5915,0,2,40894472,8192,268435968,0,0,0,-1,-1
92012,PROCURA-SE: Pinças de Sanguifarpa,,65971,148400,0,-1,0,0,0,0,0,0,0,0,0,0,49082,1,5915,0,2,40894472,8192,268435968,0,0,0,-1,-1
92013,PROCURA-SE: Presespinhos de Dionaia,,65972,148400,0,-1,0,0,0,0,0,0,0,0,0,0,49083,1,5915,0,2,40894472,8192,268435968,0,0,0,-1,-1
92018,x.x Teste (YGR),,65977,0,0,-1,0,0,0,0,0,0,0,0,0,0,0,286,3008,0,3,41484288,8192,0,0,0,0,-1,-1
92034,Thorm'belan,,65990,139380,0,-1,0,0,0,0,0,0,0,0,0,0,49063,289,4907,0,3,41484608,8192,520,0,0,0,-1,-1
92062,Cuidando das raízes,,66018,139380,0,-1,0,0,0,0,0,0,0,0,0,0,48609,109,4567,0,3,41484544,8192,512,0,0,0,-1,-1
92063,Designação especial: Arrependimento do caçador,,66019,155068,0,-1,0,0,0,0,0,0,0,0,0,0,48623,286,4567,0,3,41484544,8192,512,94390,0,0,-1,-1
92085,Aplicação da garra,,66040,153758,0,-1,0,0,0,0,0,0,0,0,0,0,49065,109,4567,0,3,41484544,8192,512,0,0,0,-1,-1
92086,Sabor da paz,,66041,139380,0,-1,0,0,0,0,0,0,0,0,0,0,49066,109,4567,0,3,41484544,8192,512,0,0,0,-1,-1
92105,"Documentos, por favor!",,66060,139380,0,-1,0,0,0,0,0,0,0,0,0,0,49345,109,4569,0,3,40435968,8192,0,0,0,0,-1,-1
92119,Fogo na floramarga,,66071,139380,0,-1,0,0,0,0,0,0,0,0,0,0,48610,109,4567,0,3,40435968,8192,512,0,0,0,-1,-1
92120,O entendimento da magia,,66072,139380,0,-1,0,0,0,0,0,0,0,0,0,0,49842,109,4569,0,3,40435968,8192,0,0,0,0,-1,-1
92121,Os territórios selvagens,,66073,139380,0,-1,0,0,0,0,0,0,0,0,0,0,49574,109,4569,0,3,40435968,8192,0,0,0,0,-1,-1
92122,Sob as Velaclaras,,66074,139380,0,-1,0,0,0,0,0,0,0,0,0,0,49112,109,4569,0,3,40435968,8192,512,0,0,0,-1,-1
92123,Pinheirochedo,,66075,139380,0,-1,0,0,0,0,0,0,0,0,0,0,49114,289,4281,0,3,37290304,0,8,0,0,0,-1,-1
92136,Infusão de esperança,,66119,0,0,-1,1,0,0,0,0,0,0,0,61800,0,0,0,3088,0,2,57671688,4202496,512,86843,86844,0,-1,-1
92138,Mobilize! Alicie! Recrute!,,66121,139380,0,-1,0,0,0,0,0,0,0,0,0,0,49157,109,4569,0,3,41615616,8192,512,0,0,0,-1,-1
92139,Designação especial: Garras e sombras,,66122,155068,0,-1,0,0,0,0,0,0,0,0,0,0,49123,286,4569,0,3,41484544,8192,512,95435,0,0,-1,-1
92140,Esforços de erradicação,,66123,139380,0,-1,0,0,0,0,0,0,0,0,0,0,49121,109,4569,0,3,41484544,8192,0,0,0,0,-1,-1
92141,Ameaças clássicas,,66124,139380,0,-1,0,0,0,0,0,0,0,0,0,0,49122,109,4569,0,3,41484544,8192,0,0,0,0,-1,-1
92143,Realocação arcana,,66126,139380,0,-1,0,0,0,0,0,0,0,0,0,269606,49209,109,4569,0,3,41484544,8192,0,0,0,0,-1,-1
92144,Nada de invasores,,66127,139380,0,-1,0,0,0,0,0,0,0,0,0,0,49278,109,4569,0,3,41484544,8192,0,0,0,0,-1,-1
92145,Designação especial: a bebida do Grão-magister,,66128,155068,0,-1,0,0,0,0,0,0,0,0,0,0,49636,286,4569,0,3,41484544,8192,512,92848,0,0,-1,-1
92146,Zona de contenção,,66129,139380,0,-1,0,0,0,0,0,0,0,0,0,0,49342,109,4569,0,3,41484544,8192,0,0,0,0,-1,-1
92149,Morte ao Crepúsculo,,66132,139380,0,-1,0,0,0,0,0,0,0,0,0,0,49124,111,4569,0,3,41484544,8192,0,0,0,0,-1,-1
92150,Uma brisa que passa por Brisabela,,66133,153037,0,-1,0,0,0,0,0,0,0,0,0,0,49125,109,4569,0,3,41484544,8192,0,0,0,0,-1,-1
92152,Confronto com a floração,,66135,139380,0,-1,0,0,0,0,0,0,0,0,0,0,49127,109,4569,0,3,41484544,8192,0,0,0,0,-1,-1
92153,A lua no crepúsculo,,66136,139380,0,-1,0,0,0,0,0,0,0,0,0,0,49128,109,4569,0,3,41484544,8192,0,0,0,0,-1,-1
92160,Confusão dos filhotes,,66143,139380,0,-1,0,0,0,0,0,0,0,0,0,0,49129,109,4569,0,3,41484544,8192,0,0,0,0,-1,-1
92162,Tubergosto refinado,,66145,152897,0,-1,0,0,0,0,0,0,0,0,0,0,48625,109,4569,0,3,41484544,0,0,0,0,0,-1,-1
92184,Disputa de tubergirinos,,66167,139380,0,-1,0,0,0,0,0,0,0,0,0,0,48616,109,4567,0,3,40435968,8192,512,0,0,0,-1,-1
92195,Podem vir,,66179,139380,0,-1,0,0,0,0,0,0,0,0,0,0,49224,109,4569,0,3,41484544,8192,512,0,0,0,-1,-1
92364,Suporte solar,,66338,139380,0,-1,0,0,0,0,0,0,0,0,0,250854,49253,109,4569,0,3,41484544,8192,512,0,0,0,-1,-1
92365,Criação de defesa,,66339,139380,0,-1,0,0,0,0,0,0,0,0,0,0,0,0,4311,0,2,40894472,8192,268435968,0,0,0,-1,-1
92407,Toca,,66379,139380,0,-1,0,0,0,0,0,0,0,0,0,251284,50661,0,4311,0,2,40894472,8192,268435968,0,0,0,-1,-1
92447,Pescadores do abismo,,0,144909,0,-1,0,0,0,0,0,0,0,0,0,0,0,0,3321,0,3,36765768,0,8704,0,0,0,-1,-1
92546,O avanço dos predadores,,66504,139380,0,-1,0,0,0,0,0,0,0,0,0,0,49452,109,3321,0,3,37290240,0,0,0,0,0,-1,-1
92549,O caos acima,,66506,139380,0,-1,0,0,0,0,0,0,0,0,0,0,49454,109,3321,0,3,37290240,0,0,0,0,0,-1,-1
92555,Reverencie a chama,"Reverencie a Fogueira em Tranquillien, na Floresta do Canto Eterno",66512,9484,0,-1,0,0,0,0,0,0,0,0,0,0,0,0,394,0,2,2097152,0,520,0,0,0,-1,-1
92556,Reverencie a chama,Reverencie a Fogueira em Luaprata,66513,9484,0,-1,0,0,0,0,0,0,0,0,0,0,0,0,394,0,2,2097152,0,520,0,0,0,-1,-1
92557,Reverencie a chama,Reverencie a Fogueira em Zul'Aman,66514,9484,0,-1,0,0,0,0,0,0,0,0,0,0,0,0,394,0,2,2097152,0,520,0,0,0,-1,-1
92558,Reverencie a chama,Reverencie a Fogueira na Tempestade do Caos,66515,9484,0,-1,0,0,0,0,0,0,0,0,0,0,0,0,394,0,2,2097152,0,520,0,0,0,-1,-1
92559,Reverencie a chama,Reverencie a Fogueira em Harandar.,66516,9484,0,-1,0,0,0,0,0,0,0,0,0,0,0,0,394,0,2,2097152,0,520,0,0,0,-1,-1
92560,Lu'ashal,,66517,139379,0,-1,0,0,0,0,0,0,0,0,0,0,49484,289,4907,0,3,37290304,0,8,0,0,0,-1,-1
92566,Exércitos da escuridão,,66522,139380,0,-1,0,0,0,0,0,0,0,0,0,0,49529,109,3321,0,3,37290240,0,0,0,0,0,-1321907123,1427461461
92571,Exércitos da escuridão,,66524,139380,0,-1,0,0,0,0,0,0,0,0,0,0,49529,109,3321,0,3,37290240,0,0,0,0,0,1309324210,-1440044374
92576,Dominando os domanaar,,66528,139380,0,-1,0,0,0,0,0,0,0,0,0,0,49537,109,3321,0,3,37290240,0,0,0,0,0,-1,-1
92582,Aplicação nas raízes,,66534,139380,0,-1,0,0,0,0,0,0,0,0,0,0,48612,109,4567,0,3,37290240,0,0,0,0,0,-1,-1
92583,Fungicida,,66535,139380,0,-1,0,0,0,0,0,0,0,0,0,0,48622,109,4567,0,3,37290240,8192,0,0,0,0,-1,-1
92636,Predaxas,,66598,139380,0,-1,0,0,0,0,0,0,0,0,0,0,49633,289,4907,0,3,41484608,8192,520,0,0,0,-1,-1
92641,Sangue na planície,,66603,145914,0,-1,0,0,0,0,0,0,0,0,0,0,0,0,3084,0,3,37289984,0,0,0,0,0,-1,-1
92714,Tracking Quest,,66674,0,0,-1,0,0,0,0,0,0,0,0,0,0,0,0,3322,0,3,36701184,128,8,0,0,0,-1,-1
92715,Só para convidados?,,66675,152747,0,-1,0,0,0,0,0,0,0,0,66697,0,20689,0,623,0,2,36700160,0,512,0,0,0,1309324210,-1440044374
92731,Estruturando a violência,,66688,146118,0,-1,0,0,0,0,0,0,0,0,0,0,49592,109,3321,0,3,40435968,0,0,0,0,0,-1,-1
92746,A reviravolta dos Campos de Tempestade,,66703,139380,0,-1,0,0,0,0,0,0,0,0,0,0,49604,109,3321,0,3,40435968,0,0,0,0,0,-1,-1
92845,Só para convidados?,,66793,152747,0,-1,0,0,0,0,0,0,0,0,66799,0,20689,0,623,0,2,36700160,0,512,0,0,0,-1321907123,1427461461
92945,O Poder da Angústia,,66888,0,0,-1,0,0,0,0,0,0,0,0,0,0,0,282,3321,0,2,36700160,4194304,520,92926,0,0,-1,-1
92954,Cavernas de Maisara: Mestre de almas,,66897,0,0,-1,1,0,0,0,0,0,0,0,0,0,0,81,5071,0,2,40894472,4202496,512,92953,92951,0,-1,-1
93013,Designação especial: Rechaçar a Luz,,66956,155068,0,-1,0,0,0,0,0,0,0,0,0,0,49834,286,4567,0,3,41484544,8192,512,94391,0,0,-1,-1
93046,Pertences aninhados,,66980,139380,0,-1,0,0,0,0,0,0,0,0,0,0,49864,109,4567,0,3,41484544,8192,512,0,0,0,-1,-1
93047,Básico do açougue,,66981,146358,0,-1,0,0,0,0,0,0,0,0,0,0,0,0,3086,0,2,36700168,0,512,0,0,0,-1,-1
93048,Ritmo zero,,66982,146358,0,-1,0,0,0,0,0,0,0,0,0,0,0,0,3086,0,2,40894472,8192,512,0,0,0,-1,-1
93049,Ajuda no dever de casa,,66983,146358,0,-1,0,0,0,0,0,0,0,0,0,0,0,0,3086,0,2,36700168,0,512,0,0,0,-1,-1
93050,História de altares,,66984,146345,0,-1,0,0,0,0,0,0,0,0,0,267005,0,0,3086,0,2,40894472,0,512,0,0,0,-1,-1
93051,O teste final,,66985,146358,0,-1,0,0,0,0,0,0,0,0,0,0,0,0,3086,0,2,36700168,0,512,0,0,0,-1,-1
93053,A limpeza do covil,,66986,152895,0,-1,0,0,0,0,0,0,0,0,0,0,49861,109,4567,0,3,41484544,8192,512,0,0,0,-1,-1
93067,Tracking Quest,,66998,0,0,-1,0,0,0,0,0,0,0,0,0,0,0,0,3322,0,3,36701184,128,8,0,0,0,-1,-1
93071,Podre por dentro,,66999,139380,0,-1,0,0,0,0,0,0,0,0,0,0,48614,109,4567,0,3,41484544,8192,512,0,0,0,-1,-1
93130,Quest Tracking,,67057,0,0,-1,0,0,0,0,0,0,0,0,0,0,0,0,0,0,3,36701184,0,8,0,0,0,-1,-1
93144,Quest Tracking,,67071,0,0,-1,5,0,0,0,0,0,0,0,0,0,0,0,0,0,3,40895488,8192,8,93130,93145,93146,-1,-1
93145,Quest Tracking,,67072,0,0,-1,0,0,0,0,0,0,0,0,0,0,0,0,0,0,3,36701184,0,8,0,0,0,-1,-1
93146,Quest Tracking,,67073,0,0,-1,0,0,0,0,0,0,0,0,0,0,0,0,0,0,3,36701184,0,8,0,0,0,-1,-1
93244,Designação especial: agentes do escudo,,67164,155068,0,-1,0,0,0,0,0,0,0,0,0,0,49606,286,3321,0,3,41615616,8192,512,94795,0,0,-1,-1
93397,Fome roedora,,67269,139380,0,-1,0,0,0,0,0,0,0,0,0,0,49594,109,3321,0,3,41484544,8192,512,0,0,0,-1,-1
93423,Centelhas da Guerra: Floresta do Canto Eterno,,67293,147396,0,-1,0,0,0,0,0,0,0,0,0,0,49990,0,3313,0,2,35651592,2105344,776,0,0,0,-1,-1
93424,Centelhas da Guerra: Zul'Aman,,67294,147396,0,-1,0,0,0,0,0,0,0,0,0,0,49991,0,3313,0,2,35651592,2105344,776,0,0,0,-1,-1
93425,Centelhas da Guerra: Harandar,,67295,147396,0,-1,0,0,0,0,0,0,0,0,0,0,49992,0,3313,0,2,35651592,2105344,776,0,0,0,-1,-1
93426,Centelhas da Guerra: Tempestade do Caos,,67296,147396,0,-1,0,0,0,0,0,0,0,0,0,0,49993,0,3313,0,2,35651592,2105344,776,0,0,0,-1,-1
93432,Arando com espadas,,67302,146345,0,-1,0,0,0,0,0,0,0,0,0,0,0,0,3086,0,2,40894472,8192,512,93440,0,0,-1,-1
93433,Santuário são e salvo,,67303,146345,0,-1,0,0,0,0,0,0,0,0,0,0,0,0,3086,0,2,40894472,8192,512,93440,0,0,-1,-1
93435,Quatro instigadores,,67304,0,0,-1,1,0,0,0,0,0,0,0,0,0,0,0,3086,0,2,40894472,8192,512,93432,93433,0,-1,-1
93436,Se funcionou antes...,,67305,0,0,-1,1,0,0,0,0,0,0,0,0,259967,0,0,3086,0,2,40894472,8192,512,93432,93433,0,-1,-1
93437,A própria carne,,67306,146345,0,-1,1,0,0,0,0,0,0,0,0,0,0,0,3086,0,2,40894472,8192,512,93435,93436,0,-1,-1
93438,Designação especial: excisão de precisão,,67307,155068,0,-1,0,0,0,0,0,0,0,0,0,0,49593,286,3321,0,3,41484544,8192,512,94743,0,0,-1,-1
93440,História pessoal,,67309,146345,0,-1,0,0,0,0,0,0,0,0,67302,0,0,0,3086,0,2,40894472,8192,512,0,0,0,-1,-1
93470,Tracking Quest,,67338,0,0,-1,0,0,0,0,0,0,0,0,0,0,0,0,0,0,3,36701184,128,8,0,0,0,-1,-1
93471,Tracking Quest,,67339,0,0,-1,0,0,0,0,0,0,0,0,0,0,0,0,0,0,3,36701184,128,8,0,0,0,-1,-1
93472,Tracking Quest,,67340,0,0,-1,0,0,0,0,0,0,0,0,0,0,0,0,0,0,3,36701184,128,8,0,0,0,-1,-1
93473,Tracking Quest,,67341,0,0,-1,0,0,0,0,0,0,0,0,0,0,0,0,0,0,3,36701184,128,8,0,0,0,-1,-1
93474,Tracking Quest,,67342,0,0,-1,0,0,0,0,0,0,0,0,0,0,0,0,0,0,3,36701184,128,8,0,0,0,-1,-1
93475,Tracking Quest,,67343,0,0,-1,0,0,0,0,0,0,0,0,0,0,0,0,0,0,3,36701184,128,8,0,0,0,-1,-1
93476,Tracking Quest,,67344,0,0,-1,0,0,0,0,0,0,0,0,0,0,0,0,0,0,3,36701184,128,8,0,0,0,-1,-1
93478,Tracking Quest,,67346,0,0,-1,0,0,0,0,0,0,0,0,0,0,0,0,0,0,3,36701184,128,8,0,0,0,-1,-1
93479,Tracking Quest,,67347,0,0,-1,0,0,0,0,0,0,0,0,0,0,0,0,0,0,3,36701184,128,8,0,0,0,-1,-1
93480,Tracking Quest,,67348,0,0,-1,0,0,0,0,0,0,0,0,0,0,0,0,0,0,3,36701184,128,8,0,0,0,-1,-1
93481,Tracking Quest,,67349,0,0,-1,0,0,0,0,0,0,0,0,0,0,0,0,0,0,3,36701184,128,8,0,0,0,-1,-1
93482,Tracking Quest,,67350,0,0,-1,0,0,0,0,0,0,0,0,0,0,0,0,0,0,3,36701184,128,8,0,0,0,-1,-1
93483,Tracking Quest,,67351,0,0,-1,0,0,0,0,0,0,0,0,0,0,0,0,0,0,3,36701184,128,8,0,0,0,-1,-1
93484,Tracking Quest,,67352,0,0,-1,0,0,0,0,0,0,0,0,0,0,0,0,0,0,3,36701184,128,8,0,0,0,-1,-1
93485,Tracking Quest,,67353,0,0,-1,0,0,0,0,0,0,0,0,0,0,0,0,0,0,3,36701184,128,8,0,0,0,-1,-1
93486,Tracking Quest,,67354,0,0,-1,0,0,0,0,0,0,0,0,0,0,0,0,0,0,3,36701184,128,8,0,0,0,-1,-1
93487,Tracking Quest,,67355,0,0,-1,0,0,0,0,0,0,0,0,0,0,0,0,0,0,3,36701184,128,8,0,0,0,-1,-1
93488,Tracking Quest,,67356,0,0,-1,0,0,0,0,0,0,0,0,0,0,0,0,0,0,3,36701184,128,8,0,0,0,-1,-1
93489,Tracking Quest,,67357,0,0,-1,0,0,0,0,0,0,0,0,0,0,0,0,0,0,3,36701184,128,8,0,0,0,-1,-1
93490,Tracking Quest,,67358,0,0,-1,0,0,0,0,0,0,0,0,0,0,0,0,0,0,3,36701184,128,8,0,0,0,-1,-1
93491,Tracking Quest,,67359,0,0,-1,0,0,0,0,0,0,0,0,0,0,0,0,0,0,3,36701184,128,8,0,0,0,-1,-1
93501,A Série começa: Midnight,,67369,142972,0,-1,0,0,0,0,0,0,0,0,0,0,0,282,3313,0,2,40894472,0,512,90806,0,0,-1,-1
93507,Ordenando o Caos,,67375,139380,0,-1,0,0,0,0,0,0,0,0,0,0,49597,109,4311,0,3,3735808,0,0,0,0,0,-1,-1
93511,Membro desaparecido,,67379,0,0,-1,0,0,0,0,0,0,0,0,0,0,0,0,3313,0,2,573571080,0,512,93501,0,0,-1,-1
93517,Inteligência de outro mundo,,67383,139380,0,-1,0,0,0,0,0,0,0,0,0,0,49598,109,3321,0,3,37290240,0,0,0,0,0,-1,-1
93524,Corrida de trincheira,,67388,139380,0,-1,0,0,0,0,0,0,0,0,0,0,49607,109,3321,0,3,37290240,0,0,0,0,0,-1,-1
93525,Nulificando Nullaeus,,67389,0,0,-1,0,0,0,0,0,0,0,0,0,0,0,0,3313,0,2,36700168,0,512,93511,0,0,-1,-1
93554,Tracking Quest,,67418,0,0,-1,0,0,0,0,0,0,0,0,0,0,0,0,0,0,3,36701184,128,8,0,0,0,-1,-1
93556,Tracking Quest,,67420,0,0,-1,0,0,0,0,0,0,0,0,0,0,0,0,0,0,3,36701184,128,8,0,0,0,-1,-1
93557,Tracking Quest,,67421,0,0,-1,0,0,0,0,0,0,0,0,0,0,0,0,0,0,3,36701184,128,8,0,0,0,-1,-1
93558,Tracking Quest,,67422,0,0,-1,0,0,0,0,0,0,0,0,0,0,0,0,0,0,3,36701184,128,8,0,0,0,-1,-1
93559,Tracking Quest,,67423,0,0,-1,0,0,0,0,0,0,0,0,0,0,0,0,0,0,3,36701184,128,8,0,0,0,-1,-1
93569,Exaliqueima,,67432,0,0,-1,0,0,0,0,0,0,0,0,0,0,0,265,3321,0,3,3735552,8192,8,0,0,0,-1,-1
93571,A dispersão das sombras,,67434,139380,0,-1,0,0,0,0,0,0,0,0,0,0,49599,109,3321,0,3,41484544,8192,512,0,0,0,-1,-1
93573,Decifrando a escuridão,,67436,139380,0,-1,0,0,0,0,0,0,0,0,0,0,49602,109,3321,0,3,41484544,8192,512,0,0,0,-1,-1
93575,Cavernas de Maisara: Maisara tem fome,,67438,146360,0,-1,0,0,0,0,0,0,0,0,0,0,0,81,3086,0,2,36700424,0,512,0,0,0,-1,-1
93577,Instinto capturado,,67440,139380,0,-1,0,0,0,0,0,0,0,0,0,0,49603,109,3321,0,3,40435968,8192,512,0,0,0,-1,-1
93578,Onde as sombras se adensam,,67441,139380,0,-1,0,0,0,0,0,0,0,0,0,0,49601,109,3321,0,3,41484544,8192,512,0,0,0,-1,-1
93579,Caminho da purgação,,67442,139380,0,-1,0,0,0,0,0,0,0,0,0,0,49600,109,3321,0,3,41484544,8192,512,0,0,0,-1,-1
93593,Chamado à batalha,,67455,34190,0,-1,0,0,0,0,0,0,0,0,0,0,0,0,4240,0,2,35684424,8388608,514,0,0,0,-1,-1
93595,Chamado às imersões,,67457,127918,0,-1,0,0,0,0,0,0,0,0,0,0,0,0,4240,0,2,35684360,0,514,90806,0,0,-1,-1
93598,Emissário da guerra,,67458,65125,0,-1,0,0,0,0,0,0,0,0,0,0,0,81,4240,0,2,35684360,0,514,0,0,0,-1,-1
93599,Só os melhores,,67459,34192,0,-1,0,0,0,0,0,0,0,0,0,0,0,0,4240,0,2,35684424,2176,514,0,0,0,-1,-1
93600,A arena chama,,67460,34193,0,-1,0,0,0,0,0,0,0,0,0,0,0,0,4240,0,2,35684424,8388608,512,0,0,0,-1,-1
93605,O mundo aguarda,,67465,44419,0,-1,0,0,0,0,0,0,0,0,0,0,0,0,4240,0,2,35684360,0,514,90806,0,0,-1,-1
93651,O Vale Ofuscante: Raízes de Floraluz,,67509,148145,0,-1,0,0,0,0,0,0,0,0,0,0,0,81,3086,0,2,36700424,0,512,0,0,0,-1,-1
93687,Um gosto do verdadeiro poder,,67544,148249,0,-1,0,0,0,0,0,0,0,0,0,0,0,282,3313,0,0,40894464,8320,512,0,0,0,-1,-1
93744,União contra o Caos,,67601,149827,0,-1,0,0,0,0,0,0,0,0,0,0,50434,284,4240,0,3,104333312,0,4202496,0,0,0,-1,-1
93751,Pico dos Correventos,,67608,149827,0,-1,0,0,0,0,0,0,0,0,0,0,50436,81,4240,0,2,36700424,0,520,0,0,0,-1,-1
93752,Travessa do Assassino,,67609,149827,0,-1,0,0,0,0,0,0,0,0,0,0,50437,81,4240,0,2,36700424,0,520,0,0,0,-1,-1
93753,Terraço dos Magísteres,,67610,149827,0,-1,0,0,0,0,0,0,0,0,0,0,50438,81,4240,0,2,36700424,0,520,0,0,0,-1,-1
93754,Cavernas de Maisara,,67611,149827,0,-1,0,0,0,0,0,0,0,0,0,0,50439,81,4240,0,2,36700424,0,520,0,0,0,-1,-1
93755,Covil de Nalorakk,,67612,149827,0,-1,0,0,0,0,0,0,0,0,0,0,50440,81,4240,0,2,36700424,0,520,0,0,0,-1,-1
93756,O Vale Ofuscante,,67613,149827,0,-1,0,0,0,0,0,0,0,0,0,0,50441,81,4240,0,2,36700424,0,520,0,0,0,-1,-1
93757,Arena da Chaga do Caos,,67614,149827,0,-1,0,0,0,0,0,0,0,0,0,0,50442,81,4240,0,2,36700424,0,520,0,0,0,-1,-1
93758,Ponto de Nexus Xenas,,67615,149827,0,-1,0,0,0,0,0,0,0,0,0,0,50443,81,4240,0,2,36700424,0,520,0,0,0,-1,-1
93792,Bênçãos dos loas,,67646,150612,0,-1,0,0,0,0,0,0,0,0,0,0,0,282,3086,0,2,40894472,0,512,0,0,0,-1,-1
93850,Pico dos Correventos: Melodias Macabras,,67700,153417,0,-1,0,0,0,0,0,0,0,0,0,0,0,81,3085,0,2,40894728,0,512,0,0,0,-1,-1
93884,Bilemaw the Gluttonous,,67733,0,0,-1,0,0,0,0,0,0,0,0,0,0,0,0,4284,0,3,34149632,0,8,0,0,0,-1,-1
93895,Ravengerus,,67737,0,0,-1,0,0,0,0,0,0,0,0,0,0,0,0,4281,0,3,34149632,0,8,0,0,0,-1,-1
93896,Far'thana the Mad,,67738,0,0,-1,0,0,0,0,0,0,0,0,0,0,0,0,4281,0,3,34149632,0,8,0,0,0,-1,-1
93904,Desafiando a Gravidade,,67745,139380,0,-1,1,0,0,0,0,0,0,0,0,0,49596,109,3321,0,3,7930112,8192,512,0,0,0,-1,-1
93905,Suspensão contínua,,67746,139380,0,-1,0,0,0,0,0,0,0,0,0,0,49595,109,3321,0,3,41484544,8192,512,0,0,0,-1,-1
93934,Queen o' War,,67769,0,0,-1,0,0,0,0,0,0,0,0,0,0,0,0,4284,0,3,37295360,0,8,0,0,0,-1,-1
93944,Aeonelle Blackstar,,67779,0,0,-1,0,0,0,0,0,0,0,0,0,0,0,0,4284,0,3,34149632,0,8,0,0,0,-1,-1
93946,Bane of the Vilebloods,,67781,0,0,-1,0,0,0,0,0,0,0,0,0,0,0,0,4284,0,3,34149632,0,8,0,0,0,-1,-1
93947,Lotus Darkblossom,,67782,0,0,-1,0,0,0,0,0,0,0,0,0,0,0,0,4284,0,3,34149632,0,8,0,0,0,-1,-1
93953,Rakshur the Bonegrinder,,67788,0,0,-1,0,0,0,0,0,0,0,0,0,0,0,0,4284,0,3,34149632,0,8,0,0,0,-1,-1
93966,Screammaxa the Matriarch,,67797,0,0,-1,0,0,0,0,0,0,0,0,0,0,0,0,4284,0,3,34149632,0,8,0,0,0,-1,-1
94005,Estoque Estelar,,67829,0,0,-1,0,0,0,0,0,0,0,0,0,0,0,265,3084,0,3,34144256,0,8,0,0,0,-1,-1
94210,Forrando o ninho,,67877,0,0,-1,0,0,0,0,0,0,0,0,0,0,0,282,4285,0,2,37224448,4194432,524808,91969,0,0,-1,-1
94361,A vida abundante,,67878,140165,0,-1,0,0,0,0,0,0,0,0,0,0,0,0,3321,0,2,40894472,8192,520,91933,0,0,-1,-1
94379,Esta velha lareira,,67893,149690,0,-1,0,0,0,0,0,0,0,0,0,0,0,282,4285,0,2,36700160,4194432,524808,94210,0,0,-1,-1
94385,Investidas do Caos: Floresta do Canto Eterno,,67899,149634,0,-1,0,0,0,0,0,0,0,0,0,0,49149,0,3321,0,2,36700424,0,512,0,0,0,-1,-1
94386,Investidas do Caos: Zul'Aman,,67900,154898,0,-1,0,0,0,0,0,0,0,0,0,0,49277,0,3321,0,2,36700424,0,512,0,0,0,-1,-1
94389,Tracking Quest,,67903,0,0,-1,0,0,0,0,0,0,0,0,0,0,0,0,0,0,3,36701184,0,8,0,0,0,-1,-1
94394,Tracking Quest,,67908,0,0,-1,0,0,0,0,0,0,0,0,0,0,0,0,0,0,3,36701184,0,8,0,0,0,-1,-1
94395,Tracking Quest,,67909,0,0,-1,0,0,0,0,0,0,0,0,0,0,0,0,0,0,3,36701184,0,8,0,0,0,-1,-1
94397,Tracking Quest,,67911,0,0,-1,0,0,0,0,0,0,0,0,0,0,0,0,0,0,3,36701184,0,8,0,0,0,-1,-1
94398,Tracking Quest,,67912,0,0,-1,0,0,0,0,0,0,0,0,0,0,0,0,0,0,3,36701184,0,8,0,0,0,-1,-1
94417,Brasões da aurora,,67927,142396,0,-1,0,0,0,0,0,0,0,0,0,0,0,282,3313,0,2,40894792,0,520,94430,0,0,-1,-1
94418,Transmutação de brasões,,67928,142396,0,-1,0,0,0,0,0,0,0,0,0,0,0,282,3313,0,2,40894792,0,520,94432,0,0,-1,-1
94425,Sangrar o pináculo,,67935,150739,0,-1,0,0,0,0,0,0,0,0,0,0,49605,111,3321,0,3,41484544,8192,0,0,0,0,-1,-1
94430,Equipamento de Aventura,,67941,142396,0,-1,0,0,0,0,0,0,0,0,0,0,0,282,3313,0,2,40894728,0,520,0,0,0,-1,-1
94432,Equipamento de veterano,,67943,142396,0,-1,0,0,0,0,0,0,0,0,0,0,0,282,3313,0,2,40894728,0,520,94417,0,0,-1,-1
94444,A escolha do caminho,,67955,149832,0,-1,131073,0,0,0,0,0,0,0,0,0,0,0,863,0,2,40894472,8192,520,90961,94445,0,524288,0
94445,A escolha do caminho,,67956,149833,0,-1,131073,0,0,0,0,0,0,0,0,0,0,0,863,0,2,40894472,8192,520,90961,94444,0,1048576,0
94474,O Grande Cofre,,67980,149994,0,-1,0,0,0,0,0,0,0,0,0,0,0,0,4240,0,2,37748736,8192,520,0,0,0,-1,-1
94506,Tracking Quest,,68007,0,0,-1,0,0,0,0,0,0,0,0,0,0,0,0,2860,0,3,34149376,128,8,0,0,0,-1,-1
94507,Tracking Quest,,68008,0,0,-1,0,0,0,0,0,0,0,0,0,0,0,0,2860,0,3,34149376,0,8,0,0,0,-1,-1
94508,Tracking Quest,,68009,0,0,-1,0,0,0,0,0,0,0,0,0,0,0,0,2860,0,3,34149376,0,8,0,0,0,-1,-1
94509,Tracking Quest,,68010,0,0,-1,0,0,0,0,0,0,0,0,0,0,0,0,2860,0,3,34149376,0,8,0,0,0,-1,-1
94510,Tracking Quest,,68011,0,0,-1,0,0,0,0,0,0,0,0,0,0,0,0,2860,0,3,34149376,0,8,0,0,0,-1,-1
94511,Tracking Quest,,68012,0,0,-1,0,0,0,0,0,0,0,0,0,0,0,0,2860,0,3,34149376,0,8,0,0,0,-1,-1
94512,Tracking Quest,,68013,0,0,-1,0,0,0,0,0,0,0,0,0,0,0,0,2860,0,3,34149376,0,8,0,0,0,-1,-1
94513,Tracking Quest,,68014,0,0,-1,0,0,0,0,0,0,0,0,0,0,0,0,2860,0,3,34149376,0,8,0,0,0,-1,-1
94514,Tracking Quest,,68015,0,0,-1,0,0,0,0,0,0,0,0,0,0,0,0,2860,0,3,34149376,0,8,0,0,0,-1,-1
94515,Tracking Quest,,68016,0,0,-1,0,0,0,0,0,0,0,0,0,0,0,0,2860,0,3,34149376,0,8,0,0,0,-1,-1
94516,Tracking Quest,,68017,0,0,-1,0,0,0,0,0,0,0,0,0,0,0,0,2860,0,3,34149376,0,8,0,0,0,-1,-1
94517,Tracking Quest,,68018,0,0,-1,0,0,0,0,0,0,0,0,0,0,0,0,2860,0,3,34149376,0,8,0,0,0,-1,-1
94518,Tracking Quest,,68019,0,0,-1,0,0,0,0,0,0,0,0,0,0,0,0,2860,0,3,34149376,0,8,0,0,0,-1,-1
94536,Tracking Quest,,68036,0,0,-1,0,0,0,0,0,0,0,0,0,0,0,0,0,0,3,33555464,128,8,0,0,0,-1,-1
94537,Tracking Quest,,68037,0,0,-1,0,0,0,0,0,0,0,0,0,0,0,0,0,0,3,33555464,128,8,0,0,0,-1,-1
94538,Tracking Quest,,68038,0,0,-1,0,0,0,0,0,0,0,0,0,0,0,0,0,0,3,33555464,128,8,0,0,0,-1,-1
94539,Tracking Quest,,68039,0,0,-1,0,0,0,0,0,0,0,0,0,0,0,0,0,0,3,33555464,128,8,0,0,0,-1,-1
94540,Tracking Quest,,68040,0,0,-1,0,0,0,0,0,0,0,0,0,0,0,0,0,0,3,33555464,128,8,0,0,0,-1,-1
94541,Tracking Quest,,68041,0,0,-1,0,0,0,0,0,0,0,0,0,0,0,0,0,0,3,33555464,128,8,0,0,0,-1,-1
94542,Tracking Quest,,68042,0,0,-1,0,0,0,0,0,0,0,0,0,0,0,0,0,0,3,33555464,128,8,0,0,0,-1,-1
94543,Tracking Quest,,68043,0,0,-1,0,0,0,0,0,0,0,0,0,0,0,0,0,0,3,33555464,128,8,0,0,0,-1,-1
94544,Tracking Quest,,68044,0,0,-1,0,0,0,0,0,0,0,0,0,0,0,0,0,0,3,33555464,128,8,0,0,0,-1,-1
94545,Tracking Quest,,68045,0,0,-1,0,0,0,0,0,0,0,0,0,0,0,0,0,0,3,33555464,128,8,0,0,0,-1,-1
94546,Tracking Quest,,68046,0,0,-1,0,0,0,0,0,0,0,0,0,0,0,0,0,0,3,33555464,128,8,0,0,0,-1,-1
94547,Tracking Quest,,68047,0,0,-1,0,0,0,0,0,0,0,0,0,0,0,0,0,0,3,33555464,128,8,0,0,0,-1,-1
94548,Tracking Quest,,68048,0,0,-1,0,0,0,0,0,0,0,0,0,0,0,0,0,0,3,33555464,128,8,0,0,0,-1,-1
94549,Tracking Quest,,68049,0,0,-1,0,0,0,0,0,0,0,0,0,0,0,0,0,0,3,33555464,128,8,0,0,0,-1,-1
94550,Tracking Quest,,68050,0,0,-1,0,0,0,0,0,0,0,0,0,0,0,0,0,0,3,33555464,128,8,0,0,0,-1,-1
94551,Tracking Quest,,68051,0,0,-1,0,0,0,0,0,0,0,0,0,0,0,0,0,0,3,33555464,128,8,0,0,0,-1,-1
94552,Tracking Quest,,68052,0,0,-1,0,0,0,0,0,0,0,0,0,0,0,0,0,0,3,33555464,128,8,0,0,0,-1,-1
94553,Tracking Quest,,68053,0,0,-1,0,0,0,0,0,0,0,0,0,0,0,0,0,0,3,33555464,128,8,0,0,0,-1,-1
94554,Tracking Quest,,68054,0,0,-1,0,0,0,0,0,0,0,0,0,0,0,0,0,0,3,33555464,128,8,0,0,0,-1,-1
94555,Tracking Quest,,68055,0,0,-1,0,0,0,0,0,0,0,0,0,0,0,0,0,0,3,33555464,128,8,0,0,0,-1,-1
94575,Correio caracol - Botão-da-paz,,68073,150400,0,-1,0,0,0,0,0,0,0,0,0,0,0,82,4285,0,3,41484288,8192,8,0,0,0,-1,-1
94581,Defenda sua posição,,68077,150460,0,-1,0,0,0,0,0,0,0,0,0,0,50546,109,4311,0,3,37814592,8256,520,0,0,0,-1,-1
94583,Correio caracol - Folha-prata,,68079,150434,0,-1,0,0,0,0,0,0,0,0,0,0,0,82,4285,0,3,41484288,8192,8,0,0,0,-1,-1
94584,Correio caracol - Lótus Preto,,68080,150435,0,-1,0,0,0,0,0,0,0,0,0,0,0,82,4285,0,3,41484288,8192,8,0,0,0,-1,-1
94585,Correio caracol - Zin'antida,,68081,150436,0,-1,0,0,0,0,0,0,0,0,0,0,0,82,4285,0,3,41484288,8192,8,0,0,0,-1,-1
94586,Correio caracol - Raiz-telúrica e Mago Real,,68082,150437,0,-1,0,0,0,0,0,0,0,0,0,0,0,82,4285,0,3,41484288,8192,8,0,0,0,-1,-1
94587,Correio caracol - Sabichão Podre,,68083,150438,0,-1,0,0,0,0,0,0,0,0,0,0,0,82,4285,0,3,41484288,8192,8,0,0,0,-1,-1
94588,Correio caracol - Roupas Recém-lavadas,,68084,150439,0,-1,0,0,0,0,0,0,0,0,0,0,0,82,4285,0,3,41484288,8192,8,0,0,0,-1,-1
94589,Correio caracol - Picante,,68085,150440,0,-1,0,0,0,0,0,0,0,0,0,0,0,82,4285,0,3,41484288,8192,8,0,0,0,-1,-1
94590,Correio caracol - Cítrico,,68086,150441,0,-1,0,0,0,0,0,0,0,0,0,0,0,82,4285,0,3,41484288,8192,8,0,0,0,-1,-1
94591,Correio caracol - Dilatação Temporal Recente,,68087,150442,0,-1,0,0,0,0,0,0,0,0,0,0,0,82,4285,0,3,41484288,8192,8,0,0,0,-1,-1
94592,Correio caracol - Biscoitos,,68088,150443,0,-1,0,0,0,0,0,0,0,0,0,0,0,82,4285,0,3,41484288,8192,8,0,0,0,-1,-1
94593,Correio caracol - Hortelã,,68089,150444,0,-1,0,0,0,0,0,0,0,0,0,0,0,82,4285,0,3,41484288,8192,8,0,0,0,-1,-1
94594,Correio caracol - Ervas,,68090,150445,0,-1,0,0,0,0,0,0,0,0,0,0,0,82,4285,0,3,41484288,8192,8,0,0,0,-1,-1
94595,Correio caracol - Terroso,,68091,150446,0,-1,0,0,0,0,0,0,0,0,0,0,0,82,4285,0,3,41484288,8192,8,0,0,0,-1,-1
94596,Correio caracol - Amadeirado,,68092,150447,0,-1,0,0,0,0,0,0,0,0,0,0,0,82,4285,0,3,41484288,8192,8,0,0,0,-1,-1
94597,Correio caracol - Almiscarado,,68093,150448,0,-1,0,0,0,0,0,0,0,0,0,0,0,82,4285,0,3,41484288,8192,8,0,0,0,-1,-1
94598,Correio caracol - Baunilha,,68094,150449,0,-1,0,0,0,0,0,0,0,0,0,0,0,82,4285,0,3,41484288,8192,8,0,0,0,-1,-1
94599,Correio caracol - Estrangulalga,,68095,150450,0,-1,0,0,0,0,0,0,0,0,0,0,0,82,4285,0,3,41484288,8192,8,0,0,0,-1,-1
94600,Correio caracol - Lírio-tigre,,68096,150451,0,-1,0,0,0,0,0,0,0,0,0,0,0,82,4285,0,3,41484288,8192,8,0,0,0,-1,-1
94601,Correio caracol - Micoflorescência,,68097,150452,0,-1,0,0,0,0,0,0,0,0,0,0,0,82,4285,0,3,41484288,8192,8,0,0,0,-1,-1
94602,Correio caracol - Ervacega,,68098,150453,0,-1,0,0,0,0,0,0,0,0,0,0,0,82,4285,0,3,41484288,8192,8,0,0,0,-1,-1
94603,Correio caracol - Papoula Borbulhante,,68099,150454,0,-1,0,0,0,0,0,0,0,0,0,0,0,82,4285,0,3,41484288,8192,8,0,0,0,-1,-1
94604,Correio caracol - Cachorro Molhado,,68100,150455,0,-1,0,0,0,0,0,0,0,0,0,0,0,82,4285,0,3,41484288,8192,8,0,0,0,-1,-1
94605,Correio caracol - Campo com Esterco Novo,,68101,150456,0,-1,0,0,0,0,0,0,0,0,0,0,0,82,4285,0,3,41484288,8192,8,0,0,0,-1,-1
94606,Correio caracol - Peônia,,68102,150457,0,-1,0,0,0,0,0,0,0,0,0,0,0,82,4285,0,3,41484288,8192,8,0,0,0,-1,-1
94607,Correio caracol - Kafa,,68103,150458,0,-1,0,0,0,0,0,0,0,0,0,0,0,82,4285,0,3,41484288,8192,8,0,0,0,-1,-1
94622,Força na peruca,,68113,0,0,-1,0,0,0,0,0,0,0,0,0,0,22303,0,877,0,2,3145736,0,520,0,0,0,-1,-1
94623,A construção da Forja do Caos,,68114,142233,0,-1,0,0,0,0,0,0,0,0,0,0,0,282,6157,0,2,36700168,8322,520,0,0,0,-1,-1
94625,Um Núcleo Caótico Elemental,,0,150653,0,-1,131073,0,0,0,0,0,0,0,0,0,0,282,4240,0,2,36700168,0,520,94623,94675,0,-1,-1
94627,Tracking Quest,,68118,0,0,-1,0,0,0,0,0,0,0,0,0,0,0,0,0,0,3,36701184,0,8,0,0,0,-1,-1
94630,Força na peruca,,68120,0,0,-1,0,0,0,0,0,0,0,0,0,0,22303,0,877,0,2,3145736,0,520,0,0,0,-1,-1
94631,Tracking Quest,,68121,0,0,-1,0,0,0,0,0,0,0,0,0,0,0,0,0,0,3,36701184,0,8,0,0,0,-1,-1
94632,Tracking Quest,,68122,0,0,-1,0,0,0,0,0,0,0,0,0,0,0,0,0,0,3,36701184,0,8,0,0,0,-1,-1
94633,Tracking Quest,,68123,0,0,-1,0,0,0,0,0,0,0,0,0,0,0,0,0,0,3,36701184,0,8,0,0,0,-1,-1
94635,Força na peruca,,68125,0,0,-1,0,0,0,0,0,0,0,0,0,0,22303,0,877,0,2,3145736,0,520,0,0,0,-1,-1
94636,Força na peruca,,68126,0,0,-1,0,0,0,0,0,0,0,0,0,0,22303,0,877,0,2,3145736,0,520,0,0,0,-1,-1
94637,Força na peruca,,68127,0,0,-1,0,0,0,0,0,0,0,0,0,0,22303,0,877,0,2,3145736,0,520,0,0,0,-1,-1
94640,Correio caracol - Casca Retorcida,,68130,150400,0,-1,0,0,0,0,0,0,0,0,0,0,0,82,4285,0,3,41484288,8192,8,0,0,0,-1,-1
94641,Correio caracol - Cedro,,68131,150434,0,-1,0,0,0,0,0,0,0,0,0,0,0,82,4285,0,3,41484288,8192,8,0,0,0,-1,-1
94642,Correio caracol - Folha-de-fogo,,68132,150435,0,-1,0,0,0,0,0,0,0,0,0,0,0,82,4285,0,3,41484288,8192,8,0,0,0,-1,-1
94643,Correio caracol - Presunto Assado,,68133,150436,0,-1,0,0,0,0,0,0,0,0,0,0,0,82,4285,0,3,41484288,8192,8,0,0,0,-1,-1
94644,Correio caracol - Fjarnskaggl,,68134,150437,0,-1,0,0,0,0,0,0,0,0,0,0,0,82,4285,0,3,41484288,8192,8,0,0,0,-1,-1
94645,Correio caracol - Canela,,68135,150438,0,-1,0,0,0,0,0,0,0,0,0,0,0,82,4285,0,3,41484288,8192,8,0,0,0,-1,-1
94646,Correio caracol - Cravo,,68136,150439,0,-1,0,0,0,0,0,0,0,0,0,0,0,82,4285,0,3,41484288,8192,8,0,0,0,-1,-1
94647,Correio caracol - Noz-moscada,,68137,150440,0,-1,0,0,0,0,0,0,0,0,0,0,0,82,4285,0,3,41484288,8192,8,0,0,0,-1,-1
94648,Correio caracol - Folha-de-sonho,,68138,150441,0,-1,0,0,0,0,0,0,0,0,0,0,0,82,4285,0,3,41484288,8192,8,0,0,0,-1,-1
94649,Correio caracol - Suor de Sete Dias,,68139,150442,0,-1,0,0,0,0,0,0,0,0,0,0,0,82,4285,0,3,41484288,8192,8,0,0,0,-1,-1
94650,Correio caracol - Coco,,68140,150443,0,-1,0,0,0,0,0,0,0,0,0,0,0,82,4285,0,3,41484288,8192,8,0,0,0,-1,-1
94651,Correio caracol - Mel,,68141,150444,0,-1,0,0,0,0,0,0,0,0,0,0,0,82,4285,0,3,41484288,8192,8,0,0,0,-1,-1
94652,Correio caracol - Cheirinho de Chuva,,68142,150445,0,-1,0,0,0,0,0,0,0,0,0,0,0,82,4285,0,3,41484288,8192,8,0,0,0,-1,-1
94653,Correio caracol - Flor-de-raposa,,68143,150446,0,-1,0,0,0,0,0,0,0,0,0,0,0,82,4285,0,3,41484288,8192,8,0,0,0,-1,-1
94654,Correio caracol - Maçã,,68144,150447,0,-1,0,0,0,0,0,0,0,0,0,0,0,82,4285,0,3,41484288,8192,8,0,0,0,-1,-1
94655,Correio caracol - Pêssego,,68145,150448,0,-1,0,0,0,0,0,0,0,0,0,0,0,82,4285,0,3,41484288,8192,8,0,0,0,-1,-1
94656,Correio caracol - Sabonete,,68146,150449,0,-1,0,0,0,0,0,0,0,0,0,0,0,82,4285,0,3,41484288,8192,8,0,0,0,-1,-1
94657,Correio caracol - Bolor Orvalhado,,68147,150450,0,-1,0,0,0,0,0,0,0,0,0,0,0,82,4285,0,3,41484288,8192,8,0,0,0,-1,-1
94658,Correio caracol - Aroma do Vento,,68148,150451,0,-1,0,0,0,0,0,0,0,0,0,0,0,82,4285,0,3,41484288,8192,8,0,0,0,-1,-1
94659,Correio Caracol - Vinho de Goró Nerubiano,,68149,150452,0,-1,0,0,0,0,0,0,0,0,0,0,0,82,4285,0,3,41484288,8192,8,0,0,0,-1,-1
94660,Correio Caracol - Buquê de Fungo,,68150,150453,0,-1,0,0,0,0,0,0,0,0,0,0,0,82,4285,0,3,41484288,8192,8,0,0,0,-1,-1
94661,Correio Caracol - Granito Esmagado,,68151,150454,0,-1,0,0,0,0,0,0,0,0,0,0,0,82,4285,0,3,41484288,8192,8,0,0,0,-1,-1
94662,Correio Caracol - Caramelo,,68152,150455,0,-1,0,0,0,0,0,0,0,0,0,0,0,82,4285,0,3,41484288,8192,8,0,0,0,-1,-1
94663,Correio Caracol - Chocolatoso,,68153,150456,0,-1,0,0,0,0,0,0,0,0,0,0,0,82,4285,0,3,41484288,8192,8,0,0,0,-1,-1
94664,Correio Caracol - Caviar,,68154,150457,0,-1,0,0,0,0,0,0,0,0,0,0,0,82,4285,0,3,41484288,8192,8,0,0,0,-1,-1
94665,Correio Caracol - Grama Recém-cortada,,68155,150458,0,-1,0,0,0,0,0,0,0,0,0,0,0,82,4285,0,3,41484288,8192,8,0,0,0,-1,-1
94673,Tracking Quest,,68163,0,0,-1,0,0,0,0,0,0,0,0,0,0,0,0,0,0,3,36701184,0,8,0,0,0,-1,-1
94674,Tracking Quest,,68164,0,0,-1,0,0,0,0,0,0,0,0,0,0,0,0,0,0,3,36701184,0,8,0,0,0,-1,-1
94675,Forja do Caos reforjada,,68165,150728,0,-1,0,0,0,0,0,0,0,0,0,0,0,282,3320,0,0,36700160,128,520,0,0,0,-1,-1
94735,Força na peruca,,68223,0,0,-1,0,0,0,0,0,0,0,0,0,0,22303,0,877,0,2,3145736,0,520,0,0,0,-1,-1
94736,Força na peruca,,68224,0,0,-1,0,0,0,0,0,0,0,0,0,0,22303,0,877,0,2,3145736,0,520,0,0,0,-1,-1
94738,Força na peruca,,68226,0,0,-1,0,0,0,0,0,0,0,0,0,0,22303,0,877,0,2,3145736,0,520,0,0,0,-1,-1
94790,Console de pesquisa: explorando o Caos,,68265,139380,0,-1,0,0,0,0,0,0,0,0,0,0,0,0,3321,0,2,36732928,0,268436232,93970,0,0,-1,-1
94810,Tracking Quest - Local 17,,68282,0,0,-1,0,0,0,0,0,0,0,0,0,0,0,0,0,0,3,36701184,128,8,0,0,0,-1,-1
94815,HIDDEN QUEST - Special Assignment: The Grand Magister's Drink [DNT],,68284,0,0,-1,0,0,0,0,0,0,0,0,0,0,0,265,3321,0,3,37289984,0,8200,0,0,0,-1,-1
94908,Tracking Quest,,68349,0,0,-1,0,0,0,0,0,0,0,0,0,0,0,0,0,0,3,36766728,0,8,0,0,0,-1,-1
94951,Tracking Quest,,68386,0,0,-1,0,0,0,0,0,0,0,0,0,0,0,0,0,0,3,36766728,0,8,0,0,0,-1,-1
94966,Tracking Quest,,68399,0,0,-1,0,0,0,0,0,0,0,0,0,0,0,0,0,0,3,36766728,0,8,0,0,0,-1,-1
94976,Tracking Quest,,68408,0,0,-1,0,0,0,0,0,0,0,0,0,0,0,0,0,0,3,36766728,0,8,0,0,0,-1,-1
94990,Tracking Quest,,68421,0,0,-1,0,0,0,0,0,0,0,0,0,0,0,0,0,0,3,36766728,0,8,0,0,0,-1,-1
94991,Tracking Quest,,68422,0,0,-1,0,0,0,0,0,0,0,0,0,0,0,0,0,0,3,36766728,0,8,0,0,0,-1,-1
95005,Tracking Quest,,68436,0,0,-1,0,0,0,0,0,0,0,0,0,0,0,0,0,0,3,40895488,0,8,0,0,0,-1,-1
95007,Tracking Quest,,68438,0,0,-1,0,0,0,0,0,0,0,0,0,0,0,0,0,0,3,36766728,0,8,0,0,0,-1,-1
95009,Pisa fundo,,68439,0,0,-1,0,0,0,0,0,0,0,0,0,0,50704,0,877,0,2,33554440,0,1536,0,0,0,1309324210,-1440044374
95045,Tracking Quest,,68465,0,0,-1,0,0,0,0,0,0,0,0,0,0,0,0,0,0,3,40895488,0,8,0,0,0,-1,-1
95046,Tracking Quest,,68466,0,0,-1,0,0,0,0,0,0,0,0,0,0,0,0,0,0,3,40895488,0,8,0,0,0,-1,-1
95054,Tracking Quest,,68473,0,0,-1,0,0,0,0,0,0,0,0,0,0,0,0,0,0,3,33621000,0,0,0,0,0,-1,-1
95091,Tracking Quest,,68493,0,0,-1,0,0,0,0,0,0,0,0,0,0,0,0,0,0,3,36701184,128,8,0,0,0,-1,-1
95146,Tracking Quest,,68534,0,0,-1,0,0,0,0,0,0,0,0,0,0,0,0,0,0,3,36766728,0,8,0,0,0,-1,-1
95175,Ancoragem da defesa,,68563,0,0,-1,0,0,0,0,0,0,0,0,0,0,0,0,4311,0,2,37749064,8256,268435976,92365,0,0,-1,-1
95268,"Novas ferramentas, novas alturas",,68631,0,0,-1,0,0,0,0,0,0,0,0,0,269668,0,282,4240,0,2,36700160,130,520,94675,0,0,-1,-1
95269,Alimentando o Martelo do Vazio,,0,152650,0,-1,131073,0,0,0,0,0,0,0,0,269668,0,282,4240,0,2,36700168,2,520,95268,95271,0,-1,-1
95271,O Martelo do Vazio Ascendente,,68633,152651,0,-1,0,0,0,0,0,0,0,0,0,0,0,282,4240,0,0,36700160,128,520,0,0,0,-1,-1
95279,Núcleos Caóticos Nebulosos: Ouro,,0,152680,0,-1,0,0,0,0,0,0,0,0,0,0,0,0,3320,0,0,36700160,32768,268435976,94675,0,0,-1,-1
95290,Núcleos Caóticos Nebulosos: Silte de Luz Caótica,,0,152680,0,-1,0,0,0,0,0,0,0,0,0,0,0,0,3320,0,0,36700160,32768,268435976,94675,0,0,-1,-1
95304,Núcleos Caóticos Nebulosos: Brasão Auroral do Veterano,,0,152680,0,-1,0,0,0,0,0,0,0,0,0,0,0,0,3320,0,0,36700160,32768,268435976,94675,0,0,-1,-1
95308,Tracking Quest,,68667,0,0,-1,0,0,0,0,0,0,0,0,0,0,0,0,3322,0,3,36701184,0,8,0,0,0,-1,-1
95324,A guerra além das raízes,,68682,152749,0,-1,0,0,0,0,0,0,0,0,0,0,0,282,3321,0,2,36700168,128,512,0,0,0,-1,-1
95373,Uma empreitada nebulosa,,68718,0,0,-1,0,0,0,0,0,0,0,0,0,0,0,282,3320,0,2,36700160,128,520,94675,0,0,-1,-1
95392,Um amigo basta,,68738,153034,0,-1,0,0,0,0,0,0,0,0,0,0,51174,109,3321,0,3,37290240,8192,268435456,0,0,0,-1,-1
95393,Cavernista da salvação,,68739,153034,0,-1,0,0,0,0,0,0,0,0,0,0,51175,109,3321,0,3,41484544,8192,268435456,0,0,0,-1,-1
95394,Liberação da aberração,,68740,153034,0,-1,0,0,0,0,0,0,0,0,0,0,51176,109,3321,0,3,37290240,0,268435456,0,0,0,-1,-1
95395,Até estar concluído,,68741,153034,0,-1,0,0,0,0,0,0,0,0,0,0,51177,109,3321,0,3,41484544,0,268435456,0,0,0,-1,-1
95396,Ritual maculado,,68742,153034,0,-1,0,0,0,0,0,0,0,0,0,0,51178,109,3321,0,3,37290240,0,268435456,0,0,0,-1,-1
95397,Recepção fria,,68743,153034,0,-1,0,0,0,0,0,0,0,0,0,0,51179,109,3321,0,3,37290240,0,268435456,0,0,0,-1,-1
95398,Dissenção e divisão,,68744,153034,0,-1,0,0,0,0,0,0,0,0,0,0,51180,109,3321,0,3,41484544,0,268435456,0,0,0,-1,-1
95399,Estratégias sombrias,,68745,153034,0,-1,0,0,0,0,0,0,0,0,0,0,51181,109,3321,0,3,41484544,0,268435456,0,0,0,-1,-1
95400,Duro de frio,,68746,153034,0,-1,0,0,0,0,0,0,0,0,0,0,51182,109,3321,0,3,37290240,0,268435456,0,0,0,-1,-1
95401,Disfunção de junção,,68747,153034,0,-1,0,0,0,0,0,0,0,0,0,0,51183,109,3321,0,3,37290240,0,268435456,0,0,0,-1,-1
95402,Coletor de gás ignóbil,,68748,153034,0,-1,0,0,0,0,0,0,0,0,0,0,51184,109,3321,0,3,37290240,0,268435456,0,0,0,-1,-1
95403,Um eco duradouro,,68749,153034,0,-1,0,0,0,0,0,0,0,0,0,0,51185,109,3321,0,3,37290240,0,268435456,0,0,0,-1,-1
95404,Ovos numa fria,,68750,153034,0,-1,0,0,0,0,0,0,0,0,0,0,51186,109,3321,0,3,37290240,0,268435456,0,0,0,-1,-1
95413,Engajamento comunitário,,68759,153576,0,-1,0,0,0,0,0,0,0,0,0,0,0,0,4240,0,2,36798472,128,512,0,0,0,-1,-1
95416,O corre dos correios,,68762,153684,0,-1,0,0,0,0,0,0,0,0,0,0,0,0,4240,0,2,36732936,2097280,512,0,0,0,-1,-1
95438,Animais perdidos,,70379,153685,0,-1,0,0,0,0,0,0,0,0,0,0,0,0,4240,0,2,36732936,2097280,512,0,0,0,-1,-1
95440,Chá de casa nova,,68784,153683,0,-1,0,0,0,0,0,0,0,0,0,0,0,1,4240,0,2,36798536,128,512,0,0,0,-1,-1
95450,Tracking Quest,,68794,0,0,-1,0,0,0,0,0,0,0,0,0,0,0,0,0,0,3,40895488,0,8,0,0,0,-1,-1
95549,Ativando alarmes mágicos,,68886,155203,0,-1,0,0,0,0,0,0,0,0,0,271094,0,0,4240,0,2,305135872,128,520,0,0,0,-1,-1
95550,Reduza as fileiras,,68887,155185,0,-1,0,0,0,0,0,0,0,0,0,0,0,0,4240,0,2,36700416,128,520,0,0,0,-1,-1
95552,Investigação do obelisco sombrio,,68889,154642,0,-1,0,0,0,0,0,0,0,0,0,0,0,0,4240,0,2,36700416,128,520,0,0,0,-1,-1
95553,Densidade manifesta,,68890,155192,0,-1,0,0,0,0,0,0,0,0,0,0,0,0,4240,0,2,36700416,128,520,0,0,0,-1,-1
95572,Paspalhice do trovão,,68909,153034,0,-1,0,0,0,0,0,0,0,0,0,0,51477,283,3321,0,3,37290240,0,0,0,0,0,-1,-1
95575,Esporos de mana da floresta,,68912,158245,0,-1,0,0,0,0,0,0,0,0,0,0,51484,109,3321,0,3,37290240,0,268435456,0,0,0,-1,-1
95815,Corrida morro abaixo,,69278,156004,0,-1,0,0,0,0,0,0,0,0,0,0,51672,283,3321,0,3,41484544,0,8,0,0,0,-1,-1
95933,Vestígios nas trevas,,69388,154550,0,-1,0,0,0,0,0,0,0,0,0,0,0,0,3321,0,2,37748736,8192,268435976,0,0,0,-1,-1
96000,Rolezinho de esquife,,69453,158245,0,-1,0,0,0,0,0,0,0,0,0,0,51537,109,3321,0,3,37290240,0,268435456,0,0,0,-1,-1
96048,A hora de atacar,,69490,146080,0,-1,0,0,0,0,0,0,0,0,0,0,0,282,3321,0,2,40894472,4202496,524808,0,0,0,-1,-1
96210,Esfregação problemática,,69640,158245,0,-1,0,0,0,0,0,0,0,0,0,0,52039,109,3321,0,3,37290240,0,268435456,0,0,0,-1,-1
96214,Tracking Quest,,69643,0,0,-1,0,0,0,0,0,0,0,0,0,0,0,0,0,0,3,36701184,128,8,0,0,0,-1,-1
96215,Tracking Quest,,69644,0,0,-1,0,0,0,0,0,0,0,0,0,0,0,0,0,0,3,36701184,128,8,0,0,0,-1,-1
96217,Drenagem de poder esporádica,,69646,158245,0,-1,0,0,0,0,0,0,0,0,0,0,52050,109,3321,0,3,37290240,0,268435456,0,0,0,-1,-1
96223,O chamado dos magísteres,,69654,146080,0,-1,0,0,0,0,0,0,0,0,0,0,0,282,3313,0,2,40894728,8192,512,0,0,0,-1,-1
96268,Esporos de mana do brejo,,69698,158245,0,-1,0,0,0,0,0,0,0,0,0,0,52079,109,3321,0,3,37290240,0,268435456,0,0,0,-1,-1
96269,Roubando pesquisa de devorador,,69699,158245,0,-1,0,0,0,0,0,0,0,0,0,0,52083,283,3321,0,3,41484544,0,0,0,0,0,-1,-1
96272,Esmagar máquinas de mana de cogumelo,,69701,158245,0,-1,0,0,0,0,0,0,0,0,0,0,52082,109,3321,0,3,37290240,0,268435968,0,0,0,-1,-1
96293,Co-vrum-melo!,,69721,158245,0,-1,0,0,0,0,0,0,0,0,0,0,52108,109,3321,0,3,37290240,0,268435968,0,0,0,-1,-1
96295,Uma punição pertinente,,69723,155771,0,-1,0,0,0,0,0,0,0,0,0,0,51289,289,3321,0,3,37323072,8192,268435976,0,0,0,-1,-1
96388,Juntando-se aos Pescadores do Abismo,,69801,150769,0,-1,0,0,0,0,0,0,0,0,0,0,0,282,3321,0,2,36700168,0,512,0,0,0,-1,-1
96400,Corrupção remanescente,,69813,153034,0,-1,0,0,0,0,0,0,0,0,0,0,52163,109,3321,0,3,41484544,0,268435456,0,0,0,-1,-1
96432,Sobrecarga de energia,,69845,158245,0,-1,0,0,0,0,0,0,0,0,0,0,52178,109,3321,0,3,37290240,0,268435456,0,0,0,-1,-1
96433,"A mamãe, não",,69846,153034,0,-1,0,0,0,0,0,0,0,0,0,0,52174,283,3321,0,3,37290240,0,0,0,0,0,-1,-1
96463,Acionamentos de armadilha,,69873,158245,0,-1,0,0,0,0,0,0,0,0,0,0,52198,283,3321,0,3,41484544,0,0,0,0,0,-1,-1
96472,O Capitão do Nexus,,69879,0,0,-1,0,0,0,0,0,0,0,0,0,0,0,1,3321,0,2,40894536,8192,520,96054,0,0,-1,-1
96496,A estrada trilhada apenas uma vez,,69901,156540,0,-1,0,0,0,0,0,0,0,0,0,0,0,0,3321,0,2,40894472,8320,512,96473,0,0,-1,-1
96497,Argumentação espacial,,69902,156541,0,-1,0,0,0,0,0,0,0,0,0,0,0,0,3321,0,2,40894728,8320,520,0,0,0,-1,-1
96522,"Ó capitão! Morra, capitão!",,69927,156576,0,-1,0,0,0,0,0,0,0,0,0,0,51372,289,3321,0,3,37323072,8192,268435976,0,0,0,-1,-1
96547,Enfraqueça as forças inimigas,,69954,158245,0,-1,0,0,0,0,0,0,0,0,0,0,52312,109,3321,0,3,37290240,0,268435456,0,0,0,-1,-1
96548,Pontuação fúngica,,69955,158245,0,-1,0,0,0,0,0,0,0,0,0,0,52314,283,3321,0,3,37290240,0,0,0,0,0,-1,-1
96552,Tracking Quest,,69959,0,0,-1,0,0,0,0,0,0,0,0,0,0,0,0,0,0,3,36766728,0,8,0,0,0,-1,-1
96553,Tracking Quest,,69960,0,0,-1,0,0,0,0,0,0,0,0,0,0,0,0,0,0,3,36766728,0,8,0,0,0,-1,-1
96554,Tracking Quest,,69961,0,0,-1,0,0,0,0,0,0,0,0,0,0,0,0,0,0,3,36766728,0,8,0,0,0,-1,-1
96555,Tracking Quest,,69962,0,0,-1,0,0,0,0,0,0,0,0,0,0,0,0,0,0,3,36766728,0,8,0,0,0,-1,-1
96556,Tracking Quest,,69963,0,0,-1,0,0,0,0,0,0,0,0,0,0,0,0,0,0,3,36766728,0,8,0,0,0,-1,-1
96557,Destroços voando soltos,,69964,158245,0,-1,0,0,0,0,0,0,0,0,0,0,52318,109,3321,0,3,37290240,0,268435456,0,0,0,-1,-1
96600,Abate na cripta,,70004,158245,0,-1,0,0,0,0,0,0,0,0,0,0,52352,109,3321,0,3,37290240,0,268435968,0,0,0,-1,-1
96611,Mitigação da Tempestade,,70010,153034,0,-1,0,0,0,0,0,0,0,0,0,0,52188,283,3321,0,3,41484544,0,268435456,0,0,0,-1,-1
96617,Mitigação da Tempestade,,70016,153034,0,-1,0,0,0,0,0,0,0,0,0,0,52360,283,3321,0,3,41484544,0,268435456,0,0,0,-1,-1
96618,Mitigação da Tempestade,,70017,153034,0,-1,0,0,0,0,0,0,0,0,0,0,52363,283,3321,0,3,41484544,0,268435456,0,0,0,-1,-1
96623,Composto Revirado,,70019,158245,0,-1,0,0,0,0,0,0,0,0,0,0,52377,109,3321,0,3,37290304,0,268435456,0,0,0,-1,-1
96650,Subjugue a Tempestade de Esporos,,70039,158245,0,-1,0,0,0,0,0,0,0,0,0,0,52393,283,3321,0,3,41484544,0,268435456,0,0,0,-1,-1
96651,Subjugue a Tempestade de Esporos,,70040,158245,0,-1,0,0,0,0,0,0,0,0,0,0,52394,283,3321,0,3,41484544,0,268435456,0,0,0,-1,-1
96660,Lançadeira de gavinha dos Destroços,,70044,158245,0,-1,0,0,0,0,0,0,0,0,0,0,52358,283,3321,0,3,37290240,0,0,0,0,0,-1,-1
96668,Subjugue a Tempestade de Esporos,,70051,158245,0,-1,0,0,0,0,0,0,0,0,0,0,52406,283,3321,0,3,41484544,0,268435456,0,0,0,-1,-1
96688,Lançadeira de gavinha da Forjesporo,,70070,158245,0,-1,0,0,0,0,0,0,0,0,0,0,52418,283,3321,0,3,37290240,0,0,0,0,0,-1,-1
96689,Lançadeira de gavinha dos Bivaques,,70071,158245,0,-1,0,0,0,0,0,0,0,0,0,0,52419,283,3321,0,3,37290240,0,0,0,0,0,-1,-1
96691,Lançadeira de gavinha do Ponto de Comando,,70072,158245,0,-1,0,0,0,0,0,0,0,0,0,0,52420,283,3321,0,3,37290240,0,0,0,0,0,-1,-1
96693,Lançadeira de gavinha do Porto do Nexus,,70074,158245,0,-1,0,0,0,0,0,0,0,0,0,0,52421,283,3321,0,3,37290240,0,0,0,0,0,-1,-1
96695,Lançadeira de gavinha dos Cercados de Contenção,,70076,158245,0,-1,0,0,0,0,0,0,0,0,0,0,52422,283,3321,0,3,37290240,0,0,0,0,0,-1,-1
96696,Lançadeira de gavinha do Acampamento,,70077,158245,0,-1,0,0,0,0,0,0,0,0,0,0,52423,283,3321,0,3,37290240,0,0,0,0,0,-1,-1
96697,Lançadeira de gavinha da Costa da Extração,,70078,158245,0,-1,0,0,0,0,0,0,0,0,0,0,52424,283,3321,0,3,37290240,0,0,0,0,0,-1,-1
96698,Lançadeira de gavinha do Pântano,,70079,158245,0,-1,0,0,0,0,0,0,0,0,0,0,52425,283,3321,0,3,37290240,0,0,0,0,0,-1,-1
96699,Lançadeira de gavinha do Topo do Cogumelo,,70080,158245,0,-1,0,0,0,0,0,0,0,0,0,0,52426,283,3321,0,3,37290240,0,0,0,0,0,-1,-1
96725,Centelhas da Guerra: Val,,70106,147396,0,-1,0,0,0,0,0,0,0,0,0,0,50638,0,3313,0,2,35651592,2105344,776,0,0,0,-1,-1
96726,Centelhas da Guerra: Naigtal,,70107,147396,0,-1,0,0,0,0,0,0,0,0,0,0,50639,0,3313,0,2,35651592,2105344,776,0,0,0,-1,-1
96746,Esporasca: Necrocharco,,70125,0,0,-1,0,0,0,0,0,0,0,0,0,0,0,62,6116,0,2,40894536,8192,512,0,0,0,-1,-1
96809,Translocador da Manaforja externo,,70187,157951,0,-1,0,0,0,0,0,0,0,0,0,0,0,0,3321,0,2,40894472,8320,520,0,0,0,-1,-1
96941,Uma punição pertinente,,70311,158242,0,-1,0,0,0,0,0,0,0,0,0,0,51289,289,3313,0,3,37323072,8192,268435976,0,0,0,-1,-1
96942,"Ó capitão! Morra, capitão!",,70312,158244,0,-1,0,0,0,0,0,0,0,0,0,0,51372,289,3313,0,3,37323072,8192,268435976,0,0,0,-1,-1
97031,Despedida em Vilaldoun,,70387,158455,0,-1,0,0,0,0,0,0,0,0,0,0,0,0,3321,0,2,40894464,8192,512,0,0,0,-1,-1
97088,Muito mais a fazer,,70437,158770,0,-1,0,0,0,0,0,0,0,0,0,0,0,284,3321,0,3,104333312,0,4202504,0,0,0,-1,-1
97089,Muito mais a fazer,,70437,158788,0,-1,0,0,0,0,0,0,0,0,0,0,0,284,3313,0,3,104333312,0,4202504,0,0,0,-1,-1
97215,Um golpe suplementar,,70535,159111,0,-1,0,0,0,0,0,0,0,0,0,0,0,0,3321,0,2,40894472,4202496,524800,0,0,0,-1,-1
97256,Sob nova direção (Heroico),,70576,159231,0,-1,0,0,0,0,0,0,0,0,0,0,0,0,3313,0,2,36700424,0,512,0,0,0,-1,-1
